-1.626474	1.747313	-1.151691	-1.618961	-1.386767	0.554607	0.768615	-0.343610	-0.438274	-0.661986	-0.099320	-0.457689	0.283103	0.173323	-0.628776	0.269572	-0.320734	0.282823	-0.473019	-0.134852	0.092247	0.288774	-0.296509	0.035207	0.100083	-0.222694	-0.156048	-0.416211	-0.041689	0.223626	0.121368	0.215620	-0.321585	0.491887	-0.135248	-0.118627	0.023723	-0.369193	0.121757	0.156834	0.028484	0.165242	-0.083655	-0.158556	-0.019806	0.053790	0.376532	-0.545372	0.092912	0.145886	0.264881	-0.116777	0.056693	-0.437358	0.018497	0.112631	-0.001565	-0.037523	-0.180952	-0.209541	0.267006	-0.316578	0.076893	-0.171949	0.211191	-0.254053	-0.105156	0.109193	0.072067	0.334098	0.272456	0.086126	-0.214850	0.132354	0.110375	0.078119	-0.465347	0.203757	-0.181775	-0.071707	-0.029862	-0.193872	-0.028630	0.295865	-0.073286	-0.004337	0.032190	-0.323398	-0.167709	-0.002034	0.055018	0.159804	-0.243329	-0.018592	0.035742	-0.268207	0.047045	-0.139331	0.067110	-0.220593	-0.255640	0.290576	-0.172956	-0.112779	0.061213	-0.273514	-0.137046	-0.207988	-0.289575	0.108053	-0.115081	-0.005188	0.057553	-0.080959	0.074275	0.094439	0.096515	0.125519	0.004698	-0.157055	-0.134536	0.212142	-0.019384	0.098643	0.183515	-0.079681	0.004262	-0.179187
2.498097	0.906598	0.567977	-0.193099	-0.416020	1.656295	1.058582	-0.904582	0.138205	-0.691425	-0.002455	-0.469564	0.298250	0.279623	0.419672	-0.177704	0.004985	-0.271288	0.658371	0.083322	-0.367876	0.117462	0.450012	-0.863720	0.094064	-0.367019	-0.865869	0.936497	-0.034475	-0.010358	0.227072	0.425997	-0.124904	0.098637	0.875039	-0.565541	-0.553755	-0.414639	0.201419	0.790330	-0.130259	0.081425	0.613242	0.413554	-0.250785	-0.296670	0.733274	-0.215278	0.540523	0.375330	-0.145515	-0.252788	0.558645	-0.253061	-0.342722	-0.506477	0.145626	0.372669	0.019939	-0.274736	-0.343881	-0.076612	0.393897	0.601073	-0.063997	0.287320	-0.189116	0.168389	-0.015836	0.006906	-0.161710	0.039239	-0.203191	0.094832	0.275902	0.339586	0.132168	0.020088	-0.001951	-0.213863	0.158163	0.352879	0.105968	0.132285	0.324714	0.471675	-0.371477	-0.200239	-0.143747	0.097683	-0.004317	0.002079	0.262152	0.080489	0.104047	0.014979	0.306096	-0.325033	0.087677	-0.023038	0.131239	-0.260172	0.102836	0.030148	-0.424163	0.210155	-0.284723	-0.256132	-0.085735	-0.196059	-0.087276	0.080971	-0.203819	-0.216398	0.114877	-0.002840	0.076119	-0.124382	0.241403	0.005819	0.028845	-0.129094	-0.304781	0.076486	0.076867	0.036989	0.008149	-0.019557
-0.357849	-0.860700	1.284730	-0.572558	0.244278	0.129263	0.295965	-1.269134	-0.037519	0.091059	1.499275	-0.685496	0.475157	-0.295327	0.516241	0.521019	0.984042	-0.507030	-0.762915	-0.750756	-1.272215	1.260011	0.006379	0.070184	0.823643	0.634721	-0.715788	-0.337054	0.780338	-0.088637	0.000192	-0.165320	0.404684	-0.102016	0.401447	0.083044	-0.673361	0.790730	-0.053336	0.053281	0.500336	0.153473	-0.707310	-0.653556	0.862125	-0.023725	0.079392	-0.288156	0.299050	0.689426	0.016053	-0.317122	-0.406815	0.088662	0.224483	0.143208	-0.078923	0.256196	0.377606	-0.036784	0.273551	0.582011	0.035260	-0.174332	-0.402656	-0.521485	-0.044696	0.585492	-0.007152	-0.267585	-0.399927	0.223683	0.229106	-0.314664	-0.123484	0.077502	0.092205	0.048704	-0.112502	0.051280	-0.123585	0.098523	-0.160666	0.146891	0.107430	0.038936	-0.120567	0.068494	-0.128874	0.275114	0.374651	0.050784	0.030029	0.157593	-0.013856	0.173357	0.043939	0.083085	0.484802	0.014245	-0.162380	0.017836	-0.097430	-0.112566	0.047592	-0.043694	0.007677	-0.172306	0.224824	-0.254751	0.178971	0.187348	-0.015693	0.069968	-0.182808	-0.049983	-0.105905	0.047088	0.252833	0.092527	-0.057881	0.021194	0.321486	0.186405	0.039676	-0.257357	0.035610	-0.035882
-1.052535	0.833579	-1.112035	-0.901868	-0.725784	1.072703	-1.327011	-1.290735	0.041388	0.620636	-0.156468	-0.309033	-0.246953	0.509589	-0.183414	-0.070284	-0.261373	-0.241419	-0.452966	-0.043061	-0.296708	0.798850	-0.144808	0.296207	-0.208051	0.063006	-0.225405	0.016465	-0.406458	0.030845	-0.413731	0.002877	0.566021	-0.108897	0.382514	0.112702	-0.514802	0.419887	-0.327854	-0.190995	0.129006	0.105382	0.076198	0.060956	-0.090640	0.092132	0.049654	-0.012306	0.307787	-0.007911	-0.186869	0.146153	0.186510	0.081722	0.344620	-0.330368	0.185997	0.116033	-0.098038	-0.326503	-0.068677	0.291262	0.050054	-0.028870	0.241921	0.037231	-0.007359	-0.019456	-0.094917	0.150609	-0.250221	-0.436452	-0.070157	-0.273748	0.037932	0.305075	0.051896	-0.211551	0.002510	-0.002821	0.164819	0.040366	0.150917	-0.138773	-0.193465	0.002914	0.195414	0.147094	-0.266717	0.193771	0.097360	-0.121116	-0.034727	-0.139891	0.072084	-0.004301	0.076167	-0.017718	0.066074	0.208480	0.057044	0.220284	-0.370847	0.193031	0.140975	-0.005523	-0.146977	-0.149732	-0.130075	-0.090827	0.035153	-0.024389	-0.346853	0.049217	0.187214	0.091286	-0.043167	0.060217	0.034872	0.196986	0.068999	0.047558	-0.069733	-0.133206	0.100864	0.061596	-0.125714	0.058645
-1.009905	0.430315	0.696092	1.449393	0.891900	0.789456	-1.175785	-1.557357	0.979163	0.179210	-1.144448	-0.602292	0.644059	0.233515	0.252048	-0.502609	-0.688705	-1.656047	-0.313722	1.126620	-0.006188	-0.110693	0.119013	1.148675	1.048594	0.059167	-0.343987	-0.426720	-0.234956	0.211136	0.029104	0.106992	-0.528740	-0.286285	-0.806646	0.402956	-0.504336	-0.144464	0.732035	-0.166709	0.349462	-0.233753	-0.446746	0.073589	-0.118883	-0.081648	0.147895	-0.089101	0.143718	-0.335124	0.220590	0.076955	0.176397	0.116334	0.120163	0.079331	0.053161	0.169036	-0.022733	-0.412126	0.316208	0.470143	0.227225	-0.207812	-0.096938	0.019865	0.143704	0.194473	-0.224727	0.124522	0.037790	0.325045	-0.360545	0.268399	0.123854	0.087166	0.024585	-0.086931	0.165083	0.015958	0.026960	-0.000866	-0.138978	0.123340	0.120496	-0.186585	0.246410	0.054842	0.065737	-0.266485	-0.063026	-0.103285	0.104665	-0.002825	0.006184	-0.088186	0.030268	-0.243576	-0.180456	0.338425	-0.013244	0.198301	0.161648	-0.172575	0.012208	-0.011793	0.050117	-0.038604	-0.211851	0.140560	0.057725	0.017411	0.174747	0.082600	0.163743	-0.058725	-0.143914	0.051077	0.148231	0.144523	-0.051861	-0.209688	-0.125606	0.096127	0.021720	-0.034867	-0.233568	0.063746
-0.495178	-1.692440	1.863339	-0.632491	0.583089	-0.168448	0.709080	0.641411	-0.099308	-0.306386	-0.535819	0.149633	-0.165389	0.051807	-1.075438	-0.300684	-0.299722	0.485830	0.021646	0.198824	-0.654807	-0.119333	0.037280	-0.006367	-0.174308	0.265329	-0.227247	0.124840	-0.186299	0.646549	-0.146639	-0.072648	-0.340547	-0.117090	0.007256	-0.199834	-0.499700	-0.013768	-0.065738	0.056859	-0.464395	-0.047828	0.011303	0.101294	0.261740	-0.090926	0.108346	0.269531	0.049872	0.059021	-0.102518	0.015569	0.144381	0.018124	0.344682	0.020317	-0.191823	0.189845	-0.142424	0.353960	0.245435	0.141830	-0.134990	0.067767	0.213034	-0.051501	0.337766	-0.003099	0.098971	0.234593	0.100586	0.219660	-0.239741	0.099520	-0.173366	-0.040334	-0.198920	-0.094159	-0.119808	0.029861	-0.088721	0.104476	0.104019	0.067304	-0.101442	0.166449	0.162289	-0.012888	-0.030211	-0.064032	0.120994	-0.085374	0.032551	0.032340	-0.108258	-0.041838	0.013406	0.061141	0.193505	-0.011354	-0.188139	-0.049130	-0.162831	0.225877	0.212554	0.046991	-0.104315	0.139940	-0.210232	0.117691	0.029991	-0.159316	0.263903	-0.194042	0.075974	-0.103119	0.165130	-0.047649	0.016470	0.226425	-0.265310	-0.068263	0.035374	-0.141326	0.086343	-0.037861	0.083589	-0.047039
-2.156437	-2.131674	-1.088328	-0.347685	2.567533	0.359437	0.153956	-0.204440	0.277667	0.006013	0.442506	0.221343	-0.401435	0.720968	-0.999981	-0.192696	-0.376146	0.150606	0.402446	0.160185	-0.346550	0.531565	0.088049	0.511575	-0.114641	0.999705	0.291583	-0.108591	0.446582	0.349842	-0.375255	-0.207949	-0.376254	0.401373	0.256743	-0.014431	-0.314419	-0.408402	-0.318955	0.024023	-0.424935	0.072959	-0.408309	-0.193524	-0.046609	-0.066120	0.422409	0.017811	-0.012402	0.004800	0.669598	0.301522	0.192236	-0.287160	0.123352	-0.241547	0.251474	0.306125	-0.013078	0.179652	-0.133528	0.324216	-0.042476	-0.002664	0.154846	-0.026025	-0.182176	0.194930	0.207911	-0.112017	0.413982	0.307934	0.025360	0.009668	0.456598	-0.121047	0.050960	0.147066	-0.296404	0.135212	0.179012	-0.064606	0.326534	0.091052	0.105246	0.001721	0.073748	0.181099	-0.172505	0.175791	-0.136365	-0.016774	-0.081284	0.162828	-0.303675	-0.327748	0.250428	0.065685	0.348636	-0.175301	0.072193	-0.209583	0.272336	-0.027716	0.170250	0.090440	0.153986	0.043839	-0.026435	-0.055000	0.034946	-0.266030	0.107356	0.134821	0.096467	-0.088906	0.046166	0.176183	0.150817	-0.087075	-0.099844	-0.081770	0.034718	-0.276945	0.113800	0.019766	0.000936	0.103918
2.836712	-1.005139	-0.086584	-0.531900	0.494901	0.204205	1.395128	0.452435	0.402568	-0.260217	0.121322	-0.328158	0.232375	0.020146	-1.259958	-0.481761	0.176923	-0.393071	0.068718	-0.251533	-0.137173	-0.550453	0.194626	0.511966	0.213252	0.135643	0.027975	0.316898	-0.018310	0.039066	0.115325	0.399118	-0.046069	-0.659759	-0.637873	0.419907	0.183057	0.463648	0.019973	-0.301442	0.392835	0.018246	-0.030205	0.038389	-0.466520	-0.089553	0.117768	-0.254994	0.172204	0.018232	-0.078886	-0.123396	0.140818	0.182664	0.183599	-0.150917	0.053616	0.270559	0.243285	0.066127	-0.107622	0.410324	-0.301868	-0.178378	0.211205	0.386143	-0.154913	0.006092	0.273796	0.212584	0.118298	-0.147969	-0.175359	-0.048328	-0.003807	-0.021917	-0.105761	0.118644	0.177628	-0.253924	-0.003667	0.339362	0.346392	0.258415	0.266367	0.135080	-0.222181	-0.402437	-0.175074	0.056931	0.101774	0.137404	0.145067	0.083869	-0.403756	-0.023130	0.086845	-0.172039	-0.223301	-0.348771	-0.033497	-0.266236	0.048001	0.273286	-0.082687	0.014016	0.121281	0.218959	0.086709	0.240629	0.013706	-0.030970	-0.028995	0.094316	-0.116379	-0.155847	-0.021612	0.099616	0.108194	0.263486	0.151503	0.047589	0.047688	0.078327	-0.004822	0.039599	0.096446	0.025418
2.683145	-1.025800	-0.916890	-0.918145	0.565261	-0.134056	1.044891	0.224656	-0.115134	0.206168	-0.030520	-0.334194	-0.332018	-0.753562	0.150182	0.299887	-0.021312	0.012042	0.032679	-0.173593	-1.004101	-0.451524	0.044363	0.147536	0.120788	0.177190	-0.374001	-0.051035	-0.467272	0.119286	-0.358151	0.664721	0.508479	-0.030460	-0.292968	0.237225	0.151981	-0.246481	0.260019	0.292747	0.052785	0.631942	-0.405571	0.752903	-0.228232	0.149055	0.161298	0.482558	-0.301073	0.091956	0.014645	0.206524	0.135776	-0.174408	0.100200	-0.002391	0.170184	-0.098909	0.283579	0.100998	0.018825	-0.167775	-0.067414	-0.085525	0.349180	0.113856	0.141659	-0.008080	-0.220399	0.059799	-0.365146	0.360374	-0.235578	0.499647	0.390642	-0.132984	-0.093186	-0.130631	0.101840	-0.143751	-0.100236	-0.171603	-0.267165	-0.180723	-0.088350	-0.010666	-0.206054	-0.007102	-0.094300	-0.101528	-0.103480	0.118998	-0.297917	0.413287	0.034966	-0.183506	0.050486	0.132477	0.280363	0.121657	-0.088964	0.148948	0.038374	0.114000	-0.125699	0.105771	-0.088640	0.033748	-0.122045	-0.003234	0.180583	-0.143851	-0.067585	0.118802	-0.002254	-0.160563	-0.048852	0.055097	0.070456	-0.038617	-0.003962	0.102189	-0.161409	0.045299	-0.035510	0.081417	-0.087137	-0.010400
-1.002248	-2.397686	-0.302651	1.056177	-1.141899	0.532727	0.514019	-0.063103	0.357667	0.091766	-0.252063	-0.144904	0.302054	-0.506143	0.530538	-0.465346	0.105748	0.133539	-0.665404	-0.300695	0.119312	0.214773	0.058041	-0.109597	-0.041257	-0.036239	-0.144252	0.017478	-0.041085	-0.178398	-0.378039	0.332241	-0.003866	0.158171	-0.342821	0.048287	0.054779	-0.186131	-0.415524	0.296227	0.020825	-0.024758	0.029347	0.017346	-0.390252	-0.171987	-0.192352	-0.169321	0.571403	0.530605	0.141036	-0.059350	0.121495	0.048702	0.269460	-0.072490	0.143486	-0.128314	0.105734	0.258937	0.026321	0.068644	-0.083396	-0.117876	-0.160743	0.168764	0.351569	0.247001	-0.078077	0.412494	-0.035249	0.114467	-0.286668	-0.069145	0.108538	-0.137987	0.079490	-0.029899	-0.136133	0.003198	0.084052	0.006990	-0.024995	0.156695	0.084628	0.060281	-0.161367	-0.098118	0.269549	0.193708	0.172709	-0.075576	0.082876	0.121739	0.021643	-0.086692	-0.137457	-0.088243	-0.087628	-0.090261	0.169147	0.206255	0.139185	0.128722	-0.084574	0.117009	-0.075854	-0.065790	-0.183745	0.097106	0.005147	-0.045229	0.024758	0.120883	0.074121	-0.010464	0.341425	0.098127	-0.070549	0.086418	-0.002529	-0.113639	-0.010383	-0.069656	0.050320	0.061416	-0.101358	0.229611
-1.461017	-1.880091	-0.774783	-1.340567	2.347967	-0.362763	0.289589	-0.114345	0.395794	-0.146812	-0.183369	0.178558	-0.240640	0.032191	0.146793	-0.610337	-0.236555	0.774756	-0.454922	0.118548	0.235875	0.616474	0.212372	-0.436093	-0.067005	0.641965	0.000547	0.070514	-0.415218	0.104855	-0.249972	0.039570	-0.104108	0.158780	-0.027983	0.186928	-0.250872	-0.021226	-0.268122	-0.012768	0.194728	0.096942	0.119109	0.234760	-0.171884	-0.352342	-0.153824	0.053536	0.248650	0.292428	0.588738	-0.065106	0.081072	-0.213497	-0.105285	0.048755	0.195089	0.111893	-0.005897	-0.135767	-0.039372	-0.108624	-0.295956	0.137745	-0.217135	0.056827	0.063055	0.192297	-0.152639	0.062179	-0.144489	0.012926	0.030830	0.310943	0.047772	0.087715	0.065733	-0.138040	0.025267	0.070321	-0.280515	0.031189	-0.175987	-0.108238	-0.218858	0.224050	-0.072448	0.040528	0.105757	-0.129396	0.076321	0.057096	0.003549	-0.058137	0.061292	0.019221	-0.207421	0.030914	0.027480	-0.036077	0.064713	0.264613	-0.091921	-0.203138	0.017306	-0.047240	-0.057941	0.137484	-0.127518	-0.112767	0.084565	0.080880	-0.016821	0.143358	-0.054982	0.067401	0.149255	-0.022192	-0.130709	0.136053	-0.037332	0.052039	-0.047622	-0.139024	0.020278	-0.194891	0.001544	-0.022333
-1.416432	1.115703	-0.866499	-1.050953	-0.792654	-0.354437	0.552997	-0.193868	0.240518	0.479484	-0.537070	0.808917	0.167039	-1.047294	0.365979	0.238089	-0.219205	-0.038910	0.128678	0.001299	-0.185140	0.486844	-0.091964	0.313600	-0.530286	0.567629	-0.490131	-0.372970	0.068082	0.093815	-0.009901	0.315525	-0.022684	0.481538	-0.316126	-0.086437	-0.686003	0.142657	-0.258189	0.144710	0.099857	0.143028	0.155306	-0.141175	-0.281591	-0.149172	-0.360807	-0.147913	-0.237858	-0.015871	0.485738	-0.020571	-0.249976	-0.061325	-0.054877	0.109356	-0.282914	0.177926	0.271324	-0.086633	0.112809	-0.038602	-0.041488	0.458227	0.087986	0.261235	-0.137071	0.129074	-0.027571	-0.103558	0.187588	0.351115	-0.173506	-0.067808	-0.052528	-0.166953	-0.132605	0.065879	0.021724	-0.077002	-0.094000	0.199900	-0.148356	0.047142	-0.024637	0.066080	0.174047	0.110804	0.086209	-0.035583	0.082773	-0.085878	-0.055305	0.058913	-0.101327	0.033631	0.025691	-0.091772	0.211174	0.214303	0.065111	0.139508	0.285004	0.031922	-0.238073	0.181243	-0.061948	0.232072	-0.105694	-0.144897	-0.091593	0.143859	0.066687	-0.162539	-0.036096	-0.009537	0.146323	-0.194549	-0.051038	0.074973	-0.128800	0.196865	0.133130	0.117774	0.098090	-0.158356	0.109741	-0.142265
-1.003301	1.590654	-0.291413	-1.198372	-0.324932	-0.507669	-0.044822	1.129614	-0.267802	-0.753502	0.400835	-0.045175	0.698619	0.559615	0.400046	0.888128	-0.049952	-0.267464	-0.192745	-0.569393	0.228703	0.127499	-0.402763	-0.255296	0.079263	0.524549	0.227589	0.118246	-0.158394	-0.620909	-0.404375	0.701535	-0.421644	-0.132413	-0.055143	-0.279266	0.045671	0.131497	-0.339759	-0.150887	0.136478	-0.464520	-0.345631	-0.056911	-0.583454	-0.042540	-0.191649	0.036870	-0.034046	-0.189097	0.234384	0.174927	-0.192464	0.027314	0.422249	-0.068082	-0.174026	0.034112	-0.141421	-0.122638	0.043519	0.116858	-0.377481	0.274244	0.127719	-0.068549	0.134514	0.268335	-0.404820	0.071785	-0.217120	-0.175065	0.271022	0.015227	-0.102793	-0.007589	-0.325766	0.025871	-0.109879	0.007092	0.074984	0.409446	0.034324	0.324249	0.152106	0.112310	-0.189815	0.175369	0.097133	-0.246081	-0.242137	-0.120685	0.204936	-0.026787	-0.078816	-0.164234	-0.032052	0.058372	-0.232098	0.285137	-0.200500	-0.081946	0.076734	-0.102620	0.196026	-0.030604	0.045869	0.186547	0.161549	0.123032	-0.071666	-0.402022	-0.092314	-0.196091	-0.012478	0.042361	0.140589	0.062993	0.164138	0.038227	0.118573	-0.054852	-0.211600	-0.043756	0.121806	0.014213	-0.000877	0.071907
-0.629775	2.075819	0.812747	0.141365	0.283094	-1.341977	-0.514134	1.437780	0.220505	-1.238362	-0.004336	-0.722184	0.189854	0.099332	0.626026	-0.037628	0.612065	0.330659	-0.241399	-0.522144	-0.526809	0.004509	-0.057892	-0.180236	-0.186136	-0.048266	0.579889	0.734735	-0.088053	-0.458014	-0.264027	0.813224	-0.565717	-0.093242	0.034811	-0.109634	-0.449590	-0.060844	-0.491536	0.215861	0.179928	-0.034093	-0.374794	-0.015649	-0.673512	0.362193	-0.091303	0.244044	0.223989	0.080337	0.019140	-0.042522	0.188134	0.104546	0.267389	-0.042170	-0.014563	-0.109052	-0.089591	-0.124995	0.142664	0.088363	0.198184	-0.285903	-0.030015	-0.050757	-0.051578	0.342898	0.134104	-0.036832	0.061801	0.037083	0.105950	0.190462	0.199963	0.079865	-0.001345	-0.218191	0.027727	-0.083277	-0.114072	0.062705	0.117275	-0.035550	-0.039079	-0.077684	0.057433	0.125822	-0.097011	-0.037948	0.128715	0.172530	-0.049551	0.033235	0.119965	-0.083089	-0.184936	-0.191854	0.257202	-0.041204	0.093374	-0.072418	0.226250	0.052705	0.089347	0.119991	0.100621	-0.008004	-0.029013	-0.118569	0.204943	0.151071	0.277577	-0.093332	-0.051470	0.009411	0.159773	0.020512	-0.277312	0.210559	-0.023116	-0.003504	-0.022963	0.067628	-0.017579	-0.078134	0.039716	-0.030170
-2.040707	0.863496	-1.322885	-0.687941	1.012356	0.907637	-0.759182	0.951282	0.196659	0.159696	0.801997	-0.158958	0.740145	-0.840081	0.395289	-0.300927	-0.508806	-0.027382	0.076604	-0.461338	-0.422875	0.064016	0.079623	-0.040589	-0.325641	0.077287	-0.026795	0.272484	0.229556	-0.026506	0.169363	0.007356	0.049424	0.255516	-0.384976	0.111182	-0.141000	-0.083314	0.121249	0.168743	-0.029985	0.354202	0.439274	0.280923	-0.095066	-0.379331	0.012968	-0.263424	-0.219615	0.336537	0.514136	-0.058474	0.181660	0.031777	0.313654	0.152755	-0.145758	0.013756	-0.161153	-0.198164	0.028490	-0.008364	-0.268403	-0.302341	-0.215264	0.151208	-0.011183	0.277674	0.107171	0.088207	0.095754	-0.016238	0.229995	-0.057140	-0.072183	-0.269953	-0.243017	0.172774	-0.023874	-0.051118	-0.214477	-0.016612	0.088561	0.014555	-0.165957	-0.006671	-0.057879	-0.210513	0.278197	-0.159101	0.239285	0.063559	-0.116637	-0.015306	-0.364696	0.033628	-0.264478	0.119392	-0.125829	0.139426	-0.063934	-0.200654	-0.024499	0.265946	0.157571	0.121964	0.136179	-0.166724	-0.027935	0.135472	-0.028858	0.061891	-0.226440	-0.030731	-0.034282	-0.026022	-0.142903	0.048825	-0.031920	0.141719	-0.155967	0.056295	-0.148733	-0.128686	-0.105273	0.099209	-0.019880	0.068012
-1.393729	-2.071580	-0.877708	-0.973124	2.084607	-0.414173	0.816438	-0.192153	0.822074	-0.074794	0.397549	-0.245362	-0.490079	0.357414	0.053979	-0.550408	0.086612	0.392478	0.026522	0.193894	0.213279	0.765322	0.035513	-0.723402	-0.041023	0.097860	0.189691	0.033691	-0.508646	-0.090155	0.132943	0.001700	-0.081462	-0.346382	-0.058231	0.709760	-0.245154	0.103581	-0.042426	0.276636	0.244731	-0.017478	-0.009089	0.036361	-0.106572	0.091385	-0.020179	-0.046495	0.504948	0.203673	-0.288545	-0.020091	-0.064214	-0.204974	-0.413772	0.205210	0.436150	-0.233700	0.041493	-0.217069	-0.079701	0.124077	-0.139264	0.323645	-0.139672	-0.063103	-0.044179	0.373599	-0.414793	-0.264312	-0.083940	-0.138836	-0.068293	0.124869	-0.063407	-0.137900	0.049649	-0.086350	0.084357	0.286205	0.016054	0.100932	0.052156	-0.058246	-0.209505	-0.187633	-0.098154	-0.020636	0.270200	0.008563	-0.330965	-0.013493	0.033756	0.044826	-0.008850	0.021676	0.125322	0.365503	-0.167521	-0.114813	0.026548	0.133090	0.237608	-0.034599	0.221958	-0.097972	0.442556	0.058691	-0.114113	-0.261060	-0.108897	-0.112060	0.062599	0.050648	0.041795	0.002585	-0.298100	-0.198485	0.075920	-0.056974	0.009572	0.130957	-0.226081	0.085631	0.261073	-0.054906	-0.169072	-0.035519
2.590413	1.179930	0.122940	0.837160	0.111376	0.598981	-0.086514	-0.009486	-0.314536	-0.529499	0.116581	1.512557	-0.515377	0.841634	-0.776204	-0.426253	0.727846	-0.022860	-0.342475	0.459690	0.369898	-0.463971	0.108551	-0.550112	0.256545	-0.074946	0.875065	0.657204	0.359642	0.417886	-1.157575	0.300518	-0.206169	0.051997	-0.540785	-0.022166	0.080025	0.107394	-0.248381	0.390403	0.649337	-0.136228	0.288605	-0.085712	0.198763	-0.108268	-0.404129	-0.229497	-0.381303	0.472132	0.067201	0.160950	-0.027316	0.463511	-0.211620	-0.228968	-0.145246	-0.170413	0.359024	-0.501033	-0.396049	0.338813	0.112768	-0.171599	0.180872	-0.216787	0.302373	0.257769	0.171987	-0.158801	0.262210	-0.223611	-0.346821	0.130670	-0.198783	-0.211985	-0.327542	-0.013353	0.089847	0.273093	-0.118802	0.284810	0.217177	-0.150163	-0.000684	-0.268990	0.076888	0.114971	-0.379129	-0.021189	0.297206	-0.078079	0.132113	0.196346	0.096937	0.134697	-0.442968	-0.172896	0.303137	0.049697	0.244050	0.184608	-0.079103	-0.040542	-0.246771	0.158008	0.119190	0.003676	0.029104	0.145587	0.080404	0.041624	-0.086326	-0.041623	0.322571	-0.055318	-0.283948	0.057507	0.066618	-0.237378	0.003280	0.166256	-0.015744	-0.110816	-0.233145	0.026230	0.279843	0.003973
1.355612	0.955908	-0.993375	2.721589	0.560136	-0.119239	0.585725	-1.053010	0.377575	-1.321338	-0.029111	1.026710	-0.297869	0.598562	0.274218	1.271067	-1.008539	1.132914	0.183694	-0.276024	-0.674288	0.530397	-0.172146	-0.316094	-0.048149	-0.273399	-0.324083	0.286412	0.365834	-0.118201	0.384272	0.228899	0.075025	-0.158575	-0.256954	0.021106	0.401663	-0.262554	-0.245061	-0.192595	0.449641	-0.108695	0.204195	0.555552	0.380498	0.157284	0.146536	-0.035756	-0.017009	0.186238	0.113299	0.412671	0.004223	0.234667	0.150654	0.014656	-0.361835	0.211460	0.300181	-0.146532	0.021531	0.057958	0.344172	-0.494777	-0.121977	0.081489	-0.083388	0.114809	-0.339473	-0.292630	0.172239	-0.101455	-0.081570	-0.087780	-0.080177	-0.065477	-0.071587	0.117815	-0.229044	0.031484	0.457689	-0.342892	-0.069027	-0.036693	0.109547	0.071227	-0.274523	0.069155	-0.085198	0.219036	0.039990	0.119762	-0.050570	-0.097429	-0.384077	-0.134036	0.073448	0.061694	-0.412806	0.503694	-0.041841	0.012674	-0.152752	-0.045447	0.195009	-0.020670	0.116058	-0.144613	0.087601	-0.149664	-0.019685	0.308194	0.178931	0.018206	-0.083439	-0.118837	0.053294	0.072787	-0.213296	0.216908	-0.066966	0.157544	-0.029298	0.045160	0.001115	-0.268339	0.005562	0.067555
-1.372686	0.914011	-0.827135	-0.682233	0.075674	0.230667	0.559766	-0.442232	0.921736	0.105326	-0.932644	0.537997	0.375337	0.418344	-0.253875	0.801325	0.315188	0.853547	0.673247	-0.256351	0.254973	0.476826	0.758298	0.367793	0.137667	-0.042656	0.142416	-0.091994	-0.495541	-0.169936	-0.121109	-0.014917	0.377580	0.056827	-0.152299	-0.227605	0.172217	0.158626	0.212991	0.212677	-0.029530	0.068424	-0.325473	0.136991	-0.163023	-0.318909	-0.064214	-0.342669	0.393234	0.028850	-0.195956	0.191201	0.362537	0.200104	-0.184083	0.150040	-0.053909	-0.263025	-0.156805	-0.399922	-0.280299	0.203226	0.231311	-0.352528	-0.289443	-0.039548	-0.166158	-0.203916	-0.176382	0.197181	0.218776	-0.133907	-0.062945	0.029730	0.249775	0.052213	0.006673	-0.159990	0.013096	0.140543	0.052221	-0.123926	0.039044	-0.251236	-0.041024	-0.065126	-0.051452	-0.287343	0.016354	0.029203	-0.059817	0.098072	-0.072558	-0.020267	-0.068437	-0.117949	0.063933	-0.142600	0.233471	-0.149072	-0.369169	0.116423	-0.006410	0.213010	0.012694	0.196555	0.102270	-0.067323	0.107897	-0.273347	0.014005	-0.246989	0.022881	0.230523	-0.031667	0.017637	-0.027374	-0.166288	-0.086482	-0.150613	-0.102264	-0.145276	0.189254	-0.122918	-0.090767	0.196100	0.042557	-0.009615
-0.446573	1.418013	0.735046	0.309164	0.812409	-1.187595	-1.062324	0.245693	-0.456006	0.895814	0.888192	-1.177482	-0.408082	-0.627254	-0.381107	1.148114	0.248104	0.040006	-1.010276	0.634581	-0.115482	0.729910	0.012281	-0.192258	-0.164716	0.476214	-0.020458	-0.375143	-0.220366	0.637619	0.307354	0.011197	-0.351565	0.380339	-0.132212	-0.148179	-0.054582	0.003008	0.493931	0.250089	0.173409	0.250654	0.674709	0.007865	-0.490444	0.022550	-0.212833	-0.044021	0.076065	0.128613	0.148478	0.159981	-0.078273	-0.114472	0.263052	0.092125	0.064069	0.088753	0.368099	0.397557	-0.133973	-0.027464	0.210326	-0.228962	-0.108954	0.130568	0.011874	0.147189	-0.118251	0.334944	-0.171849	0.199606	-0.202308	0.112606	-0.190835	0.341440	0.115887	-0.049831	0.233715	0.052044	0.257472	0.225376	0.146020	0.208864	-0.070842	0.075787	-0.088989	-0.198799	-0.179244	-0.117890	0.222345	-0.116469	0.055080	0.082201	0.224712	-0.028407	0.027178	0.073457	-0.105522	0.032606	-0.098350	-0.129957	0.197622	0.174612	0.065930	0.031718	-0.068930	0.328674	0.002107	-0.044450	-0.057184	-0.043214	-0.008033	-0.034718	-0.071669	0.102048	0.176359	0.099907	0.005907	-0.059844	0.096118	0.015796	-0.047874	0.239742	-0.016943	0.114195	0.060223	-0.144563
2.340710	1.214488	-0.325373	1.424776	-0.012097	-0.213207	-0.848075	0.932960	-0.255118	1.027484	0.640860	-0.054212	-0.718636	0.050246	-0.916728	0.530920	-0.666910	-0.074270	-0.594913	0.013825	-0.315168	0.672572	0.391343	-0.258372	-0.164287	-0.083834	0.429110	-0.042724	0.081432	0.679374	-0.085862	0.097956	-0.192726	-0.087877	-0.258840	0.321286	0.298169	-0.445722	0.335957	0.527589	-0.084646	0.284429	0.773879	0.304494	-0.481900	0.212029	-0.191175	-0.083058	0.244208	0.045160	-0.097641	0.566446	-0.090088	-0.528502	-0.135381	-0.104168	0.239385	-0.070968	0.481521	-0.010781	0.263618	0.044875	0.161405	-0.062212	-0.311371	-0.031688	0.016014	-0.209006	-0.338748	-0.033238	0.065384	-0.015837	-0.025691	-0.107285	-0.043888	0.042491	0.086366	0.245129	-0.027381	0.292342	0.243811	-0.164478	0.084099	-0.017724	-0.003770	0.025623	-0.010628	0.222021	0.098610	0.067707	0.148353	0.124614	0.230374	0.084704	0.173093	0.059159	-0.115454	0.049748	-0.002175	-0.146892	-0.110531	-0.144731	-0.190625	-0.290501	-0.122378	-0.261689	0.094071	0.319605	0.331771	-0.064361	0.094579	-0.059144	0.105179	0.148280	-0.004434	-0.101810	0.042303	0.073576	0.099672	-0.094003	-0.106900	-0.162645	0.291291	0.022579	-0.016632	-0.085238	-0.086544	0.019284
-0.695065	1.606647	1.347878	0.467973	1.319731	-0.930519	0.113780	0.284974	-1.774925	-0.197992	1.003061	0.510677	-0.629702	-0.326290	0.113961	0.594608	-0.706618	-0.108962	-0.151547	0.301449	0.318670	-0.132385	0.632340	0.483912	-0.217425	-0.110613	0.345086	-1.011701	-0.520994	0.563498	-0.135076	0.211109	-0.028872	-0.103096	-0.120908	-0.396014	-0.009231	0.177102	-0.461504	-0.016336	0.485448	0.184628	-0.210113	-0.290296	-0.440083	-0.558520	0.081607	0.037487	0.062075	0.196435	-0.115401	-0.125642	0.068345	0.017156	-0.068311	-0.312833	0.161897	0.127285	0.366639	-0.036758	-0.272433	-0.005555	0.214441	0.035860	0.294156	-0.169450	0.060057	0.174309	-0.126917	0.338885	0.157954	-0.042007	-0.192037	-0.059354	0.418037	-0.036216	0.024744	0.034720	0.236348	-0.264971	0.041998	-0.158251	0.101863	-0.095403	0.007401	0.303809	0.234733	0.205048	0.190105	0.036376	-0.098817	0.142400	0.069481	0.050055	-0.064978	-0.315712	-0.031732	-0.013386	-0.060514	0.094450	0.235577	0.142806	-0.040679	0.079325	-0.004363	-0.035107	0.064993	-0.128478	0.162064	0.052536	-0.237746	0.262871	-0.214794	0.072472	0.055948	-0.087162	-0.306792	-0.073593	0.047174	-0.024480	-0.027605	-0.009235	0.265975	0.104107	0.067399	-0.063535	0.079677	0.234189
0.193890	-1.163779	1.729634	-0.973484	-0.711577	-1.130484	0.456834	0.002363	0.631997	-0.131108	-0.188763	0.561681	0.490894	-0.517950	0.091982	-0.249566	-0.536250	-0.243408	0.124879	-0.287628	-0.240970	0.331168	0.249872	0.304161	-0.070946	-0.363716	0.108655	0.101140	0.156804	0.105106	-0.334918	0.075076	-0.024853	-0.028483	-0.342899	-0.209838	0.446023	0.168487	-0.175486	-0.076972	0.117164	-0.159083	-0.161363	-0.056677	0.060556	-0.098274	-0.063636	-0.135725	-0.126474	0.187561	-0.209578	0.249181	-0.063079	0.148508	0.316935	-0.258449	0.305382	-0.118298	-0.143907	-0.085875	-0.142425	0.163177	-0.202421	-0.198071	-0.002406	-0.006820	-0.282050	0.145260	0.161834	-0.023967	0.108646	0.214332	-0.256487	-0.084222	-0.115285	0.128151	-0.124502	0.076158	-0.092204	-0.174478	0.144628	-0.003754	0.108648	-0.042853	-0.262939	0.137122	0.134759	0.009826	0.188507	-0.289438	0.111159	0.127596	0.111834	-0.211268	0.312178	0.001840	0.204442	-0.101429	-0.354276	-0.106008	0.183176	-0.152902	-0.060959	0.078939	0.155570	-0.006306	-0.040478	-0.123521	0.001638	-0.155184	0.120267	0.290956	0.223645	-0.076550	0.048480	-0.225022	-0.135158	-0.087253	-0.025734	-0.124629	-0.030254	-0.009572	-0.151879	0.084871	0.167070	-0.086349	-0.088016	-0.053130
-0.990134	1.182825	0.041433	-1.165364	-1.496560	0.502971	-0.448598	0.680807	1.412077	0.362577	-0.365088	-0.268659	0.754658	-0.077843	-0.224375	0.165522	-0.519150	0.100394	0.727670	0.141870	0.155646	-0.455841	-0.241610	-0.031632	-0.192173	0.532113	0.425992	-0.309524	0.307017	0.209334	0.008873	0.301009	0.079423	0.080777	-0.083390	-0.167827	0.060055	0.236175	-0.290229	0.290327	0.333755	0.045774	0.010313	0.220151	0.271220	-0.027273	-0.215537	0.373325	-0.490200	0.264733	-0.168561	0.258615	0.049542	-0.236310	0.113742	-0.330442	0.472985	0.068944	-0.439099	0.114299	0.280817	0.435149	0.202854	-0.268779	-0.028610	-0.032404	-0.456288	0.127809	-0.169424	0.200879	0.058528	-0.272491	-0.046024	0.104745	0.047042	0.313473	-0.334701	0.031615	0.008333	-0.028510	-0.220518	0.005564	-0.199005	0.002024	0.026143	-0.086797	0.004597	0.185453	-0.205570	-0.354033	-0.050175	-0.036615	-0.242137	0.025626	0.316357	0.251303	0.280131	0.087246	0.032914	-0.255463	-0.014872	-0.015515	0.022426	-0.019609	0.144659	-0.045309	0.092903	0.022951	-0.023419	0.027842	0.073129	-0.075595	-0.070040	-0.227872	-0.032345	-0.110043	-0.321143	0.238790	-0.146414	0.019205	0.011803	-0.192520	0.163812	0.079507	0.044186	-0.085322	0.186218	-0.221914
-0.696337	0.891162	2.371647	1.624821	0.855314	0.054219	-0.505728	0.608610	0.392542	-0.094978	-0.725089	0.016650	-0.890418	-0.498506	-1.104919	0.533599	0.187493	-0.271939	0.011081	-0.324746	-1.254239	-0.295254	-0.301688	-0.365475	0.647592	0.216771	0.977532	-0.270465	-0.178028	0.150070	0.901241	0.073764	-0.587711	0.520789	0.195867	0.141219	0.126331	0.261114	-0.380032	0.806673	-0.084620	0.040154	0.221935	-0.330740	0.117110	-0.026839	-0.120220	-0.300302	-0.153960	-0.445963	0.202785	-0.149245	0.397372	-0.092948	-0.111511	-0.122140	0.000179	0.100391	-0.377243	-0.501602	-0.300606	0.580920	-0.147703	0.494430	0.292838	0.535054	-0.236460	-0.228748	0.077975	-0.167865	-0.192545	0.285156	0.245498	-0.047453	0.187969	0.302280	-0.322176	0.092316	0.162450	-0.143038	-0.103718	0.231316	-0.247643	-0.191102	-0.205473	0.166687	-0.181272	0.077824	0.164339	0.125239	0.228142	-0.231734	-0.199829	-0.212905	-0.052486	-0.150200	-0.095687	0.121896	-0.131461	0.114253	-0.014420	0.127535	-0.021803	-0.045774	0.163640	0.014132	-0.294112	-0.069930	-0.110664	0.172676	0.119607	-0.058725	0.143497	0.115247	-0.049563	0.011194	-0.221029	0.074220	-0.073433	-0.168604	-0.010378	0.119791	0.193003	0.062742	0.114756	-0.126493	0.181221	0.075465
-1.806257	1.029257	-0.110873	1.304602	2.577221	0.915933	0.060551	-0.554257	-0.620908	-0.410007	-0.353956	-0.381176	0.508606	-0.094643	0.072401	0.904200	-0.617140	0.789748	0.404516	-0.122498	-0.149633	-0.323808	0.876631	-0.369608	0.386976	0.608634	-0.069699	0.758514	0.171485	-0.203222	0.231009	0.121441	0.112064	0.234774	-0.167047	-0.128315	0.017888	0.479758	-0.235488	0.038325	0.046475	0.014963	-0.071884	0.313956	0.101415	-0.089575	0.147128	-0.314295	0.126690	0.016209	-0.339822	0.755671	-0.227141	0.027012	0.016954	-0.057669	-0.386033	0.325716	0.024230	-0.018660	0.245318	0.335319	0.177475	-0.048250	-0.195838	0.182686	0.109868	-0.012382	-0.235556	0.114468	-0.043594	0.135145	-0.091623	-0.050246	-0.082690	0.078103	-0.191463	0.148415	-0.013908	0.079947	0.140245	0.030833	-0.022199	0.167666	0.001866	-0.239059	-0.138887	-0.248983	-0.081376	0.118787	-0.314720	-0.142237	-0.063132	-0.025506	0.281892	0.211898	0.150428	-0.121151	-0.036585	0.023614	0.370522	0.045411	0.123788	0.053773	-0.071433	-0.212275	-0.049945	0.226264	-0.180103	-0.144836	-0.197803	-0.071837	0.044085	-0.111887	-0.149090	-0.032922	0.111516	0.040645	-0.135331	-0.327900	-0.123929	-0.243078	0.184921	-0.059540	0.158397	0.032374	0.084668	-0.040177
-1.534338	1.294278	-0.693986	0.484501	0.701046	1.987775	-0.509979	1.427771	-1.317263	-1.206802	1.067205	-0.580100	-0.097275	-0.416545	-0.223509	-0.884895	-0.581713	0.267363	0.309083	0.633639	-0.287112	0.151672	0.451517	0.590844	1.015909	0.077774	-0.217175	0.008304	-0.662563	0.055142	0.211734	-0.024437	0.176699	0.384391	0.295869	-0.129798	-0.209980	-0.092034	-0.026141	-0.240622	0.619746	-0.004373	-0.008341	-0.092595	0.245125	0.205037	-0.112403	-0.061004	-0.084121	0.059888	0.074956	0.370049	0.141095	0.438498	-0.339639	0.113366	-0.072852	-0.259617	0.043351	0.101189	0.084207	0.444596	0.039932	-0.224211	-0.024302	-0.019540	0.022472	0.052143	-0.170024	0.057455	-0.122448	0.137521	-0.180315	-0.309343	-0.054085	0.094114	0.063014	-0.224511	-0.154590	0.353591	-0.101485	0.379716	0.018894	-0.345179	-0.115654	-0.064691	0.248289	-0.354396	0.153656	0.202749	0.009390	-0.286072	0.014959	-0.280085	0.016792	-0.092950	0.007059	0.016490	0.088492	0.222201	-0.144696	-0.205234	0.355282	0.088040	-0.312699	0.084305	-0.086366	0.028088	0.024395	0.022000	-0.084326	-0.102691	0.198857	-0.078397	-0.036057	0.074577	0.078011	-0.100270	0.104536	-0.011700	0.044945	0.095892	-0.065659	0.042342	0.040687	0.008883	-0.095296	-0.153151
-0.399652	-0.156706	0.922168	-0.423678	1.327966	-0.243908	1.084898	1.007798	-0.683964	0.117551	0.169433	-0.415167	-0.334576	0.618973	-0.356429	0.277713	0.277460	0.171708	0.308395	0.394442	0.793050	-0.069871	0.688724	0.344291	-0.300659	-0.039865	0.461232	0.037230	-0.503752	-0.962699	0.069751	0.248298	-0.417626	-0.512195	0.175988	-0.109101	0.236449	0.441662	0.221406	0.215654	-0.528765	-0.082927	0.345928	-0.061618	0.792267	0.350625	-0.307574	-0.344683	0.005964	-0.312401	0.384434	0.200117	-0.301433	0.113529	-0.152579	-0.326238	-0.386643	0.136149	-0.392906	-0.369163	-0.089618	0.140261	0.018557	-0.115644	0.223188	0.016935	0.005561	-0.133045	-0.330410	0.183339	-0.157938	-0.005675	-0.053960	0.043936	-0.282806	-0.123119	0.332908	-0.217554	0.063725	-0.379399	0.058289	-0.268365	0.024571	0.280082	-0.155125	-0.096255	0.428904	0.306420	0.243289	0.454119	-0.184739	0.124331	-0.106049	0.078017	0.149232	-0.010513	0.132242	-0.244568	-0.086689	-0.352081	-0.293214	-0.105500	0.057738	-0.003083	-0.041176	0.084446	-0.041407	0.006664	-0.012853	-0.106056	0.329728	-0.175071	0.028421	0.082391	0.067111	-0.119642	0.031137	0.019043	0.168580	0.047577	-0.163574	0.047023	0.046308	0.030727	0.034055	-0.112475	-0.128745	-0.184193
-1.156564	1.056119	-0.590776	-1.455233	-0.761935	0.174233	-0.075613	0.502044	-0.825304	0.451541	-0.349380	-0.861512	-0.364736	0.091632	-0.038137	0.386810	0.227649	0.005931	-0.590939	-0.673991	0.100186	0.189358	-0.175092	0.048101	-0.101079	0.074905	0.042262	0.042430	0.176067	0.027045	0.010705	-0.059710	0.149369	-0.354082	-0.079551	0.047017	0.055888	0.209407	0.058841	-0.166336	-0.063218	0.040233	-0.025873	0.094160	-0.018380	-0.001268	-0.096757	-0.085918	0.225366	0.205753	-0.151386	-0.125613	-0.182368	-0.057227	-0.160221	0.132836	0.069019	0.061016	0.098189	-0.037600	-0.176493	-0.104573	0.015777	-0.040014	0.067678	0.140614	-0.143045	0.008251	-0.117955	-0.075518	0.173005	0.482345	-0.000844	0.034383	0.009036	0.162290	0.034688	-0.047629	0.019880	-0.171122	0.187036	-0.063307	0.228968	0.081237	-0.074218	-0.032760	0.041617	0.246900	-0.157305	0.115804	-0.143673	-0.052250	0.194985	0.254798	-0.069357	-0.004833	-0.069846	-0.031334	-0.154838	-0.014466	0.066481	0.248875	-0.096436	0.197335	-0.267377	-0.038475	-0.364271	0.076648	0.188668	-0.101533	0.000530	0.026617	-0.066124	-0.137386	-0.112224	-0.005936	-0.100991	-0.042885	0.147654	0.036913	0.007015	-0.036636	-0.005698	-0.030290	-0.143799	-0.029974	0.049098	0.084085
-1.052584	-2.802780	-0.264893	0.747899	-0.801256	0.810160	0.501552	-0.007900	0.006847	0.440785	0.234455	-0.086711	-0.133369	-0.011141	0.531323	-0.101817	0.498167	0.363410	-0.063059	-0.179740	0.133304	0.045630	0.001089	-0.198292	0.132305	0.094238	-0.413515	-0.038363	-0.168908	-0.280235	0.199829	0.005957	-0.231444	-0.146406	-0.290369	0.149093	-0.023707	0.263295	0.055447	0.258408	0.062588	0.041986	-0.033815	0.024009	0.193562	-0.045882	-0.071437	-0.087231	-0.179544	0.271927	-0.333764	-0.232543	-0.099801	-0.000176	-0.319603	0.004183	0.234075	-0.254687	0.305897	-0.294228	-0.082329	0.049988	0.033197	0.183849	0.276904	0.247685	0.085692	0.064185	0.166574	-0.032830	0.082572	-0.113041	0.243899	0.036658	0.042575	0.051232	-0.061166	-0.000741	0.197210	0.021919	0.090855	-0.139221	-0.046544	-0.040008	0.102215	-0.069389	0.219668	0.145565	0.099428	0.217505	-0.147706	-0.037637	-0.007016	0.006407	-0.055033	0.059013	-0.189107	-0.140042	0.231557	0.014923	0.028585	0.073589	0.253977	0.061807	0.032892	-0.103961	-0.060216	-0.082400	-0.037636	-0.000432	-0.064212	-0.178443	0.067016	0.175144	0.063708	0.152829	0.034193	0.125113	-0.095516	-0.059790	-0.024271	-0.015447	-0.093133	-0.152573	0.168148	0.055854	0.072574	0.038406
-1.933731	1.222973	-0.577419	0.312575	0.964208	1.340271	-0.841827	0.673628	-1.124765	-1.054370	1.091271	-0.908438	-0.179219	-0.926238	0.096359	-1.099183	-0.909419	0.727630	0.762597	-0.131329	0.031796	0.519521	-0.146802	0.498600	0.015893	-0.158059	-0.664572	0.439612	0.082287	0.242613	0.242952	0.109949	-0.069816	0.176445	-0.357898	-0.158393	0.248160	-0.590444	0.166539	-0.009362	0.397685	-0.161584	-0.222192	-0.198748	0.240055	-0.001084	-0.039251	-0.227128	-0.223832	-0.137047	0.042777	-0.035278	0.242674	0.199207	-0.191975	0.015187	0.152106	-0.137002	-0.155617	-0.238321	-0.220052	0.294831	-0.063827	0.032993	0.141823	0.023185	-0.127569	-0.004684	0.263784	0.017310	0.097799	-0.035668	-0.015331	-0.375735	-0.082846	-0.002110	0.059457	0.019206	0.134648	0.018213	0.053972	0.072316	-0.136115	-0.173973	-0.000576	0.015549	0.014267	-0.124766	0.061033	-0.046302	-0.010665	0.068955	0.108766	0.004867	-0.082890	0.146740	-0.060155	0.020563	-0.107928	-0.166919	-0.219502	-0.083330	0.149810	0.016064	0.068745	-0.203448	-0.096365	-0.015186	0.034699	0.072176	-0.078995	-0.169745	-0.243394	0.028077	-0.097732	-0.092206	-0.098111	0.094595	-0.028196	-0.065737	-0.062784	0.220086	-0.062255	0.044598	-0.171746	0.082028	0.032890	-0.013243
-1.415380	0.613724	-1.544575	-1.268570	-0.603434	0.231909	0.582568	-0.218342	-1.119207	-0.919378	-0.478724	-0.034106	-0.671826	0.555085	0.268892	0.040524	0.493887	-0.460871	-0.754688	0.344466	0.000258	-0.206409	-0.308310	-0.211590	-0.671443	-0.718694	0.036522	0.746013	0.007673	-0.140063	-0.264713	0.129954	-0.106350	-0.228463	-0.001891	0.193078	-0.380743	0.361134	0.191607	0.102130	0.199381	0.624041	0.020672	0.085393	0.023346	-0.359302	-0.099360	0.310292	0.064958	-0.252024	0.096427	-0.002392	0.200997	0.020200	-0.086596	0.113982	-0.139895	0.290036	-0.041057	0.062877	-0.186026	-0.179107	0.107185	-0.437809	-0.367515	-0.050918	-0.049388	-0.071271	0.002115	-0.304096	-0.253889	0.292432	0.029953	-0.085838	0.053818	0.229883	0.230161	-0.273932	-0.100849	0.005452	0.128646	0.114110	0.038443	0.210462	0.293045	-0.014203	0.529561	0.081448	0.208677	-0.250885	-0.054699	0.050312	0.026788	0.054780	-0.196266	0.440141	-0.023191	0.272555	-0.181574	-0.118215	-0.041810	-0.152393	0.143531	0.316543	0.152752	0.127792	-0.126142	-0.080447	0.077515	-0.010488	0.154702	-0.292586	0.099368	0.336042	-0.229321	-0.148545	-0.030990	0.002071	0.089395	-0.037282	-0.106955	0.272958	-0.132019	-0.082617	0.047816	-0.201400	0.235102	-0.119165
1.473445	1.322850	0.694053	2.103558	0.349895	0.638005	0.032402	0.234723	0.338879	-0.052706	0.207020	1.104686	-1.845909	-0.481404	0.382424	-0.769614	0.591774	0.074423	-0.809398	-0.517518	-0.094316	-0.064352	-0.511615	-0.214410	-0.292605	0.165142	0.511572	0.033183	-0.051313	-0.022538	-0.167691	0.583080	-0.024010	-0.360705	1.038755	0.645467	0.096887	-0.144027	0.432662	0.066821	-0.513069	0.175080	-0.637581	-0.220533	0.138660	0.050097	-0.086702	-0.436872	-0.625214	0.121971	0.229251	-0.058535	0.011582	-0.158230	0.342589	-0.142692	0.187188	0.300645	-0.014389	-0.415408	0.133047	-0.354862	-0.316432	-0.128744	-0.095379	-0.043433	0.143610	-0.430681	0.024266	-0.074361	0.079520	-0.338830	-0.227541	-0.152766	-0.272096	0.625277	-0.145557	0.062977	0.206895	0.203701	0.596546	-0.100467	-0.219074	0.224575	-0.003496	-0.164287	-0.020331	-0.264438	0.462047	-0.094934	0.342654	-0.154531	0.022456	0.195689	0.102889	-0.147497	0.042588	0.085827	0.109920	0.141344	0.055202	-0.050612	0.132735	0.086741	-0.269565	-0.138276	0.152336	-0.004237	-0.013886	0.096283	-0.305730	-0.116213	-0.126519	0.063815	-0.040727	0.063948	-0.092965	-0.235114	-0.071025	0.137279	-0.038376	-0.180028	-0.032439	0.002938	0.085415	-0.036868	0.020795	0.035661
-0.608137	1.021527	-0.552899	1.991128	-0.880928	-2.280760	-0.506622	0.055213	0.403648	-0.829225	0.762061	0.683697	0.774663	0.308537	0.171660	-0.359748	0.470696	0.020928	-0.008847	-0.228460	-0.292468	-0.113073	0.070803	-0.012084	0.036057	-0.409535	0.476144	0.271948	-0.288347	0.512334	0.234863	-0.026977	0.225699	0.113903	0.379024	-0.220943	0.037527	-0.211597	-0.317977	-0.442883	-0.147400	0.336574	0.013729	-0.073324	-0.303984	-0.104441	-0.041746	-0.018225	-0.027997	-0.019328	0.035583	-0.087249	-0.288944	-0.163595	-0.018043	0.036109	-0.016556	-0.031867	-0.170708	-0.334957	-0.237419	0.279310	0.001794	-0.156289	-0.154417	-0.033470	0.092563	0.025340	-0.126697	-0.032813	-0.090164	0.214927	-0.032798	0.234791	-0.235700	0.062170	0.076695	-0.355283	0.117953	0.127903	-0.213791	-0.005155	0.008399	0.247828	0.062578	-0.107417	-0.051964	0.021186	-0.146548	0.048835	-0.177904	0.017651	0.046964	0.014335	-0.172824	-0.031361	-0.066071	0.125112	-0.058720	-0.204112	-0.221187	0.079445	-0.081086	-0.100642	-0.138691	-0.109072	0.047033	0.010878	-0.082766	-0.022499	-0.052434	0.060217	-0.143504	-0.078745	-0.097377	0.043902	0.121859	0.206079	0.161846	0.124117	-0.115120	0.079642	0.018380	-0.009349	0.118576	-0.143164	0.092323	0.021729
1.587346	1.111257	0.561843	0.939785	-0.685840	-0.235631	-0.042973	-0.512074	0.908945	-0.930215	0.482332	0.483752	-1.047930	0.299754	0.812776	-0.713979	0.030857	0.289470	-0.074311	-0.422659	-0.256493	0.137025	0.248695	0.506818	-0.342063	-0.126020	0.281364	-0.094904	-0.735732	0.334381	0.256788	-0.266442	-0.104095	0.076099	0.653789	-0.456076	-0.050815	-0.198403	-0.179481	-0.357599	-0.625464	-0.291895	-0.609651	-0.076379	0.090015	-0.080126	-0.012096	-0.382967	-0.726006	0.028488	0.040023	-0.702828	-0.005065	0.244292	0.012168	0.279699	0.023202	0.167919	0.438341	0.062168	-0.043087	-0.133630	0.022216	-0.292737	-0.058731	0.228908	0.142315	-0.285436	-0.147894	-0.093554	-0.057616	0.418241	-0.266795	-0.114365	0.330708	0.151470	0.151314	0.013504	0.643169	0.132082	-0.084151	0.023084	-0.083968	0.263459	-0.039894	-0.092624	0.156911	-0.100714	0.262037	-0.014349	-0.399358	-0.223466	0.014433	-0.013181	0.243372	-0.099906	0.056027	-0.177157	-0.034971	-0.007952	-0.149537	-0.012969	-0.425424	-0.017322	0.160965	0.517971	0.083324	-0.007882	-0.086915	0.139894	-0.225399	0.101980	-0.133545	-0.111193	-0.146809	-0.056953	0.097374	0.106046	0.060625	-0.105743	0.221065	-0.108666	-0.037183	-0.067703	0.040554	-0.216446	0.125440	0.123496
1.817769	0.568400	-0.480075	1.806118	0.389442	0.620933	-0.381725	-0.724122	0.741478	-0.490274	1.223396	0.469636	0.487951	0.710217	1.056419	-0.466036	-1.139117	-0.740019	-0.792537	0.466919	-0.917719	-0.056082	-0.135285	0.443780	0.532447	-0.962440	0.625843	0.073539	0.000638	0.153523	-0.308262	-0.561993	-0.468409	-0.449417	-0.410350	-0.088764	0.141151	-0.328818	0.233561	0.186987	0.094598	-0.079509	0.111523	0.327763	-0.212766	0.132603	-0.162434	-0.283324	-0.169960	0.054824	-0.048428	0.166537	-0.657343	-0.257689	0.044652	0.233617	-0.040615	-0.049921	-0.129050	-0.474822	0.279058	-0.348480	-0.630063	-0.050564	-0.310036	0.282542	-0.171878	-0.248681	0.261776	0.091223	0.285420	-0.077218	-0.060202	0.209941	-0.039282	0.060881	0.030021	0.140849	-0.336182	-0.055195	0.189429	0.218099	-0.375187	0.447471	0.077022	0.212626	0.096075	0.433006	-0.163622	0.211297	0.041908	0.097970	-0.055937	-0.258891	-0.109994	0.065282	0.131807	0.222490	0.099602	-0.006027	-0.339562	-0.150266	0.234417	0.052376	-0.140526	0.234973	-0.175792	0.005145	-0.051238	-0.148499	-0.031211	-0.002421	-0.005736	-0.086522	0.064896	-0.033034	-0.056767	0.121382	-0.135157	-0.058165	0.030700	-0.161985	0.039823	0.061634	0.023446	-0.080757	-0.152385	-0.053415
-0.975884	-2.683876	-0.195745	1.331849	-1.248078	0.399787	-0.536423	-0.168001	-0.068005	-0.450308	0.421707	-0.056021	1.118128	-0.145490	0.543727	0.057110	0.429187	0.174294	-0.159415	-0.323890	0.290820	-0.559904	-0.237584	0.267699	0.277676	-0.291454	0.502994	0.188370	-0.044653	0.490519	0.026911	-0.205241	0.137462	0.267134	0.245746	-0.184040	0.049254	-0.136907	-0.246665	-0.277169	-0.209172	0.231839	0.336775	-0.023393	-0.283393	-0.111328	0.052274	-0.110846	0.157183	-0.190421	0.005520	0.243163	0.093995	0.179145	0.125806	0.038719	0.115358	0.239406	0.271169	-0.253394	-0.087054	0.097361	-0.115887	0.114888	-0.065816	0.067551	0.039811	-0.159406	0.034154	-0.246697	0.071026	0.035531	-0.152855	0.226024	-0.141195	-0.129980	0.079174	-0.002108	-0.297026	0.049508	0.004845	0.052160	-0.125599	0.099696	-0.228235	0.050556	-0.068858	0.186208	-0.045092	-0.045482	0.056822	0.078431	-0.048596	0.084849	0.029490	0.252325	0.123733	0.186354	-0.108281	-0.032272	-0.004597	-0.037797	-0.108076	-0.076941	-0.114007	0.101313	0.038794	0.069275	-0.111039	0.055595	-0.081489	-0.045068	0.035422	-0.026312	-0.177325	-0.047144	-0.027532	-0.037837	0.002574	0.008436	-0.062721	0.017592	0.055138	-0.158534	0.089495	0.055867	0.071076	0.055980
-0.637517	-2.621270	0.903683	1.394010	-1.590265	0.656429	-0.250721	-0.167011	-0.446744	-0.005837	-0.385142	-0.406424	-0.086033	-0.507713	0.215082	0.108929	-0.055903	-0.565588	0.385362	-0.197638	0.257771	-0.435116	-0.088560	0.097236	-0.463895	-0.009069	0.378492	-0.210016	-0.088052	0.120675	-0.181109	-0.120288	-0.126727	0.360450	0.128010	-0.198726	0.087144	-0.468250	-0.065796	-0.003062	0.093203	0.174457	-0.035332	0.103471	-0.004711	0.002672	0.146956	-0.173969	0.261910	0.189254	-0.077258	0.123982	0.130349	-0.113765	0.112998	0.096218	-0.345191	0.176253	-0.091866	-0.202367	-0.056176	-0.046649	-0.068396	-0.044708	-0.291644	-0.212375	0.000004	0.209873	-0.051699	-0.291743	-0.137558	0.229857	0.061583	0.058155	-0.046316	-0.123427	0.075799	0.004998	-0.102902	0.066121	0.164576	0.113502	-0.054013	0.169089	-0.152340	0.087537	0.099817	-0.007614	-0.124995	0.004399	-0.013244	0.005041	0.078365	-0.039305	-0.011292	0.232367	-0.113068	0.035885	-0.022407	-0.244320	0.080981	0.023116	-0.083265	0.042829	0.074561	-0.023363	0.107213	0.044445	-0.128327	-0.001007	-0.154260	-0.057814	0.196929	0.125892	-0.074115	0.004199	-0.136708	-0.109340	-0.027812	0.009009	0.079091	0.053124	-0.074121	0.043864	0.096329	0.027088	0.043211	-0.042047
-1.705158	1.288197	-1.290066	-0.387227	0.003596	0.518934	0.780151	-0.916757	-0.608114	-0.711215	-1.159869	-0.325215	0.017123	0.260506	-0.045547	0.492787	-0.556857	0.804994	-0.659388	-0.370872	0.123644	0.023006	0.078200	-0.068997	-0.399277	-0.106397	-0.430886	-0.101661	0.200676	-0.204069	0.298249	0.277203	0.209822	0.207151	0.007848	0.272757	0.163126	-0.189331	0.051616	-0.421492	0.040246	0.032305	0.038162	0.287183	0.023531	0.251809	0.128035	-0.867972	0.104732	-0.248507	-0.177589	-0.240356	0.168313	0.247866	-0.218914	-0.112057	0.158319	-0.048900	-0.158106	0.272290	0.123342	0.030437	0.141133	0.336404	-0.059436	0.120592	0.068640	0.170289	0.121096	-0.037937	0.107104	0.045027	-0.230587	-0.270464	0.026420	-0.231270	-0.071046	0.083786	0.032929	-0.132980	0.079858	-0.159258	-0.271917	0.119454	0.076129	-0.322028	-0.008859	-0.119337	-0.225156	-0.392964	0.164836	-0.003466	0.070298	-0.006285	-0.139251	0.105611	-0.149872	-0.062860	0.128672	0.145121	0.172168	0.052668	-0.095204	0.005499	0.193031	0.227133	-0.000571	-0.007371	-0.094843	-0.150280	-0.161333	-0.154752	0.114722	0.184203	-0.065264	-0.263117	-0.334073	0.010218	0.094849	-0.039114	-0.040436	0.008606	0.051659	0.109989	0.025665	-0.013407	-0.023125	0.020220
-0.577160	0.664383	0.136071	-2.058716	-1.502346	0.901477	-0.292262	-1.031643	-0.306604	1.267248	-0.391788	0.402727	-0.674950	-0.279272	0.021284	0.147437	0.053917	0.056018	0.832791	-0.286131	-0.283011	0.526943	-0.433746	0.159560	-0.365973	0.482667	-0.344198	0.206649	0.147377	0.455881	0.133328	0.162540	-0.449141	0.104891	-0.210474	0.280567	0.504694	-0.147092	-0.650345	-0.191585	-0.062320	0.093872	0.226191	-0.221526	-0.447993	-0.049025	-0.151473	0.037389	0.305623	-0.152063	-0.261784	-0.130602	-0.015408	-0.266599	0.117038	-0.390763	-0.419971	0.632048	-0.124893	-0.643910	0.471226	0.032530	0.076476	-0.171695	0.122748	-0.145358	-0.099842	-0.037711	0.035456	-0.066178	0.367831	-0.013660	-0.054622	-0.038513	0.068440	0.169622	-0.230243	-0.344329	-0.121200	0.202189	-0.204537	0.036275	0.059888	-0.158858	-0.342103	-0.013288	0.126433	-0.052037	-0.007947	0.372304	-0.374998	0.110955	0.339114	0.031688	0.201597	0.012519	-0.132498	0.006031	-0.379555	0.159293	-0.060335	0.192453	0.009509	0.163365	-0.151748	-0.028041	0.071529	0.239756	0.012432	0.210954	0.105385	0.034957	-0.049084	0.307926	-0.034204	0.016763	0.071476	-0.074334	0.377987	0.327142	-0.090560	-0.082912	-0.049734	0.103167	-0.045182	0.008106	0.160946	0.079084
-0.672972	1.149847	-2.698894	-1.077906	-0.878897	0.972568	0.131618	0.366761	1.444059	-0.559898	-0.290359	-0.086292	-0.372612	-0.413841	-0.106242	-0.552386	0.667864	-0.281111	0.205184	0.562028	0.451385	0.131695	0.000040	-0.698862	0.638307	0.442857	0.334530	-1.027403	-0.447637	0.527393	0.299642	-0.396333	-0.634026	0.433689	-0.465706	-0.615472	0.122313	-0.232839	-0.320114	0.573345	-0.524821	-0.029386	0.003544	0.141816	-0.136058	-0.593764	0.028425	0.250394	-0.160532	-0.135898	-0.023181	-0.547502	-0.678503	-0.163668	0.425429	-0.087475	0.272795	-0.136621	-0.041862	0.234370	0.161223	0.440617	0.591937	-0.417130	0.059567	0.071298	0.061129	-0.325177	-0.595275	-0.071158	-0.094156	-0.178726	0.292594	-0.217091	-0.607004	0.034966	0.137870	0.031748	-0.241744	-0.105905	0.126679	-0.190028	0.132550	-0.027630	0.044781	-0.003718	-0.126575	0.026818	-0.295032	0.094283	0.194351	0.146489	0.467157	0.100265	0.129549	0.167414	0.333428	-0.068433	0.092397	0.379592	-0.057285	-0.093750	-0.024241	-0.177963	-0.078990	0.234164	0.195290	-0.158922	0.196239	-0.066299	-0.032915	-0.109116	0.201433	0.213316	0.104329	-0.235898	-0.189785	-0.171048	-0.138837	0.060166	0.066835	0.122885	-0.147856	0.162231	-0.032193	-0.069888	0.025538	0.112145
-0.736146	-1.299288	-0.391387	-1.359184	1.090715	-0.210550	-0.844693	-0.267779	-0.814283	0.108168	-0.519746	0.472599	0.066551	-0.086054	-0.239567	-0.363536	-0.454700	0.132615	-0.451977	0.141208	0.093444	0.341860	-0.447392	0.036025	0.244971	0.347730	-0.096200	0.430061	-0.270109	-0.082948	0.102665	0.033825	-0.128370	-0.255288	-0.194499	-0.085558	0.208118	0.009332	0.225345	0.135644	-0.391130	-0.051935	-0.073826	0.448961	-0.064182	-0.106195	-0.061111	0.064261	0.235470	0.090255	0.027274	-0.005623	-0.032196	-0.109562	-0.543580	0.138297	-0.011896	0.299182	0.143626	-0.144889	0.110601	0.093755	0.103901	-0.179432	-0.043265	0.049530	-0.032542	-0.027603	0.478256	0.185630	-0.018478	0.033976	0.215348	-0.035533	-0.033952	0.160431	0.182368	0.049230	0.227224	-0.041684	-0.232311	-0.021089	-0.190278	0.109061	0.054757	0.150095	-0.045692	-0.117091	-0.001245	-0.078108	-0.150403	-0.144878	0.022373	-0.183514	0.046713	0.262299	-0.113616	0.079614	-0.090366	-0.042896	0.030057	0.065278	-0.183281	-0.003689	0.000316	0.156441	0.086846	-0.018092	0.187090	-0.151815	-0.209271	-0.004487	-0.078438	-0.084972	-0.065447	-0.051854	-0.113247	0.143372	-0.078536	0.047982	0.101788	0.128225	-0.137290	-0.032496	0.062673	-0.079017	-0.026942	0.007964
2.004417	-0.173157	-1.410124	0.796803	0.837611	-0.441386	0.849789	0.331595	0.006245	1.165858	0.570133	-0.499495	-0.751078	0.996771	0.191044	0.189650	-0.435143	-0.259528	-0.221863	0.022459	0.259416	0.178718	-0.228348	-0.185311	-0.050979	-0.348829	-0.426347	0.467236	-0.291098	-0.228363	0.224388	0.071141	0.115512	0.271517	0.513987	-0.742199	-0.062015	0.842207	-0.021623	0.326357	0.099469	-0.870962	-0.466321	-0.140330	0.270934	-0.332966	0.277673	-0.156140	0.168483	0.236312	-0.190674	0.021274	-0.186158	0.669086	-0.157117	-0.000217	-0.557857	0.084319	-0.089815	-0.047541	-0.046721	0.127470	-0.082144	0.044740	-0.068367	-0.255417	-0.255428	-0.460957	0.243521	0.220485	0.112371	-0.159261	0.088000	0.048797	0.177819	-0.060282	0.038999	-0.592627	-0.252538	-0.287028	-0.312255	0.052727	-0.330132	-0.375845	0.310435	0.199907	-0.346394	0.122882	0.018831	-0.302303	0.060716	0.251903	0.035708	-0.122594	-0.140565	-0.021088	0.264158	0.013402	-0.124943	-0.016109	-0.234483	0.158446	0.194770	-0.200928	-0.283698	-0.091100	0.138535	0.373190	-0.331751	0.114765	-0.019212	0.076678	-0.228930	0.304816	0.122183	-0.019230	-0.069401	0.000530	-0.125274	-0.020744	-0.067144	0.011640	-0.153824	0.065785	-0.147207	-0.150106	-0.021194	-0.164567
-0.053049	-1.463964	0.908326	-1.165856	0.905487	-1.591252	-0.117404	0.301449	0.837124	-1.192311	-0.733839	-1.160001	-0.834596	0.202141	0.057987	0.257103	0.494384	0.694089	0.126568	0.569685	-0.339468	0.316109	-0.490755	-0.491531	-0.479811	-0.109151	-0.283124	0.091918	-0.023679	0.754891	0.462348	-0.707932	0.066794	-0.510474	0.270385	-0.135627	-0.425791	-0.133781	0.340118	-0.209776	-0.250054	-0.077618	0.564699	0.209682	0.231998	-0.172766	-0.008452	0.230401	0.031528	0.096851	-0.056987	-0.135710	0.033052	-0.044019	-0.074928	0.046589	-0.325375	-0.250318	-0.041547	0.088264	0.414744	-0.011665	-0.299324	0.117804	0.192608	-0.334007	-0.149649	0.200302	-0.097501	0.097096	0.189954	-0.087748	-0.283894	-0.035238	-0.116910	0.008596	-0.193484	0.057620	-0.272494	0.109677	0.097681	0.105649	0.141492	-0.093449	-0.031009	0.088969	0.306228	0.121573	-0.180667	-0.160642	-0.012750	-0.161233	-0.033912	0.097034	-0.041287	-0.151349	-0.175515	-0.047529	-0.023346	0.007834	0.115584	-0.147838	-0.092680	0.011614	-0.138254	-0.044357	-0.050703	-0.064562	-0.134106	0.125296	-0.141491	-0.123678	0.097930	0.201793	0.080159	0.248605	-0.171432	0.126510	-0.000934	0.177787	-0.135013	-0.268960	0.057964	0.071755	-0.000188	-0.020194	-0.081271	0.038927
1.899282	-1.556659	-1.261580	-1.283393	1.212153	-0.996812	1.235128	0.420269	-0.133989	0.315037	-0.714516	-0.700405	0.283389	0.015271	0.480649	-0.191930	0.653462	0.476763	0.101897	-0.478948	-0.876293	-0.367298	0.058897	0.402792	0.123450	0.262513	0.134446	-0.182151	-0.257049	0.773688	-0.164610	0.097829	-0.089073	-0.474863	0.382808	0.221985	0.196169	-0.301123	0.313077	-0.036205	0.543896	-0.162712	-0.035863	-0.307697	0.125745	-0.293691	-0.031921	-0.084863	0.019990	0.442611	-0.187624	0.121671	0.061325	-0.040677	-0.094563	-0.087379	-0.079941	-0.244626	-0.017415	0.099915	-0.077883	0.210626	0.052122	0.121377	0.076085	-0.132285	-0.127630	-0.429707	-0.093846	0.027783	-0.222252	0.209329	-0.161961	-0.073492	-0.113931	0.077822	-0.039645	0.147253	0.220282	0.064799	0.246419	0.294413	-0.228120	0.190360	0.130772	-0.107874	0.044330	0.045766	0.042435	0.171395	-0.084001	0.050466	-0.056734	0.272760	0.114657	0.161280	0.190291	-0.233003	-0.181838	-0.113249	0.229126	0.129278	-0.075209	-0.117310	0.194881	0.047521	-0.095583	0.182140	0.158081	0.173064	-0.058183	-0.216943	-0.050067	-0.245908	-0.126528	0.069124	-0.082308	-0.060729	-0.044648	-0.065358	0.027838	-0.034371	0.018105	0.006953	-0.143607	-0.149084	0.009378	-0.146506
3.277195	-0.729577	0.259178	-0.645765	0.187635	-0.272434	0.731493	0.443255	0.326796	-0.764036	0.426166	-0.779449	-0.425416	0.194707	-0.677199	0.168421	0.235289	0.520036	0.231855	0.095742	-0.092472	-0.428231	0.300999	0.166374	-0.255050	0.145183	-0.055344	0.145808	0.031763	-0.050216	0.384466	-0.272547	0.114959	0.019114	-0.230614	0.002734	-0.312600	0.308930	-0.084335	-0.455213	-0.126243	0.268851	0.203192	0.010416	-0.541972	-0.342511	0.155167	0.087252	-0.182355	-0.052984	-0.145002	-0.271864	-0.520471	0.344927	0.026993	0.019392	0.031762	0.314623	0.322766	0.062161	-0.136625	-0.077508	-0.130920	-0.178954	0.029675	-0.004385	-0.047770	0.049423	-0.044207	-0.022392	0.166437	0.032845	-0.043238	0.145005	0.187556	0.046725	-0.207027	0.089390	0.001389	-0.087827	0.008381	0.227976	-0.186651	0.169288	-0.389187	-0.198798	0.274901	0.169623	0.182013	0.007205	-0.123504	0.227929	0.171926	-0.088921	-0.115036	0.139796	-0.156646	0.258501	0.314565	0.020033	-0.125199	-0.027803	-0.160845	-0.129216	-0.121274	0.115486	0.039729	-0.105824	0.024357	-0.157737	0.050015	0.213790	0.029719	0.060243	0.194463	0.100947	-0.045595	0.020033	-0.042148	-0.002615	0.182627	0.150294	0.003898	0.050265	0.058102	0.109862	0.029548	-0.169908
2.999814	-1.316393	-1.267597	0.638496	0.821874	0.635660	1.184695	0.701211	0.249857	-0.944429	0.369035	-0.784638	-0.292605	0.094169	0.132233	0.484291	-0.305996	-0.956886	0.523892	0.018851	-0.712948	0.127759	-0.021853	-0.445392	-1.181047	-0.162784	0.400845	-0.430038	0.197161	0.167521	-0.225241	-0.497011	0.585441	0.561170	-0.603136	0.000226	0.113845	-0.147685	0.256153	-0.070360	0.085502	-0.005641	-0.295825	-0.029097	0.412630	0.633860	-0.647872	0.609833	-0.107443	-0.098007	-0.061697	-0.047938	0.032259	-0.496952	-0.478838	-0.242827	-0.446755	0.941641	-0.263934	-0.095250	0.037074	-0.017574	0.231561	-0.104508	-0.180891	-0.022791	0.431459	0.121775	0.007113	-0.202136	0.194810	0.096331	0.050198	-0.182276	-0.147420	0.066436	-0.088513	-0.348411	0.085631	-0.315199	0.044936	-0.110517	-0.109386	-0.163761	0.225956	0.419019	-0.072388	-0.274462	-0.010457	0.157962	-0.030801	0.073856	0.015507	0.177278	0.025532	-0.004357	0.127244	-0.173868	0.139601	-0.145529	0.310491	0.026458	-0.122283	0.063663	0.126713	-0.063322	0.164724	-0.074559	0.012453	0.252947	-0.201418	-0.071641	0.281031	0.026008	-0.074866	-0.001569	0.029910	-0.246314	-0.231392	-0.064123	0.054857	-0.133577	-0.198441	0.044489	0.040072	-0.142067	0.147019	0.256620
2.494552	-0.659476	0.784055	-0.231613	0.648109	-1.108016	0.217165	0.221888	0.427963	-0.368116	-1.140773	-0.848014	-0.019636	1.204801	0.229662	-0.520933	0.467261	0.508565	0.046321	0.010996	-0.283957	0.230339	0.015194	0.243339	-0.428613	0.280491	-0.111758	-0.095420	0.194264	0.592352	0.334489	-0.434306	0.221283	0.380526	-0.281700	0.089383	0.196953	-0.003386	-0.206560	0.113291	0.460367	-0.201251	0.224668	0.116286	0.007967	0.094692	0.252588	-0.239780	-0.190066	-0.177205	-0.228592	-0.056278	0.238278	-0.348965	-0.058917	-0.207187	-0.210319	-0.325013	-0.054792	0.006079	-0.044207	-0.149292	0.019528	-0.188756	0.015566	0.085479	-0.166602	-0.147959	-0.053076	0.122255	-0.307306	-0.167054	0.039566	-0.315854	-0.056774	0.082325	0.006251	0.356481	-0.203495	0.035106	-0.143282	0.080213	-0.044409	-0.215605	0.196452	-0.195973	0.098168	0.396847	-0.011298	-0.176100	0.241090	-0.049097	-0.065641	0.121500	-0.201173	-0.048073	0.107788	0.028983	-0.076874	-0.224921	-0.074557	-0.161193	-0.091257	-0.111001	0.018803	-0.142017	-0.186310	-0.022419	0.011111	0.010442	0.058919	-0.054324	-0.260074	-0.121152	-0.018000	-0.110254	0.119744	-0.087536	-0.221523	-0.065621	-0.037484	0.012133	0.015266	-0.139309	0.029146	-0.224614	-0.003565	0.063019
2.309825	-2.415569	-1.606990	-0.525394	1.249393	-0.101329	0.909292	0.391389	0.503415	-0.449836	-0.009916	-1.139504	-0.094376	-0.702778	-0.513532	0.067969	0.134360	-0.671826	1.179581	-0.350094	-0.452608	-0.424517	0.031174	-0.006220	0.136989	-0.792081	-0.462729	-0.526823	-0.378757	0.246029	-0.384668	0.389307	-0.174711	-0.135462	0.252376	0.336132	-0.140063	0.530751	0.125373	-0.873568	-0.112384	0.591017	-0.021232	-0.333850	-0.282843	-0.061799	-0.277728	-0.009866	-0.113587	0.518816	0.182576	0.049850	0.034241	0.244915	-0.224012	-0.050562	-0.277200	0.048003	-0.632635	0.036551	0.364999	-0.424157	0.270467	0.282506	-0.007031	0.112610	0.196294	0.114731	-0.139039	-0.166062	-0.246306	-0.322945	0.194391	-0.086361	0.014302	0.648316	0.102736	-0.050655	0.292550	0.121376	0.077803	0.015551	0.356107	-0.101567	-0.106293	0.199681	-0.181767	0.127466	-0.490994	0.149573	-0.494898	0.137121	-0.144091	-0.151107	-0.204689	0.087935	-0.338423	0.168265	-0.025587	0.424505	-0.081409	-0.028380	0.078665	0.025656	0.137608	0.034493	-0.041123	0.075795	-0.135267	-0.060362	-0.115955	0.000709	-0.047485	0.132847	0.422982	-0.163094	-0.048079	0.340006	-0.256789	-0.192774	-0.057521	-0.125543	0.237993	0.012142	0.010113	-0.092142	0.137974	-0.057695
2.629489	-0.991357	-0.387179	-0.889953	0.456452	-1.146574	1.034562	0.545951	0.233136	-0.567687	-0.043203	-0.892167	-0.215409	0.143805	-1.276776	0.204104	-0.061545	-0.120939	-0.061547	-0.094794	-0.214341	-0.675418	0.137241	0.360193	0.157701	0.077563	-0.090798	0.421516	0.101100	-0.121729	0.272358	-0.131318	0.277331	0.169596	-0.667165	0.191327	0.119896	0.270715	-0.169120	-0.446342	0.208100	-0.618007	0.303933	-0.040970	-0.277572	-0.137883	-0.014719	-0.340453	-0.034829	-0.187457	-0.071874	0.049623	-0.347634	-0.162455	-0.036614	-0.205146	-0.196669	-0.057483	0.364631	-0.092142	-0.137809	-0.098834	0.103407	-0.291119	0.102379	0.014378	-0.300751	-0.131853	0.058084	-0.117985	-0.060159	0.092542	0.035810	0.218872	0.029592	-0.006390	0.278837	0.232575	0.166681	0.137957	0.018105	0.040016	0.040260	0.213766	0.047871	-0.117320	-0.127289	0.029285	0.147724	-0.131706	0.164172	-0.039123	-0.241127	-0.193235	-0.111305	0.050461	-0.096012	0.060135	0.049016	0.215291	0.144144	-0.031381	0.047839	-0.084808	-0.173594	-0.096522	0.234061	-0.236022	0.178018	0.077617	-0.076751	-0.246446	-0.062616	-0.116967	0.027482	0.024530	0.002765	0.142632	0.055313	0.009205	0.001549	-0.116640	-0.113218	0.106642	0.015151	0.030053	-0.157031	-0.148664
1.761745	-1.924185	-2.183335	0.209325	1.974075	-0.707676	0.468211	0.533697	-0.121495	-1.114137	-0.681972	-0.798480	0.354050	0.287003	-0.210178	0.560382	0.323205	-0.568292	0.430649	0.628425	-0.030390	0.335527	-0.583592	0.973143	-0.724832	-0.145709	0.058686	-0.816865	0.645780	0.300523	-0.242576	0.119268	0.012362	-0.144443	0.080745	0.007299	-0.152466	-0.281870	-0.967102	-0.077050	-0.061808	0.253424	0.172646	-0.341845	0.150409	0.163615	-0.027845	-0.065950	-0.051158	0.458394	0.304307	0.295371	-0.302643	-0.114238	0.137008	-0.016329	-0.391621	-0.241665	0.147039	-0.097408	0.197309	0.253264	0.318187	-0.180344	-0.133582	0.449703	-0.159095	0.144290	0.215167	-0.306210	-0.278955	-0.399842	0.006200	-0.385851	0.088479	0.341284	0.012833	-0.183516	0.121329	-0.037507	0.425752	-0.010076	-0.042773	-0.028045	0.095375	-0.317984	-0.290652	-0.024327	0.269215	-0.108959	0.085830	-0.242700	-0.362737	-0.091960	0.145791	0.087832	-0.072861	0.051706	-0.065576	-0.157657	0.062858	0.261096	0.224001	-0.103070	-0.197658	0.131163	-0.103840	-0.011309	-0.075146	0.263543	0.117123	-0.088264	-0.016334	-0.070511	-0.055665	0.166627	-0.027247	0.153765	0.105963	-0.013307	-0.000495	0.245910	-0.169293	-0.018593	-0.144337	0.170296	-0.106227	0.017975
2.509538	-1.434996	0.012566	-0.938117	0.436502	-0.578072	0.905678	0.231292	0.264058	-0.391704	-0.667144	-1.033235	-0.052818	0.126147	0.039389	0.131866	0.347481	0.162653	0.462018	0.071924	-0.476671	0.049966	0.434226	0.183469	-0.473938	0.188777	0.138602	0.136001	-0.421566	0.181580	0.101220	0.147836	0.254671	0.211376	0.084376	0.188197	-0.059277	-0.057782	0.255932	-0.046896	0.525319	0.072638	0.110586	-0.334160	-0.221122	-0.036165	0.094224	-0.163669	-0.145427	-0.219657	0.003686	-0.019895	-0.288187	-0.355910	0.140214	-0.268849	-0.041929	-0.049092	-0.502342	0.273506	-0.014150	-0.176981	-0.108427	-0.016940	0.111958	-0.069332	-0.117141	-0.114621	0.045356	-0.047099	-0.044031	0.129255	-0.054067	0.050779	-0.064935	-0.082750	0.282588	-0.041959	-0.160915	-0.006045	-0.035686	-0.310417	0.073623	0.084764	-0.090690	0.252664	0.005221	0.116397	0.038878	-0.034892	0.142463	-0.138729	-0.201881	-0.028201	0.191858	-0.054409	-0.201785	0.021089	0.005600	0.196593	-0.072994	0.125271	-0.080134	-0.078627	-0.071920	0.228135	-0.011561	0.112362	0.022196	-0.239024	-0.036048	0.090823	-0.066887	0.030318	0.032432	-0.007302	0.021007	-0.105618	0.274049	-0.042347	-0.051348	-0.169619	-0.087305	-0.061890	-0.043823	0.011387	-0.016962	0.137606
2.272448	-1.300065	-0.380919	0.155096	0.724840	-0.530892	1.122066	0.406177	0.422142	0.075014	-0.725267	-1.032147	0.116500	0.636760	0.069442	-0.456417	0.222398	0.119267	-0.011386	-0.128919	-0.291636	0.287112	0.383910	0.219646	-0.367287	0.307725	-0.098440	-0.176896	0.233784	0.368908	0.023136	-0.089223	0.336117	0.178864	-0.309185	0.047499	0.348622	0.024309	-0.047954	-0.103712	0.136267	0.099219	-0.343616	-0.542067	0.337241	0.322233	0.234290	-0.104189	0.043750	-0.040888	-0.003063	-0.068496	-0.071872	-0.196035	0.093553	-0.045906	-0.019838	0.091889	-0.274799	-0.006993	-0.296448	0.205756	0.013460	0.164587	0.111276	0.162953	-0.181690	-0.041509	0.030517	0.235336	0.073356	-0.289799	0.090929	-0.006807	-0.169034	-0.027504	0.327386	0.184705	-0.233358	-0.159214	-0.128132	-0.069079	-0.374836	-0.148112	0.071644	-0.031086	-0.083803	0.048485	0.124027	-0.102440	-0.142883	-0.094676	0.279713	-0.039034	0.134593	-0.168106	-0.253405	0.158805	0.112117	0.015917	0.027624	-0.018080	-0.144351	0.007175	0.138675	0.262407	0.178380	-0.021992	-0.008130	-0.194145	-0.374088	0.153760	-0.016630	-0.265141	0.022305	0.114409	0.202832	-0.031094	0.023751	0.170754	0.014328	-0.041754	0.080468	-0.065434	-0.028506	0.148009	-0.068762	-0.024098
2.942707	-0.823368	-0.101045	-0.045650	0.497573	-0.605398	0.842482	0.562567	0.546234	-0.878638	-0.481130	-0.517452	-0.129314	0.556736	-0.372706	-0.010746	0.450116	-0.379603	-0.333113	-0.209681	0.539725	0.518813	0.644066	0.282033	-0.244824	0.296584	-0.152969	0.348721	0.108058	0.029584	0.335153	0.093083	0.692001	0.119888	-0.616322	0.346216	-0.230135	0.267449	0.156652	-0.335846	0.280100	-0.147510	0.317437	-0.072048	-0.151403	-0.035266	0.221458	-0.055437	0.123557	-0.169915	0.235659	-0.149596	0.033994	-0.219488	0.067180	-0.413932	-0.070842	0.103508	0.242118	0.077329	-0.072289	-0.005320	-0.112778	-0.531460	0.194245	0.061445	-0.327873	-0.118771	0.089935	0.019812	0.056209	-0.212354	-0.152607	-0.274075	-0.123867	-0.064483	-0.052010	0.042515	-0.291003	-0.112629	0.118365	-0.112553	0.100615	0.076510	-0.235073	0.049411	-0.246134	-0.006231	0.145334	-0.036636	-0.049020	-0.196949	0.083795	0.122152	0.108398	-0.056162	-0.015651	-0.111378	0.157772	-0.151275	-0.229566	0.017196	0.032125	-0.110130	0.037354	0.035266	0.125606	-0.109693	-0.041970	0.224534	-0.058877	0.042204	-0.088424	0.057777	-0.173336	0.001766	-0.044154	-0.245447	-0.045598	-0.075303	0.026564	0.124808	-0.017350	-0.081850	0.043705	0.002170	0.021060	0.045607
2.573433	-1.307948	0.339456	-0.511641	0.532168	-0.663298	1.141309	0.509783	0.359557	-0.596892	-0.138679	-0.816226	-0.208674	0.304632	-1.151149	0.163926	0.204800	0.290233	0.235830	0.227564	-0.239912	-0.320875	0.190709	0.282182	-0.391235	0.127641	0.069017	0.331393	-0.215156	0.090794	-0.048344	-0.356295	0.096542	-0.355035	-0.208933	0.305120	-0.293641	0.248931	0.018932	-0.213519	0.283724	-0.449106	0.360545	-0.169367	-0.291447	-0.154252	-0.023155	-0.313039	0.052255	-0.338633	-0.164950	-0.407625	-0.206673	-0.011721	0.064838	0.049886	0.009866	-0.206210	-0.013111	0.216683	-0.314284	-0.116413	-0.181030	-0.162272	-0.052817	0.025918	0.061304	-0.118106	0.197121	0.158307	-0.015811	-0.213760	0.130963	0.130509	0.162663	-0.097197	-0.129851	0.066370	0.027354	0.025458	-0.068969	0.006426	0.132465	0.029745	0.007727	0.064460	-0.014060	-0.105469	-0.033338	0.148761	0.038965	0.096999	0.294633	-0.219604	-0.218906	0.058057	-0.044593	0.031341	0.098403	0.089021	-0.005081	-0.104110	0.091415	-0.005689	-0.098604	0.016135	-0.064239	-0.275364	0.121302	0.132022	0.084642	-0.004873	0.003355	0.110066	0.020989	-0.056980	0.190413	-0.037954	0.018134	0.099453	-0.123814	0.065686	-0.173448	0.068271	0.030905	-0.076893	0.037389	0.035241
-1.181783	0.772743	0.140139	-0.624928	-0.120676	-1.014483	1.103853	-0.992230	-0.451616	0.986467	-0.414034	0.912074	0.036492	-0.399067	0.072430	0.246319	0.222357	0.558483	0.328155	-0.267758	0.332294	0.327373	-0.445985	0.171368	-0.013676	-0.235550	-0.007463	-0.324496	-0.440665	-0.246809	-0.423929	-0.167719	-0.260575	0.448291	0.004294	0.032475	0.430512	0.000406	0.306775	-0.258185	0.139426	-0.022786	0.023812	-0.139425	-0.096336	0.289565	0.122660	0.053595	0.016957	-0.110212	0.170540	-0.376608	-0.066155	-0.012574	-0.051384	-0.042206	0.031283	-0.038028	-0.068304	0.407627	0.134804	0.169431	-0.062254	-0.138646	-0.161218	-0.065224	-0.269832	0.134578	-0.015203	-0.172154	0.306451	0.276155	-0.065422	-0.065465	-0.277216	0.238677	-0.084125	-0.297187	-0.217280	0.112612	-0.099798	0.106049	0.142817	0.153711	-0.032923	0.461356	-0.309990	0.122397	0.064263	0.070162	0.217808	-0.352131	-0.028634	0.156476	0.022973	0.146511	-0.172136	0.045933	-0.087507	-0.068936	0.120512	0.041723	0.003599	0.132471	-0.182723	0.063056	-0.245143	-0.179348	-0.022863	-0.121896	0.044228	0.086863	0.036368	0.103237	0.213268	-0.265896	0.013877	0.255882	-0.171199	-0.121834	0.088148	0.053537	-0.260755	-0.072217	-0.095567	-0.036263	0.140078	-0.157221
-1.295120	1.413908	-0.718522	1.056710	-1.280324	-1.743728	-0.267007	0.613322	0.204374	-0.065458	-0.481774	1.645737	0.448921	0.490329	0.095906	0.750847	-0.095411	0.658589	0.449761	0.092036	0.105534	-0.497364	0.256295	-0.266498	-0.246059	0.057757	-0.243741	-0.312043	-0.282371	0.366831	-0.056551	-0.651939	-0.260692	0.075864	-0.322962	0.064860	-0.133956	-0.274037	0.625667	-0.236316	0.274753	0.158883	-0.136266	-0.494249	0.026658	0.179110	0.042183	-0.220111	-0.059865	0.072297	0.489652	-0.089979	-0.065874	0.052277	-0.094696	-0.438656	0.060808	-0.019550	-0.084669	0.073126	-0.047406	0.193241	0.076944	0.254950	-0.031649	-0.183613	-0.051773	-0.075922	0.076586	-0.069633	-0.045922	0.262509	0.220562	-0.000466	0.011559	0.106538	-0.009971	-0.142135	0.119419	-0.056702	0.067432	0.153681	0.036314	0.001107	-0.190809	-0.135943	-0.175721	0.067426	-0.081570	0.130347	0.050118	0.051031	0.026921	0.139049	-0.096824	0.150656	0.012170	0.346450	0.016865	-0.173036	-0.071092	0.081573	-0.152003	-0.038877	-0.236904	-0.040233	0.040669	-0.035009	-0.092402	0.033333	0.008995	-0.021463	-0.010887	0.074341	0.167464	-0.010881	0.061017	0.136197	-0.008002	0.034985	0.142744	0.062787	-0.193309	0.007965	-0.056094	0.040479	-0.194518	-0.094954
1.239579	1.273018	-2.180380	2.120796	1.446242	0.194678	1.315318	0.302737	0.289344	-0.071359	-0.129060	1.399570	-0.057883	0.084802	0.151147	0.606830	0.059055	0.460282	-0.105823	-0.569501	0.650289	0.343247	-0.124774	-0.258674	0.012661	-0.257171	-0.265051	-0.042968	-0.199327	0.050056	-0.592406	0.210975	-0.097186	-0.287338	-0.057027	0.177623	0.176019	-0.310074	-0.158937	-0.254257	-0.169376	-0.060438	0.270649	-0.240512	0.657254	0.098894	-0.141299	0.574425	-0.366476	0.114448	-0.272086	0.276764	0.171880	0.460766	-0.278480	0.134242	0.017227	-0.301490	0.103340	-0.064154	0.415491	0.096519	-0.167640	-0.091237	-0.234298	0.187262	-0.329224	-0.134978	-0.216309	-0.087110	0.296405	0.051810	-0.387098	0.204343	0.020031	0.203003	-0.165284	0.020359	-0.106214	-0.183746	0.047772	-0.241692	0.373287	0.018536	-0.139700	0.453267	0.184881	0.131407	-0.118321	0.086141	0.271093	-0.356161	0.012959	-0.031208	-0.090057	0.155843	-0.005080	-0.217345	0.238360	-0.121413	-0.215648	0.175152	0.089211	0.014520	0.002610	-0.032256	-0.027696	0.036064	-0.153325	0.149740	-0.255954	0.045994	0.012603	-0.183825	-0.120460	0.021132	0.260512	-0.110989	0.102670	0.098982	0.069872	0.133606	-0.228881	0.188260	0.094205	0.124339	0.005713	0.096411
2.095852	1.484851	-0.129620	-0.208354	-0.985321	1.936087	0.736518	0.883746	1.183474	-0.252934	-0.803634	0.781097	-0.146445	-0.158569	0.466275	0.893152	0.280617	0.609314	0.529464	-0.681428	0.124323	0.409663	0.295652	-0.526875	-0.011405	-0.004795	-0.111895	-0.311769	-0.453604	0.341059	0.375008	-0.398797	-0.557804	-0.041257	-0.216722	-0.643504	-0.331796	-0.247746	0.493222	-0.649144	0.142375	0.405467	-0.249753	0.172840	-0.112554	0.035428	-0.243227	0.367949	0.007731	-0.486164	-0.119422	0.105465	0.054630	0.355913	-0.024141	0.102046	0.424892	0.295987	-0.226902	-0.010404	0.084077	0.088032	-0.035519	0.189904	-0.239407	-0.174986	0.126630	0.349838	0.322672	-0.058810	0.161767	-0.249546	0.041359	0.010164	0.220792	-0.255528	0.142411	0.088041	0.092688	-0.260556	0.037231	0.102756	0.174426	0.203127	-0.093375	-0.003077	0.224430	-0.036676	-0.172359	0.161634	0.230855	0.074298	-0.043839	0.097210	0.070615	0.038216	-0.032611	-0.009849	-0.045382	-0.104104	0.024560	0.118153	0.164666	-0.368342	-0.064371	-0.022969	-0.092990	-0.271278	0.027334	0.047202	-0.055731	-0.235726	-0.280053	-0.080924	0.042465	-0.084140	0.013363	0.078982	0.146867	-0.217918	-0.069293	0.216002	-0.027762	0.086294	-0.030285	-0.326911	-0.278150	0.146546
-0.074276	1.027397	1.365641	3.200796	-0.301172	-0.487381	0.165366	0.510182	0.161974	-1.212884	-1.097159	0.448747	-0.324222	-0.443211	-0.657900	-0.049891	0.037152	-0.322246	0.455682	-0.413960	-0.378625	0.818780	-1.030354	-0.184242	0.455062	0.186663	0.523768	-0.438538	-0.117994	-0.456620	0.579848	0.604676	-0.055601	-0.201487	0.395824	0.108131	0.034544	0.501285	-0.279867	-0.172347	0.377978	0.486851	0.338491	0.454494	0.050407	-0.127942	-0.042747	-0.013914	-0.073477	0.012682	0.266261	-0.177329	-0.303663	-0.602930	-0.256085	0.225732	0.224194	0.270599	-0.130244	0.318699	-0.224893	0.042480	-0.322614	0.133283	0.242102	-0.099646	0.200383	-0.235167	-0.011372	0.014322	0.070453	-0.242527	0.083847	-0.017665	0.196148	0.005531	0.317410	-0.221167	-0.026752	-0.048759	-0.073170	-0.292645	-0.098648	0.007912	-0.055934	-0.219972	0.188787	-0.071858	0.199930	-0.183291	0.044465	0.081357	-0.000530	0.042739	-0.071327	-0.061531	0.014525	-0.233361	0.126510	-0.063301	0.088546	0.001843	0.373613	0.159567	-0.136697	0.036773	-0.285342	-0.113929	0.058715	0.077493	-0.102260	0.334641	0.020372	0.179063	-0.051693	-0.129163	-0.232284	-0.055018	-0.036204	-0.060482	0.089418	0.039574	-0.041638	-0.066452	-0.093705	0.063576	0.062185	-0.075933
-1.566243	1.041760	-0.213526	0.695503	0.707627	-0.485281	-0.271362	0.872637	-1.063955	0.138097	-0.148962	-0.142930	-0.519402	0.730661	-0.734744	-0.306787	-0.172866	-0.366262	-0.186453	-0.124643	-0.234478	-0.169148	0.731596	0.145077	-0.165048	0.339040	0.062791	0.300306	-0.191771	-0.240306	-0.199189	0.242706	-0.320947	0.203554	-0.292509	-0.271829	0.445445	0.177368	0.113609	0.038529	-0.268755	0.003624	-0.280848	-0.262155	-0.457275	0.639260	-0.062814	0.182474	0.000776	0.377205	-0.037775	0.010548	0.068151	0.191877	-0.041495	-0.339785	0.242478	0.173248	-0.113729	0.014638	0.080847	-0.110775	0.084872	0.104333	-0.219454	-0.031156	0.004620	-0.069439	-0.324373	-0.147377	-0.015447	-0.201055	0.056493	-0.078441	-0.009063	-0.026803	-0.041823	-0.062188	-0.055496	0.321773	0.076216	0.030543	-0.141058	0.066077	0.409803	0.235921	-0.029391	0.301058	-0.074940	-0.113562	0.167387	-0.366685	-0.014846	0.249288	-0.425598	-0.065330	0.300586	-0.188184	-0.051969	0.141711	-0.130607	0.083164	-0.336476	0.268975	0.123792	0.011429	0.125673	-0.095890	-0.129798	0.010441	0.038881	0.240699	0.083066	-0.095621	0.068918	-0.054576	-0.098486	-0.047959	0.149163	-0.032430	-0.112314	-0.045243	0.081274	0.036009	-0.051165	0.234147	-0.092689	-0.154488
-0.501831	-1.443832	0.874004	-0.903915	1.009851	-0.594398	0.962104	0.497500	0.023967	0.245124	-0.783203	0.682690	-0.003019	0.508978	-0.786772	-0.989255	-0.377040	0.223616	-0.353938	0.187526	-0.036853	0.212258	-0.269655	-0.330586	-0.010710	-0.197772	-0.152270	0.290023	-0.077783	0.085640	0.649687	-0.180658	-0.100889	-0.017202	-0.122292	-0.041392	-0.111078	-0.098710	-0.064659	0.030084	-0.077309	0.051488	-0.020173	0.332569	0.151773	-0.088664	-0.226570	0.319605	0.009889	0.158736	-0.011964	-0.019754	0.090422	0.152072	-0.013201	-0.144386	-0.033676	-0.061266	0.083276	0.064178	0.179364	0.171610	-0.009620	0.042904	0.168791	0.043799	0.173987	-0.178529	-0.018238	0.043100	0.120058	0.188621	0.078109	-0.097342	-0.037055	0.013756	0.107576	-0.035761	0.077629	0.102294	-0.160985	0.040114	-0.127024	0.218537	0.108228	0.048889	0.006240	-0.172039	-0.036845	0.104828	-0.101684	0.003493	-0.135219	-0.059110	-0.083594	0.119098	0.086423	-0.083156	0.002612	0.057719	-0.064632	0.040486	-0.016139	-0.079744	0.075628	0.030786	-0.098486	0.064358	-0.048340	-0.005222	0.043397	-0.176280	-0.046535	-0.286580	-0.044895	0.171652	-0.189360	-0.155381	-0.183035	-0.029422	-0.032507	0.069467	0.269977	-0.001801	-0.058181	0.185056	0.140806	-0.048972
-0.575757	-1.106036	1.260042	-1.867825	-0.115495	-0.729831	0.589277	-0.025690	0.374235	-0.286723	0.490388	0.586388	-0.143586	0.119252	0.477637	0.175342	0.127501	0.405435	0.216726	-0.426848	-0.029264	0.175695	-0.220772	0.113027	0.306015	-0.056987	-0.321679	-0.267619	0.500357	0.192811	-0.261435	-0.103625	0.002915	-0.317740	-0.145175	0.128644	0.104819	-0.064813	0.340903	0.143038	0.066237	-0.056113	0.163485	-0.158739	-0.017330	0.306942	0.070425	-0.377082	-0.005315	0.401537	-0.249633	-0.112002	-0.037269	0.234735	-0.395191	0.108009	0.234345	0.086608	0.154568	0.291119	-0.209787	-0.091055	-0.098176	0.018387	-0.058522	0.133516	0.050445	-0.113853	-0.213108	0.030607	0.222064	-0.017259	-0.129800	-0.051346	-0.200725	0.100424	0.041159	0.099327	0.072616	0.181642	-0.021760	0.024379	0.039821	-0.036997	0.128884	-0.114564	0.099768	0.078701	-0.123344	0.059349	-0.235354	-0.108457	-0.147725	-0.103611	0.026624	-0.085705	0.367937	0.008797	-0.101506	0.181829	0.051224	-0.079338	0.136852	-0.127412	-0.117569	-0.165943	0.139714	-0.214388	-0.150876	0.173946	-0.072134	0.007712	0.107991	0.135533	-0.205716	-0.069527	-0.039374	-0.146781	0.003968	-0.002609	-0.016328	-0.113350	-0.128028	0.019211	-0.258259	0.147042	0.219626	0.082853
-0.423885	-1.645141	0.970440	-1.106771	0.485522	-0.738361	1.209004	0.075353	0.178669	0.122829	-0.790087	0.454148	0.100168	0.019588	-0.434032	-0.804599	-0.209334	0.455150	-0.216924	0.044951	-0.298150	0.401896	-0.266655	-0.183406	-0.184731	0.011839	-0.144744	0.196765	-0.066484	0.246867	0.460208	-0.040994	-0.165446	-0.104197	-0.115594	0.078324	-0.195255	-0.300593	0.045419	-0.060589	-0.189064	-0.191023	-0.057231	0.309351	0.137652	0.188319	0.015166	0.293055	-0.021882	0.191596	-0.168815	-0.088579	-0.058280	0.092492	-0.191546	-0.062759	-0.083743	0.112187	0.173181	0.123747	0.139626	0.201200	-0.068511	0.212176	0.048638	-0.010125	0.044964	-0.259385	-0.028638	-0.018614	0.175107	0.288942	0.028394	-0.286192	-0.215086	-0.018532	-0.128192	-0.212162	-0.014737	0.039081	0.034918	-0.060587	-0.042104	0.240222	-0.113642	-0.061429	-0.009834	-0.108510	-0.077163	0.201271	0.003661	-0.143671	-0.223284	-0.095665	0.053718	0.006079	-0.136954	0.018578	-0.201363	0.236122	0.005833	-0.160471	-0.089948	0.013871	-0.064932	0.000373	-0.036195	0.039370	0.010522	-0.043314	0.117044	-0.074262	0.135679	-0.123339	0.109105	0.064073	-0.075217	-0.313078	-0.216408	-0.026549	-0.033472	0.077046	0.167925	-0.096972	-0.055709	0.096332	0.046267	-0.078282
-1.193666	0.863231	-0.081065	0.051389	0.587205	0.555929	-1.407382	-0.077617	0.483023	0.880470	-0.073716	-0.246238	1.141926	0.026353	0.347547	-0.094150	-0.828465	-0.440498	0.246348	-0.119858	-0.014262	0.117215	0.249250	0.538633	-0.370599	-0.185485	0.275284	-0.190739	0.081408	-0.101496	0.233571	-0.120732	0.018605	0.050157	0.078624	0.033337	-0.141820	0.070068	0.397384	0.205511	0.243781	-0.143997	0.267533	-0.046715	-0.251170	0.205407	-0.039004	0.260903	-0.165785	-0.015399	-0.137899	0.162463	-0.087087	0.108167	-0.044807	-0.181827	0.178828	0.148852	-0.023706	0.021638	-0.248625	-0.252399	-0.271795	-0.024113	-0.032382	0.082315	0.116517	-0.473523	0.120694	-0.092198	0.215971	0.041593	-0.213199	-0.073196	0.032876	0.075661	-0.171747	-0.049705	0.173145	-0.118635	-0.137323	0.195092	0.277403	-0.195877	0.062436	-0.315440	0.099357	-0.050253	-0.074481	0.069999	0.026174	-0.051769	-0.037588	0.336939	-0.016346	0.239288	0.079245	0.260840	0.004011	0.002879	0.103600	0.050504	-0.087291	-0.080391	-0.181510	0.164972	-0.136003	0.078853	-0.150668	-0.187687	0.105150	0.092727	0.079367	0.000431	-0.235322	0.222121	-0.270972	0.094509	-0.186190	0.140508	0.086925	0.109473	-0.092893	0.048037	0.008647	-0.102197	-0.224264	-0.226613
-1.555133	0.868323	-1.688098	-1.339203	-1.068553	0.408382	0.968530	-0.755115	-0.129834	0.266138	0.008206	-0.427327	-0.409205	1.153893	-0.278027	0.054147	0.075693	-0.412280	-0.369213	-0.354232	0.283671	0.102940	-0.242808	0.183875	-0.213542	-0.180968	-0.102834	-0.254275	0.099179	0.078581	0.284699	0.129166	-0.136045	-0.303751	-0.083456	-0.035639	-0.130442	-0.003734	-0.338755	0.154083	0.282010	0.083916	0.035922	-0.064585	0.158491	0.115189	-0.058376	-0.039931	0.279836	0.019237	-0.178555	-0.156923	0.196436	-0.022952	-0.363806	0.178033	0.019689	-0.003065	-0.047606	-0.128038	0.074572	-0.007619	-0.329251	-0.105781	0.237329	-0.043630	0.504728	-0.048557	0.197096	-0.014947	-0.147884	0.142756	0.298050	0.072754	-0.049085	0.076814	0.009323	-0.080247	-0.256437	0.139617	0.502429	-0.166091	-0.129842	-0.297198	-0.153225	0.271002	-0.086399	-0.131763	0.096892	-0.170008	-0.102600	0.013326	0.039147	-0.006041	0.057042	-0.158998	-0.036041	0.152060	0.068857	0.046430	0.094947	-0.048842	0.072842	0.150098	-0.190201	-0.124214	-0.009389	0.233716	0.042075	0.028580	0.127125	-0.005221	-0.060972	-0.010284	-0.206876	-0.126138	-0.154341	0.215679	-0.211837	-0.060687	0.223044	-0.276511	-0.147473	-0.076241	-0.330849	-0.092503	-0.136863	0.103285
-0.662844	0.800171	1.068839	-0.335371	0.672986	-1.420008	-0.084822	-0.166944	-0.557088	0.393146	0.536959	-1.410820	-0.247284	0.682412	0.468206	0.632969	0.416700	-0.172490	0.080106	0.735747	0.101121	0.499430	-0.476058	-0.386641	-0.410895	0.488866	-0.119158	0.004430	-0.371236	-0.163817	0.518777	0.072216	-0.497162	0.066862	-0.423105	-0.439139	0.216277	0.117878	0.679833	-0.082943	-0.196147	0.259348	0.104573	-0.182678	0.272213	0.519890	0.132669	0.501874	-0.619327	0.132464	-0.327349	0.001342	0.138948	0.236452	0.239423	0.067320	0.251307	0.058888	0.393883	0.137383	-0.304424	-0.026147	-0.016074	0.247012	-0.619791	-0.205229	0.134852	-0.111215	0.025758	0.070629	-0.147822	0.131314	-0.154754	-0.046068	-0.175527	-0.266084	-0.066767	0.034002	0.204917	0.200776	0.322326	0.158397	-0.287207	-0.063669	-0.102199	0.000624	0.070683	0.030513	-0.238546	0.132680	0.080314	0.186997	-0.182821	0.187008	-0.037872	-0.278351	-0.234967	-0.292618	-0.167973	0.050091	0.087319	-0.303108	0.167187	0.149254	-0.028495	0.037497	0.082767	0.099335	0.000125	0.145157	0.080242	-0.089750	-0.151587	0.092561	0.232186	-0.114373	0.187711	0.201966	0.066883	-0.118477	0.113621	0.148767	0.048639	-0.156406	-0.009559	0.090698	-0.024238	0.173909
-1.403779	-2.609239	-0.333374	1.639539	-0.568741	0.251578	0.124271	0.102032	-0.487454	0.329621	0.154506	-0.422049	-0.299602	0.466633	0.404522	0.056673	0.163920	0.133128	-0.066213	0.090634	0.128201	-0.117007	0.027325	-0.090963	0.015779	0.214864	0.040089	0.052064	-0.297431	-0.017192	0.414082	0.056756	-0.540129	0.032445	-0.405768	-0.180958	-0.058179	0.302133	0.162469	0.171802	-0.355459	0.108179	0.220326	-0.074600	0.338452	0.082048	0.082490	0.291947	-0.209572	-0.043966	-0.091927	0.091900	0.113378	0.159352	0.035693	-0.144744	0.064152	-0.009384	-0.040180	0.005230	-0.151287	0.149287	-0.164352	0.015832	-0.275225	-0.084826	0.156522	0.022675	-0.013879	0.053485	0.079717	-0.271880	-0.023662	0.091223	-0.135604	-0.050054	-0.166311	0.133638	-0.092351	0.134952	0.159543	0.099645	-0.016378	-0.136240	-0.106292	-0.086482	-0.057116	0.014962	-0.112452	0.038808	-0.093409	-0.012464	-0.061360	0.108162	-0.116615	-0.107817	-0.077119	0.001203	0.112754	0.092354	-0.103925	-0.110391	-0.068426	0.047716	0.062543	-0.051408	0.047104	-0.025784	-0.037818	0.093180	-0.031554	0.127261	-0.092843	0.033091	-0.008232	-0.036212	0.096166	0.099539	0.064632	0.101918	-0.070356	0.143651	-0.053128	-0.014265	0.022273	0.055474	0.070194	-0.041703
-0.767854	-2.307031	0.816552	1.741863	-1.362139	0.513254	0.313957	0.119644	-0.685290	-0.236861	-0.255478	-0.275103	-0.024588	0.103935	0.061777	-0.169109	-0.016149	-0.512041	0.289623	-0.045244	0.164303	-0.019812	0.080409	0.032512	-0.266863	0.169529	0.169927	-0.244931	0.001621	-0.284584	0.159160	0.118719	-0.244045	0.064732	-0.240223	-0.228771	0.191345	0.274539	-0.228399	0.015321	-0.172991	0.194850	0.034855	0.278887	0.390450	0.182646	0.220797	0.050353	0.038906	0.012124	0.110589	-0.000915	0.273099	-0.026512	0.087491	-0.120597	-0.057018	-0.136280	-0.089500	-0.062551	0.002198	-0.032893	-0.154998	-0.063630	-0.010200	-0.118592	-0.004423	0.003278	-0.094707	0.095031	-0.054766	-0.097750	-0.139542	-0.046616	0.047979	-0.140870	0.021719	0.277731	0.081829	0.104201	-0.090431	0.056606	0.023049	-0.102641	-0.067164	-0.020106	-0.046534	-0.004345	-0.212809	0.073750	-0.034270	0.055898	-0.034392	0.057016	-0.038797	-0.031982	-0.050851	0.025993	0.026422	-0.154630	-0.103144	0.022950	-0.085927	0.000939	0.199882	-0.046008	0.111654	-0.106114	0.141755	-0.096779	-0.109518	0.205520	-0.005960	0.065713	-0.087977	-0.183544	0.007449	-0.057593	-0.006448	0.042794	0.018993	-0.015708	-0.065849	-0.027417	-0.128250	0.078852	0.018319	-0.106810
-0.534951	0.851917	1.751602	2.351221	0.190861	0.217779	0.628688	-0.049053	0.185173	-0.449788	-1.251293	0.070678	0.130019	-0.062600	-1.133734	0.352008	-0.141453	0.038370	0.068850	-0.530496	-0.001937	0.461481	-0.675834	-0.267043	-0.010898	0.221644	0.485180	-0.099892	0.021491	-0.242802	0.282753	0.243282	-0.005424	-0.025491	-0.029237	-0.070829	0.245720	0.363699	-0.103728	0.317139	0.270079	0.192896	0.169522	-0.128638	-0.358632	0.087891	-0.190240	0.107844	0.164331	0.083091	-0.349808	-0.228428	0.027927	0.251015	-0.021193	0.404207	-0.180407	-0.031927	0.088413	0.261780	-0.027461	-0.002135	-0.112278	-0.020417	0.277718	0.024862	-0.089513	0.002470	-0.076555	-0.017604	-0.280235	0.039351	0.287517	0.020594	-0.020140	0.079648	0.055016	0.056070	-0.136480	0.273285	0.082835	0.071478	-0.206218	-0.139147	0.109043	0.090875	0.328403	-0.092918	-0.006677	-0.239523	0.145406	0.009319	0.119121	0.060283	-0.003514	-0.036309	-0.104312	0.132232	0.100456	-0.042614	0.135854	0.142151	-0.053773	0.086263	-0.033512	0.102841	0.185290	-0.069730	-0.386478	-0.017581	0.031414	0.151485	-0.169077	-0.077532	-0.223853	-0.108735	0.115460	-0.040082	0.142221	-0.311455	-0.079044	-0.099471	0.059337	0.041965	-0.006852	-0.062125	-0.229392	-0.017965
-1.705342	0.577730	-0.953006	-0.415902	1.170219	0.110162	-0.026384	0.089543	1.843570	0.596297	0.288021	-0.383461	1.306933	-0.750980	-0.097332	-0.917752	0.719262	0.609714	-0.164319	-0.114126	-0.384790	0.008154	-0.358422	-0.246604	-0.053027	-0.923172	0.065896	0.272070	-0.303580	-0.774038	-0.123467	-0.105767	-0.068115	0.025425	-0.588506	0.172479	-0.293317	-0.056252	-0.104661	0.274353	-0.616352	0.240601	0.251170	-0.117823	-0.163742	0.135792	-0.266476	-0.168536	-0.137280	-0.070565	-0.163828	-0.167866	-0.007547	-0.115695	-0.374276	-0.168360	-0.319857	-0.033101	0.105652	0.362570	-0.300925	-0.040794	-0.119890	0.048484	0.162204	-0.090250	-0.012980	0.170580	-0.275538	0.382724	0.358989	-0.011859	-0.147736	-0.042416	0.327947	-0.126799	0.093082	0.066895	-0.136630	-0.042712	0.297589	-0.071507	-0.270362	-0.024705	-0.101394	0.117955	-0.042911	0.106537	-0.112750	-0.168673	0.053181	-0.163124	-0.138909	0.142866	-0.068134	0.173415	-0.051173	-0.146923	-0.020038	0.075107	0.145054	0.095933	-0.059805	-0.137078	-0.084123	-0.079126	0.166493	0.010821	0.058220	-0.036484	-0.111200	0.065063	0.151336	0.050667	-0.220593	0.007050	-0.151697	-0.006788	0.024885	0.059149	-0.033185	0.204326	0.072736	-0.112259	-0.270182	-0.125537	0.089260	0.040924
-1.815654	1.065969	-1.850392	-1.408306	-0.106308	0.731555	0.923672	0.391204	-1.036944	-1.017817	-0.278641	0.117842	-0.222562	0.385116	-0.136972	0.121677	-0.023441	-0.115244	-0.520052	0.245870	-0.230557	-0.233237	0.046455	0.140283	0.108128	-0.215935	0.343942	-0.015070	-0.073395	-0.419344	-0.307484	-0.360303	-0.026792	0.014347	0.066573	-0.033102	-0.084080	0.177326	0.379525	-0.222049	0.053670	0.035495	0.373386	0.370115	0.074750	0.107233	-0.136772	-0.297492	0.042477	0.315917	0.091971	-0.012360	0.032829	0.165225	0.067533	0.061462	0.297328	0.129914	-0.097997	0.264151	-0.026566	0.218660	-0.134740	0.173086	0.019725	-0.134024	0.307666	-0.309209	-0.186922	-0.000906	-0.025909	-0.144837	0.057170	-0.332149	0.072936	-0.133149	0.077967	0.127941	0.010261	-0.146394	-0.051035	-0.052462	0.114698	-0.344389	0.268509	0.075201	-0.137495	0.186700	0.244295	-0.185419	-0.017889	0.062882	-0.041866	0.100507	-0.092309	-0.007555	0.187655	0.120942	-0.199648	-0.029071	0.119722	0.199617	0.128334	-0.306074	0.144686	0.005090	0.041798	0.059124	-0.059158	0.080313	-0.133608	0.182611	0.017430	-0.002225	0.033634	0.237368	0.005209	0.143938	0.262381	-0.064568	0.003343	-0.071501	0.024517	0.025386	0.043928	-0.082052	0.119819	-0.010503
-1.272788	1.223412	-0.131640	-0.620738	-1.197734	0.461334	-0.761487	0.128746	0.402820	-0.182610	-0.356481	-0.777920	0.603513	1.487807	-0.508770	-0.561452	-0.177105	-0.587319	0.107269	-1.036826	-0.559872	-0.317323	-0.330820	-0.214064	0.181488	-0.215259	0.042764	0.267771	0.049509	-0.487538	0.559351	0.304977	0.088393	0.014335	0.444346	0.287201	-0.056920	0.089439	0.131417	0.498784	0.021527	0.072982	-0.159726	-0.552295	-0.162089	0.578939	0.295347	0.346150	0.251233	-0.329051	0.128118	0.074256	-0.028448	-0.183094	0.236602	-0.055277	-0.190849	-0.334380	0.562410	-0.064936	0.183510	-0.189412	-0.096200	-0.192337	-0.089156	0.313238	-0.215237	-0.106620	-0.232112	-0.291603	-0.067540	-0.415235	-0.362184	-0.063688	-0.219743	-0.322328	-0.030357	-0.262703	0.222200	0.374920	-0.273207	-0.036408	0.271758	-0.094243	-0.381358	0.454302	0.072237	-0.101512	-0.091298	0.005086	0.010411	0.030909	-0.227533	-0.161987	0.203319	-0.019061	-0.003647	-0.185163	-0.121850	-0.004148	0.103474	-0.013544	-0.023301	0.002304	-0.129198	-0.189620	-0.130282	-0.151686	-0.049996	-0.152399	-0.443813	-0.044107	0.067949	0.088092	0.008848	0.368332	0.176442	0.184252	0.052450	-0.118483	0.333723	0.280535	0.164909	-0.022797	0.090982	-0.016381	-0.026910	0.015363
0.050652	0.668549	1.557525	0.375425	0.311187	0.123455	-0.748911	1.691830	-1.251884	0.803370	-0.279984	-0.815806	0.150908	0.338679	-0.344371	0.243345	-0.070210	-0.066460	-0.224206	0.158582	-0.063223	0.364790	0.796718	0.305892	0.218493	0.404266	-0.076151	0.082580	0.024013	-0.487653	0.099423	0.429309	-0.404284	0.166426	-0.110195	-0.463571	0.620046	0.347416	0.236686	0.129498	-0.480001	0.115686	-0.142178	-0.156948	0.014558	0.207215	-0.301502	0.226823	-0.149541	0.190844	-0.346951	0.085710	-0.094919	-0.046294	-0.091951	0.035179	-0.043287	-0.067383	-0.013075	0.089221	0.008239	-0.307603	0.144415	0.032483	0.164974	0.073927	0.372038	0.023322	-0.168837	-0.333000	-0.034333	0.024385	0.122835	0.051812	0.036088	0.249234	-0.084467	0.211783	-0.018531	-0.240196	-0.058506	0.079750	-0.011052	0.048701	-0.229631	-0.134428	-0.199881	0.207989	-0.251338	0.137340	0.189349	-0.239309	0.076101	-0.217161	-0.307787	-0.043467	0.021800	0.083265	-0.010426	-0.037622	0.072129	-0.048972	0.010774	-0.226015	-0.231357	0.220603	-0.068645	-0.161861	-0.240366	0.062855	-0.067978	0.084327	0.052539	0.010977	-0.184450	0.185007	-0.132088	-0.355783	0.004528	0.047059	0.006552	-0.005513	-0.276493	-0.242554	-0.129446	-0.066300	-0.155046	-0.023927
-1.136964	0.664765	0.613169	0.008184	1.137798	1.039388	-0.098621	1.940138	-0.715419	0.184181	-0.574611	-0.024291	-0.203583	-0.495974	-0.037337	0.326752	0.769215	-0.512682	0.758535	-0.105960	-0.127406	-0.007349	0.234973	0.264290	0.253087	-0.418538	-0.196165	-0.150042	0.044160	-0.482945	-0.086049	-0.353432	0.117922	-0.631556	0.310698	-0.265986	-0.012365	-0.380350	0.216107	0.452727	0.208020	-0.194081	0.052882	0.048521	0.321560	-0.379281	0.141012	0.329382	0.194211	0.301067	-0.217856	-0.044770	-0.144515	0.111998	-0.042278	-0.020834	-0.067787	0.205016	-0.031761	-0.140413	-0.085262	-0.306939	-0.181410	-0.491611	0.128908	-0.043982	0.163136	-0.085251	-0.123673	-0.030215	-0.181264	0.071638	-0.279191	0.292264	-0.393029	-0.174004	-0.383435	-0.031004	0.063142	0.208610	-0.297039	0.001038	-0.172553	0.104348	-0.057840	0.159664	0.036077	-0.012402	0.109491	0.153686	-0.182435	-0.124370	-0.014745	0.317274	0.275049	0.061617	0.199731	0.043051	-0.034959	-0.285991	-0.056906	-0.096477	0.004683	-0.121799	0.035598	-0.176452	0.013799	0.120565	0.188024	0.133848	-0.317623	0.068170	-0.012567	-0.010540	0.282238	-0.130512	-0.010440	0.147260	0.066005	0.007054	-0.041079	-0.054138	0.095869	-0.123433	0.002587	-0.245751	-0.048476	0.120892
2.355439	-0.213202	-0.472649	0.158606	0.579348	-0.162948	0.637255	-0.059631	-0.177818	2.057659	-0.013914	-0.464919	0.515476	0.127464	-0.032855	0.481869	0.056505	-0.032245	0.133324	0.021911	-0.355000	-0.037100	-0.082612	0.651707	0.082395	-0.604018	-0.351648	0.065916	-0.363245	0.000349	-0.222965	0.303455	-0.671831	-0.290205	0.107470	-0.222947	-0.194105	-0.530579	0.180592	0.075890	0.066851	0.357442	-0.035067	-0.056081	-0.093938	-0.505512	0.338038	-0.133696	-0.567116	0.129131	-0.000786	0.117575	0.033841	0.167468	0.093975	-0.077654	0.009682	-0.054238	-0.014896	0.190984	-0.170187	-0.011598	-0.036308	0.004551	-0.030983	-0.282190	0.051074	0.007942	0.128537	-0.096771	-0.111858	0.129703	0.055318	-0.297811	-0.032122	0.052912	-0.174928	0.330356	-0.048346	0.253388	-0.309615	-0.428578	-0.096549	-0.109422	0.102046	0.062662	-0.019092	0.123540	0.047366	-0.169053	0.062414	-0.080973	0.307810	0.076067	0.406043	0.015388	-0.011308	-0.102443	-0.092015	0.025394	-0.229031	-0.199728	0.019500	-0.185374	0.016027	-0.210370	-0.043300	-0.117823	-0.146620	0.066438	-0.088798	-0.049059	-0.164731	0.049575	0.059225	-0.021345	-0.178097	0.076163	-0.159827	0.084963	-0.044229	0.136596	-0.103513	-0.148336	0.018868	0.143532	0.040407	-0.001480
1.971458	1.073517	-0.506018	0.769965	0.680255	0.483477	0.571256	-1.787738	0.270569	-1.486084	-0.138693	0.476652	0.684537	0.797432	0.301199	0.444455	-0.531363	-0.107407	0.260699	-0.775531	0.196705	0.227501	-0.413931	-0.192991	0.028824	0.165607	-0.224825	0.233733	-0.291067	-0.042219	0.000260	0.062604	-0.525477	-0.497473	-0.158200	-0.531661	-1.209618	0.026182	0.497952	0.116939	0.004955	-0.904130	0.326038	0.407874	-0.060756	0.583909	0.548976	-0.132246	-0.582019	0.098792	0.072033	-0.429615	0.018593	-0.338261	0.338446	-0.061952	-0.111491	0.005645	-0.219302	0.174791	0.016648	-0.522999	0.521569	0.059529	0.150596	0.094803	-0.010037	0.097699	0.362499	-0.185911	0.034870	-0.055771	-0.321071	0.137864	-0.143293	-0.011486	-0.007726	-0.101975	-0.111839	-0.198452	-0.125044	0.436828	-0.130375	0.080770	-0.084551	-0.081939	-0.150736	-0.000322	0.464629	0.572470	0.198123	-0.041519	0.024519	-0.110549	0.023901	-0.181392	0.062653	0.120201	-0.087362	0.045886	-0.056567	0.313319	-0.002447	-0.017543	0.090358	-0.173281	0.194224	0.229913	0.182859	0.047874	0.284466	0.042681	-0.047055	0.189619	-0.096456	0.058795	-0.239809	0.059768	-0.063585	-0.114341	0.130005	-0.008200	0.223248	-0.063875	-0.121672	0.197687	0.156123	0.064616
-1.008066	1.242997	-0.257730	1.165106	0.195535	0.885822	-0.659759	0.459401	-1.407705	-1.259865	0.539508	-1.677914	0.026865	-1.315180	-0.798700	-1.487510	-0.951338	1.129436	0.503770	0.064046	0.309813	0.584236	-0.992584	0.482252	0.342403	-0.156094	-1.022155	0.042274	0.026069	0.172480	-0.044966	0.001208	-0.310155	0.464941	-0.378535	0.051518	0.125152	-0.440421	0.008014	0.003697	0.346684	-0.431543	-0.032953	-0.643364	0.149102	-0.097657	-0.521471	0.332974	-0.226603	-0.170568	0.228192	0.081302	-0.002945	-0.289142	-0.042863	0.087639	0.388744	0.005883	0.017523	0.029628	-0.176952	-0.007033	-0.208807	0.231318	0.435202	-0.509863	-0.143449	-0.145283	0.176783	-0.212060	-0.289944	-0.179086	-0.057993	0.226963	0.180092	0.031154	0.137054	-0.198656	-0.029522	-0.122098	0.246533	0.295790	0.272116	0.141709	0.185792	0.128824	0.078673	0.190773	-0.222234	0.104289	-0.004652	-0.104396	-0.194175	0.074670	0.114185	0.265072	0.099200	0.095833	-0.168578	0.053242	-0.170584	0.012709	-0.058562	0.109266	-0.085074	-0.132076	0.213972	0.021640	0.016352	-0.054732	-0.035975	0.150063	-0.062633	-0.123478	-0.023962	-0.174407	0.192982	-0.195943	-0.138952	-0.192455	0.149551	-0.016173	0.136433	-0.051900	-0.080669	0.018398	0.104759	0.171408
1.173528	1.739592	-0.835296	1.395940	0.098751	-0.166959	-0.201311	0.345910	-0.606286	-1.442710	0.561981	-1.398130	-0.548863	-0.766085	0.335750	-1.470165	-0.891143	0.504869	0.637116	-0.114157	0.443881	0.998444	-0.588379	0.113474	0.609876	-0.325208	-0.574319	-0.218320	0.083248	-0.171281	-0.557417	0.015650	-0.107823	0.388189	-0.510027	0.114210	0.127036	-0.200247	-0.065765	0.244853	-0.045378	0.071191	0.200655	-0.438657	0.421983	0.225234	-0.156587	-0.229014	0.100894	-0.308819	-0.194749	-0.279918	0.198491	-0.183448	0.269551	0.148661	0.190559	-0.055732	0.111977	-0.126075	-0.246259	0.027242	0.303995	-0.056917	0.011907	-0.094211	-0.103533	-0.090441	0.306219	-0.131483	0.130374	-0.335816	0.048568	0.258371	-0.042860	-0.048610	0.125094	-0.211442	0.128787	0.032715	-0.164735	-0.137360	-0.038834	0.350041	-0.121002	-0.110080	-0.053574	0.003118	-0.035627	0.021202	0.008361	0.150008	-0.008227	-0.018759	-0.040953	-0.092250	0.211722	0.190747	0.111476	-0.100153	-0.018169	0.152650	-0.284502	0.077338	-0.080068	0.094244	0.140490	0.224438	-0.096280	-0.100512	0.169381	-0.049691	0.076583	0.146344	0.076108	0.013869	0.019061	-0.019001	0.105210	0.111574	-0.066494	-0.227485	-0.036867	-0.114864	0.203552	-0.072271	-0.005027	-0.021032
1.713974	1.346270	0.363126	0.245650	-0.304288	-0.393159	-0.041315	0.293833	-0.200742	1.046896	1.063815	-0.549972	-1.184918	0.278199	-0.033772	0.042809	-0.816870	0.621263	0.027974	0.410334	-0.164520	-0.256547	-0.275766	0.428448	-0.022128	-0.164836	0.234063	-0.038877	-0.874446	0.626968	-0.029505	0.111053	-0.209834	0.491884	-0.116060	-0.162538	-0.170752	0.039052	-0.020995	-0.376449	-0.028060	-0.197768	0.127858	0.145182	0.025558	0.389788	-0.028504	0.150772	0.460214	-0.221097	-0.474354	0.093984	-0.256140	0.121109	0.201155	0.363838	-0.094791	-0.540348	0.072217	-0.320567	-0.141355	-0.000140	-0.141125	-0.194285	0.044514	0.001614	0.005699	-0.140274	-0.133246	0.136516	0.222909	0.420584	0.053918	-0.068938	0.301070	0.160064	0.026652	-0.060230	0.041137	-0.103681	0.217763	0.027992	-0.078442	-0.104445	0.218229	0.199889	-0.036047	-0.066486	0.432582	-0.103829	0.079629	0.034121	0.082851	-0.060578	0.184610	-0.067277	-0.119458	-0.047820	0.168195	0.059869	0.253316	0.176761	-0.083400	-0.060460	0.163626	-0.424283	0.090047	-0.252826	0.078329	-0.271576	-0.096605	-0.117986	0.005583	-0.001920	-0.025009	-0.045400	-0.019588	0.043807	0.166446	0.037186	0.015076	0.110814	0.054597	-0.053135	0.245790	0.126118	0.380369	0.012141
2.206882	0.847439	1.146355	0.713824	-0.260245	1.532331	-0.137839	0.782723	0.939056	1.409476	-0.708143	-0.147742	-0.516396	0.098462	0.798624	-0.637755	-0.384278	0.033440	-0.453828	0.065103	0.229858	-0.295906	-0.253931	0.018742	-0.230709	0.362990	-0.049916	0.271611	-0.071951	0.155445	0.279300	0.272300	-0.144632	-0.113389	0.063046	0.182688	-0.129535	-0.065175	0.147641	-0.495250	-0.163214	-0.227514	-0.134969	-0.289539	0.295792	-0.393191	-0.057189	0.196756	0.374540	0.109219	0.245332	-0.050735	-0.019623	0.064095	0.111068	0.351063	-0.176861	0.084214	0.020960	0.009137	-0.015422	0.096589	0.219757	0.029447	-0.030660	0.148018	0.151590	-0.029242	-0.396529	0.009900	-0.085292	0.145039	0.086245	-0.362743	0.274148	-0.096601	-0.063574	-0.137319	-0.355608	-0.390140	-0.142871	-0.017687	-0.036699	-0.099485	-0.038521	-0.328103	-0.006737	0.136591	0.095641	-0.069827	0.079506	0.227520	-0.131069	0.002558	0.077776	-0.028174	-0.095648	0.070647	-0.000261	-0.105191	0.002206	-0.154827	-0.010145	0.214696	-0.153608	-0.222247	0.163136	-0.021553	-0.055002	-0.242650	-0.101254	-0.109744	0.057580	-0.190381	0.097978	-0.115242	0.133490	0.096611	-0.256130	-0.003977	0.135729	0.172120	0.021934	-0.094792	-0.015093	0.045879	0.083287	0.120506
-1.309020	1.400028	-0.059045	0.876912	0.746155	-0.320673	-0.309613	0.631756	0.190133	0.652040	-0.477261	-0.672380	-0.563493	-0.315892	-0.132615	-0.519637	-0.821117	-0.425616	0.283695	-0.557225	0.556571	-0.817779	-0.720208	-0.665413	0.213009	0.470110	0.240418	0.032964	-0.404130	-0.005561	-0.513882	-0.064171	1.037274	0.030497	-0.369249	-0.226618	-0.181735	0.154060	0.228477	0.123185	-0.119621	-0.152024	0.221638	-0.063039	0.435046	0.042446	-0.004305	-0.161153	0.031479	0.614289	0.309275	-0.201162	0.182044	0.040650	-0.032740	-0.056875	0.329398	0.081077	0.125957	0.072231	0.143503	-0.214520	-0.084610	0.042386	-0.133584	-0.039003	-0.407091	0.154512	0.120971	0.187027	-0.362825	0.043985	0.002253	0.219012	0.046601	-0.208066	-0.072789	-0.022846	-0.046607	0.003710	-0.005998	0.118124	-0.048028	0.142143	0.049720	0.086259	-0.015800	0.171341	0.014553	-0.028649	-0.267056	-0.191076	0.216340	-0.105837	0.127025	0.019166	-0.196104	-0.308893	-0.004521	0.205150	-0.186177	-0.114138	0.041397	-0.019045	0.002891	0.129215	-0.249292	-0.124486	0.439995	-0.047382	0.101554	0.080001	0.155706	-0.162726	-0.052294	0.220628	-0.051538	0.016515	-0.114503	-0.042018	-0.275690	0.053736	-0.027538	0.014341	0.022562	-0.135886	-0.101560	0.135335
1.081212	0.954743	0.288685	1.447553	0.425415	1.789029	0.000222	0.706703	0.449247	0.511086	-0.341378	-0.580224	-1.702022	-0.471787	-0.086356	-0.581979	-0.303360	-0.042869	0.310318	-0.615440	0.304017	-0.923288	-0.663756	-0.147445	0.036718	0.800234	0.098003	0.133898	-0.056802	0.037832	-0.392871	-0.462542	0.520640	-0.833464	-0.242573	-0.436739	0.136762	0.468864	-0.014513	-0.493108	-0.454860	0.038539	0.234642	-0.034249	0.022673	-0.208210	-0.019632	0.016658	-0.379228	0.311313	-0.152853	-0.237396	0.269330	-0.370770	-0.136691	-0.418273	0.078184	-0.470742	0.411963	-0.111628	0.284117	0.132654	0.500001	0.008298	-0.373661	0.520517	-0.086034	0.145354	0.015185	0.039616	-0.229417	0.294084	0.346147	0.267626	0.530502	-0.365638	0.044634	-0.423903	-0.234071	-0.024814	0.081829	-0.067153	0.125938	0.031038	-0.069829	-0.283464	0.125232	-0.071011	-0.015827	0.101540	0.183899	-0.128311	0.039891	0.054447	0.298587	-0.147729	-0.202624	0.008062	-0.366578	-0.106765	-0.087258	-0.152441	0.255992	-0.279036	0.185298	-0.128921	-0.120198	0.057034	-0.111893	-0.345054	0.043600	0.028349	0.049663	0.044781	0.077788	-0.234959	-0.071455	-0.144889	0.092490	0.219960	0.209073	-0.007832	-0.119939	0.081408	-0.059326	0.019037	0.213632	-0.214671
-1.417259	1.334672	-0.887201	1.803664	-0.275900	-1.090631	-0.202489	0.695770	0.676978	0.615032	-0.973054	0.898503	-0.332873	0.041242	0.411224	0.046911	-0.522191	0.468468	0.185223	-0.229768	0.126906	-0.642374	-0.010025	-0.287073	-0.347995	0.130109	-0.024194	-0.286280	-0.404154	-0.183392	0.059534	-0.513731	0.227494	-0.255743	-0.369027	0.039811	0.061501	-0.067535	0.349393	-0.059815	0.414096	-0.279620	-0.254358	-0.352711	0.396684	0.163219	0.046822	-0.059673	0.327573	0.556123	0.216086	0.040871	-0.044996	-0.006908	-0.228582	-0.299568	0.217404	0.287047	-0.045359	0.028346	0.051596	-0.066165	0.267576	0.092523	-0.122696	-0.189582	-0.188740	0.060566	0.085808	-0.007933	-0.063936	0.023702	0.138471	-0.070862	0.188310	-0.153195	-0.085075	-0.072210	-0.021797	-0.146349	0.260773	0.137995	0.135611	-0.070970	0.133184	-0.214866	-0.139920	0.009489	0.030598	0.019075	0.100857	-0.032727	-0.104150	-0.144095	-0.029307	0.080250	-0.096127	0.220598	0.170008	0.081456	-0.188272	-0.141347	-0.272666	0.178624	-0.115167	0.012849	-0.062587	-0.036867	-0.009548	0.065839	-0.047320	0.115406	-0.043123	0.020135	-0.052202	0.137798	0.048386	0.095021	0.030873	-0.060342	-0.041994	-0.015880	-0.084786	0.108829	0.007269	0.078791	-0.041389	-0.103101
-0.703869	1.160268	-0.111670	1.235332	-0.957493	-1.046635	-0.558655	1.024845	0.616011	1.616852	-0.920277	0.133769	-0.103936	-0.138054	0.836953	-0.296893	-0.280633	-0.214714	0.096700	0.111881	0.236526	-0.226736	0.160161	0.065749	-0.190218	0.192719	0.180675	-0.221689	-0.150957	-0.058627	0.357805	0.008275	0.249106	-0.326315	-0.611762	0.292454	-0.027904	0.007848	0.416368	-0.336299	0.272430	-0.377887	0.055321	-0.171252	0.419891	-0.080748	-0.005893	0.083738	0.248897	0.524707	0.226632	0.076914	0.024795	-0.007569	-0.260750	-0.010804	0.181077	0.513953	-0.118759	0.026230	-0.086261	-0.042417	0.319531	-0.027540	0.038810	-0.012350	-0.059058	0.111080	-0.038057	-0.004406	-0.172705	-0.035520	0.058529	-0.056331	0.367172	-0.302755	-0.189280	0.021376	0.074640	-0.134722	0.191160	0.067309	0.204668	0.088317	-0.027393	0.004507	-0.020704	0.032916	0.106452	-0.109096	-0.000429	0.040906	-0.074922	-0.211887	0.273009	0.002152	-0.064486	0.252457	0.189197	0.119595	-0.041717	-0.151590	-0.185760	0.076552	-0.125134	0.024613	-0.058070	0.115076	-0.015462	0.100509	-0.062590	0.154967	0.034141	-0.046043	-0.061904	0.223577	0.091281	0.004639	0.041160	-0.178565	-0.210578	-0.022903	0.066165	0.075125	0.074935	0.059768	0.137421	0.024857
-2.173705	-1.461141	-1.049123	-1.351856	1.198822	0.301892	-0.592687	0.071958	1.628539	0.275174	0.287627	0.186550	0.616737	-0.550478	0.487539	-0.403256	-0.377109	-0.188669	0.090072	-0.472575	0.292212	0.229173	-0.027962	-0.034884	0.302199	-0.305403	0.278258	-0.424011	0.175406	0.137926	-0.060248	0.372597	-0.405227	0.453525	-0.276518	0.164318	-0.054718	0.347084	-0.353585	0.014756	-0.134359	0.324665	-0.106198	-0.081193	-0.037785	-0.449740	0.121506	-0.395181	-0.238752	0.089236	-0.246968	0.280040	-0.028503	0.247748	-0.328652	-0.267380	0.019086	0.057304	0.177132	0.162520	-0.724962	-0.544189	0.296276	0.367078	0.087605	-0.373411	0.248452	0.103149	-0.168353	0.115182	0.160610	-0.049509	0.035779	0.004415	0.074525	0.156139	0.146421	-0.265259	0.000432	-0.104642	0.154880	0.391544	0.168820	-0.147931	0.147590	0.062727	0.182027	-0.071493	0.300932	0.157923	0.274535	0.052776	-0.005373	0.402872	-0.181117	0.078890	-0.247781	0.017476	-0.106194	-0.045167	0.049859	-0.191431	-0.178134	-0.392696	0.276455	0.091293	-0.113419	0.171935	0.101554	0.210458	0.084677	-0.004282	0.157321	-0.026062	-0.009674	-0.011983	0.021705	0.045947	-0.140197	0.060320	0.312776	-0.097459	0.031609	-0.143269	0.167502	0.199201	-0.094786	-0.147862
-1.427331	1.145757	-0.703002	-0.906412	0.059382	1.034384	0.889089	0.094477	-1.075159	-0.897832	-0.536751	-0.112069	-0.282468	0.120158	-0.082976	-0.338931	0.546706	-0.130459	-0.386510	0.013762	-0.132742	-0.100574	0.024627	-0.065667	0.202020	-0.306460	0.605102	0.576931	-0.083485	-0.197703	-0.417156	-0.548857	0.142452	-0.057664	0.029947	-0.057422	-0.236216	-0.044835	0.359586	-0.208141	-0.094359	-0.177863	0.210753	0.043707	0.043346	-0.077698	0.051984	0.162273	-0.124729	0.217490	-0.094701	0.050172	0.008653	0.096807	0.024805	0.050191	0.221088	-0.019491	-0.346645	-0.005805	-0.239248	0.127933	0.080117	0.091830	0.017750	0.123131	0.214844	-0.229844	0.040532	-0.074494	-0.173933	0.192552	-0.097555	-0.119860	0.007902	0.051043	0.033409	-0.093036	-0.117890	-0.056701	0.168979	-0.121611	0.201399	-0.271217	0.165251	-0.124426	-0.060666	0.007373	0.205680	0.027458	-0.075473	0.116126	-0.005628	0.068253	0.025965	0.143059	0.196475	0.093046	-0.022621	0.149779	0.050984	0.039079	-0.124470	-0.218113	0.012280	0.062923	-0.024897	0.051071	-0.208813	0.029732	-0.009973	0.077778	0.203839	-0.009645	0.022073	0.036787	0.328238	0.118016	0.007192	0.106958	0.008245	-0.014077	0.205059	0.036747	-0.088531	-0.034545	0.038164	-0.205571
-0.211786	0.766956	0.837540	0.229886	-1.973660	-1.307541	0.802867	-0.621586	0.390317	0.142763	0.447143	0.332985	-0.233531	-0.622152	-0.283397	0.182198	-0.243499	-0.578033	0.588555	-0.076124	-0.209544	-0.028895	-0.339866	0.145468	-0.456375	0.446505	0.072979	0.384410	0.493939	0.213240	0.236061	-0.252127	-0.009643	-0.188934	-0.169618	-0.060229	0.154982	-0.512923	0.325950	0.221103	-0.636711	-0.359142	-0.282193	-0.398043	-0.018524	-0.303294	-0.281676	0.015691	-0.455819	0.206775	-0.389586	0.269892	-0.346709	-0.060782	0.032370	-0.265601	0.091594	-0.152622	-0.263091	-0.225430	-0.053618	0.195097	0.024242	-0.151536	-0.160731	-0.261561	0.033408	0.573983	-0.148728	0.431574	-0.199845	-0.226153	-0.247053	0.029388	-0.145835	0.258154	0.187860	0.135526	0.049601	0.326254	-0.099227	0.115474	0.124432	0.019398	-0.020261	0.314235	-0.050250	-0.105343	0.329717	-0.033622	-0.153576	0.124213	0.205155	-0.034991	-0.176552	-0.027613	0.084046	0.166859	0.105930	-0.078143	0.180784	0.154305	0.055531	0.028054	0.194553	0.107762	-0.085394	0.160592	-0.429951	-0.269906	0.215277	-0.162415	-0.203306	0.027926	-0.094412	0.286758	-0.162369	-0.230837	-0.178005	0.056230	0.117432	0.534318	0.093471	-0.021242	0.004460	0.144151	-0.066233	0.047984
2.418756	1.109761	0.840508	-0.705398	-1.623980	2.153281	0.734073	0.423383	0.790357	0.444131	0.613563	0.456359	-0.712376	0.031851	-0.140324	-0.275021	0.246286	0.220305	0.620161	-0.062761	-0.113443	0.363056	0.417229	-0.014469	0.314813	-0.004388	0.368028	0.165505	-0.213065	0.521256	0.204578	-0.155130	-0.329796	-0.201976	0.040133	-0.750983	-0.248543	-0.038246	-0.185786	0.052533	-0.277331	0.091763	-0.161407	0.341795	-0.107168	-0.150435	0.007463	0.509532	-0.033028	-0.031672	0.264655	0.821573	-0.279256	-0.107326	-0.389452	0.087999	-0.036270	-0.005507	-0.000453	0.244527	0.254179	-0.101505	-0.431706	0.113611	0.075404	0.068781	-0.185906	0.477287	0.222930	0.066685	-0.046460	-0.135220	0.100362	-0.192775	-0.291431	-0.142744	0.242545	-0.195317	0.138317	-0.300084	0.152213	0.297546	0.165893	0.344610	0.201454	-0.044116	-0.019890	-0.165406	0.109112	-0.288685	0.028732	-0.041940	-0.249038	-0.066817	-0.261423	-0.069402	0.042322	-0.027800	-0.214864	0.038534	0.268703	0.571137	0.004064	0.118054	-0.039610	0.125055	-0.037779	-0.056090	0.218354	-0.150573	-0.167987	0.117182	-0.132479	-0.067817	-0.002520	-0.272403	-0.050227	0.170744	0.040193	-0.014538	-0.306934	-0.203878	-0.032112	-0.048792	-0.165413	0.138008	-0.054135	-0.157608
0.337876	0.864705	1.450908	-0.395154	-0.359916	-0.632541	-1.566100	-0.476889	0.794377	0.462444	0.307084	-1.065499	1.662857	1.253674	-0.118304	0.033685	0.428235	-0.147096	-0.156343	0.276015	-0.248333	0.275921	-0.395381	-0.953740	0.127733	0.426572	-0.032480	-0.916875	-0.365637	-0.120532	-0.556988	0.114907	0.071872	0.511409	-0.026179	-0.016637	0.445906	0.170186	0.709759	-0.269276	0.170302	-0.234938	0.606714	-0.055400	-0.029875	-0.339668	-0.389699	-0.026003	-0.190167	0.223326	0.421594	0.132145	-0.158742	0.552355	0.435114	-0.057519	-0.108686	0.181601	-0.041643	-0.173097	0.022228	-0.249101	-0.327028	0.221486	-0.195234	0.148599	-0.069257	-0.366645	0.545613	-0.119565	-0.410024	0.262755	-0.498478	-0.162747	0.132050	0.007817	0.425918	-0.176782	-0.005467	-0.031070	-0.051355	0.005668	0.366124	-0.166384	0.143708	0.121538	0.230360	-0.245640	0.095409	-0.117715	-0.026600	-0.067548	-0.107757	-0.091732	-0.168652	-0.070739	0.032185	-0.305698	-0.012322	-0.228118	0.252698	0.276173	-0.149448	-0.047930	0.022642	-0.238164	0.201782	-0.103682	0.282432	-0.096816	-0.100050	-0.088359	0.222399	0.275389	-0.041975	-0.006875	-0.038207	-0.183799	-0.204320	0.191321	-0.125509	0.079050	0.018028	0.010416	-0.000361	0.025411	-0.072247	-0.059664
1.661702	0.922125	-0.148546	0.561564	-0.492561	-0.511618	-1.052502	-0.074569	0.804965	0.329443	0.333708	-0.201754	0.004726	0.841942	1.082759	-0.178877	-0.751864	-0.250459	-0.252455	-0.060490	-0.377924	0.399743	0.262791	-0.035847	-0.078017	0.052364	-0.094792	-0.096823	-0.858079	-0.105183	-0.409874	-0.125244	0.073789	0.353206	0.402268	0.084048	-0.107950	0.188353	-0.115363	-0.132589	0.047147	-0.102543	0.748898	-0.442301	-0.142786	0.006600	0.170493	-0.097255	0.357098	-0.049876	-0.061486	0.132631	0.089690	0.492740	0.183657	0.148214	0.094087	-0.034754	-0.273834	0.188602	0.080548	-0.258556	0.218791	-0.296449	-0.108565	0.772437	0.459738	-0.113010	0.189972	-0.382289	-0.008624	-0.425001	0.550194	-0.062062	0.187042	-0.121635	0.350258	0.227238	0.200007	0.241033	-0.192807	-0.203418	0.058479	0.088184	-0.127166	0.151427	0.032654	0.120621	0.007943	0.090449	-0.019797	-0.386981	-0.078241	0.349866	0.076386	-0.007292	0.012270	-0.056639	0.103525	-0.110379	0.091667	-0.099119	0.170534	0.015920	0.147556	-0.084017	0.085188	0.325765	-0.243121	-0.018907	0.034641	-0.026141	-0.159692	-0.235705	-0.233882	-0.363349	-0.181444	-0.052285	-0.111914	0.138320	-0.305987	0.106822	0.088814	0.056212	0.100406	-0.047340	-0.129038	0.007410
-0.657056	-2.729743	0.556048	1.174221	-1.360978	0.735598	0.459945	-0.186261	-0.238370	0.241696	-0.133013	-0.316056	-0.012412	-0.443306	0.043939	0.102578	-0.254700	-0.043470	0.340516	-0.089834	-0.376974	0.019286	0.368905	-0.509693	-0.409303	0.024902	0.062739	-0.039186	-0.246246	-0.355622	-0.087296	0.294736	-0.137384	-0.032304	-0.024621	0.018356	-0.129974	-0.156082	0.024611	0.080697	0.273948	0.048282	-0.070929	-0.081741	0.028528	-0.237459	-0.134559	-0.204085	-0.018876	-0.242111	-0.018497	-0.117139	-0.123946	-0.254485	-0.036895	-0.046447	-0.023380	-0.153550	-0.174309	-0.017478	0.097960	-0.144226	0.142007	-0.103672	-0.107531	-0.085875	0.093621	0.009208	0.028795	-0.191732	0.058826	0.158886	-0.001320	0.065013	-0.056801	0.031298	0.084863	0.133849	0.078558	0.019782	-0.075821	-0.058506	0.160770	0.003643	0.195172	-0.024755	0.028224	0.009832	-0.016280	-0.275311	-0.033256	-0.081108	-0.202852	0.200954	0.000539	-0.027973	-0.020666	0.119190	0.082220	-0.096734	0.075860	-0.056944	0.072608	0.031088	-0.054195	-0.132361	-0.070975	0.014747	-0.002684	-0.166176	-0.048410	0.022104	0.022853	0.148898	-0.144185	0.059536	0.071481	0.046875	0.169512	0.089376	0.110213	-0.074638	0.009353	0.041239	-0.120965	-0.007080	0.014970	0.049037
-0.327794	-0.543380	1.615167	-0.041931	0.100752	-0.889472	1.240821	0.373833	-0.193190	0.371125	-0.064795	0.049919	0.096684	-0.552109	-0.649644	-0.186543	0.006030	-0.141566	0.246533	0.073377	-0.272641	0.297286	0.605668	-0.796325	-0.453479	-0.385725	0.047362	-0.020382	-0.057973	-0.254296	0.026589	0.422306	0.201527	0.065455	-0.236935	-0.240858	-0.256321	-0.644408	-0.041605	0.090209	0.184110	-0.048562	-0.111710	-0.209401	0.431843	-0.281641	-0.089820	-0.206337	-0.116949	-0.344030	0.106386	0.098081	-0.142104	0.206883	0.058010	0.078039	0.050542	-0.232807	-0.327343	0.008690	0.008564	-0.118300	0.212350	0.198337	0.089554	0.419298	0.218235	0.037857	0.093850	-0.406761	0.077781	0.277724	0.155920	-0.124723	-0.175463	-0.065617	0.099525	-0.191853	0.237742	-0.188335	0.043482	-0.084088	0.040387	0.025278	-0.001080	0.044788	0.226630	0.233406	0.067863	-0.324979	0.202401	-0.038030	0.100071	-0.102150	0.099208	0.050589	0.146500	0.121683	0.046052	-0.134485	-0.098938	-0.046001	0.021764	-0.051289	0.023569	-0.001535	-0.086737	-0.145877	-0.285779	-0.048019	0.192826	-0.057110	0.041348	0.070383	-0.018845	-0.028155	0.104482	0.096763	0.344250	0.163921	0.141963	-0.216950	0.155469	-0.073703	-0.182587	0.128656	-0.059810	-0.124650
-0.899853	1.100027	1.444832	-0.045745	0.674897	-0.096449	-0.031226	-0.345191	-1.276858	-0.430740	1.546272	0.323548	0.780402	0.352337	0.354084	0.446751	-0.245149	0.846094	0.300566	-0.136141	-0.089925	-0.307985	0.777945	-0.495726	0.146914	0.320097	0.189969	-0.726370	-0.224721	1.135977	-0.082500	0.381155	0.366483	-0.208859	-0.011824	-0.127196	-0.252940	0.219061	0.312589	-0.030196	-0.011963	0.005249	-0.195363	-0.098410	0.153356	-0.084261	0.004317	-0.051405	0.682218	-0.230520	0.236287	0.058575	-0.167596	0.143639	0.057923	-0.381499	-0.379893	0.082844	-0.079289	-0.121919	-0.414049	-0.071955	-0.121353	-0.173783	0.138361	0.120903	0.067042	0.181303	-0.146404	0.205456	0.365957	-0.294783	0.155587	0.013724	-0.231355	0.105057	-0.048364	-0.103726	-0.243681	-0.038677	-0.387000	0.035885	-0.373425	0.174665	-0.001669	-0.257841	0.029587	-0.199722	-0.120518	-0.142535	0.220565	-0.569504	-0.107951	-0.147788	0.472773	0.107957	-0.129308	0.291461	-0.068117	0.069732	0.256925	-0.162015	0.199214	-0.195415	0.115951	0.222749	-0.072009	0.140300	-0.055341	-0.061009	-0.123456	-0.078131	-0.061199	0.156904	0.062934	0.043867	0.087636	0.006417	-0.011935	-0.130722	0.204533	0.112324	0.007842	-0.105658	-0.119084	0.070396	0.082142	0.049476
-0.679638	-2.927422	0.142325	1.415832	-1.277736	0.387967	0.443884	-0.085546	-0.342908	0.239403	0.174045	-0.336168	0.200717	0.303991	-0.112484	0.013848	-0.314316	0.282486	0.161702	0.391115	0.037601	0.374109	-0.068232	0.018608	-0.272658	-0.027713	0.295456	-0.241029	-0.051176	-0.454007	-0.117542	-0.024927	-0.232642	0.110981	-0.068507	-0.340483	-0.228959	0.051686	-0.169584	0.165003	-0.093083	0.014359	0.139952	-0.017900	0.150354	0.120437	-0.028268	-0.164474	0.068380	0.003973	0.305652	-0.000315	-0.078884	0.060435	0.025429	-0.252780	-0.160163	-0.245340	-0.045546	-0.028444	0.201459	-0.057150	-0.073815	-0.229386	-0.308075	0.025039	0.001012	0.025269	-0.018938	0.216514	-0.011628	-0.095590	-0.020035	-0.020596	-0.117854	0.026777	0.014788	0.069026	0.092131	-0.178540	-0.173553	-0.156916	-0.018854	0.141915	0.052070	-0.092265	0.201460	-0.109018	-0.028099	0.035419	0.044759	-0.090106	0.050897	-0.025931	0.067491	-0.082757	-0.045140	-0.003966	-0.007881	0.098389	0.020186	0.045838	0.178670	0.118383	0.127070	-0.019147	-0.032434	-0.060631	0.027030	0.033141	0.098073	0.151812	-0.118933	0.022889	0.105150	-0.017464	-0.041511	-0.039994	-0.037649	-0.021744	0.153111	-0.046438	0.021687	0.088490	0.035512	0.171847	0.005265	0.029413
-1.498744	-2.244041	-0.272292	-0.950358	2.288184	0.072671	0.610451	0.006268	0.483395	0.122322	0.261022	0.192310	-0.399052	0.642424	-0.541173	-0.547059	-0.456151	0.525727	-0.183951	0.377809	0.249337	0.663301	-0.064946	-0.216153	-0.282015	0.088297	0.180777	0.150104	-0.470197	-0.348926	-0.045411	-0.147285	-0.412671	-0.039747	0.004056	0.328007	-0.303849	0.022511	-0.245694	-0.090582	0.183302	0.104425	0.157556	-0.008298	0.049044	-0.155125	-0.122829	0.076538	0.121402	0.054013	0.209421	-0.049421	-0.071074	-0.167679	-0.132027	-0.072628	-0.007025	-0.173735	0.006086	-0.172688	-0.127957	-0.301212	-0.197393	-0.014618	-0.419443	0.141660	-0.006643	0.102619	-0.175973	-0.073636	-0.066593	-0.125215	0.139592	0.395743	-0.150985	-0.012062	-0.035377	-0.012662	0.246193	-0.059613	-0.293744	-0.084984	0.051727	-0.032645	-0.159285	0.108655	0.003920	-0.119000	-0.028825	0.029578	-0.001328	0.103029	0.046775	-0.063617	0.156949	0.037628	0.040037	0.076002	-0.149900	-0.040305	-0.060549	0.064934	0.022986	-0.112919	0.000726	0.137752	-0.086534	-0.109839	0.076619	0.054566	0.062149	0.089817	-0.103061	0.025462	-0.066631	-0.160627	0.110775	-0.034193	-0.013866	-0.020254	-0.029338	-0.174641	0.095139	0.067670	0.016271	0.138956	-0.193965	-0.025858
-0.842300	0.943231	0.230185	-1.502721	-0.786441	0.631537	0.316828	-0.455352	1.084964	0.208651	0.433961	0.370311	-0.651729	0.324616	0.001089	-0.439520	0.720721	0.224377	0.327864	-0.320910	0.230691	0.394924	0.371361	-0.100314	0.139683	0.267953	0.585208	-0.676150	0.607132	0.166971	-0.029057	0.119546	-0.149570	-0.011279	0.017075	-0.286113	0.301455	0.050490	0.106588	-0.064196	0.363931	0.115650	-0.559607	0.436533	0.009067	-0.003708	0.231552	-0.015304	0.370734	-0.393277	-0.386162	0.240991	0.345064	-0.224551	0.431989	-0.112908	-0.131360	0.150157	0.063147	0.272523	-0.192586	-0.002734	-0.152167	-0.036421	-0.290275	0.082540	-0.174617	-0.392326	0.039076	-0.008902	-0.101014	-0.337671	0.092992	0.002202	0.224808	-0.684579	0.512299	0.172317	0.329864	0.077207	0.352627	0.315039	0.071176	0.090818	0.033792	0.165841	-0.172735	-0.065492	-0.045023	0.127326	-0.207255	-0.164387	0.184473	-0.056201	0.065277	0.166255	-0.191974	0.176959	0.143207	0.183716	-0.203501	-0.024455	0.144542	0.024938	0.128366	-0.187387	-0.209671	-0.004566	-0.091658	-0.045337	0.053451	-0.107263	-0.097479	0.122859	0.105247	0.272987	0.109154	-0.092186	0.023391	-0.191163	-0.167655	-0.015371	0.001036	0.029860	-0.243341	-0.074234	0.149645	0.033146
-1.202722	0.892378	0.014163	-1.322004	-0.209087	1.156040	-0.470783	0.032078	-0.072927	0.052636	-0.727637	-0.039761	-0.297689	0.361954	-0.279749	-0.246798	0.937137	0.106377	0.271680	0.476323	-0.068146	-0.004966	0.185493	-0.486675	-0.304565	0.000166	0.342439	0.587090	0.036248	0.194095	-0.588076	0.370230	0.001908	-0.148018	0.176648	-0.004099	-0.193135	0.603828	-0.049730	-0.030560	0.126945	0.038847	-0.403087	0.065538	0.337389	0.401310	-0.089776	-0.217169	0.037188	-0.006126	-0.108611	0.802200	-0.079184	0.028563	0.182202	0.340349	0.152532	0.026327	0.244557	0.327760	0.167914	0.564311	0.265941	-0.024158	0.552464	-0.315744	0.092654	-0.251252	0.455533	-0.027493	0.540779	0.117816	-0.123108	-0.075104	0.384744	0.025844	0.176882	0.057332	0.280225	0.270596	-0.096672	-0.005096	-0.224979	0.261579	-0.263915	0.412783	0.168042	0.129505	0.141337	-0.170141	-0.180110	0.107614	0.010836	-0.026297	-0.127048	0.161573	-0.096016	0.033758	0.075954	0.135490	-0.294319	-0.236272	0.051120	-0.257812	0.052658	0.031554	-0.223607	-0.026015	0.107479	-0.031002	0.053839	0.128593	0.025583	-0.001908	-0.219344	-0.178851	-0.090105	-0.100318	-0.024882	0.117152	0.105116	-0.160956	-0.098425	0.171487	0.041672	0.164976	-0.218536	0.323584
-2.022341	-0.475145	-0.713697	0.631619	2.832349	0.412524	-0.105675	-1.011637	0.179572	-0.016700	1.212674	0.729510	-0.286441	0.843185	-0.028780	-0.827235	1.679462	-0.671975	0.477893	-0.766217	-0.037467	-0.816181	-0.211386	0.795233	-0.343321	0.594477	-0.546256	0.086111	0.126724	-0.115815	-0.231850	-0.454027	-0.499338	0.204123	0.163903	-0.541362	-0.204152	0.174186	0.003978	0.129599	0.196892	-0.058525	0.395842	0.727885	0.151405	0.630617	-0.602433	-0.086136	0.231246	-0.337725	0.276598	0.173844	-0.329355	-0.028351	0.256741	0.327478	-0.054708	0.198186	-0.149696	0.509227	-0.250863	0.085117	0.148278	0.119138	0.415297	-0.372678	-0.138330	-0.084412	0.038559	0.180574	-0.133583	-0.032415	0.114791	-0.015330	0.426242	0.262527	-0.330079	-0.042297	0.217207	-0.013188	0.230115	-0.489484	0.112305	0.218109	0.216587	-0.172478	-0.106093	0.057425	-0.190018	0.063063	0.429279	0.156569	0.170099	-0.202182	0.135182	-0.282229	-0.130538	0.175256	-0.479500	-0.284051	0.285656	-0.096307	0.063919	-0.049748	0.016856	-0.032052	-0.149417	0.192107	-0.229642	-0.208739	0.040759	0.016388	0.113886	-0.104622	0.079143	0.198287	-0.052007	-0.260928	0.089303	0.025185	-0.015640	0.109286	0.142767	0.101869	0.007556	0.004630	-0.093361	0.184294
-0.913444	1.476126	-0.279774	0.091853	-1.076050	-0.056926	1.261134	-0.759343	0.833197	-0.841582	-0.716315	-0.017096	-0.061610	-0.277309	-0.520790	-1.043463	0.779236	-0.227039	0.594151	0.964077	0.114967	0.002669	0.240537	-0.318500	0.410136	-0.225041	0.067535	-0.329367	-0.645811	-0.001824	-0.512698	0.284288	1.208594	0.798461	0.034154	-0.638425	0.236507	-0.142350	0.505461	0.361570	-0.057702	-0.184759	-0.233928	0.554772	-0.126166	0.310324	0.536568	0.269526	0.031587	0.157938	0.020108	-0.147387	-0.286798	0.021695	0.135955	0.383654	-0.210205	0.301670	0.544994	-0.218669	-0.213405	-0.162255	-0.419363	0.024394	-0.138688	-0.177138	-0.132460	0.285551	0.242443	-0.003224	0.206011	-0.110658	0.075383	-0.480488	-0.197630	-0.183140	-0.282859	0.466752	0.482403	-0.304259	0.080710	-0.096337	0.255414	-0.234027	-0.183368	-0.127374	0.109079	0.071595	-0.024842	0.382566	0.088856	0.171050	-0.079473	-0.034651	0.322246	-0.089884	-0.290416	0.312474	-0.147708	0.114080	0.019808	0.019831	0.254993	0.138416	-0.084739	-0.111477	0.113484	0.082935	-0.187251	0.075356	0.109607	-0.087049	0.110104	-0.123206	-0.265078	-0.247331	-0.026471	0.105424	-0.029956	0.235039	0.033650	-0.129846	0.059963	-0.021333	0.113728	0.008869	-0.093511	-0.294819
-0.787259	0.723946	-0.064710	-1.081226	-0.977502	0.542499	0.310806	1.033256	0.982988	0.249560	-0.573604	-0.285540	0.196577	-0.978908	-0.531424	0.210245	1.074082	0.057017	0.078139	-0.128410	-0.166800	0.004409	0.194810	0.103102	-0.279024	0.029306	-0.308276	0.192308	-0.186765	-0.199934	-0.326090	-0.377075	0.146236	-0.406614	0.165421	-0.378796	0.016987	0.154011	0.376801	0.157417	0.042411	-0.187625	-0.137655	0.119654	-0.027536	-0.132998	-0.144214	-0.140607	0.164803	0.004096	-0.199312	0.404348	-0.104311	-0.138996	0.009427	0.322930	-0.108586	0.022891	-0.264100	-0.454405	-0.279386	0.139436	0.160827	0.085284	-0.023911	-0.131789	0.022513	-0.127428	0.154090	0.023574	0.383014	-0.326146	-0.029584	0.335062	0.094953	-0.034810	-0.044642	-0.019090	-0.173429	0.142063	0.050694	-0.263333	-0.022512	-0.035578	-0.157857	0.050648	0.118591	-0.117642	0.024991	0.144322	-0.021474	-0.226435	0.016897	0.024515	-0.106885	0.028002	0.147404	-0.053734	0.113562	0.023095	-0.144078	0.157251	0.055769	-0.009879	0.026346	-0.054950	0.099544	0.110649	0.041095	-0.063487	-0.010709	0.086054	0.070104	0.197238	-0.086506	0.144787	0.177366	0.037030	-0.029167	-0.102041	0.058450	0.056292	0.033330	0.005983	-0.093910	-0.013820	-0.112280	0.054650
-0.242786	-1.447173	1.531602	-1.116041	-0.498641	-0.919598	0.547276	0.359505	0.426960	-0.137988	-0.535257	0.624269	0.074563	-0.564535	-0.416649	-0.129109	-0.480836	-0.365640	0.280234	-0.336586	-0.171214	0.362164	-0.327432	0.359558	0.009913	-0.435631	-0.377884	0.326943	-0.053910	-0.141518	-0.378174	0.037339	0.100527	0.203678	0.098758	-0.093420	0.263240	0.295141	0.257803	-0.036163	0.092113	-0.266309	-0.132227	0.092556	0.064625	-0.193994	-0.237861	-0.003162	0.020497	0.161318	-0.230314	0.125568	-0.182149	-0.082837	0.422699	-0.134854	0.038410	0.039604	-0.308828	-0.099855	0.146109	-0.221816	-0.054635	-0.017628	0.075079	-0.112982	-0.092447	0.017362	0.134070	-0.091492	0.039893	-0.132535	-0.047085	0.073346	-0.093171	0.019897	-0.129337	0.092829	0.138506	0.111180	0.118001	0.127515	-0.199206	-0.163175	-0.256528	-0.163811	-0.089872	0.083919	-0.053850	-0.288960	0.101778	0.003063	0.068389	-0.030042	0.202235	0.053889	0.108547	-0.183435	-0.275884	-0.003421	0.236935	-0.108237	0.060422	0.064844	0.164167	0.020549	0.014250	-0.035182	0.129422	-0.022907	0.041422	0.020659	0.033385	-0.141130	0.003289	0.095440	0.022309	-0.069664	0.205807	-0.158059	-0.098546	0.056425	-0.140137	0.073393	0.131230	-0.086216	-0.051370	-0.001006
0.051014	0.869284	0.928480	0.411969	1.911572	-1.753682	1.011022	-0.069469	-0.597801	0.329020	0.370951	0.595420	-0.174641	-0.944831	-0.410930	0.173626	1.383306	-0.502223	-0.565409	-0.140521	-0.527193	-0.099682	0.391736	-0.057979	0.615795	-1.440537	-0.898256	0.290698	-0.276946	-0.432812	0.647608	-0.547188	0.214622	0.128313	-0.162470	-0.392347	-0.132937	-0.343560	-0.342679	-0.001734	-0.282912	-0.337522	0.195958	-0.234621	0.291551	-0.456805	-0.040175	0.248060	0.131032	0.322715	0.225546	0.206416	0.029806	0.090087	0.312649	0.008358	0.336152	0.073503	-0.196496	-0.029402	0.287032	-0.604129	0.377074	-0.329149	0.079227	-0.209255	-0.056654	0.032420	0.018946	-0.115901	0.222843	-0.137870	0.225799	0.156338	0.412287	-0.131687	-0.090157	0.230411	-0.197767	0.450369	-0.101732	0.299243	-0.070939	-0.171655	-0.149451	-0.216725	0.116262	-0.025170	-0.219458	-0.011201	0.044365	-0.240546	-0.179956	0.106320	0.103397	-0.259183	0.053676	0.172132	-0.130489	0.111670	0.094558	0.157823	0.328955	-0.157532	0.115056	0.036539	0.167866	-0.300442	0.206779	0.010333	-0.064036	0.019650	0.043860	0.160104	-0.254144	-0.187046	0.037738	-0.002884	0.036157	0.076772	0.060753	-0.052989	0.165966	-0.137874	0.038857	0.102318	0.116206	-0.078088
-1.897158	1.306456	-1.325973	-1.268256	-1.015367	1.313033	0.252622	-0.131850	-0.089509	-0.998605	-0.341352	-0.307730	-0.911930	0.360557	-0.300821	-0.232032	0.110991	-0.089486	-0.478973	0.095132	-0.105892	-0.247105	-0.039977	-0.155577	0.173827	-0.232000	-0.197843	-0.047447	-0.200566	0.040846	-0.187713	0.033036	0.112763	0.331006	-0.148236	-0.111152	-0.346234	-0.165911	-0.135889	0.039925	0.097905	0.193685	0.317493	0.383004	-0.088716	-0.249235	-0.206735	0.071802	-0.141071	-0.036595	0.037651	0.062056	-0.077338	0.131256	0.424025	0.111775	0.115793	-0.123351	0.011820	0.319911	-0.171705	0.069785	-0.044095	-0.005542	-0.295548	0.003371	-0.212392	-0.214561	-0.215829	0.048416	-0.065841	-0.153534	0.118813	-0.130994	-0.158463	0.065447	0.099713	0.103580	0.039185	-0.135434	-0.032452	-0.069786	0.016023	-0.375247	-0.116029	0.038527	-0.357321	-0.045338	0.151004	0.030115	-0.041880	0.044707	0.084281	0.153830	0.107521	0.059761	0.089064	0.014043	-0.030448	0.090019	-0.089597	-0.027761	0.145979	0.012709	0.133849	0.056205	-0.302624	-0.104621	-0.196880	0.280725	0.051317	0.117885	0.008074	-0.108688	0.116338	0.074012	0.047061	-0.150871	0.046641	0.044954	-0.121292	-0.090272	0.206115	-0.001148	0.134046	0.216040	0.033469	-0.029360
-1.798280	0.521451	-0.891936	-0.069206	0.953649	0.627658	-0.841299	0.766016	1.394702	0.254910	0.235489	-0.807696	1.956196	-0.708200	-0.076767	-0.833717	0.481704	0.319611	0.241460	-0.271801	-0.174045	0.140161	0.010215	0.000526	-0.112538	-0.628524	0.376895	0.076857	-0.269506	-0.295759	-0.154020	-0.129970	0.279149	0.313304	-0.207092	0.383038	-0.366765	-0.306840	-0.269477	0.318670	-0.376679	0.104990	0.173473	0.085205	0.192169	0.024728	-0.429640	-0.221407	-0.117137	-0.318898	-0.461674	-0.184720	-0.087763	0.146587	-0.067962	-0.293456	-0.413485	-0.255492	0.320867	0.109399	0.203621	-0.318999	0.043035	0.114912	0.035126	-0.034475	0.331709	0.020369	-0.242539	0.243797	0.115388	-0.053595	-0.137586	-0.133106	0.184193	0.003976	-0.064429	-0.094566	-0.213962	-0.240563	0.210210	0.209466	-0.282428	-0.036345	0.147354	-0.225270	-0.079548	-0.033392	-0.051504	-0.161838	0.027157	0.216820	-0.037638	-0.023026	0.175060	0.262160	0.020486	-0.228406	-0.078091	0.168034	0.008795	-0.044002	-0.025345	-0.005110	0.236628	-0.156986	0.070257	-0.153072	-0.081433	-0.129305	-0.068348	-0.089487	-0.337964	0.154656	0.033404	0.162532	0.030278	0.035473	0.153839	-0.027946	-0.328145	0.016646	-0.061732	0.021113	-0.167068	-0.135365	-0.100646	0.179391
-0.857805	-3.098817	0.104651	1.019810	-1.107791	0.802406	0.520495	-0.114334	-0.308078	0.507777	-0.133162	-0.084221	0.107903	0.093338	0.340503	-0.073617	0.220294	0.041170	-0.171430	-0.296359	0.007263	0.217869	-0.010275	0.032247	0.069430	0.077430	-0.339913	-0.202973	-0.001890	-0.263983	0.248180	-0.006827	-0.373150	-0.016752	-0.283214	-0.018718	0.245265	-0.007482	-0.038636	0.022129	-0.060210	-0.038587	-0.177436	0.037744	0.076161	0.398773	-0.069006	0.053910	-0.146395	0.208485	-0.013676	0.053774	-0.032691	0.127919	-0.260594	-0.264140	0.082517	0.012805	-0.018205	-0.322598	0.000755	-0.008956	0.069671	-0.098139	0.200393	0.047292	0.034473	-0.092498	-0.019920	0.035693	0.076536	-0.100713	-0.054308	-0.059670	-0.072206	-0.070655	0.278406	0.106844	-0.022054	0.004709	0.039671	0.047885	-0.191238	0.018950	0.221646	0.021994	-0.026952	-0.092938	-0.027301	0.246956	-0.062660	-0.039088	-0.013888	0.001535	-0.008826	-0.070975	-0.115542	-0.005000	-0.010955	-0.207604	0.118079	-0.141492	0.115403	0.086418	0.039007	-0.062605	0.005706	-0.120755	-0.032890	-0.078343	-0.003631	0.090951	-0.082421	0.112997	-0.007512	-0.012485	0.080350	0.157593	-0.060069	0.106578	-0.021258	-0.117913	0.045748	0.077863	0.180028	-0.027941	0.053991	-0.216574
-1.963779	-1.795925	-1.398440	0.664979	0.579402	-0.922148	-0.206542	-0.128609	0.682061	0.303890	0.593219	0.395215	-0.605513	0.764282	-0.009797	-0.420491	-0.198056	0.436395	-0.188615	0.123640	-0.481311	-0.224320	0.358654	0.139857	0.080011	0.188935	0.006854	0.148837	0.396832	-0.104710	0.030578	0.189193	-0.019547	0.225689	-0.097468	-0.244377	0.446853	0.365268	0.260145	-0.038215	-0.067927	-0.155944	0.028746	0.063766	0.158559	-0.053472	-0.026639	0.137116	-0.295435	-0.170306	-0.485920	-0.118532	0.075316	-0.332406	0.078751	0.246330	0.390554	-0.120525	-0.267481	-0.306885	0.014023	-0.357855	0.295878	0.234906	-0.080321	-0.162890	-0.116206	0.247402	-0.140169	0.262705	-0.055679	-0.074585	-0.085231	-0.089760	-0.142945	0.147335	0.305970	-0.213000	-0.520574	-0.069513	-0.203556	-0.048729	0.179709	-0.035530	0.168482	0.105017	0.110327	-0.333674	-0.117023	0.066974	0.008158	0.220815	-0.211623	-0.047444	0.213037	-0.050664	-0.370016	-0.007375	0.014254	0.082512	-0.068573	-0.050761	0.028276	0.105752	-0.190552	0.181399	-0.099506	-0.039420	0.004742	0.106714	-0.069315	-0.008172	0.018965	-0.068429	-0.136643	-0.093467	-0.153451	-0.261098	0.121858	-0.117241	-0.059158	-0.126472	-0.014599	0.035131	-0.003824	0.072735	-0.076271	0.041444
-1.520381	1.022683	-1.426385	-1.848789	-1.114674	0.620067	0.518653	-0.217850	-0.544927	-0.216633	-0.685495	-0.244297	-0.420297	0.432840	-0.009922	0.471234	0.059121	-0.327646	-0.400475	-0.170630	-0.381213	0.135051	0.150127	-0.260340	-0.099773	-0.155525	-0.097448	-0.078003	0.418951	-0.192281	-0.007401	0.406989	0.133145	0.206734	-0.273521	0.220377	0.258860	-0.201532	-0.106222	-0.271739	-0.182872	0.028548	-0.094316	-0.302830	0.022761	0.214122	0.159715	-0.341754	-0.433894	-0.125043	0.165191	0.060876	-0.363103	-0.103511	0.060860	-0.128271	0.042103	-0.135883	0.408818	-0.543606	0.219121	-0.247882	-0.074534	-0.128553	-0.001565	-0.312146	-0.055711	-0.150050	-0.202374	-0.027136	0.272249	-0.033791	-0.127721	0.130547	0.439753	-0.218007	0.074017	-0.276706	-0.333840	0.042744	-0.291000	0.072645	-0.057930	0.116092	0.050749	0.008320	0.095955	-0.042127	0.063643	-0.020239	0.210753	0.092284	-0.120867	-0.174612	-0.024253	-0.014492	0.015094	0.137128	-0.330064	-0.245157	-0.037032	-0.062623	0.015232	-0.066660	0.234417	0.147315	-0.325270	0.114613	0.168935	0.116889	-0.348707	-0.075442	-0.106493	-0.074956	-0.087449	-0.070485	-0.113445	0.045447	-0.095235	0.129175	-0.117433	-0.010026	0.081947	0.084503	-0.054075	-0.067286	0.071785	-0.245244
-0.099282	-1.830780	2.196364	-1.108240	0.193848	0.228724	-0.109742	0.681276	0.463994	-1.025976	-0.470940	0.601006	0.417330	-0.324530	0.290971	-0.326514	-0.437289	-0.077207	-0.657572	-0.172370	0.093273	0.192792	-0.245000	-0.161695	0.025449	-0.437106	0.039289	-0.192437	0.037302	0.176825	0.262427	-0.048942	0.020726	0.198602	0.144804	-0.208222	0.053147	0.054362	-0.089131	-0.132224	-0.215765	-0.061112	-0.199325	-0.119754	0.089747	0.395067	0.383442	0.123046	-0.044128	-0.080261	-0.333379	0.198832	-0.319829	-0.127725	0.252121	-0.434651	-0.182670	-0.168219	0.215512	-0.059961	0.069874	0.014627	0.224815	-0.012118	0.196954	-0.165999	0.205348	-0.106809	0.100955	-0.003115	-0.136570	0.142878	-0.035829	-0.040763	0.048161	-0.219901	-0.060513	-0.112293	-0.077320	-0.032172	0.138437	-0.065144	0.040362	-0.253984	0.120847	0.023132	0.145845	0.081582	-0.011575	0.019347	0.063258	0.156579	0.086226	-0.098984	-0.049903	0.221997	-0.068920	0.003290	-0.003865	-0.075215	0.003100	-0.215410	0.033795	0.117188	0.033241	0.113712	-0.207887	0.228121	-0.070499	0.071483	0.002942	0.120572	-0.099370	0.152077	0.112544	-0.059958	0.007832	0.077383	0.012786	0.032035	-0.100199	0.041018	0.077269	0.097038	0.086096	-0.058608	0.013439	0.031943
-0.207581	-1.545950	2.399153	-1.052927	0.452362	-0.360030	-0.607744	0.630570	0.833386	-1.176422	-0.205677	0.274253	-0.071788	0.066257	0.612449	0.152894	-0.053067	-0.214369	-0.442202	-0.144656	0.274809	-0.280848	-0.072078	-0.164620	0.068753	-0.673293	0.016617	-0.445627	0.110212	0.419594	0.113377	-0.039284	0.063420	0.208288	0.113676	-0.154657	0.394282	0.052634	-0.036459	0.010028	-0.025841	-0.046407	0.041180	-0.304723	0.125646	0.298545	0.473566	0.089568	-0.050676	-0.303799	-0.226443	0.020302	-0.308765	0.149014	0.008847	-0.512576	0.042655	-0.322570	0.255870	-0.165927	0.074853	-0.048269	0.022100	-0.041598	-0.001784	-0.186368	0.041389	0.162224	-0.287913	-0.105485	-0.030328	0.096802	-0.082136	-0.052702	0.000324	-0.083517	-0.016716	-0.204714	-0.014300	-0.170082	0.106033	0.004478	-0.035461	-0.221467	0.097845	0.057354	0.180185	0.007313	0.014648	-0.108040	0.018950	0.056408	0.110052	-0.120303	-0.004648	0.065934	0.126548	0.013468	0.089432	0.129385	0.088551	-0.237580	0.129938	0.047314	0.005405	0.050793	-0.264962	0.143125	-0.129396	0.069441	0.114918	0.262926	-0.147900	0.114417	0.053236	-0.149401	0.055418	0.079065	-0.016859	-0.048334	0.020180	-0.089477	0.069905	0.000167	0.121344	0.002890	-0.161721	0.036714
0.716544	0.443817	1.709662	0.284970	-1.530172	0.239942	-1.798060	-0.958131	1.380824	-0.225926	0.067778	0.058056	-0.687785	0.895679	-1.042365	0.581634	0.272396	-0.467005	0.050341	-0.237627	0.686836	0.363786	0.771485	0.459063	0.140427	-0.364874	-0.587600	0.126944	-1.491110	0.213043	-0.099555	0.257440	0.120306	0.055035	0.388867	0.484899	0.896439	-0.950537	-0.734207	-0.700050	-0.127810	-0.471153	0.143904	0.707441	-0.098829	0.385997	-1.088290	0.181782	0.382002	0.367678	0.134100	-0.405208	-0.155370	0.268235	-0.195786	-0.581319	-0.160708	-0.389786	0.041584	0.181789	0.057659	0.408911	0.432913	0.421586	-0.132113	-0.219307	-0.227078	-0.044053	0.215033	-0.005208	-0.532591	-0.130896	0.078058	0.019669	-0.205387	-0.199998	-0.394333	0.172075	-0.239242	0.003708	-0.196138	0.165812	-0.149448	0.152637	0.099976	0.201361	0.315506	-0.419046	0.328889	0.090160	0.148124	0.237581	-0.303299	0.212898	-0.222975	0.009526	0.114018	0.230789	0.290575	0.056805	-0.063381	-0.175085	0.110186	0.013471	0.238207	-0.092742	-0.228490	0.112562	0.028003	-0.056917	-0.026452	0.182821	-0.017596	-0.064406	-0.185329	-0.027938	-0.032758	0.013056	0.120291	-0.109011	0.089814	-0.025443	-0.013445	-0.239585	-0.163379	-0.151014	-0.046153	0.040051
-0.533568	-0.111848	-0.650504	-0.951590	0.151917	-0.829214	-0.468441	-0.710195	0.730147	1.891294	0.171461	-0.374310	-0.063600	0.470094	-0.397532	0.348585	-0.342861	-0.109886	-0.011737	-0.283319	0.129999	0.477257	0.232968	0.109763	0.429112	-0.177098	0.209202	-0.102157	-0.244452	-0.162048	0.222099	0.452261	0.114736	0.010656	0.330211	-0.270526	0.358475	0.017218	-0.073543	-0.206748	0.233544	-0.483297	0.078376	0.137936	0.292218	-0.029363	-0.096562	0.159010	-0.232357	-0.181704	-0.091796	-0.209794	0.528300	-0.526604	0.154612	0.004198	0.298052	0.092122	0.464429	0.319996	-0.027911	-0.052983	0.077294	0.144282	0.204296	-0.240925	-0.017320	-0.105013	0.427112	-0.031669	0.281604	-0.196072	0.098539	-0.026180	-0.002991	-0.206264	-0.071892	-0.368350	-0.260577	0.554662	0.458188	-0.151435	0.031316	0.016449	-0.250073	-0.218625	-0.063768	-0.101613	-0.111562	-0.069179	-0.093022	-0.315276	-0.062913	0.092268	-0.022312	0.049069	0.093281	0.014959	0.198802	-0.197813	0.173136	-0.129287	0.122558	0.005540	-0.013121	0.314813	-0.061432	0.170056	-0.258411	0.068027	0.034071	-0.142619	-0.000890	-0.009123	0.084544	-0.183394	-0.025146	0.325808	-0.266726	0.167463	-0.133169	-0.027311	-0.065549	0.309211	0.058241	-0.055513	0.154520	0.065136
-2.187139	-2.180911	-0.632492	0.112615	1.680556	0.876083	-0.643193	-0.137461	1.182906	-0.787013	0.655861	0.347320	-1.248612	-0.049611	-0.066649	-0.193294	0.068440	-0.374920	0.173707	-0.076581	-0.360928	-0.712406	0.608007	0.391117	-0.151149	0.362416	-0.213018	0.485886	0.322732	0.025375	0.452880	0.707541	-0.038595	0.429313	0.087018	0.129081	0.388477	0.161341	-0.071586	0.352461	0.637437	-0.971566	0.019425	-0.049452	-0.066034	-0.174594	-0.096879	0.390610	-0.431041	-0.154735	-0.251783	0.205617	-0.158410	0.314225	0.315792	-0.046163	0.323777	-0.193370	0.363753	0.207535	0.199399	-0.185353	-0.132346	0.645152	-0.473572	-0.196014	0.174089	0.129310	0.185129	-0.399677	0.540594	0.264532	0.164953	-0.063360	-0.002959	0.062177	0.149530	0.049162	-0.238374	-0.476678	-0.132600	-0.305018	-0.091466	0.374821	0.097112	0.019291	-0.220335	-0.139459	0.121947	-0.115855	-0.661182	-0.311692	0.034241	0.115885	0.198573	-0.070022	0.155930	0.128051	0.037157	-0.247960	-0.076812	-0.015464	-0.123409	0.186843	-0.095690	-0.246528	0.071336	-0.222033	0.055192	0.080473	0.090631	0.123142	0.027993	0.286053	0.218066	0.070676	-0.134391	0.104492	0.163545	-0.067070	0.020512	0.313246	0.161631	-0.108758	-0.065324	-0.087955	0.096695	-0.034216
0.766617	0.995634	-1.362977	-0.912635	-1.572186	-1.243820	1.089576	-0.505643	0.300021	-0.288552	0.379872	-0.730510	-0.319535	0.228567	0.784872	-0.018270	-0.061184	0.011902	0.039998	-0.589487	0.589606	0.547956	0.626344	-0.013619	0.883063	0.103765	0.404351	0.139995	0.133052	0.135799	-0.329771	-0.986244	0.019917	0.050181	-0.194959	0.270318	0.479393	0.403692	-0.453814	0.666475	-0.129297	0.007527	0.308429	-0.165050	0.212030	-0.262274	-0.051202	0.429265	-0.372823	0.018116	-0.220961	0.104396	0.068048	-0.327848	-0.103742	0.264469	0.118994	-0.130365	-0.617831	0.217507	-0.192598	0.135422	0.338758	-0.036275	0.202285	0.056589	0.125157	0.103602	0.420345	-0.375934	-0.096708	0.382296	0.031125	0.092677	-0.127238	-0.199150	0.096196	0.149773	-0.127925	-0.000614	0.135880	0.007078	-0.138647	0.144229	-0.129799	0.174596	0.105640	-0.082445	-0.126284	-0.178198	0.179121	0.236520	-0.028778	-0.019799	0.225726	-0.348385	-0.011048	-0.084647	-0.077506	0.057346	-0.125127	0.052677	0.136208	0.487190	0.132773	0.222444	-0.057512	0.107049	0.063065	0.111949	-0.319874	-0.156240	-0.103250	0.218112	0.185753	0.360578	-0.116713	0.213710	-0.061259	0.025554	0.084053	0.053689	0.073620	0.035645	0.055874	-0.088574	-0.166294	-0.153303
-0.815872	1.226536	0.178808	3.011401	-0.262803	-1.272428	0.188850	-0.077135	0.105114	-1.008428	-0.477557	0.688108	-0.225706	0.234917	-0.518365	0.241076	0.291355	0.148371	0.233651	-0.399764	0.077433	0.280193	-0.666049	-0.041744	0.459060	0.269578	0.522693	0.126634	-0.388280	0.057500	0.419089	0.105618	-0.035762	-0.088087	0.433255	-0.132697	-0.086426	-0.267347	0.023576	-0.208634	0.167947	0.255670	0.065716	0.113601	-0.162290	-0.319843	-0.140787	-0.209379	-0.013673	-0.008934	-0.094268	0.184451	-0.165118	-0.317827	-0.238871	-0.052988	-0.105190	0.152726	-0.253351	0.223277	-0.281263	0.162621	-0.092879	0.064994	-0.136443	-0.113857	0.174465	-0.135100	-0.005962	0.104313	0.176445	0.047877	-0.222765	0.184418	-0.245632	0.005452	0.151857	-0.218393	-0.094639	0.050565	-0.181843	0.106540	0.008372	-0.038844	0.116812	-0.007447	-0.108440	0.287722	-0.118852	-0.110420	-0.016116	0.051044	0.031121	-0.039614	-0.055865	0.087434	-0.057750	-0.070861	0.040263	-0.078455	-0.055363	-0.143752	0.118612	0.020114	0.061432	-0.050622	-0.029115	-0.163054	-0.051529	0.114751	0.039000	0.107237	-0.194135	0.136325	-0.108119	0.058567	-0.079666	-0.063549	-0.085365	0.014604	-0.116617	0.088900	0.147116	0.159613	0.103696	0.168823	-0.132256	-0.049630
-1.851630	1.278735	-0.208140	1.270683	2.796840	0.816255	-0.433731	0.073767	-1.034593	-0.744895	-0.048936	0.636187	0.463137	-0.181010	0.227631	0.875182	0.682205	0.119094	0.309815	-0.113872	0.790342	0.079351	0.800602	0.129595	-0.121730	0.391765	0.070326	0.252121	0.133118	0.391145	-0.336801	-0.501888	0.063607	0.204376	-0.002652	-0.020277	-0.170330	-0.156285	-0.042970	-0.289610	-0.225082	-0.248343	-0.035727	-0.333513	0.250590	-0.107635	-0.014086	0.230237	0.112620	-0.219454	-0.474579	0.203036	-0.438423	0.150974	-0.154147	-0.113170	-0.237684	0.024980	-0.169666	0.042938	0.313172	0.128424	-0.190225	0.119190	0.325995	0.001637	0.030973	-0.310784	0.039188	-0.291525	-0.281299	0.112454	-0.473938	0.160543	0.248859	-0.293512	0.433985	0.235894	0.122170	0.319314	-0.222956	0.213918	-0.457476	-0.023327	0.111182	-0.000879	-0.190061	0.156829	-0.002708	-0.048101	0.041824	0.260148	0.115731	0.060021	0.146998	-0.071203	-0.332231	0.174062	-0.102629	0.185222	0.131387	-0.069936	0.135073	0.474028	-0.010901	-0.156675	-0.181591	-0.120241	-0.095416	0.102847	0.126059	0.143239	0.006773	0.111782	-0.043711	-0.044789	0.051478	-0.023415	-0.434934	0.157270	-0.001986	0.051349	-0.241256	0.217285	0.105675	0.052195	0.001791	0.143051
3.323180	-0.579871	0.088940	0.243875	-0.487900	2.222141	0.846940	0.225898	0.920777	-0.304867	1.112837	-0.017383	1.054273	0.240856	0.068297	0.212143	-0.456700	-0.006759	-0.330082	-1.069575	-0.381767	0.549056	0.782424	-0.137726	0.033785	-0.577839	0.810996	-0.252396	0.504206	0.139416	0.652535	-0.238542	0.843213	0.724234	0.132518	0.229200	0.156409	0.559785	-0.037651	-0.204581	0.224122	-0.388738	-0.406350	0.152453	-0.106977	0.318874	-0.465198	0.565330	-0.015124	-0.312038	0.447478	-0.114687	0.266154	-0.029278	-0.426280	0.090675	0.188928	0.095567	-0.107796	0.224623	0.251116	-0.041811	0.154663	-0.138831	0.318883	-0.249116	-0.002784	0.204038	0.183967	0.305447	-0.321315	0.082206	-0.138302	0.306185	0.147308	0.052156	-0.181941	-0.208139	0.130319	0.291215	-0.262267	-0.000639	0.202676	0.013533	-0.133780	-0.058494	0.182129	0.417763	0.293978	0.202039	0.095908	0.007406	0.328562	0.038430	0.005211	0.040590	0.155001	-0.206447	-0.037128	0.158571	0.058055	0.008971	-0.105790	0.090877	-0.195423	-0.063819	0.038418	0.087150	-0.069130	0.055807	-0.041731	-0.373380	0.082789	-0.009951	0.038584	-0.030784	-0.128996	-0.015742	0.026910	-0.017868	0.003014	0.019998	-0.060484	-0.084646	0.064255	0.357949	-0.000350	-0.191684
-0.237945	0.772638	2.248514	-0.351941	0.909371	0.762897	-0.968734	0.040992	-0.788185	0.683113	0.127025	-0.075234	0.382573	1.465808	0.471886	0.274047	0.543650	-0.323710	0.664506	0.113388	-0.214847	0.185229	-0.593075	-1.130961	0.058065	-0.016375	-1.064842	-0.807200	-0.130550	-0.381900	-0.087467	-0.861900	0.505955	0.350775	-0.341250	0.693071	0.089068	0.242016	-0.240080	-0.379807	0.051958	-0.071769	-0.105104	0.182056	-0.616566	-0.469462	0.181789	0.080134	-0.666095	-0.234365	0.056898	0.343832	0.027551	-0.113803	-0.314616	0.176942	0.148458	-0.276211	-0.261247	-0.289019	-0.315003	0.073016	-0.282286	0.153316	0.333446	-0.039947	0.098364	-0.082153	0.194154	0.106900	0.236755	0.026752	-0.088324	-0.264992	0.043690	0.257838	0.065369	-0.058361	0.024574	0.122482	0.058656	-0.211183	-0.036324	0.334585	0.185604	0.071873	-0.163438	0.003899	0.154471	0.038249	0.047944	-0.018948	0.032440	-0.012900	0.361766	-0.073297	0.042421	-0.094301	0.022850	0.035084	-0.163692	-0.081410	0.058280	-0.002041	0.099109	0.005322	-0.127410	0.032001	0.269816	-0.087419	0.156209	0.237976	0.008324	0.034725	-0.125690	-0.087939	0.276244	0.138029	0.061162	0.063890	-0.107623	0.081930	0.038789	0.137122	-0.015166	0.132314	0.001132	-0.076120
-0.176863	0.978501	2.639862	-0.379485	0.692860	1.081459	-0.588230	0.215012	-1.281525	0.595830	0.093467	0.548851	-0.037380	1.463298	0.032926	-0.540141	-0.048740	-0.316665	0.853317	-0.305271	-0.424481	-0.473890	-0.122305	-0.607375	0.249969	-0.118574	-0.672894	-0.429155	0.000571	-0.267771	-0.171615	-0.695814	0.142610	0.098076	0.056641	0.358550	0.322295	0.205759	-0.034149	-0.088203	0.041710	0.373180	-0.157062	-0.016812	-0.685681	-0.067146	0.506062	-0.105569	-0.325624	0.304971	-0.210442	-0.056713	0.318474	-0.342553	-0.122177	-0.059235	-0.291266	-0.454700	0.088204	-0.058351	0.001717	0.323440	0.208754	-0.034805	-0.299323	-0.078814	0.058526	0.052876	-0.105349	-0.182723	0.233659	-0.169963	-0.077064	-0.064390	-0.036408	-0.050116	-0.067355	-0.061127	-0.207105	-0.094482	0.247172	0.004242	-0.020543	0.217057	0.118343	-0.042878	0.212152	0.180280	0.173980	-0.058328	-0.109426	0.143045	-0.015381	-0.189751	0.013869	0.100632	-0.004573	0.224271	0.249758	-0.090706	0.160181	0.150430	0.039758	0.166064	0.063107	0.109598	0.168580	0.026412	-0.123611	0.077915	0.090437	-0.131001	0.065522	-0.191508	0.087196	0.123297	-0.015260	-0.142038	0.139184	0.033542	-0.051015	0.000852	0.040670	0.025972	-0.094717	-0.034215	0.026200	0.081702
-0.214149	1.208149	2.337283	-0.178837	0.622209	0.282880	-0.449774	0.210407	-1.230928	0.612911	-0.159079	0.231203	0.269051	1.371762	0.181099	-0.456860	-0.064568	-0.436109	0.836935	-0.205075	-0.202914	-0.185832	-0.052582	-0.652534	0.217301	-0.191362	-0.698475	-0.364031	-0.161065	-0.449156	-0.190138	-0.745857	0.231248	0.244756	-0.160074	0.564940	0.208232	0.282328	-0.093510	-0.136796	-0.092991	0.179335	-0.191736	0.166477	-0.609546	-0.196463	0.258180	0.122527	-0.367167	0.275842	-0.061988	-0.051042	0.229756	-0.216409	-0.111736	0.059117	-0.155100	-0.371438	-0.037627	0.021634	0.038394	0.169105	-0.040193	-0.087487	-0.116535	-0.216514	0.061278	0.032017	-0.095813	-0.046696	0.285949	-0.122477	-0.162181	-0.003245	-0.094536	0.039016	-0.090500	0.045930	-0.064949	-0.124167	0.130628	-0.064268	0.091165	0.185052	0.170536	-0.124900	-0.048004	0.100624	0.249489	-0.001354	0.004318	0.089246	0.060709	-0.043970	0.036139	0.082247	0.081060	0.086022	0.219460	-0.040346	0.143171	0.121920	0.126118	0.134483	0.023002	0.080698	0.121852	-0.019216	-0.172506	0.235848	0.105263	0.008043	0.069578	-0.205327	-0.020708	-0.043119	-0.010611	-0.036003	0.001975	-0.094568	-0.072868	-0.000180	-0.001936	-0.066860	-0.073630	-0.070809	-0.058460	0.082312
0.148985	-1.416734	1.978503	-1.457703	0.692309	0.579906	-0.059040	0.558048	-0.244836	-0.146004	-0.545843	1.041582	0.390155	0.074427	0.177824	-0.637379	-0.201047	0.131892	-0.710139	-0.038819	0.418707	0.267162	-0.238401	0.043340	0.384035	-0.092381	-0.280058	-0.120660	-0.382652	0.050090	0.151562	-0.074386	0.047919	0.209912	0.036403	-0.163185	-0.186968	0.128827	-0.130235	-0.048435	0.012749	-0.042594	-0.094579	0.223891	-0.156179	0.345722	0.119492	0.033647	-0.238246	0.147411	-0.149103	0.243668	-0.176734	-0.229654	-0.095231	-0.002440	-0.247176	-0.046130	0.025444	-0.107580	0.164729	-0.001724	0.155327	-0.137239	0.138006	0.053301	0.043858	-0.033651	0.036002	0.199421	-0.297090	-0.011696	0.016222	-0.106105	-0.104428	-0.027655	-0.119639	0.092913	0.124664	-0.110613	0.067154	-0.234449	0.038149	-0.050435	0.135798	-0.010097	-0.135273	0.239315	-0.222711	-0.056752	-0.118432	0.168173	-0.028284	-0.072041	0.058607	0.051661	-0.099693	0.088599	0.182011	-0.151163	-0.257244	0.107513	-0.073649	0.031014	-0.091997	-0.078076	-0.063240	0.040541	0.082554	-0.052921	-0.124681	-0.082797	-0.032838	0.117315	-0.008494	-0.013542	0.010742	0.016373	-0.034979	0.002811	-0.011215	-0.002955	-0.082854	0.034558	-0.055977	0.127947	0.110018	0.092020
-1.851889	1.194333	-1.979637	-0.087032	-1.123732	-0.035917	-0.433078	0.668517	1.099240	0.077011	0.343182	0.839678	-0.072971	0.299860	0.360189	0.057887	-0.395716	0.576252	-0.000755	0.597609	-0.745155	-0.071988	0.426448	0.155515	-0.235326	-0.037537	0.000319	-0.898452	0.186595	-0.024287	0.161585	0.154594	-0.140969	-0.223356	-0.195761	-0.157497	-0.235503	0.074384	-0.209014	-0.636829	0.254128	-0.230501	-0.122361	0.128075	-0.057375	0.151588	0.095962	-0.019966	-0.009811	0.193513	-0.274455	-0.126281	0.081657	0.094324	-0.099929	0.165797	-0.095281	-0.026447	0.205133	0.179376	0.013440	-0.432243	0.007007	0.113534	0.205728	-0.228204	-0.300742	-0.567888	-0.245750	-0.005041	-0.214725	0.022530	0.409217	-0.170028	-0.458588	-0.041467	-0.205855	-0.027581	0.202431	0.256301	-0.022527	0.163655	-0.000947	-0.004714	-0.056838	-0.126519	-0.380721	0.242177	0.065729	-0.134347	-0.079496	-0.093194	0.084429	0.069394	-0.146311	-0.093884	-0.023746	-0.220186	-0.065764	-0.277946	-0.034607	0.143021	0.037591	0.384820	0.197804	0.072644	-0.127286	-0.154906	-0.068647	-0.120598	0.035978	-0.146802	0.230785	0.050655	-0.121959	0.057073	-0.047525	-0.039632	0.340252	0.214384	0.068946	0.076686	0.003225	0.050392	0.076041	0.283108	-0.035261	0.122126
0.681740	-0.047512	1.303667	-0.920565	-0.392535	-0.997151	-1.715149	0.776080	-0.631287	-0.319542	-0.646794	-0.621795	0.369727	0.419752	-0.400604	0.576774	-0.004308	0.496390	-0.128364	0.502063	0.656696	0.495464	0.256417	0.365270	0.506138	0.565169	0.077561	-0.153156	0.418401	-0.497612	-0.494084	0.335100	-0.025643	-0.213509	-0.048236	-0.145329	0.584898	0.083291	0.131688	0.217067	-0.428100	-0.294696	-0.248760	0.594905	-0.098488	-0.262190	-0.581492	-0.287303	-0.195191	-0.141930	-0.277120	-0.068596	0.267303	-0.284230	-0.147849	-0.260454	-0.496809	0.248400	0.063565	0.208694	0.056920	-0.620847	-0.205005	0.019394	-0.166107	-0.033586	-0.043432	0.203440	0.121886	-0.043433	0.161440	0.311240	0.012832	-0.429555	0.389945	0.416333	-0.079239	-0.159188	0.095038	-0.116276	0.033300	0.158662	0.009574	-0.215822	-0.325840	0.052572	-0.104269	0.105867	-0.052636	0.130875	0.173607	-0.023041	0.132757	0.102455	-0.090181	0.057509	0.191098	0.440415	0.188484	-0.039778	-0.231163	-0.015617	0.239882	-0.178322	-0.140772	-0.057521	-0.053944	-0.257596	0.037072	-0.208727	-0.062613	0.067697	-0.024496	-0.016754	-0.072926	0.294401	-0.106168	0.099544	-0.221092	0.177327	-0.167341	-0.081950	-0.028577	-0.189695	0.247004	0.034885	0.184497	0.216029
-0.758107	2.118499	0.276023	-0.694737	-0.658899	-0.795111	-0.240909	1.299015	0.307742	-0.883955	0.177584	-0.178545	0.075293	0.609061	0.592025	0.262692	0.573001	0.246282	-0.318398	-0.251676	-0.160318	0.240713	0.162413	-0.358802	-0.033341	0.088188	0.118795	0.381830	0.162239	-0.287989	-0.261310	0.467109	-0.542060	-0.067597	-0.195454	-0.159894	0.072299	-0.248630	-0.336488	-0.100339	0.072985	-0.133980	-0.400668	0.194548	-0.605229	0.147495	-0.094527	0.217527	0.213498	0.124938	-0.173359	0.098956	0.201540	0.064499	0.195546	0.161624	-0.222903	-0.245961	-0.137247	-0.296898	-0.004358	0.052738	-0.002241	0.143047	-0.305266	-0.106051	-0.181940	-0.043503	0.134326	0.088359	-0.266614	-0.015193	0.008146	0.072030	0.088612	0.121250	0.110706	0.024737	-0.016407	-0.104728	-0.080632	0.068919	0.000298	0.008669	0.097596	-0.188978	-0.104150	0.227614	-0.311585	-0.009441	-0.214379	-0.104300	-0.111541	-0.057936	0.314006	0.052302	-0.144188	-0.064331	0.085107	-0.090108	-0.133906	0.012259	-0.010847	0.050267	0.224702	0.121560	0.106002	-0.056461	0.087886	0.102131	0.013911	-0.087001	0.151636	-0.130858	0.055257	0.060655	-0.069933	-0.077107	-0.090846	0.023879	0.175328	-0.047823	-0.003614	-0.009835	-0.134381	-0.074697	0.026789	-0.046954
-0.414437	0.570108	2.100759	-0.652716	0.460145	1.017328	1.157775	-0.171637	0.089721	1.602209	-0.285823	0.132118	0.887969	-0.523713	0.104340	0.027328	0.575602	-0.068537	0.032874	0.610476	0.059021	-0.011942	0.136461	0.158024	0.348576	-0.164547	0.126126	0.040205	0.452236	-0.375457	0.419156	0.281335	0.084332	-0.410550	-0.076739	0.742720	-0.057750	-0.194194	0.107464	-0.438219	-0.208664	-0.176251	0.007162	-0.305170	0.005201	0.214024	0.143469	-0.207153	-0.103830	-0.186284	-0.120305	-0.159761	-0.081398	-0.266338	-0.245510	0.507150	-0.314776	-0.362576	-0.057978	-0.298991	-0.267384	0.167933	-0.211879	0.266923	-0.223646	-0.043847	-0.194542	0.026594	-0.172835	-0.257451	-0.273706	-0.102338	0.081509	0.055860	0.086849	-0.104404	-0.273539	0.117109	0.083317	-0.325615	-0.055847	0.038530	0.113170	0.270185	0.048679	0.275117	-0.200085	0.057369	-0.260384	-0.145970	0.146171	-0.299337	0.184806	0.158410	0.043759	-0.214941	0.130640	-0.089859	-0.156841	0.162980	-0.171071	-0.026305	0.035328	0.042178	-0.081980	0.201882	-0.086104	0.224322	0.081954	0.032692	0.125166	-0.063692	0.057183	0.185022	-0.063282	-0.230813	-0.172288	-0.121945	-0.222425	-0.061386	-0.011843	0.061104	0.239618	-0.055797	-0.086266	-0.058255	0.053181	0.029874
-0.628007	1.559623	1.063311	-0.025591	0.465791	-0.941364	1.118357	-1.430580	0.239589	0.297508	0.633691	-0.510078	-0.320821	-1.208442	0.275778	0.261360	-0.949632	0.189715	-0.175560	0.997822	0.245298	-0.803514	0.060593	0.062364	-0.749191	-0.462761	-0.516824	-0.588950	0.711386	-0.044488	0.598877	0.372506	0.018199	0.366839	0.312915	0.120218	-0.239873	0.520362	-0.286379	0.194528	-0.313291	-0.037444	0.306359	0.290329	-0.785501	0.557072	-0.213272	0.035280	-0.172537	0.351857	0.003669	-0.045545	-0.091157	0.037312	-0.168152	-0.092711	0.089754	0.171978	-0.571862	0.138530	0.096260	0.358938	-0.203892	-0.286071	-0.163629	-0.360357	0.018107	0.091734	0.036802	-0.127887	0.193587	-0.227051	0.191227	0.073832	-0.126460	-0.891733	0.136510	-0.094589	0.510040	0.113913	0.277757	0.180957	-0.249284	0.089258	0.180806	0.061598	0.045713	0.066820	0.147590	-0.072801	0.113146	-0.191694	0.000945	0.030078	0.207387	0.166506	-0.262612	-0.415535	0.100277	-0.212632	-0.250000	-0.094252	0.011273	-0.068308	-0.219524	0.027160	0.058513	-0.165191	-0.182453	-0.085012	0.039347	0.106726	0.052742	0.077819	-0.055029	0.193257	0.064945	-0.101524	-0.072027	0.070832	0.177928	-0.119560	0.064854	-0.230230	-0.059184	-0.229983	0.137771	-0.031386
-1.329840	0.928697	-1.423614	-0.606394	-0.412873	0.043542	0.072887	-1.036905	-0.217261	0.745188	-0.732035	-0.297522	-0.448219	0.295218	-0.628761	-0.242022	-0.177893	0.139725	-0.950148	-0.068684	0.039277	0.026874	0.289993	-0.082939	-0.243745	-0.311071	-0.120429	-0.161327	0.298796	-0.158980	-0.111877	-0.125442	0.024717	-0.130716	0.282657	0.057859	-0.242344	0.223466	-0.163929	-0.237411	0.141812	0.049841	0.139642	-0.008936	-0.119369	-0.165595	-0.321420	0.129996	-0.161131	-0.399936	-0.053073	0.153440	-0.108341	0.153213	-0.072513	-0.124546	-0.017933	0.010939	0.125891	-0.216258	-0.069203	0.016052	-0.144792	0.134138	-0.006268	-0.033822	0.273641	0.265859	-0.046383	-0.045224	-0.018001	-0.095952	-0.348927	0.077767	-0.031277	-0.002835	0.070536	0.242904	0.046467	-0.017419	-0.095787	-0.099195	-0.003275	-0.052646	-0.072988	-0.085325	0.019331	0.124445	-0.066085	0.261937	-0.186981	-0.017233	-0.137473	-0.166952	-0.106190	0.192787	-0.048610	-0.094434	0.071552	0.017776	0.125305	0.088376	-0.132049	0.028726	-0.051826	0.144063	-0.000206	0.019281	-0.015912	0.030557	-0.006877	0.095027	-0.207626	-0.013014	0.123367	-0.167036	0.024525	0.015172	-0.061746	-0.043088	0.075997	-0.065420	0.072502	0.040757	0.057557	0.145568	0.024281	0.089698
0.514810	1.276040	1.852749	-0.583203	0.256897	0.048071	1.507956	-1.722648	-0.376202	0.209594	0.894122	-0.095995	0.011058	-0.504237	0.275747	0.314124	-0.450999	0.086074	-0.383560	0.801522	0.321071	-0.761554	0.097220	-0.120503	-0.643808	-0.239358	-0.164675	-0.209670	0.696259	-0.015673	0.135394	0.008921	-0.169512	-0.395243	-0.142304	-0.447662	-0.293719	0.202423	-0.568828	-0.167629	-0.173662	-0.619877	-0.093731	0.528916	-0.662373	-0.036027	-0.262820	-0.015515	-0.557486	0.207015	0.329182	-0.227149	0.278465	-0.212372	0.020892	0.221903	0.283343	-0.030538	-0.089188	-0.165588	-0.332812	0.355286	-0.192612	-0.196553	0.368436	-0.211900	0.530842	-0.140899	-0.353392	-0.431313	-0.314926	-0.076344	0.070103	-0.230017	0.056529	-0.073834	0.193112	-0.054209	-0.589033	-0.117779	-0.081239	-0.089390	0.035531	-0.550951	-0.247254	0.102470	0.083883	-0.164541	-0.031310	0.180213	0.123970	-0.235116	-0.237759	-0.009443	0.044445	0.212000	-0.027018	0.102958	-0.139555	-0.108042	-0.174841	0.019575	-0.096777	0.129910	-0.195749	0.052146	-0.006215	-0.032207	0.123388	-0.034609	-0.156946	-0.173978	-0.103494	-0.156011	-0.128804	0.136050	0.071089	0.237823	0.052051	-0.037090	-0.047487	-0.144699	-0.017345	0.309325	0.147312	-0.012808	-0.209411	0.086924
1.448149	1.732297	-0.041795	0.070153	-0.982899	-1.551240	1.047177	0.012237	0.298357	0.529457	-0.890254	-0.647873	-0.642887	-0.435234	0.947360	-0.430143	-0.126534	0.396890	0.130689	-0.146588	0.718566	-0.027051	0.612215	0.114245	0.643795	0.733187	-0.064802	0.015591	0.384571	-0.198169	-0.167498	-0.845648	0.002884	0.128885	0.327269	0.441709	-0.500540	-0.574397	-0.370843	0.471642	0.074457	0.028893	-0.120564	0.286211	-0.109044	0.270306	-0.183879	0.138134	-0.175110	-0.054547	-0.001991	0.238766	0.219173	0.115041	0.047645	-0.125035	-0.376747	0.149215	0.110360	-0.135646	0.052121	-0.183371	-0.056333	-0.018008	-0.090693	-0.203211	0.264521	0.017288	-0.039415	-0.107589	-0.091451	-0.305816	0.050882	0.280212	-0.089114	0.164090	-0.052723	-0.198864	-0.010947	0.051992	-0.052183	-0.071815	-0.008181	0.116507	0.110575	0.061043	0.099975	-0.116049	0.044575	-0.234685	-0.126856	-0.024175	0.155433	-0.165229	-0.197487	-0.055335	-0.034506	0.073441	-0.039049	-0.060960	0.025692	-0.112016	-0.020897	-0.206124	0.016732	0.095584	-0.124390	-0.097465	-0.011510	-0.075790	0.063605	0.027464	-0.020759	0.048126	0.087072	-0.146075	-0.043200	0.026574	0.074413	-0.014699	0.093026	0.074922	0.164588	0.039522	0.000710	0.189637	-0.008422	0.041541
1.253060	2.059287	-0.385420	0.237020	-0.588370	-2.485231	0.980822	-0.290263	0.288041	0.635559	-1.246201	-0.975577	-0.682266	-0.586937	1.363372	-0.580034	0.114429	0.377651	-0.057728	0.059087	0.496567	-0.211848	0.540585	0.145061	0.724288	0.730989	-0.079755	-0.084665	0.560254	-0.423735	-0.012936	-0.817594	0.234949	0.470072	0.448651	0.459455	-0.393298	-0.478353	-0.178890	0.467861	0.368719	-0.020917	-0.071945	0.225489	-0.026361	0.462351	-0.081839	0.163046	0.026699	0.016322	0.046434	0.300268	0.355307	0.198343	0.225978	-0.228466	-0.509655	-0.029462	0.265701	-0.197091	0.116550	-0.347271	-0.058834	0.049809	-0.118447	-0.307189	0.421942	0.118468	0.108558	-0.238971	-0.130069	-0.213077	-0.076581	0.198218	-0.076500	0.250140	-0.011330	-0.222642	0.049996	-0.070560	0.032215	-0.009741	0.081141	-0.065149	0.147434	-0.024748	0.162003	-0.123862	0.032742	-0.329050	-0.053789	-0.117217	0.168699	-0.100459	-0.345124	-0.104673	0.006594	0.116012	-0.082642	-0.106069	0.054786	-0.074757	-0.070319	-0.190653	-0.090990	0.061981	-0.225387	-0.091404	0.119749	-0.044291	0.023523	-0.037491	-0.030262	0.010669	-0.022091	-0.259731	0.012015	-0.041368	0.019155	-0.063928	0.103636	0.055985	0.105075	0.173422	0.071254	0.196139	0.090069	0.060211
-0.659220	1.811021	1.468878	1.588652	1.278910	-0.708448	0.789428	-0.077876	-0.978988	-0.021149	-0.463595	0.358304	-0.687795	-0.763214	-0.121340	0.001683	-0.258785	0.030435	-0.161440	-0.282897	0.506307	-0.490043	0.245787	-0.262399	0.754029	0.000815	0.653448	-0.728638	0.294786	0.184514	0.030940	0.015004	0.246295	-0.202453	-0.075046	0.244444	-0.382810	0.283441	0.048108	0.082188	-0.259909	-0.050040	0.208995	0.248611	-0.174855	-0.355145	0.082269	0.086889	0.107629	0.189448	-0.219497	-0.054592	0.125088	0.169756	0.055145	-0.193464	0.061110	-0.024104	-0.095500	-0.039107	0.155911	-0.305408	-0.274858	0.196154	0.276952	-0.295437	-0.285283	0.012188	0.453328	0.306091	-0.300472	-0.014768	-0.011755	0.083091	-0.066978	0.099376	0.241840	0.084952	-0.222573	-0.255257	0.096306	-0.092117	0.065394	0.024649	-0.215936	0.223700	0.200571	0.296133	-0.115906	0.373757	-0.019019	-0.204456	-0.261988	0.099294	-0.042866	0.348411	0.169394	-0.061307	0.140844	0.014827	0.255038	-0.164968	0.024395	-0.064170	0.281953	-0.111692	0.276132	-0.100867	-0.165469	0.019534	-0.011084	-0.099278	-0.094669	0.030525	-0.093750	0.061044	0.066742	0.092812	0.224408	0.153825	0.051103	0.170399	-0.115761	-0.044044	-0.007952	-0.063059	-0.110532	0.122666
2.126740	1.006918	-0.052403	2.218720	0.925639	0.626304	0.714649	-0.122318	0.553747	0.543077	-0.586009	0.416831	-0.615915	0.388304	-0.356156	0.316554	-0.285396	0.357209	-0.019914	-0.067136	0.498159	0.658415	-0.060959	0.410531	0.162288	-1.047608	0.525494	-0.448473	0.921254	0.223431	-0.499866	0.231417	0.064250	-0.118521	0.167855	-0.053286	-0.165300	-0.098306	-0.016977	0.243551	0.003705	0.080995	0.370113	0.188101	-0.077931	-0.125776	0.159871	0.126100	-0.197605	-0.176901	0.133041	-0.241225	0.279767	-0.009092	0.269014	0.250302	-0.118638	0.037219	0.172732	-0.140291	-0.068831	0.122850	0.034245	0.303371	0.081375	-0.350964	-0.395979	-0.101219	0.222833	0.180888	-0.132294	0.149520	0.054203	0.060919	-0.002367	0.197330	0.101993	-0.035016	-0.045549	0.054472	-0.223639	-0.204923	0.156642	0.255795	0.044287	-0.116705	0.069953	0.010752	0.037173	-0.134764	-0.101327	-0.115007	0.008713	-0.073301	-0.089194	-0.001110	-0.167692	-0.048711	0.045052	0.075748	0.059304	-0.298106	0.091881	-0.219524	0.092221	-0.009979	0.049256	-0.046623	-0.075077	0.010533	-0.096988	-0.205009	0.274377	0.037241	-0.134137	0.060889	0.305872	0.112826	0.104447	-0.055625	-0.120001	0.212734	0.021410	0.098904	-0.250585	-0.020388	-0.062254	0.002238
-0.167282	1.087417	2.449095	0.267085	-0.545352	1.186483	0.868450	-0.360681	0.124317	1.121099	-0.515164	-0.293750	-0.911328	-0.923562	-0.528893	-0.768287	0.204937	0.872449	0.083296	-0.438585	0.093721	-0.513900	-0.254052	-0.374241	0.007597	0.151828	-0.060373	-0.759066	0.315773	-0.115457	0.515711	-0.333353	-0.060193	0.103205	0.103438	0.113850	-0.042198	0.198393	-0.505873	-0.076551	0.098699	-0.166576	0.020630	0.138223	-0.080022	0.190923	-0.417044	-0.077338	0.112489	-0.116562	0.015105	0.012049	-0.204046	-0.078833	0.178720	-0.120907	-0.262029	-0.247645	0.058890	-0.203476	0.301705	-0.060221	0.025389	-0.141121	-0.175161	0.185260	-0.079063	0.043979	0.225637	0.344559	-0.158315	0.146559	-0.093087	-0.019776	0.020124	0.144365	0.078497	0.105260	0.101948	0.139237	-0.124152	-0.037888	-0.185731	-0.127528	0.230917	0.208866	-0.342148	0.315685	-0.072722	0.050522	-0.202125	-0.086083	0.143976	0.037201	-0.025875	-0.291396	0.071140	0.138363	-0.167798	0.237998	0.138265	-0.137386	-0.028635	-0.111307	-0.038523	-0.008024	0.213531	0.000543	0.044292	0.216612	-0.130991	0.025326	-0.117443	0.151093	0.000557	-0.043242	0.073849	0.059323	0.039655	-0.019679	-0.057600	0.147686	-0.014552	-0.205744	0.030607	-0.066987	-0.165697	-0.003782
-2.027626	0.306916	-0.376885	-0.264878	1.333411	0.907864	-0.689447	0.495355	0.372967	0.703170	0.077157	0.383651	-0.130633	-0.415172	-0.147486	0.833664	0.083223	-0.517527	0.661065	-0.149833	0.046088	0.605816	0.304842	0.641758	-0.441461	-0.206735	-0.074159	-0.396705	0.242439	-0.214029	-0.134316	-0.369655	0.205581	0.057831	0.073911	-0.178216	-0.456265	-0.490019	0.075274	0.343358	0.055595	-0.088472	0.061028	0.240103	-0.088133	-0.432734	0.447918	0.001906	-0.023991	0.077434	0.085407	0.206862	0.031835	-0.257846	-0.050978	-0.137572	0.117535	0.124283	-0.020755	-0.171033	-0.323371	-0.118821	-0.033484	-0.408517	0.039918	0.447689	-0.136606	-0.285699	0.040592	0.156960	-0.166145	-0.006508	-0.075474	0.192369	-0.135076	-0.028810	-0.097675	-0.087824	0.164300	0.107331	-0.165139	0.084230	0.016435	0.028074	0.285850	-0.039476	0.031168	-0.093001	0.110748	-0.043289	-0.067400	0.266373	-0.205458	0.120696	-0.061832	-0.040999	-0.276398	0.005259	0.141608	0.168039	-0.137608	-0.197050	-0.087954	0.080966	0.120929	0.080343	0.041130	-0.097866	0.086515	-0.012557	0.031877	0.064675	0.111592	0.028308	0.138125	-0.050882	-0.048143	-0.194917	-0.035096	-0.073492	0.079896	-0.005829	-0.021587	-0.249149	0.054256	-0.009367	-0.033853	0.058568
-0.853744	0.853957	1.847637	0.139896	0.772180	0.263396	0.332573	-0.727143	-1.312445	-0.529874	1.099625	0.599376	-0.164710	0.256632	0.402105	0.036572	0.636890	-0.692450	0.162844	0.474244	-0.203763	0.167807	1.409538	-0.652031	0.036506	0.562405	-0.445661	-0.260271	-0.460738	1.005508	-0.811383	0.589930	0.312970	0.016756	0.017482	0.534040	-0.731057	-0.484779	0.038595	0.127393	-0.186621	-0.071984	-0.261276	0.087851	0.237894	0.057099	0.111194	-0.367960	-0.224247	-0.525875	-0.382373	-0.111537	-0.192908	-0.457031	-0.261453	0.281608	-0.366784	-0.113292	0.152284	0.155796	0.517470	0.107455	-0.008714	0.267688	0.207462	0.370596	-0.184014	-0.028166	-0.087199	0.093519	-0.017028	-0.458389	0.288756	0.507254	0.100787	-0.253909	0.099447	-0.242930	-0.112962	-0.023437	0.189006	-0.134795	0.168701	-0.202486	-0.174325	-0.147429	0.036620	-0.001847	-0.010558	-0.178937	0.205854	-0.110154	0.060234	0.247246	-0.226790	0.090236	-0.053167	-0.135530	-0.433502	-0.165990	0.079061	-0.031275	-0.350637	0.163828	-0.099150	-0.222407	-0.061706	-0.241322	0.121620	-0.001488	0.010544	0.198330	0.058299	-0.083316	0.109695	0.134522	-0.017749	0.186873	-0.224780	-0.129547	-0.013776	0.094956	-0.025777	-0.155783	0.002816	-0.050951	0.026489	-0.154164
0.165106	0.788136	2.382783	0.670106	0.215305	-0.572813	-1.439223	-0.575781	0.399041	0.192801	0.293968	-0.798917	-1.304281	-0.550243	-0.058062	1.174411	0.833094	0.025419	-0.837482	0.250515	-1.219471	0.063363	0.555759	0.444654	0.146837	-0.694618	-0.310817	-0.512382	-0.746549	0.186064	-0.483639	-0.036937	-0.613037	0.317533	0.341929	0.833777	0.047654	0.506822	-0.506036	0.222213	-0.268922	-0.356418	0.050261	-0.108671	0.611654	0.279259	0.323434	0.226032	-0.211377	0.230068	0.200532	-0.123508	0.312491	-0.445305	-0.017295	-0.080584	0.366742	0.474504	0.262753	-0.062504	-0.050306	-0.078790	0.213247	-0.077683	0.030658	0.129681	0.401290	-0.301937	0.278259	0.173060	0.114281	-0.244070	0.193225	0.103091	-0.044115	-0.059026	-0.410918	0.226241	-0.104698	-0.476266	-0.218302	0.183345	0.048825	0.203904	-0.066894	-0.201680	-0.023426	-0.085347	-0.030624	-0.218997	-0.240196	0.298555	0.426347	-0.109923	-0.216662	0.773692	-0.017518	-0.121070	-0.299567	0.013096	-0.035487	0.100343	0.343746	-0.004565	-0.019428	-0.083527	0.224997	-0.093513	-0.117102	-0.206320	-0.042951	-0.065515	0.081701	-0.054950	0.124954	0.180352	0.249793	-0.038429	-0.092775	-0.203616	-0.053103	0.017676	-0.072527	0.159860	-0.110145	0.268747	-0.071950	-0.047245
-0.507532	-0.239920	0.903427	-1.208760	0.255236	-1.056547	-0.200701	0.135862	0.557252	0.081912	-0.223757	-0.053649	-1.231640	-0.199499	1.107570	-0.126623	0.150655	0.271751	-0.286361	-0.661139	0.337507	-0.628658	-0.023005	0.056322	-0.280540	0.272461	-0.486847	-0.187863	-0.151215	0.461639	-0.382393	0.368437	0.320871	-0.004732	-0.421627	-0.397355	0.036843	0.132271	-0.259456	0.493621	0.138638	-0.109472	0.060976	-0.326859	-0.195515	0.175039	-0.033478	-0.518082	0.162305	-0.267411	0.328378	0.033235	-0.092007	0.072543	-0.002687	0.550486	0.349901	0.598866	-0.081452	-0.011746	0.246113	-0.082659	0.106133	0.054041	-0.151242	0.110664	-0.013083	0.126668	-0.357581	0.301934	-0.006299	-0.297974	-0.471595	-0.119503	0.272640	-0.031845	0.059531	0.091600	-0.051753	0.147268	-0.314199	-0.098034	0.186915	-0.102718	0.071138	-0.082402	0.253034	0.251668	0.038880	-0.153637	-0.052810	0.185511	0.144986	-0.116569	-0.158942	-0.074840	0.214749	-0.133775	0.307457	-0.019385	-0.078886	0.025354	0.106538	0.100583	0.042566	-0.330343	-0.149858	0.216839	0.060647	0.339424	0.149451	-0.030481	0.093910	-0.011809	-0.066668	0.098780	-0.024553	0.182695	-0.148874	-0.152809	0.039317	-0.044727	-0.059509	-0.117306	-0.185110	-0.137911	-0.041632	-0.138184
-0.835410	-2.319913	-0.243129	1.014997	-0.797474	-0.498206	-0.379357	-0.174421	-0.271055	0.146762	-0.147987	-0.663915	-0.092202	0.219029	0.508900	0.081669	0.347316	0.526535	-0.025717	0.258875	-0.341884	-0.043657	0.066017	0.264838	-0.048978	0.507352	-0.178610	-0.144817	-0.360319	-0.002126	0.008861	0.107333	-0.225296	0.188350	-0.152809	-0.358061	0.030467	0.778154	0.231730	-0.062133	-0.402173	-0.142176	0.102607	-0.015238	0.144214	-0.038654	0.173689	-0.044542	-0.385769	-0.279804	0.116735	0.247607	0.352927	0.141997	0.053651	0.006495	0.171944	0.089094	0.120430	-0.522896	0.232409	0.199129	0.053964	0.079732	0.172448	-0.010391	0.112289	-0.033857	-0.233811	-0.048911	-0.020322	-0.246114	-0.165763	0.174654	-0.202085	0.145338	0.018318	0.163021	-0.074435	-0.180676	-0.181056	0.010011	0.285315	-0.010826	-0.141449	0.141966	0.034339	0.048479	0.013487	-0.163058	0.059914	-0.052139	-0.049723	0.026231	-0.101374	0.039930	-0.268118	-0.077231	-0.047219	0.033854	-0.137112	-0.237008	-0.153350	0.022670	0.002889	0.001063	0.049457	-0.087463	-0.060550	-0.191535	0.058204	0.045305	0.027518	-0.117569	-0.248967	-0.107330	-0.186592	0.002128	0.071086	-0.092670	-0.057050	-0.014644	-0.163987	-0.166589	-0.082515	-0.107258	-0.128441	0.101368
0.003324	1.377402	1.545805	0.487415	1.904142	-0.225791	0.057752	-1.967540	0.930153	-0.763325	-0.736883	-1.186348	0.347207	-0.648252	0.498201	0.399157	0.289060	0.101911	-1.064022	1.021985	-0.409358	-0.614403	-0.081910	-0.351698	-0.065524	-0.238637	-0.106315	0.698847	0.240082	0.420211	-0.011043	0.186035	-0.021916	-0.140236	-0.417476	-0.498793	0.343279	0.471932	-0.908416	-0.089644	-0.340807	0.454274	-0.511011	-0.115267	0.240701	-0.171268	-0.032241	-0.527410	0.088012	0.390127	0.049509	0.081427	0.763138	0.089796	-0.566176	-0.253050	0.400874	-0.344522	-0.167457	0.199738	0.223562	-0.386817	-0.365356	-0.286159	0.099157	0.121036	-0.076166	-0.405773	0.310451	0.043063	0.276361	0.108863	0.040129	-0.262681	-0.566644	-0.156978	-0.175427	-0.552013	0.072523	-0.008642	0.023825	-0.066245	0.438208	0.217146	-0.098682	-0.096877	0.027151	-0.030667	-0.016231	0.048221	0.030483	0.156779	0.213090	0.150177	0.137968	-0.430221	0.115252	0.432929	0.114379	0.027833	0.199216	0.068732	-0.024767	0.043269	0.088173	-0.090703	-0.126374	0.257461	0.135556	-0.052706	0.130079	0.030124	-0.214709	-0.068850	0.100862	0.020472	0.244854	-0.288961	0.040508	-0.219412	0.011197	0.295600	-0.026191	-0.086256	0.130362	-0.174640	-0.162251	-0.015527
-1.699733	0.160346	-0.695569	-0.972439	1.082088	-0.759916	0.191920	-1.226759	0.402945	0.146952	2.276537	0.615676	-1.200648	0.177465	-0.082357	0.142058	0.135081	-0.403736	1.065146	-0.323627	-0.163192	-0.470647	-0.847910	0.111324	0.574540	0.008855	-0.175341	0.275534	1.333098	-0.096452	0.565241	0.421874	0.007744	0.189342	-0.060403	-0.233170	-0.079528	-0.384826	0.562660	-0.027635	0.367663	0.153579	0.092159	0.063987	0.307769	-0.227803	-0.686476	-0.401680	0.324308	-0.005962	-0.286454	-0.061787	0.416688	-0.328169	-0.144496	-0.284171	-0.406010	-0.333784	0.229299	0.198739	0.091082	0.356467	-0.185906	0.017039	-0.193060	0.074128	0.717491	-0.777364	-0.051035	0.026858	-0.570451	-0.177365	-0.081683	-0.066771	0.018143	-0.152050	-0.344709	0.377263	-0.050012	-0.355179	-0.344509	-0.030090	0.493800	0.269369	-0.147212	-0.046050	0.245321	0.175079	-0.065814	-0.031879	-0.091211	0.080418	-0.079424	-0.055901	0.196039	-0.126301	-0.237108	-0.056883	0.249111	-0.083749	0.052550	0.348066	-0.117479	-0.197458	0.054545	0.307879	0.051723	0.080364	-0.042526	-0.130245	-0.250347	0.283131	0.079833	0.120682	0.009526	-0.112142	0.044201	0.078429	-0.179248	0.265886	-0.164453	-0.088716	-0.221597	0.037639	0.059235	0.119485	-0.085517	-0.145640
-0.978129	0.705326	0.522472	-1.059156	-1.000342	-1.301486	1.365616	-0.383581	0.049886	1.067798	0.221525	0.368645	0.136493	-0.167655	-0.373488	0.237725	-0.366555	-0.720524	1.057417	0.211619	0.077152	-0.388671	0.015492	0.454474	0.207857	0.309602	0.002395	0.760267	-0.273766	0.406831	0.389239	0.230804	0.563015	0.598961	-0.066614	0.098706	-0.605503	-0.054010	0.362521	-0.015917	-0.403582	0.033784	0.020031	0.090574	-0.072007	0.396691	-0.287355	-0.142866	0.155116	0.114361	-0.235927	-0.117612	-0.206476	-0.254033	0.105627	0.176111	-0.019907	-0.222689	0.499380	-0.094454	0.252491	0.009564	-0.118492	0.180575	-0.086978	-0.124795	0.204752	0.037599	0.097180	-0.202739	0.140365	0.124820	0.144681	-0.313276	0.098166	0.091976	0.341926	-0.247375	0.151254	-0.137260	-0.030173	-0.235790	-0.212240	-0.001947	-0.085928	-0.103719	0.163417	0.238950	-0.202825	0.144743	0.217391	0.026396	-0.038333	0.200706	-0.294955	0.013835	0.275660	-0.115105	-0.031324	0.311113	-0.359392	0.033534	0.276138	0.216128	0.357621	0.196097	0.166969	0.078395	0.165769	0.204451	-0.252698	-0.023074	0.021616	-0.035602	0.129481	0.121926	0.248322	-0.136712	-0.035487	-0.133336	0.028922	0.142151	-0.138804	0.077849	0.095960	-0.090380	-0.049540	-0.229303
-0.538245	1.010161	-0.538053	2.932797	-0.799216	-1.703864	-0.664756	0.385972	0.045847	-0.324695	-0.506467	0.321385	0.050263	-0.045437	0.180688	-0.388230	0.606057	-0.757310	0.015496	0.200025	0.551335	0.596430	-0.291818	0.444241	0.551226	0.454012	0.190819	0.278100	-0.023154	0.212156	0.292015	0.739181	0.529687	-0.391953	-0.220166	0.564327	-0.049602	0.001409	0.227462	-0.431097	0.036928	0.029226	-0.122980	-0.002534	-0.162919	-0.123631	0.252228	-0.053141	-0.264336	0.149640	0.404244	0.104796	0.054303	-0.452811	-0.161681	0.013843	-0.023315	-0.067698	-0.144858	0.543618	-0.170292	0.065562	0.019579	-0.169305	0.065159	0.016620	0.323485	0.203883	-0.234614	-0.117484	0.203125	-0.262533	-0.159453	-0.051206	-0.120170	-0.190709	0.115406	-0.211516	0.037293	0.011839	0.039766	-0.094372	-0.029035	-0.217834	-0.001655	0.223612	0.083628	-0.051351	-0.057092	0.160225	-0.097032	0.087649	-0.071880	-0.151033	-0.056224	0.172207	0.121826	-0.099752	-0.087658	0.024656	0.029879	-0.001594	0.207931	-0.188033	0.201420	-0.203495	0.078461	0.092098	0.019467	-0.017932	0.044518	0.115225	-0.092555	0.023168	0.210337	0.159711	-0.048900	-0.029226	0.182085	-0.014098	0.034414	-0.143305	0.056100	-0.030757	-0.047127	0.118606	0.056240	-0.010454
-1.063814	-2.326536	-0.671023	1.357955	-1.053819	-0.143728	-0.353331	-0.001551	-0.227256	0.205010	-0.208193	0.267541	0.091674	-0.099256	0.564417	0.098925	0.386571	-0.260246	-0.417804	0.010767	0.697454	-0.065293	-0.001191	0.274883	0.607657	0.345915	0.009079	0.250580	0.146091	0.337135	0.225293	0.241165	0.103320	-0.018462	-0.351728	0.262090	-0.027116	0.050481	0.453140	-0.258370	-0.132572	-0.027221	0.044665	0.213327	-0.230027	0.006430	0.163730	0.120568	-0.175151	0.022357	0.289214	0.175781	0.381152	0.105955	0.030465	0.009426	-0.010649	-0.054976	0.177261	-0.037429	-0.045381	0.105040	0.091176	-0.195383	0.333759	0.007290	-0.105062	0.018823	-0.026643	-0.069732	0.234488	-0.344397	-0.037467	-0.168841	-0.002411	0.093781	0.029193	0.009314	0.026503	0.101045	-0.076310	0.166595	-0.119383	-0.109685	0.027254	0.270708	-0.087719	0.070359	-0.157912	0.059401	-0.125926	0.095277	-0.166350	0.094189	-0.039636	-0.026068	0.180840	-0.138719	-0.084861	0.041781	0.134573	-0.062204	0.012917	-0.209427	0.077913	0.070253	-0.044267	0.059009	-0.018525	-0.099048	-0.023528	0.084903	-0.115882	0.088719	-0.058297	0.096956	0.133057	-0.171042	0.067323	0.030353	-0.148399	-0.070516	0.063407	-0.013150	-0.154447	-0.099303	0.050033	-0.160351
-0.002393	1.164852	1.545775	-0.518790	-0.804370	-0.559193	-0.139197	-0.126023	0.821836	-0.562415	0.955838	-0.667687	0.146478	1.209557	0.250153	0.381124	0.065481	-0.535181	0.444010	-0.029863	0.745130	0.301551	-0.751472	-0.145891	-0.182819	0.338511	0.018816	-0.015680	-0.126827	-1.109070	-0.626248	0.777107	0.092227	0.153324	-0.134716	-0.177389	-0.019129	-0.339742	-0.073277	-0.149923	-0.078063	-0.099804	-0.278348	-0.325764	-0.293304	-0.631359	0.289196	0.010473	-0.080700	0.461729	0.178019	0.116518	-0.102900	0.047189	-0.216475	-0.270265	0.146842	0.107250	-0.165375	0.285951	0.588242	0.178044	-0.105151	0.165400	0.223422	0.081259	0.480994	-0.311173	0.109767	0.601857	-0.090004	0.053770	0.067389	0.228185	0.037232	-0.270998	0.117896	0.404807	-0.112030	-0.089498	0.097103	-0.098470	-0.416822	-0.028600	0.016604	-0.028954	0.212876	-0.233853	-0.191857	0.102174	0.105809	-0.292835	0.300433	-0.025312	-0.150946	-0.077661	0.033800	0.255018	-0.163858	0.312164	0.063391	0.033524	-0.392285	-0.074018	-0.378189	-0.075253	-0.054459	-0.274122	-0.210328	0.116177	-0.053647	-0.514537	0.053903	0.109547	-0.053768	-0.192448	0.001591	-0.176791	0.031590	-0.139392	0.057843	0.101085	0.266035	0.112380	0.211690	-0.109559	0.190040	-0.179397
-0.591647	-2.961194	0.206080	1.503163	-1.414012	0.729948	0.633545	-0.006377	-0.451526	0.033303	0.402907	-0.051240	0.396973	0.000928	-0.185489	0.331347	-0.340946	0.023887	0.173298	0.262647	0.109477	0.234913	-0.195363	0.163795	-0.301847	0.011698	0.276236	-0.186994	0.057480	-0.446773	-0.029059	-0.248163	0.047766	0.178321	-0.045195	-0.361483	-0.210458	-0.181898	-0.305347	0.098842	-0.061669	0.064446	0.022256	0.094743	-0.055161	0.244100	0.058352	-0.023967	0.060364	0.258378	0.327352	0.079543	0.157256	0.142313	-0.072504	-0.322308	-0.305104	-0.224552	-0.085101	0.136039	0.150717	-0.246723	-0.041330	-0.168165	-0.191465	-0.000340	-0.057132	-0.306154	0.022769	0.288744	0.050369	-0.194603	-0.023859	-0.105923	0.201850	-0.059093	-0.057535	0.067626	0.114947	-0.035957	-0.074369	-0.098973	0.027943	0.056751	0.061848	-0.077249	0.292463	-0.146086	0.014277	-0.058060	-0.089077	0.079628	0.144166	-0.049973	0.109744	-0.075573	0.144256	-0.033632	0.006943	0.207095	-0.138325	0.111088	0.172557	0.091037	0.052270	-0.004599	-0.051247	-0.090246	0.183930	0.032254	0.054758	0.028502	0.060060	-0.069909	0.172016	0.128721	-0.143802	0.021942	-0.060674	-0.026283	0.184061	-0.014394	-0.002439	0.247317	-0.011243	0.049536	0.072755	0.020806
1.077624	-0.194979	1.372341	-1.254031	-0.566816	-0.613019	-2.237014	-0.894237	-0.226638	-0.885086	-0.223316	0.262196	0.432569	-0.160952	-0.128585	0.257812	0.804307	0.301199	-0.306379	0.732856	0.556691	0.377584	-0.858134	-0.354090	-0.083979	0.031050	-0.044389	0.097463	0.296720	0.229568	-0.161143	0.018868	0.547826	-0.020356	-0.155096	-0.269009	-0.091690	0.031837	0.169899	-0.052683	0.131076	0.029809	0.221666	-0.191160	0.275695	-0.120235	-0.368797	0.326041	0.077614	-0.198517	-0.164955	0.426368	-0.051821	-0.066171	0.086970	-0.267525	0.078817	0.009536	-0.097007	0.042888	0.046784	-0.210375	0.155854	0.021358	-0.029953	-0.066314	-0.102071	0.020391	-0.313801	0.097370	0.297754	0.363986	0.433838	0.017217	0.389109	-0.113485	-0.430707	0.010211	0.124423	-0.009124	0.077119	-0.188709	0.383743	0.328080	0.236356	0.182566	-0.307152	-0.091621	0.310943	0.021018	-0.304288	-0.145961	0.071876	-0.312675	-0.183621	0.017150	-0.161465	-0.113297	0.080785	0.097492	0.066719	-0.262742	0.059126	0.097583	-0.052916	0.271895	0.138322	-0.027105	-0.059052	0.021379	-0.319873	-0.012636	-0.221022	0.086172	-0.125293	0.115650	-0.051553	0.204051	0.058913	0.010337	0.164149	-0.133171	0.166260	0.013243	0.074115	0.022184	-0.131095	-0.215305
4.042900	0.103474	0.911539	-0.219604	-0.819740	1.034295	-1.546476	-0.401546	-0.173150	-0.722633	0.601114	0.568299	-0.323868	-0.036060	-0.797942	-0.156513	0.389168	0.403771	-0.260976	0.128401	0.343522	0.033715	0.300121	-0.047659	-0.276595	0.023264	0.231771	0.324319	0.484981	-0.490750	0.221435	-0.405504	0.001035	0.316850	-0.685658	0.084179	-0.109939	-0.030793	-0.012426	0.154930	0.008314	0.151846	-0.058586	-0.112672	0.164379	-0.272976	0.087261	-0.010794	0.130686	0.197683	0.073636	-0.189877	-0.189669	-0.076133	-0.005156	0.036245	0.024461	0.123937	0.132460	-0.146601	-0.012646	0.079929	-0.104797	0.034304	-0.107752	-0.014699	-0.036737	0.007606	-0.105125	-0.020312	-0.025189	0.125503	-0.086375	-0.128426	-0.030187	0.178672	-0.154992	-0.149006	0.095223	0.167976	0.083572	-0.065019	-0.094272	-0.164247	0.041719	-0.132615	0.137274	0.022909	-0.098649	-0.070781	-0.149924	-0.006336	-0.076406	-0.028916	-0.069582	-0.142391	-0.070380	-0.081690	-0.088219	0.059856	0.023136	-0.104544	0.044691	0.013491	0.030622	-0.003000	-0.033512	0.107749	-0.116265	-0.102271	-0.130710	-0.070945	-0.028062	-0.056825	-0.036271	-0.050009	0.041678	0.163027	-0.144545	-0.039556	-0.075471	-0.091758	-0.049591	-0.121590	-0.045906	-0.007484	0.035015	0.056055
2.894099	-0.297450	-1.979736	-1.376844	0.407583	-0.694041	-1.872375	-0.927684	-0.970981	0.671172	-0.683220	0.620261	0.920028	-0.611891	-0.106611	-0.173639	0.739639	0.342518	-0.203972	-0.070106	-0.012694	-0.479956	-0.633435	-0.009026	0.350928	0.185854	0.338679	0.067924	-0.566729	0.148722	-0.247445	0.679911	-0.207178	0.119384	0.014102	0.356432	-0.384046	-0.130090	-0.041195	0.461955	0.742933	-0.399639	0.386315	-0.152052	0.397537	0.156745	0.164764	0.072960	-0.101377	0.021684	0.074228	0.416283	-0.061261	-0.237818	-0.270512	-0.348966	-0.177064	-0.046442	-0.134564	-0.363021	-0.163146	-0.152049	-0.150845	-0.198859	-0.149355	-0.244281	0.193992	0.070445	0.105762	0.228840	-0.076788	-0.003797	0.417809	0.159499	0.075591	-0.350976	0.235703	0.094732	-0.141965	0.165559	0.070971	-0.144470	0.182538	-0.115580	0.006862	-0.353011	-0.089817	0.150882	0.309907	0.195485	-0.094531	0.226908	0.015062	0.111715	-0.047183	-0.161103	0.157173	-0.105528	-0.094686	0.134789	-0.026089	-0.144344	-0.194955	0.342104	-0.055623	0.292612	-0.114991	-0.209164	-0.273304	-0.070564	-0.172945	-0.080625	-0.031657	-0.216047	-0.086864	-0.103221	0.002478	-0.161666	0.175937	-0.026641	0.027728	-0.023980	0.063195	0.028133	-0.116138	-0.084703	0.135013	-0.151441
3.786688	-0.309801	-0.933835	-0.768000	-0.228374	0.437974	-1.817597	-0.392582	-0.466613	-0.047784	0.041530	0.420673	0.148172	-0.344575	-0.429064	0.014836	0.419173	0.153495	0.530319	-0.467462	0.325183	0.040663	0.162156	-0.202017	-0.142275	-0.277289	0.315781	-0.064183	-0.019076	-0.176372	0.781482	-0.120524	-0.225895	0.216249	-0.474697	-0.224996	-0.577961	0.386503	0.243343	0.183180	0.039545	-0.428905	-0.113130	-0.200384	-0.104489	-0.003717	0.127259	-0.092120	0.106776	0.134298	-0.258809	-0.241043	0.048903	-0.007207	-0.044934	0.164745	-0.059650	0.091286	-0.192180	0.197664	0.023632	0.056925	-0.071081	-0.046681	-0.479380	0.097142	0.127220	0.126333	0.144250	-0.038111	-0.052363	-0.112447	0.140412	0.043002	0.030207	-0.093732	-0.142150	-0.174781	-0.135849	0.105686	0.168967	0.006577	-0.003592	-0.285043	-0.073255	0.005663	0.129784	0.001441	0.014605	0.131938	-0.207840	-0.058373	0.074763	0.040230	-0.187778	-0.060423	-0.010088	0.083351	-0.190944	-0.085518	-0.027183	0.061753	0.087487	-0.172609	0.010889	-0.017607	-0.428989	0.108722	-0.132805	-0.004203	0.045425	0.050298	0.188765	-0.109107	-0.119096	0.062880	0.005682	0.134406	0.034405	0.050553	0.036616	0.034811	0.007355	-0.050803	-0.018090	0.046157	0.032893	0.058792
3.613502	-0.218991	0.470053	-0.260353	0.021080	0.383900	-1.456687	-0.605597	-0.286629	0.074059	0.407682	0.756613	0.102539	0.279992	-0.291206	-0.184695	0.137915	0.552343	-0.349969	0.225433	-0.028561	-0.065868	-0.302902	0.227053	-0.245670	-0.004923	0.330943	0.073617	0.251062	-0.096826	-0.195300	0.034819	0.208820	0.569799	-0.260789	-0.092019	-0.384441	-0.078581	0.547245	0.303936	-0.173871	0.262615	-0.247405	0.270405	0.378472	0.091408	-0.079075	-0.000776	0.123937	-0.352209	0.330923	0.001932	0.359092	-0.053536	-0.150330	0.139683	0.017451	-0.053830	-0.324024	0.068666	0.193569	-0.289534	0.054052	0.207480	0.038498	-0.083178	0.156447	-0.024673	-0.417253	-0.154317	-0.295164	-0.013973	-0.022287	-0.038012	-0.070314	0.290058	-0.129865	-0.001768	-0.368180	0.083444	0.087070	0.143455	-0.003927	0.199330	0.061937	0.030449	-0.323543	0.338944	0.200624	-0.122161	0.118210	0.019691	-0.015309	0.038267	0.066113	0.250968	-0.143488	-0.085250	0.291867	0.075567	-0.227795	0.017098	0.003496	0.196612	0.140147	-0.084518	0.137161	0.151055	0.022287	0.160064	0.083953	0.139426	-0.311811	0.248236	-0.015620	-0.013336	0.081744	-0.160490	0.250267	0.013551	0.109086	0.024491	0.024757	0.116850	0.064629	-0.081304	0.164572	-0.219164
2.826372	-0.463478	-2.809303	-1.122352	0.480052	-0.576896	-0.958869	-0.630946	-1.135075	-0.659840	-0.713986	0.054349	0.177285	-0.926864	0.150493	0.017229	0.247455	-0.650498	1.035268	-0.110114	0.834093	0.164259	0.129914	-1.129837	0.284143	-0.392461	0.074345	-0.288891	0.236922	0.304534	0.374926	-0.314113	-0.682427	0.353292	0.661939	0.093705	-0.183737	0.467452	0.045730	0.010095	-0.268146	-0.726141	-0.470669	-0.182289	-0.184411	0.232941	-0.243090	-0.004201	0.187933	0.317997	-0.020204	-0.170057	0.175732	-0.045438	0.100126	0.018818	0.261145	-0.105921	0.224263	-0.050290	-0.278929	0.126247	-0.086290	-0.233882	-0.240101	0.334137	-0.220427	-0.199342	-0.309737	0.450160	0.096385	0.287323	-0.109715	0.007371	0.027158	0.032673	0.092772	0.078490	-0.129421	-0.117405	0.056010	-0.258410	-0.078374	0.114424	-0.012045	-0.123099	0.113464	-0.132251	-0.107593	-0.099556	-0.047274	0.036435	-0.104738	0.177700	-0.225055	0.131505	-0.155963	0.092674	-0.034004	-0.031395	-0.157736	-0.008969	-0.004246	0.078991	0.055120	-0.216353	-0.030587	-0.038687	-0.025481	0.044902	0.062987	-0.093732	-0.015971	-0.004395	-0.093539	-0.033159	-0.111127	-0.162664	0.056604	0.040826	-0.021320	-0.112252	0.034724	0.019169	0.017952	-0.047311	-0.027357	0.032468
3.387362	-0.050807	-0.183049	-0.295059	-0.220425	0.694479	-1.589910	-0.671549	-0.251572	-0.477460	-0.066026	0.335773	0.136020	0.011562	0.365870	0.087242	-0.493121	-0.150969	0.012013	0.275122	0.035911	0.346962	0.173301	-0.210535	-0.209023	-0.171083	0.520739	0.390636	0.290958	0.038796	-0.214752	-0.390119	0.216322	0.312230	-0.273702	-0.442861	-0.646399	0.194986	0.618609	-0.184985	0.350552	-0.037534	-0.187104	-0.217477	0.046767	0.104486	-0.458299	-0.079692	-0.158297	-0.358553	-0.371690	0.042520	0.325304	-0.195328	0.121993	-0.256802	0.336021	-0.205560	-0.032167	0.236443	0.159362	-0.179524	0.128038	-0.210296	0.055750	0.227389	0.370910	0.082194	0.009695	-0.012007	-0.066873	-0.116485	0.228832	0.023717	0.199236	-0.091010	-0.356899	0.230393	-0.105559	0.093903	-0.000981	-0.069803	-0.245408	0.122425	-0.034871	0.169253	-0.126878	0.030685	0.034691	0.176564	-0.148778	-0.169496	0.244836	-0.045851	0.020768	-0.045714	0.026249	-0.081756	0.000075	-0.179714	0.084827	0.082349	0.208351	-0.045781	0.089033	0.078492	0.086701	-0.105929	0.032471	0.197638	0.044764	0.036730	-0.081034	-0.243202	-0.005493	-0.158013	0.109715	-0.127985	-0.071992	0.065335	0.084112	0.105440	0.201514	-0.212007	0.021951	-0.097394	-0.221281	-0.061577
3.319421	-0.420804	-2.738899	-1.110316	0.311896	-0.342343	-1.077813	-0.682940	-1.274495	-1.054639	-0.852791	0.045731	0.248875	-1.266248	0.106998	0.081808	0.208842	-0.673393	1.660802	0.111737	0.481444	0.305050	0.107671	-0.986682	-0.088124	-0.626006	0.269570	-0.246181	0.441061	0.276525	0.423162	-0.026388	-0.707832	0.183741	0.670339	0.381122	-0.032005	0.615826	0.210907	-0.159679	-0.214318	-0.382468	-0.308574	-0.325707	-0.335818	0.429485	-0.493669	-0.044269	0.405616	0.406740	0.131611	0.007417	0.202039	0.128197	0.057381	0.243123	0.370639	-0.113471	0.321028	-0.066451	-0.139394	-0.060159	0.017819	-0.008999	-0.264921	0.250156	-0.061553	-0.238059	-0.170171	0.234688	0.157962	0.291131	-0.136070	0.159797	-0.025401	-0.055592	-0.102133	0.074758	-0.130978	-0.104487	-0.103781	-0.309886	-0.224830	0.005933	-0.120771	0.009144	-0.048659	0.003249	-0.187660	-0.235596	0.269775	-0.032423	-0.028482	-0.155178	-0.010717	-0.103294	-0.060500	0.008149	0.138738	-0.066196	0.133087	-0.083989	0.051966	0.120030	0.004849	-0.234404	-0.051905	-0.008439	0.123610	-0.034659	0.040929	0.047474	-0.205398	-0.134334	0.088518	-0.038638	-0.044306	-0.009768	0.079086	0.098559	-0.195098	0.117508	0.072629	0.004802	-0.144123	0.222497	-0.138571	-0.148336
3.941846	0.296244	1.228299	0.006215	-1.010238	1.273517	-1.949436	-0.585607	-0.014713	-0.563591	1.053782	0.858670	-0.713178	-0.147088	-0.811859	0.110236	0.322991	0.473236	-0.252262	0.150485	0.267763	-0.305198	0.556055	0.302901	-0.344380	-0.243645	0.182843	0.009825	0.255530	-0.734808	0.091374	-0.201598	0.162246	0.402628	-0.469921	0.584247	-0.139439	0.080055	-0.251091	0.380083	-0.123675	0.219105	-0.038876	-0.040975	0.356027	-0.252510	0.192237	0.359337	0.220673	0.644821	0.266973	-0.034866	-0.258599	0.043153	0.068212	0.254649	0.050910	-0.032861	0.003782	-0.043702	0.025191	0.022188	-0.127063	0.524932	-0.024318	-0.114054	0.043974	0.009002	0.029981	0.049451	0.004518	0.062670	-0.023547	-0.046372	-0.126252	0.171090	-0.018883	-0.287270	0.274763	0.106060	0.119656	-0.013091	0.140318	-0.026174	0.163954	0.003629	-0.078023	0.053642	-0.143589	-0.267164	0.026131	-0.101200	-0.078153	-0.082927	0.078274	-0.160293	-0.071589	-0.227965	-0.197241	0.058007	-0.158188	-0.077694	0.016427	-0.046258	0.206189	0.049486	-0.021337	0.125319	0.074670	-0.012063	-0.027133	-0.049435	-0.111528	-0.000390	0.005052	-0.062804	-0.103488	0.028261	-0.143978	0.015331	-0.070176	-0.141463	-0.060643	-0.023218	0.002917	-0.128522	-0.059814	0.017855
3.406272	0.056597	-0.580257	-1.259202	-0.460626	0.000951	-2.110550	-1.129681	-0.323042	-0.295250	-0.027810	0.811731	-0.116327	-0.341885	-0.136094	-0.065034	0.021565	0.173880	0.055213	0.126121	0.044880	-0.422965	0.158900	0.920618	-0.477172	0.390395	0.349023	-0.280741	-0.719779	-0.508553	0.533105	-0.002824	0.516271	-0.140791	-0.481227	0.146939	-0.225450	-0.123383	-0.428608	0.505158	-0.032674	-0.005734	-0.236974	-0.445509	0.002155	0.280341	0.249309	-0.276869	-0.028731	0.415845	-0.049284	-0.012929	-0.301537	0.131185	0.160170	0.049816	0.171369	-0.160258	-0.141649	0.202296	0.114394	0.036662	-0.285497	0.319660	0.241415	0.018633	0.328273	-0.212298	0.141334	-0.103307	-0.033319	-0.060660	-0.217228	0.252007	-0.130565	-0.094249	0.000006	0.061873	-0.341435	0.253840	0.074325	-0.228931	0.285455	0.142424	-0.007663	0.272615	-0.251111	-0.197116	-0.295308	-0.095214	0.100065	0.018243	-0.297350	-0.034023	0.141761	0.055317	0.228123	-0.020381	-0.071701	-0.109491	0.224767	0.112721	0.139806	-0.138353	0.119377	-0.046465	-0.139414	-0.107199	0.138306	0.009833	0.225116	-0.128023	-0.016148	0.089495	0.123788	0.070288	0.098132	-0.139324	-0.000176	0.104536	0.076366	-0.127563	-0.177936	0.062718	0.065394	-0.090894	0.146076	-0.044617
-1.514288	1.192893	-0.817472	-0.142127	0.120412	-1.185835	-0.014496	1.237502	0.077895	-0.696938	0.119089	-0.053241	1.029794	-0.059403	-0.046015	-0.372089	0.528840	-0.040870	0.172344	-0.645522	-0.289634	-0.074955	0.220514	0.359306	-0.156025	-0.104427	0.262674	0.155870	0.413419	-0.404480	0.151938	0.393938	-0.315896	-0.492348	-0.303907	-0.095824	-0.215328	0.118693	0.241508	0.250494	-0.609795	-0.117128	-0.107610	0.252136	-0.022865	0.188651	-0.162465	0.365785	0.319695	-0.262077	0.282148	-0.158282	0.230914	0.186175	-0.059736	-0.046201	-0.089648	-0.080413	0.203727	0.118293	0.021256	0.241392	0.227419	-0.007636	0.224440	0.262026	-0.098203	0.118752	0.067165	-0.174166	0.029514	0.194252	0.054553	-0.068508	-0.121590	-0.157016	-0.054702	-0.196977	-0.204251	0.108049	0.189410	-0.269671	0.015522	-0.021135	0.296039	-0.169088	0.295499	0.011588	0.325123	0.007681	0.009041	-0.318714	0.134218	-0.141289	0.045283	0.064581	0.081424	-0.091546	-0.136635	0.009351	0.068217	0.134074	-0.204039	-0.047521	-0.071066	0.069861	0.296714	0.100779	0.106556	-0.088726	-0.025194	0.146279	-0.223255	0.060924	0.209121	-0.036549	0.082222	0.178976	-0.026543	-0.191330	-0.262838	-0.083606	0.094767	0.115669	0.282019	0.046905	-0.121901	0.086954
2.651103	-0.792019	-0.345468	-0.677692	0.706599	0.437436	0.922019	0.427061	0.141226	0.609362	-0.035592	0.307485	0.126855	0.081715	-0.333979	-0.329402	-0.214313	0.207346	-0.035301	-0.460850	-0.128425	-0.885334	-0.086778	0.309980	0.573925	-0.302610	-0.125146	0.225241	-0.243080	0.030463	-0.102070	-0.091934	0.022331	0.033315	0.093243	-0.439134	0.034359	-0.035476	0.469187	-0.018788	-0.049469	0.094496	-0.198109	-0.023401	-0.331425	-0.475108	-0.348810	-0.313684	0.158076	-0.289411	0.075505	0.102601	0.382961	0.094931	0.028382	-0.216338	0.361023	-0.412691	0.078761	0.206651	0.344073	0.130378	-0.101194	0.187087	-0.065571	0.155977	0.226984	0.081291	-0.167726	-0.017339	-0.075638	-0.055589	0.114231	-0.100784	-0.006551	0.254263	-0.074839	0.061171	-0.031900	-0.011818	0.169261	-0.046026	-0.262565	-0.003599	-0.068017	-0.008056	0.048724	0.007958	-0.043653	-0.044116	0.079197	0.080470	-0.080208	0.085058	-0.239012	0.144213	-0.236366	-0.108313	-0.042417	-0.164233	0.003046	0.098562	0.120446	0.320438	0.151325	-0.239127	0.174622	-0.055266	0.236342	-0.109619	0.244155	0.233478	-0.070852	0.257500	-0.138638	0.244949	0.072598	0.149334	-0.156331	0.025092	0.441567	-0.125137	0.018111	0.092300	0.268552	0.045009	0.033486	-0.023724
2.261712	0.085458	-0.446873	1.769446	1.401190	0.546518	0.594168	0.404729	-0.629406	0.740448	-0.533124	0.115516	0.223601	1.637001	0.309344	-0.725250	0.942400	-0.129674	0.162881	0.029616	0.375587	0.512152	-0.166077	0.517069	-0.160569	-0.489046	-0.389280	0.016556	0.739344	0.256691	0.500791	-0.000817	-0.021314	0.381235	-0.425696	-0.115143	0.283652	-0.031450	-0.119427	0.357050	-0.067054	0.489864	-0.134950	0.484959	0.252056	0.075576	0.103216	-0.230382	-0.393680	-0.112936	-0.452496	0.022635	0.022554	0.320029	-0.013687	-0.257325	0.262273	0.254258	-0.286858	-0.284718	0.091526	0.123169	0.367594	0.174672	-0.175850	-0.045750	-0.230798	0.106610	0.115220	0.346476	-0.218524	0.175856	0.318628	0.085938	-0.168683	-0.023100	-0.189402	0.241059	0.187767	0.111697	-0.209772	-0.030917	-0.067732	-0.068063	-0.281318	-0.195126	0.228515	-0.159624	0.066340	-0.238373	-0.039359	-0.390267	0.044416	0.291287	-0.403140	-0.023698	0.140432	-0.201027	-0.014997	0.133223	0.098068	0.135289	0.077336	0.066106	-0.126316	-0.136437	-0.148215	0.061792	0.320754	-0.257274	0.024351	0.046965	0.032028	0.107264	-0.052737	0.195861	0.140831	0.064379	0.097836	0.005286	0.206230	-0.112259	-0.028373	0.032235	0.138639	-0.008483	-0.034952	-0.122775
-0.348951	0.554913	-0.212980	2.664051	-0.140865	-1.380303	-0.666158	0.284466	-0.763342	0.304076	-0.306704	0.432949	0.902558	1.104481	-0.136792	-0.632322	1.665384	-0.095208	0.235029	-0.183242	0.178154	0.304306	-0.206974	0.297100	-0.312373	0.054144	-0.410831	0.369157	0.138833	0.508507	0.399248	-0.052518	0.589059	0.307095	0.215818	-0.019779	0.251335	0.076294	-0.431805	-0.481188	0.142532	0.326840	0.179270	0.291715	-0.048959	0.019932	-0.324329	-0.116896	-0.248141	-0.040726	-0.236408	-0.034049	-0.249973	-0.208181	-0.163969	0.045488	0.592038	0.290340	-0.259038	0.027510	-0.138486	-0.328434	-0.153651	-0.056507	-0.044136	0.223741	0.204465	0.228943	-0.382212	-0.022804	0.029850	0.386894	0.029492	0.214816	-0.195522	-0.395653	0.010112	-0.122743	0.166796	-0.127038	-0.152481	0.163057	0.144292	-0.107160	0.051833	0.088178	-0.135823	-0.146782	-0.070839	-0.101017	-0.116857	-0.193164	0.004730	-0.254031	0.001434	0.174717	0.197761	-0.022778	0.030134	0.126477	-0.235038	0.256074	0.172212	-0.086803	-0.043547	-0.080228	0.124705	0.107944	-0.022667	-0.081484	0.068880	-0.139655	0.140804	-0.036830	0.219055	-0.127092	-0.106112	0.070798	-0.010008	0.004002	0.070440	0.113408	0.005197	0.060821	0.112108	-0.056845	0.075101	0.066083
1.861594	1.091287	0.613725	2.203368	0.444479	0.497340	-0.090396	0.410338	-0.259758	0.460962	0.371666	0.343803	-0.697595	1.622027	0.541198	-1.295465	0.378265	0.314072	0.105822	-0.116364	0.238030	0.258497	-0.465288	0.267217	-0.312325	-0.385512	-0.491283	-0.006358	-0.130495	0.662951	0.186628	0.107330	-0.363701	0.187851	0.200751	0.027378	-0.041267	0.187512	-0.029461	0.343459	-0.013754	0.372997	0.203179	0.084233	-0.071138	0.085485	-0.382996	-0.912630	0.592704	0.251121	-0.159939	0.072428	-0.065836	0.209635	0.475881	0.222531	0.008791	0.088796	-0.236049	-0.153383	0.280336	-0.302351	-0.366728	-0.382280	0.004305	-0.228565	0.077465	0.186796	0.043263	-0.027727	0.240014	0.235659	0.197112	0.066185	0.093410	-0.192110	-0.010528	0.012049	0.003521	-0.333762	0.100312	-0.068233	-0.059474	-0.537077	-0.266316	0.337303	-0.105403	0.055976	0.045175	0.145304	-0.209395	-0.082688	-0.245238	0.206231	0.071064	0.093480	0.066849	-0.020525	0.030735	-0.052719	0.165359	-0.201344	-0.172875	0.003596	0.239915	0.306309	-0.008820	-0.176458	0.221485	-0.033401	0.166783	-0.249315	0.036992	-0.165018	0.255410	0.173007	-0.116008	0.117235	-0.017653	-0.225815	-0.086347	0.038638	-0.108407	0.268711	-0.139336	0.056913	0.084860	-0.036598
-0.930389	-2.730273	-0.126331	1.413400	-0.908506	0.252290	-0.350348	-0.243043	-0.916285	0.242123	-0.311008	-0.024101	0.913688	0.385463	0.413268	-0.084527	1.061322	-0.012739	0.398751	-0.541043	0.319470	-0.529437	-0.450832	0.402010	0.011497	0.173142	-0.335941	0.113214	0.084337	0.795800	0.270923	-0.271887	0.262552	0.479942	0.269545	-0.109111	0.047797	0.029626	-0.258238	-0.153662	-0.072849	0.159477	0.213624	0.309514	-0.178016	0.119730	-0.085609	-0.032937	-0.153803	-0.145504	-0.078666	0.218301	0.200447	0.111338	-0.019567	0.071600	0.406023	0.167790	0.058874	-0.191243	0.137972	-0.056192	-0.003935	-0.025211	0.041414	0.079941	-0.113319	-0.086694	-0.134105	-0.090589	-0.030541	0.046344	0.188889	0.174954	0.063453	-0.111817	0.015801	0.043578	-0.026538	-0.086592	0.024640	0.178264	0.016909	0.047407	-0.027522	0.061528	-0.167772	0.087339	0.005042	-0.203120	0.020723	-0.059911	-0.096991	-0.144821	0.063453	-0.062439	0.076582	-0.094823	-0.032851	0.046233	-0.134187	0.125155	-0.055925	-0.310371	-0.224468	-0.057530	0.003895	0.148470	-0.042858	-0.104551	0.023446	-0.198240	0.115505	-0.044099	-0.031294	-0.162063	0.073505	0.004499	-0.176334	0.153754	0.010783	-0.035646	-0.085938	-0.082129	0.106375	-0.068143	0.046859	0.012599
-0.915954	-2.746174	-0.206501	1.319220	-1.066273	-0.416343	-0.479817	-0.180989	-0.541761	0.017923	-0.362515	-0.204461	0.577426	-0.058650	-0.127044	0.809519	0.457534	-0.164401	0.448867	0.008803	0.504083	-0.193854	-0.526294	0.679915	-0.335620	-0.368514	0.098285	-0.249156	0.113877	0.313689	-0.084669	-0.367542	0.041425	0.264101	0.448950	-0.389965	-0.263837	-0.443578	-0.355657	0.322506	-0.345714	0.035074	0.135652	0.043095	0.038016	-0.062114	0.260636	0.116952	0.169859	0.088333	0.310400	0.173408	0.147460	0.164740	0.029215	-0.158406	0.121809	-0.126846	0.280540	-0.127031	-0.041320	0.336320	-0.044825	0.002253	-0.096137	0.174149	-0.049524	-0.030420	0.140839	-0.293861	0.030216	-0.129362	0.108989	-0.168384	0.300299	-0.026083	0.119000	-0.173314	-0.061997	-0.051005	0.279082	0.182821	-0.096119	0.105621	-0.023202	-0.084185	0.005635	0.108192	0.006624	-0.201122	-0.050964	0.182788	-0.093513	-0.125126	-0.032519	-0.144594	-0.076658	-0.248651	0.184630	-0.023026	-0.112318	0.093974	-0.026315	-0.106702	-0.246239	0.075468	0.212027	-0.012041	0.090163	0.153729	0.197388	-0.134167	0.043138	0.017671	0.049696	0.101538	-0.097128	-0.105195	-0.059461	-0.110939	0.079442	-0.027570	0.045756	-0.105859	0.195984	-0.014622	-0.057735	0.033146
1.952684	1.068969	-1.682172	0.298471	0.147417	-0.328209	-1.373350	0.806380	-0.645097	1.528266	-0.356611	-0.382406	-0.100191	-0.007556	0.424014	0.390584	-0.553041	-0.168656	-0.073381	0.144085	0.340841	0.442391	-0.311282	-0.345109	0.162924	-0.379910	-0.119355	0.619297	0.108375	0.694979	-0.202508	-0.020612	0.040365	0.473988	0.228855	-0.579993	0.346865	0.395300	-0.075710	0.147911	-0.194700	0.472044	0.033736	0.412833	0.135092	-0.195113	-0.023798	-0.303751	0.607871	0.159082	0.482656	-0.655529	-0.397045	-0.314299	-0.018401	-0.398776	-0.285771	-0.181523	-0.043030	0.149950	-0.120919	0.233454	-0.103731	0.609840	0.337244	0.117220	0.184585	0.141286	-0.016457	-0.227780	0.157574	-0.127356	-0.007398	0.038167	-0.142777	-0.108474	0.078221	0.146659	0.051604	0.198518	-0.235134	0.139209	0.108180	0.092311	-0.042866	-0.327138	-0.084934	0.159776	0.220615	0.052612	-0.343197	-0.130660	-0.123663	-0.218503	0.177208	-0.138546	0.328766	-0.067681	-0.178438	-0.042156	-0.010886	-0.269196	-0.052823	0.329004	-0.004418	0.044719	0.034147	-0.280045	0.077019	0.349157	0.098140	-0.066555	0.055495	0.260310	-0.115273	-0.116921	0.105560	-0.057971	-0.090695	0.186940	-0.011973	0.105658	0.125818	0.038601	-0.076385	0.000860	-0.096186	0.102551
-0.541979	-0.488987	0.400181	-1.527406	-0.440493	-1.147965	0.712976	-0.803134	-0.207585	0.573716	0.173866	0.772972	0.172282	-0.262753	-0.523664	-0.387614	0.019515	-0.165448	0.233287	-0.388718	0.317240	0.576310	0.208663	0.124842	-0.190748	0.255151	0.071755	0.138653	0.074134	-0.245893	-0.081933	0.277956	-0.040262	0.204549	-0.018995	0.017277	0.218429	0.207235	-0.131608	0.078884	-0.244906	0.199661	0.015506	0.386814	0.430031	-0.420162	-0.235973	-0.257299	-0.256457	-0.204461	0.051625	-0.075675	0.375411	-0.010004	0.247558	0.095029	-0.232033	0.092955	-0.101019	-0.181518	-0.106817	-0.080046	0.167147	0.108560	-0.292638	0.183980	-0.156736	-0.370806	0.256347	-0.390504	0.072003	0.088568	-0.207044	0.057923	-0.123302	-0.138183	0.236949	-0.083369	-0.223830	-0.200241	-0.112862	0.262765	0.000546	-0.003165	0.091582	-0.160958	-0.206225	-0.293391	0.264936	-0.066910	-0.057443	-0.037722	0.210383	0.227635	0.008594	-0.012994	-0.326876	-0.121275	0.229856	0.521084	0.060687	0.019540	-0.102754	-0.158020	0.045756	-0.296054	0.082614	0.162589	0.007447	0.248320	0.078667	0.063823	0.040937	-0.351733	0.208746	-0.071742	0.200347	0.220526	-0.025171	0.021599	0.138843	-0.035388	0.105315	0.203577	-0.124217	-0.088952	-0.250096	0.023907
2.599426	0.249099	-0.783070	-0.748275	-0.172816	-0.140886	-0.496242	-1.093198	-0.683005	1.422919	-0.805738	0.244282	0.520474	-0.176164	-0.004231	-0.569023	0.694019	0.369896	-0.167989	0.004621	-0.198303	-0.343739	-0.321249	0.067321	0.056566	-0.292809	0.220090	-0.021124	-0.039913	-0.049230	-0.037212	0.519069	-0.994295	-0.031148	0.414794	0.110922	0.022309	-0.048410	0.013953	0.078923	0.716289	-0.375233	0.439655	-0.135899	0.271220	-0.248245	0.265913	0.179265	-0.479123	-0.038060	-0.027469	0.141556	0.124109	0.168780	-0.095492	-0.079961	-0.309947	0.042849	-0.164046	0.266042	0.103485	-0.061437	-0.147944	-0.065892	-0.051916	-0.148437	-0.042708	0.397005	-0.053346	0.325909	-0.226234	0.008761	0.055401	-0.432048	-0.152331	-0.421193	0.141940	-0.246950	-0.005815	0.072352	-0.324662	-0.228090	0.088273	0.139606	0.116112	-0.119548	0.113022	0.200549	0.138588	0.236357	0.245740	0.211546	-0.119637	-0.024509	-0.067648	-0.036213	0.153993	0.038799	0.010634	0.321894	0.038580	0.058375	0.078475	0.083706	0.033424	-0.121740	0.047887	-0.034891	0.159321	-0.155271	-0.065057	-0.081128	0.016096	-0.056157	0.014171	0.046992	0.018004	-0.083044	0.032870	-0.072753	0.038585	-0.086877	-0.144267	0.032573	0.251676	-0.035448	0.010159	0.308632
0.747002	-0.901654	0.399162	-1.470493	0.628284	-1.103343	-1.415569	-0.750172	-0.758861	-0.116567	-0.204807	0.113936	0.193483	-0.529505	-0.105784	-0.079834	0.201787	0.799315	-0.747980	0.173241	-0.239791	0.528443	-0.643768	-0.455838	-0.017895	0.525635	-0.383492	0.015289	-0.016566	0.017892	-0.018251	-0.075243	0.137735	-0.616137	0.250482	-0.312366	-0.063326	-0.249311	0.023966	-0.143419	-0.378037	0.215414	0.054282	0.241244	0.102328	0.059429	-0.121326	0.242168	0.241297	-0.359536	0.025971	-0.284856	-0.099971	0.091052	-0.279827	0.286842	0.079228	0.202410	-0.045572	0.018782	0.391622	0.037228	0.280965	-0.149126	0.159910	-0.196258	-0.065245	-0.172195	0.016809	0.105343	0.175446	-0.096974	0.051518	0.013380	0.143818	-0.013060	0.143435	0.100407	-0.062781	-0.177227	-0.209451	0.207207	0.127588	-0.035069	0.374423	0.250530	-0.052339	-0.136500	0.051336	0.022146	-0.021480	-0.050684	0.035855	-0.128483	0.103475	0.077589	0.126044	-0.118972	0.178365	-0.092776	0.154750	-0.047281	-0.002588	0.070116	0.321714	0.038900	0.095672	-0.048655	-0.066748	0.065866	-0.006198	0.092146	0.035884	-0.006161	0.016839	0.128809	-0.214459	0.028985	-0.081362	0.041479	0.236344	-0.042479	0.037562	0.068403	-0.130094	0.019695	-0.112992	-0.182699
1.816512	0.203294	-1.351308	0.146743	0.198806	-1.218259	-1.077742	-0.125845	-0.640706	-0.068139	-0.356347	0.030503	-0.297287	0.337261	1.473234	-0.187893	-0.735315	-0.477298	0.007323	0.087158	-0.094919	0.109287	-0.384856	-0.343658	0.032484	0.370147	0.090394	-0.245908	-0.387762	-0.844618	-0.194161	-0.118696	0.226920	-0.125029	0.314702	0.068589	-0.428383	0.047278	-0.303809	0.160848	-0.385641	-0.016617	0.015203	0.388195	0.056166	0.032202	-0.298929	-0.109740	0.034291	0.143041	-0.057780	0.096070	-0.312121	-0.021126	0.301258	0.355266	-0.159666	-0.153501	-0.197422	0.205408	0.153668	0.323919	0.023710	0.016961	0.294724	-0.149948	-0.709536	-0.096238	-0.094266	-0.358214	0.237691	0.186701	-0.148138	-0.115058	-0.159318	0.068018	0.053317	0.404602	-0.436427	-0.230071	0.006562	0.203894	0.220440	-0.262681	-0.032837	-0.258647	0.082048	-0.279851	-0.247149	0.031306	-0.119500	0.051552	0.384740	0.208292	-0.097656	-0.043515	-0.200437	-0.092055	-0.045430	-0.137213	0.037559	0.003519	0.081455	-0.168727	-0.042113	-0.016061	-0.029998	0.287227	0.116060	0.159642	-0.277769	0.113446	-0.032396	0.140513	-0.016658	-0.080486	0.065485	0.086371	0.108695	-0.289974	-0.046893	0.041078	-0.123330	-0.420672	0.275988	0.209476	0.160805	-0.124903
3.929346	-0.159622	0.183385	-0.977157	-0.440167	-0.224329	-1.093510	-0.415723	-0.572243	-0.385053	0.123454	0.122129	-0.011882	-0.178918	-0.616429	-0.284108	0.317934	0.417568	-0.113149	-0.136426	0.154707	-0.134029	0.237257	0.115139	-0.189447	0.593665	0.145259	0.017901	0.030204	-0.525425	0.395969	-0.345042	-0.123061	0.082186	-0.387646	-0.025600	-0.102847	-0.140122	-0.026852	0.045124	-0.048551	0.116418	0.047548	-0.064608	-0.126038	-0.135141	0.441985	-0.123331	-0.054913	-0.112444	-0.082930	-0.447474	-0.157092	-0.002934	-0.068463	0.103426	-0.050911	0.267245	-0.017813	-0.141012	0.062120	0.136082	0.018946	-0.079046	-0.107602	-0.022362	-0.085049	-0.100249	-0.039042	-0.078059	0.077601	0.063896	-0.136767	0.002240	-0.018133	-0.027366	0.106452	-0.099984	-0.041429	0.045084	-0.051255	0.104248	-0.089189	-0.187510	-0.006338	-0.127121	0.248838	-0.029114	-0.099338	0.116151	-0.203379	-0.015416	-0.079020	0.034275	-0.025024	-0.052639	0.013615	0.155098	-0.005633	0.038943	0.051783	-0.015722	0.009906	-0.107555	0.097844	-0.061968	-0.065231	0.063006	-0.164149	-0.173842	0.005658	0.053049	0.114328	-0.115079	-0.076393	0.059403	0.026030	0.067669	0.011665	-0.034764	-0.063520	-0.002486	-0.089071	0.036358	-0.046644	0.143547	-0.070246	0.139140
2.947528	-0.663375	-1.994456	-0.915860	0.683919	-0.989769	-0.399109	-0.375851	-0.907410	0.486825	0.206147	0.096645	0.142823	-0.768435	0.055055	0.382657	-0.109311	-0.052144	-0.244312	-0.233502	-0.910707	-0.324781	-0.378156	-0.083946	0.236866	0.250854	-0.169406	-0.154170	-0.263656	-0.204875	-0.249517	0.497901	0.443558	-0.015423	-0.293762	0.050029	0.137643	-0.384006	0.165344	0.212185	-0.038949	0.456396	-0.218223	0.921879	0.005432	0.358974	0.039458	0.624586	-0.159996	-0.091613	-0.072196	0.136635	-0.062707	-0.050288	-0.224927	-0.030972	0.215586	-0.016187	0.167089	-0.224124	0.057673	0.012860	0.015970	-0.136926	0.091914	-0.008264	-0.008928	-0.044515	-0.012000	-0.021328	-0.248945	0.068862	-0.167086	0.276067	0.171888	-0.122892	-0.035690	-0.065650	0.044864	-0.271858	-0.144576	-0.053207	-0.321359	-0.203343	-0.224430	-0.079528	-0.158043	0.006164	0.014599	-0.062995	-0.167306	0.108021	-0.236709	0.161707	0.157330	-0.165182	0.126149	0.124653	0.222603	0.011585	0.120538	-0.065282	0.048562	-0.081977	-0.117877	0.043707	-0.043153	0.051267	-0.015914	0.205631	0.140198	0.013194	-0.163266	0.110952	-0.061750	-0.005635	-0.066401	-0.053984	0.099846	-0.043610	-0.031662	0.136334	0.028419	0.052520	-0.012359	0.033260	-0.109420	0.141346
2.834090	-1.120977	-2.990649	-0.769342	0.936866	-0.322954	-0.961274	-0.274847	-0.458889	0.262430	0.145258	0.127778	0.958034	-0.994155	-0.583264	0.234383	0.095440	-0.286549	0.274867	-0.025520	-0.257757	-0.264246	-0.584273	-0.239852	0.304964	0.009009	0.255321	-0.575900	-0.061556	0.012351	-0.146377	0.606500	-0.394244	-0.051137	-0.043220	0.028507	0.056172	0.026518	-0.088691	-0.571850	-0.137054	0.171170	-0.470615	0.340559	-0.108230	-0.034181	-0.221764	-0.111916	-0.148461	-0.205104	-0.174801	0.067466	0.335363	0.097749	-0.226800	0.043928	0.244877	0.071693	-0.090242	-0.187682	0.204047	-0.019072	-0.087236	0.073867	-0.349064	-0.043205	-0.003581	0.375442	0.355643	-0.224589	0.019822	-0.472507	0.071588	-0.053452	-0.159816	0.043203	-0.021555	0.173880	0.141215	-0.201464	-0.074008	-0.241492	-0.184271	-0.230021	0.068382	0.188457	0.350982	-0.003842	0.109776	0.051151	0.005261	-0.084364	0.294538	-0.193386	0.159209	-0.294366	0.103855	0.183957	-0.201178	-0.030056	-0.230378	-0.186489	-0.295131	-0.037978	0.027609	-0.017437	-0.154118	0.084910	-0.003966	0.051534	-0.076342	0.089667	0.343260	-0.017438	-0.057963	0.087286	0.182090	-0.019027	0.025014	-0.146185	-0.123125	0.013677	0.032993	-0.055558	-0.168768	0.078153	0.082137	0.068176
3.139155	-0.624888	-1.548333	-1.088677	0.360188	-0.202961	-0.807243	-0.274095	-0.707243	0.223186	0.587844	0.456006	0.337462	0.162836	-0.829247	-0.078643	0.247059	0.239553	-0.279475	-0.767533	-0.146096	-1.064326	-0.245018	0.377875	0.513636	0.265459	-0.182575	-0.450171	-0.496904	-0.392690	0.036277	0.359339	-0.343734	-0.222843	-0.167434	-0.086391	0.136777	-0.209968	0.121832	-0.147110	-0.006721	0.098983	0.469415	-0.047120	-0.043890	-0.138190	0.205925	-0.100550	-0.038609	-0.073254	-0.486192	-0.468777	0.078842	0.224381	-0.133324	0.141378	-0.159132	0.165285	-0.121918	-0.155188	0.262861	0.369593	-0.169961	-0.339005	0.126397	0.273614	-0.103925	0.415819	0.088204	-0.078538	0.116093	-0.026452	0.019176	0.043181	-0.017270	-0.167681	0.284278	-0.253575	0.115159	-0.170506	0.237684	0.203845	-0.134529	0.106867	-0.053917	-0.055858	-0.071436	-0.001547	-0.106846	-0.315498	0.036086	0.253777	0.186726	0.144891	0.085432	0.124003	0.255714	0.045477	0.255624	-0.143095	0.040959	-0.257261	-0.110815	0.009191	0.056468	0.216130	-0.154405	0.041111	-0.029329	0.121330	-0.341241	0.094987	0.272918	0.150958	-0.048922	0.030235	0.222447	-0.048755	-0.088293	-0.133422	0.202704	0.067164	0.346262	0.004881	0.169703	0.186315	-0.300680	0.026096
3.043200	-0.843101	-0.499966	-0.572045	0.251029	0.034640	-1.124889	0.173969	-0.750372	0.179380	-0.087667	0.089228	0.314724	0.344036	-0.303107	0.112870	-0.078538	0.306872	-0.237765	0.457855	-0.166369	-0.178622	-0.114381	0.254033	0.205090	0.154149	0.163555	-0.547491	0.441595	-0.017415	-0.357626	0.325267	0.097225	-0.325359	-0.078322	0.047825	0.351969	-0.235351	0.013806	0.011615	-0.478261	-0.231867	-0.153871	0.312517	0.051068	0.149747	0.076742	-0.272824	0.185671	-0.519189	-0.012562	-0.243618	0.288292	-0.156451	-0.293973	0.150785	-0.231269	0.114724	-0.139296	0.267826	0.038759	-0.023443	0.360274	-0.034872	-0.349159	-0.011030	-0.066172	-0.070082	0.146060	-0.141085	-0.007775	0.082870	-0.126811	-0.038289	-0.184603	-0.138035	0.143833	0.222164	0.200977	0.065077	0.237639	0.484270	0.044983	-0.175130	0.003071	0.128512	0.208574	0.058171	0.004163	-0.026790	0.003108	-0.073034	-0.081490	-0.338506	0.310500	-0.053213	0.100530	0.106859	-0.059930	0.033391	-0.043627	-0.083578	0.071844	0.087524	-0.036043	-0.017157	0.151590	-0.082856	0.010021	-0.219643	0.107325	0.121484	-0.200381	-0.015575	0.175165	-0.055254	-0.057362	0.078124	0.050537	0.051858	-0.233449	0.232705	0.026855	0.036480	0.033655	0.078569	0.052627	-0.122832
2.398916	-1.181660	-1.165207	-0.985859	0.536425	-0.936657	0.332292	-0.340342	-0.536275	0.622760	-0.462898	-0.816223	0.877265	-0.419069	0.063704	-0.102345	0.398325	-0.002617	-0.000117	-0.294994	-0.256948	-0.062365	0.145367	0.170738	0.356539	0.221148	0.137742	-0.295613	-0.077135	0.197639	-0.271951	0.050505	-0.079915	-0.168915	0.789865	-0.227787	0.329274	-0.345209	-0.182893	0.153961	-0.228786	-0.005211	-0.744579	-0.121816	0.058355	0.135454	0.114613	-0.145090	-0.236442	-0.234359	0.089254	-0.159630	-0.436111	0.416919	-0.326320	0.174038	0.146365	-0.053685	0.076071	0.148560	0.182308	0.199065	0.085491	-0.178355	-0.068463	-0.401766	-0.270205	-0.340125	0.042195	0.184072	0.001944	-0.014329	0.189802	0.233408	-0.167301	-0.060777	0.088934	0.146860	-0.091341	-0.219964	0.003063	0.130763	0.535405	0.068646	0.104229	-0.104929	0.037953	0.009102	0.201787	0.210882	-0.100615	-0.321824	-0.182105	0.013606	0.015632	0.174553	-0.326004	-0.040126	-0.075224	0.117248	0.149103	0.057744	0.234480	0.106013	-0.127443	-0.023315	0.133733	-0.054768	0.001323	0.097005	0.091614	0.084880	-0.154162	-0.142172	0.069221	0.104732	-0.163568	-0.068313	-0.010899	0.304084	0.022589	-0.173371	0.070859	0.001511	0.063919	-0.100492	0.023937	0.095686
3.973339	0.066880	0.716843	-0.649530	-0.712875	0.282831	-1.569435	-0.465941	-0.282339	-0.363795	0.671106	0.430420	-0.426190	-0.187959	-0.601182	-0.045017	0.252045	0.487068	-0.012358	0.020494	0.160830	-0.416839	0.487723	0.363339	-0.353923	0.339671	0.149859	-0.141394	0.000397	-0.716201	0.110974	-0.162145	0.188356	0.198324	-0.289998	0.334351	-0.099846	-0.132315	-0.176215	0.221380	-0.215191	0.228855	0.012054	-0.072076	0.050871	-0.150251	0.434689	0.175724	0.094124	0.215013	0.085760	-0.268481	-0.293588	0.169649	0.048550	0.402302	-0.003032	0.122619	-0.071778	-0.047204	0.070317	-0.010576	-0.041060	0.354492	-0.075213	-0.053338	0.001852	-0.127777	0.066405	-0.004384	0.092583	-0.020159	-0.141910	0.026815	-0.118141	-0.041300	0.172624	-0.189433	0.116137	-0.025826	0.001115	0.100294	0.130002	-0.087513	0.071123	-0.008105	0.101444	-0.104252	-0.189847	-0.029668	-0.049382	-0.216821	-0.144897	-0.107190	0.078755	-0.038852	-0.006478	0.027014	-0.057589	-0.061230	-0.110448	0.107627	-0.035033	-0.134436	0.217037	-0.041463	0.049707	0.060921	-0.057655	-0.111842	0.141850	0.056204	0.035634	-0.033553	-0.062269	-0.008704	-0.134641	-0.057200	-0.004780	0.012398	-0.049792	0.010894	-0.113412	0.068620	-0.013551	-0.025500	-0.114697	0.117305
-0.544828	-0.264614	-0.679639	0.670517	-1.552478	-0.562784	-1.736175	-0.360868	-0.168267	0.593262	-0.193226	-0.012652	-0.057942	-0.449540	-0.812062	-0.440186	-0.120712	0.654114	0.115940	0.462012	-0.384430	0.294567	0.186872	0.013216	-0.257348	-0.083471	-0.644947	0.195420	0.207100	-0.283146	-0.199464	-0.095307	0.298371	-0.253534	0.326681	-0.286994	0.065547	-0.096728	-0.082570	-0.013258	0.144327	-0.142379	-0.351594	0.086315	0.011583	-0.014749	-0.043655	0.085404	-0.124630	0.221661	-0.117463	0.028268	-0.187067	0.269220	-0.368022	0.094385	-0.383644	0.163632	0.045666	0.166302	-0.013994	-0.020900	-0.164438	-0.104825	0.321526	0.454914	-0.105380	-0.029445	-0.348967	0.060053	-0.005771	-0.400188	0.354528	0.161541	0.082265	0.094411	0.102146	0.214422	-0.243739	-0.235673	0.189875	0.100187	-0.079122	0.062930	-0.136665	0.178815	0.125139	-0.012332	0.320681	0.069330	0.095462	-0.011652	0.025453	0.070231	0.145932	-0.133678	-0.102466	-0.203822	-0.008431	-0.104245	0.121210	0.013270	-0.019676	-0.121231	-0.062595	0.124329	0.118633	0.243745	0.009690	0.140779	0.119024	-0.006835	0.182595	0.205592	0.033187	-0.087307	-0.010732	0.118490	0.060923	-0.169551	0.048501	0.133968	-0.035497	0.274802	0.067010	0.002326	-0.062751	-0.060201
-1.260238	0.987361	-1.479348	-0.346598	-0.966102	0.033844	-0.918587	-1.061682	0.037295	0.405528	-0.509756	-0.337927	-0.567541	-0.096646	-0.652774	0.177549	-0.182118	-0.290995	-0.535402	-0.579942	-0.088952	-0.181974	0.046149	0.275442	-0.755049	-0.535337	-0.334054	0.259909	-0.293920	0.274639	-0.092337	-0.010106	-0.177149	0.028738	0.528728	0.144151	-0.314050	0.170963	-0.184354	0.129228	0.305832	0.035570	0.148763	-0.214522	-0.152386	-0.216850	0.090975	0.597049	-0.229365	-0.074686	0.180206	0.251987	0.016714	0.093330	0.093317	-0.027208	-0.091250	-0.153072	0.270830	0.186178	-0.069111	0.165021	0.065547	0.249575	-0.109000	0.151892	-0.152277	0.377806	0.046049	0.052940	0.308989	-0.017545	-0.164034	-0.082651	-0.141304	-0.054744	0.021592	0.309965	0.021315	-0.487342	0.073216	0.050847	-0.195282	0.077211	-0.305673	-0.216074	0.161991	0.053506	-0.174064	0.163572	-0.050737	-0.228140	-0.134883	-0.319223	-0.004648	-0.170838	0.212454	0.030626	0.132980	-0.071744	0.032206	0.021896	-0.192583	-0.130829	0.189438	0.237742	0.049147	0.155016	0.176907	-0.065514	-0.005133	0.003984	-0.200798	0.221274	-0.071584	0.102105	0.137876	-0.312867	-0.210184	0.046210	-0.066175	-0.176879	-0.202826	-0.020270	-0.132596	-0.014599	0.127043	-0.103337
-1.571033	1.454253	-0.802976	-0.790656	-0.489632	0.948569	0.464074	0.193116	-0.868921	-0.422596	-1.289646	-0.218412	-0.081550	0.232053	-0.225555	0.397200	-0.002989	-0.279403	-0.618055	-0.329827	-0.104391	-0.092469	0.061359	0.034872	0.107047	-0.098825	0.010282	0.142524	0.110188	-0.195861	-0.123146	-0.499091	-0.032998	0.381924	0.069085	-0.268590	0.015590	-0.113794	0.122836	-0.207978	0.032123	-0.088940	0.050914	0.016640	0.139203	0.008883	-0.211823	-0.224893	-0.135980	-0.048790	-0.182218	-0.056994	-0.324089	0.177510	-0.062459	-0.007985	0.321989	0.063967	-0.160773	0.031555	-0.051340	0.068449	0.026463	0.206685	-0.072730	0.048351	0.123973	-0.121021	-0.128449	0.109473	-0.190025	-0.068014	0.088640	-0.041136	0.023704	0.060356	0.001051	-0.023572	0.041517	-0.098823	0.012919	0.024080	0.185255	0.186607	-0.260045	-0.200539	-0.207738	-0.082273	-0.071597	-0.113610	0.059680	0.277694	-0.069373	0.039327	0.183814	0.030464	0.128723	-0.012773	0.024055	0.078236	0.045754	-0.091558	-0.094680	-0.192055	0.063565	0.021652	0.139781	-0.074615	-0.087895	0.160351	0.026528	0.058002	0.015362	0.021647	0.152740	0.216961	0.020546	0.042800	0.023273	0.048778	-0.122709	-0.083829	0.020695	-0.081483	0.071265	0.044684	0.137806	-0.011985
-0.009009	-1.437611	1.730023	-1.536965	0.455737	0.463906	0.517528	0.659026	-0.400383	-0.230161	-0.293304	1.090189	0.640240	-0.636150	-0.241680	-0.610252	-0.407402	-0.196110	-0.724797	-0.200292	0.172954	0.381851	-0.027752	0.019004	0.460232	-0.143150	-0.079930	0.176423	-0.342952	0.010712	-0.079780	-0.142846	-0.093544	0.063456	0.029701	-0.109570	0.002680	0.053670	-0.032639	-0.194712	-0.100508	-0.080276	-0.189273	0.043569	-0.219871	0.103635	0.233401	0.114031	-0.113025	0.242186	0.076983	0.126222	0.158631	-0.192041	0.365211	-0.117121	-0.553072	0.204797	0.030209	0.013272	-0.027631	0.086657	0.144106	-0.057034	0.235647	0.095927	0.288821	-0.292748	0.083926	-0.073382	-0.112007	0.207705	0.154306	0.023105	-0.033686	0.035105	0.130330	0.014003	0.171091	-0.125787	0.190522	-0.121283	0.217060	-0.030276	-0.173205	-0.118118	-0.114986	0.025855	-0.170891	0.079744	-0.007623	0.129609	-0.190313	-0.059289	-0.040303	-0.050406	-0.059363	-0.211872	0.162115	-0.043405	-0.105758	0.095191	-0.241083	0.029299	-0.020613	-0.138921	-0.072202	0.097155	-0.056896	-0.240663	0.060642	-0.270780	-0.118998	0.073920	-0.021775	0.001897	0.030680	0.055743	0.038521	-0.002320	0.046060	0.215193	0.080532	0.044060	-0.155597	-0.041582	0.078217	0.017348
-0.658505	1.286538	-1.991274	-1.287615	-1.077724	0.488449	1.362581	-0.804820	-0.184487	-0.297633	-0.505912	-0.133785	-0.040413	0.056839	0.947423	-0.438956	0.413157	0.125879	-0.807022	0.183942	-0.143293	0.478393	0.023209	0.010412	0.322903	-0.216473	0.979390	-0.639516	-0.717582	0.065618	0.982434	-0.168928	0.358453	0.014154	-0.278951	0.036045	0.416468	-0.243384	-0.166787	-0.246146	-0.170503	-0.266784	-0.210532	-0.225621	-0.128463	-0.608639	-0.335196	-0.216177	-0.232661	-0.104810	0.199746	-0.104383	-0.218800	0.088265	-0.173579	-0.296030	-0.326135	0.180190	-0.008324	0.068917	0.045698	0.318556	-0.418085	0.256658	-0.280087	-0.094220	0.369308	0.066433	0.030630	-0.226827	0.109218	-0.152475	-0.366731	0.331135	0.538145	0.148764	-0.272676	0.198406	-0.082542	0.034593	-0.204604	-0.233205	-0.061054	-0.077853	0.130457	-0.094974	-0.413631	-0.051311	-0.062728	0.089114	-0.032230	-0.076828	-0.098938	-0.061853	-0.066457	-0.063019	-0.022345	-0.162952	-0.059431	-0.118634	0.158112	-0.503661	0.045802	0.195769	-0.208598	0.058528	0.275488	0.280543	0.104676	-0.331114	0.374520	0.188316	0.126344	-0.239525	0.212620	0.119265	0.084988	-0.058722	0.259604	-0.008424	-0.044845	0.062195	-0.133205	-0.068026	0.150619	-0.006502	-0.029171	-0.003356
-0.359309	-0.958836	2.172004	-1.317679	0.463750	-0.174417	-0.640528	0.882995	0.285277	-0.883626	0.043885	0.225953	-0.720857	0.256006	0.266841	0.427652	-0.516331	-0.362466	0.236423	-0.137896	0.458483	-0.561003	-0.602697	-0.113618	-0.001097	-0.528081	-0.006146	0.136375	0.202296	0.253052	-0.074929	0.172635	-0.093528	0.047649	0.209045	-0.077518	-0.024108	0.145950	-0.011545	0.211996	0.094331	-0.051010	-0.142923	-0.277237	0.206994	-0.012629	0.391951	-0.127960	-0.082786	-0.197878	0.080590	-0.166297	-0.030423	0.078157	-0.156597	0.022388	-0.221813	-0.043207	-0.288519	0.177243	0.004781	-0.215663	-0.035834	-0.021866	0.150759	-0.097438	0.037756	0.110975	-0.425590	0.044409	-0.197618	-0.018836	-0.003403	0.298081	0.036260	-0.049396	-0.070835	-0.018285	0.116366	0.003420	0.018896	0.041101	-0.157513	0.073430	-0.059518	0.159348	0.073934	-0.354668	-0.052514	-0.082048	0.102111	-0.184458	-0.037473	0.214262	-0.022522	-0.077421	0.131105	-0.077947	0.102725	0.201932	-0.078807	-0.114861	0.041828	-0.092146	0.024510	0.115950	0.054523	0.278693	0.182056	-0.156432	-0.087604	0.019885	0.142149	-0.125255	-0.034367	0.182640	0.000002	0.214730	0.122971	0.324053	-0.207850	0.106526	-0.066564	-0.028202	-0.213979	0.123942	0.075100	0.153025
-0.723073	-1.199217	1.746685	-1.662771	-0.419854	-0.381325	0.208746	-0.131103	0.764303	-0.266444	0.547842	0.334557	0.143627	-0.142528	0.399001	0.032691	0.072313	-0.008093	0.058172	-0.466987	-0.138576	0.367760	-0.235555	0.035297	0.054164	-0.344971	0.057391	-0.312972	0.459309	0.175341	-0.218194	-0.067477	0.126467	-0.134762	-0.058214	0.089020	0.182856	0.110052	0.217275	0.232872	0.031467	-0.026177	0.007718	-0.160764	0.001308	0.074777	0.011008	-0.235331	0.144480	0.013905	-0.128218	0.002892	-0.280623	0.270431	-0.040067	-0.082780	-0.008496	-0.102472	0.159117	0.194171	-0.068607	0.126695	-0.124367	0.028849	-0.178947	0.044915	-0.173214	-0.030150	0.010284	-0.442018	0.131931	-0.050033	0.026877	0.141359	0.050282	0.146149	0.268462	0.001088	0.034076	-0.088268	-0.039549	0.178199	0.136969	-0.258565	0.006021	-0.296285	0.101560	0.011219	-0.201306	-0.104295	-0.251084	0.073906	-0.005385	-0.025080	0.042689	-0.016278	0.178647	-0.164061	0.087307	0.116625	0.114777	-0.183791	-0.108387	0.065742	-0.014082	-0.183998	-0.150257	-0.022710	-0.110906	0.042907	0.042844	-0.136916	-0.060828	-0.074299	-0.306309	-0.195370	0.044882	-0.017381	0.109945	-0.044388	0.091126	0.057148	-0.064909	0.121546	0.139179	0.109966	0.234838	-0.000270
-2.158559	1.131523	-2.558036	-1.401818	-1.611395	0.790705	0.403545	-0.317138	-0.136004	-0.627760	0.290058	0.442588	-0.416991	0.831379	-0.024761	0.330159	0.486791	-0.584485	-0.605574	-0.176936	0.123931	-0.481911	-0.238426	-0.145356	0.113943	0.132552	-0.186562	-0.553825	0.209780	0.407219	0.492936	-0.057860	-0.263859	-0.142626	-0.264835	0.301008	-0.069368	-0.273980	-0.084012	0.088282	0.076045	-0.123392	0.128188	0.016473	0.326402	-0.523200	-0.149032	-0.103305	-0.253644	0.669774	-0.099970	0.355688	0.108089	-0.391533	-0.138263	0.042151	-0.209766	-0.063605	0.022815	0.310377	0.394650	-0.603917	0.055219	-0.303531	0.133190	-0.097134	-0.345316	-0.229846	-0.050028	-0.198136	0.122870	0.054189	0.111821	0.017307	0.348597	0.111432	0.199284	-0.289520	0.442497	-0.301448	-0.367453	0.292854	-0.372220	-0.103417	0.118320	-0.212064	0.077544	0.052251	-0.122922	0.073722	0.090386	-0.247814	0.062678	-0.218028	-0.011649	0.134907	-0.002545	-0.167566	0.005331	-0.263761	0.045534	-0.066329	-0.013342	0.242432	0.120637	-0.148555	0.080410	0.099003	-0.109593	-0.039908	0.050087	-0.084972	-0.010727	0.008721	0.040180	-0.249460	0.149303	-0.186748	0.016652	0.014499	0.074976	-0.154170	0.023814	-0.227419	0.053100	0.057618	-0.252476	0.221697
0.121455	-0.960351	2.188215	-1.132969	0.156364	-0.391663	-0.284142	0.838163	-0.255919	-0.108212	-0.375931	0.552373	-0.370949	0.114299	-0.036103	0.320432	-0.620943	-0.129930	0.090214	0.063023	0.313187	-0.022966	-0.167212	0.535709	-0.121686	-0.664262	-0.192759	-0.122546	0.103729	-0.048191	-0.199967	-0.231424	-0.406083	-0.086161	-0.004295	-0.239592	-0.009870	0.024453	-0.220190	0.002247	-0.090781	-0.149414	0.188922	-0.230971	0.097579	-0.049536	0.090406	-0.085643	-0.183774	-0.205809	0.057035	0.177074	-0.168236	-0.165998	0.066430	-0.173750	-0.182211	-0.028454	0.041165	0.007835	0.138798	-0.043300	0.107670	0.018592	0.094038	-0.061233	0.036608	0.145920	-0.320229	-0.284413	0.046350	0.080885	-0.048988	0.012701	0.092571	-0.172508	0.176450	-0.064783	0.225129	-0.214704	-0.010173	-0.300186	0.028396	0.015402	-0.316734	-0.149510	-0.056634	-0.386765	-0.062656	-0.085333	0.112066	-0.038637	-0.071545	-0.063753	-0.127117	-0.142959	0.007799	-0.153254	0.295400	0.144889	0.104797	-0.093664	0.037296	-0.078480	-0.060034	-0.194860	-0.030859	0.005059	0.008328	-0.105486	0.033639	-0.008171	-0.159468	-0.174493	0.009111	0.016167	0.006291	-0.056994	0.000495	0.114295	-0.051031	-0.060080	0.251032	0.031720	-0.024609	0.087879	-0.054930	-0.047064
-1.564729	1.138102	-0.145364	0.725409	-0.158947	0.990801	0.146002	-0.750638	-0.347433	-0.167215	-0.119476	-0.568598	-1.070320	-0.604563	-0.489117	-0.597540	-0.027976	0.082897	-0.756005	-1.049340	0.358868	-0.276894	-0.413559	0.196031	-0.608497	0.005930	-0.065376	-0.072988	-0.146841	0.071276	-0.335819	-0.094098	0.398244	-0.101761	0.343036	-0.035950	-0.339024	0.330051	0.348865	-0.487135	0.201361	0.166150	-0.144621	-0.251321	-0.115546	0.109465	-0.044404	0.324340	-0.312875	-0.531388	0.257110	0.042271	-0.086735	0.129875	0.024989	0.034028	-0.185367	-0.125989	-0.247346	0.040442	0.026422	0.015853	-0.054169	0.116387	-0.234200	0.289960	0.178846	0.171285	0.020544	-0.071670	-0.032559	0.045780	-0.162513	0.043068	-0.326938	0.069130	0.019099	0.252952	0.087687	0.049654	0.231932	0.233943	-0.242299	-0.105772	-0.085526	-0.296921	-0.073468	0.062838	-0.053356	0.109401	-0.004020	0.020457	0.151555	0.102678	-0.024757	-0.184708	0.175568	0.127271	0.182852	-0.129868	0.113982	-0.163085	0.161455	-0.098749	-0.180125	-0.054951	-0.130295	-0.012633	0.384301	-0.131747	-0.060712	-0.079126	0.023889	-0.014645	0.075820	0.157280	-0.253078	-0.169892	-0.025102	-0.031953	-0.189670	-0.274115	-0.033174	0.028466	-0.038992	-0.000367	-0.116750	-0.182890
-0.356705	1.295284	1.406287	-1.163981	0.255430	1.331188	1.006343	-0.499333	-0.650765	-0.074209	0.016558	0.289722	0.362551	-0.774890	1.280240	-0.540429	1.151331	0.082541	0.173309	1.092684	-0.766232	0.071481	-0.063971	0.234580	0.015184	-0.784632	0.644657	0.207540	-0.472837	-0.512925	0.287497	-0.018101	-0.252005	0.129265	-0.224500	-0.164758	1.037436	0.205781	0.047781	-0.473368	-0.379526	-0.374959	0.533318	0.080338	0.129990	0.248274	0.628618	-0.204096	0.429495	0.227038	0.062767	0.667841	0.157119	-0.706175	0.194835	0.285514	-0.040146	0.215579	0.116069	0.675810	-0.163080	0.127441	-0.093597	0.245890	-0.215518	0.045931	-0.560592	0.161798	-0.134275	-0.381821	-0.401519	-0.327278	-0.016887	0.238989	0.328480	0.217806	-0.133122	-0.262704	-0.076037	-0.006025	-0.140362	0.029496	-0.291093	0.091091	0.057507	0.135597	0.369305	0.092627	0.071985	0.179506	-0.047421	-0.165361	0.121496	-0.022066	-0.086042	-0.198760	-0.018529	0.075538	0.372737	0.124005	0.155769	-0.043746	-0.402506	-0.209571	0.071634	-0.075591	0.155787	0.065074	0.003101	0.111738	0.004687	-0.102258	-0.273963	0.052186	0.141677	0.027736	-0.120195	-0.053820	-0.166435	0.034964	0.156560	0.000790	-0.139181	0.138352	-0.012533	0.161829	0.048676	-0.098360
-0.950806	-0.601578	-2.509963	0.065856	0.555013	0.156711	-1.304500	-1.669416	0.867089	0.832096	0.490486	0.087880	-0.940462	-0.238185	-1.076265	-0.963640	-0.001509	-0.396426	0.702352	-0.121855	-0.234387	0.163663	0.373549	-1.228920	1.121893	0.741768	-0.283677	-0.153139	0.909209	-0.068393	-0.521397	0.175811	-0.382027	-0.570160	-0.272691	-0.430875	0.360485	-0.517012	-0.512569	-0.840811	-0.239547	0.228547	0.707477	-0.512864	-0.362653	0.673839	1.163579	0.403601	0.656060	-0.297959	-0.221587	-0.054088	-0.440496	0.473938	0.140202	-0.400750	0.202919	0.339977	-0.617985	0.103975	-0.054005	-0.330739	-0.151108	0.012635	0.221620	-0.211800	0.134230	-0.196288	-0.073053	-0.339402	-0.203357	0.158318	-0.443973	-0.166317	0.134856	0.142935	-0.587483	-0.220831	0.118411	-0.112656	-0.002286	-0.241979	-0.294125	-0.116125	-0.147470	-0.237618	0.009765	0.039726	0.362822	-0.181612	0.003291	-0.081218	0.005628	0.045401	-0.219401	0.169942	-0.179802	-0.238378	0.029570	-0.119002	-0.178130	-0.006806	0.210188	-0.070168	-0.063076	0.137216	0.154581	-0.161421	0.162956	-0.021765	0.112484	-0.125835	-0.267205	-0.124194	-0.102978	0.098510	0.149052	-0.111168	-0.166931	-0.187882	-0.055346	-0.005457	-0.012181	0.036613	0.049078	-0.220612	0.078877	-0.148312
-0.789613	0.083142	0.027236	-1.845063	-1.870374	1.074514	0.522683	-1.472194	-0.144278	-0.490652	-0.482814	0.865183	-0.744005	0.106378	0.371511	0.029774	0.310229	-0.156703	1.502388	0.871811	-1.078457	0.889808	0.001646	0.337537	-0.278198	0.047283	-0.008755	0.589328	-0.351770	0.589288	-0.493238	0.229731	0.122216	-0.153722	-0.075969	1.101217	0.495442	0.818652	-0.000765	0.472657	-0.279003	0.381561	0.214441	-0.199811	0.122692	-0.921516	-0.456406	0.446276	0.303696	-0.372910	0.166544	-0.294874	0.474443	0.606440	0.645705	-0.090295	0.017076	-0.219252	-0.074969	-0.066485	0.119832	-0.347061	0.189001	-0.079424	0.293829	-0.111978	-0.019861	0.149287	-0.223523	0.187239	-0.408875	0.062346	-0.284411	0.261535	-0.229883	-0.486235	-0.012997	-0.020785	0.105116	-0.137869	0.520502	-0.176815	-0.295440	-0.049596	0.613715	-0.235474	-0.092650	0.160556	-0.024005	0.261447	0.061036	-0.150802	-0.123126	-0.329219	-0.040622	0.011959	0.067150	0.218327	-0.023162	-0.175804	-0.285342	-0.088188	0.016281	-0.279102	-0.358668	-0.047024	-0.042770	0.030369	-0.035096	0.057662	-0.111776	0.141540	0.117701	-0.048335	-0.276756	0.155990	-0.065234	0.100406	-0.198602	0.025458	0.184086	0.091835	0.007007	-0.016552	0.094454	0.156157	0.025171	0.015362
-1.406891	-0.026262	-1.596637	0.784052	-0.384737	-0.180190	0.891441	-1.306521	0.059604	0.125290	2.203962	-0.208269	-0.150563	-0.052873	-0.334123	-0.069191	0.750759	1.069976	0.057420	0.741065	0.212610	0.272693	-0.816808	0.063651	0.393470	-0.344832	0.489402	0.012203	-0.463253	-0.122579	0.124024	-0.632350	0.218643	-0.485529	0.153705	-0.030409	0.120140	0.053630	0.451506	0.278449	0.275978	-0.060252	-0.249413	-0.462181	-0.704120	0.307414	-0.052374	-0.325923	-0.308895	0.389094	-0.177544	0.218703	0.262874	-0.302135	0.406924	0.020897	-0.476565	0.320429	-0.107402	0.085901	0.217913	-0.043121	0.702290	0.212823	0.441697	0.249431	-0.113893	0.447403	-0.004303	0.124208	0.010600	0.379326	0.045159	-0.238133	-0.182587	-0.114918	-0.276035	0.237835	0.097909	0.021362	-0.048962	0.004233	-0.039461	-0.204139	-0.089116	-0.075125	0.127200	-0.197833	0.220790	-0.315117	-0.298005	-0.045571	-0.164389	0.141871	-0.054376	0.081971	0.101344	-0.065645	-0.026842	-0.186036	-0.126810	-0.038229	-0.144978	-0.103395	-0.087233	-0.046072	-0.122197	-0.112622	-0.040114	0.102380	0.174178	0.274151	-0.057919	-0.103418	0.044086	-0.149181	0.089917	-0.128762	-0.036221	0.136218	0.060860	0.212649	-0.126161	0.196755	-0.134783	-0.015160	-0.170477	0.090631
-1.000382	-2.475818	-1.067932	1.369584	-0.926835	-0.318512	0.384304	-0.133304	-0.146128	0.214747	1.738029	-0.812176	0.143134	0.429164	-0.168138	0.751975	0.768049	0.768479	-0.307095	0.348948	0.391401	-0.155596	-0.480233	-0.077136	0.309311	-0.189460	0.589515	0.372714	-0.106035	-0.319506	0.307366	-0.759395	0.214265	-0.299080	0.152753	0.147474	-0.089994	-0.106610	0.155569	-0.211535	0.073504	-0.057598	-0.233408	-0.560069	-0.674483	0.218199	-0.117392	-0.331186	0.101498	0.074435	-0.409972	0.434232	0.347411	-0.015683	0.351946	-0.041473	0.160569	0.704513	0.269352	-0.246335	0.443687	-0.098785	0.295303	0.805154	0.440905	0.320267	-0.234824	-0.065185	-0.051568	-0.144122	-0.072184	-0.146605	-0.046062	0.201992	-0.436308	-0.240831	-0.073417	-0.350676	0.073464	-0.397799	-0.086649	-0.381796	0.183580	-0.121603	0.085153	-0.171201	0.112569	-0.025428	0.180436	0.003802	0.241970	0.129334	0.063900	0.107972	0.288328	0.197295	0.123832	0.159168	0.096551	0.234229	-0.026176	-0.004759	0.165415	0.221528	0.067132	0.173704	-0.064120	-0.122928	0.203030	0.074495	-0.039257	0.013718	-0.025275	-0.117926	-0.136340	-0.050769	-0.105766	0.107247	-0.100111	0.055023	-0.182959	0.007799	0.169083	-0.457327	-0.005359	0.014211	0.105031	0.124851
-1.045164	-0.475537	-0.306001	-1.340360	1.707894	-0.105598	-1.567649	0.410402	-0.743022	0.123135	-0.246120	0.411108	-0.408998	-0.712364	0.498711	0.223646	-0.035001	-0.248853	-0.515991	-0.427775	0.545136	0.212810	0.274537	-0.247309	-0.276147	-0.300985	0.170288	0.839516	-0.265619	0.284881	-0.126789	-0.645294	-0.070682	-0.281953	0.090099	0.016205	0.562731	0.098281	-0.164708	0.012217	0.265336	-0.130395	0.125533	0.144221	-0.189777	0.112767	0.401065	-0.179014	-0.162218	-0.232107	0.121740	-0.166661	0.200578	-0.221781	0.032240	-0.036666	0.023206	0.406978	-0.142019	0.003928	0.367807	0.322057	0.030000	-0.124161	-0.297465	-0.550386	0.161194	-0.125566	-0.009120	0.254644	-0.206333	-0.370996	0.026879	-0.046983	0.110191	0.209864	0.245099	0.026653	0.273907	-0.219323	0.223048	-0.096607	0.063721	0.141177	-0.015623	0.050617	-0.072309	-0.046859	0.013172	-0.166185	0.107560	-0.140487	-0.341188	0.098428	-0.081445	-0.267727	-0.050795	0.161408	-0.134967	0.113714	0.052821	0.184812	-0.184455	0.053322	-0.189199	0.048691	0.075589	-0.280407	-0.074356	-0.027609	0.026776	-0.019478	0.258912	0.229437	-0.026554	-0.027911	0.117591	0.094568	0.091717	0.002697	0.091376	0.148258	0.091226	-0.231500	0.105541	-0.095679	-0.119599	-0.208031
-1.929665	0.681668	-0.533987	-0.070286	0.870666	0.830200	-2.201025	1.111182	0.369439	0.321013	0.981727	-0.481507	0.073444	-0.856270	0.334351	0.374834	0.057123	-0.477925	-0.070338	-0.914253	-0.144368	0.123789	0.264757	-0.093345	-0.581505	-0.172910	0.471627	1.035073	0.083630	0.657467	0.169453	-0.419739	0.200928	-0.222934	0.160271	0.503606	0.618185	-0.359712	-0.021338	0.011607	0.170252	-0.204863	0.192335	0.499055	0.006863	-0.157905	0.702573	-0.342130	-0.296368	0.007078	0.048721	-0.274005	0.281329	0.279462	0.214821	0.006401	-0.097099	0.222336	-0.063379	0.120939	0.245892	0.206037	-0.234788	-0.390289	-0.065018	-0.134999	0.019746	0.060038	0.152003	-0.094409	-0.094116	0.191350	0.238531	0.024264	-0.275829	0.045992	0.091931	-0.103285	-0.048438	-0.236071	0.002088	-0.182952	0.029790	-0.325836	0.061991	0.379602	0.088100	0.098151	-0.098819	-0.050796	0.082179	-0.013848	-0.094607	-0.189363	-0.076925	-0.157393	-0.186639	0.073058	-0.036770	0.092853	0.112705	-0.015742	0.194963	-0.005685	-0.040549	-0.013521	0.186549	-0.046780	-0.044418	0.042211	0.068888	0.028473	0.050014	-0.066197	0.059086	-0.012937	0.025501	-0.206623	-0.072783	-0.016424	0.082938	-0.122563	0.172363	0.141104	-0.012034	0.259529	0.043447	-0.192074
-2.139323	1.146743	-0.835443	-0.682018	0.901606	1.055401	-1.255304	0.944110	0.738834	0.413467	0.865673	-0.562223	0.895255	-1.381866	0.313988	0.000325	0.454799	-0.165227	-0.157915	-0.389877	0.367843	0.233692	0.048588	0.244114	-0.774374	-0.036130	0.425249	-0.206173	-0.117235	0.008867	0.054683	-0.256472	0.153627	-0.197177	0.092127	0.356304	0.290311	0.072655	-0.208062	-0.211858	0.200845	-0.155557	0.320701	0.454280	0.153681	0.024596	0.291383	-0.503292	-0.467371	-0.303209	-0.027669	-0.328659	0.228445	0.137975	0.191833	0.016804	-0.372176	-0.028589	0.227077	-0.052576	0.152939	0.020288	0.137069	0.060101	0.144609	-0.231419	0.277996	0.036026	-0.272662	-0.014083	-0.045167	0.333082	0.086626	0.023396	-0.272099	-0.107517	-0.019095	-0.083665	-0.129744	0.046400	0.170439	0.133773	-0.053917	0.214939	-0.166850	0.372685	-0.130855	0.083123	-0.158957	0.251080	-0.223189	0.072763	0.131797	-0.228853	-0.044683	-0.105456	-0.220066	-0.209524	0.226699	-0.243671	-0.012101	0.218379	0.244569	-0.127863	-0.006479	-0.231691	-0.236397	-0.215095	-0.052879	0.171619	0.028154	0.103739	-0.142464	-0.154036	-0.016543	-0.101067	-0.091133	-0.111204	0.135426	-0.184721	-0.073375	-0.094287	-0.105447	-0.138987	0.078609	-0.025695	0.032359	-0.242217
1.655995	0.735914	-2.190231	1.348596	1.012469	0.693007	1.224044	1.131828	0.976714	0.178854	0.557512	0.621837	0.537150	-0.517823	0.220880	-0.441980	0.046873	-0.607793	-1.009423	0.613898	-0.210500	0.094850	-0.829082	-0.237276	-0.463710	0.095335	-0.291817	-0.249120	0.130056	-0.216742	-0.585543	-0.234807	0.016892	0.421582	0.416165	-0.161544	0.306864	0.398289	0.178012	0.146385	-0.164195	0.298588	0.552869	-0.175724	0.042376	0.322898	0.081829	0.286718	-0.129785	-0.143377	-0.016980	0.012202	-0.054162	0.220146	-0.194782	0.216152	-0.126915	-0.236431	0.094925	0.018616	-0.317893	0.327400	0.020318	-0.155257	0.024645	0.038887	0.131681	0.040631	-0.064004	0.001640	0.046615	-0.231872	-0.077346	0.272941	-0.008836	-0.057700	-0.029831	-0.175865	-0.134944	-0.125236	-0.229079	0.009966	0.029265	0.246536	-0.133080	-0.241153	-0.136559	-0.254649	0.016328	0.010116	-0.177355	-0.207181	0.290054	-0.284860	-0.054623	-0.134554	0.164671	0.151941	0.100717	0.175649	0.191057	-0.080972	-0.117370	0.255607	0.285500	-0.121141	-0.182742	-0.235097	-0.042224	-0.147171	0.127230	-0.039437	0.090782	0.007355	-0.166132	0.110771	-0.049956	0.295111	-0.031520	-0.113471	0.085399	-0.136163	-0.141792	-0.123273	-0.011511	-0.059078	0.069301	0.125278
-0.715363	0.811892	-0.335333	2.364095	-1.278657	-1.649490	-0.015441	0.183516	0.266806	-0.028221	0.076565	0.545716	0.262116	-0.512379	-0.790841	0.200941	-0.365987	-0.496514	-0.287159	0.390393	-0.385994	0.039022	-0.459455	0.271923	-0.190598	0.613707	-0.324525	0.387250	-0.287268	0.317939	0.022991	-0.138973	0.184687	0.041526	0.540473	-0.102869	-0.042723	0.266487	-0.170807	-0.125362	0.293158	-0.119957	0.095876	-0.042549	-0.063382	0.095324	0.508769	-0.066352	0.075726	-0.058480	-0.432745	-0.102318	0.055205	-0.359581	-0.155960	0.219578	-0.162968	-0.045294	-0.199758	-0.038443	-0.438937	-0.096973	-0.168170	0.183454	-0.415091	-0.325185	0.137648	0.047741	0.064144	0.357645	0.054138	0.018838	0.063839	0.181942	-0.078542	-0.003431	-0.030006	-0.093867	0.000682	-0.214213	-0.064652	-0.132896	-0.063027	0.013516	0.135164	-0.271207	0.002756	-0.003963	-0.338021	0.073302	0.029202	-0.149392	0.072020	0.016680	-0.189074	0.066247	-0.055820	0.038347	-0.116393	-0.041633	-0.129465	0.105832	-0.062818	-0.095194	0.226925	-0.104058	0.057933	0.145115	0.044795	0.145622	-0.253608	-0.129430	-0.077421	-0.092064	-0.017522	-0.028205	-0.010334	0.060102	-0.003821	0.112535	0.103484	-0.084040	0.001718	-0.013140	-0.022913	0.026847	-0.133387	0.101064
1.867934	0.746907	-1.304589	0.972001	-0.270966	1.187252	1.028585	1.093958	0.833325	-0.013131	1.054321	1.007382	0.403276	-0.470567	-0.022314	0.133119	0.160667	-0.569421	-0.917526	0.960457	0.343460	-0.248367	-0.336464	0.032178	-0.677764	0.845475	-0.583354	-0.434614	-0.204499	0.096537	-0.117077	-0.148313	0.270585	-0.021407	0.357312	-0.385892	1.199423	0.250942	0.150148	0.372009	0.186187	0.204579	-0.428056	-0.276474	0.116170	0.335096	0.089695	-0.369218	0.218941	0.049432	-0.037525	-0.417311	0.299568	0.246666	-0.108847	0.434211	-0.265794	-0.316719	-0.113620	0.123102	0.017793	-0.104206	0.081355	-0.051839	0.143634	-0.047484	-0.054603	0.282771	0.196247	0.095286	-0.168559	0.132140	-0.675719	0.079717	0.199579	0.016016	-0.113984	-0.024156	-0.160080	-0.044232	0.063240	-0.185377	0.134981	0.003641	-0.186118	-0.070067	-0.273553	0.083845	0.063257	0.064829	-0.177223	-0.051321	-0.346019	0.047109	-0.161692	0.278860	-0.089645	0.010810	-0.309448	0.199869	-0.037058	0.021759	0.235600	-0.174929	0.120144	0.268910	-0.152685	-0.123635	-0.064911	-0.063138	-0.057300	-0.146003	-0.090421	0.207440	0.116483	-0.092786	0.127583	-0.141249	-0.082946	-0.060023	-0.048026	-0.046774	0.421195	-0.153712	0.057020	0.163187	-0.192686	-0.052586
1.601598	1.309188	-2.496397	0.229080	0.088052	1.469649	1.273645	1.937754	0.079275	-0.288677	0.351225	1.026646	0.421087	-0.316921	-0.297800	0.424780	0.380737	-0.455946	-0.590956	0.670064	-0.269682	-0.242853	-0.318821	-0.386244	0.000101	0.569102	-0.681369	-0.073037	-0.165537	0.117828	-0.577447	-0.486227	0.091487	-0.370590	-0.072209	-0.127384	0.141996	0.053043	-0.325859	-0.108801	0.134203	-0.547570	0.331604	-0.222301	0.041087	-0.068401	-0.190686	0.174254	0.476368	-0.179415	-0.217518	-0.273443	0.302234	-0.195529	0.000156	-0.292053	0.173831	-0.215662	0.249488	-0.229467	-0.219183	0.210574	-0.139206	0.044491	-0.293691	-0.212924	0.333765	-0.213610	0.188488	-0.065701	0.142364	0.157097	0.049995	0.075488	-0.188051	0.022848	-0.006059	0.040283	0.178494	0.072317	0.011337	0.130501	-0.039446	-0.179769	-0.213087	0.207686	0.274751	0.016327	-0.023153	-0.290187	0.199582	-0.170007	0.066320	-0.016789	0.009468	-0.094001	0.313222	-0.238192	0.002618	0.155065	-0.091102	0.071369	-0.229236	-0.091480	-0.047085	0.079611	-0.040451	0.084368	-0.012715	-0.068959	0.314483	0.070425	-0.159956	-0.004636	-0.198848	0.215028	0.052260	0.052617	-0.066329	0.133906	-0.014531	-0.296169	0.149766	-0.073812	0.026526	0.117563	0.196491	0.036534
2.029936	1.875738	-1.063924	-0.528696	-0.893923	2.211007	1.021512	1.486744	0.932538	-0.346394	0.573496	0.729968	0.802763	-0.336819	-0.881672	0.787579	0.571592	-0.123284	-0.203062	0.726635	0.675965	-0.146477	-0.005896	0.000902	-0.010059	0.911084	-1.277562	-0.372795	-0.165879	-0.151906	0.347533	-0.023664	-0.150123	-0.073182	0.440829	-0.279141	0.201653	0.189692	-0.100916	-0.096629	-0.036008	-0.226664	-0.078885	-0.142535	0.161483	0.118597	0.029529	0.060040	0.446612	-0.107288	0.053939	-0.045069	0.540136	-0.596454	0.244313	-0.054337	0.061275	-0.031666	0.038359	-0.388504	0.078897	-0.451808	-0.585641	-0.087047	0.030430	-0.056708	0.038610	0.328293	-0.170271	-0.146031	-0.070939	0.240534	0.430627	0.035262	-0.198034	0.170015	0.453550	0.200480	-0.147323	0.272696	0.034051	-0.032089	-0.041976	0.349939	0.165081	-0.145268	0.338523	0.062117	0.226884	-0.126051	-0.128457	0.479317	-0.270070	0.092738	-0.096177	0.091389	0.009905	-0.168080	-0.046343	0.012713	0.417058	-0.239256	-0.024803	-0.274178	-0.135579	-0.013896	0.157746	0.142922	-0.133510	0.257405	0.078488	0.288907	0.101084	-0.175686	0.054848	0.120821	-0.151348	0.042938	-0.124661	-0.043220	-0.159904	0.235551	-0.065361	0.033966	0.109044	0.002518	0.140024	-0.106589
-0.337524	0.060456	-1.019738	0.820545	-2.000340	-1.151081	-0.989155	-0.802495	-0.743935	0.142212	-0.516149	0.667034	-0.073708	0.162698	-0.634304	-0.304739	-0.603504	0.416736	-0.288407	0.417829	-0.391778	0.376906	0.454156	-0.337617	-0.150952	-0.497082	0.158643	0.327947	0.379003	-0.048510	-0.485855	-0.539738	0.111045	-0.403997	0.138805	0.076784	0.137344	0.109595	0.279900	-0.085249	0.219869	0.083938	-0.164412	-0.048591	0.427315	-0.061193	0.100225	-0.172538	-0.133529	-0.054127	-0.383571	-0.188983	0.129722	-0.097223	0.060186	-0.001950	0.017246	-0.100421	-0.247443	0.178627	-0.152423	0.081155	-0.297378	0.018988	0.102088	0.072959	-0.055154	0.504896	-0.148325	-0.046380	-0.296148	0.019074	-0.002789	-0.206273	0.222553	0.025152	0.034327	0.027091	0.252107	-0.249483	-0.289400	-0.110606	-0.231865	0.136794	0.073800	0.043470	-0.116754	-0.284453	-0.223543	0.118703	0.238410	0.110429	0.164155	0.080223	0.001808	-0.046380	-0.078569	-0.159368	-0.034726	-0.071093	0.070751	-0.147466	0.148915	-0.118181	0.003506	-0.047225	0.119779	0.054754	-0.003290	0.050465	0.135922	-0.230944	0.134503	-0.001246	0.119052	-0.028373	0.055523	0.113103	0.003349	0.145496	-0.099579	-0.024536	0.116074	-0.099400	0.064564	-0.074265	0.138254	0.089450
-0.597596	-0.033114	-0.556613	1.052405	-1.961011	-0.485342	-1.476328	-0.243041	-0.097508	0.413642	-0.567946	0.429449	-0.073925	-0.231665	-0.948464	-0.503568	-0.187344	0.450044	0.115567	0.494290	-0.085264	0.348430	0.395884	-0.234924	-0.196262	-0.399917	-0.353532	0.340940	0.368299	-0.071978	-0.391643	-0.393939	0.133378	-0.099863	0.298661	-0.117202	0.125692	0.079240	0.054190	0.031709	0.573431	-0.317745	-0.495490	-0.214031	0.023475	0.051346	-0.076464	-0.112963	-0.267725	0.149930	-0.129172	0.086956	0.106878	0.260463	-0.314051	-0.113516	-0.291671	0.092950	0.231390	0.200338	-0.069881	-0.033855	-0.321635	-0.059927	0.236852	0.354102	-0.196131	0.020564	-0.398591	0.023631	-0.162420	-0.275000	0.304520	0.083118	0.171814	0.208870	0.049430	0.119501	-0.103253	-0.196801	0.054865	-0.078357	-0.144902	0.129401	-0.155694	0.221951	0.130391	-0.064578	0.089041	0.035320	0.085481	0.086699	-0.040976	0.108827	0.197277	-0.069201	-0.153638	-0.183236	-0.013026	-0.058005	-0.019512	0.004965	0.068809	-0.135079	0.002137	0.081082	0.066291	0.133513	0.044129	0.159670	0.096004	-0.229179	0.199798	0.191124	0.090124	-0.011412	0.012684	0.109132	0.044032	-0.079157	0.025514	0.063146	-0.041997	0.048363	0.086811	-0.008082	0.041627	-0.004502
-0.182122	0.803390	2.141484	2.085345	0.612947	1.141327	-0.292600	-1.378100	0.179291	-0.769342	-1.474620	-0.710096	1.165288	-0.305943	-0.707327	0.540259	-0.727278	-0.405813	-0.146033	-0.798699	-0.178263	-0.094710	-0.659814	-0.132316	-0.216030	0.635601	-0.003183	0.178980	-0.337567	0.277664	-0.194561	-0.562022	-0.411719	-0.306151	-0.463453	0.217784	0.349305	0.092512	-0.121300	0.297789	0.053353	0.408335	-0.372640	-0.246405	0.203029	-0.289114	0.034376	0.167752	-0.004468	-0.073006	-0.367114	-0.007545	-0.143519	-0.009474	0.443510	0.632238	-0.217561	0.213758	0.516001	0.300309	0.042277	-0.091399	-0.040673	0.183964	-0.082107	-0.196272	0.028766	-0.337705	-0.301508	-0.054334	-0.134737	-0.007457	0.268393	0.196827	0.241171	0.074164	0.206579	0.105724	0.032959	0.176605	-0.224896	-0.088682	0.100134	-0.248335	-0.098131	0.036901	-0.029413	-0.333186	0.221578	0.035208	0.084004	0.088331	0.045476	0.138693	0.056467	-0.063587	0.018177	-0.118249	-0.008053	-0.232906	-0.270125	0.156436	0.028083	0.024997	-0.136449	0.321840	0.270029	-0.231732	-0.036253	-0.031088	0.099140	0.001251	-0.172366	-0.209234	0.072043	0.006001	-0.014176	0.204318	0.025790	-0.012972	-0.082353	0.009022	-0.010176	-0.143998	-0.190927	0.114979	0.053803	-0.094196
-1.349797	1.107695	0.306310	1.814948	2.118652	0.331369	-0.526813	-2.024884	1.148809	-0.307528	-1.401393	-0.490319	0.715902	-0.056762	-0.326253	0.739256	-0.484998	0.190688	-0.102877	0.113141	0.326700	-1.001394	0.033057	-0.436273	-0.342624	0.206254	0.041905	0.574633	-0.428549	0.316609	-0.266555	-0.356919	-0.241297	0.368226	-0.432195	0.036796	0.203407	-0.015215	-0.151882	0.032403	-0.217804	0.550732	-0.682391	-0.474622	0.052902	-0.081863	0.012815	-0.022395	0.240472	-0.227416	-0.040578	0.421947	0.319621	0.016332	-0.234497	0.197822	-0.163650	-0.151923	0.150873	0.189010	0.253665	-0.241119	-0.229146	-0.032393	-0.036165	0.069828	-0.049114	-0.149736	0.220824	-0.164214	-0.064332	0.040664	0.095268	-0.105587	-0.387139	-0.183620	-0.019501	-0.145292	0.161010	0.001888	-0.179143	-0.025570	-0.060345	0.022987	0.184438	-0.086360	-0.094169	-0.007764	-0.112625	0.239095	-0.117655	0.128448	-0.020585	0.069550	-0.009242	-0.090889	0.172856	-0.217426	-0.095864	0.023770	0.009264	-0.088533	-0.049951	-0.230162	-0.152358	0.110185	0.135052	0.008985	0.076386	-0.016888	0.057832	0.061746	-0.045657	0.167125	-0.148175	0.067127	-0.300227	0.126518	0.237726	-0.021378	-0.017992	-0.012251	-0.031351	0.302829	0.018988	0.180951	0.107469	0.050308
-1.349798	0.773999	-0.075893	0.684343	1.523720	-1.034835	0.131875	-2.231647	1.185015	-0.033822	0.298297	0.670225	-0.187280	0.118868	0.163568	0.858861	0.137978	-0.060770	0.285565	-0.670098	0.530510	-0.920161	-0.105973	-0.005591	-0.750952	-0.209083	-0.455811	0.013805	-0.600667	-0.618817	-0.275252	-0.373543	-1.160018	0.748766	-0.306057	0.140428	0.198115	-0.354990	0.368080	0.092150	-0.018185	0.314586	-0.379229	-0.264199	0.184948	-0.072444	-0.174055	0.073834	0.511943	-0.165638	-0.110294	0.139249	0.049494	-0.567602	-0.167207	0.029930	-0.194463	-0.113232	0.309008	0.493332	-0.503982	0.116933	-0.038506	-0.422543	0.407081	-0.011760	-0.045510	0.350654	0.304952	0.087469	-0.337120	-0.142541	-0.358139	-0.294740	-0.193344	0.315695	0.135294	0.035716	-0.227921	-0.102090	-0.210248	0.060764	-0.127587	-0.259201	-0.152427	0.149987	0.101776	0.209212	0.125923	-0.218204	-0.360053	-0.158366	0.005131	-0.176723	-0.008822	0.086255	-0.021334	-0.009745	-0.045420	0.087840	-0.103493	-0.210242	0.158115	0.010458	-0.297137	-0.017119	-0.008302	-0.032111	0.244318	-0.091078	-0.043157	-0.083873	0.182519	-0.310585	0.047049	-0.008262	-0.007578	0.020598	0.233940	0.190097	0.100813	-0.188616	0.166966	-0.167526	-0.029916	-0.161225	0.122182	-0.223057
-0.883365	2.069142	1.208109	-0.468837	0.056796	-1.470203	1.240723	-0.645834	-0.392583	0.080934	0.425978	0.123960	-0.204351	-1.157543	0.838479	0.334142	0.168933	0.002644	0.835675	0.552620	0.259563	-0.034025	-0.826501	0.726991	-0.237436	-0.277826	0.524740	0.424898	-0.359287	-0.024011	0.089228	-0.071564	0.041750	0.457493	-0.456619	0.472355	0.067927	0.395649	0.055495	-0.658412	0.231933	0.113843	-0.222521	0.201968	-0.069185	0.106877	0.596838	0.384309	0.615962	-0.466658	-0.265381	0.279391	-0.377341	0.018824	0.075736	0.016028	0.032393	-0.452867	-0.239651	-0.097359	0.332034	-0.043160	-0.018643	-0.039711	-0.386116	0.185668	0.147253	-0.072264	0.234396	0.193708	0.066486	0.043520	0.379352	0.142574	0.116277	0.550112	-0.244386	0.084075	-0.266399	0.035806	-0.081469	0.364394	0.354897	-0.151545	0.019677	-0.325550	-0.123465	-0.346831	0.300473	0.263875	0.283447	-0.180367	-0.212297	0.043494	0.078381	0.081412	0.111774	-0.395914	0.153587	-0.142147	-0.173780	-0.067550	-0.150756	-0.100710	0.006424	0.026814	-0.262357	-0.101533	0.008848	0.188311	0.054975	0.059258	0.183004	0.183425	0.093949	0.038144	-0.079953	-0.092707	-0.010514	-0.100409	-0.138714	-0.116191	0.124138	-0.027525	0.005002	-0.109298	-0.094278	0.327222
2.404969	1.099062	-0.196436	0.993982	-1.372867	-1.340001	1.411951	-0.637955	-0.195959	-0.501022	1.162022	-0.248945	-0.000034	-0.604914	-1.359227	-0.209075	-0.498296	-1.303852	0.908503	-0.735231	0.295615	0.915521	0.686239	-0.159854	0.213028	0.164723	-0.009629	0.539277	-0.647756	-0.031989	0.014205	-0.812908	-0.527330	-1.327071	-0.194256	-0.050278	0.514101	0.445263	-0.144512	0.381217	0.054901	0.037986	0.228697	0.113674	-0.076568	0.400032	0.279520	-0.410782	-0.266616	-0.591691	1.223733	0.781811	-0.060569	-0.016951	-0.471074	0.489245	0.146498	-0.458822	0.266404	-0.329415	0.375804	-0.511731	0.007993	0.304423	-0.151023	-0.256402	0.021785	-0.044053	-0.259113	0.329324	-0.030045	0.146622	0.151620	-0.705435	0.123689	-0.287917	-0.134651	0.060260	-0.051785	0.006300	-0.138330	0.186842	-0.045381	-0.256205	0.116060	-0.093472	-0.271573	0.000950	-0.189003	-0.227626	-0.167142	-0.084453	0.140801	0.086822	0.258608	0.361147	-0.031904	-0.047038	0.296378	0.018820	0.312260	-0.137385	-0.281345	0.095032	-0.030685	0.128354	-0.140724	0.063206	-0.160842	0.017636	0.042905	-0.055423	0.155889	0.086420	0.028393	0.037291	0.092794	-0.121206	-0.047743	0.228947	0.112536	-0.016799	-0.031479	-0.079168	0.143120	-0.122349	0.114263	0.167419
-2.055691	1.249891	-1.346816	-0.533758	-0.215257	0.589869	-0.303655	0.855977	0.370411	-0.270106	0.129286	0.397819	0.287448	-0.745553	-0.088672	0.555948	-0.184329	0.148658	0.103807	0.135104	0.027415	0.114998	0.074413	0.224741	-0.739014	0.649872	-0.951048	-0.118251	0.314703	0.041497	-0.201903	-0.332871	-0.226769	-0.211114	-0.228006	0.017962	-0.023470	0.025399	0.265838	0.172600	0.169024	-0.097004	-0.038352	-0.053273	-0.147500	-0.228742	0.242035	-0.029206	-0.170099	-0.124559	0.311021	0.034385	0.180642	0.025993	0.090072	-0.106047	-0.128501	0.104247	-0.228836	-0.070620	0.049304	-0.017027	-0.220539	0.205591	-0.026696	0.129268	0.010419	-0.464308	0.135901	-0.146611	0.182482	-0.061948	0.290015	0.143470	-0.159473	-0.063692	-0.097021	0.198497	0.113222	-0.019870	-0.117156	-0.121827	-0.061943	-0.214623	0.213916	-0.006388	0.246603	0.148868	0.071659	0.219563	0.110465	-0.101272	0.009694	-0.080976	-0.159472	-0.063370	0.112304	-0.176466	0.295275	0.038949	0.074728	-0.041539	0.155681	0.052102	0.092381	0.015264	-0.191236	0.144701	0.079929	-0.268124	-0.229498	-0.006849	-0.156976	-0.062138	0.209372	-0.027868	-0.175622	0.079858	0.054107	0.045188	0.150066	0.195512	-0.044316	-0.133109	0.095628	-0.032426	0.065660	0.065566
-1.133549	-1.842836	-0.024265	-0.885785	2.181114	-0.130284	0.282951	0.176217	0.343096	-0.136446	0.115649	0.217604	-0.258412	0.629214	0.003161	-0.505840	-0.506775	0.566232	-0.309741	0.470741	0.222862	0.500187	0.015448	-0.306177	-0.320378	0.178170	0.308646	0.037469	-0.177244	-0.129740	0.067065	-0.416083	-0.096280	-0.140172	0.206665	-0.057128	-0.245610	-0.186904	-0.071697	-0.220204	0.093223	0.143304	-0.144451	0.150635	0.004358	-0.045354	0.095909	0.396229	-0.057509	0.180110	0.291428	0.008310	-0.145810	0.002910	-0.269679	-0.024725	0.029433	0.031230	-0.037562	0.083881	0.061290	-0.056344	-0.059114	-0.083228	-0.112669	-0.040372	-0.110101	-0.021374	-0.037021	0.173982	-0.026002	-0.058709	0.093028	0.155823	-0.087300	-0.029784	-0.052499	0.036517	0.155075	-0.027925	-0.014446	0.081253	-0.118795	-0.019588	-0.222450	0.137543	0.037176	-0.058254	-0.052711	-0.241932	-0.155300	0.145356	0.012037	0.000687	0.207948	0.069369	0.056784	0.063304	-0.195581	0.044605	-0.104296	0.074528	-0.142030	-0.142947	-0.123002	-0.183800	-0.091287	0.014611	-0.047347	0.167867	0.160713	0.136463	-0.120629	-0.036062	-0.095394	0.030798	0.139090	-0.013248	0.063608	0.059223	-0.067449	0.013910	0.078678	0.037571	0.090952	0.064464	0.063130	-0.128005
-0.255557	-1.993883	1.159322	1.278679	-1.758679	-0.225270	0.051596	-0.352619	-0.744879	-0.419495	0.377890	-0.477047	0.040547	-0.347189	0.035059	0.219135	-0.018896	-0.376838	0.096371	-0.206661	-0.597607	-0.170842	-0.122207	0.257938	0.153934	0.008308	0.024718	-0.020074	0.317711	0.137978	-0.339948	-0.080459	0.280634	-0.034088	-0.179491	-0.699945	-0.626033	0.252754	-0.283006	-0.636931	-0.458825	-0.122564	0.461120	0.085353	0.246435	-0.151005	0.074360	-0.044300	0.326635	-0.170988	0.275921	0.091682	0.401132	0.417504	-0.282376	-0.142568	-0.438193	-0.067784	0.048571	0.193263	-0.084823	-0.121980	-0.322220	0.066551	-0.327390	-0.533755	-0.191242	-0.061204	-0.059814	0.180317	-0.177928	0.109145	-0.325486	0.123426	0.127507	-0.014946	-0.097471	0.200573	-0.074642	0.125823	0.369022	-0.222990	0.148175	0.013599	-0.208492	0.129577	-0.079426	-0.103316	0.064002	-0.291258	-0.155331	0.030328	0.316768	0.161059	0.192066	0.152701	0.260328	0.149799	-0.092920	-0.007880	-0.243530	0.143924	0.083576	0.204406	-0.069297	0.029753	0.136135	0.153384	0.021423	-0.057010	-0.040319	-0.024318	0.073338	-0.025594	0.051851	-0.187213	-0.236564	-0.056576	0.047363	-0.107535	0.163930	0.155673	0.057116	-0.103388	-0.182397	0.000642	-0.137607	0.103111
-1.532810	0.404017	-1.162455	-0.845380	-0.169012	-0.652593	-0.104947	0.756059	0.467901	1.130038	-0.251573	0.143503	0.067351	-0.439643	-0.373192	0.289261	-0.266210	-0.510788	0.094729	-0.086775	0.012318	0.242577	0.196076	0.300657	-0.026426	-0.059726	-0.160605	-0.066085	-0.047306	-0.298460	0.162668	-0.045459	-0.098620	0.155179	-0.132183	-0.209287	-0.106974	0.158604	0.156602	-0.001602	0.031177	-0.351892	-0.297972	0.144541	0.069486	-0.254114	-0.039884	-0.048064	0.142286	-0.062967	-0.039705	-0.009527	-0.030473	-0.239184	-0.228906	0.283169	-0.042759	0.130676	-0.011579	-0.224045	-0.458815	-0.090647	0.275437	-0.012341	-0.035297	0.312618	0.014791	-0.317912	-0.085540	-0.219168	0.090697	-0.051577	-0.216129	0.150331	-0.076845	-0.048836	-0.146803	-0.086910	-0.042373	0.174179	0.309194	0.079430	0.049000	-0.067393	0.120669	0.016831	-0.127764	0.050959	0.078210	-0.142456	0.069729	-0.031718	-0.201864	0.000866	0.057589	0.027838	-0.074477	0.242903	-0.008630	0.037613	0.113464	0.038413	0.070387	0.141105	-0.000142	0.107136	0.011827	-0.100665	0.202496	-0.067052	-0.117614	-0.010698	-0.114886	0.020169	-0.041249	0.057782	0.066708	0.013209	0.125461	0.091659	-0.060448	0.034065	0.039315	0.038285	0.086936	-0.147292	-0.027548	0.097622
0.063732	0.760681	1.714486	-0.375383	-0.247791	-0.081137	-0.038927	0.064728	0.613436	0.790676	-0.274303	-0.381833	0.076768	-0.230081	0.243239	0.039718	0.869784	-0.150527	-0.216607	0.434283	0.762254	0.340841	0.236086	-0.018744	-0.151662	0.292374	0.202983	0.109236	0.548429	0.109399	0.228742	0.472138	0.081226	0.089663	-0.110930	0.096704	-0.261754	-0.536716	0.250727	-0.625392	-0.012524	-0.244008	0.108259	-0.311163	0.155150	-0.125367	0.014062	0.016433	-0.053924	-0.054834	0.468240	0.370812	-0.150415	0.236754	-0.052287	0.714802	0.093783	0.056104	-0.138703	-0.278285	-0.324197	0.114709	-0.043482	-0.086522	-0.050517	0.443302	0.016455	0.028861	-0.070645	0.035825	-0.288113	0.141052	-0.057156	-0.210622	-0.007349	-0.043373	-0.150539	-0.001587	-0.024231	-0.309861	0.066238	-0.075632	-0.077038	0.066259	-0.218552	0.246577	0.038159	-0.041835	-0.080071	-0.119981	0.065781	0.215544	0.044912	0.092143	0.013834	-0.028832	0.357665	0.181380	0.004596	-0.139142	0.135971	-0.001936	0.034869	0.143627	0.115473	0.048404	0.058595	-0.199221	-0.064632	0.021133	-0.017387	0.065470	-0.084645	0.063894	0.022134	-0.016293	0.189411	-0.002774	0.025577	-0.095231	0.102212	-0.052366	0.002555	0.035823	-0.111364	0.193926	0.181162	0.083904
2.096323	1.067047	0.828559	0.366525	-0.301097	1.670377	0.154153	0.047823	0.699635	0.873878	0.580411	-0.530973	0.542085	0.689358	0.383981	-0.392932	-1.099164	0.017085	-0.197610	-0.487799	0.146494	-0.065270	0.062313	-0.309708	-0.593293	-0.085749	-0.207807	0.188741	-0.023561	0.080159	0.347695	0.403942	-0.307769	0.057877	0.461265	0.443105	-0.142774	0.026391	0.137873	0.116129	-0.338853	-0.179389	0.299371	-0.217384	-0.105707	-0.035901	-0.183374	0.440092	0.169475	0.361238	-0.162015	0.340969	-0.066176	0.195205	-0.219582	0.142982	0.040347	0.375169	-0.329019	0.050674	0.217454	0.229790	-0.027910	-0.229802	0.058878	-0.144994	-0.298752	-0.239910	-0.038147	-0.112629	0.295297	-0.040318	-0.108946	0.066317	0.016564	-0.009245	0.028671	0.122635	0.055600	0.043555	0.012519	0.008936	0.356308	0.153532	0.076114	-0.155081	-0.391989	0.121258	-0.029953	-0.048587	0.182462	0.305227	-0.080547	0.239606	0.051720	-0.062690	-0.140825	0.064481	0.018131	0.031657	-0.052610	-0.124395	0.097046	-0.343969	-0.056011	0.105772	-0.084420	-0.037192	0.012021	0.020962	0.051617	0.175763	0.058745	0.154859	0.072966	0.056501	0.006164	0.055033	0.117653	0.273464	0.150074	0.121013	0.274434	-0.067002	-0.024389	0.089736	-0.059147	0.186381
0.135832	-0.955384	2.041363	-1.572525	-1.074420	0.252737	-1.229655	0.695533	1.228257	-0.591574	0.076213	-0.129767	0.194682	0.092284	0.055546	0.035290	-0.504272	0.449832	0.133041	-0.014039	0.633381	-0.255095	0.321142	-0.235785	0.115340	-0.339549	0.018391	-0.636593	0.043690	0.265859	-0.288774	0.461586	0.089658	-0.014681	0.363070	0.011438	-0.032289	0.097557	0.146184	-0.327560	-0.195775	0.358943	0.707622	-0.228020	0.115246	0.358971	-0.158577	-0.366297	-0.297171	-0.036073	-0.042215	0.476318	0.310220	-0.178038	-0.495347	0.530484	-0.113724	0.082286	0.056005	-0.287877	-0.035365	0.214765	0.251635	-0.004305	-0.021409	0.039370	-0.178101	0.090279	0.245128	-0.124709	-0.117947	0.326525	-0.007431	0.333747	0.050314	-0.039621	-0.171764	0.182451	-0.233127	0.102521	-0.081686	-0.079135	-0.319670	-0.207390	0.392615	-0.139723	0.052665	-0.270490	-0.047968	0.137469	-0.000577	-0.019265	0.051698	0.193361	-0.110115	-0.134864	-0.028092	0.173105	-0.386785	-0.002125	-0.010529	0.237451	0.138344	0.030803	0.076485	0.298869	0.261126	-0.109414	0.002959	0.114308	0.209967	-0.026968	-0.174920	0.026017	0.127293	0.343438	0.109779	-0.214405	0.120600	0.307559	0.143763	-0.083558	0.082462	0.054887	-0.089038	-0.238537	0.105641	-0.020893
-0.519824	-1.824687	1.279103	-1.511153	0.003539	0.034489	-0.827631	0.254353	1.092827	-0.879285	-0.333378	0.698329	0.125102	-0.144554	-0.038829	0.009451	-0.309029	0.084805	-0.148913	-0.115819	0.382866	-0.138754	-0.114330	0.133643	0.479845	-0.029072	-0.264884	-0.068228	0.003260	0.477560	-0.291374	0.246041	0.189829	0.092613	0.356390	-0.085415	-0.363706	0.081720	0.371910	-0.054378	-0.121705	0.130124	0.357141	-0.324058	-0.092956	0.128376	0.198352	0.009670	-0.310872	0.018462	-0.169438	0.388666	-0.037814	0.023560	-0.209732	0.282288	0.030374	-0.193090	0.178079	-0.008254	-0.029739	0.121512	0.029725	0.117041	-0.080267	-0.063506	-0.061106	0.031366	0.200951	-0.062676	-0.319037	0.046245	0.213133	0.070232	-0.284946	-0.096327	-0.210157	0.056864	-0.124877	0.046927	-0.095539	-0.175639	-0.087040	-0.156104	0.212514	0.172250	-0.004608	0.046854	0.034095	-0.068148	-0.088978	-0.076272	-0.045477	0.069223	0.074392	-0.203933	0.059079	0.258918	0.068580	-0.164789	0.148268	-0.024655	0.032619	-0.012266	-0.079333	0.090454	0.167083	-0.144839	-0.067988	0.014787	0.009855	0.043243	0.152395	0.225590	0.070852	0.099049	0.067287	0.062689	0.038944	0.008931	-0.172156	-0.110355	-0.307204	0.049873	0.163614	0.110410	0.105234	0.117786
-0.966810	0.981708	-0.844307	1.691566	-1.147319	-1.190345	-0.803354	0.859685	0.887401	-0.537732	0.118348	0.375444	0.710921	-0.313291	-0.276134	-0.578934	-0.000601	0.082593	-0.036828	0.040836	-0.874891	-0.001920	0.272396	0.047478	0.009316	-0.032014	-0.181172	0.155114	0.183938	0.042215	-0.019826	0.006961	0.034558	0.053412	0.230930	0.144489	-0.552080	-0.143641	-0.233488	-0.403229	-0.328267	-0.179939	-0.001168	-0.052536	0.144359	-0.002185	0.299435	0.274071	0.071627	0.117424	-0.156406	0.058559	0.289347	-0.344888	-0.263112	0.074505	-0.183717	-0.109821	-0.073923	0.106252	0.006023	0.222727	-0.086413	-0.067240	0.010005	0.068807	0.056058	-0.045752	-0.097293	0.232579	0.081050	0.037534	-0.119657	0.070838	-0.054987	0.221439	0.117967	0.078079	0.148085	-0.009061	0.170046	-0.256241	0.098040	-0.253743	0.268414	-0.098839	0.093797	-0.046024	-0.145707	-0.023071	-0.051020	0.081344	-0.036486	0.038257	0.083917	-0.186018	-0.074643	-0.058226	0.038381	0.021872	0.023118	-0.151283	-0.029432	0.074474	-0.025450	-0.157067	-0.169350	-0.031917	0.278067	-0.133589	0.129800	0.008676	-0.117760	-0.005044	-0.159587	-0.044942	0.066273	0.064550	-0.091520	0.014548	0.066712	0.078487	-0.122283	-0.104844	0.058171	-0.170803	-0.046819	-0.106270
-1.305603	-2.052569	-1.214209	0.824161	-0.133145	-1.527419	-0.465864	-0.111734	0.522974	-0.892884	0.102848	0.336775	-0.260994	0.039517	0.041684	-0.293980	-0.259712	0.250840	-0.098227	0.136525	-0.517826	-0.476228	0.933420	0.277945	0.159086	0.187288	-0.245110	0.044403	0.617826	-0.120803	-0.201146	0.342457	0.116231	0.305697	-0.090959	-0.173144	0.118827	0.559987	0.332416	-0.350626	-0.222439	-0.229920	0.348529	0.240937	-0.046162	-0.242422	-0.056179	0.178526	-0.146528	0.086294	-0.261674	-0.041442	0.062965	-0.070143	0.239603	0.357565	0.126995	-0.095095	-0.197551	-0.129513	0.096526	-0.242520	0.121224	0.180285	0.035004	-0.005922	0.090883	0.158257	-0.203079	0.153070	0.075657	-0.019940	-0.035009	-0.080584	-0.062310	0.286306	0.288772	-0.044086	-0.223094	0.231782	-0.150994	0.063500	0.099190	0.117686	0.217193	-0.045351	0.239817	-0.224464	0.055339	0.008368	0.057469	0.061010	-0.219246	0.067043	0.108177	-0.209723	0.026461	-0.158269	-0.016856	0.095991	-0.031276	-0.123010	-0.005148	0.055357	-0.349412	-0.026278	-0.120510	-0.069451	-0.097382	0.048872	0.078632	0.008183	-0.063385	-0.106812	0.144199	0.009818	0.023992	-0.018876	-0.001978	-0.019408	0.030118	0.022064	0.103587	0.072112	-0.126283	-0.104234	0.077012	0.095756
-0.617181	0.204721	-0.045715	-0.355961	-1.080848	-1.853815	-0.065117	0.177104	0.104419	0.235491	0.738779	0.919145	0.292299	0.128557	-0.235911	-0.270417	-0.541925	-0.231723	0.624574	-0.134927	-0.063032	-0.238751	0.303535	0.015221	-0.054452	-0.320717	-0.053626	0.047149	0.256432	-0.239556	-0.351533	-0.130707	0.058739	0.086946	-0.082482	0.008005	-0.131636	0.310631	0.269360	-0.086674	-0.468973	0.399750	0.178946	0.174392	0.309907	-0.342598	-0.387222	-0.112272	-0.073777	0.224394	0.050817	0.039761	0.071067	-0.102453	0.116730	0.187873	0.011445	0.026977	0.183805	0.072996	0.262656	0.192686	-0.151583	-0.168457	0.028759	0.214661	-0.423821	-0.106039	0.261094	-0.272693	-0.204119	-0.168067	-0.045382	-0.016977	0.087998	-0.099423	0.194269	-0.039773	0.005792	0.236263	-0.257790	-0.153270	0.040291	0.094321	-0.290651	0.028943	-0.126854	-0.020193	-0.022930	0.032366	-0.080794	0.062157	-0.065142	0.035511	-0.240050	0.184001	-0.000436	0.023709	-0.179132	-0.063995	0.101255	-0.030662	-0.007999	0.010052	-0.223783	-0.022590	-0.102051	-0.231335	-0.112974	0.039910	0.139033	0.030330	-0.260281	-0.088757	0.054577	0.090341	0.074674	-0.306033	0.033496	-0.243940	0.066408	-0.205868	0.186204	-0.024401	0.075683	-0.065701	0.242833	0.166404
-0.545854	0.322203	-0.229720	1.856195	-1.121111	-1.255209	-0.869775	0.034913	0.569609	0.087660	0.265154	0.447354	0.151158	0.071967	-0.611274	-0.457808	-0.613235	-0.046692	-0.142707	-0.055091	-0.859845	0.057055	0.732598	0.225049	0.147292	-0.263801	-0.225470	-0.200092	-0.040194	-0.130235	0.026292	0.053512	0.093484	0.128340	0.335895	0.054727	-0.196877	0.153895	-0.340592	-0.339393	-0.109606	-0.088350	-0.004015	0.064058	0.097043	-0.119936	0.136297	0.058933	0.060457	0.025919	-0.139474	0.008677	0.311185	-0.289145	-0.317357	0.323889	0.007064	-0.022623	-0.099350	0.161678	-0.053815	0.300090	0.170041	0.017132	-0.211618	0.063617	0.168630	-0.077106	-0.030625	0.164706	0.038002	0.164246	-0.226662	0.015751	0.023546	0.017608	-0.039182	0.189084	0.121103	0.044851	0.074426	-0.049115	0.003702	-0.126840	0.073435	-0.013275	0.034166	0.174150	-0.029692	0.178084	-0.152580	0.133131	0.061488	0.068372	-0.025305	-0.042597	0.031462	0.124598	-0.128947	-0.058409	0.030155	-0.074133	-0.155624	-0.125614	-0.151585	0.100488	-0.169562	-0.089863	0.222136	0.059030	0.074285	-0.071257	-0.088007	-0.014508	0.046898	0.009472	-0.038444	0.116883	-0.028670	0.095044	-0.029600	0.165720	-0.019063	0.007191	0.123628	0.005188	0.025187	0.082361
2.731831	0.477717	0.274698	-0.486097	-1.132858	-1.613124	0.672550	0.230687	0.654840	-1.530285	0.564764	-0.801127	0.176717	0.013512	0.577754	0.185865	-0.045841	-0.056601	0.047611	0.184766	0.519055	0.248680	0.548174	0.186567	0.669163	0.602540	0.019117	0.010152	0.316521	-0.952748	-0.325569	-0.182428	-0.165645	0.467738	0.606926	0.092699	0.043399	0.068955	-0.135539	-0.471912	0.508302	0.943825	0.548908	-0.085612	0.225199	-0.281865	0.073718	-0.128026	0.046111	0.067378	0.223189	0.059826	0.252337	0.226568	-0.229111	0.031505	0.195150	0.181990	0.428059	0.061176	-0.062270	0.110102	-0.100085	-0.211950	0.236219	-0.206353	-0.006617	-0.224229	-0.184935	-0.197100	0.360547	0.327522	0.322233	0.060896	0.024358	-0.049180	-0.395097	0.087472	0.001411	-0.097233	-0.174439	-0.020325	-0.349999	0.159744	-0.013605	0.139462	-0.075354	0.194771	0.136694	0.376783	-0.001097	0.167033	-0.268299	0.054755	0.231743	-0.114329	0.057320	-0.108409	-0.197425	0.183908	0.012576	-0.021641	-0.280585	0.099238	0.039898	-0.240757	-0.155409	0.059252	-0.002305	-0.145241	0.040528	-0.029356	0.178913	0.049006	0.069840	0.250941	-0.074345	-0.003560	-0.045723	-0.079960	0.044477	-0.003049	-0.075180	-0.023507	-0.236736	0.032300	-0.145169	-0.009389
-0.854308	1.208143	-0.349631	0.336802	-1.110802	-0.202836	-0.513227	1.766475	-0.183665	-0.510774	-0.778662	0.738571	0.073045	0.905175	0.376699	-0.105811	-0.049508	0.226292	0.446115	0.512509	-1.183937	-0.822313	0.325071	0.003745	0.459700	0.181887	-0.123374	0.316611	0.391803	-0.465570	0.318116	0.030467	-0.509392	-0.258566	0.168192	-0.094364	-0.269681	-0.073455	-0.632167	-0.000065	-0.167102	0.021399	-0.281003	-0.576606	0.031593	-0.097264	-0.070816	-0.069981	-0.098902	-0.046463	-0.122695	0.032293	0.084736	-0.361553	0.026783	0.137168	0.063393	0.080807	0.079451	0.090648	0.132184	0.156327	0.247331	-0.000063	-0.299980	-0.214096	0.200435	0.381361	0.193462	0.168158	-0.039076	0.160314	-0.204391	-0.108990	0.084391	-0.225462	0.139693	0.043617	0.045637	0.001709	-0.049307	0.086050	0.260307	-0.013878	-0.298831	0.270016	-0.290686	-0.103215	0.377432	0.025986	0.226871	0.031556	-0.021736	-0.006805	0.313371	0.145974	-0.095400	-0.010561	-0.003226	0.103843	0.071573	-0.064988	-0.046660	-0.062136	-0.008763	-0.178570	0.011742	-0.117339	0.154738	0.172527	-0.042687	-0.213817	-0.010804	0.324091	-0.102824	0.047222	0.026114	-0.157293	-0.223517	0.029874	-0.046061	-0.141778	-0.255093	-0.063234	-0.105079	0.100598	-0.242364	-0.201595
-1.104839	0.333028	0.553184	1.130573	0.241919	0.073263	-0.330446	0.207069	0.143182	0.518537	-0.763723	-0.160137	0.237020	0.580138	-0.290246	-0.788885	0.757888	-0.556401	0.687115	-0.733394	0.051936	-0.169091	-0.124523	0.508190	-0.611536	0.240165	-0.562929	-0.416972	0.173441	-0.175696	0.087770	0.150639	-0.148245	-0.258174	-0.002831	-0.019348	-0.167951	0.246346	-0.182232	0.499617	-0.036586	-0.200390	-0.283316	0.446148	-0.044116	0.367088	-0.187698	-0.371925	0.396024	0.014503	0.046540	0.127110	-0.393942	0.307446	-0.045491	0.340190	0.231952	-0.063041	0.128268	0.210116	-0.050024	-0.288289	-0.112413	-0.164709	0.176410	0.043237	0.285797	0.145852	-0.010776	-0.230407	0.092363	0.059040	0.043364	0.342267	-0.134082	0.140007	-0.504897	0.062966	0.180897	-0.030641	-0.008131	0.122876	0.067498	0.074539	0.268453	0.116822	0.279679	-0.350871	-0.191995	0.222667	0.340077	0.191974	-0.015421	-0.097394	0.141816	0.060338	-0.059268	0.288213	0.035235	0.125575	-0.086789	-0.352623	-0.359598	0.210088	0.027156	0.029629	0.147337	-0.085091	-0.035615	0.233503	0.053063	-0.077279	-0.284718	0.087085	-0.045764	-0.113825	0.134911	0.047398	0.029952	0.116330	-0.040320	-0.012095	-0.075146	-0.030144	0.044407	0.023429	0.040299	-0.088257
-1.494340	1.060861	-1.080628	-1.341831	-1.291460	0.875746	0.848955	-0.403686	-0.704181	-0.182515	-0.274501	-0.605555	-0.089692	0.092169	-0.432122	0.266574	-0.392275	-0.053360	-0.797897	-0.421507	0.143155	-0.101933	0.202108	0.040352	-0.419763	-0.186118	-0.182341	-0.237531	0.158570	-0.080290	0.075897	0.131150	0.132321	-0.010165	0.216337	0.393695	-0.112779	-0.010883	-0.032461	-0.161057	-0.232613	-0.049823	0.125264	-0.044338	0.141357	0.105782	0.101114	-0.212122	0.122797	-0.042932	-0.030683	-0.102208	0.197021	0.000088	-0.215110	0.495172	0.125686	-0.065261	-0.401155	0.234879	0.088168	-0.020584	0.222785	0.235847	0.102023	-0.094337	-0.078346	0.153261	0.122065	-0.216895	-0.005861	0.006728	0.075268	0.047132	0.040190	-0.195349	-0.281891	0.132602	-0.060694	0.263873	0.090227	0.151934	-0.025367	0.078429	-0.008592	-0.101631	0.017116	0.135101	-0.020727	-0.167870	-0.034973	0.148103	-0.000914	-0.168124	0.070058	-0.091636	-0.069540	-0.092071	-0.042158	0.172273	-0.153319	0.056524	-0.026050	-0.200724	-0.025485	-0.083974	0.010993	-0.143948	0.019383	0.180942	-0.008836	0.065113	-0.019207	-0.093458	-0.036920	-0.144798	-0.072349	-0.000911	0.093813	0.039806	-0.008858	0.151175	-0.185739	-0.032203	0.194081	0.166155	0.065551	0.140599
-0.333896	1.525731	2.507582	0.111670	0.061233	-0.129288	0.629830	-0.304735	-0.140488	-0.138493	0.711794	-0.427450	-1.544410	-1.249394	0.218494	-0.216160	1.141771	0.316371	-0.009918	-0.321648	-0.334845	-0.077475	-0.541796	0.066630	-0.240577	0.343006	0.402234	-0.942054	-0.042878	-0.361704	-0.641072	-0.065905	-0.064553	-0.072441	0.066813	0.185556	-0.256096	0.131996	0.402499	-0.287074	0.101440	-0.247858	-0.217019	0.869769	0.314274	0.222179	0.301930	-0.157267	0.048854	-0.273368	0.112318	-0.020923	0.340874	0.486897	-0.170178	-0.607785	0.017972	-0.292749	-0.286576	0.042211	-0.003149	0.126542	0.246454	0.166971	-0.184448	0.467994	0.004615	0.158603	0.066430	-0.002839	0.614078	0.035086	0.106451	-0.208924	-0.104341	0.015984	0.050612	-0.172934	-0.074442	0.586256	-0.493928	-0.144965	-0.002076	-0.013862	0.076097	0.207416	-0.253879	-0.011744	-0.223918	-0.097691	0.101744	0.545292	-0.286541	-0.013829	0.008123	0.155762	0.117333	-0.074356	-0.143460	-0.132710	-0.181444	0.038836	-0.129233	-0.014887	-0.290301	0.170108	0.350538	0.031175	0.034046	-0.001594	-0.096553	-0.230851	-0.060069	-0.172374	-0.245844	0.096202	0.070095	0.095300	-0.178925	0.099949	0.033547	0.027621	0.007769	-0.030354	0.068493	0.085530	-0.009116	-0.035318
-0.555551	0.688543	1.641185	1.317326	0.623282	-0.974362	0.748053	0.783550	-0.563773	0.310712	0.268891	0.362136	0.526937	-1.000998	-1.360964	-0.039289	-0.018872	-1.112183	-0.658158	0.612902	-0.421233	0.305031	0.180137	-0.723218	-0.069963	0.504593	0.348041	-0.787901	0.140197	0.355456	0.587321	0.065901	0.264959	0.157751	0.258560	0.245881	-0.292041	-0.274610	0.195344	0.896831	0.115473	-0.113606	0.230688	0.040956	-0.336662	-0.052407	-0.119785	-0.408158	0.056856	0.022949	-0.641125	0.480575	0.140574	0.968430	-0.131568	-0.101727	0.056442	-0.157181	-0.247148	0.412120	0.087436	-0.213734	0.345195	-0.042568	-0.037363	-0.137813	-0.112560	-0.000009	-0.047315	-0.250680	-0.186334	-0.151448	-0.268445	-0.193699	0.248838	-0.008364	0.202401	-0.199425	-0.257024	0.012562	0.098802	-0.021137	-0.061607	0.410156	-0.315248	-0.109830	-0.094802	-0.228690	0.145452	0.190494	-0.251835	0.289886	0.001592	-0.362150	-0.103224	-0.246181	0.145870	0.092333	-0.111832	-0.133654	-0.190838	0.062464	-0.243203	0.050250	-0.060559	0.096433	-0.036940	0.022686	0.163315	0.039351	-0.034070	0.026760	0.125004	-0.230831	0.127322	-0.124536	0.000272	0.147822	-0.069554	0.149987	-0.018055	-0.102422	-0.230143	-0.140107	-0.128590	-0.106777	0.133417	-0.075820
-0.327496	-1.690262	0.803809	-1.172909	0.721577	-0.268410	0.479743	0.278881	0.244317	-0.251565	-0.246070	0.851105	-0.056411	-0.828533	-0.442677	-0.385448	-0.449205	-0.201825	-1.125662	0.083043	-0.004360	0.420344	-0.473612	-0.333742	0.069210	0.148878	-0.050904	0.333893	-0.168975	-0.153094	0.129644	-0.217971	-0.171438	-0.064238	0.115709	-0.019271	-0.087386	-0.157804	0.185490	0.050725	-0.067260	-0.152905	-0.136348	0.016015	-0.311236	-0.134648	-0.055288	-0.219235	0.000782	-0.009603	-0.054374	0.415317	-0.133134	0.116730	0.097202	-0.115938	0.166715	0.148249	-0.063802	-0.018325	0.045805	0.208289	0.273998	0.159863	-0.113840	0.003060	0.002632	-0.089134	0.131127	-0.152124	-0.108676	-0.246426	0.141384	0.067350	-0.118754	-0.205772	-0.120460	0.066144	0.101245	0.097758	-0.117838	-0.170801	-0.045253	0.025595	0.010511	0.012239	-0.084949	-0.025217	0.013061	-0.084234	-0.022454	0.062988	-0.125703	-0.293604	-0.089740	-0.105251	-0.198414	0.060264	0.103732	-0.085254	0.044485	-0.076043	0.112183	0.104517	-0.168899	-0.146654	0.054692	0.107130	0.272391	0.055896	-0.091507	-0.142213	0.075053	-0.112690	-0.019720	0.121519	0.000446	-0.037425	-0.081558	-0.149626	0.052933	0.085291	-0.079110	0.093013	0.007325	-0.081181	-0.090505	0.186839
-0.786435	-2.968116	0.376237	1.174204	-1.647080	0.629439	0.243065	-0.165103	-0.045641	0.015500	-0.028412	-0.271769	0.021370	-0.338228	0.067470	0.104393	0.168657	-0.045771	0.188571	-0.025387	-0.196581	0.272651	0.268277	-0.479295	-0.296440	-0.011484	0.198158	-0.224900	-0.066625	-0.133906	-0.285774	0.255567	0.017581	-0.002429	0.037285	0.021147	0.103203	-0.156030	0.062211	0.087658	0.490743	-0.206334	0.042439	0.123661	-0.085664	0.005406	0.267537	-0.139321	0.204423	0.103387	0.029926	-0.200176	-0.075885	-0.205720	0.143969	-0.209635	0.120585	-0.196962	-0.173352	0.145810	0.011080	0.016529	0.052332	-0.083947	-0.033202	0.005086	-0.025205	-0.013627	-0.022416	-0.050619	0.076256	0.246193	-0.218819	-0.077022	-0.022123	-0.105838	0.036785	0.029661	-0.042994	-0.042887	-0.305606	-0.061897	0.009183	0.088151	0.041898	0.039910	-0.001476	0.159774	0.011049	-0.098743	0.118264	-0.161649	-0.170479	0.025706	-0.064450	-0.034463	-0.100059	0.084760	-0.124971	-0.052723	-0.044492	-0.060762	0.086017	0.043758	-0.037756	0.034840	0.084969	0.139563	-0.031805	-0.110265	0.068770	-0.000842	0.031004	0.035945	-0.059481	0.066268	-0.030907	0.094655	0.016931	-0.142867	0.036999	-0.164876	-0.092559	-0.073850	0.128115	0.092718	0.068012	0.169203
-0.648426	-2.633042	0.340779	1.168090	-1.003664	0.601506	0.120572	0.186884	-0.534351	0.108137	-0.239159	-0.064614	0.283033	-0.167627	0.279723	-0.231415	0.081773	-0.021521	-0.031902	-0.432239	0.179828	0.005424	0.082718	0.046766	-0.028367	0.064955	0.065247	-0.090034	0.276474	0.026472	0.081022	-0.066273	-0.116621	0.067963	-0.162030	-0.222335	0.181438	0.044328	-0.311507	-0.119836	-0.007331	0.016523	-0.259935	-0.184605	0.177915	-0.021959	0.127415	0.146093	-0.024652	0.048654	0.279942	0.122129	0.145543	-0.042196	0.131775	-0.008507	0.073714	0.068386	-0.190412	0.113510	-0.060250	0.022072	-0.030317	0.055161	-0.008145	0.244412	0.011053	-0.026798	0.084158	0.252782	0.085101	-0.216843	-0.071924	0.026862	0.049730	0.003542	0.174177	0.285475	0.008059	0.038388	0.144935	0.072465	-0.105605	0.036758	-0.080425	0.002305	-0.081299	-0.060153	0.125490	0.051013	-0.021206	0.048852	-0.174572	0.101080	-0.003523	0.054661	0.011374	-0.036863	-0.056051	0.011950	-0.017153	0.001874	-0.098277	-0.012158	0.119525	0.035898	-0.077015	0.016175	-0.094854	-0.123851	-0.150129	0.277707	0.071486	0.052080	0.066739	-0.024699	0.161042	-0.086450	-0.014547	0.109674	-0.049296	-0.036827	-0.074764	0.128750	-0.091881	-0.031914	0.150066	-0.035422
-0.171369	0.827418	0.962421	-0.232744	1.501859	-1.606371	1.461820	-0.157986	-1.543685	0.817487	0.294882	0.969959	1.170266	0.639227	-0.543020	-0.924166	-0.242007	-0.863648	-0.466461	0.119003	0.151698	-0.059448	0.512602	-0.612684	-0.006588	-0.320351	-0.226383	-0.379749	-0.321589	0.016677	0.702851	-0.157097	0.174221	0.093725	-0.394600	-0.277895	0.187490	-0.640269	-0.544466	-0.489009	0.396612	0.128711	-0.003178	-0.200014	0.432551	-0.205085	-0.065606	0.364501	0.083058	-0.217697	0.368493	-0.169736	0.645217	0.432337	0.758847	0.158441	-0.006581	0.361519	0.309770	0.022569	0.080680	-0.258512	0.106841	0.268334	-0.060760	0.461764	0.052523	0.101225	0.067628	0.218472	0.083936	-0.166806	0.105852	0.096814	-0.164179	0.287199	-0.055374	-0.151175	-0.285177	-0.033794	0.116271	0.118233	-0.151150	0.049716	0.061136	-0.016971	0.131585	0.139672	-0.223843	0.075843	-0.119266	0.276852	0.154846	0.018595	0.182509	-0.200136	-0.350276	-0.096953	-0.020128	-0.163550	-0.078192	0.020940	0.150098	0.072783	-0.053620	0.003205	-0.009553	0.000726	-0.106643	-0.038690	-0.130278	-0.053827	0.020507	0.134422	-0.236067	0.353469	-0.362638	-0.102765	0.145005	0.021378	0.083712	-0.174608	-0.046523	0.115298	-0.079900	-0.107318	-0.013060	0.045550
-0.152149	-0.937048	1.618187	-1.469568	-0.011198	-0.537091	-0.422319	0.832236	0.321644	-0.256037	0.081566	-0.579623	-0.707597	1.055624	0.288396	0.727887	0.079557	0.170431	0.679356	-0.089103	-0.091807	-0.301540	-0.517868	-0.378457	0.953114	-0.856128	-0.238363	-0.205392	0.150373	0.363998	0.063890	-0.094755	0.323946	-0.474021	-0.123555	0.001169	0.557356	-0.316017	0.468944	0.772800	-0.144725	-0.464324	0.166813	-0.442501	-0.123295	0.020707	-0.077369	0.345002	0.009337	-0.366629	0.426098	-0.269383	0.646336	0.254518	-0.171984	0.287450	-0.546288	0.532964	-0.042409	0.484487	0.075364	0.334384	-0.665741	0.057326	-0.116660	-0.038782	0.145407	0.193814	-0.322348	0.120517	0.393144	-0.058079	0.177101	0.204673	-0.002045	0.037333	0.018601	0.030129	0.199301	0.152600	-0.001746	0.040973	0.096207	-0.041065	-0.107798	-0.467016	-0.225344	-0.132631	0.063293	0.078159	0.194958	0.220467	-0.171812	-0.085752	-0.075548	-0.064253	-0.076495	-0.058133	-0.107006	-0.070317	-0.214893	0.161341	-0.029308	-0.003403	0.207323	0.077884	-0.204554	-0.008207	0.038230	-0.124340	0.008375	0.136515	-0.105047	-0.083928	0.010876	-0.142534	-0.036437	-0.205558	0.092530	-0.262617	0.123861	-0.176203	-0.115803	0.052334	0.289987	-0.117768	-0.019596	0.106946
1.915548	1.279525	-0.338131	-0.260937	-0.566870	0.482851	1.231400	-0.563366	0.413791	0.438500	0.653046	-0.071702	0.405577	0.327291	1.255952	-0.794713	-0.466210	-0.054098	-0.002997	0.272676	0.032965	0.038054	-0.411593	0.187175	-0.766110	0.402980	0.305015	0.059640	-0.007210	-0.392384	0.322171	0.496640	-0.118585	0.314540	0.505678	-0.190567	0.246294	-0.185551	-0.104472	0.049126	0.017905	-0.561245	0.452654	-0.190347	0.294757	-0.502761	0.407791	0.274105	0.251800	-0.481921	-0.383064	0.206210	0.287766	-0.159368	-0.701740	-0.282781	0.324924	0.357343	0.389721	-0.109266	0.654713	0.018811	-0.320093	0.044577	0.447227	0.135702	-0.007977	-0.070966	-0.302983	0.121448	-0.182296	0.162295	-0.018062	-0.122146	-0.032418	0.243936	0.159852	0.101178	0.230019	0.356051	-0.009562	-0.084356	-0.066908	-0.174690	-0.034361	-0.169513	-0.065043	-0.304555	-0.423323	0.009879	0.260440	-0.064101	0.007935	-0.345651	-0.139932	0.299675	-0.098528	0.471339	0.263649	-0.160819	-0.076499	0.143917	0.222143	-0.008027	0.197241	0.074895	0.119030	-0.127183	0.305275	0.346559	0.251336	0.161895	0.292958	-0.044862	0.178210	0.005337	0.093336	0.048734	0.299897	-0.051968	-0.108420	0.017821	0.105978	-0.050567	-0.296278	0.005307	-0.069932	-0.028659
-0.059517	1.351972	0.593204	-0.423629	-0.356103	-1.265119	1.222920	-1.366896	-0.691810	-0.341420	0.509584	0.683572	1.837713	-0.240633	-0.129408	-0.652412	-0.429783	-1.129266	0.154418	0.189354	0.746596	-0.044110	-0.006480	0.075613	-1.144059	0.333430	0.244001	0.525800	0.286757	0.444990	-0.037498	0.137202	0.292777	-0.208752	0.014611	0.157349	0.310190	0.082852	0.029308	0.216619	-0.393100	-0.362242	0.390540	-0.195822	-0.031487	0.137915	0.056557	0.134876	-0.344264	0.090481	0.164577	-0.482026	0.241416	0.180552	0.155977	-0.231387	0.222303	0.037195	0.016190	0.092710	0.105348	0.436891	-0.002684	0.130492	0.174033	-0.127360	-0.095145	0.030023	-0.264987	-0.067315	0.092715	-0.294314	0.131835	0.154300	0.174426	0.381461	-0.161183	0.023866	0.227740	0.076355	-0.199386	0.206383	0.017474	0.046852	0.229712	-0.122095	-0.005101	0.037060	0.218401	0.065224	-0.228761	0.224144	0.005487	0.540174	0.239366	0.031460	0.000313	0.299473	0.002531	-0.088503	-0.011243	-0.066596	0.021085	-0.148522	0.174076	-0.071177	-0.163762	-0.295868	0.213451	-0.340830	-0.250842	-0.188525	-0.058815	0.227420	-0.058184	-0.136664	0.147308	0.061495	-0.125463	-0.153222	-0.360519	-0.118261	-0.059615	0.238728	-0.089871	0.126355	-0.103101	-0.004266
-0.566138	2.044519	0.477194	-0.078113	-0.223855	-1.368345	-0.423519	1.767713	0.089531	-1.043065	0.363572	-0.349457	0.436431	0.021554	0.573017	0.256875	0.611082	0.207106	-0.347163	-0.306397	0.209007	0.422664	0.217466	-0.218526	-0.565938	-0.106234	0.110848	0.451799	0.122168	-0.294080	-0.183025	0.535016	-0.303536	-0.275480	0.152412	-0.110422	0.121993	-0.344908	-0.085512	0.031349	0.316596	-0.126750	-0.366621	0.129971	-0.497267	0.270374	-0.050617	0.212148	-0.000434	0.122233	0.013106	-0.226177	0.208275	0.199754	0.030813	0.000837	0.042543	-0.368783	-0.163747	-0.067289	0.092779	-0.091166	-0.007213	0.095983	0.161993	0.030383	-0.067505	-0.016959	0.209734	0.092309	-0.079955	0.112018	0.060664	0.099305	0.052711	0.195842	0.100983	0.052058	0.020900	-0.016347	0.130838	-0.131979	-0.036734	-0.107559	0.156060	-0.367807	-0.073272	0.236388	-0.201079	0.104873	-0.229628	0.071012	0.049181	-0.048773	0.191401	-0.183675	-0.023185	-0.082272	0.103259	-0.057269	-0.089792	0.058916	0.206132	-0.031318	0.027293	0.162396	0.138254	-0.092393	0.079520	-0.093225	0.051125	0.210085	0.171268	-0.089982	0.118305	-0.119497	0.132390	-0.025500	-0.113031	0.079946	0.062403	0.017349	-0.044634	0.143113	-0.061653	0.052587	0.100920	0.050919
-1.655825	0.560940	-1.192625	-1.490579	-1.535211	0.480105	0.665797	-0.091524	-0.440457	-0.160239	-0.871954	-0.608021	-0.504665	0.810728	-0.964668	0.124577	-0.527481	-0.048970	-0.302217	0.091717	0.167978	-0.161709	0.170703	0.344209	0.298827	-0.158324	0.217974	-0.181380	0.091286	-0.088621	0.127376	0.263131	0.060978	0.268674	0.184065	-0.291559	-0.032126	0.186260	0.386696	0.023694	-0.328798	0.120387	-0.030562	-0.068096	0.358189	0.184016	0.142130	0.057474	-0.175308	-0.159986	-0.003215	0.230396	0.000991	0.107787	0.100965	-0.081564	-0.194667	0.214916	0.243522	-0.141346	-0.373326	-0.002102	-0.117173	-0.018435	-0.088663	0.093808	0.050683	0.103393	-0.074194	0.254402	0.154128	0.027650	0.173145	0.323977	-0.229310	0.102418	-0.013754	-0.040389	-0.239163	0.101513	0.046324	-0.063566	0.166993	0.112271	0.143026	0.065576	-0.108294	0.200993	0.032224	-0.112431	-0.096390	-0.026127	-0.087067	0.112660	0.182277	-0.014223	-0.112502	0.270513	-0.031676	0.070556	0.076741	0.226372	0.001859	-0.093732	0.216029	0.003788	-0.051121	-0.156854	0.288054	0.098791	0.325112	0.098667	-0.086603	-0.164254	-0.219668	-0.069859	0.128866	-0.056022	-0.207690	-0.139497	0.303143	0.010494	0.004197	0.079888	-0.037677	-0.026662	0.143175	0.104012
-0.908418	-0.755369	0.694270	-1.639201	0.459049	-0.064499	1.004474	0.039905	-0.537465	0.527278	-0.186523	0.788782	0.316923	-0.386033	0.346331	-0.110236	-0.296873	0.714741	-0.594226	-0.246353	-0.152470	0.201117	-0.039609	0.305930	0.411601	0.292837	-0.179272	0.242265	0.202272	0.223125	-0.008052	0.080080	-0.273189	-0.316487	-0.366796	0.388309	0.080097	0.221603	-0.187450	-0.154000	0.005095	0.191958	0.244106	-0.045056	-0.117373	0.288186	-0.323813	0.281238	0.305242	0.286102	0.008711	-0.296002	-0.009755	0.129097	-0.168882	0.408330	0.020989	0.324835	0.179521	0.069524	-0.352458	-0.034624	0.135030	-0.012005	-0.305804	0.103272	-0.037259	-0.198134	0.181680	0.115930	-0.009393	0.084401	-0.084369	0.158059	-0.327347	-0.009730	-0.037886	0.141827	-0.116632	0.024404	0.004469	-0.089469	-0.229195	-0.039577	0.142198	-0.005651	-0.061968	0.032617	0.167881	-0.068991	0.139227	-0.053945	-0.061049	-0.216125	0.138641	-0.024946	0.019155	-0.067980	0.135187	-0.297033	-0.079362	0.055138	0.016071	-0.115712	-0.054178	-0.004476	-0.066407	-0.233176	-0.011964	-0.005853	-0.121386	-0.140134	-0.012044	0.012901	0.433540	-0.255694	-0.054753	-0.058822	-0.040305	-0.031650	0.028470	-0.093864	0.040892	-0.122074	0.153583	0.070524	-0.056569	-0.062471
-0.545375	-2.616099	0.128652	0.844845	-1.517135	0.950646	-0.019733	0.084125	-0.291258	0.066066	0.198230	-0.351688	0.361650	-0.526796	0.461978	0.146536	0.450512	0.862880	-0.479536	-0.542244	-0.067745	-0.102229	0.075670	-0.114208	0.435916	-0.037426	-0.051798	-0.097832	0.407120	-0.022920	-0.251923	-0.196116	0.377681	-0.199367	-0.189467	-0.017066	0.192649	-0.052010	-0.126648	0.019155	0.119752	-0.126125	0.038727	-0.007295	-0.340390	0.076570	-0.104746	0.313272	0.166215	0.178585	0.072733	-0.004344	-0.034520	-0.168248	0.197189	-0.002048	0.203529	-0.108327	0.277579	0.333230	0.266103	-0.191986	-0.209565	-0.061836	-0.158356	0.079287	0.018984	-0.145517	0.052280	0.199172	0.163959	0.022272	-0.038994	-0.029372	-0.107413	0.260610	0.234727	0.195517	0.028734	-0.076758	-0.198269	0.066820	-0.241388	-0.106403	0.079557	-0.077596	0.095424	-0.067338	0.293233	0.059510	0.265031	-0.002294	0.058561	0.047511	-0.098924	0.069768	0.052341	0.033701	-0.243427	-0.020119	-0.073341	-0.003643	-0.028164	0.122792	-0.052758	0.223712	-0.139996	0.086688	-0.054084	-0.053589	0.107846	-0.047066	0.019659	0.124136	0.255839	0.153628	0.038323	0.188456	-0.003649	-0.074351	-0.148285	-0.029657	0.050734	0.110777	-0.161635	-0.013778	0.134038	0.084427
-1.515644	0.454045	-0.719207	0.132640	0.813214	0.935822	0.320155	-1.671381	0.401547	0.293126	-0.181523	-0.353600	0.134347	-0.057901	0.111747	-0.379262	0.968581	-0.321300	0.104155	0.391296	0.008342	-0.030560	0.379892	-0.331458	-0.276814	-0.116191	0.001245	0.770976	0.174834	0.054480	-0.993644	0.223323	0.495882	0.169306	-0.078683	-0.676365	-0.170459	-0.163119	-0.288979	0.035207	-0.470264	0.049168	-0.036836	-0.506079	-0.654690	-0.017494	-0.108340	0.055569	-0.333593	0.024471	0.052925	-0.341710	-0.192329	-0.025791	-0.633057	0.022450	-0.171854	0.221927	0.300610	-0.335205	-0.223091	-0.257819	0.306560	0.187600	-0.175557	-0.094973	-0.260214	-0.093780	0.221159	0.178168	-0.235269	-0.017749	0.228810	-0.027191	-0.091767	0.155681	0.165289	0.180076	0.120075	0.354534	-0.048884	-0.003417	-0.040632	-0.024861	-0.447288	0.017307	-0.274049	0.109175	0.097819	0.000517	0.382829	0.114569	-0.266782	-0.346985	-0.162473	-0.025816	0.100920	-0.085532	0.055237	-0.210036	-0.128754	-0.328308	-0.051172	0.009279	0.220678	-0.247883	0.015834	0.181726	-0.130529	0.042912	-0.324538	0.189175	0.251675	-0.036212	0.234934	-0.053546	-0.220701	0.009927	0.172928	-0.069133	-0.003338	-0.043390	0.075953	0.183364	0.072194	0.003820	0.081994	0.115287
1.031687	0.812796	-0.055326	-0.275673	-1.603984	1.569032	0.064969	-0.281149	-0.446446	0.948007	-0.806704	0.783457	-0.803268	-0.002528	1.234421	0.237184	-0.378967	0.303102	0.469296	0.302912	-1.248852	0.589198	-0.463502	0.045597	0.032599	0.141994	0.258816	0.281286	0.269377	0.632613	-0.078092	-0.300872	-0.511266	-0.391432	-0.225840	-0.208629	-0.044103	0.131459	-0.086415	-0.228787	0.006126	-0.054191	-0.178666	0.040907	-0.472009	0.347954	-0.143189	-0.268889	-0.273005	-0.057207	0.225920	-0.145136	-0.451611	0.484621	-0.414379	-0.259976	-0.139588	0.149721	0.499216	0.209092	-0.528234	-0.434327	-0.250846	-0.206425	0.471666	0.207409	0.140015	0.224758	0.271793	-0.313150	-0.499298	-0.069121	0.149378	0.009953	0.032919	-0.115934	0.005928	-0.101256	-0.514056	0.190947	-0.018179	0.100076	0.131512	0.271803	0.133200	-0.111646	0.174918	-0.284997	-0.444344	-0.245878	-0.363666	0.053128	-0.139391	0.343058	0.148359	-0.150639	0.026742	-0.083409	-0.008712	0.130185	-0.280432	0.050897	0.008954	0.046517	0.143929	-0.261258	0.031932	-0.209070	-0.146465	-0.083576	0.087036	0.087543	0.250562	0.000159	-0.062977	0.349197	-0.027414	-0.120106	-0.085170	-0.081565	-0.206956	-0.145568	0.169036	-0.109921	0.090823	0.079458	-0.153178	-0.036204
-0.619222	1.034653	1.061039	0.679357	1.007571	0.043203	0.226123	-0.203006	-0.734980	0.256488	-0.467324	-0.123378	-0.417935	0.075956	0.125354	-1.007890	-0.399753	-0.573818	0.297114	0.033396	-0.014590	-0.603922	0.491710	-0.321497	-0.354969	-0.290655	0.897276	-0.498848	-0.288180	-0.222333	-0.041229	0.409563	0.440228	-0.340043	-0.180024	-0.534710	0.132641	-0.139506	0.267734	0.012451	0.289999	0.057083	-0.113678	-0.154415	-0.204983	-0.184595	0.037719	-0.022817	0.362412	-0.032484	-0.012689	0.071999	0.166721	-0.024576	-0.301374	-0.195397	0.423887	0.217571	0.531220	0.121306	0.003360	0.018258	-0.050551	-0.353859	0.408363	-0.408612	-0.214351	0.353912	0.070406	-0.812417	0.072038	0.223340	0.437509	0.350132	-0.503080	0.405249	0.078387	0.609752	-0.151591	-0.184368	-0.016150	-0.136894	0.118303	-0.226790	0.328787	-0.072155	-0.115983	-0.192976	0.150544	-0.144620	-0.009729	0.203594	0.050518	-0.425654	-0.149723	0.035489	0.051989	-0.397435	-0.050671	0.184798	-0.222165	0.263473	0.070646	-0.079005	0.149529	-0.093900	-0.269246	0.177562	-0.210966	-0.214280	-0.104805	-0.204812	-0.191345	0.172632	0.085843	0.064872	0.185963	-0.101465	-0.251635	0.290489	-0.010089	0.170949	0.025860	-0.185304	-0.056601	-0.135724	-0.038998	0.106550
-0.208535	-0.696356	-1.077346	-1.350095	0.804488	0.379675	-1.755579	-0.811734	-0.124165	-0.255746	-0.095559	0.335536	-0.661893	-0.216152	0.884434	0.038128	-0.273091	-0.364677	0.096797	0.281542	0.003217	0.392269	-0.028256	0.112144	-0.194859	0.255392	-0.107659	0.067191	-0.546451	-0.445615	1.266135	0.008178	1.048748	-1.018314	0.010747	-0.596435	0.069894	-0.038734	-0.241564	0.115313	-0.204408	0.564636	0.061479	-0.324257	-0.003750	0.120906	-0.300238	-0.012229	-0.138018	-0.180049	-0.049245	0.270262	0.193991	0.052816	0.152562	-0.208113	-0.158600	-0.258504	-0.201605	0.169516	-0.430131	0.035602	-0.149306	-0.135263	-0.076588	0.012039	-0.043282	0.028720	0.299955	0.032853	0.135297	0.080914	-0.077783	0.132222	-0.029870	0.222500	0.043023	0.220990	0.049786	0.067694	-0.208437	0.001668	-0.013411	0.096313	0.045311	-0.076481	0.000124	0.216084	-0.011991	0.028371	0.259255	0.063074	0.133861	0.193408	-0.170995	0.225572	-0.008951	-0.019593	-0.006987	0.101418	0.081499	0.082216	-0.051480	0.120025	-0.192459	-0.164049	0.146190	-0.097552	-0.041043	0.038470	-0.005632	-0.115382	0.224110	-0.169582	0.034430	-0.066041	0.205900	0.179361	-0.063815	-0.112562	-0.064045	-0.103720	0.000926	0.077147	-0.154229	-0.003196	0.186283	0.048559
-0.494404	-0.787768	-1.071583	-1.213030	0.913111	0.414498	-2.112035	-1.069730	0.398227	-0.294781	0.158088	0.346315	-0.937152	-0.184728	0.750213	0.160646	-0.339494	-0.591847	0.233520	0.219546	-0.072192	0.269580	0.080836	0.252185	-0.183158	0.336604	-0.303814	-0.170965	-0.439683	-0.538706	1.323857	0.116129	1.101672	-0.972414	0.128490	-0.450503	0.026391	-0.053404	-0.437988	0.336075	-0.140745	0.576768	0.064486	-0.267890	-0.030245	0.329356	-0.207603	0.216901	-0.075918	-0.242113	-0.175044	0.358027	0.306469	0.140670	0.197573	-0.172762	-0.157089	-0.376623	-0.042533	0.016593	-0.464446	-0.029544	0.096796	0.032034	-0.030021	-0.075717	-0.131156	0.106591	0.212122	0.110724	0.044342	0.108280	0.041949	0.020818	-0.032573	0.167788	0.172152	-0.012726	0.074526	-0.071474	-0.207958	0.103955	0.047201	0.155843	-0.083239	-0.080230	0.036820	0.363929	0.015343	-0.067881	0.305481	0.079196	0.090962	-0.007291	-0.028028	0.157778	0.006347	0.001094	-0.107395	0.089874	-0.037880	0.098676	-0.169573	0.013149	-0.046791	-0.147834	0.124549	-0.209075	-0.017638	0.093159	-0.082437	-0.141346	0.216325	-0.027475	0.129516	-0.017884	0.085672	0.014535	0.014214	-0.045291	-0.042177	-0.074770	0.053662	0.124123	-0.084127	-0.016134	0.060299	0.086055
-0.590545	-0.715651	1.249626	-1.331901	-0.123874	-0.931690	0.032139	0.650154	-0.000962	0.055244	-0.293489	0.488057	-0.393744	-0.111143	0.271358	-0.202124	-0.482345	0.151127	0.079357	-0.404485	0.172776	-0.575245	0.271174	0.061232	0.070078	-0.320195	-0.459965	0.203544	-0.120821	0.284476	-0.125274	0.255091	0.036878	0.134898	-0.156204	-0.105637	-0.139998	-0.322857	-0.236469	0.296581	0.040007	0.145058	0.162099	-0.388482	-0.222497	0.342916	-0.337128	-0.162094	-0.049997	-0.144497	0.105859	-0.300218	0.307063	-0.000698	0.047970	0.439300	-0.153429	0.367411	-0.019646	0.032428	0.016779	0.000849	-0.015535	0.085241	-0.387638	0.065266	-0.022869	-0.032348	-0.276061	-0.019608	-0.016120	0.124121	-0.008911	-0.267093	-0.045755	-0.033768	0.077363	0.122928	-0.001666	0.238260	-0.162621	-0.033338	0.114262	-0.029372	0.110284	0.024760	-0.088273	0.182507	0.276350	0.171818	-0.003891	-0.013265	0.127676	-0.028949	0.004266	0.100674	0.132583	0.009406	0.037677	0.091184	0.105399	0.152233	0.060534	-0.088718	-0.039792	-0.114673	0.012261	0.091721	-0.068862	0.064591	0.247050	-0.080893	-0.018486	0.045263	-0.037146	-0.114818	-0.020903	0.052107	-0.149157	-0.057850	-0.171668	-0.115002	0.017532	-0.048028	-0.047311	0.091206	-0.224753	0.058286
-0.580978	-2.415494	0.481149	1.492381	-1.157406	0.420445	0.453747	0.473877	-0.661991	0.135475	-0.106608	0.246851	0.262188	-0.154603	0.530501	0.267464	0.223238	-0.119627	-0.378089	-0.086986	0.223083	-0.017516	0.542998	-0.395050	0.220143	-0.263534	-0.245756	-0.007188	0.095215	-0.122501	0.002555	0.218376	-0.168841	-0.008368	-0.017377	0.064110	-0.100734	0.001940	-0.283961	0.163688	0.058588	0.017942	-0.047873	-0.137616	0.139672	-0.177262	-0.033183	-0.043484	0.083070	-0.457211	-0.030068	0.005468	-0.041222	-0.078866	-0.051026	0.105380	0.174100	-0.108207	-0.224030	0.354758	-0.009991	-0.072927	-0.245561	-0.059971	-0.199773	0.117470	0.161577	-0.021962	0.215516	0.045863	-0.037473	-0.011021	-0.012389	-0.001350	0.051308	0.036655	-0.348067	-0.175734	-0.056020	0.204058	0.369218	0.207923	0.123281	-0.185440	-0.159507	-0.284364	0.057387	-0.132189	0.250248	0.141136	-0.166746	0.065246	-0.125441	-0.104520	-0.012607	0.072262	0.102169	0.093363	0.176217	-0.015308	-0.020296	-0.000851	-0.019244	-0.093472	-0.002968	-0.080939	0.043574	0.006584	-0.031911	-0.011082	-0.233432	0.034504	0.072162	-0.046912	0.131270	-0.183142	0.032002	-0.137709	0.027610	0.264841	-0.017879	0.126967	0.061507	0.065808	-0.176946	-0.082681	0.099605	0.051271
1.524223	-1.058748	-1.945884	0.853794	0.667378	-0.201296	0.830433	0.277339	-0.294959	-0.246946	0.075765	0.323012	-0.567825	-0.361810	1.277769	0.409574	-0.542272	-0.614772	-0.137049	0.202235	0.657651	-0.273369	0.699083	-0.900098	-0.110173	-0.492521	-0.891230	-0.124927	0.172103	-0.353153	-0.131797	0.383877	0.091397	-0.327669	0.390132	0.620784	0.029655	-0.135233	-0.407778	0.111336	0.254844	0.214770	-0.051942	0.128057	0.306058	0.226055	-0.163608	-0.350805	-0.448995	-0.479693	-0.343659	0.316658	-0.599799	-0.371924	0.517345	-0.319906	0.138889	0.390754	0.150570	0.374365	-0.171196	0.278372	-0.722183	0.445389	-0.021391	0.560329	-0.308015	0.051161	0.136482	0.543788	-0.189385	0.411528	0.134686	-0.027957	0.098125	0.037777	-0.275059	-0.122018	-0.172291	0.352973	0.259094	0.301752	0.330868	-0.411589	0.119385	0.154004	0.172703	-0.040191	-0.080024	0.090420	-0.021557	0.169566	-0.089325	-0.207370	0.165179	0.013649	0.079007	-0.140063	0.026368	0.053271	-0.287906	0.026674	-0.181075	-0.063270	0.102636	0.240820	0.412492	-0.009092	-0.010590	-0.179036	0.050271	-0.030207	-0.045400	0.009402	-0.085246	-0.021015	-0.143031	-0.096795	-0.103052	-0.061049	0.121559	0.091983	0.147231	-0.063880	-0.008672	0.015298	-0.166819	-0.000499
-0.409420	1.139044	1.551487	-0.493525	-0.646031	-1.268492	-0.345723	0.728418	-0.269136	0.495515	0.667177	-0.774201	-0.523758	0.201491	-0.149671	0.510395	-0.367810	0.001821	0.353682	0.299536	-0.059524	0.144442	-0.630477	-0.522351	-0.110788	-0.010723	0.099902	0.303270	0.375040	0.033903	-0.099005	0.093869	0.011616	0.137605	-0.331136	0.070270	-0.120485	-0.043616	-0.031395	-0.035389	-0.121180	-0.038149	-0.297122	0.112800	0.088258	0.077610	0.258292	0.095910	0.066044	-0.037114	-0.063414	0.022160	-0.106217	0.354811	-0.087662	0.215945	0.162959	-0.048203	-0.045252	-0.093889	-0.142170	0.047353	-0.061712	-0.091601	0.249762	0.225878	0.011476	0.027456	0.236488	0.068957	-0.067559	0.010500	-0.039259	0.216501	-0.138388	-0.031540	0.089956	-0.072313	-0.115383	0.176762	0.182976	-0.081422	-0.373530	-0.039497	-0.031367	0.006279	-0.246378	-0.045008	0.175158	0.242006	-0.069757	0.134257	-0.134833	0.006808	-0.299701	0.339848	-0.102595	-0.003938	0.017176	-0.042414	0.310337	0.085945	-0.158831	-0.198966	0.196967	-0.101066	-0.180383	0.041206	0.149646	-0.020987	-0.055217	-0.089930	0.195225	-0.058302	0.264896	-0.147129	-0.114135	-0.086881	0.095760	0.250117	0.180580	-0.178786	-0.023305	-0.071015	0.104205	0.028198	-0.110350	-0.058208
-0.221018	-0.018312	1.680253	-0.903488	-1.268344	-0.462562	1.579825	0.000591	0.056458	0.959820	1.019510	0.210102	0.411456	-0.109680	-0.601275	0.348934	-0.338944	0.117809	0.693557	0.340217	0.104418	0.205060	-0.601784	-0.039342	0.100663	-0.050436	0.176217	0.692336	0.279080	0.191740	-0.128822	0.014685	0.182301	-0.396054	-0.169535	0.399240	0.073875	-0.572469	-0.486902	-0.075883	0.017908	0.288219	-0.092663	-0.113301	0.475209	0.502246	-0.104448	-0.017047	0.033479	0.218932	-0.275499	0.004251	-0.267857	0.167928	0.053857	-0.005838	0.374607	0.323438	-0.038595	0.031000	0.050248	0.064550	-0.125021	0.025938	-0.269429	0.117945	0.211382	-0.042872	0.297371	0.164397	0.164581	-0.141269	0.079433	-0.040657	0.147179	0.214336	0.434601	0.071286	-0.144631	-0.027624	0.139964	-0.275184	-0.100950	0.074795	0.055056	-0.158936	-0.022865	0.223564	0.034875	0.170561	0.012651	0.124794	0.160526	-0.004098	0.119535	0.021302	0.014818	-0.110554	-0.109136	0.292889	0.067991	-0.068403	0.161084	-0.101217	-0.004213	-0.019546	-0.144610	0.036329	-0.095510	-0.023169	0.032892	0.075974	-0.097586	-0.088596	-0.117977	0.145897	-0.009020	0.116199	0.198434	0.006257	-0.001670	-0.015963	-0.274403	-0.372418	0.088977	0.153356	0.017260	-0.149148
-1.565039	0.984368	-0.272204	1.471965	2.095234	0.523780	0.155663	-0.109332	-0.128341	0.412553	-0.986482	0.012844	-0.114593	-0.403220	0.057994	0.542655	-0.406707	0.212575	0.226953	0.071379	0.384711	-0.112583	0.280083	0.349372	0.293813	-0.137932	0.484616	-0.269294	0.704931	-0.314229	-0.139047	-0.185688	0.214618	-0.001651	0.086087	-0.037346	-0.143524	0.435340	-0.291814	0.166481	0.059275	-0.164650	0.426070	0.033739	-0.417958	-0.218164	0.121726	0.150969	0.012189	-0.049633	-0.342570	-0.141803	-0.180542	0.036677	0.045834	0.187250	0.093073	-0.015408	-0.036171	-0.213035	0.405705	0.006731	-0.109216	0.136707	0.001240	0.005133	-0.130286	0.021886	0.143245	0.285531	-0.312347	0.231649	-0.064268	-0.143574	-0.215871	-0.038047	-0.116381	0.076935	0.181952	-0.079880	-0.062627	0.011516	-0.126304	-0.001313	0.053829	-0.044979	-0.050889	-0.103088	-0.000039	0.334892	-0.144730	0.033229	-0.265276	0.026745	-0.052577	0.107298	0.099918	-0.021437	0.083421	-0.009715	0.097098	-0.047215	-0.116944	0.033736	0.200541	-0.011562	0.146881	0.163247	-0.139786	-0.019290	-0.016829	0.092939	0.007557	0.023202	-0.192295	-0.002360	0.271991	0.021815	0.026861	-0.150539	0.093583	-0.094890	-0.136525	0.063586	0.006910	0.087370	0.070059	-0.034330
-1.259331	-0.402996	-0.190296	-0.520434	0.910223	-0.588658	-0.354320	-0.352248	-0.252796	1.116783	0.203934	0.461162	0.138236	1.208485	-0.366642	0.440116	-0.505320	0.088835	0.335818	-0.108579	0.079193	0.670324	-0.081603	0.314335	0.126123	-0.101401	0.270900	-0.173833	0.058156	-0.240206	-0.170275	0.235004	0.405723	-0.011865	0.413843	-0.483928	-0.462652	0.146306	0.033206	-0.196547	0.260299	0.062281	-0.308424	-0.257801	-0.326062	-0.181912	-0.086948	0.280426	-0.177873	-0.301236	0.145362	-0.354908	0.040713	-0.118771	0.196420	0.204456	0.218063	-0.171701	0.229927	-0.210806	0.176659	0.075413	-0.043406	-0.331719	-0.063724	-0.205030	-0.089786	-0.112532	0.164045	0.187696	-0.162746	0.189690	0.199647	-0.174695	-0.038060	-0.062107	-0.248212	-0.596263	0.046671	-0.011926	0.176636	-0.004328	-0.172641	-0.022858	-0.051547	0.064728	-0.170917	-0.215517	-0.039100	-0.160003	0.039429	0.172709	-0.037131	-0.123077	-0.082271	-0.005713	0.231817	-0.029924	-0.102110	0.098145	0.166877	-0.386409	-0.126157	-0.210872	-0.055635	-0.010707	0.121835	-0.114789	-0.083013	-0.173498	0.024818	0.147313	-0.131907	-0.045703	0.258329	-0.030571	-0.053697	-0.060587	-0.131709	-0.091581	-0.066907	-0.143636	-0.160193	-0.266123	-0.160589	0.027013	0.001990	-0.003411
1.942311	0.851503	-0.664440	2.072275	1.195827	1.070395	0.211383	0.847774	-0.170568	0.590887	-0.172717	0.050108	0.025151	0.297952	-0.312693	0.660376	0.246368	0.262137	0.063565	0.292082	0.263107	0.835574	-0.102318	0.686307	-0.053502	-0.648806	0.217346	-0.472000	0.340234	0.318268	-0.541677	0.484272	0.317467	-0.706041	-0.035944	-0.278801	-0.169919	-0.060735	-0.058446	0.172900	-0.283325	-0.041042	0.151100	-0.650738	-0.307808	-0.032024	0.043163	0.106991	0.098601	0.009037	-0.407895	-0.129530	0.005509	-0.178165	0.438643	0.066950	0.134676	-0.355669	-0.179306	0.259137	0.057738	-0.138175	0.077231	0.218119	-0.209320	-0.159494	0.343950	-0.088396	0.085022	-0.235395	0.336455	0.020282	0.172184	-0.065162	0.166657	-0.029332	0.052193	0.050379	-0.009345	-0.006887	-0.381484	0.196582	-0.123491	-0.159374	0.315393	0.151042	0.020855	-0.119994	-0.145037	-0.136321	-0.125876	0.362710	-0.199194	-0.035211	0.091603	0.026479	-0.406636	0.191069	-0.045057	0.151028	0.059581	0.174594	-0.304550	0.024096	-0.270672	0.013582	-0.115176	0.325840	0.224729	-0.095472	-0.108171	-0.105423	0.197606	-0.007565	-0.068511	-0.032243	0.000533	-0.359941	0.274534	-0.188906	-0.043482	0.036941	0.005052	0.024882	0.165378	-0.011097	-0.065269	-0.170204
-0.897423	0.078931	0.400509	-0.065390	1.664320	-0.269480	0.429926	-0.138228	-0.135891	1.234944	-0.011387	0.164728	0.369288	0.429382	-0.078249	0.105176	0.028286	0.539253	-0.053473	0.161409	0.270274	0.084108	0.234860	0.604236	0.212342	-0.590374	0.479108	-0.363016	0.211779	-0.347465	-0.434421	-0.375734	0.227624	-0.238250	0.298561	-0.599944	-0.195476	-0.081153	-0.201621	0.031681	0.093695	0.062604	-0.102917	-0.383992	-0.249122	-0.096098	-0.067172	0.036031	0.263266	-0.476614	0.286231	-0.282173	-0.175675	-0.395276	-0.057702	0.360757	0.187933	-0.021174	0.108868	0.169017	0.268896	0.041250	0.231205	-0.165935	-0.115546	0.005088	0.228435	0.047421	-0.002653	0.145355	-0.059097	-0.128427	-0.221555	0.050740	-0.071681	-0.003908	0.018800	-0.017419	0.001549	0.009501	0.107045	-0.205057	0.003618	0.144232	0.329329	0.025190	-0.159745	-0.141888	-0.213655	0.237340	-0.121448	-0.023789	0.013933	0.119894	-0.182023	-0.001121	0.014027	-0.128429	-0.055560	-0.153117	-0.030866	-0.115939	-0.055318	0.075519	0.076197	-0.065906	-0.055617	0.149403	0.036704	0.072086	0.043128	0.127370	-0.014989	-0.064593	-0.233250	0.049336	-0.026587	-0.067988	-0.145365	-0.068338	0.067913	0.142515	-0.066157	-0.140341	-0.070073	0.089638	0.104628	-0.243114
2.097921	1.275238	-0.075720	2.122053	0.716164	1.517484	-0.185955	0.379956	0.746794	1.008256	-0.589377	-0.218434	-0.357352	-0.104635	0.558925	-0.304297	0.544698	-0.477331	-0.116446	0.213752	1.133024	0.794912	0.167665	0.212305	0.363716	-0.170718	-0.242722	0.371698	0.550460	0.289002	0.100140	0.514487	-0.058789	-0.499551	-0.575931	0.780067	-0.644195	0.103770	0.275482	-0.388917	-0.775910	-0.051163	-0.248808	-0.156499	0.028405	0.072951	0.261302	0.115088	0.273240	0.052883	-0.000272	-0.017970	0.295120	-0.100454	0.299500	-0.241780	-0.206962	-0.155272	0.083530	0.313499	-0.109692	0.014107	0.133085	0.094885	0.119766	-0.198637	0.052055	-0.150327	-0.088215	0.078305	0.161238	0.059874	-0.054881	-0.113535	-0.186532	0.067496	0.159557	0.229609	-0.053923	-0.196633	-0.267651	0.072698	0.032696	-0.031858	-0.119015	0.152459	-0.159984	0.035429	0.050683	-0.076407	-0.101292	0.136104	-0.193363	-0.252943	0.165583	-0.044759	0.130449	0.141995	-0.060051	-0.060362	0.133892	0.176739	0.020378	0.190267	0.016549	0.128747	-0.111329	-0.151663	-0.203334	0.159217	0.112166	0.002084	0.231246	-0.211126	-0.107043	0.017984	-0.254066	0.312634	0.038635	-0.057309	0.297300	-0.104720	0.058848	-0.088223	0.131854	-0.263003	-0.034748	0.041002
-0.050217	0.484193	1.202064	0.904523	0.243614	0.466441	-0.895461	-2.176334	1.663387	-0.828351	-0.737104	-1.157967	0.513983	0.197145	-0.027983	-0.106386	-0.217382	-1.322968	-0.792359	1.145430	-0.177365	0.016307	0.175376	0.738337	0.814938	-0.731282	-0.530510	-0.261147	0.444919	-0.056760	-0.053044	-0.618605	-0.498867	-0.648829	-0.294891	-0.208684	0.171607	-0.172691	0.329373	0.162458	0.641502	0.027363	-0.504362	0.637141	-0.077306	0.194539	-0.306693	0.081552	0.333962	0.047089	0.113278	-0.302050	-0.263921	0.226038	-0.060063	-0.180431	0.053491	0.069292	-0.393474	-0.232258	0.190577	0.295933	-0.140478	0.366404	0.038324	0.306329	-0.190786	0.141455	-0.325137	0.020618	0.200502	0.366097	0.158104	0.404982	0.042769	-0.047186	0.454094	-0.269825	0.016002	0.238205	-0.000034	-0.254722	0.154807	-0.094159	-0.208420	-0.060551	-0.078243	0.230477	0.115004	-0.076246	0.006808	-0.147214	0.116298	0.147965	-0.035220	-0.025150	-0.265934	0.194194	0.167312	-0.089184	0.066412	-0.031480	-0.083823	-0.048921	0.083480	-0.134018	-0.062376	-0.025123	0.039158	0.235725	-0.310208	-0.019652	-0.100781	-0.062351	0.055051	0.059098	0.170884	-0.253957	-0.120810	0.073115	-0.048989	0.020698	-0.081516	-0.057741	-0.197673	0.091387	0.294421	-0.023368
-0.731339	0.777872	0.856971	-0.974024	-0.609235	1.227905	-0.332677	2.006009	0.652142	0.781570	0.089218	-0.332643	0.412007	0.266028	-0.777131	0.507370	0.297339	-0.090374	0.701199	1.037923	0.147658	-0.780713	-0.692573	-0.334258	0.083367	-0.310096	0.557749	0.370203	-0.228138	0.077415	0.119698	-0.145405	0.190303	-0.092789	0.212930	0.452084	-0.501260	-0.372684	-0.563520	0.066268	0.473364	0.212803	-0.297216	0.209573	0.446989	0.388046	0.167930	-0.071480	-0.158670	-0.206587	-0.048214	-0.363362	0.043683	0.238389	0.132201	0.238559	0.472076	0.354963	0.233761	0.075953	-0.263311	-0.310137	0.180793	-0.097566	0.104492	0.178155	-0.225401	0.031442	0.147565	0.270387	0.106309	-0.070515	-0.392731	-0.218708	0.015004	0.124337	0.233513	0.214815	-0.294551	0.099612	-0.156804	0.030549	0.008368	0.005177	0.198607	-0.100004	-0.020552	0.074976	-0.141106	-0.040343	-0.089054	-0.376692	0.178567	-0.017993	-0.094840	-0.103420	-0.069430	0.191292	0.125907	-0.114879	0.001203	0.121959	-0.225335	0.106781	-0.105885	-0.102311	-0.035765	0.137237	-0.170426	-0.144083	0.027944	0.245278	-0.043876	0.129614	0.237919	0.058241	0.073179	-0.037750	-0.105913	0.023725	0.004186	-0.015859	0.141208	0.194150	0.192328	-0.272917	-0.054536	0.047147
0.202192	-1.190679	1.974834	-1.173798	-0.328885	0.244324	0.004375	1.332330	0.156535	-0.850635	-0.296095	1.045144	0.220124	-0.361885	-0.182838	-0.279322	-0.473223	-0.505698	-0.330777	0.436748	0.377222	-0.041103	-0.502072	-0.327392	0.312949	-0.289533	-0.263756	0.236441	-0.104638	-0.034246	0.176705	0.143097	0.145951	0.320683	0.267381	-0.026097	-0.085757	0.182354	-0.037823	-0.096150	0.069212	0.387188	-0.132348	0.066975	-0.113042	0.442428	0.338101	0.199333	0.001392	0.133561	-0.040920	-0.024750	-0.086814	0.025708	0.225577	0.035128	-0.191100	0.140682	0.104426	-0.291011	0.024675	-0.089376	0.323963	-0.087860	0.329217	0.238399	0.388299	-0.113045	0.135362	0.082829	-0.200618	0.093223	0.019982	-0.357659	0.097045	-0.228550	0.029766	0.327739	-0.191297	0.162047	-0.324273	0.051176	0.262015	-0.007626	0.212086	0.070791	-0.089702	0.096346	0.086374	0.010878	0.013216	-0.206716	0.069733	0.126056	-0.196973	0.094589	-0.062552	0.178935	-0.141559	-0.262125	-0.126438	-0.129858	0.044384	-0.034828	-0.080405	0.162117	0.063845	0.200073	0.242181	-0.154100	-0.145583	0.047366	0.055134	0.152562	0.096267	-0.028901	-0.078972	-0.149796	0.075260	-0.255517	0.021736	-0.047971	-0.131197	-0.095873	-0.066339	0.061654	0.061777	0.088084
-1.507128	1.541790	-0.949871	-1.436657	-1.174899	0.521039	0.088361	0.256219	-0.985396	-0.861840	-0.349165	-0.351219	-0.164937	0.018062	0.197086	-0.206137	0.092746	0.067485	-0.314417	0.049736	-0.503984	-0.065298	0.139699	0.137836	-0.237015	-0.312853	0.180162	-0.070525	0.118056	-0.051242	0.057216	-0.192090	0.114491	0.122170	-0.114910	0.069081	0.150465	-0.314430	0.339391	-0.036885	-0.231146	0.162331	-0.010562	0.141995	-0.190530	0.185553	0.248686	-0.116159	0.187208	0.025606	0.069486	0.117933	0.158446	0.130481	0.189384	-0.120102	0.266789	0.021637	0.062969	-0.032718	-0.035121	0.248602	-0.198943	-0.069737	-0.144127	-0.053439	0.001335	-0.111586	0.110512	0.219032	-0.292110	-0.064399	0.143753	-0.326657	0.196154	-0.012460	0.099269	-0.248522	0.179316	0.085494	-0.325064	-0.138156	0.105358	-0.007312	0.163672	-0.065084	0.213775	-0.141711	-0.098882	-0.022797	-0.024784	-0.138002	-0.031516	0.026764	0.161974	0.088740	-0.051960	0.005818	-0.072115	-0.009922	0.146880	-0.037396	0.075632	-0.181137	-0.048226	0.109614	0.078022	0.031456	-0.039211	0.168808	-0.113138	0.188231	-0.067176	0.040581	0.116705	0.097361	-0.170030	0.121168	0.109866	0.019338	0.122055	0.135532	-0.039749	-0.182301	-0.020583	-0.178273	-0.034676	-0.001441
-0.141774	-1.400834	1.682784	-1.448561	-0.317089	-0.438928	0.308719	0.283945	0.276747	-0.328216	-0.504733	1.081819	0.281318	-0.380309	0.171054	-0.098703	-0.719245	-0.253138	-0.134094	-0.016234	0.155499	0.541582	-0.265447	0.481990	0.112739	0.015166	-0.212682	0.032666	-0.091443	-0.149854	-0.403484	-0.057117	-0.054861	0.055549	0.202724	0.028070	0.161805	0.492929	0.259815	-0.118276	0.160245	-0.190806	-0.216904	0.190302	0.106021	-0.033303	-0.121389	-0.107243	0.164413	-0.033399	-0.155453	-0.050024	0.085188	-0.287577	0.331440	-0.161962	0.137343	0.164464	-0.291733	-0.105922	0.054950	-0.235830	-0.022709	-0.103275	0.037172	0.082111	-0.058183	0.045398	0.198839	-0.123993	-0.163533	-0.025246	-0.251018	0.104010	-0.080726	-0.032188	-0.110893	0.057835	0.247402	0.049297	0.191050	0.036702	0.055222	-0.122205	-0.300875	-0.137562	-0.045648	0.039183	-0.274196	-0.214063	0.055167	0.025762	0.228728	-0.069954	0.131231	0.109214	-0.033013	-0.165292	-0.195850	-0.032731	0.146596	0.085472	-0.065551	0.047231	0.069528	0.001544	0.088522	0.058212	0.051175	-0.077400	0.053686	0.187594	0.127247	0.011219	0.057522	-0.072536	0.019197	-0.048099	0.087998	-0.068433	0.126445	0.143970	-0.039383	-0.003350	-0.074811	-0.073726	-0.031177	-0.055090
-1.432613	1.135868	-1.494796	-1.159674	-1.585854	-0.199082	1.238378	-0.830088	-0.175414	-0.180683	1.225641	-0.190614	-0.121513	0.836326	-0.689173	0.467573	0.490001	-0.338173	-0.620787	-0.263000	0.732452	-0.197484	-0.499010	0.052404	0.308777	-0.425777	0.068311	-0.094345	-0.002883	0.132431	0.229896	0.159844	-0.098636	-0.158961	0.076123	0.509379	-0.289024	-0.059736	-0.040668	0.059386	0.167636	0.185563	-0.156765	-0.001890	0.229367	0.118653	0.187909	0.632128	0.032182	0.226699	-0.131652	0.235673	0.143300	-0.056249	-0.367943	-0.143193	-0.070670	-0.316318	-0.293141	-0.280795	-0.060735	-0.037268	-0.004659	-0.197498	0.212704	0.136758	0.089584	0.048850	-0.028217	-0.120742	0.023717	0.398286	-0.098903	-0.031634	0.094261	0.109994	0.314452	0.387749	0.078647	-0.079001	0.032363	0.268962	0.299529	-0.014976	-0.218777	-0.068219	-0.150707	-0.224387	0.110427	-0.015353	0.023422	-0.220027	0.210988	0.013793	-0.087542	-0.329029	-0.217824	0.034423	-0.109897	-0.102933	-0.197226	-0.341890	-0.141845	0.029570	0.125564	-0.302416	0.383719	0.027765	-0.362439	-0.133307	0.150332	0.119234	-0.071608	0.049105	0.012003	0.080632	-0.135047	-0.017815	-0.145636	-0.210305	-0.250617	-0.082281	-0.024006	-0.041935	-0.069863	-0.096267	-0.108855	-0.084733
2.773820	0.037556	0.897702	-0.400363	-0.693387	-0.494292	0.528280	0.414005	0.291306	-1.046809	-0.096466	-0.004392	-0.056056	-0.074387	0.216737	0.016252	-0.665852	-0.378226	-0.510482	0.245897	0.344059	-0.484443	-0.138554	0.411191	0.409808	0.594052	-0.182216	0.042233	0.185331	-0.851634	-0.186752	-0.524577	-0.320720	-0.085116	0.695387	0.129946	-0.126885	-0.474959	0.211843	-0.291617	-0.188132	0.596700	0.016243	-0.031454	-0.106967	-0.478249	-0.130506	-0.463840	0.084685	-0.339684	-0.292504	0.034400	0.100782	0.180618	0.200273	-0.425672	0.276896	0.130557	0.289480	0.220849	-0.177110	-0.010007	0.208750	-0.089265	-0.007009	0.075442	-0.188128	0.136630	-0.041473	0.199528	0.303072	-0.240415	0.105983	0.069374	-0.053753	-0.143657	-0.252005	-0.226006	0.091743	-0.046758	0.106415	-0.017798	-0.102100	0.059554	0.213081	0.142969	-0.147589	0.093726	-0.036338	0.044381	0.082005	-0.312092	-0.410096	0.010462	0.068216	0.089175	-0.122504	0.075371	-0.012906	0.104426	-0.116262	0.002103	-0.010732	0.327700	-0.007483	-0.368081	-0.041026	0.152540	-0.170483	-0.012908	-0.048531	-0.062945	0.156509	0.040206	-0.031103	-0.118292	-0.091520	-0.040429	0.044967	-0.008562	-0.237581	-0.036415	-0.110140	0.120039	-0.078515	0.032571	-0.061016	-0.063113
2.128484	-0.554109	-1.297626	0.207337	0.290305	-0.471331	-0.312715	0.389907	-0.610863	0.047197	-0.282793	0.362803	-0.093956	0.758465	0.750498	0.159494	-0.685592	-0.401068	-0.575736	-0.163760	-1.058626	-0.350279	-1.307589	-0.442838	-0.168614	0.157857	0.211988	-0.056247	0.510106	-0.400819	-0.311895	-0.307376	0.697134	0.240925	-0.080282	0.787792	0.162706	-0.296135	-0.342754	0.008448	-0.650304	-1.290875	-0.095926	0.068093	-0.063878	-0.544196	-0.081406	-0.325224	0.909988	-0.748342	0.324273	0.680484	-0.359989	0.067664	-0.079269	0.137390	0.225725	-0.129478	0.137853	-0.020644	-0.381266	-0.051910	0.605412	0.227867	0.160187	-0.205653	0.058990	0.205723	-0.051430	0.223925	0.107902	0.158155	0.235099	-0.282114	-0.444693	-0.022664	0.023508	0.098275	0.441785	-0.022735	-0.004136	0.144122	-0.128743	0.085077	-0.282470	0.110644	0.342023	0.073936	-0.153462	0.146707	-0.108765	0.060773	-0.123810	0.584877	-0.145699	-0.213455	-0.198709	-0.088585	-0.115730	-0.109183	-0.131533	0.100019	0.216165	-0.085283	-0.133283	0.096052	-0.058100	-0.163663	-0.310595	-0.047906	-0.056133	0.091586	-0.033460	0.005446	0.307179	-0.047585	0.048386	-0.066094	-0.126090	-0.138147	0.094883	-0.052462	-0.103162	0.110935	-0.195845	-0.115896	0.025001	0.014564
3.535150	-0.936574	1.657118	-0.494169	-0.463008	1.420042	0.275757	0.731946	0.585721	0.657112	0.456959	-0.070696	0.227559	-0.311914	-0.424837	0.531903	-0.066863	-0.232133	-0.588079	-0.229081	-0.064243	0.002376	0.246501	0.345331	-0.085216	0.215668	-0.279952	0.376923	0.230920	-0.129145	0.143863	-0.378121	-0.196962	0.312504	0.622114	0.293288	0.030798	-0.357460	0.529672	0.030797	-0.209980	0.624207	-0.253870	-0.085058	-0.395260	-0.312184	-0.130325	-0.030659	-0.043632	-0.189251	0.032111	0.451198	-0.161740	0.114936	-0.019294	-0.045872	0.407028	-0.022238	-0.096945	0.256956	-0.361961	0.030027	0.047354	-0.076456	0.033108	-0.566610	-0.222410	0.091412	-0.061766	0.049122	-0.098166	-0.253736	0.075766	-0.084103	-0.018163	-0.123216	-0.002386	-0.323202	-0.203632	-0.208414	-0.092521	-0.020618	-0.089865	-0.394717	-0.087107	-0.246780	-0.181689	-0.098782	0.083515	0.215955	0.037381	-0.161441	0.230631	-0.035057	0.090696	-0.111503	-0.217091	-0.156213	-0.116082	-0.203602	-0.201308	0.136826	-0.017034	0.154472	0.100931	-0.048944	0.103108	0.054158	-0.073478	0.058972	-0.053252	0.112900	-0.009600	-0.152611	-0.180743	-0.166454	0.112253	-0.036794	-0.032916	-0.091922	-0.085213	-0.055981	-0.072950	0.226929	0.138422	-0.130872	0.133807	0.020849
-0.443145	1.950937	1.591565	-0.323206	0.631393	0.603741	-0.509716	0.821210	-1.705105	-0.642184	1.051022	-0.506644	0.139286	-0.504009	1.057621	-0.328233	-0.260922	0.381465	0.121475	-0.383079	0.200774	0.146520	0.383442	0.382808	-0.201052	-0.114675	-0.135771	-0.078123	-0.120271	0.029615	0.201682	0.233634	-0.321315	-0.020123	-0.124953	0.045372	0.049972	-0.431949	-0.066584	-0.506657	-0.151075	-0.049240	-0.147276	0.030124	0.175163	-0.212248	-0.116646	0.122753	0.254953	0.167610	-0.362748	-0.033729	-0.101315	-0.172532	0.001950	0.136470	0.062760	-0.321166	-0.022794	-0.086108	-0.263647	-0.394665	-0.105572	-0.109207	0.105669	-0.002115	-0.395559	0.237323	0.025644	0.099562	-0.167787	-0.115611	-0.087733	-0.105169	-0.315232	-0.320726	0.023494	-0.028706	0.223848	-0.175872	-0.095340	-0.483423	0.257417	0.191855	-0.262857	-0.217464	-0.376855	-0.135525	0.045078	-0.159414	-0.029231	0.085839	0.186068	0.170598	-0.443189	-0.070198	0.024446	-0.047048	0.189555	0.053348	0.068276	-0.090926	-0.056557	-0.183742	-0.126558	0.221351	-0.021912	0.175632	-0.033103	0.138336	0.136218	-0.085297	-0.018063	0.163713	-0.196379	0.206483	-0.216814	0.086971	-0.182560	-0.037285	-0.092912	-0.219208	0.001613	0.305841	0.099105	-0.076103	0.126261	0.000758
0.790017	0.169724	-2.736505	-0.161102	0.983993	-0.982976	0.083671	0.349419	-0.099145	1.123843	0.988517	-0.609794	-0.028899	-0.617588	0.256127	0.543496	-0.226682	-0.379018	-0.333189	-0.261751	0.028389	-0.247442	-0.222289	-0.615068	0.931472	0.114221	-0.134269	0.443511	-0.235344	0.240970	0.174240	-0.016591	-0.169528	0.433817	-0.196822	-0.372577	0.224508	0.326962	-0.244741	-0.211207	-0.184235	-0.069774	-0.351805	0.194219	0.290135	-0.319134	0.049258	-0.031234	-0.450461	0.055038	0.080995	0.040366	-0.478321	-0.052752	0.326160	-0.009259	-0.283375	-0.153065	-0.094962	0.165446	0.037975	-0.195670	-0.024436	-0.099348	0.189012	0.370180	-0.159081	0.183379	-0.135003	-0.149291	0.015363	0.077737	-0.148525	0.015819	0.103580	-0.169911	-0.084709	0.197826	0.352063	0.465891	0.106590	-0.352080	0.200822	0.086424	0.512527	0.198003	0.140161	-0.139849	0.124405	0.044931	0.163331	0.059101	0.132559	-0.227934	-0.078520	0.193703	-0.053909	0.221673	0.116615	-0.156498	-0.097901	0.231536	-0.110132	-0.265236	0.124843	0.111184	-0.157509	-0.048140	-0.246086	-0.105444	0.156378	-0.028699	0.028418	-0.000290	-0.043281	0.089523	0.060745	0.085652	0.148733	-0.242666	0.059400	-0.163954	-0.265902	0.005055	-0.159621	-0.111794	0.111345	0.050671
2.343017	1.000660	-0.403213	0.184228	-0.564342	-0.281614	-0.386080	1.096515	0.300831	1.537167	0.396814	-0.623438	-0.360904	-0.315645	0.060745	0.431099	-0.368299	-0.075945	-0.271213	-0.031972	0.211020	0.283602	0.198354	-0.155836	0.391100	-0.061706	0.013105	0.894613	0.138982	0.433559	0.294331	0.016343	-0.157980	0.691948	0.057689	-0.276954	-0.091119	0.219548	0.116636	-0.441605	-0.169235	0.468984	-0.500554	0.287246	0.123325	-0.147662	0.187641	-0.146089	0.055784	0.178572	0.072904	-0.200344	-0.174632	-0.080002	0.033436	-0.259055	-0.320755	-0.083038	-0.072200	0.062556	-0.043340	0.022648	-0.107817	0.407370	0.175270	-0.146751	-0.060326	0.153058	-0.095585	-0.235133	0.198731	-0.037134	-0.197812	0.032416	-0.018520	-0.035301	-0.046520	0.161074	0.199266	0.223340	-0.026645	-0.096750	0.029011	-0.162074	0.266010	-0.289587	0.306248	0.033330	-0.017535	0.035553	0.181677	0.123127	-0.021725	-0.237531	0.138619	-0.028496	0.119950	-0.027330	-0.032361	-0.347545	0.063741	0.121878	-0.166812	0.022678	-0.129176	-0.153923	0.085543	-0.030370	0.023887	0.093095	-0.046103	-0.029817	-0.009317	0.049369	0.030857	0.091215	0.121771	-0.051558	-0.007282	0.060376	0.042544	-0.102496	-0.026511	-0.030633	-0.223570	0.077764	-0.141677	-0.024085
0.557220	1.305326	2.621591	-0.438997	-0.443411	-0.186800	-0.053545	-0.957116	-0.164827	-0.247510	0.236538	-0.741627	-0.192339	0.143890	0.347583	-0.056569	0.409478	-0.636601	0.081623	-0.005257	-0.222275	0.003538	-0.291890	0.311045	-0.411242	0.105261	0.009374	0.096509	0.310171	-0.286354	-0.338695	-0.005899	-0.416241	-0.243548	0.176653	-0.318173	-0.039641	-0.379971	0.152684	-0.281805	-0.106373	-0.142133	-0.017953	0.116565	0.501353	-0.177674	0.062077	0.293665	-0.280063	0.008998	-0.180634	-0.258241	-0.293186	0.010865	0.030336	-0.100639	0.538229	-0.199928	0.288139	0.061024	-0.264833	0.004904	0.096912	0.074428	-0.279444	0.088994	-0.221139	0.141703	-0.378344	0.220449	0.041891	-0.105786	0.104285	0.028256	-0.023756	-0.092172	-0.099100	0.103929	0.036811	0.108913	0.004203	0.180263	-0.172104	-0.223059	-0.107717	0.073639	-0.087018	0.180155	0.127770	0.059605	-0.195598	0.171270	-0.230979	-0.373525	-0.296310	0.063430	-0.079592	-0.123234	-0.096562	-0.091408	0.346390	0.388766	-0.048833	0.235068	-0.133268	0.270245	-0.200109	0.225816	0.086569	0.012389	0.105071	-0.013662	0.107026	0.157205	-0.111301	-0.078662	0.166518	0.051987	-0.010764	-0.037722	-0.354409	0.182363	0.070508	-0.152553	-0.084074	0.010714	-0.088674	0.119563
-1.927728	1.305877	-1.998163	-1.584730	-1.584266	0.443549	0.433309	-0.538621	-0.327435	-0.675095	-0.556053	-0.047071	-0.180236	0.517771	-0.882663	0.120244	-0.403505	-0.517886	-0.687304	-0.501184	0.182902	-0.265668	-0.030556	0.347926	0.513730	-0.283920	0.418748	-0.350444	0.090099	0.488291	0.198597	0.485212	0.346985	0.379376	-0.253359	-0.036900	0.236758	-0.202123	0.081081	0.162599	-0.550564	0.350480	-0.024131	-0.284085	0.386540	0.165960	0.451711	-0.310554	0.083559	0.278327	-0.074418	-0.015133	-0.398985	-0.031874	-0.011165	0.128643	-0.036573	-0.262162	-0.240280	-0.015959	0.062060	-0.200249	-0.060773	0.161301	0.056586	-0.056699	0.056373	0.074760	-0.001354	0.327387	-0.006631	-0.177824	0.431874	0.124643	-0.102648	0.079103	-0.274937	-0.166671	0.003551	-0.124028	0.039371	0.075944	-0.032955	0.083147	0.151529	0.341267	0.114131	0.040721	0.070688	0.142329	-0.166799	0.026956	0.116870	0.057636	0.001310	-0.042772	-0.035062	-0.020607	0.153008	-0.276688	0.093364	0.063711	0.155850	0.025177	-0.487972	-0.173342	0.150706	-0.093988	0.162128	-0.274356	0.081058	0.046249	0.170306	-0.124560	-0.040451	-0.053385	0.184666	0.038855	-0.225450	0.141187	-0.067459	0.054416	0.176487	0.042625	-0.070338	0.092600	-0.112883	0.167705
-1.284871	0.744878	-0.363427	-0.282928	-0.032693	-0.200807	0.108991	-0.106897	-1.019433	0.855662	-0.339660	-1.000414	-0.145004	0.482122	-0.855684	0.274301	-0.528722	-0.000587	-0.824840	-0.260853	0.285254	-0.170268	0.229612	0.045027	-0.523743	-0.198168	-0.135669	0.254479	0.369818	-0.044080	0.077905	-0.294847	-0.019949	0.119026	0.488483	0.297323	0.279362	-0.258853	0.411136	0.054304	-0.138328	0.085007	0.177079	0.055049	-0.121752	0.260799	0.160476	0.034681	0.183641	-0.059232	-0.119939	-0.132050	-0.250417	-0.248946	0.031690	-0.156723	0.116435	-0.077033	-0.011376	0.232334	-0.027390	0.033865	0.070491	-0.188899	-0.129214	0.282241	0.208907	0.234732	0.136599	-0.053384	-0.054595	0.087838	-0.265213	0.246834	0.077966	0.006764	0.010809	0.068234	-0.069732	0.028902	-0.254291	-0.154692	0.216978	0.156364	0.148837	-0.052156	0.190252	-0.136782	0.027395	0.087231	0.075463	0.003863	-0.030753	-0.007330	0.096703	0.259830	-0.029292	-0.010548	-0.072110	0.278841	-0.055247	0.069517	0.058165	0.070290	0.068722	-0.042443	-0.021638	0.083299	-0.134213	-0.006898	0.020595	0.103358	0.052498	-0.019744	0.081327	-0.064288	-0.212242	-0.045319	-0.015585	-0.045131	0.053929	0.104415	-0.037373	0.098245	-0.026814	-0.008113	0.144583	0.150868
-1.003995	-2.619079	-0.497885	1.165810	-1.661816	-0.275809	-0.056842	-0.422986	-0.406123	0.383204	0.567662	-0.064734	-0.147526	-0.247869	-0.148005	0.567243	-0.212152	-0.128518	-0.160509	0.166553	0.237285	-0.490625	-0.420716	0.092554	0.278043	-0.121899	0.174038	0.407197	-0.214322	0.078876	0.025023	-0.284861	0.027392	0.228012	0.010387	-0.152810	-0.134236	0.192186	-0.113156	-0.249624	0.074273	-0.433054	-0.213455	0.248703	0.017348	0.146458	0.068887	0.009964	0.161727	-0.058409	-0.063528	-0.135713	0.194642	0.053895	0.136634	0.185173	-0.119681	-0.076500	0.039700	-0.190939	-0.252328	-0.056903	-0.087212	0.022714	0.300229	-0.196305	-0.066148	-0.209265	-0.139881	-0.126537	0.046128	-0.208832	-0.241823	0.357010	-0.088735	-0.035440	0.043651	-0.054077	0.219741	-0.158675	0.064505	0.214652	-0.069568	-0.041232	0.115450	0.130300	-0.193775	0.099244	0.010939	-0.123980	0.169032	0.127380	0.013657	-0.004041	0.012767	-0.119549	-0.040862	0.019513	0.225174	0.106439	0.303704	-0.042834	0.143873	-0.102569	0.082707	-0.013612	0.090022	-0.085830	-0.085651	-0.205814	-0.037538	-0.179912	0.139770	-0.060409	-0.113806	-0.064515	0.071063	-0.021451	0.147107	-0.004733	-0.117473	-0.058719	0.064189	-0.070634	-0.025919	-0.145849	0.023278	-0.060047
-1.436219	1.312100	-0.667462	1.819549	-1.381264	-0.315124	0.181839	0.250189	-0.365396	-0.922058	0.887961	-0.353541	0.389556	-0.207470	-0.478877	-0.866214	-0.010430	1.448146	0.464961	0.749475	0.598070	-0.765206	-0.498529	0.485783	-0.074845	-0.669107	-0.976269	-0.107574	-0.118814	0.270786	0.246771	0.646397	0.391743	-0.445114	0.578820	0.474826	0.351958	0.589894	0.211509	0.630514	-0.017300	0.021908	-0.736506	0.239092	-0.380096	-0.873267	0.381650	0.426185	0.144531	-0.494260	0.351037	0.153618	-0.768155	-0.040556	-0.335645	-0.503332	-0.011746	0.583654	0.022691	0.153046	0.081054	-0.169061	0.475829	-0.028859	-0.655131	0.089489	-0.076544	-0.440767	0.150205	-0.432345	-0.268851	0.177736	-0.198605	-0.152038	0.051534	-0.104918	-0.286377	-0.011773	-0.506703	0.160126	-0.028069	-0.164238	-0.067513	0.104156	-0.195580	0.138424	0.048080	0.326692	-0.169447	-0.018432	0.163783	0.185859	0.328992	0.135150	-0.091618	-0.334233	-0.172560	-0.138049	-0.063038	-0.088155	0.343894	0.137039	-0.047644	0.004703	0.354884	0.078978	-0.084936	-0.144065	-0.104510	-0.016355	0.106269	-0.178873	0.065094	-0.211929	-0.127093	0.078278	0.057645	0.095657	0.009314	-0.060196	-0.014591	-0.129592	0.098326	-0.018528	-0.155971	0.108419	-0.096525	0.005039
-1.189352	-1.879932	-0.755273	-0.910082	2.267963	-1.085475	-0.815292	0.550475	0.286667	-0.730576	-0.802316	-0.528511	0.127978	0.340453	-0.267504	0.316371	-0.060449	0.513637	0.395662	0.468984	0.696534	0.237672	-0.049253	0.242818	-0.508738	-0.073119	0.290182	-0.368290	0.232247	0.260844	0.238901	-0.357629	-0.239178	-0.413632	0.718613	0.061268	0.341991	-0.015776	0.043830	0.065481	-0.124008	-0.153421	-0.063824	0.469104	0.348571	-0.397443	0.265427	0.117859	0.331154	0.291047	-0.068540	-0.095422	-0.133344	-0.135002	-0.096915	0.260860	0.436747	-0.422711	0.563194	-0.455443	0.304480	-0.047337	-0.421309	0.282845	0.148826	0.220396	0.483528	0.578171	0.240630	-0.474269	-0.062264	-0.434444	-0.383032	-0.323477	0.350071	-0.068791	-0.230589	-0.113356	0.111649	0.108608	-0.064287	0.102815	0.080456	-0.075735	0.205865	0.014839	-0.289713	0.201993	0.229574	0.154457	0.284618	0.000373	0.402036	0.253964	0.043851	-0.087011	0.092279	-0.127161	-0.056072	0.051968	-0.267443	0.226361	0.012618	0.053821	0.079814	-0.018962	-0.023545	-0.118179	-0.112791	-0.191258	-0.175366	-0.081395	0.181717	-0.208418	-0.004241	-0.035011	-0.029005	0.021204	0.023157	-0.045676	0.200043	0.004590	0.118493	0.130512	-0.133604	-0.109214	0.021783	-0.078510
-1.518340	1.309280	-1.130294	-0.063622	-0.802981	-0.840422	-0.630866	0.763903	0.486017	-0.143519	0.179330	0.238579	0.987274	0.339602	0.313765	-0.406220	-0.023312	0.996308	0.016013	0.697101	-0.167091	-0.402132	0.275414	-0.367062	-0.404819	0.303348	0.260228	-0.153519	0.397155	0.245412	0.088301	-0.207543	-0.337595	-0.279984	-0.115130	0.143534	0.123894	0.473253	0.377887	0.106007	0.030185	0.418454	0.192488	0.138500	-0.015158	0.067526	0.003920	0.006065	-0.065792	0.069864	-0.066804	-0.141757	-0.332558	-0.067896	0.250932	0.118931	0.062255	-0.191483	0.017213	0.007640	0.367867	0.157081	-0.040015	0.006098	0.034254	0.128972	-0.062757	-0.084156	0.239090	0.117925	-0.243174	-0.276107	0.185153	-0.031156	0.132359	0.160107	-0.241163	0.014466	-0.135254	-0.019026	0.025643	0.225286	-0.089215	0.222049	-0.349307	-0.079049	0.106870	-0.056790	0.075604	-0.136451	-0.086029	0.370517	-0.096057	-0.027531	-0.151569	-0.108850	0.211884	0.023545	0.045887	0.146164	-0.017327	0.096081	0.109217	0.097319	-0.267576	-0.301441	0.070740	0.171869	-0.165303	-0.062865	-0.221681	0.047344	-0.168214	0.135256	0.005455	-0.301356	0.063452	-0.033268	0.196732	0.094633	0.283998	-0.245698	0.004672	-0.065393	-0.191297	-0.205963	0.110822	0.126665
-1.949636	-2.224646	-0.870000	0.031851	2.297145	0.842326	0.215485	-0.166590	0.166620	-0.099051	0.876172	0.033814	-0.480514	1.050041	-1.049182	-0.396733	-0.596807	0.141697	0.072267	0.752578	-0.251411	0.032149	-0.251316	0.034358	-0.151016	0.898780	0.925785	0.044454	0.342077	0.092978	-0.089636	-0.310989	-0.359824	0.419070	0.628081	0.883985	0.116519	-0.627529	-0.111055	-0.283923	-0.514219	-0.263502	-0.784164	0.025420	-0.184207	0.086728	0.049953	-0.002005	-0.235576	0.237543	0.320251	-0.081329	0.460309	0.262062	0.259544	0.103349	-0.206237	-0.129264	-0.364822	0.133867	-0.403232	-0.436423	-0.092981	-0.202039	-0.251526	0.011741	-0.356361	0.157974	-0.117427	-0.113224	-0.019484	0.247222	0.345869	0.409422	0.407111	-0.293550	-0.147563	0.296166	-0.147591	0.092523	-0.078796	0.043179	0.220115	-0.286813	-0.059768	-0.114646	0.115351	0.126869	-0.224894	0.130781	0.176623	0.101125	0.078360	-0.117906	0.072000	0.307800	0.459999	-0.196947	0.070802	0.182804	0.318318	-0.010468	0.043143	0.139715	-0.193060	0.028172	-0.146930	0.028845	0.142270	0.085352	-0.121980	0.119222	-0.048138	0.263372	-0.189007	-0.020927	0.094335	0.059080	0.040196	-0.080333	0.135661	-0.074819	0.012181	0.091695	-0.124952	-0.206290	-0.124700	-0.050109
-0.001962	0.671409	1.277829	-0.169520	0.371970	1.526761	0.062392	-1.241610	0.398514	0.235134	0.632348	-0.900950	2.034452	0.619054	-0.559135	0.055221	-0.612713	1.417508	0.312363	-0.125996	0.214182	-1.016680	0.466282	-0.635857	0.614040	0.116146	-0.115693	-0.042755	-0.410521	0.354299	-0.275011	0.129303	0.527561	-0.953536	0.507673	0.244504	-0.042090	0.117958	-0.026667	-0.021687	-0.689002	-0.364953	0.099547	0.194208	0.637834	0.274604	-0.444571	-0.262957	-0.100601	0.213340	0.390512	0.187514	-0.357691	-0.423673	0.718433	-0.464859	0.387842	0.187727	-0.161335	-0.062185	-0.593714	0.012264	-0.114881	-0.436296	-0.180337	-0.182099	0.451055	0.088229	-0.052177	-0.124284	-0.127911	0.116760	0.087363	-0.122942	-0.027556	0.241035	0.039593	-0.186164	0.186833	-0.013754	-0.043764	-0.002478	-0.175565	-0.114037	0.033639	-0.121682	-0.144578	-0.072325	-0.192344	-0.118726	-0.183912	-0.152020	-0.119975	-0.238116	-0.233313	-0.276779	-0.123667	-0.109717	0.210272	-0.083751	-0.113682	0.141585	-0.011667	0.043345	0.003100	-0.048356	-0.148213	-0.021209	0.093588	0.286070	-0.070452	0.050316	0.270361	0.107008	0.005206	-0.148040	0.046346	-0.037767	0.121418	-0.066500	-0.025918	0.079717	-0.086809	-0.005030	-0.055964	0.071432	-0.065692	0.056260
-1.074221	-2.922625	0.068161	0.876224	-0.507526	0.332437	0.134044	0.182738	-0.297004	0.214566	0.456509	-0.222760	-0.335318	0.243862	0.477890	0.342931	0.015114	0.251580	-0.225017	-0.115977	-0.022595	-0.280859	-0.156688	0.198254	-0.026076	-0.074122	0.356090	-0.229901	-0.175022	-0.174227	0.249072	-0.117971	-0.271177	-0.304778	-0.027175	-0.147225	-0.202651	0.072245	0.032058	-0.034955	-0.140577	0.123215	0.180572	0.020571	0.089863	-0.249847	-0.122110	0.010571	0.157759	0.083401	-0.099708	0.092953	-0.023653	0.005583	0.135416	0.053292	-0.047696	-0.023439	0.070877	-0.226105	-0.206272	-0.040976	-0.049198	0.217365	0.160780	0.047657	-0.222279	0.097384	0.059312	0.069255	-0.031833	-0.163064	-0.023893	0.136547	-0.084541	-0.106814	-0.139279	-0.033201	0.013412	0.211402	0.036727	-0.093176	0.015866	-0.153787	0.113289	0.067781	-0.041321	0.011353	0.053772	0.138964	0.033026	0.097925	0.209562	-0.142283	-0.026186	-0.043616	-0.014980	-0.092486	0.078024	-0.140343	0.022461	0.012944	-0.152598	0.142750	0.066536	-0.024376	-0.140405	-0.173607	0.020616	0.210419	-0.122827	-0.019317	0.001350	-0.132196	0.119942	-0.002594	-0.205166	-0.063810	0.009659	0.169713	-0.096275	-0.001424	-0.002999	0.143002	0.039715	-0.002750	0.025354	-0.217463
-0.600323	1.228998	1.760039	0.398948	0.799420	0.443318	-0.056579	-0.540163	-0.912715	-0.963931	0.818281	-0.241815	1.425462	-0.003407	0.583690	-0.074900	-0.366089	-0.739181	-0.818325	-1.026671	-0.113278	-0.510767	-0.060630	0.243990	-0.103980	0.539169	0.618495	-0.223675	0.009873	0.558239	0.037301	-0.215333	-0.230030	-0.582769	0.254690	0.140578	-0.234152	0.218349	0.072124	0.001139	0.330241	0.379232	-0.040825	0.022154	0.240682	-0.278992	-0.438694	0.786104	0.279771	0.062051	-0.458307	-0.546429	-0.110277	-0.216323	-0.158206	-0.153126	-0.414919	0.248944	0.000097	-0.440295	-0.427329	-0.419141	0.123384	0.535426	-0.031418	-0.043477	-0.483957	-0.123240	-0.160379	-0.034870	0.389174	-0.408454	0.043914	-0.687513	0.206175	-0.279768	-0.248558	0.289271	-0.096724	0.189545	0.055246	-0.448738	0.024001	0.041934	-0.007752	0.176362	0.234637	-0.230165	0.030724	-0.231035	-0.069320	-0.115324	-0.311319	0.042878	-0.031347	0.016496	0.077164	0.020674	0.012682	0.281039	-0.177926	-0.016736	0.046465	-0.123366	-0.024560	-0.052744	-0.009500	-0.060426	0.027847	0.013982	0.438340	-0.190462	0.067737	0.035128	0.215361	-0.230089	0.251380	-0.136800	-0.016304	0.017400	0.280742	-0.076845	-0.208542	0.018466	0.141532	0.024948	-0.072133	-0.213132
0.617929	1.267457	-0.919451	-0.671315	-1.242816	-1.339756	1.077558	-0.648654	0.354455	0.091343	0.391241	-0.411976	0.835793	0.148590	0.816895	-0.505516	-0.715179	0.263240	0.540267	0.052531	0.331038	-0.402854	0.274859	0.367664	0.449283	0.402751	0.440765	0.029343	-0.142945	0.252752	-0.236364	-0.539931	-0.238068	-0.233988	0.247940	0.230493	0.380121	0.216055	-0.512766	0.595721	-0.246533	0.115427	0.056524	0.152947	0.152315	-0.142442	0.414634	0.515682	0.111359	-0.202481	-0.436718	-0.173018	0.020833	0.358649	-0.008191	0.264020	-0.164847	0.086070	-0.253014	0.092582	-0.261898	0.015067	0.133573	-0.111036	0.129562	0.262146	0.454216	0.112637	0.186046	0.113528	0.022979	0.098105	0.228897	-0.239592	0.332032	-0.026633	-0.210386	0.112885	0.157372	-0.139829	-0.005192	0.012394	0.157312	0.087364	-0.097149	0.287777	0.071253	0.229464	0.046049	-0.238480	0.134188	-0.059834	-0.223391	0.005556	-0.109080	-0.040212	0.041286	0.083799	-0.039263	-0.013408	0.031811	0.101752	0.101645	0.165076	-0.027849	-0.148529	0.096873	0.174053	0.240754	0.183659	-0.167600	0.260687	0.023331	-0.068841	-0.012427	0.079402	-0.066757	-0.151262	0.100084	0.062381	-0.176703	0.090155	0.062141	-0.020135	-0.035831	0.019134	0.225171	-0.068241
-1.461395	1.652663	-1.192708	0.148216	-1.254040	-1.873447	-0.867794	1.444826	0.221345	0.107921	0.124520	0.601694	0.469841	0.389627	0.443294	-0.110329	0.278316	0.426556	0.008893	0.168495	-0.841866	-0.745526	0.357931	-0.124575	-0.354476	-0.431845	-0.426749	-0.358101	0.593245	0.066066	0.570766	-0.321153	-0.539211	-0.332623	-0.285911	0.322840	-0.205515	0.187368	0.333410	0.053400	-0.340999	0.377894	0.138267	-0.120995	0.177469	0.276013	0.129738	-0.025966	0.155409	-0.298986	0.850710	-0.234421	-0.109541	0.168852	0.127418	-0.690175	0.030773	-0.359626	0.331248	-0.214135	0.032176	-0.029406	0.174865	0.403728	0.238511	-0.337490	-0.092219	-0.100692	0.498152	0.099914	-0.180245	0.143730	0.123105	0.368305	0.131894	0.038130	0.362234	0.240846	0.194317	-0.007201	0.083635	-0.371989	-0.040792	-0.305422	-0.115902	0.276741	-0.345779	-0.415435	0.074890	0.187624	0.017368	0.062409	0.238486	-0.014314	0.074409	0.076719	0.126358	0.179174	0.084307	0.070346	0.004280	0.150164	0.135003	0.039576	0.013485	0.036717	0.107426	0.258953	-0.004922	0.038264	0.014563	0.032937	0.114958	-0.137481	-0.111689	-0.174606	-0.057744	-0.030089	0.039962	-0.225459	-0.069650	-0.039900	-0.043943	0.005316	0.031894	0.028111	0.072105	-0.088539
2.437366	1.139476	-0.113653	1.169962	1.054616	0.986039	1.116757	-1.459288	0.367496	-0.446938	-0.773299	0.258424	0.887271	0.063726	0.070935	1.533696	-0.518059	1.898047	0.512566	-0.406850	0.000877	0.084375	-0.368588	-0.172256	0.002885	-0.069028	-0.430323	0.077713	0.077864	-0.224163	0.531633	0.645328	0.369053	0.093633	-0.174905	0.026047	0.277508	-0.271869	-0.068876	0.006502	0.199329	-0.156157	0.060771	0.471449	0.091706	-0.094844	0.599722	-0.042269	-0.312968	0.216078	0.246055	-0.034954	0.048915	0.534229	0.507723	0.393198	0.016327	-0.316663	0.079306	-0.051191	-0.348804	0.044885	0.390404	0.236468	0.083893	-0.129286	0.218839	0.057929	-0.424975	-0.080986	-0.109791	-0.156135	0.225235	0.263789	0.141294	0.224672	0.154373	0.051911	0.356671	0.152191	0.139161	-0.258242	0.207028	0.122692	-0.287334	0.090389	0.258663	0.034972	0.037091	-0.099384	-0.070850	-0.016641	0.204925	-0.085264	0.061232	0.478709	0.090710	0.181840	-0.101535	-0.120849	0.121670	-0.191673	-0.035431	0.285031	-0.022164	-0.095494	-0.010367	0.201657	0.165356	0.058327	-0.000339	0.010758	0.025934	0.061430	0.283959	0.203902	-0.016282	-0.265876	-0.151758	0.226705	-0.044334	-0.132813	0.007037	-0.183220	0.055529	-0.199742	-0.052591	-0.080732
-1.095977	-2.541744	0.021842	0.977853	-1.488705	0.600384	0.131849	-0.148983	-0.645297	0.225726	0.070256	0.315684	-0.008280	-0.063285	0.329979	0.067372	0.128063	0.245668	-0.173029	-0.020200	-0.009247	-0.116286	0.275956	-0.328377	0.305266	0.197918	-0.136768	-0.065750	-0.037348	0.167425	-0.155090	0.016732	-0.099493	0.015882	0.052669	0.133706	-0.001041	-0.098960	0.099006	0.338266	0.021942	0.030121	-0.093784	0.022632	-0.002061	0.196660	0.196999	0.115807	-0.048610	-0.436794	0.097492	-0.295479	0.060852	-0.114771	0.085997	-0.026591	0.425798	-0.433483	-0.037548	0.357762	0.108065	0.040265	-0.134030	-0.134011	0.254428	0.161801	-0.131264	0.002876	-0.098749	-0.116798	0.090835	0.048451	-0.003831	-0.098573	-0.076079	0.000509	-0.090058	-0.258807	0.057847	-0.106544	-0.146155	0.166127	-0.011538	-0.026494	-0.159992	-0.140782	-0.196116	0.213199	0.162152	0.042290	-0.087592	-0.004419	-0.076324	0.104308	-0.183065	-0.188974	-0.126907	0.062850	0.028206	0.195241	0.031536	-0.029639	-0.201799	-0.196683	0.095153	-0.021225	0.027016	0.052159	0.054202	0.006453	-0.146713	0.094991	0.068283	-0.015099	-0.018125	0.014163	0.077362	-0.053925	0.033181	0.068831	0.074149	0.082833	-0.044094	0.053286	-0.199391	-0.047366	-0.073071	-0.098169
-1.535518	0.886700	0.402064	-0.666813	1.076803	2.440895	1.071635	-0.296137	-1.203756	-0.032560	-0.634684	1.035496	0.812502	0.023388	0.917555	0.899846	-0.435785	0.026437	1.207253	0.457152	-0.812076	0.243581	-0.014997	1.203619	0.686219	0.820352	0.397078	0.489839	-0.071716	-0.488498	0.014209	-0.188391	0.127653	0.368325	0.723943	0.319670	0.247466	0.053379	0.350988	0.003252	0.096123	0.127318	0.581779	-0.273735	-0.004167	0.411224	-0.179752	-0.050615	-0.130294	0.437259	0.285806	-0.457172	-0.363425	0.170424	-0.451433	-0.308223	0.211149	-0.058752	0.149548	0.289412	0.387124	-0.315202	0.242597	0.200568	-0.031955	0.189458	0.120129	0.000604	-0.019518	0.338153	0.374812	0.055603	-0.050050	0.124517	-0.268979	-0.017659	0.230473	-0.014367	-0.027904	-0.087620	0.145141	0.122735	0.226026	-0.372081	-0.236562	0.147796	0.118390	0.131784	0.106269	-0.393064	-0.039305	0.239116	0.335341	-0.270885	-0.097869	-0.349875	-0.325342	0.055874	0.016523	-0.254693	0.019848	-0.163496	0.035710	-0.164939	0.200050	0.142308	0.290880	-0.011488	0.092256	-0.022806	0.062534	-0.306536	-0.148528	-0.069849	-0.141349	-0.000128	0.165028	0.111924	0.022460	0.019787	0.120604	-0.098459	0.127161	0.099407	-0.128093	-0.286388	0.100700	0.183464
0.144186	0.952624	1.454990	-0.182060	0.179777	0.995933	-0.466887	-1.028352	-0.261114	0.992474	-0.352228	0.278860	-0.070978	-0.745315	-0.392670	-0.869308	0.381025	0.337810	-0.193475	0.486208	0.384311	-0.716463	0.232939	-0.203817	-0.055561	-0.036020	0.201245	0.215746	0.702782	-0.369815	0.036547	0.200500	-0.329682	0.138356	0.675301	-0.193489	0.515706	0.243760	0.011868	-0.513543	0.661698	0.117453	0.573658	-0.308489	0.049331	0.001079	-0.152781	0.221500	-0.103893	-0.095961	0.368081	0.018438	-0.278461	-0.172559	0.302276	-0.161800	-0.651235	-0.353666	0.104708	0.211065	0.043879	-0.061840	0.363147	-0.129279	0.087573	0.108915	-0.208008	0.091389	-0.011250	0.089744	0.488231	-0.009074	0.133060	0.286184	0.003706	0.121032	0.189548	-0.062691	0.256279	0.111748	0.101263	0.158092	-0.065208	-0.319544	0.140564	0.099457	-0.097395	-0.171090	-0.160549	-0.025191	-0.041937	0.106601	0.205113	0.529501	0.027709	-0.017851	0.267792	0.195501	0.116880	0.057965	-0.196919	0.357332	0.007705	0.192195	0.006054	0.020082	0.064558	-0.098818	0.001217	0.088839	-0.086590	0.077858	0.152782	-0.191860	0.155911	0.054856	-0.080326	0.049311	-0.054660	0.020195	-0.035277	0.006151	-0.124643	-0.208206	0.271216	-0.104974	-0.264484	-0.045136
0.190925	0.979859	1.696195	-0.103752	0.745944	0.143802	-0.066203	-1.103650	0.339368	-0.004890	-0.297730	-0.413981	-0.082539	-0.123536	0.402637	0.209348	0.232048	0.072674	-0.195140	0.337490	-0.553504	-0.408399	0.177555	-0.778384	0.424270	0.397310	0.133578	0.520618	0.957026	0.167972	0.790735	0.237264	0.158529	-0.053638	0.562890	-0.638270	0.613959	-0.572142	0.269261	0.022514	0.576018	0.154440	0.028977	-0.289888	0.113088	-0.229879	-0.391530	0.083393	0.106160	-0.144294	0.645926	-0.293913	-0.309699	-0.304059	-0.069774	0.459032	0.117498	-0.467070	-0.259473	-0.366942	0.101170	-0.184217	0.506637	-0.230651	0.138009	0.209377	0.132450	-0.202779	0.299123	0.097717	0.224669	-0.413720	-0.309942	0.094932	0.065143	-0.134710	-0.118949	0.143326	0.062676	-0.364455	0.356114	0.194285	0.021651	-0.339006	0.136892	0.162984	0.149704	0.015196	-0.034640	-0.029416	-0.149090	0.140038	-0.203449	0.035376	-0.148981	0.193676	-0.036770	-0.177231	-0.049396	0.047617	-0.125791	-0.147633	-0.142279	-0.099986	0.167355	-0.045747	0.017434	0.007222	-0.028389	-0.007114	0.295242	-0.128976	0.053063	-0.078250	-0.058210	-0.031837	-0.117515	0.085262	0.178507	-0.036087	-0.057379	0.045761	-0.099280	-0.153109	0.218856	0.142907	0.129939	0.099056
-0.016214	-0.976468	1.872264	-1.548045	-0.790124	-0.511295	-0.181032	-0.192077	0.344943	0.087208	0.367538	0.553822	-0.622669	-0.252056	0.362133	0.521680	-0.113694	0.133958	-0.083492	-0.568128	0.136020	-0.074217	-0.159724	0.420717	0.068219	0.004648	-0.273694	-0.014644	0.257009	0.271287	-0.486921	-0.023439	0.110227	-0.187933	-0.392294	-0.205698	0.338474	-0.277898	-0.253117	0.328396	-0.054608	-0.157382	0.271040	-0.186969	-0.279726	0.193874	-0.149893	-0.028987	-0.055469	0.015392	-0.058105	0.068900	-0.029654	0.000512	-0.309962	0.057867	0.158761	-0.024235	-0.155818	-0.124103	-0.542793	-0.052213	0.111995	-0.062092	0.122956	0.409231	-0.075579	-0.054756	-0.261997	0.007148	-0.024855	0.158469	0.065741	-0.138432	0.076914	0.136136	0.095209	-0.255192	0.087598	-0.095817	-0.154933	-0.172964	0.149309	-0.082697	0.102924	-0.099465	-0.030235	0.012737	-0.257642	0.334160	0.040776	0.031789	0.141188	-0.282031	0.033796	-0.109651	0.169587	-0.048208	0.015882	0.139546	0.141482	-0.026157	0.075038	-0.067097	-0.086605	-0.261201	0.119279	-0.185723	-0.039645	0.033868	-0.077451	0.064819	-0.083898	-0.027182	-0.175954	-0.071877	-0.107169	0.130589	0.095581	-0.051341	0.136546	0.066330	0.013619	0.027839	-0.123013	-0.030432	-0.212716	-0.042179
2.312842	-0.948214	-1.944271	0.378465	1.420413	-0.251887	0.815271	0.971691	-0.575581	0.065734	-0.312870	0.024333	-0.379441	0.014221	0.589630	0.089508	-0.346735	-0.154622	0.101961	0.156520	-0.394724	-0.618961	-0.116989	0.156360	-0.203833	-0.475610	0.053126	-0.219269	0.330112	-0.074291	-0.562579	0.350953	0.484593	-0.168641	-0.162306	-0.099911	0.411453	-0.245053	0.055404	0.149366	0.127307	0.467267	-0.248377	0.014201	-0.073935	0.155456	-0.137643	0.645283	0.032086	0.209030	0.347247	0.131892	0.045107	-0.246566	0.451051	0.236797	-0.386396	0.048773	-0.056078	0.002000	-0.221967	0.265483	-0.049065	0.433579	0.055707	0.022760	0.071111	-0.219947	-0.130266	0.184333	0.030615	-0.048193	0.023603	-0.180335	-0.027101	-0.342449	-0.007703	-0.340217	0.004651	0.030948	-0.268010	0.330414	-0.180181	0.144942	-0.158922	0.075248	-0.066221	-0.379897	-0.130504	0.053255	0.037383	0.002292	0.277940	-0.063327	-0.219432	0.068040	0.122835	0.114736	0.038266	-0.044038	0.046574	-0.059928	0.075465	-0.095060	0.083979	-0.227778	0.021419	-0.169855	0.020502	-0.089441	0.111374	0.034875	-0.119912	-0.097939	-0.092694	-0.041002	-0.071314	0.104861	0.071583	0.307878	-0.167877	0.120313	0.106447	0.030772	0.146363	-0.136108	-0.015051	-0.042602
2.127071	-0.715973	-0.188672	-1.337355	0.796390	-0.747483	0.211373	-0.110977	0.150384	0.575950	-0.880611	-0.084572	0.096769	0.073847	0.892053	-0.587433	0.069952	0.223190	0.059364	0.146839	0.076311	-0.693738	0.409470	0.415739	-0.053135	0.206951	0.362336	0.403770	-0.566138	0.206653	-0.068290	0.039527	0.178215	0.113531	0.317483	-0.110375	-0.158399	-0.200365	0.258840	0.192720	0.433682	0.261647	-0.087433	-0.231124	-0.187713	0.258618	0.061585	-0.017722	0.146573	0.219783	0.150034	-0.085910	0.246509	-0.287869	0.129082	-0.044331	0.246945	-0.376888	-0.631822	-0.399704	-0.117028	-0.030094	-0.228784	0.244944	0.197139	-0.380529	-0.237425	-0.479094	-0.352014	-0.165058	0.102267	0.247248	0.005123	-0.356612	0.089742	-0.027750	-0.045955	0.095439	-0.109040	0.305497	0.247511	0.075657	-0.333422	0.380667	-0.178517	0.100186	0.326384	-0.408844	-0.119388	0.286851	0.048404	0.171587	0.364586	-0.215194	-0.025511	0.158601	-0.151439	-0.102109	-0.042416	0.107934	0.100236	0.217928	0.110559	0.003602	0.009706	0.133758	0.141155	-0.079470	-0.062171	-0.107417	-0.068433	0.278860	0.151128	0.073209	-0.129661	-0.100660	-0.071900	0.213488	-0.206386	-0.076739	-0.061600	0.008939	0.063402	-0.106434	-0.092545	0.151789	0.050231	0.104058
-0.656435	-2.651694	0.052051	1.052397	-1.541317	0.655985	-0.323622	0.011352	-0.444907	0.470061	-0.142214	-0.127410	-0.042550	-0.596044	0.173297	0.168618	0.271370	0.479970	-0.326247	-0.280541	0.075581	-0.437160	0.161350	0.227640	0.043893	0.144055	0.040384	-0.001432	0.200188	-0.034050	-0.327265	-0.240072	0.146060	-0.041089	-0.108925	0.034102	0.177956	-0.267775	0.010915	0.099378	0.269809	-0.011466	-0.082127	0.100106	-0.226540	0.093563	-0.169512	0.403704	0.144176	0.389879	0.151754	0.139674	0.099250	-0.111998	0.066185	0.143631	0.048867	-0.250241	-0.121958	0.068932	-0.060939	-0.110964	-0.060070	0.071238	0.126506	0.204984	0.143301	-0.279976	-0.207205	-0.061846	0.167601	0.051271	0.024775	-0.327594	0.040819	-0.051136	0.098315	-0.005202	-0.108427	0.016330	0.018297	0.081235	0.012494	0.177910	-0.141776	0.062192	-0.028686	-0.114617	-0.085520	0.199676	0.029242	-0.135421	0.179526	-0.207247	-0.254233	0.067792	-0.023355	0.064908	-0.145702	-0.040833	0.015248	-0.188048	-0.195594	-0.149140	-0.017934	-0.019954	-0.094690	-0.114854	0.122397	0.062150	0.106663	-0.086850	0.067621	-0.007394	0.046265	0.085290	-0.068179	-0.010991	0.076438	-0.041278	0.035605	0.079703	-0.016307	0.106146	-0.040288	-0.146598	-0.231014	-0.021700
-1.025605	-2.707406	-1.239014	0.404774	-0.361763	0.323418	-0.800718	-0.267843	0.003886	-0.838559	-0.356078	-0.541153	-0.891531	-0.402782	0.144150	-0.139623	-0.370537	-0.885497	1.087595	0.380174	0.303373	-0.642923	0.484714	-0.480422	-0.552109	-0.430402	0.143126	-0.327034	0.092177	-0.103805	0.226736	0.095435	-0.247623	-0.345876	0.352709	0.397191	0.599925	-0.550401	0.548982	-0.672275	-0.028640	0.182600	0.189173	0.344689	-0.020627	-0.326864	-0.115644	-0.187308	0.120202	0.253887	-0.317025	0.031257	-0.129827	0.171746	0.162916	0.660261	-0.327193	0.409020	0.130993	-0.196569	0.045269	-0.180671	0.388723	-0.130710	0.496035	-0.395456	0.571994	0.040540	0.241705	0.544833	0.145903	-0.029174	0.198467	-0.063916	-0.140087	0.040355	0.264883	-0.071123	-0.260875	0.388179	-0.167393	0.245115	0.059973	0.185436	-0.167216	-0.273755	-0.276038	0.169809	0.014577	-0.083551	0.289936	-0.130912	0.067271	-0.216420	0.142513	-0.223914	0.331677	-0.207071	0.256551	0.123360	0.090704	0.078363	-0.082893	0.052802	0.053194	0.091255	0.000707	0.140107	0.177249	-0.276262	0.235850	-0.008148	-0.127971	0.001366	-0.076893	-0.020140	0.127127	0.077502	-0.054149	-0.205713	0.084553	0.203913	-0.070472	-0.021879	0.010001	0.045370	0.064650	-0.132250
-1.663539	0.068233	-0.209134	-0.921623	0.242636	0.132250	-0.523038	0.833024	0.503439	0.574524	0.283615	-0.356133	-0.093344	-0.289676	-0.069080	0.298156	0.080004	-0.291263	0.209739	-0.667214	-0.387790	-0.010498	-0.040954	-0.105027	0.030225	0.020479	0.014038	0.327645	0.200232	0.097377	-0.063299	-0.232068	0.634068	-0.025231	0.200065	-0.206710	-0.078461	-0.329176	0.483236	0.022932	-0.106207	-0.084318	0.096781	0.168249	0.146200	-0.371075	0.222677	-0.023951	0.126540	0.340697	0.189504	-0.101563	-0.208404	0.086515	0.143376	0.260569	-0.060177	-0.285533	-0.207611	-0.069942	0.187939	0.223098	-0.186444	-0.015794	0.155070	0.187222	-0.091520	0.019030	0.054470	0.024201	0.231186	0.016732	0.244376	-0.034919	-0.110300	0.123160	-0.160959	-0.304149	-0.110838	-0.032541	0.116214	-0.122729	-0.065892	-0.018585	-0.127640	0.008375	0.142647	0.130965	0.010528	-0.006083	-0.147215	-0.180321	0.120424	0.146774	-0.187458	0.124363	-0.135056	0.079136	-0.041178	0.138825	0.026676	-0.167860	-0.169797	0.183273	-0.127573	0.039590	0.153496	0.074336	-0.032374	0.022306	0.133347	0.060023	0.009553	-0.114592	0.007570	0.046440	-0.120790	-0.127254	0.118949	-0.117755	0.041938	0.056884	0.036977	-0.026107	-0.113285	0.125293	-0.177474	0.098317
-0.747303	-2.635883	-0.122093	1.426072	-0.850070	0.569664	0.617451	-0.001152	-0.480392	0.453415	0.382375	0.023484	0.116646	-0.009220	0.436065	0.335835	0.045527	0.201114	-0.450604	0.364315	0.259627	0.235655	0.386200	-0.562614	0.100239	0.014289	-0.246578	0.364437	-0.317834	-0.163503	0.184711	0.224273	-0.065650	-0.112975	-0.335249	0.376488	-0.346739	0.235644	0.400019	0.282234	-0.157752	0.119459	0.065943	-0.105240	-0.174669	0.000317	-0.227273	0.123426	-0.075423	-0.286731	-0.005561	-0.291972	-0.286289	0.010224	-0.116583	0.151535	0.012537	-0.201223	-0.055778	0.132778	0.088440	0.193606	-0.036767	-0.336106	-0.005302	-0.232771	-0.169948	-0.332256	0.175884	-0.083126	0.049652	-0.085665	0.113713	-0.003739	0.197903	0.252793	-0.326326	0.017785	0.212715	-0.032166	0.027352	-0.095394	0.196621	-0.155986	0.208388	0.028561	0.181056	-0.116388	0.029909	-0.109572	-0.184884	0.056461	-0.072180	-0.064416	-0.062428	-0.218821	0.085015	0.107048	0.219232	0.173264	0.110826	0.037884	0.149515	0.002838	0.054622	-0.000708	-0.120892	-0.001757	0.090914	0.030311	-0.072663	-0.174938	0.042719	-0.232585	0.093576	0.122629	-0.086669	-0.161860	-0.086968	0.004549	-0.047091	0.130913	0.018556	0.196971	-0.017730	-0.127796	0.033558	-0.053094
-1.379865	-2.897481	-0.957696	1.360216	-0.663194	-0.102184	0.210761	0.081638	0.081913	0.240990	0.036259	0.243178	-0.269524	-0.054311	0.587730	0.320061	-0.026715	-0.058005	-0.308923	0.369974	0.617152	-0.032055	0.149523	-0.247375	0.190081	-0.044980	-0.264816	0.207780	-0.268450	-0.005206	0.296357	0.275775	-0.247975	-0.179601	-0.123684	0.615394	-0.241198	0.025937	0.322513	0.127205	0.126724	0.159319	-0.051914	-0.062163	-0.128702	-0.199010	0.010257	-0.049604	-0.168934	-0.335013	-0.055352	-0.398104	-0.078109	0.260909	-0.137838	0.072973	-0.047015	-0.079962	0.114758	-0.156012	-0.059762	0.155222	0.330328	-0.299975	0.002136	-0.146176	-0.137447	-0.050921	0.132543	-0.015932	-0.165159	-0.148900	0.336368	-0.200040	0.277026	0.137204	-0.197534	-0.290294	0.242834	0.161231	-0.049057	0.222516	0.023641	0.156114	0.108534	0.224666	0.105007	0.000992	-0.283898	0.089652	-0.027567	-0.062146	0.131929	-0.123820	0.031312	-0.066242	-0.012707	-0.045468	-0.133145	-0.136516	0.361316	0.104529	0.016783	-0.083258	0.019522	0.145866	0.048516	-0.044199	0.099022	0.255406	0.182711	0.025330	-0.088514	0.018306	-0.092736	0.005116	0.197682	-0.138067	-0.117636	-0.026465	-0.282462	0.013737	0.016361	0.003056	0.100434	-0.072734	-0.003329	-0.027502
-0.815189	-2.447324	0.166584	1.052120	-0.491435	0.461265	0.231295	0.001307	0.016365	0.182874	-0.082038	-0.446692	-0.092186	0.049660	0.461707	-0.211455	-0.221860	-0.127009	0.365170	0.301867	-0.325569	0.058893	0.108993	-0.649686	-0.398853	0.008652	0.264807	0.052200	-0.290256	-0.640537	-0.134656	0.213011	-0.158798	-0.168531	-0.058673	-0.080912	-0.022146	-0.247642	0.072488	0.055747	0.310494	0.113847	0.042425	-0.046742	0.021441	-0.253041	-0.039398	0.006742	-0.100249	-0.026233	-0.251593	-0.356237	-0.213897	-0.234294	0.101431	0.120471	-0.171501	0.025446	-0.037954	-0.193557	0.071874	0.199468	0.029679	0.005245	0.008516	-0.152833	0.073411	0.153653	0.109626	-0.132174	0.071738	0.173003	0.087641	-0.062356	0.089221	-0.071631	-0.204524	0.077674	0.072926	0.019424	0.060047	0.054683	0.224513	0.130679	-0.053345	-0.142677	-0.119091	0.096030	0.011632	-0.021347	-0.086642	-0.084860	-0.053129	0.027794	-0.092133	-0.078627	0.075679	0.061598	-0.061992	-0.052794	0.136331	0.004389	-0.044078	-0.115947	-0.035176	-0.160146	-0.017332	0.036808	0.049759	0.038267	-0.098806	0.050426	-0.214886	-0.119461	-0.091937	0.094482	0.071297	0.106568	0.017628	-0.117764	0.134957	-0.063354	0.082671	0.078579	-0.007082	0.129024	-0.059005	-0.050277
-0.678647	-2.539497	0.527471	1.694529	-1.207802	0.752827	0.369788	-0.294942	-0.390542	0.021278	-0.122969	-0.473557	0.224704	-0.261944	0.290942	0.068968	0.012025	-0.335277	0.257835	0.164359	-0.116983	0.022227	0.109224	-0.454543	-0.268431	0.169890	0.188149	0.090315	-0.309117	-0.279637	-0.284136	0.278996	-0.084862	0.136137	-0.248111	-0.352399	-0.079738	-0.340875	-0.143436	0.069160	0.095894	-0.004419	0.255635	-0.034729	0.059971	-0.154617	0.052961	-0.203878	0.097639	-0.105190	0.014020	-0.237633	-0.092847	-0.175751	0.036828	-0.005292	-0.186605	-0.022718	0.077003	-0.173028	-0.002937	0.231039	0.080172	-0.022870	-0.219089	-0.324604	0.200075	0.029250	0.220658	-0.145622	-0.035225	0.302509	0.192976	0.060275	0.099370	0.038823	-0.009565	0.053895	-0.066795	0.039279	0.136293	-0.176181	0.067904	0.073451	0.072970	-0.047201	0.022126	0.077971	-0.140308	-0.067692	-0.078237	-0.113606	-0.140435	-0.004132	0.001620	0.180386	0.078526	0.108429	-0.043133	-0.135955	0.031140	0.035475	-0.023298	0.008916	0.067963	-0.155557	-0.062066	0.072357	0.057862	0.148440	-0.121105	0.000542	-0.195786	-0.143667	0.025267	0.056168	-0.034364	-0.048079	-0.163429	-0.062198	0.121830	-0.119055	0.117730	0.149789	-0.017530	0.124429	-0.157088	0.173385
-1.815073	-1.326169	0.155029	-1.173503	1.924796	-0.080962	-0.539197	0.298798	0.839056	0.419452	1.358675	0.398595	-0.376389	0.269984	0.005694	0.039075	-0.198089	-0.134051	0.087367	-0.152536	0.704672	-0.034300	-0.142278	-0.436700	0.202571	-0.487685	0.433058	0.131934	0.141502	-0.208070	-0.027855	-0.022063	0.166701	0.005052	-0.130279	0.163823	0.106275	0.617031	-0.179188	0.004712	0.698788	0.569497	-0.333168	0.296646	0.317018	0.194974	0.465035	-0.047374	0.227473	-0.138890	0.339435	-0.235929	-0.297569	0.083223	-0.318225	-0.212198	0.240805	-0.040172	0.026533	0.015328	0.063179	-0.157498	0.302040	0.015228	-0.258295	-0.177585	0.048123	-0.060909	-0.310432	-0.078103	-0.080275	-0.015296	-0.038665	0.105252	0.124985	0.135956	0.470825	0.305794	-0.086327	-0.206654	0.169934	0.253166	-0.066412	0.243441	-0.230160	0.020193	0.186321	-0.167981	-0.133521	-0.077552	0.274373	0.021717	-0.197775	0.087005	-0.004772	-0.093799	0.274576	0.086115	-0.190077	-0.056676	-0.129052	0.147722	0.021905	-0.025320	-0.157507	0.073902	0.116393	0.097905	0.132464	0.158416	-0.089694	-0.061387	-0.098602	-0.353204	-0.020448	0.122907	0.025062	0.012934	-0.092645	0.112356	-0.006835	0.250451	-0.069351	0.029482	0.151137	0.235662	0.045800	0.356369
-1.891075	0.751978	-0.667659	2.507722	2.509059	-0.551763	-0.029773	-0.599005	1.039174	-0.356291	-0.445619	0.811303	-0.662025	-0.911872	-0.394932	1.038983	0.543970	0.452172	-0.057927	-0.149443	-0.419510	0.230111	-0.043483	0.077751	0.646948	-0.381040	-0.141259	0.134607	-0.203484	-0.880967	-0.072705	0.056926	0.497685	0.607413	0.199833	0.432039	0.206660	-0.133172	0.500569	-0.008680	-0.749019	0.057904	0.186908	-0.419428	-0.106643	0.295754	-0.244167	0.207099	0.042480	-0.335938	-0.113353	-0.448671	0.019327	0.166078	0.161306	-0.319834	0.195846	0.304742	-0.151915	-0.585815	0.103041	0.063387	-0.581310	-0.485390	0.349003	0.006788	-0.212855	0.230237	-0.196910	-0.049727	-0.071275	-0.012720	0.266445	-0.570961	0.355661	-0.439236	0.246750	0.321214	-0.196473	-0.046371	0.089552	0.309167	0.131987	0.091906	0.237548	-0.050511	-0.021547	-0.030080	-0.151835	-0.160681	-0.085974	0.011472	0.123143	0.089424	0.097308	-0.173318	0.083885	0.170482	-0.010643	-0.188913	0.050382	0.273694	-0.194800	0.118660	0.017668	-0.083602	-0.292649	0.234804	0.120144	-0.005103	0.169054	-0.247783	-0.184896	-0.140681	0.417529	0.012711	-0.059225	-0.003255	-0.009411	0.276005	0.111923	-0.148926	-0.091595	-0.020206	-0.173277	0.292020	-0.009950	0.088195
-1.025241	-2.934038	0.214058	1.283815	-1.528300	0.348181	0.392537	-0.176756	-0.240214	0.206762	0.148004	-0.151989	-0.031518	-0.256496	-0.147639	0.416076	-0.253005	-0.182932	0.008047	0.194962	0.038350	0.001169	0.112233	-0.511309	-0.149356	0.012300	0.171804	0.000458	-0.328991	-0.247100	-0.044024	0.192993	-0.000507	0.177144	-0.004568	0.153729	-0.098730	-0.273687	0.091128	0.251943	0.252050	-0.259122	-0.003331	0.117779	0.048233	0.057431	-0.032636	0.066126	0.068060	-0.041192	-0.092117	-0.472607	-0.030152	-0.055074	-0.052114	-0.116129	-0.011019	-0.318683	-0.030997	0.012158	0.027135	-0.035286	0.004531	-0.125139	0.149155	-0.108215	-0.259324	-0.146269	-0.062319	0.047414	0.057686	0.069779	-0.022323	-0.033253	0.056914	0.051507	-0.037208	-0.125247	0.318695	-0.060625	-0.147071	-0.139848	-0.020068	0.128996	-0.010780	-0.052391	-0.035369	0.205388	-0.079667	-0.057682	0.075931	-0.099816	0.026229	-0.004332	0.021013	0.012905	-0.105615	-0.003363	-0.014856	0.114702	-0.087514	0.182488	-0.061587	0.008857	-0.083396	0.016404	0.061793	0.103124	0.022663	0.062791	0.185966	-0.039069	0.004736	-0.058077	-0.028509	0.170756	-0.019991	0.113428	0.047948	-0.125071	-0.084552	-0.079523	-0.047831	-0.058058	0.102054	0.017441	0.049935	-0.011104
-1.414760	-1.732689	0.000009	0.333838	0.778957	0.799497	-0.602020	0.572851	0.006770	-1.158162	-0.168719	0.404158	-0.501617	0.541737	0.725575	0.408735	0.437655	-0.614055	-0.488953	0.441374	0.648497	-0.408979	0.045775	0.513857	0.839661	0.583916	-0.140667	0.430082	0.135350	0.364661	0.345326	0.288559	-0.048005	0.482092	0.038316	0.272745	0.289464	-0.006715	0.184084	0.297359	-0.155083	-0.532826	0.284462	-0.022474	-0.302438	-0.012157	0.059471	0.387400	-0.124602	0.091119	0.392641	-0.240208	-0.267528	0.129202	-0.412908	0.101590	-0.220960	-0.015191	-0.179529	0.287752	-0.179817	-0.183203	-0.044449	-0.089749	-0.140373	0.231359	-0.064839	0.399699	0.584601	0.036684	-0.038017	-0.117086	0.160007	-0.255790	0.070356	0.262289	0.030726	-0.039149	-0.066325	0.179005	0.194483	-0.503989	-0.372836	0.059905	-0.144526	-0.033795	-0.128143	-0.224730	-0.143321	0.028014	-0.090850	0.092277	0.177854	0.106266	0.334311	0.508814	-0.329536	-0.260180	0.160219	0.105228	-0.098432	0.229893	-0.345541	-0.004829	0.021201	-0.024967	-0.152863	0.107607	0.109080	-0.006893	0.000079	-0.054574	-0.197747	-0.013946	-0.203810	-0.045926	-0.053102	0.095642	0.188020	0.210407	-0.077533	0.054586	0.044741	-0.090641	0.024515	0.012962	-0.098898	0.021130
-0.910556	0.819035	-0.412880	-1.318409	-0.889370	0.865473	-0.533250	1.878345	0.197244	0.485558	-0.115282	-0.215877	-0.250146	0.150854	0.095319	1.133968	-0.207035	-0.476728	0.623150	1.168386	0.211421	-0.764302	-0.602040	0.102566	0.816736	-0.178646	0.194321	0.507737	-0.279096	-0.056398	-0.101386	-0.117338	0.047456	-0.019316	-0.245045	0.148192	-0.717669	0.020128	-1.050231	-0.072166	0.435721	0.008006	0.104029	0.256319	0.299442	0.184410	-0.373548	-0.198001	-0.209688	-0.416146	-0.017470	-0.397952	0.111912	0.073696	0.051293	0.173553	0.223365	0.301490	-0.301208	0.209338	0.223212	-0.221113	0.058455	0.012345	-0.145872	-0.182986	-0.387584	0.054361	-0.275873	-0.415055	-0.007386	-0.303512	-0.385095	-0.171336	-0.148416	0.182555	0.017237	0.153878	0.113564	-0.010997	-0.137438	-0.198090	-0.149352	-0.019094	-0.003987	0.062048	-0.101203	-0.204617	0.009265	0.228755	-0.090375	0.059537	-0.128835	0.199946	-0.052006	-0.029170	-0.136421	-0.038468	0.026469	-0.161571	0.248290	-0.197444	-0.114715	0.187462	-0.129691	0.147762	0.107471	-0.018496	-0.030098	-0.344244	-0.009827	-0.207527	-0.119498	-0.049933	-0.007285	-0.110340	0.004286	-0.053962	0.003660	0.058214	0.162943	0.062272	0.064404	0.113537	-0.188808	0.056524	-0.014894	-0.046066
