1.189534	0.721976	-0.088632	-0.083177	0.270460	-0.119427	0.401794	-0.124763	-0.170609	-0.079966	-0.154673	0.186115	-0.139847	-0.018104	0.256341	-0.087949	0.140449	0.129760	0.209698	-0.025140	-0.052079	0.028842	-0.015343	0.013865	0.101702	0.000515	0.061516	-0.030508	-0.000195	0.050244	-0.008829	0.087039	0.063901	0.004915	0.052842	-0.039906	0.177223	0.061231	0.020183	0.006114	-0.042234	-0.050658	0.030219	-0.015631	0.049506	0.001735	0.028213	0.024953	0.014608	-0.027979	-0.006427	-0.040369	0.042558	-0.004542	-0.066412	0.006574	-0.007023	-0.043688	0.051208	0.022496	-0.009074	0.008157	-0.027010	0.002043	0.022005	-0.032541	-0.011488	0.012456	-0.040865	0.016329	0.023736	-0.009089	-0.035809	-0.014057	-0.008743	0.001819	0.023455	-0.051436	0.011570	0.035466	-0.010599	-0.015023	0.015755	-0.013376	-0.003005	0.024280	0.010231	-0.026699	-0.023928	-0.000850	-0.005557	0.023732	0.018317	0.009109	-0.028348	-0.017436	-0.008905	0.002115	-0.035774	0.011721	-0.000402	0.000253	-0.023057	0.000340	-0.020158	0.020233	-0.004370	0.013998	-0.012224	0.009799	0.010070	0.011886	0.006021	0.003960	-0.016358	-0.000653	0.003064	-0.007476	-0.013917	-0.017667	0.016163	-0.008228	-0.012962	-0.001846	0.005533	-0.003549	-0.014187	-0.011295
3.422982	-0.673568	-0.253752	-0.244018	-0.112592	-0.197541	0.092355	0.168257	-0.032610	-0.045178	0.145271	-0.010926	0.017021	-0.218414	-0.075777	0.039285	0.048906	-0.066485	0.008764	0.015632	0.247234	0.000451	0.121430	0.093132	-0.050828	0.091305	-0.033958	-0.036861	-0.065371	-0.090901	0.053749	0.038014	-0.234067	0.015704	0.217022	0.039091	0.008514	-0.082000	0.077239	-0.044829	0.079429	0.079360	0.100801	-0.093541	-0.010766	0.046991	0.080472	-0.143539	0.044097	-0.035522	0.092337	-0.006585	0.093248	-0.038637	0.040917	-0.053849	0.195963	0.068841	0.037686	0.034424	-0.043323	-0.024542	0.016081	0.007424	-0.030137	-0.004067	-0.009753	0.015796	-0.037047	-0.077969	0.117249	-0.136036	0.060982	-0.124480	-0.036258	0.037428	0.003030	-0.037566	-0.025366	-0.039173	0.031394	-0.002732	-0.010717	-0.027885	-0.035322	0.093275	0.025079	0.024272	-0.040408	0.003312	0.080343	-0.007398	-0.074668	-0.014568	0.008770	-0.036404	-0.043129	0.006674	0.046189	0.043399	0.078008	0.005803	-0.024681	0.033220	0.041235	-0.003874	0.028185	0.024040	-0.022832	-0.008728	0.015043	-0.003402	-0.027474	-0.024101	0.001013	0.025206	0.016566	0.002847	-0.021072	0.029023	-0.012471	-0.019530	0.013375	-0.013148	-0.013898	0.020479	0.009718	-0.005479
1.139862	1.479984	0.027284	0.020912	-0.391176	0.221210	-0.482037	-0.061205	0.204599	-0.301841	0.317156	0.123248	0.162644	0.088995	-0.183197	0.162648	-0.121162	-0.003037	0.044850	-0.085155	-0.009230	0.030445	0.002695	0.072503	-0.031021	-0.163215	0.096051	-0.103831	0.015320	0.052885	-0.107733	0.029195	-0.003477	-0.072922	0.022920	0.070738	0.033076	-0.089973	0.024487	-0.087555	0.077348	0.049158	-0.013958	0.021404	0.025084	0.001527	0.074584	0.023241	0.009107	0.039793	-0.030485	0.072971	0.040844	0.073132	-0.053570	-0.071340	-0.008456	-0.001874	0.049299	-0.050968	0.003973	0.039491	-0.039085	0.036386	0.029677	0.016513	-0.034620	0.061835	-0.030722	-0.034061	0.069459	0.074004	-0.005631	-0.005281	-0.040495	-0.026782	-0.014566	0.019742	0.041976	0.047525	0.014129	-0.032956	-0.000216	0.011343	-0.028564	0.009975	-0.038246	-0.016901	-0.011381	0.016699	-0.050876	0.000812	0.011050	0.000035	0.001754	0.009975	-0.030119	-0.000200	-0.028123	0.061803	0.002696	0.026839	-0.016520	0.023172	-0.009016	-0.002569	-0.018212	-0.001380	-0.008122	0.009383	0.019314	-0.005251	0.004781	0.015730	-0.031164	0.022813	-0.007653	0.029883	0.018394	-0.017707	0.022571	0.007426	0.035801	0.011331	-0.011178	-0.008342	-0.018049	-0.009955
0.192518	0.318005	-0.557825	-0.173015	0.239942	-0.097529	0.058202	0.230184	0.115730	0.177590	0.141909	0.328871	-0.114275	0.096206	-0.110937	0.199411	0.033724	-0.168702	-0.022915	0.080878	-0.010696	-0.209279	-0.081236	-0.006112	-0.138772	-0.087478	-0.035040	0.055950	-0.135905	0.006365	0.038259	-0.134936	-0.021163	-0.017170	-0.040581	-0.085820	0.059964	-0.108278	0.101641	0.016142	0.002485	0.023881	-0.033667	0.025515	0.021616	-0.031764	0.037053	0.157759	0.000304	-0.010280	0.005048	-0.004802	-0.020377	0.036799	-0.070077	0.014424	0.162537	0.002204	-0.027205	0.024381	0.007532	-0.029154	0.034438	-0.006641	0.058019	-0.038581	-0.034826	-0.006771	-0.038101	-0.014065	0.047668	0.020619	0.037329	0.006235	0.039964	0.001887	0.020496	0.069209	-0.008845	0.001524	0.001408	0.072284	-0.012098	0.011972	-0.028920	0.022590	-0.050304	0.037399	0.047474	-0.032347	0.034336	0.010524	0.129136	0.080121	-0.013691	0.014507	0.015905	-0.002569	-0.011610	-0.085690	0.032045	0.003847	-0.027093	-0.045453	-0.062290	0.011082	0.033313	0.007794	-0.053438	0.074337	-0.011444	-0.068627	0.011799	-0.009485	0.033292	-0.024240	-0.038824	-0.010524	-0.029683	0.064491	-0.028275	-0.022366	-0.021119	0.007714	0.059083	0.039223	0.051599	0.003503
0.031168	0.784573	-0.214680	0.032799	0.129895	0.089979	0.433554	-0.202987	-0.172125	-0.111287	-0.086265	0.078266	-0.060222	0.073179	0.169880	-0.063253	0.086038	0.144774	0.219223	-0.091088	-0.003746	0.016326	0.076764	0.107939	0.073610	0.019200	0.045197	-0.023944	-0.015105	0.033048	-0.112454	0.009958	0.037472	0.096666	-0.072461	-0.053005	0.068949	-0.072223	0.144656	-0.010843	0.043647	0.040692	-0.041739	-0.005202	0.019043	0.015410	0.027860	0.065193	0.040367	-0.015440	-0.023779	-0.046014	0.014841	0.042420	0.025203	-0.025311	-0.002856	0.002424	-0.057012	-0.006427	-0.015602	-0.010756	-0.017922	-0.007698	-0.009158	0.004201	-0.033509	-0.029038	0.009897	-0.009145	0.000880	0.021427	0.107856	-0.031072	0.024767	-0.024583	-0.008420	0.053897	0.025933	0.024915	0.049909	-0.011194	0.026507	0.010961	0.022454	0.018897	0.013004	0.000338	0.021046	-0.032455	-0.019104	-0.019228	0.006880	-0.018526	0.023889	0.033228	-0.036596	-0.005636	0.016101	-0.033368	0.015911	-0.002460	0.022592	0.020262	0.015909	0.003565	0.006885	0.006633	-0.009071	0.014146	0.006918	-0.002398	-0.016614	-0.008248	0.020929	0.009837	-0.000945	-0.008613	0.020987	-0.006693	-0.004646	0.024739	0.019339	-0.003171	-0.013212	0.007820	0.023620	0.003372
0.023266	0.783519	-0.217169	0.061224	0.146984	0.189500	0.464690	-0.235148	-0.114074	-0.148810	-0.047766	0.118185	-0.040499	0.069613	0.186587	-0.043200	0.106009	0.127289	0.244546	-0.139236	-0.013933	0.028173	0.051370	0.073408	0.066778	0.014133	0.041543	-0.035160	0.008889	0.017045	-0.079417	0.013704	0.040882	0.082906	-0.075815	-0.023772	0.062837	-0.078752	0.157804	-0.010584	0.023379	0.055595	-0.019625	0.008243	0.026125	0.035178	0.017472	0.059835	0.050288	-0.015597	-0.027115	-0.032993	0.008670	0.038504	0.032383	-0.035350	0.029307	0.008469	-0.030544	-0.008998	-0.013388	-0.008675	-0.039041	-0.030444	-0.005183	-0.000384	-0.035734	-0.020632	0.013638	-0.002127	0.009616	0.026754	0.091237	-0.018547	0.004849	-0.025051	-0.014320	0.053102	0.040781	0.028043	0.028088	0.003308	0.016968	0.006081	0.023527	0.015859	0.010401	-0.007542	0.018537	-0.032828	-0.009906	-0.006693	0.000788	-0.013016	0.018013	0.031413	-0.028342	-0.018511	0.014838	-0.029407	0.000954	-0.008265	0.023903	0.031435	0.015931	0.012254	0.001371	-0.005700	-0.011650	0.005280	-0.005720	-0.003552	-0.025407	-0.013181	0.027330	0.008371	-0.003777	0.001436	0.018644	0.002759	-0.003206	0.009820	0.020657	0.007001	-0.013625	-0.003016	0.016033	0.005262
1.072402	0.736288	-0.127350	-0.100794	0.253380	-0.092592	0.393218	-0.143770	-0.160914	-0.079941	-0.137811	0.168116	-0.164271	-0.042518	0.261228	-0.081690	0.168664	0.119875	0.185760	-0.045423	-0.076926	0.034636	-0.012383	0.029100	0.091320	-0.003265	0.081153	-0.023111	-0.010785	0.047463	-0.037863	0.078257	0.058242	0.015205	0.071105	-0.057560	0.185054	0.067848	0.014229	0.004262	-0.040168	-0.057936	0.035849	-0.013700	0.051751	0.011670	0.035496	0.020571	0.020553	-0.032046	0.002611	-0.036596	0.047976	-0.012130	-0.065991	0.009719	-0.024760	-0.045497	0.047388	0.026712	0.003031	0.018669	-0.027800	0.004316	0.024656	-0.022858	-0.014339	0.021310	-0.033124	0.008138	0.020713	-0.000356	-0.022012	-0.012867	-0.014061	-0.000278	0.018403	-0.042331	0.004033	0.037832	-0.002905	-0.020012	0.015928	-0.013856	-0.005773	0.033116	0.009504	-0.026824	-0.018854	0.000607	-0.010924	0.020668	0.010480	0.005564	-0.029802	-0.019756	-0.014746	-0.005997	-0.031419	0.010735	0.003871	0.002027	-0.019182	-0.007419	-0.014588	0.025921	-0.008470	0.018857	-0.007914	0.011556	0.016809	0.010948	0.004721	0.003595	-0.018363	0.002339	-0.000375	-0.009337	-0.014262	-0.014242	0.023781	-0.003180	-0.010877	0.002805	0.008002	-0.007353	-0.010075	-0.010975
2.378487	0.079361	-0.332767	-0.154865	-0.406334	0.540346	-0.139993	0.366275	-0.045108	0.133377	0.007097	0.179293	0.099351	-0.252992	0.034072	-0.172972	-0.020084	0.169213	-0.066715	-0.024128	-0.208470	0.061798	-0.064941	-0.096579	0.028559	-0.058341	0.031572	0.069158	-0.109274	-0.093062	-0.011839	-0.067680	0.029826	0.069117	-0.043167	-0.027803	-0.045763	0.057393	0.026117	0.031369	-0.020366	0.011685	0.075922	0.005526	0.058957	0.098995	-0.025875	0.050551	0.020982	-0.020265	-0.000129	-0.038405	-0.051762	-0.025381	0.033431	-0.030010	0.087483	-0.002559	0.001268	-0.029084	0.090068	0.061199	-0.040575	-0.045559	-0.050996	-0.000860	0.023211	-0.037555	0.030164	-0.033825	0.019698	0.051151	0.015757	-0.030207	-0.067994	0.082258	0.022917	0.015926	-0.016391	-0.008321	-0.055834	-0.017678	-0.003636	-0.028502	0.008344	-0.010348	0.009006	-0.014307	0.085111	-0.022676	0.023208	0.010855	-0.031877	0.028223	0.003482	-0.000546	-0.014880	-0.006723	0.002056	-0.013423	-0.014087	-0.004215	-0.012132	-0.001339	-0.033263	-0.019449	0.024889	-0.032997	0.025336	0.020859	-0.011128	-0.005732	-0.027462	0.019240	-0.017558	0.011786	0.014550	-0.018309	-0.010270	0.000082	0.000607	0.013778	-0.009848	0.025217	-0.004099	-0.002742	-0.027654	0.002039
-0.076466	-0.956225	0.354548	-0.537486	-0.258043	0.459680	0.084897	0.031330	-0.214297	-0.024729	0.025544	0.047484	0.094504	-0.025105	0.039933	-0.257038	-0.230537	0.256666	-0.052061	0.026140	-0.099971	0.045288	0.117244	-0.153455	0.065444	-0.057011	0.040782	-0.014658	-0.108049	0.079157	-0.058691	-0.041337	0.176612	0.004971	-0.039647	-0.003412	-0.015094	0.029672	0.035202	-0.019231	0.015888	-0.064993	-0.036082	0.020389	-0.022592	0.007778	-0.159663	0.048330	-0.027799	-0.023101	-0.002433	0.021001	-0.051923	0.021560	-0.011764	-0.019574	0.014955	0.006013	-0.037101	0.036002	-0.038514	-0.038246	0.023660	0.025258	0.066853	-0.029729	0.037487	-0.009852	0.008265	0.064730	-0.011008	-0.053148	-0.047860	0.058370	0.016873	-0.054219	0.074245	0.031132	0.024442	-0.014309	0.024828	0.033795	0.068249	-0.048978	-0.006596	0.057873	0.010896	-0.014396	-0.017493	-0.096493	0.012758	-0.092358	-0.018224	0.032680	0.056887	-0.003695	0.006976	0.030150	-0.011336	-0.028118	0.046518	0.024887	0.022724	-0.011029	-0.001373	-0.032256	0.031644	0.038028	-0.041674	-0.024680	-0.087117	-0.019263	0.042114	-0.012753	0.008270	-0.001634	-0.035824	0.023104	-0.040490	0.009508	-0.038849	-0.001886	-0.006169	-0.041222	0.030950	0.023009	-0.004640	0.006242
-1.036455	0.406354	0.390334	-0.368884	-0.053578	-0.105250	0.532909	-0.044688	0.204969	0.187229	0.175447	-0.158191	-0.047356	-0.143225	-0.008857	-0.229950	-0.161738	0.063339	-0.082061	0.133344	-0.010138	-0.070817	-0.006714	0.225202	0.250097	-0.032558	-0.070567	0.012095	-0.067780	-0.063469	0.065702	-0.055568	-0.048690	0.041719	-0.133919	-0.001237	0.050912	0.042425	-0.058840	0.073210	-0.010713	0.053624	0.015288	0.101119	0.008152	0.043641	-0.017167	0.036267	0.003660	-0.078987	0.009460	0.029492	0.038140	0.003889	-0.069073	0.065394	0.052432	0.034868	-0.044517	0.041734	-0.001812	0.011865	-0.001426	-0.012081	-0.051905	0.075262	-0.007813	0.013525	-0.050753	-0.121604	-0.014435	-0.045182	-0.039229	-0.010021	-0.045133	-0.011764	0.037906	-0.011718	-0.013640	0.013592	-0.027753	-0.001280	-0.018443	0.032232	0.034191	-0.048410	0.017580	0.042168	-0.040723	0.074757	-0.025647	0.043483	-0.009026	-0.005443	-0.006161	-0.012427	0.003910	0.017379	0.006003	-0.026393	0.014843	0.003283	0.026637	0.000590	0.007550	0.045931	0.029277	-0.040357	0.012196	-0.001228	-0.003589	-0.012478	-0.010987	0.004106	-0.035588	-0.010066	0.006003	0.006874	-0.005193	-0.042195	-0.059241	-0.003820	-0.010695	0.044888	-0.014305	-0.029107	0.021055	-0.012822
-1.358031	0.293520	0.346906	-0.529644	-0.219269	-0.086364	0.600260	-0.103648	0.187445	0.262211	0.159389	-0.210828	-0.238437	-0.198720	-0.082657	-0.096926	-0.283555	0.137567	0.002579	0.255546	-0.081927	-0.329160	0.012488	0.244401	0.421032	-0.029278	-0.039117	-0.072153	-0.202869	-0.120926	0.016801	-0.130574	0.019330	0.040679	-0.305326	0.001418	0.051209	0.039984	-0.066806	-0.020008	-0.020403	0.045201	-0.022570	0.127033	-0.004381	0.113788	0.002457	-0.052158	0.092384	-0.128966	0.008396	0.073378	0.073916	-0.019621	-0.162421	0.063346	-0.008026	0.003413	-0.047966	0.089524	-0.016647	-0.012345	0.059899	0.013062	-0.050279	0.074917	-0.011700	0.068272	-0.029292	-0.074007	0.022954	-0.032518	-0.007505	0.017893	-0.070942	0.015094	0.005745	-0.034972	0.010240	0.005428	-0.019333	0.016393	-0.036724	-0.017781	0.013128	-0.038069	0.017688	0.037292	-0.046597	0.067874	0.021441	0.027643	0.015487	0.017549	-0.044529	0.027751	-0.000293	-0.034089	0.012307	0.001891	-0.015037	-0.014216	0.057624	-0.009851	0.023490	0.063750	-0.012445	-0.031510	0.006326	-0.031633	-0.031663	-0.021646	0.003310	-0.007769	-0.017955	-0.003057	0.018158	-0.015827	-0.001909	-0.023835	-0.027390	0.035289	0.009808	0.015842	0.019323	0.004391	0.013844	-0.023796
-1.344466	0.158048	0.417046	-0.456032	-0.068430	-0.133986	0.495211	-0.051139	0.227116	0.224448	0.144975	-0.145549	-0.091867	-0.187290	-0.054831	-0.162141	-0.169435	0.142344	-0.044507	0.157802	0.020871	-0.113662	-0.008169	0.249199	0.220435	-0.029508	-0.028511	-0.038036	-0.042734	-0.040432	0.068870	-0.078318	-0.005508	-0.004070	-0.077564	-0.028205	-0.006173	0.107380	-0.055796	0.113102	-0.018817	0.078165	0.054385	0.113160	-0.006822	0.085877	0.015514	0.015515	0.023603	-0.044967	0.056686	0.024969	0.058740	0.053740	-0.072870	0.085415	0.014137	0.029434	-0.028917	0.019113	0.007324	-0.007028	0.019090	-0.017098	-0.022905	0.098057	-0.021840	0.026375	-0.063871	-0.104601	0.009286	-0.048275	-0.020319	0.028478	-0.007260	-0.000175	0.029171	-0.032839	-0.028801	0.024009	-0.026890	-0.002298	0.002786	0.002954	0.043610	-0.019879	0.011348	0.025179	-0.045953	0.079701	-0.045820	0.033654	0.004006	-0.001278	-0.026838	-0.043283	0.011977	0.029738	-0.007599	-0.036659	-0.001349	-0.034333	0.007532	0.023078	-0.006825	0.057075	0.010147	-0.017972	0.012766	0.014842	-0.009783	-0.012386	-0.009804	-0.029730	-0.034206	-0.002326	0.012281	0.004377	0.017138	-0.030731	-0.079266	0.007652	-0.013922	0.031565	-0.006203	0.001206	0.031714	-0.037797
-1.103974	0.505152	0.237355	-0.391187	-0.070715	-0.159701	0.504522	-0.028498	0.139126	0.208857	0.163880	-0.186166	-0.084784	-0.103217	-0.046134	-0.215488	-0.138518	0.015079	-0.090260	0.093327	-0.047372	-0.104707	-0.035535	0.216982	0.235834	-0.027481	-0.030651	0.031222	-0.103992	-0.074868	0.075790	-0.091539	-0.053213	0.011872	-0.143031	-0.007568	0.034478	0.027010	-0.045644	0.060723	0.003213	0.044556	0.046014	0.093547	0.008970	0.032018	-0.027399	0.033238	0.008544	-0.105977	0.012124	0.019781	0.036425	-0.016820	-0.080255	0.077710	0.051423	0.025345	-0.015879	0.052000	0.002233	0.037208	-0.010768	-0.006325	-0.066367	0.065368	-0.013659	0.010232	-0.040966	-0.120632	-0.034597	-0.049343	-0.035797	-0.015991	-0.059056	-0.028895	0.028041	-0.011281	0.005693	0.030298	-0.017285	0.003084	-0.019689	0.038076	0.013600	-0.038372	0.029117	0.036569	-0.047816	0.083697	-0.019852	0.051070	-0.026916	0.016192	0.005190	0.002601	-0.004213	0.002891	0.000520	-0.021475	0.029044	-0.008275	0.029983	-0.009216	0.005714	0.046782	0.016892	-0.033566	0.018528	-0.006280	0.011329	-0.006788	-0.012466	-0.004142	-0.037909	-0.020351	0.002080	-0.001310	0.010501	-0.044648	-0.059400	-0.000703	-0.021479	0.038410	-0.008671	-0.042259	0.026245	-0.015102
2.790505	-0.469429	-0.607417	-0.264564	-0.601653	-0.117327	-0.375485	0.463326	-0.526791	0.239340	0.054950	-0.126961	-0.178308	-0.018394	0.143494	-0.121682	0.089279	-0.203651	-0.142795	0.021584	-0.016613	0.034774	0.171716	-0.094672	0.247319	-0.078670	-0.053930	-0.216591	0.228967	0.225384	-0.041367	-0.059611	-0.046635	0.055335	-0.112651	0.063156	0.037222	-0.123937	-0.027342	0.021334	0.011312	0.023746	-0.036103	-0.033204	-0.103318	0.047414	-0.017462	-0.065795	0.062161	0.097323	0.026114	0.021799	0.012225	0.029986	-0.045820	0.002000	0.029284	-0.084057	0.046824	-0.018366	-0.023977	-0.025121	-0.054432	0.047119	0.073655	-0.041740	0.040551	0.046688	0.024014	0.033901	-0.033852	-0.000323	0.056877	0.003585	0.063187	0.001636	-0.007447	-0.005096	0.026646	0.050124	-0.029609	-0.002116	0.015106	0.004006	-0.012070	-0.000194	0.028806	0.003020	-0.031707	0.051403	-0.007278	-0.023331	0.024953	0.016441	-0.047496	-0.021099	-0.001153	-0.019265	-0.026361	-0.029099	-0.012271	-0.012698	-0.013079	-0.015247	0.010651	0.009388	0.018269	0.005175	-0.018868	-0.013822	0.002245	-0.011218	-0.023144	0.004996	-0.029242	-0.002586	-0.002588	0.012807	-0.007856	-0.004128	-0.005877	-0.011222	-0.009009	0.013248	0.020508	-0.020117	0.008101	0.010550
-2.358162	-0.444135	-0.579422	0.708956	-0.287003	0.138697	0.148326	0.129650	0.110277	-0.043148	-0.365229	-0.027707	-0.072461	-0.092615	-0.237916	-0.107387	-0.077386	0.142722	0.012570	0.075189	-0.078200	0.142336	-0.171484	0.049917	-0.014899	0.000519	-0.116377	-0.051470	-0.025549	0.211489	-0.052605	0.126624	-0.004045	0.012457	0.078594	-0.017389	-0.045044	-0.155158	-0.015440	0.047533	0.035327	-0.111770	0.001447	-0.040791	0.026747	0.080366	0.030829	0.040006	-0.151969	-0.073179	0.020782	-0.027788	0.040184	-0.003498	0.068544	-0.025380	-0.043099	0.049494	0.002617	0.062235	-0.091931	-0.003985	0.028701	-0.000139	0.048511	-0.005465	0.035172	-0.024641	0.030323	-0.031232	0.013337	0.019217	0.008799	0.004312	0.009903	0.018136	-0.036140	-0.007868	0.057678	0.035737	0.008168	-0.019193	0.013393	0.023975	0.027211	0.002285	0.014893	-0.015476	-0.052469	0.015595	-0.017627	-0.047282	0.008337	0.023617	-0.033740	0.057650	0.001139	-0.007394	0.009972	0.043547	0.002870	-0.041587	0.019213	-0.039547	-0.008960	0.020161	0.016235	0.002256	-0.012570	0.000825	-0.008134	-0.001829	0.019184	-0.007472	-0.008429	0.009308	-0.003660	0.016654	-0.004299	0.008272	-0.000342	-0.007280	-0.000197	0.021481	-0.007645	-0.006701	0.038033	0.028415
0.997404	1.130664	-0.017775	-0.062572	-0.453480	0.208160	-0.372690	0.246638	-0.134136	-0.107988	0.007832	0.242976	0.093311	-0.039697	-0.024281	-0.180389	0.079807	0.118575	-0.063824	-0.018809	-0.105619	-0.115560	-0.062739	-0.050487	-0.077933	-0.061302	0.052107	0.056734	-0.017046	0.003361	-0.104164	-0.083148	0.062645	-0.026781	-0.139920	-0.100598	-0.101225	-0.035137	-0.001370	0.100331	-0.039230	-0.013899	-0.046840	-0.009002	0.011582	0.014689	-0.068117	-0.078736	0.041925	-0.009171	-0.029922	-0.051073	-0.032229	-0.042901	0.001822	0.001537	0.005066	0.002020	-0.016257	-0.027644	0.056364	-0.019692	0.008951	-0.053338	0.001466	0.005487	0.029824	-0.043361	-0.033772	-0.042115	-0.044628	0.009934	0.037768	0.016289	0.007322	0.024287	-0.095005	-0.070994	-0.011833	0.015272	0.070132	0.005590	0.021189	0.006079	0.020370	0.042910	0.008118	0.015741	-0.063105	0.035498	-0.008559	0.039054	-0.037317	-0.021949	0.034137	-0.039901	0.036359	0.026036	0.023412	-0.034835	0.044275	-0.006958	0.015220	-0.006305	0.027454	-0.017863	-0.036466	-0.007216	-0.039473	0.009424	-0.022132	0.054036	0.040901	-0.016217	0.071681	0.052822	0.004597	-0.025273	0.002169	-0.013141	-0.016239	0.010157	-0.001626	0.005041	-0.020521	-0.010190	0.008469	-0.010665
0.955960	1.502902	0.310012	0.056548	-0.416902	0.196399	-0.481390	-0.037313	0.193155	-0.298499	0.296376	0.009947	0.092366	0.195815	-0.118204	-0.084205	-0.143717	0.060044	0.160715	-0.074964	-0.039424	0.036858	0.010335	0.067814	-0.017655	-0.100003	0.097792	-0.124028	-0.004379	0.019085	-0.079337	0.014449	-0.003820	0.022226	0.051775	0.048125	0.038910	-0.068058	-0.129613	-0.083730	0.018050	-0.012146	0.018526	-0.007018	-0.061784	-0.035785	0.075131	0.020229	-0.075873	-0.051274	-0.016862	0.071445	0.046937	0.018202	-0.028919	0.027066	0.012036	0.002998	0.095276	0.023717	0.042850	0.026631	-0.030018	0.060501	0.013053	0.043242	-0.017260	-0.020605	-0.009883	0.017473	0.013093	-0.014500	0.030542	-0.039956	-0.004104	-0.044873	0.055726	0.057927	0.023396	0.034273	0.068494	0.006927	-0.009439	0.006118	-0.009462	-0.007339	0.010793	-0.008832	-0.022087	0.032496	-0.056394	-0.026636	-0.003054	-0.002388	0.012332	-0.006087	0.023277	0.013159	-0.016536	0.039237	0.024816	0.028870	0.011375	-0.019945	-0.026094	-0.014058	-0.000624	-0.015149	0.017387	-0.017985	-0.001630	-0.002265	-0.009364	0.072958	0.023312	0.029695	-0.020954	-0.019188	0.020735	-0.007891	0.005295	-0.023546	-0.011165	-0.030879	-0.017676	-0.016424	0.035839	-0.018463
-0.876530	-1.275803	-0.696839	-0.563596	-0.186876	-0.089262	-0.481646	0.079984	-0.066258	-0.134156	-0.045376	-0.428381	0.471982	-0.210807	0.062257	0.044616	0.130452	0.130332	0.233943	0.084325	0.036526	-0.466627	-0.152369	-0.139758	0.046127	0.153829	0.039936	0.005021	-0.115648	-0.136328	-0.024057	0.043808	-0.058164	0.114105	0.070621	-0.044573	0.036063	-0.113734	0.021612	-0.087258	0.037303	-0.195847	0.195410	0.039884	-0.107023	-0.143742	0.065127	0.061236	0.149300	0.069096	-0.011201	-0.038593	-0.161335	-0.013181	0.158290	-0.021773	-0.157569	0.010028	-0.058107	0.014462	-0.009311	-0.111676	-0.151434	0.018799	-0.024085	0.100442	0.002301	-0.024323	0.108632	-0.066045	-0.064243	-0.017011	0.022796	0.013132	-0.052355	-0.014262	0.036363	-0.035479	-0.064261	0.095146	-0.004003	-0.084017	-0.080153	0.125774	-0.060055	0.043746	-0.039617	0.082028	-0.005083	-0.019825	-0.015366	-0.001292	-0.007610	0.017315	-0.076857	-0.013093	0.006334	-0.044524	0.019981	-0.030785	0.008969	0.117055	-0.077324	0.021965	0.046909	-0.009883	-0.014738	0.035154	-0.006067	0.029627	0.032008	-0.027718	-0.028427	0.082274	0.027612	0.051014	0.047709	-0.005252	-0.048528	-0.074164	-0.005402	0.002134	0.015313	0.007420	0.050600	0.037473	-0.046452	-0.017449
-1.179552	0.143336	-0.351121	-0.604783	-0.237503	-0.386515	-0.305906	0.126156	-0.206190	0.049604	-0.198379	-0.106320	0.030589	-0.063071	0.076827	0.032747	0.028960	-0.103248	0.066564	-0.095163	-0.012030	0.006499	-0.102320	0.138235	0.188167	-0.094519	-0.002398	0.114667	0.023452	-0.059058	0.195290	0.138290	-0.062043	0.040261	-0.057352	-0.093091	0.039883	0.012429	0.040681	-0.017752	0.111295	-0.012202	0.012467	0.030946	0.046156	0.006218	0.066665	0.015758	0.005757	0.080137	0.029733	-0.118876	-0.053031	0.004127	0.001612	0.014587	-0.093359	0.079940	-0.034618	-0.094848	-0.050300	0.067121	0.023493	0.011076	-0.045437	0.001685	0.005136	0.024510	-0.059464	0.116804	0.041714	0.028456	-0.058899	0.007979	0.064236	-0.010056	-0.046456	0.001069	0.029463	-0.012259	0.012255	-0.021272	-0.075686	0.067956	-0.074252	-0.002584	0.017855	0.042102	0.012537	-0.004250	-0.012176	0.040339	0.029986	0.025175	-0.009403	-0.010145	-0.027695	0.023410	0.011628	-0.012840	-0.001077	0.027474	-0.009774	0.017621	-0.001049	0.004469	0.019827	-0.003138	0.030170	-0.014714	0.028351	-0.062873	0.001537	0.023830	-0.046523	0.023231	0.003380	0.028710	0.057442	-0.026700	0.017343	0.026637	0.022343	-0.049822	0.010201	0.038858	-0.020783	0.015412
1.746619	-0.152810	-0.298508	-0.214922	-0.318566	0.587666	-0.154059	0.302492	-0.017199	0.080178	0.042306	0.150871	0.123631	-0.182198	0.059596	-0.155625	0.014110	0.223286	-0.063182	0.018611	-0.163286	0.018335	-0.122738	-0.115292	0.012176	-0.033367	0.050860	0.077309	-0.062211	-0.068707	0.061298	-0.087404	0.051271	0.019154	-0.053403	-0.038656	-0.076211	0.061927	-0.014361	0.053192	-0.052865	0.004854	0.075033	0.011990	0.062485	0.090209	-0.017290	0.048852	0.021171	-0.026999	-0.000036	-0.020995	-0.072772	-0.016392	0.044303	-0.040300	0.049244	-0.010614	0.009363	-0.018345	0.082047	0.064191	-0.023539	-0.022739	-0.022406	0.016364	0.054353	-0.043834	0.054324	-0.028880	0.001316	0.029126	0.028563	-0.026685	-0.056782	0.067532	0.030965	0.002064	-0.002227	0.014706	-0.059638	-0.013160	0.016209	-0.037777	0.015762	0.013959	0.008472	-0.013559	0.068265	-0.027426	0.014553	-0.011368	-0.007683	0.035376	-0.001997	-0.004899	0.011109	0.007483	0.008873	-0.006316	-0.024122	0.006201	-0.005924	0.017234	-0.033291	-0.032727	0.017495	-0.007407	0.019753	0.005451	-0.019775	-0.008525	-0.014000	0.024903	-0.035386	0.007630	0.006145	0.000301	-0.008901	0.008850	0.008521	0.008233	0.004045	0.008457	0.000532	-0.004987	-0.024340	0.003585
-2.532496	-0.300898	-0.618464	0.682722	-0.281273	0.422746	0.213223	-0.114936	0.225239	-0.169103	-0.274912	-0.088454	-0.018690	-0.148443	-0.233988	-0.010460	-0.111556	0.096715	0.007133	0.070707	-0.078170	0.085206	-0.185139	-0.010502	-0.001197	0.004415	-0.108268	-0.018786	0.023078	0.158776	0.004038	0.159317	0.027121	-0.042446	-0.021312	-0.029876	-0.034668	-0.169657	-0.008666	0.017311	0.012250	-0.107525	-0.038618	0.026687	0.101212	0.085326	0.082409	0.076159	-0.104282	-0.068681	-0.020246	0.005098	0.015398	0.028725	0.067688	-0.049086	-0.000387	0.015550	-0.030783	0.040891	-0.059938	-0.036792	-0.003220	-0.022679	0.027599	0.030610	0.027599	-0.002177	0.061471	-0.038940	0.015791	-0.015148	0.023888	0.009414	-0.002406	0.009558	-0.024296	0.016235	0.083893	0.013269	-0.029741	-0.056739	0.043949	0.029825	0.008223	-0.018551	0.057503	0.016800	-0.023901	0.010204	0.023348	-0.015932	0.026631	-0.012578	-0.018975	0.056811	-0.018889	0.008187	0.023900	0.036009	-0.010626	-0.019856	0.002625	-0.018888	0.010529	0.010613	0.032930	-0.020193	-0.027292	0.018059	-0.026089	-0.045953	0.017559	-0.033438	-0.005883	0.008738	0.023872	0.030424	-0.021974	0.014346	-0.017925	-0.026744	0.003378	0.047465	-0.007414	-0.014297	0.001399	0.021272
1.695462	0.507498	0.420193	-0.205525	-0.495303	0.275763	-0.407597	0.194237	-0.145208	-0.254810	-0.036367	0.263943	0.103978	-0.119750	-0.026310	-0.032807	0.101151	0.176169	-0.100550	-0.040108	-0.090418	0.044950	0.084162	-0.030241	-0.090173	-0.008766	-0.094670	0.152945	-0.109309	-0.053182	-0.021384	0.056435	-0.106769	-0.046801	-0.097836	-0.100199	0.072809	0.095184	0.009257	0.008383	-0.050323	-0.000135	0.012417	-0.106811	0.029099	-0.024045	0.004197	-0.028394	0.003924	-0.004811	0.008929	0.023603	0.015338	-0.036725	0.007772	-0.032374	-0.052849	-0.007407	-0.089474	0.005496	-0.119432	-0.046689	0.050857	-0.060521	-0.047410	-0.002419	-0.056323	0.015344	-0.060263	-0.017108	-0.002716	-0.025757	-0.026970	0.021602	0.003933	-0.062259	-0.008745	-0.021399	-0.031544	-0.032029	-0.010555	-0.006523	-0.005468	0.027284	-0.023938	-0.026684	-0.052897	0.013294	-0.017678	-0.000109	0.000502	-0.013918	0.066053	-0.050114	-0.014133	0.005573	-0.041625	0.008343	-0.020009	0.009748	-0.023289	-0.004443	-0.028898	-0.005674	-0.007206	-0.003901	-0.020782	0.024021	0.000907	0.005402	0.016345	-0.017012	0.007779	-0.005295	-0.027175	-0.013031	-0.003017	0.002244	0.005988	0.013088	-0.005458	-0.007205	0.017622	0.009753	0.015607	-0.011258	0.011029	0.014395
-1.218565	0.643721	-0.175366	-0.554851	-0.318559	-0.238670	-0.338928	0.134113	-0.128073	0.174272	-0.006761	-0.204662	-0.080403	-0.068622	-0.029489	-0.184807	0.211260	-0.025809	0.058057	-0.277014	0.026542	0.049290	-0.034666	0.159121	0.020753	0.101012	0.021191	0.176812	0.030289	0.066749	0.115907	-0.078651	0.088790	-0.045291	-0.037182	-0.085106	-0.127525	0.077459	0.033614	0.043354	-0.007254	-0.080740	-0.001765	-0.079704	0.000013	-0.063446	0.065156	0.103450	-0.036785	-0.013444	0.011382	0.017899	0.025773	0.014819	-0.009102	-0.004174	0.008754	0.014282	-0.028583	0.023553	0.014519	-0.008646	0.038809	0.118051	0.062138	-0.031794	0.072569	-0.027110	-0.008896	-0.031955	-0.008368	-0.032199	-0.029961	-0.061000	-0.040541	-0.056531	0.045337	0.021653	-0.022822	-0.025524	0.017367	0.020569	0.000306	0.058059	0.035753	-0.007106	0.003801	0.018934	0.045342	0.006194	0.003410	0.007366	0.030280	-0.020725	0.004716	-0.008412	-0.048620	-0.042329	0.026090	0.000262	0.022678	0.024175	-0.017085	0.003661	-0.000533	0.013129	0.014058	-0.008925	-0.003633	-0.023019	-0.008774	0.006851	0.012195	-0.010127	0.036227	-0.018411	-0.071588	0.043424	-0.004636	-0.039966	0.008903	0.014587	-0.011449	-0.020918	0.002585	-0.007741	-0.039556	-0.005359
1.491341	1.329316	0.359535	-0.084614	-0.352687	0.157675	-0.571231	-0.007480	0.305940	-0.271144	0.158426	0.112906	0.172317	0.137348	-0.176695	0.050969	-0.063447	0.143114	0.128953	0.027992	0.015826	-0.036967	-0.085793	0.066985	0.022903	-0.234439	0.120365	-0.096098	-0.011380	0.148087	-0.047804	0.005249	0.027052	-0.038235	0.031829	0.074305	-0.024977	-0.025312	-0.025597	-0.092729	0.068849	0.108093	0.021484	0.000848	-0.028375	-0.068261	0.078880	-0.008738	-0.088873	-0.001071	-0.025153	0.033749	0.003240	-0.042547	-0.017234	0.084511	0.032789	0.026304	0.050145	-0.007508	0.016632	0.020532	-0.043871	0.069789	-0.026005	0.033862	-0.046680	-0.004011	-0.034642	0.020005	-0.024030	-0.009052	-0.004169	0.023192	0.005694	0.002828	0.046295	0.001479	-0.048152	0.037380	0.026905	-0.028360	0.013461	0.006446	-0.019646	0.023733	-0.021213	0.035142	0.032623	0.044378	-0.009469	0.031379	-0.006343	-0.015998	-0.009004	0.039530	0.046780	-0.015769	0.003952	0.059888	-0.006396	-0.011950	0.008114	0.007280	0.014583	0.002361	0.018030	-0.000354	0.021606	0.016762	0.012157	0.012879	0.006418	0.030912	0.025215	0.003644	-0.000002	0.028550	0.001335	-0.010562	-0.008688	-0.001295	0.029452	0.025248	-0.005465	-0.039629	0.008819	0.001350
1.936915	0.790260	0.057613	-0.137606	-0.496701	0.319894	-0.436805	0.256057	-0.194606	-0.253160	0.018216	0.217385	0.153410	-0.114850	-0.024292	-0.001866	0.009302	0.156417	-0.095671	-0.118354	-0.102373	0.000803	0.042301	-0.025280	-0.092441	0.033578	-0.064446	0.096248	-0.097942	-0.070302	-0.032615	0.091103	-0.087157	0.023197	-0.131585	-0.117226	0.063961	0.040125	0.037764	0.014218	-0.057238	0.004167	-0.007885	-0.079546	0.021963	-0.026469	-0.009536	-0.094845	0.018547	-0.017830	0.031280	0.036370	-0.017671	-0.045274	-0.013547	-0.038787	0.014479	-0.018722	-0.093376	0.049105	-0.103121	-0.055360	0.036558	-0.069138	-0.004137	-0.045463	-0.055646	0.019078	-0.037238	-0.006364	0.032465	-0.010072	-0.011575	0.026721	-0.002203	-0.064507	-0.000780	-0.055110	-0.029430	-0.008182	-0.005877	-0.024857	-0.008985	0.028412	-0.014131	-0.050723	-0.062504	-0.016784	-0.053276	-0.004510	-0.009272	-0.047554	0.048553	-0.036819	0.014147	0.009243	-0.026991	0.023859	-0.016162	0.025017	0.008788	-0.027543	0.006128	0.027970	-0.016102	0.018553	-0.001906	0.008236	-0.011741	0.010332	-0.018655	0.001504	0.015600	-0.008045	-0.004498	-0.027901	0.019600	-0.006714	0.030678	-0.007119	-0.000808	0.011114	0.007014	-0.008979	0.024574	0.001772	-0.004990	0.001352
1.367507	-0.578959	0.083717	0.044039	-0.187029	0.196864	0.028992	0.174846	-0.120081	0.039412	-0.265011	-0.072696	0.107287	0.294551	0.035416	0.055346	0.062744	0.198131	-0.126284	-0.113343	0.395601	0.164144	0.063380	-0.045946	-0.052909	0.080026	0.067485	-0.042266	0.097559	-0.069656	0.084038	0.058336	0.175874	-0.027670	-0.111696	0.039090	-0.139874	-0.039330	-0.143946	-0.087989	0.133575	-0.106376	-0.079489	0.056953	-0.108921	0.006482	-0.140494	0.086164	-0.068532	0.083656	-0.106500	0.008758	0.098522	-0.142609	-0.030891	0.134074	0.082640	0.040715	-0.057231	-0.000451	-0.049374	0.167849	-0.034717	-0.052478	-0.007331	0.010436	-0.099373	-0.083014	-0.041862	-0.100394	0.033729	0.047210	0.021338	-0.022028	-0.014123	-0.024457	0.065137	-0.043847	0.005303	0.034712	-0.065014	0.021558	-0.071287	0.038989	0.002927	-0.009096	0.015396	-0.059245	-0.052359	0.040583	0.011347	0.013000	0.048139	-0.000016	0.010311	0.027497	-0.033333	0.025107	-0.029037	-0.025885	-0.003752	-0.054322	-0.002706	0.004216	0.023273	0.027913	0.029618	0.028933	-0.050295	-0.003922	-0.019983	0.027287	-0.007783	0.026311	0.001849	0.018135	0.007399	-0.002940	0.016642	0.010460	-0.002177	-0.030125	0.025162	0.000154	0.061837	0.023810	0.009651	-0.006876
1.922751	0.821242	0.038544	-0.126585	-0.502928	0.331239	-0.434491	0.248751	-0.193978	-0.263089	0.021810	0.209682	0.157373	-0.114662	-0.030254	0.012038	0.009136	0.139357	-0.098445	-0.124148	-0.098719	-0.000334	0.043434	-0.025722	-0.096127	0.031187	-0.056217	0.084256	-0.109292	-0.079189	-0.043200	0.083330	-0.086159	0.020156	-0.133789	-0.120067	0.059213	0.037495	0.035686	0.022209	-0.055028	0.002277	-0.001116	-0.081831	0.022551	-0.018303	-0.008852	-0.097769	0.024389	-0.016123	0.032470	0.038532	-0.022008	-0.044675	-0.013336	-0.038378	0.020197	-0.021810	-0.091499	0.056654	-0.106299	-0.058364	0.042005	-0.063903	-0.001113	-0.042736	-0.052755	0.018555	-0.037547	-0.008732	0.025351	-0.014993	-0.005615	0.026578	-0.002196	-0.061260	-0.005811	-0.053665	-0.030318	-0.010277	-0.001631	-0.026488	-0.009105	0.029084	-0.013265	-0.038085	-0.059930	-0.018745	-0.055855	-0.007163	-0.016929	-0.048691	0.051591	-0.031203	0.020730	0.008655	-0.026696	0.024503	-0.013020	0.022961	0.014262	-0.029054	0.007592	0.028678	-0.013217	0.020894	-0.001064	0.010082	-0.011637	0.012317	-0.019350	0.001180	0.018095	-0.013325	-0.003766	-0.026231	0.015366	-0.006137	0.031605	-0.006568	0.001253	0.013366	0.006657	-0.012139	0.024647	0.003916	-0.006071	-0.000569
-1.185453	-0.444420	0.227717	-0.446056	-0.292082	-0.562516	-0.260710	0.214127	0.090149	0.081133	-0.051111	0.238712	0.022147	0.023762	-0.080746	-0.149007	0.119751	0.206278	0.130410	0.030720	-0.061671	-0.102823	0.040554	-0.133106	-0.135689	-0.057941	-0.160908	0.075431	-0.061454	-0.063211	0.046584	-0.093775	0.026387	-0.051230	-0.069972	0.105723	0.044070	-0.056671	0.026392	-0.047188	-0.129018	-0.072980	0.034120	-0.149461	-0.139635	0.109595	0.010467	-0.020096	-0.022051	0.043130	0.057486	0.052625	0.041662	-0.070667	-0.035216	-0.044736	0.069144	-0.053925	0.061373	0.090533	-0.041822	-0.006791	0.006156	0.047400	0.017058	-0.026086	-0.073114	0.036154	0.054072	-0.014186	0.042929	-0.010758	-0.009725	-0.010160	0.013872	0.015180	-0.058930	-0.064650	-0.030131	0.003548	-0.070404	0.016500	0.042863	-0.029015	-0.031251	0.039417	-0.015969	0.022631	0.021574	-0.003209	-0.018966	-0.019042	0.016113	0.019600	0.036395	-0.002710	0.014637	0.011181	0.001904	-0.002109	0.003429	0.007573	0.091435	0.045589	-0.021001	-0.010156	0.009909	0.004656	0.006302	-0.010474	-0.012562	-0.028858	0.030580	-0.012850	-0.002429	0.024945	-0.045222	0.034612	-0.038166	0.070126	-0.016741	0.002328	-0.014040	-0.005549	-0.066406	-0.007658	-0.019946	0.007675
-1.007535	-0.195566	-0.594474	0.876365	-0.403108	-0.130576	0.138926	0.368675	-0.105830	0.039098	-0.309293	-0.111233	-0.057897	-0.074348	-0.117518	0.136084	0.172376	-0.001604	0.075316	0.025139	-0.055145	0.053573	-0.136950	0.014859	-0.002072	-0.271002	-0.127159	0.028930	-0.161790	0.225876	-0.140389	0.093858	-0.072985	-0.067216	0.091655	-0.044231	0.042871	-0.095138	-0.106071	0.131926	0.111740	-0.049184	-0.081270	0.066434	-0.060275	0.124071	0.036661	-0.020010	-0.070811	-0.055527	0.100861	0.056767	-0.014025	-0.008750	0.041603	0.030463	0.067193	0.044669	0.005048	-0.134197	-0.118112	0.041633	0.030125	-0.015439	0.035330	-0.060363	0.023515	-0.013243	-0.027379	-0.064136	-0.018683	-0.006004	-0.025207	0.024134	-0.008778	-0.021734	-0.035581	0.012523	-0.058570	-0.052090	-0.027641	-0.014536	-0.024775	0.001463	0.030337	0.024012	-0.054988	0.027682	0.021954	-0.035592	-0.002817	0.041518	-0.081829	-0.001486	0.001350	-0.056042	-0.014225	-0.017189	-0.029500	-0.034032	-0.017809	-0.003735	-0.008856	0.003118	-0.054394	0.001698	-0.039108	0.008544	0.041948	0.001550	0.003607	0.039844	-0.008135	0.032679	0.007682	0.000246	-0.031268	-0.047039	-0.001807	-0.049436	-0.003717	-0.001766	-0.040628	-0.027629	-0.006705	0.032673	-0.002684	-0.030473
1.905729	-0.272621	-0.246567	-0.193098	-0.318120	0.488530	-0.200391	0.366224	-0.098293	0.045201	0.015506	0.097095	0.144301	-0.175871	0.047963	-0.140458	-0.030440	0.183917	-0.058151	0.039932	-0.188090	0.056220	-0.073967	-0.065437	0.016269	-0.000098	-0.018751	0.082308	-0.044250	-0.072106	0.069485	-0.029127	0.043820	0.042133	-0.071836	-0.033866	-0.089293	0.061466	-0.019651	0.003082	-0.036150	0.048208	0.023875	0.041157	0.061852	0.085408	0.025968	0.021552	0.004318	-0.037462	0.019288	-0.057855	-0.058615	-0.010240	0.018345	-0.005119	0.026117	-0.029818	-0.001428	0.004344	0.071538	0.077294	-0.010075	-0.052071	-0.012929	0.025725	0.007450	-0.055421	0.028547	0.006070	0.029703	0.032303	0.059243	-0.032708	-0.021835	0.035811	0.029743	0.016001	0.028049	0.029133	-0.040907	-0.007480	-0.009290	-0.045872	-0.012236	0.002467	0.029570	-0.012769	0.054791	-0.046933	0.002287	-0.009416	-0.027598	0.038710	-0.026930	0.001725	-0.003693	-0.000549	-0.006371	0.002657	0.007839	-0.006184	-0.012026	0.018291	-0.022658	-0.029795	0.013734	-0.013021	0.011808	-0.006158	0.001562	-0.013484	-0.012426	0.024165	-0.034360	0.005310	-0.003324	-0.022295	-0.015011	-0.011913	0.032576	0.006464	-0.001553	0.019294	0.004771	-0.007317	-0.006695	0.006628
1.459171	-0.371844	-0.361427	-0.350947	-0.276627	0.597838	-0.192288	0.250380	-0.018737	0.101261	-0.026009	0.094681	0.065783	-0.197835	0.037728	-0.176820	-0.006231	0.267363	-0.088612	0.013090	-0.120693	0.049179	-0.157163	-0.050212	0.045773	0.016030	0.039417	0.032278	-0.038999	-0.017990	0.095472	-0.084776	0.066894	0.050582	-0.051018	-0.086135	-0.082891	0.052346	-0.052103	0.016201	-0.064530	0.027722	0.034707	0.008575	0.046086	0.095015	0.049410	0.006028	0.003283	-0.072137	0.026280	-0.068026	-0.034535	-0.000125	0.042522	0.005152	-0.002520	-0.022676	0.024380	-0.006271	0.109477	0.069582	-0.017281	-0.042281	-0.005725	0.026721	-0.020260	-0.016049	0.026051	0.017361	0.034561	0.047537	0.050323	-0.010572	0.001326	0.069268	0.066720	0.014491	0.052604	0.035733	-0.015202	0.037077	0.004165	-0.045642	-0.013933	0.023688	0.066502	-0.028276	0.046074	-0.020594	0.039045	-0.024873	-0.016708	0.068935	-0.026727	0.007674	0.006359	-0.027333	-0.025098	0.040672	-0.001258	0.004887	-0.021297	-0.020584	-0.011153	0.001105	-0.020677	-0.007181	0.028254	-0.020579	0.006927	-0.000231	-0.002084	0.030292	-0.024759	-0.017576	0.007432	-0.013746	0.023550	0.006987	0.037320	0.037353	-0.000824	-0.003895	-0.017919	-0.001951	-0.001801	0.015906
1.743216	0.483259	0.430618	-0.222006	-0.480534	0.219725	-0.438898	0.235131	-0.149754	-0.233678	-0.056406	0.270295	0.114359	-0.114342	-0.009523	-0.074056	0.102435	0.188540	-0.103839	-0.069294	-0.090006	0.032037	0.044929	-0.033952	-0.077373	0.000037	-0.092443	0.155998	-0.095605	-0.043813	-0.009164	0.035007	-0.109504	-0.032636	-0.093171	-0.104130	0.082803	0.089366	-0.002354	0.007471	-0.067271	-0.018578	0.016836	-0.111962	0.025864	-0.042012	-0.004392	-0.030177	0.001462	-0.010267	0.015237	0.034061	0.006287	-0.042547	0.014949	-0.030471	-0.042631	-0.002607	-0.091130	0.019819	-0.111977	-0.050726	0.050265	-0.053695	-0.042908	-0.003292	-0.046662	0.013846	-0.049735	-0.014855	-0.001655	-0.031141	-0.040272	0.028711	0.005323	-0.058229	0.005235	-0.026105	-0.044264	-0.036854	-0.016543	-0.010478	-0.001825	0.028247	-0.023999	-0.036302	-0.045253	0.016132	-0.024686	0.008164	0.004440	-0.022777	0.059701	-0.052133	-0.004343	0.012037	-0.030259	0.005802	-0.017830	0.022966	-0.030365	0.001166	-0.021799	-0.016306	-0.010185	0.003033	-0.025017	0.031750	0.000836	0.004909	0.018979	-0.018279	0.005386	0.004411	-0.024626	-0.017720	0.000596	0.001648	-0.002349	0.008271	-0.007042	-0.009728	0.018923	0.012965	0.017268	-0.008574	0.006515	0.017317
1.001073	1.126971	-0.016792	-0.069303	-0.459753	0.199010	-0.370349	0.260414	-0.143684	-0.096001	-0.001522	0.235490	0.089353	-0.044667	-0.021096	-0.186459	0.083340	0.124477	-0.063417	-0.012702	-0.109494	-0.121432	-0.063134	-0.049790	-0.071512	-0.076107	0.056300	0.058691	-0.022607	0.005113	-0.111046	-0.071171	0.060280	-0.023435	-0.140222	-0.110413	-0.090883	-0.033083	-0.011046	0.098465	-0.043887	-0.013926	-0.048935	-0.014008	0.000533	0.011808	-0.065393	-0.085810	0.037844	-0.015720	-0.023584	-0.049135	-0.032487	-0.037889	-0.005738	0.005334	-0.001085	-0.000239	-0.015703	-0.022789	0.071130	-0.023727	0.008973	-0.046498	0.003542	0.007490	0.031972	-0.044993	-0.035670	-0.042388	-0.042477	0.009596	0.040050	0.008405	0.006926	0.030836	-0.090279	-0.070551	-0.013541	0.016857	0.071636	0.003704	0.017276	0.007341	0.020066	0.038959	0.010610	0.016572	-0.063801	0.035266	-0.006882	0.034250	-0.037740	-0.021833	0.033710	-0.038429	0.036630	0.028257	0.021078	-0.033909	0.044783	0.001636	0.014914	-0.004702	0.027725	-0.017057	-0.034210	-0.008173	-0.039261	0.002202	-0.020429	0.055887	0.041124	-0.009343	0.075391	0.049310	0.008834	-0.034178	-0.001479	-0.013265	-0.017683	0.005841	-0.000087	0.004667	-0.019136	-0.011605	0.009570	-0.010720
3.060146	0.000872	-0.051241	-0.208000	0.238565	0.048478	0.545155	0.076144	-0.283129	0.022508	-0.119854	-0.102534	0.050261	-0.105459	-0.052744	-0.074728	-0.155419	0.015273	0.021769	0.093990	-0.088844	0.044050	0.014675	-0.182297	-0.064653	-0.051671	-0.068957	-0.022076	0.029926	-0.041026	-0.009014	-0.109430	-0.007002	-0.058290	0.109954	-0.049980	-0.038087	0.058169	-0.056219	-0.072694	0.008168	-0.044981	-0.032801	-0.039943	0.023723	-0.059374	0.011210	-0.007287	-0.081406	-0.051692	0.004553	0.032199	-0.037123	0.068931	-0.023733	-0.086813	-0.038384	0.120676	0.016723	-0.067610	0.010060	0.006101	-0.021932	0.091850	-0.059312	0.046530	-0.025739	0.027555	0.064959	0.045991	0.006303	0.037183	0.025442	0.003408	0.032867	-0.057388	-0.008277	-0.004357	-0.041064	-0.068757	-0.027742	-0.009839	-0.025614	0.053482	0.050873	0.042526	-0.000623	0.014400	0.002254	-0.001078	-0.031485	0.067158	0.029346	-0.012751	-0.020919	-0.008543	0.036323	-0.018943	0.026936	0.026344	0.018382	-0.013174	-0.006493	0.012402	-0.026449	0.023093	0.021953	-0.018167	-0.006051	0.001056	-0.012419	-0.017577	-0.012148	-0.018328	-0.009307	-0.033419	0.011177	-0.032492	-0.000275	0.002683	-0.008787	-0.003505	0.006992	0.014614	0.005512	0.001721	0.027604	0.009510
0.005681	-0.109391	0.149712	0.301735	0.420459	0.165015	-0.222827	-0.144579	-0.429374	0.047721	0.059360	0.108185	0.174246	0.124893	-0.152715	0.027804	-0.021493	0.080030	-0.138163	-0.032969	-0.009018	-0.142226	-0.150288	0.073154	0.340512	-0.014286	-0.025896	-0.007413	0.069985	-0.111463	-0.039892	0.074605	-0.100398	-0.048846	0.076023	-0.043639	0.006489	0.064806	-0.095908	0.057987	0.083900	-0.016182	-0.041669	-0.069376	-0.080498	-0.053086	0.011104	-0.052094	-0.074719	-0.066519	-0.012931	0.005989	-0.013483	0.029769	0.023046	0.063993	-0.087744	-0.036416	0.054237	0.096294	-0.011355	0.038143	0.035214	0.047826	0.027544	0.009920	0.001797	0.033895	0.017573	-0.012197	0.044962	-0.024746	0.028736	0.014418	-0.019259	-0.035058	-0.034803	-0.005984	-0.015433	0.029743	-0.052713	0.031775	-0.042621	-0.021667	-0.015400	0.010623	0.034232	-0.064909	0.043660	0.015694	-0.008774	-0.006640	-0.006127	-0.042280	0.054448	0.005296	0.003249	-0.044984	0.014371	-0.036690	0.032894	-0.018918	0.016094	0.037229	0.033920	-0.002250	-0.032602	-0.054933	-0.059818	0.019818	0.028209	-0.040855	0.000044	-0.026496	0.028968	0.023445	0.011634	-0.005110	0.016825	0.021765	0.051852	-0.022643	-0.018564	0.013523	-0.005505	0.013820	0.018337	0.015317
1.142000	0.737032	-0.009841	-0.073137	0.291912	-0.177684	0.371185	-0.112858	-0.204171	-0.104499	-0.169826	0.233337	-0.147258	0.007399	0.245954	-0.093521	0.107681	0.123778	0.189063	-0.011936	-0.019766	0.011930	-0.005032	0.007434	0.090650	0.047591	0.040807	-0.022681	0.028690	0.038458	0.030807	0.112667	0.022482	-0.020522	0.018325	-0.005186	0.152733	0.064596	0.020563	-0.010215	-0.047969	-0.052572	0.020819	0.006698	0.062220	-0.004506	0.037213	0.049621	0.009685	-0.009520	-0.013406	-0.037236	0.023501	-0.008279	-0.048662	0.017666	0.026434	-0.026343	0.031664	0.029687	-0.043105	-0.023200	-0.046259	0.014767	-0.004120	-0.038818	0.031920	-0.009023	-0.038378	-0.004438	0.004670	-0.009338	-0.048160	-0.028146	-0.046453	0.003060	-0.001507	-0.053483	-0.022485	0.032804	-0.020732	-0.018774	0.005113	-0.004832	0.008460	0.022187	-0.005191	-0.045297	-0.011543	-0.000659	-0.007192	0.031713	0.011841	0.007616	-0.037133	-0.014618	-0.003352	-0.022395	-0.037352	0.004197	0.012108	-0.006424	-0.020500	0.019381	-0.030530	0.009781	-0.015376	0.016407	-0.013635	0.014496	0.008045	-0.006635	0.016914	-0.011377	-0.006503	0.002754	-0.005312	0.003288	-0.017522	0.004474	0.024531	-0.005409	0.000049	0.008074	0.005172	-0.011996	-0.005924	0.002122
2.475100	1.095914	-0.250602	-0.391188	0.174486	-0.281495	0.204824	-0.122913	0.143445	-0.157083	-0.346664	0.278696	0.186901	-0.231772	-0.191257	0.049099	-0.174902	-0.049133	-0.009065	0.030346	0.212867	0.024975	-0.168453	0.002389	-0.063696	0.206999	-0.115620	-0.050004	0.188573	0.151029	-0.175711	-0.010507	0.039779	0.054387	-0.109407	-0.036293	-0.015296	-0.042517	0.104569	-0.075266	0.024632	0.054478	-0.042799	-0.005119	-0.014307	0.003355	-0.064069	0.016761	-0.065786	0.027468	0.021053	-0.033030	-0.027509	-0.003284	0.033322	0.025074	-0.009482	-0.056574	-0.004478	0.031062	0.065442	0.015094	-0.029445	0.005287	-0.077031	0.003572	0.046299	0.055490	0.014298	-0.015688	-0.009605	0.002598	-0.009458	-0.018219	-0.077583	-0.007537	0.034190	0.026753	-0.030034	-0.046165	-0.009786	-0.032496	-0.038326	-0.031075	-0.044541	-0.021527	-0.012524	0.060898	0.010777	-0.009451	-0.013615	0.010253	-0.006093	0.006449	-0.009161	-0.022919	-0.001687	-0.010074	-0.015013	-0.010905	-0.010005	0.005824	0.010936	-0.004949	0.010186	-0.001407	-0.027638	0.003287	0.004207	-0.024705	0.009730	-0.002874	0.011446	-0.022895	-0.000134	0.016607	-0.011010	-0.002869	0.014714	0.016390	-0.001152	-0.008409	-0.020368	-0.013614	0.013234	0.013461	0.009254	-0.005917
1.177295	0.735674	-0.111996	-0.093885	0.267961	-0.111779	0.393580	-0.139406	-0.167107	-0.071414	-0.144818	0.178929	-0.140814	-0.015714	0.254061	-0.083945	0.156323	0.122926	0.204294	-0.036216	-0.050591	0.031998	-0.016490	0.011090	0.089383	-0.004903	0.077113	-0.041237	-0.012828	0.057419	-0.026581	0.078325	0.064068	0.003198	0.062019	-0.053181	0.170222	0.071710	0.018201	0.012333	-0.038773	-0.048488	0.032169	-0.020323	0.062247	0.007210	0.027490	0.020830	0.024367	-0.030731	-0.005545	-0.035772	0.039162	-0.005449	-0.063800	0.015421	-0.018582	-0.049824	0.050577	0.019407	-0.000614	0.006445	-0.026908	-0.001444	0.028869	-0.020765	-0.014726	0.017957	-0.043730	0.018459	0.024368	-0.017217	-0.032214	-0.013549	-0.008289	0.007681	0.020144	-0.048050	0.004534	0.031619	-0.009678	-0.022449	0.013199	-0.006838	-0.002708	0.034137	0.009903	-0.024497	-0.020423	0.000780	-0.006803	0.026502	0.021155	0.003693	-0.029938	-0.017990	-0.015172	-0.002605	-0.026509	0.013605	-0.007051	-0.003084	-0.023658	-0.003994	-0.013464	0.020439	-0.008030	0.016224	-0.005884	0.013082	0.010915	0.012448	0.001610	0.009352	-0.017540	-0.008560	0.003025	-0.009505	-0.009047	-0.012012	0.012344	-0.012487	-0.013094	-0.000562	0.003969	0.003918	-0.023956	-0.011896
-0.625293	0.642406	-0.128891	0.244286	0.254094	0.433310	-0.163050	-0.048023	0.171281	0.067475	0.288759	-0.137008	-0.132504	-0.106996	0.019298	0.020315	-0.048138	-0.004041	0.036816	-0.057726	-0.007574	-0.086781	-0.024425	0.086316	-0.155723	0.092363	-0.067683	0.165833	0.098810	-0.016389	-0.042970	0.089916	0.048557	-0.183745	0.022731	-0.092038	0.170681	0.091987	-0.083492	0.147972	-0.094959	-0.049461	-0.076866	-0.122766	0.032977	-0.089117	-0.100042	0.012914	0.070302	0.117985	0.014906	0.040495	-0.003304	0.077045	-0.111981	-0.123761	0.131081	0.007677	0.053158	0.062775	-0.082323	-0.031303	0.163313	0.012840	0.050149	0.119751	-0.019507	-0.163495	-0.069457	0.067769	0.012078	0.035226	-0.035570	0.038681	-0.014869	-0.001794	0.068939	0.037095	0.035277	0.007241	-0.038846	-0.062483	-0.139557	-0.058826	0.019960	-0.044190	0.056800	0.069480	-0.041114	-0.045582	0.024270	0.056751	-0.003713	0.006358	0.059516	0.000616	-0.015630	-0.101138	0.013317	0.009032	-0.042023	-0.018136	-0.080677	-0.065498	0.024917	0.071243	0.030777	0.040867	0.061072	0.123860	0.045372	-0.050483	-0.076745	0.014811	-0.104104	0.114880	0.055033	-0.080919	0.022289	0.036719	0.035853	-0.083073	-0.016418	-0.113566	-0.001070	-0.040888	0.009764	-0.018667
1.594662	-0.640213	0.056045	0.645514	0.237870	-0.052761	-0.220193	-0.314624	-0.388019	0.057450	0.225710	0.296510	0.188038	-0.324495	0.167513	0.085138	-0.056465	-0.106931	0.171793	0.113286	0.027833	-0.001338	0.257117	0.246921	-0.125746	0.041207	0.112288	0.067716	-0.103797	0.136369	0.304342	0.027138	0.006040	0.015866	-0.129416	-0.024517	-0.039010	-0.148804	-0.041121	-0.027955	-0.071274	-0.118538	0.023827	-0.068000	-0.062468	0.039816	-0.036456	-0.051883	-0.089691	-0.005802	-0.059152	0.060712	-0.050202	0.128988	0.015790	0.081146	-0.010751	-0.013753	-0.089689	0.030205	0.023536	0.022963	0.005806	0.012389	-0.047646	0.006568	-0.004794	0.043923	0.011435	0.042071	0.016738	0.009412	0.037046	0.035592	-0.056943	-0.009438	-0.030667	0.022544	-0.002224	0.031158	-0.001934	-0.005469	-0.019193	0.006042	0.032557	0.007944	-0.005640	-0.000510	-0.007494	-0.015806	0.021520	0.003486	-0.043699	-0.018329	0.016304	-0.007548	-0.003000	-0.011983	0.002054	-0.008141	-0.018931	-0.000879	0.000238	-0.013747	0.006723	0.012660	-0.013095	0.015704	-0.001556	-0.005052	-0.001004	0.004147	0.009625	0.012067	0.004541	-0.010131	0.020950	0.005437	0.001537	-0.025257	-0.003266	-0.005287	-0.016846	0.000607	-0.006130	-0.008327	0.000955	-0.011675
-1.611543	0.476449	-0.319665	0.315222	0.159482	0.467228	-0.065445	-0.161711	-0.012994	0.050941	-0.000684	-0.277263	-0.282932	-0.084748	-0.038101	-0.077346	0.003597	-0.127617	-0.009037	-0.209373	-0.095555	0.153228	0.066784	0.040025	-0.027274	0.077476	-0.038825	-0.082697	0.024676	-0.087286	-0.063497	-0.064277	-0.090545	0.037260	-0.103028	-0.050923	0.007910	-0.127674	0.065588	0.008960	-0.088517	0.039226	-0.054348	-0.012270	-0.044623	-0.055123	0.037295	-0.059035	0.076840	0.061230	-0.046260	0.044655	-0.015259	0.053876	0.054451	0.007587	0.037194	0.044369	-0.144455	0.027894	0.035645	-0.000689	-0.011840	0.011378	-0.058652	0.043035	0.017138	0.024672	-0.023933	-0.051672	0.029719	-0.053372	-0.052596	-0.018578	0.026229	0.019118	0.049273	-0.006701	0.016914	0.016631	0.048154	-0.040759	-0.002583	0.023101	-0.036149	0.040881	-0.024131	-0.030795	0.036289	-0.064848	-0.037159	-0.008981	0.010684	-0.042775	-0.014052	0.002091	0.047098	0.006479	0.018018	0.046667	-0.012121	-0.015869	-0.003483	0.001807	0.009184	-0.004025	0.008216	-0.024074	-0.016996	0.018854	-0.009782	0.026573	-0.016223	0.032738	-0.013993	0.006214	0.001377	-0.003831	-0.027776	0.028796	0.004885	-0.026329	0.000964	-0.012789	-0.017086	-0.009750	0.013718	0.009337
1.197305	0.623688	0.211553	0.113466	0.780391	0.048351	-0.366215	0.069114	0.043872	-0.087518	-0.065342	-0.120821	-0.208608	-0.102063	0.098792	0.037801	-0.024410	0.022909	-0.196103	-0.053502	0.071089	-0.133436	0.007024	-0.146438	-0.041854	-0.143713	-0.034789	-0.090098	-0.073544	-0.044133	0.030582	0.031960	0.017459	-0.024072	-0.019759	-0.009044	0.032951	-0.030549	-0.062547	0.074050	0.029856	-0.041703	0.088495	0.016862	0.077415	-0.020192	-0.053753	-0.049260	0.001394	-0.073313	0.014162	0.023349	0.010183	-0.049762	-0.021509	-0.002813	0.031412	-0.039154	-0.067193	0.064138	-0.005260	-0.008350	0.019419	0.026973	0.005805	0.010320	0.096600	0.027363	0.029538	0.002470	-0.017913	-0.030102	-0.022469	-0.006026	0.009113	-0.001488	-0.023239	0.011400	-0.005355	0.030971	0.027700	-0.013193	-0.050708	0.037434	0.020541	-0.016523	-0.058113	0.022050	-0.013617	-0.000246	-0.036095	-0.012802	-0.010283	0.006636	0.008287	0.012568	-0.016173	-0.021751	-0.007408	0.024330	-0.007210	0.011762	0.039547	-0.046955	0.001937	-0.021191	0.004528	0.015644	-0.002471	-0.029663	-0.020480	0.021063	0.004259	0.011563	-0.012242	-0.005909	0.008902	-0.003974	-0.028925	0.013922	0.015305	-0.004524	0.027259	-0.020298	-0.009466	-0.023908	0.000340	0.008161
0.454560	0.355362	-0.156580	-0.328614	0.078391	0.082214	-0.147965	0.460734	0.127438	0.481505	-0.059290	0.317723	-0.302855	0.052036	-0.159752	0.197483	0.218352	-0.007411	-0.041244	0.042471	0.016392	0.089721	-0.017405	0.058897	-0.025208	0.072822	0.029061	-0.096249	-0.055390	-0.140570	0.030437	0.008550	0.122120	-0.076961	0.061625	0.095726	0.037046	-0.081556	-0.008064	0.032341	-0.041451	-0.015844	0.031410	0.112725	-0.005227	-0.033297	0.071114	-0.025963	-0.062757	0.021196	-0.016487	-0.024387	-0.005923	0.032418	0.058722	-0.021748	-0.076184	-0.042290	-0.003544	-0.048919	-0.000219	-0.029181	0.032596	0.064043	-0.014716	0.042323	-0.012788	0.020928	0.008464	0.015651	-0.019769	0.035060	0.008522	-0.039143	-0.053552	-0.002943	-0.002447	0.020029	-0.002783	-0.033325	0.011017	0.014003	0.065572	0.025946	-0.048497	-0.049750	0.048947	0.001655	-0.046501	-0.022960	-0.055235	-0.020780	-0.041560	0.011229	0.024865	0.032290	0.004720	0.063692	0.016339	-0.007655	0.014667	-0.021056	0.002460	0.019042	-0.010705	0.043319	-0.036884	0.021951	0.007587	-0.007733	-0.007917	0.027953	-0.019129	-0.015658	-0.037481	0.001613	-0.013861	-0.012634	-0.029751	-0.000042	0.002807	0.014859	0.025096	0.000471	0.009788	0.024653	0.003277	-0.021258
0.408215	0.308181	-0.129436	-0.414644	0.054172	0.041781	-0.100733	0.397303	0.032427	0.505407	-0.070876	0.373449	-0.367539	0.118619	-0.188105	0.240511	0.213336	-0.044773	-0.073264	-0.001978	0.007619	0.121600	0.022368	0.080193	-0.018902	0.026040	0.052030	-0.118745	-0.057922	-0.144431	0.039781	0.032823	0.085868	-0.136793	0.050459	0.080746	0.039412	-0.068578	-0.071358	0.061626	-0.029213	-0.037274	0.057409	0.086339	-0.005569	-0.041043	0.049482	-0.039779	-0.046877	0.010474	-0.036990	-0.049499	-0.043230	0.022313	0.055526	-0.023821	-0.042780	-0.052568	-0.038339	-0.050008	-0.016265	-0.059999	0.010912	0.046973	-0.009496	0.039327	-0.030052	0.024095	0.007086	0.010582	-0.017396	0.047372	-0.013738	-0.042498	-0.049240	0.028184	0.001215	-0.009320	-0.047350	-0.029168	0.017914	0.016165	0.023733	0.069685	-0.027151	-0.041031	0.015920	0.015842	-0.033821	0.016022	-0.065990	-0.011230	-0.041809	0.044203	0.034769	0.039329	0.018745	0.076382	0.022511	-0.010687	0.008110	-0.009234	-0.009741	-0.008553	0.005291	0.045735	-0.020659	0.025496	0.024271	-0.018584	-0.033616	0.009335	-0.000206	-0.032475	-0.039026	0.017117	-0.008588	-0.025455	-0.028575	-0.005228	-0.015213	-0.001589	0.013647	0.001823	0.009544	0.021420	-0.013740	-0.018301
0.453937	0.353690	-0.152369	-0.327007	0.073127	0.076578	-0.145249	0.464346	0.124156	0.481366	-0.064513	0.309358	-0.297224	0.049053	-0.167104	0.194105	0.214274	-0.003229	-0.038324	0.045079	0.026153	0.088988	-0.017669	0.061869	-0.021688	0.075029	0.041380	-0.094065	-0.064479	-0.140670	0.026702	0.002369	0.121205	-0.076324	0.063129	0.082894	0.038534	-0.078772	-0.006764	0.032961	-0.045400	-0.018431	0.035100	0.109553	-0.010015	-0.036712	0.071101	-0.029120	-0.062221	0.025423	-0.013079	-0.024268	-0.005378	0.030293	0.059546	-0.022610	-0.075706	-0.042707	-0.005585	-0.047520	-0.005432	-0.027282	0.038368	0.065714	-0.010853	0.045469	-0.012188	0.015069	0.007892	0.015951	-0.020831	0.032985	0.013916	-0.038687	-0.049459	-0.002461	0.002021	0.018377	-0.004426	-0.031806	0.010635	0.013407	0.065150	0.021981	-0.048297	-0.049448	0.048980	0.004322	-0.045560	-0.022617	-0.054939	-0.022646	-0.037685	0.009993	0.025520	0.033276	0.004187	0.064784	0.016406	-0.011706	0.014636	-0.020640	0.000814	0.016557	-0.008926	0.040087	-0.039114	0.023550	0.009055	-0.005663	-0.008088	0.028663	-0.018343	-0.014667	-0.037623	0.003631	-0.017115	-0.013617	-0.030237	-0.001018	-0.000273	0.014650	0.021753	0.000741	0.008411	0.027033	0.005684	-0.020946
-1.370665	-0.021540	0.365416	0.316877	0.166128	-0.072511	-0.207968	-0.351904	-0.325743	0.178879	0.026799	-0.038173	0.054323	-0.026663	-0.273997	-0.109319	-0.068549	0.019331	0.053995	0.072431	0.009685	-0.010752	0.015583	0.067072	-0.014278	0.143229	-0.036521	-0.056482	0.030565	-0.101809	0.010835	-0.029686	-0.040349	0.065119	0.050990	0.039560	-0.045486	0.086083	0.056103	0.021327	0.039798	-0.006967	-0.004631	-0.032146	0.037749	0.049735	0.039098	0.059497	-0.054436	-0.029679	-0.051045	-0.063454	0.053374	-0.048567	0.070801	0.017435	0.056681	-0.079900	-0.058415	0.020640	0.003235	-0.030066	-0.058720	0.021444	-0.009292	0.037130	-0.063140	-0.048433	-0.044577	-0.011579	-0.014330	-0.030480	-0.055046	0.000218	0.106262	0.005691	0.054958	-0.002390	0.054496	-0.081196	-0.002663	-0.046022	0.035395	-0.024013	0.072841	0.068686	-0.011900	0.052268	-0.079834	0.022899	-0.092838	-0.056693	-0.013640	-0.011517	-0.073505	0.000398	-0.016533	-0.029131	-0.010891	-0.028125	0.028222	0.074799	0.004486	-0.038026	-0.031186	-0.093901	0.019427	-0.013051	0.024889	-0.004720	0.012373	0.021621	0.025773	-0.034686	-0.058272	0.034607	0.032861	-0.001534	0.013229	-0.039508	-0.037236	-0.004613	-0.055445	0.038584	0.059865	-0.016917	-0.058535	0.003022
-1.779765	0.078469	0.056406	0.132265	0.216432	0.479572	-0.201510	-0.710962	-0.185228	-0.032370	0.328812	-0.061212	0.029511	-0.137123	-0.275120	-0.087546	0.076513	0.020139	-0.143106	-0.007257	0.086616	-0.012223	-0.009628	0.008327	0.074551	0.218291	0.015251	-0.054574	0.126600	-0.016554	-0.083351	-0.108150	-0.035212	-0.019261	0.054490	-0.016856	-0.015067	0.003592	0.019814	-0.014165	0.033756	0.074997	-0.034556	0.076140	-0.070517	-0.000889	0.029025	0.016769	-0.044255	-0.027173	-0.032323	-0.114460	0.022605	0.016330	-0.001628	-0.020003	0.047444	-0.124882	-0.024951	0.005264	-0.091785	0.012200	-0.012123	-0.052145	-0.017347	-0.013160	-0.003139	-0.023749	-0.000449	-0.022555	0.007104	-0.013048	-0.015485	0.025663	-0.000489	-0.001607	-0.000203	0.053894	-0.015774	0.002667	-0.028470	-0.012772	0.001937	-0.058976	0.079466	0.032954	-0.033770	0.042846	-0.023561	-0.088888	0.039550	-0.059932	0.021501	0.036812	-0.075332	-0.061772	0.056615	-0.004173	0.009139	0.035859	0.037138	-0.047411	0.045457	-0.063002	-0.021257	-0.002444	0.018819	0.040820	0.007931	-0.025133	0.030870	-0.023301	-0.027174	-0.035375	0.042505	-0.004245	0.029415	-0.033308	-0.040070	-0.004536	-0.019656	0.087825	0.036917	0.006593	-0.027147	-0.037170	0.006844	-0.023683
2.751793	-0.452492	-0.632588	-0.260631	-0.607480	-0.088882	-0.369316	0.449167	-0.521009	0.246198	0.056426	-0.128371	-0.169604	0.011863	0.126061	-0.101094	0.086467	-0.203410	-0.144896	-0.007810	0.004287	0.033675	0.163379	-0.090941	0.242079	-0.080308	-0.035577	-0.217787	0.222820	0.238381	-0.040532	-0.068743	-0.040303	0.040473	-0.118487	0.033560	0.024286	-0.109292	-0.021209	0.034217	0.011621	0.035732	-0.035863	-0.046385	-0.081478	0.052128	-0.027483	-0.065006	0.069598	0.100444	0.026161	0.030644	0.009240	0.029428	-0.049658	0.009628	0.016509	-0.092339	0.044462	-0.015892	-0.025161	-0.028205	-0.061991	0.043816	0.078016	-0.042025	0.054998	0.046688	0.034604	0.024797	-0.043198	-0.007793	0.055650	0.002781	0.051078	0.001818	-0.010466	-0.001374	0.013140	0.048458	-0.031513	-0.007489	0.009956	0.009885	-0.013045	0.009808	0.024575	0.007795	-0.028381	0.060442	-0.010008	-0.027377	0.016236	0.020604	-0.037719	-0.020769	-0.004033	-0.010458	-0.021491	-0.025403	-0.008408	-0.015438	-0.017832	-0.010697	0.006202	0.008703	0.015440	-0.000231	-0.014029	-0.011152	0.002849	-0.020655	-0.024644	0.008016	-0.037177	0.000227	0.000704	0.017154	-0.004917	-0.001283	-0.012808	-0.014314	-0.009396	0.017077	0.025687	-0.020679	0.000671	0.015868
-1.036637	-0.220057	-0.365359	-0.499239	-0.090480	0.043266	0.099767	-0.191868	-0.083068	0.068479	0.044228	0.222175	0.034062	0.229643	0.107624	-0.163527	-0.096277	0.091657	-0.095417	-0.200258	-0.040155	-0.187863	-0.108095	-0.155193	-0.055824	-0.189418	-0.058630	-0.087534	-0.052505	-0.047229	0.141261	0.023576	-0.124122	-0.169391	0.005389	-0.009752	0.039021	-0.010881	0.077716	-0.083411	-0.105131	0.042296	-0.042756	-0.094498	0.004268	0.082839	-0.107543	0.009844	-0.077556	0.040102	0.039736	-0.046843	0.024436	-0.033470	0.005548	0.100531	0.098093	-0.097411	0.030520	-0.042066	0.027287	0.098485	-0.037479	0.100838	-0.019437	-0.000139	0.148575	-0.044221	0.113643	0.017080	0.080277	-0.051821	-0.003199	0.017807	-0.096450	0.033010	-0.092016	-0.033040	-0.036267	0.032600	0.044951	-0.027611	-0.007286	0.049769	-0.014614	0.012282	0.072045	0.054107	0.020966	0.070797	-0.000154	-0.052260	0.032135	0.022485	0.068138	0.100747	-0.003097	0.035165	0.063408	0.027774	-0.014219	0.011215	0.030106	0.040605	-0.042759	-0.037833	-0.012335	0.007212	0.063355	-0.053559	-0.012360	0.009462	0.043723	-0.078451	-0.016724	-0.040719	-0.024302	0.023910	0.039402	0.073156	-0.065050	-0.070477	0.064684	-0.069150	-0.022811	-0.043232	0.000669	0.007152
-1.613381	-0.028915	0.278831	0.276179	0.218410	0.109488	-0.287331	-0.327945	-0.348585	0.110598	0.131607	0.054000	0.084937	-0.013206	-0.220830	-0.039996	0.153658	-0.067285	-0.124869	0.055444	0.011029	-0.093397	-0.159190	-0.139944	0.143311	0.020040	0.050667	0.031975	0.105237	-0.022046	-0.095620	-0.105898	-0.030105	-0.080135	0.027985	0.009046	-0.042500	-0.011441	-0.061405	0.038353	-0.062350	0.057745	-0.053148	0.029314	-0.032091	-0.023917	-0.046225	0.008241	-0.019729	-0.001018	-0.073192	0.020524	0.042114	-0.054064	0.081922	-0.009713	0.054602	-0.128409	-0.034877	-0.008230	-0.055676	0.043637	-0.018902	0.015183	-0.016110	-0.021946	-0.051468	-0.044624	-0.032268	0.047471	0.049020	-0.030561	0.024201	-0.011085	-0.044811	-0.034151	-0.029006	0.013016	-0.002692	0.030930	-0.022130	0.030839	0.026798	0.030417	0.018227	-0.008066	-0.054993	-0.000764	-0.038283	-0.022409	0.021208	0.042990	-0.002625	0.007782	-0.028700	0.005026	-0.003984	-0.018727	0.003212	0.003186	-0.000571	-0.039604	-0.004914	0.013664	-0.013471	-0.002051	-0.008527	0.027789	0.009129	-0.025387	0.012663	0.021346	0.027085	0.001854	-0.008118	-0.018979	-0.020928	-0.018840	-0.014017	-0.001333	-0.026472	0.018846	0.034054	-0.022880	-0.006135	-0.017810	-0.029025	-0.007212
1.492818	-0.307618	-0.131429	0.148070	0.015295	0.584134	0.321981	0.143799	0.099491	0.011623	0.152838	-0.160451	0.215218	0.151606	0.278327	-0.014458	-0.134830	0.022662	0.040988	-0.019019	-0.064770	0.129713	-0.131917	-0.061221	-0.034676	-0.002708	-0.049606	0.069366	0.049419	0.012463	0.042746	-0.012624	0.042300	0.092389	0.062452	0.119546	0.070064	-0.063622	-0.021671	-0.127078	0.040550	0.013088	0.055128	0.041212	0.070348	-0.063802	0.093753	0.069731	-0.045420	-0.076001	0.134991	0.072581	0.121620	0.023557	0.075830	0.039607	-0.033550	-0.063935	-0.082167	0.112824	0.050276	0.103761	0.014310	-0.042976	-0.044369	-0.185004	-0.144029	0.099638	-0.013324	0.004972	-0.023032	0.037970	0.018480	0.021794	-0.048640	-0.045631	0.012512	-0.030120	0.083413	-0.001830	-0.010005	0.008811	0.011982	0.011499	0.067271	-0.051984	-0.043952	-0.040790	-0.035656	0.076873	-0.027269	-0.031077	-0.034967	0.038900	0.066824	-0.054332	-0.005452	-0.060614	-0.008238	-0.040163	0.074436	-0.002938	0.086519	0.001120	0.067060	-0.069833	-0.057161	0.057551	-0.021092	-0.046169	-0.002652	-0.026144	0.083429	0.025431	-0.019385	0.008974	0.034237	0.058837	-0.076540	-0.055093	-0.089382	-0.009781	0.033300	-0.026820	0.037101	-0.013427	0.036347	-0.008544
-0.709833	0.367332	-0.130464	0.414473	0.258160	0.108627	-0.301220	-0.241811	-0.273278	0.240931	0.008443	0.078106	0.048030	-0.047889	0.005630	-0.035116	0.143849	-0.012851	0.034381	0.184254	-0.015174	-0.083762	0.030781	0.047009	-0.060222	0.000209	-0.036996	0.056903	0.030902	0.020097	-0.029495	-0.108274	0.078651	0.072460	0.038284	0.008540	0.000225	0.004707	-0.087191	-0.029080	0.093880	0.005362	-0.100223	-0.016274	0.152473	0.076574	0.089785	-0.053736	0.088496	0.063155	0.011924	0.031596	0.045539	-0.058735	-0.060189	-0.033193	-0.010541	0.065926	0.047300	-0.072951	0.014895	0.006582	0.057483	-0.041949	0.007295	0.000763	0.018348	0.058778	0.037342	-0.054434	-0.089036	-0.004261	-0.021748	0.016957	0.009818	0.028191	0.039641	-0.028006	0.009536	0.011165	0.042449	0.022192	0.020505	0.007039	-0.016223	-0.019797	-0.001981	0.010033	-0.014892	-0.002515	0.002684	0.008241	0.030647	0.021556	0.056409	0.010866	0.024578	-0.017564	-0.028154	0.001044	0.025899	-0.011089	-0.006568	0.005341	0.028231	-0.028526	-0.035879	-0.028099	0.028745	-0.006675	0.000970	0.019961	-0.007981	-0.020266	0.002639	-0.004811	0.048961	0.034619	0.006471	0.019555	0.025042	0.021718	-0.021170	-0.037497	-0.003352	-0.006916	0.037835	0.009822
0.902565	0.567904	0.200957	0.064032	0.767585	-0.277369	-0.473081	0.182225	0.121694	0.055340	-0.223199	-0.163483	-0.106031	0.035235	0.046907	-0.067661	-0.126318	0.162844	-0.053325	0.051684	0.159530	-0.110512	0.065461	-0.028188	-0.001863	-0.051223	-0.070426	-0.022992	-0.000598	-0.001588	0.054738	-0.006680	0.004261	-0.004398	-0.036105	-0.026818	-0.068718	-0.038449	-0.001917	0.008302	0.024745	-0.019058	0.115170	0.007691	0.002029	-0.027968	0.003000	-0.005717	-0.037431	-0.073343	-0.015653	-0.022730	-0.002329	-0.000023	0.017024	0.053880	0.027549	-0.008776	-0.010022	0.006298	-0.019748	-0.006754	-0.005975	0.027282	0.010142	0.012175	0.061577	-0.039713	-0.013490	0.013755	-0.051777	0.007594	-0.011258	-0.020852	0.058414	-0.020268	0.045534	0.012422	0.011579	0.015325	0.016040	0.006963	0.001508	-0.009263	-0.002243	-0.040269	0.016477	-0.004586	0.026566	-0.001725	0.011396	-0.007352	-0.020983	0.003024	-0.004219	0.013231	-0.000140	0.004722	-0.002527	-0.006678	0.022259	-0.009288	-0.019693	0.032148	-0.023473	0.029861	-0.021970	0.009243	-0.021788	0.007293	0.020887	0.011635	-0.000391	0.011822	-0.008770	0.010710	0.002808	-0.014228	0.011682	0.005715	0.001715	-0.007987	0.014566	0.009565	-0.023139	-0.008806	0.016155	0.007352
0.707615	0.604424	0.125500	0.078993	0.734138	-0.248734	-0.458380	0.147624	0.123073	0.066832	-0.194643	-0.169158	-0.121030	0.025096	0.052259	-0.051170	-0.120075	0.148025	-0.059774	0.052744	0.101279	-0.087912	0.091993	-0.026225	-0.012693	-0.038712	-0.091204	-0.009845	0.021102	-0.002436	0.042363	-0.017739	-0.001683	-0.007161	-0.043871	-0.027483	-0.095924	-0.027711	0.005820	-0.000528	0.030152	-0.019188	0.109881	-0.008765	0.011341	-0.016029	0.033497	0.013627	-0.031379	-0.098511	0.004124	-0.021191	0.008679	-0.015755	0.018666	0.060133	0.036559	-0.009050	-0.005975	0.011508	-0.002033	-0.011700	-0.026521	0.021092	0.014030	0.000827	0.046656	-0.033822	-0.033851	0.011639	-0.041174	-0.000179	-0.003545	-0.020384	0.037106	-0.033335	0.030076	0.021963	0.011806	0.009794	0.013085	0.008252	-0.000370	-0.014739	0.004537	-0.035613	0.023546	-0.021832	0.018867	0.006741	0.001530	-0.001718	-0.016860	0.003384	0.002457	0.012868	-0.015337	0.009646	-0.004347	-0.005049	0.024728	-0.024675	-0.012594	0.022941	-0.014691	0.039234	-0.021026	0.009976	-0.019034	0.014428	0.023298	0.018928	0.000479	0.012619	-0.000936	-0.000825	-0.005781	-0.009112	0.011620	0.008283	-0.001502	-0.010495	0.018590	0.001966	-0.008296	-0.006184	0.014451	0.002202
-1.593810	0.168408	-0.265201	0.296854	0.291363	0.317020	-0.221147	-0.493530	-0.327376	0.163290	0.207479	0.117170	0.130375	0.077323	-0.213660	-0.053465	0.061856	-0.045522	-0.111039	0.007674	0.009889	0.025289	-0.112170	-0.071937	0.119151	0.028406	0.030953	0.050798	0.111755	-0.035354	-0.094343	-0.102324	-0.024905	-0.015269	0.035240	-0.010872	-0.074299	-0.084084	0.021826	0.009856	0.008176	0.033213	-0.026997	0.014593	-0.034217	0.024645	-0.052790	0.008011	0.049042	0.011516	-0.142296	-0.044179	0.001300	0.014064	0.077873	-0.052399	-0.032667	-0.093024	-0.010568	0.023976	-0.059170	0.023723	-0.018628	0.004171	0.013078	-0.011529	-0.047812	-0.026387	-0.016577	0.036706	0.060352	-0.034838	0.024660	-0.006899	-0.024575	-0.006683	-0.025135	-0.012753	-0.014790	0.028632	-0.054384	-0.004139	0.020778	0.002128	-0.018994	0.019734	-0.051953	-0.009201	-0.049676	-0.008537	-0.007160	0.008886	0.029868	0.012065	0.008033	0.012315	-0.008869	-0.012440	0.037642	0.013695	-0.006226	0.011946	0.001198	-0.032060	0.006135	-0.007699	-0.047893	0.007559	0.017249	-0.004144	-0.018605	-0.003321	0.020417	-0.048860	-0.001436	-0.006877	-0.015357	-0.005510	-0.017242	-0.027669	-0.025846	0.025696	0.041338	-0.017135	-0.014096	0.018751	0.004088	-0.007865
0.124438	1.166688	0.246293	0.286005	0.605482	-0.010661	-0.267959	-0.066282	0.189074	-0.063045	0.087779	-0.389145	-0.142909	0.037486	0.120100	-0.187590	0.061758	0.071190	-0.121567	0.088640	0.004842	0.066608	-0.029657	-0.026768	0.055091	-0.056837	-0.057159	0.107989	0.016759	-0.032421	0.071872	0.056365	0.040135	-0.029392	0.016159	-0.020699	0.064894	-0.167287	0.009422	-0.029514	0.009937	0.027971	0.003172	-0.049557	-0.092708	0.002359	-0.028768	0.013490	0.042696	0.001437	0.039465	-0.019311	-0.049607	0.005704	-0.013696	-0.013845	-0.068411	-0.010727	0.058487	-0.032204	0.002675	-0.011852	-0.013731	-0.008695	0.061308	0.005593	-0.069233	-0.039408	0.002682	0.013372	0.036732	0.020633	0.050021	0.024066	-0.004383	0.027786	0.012065	-0.008828	0.032645	0.009138	-0.041995	0.005096	-0.014438	0.005892	-0.010570	0.010868	0.011737	-0.001335	0.034430	-0.004043	0.008392	-0.012144	0.037984	-0.002343	0.032600	-0.005385	-0.031620	0.013536	0.002018	0.029490	-0.061668	-0.005020	-0.075684	-0.023729	0.013067	-0.022239	-0.024891	0.003089	-0.006054	-0.051448	-0.015073	0.016781	-0.013939	-0.010784	-0.003931	0.004282	0.003695	-0.003771	0.016687	-0.008348	-0.021360	-0.011153	0.026272	0.005712	0.031968	0.047625	0.023065	-0.083367
1.048214	-0.745487	1.212482	0.271367	0.345687	-0.034318	-0.061315	-0.103139	-0.266268	0.237065	-0.179746	0.216875	0.194556	-0.302629	-0.234444	0.181074	0.095291	-0.104388	-0.110661	-0.216854	-0.031386	-0.148974	-0.223704	-0.114713	0.209126	-0.098542	0.089093	0.045116	0.006206	-0.117409	-0.160493	0.050135	0.017466	-0.152211	-0.014321	-0.131061	0.074119	-0.012355	-0.009896	-0.039316	-0.050166	-0.036856	-0.081960	0.046150	0.043014	-0.038325	0.149019	0.053241	0.083136	-0.024167	0.052491	0.034862	0.098180	0.059523	-0.055264	-0.034443	0.013573	-0.045270	-0.025341	0.002240	-0.002225	-0.041955	-0.002384	-0.043605	0.005577	-0.052384	0.045297	0.020989	0.054347	-0.021800	0.011840	-0.075562	-0.006364	-0.020117	-0.015616	-0.081997	0.033694	0.014289	0.024014	0.039297	0.057713	0.019069	0.026778	0.041173	0.035118	-0.115390	0.074251	-0.008128	0.021758	0.037063	-0.005387	0.029632	0.019466	-0.016820	0.014030	-0.033430	0.020951	-0.004162	-0.053336	-0.003006	-0.036571	0.027769	0.024590	0.084587	-0.000498	-0.008138	0.083167	-0.008750	-0.020350	-0.081953	0.006992	0.018788	-0.061582	-0.006796	-0.003914	-0.011508	-0.043754	-0.003648	-0.028052	-0.016246	-0.024405	0.044598	0.029422	0.004656	-0.009552	0.008134	-0.005969	-0.048072
-1.193732	-0.314805	-0.030927	-0.322995	0.073866	0.669287	0.225003	-0.095927	0.035810	0.209430	0.250841	-0.032094	-0.259678	0.077125	-0.023780	0.086839	-0.066218	-0.016025	-0.032075	0.092148	-0.183248	-0.021684	0.052955	0.013798	-0.081764	0.009918	0.043537	-0.116212	-0.048919	-0.012827	0.024940	-0.024412	0.038537	-0.035343	0.131022	0.115048	-0.074399	0.024122	-0.013775	-0.035056	0.017393	-0.062464	-0.032474	0.058420	0.139541	-0.060503	-0.067299	-0.036618	-0.021187	0.048846	-0.070634	0.010727	-0.022693	-0.114970	0.041261	-0.003593	-0.072167	0.013125	-0.064818	0.006234	0.005152	0.030375	-0.002035	-0.018806	0.049724	-0.074805	0.049891	0.023032	0.088890	-0.003315	-0.018801	0.068821	0.047857	0.023715	-0.014259	-0.042977	-0.039992	-0.062886	-0.043894	0.026487	-0.038232	-0.043996	0.051903	-0.046656	-0.008151	0.023728	0.012725	0.063454	-0.002481	-0.025328	-0.044748	-0.094412	0.033099	0.014330	0.013623	-0.077175	0.006692	0.022615	-0.038430	0.035259	0.060889	0.018252	-0.056583	-0.045093	-0.003952	0.033806	0.003298	0.071057	0.011624	0.010446	0.053491	-0.025384	0.033926	-0.015790	0.029387	0.061483	-0.054489	0.029301	-0.025855	-0.021834	0.026909	0.010920	0.014685	-0.020240	-0.038385	0.043118	0.027753	-0.004223
-2.700287	-0.785758	-0.349884	-0.824881	0.087820	-0.465893	-0.294900	-0.143557	0.175080	-0.085088	0.100553	0.128288	0.147015	0.200503	0.010653	-0.182927	-0.063810	-0.041233	0.269675	0.015718	0.102898	0.115979	-0.042908	-0.160616	0.003925	0.043231	-0.100436	0.033136	-0.217530	0.023793	0.002394	0.138376	0.088472	-0.205208	0.032176	0.033947	0.063421	0.106902	0.085019	-0.019862	-0.061086	0.024735	0.035240	0.061561	-0.059101	0.106388	-0.058844	-0.148552	0.034089	-0.020578	0.007135	0.046297	0.057672	-0.040777	0.014615	-0.033849	-0.061168	-0.037925	0.059306	-0.031252	-0.050239	0.058186	0.094256	-0.013738	-0.009061	0.067449	-0.148115	0.028700	0.074489	0.065341	0.016152	-0.011503	0.005454	-0.002355	0.007665	-0.028931	0.057921	-0.000304	0.013282	0.066643	-0.008150	0.021347	0.040172	0.002419	-0.036026	0.018636	-0.034178	-0.010303	0.015257	-0.002406	0.011551	0.016483	-0.038470	-0.000258	0.018773	-0.016251	0.045450	-0.061443	-0.078686	-0.033178	-0.003610	-0.039153	0.019833	-0.029288	0.033412	0.025534	0.014456	-0.006345	-0.004785	0.038607	-0.029033	0.012449	0.022261	0.041349	-0.034237	0.008800	-0.026328	-0.027598	0.079062	0.016647	-0.059147	0.045329	-0.059266	0.007241	0.013308	0.011701	-0.006642	0.009091
0.456648	-0.549674	-0.389147	0.420831	-0.367242	0.393694	-0.073722	-0.073021	0.062852	-0.257639	-0.148379	0.033068	-0.230298	0.024572	-0.137192	0.042469	0.189232	-0.135643	-0.170516	0.115410	0.028148	0.121041	0.088657	0.048771	0.059560	0.040575	0.105640	0.233571	0.138080	0.063384	-0.005700	0.015821	-0.090926	0.062638	-0.006034	0.131186	0.059468	0.022134	0.121458	-0.239835	0.020666	-0.099139	0.087347	-0.005016	0.105071	-0.018756	-0.132578	-0.125371	0.041789	-0.009916	-0.008707	0.008977	-0.063475	0.045761	-0.026803	0.056574	-0.016703	-0.017817	0.015496	-0.000438	-0.070941	0.014930	-0.054521	0.009118	0.037998	0.087281	0.024950	-0.067911	0.005127	-0.030255	-0.011855	0.015834	0.026554	0.015309	0.018179	-0.053256	0.021465	-0.031993	-0.047489	0.024190	0.030670	-0.005621	0.021916	-0.024621	0.035516	-0.013999	0.003617	-0.009493	0.029510	0.003357	-0.047327	-0.021756	-0.037428	-0.001292	0.013442	0.034536	0.031040	-0.014157	0.014506	0.062285	-0.008186	0.019782	0.008845	0.017588	-0.005117	0.020685	-0.032369	0.000490	0.023706	0.018158	-0.036288	0.002093	0.008508	0.023253	0.032478	0.004958	0.011288	-0.052566	-0.017807	0.016436	-0.022234	0.009923	-0.006919	0.041651	-0.001298	-0.012315	-0.008346	-0.004954
-0.929870	0.922313	0.055428	0.379818	0.093461	0.093873	-0.109974	-0.007918	0.075854	0.340613	0.010730	-0.366561	-0.093768	-0.008673	0.013429	-0.009865	0.094475	-0.210904	0.070516	-0.057194	-0.303789	-0.027786	0.026675	0.157557	0.015807	-0.119158	-0.140435	0.035509	0.109353	0.048412	-0.032864	0.137933	-0.002292	-0.042574	-0.051677	-0.069368	0.163493	-0.121101	0.000648	-0.087274	-0.056915	-0.030954	-0.047117	-0.148190	-0.089962	-0.102602	0.004985	-0.057157	0.000870	-0.002693	0.017909	-0.125244	-0.051929	-0.209670	0.067818	-0.058720	0.068307	0.153130	0.029608	0.080930	0.101679	0.086703	0.013001	0.070057	0.000837	-0.011279	0.096381	0.101744	-0.098135	-0.038323	-0.018315	0.044155	-0.005968	-0.033186	0.072026	-0.042529	0.097400	0.001057	-0.120465	-0.061836	-0.070372	0.013897	-0.005534	-0.060407	0.000614	-0.007099	0.041278	0.009006	-0.051395	-0.103478	0.054363	0.031731	0.056292	-0.054388	0.045661	-0.055869	-0.004691	0.056924	-0.029743	-0.006881	-0.013783	0.001580	0.026722	0.009663	0.001356	-0.029500	0.000500	0.040542	-0.023573	0.023821	-0.056002	-0.013149	0.017981	0.039858	0.015922	0.005156	-0.017082	0.025040	0.046995	-0.061109	-0.013112	0.052347	-0.013190	-0.040158	-0.050828	-0.032436	-0.075067	-0.046278
2.065290	-1.113821	-0.327791	0.075327	0.090363	-0.156298	0.134183	0.028927	-0.278290	-0.173492	0.054563	-0.138041	-0.059010	0.130984	-0.051290	0.133053	0.067209	0.187472	0.120888	-0.016282	0.048211	-0.102258	-0.055882	0.129786	0.108368	0.025145	0.082281	-0.072870	0.070089	-0.014008	0.132703	-0.029563	-0.075134	-0.057127	-0.059988	0.016406	-0.088327	0.010635	0.086749	0.041605	-0.024974	0.089811	-0.033647	0.019783	0.062899	-0.054535	-0.018492	-0.051280	-0.023343	-0.042984	0.054015	-0.034858	0.047106	0.017328	0.010854	-0.149326	0.129036	0.061824	-0.007348	-0.036075	-0.072769	-0.001366	-0.028379	0.029847	-0.116922	0.014576	-0.005500	-0.060173	0.025254	-0.052870	0.037384	0.029925	0.045046	0.030516	0.034207	-0.031556	0.009546	-0.057681	-0.080771	0.047436	0.017609	0.032946	-0.044340	-0.038109	-0.117049	-0.056984	0.006215	-0.026055	-0.033700	-0.008255	-0.011781	-0.024658	0.029566	-0.009803	0.037764	0.065072	0.040152	0.014048	-0.007992	-0.023861	-0.048304	-0.057357	0.028014	-0.085780	-0.003183	-0.018577	-0.010822	-0.000425	0.015955	-0.051350	0.039745	-0.022219	0.005101	0.032639	0.014642	0.009653	-0.005197	0.003798	-0.007382	-0.030080	-0.005174	-0.001960	-0.019064	-0.013634	0.004628	-0.005562	-0.016374	-0.009832
0.749978	-0.907970	0.467838	0.587172	-0.491988	0.035421	-0.102845	0.148702	0.162471	-0.312356	-0.270152	-0.021301	-0.166972	-0.098578	-0.190176	0.068039	0.242001	-0.211565	-0.087661	0.169864	0.102856	0.088651	0.033305	0.007419	0.119592	0.005650	0.089427	0.307876	0.101496	0.004903	0.044761	-0.019509	-0.043032	0.011217	-0.031279	0.061136	0.035379	0.092376	0.139305	-0.212553	0.018385	-0.080837	0.039078	-0.037149	0.091604	-0.059326	-0.112665	-0.051952	0.013389	-0.063193	0.058988	-0.037329	-0.007067	0.068458	-0.036230	0.099228	-0.035297	-0.066194	0.056624	-0.040356	0.021139	0.022602	-0.061754	0.049533	0.052006	0.061795	0.036353	-0.083407	-0.002381	-0.041462	-0.023727	0.024599	0.007003	-0.013568	0.013301	-0.077070	0.002138	0.026956	0.017972	0.021214	0.037217	0.031274	-0.010243	0.005190	0.011964	0.010495	0.041816	0.002636	-0.003494	-0.033633	-0.056039	-0.008157	-0.051661	0.047345	0.036786	0.020034	0.031565	-0.036356	0.021359	0.060602	-0.004678	-0.004471	0.006017	0.024143	-0.013554	0.014796	-0.018239	0.007231	0.035690	0.040465	-0.026832	0.013576	0.013426	0.003422	0.024428	-0.020042	-0.028911	-0.072005	-0.033358	0.012169	-0.029717	0.003126	-0.019037	0.002063	0.019395	-0.036326	-0.006836	0.007182
0.273619	0.044539	0.151782	-0.252929	0.181906	0.147722	0.291030	0.113353	-0.184616	-0.200143	-0.042190	-0.017224	-0.014192	-0.156165	-0.017494	-0.004158	-0.104707	-0.004168	0.001185	-0.024397	0.060173	0.071806	-0.091183	-0.137202	-0.090826	0.131423	-0.048700	-0.061029	0.016823	-0.050776	0.081104	-0.087459	-0.021025	0.004605	0.077818	-0.163848	-0.062653	0.135708	-0.086342	-0.069699	-0.011449	0.036524	-0.070420	0.005110	0.053202	0.012153	0.034305	0.003536	-0.052696	0.043837	0.168580	0.024806	-0.004581	0.091742	-0.103058	-0.009902	-0.062891	-0.055208	-0.058368	-0.051610	-0.032649	0.053356	-0.038273	-0.008193	-0.014894	-0.069279	0.047357	-0.001609	0.042220	0.089800	-0.012904	-0.035145	-0.081379	-0.003763	0.055843	0.049335	-0.011328	0.001996	-0.007330	0.029139	0.034520	-0.047416	0.065326	-0.064208	-0.025699	0.061160	0.026809	-0.048060	-0.050507	-0.022921	0.024695	-0.099501	-0.018588	-0.110023	0.005887	-0.012811	-0.014646	-0.052615	0.005504	0.007106	-0.059738	0.053972	0.057936	0.028326	0.041777	0.060142	-0.005268	0.036718	0.025929	0.032094	-0.034388	0.022623	-0.015786	0.073010	0.039911	0.020675	0.029733	0.015435	-0.011514	-0.015891	-0.047408	0.032119	0.022980	0.068277	-0.060599	0.017986	0.007572	0.006717
-2.036727	0.395044	-0.220981	0.436467	-0.186209	0.357697	0.132696	-0.345353	0.186470	0.056961	-0.024665	-0.154770	-0.041804	-0.067106	-0.131949	0.076113	0.104963	0.003795	0.091040	0.008310	-0.182621	0.095343	-0.066413	0.007024	-0.003062	0.114891	-0.034047	-0.157003	-0.091554	0.034202	0.000448	0.142041	-0.051451	-0.041273	-0.085563	-0.071041	0.018218	-0.196392	0.021883	-0.073769	-0.086742	0.054184	0.034431	0.031865	-0.051177	0.037472	-0.004004	0.058526	0.007935	-0.022423	0.001865	-0.015469	0.027397	0.003562	-0.010967	-0.080402	0.053280	0.033785	-0.007337	0.039881	-0.039355	0.051289	-0.038492	-0.031569	0.005211	0.036170	0.119663	0.004598	0.001220	0.085767	0.027568	0.044490	0.069566	0.016867	0.056374	0.001252	0.008557	0.010907	-0.044562	-0.018270	0.024923	-0.024832	-0.008857	0.020929	-0.039829	-0.011837	0.012617	-0.021235	-0.069237	0.006516	0.010006	0.052122	0.059635	-0.026343	-0.020820	-0.027086	-0.004428	-0.015275	-0.000432	0.023590	-0.017648	0.041505	0.022719	-0.002807	0.023938	0.000887	0.073936	0.018930	0.010965	-0.005187	-0.014475	0.077837	-0.006944	-0.035126	-0.018837	-0.019634	0.012219	0.052406	0.032991	0.004485	0.001217	0.003780	0.004049	0.012252	0.046126	0.033695	-0.004780	0.025389
-1.000603	-0.212963	-0.589138	0.875157	-0.401267	-0.122964	0.148725	0.366048	-0.099963	0.039851	-0.307990	-0.114846	-0.050945	-0.075435	-0.123757	0.141333	0.165499	0.001076	0.075131	0.024898	-0.057646	0.057914	-0.138934	0.017994	0.003592	-0.270188	-0.137422	0.021359	-0.164977	0.219781	-0.137665	0.087874	-0.064104	-0.069155	0.084903	-0.039651	0.037665	-0.090888	-0.104230	0.134659	0.109848	-0.050678	-0.081038	0.063351	-0.057631	0.125163	0.037483	-0.018129	-0.074875	-0.056606	0.102286	0.052712	-0.010279	-0.012328	0.038713	0.029365	0.067559	0.037402	0.007844	-0.129663	-0.115967	0.044812	0.031745	-0.014557	0.036546	-0.057854	0.022624	-0.017603	-0.023685	-0.065401	-0.020719	-0.004808	-0.024829	0.021695	-0.007516	-0.021260	-0.036670	0.013892	-0.058331	-0.048670	-0.025264	-0.014420	-0.029340	0.001282	0.028627	0.024447	-0.053122	0.028765	0.019182	-0.034864	-0.003761	0.039507	-0.082957	0.000863	0.003044	-0.051910	-0.018207	-0.020279	-0.029648	-0.033212	-0.016324	-0.002479	-0.009274	0.003056	-0.054140	-0.001500	-0.038940	0.009834	0.038594	0.002636	0.004533	0.040364	-0.009502	0.032630	0.006027	-0.001755	-0.031121	-0.046911	-0.004028	-0.049908	-0.003468	-0.004875	-0.039565	-0.026576	-0.006416	0.034083	-0.002618	-0.030491
2.256113	-0.837292	-0.681206	0.542567	0.070373	-0.217255	-0.056677	-0.261518	0.259954	-0.071101	-0.105113	-0.435908	-0.123324	0.103227	-0.133412	-0.042568	0.272320	0.122302	-0.222183	-0.191786	0.011081	0.083938	0.191353	-0.091447	-0.074498	-0.027041	-0.013740	-0.056244	-0.090876	-0.112351	-0.034379	-0.248751	0.134432	0.023436	-0.157105	-0.021260	-0.064638	-0.007566	0.091207	-0.102961	-0.196564	-0.069925	0.048793	0.025058	0.060272	0.103835	0.165467	-0.020199	-0.051912	-0.131294	-0.085650	0.056919	0.120998	0.066079	0.044185	-0.036535	0.011299	-0.130666	0.206194	-0.064480	-0.125663	-0.017257	-0.051346	0.060420	-0.029600	0.064331	-0.077093	-0.002793	-0.140981	-0.002998	0.100255	0.046909	0.054254	0.114066	-0.052412	0.078280	-0.094238	0.097091	-0.133931	-0.043900	0.127746	0.000816	0.048445	0.132641	-0.008430	0.118226	0.022922	0.105338	0.102244	-0.010760	0.064328	0.011363	-0.009513	0.042711	-0.021050	-0.056612	-0.052753	0.103285	-0.235271	-0.040119	-0.075961	0.124901	0.136247	0.046015	0.097765	0.071606	0.005157	-0.060764	-0.068635	0.098170	0.018454	-0.110641	0.032587	-0.061437	0.043690	0.046669	0.022776	-0.041939	0.060775	-0.018318	0.013051	0.019014	0.015860	-0.056321	0.016947	0.008352	0.005383	0.021136
-0.113672	-0.397005	-0.324494	0.462292	0.389838	-0.080139	-0.174604	0.398214	-0.082057	-0.158303	-0.111198	-0.022875	-0.065451	-0.080485	-0.100494	0.128019	-0.011004	0.030093	0.031152	-0.007648	-0.071496	-0.004023	0.007970	-0.027162	-0.041687	0.011742	-0.001716	-0.086929	-0.073657	0.012496	-0.049011	-0.145286	-0.199956	-0.025963	0.023109	0.132874	-0.048417	0.144846	0.046906	0.028052	0.015246	-0.105312	-0.159886	0.018523	-0.041413	0.051494	0.021055	-0.077588	0.054261	0.038463	-0.083486	-0.036357	-0.001467	0.055784	0.026479	0.000022	-0.073728	-0.038293	-0.041250	0.004956	0.043762	0.048140	0.066228	-0.003407	0.001497	-0.025034	-0.050257	-0.005269	-0.120043	-0.060578	-0.000024	0.016276	-0.070490	0.042888	0.011034	0.035136	0.061426	-0.001267	0.024023	0.040240	0.036317	-0.062064	-0.004136	-0.047994	-0.043867	-0.008010	-0.008230	-0.039203	0.015367	0.007966	-0.018275	0.053619	0.018192	0.046348	-0.035100	-0.063774	-0.051636	-0.034631	0.077318	0.008404	-0.014555	0.007419	0.048203	0.022646	-0.018110	0.015076	-0.026254	0.030670	0.008641	-0.038964	0.010443	-0.053736	0.031791	0.005120	0.011589	0.012173	-0.033408	0.016877	-0.001148	0.048207	-0.043078	-0.002827	0.003156	0.016813	-0.007362	0.017044	0.019814	-0.001228
-1.908448	-0.852282	-0.351248	0.330050	-0.103386	0.044481	0.159580	-0.055283	-0.007634	-0.159166	0.097763	-0.003824	-0.004550	-0.076912	0.136952	0.083588	-0.085011	0.184782	-0.058084	0.070377	0.136846	0.004544	-0.122139	-0.008140	0.016435	-0.013577	-0.034183	-0.043012	0.002251	0.069362	0.085197	-0.039134	0.037196	-0.091075	-0.127281	0.029808	-0.026033	0.084932	-0.037144	0.099985	-0.053080	0.047331	0.053998	0.023343	0.103601	-0.078757	-0.007004	0.023972	-0.028029	0.111907	0.005153	-0.002833	0.013533	-0.027249	-0.022125	0.013888	-0.015366	0.002477	0.025677	-0.045836	0.073535	-0.050898	-0.034058	-0.000573	-0.013503	0.001791	0.002733	-0.017443	0.006617	0.045845	-0.005145	-0.018394	0.002066	-0.079460	0.013848	-0.044712	-0.047062	-0.016956	0.000282	-0.035555	-0.066344	0.083351	-0.014129	-0.034501	0.013301	-0.063830	-0.014615	-0.022242	-0.042507	-0.018116	-0.079769	-0.067828	0.038340	-0.014325	-0.004399	0.032792	0.020888	0.003896	0.018693	0.004229	0.070998	-0.011462	0.054424	0.071750	-0.015272	0.027022	0.028637	-0.016511	0.041890	0.056023	0.092979	0.031341	-0.054777	0.042167	0.027892	0.014910	-0.076448	0.016336	0.005712	0.022276	0.015493	0.000818	0.014187	-0.011212	-0.023055	-0.037375	0.010007	-0.035433
0.793353	-0.835136	0.259373	0.111718	0.409166	0.438611	-0.118723	-0.313710	-0.354612	0.291491	-0.049575	0.130993	0.321520	-0.106925	-0.214800	0.164467	0.008750	0.099166	-0.041170	-0.027016	0.026405	-0.033504	-0.078727	-0.038374	0.130903	-0.026737	0.071623	-0.043371	-0.004843	-0.057426	-0.078174	0.014177	0.072935	-0.023212	0.040537	-0.018983	-0.009393	0.005443	-0.012045	-0.075639	-0.024829	0.063124	-0.052115	0.044247	0.038593	-0.036696	0.059530	-0.064976	0.033679	0.036298	-0.005077	-0.092548	0.027465	-0.018201	-0.022441	-0.029915	0.036776	-0.011711	-0.005515	0.000710	-0.103393	0.030042	0.053065	-0.048077	0.054963	-0.050458	0.052195	0.026859	0.059989	0.030198	0.034390	0.011240	-0.014016	-0.044933	-0.018055	-0.049329	0.027055	-0.021013	-0.054675	0.088290	0.148023	0.050658	0.019862	0.053119	0.056827	-0.080898	-0.023363	0.015565	0.067674	0.006980	0.010896	0.029947	0.011249	0.019278	-0.013543	-0.018705	0.012448	-0.005121	-0.038596	0.007436	-0.064160	0.026939	0.002856	0.037953	-0.033061	-0.002268	0.069532	0.015089	-0.022206	-0.059019	-0.036080	0.041592	-0.026699	-0.016082	-0.009397	0.033636	-0.037072	-0.023524	-0.038237	-0.029967	-0.040770	-0.011478	0.017157	0.058435	-0.007208	0.039819	-0.017186	-0.004481
1.205951	0.749103	-0.047784	-0.059443	0.302413	-0.172277	0.362396	-0.095632	-0.199853	-0.105817	-0.173899	0.230494	-0.129948	0.002106	0.253027	-0.093608	0.107774	0.118724	0.205238	-0.012378	-0.011137	-0.012091	-0.001931	0.024635	0.082743	0.052999	0.049068	-0.006703	0.036930	0.051522	0.023980	0.111860	0.018672	-0.024828	0.026546	-0.016013	0.145860	0.062044	0.020850	-0.005321	-0.051228	-0.053948	0.022362	0.017569	0.066655	-0.008780	0.043131	0.034101	0.013826	-0.002788	-0.017774	-0.025635	0.023232	-0.003703	-0.051885	0.009447	0.028027	-0.017604	0.026426	0.022790	-0.042713	-0.020896	-0.046050	0.018092	0.003427	-0.041029	0.027583	-0.011570	-0.042507	0.007747	0.012299	-0.004127	-0.044280	-0.018879	-0.037575	0.002575	0.008774	-0.057684	-0.010093	0.029176	-0.025009	-0.020060	0.022251	-0.004123	0.006756	0.018236	-0.008589	-0.047547	-0.008923	-0.007344	-0.009493	0.034054	0.019800	0.007765	-0.035264	-0.018680	0.001284	-0.016989	-0.039129	-0.000103	0.019897	-0.011176	-0.022133	0.021256	-0.035857	0.013886	-0.017550	0.019267	-0.009251	0.013416	0.012157	-0.004857	0.008259	-0.013440	-0.005449	0.007982	0.002034	0.004262	-0.011129	0.010160	0.020407	-0.003257	-0.005999	0.000705	-0.002858	-0.011186	-0.009806	-0.007213
-0.780375	-1.050386	0.595629	-0.122917	0.295381	-0.295290	-0.072408	0.243799	0.174544	0.022834	-0.108041	0.013261	0.053250	-0.224928	0.089752	0.080988	-0.064148	-0.000565	0.105134	-0.108763	-0.187776	0.053831	0.092154	-0.128826	-0.069133	-0.116730	0.081194	-0.022314	0.000828	0.044560	-0.119780	-0.108533	0.015204	0.178967	0.014763	0.043757	-0.020720	-0.013164	0.017139	-0.009624	-0.058303	-0.059215	-0.010306	-0.071137	-0.018626	0.079005	-0.019948	-0.040726	-0.036392	0.049066	-0.003573	0.002627	0.064802	-0.115810	0.025389	0.047454	-0.010306	-0.057396	0.013870	0.056783	-0.017188	-0.074174	0.015359	0.030591	0.093489	0.028900	-0.040160	-0.000573	-0.005386	-0.019448	0.076196	0.008452	0.019402	-0.031881	-0.014742	-0.077295	0.063598	0.018550	-0.002435	-0.051124	0.053803	0.018776	0.019057	0.001669	-0.043329	0.024149	0.000330	-0.026627	-0.004084	0.043583	0.040760	0.082779	0.006701	-0.081169	0.012397	0.101954	0.069035	0.045651	0.033673	-0.013976	0.002777	-0.020763	0.021512	0.034726	-0.055422	-0.016713	0.022976	-0.066299	0.075904	0.039343	-0.024334	-0.067090	-0.020431	-0.037329	-0.018032	0.020423	0.022674	0.032660	-0.006095	0.023624	0.025973	-0.008886	0.010213	-0.019424	-0.017816	0.030457	-0.012399	-0.002875
1.368491	-1.197127	-0.461014	0.299042	0.192632	0.214551	0.014160	-0.020976	0.044421	0.001883	0.235650	-0.215611	0.165640	0.013082	0.103211	0.047697	-0.096730	-0.026577	0.078501	-0.013977	-0.128638	0.000365	0.087684	-0.001223	-0.094658	0.044995	-0.054875	0.098257	-0.084597	0.059844	-0.150272	-0.023975	0.067838	-0.016163	0.037982	0.028912	0.048404	0.014999	0.112071	0.020954	0.035892	0.057677	0.033400	0.029346	0.023550	-0.028763	-0.060500	0.008475	-0.002801	-0.054115	0.019491	-0.086430	-0.067133	0.043877	0.043639	0.088082	0.132693	0.017790	0.084923	0.023613	-0.040266	-0.080139	0.011283	0.046747	-0.054788	0.048760	-0.020411	0.002813	-0.026166	-0.011673	0.029154	0.046463	-0.014511	-0.094935	0.025578	0.049246	-0.034254	-0.030073	-0.109675	-0.048702	-0.012469	-0.008021	-0.041890	-0.070711	0.005415	-0.022981	-0.020508	-0.080252	0.045653	0.031522	-0.035658	-0.078664	0.089241	-0.045704	0.014325	-0.039818	-0.012184	0.004464	0.003501	-0.010546	-0.005080	-0.061842	0.005852	0.077317	0.004025	0.073808	-0.099675	-0.022272	-0.022090	-0.031349	-0.077979	0.097018	-0.026227	0.001247	-0.023635	0.034834	-0.035833	0.022137	0.068581	0.013959	0.008617	0.012970	-0.012206	0.013943	0.073102	-0.020498	0.030923	0.061392
-1.537581	-0.569693	0.175743	-0.494455	0.178880	0.091447	0.247381	-0.072384	-0.058865	-0.122310	0.219927	-0.070092	0.227349	0.060574	0.159465	-0.033568	-0.080297	0.016011	-0.209157	0.059177	-0.079818	0.025026	0.083786	0.039956	-0.054455	0.100366	0.020369	-0.011686	-0.029624	0.085216	-0.069249	0.003109	-0.029625	0.061096	0.003938	-0.037194	-0.035586	-0.058448	-0.008297	0.099600	0.019630	-0.011913	-0.061370	0.020547	0.042984	-0.040536	-0.023728	-0.017368	-0.079734	0.032719	0.073342	0.063892	-0.028156	0.019407	-0.065969	-0.024468	-0.018487	-0.016016	0.004318	-0.002958	0.045326	-0.024472	0.044202	-0.003335	0.036996	0.039442	0.027871	-0.053616	-0.064001	0.019922	-0.030419	-0.024553	0.029640	-0.060694	-0.041103	-0.035976	0.039176	0.025963	0.014926	0.039179	-0.044186	0.003146	0.025674	0.006442	-0.021238	-0.021666	0.045923	-0.006704	-0.072440	-0.069976	-0.013281	0.007336	0.045774	0.001611	-0.027560	-0.041535	0.007599	0.038112	-0.011560	-0.004775	-0.010239	0.031540	-0.028074	0.020616	-0.041325	0.022200	-0.005964	0.000805	-0.017938	-0.032222	0.031297	-0.012740	-0.022012	0.055090	-0.007005	0.033738	0.025477	-0.061167	0.002307	-0.012466	-0.002636	-0.027408	-0.020710	0.008955	-0.015087	0.028944	0.004137	0.022558
-0.472753	0.173644	-0.458447	0.862875	-0.116071	0.148095	0.184772	-0.034308	-0.015570	-0.173246	-0.298215	-0.157739	0.001998	-0.151046	0.231921	0.013769	-0.053360	0.042234	0.025355	-0.064413	-0.152158	0.060480	-0.132810	-0.026280	-0.081313	0.048099	-0.041260	-0.032355	-0.170879	0.138904	-0.080155	-0.083784	-0.143809	0.033118	0.009437	0.051662	-0.058115	-0.119134	-0.006540	0.047478	-0.064018	-0.069197	-0.028910	0.124617	0.131767	-0.033582	0.162239	-0.062215	0.074914	0.120121	-0.057736	0.198186	-0.004301	-0.061248	-0.018433	0.091601	0.117758	-0.091905	-0.059276	-0.112878	0.038888	0.089646	-0.039408	0.034221	-0.010963	0.148942	-0.110575	0.020428	0.026658	0.079959	0.005088	-0.005395	-0.140827	-0.119697	0.003971	-0.098413	-0.040633	-0.053750	0.077643	0.073806	-0.085623	0.044150	-0.000789	-0.039602	-0.094975	-0.025281	-0.005337	0.052278	0.072513	0.091415	0.022024	-0.064467	-0.010558	-0.056113	0.031793	-0.038437	0.011505	0.080522	0.039328	-0.055214	0.057542	-0.009702	-0.065205	-0.028891	0.013084	-0.038671	0.057921	0.005674	-0.028399	0.001845	-0.040813	-0.018302	-0.007656	-0.048487	0.049681	-0.024868	0.020284	-0.024925	0.015477	-0.019108	0.041119	-0.001333	0.000058	-0.026674	0.053928	-0.008887	-0.011890	-0.007641
1.868774	0.346947	0.275768	-0.198839	0.008443	0.403330	-0.060300	0.563338	0.062215	0.063821	0.083742	0.025189	-0.070919	-0.149911	0.022648	0.133150	0.225970	-0.094648	-0.141875	0.289719	0.159897	-0.053829	0.044981	0.027396	0.023982	0.268288	0.022788	-0.084597	-0.138824	-0.104668	0.025615	0.240702	0.049979	0.091369	0.126755	-0.098093	0.190228	-0.024325	-0.129761	0.057435	0.005070	-0.018348	-0.053777	0.087276	-0.070609	0.032244	0.079679	-0.013054	-0.104475	0.001837	0.074495	-0.053427	-0.122238	0.072499	-0.089784	-0.033423	-0.062495	0.059944	0.034378	-0.053682	0.089168	-0.157108	-0.025189	0.050131	0.044688	-0.098814	-0.085056	0.004859	-0.002673	0.006494	0.062684	-0.029222	-0.025526	-0.041418	0.121151	0.018014	0.078743	-0.041486	0.022621	0.053273	-0.084992	-0.011177	-0.005767	-0.044611	0.027608	-0.017513	-0.115429	0.023344	0.018820	-0.005586	-0.059854	0.050719	0.011005	-0.111987	0.002566	0.003097	0.011530	-0.011042	0.016794	-0.042591	0.029273	0.102173	0.099442	-0.108339	0.010602	0.026000	0.072835	-0.094892	0.036437	-0.034250	-0.058908	-0.027124	-0.017213	-0.038387	0.078026	0.001297	-0.010714	0.022755	0.004576	-0.028974	0.014407	0.072263	0.022083	-0.040109	0.014111	-0.118135	0.071604	0.079610
-0.449619	0.292818	0.005537	-0.581969	0.091359	-0.112331	0.395529	-0.119397	-0.217000	-0.098766	-0.009018	0.176523	-0.144539	-0.069737	0.008429	0.016190	-0.078911	-0.006530	0.016019	0.118509	-0.148139	-0.053333	0.051706	-0.036319	-0.155385	-0.046138	-0.048533	-0.016295	0.126834	-0.064601	-0.005135	-0.088586	-0.009588	-0.052648	-0.021902	0.084242	-0.018216	-0.096624	-0.040104	-0.058234	0.102165	0.032171	0.004649	0.092443	-0.072024	-0.000812	0.033140	-0.068805	-0.023207	-0.004593	0.006296	-0.088543	-0.008496	-0.026556	-0.000548	0.073158	-0.035353	-0.031203	-0.013034	-0.025208	-0.035510	0.036936	0.093921	-0.059689	0.014858	0.030367	0.032692	-0.023096	-0.025953	-0.025734	0.043288	0.017379	-0.022368	0.007622	0.040355	0.000883	-0.076546	-0.044367	0.042797	-0.028412	0.016741	-0.025338	-0.000376	-0.012988	-0.015448	-0.008123	0.023788	0.012107	-0.012857	0.016277	0.015446	-0.019778	0.026170	0.007015	-0.015657	-0.005670	0.033256	-0.002734	0.004905	-0.019932	-0.024922	0.080863	-0.003914	-0.028945	-0.043807	-0.019375	0.023254	0.016607	-0.004483	0.004987	-0.046264	-0.010150	-0.009010	0.015963	0.042037	-0.006818	0.002545	0.004570	-0.017845	-0.000772	0.037447	0.035974	-0.015257	-0.025488	-0.001281	-0.036803	0.003860	-0.025241
1.667377	-0.674097	0.026342	0.641355	0.238062	-0.057277	-0.215579	-0.298657	-0.408208	0.078282	0.223257	0.272210	0.188847	-0.335326	0.163006	0.082263	-0.048747	-0.111242	0.174418	0.125999	0.029060	-0.010669	0.242048	0.236636	-0.121846	0.019600	0.127800	0.058383	-0.096676	0.145009	0.302455	0.028942	0.020874	0.010979	-0.125760	-0.017410	-0.028508	-0.153761	-0.048386	-0.030237	-0.064105	-0.116817	0.012238	-0.056276	-0.048876	0.049152	-0.044455	-0.065240	-0.082909	0.003158	-0.065820	0.051441	-0.054847	0.120074	0.012926	0.080414	-0.011942	-0.020724	-0.102128	0.033402	0.033380	0.029597	0.009420	0.020208	-0.046047	0.009307	-0.004001	0.048767	0.015953	0.041989	0.020322	0.010365	0.036552	0.040957	-0.055277	0.001308	-0.028660	0.022770	-0.008472	0.027697	-0.004692	-0.011159	-0.026193	0.001962	0.026257	0.002997	-0.018672	0.004439	-0.004830	-0.017528	0.026365	0.000512	-0.046315	-0.017050	0.017958	-0.001548	0.000938	-0.009033	0.004944	-0.005171	-0.009252	0.006620	0.000073	-0.018069	0.009845	0.007950	-0.016086	0.012241	-0.006188	-0.007742	-0.008439	0.008071	0.014987	0.010944	0.011244	-0.008986	0.023551	0.002735	-0.009420	-0.027057	-0.006040	-0.001496	-0.016139	0.001254	-0.004425	-0.016747	0.003894	-0.007448
-0.797384	0.143722	0.009169	0.465107	0.227494	0.105077	-0.221194	-0.459988	-0.450688	0.108679	0.158425	0.229781	0.129951	-0.104235	-0.033115	0.002207	-0.048564	-0.065521	-0.035940	0.006687	-0.060385	0.030562	0.060921	0.053926	-0.079287	0.051354	0.002963	-0.158488	0.024188	-0.061425	0.155621	-0.021714	-0.087163	0.000176	-0.032650	0.058144	0.082009	0.000730	-0.065146	0.014389	0.011255	-0.128673	0.056174	-0.008388	0.003035	0.128432	-0.022065	0.045422	-0.089349	-0.031919	0.019409	0.089136	-0.036021	-0.030684	0.019533	0.035565	0.071466	0.013580	-0.025370	0.010365	-0.016663	-0.003907	-0.002817	-0.034249	-0.043682	0.022182	-0.005947	0.023983	0.033225	0.017943	-0.083775	0.008053	-0.025249	0.079018	-0.015884	0.073369	0.070627	-0.025982	-0.070138	-0.037917	0.034158	0.052302	0.004955	-0.077533	0.019468	-0.012993	0.030720	0.031167	0.008154	0.039000	0.010180	0.002134	0.012264	0.005516	-0.043811	-0.018159	0.005840	0.034850	-0.036754	0.078534	0.011641	0.004943	-0.033666	0.007060	0.001183	0.024264	0.072822	0.002471	-0.058797	0.034230	0.049519	0.030045	-0.052306	0.022862	0.016026	0.041606	-0.015491	0.024526	0.025450	0.015923	-0.010197	-0.003777	0.064435	0.017276	0.008809	0.009383	0.004299	-0.003695
1.478060	0.633913	-0.156383	0.067285	0.856100	0.052558	-0.299491	0.039349	0.142120	0.090785	-0.117689	-0.053992	-0.123754	-0.076647	0.166177	-0.078815	-0.085487	0.056889	-0.147642	-0.100422	0.043646	-0.017103	0.018012	-0.070558	-0.009194	-0.123108	-0.073874	0.005705	-0.026475	0.051504	0.018253	0.021325	0.020210	0.027674	-0.030470	-0.014613	-0.014556	-0.056621	0.042112	-0.015250	0.051434	-0.059323	0.049377	0.024729	0.072262	0.025376	-0.063000	-0.032829	0.005236	-0.067203	0.041765	0.037284	0.049945	-0.041101	-0.003936	0.015411	0.017520	0.012167	-0.031431	0.040204	0.016527	-0.023562	-0.017272	-0.004420	-0.017564	-0.008905	0.017867	0.056117	-0.007546	0.050209	0.024627	-0.001692	-0.014825	-0.014393	-0.017814	-0.030282	-0.015244	-0.005779	0.043364	0.022736	0.001214	0.049039	-0.013233	0.024818	0.005195	-0.024133	-0.007839	-0.009624	-0.021524	0.013609	-0.030936	-0.004211	0.006056	0.031210	-0.004825	-0.004311	-0.007361	-0.027730	0.000489	0.007728	-0.017752	0.034490	0.051822	-0.048822	0.033885	-0.048481	-0.007959	0.004838	0.003590	0.009733	-0.042774	-0.010270	-0.025719	0.001101	0.003296	-0.003795	0.002878	-0.013034	0.017680	0.002178	0.001161	-0.020923	-0.018389	-0.019662	-0.035642	0.008995	-0.000232	0.009855
2.466933	1.102744	-0.257449	-0.374070	0.163849	-0.297533	0.201934	-0.117308	0.145619	-0.168518	-0.336751	0.280238	0.177796	-0.235245	-0.193817	0.053262	-0.169421	-0.049915	0.005444	0.027868	0.222500	0.012530	-0.163943	0.005342	-0.057389	0.212196	-0.109063	-0.039044	0.188615	0.155710	-0.179969	-0.027553	0.042820	0.048084	-0.101506	-0.047568	-0.013967	-0.037175	0.118428	-0.067475	0.033601	0.045879	-0.045065	-0.022630	-0.005100	0.003368	-0.060092	0.016013	-0.053600	0.032268	0.018831	-0.022689	-0.016372	-0.005419	0.030016	0.015208	-0.027650	-0.058723	-0.006495	0.030128	0.053884	0.017305	-0.021055	0.012027	-0.071384	-0.008351	0.046175	0.059099	0.013130	-0.018184	-0.010579	0.002108	-0.010289	-0.016201	-0.073188	-0.007111	0.035724	0.028023	-0.022853	-0.058552	-0.016314	-0.030249	-0.036831	-0.033991	-0.040612	-0.020651	-0.013160	0.053354	0.009059	-0.010922	-0.008980	0.007460	-0.002164	0.004205	-0.004096	-0.023913	-0.004356	-0.002000	-0.016351	-0.010625	-0.014853	0.008293	0.010115	-0.012085	0.010093	0.001357	-0.033901	0.001396	0.003688	-0.027485	0.010515	-0.004627	0.006808	-0.022502	-0.002053	0.027621	-0.013775	-0.002827	0.018359	0.016357	0.003289	0.001077	-0.024171	-0.013698	0.014160	0.011078	0.009573	-0.008279
-1.218471	0.646633	-0.158768	-0.557664	-0.323084	-0.243555	-0.331362	0.139126	-0.122011	0.177645	-0.006404	-0.200621	-0.092388	-0.072845	-0.023575	-0.200880	0.197566	-0.011167	0.059911	-0.272299	0.027212	0.050356	-0.023003	0.161097	0.029290	0.099893	0.012813	0.172487	0.030227	0.062689	0.112188	-0.079640	0.089234	-0.031377	-0.040949	-0.080304	-0.118408	0.082761	0.028425	0.034931	-0.011367	-0.083275	-0.022227	-0.084660	-0.000614	-0.058772	0.058153	0.093579	-0.047160	-0.018594	0.013437	0.016421	0.033739	0.006209	-0.016235	0.002867	0.008478	0.011423	-0.034743	0.029750	0.014102	-0.006192	0.050549	0.120992	0.064015	-0.031266	0.075888	-0.030409	-0.010086	-0.026952	0.000496	-0.028180	-0.029222	-0.061522	-0.042950	-0.052909	0.045604	0.017485	-0.026268	-0.028966	0.018952	0.019860	-0.002616	0.052073	0.034855	-0.005415	0.004833	0.023135	0.046542	0.005224	0.004825	0.000917	0.027842	-0.021986	0.004198	-0.005632	-0.046995	-0.044413	0.028340	0.007106	0.023077	0.026231	-0.016679	-0.001274	0.002772	0.011511	0.017181	-0.007829	-0.004866	-0.023727	-0.011174	0.011310	0.014396	-0.013979	0.037460	-0.018354	-0.071500	0.040179	-0.009327	-0.042139	0.011676	0.015194	-0.010841	-0.017515	0.004791	-0.012123	-0.037696	-0.006248
1.281050	-0.155056	-0.431010	-0.589100	-0.290342	0.029451	-0.291040	-0.404714	0.145509	0.161386	-0.693605	-0.159678	0.215202	0.085389	0.201497	0.122220	-0.083201	-0.097415	-0.097363	0.178455	-0.131009	-0.053935	0.200680	0.204976	-0.072011	-0.035364	0.022743	-0.068144	0.003758	-0.128508	-0.053938	-0.052099	0.056265	0.000543	0.066148	0.132403	-0.077894	-0.050456	-0.002021	0.071044	-0.022591	0.013556	-0.091574	-0.016398	-0.020567	-0.011011	0.018231	0.030462	-0.037764	-0.045459	0.014535	-0.059742	-0.058562	-0.038305	-0.104554	-0.065320	0.051840	-0.017119	-0.010745	0.071606	0.007878	-0.029833	0.014270	-0.015984	0.089124	0.013392	-0.039517	0.000961	0.019220	-0.053147	0.011374	-0.003494	-0.026885	0.001421	0.030457	0.012773	-0.019917	0.029449	0.010431	0.082071	0.023990	-0.040497	-0.075869	-0.001582	-0.001825	-0.008447	-0.048402	-0.050073	-0.008303	-0.016312	0.018868	-0.042049	-0.033179	-0.038511	0.021341	0.031234	0.019514	0.012735	-0.008698	-0.007797	0.049439	-0.032312	0.018124	0.029071	0.024733	0.025147	-0.015257	0.067465	0.007277	-0.006771	-0.011238	-0.007749	0.013602	0.016544	0.005012	-0.015129	-0.018071	-0.007790	-0.007906	-0.028308	-0.004277	-0.011462	0.024616	-0.015189	0.023652	0.046308	-0.005236	0.012087
-0.568227	-0.213939	-0.638689	-0.300431	-0.022021	-0.254103	0.030712	-0.096449	-0.074493	0.009431	0.092426	-0.126412	0.239383	0.287899	0.024021	0.345135	0.039225	0.011203	-0.132071	-0.004082	-0.024901	0.123810	0.109628	0.130836	-0.052655	-0.083487	-0.013628	0.023606	0.091266	-0.021756	-0.023997	0.014321	0.030671	-0.020896	-0.097541	-0.118468	-0.002199	-0.023803	-0.010245	0.017197	0.068110	0.022432	0.008480	-0.111948	0.116566	-0.044422	0.131482	0.027698	0.046673	-0.109378	-0.027991	0.015726	0.078669	0.063119	0.016245	0.021725	-0.061057	-0.001094	-0.010746	-0.026149	0.057687	-0.017100	0.001415	-0.066810	0.002634	0.071316	0.039492	-0.061010	-0.011938	0.020135	-0.009422	0.026449	-0.008917	0.011308	-0.054001	0.042751	0.007136	-0.012484	0.029288	-0.019234	-0.004111	-0.040664	0.024753	0.022033	0.010305	0.015457	-0.065923	0.001768	-0.000549	0.016108	0.007156	-0.024521	-0.012990	-0.013338	-0.025917	-0.019906	0.044333	0.011537	0.012028	-0.022368	-0.003696	0.007802	-0.006217	-0.014023	0.008111	0.028920	0.017789	-0.000508	0.021389	-0.012320	-0.029312	-0.000438	-0.004098	0.020888	-0.015808	-0.000963	-0.022180	-0.002754	-0.014773	0.013327	-0.029536	-0.014544	-0.007498	-0.009902	0.011984	-0.008616	0.018515	0.012174
1.045234	0.829404	0.466051	0.016483	-0.492333	0.009194	-0.334448	0.389262	-0.035327	-0.120300	-0.024946	0.229314	0.110526	-0.143765	-0.035236	-0.205520	0.034492	0.129518	-0.087223	0.116935	-0.164644	-0.003184	-0.065261	-0.133401	0.016720	-0.051512	-0.092007	0.034796	-0.012912	-0.085340	-0.023138	-0.060746	0.011292	-0.037135	-0.090782	-0.086517	-0.080255	-0.008930	-0.088692	0.120267	-0.062652	-0.022548	-0.032248	-0.051509	0.025753	0.007552	-0.051424	-0.054489	-0.006402	0.008365	-0.058225	-0.102898	-0.006831	0.007612	-0.017875	-0.023191	0.009093	-0.034014	-0.014486	-0.028140	0.082001	-0.006067	0.023665	0.001028	-0.033486	0.002196	0.006544	-0.033192	0.003050	-0.062929	-0.075970	0.038170	0.034276	0.024900	0.006345	0.034564	-0.116294	-0.098322	0.021043	0.009370	0.066369	-0.014215	0.014633	0.026961	0.008738	0.021530	0.028114	0.008326	-0.064522	0.020521	-0.029241	0.069347	-0.034346	-0.059077	0.012168	-0.024802	0.014346	0.018471	-0.008539	-0.029608	0.060336	0.016980	-0.005412	-0.000921	0.005586	-0.003185	-0.024859	-0.015145	-0.030780	0.021802	0.001605	0.040332	0.018712	-0.030917	0.062138	0.025596	0.023221	-0.011735	-0.008819	-0.011219	0.011266	0.005708	0.031779	0.006203	-0.018417	0.017899	-0.001111	-0.038242
0.402538	1.134105	0.187763	-0.076301	-0.508933	-0.083932	-0.318620	0.202253	-0.065221	-0.026012	-0.021236	0.265126	0.009939	0.013756	-0.034949	-0.321798	0.049567	0.172146	-0.034035	0.054233	-0.137104	0.107632	0.074161	-0.012960	0.019756	-0.070153	-0.053713	0.164122	0.064508	-0.027565	-0.077105	-0.043942	0.018863	0.068493	-0.037137	-0.111823	-0.051125	0.004842	-0.048291	0.066659	-0.054260	-0.084717	-0.012434	-0.091198	-0.054570	-0.010626	-0.084705	0.019295	-0.014742	-0.049939	-0.060791	-0.087308	0.001241	0.037980	0.031023	-0.004548	-0.044324	0.064900	0.024380	-0.021734	0.021014	-0.047366	-0.026505	-0.039482	-0.021509	-0.012359	-0.039767	-0.053764	-0.056359	-0.050798	-0.050964	0.051064	0.011179	0.003990	0.042124	0.035141	-0.025267	-0.076082	0.025662	-0.036448	0.035135	0.072157	-0.000439	0.012566	0.021630	0.024009	0.039325	-0.006197	-0.010295	0.016693	0.015966	0.039181	-0.034028	-0.041608	-0.014045	-0.054042	0.019137	0.023138	0.010998	-0.028514	0.016042	-0.004822	-0.015640	-0.019865	0.043103	-0.021101	-0.032253	-0.005487	-0.021773	-0.011071	-0.036563	0.024266	0.007246	-0.023990	0.029841	0.052991	-0.008687	0.007681	0.000210	-0.009208	-0.004820	-0.013290	-0.000343	-0.016878	-0.036589	-0.001645	-0.005131	-0.007058
0.332430	1.157561	0.045958	-0.022667	-0.483737	0.130999	-0.303329	0.159842	0.028593	-0.205901	0.095681	0.292981	0.077991	-0.141056	-0.000226	-0.176685	0.095461	0.083640	-0.070235	0.026724	-0.092009	0.104613	0.026252	0.019980	0.025093	-0.023262	-0.064224	0.153533	-0.048503	-0.028770	-0.068462	0.023983	0.003586	0.071306	-0.045753	-0.122138	-0.064187	-0.011647	0.031303	0.060189	-0.047388	0.002221	0.015615	-0.091977	-0.049263	0.024036	-0.022436	-0.000464	-0.007806	-0.012201	-0.051331	-0.056611	0.017375	0.034332	-0.016028	-0.071447	-0.054765	0.061451	0.053582	0.016569	0.008423	-0.070502	-0.026924	-0.022624	-0.051609	-0.018458	-0.044376	-0.012508	-0.052712	-0.045938	-0.037566	0.002152	0.042063	0.029537	0.012967	0.053986	-0.065307	-0.070915	0.043298	-0.027194	0.053981	0.038482	-0.015684	0.005202	0.013849	0.034671	0.055653	-0.002901	0.000590	0.014091	-0.018860	0.041061	-0.023895	-0.011406	-0.005730	-0.071596	-0.002563	-0.005643	0.014563	-0.050331	0.006875	0.006359	0.013029	-0.018935	0.045222	-0.008526	-0.032643	0.018311	-0.022526	-0.009692	-0.011441	0.029874	-0.012372	-0.018864	0.010662	0.050651	0.003113	0.011292	0.003670	-0.006112	0.000516	0.000989	-0.010191	-0.025915	-0.049136	0.001317	0.018619	-0.015592
2.477369	0.222328	0.070994	-0.205594	0.185591	0.117395	0.461405	0.059110	-0.350409	-0.030488	-0.205425	-0.101583	0.055889	0.022694	-0.081543	0.051340	-0.103895	0.042373	0.036191	0.081665	-0.059746	-0.013147	0.061036	-0.150009	-0.091275	-0.048362	-0.054072	-0.022613	0.021083	-0.006975	0.007214	-0.149998	0.023896	-0.097943	0.056444	-0.007857	-0.123274	0.098532	-0.007609	-0.068761	0.040513	-0.054937	-0.033306	-0.049135	0.008262	-0.038292	0.025649	-0.052118	-0.047021	-0.052956	-0.031465	0.052381	-0.037207	0.003104	-0.003499	-0.092267	-0.022906	0.112075	0.015776	-0.071707	0.004781	0.017690	-0.018839	0.083645	-0.035566	0.036275	-0.028541	0.040347	0.064748	0.062437	0.007067	0.025062	0.022987	0.022836	0.026143	-0.071070	-0.028222	0.008342	-0.038070	-0.055211	-0.038671	0.007476	0.009984	0.053530	0.052648	0.056415	0.009756	0.020116	-0.010083	-0.002660	-0.018951	0.051576	0.020970	0.018242	-0.004521	-0.000994	0.021633	-0.012721	0.037392	0.025111	0.024789	-0.027071	-0.005205	0.001460	-0.014070	0.018139	0.006435	-0.010422	-0.021912	-0.000796	0.008894	-0.020445	0.003230	-0.010021	-0.010317	-0.015849	0.001654	-0.020291	0.009431	-0.016124	-0.015017	-0.004683	0.013775	0.009847	0.013785	-0.021054	0.005409	-0.000058
1.007252	-0.215006	-0.549610	0.649364	0.481227	0.256903	-0.021379	0.446125	0.181793	-0.039578	-0.259962	-0.122788	0.067006	-0.052292	-0.067887	-0.143714	-0.032989	0.040760	-0.154857	-0.110759	-0.000877	0.048767	0.003619	0.078944	0.128461	-0.048316	0.090366	0.015750	-0.099475	0.122597	0.064642	-0.207016	-0.008702	-0.052304	-0.017169	0.143343	0.131062	0.074567	0.060268	-0.180562	0.026466	0.046860	-0.092399	0.131775	-0.014859	-0.040999	0.072230	0.046541	0.111367	0.008756	0.029120	-0.009776	-0.101878	0.055546	0.032356	0.205106	-0.058827	-0.054691	0.296756	0.058940	0.121667	0.019247	0.099358	-0.093214	-0.110736	-0.123810	-0.016734	-0.017069	0.055922	-0.062724	0.111681	0.015951	-0.059403	0.067456	0.035423	0.056345	-0.090051	-0.002279	-0.079379	-0.071887	0.006064	0.003625	-0.045071	0.059069	0.068758	0.008481	-0.019956	-0.001604	-0.095817	-0.046384	0.036199	0.004110	0.020111	-0.168124	0.013225	0.092758	-0.014328	0.029876	0.022462	-0.017457	0.055210	-0.013360	-0.080934	-0.076555	0.049927	-0.015452	0.059545	0.036283	0.003054	-0.003195	0.044439	0.016547	-0.008214	-0.019071	-0.052204	0.053221	-0.079262	-0.029959	0.006699	-0.003677	0.011789	0.002297	-0.016650	0.038127	-0.007365	-0.016236	-0.031566	0.010203
-1.503234	0.407055	-0.371311	0.338026	0.226525	0.428149	0.047046	-0.107267	0.072097	0.151394	-0.020673	-0.237332	-0.257318	-0.054999	-0.000776	-0.171981	-0.044357	-0.123915	0.027082	-0.238098	-0.145030	0.290046	-0.040203	0.021417	0.023323	0.023002	-0.033768	-0.009478	0.046976	-0.130755	0.005346	0.012287	-0.111469	-0.015237	-0.050074	-0.046201	0.043626	-0.102990	0.036441	-0.032290	-0.125208	0.012296	-0.048084	-0.018093	-0.051402	-0.020945	0.014558	-0.064339	0.067464	0.051181	-0.024251	0.029405	-0.018755	0.011698	0.059418	-0.009877	0.008272	0.063131	-0.067624	0.009758	0.110710	0.026497	-0.052611	0.022366	-0.091644	0.047620	0.021389	0.082889	-0.031548	-0.040918	0.025319	-0.056647	-0.065663	0.013892	-0.021578	0.023311	0.038883	-0.049908	0.036619	0.026126	0.004155	-0.011582	0.012104	0.017481	-0.014490	0.056693	-0.031118	-0.069755	0.033340	-0.054363	-0.071839	0.025872	-0.012549	-0.012074	-0.015079	0.007770	0.066928	0.026721	-0.015746	0.024678	-0.000757	-0.009577	-0.000723	-0.012546	0.004281	0.009075	-0.000836	-0.016997	0.006992	0.012717	-0.020324	-0.020490	-0.035604	0.017757	-0.020921	-0.007409	-0.027299	0.025528	0.005644	-0.017670	-0.008680	-0.001852	-0.019727	-0.033831	-0.003205	-0.004572	0.010994	-0.016461
1.430370	0.251083	-0.106342	0.084554	0.397046	-0.172086	-0.095515	-0.241540	0.092886	0.000902	0.007380	0.065387	-0.217186	0.180968	-0.244333	0.062191	-0.022952	0.169568	-0.102655	-0.068635	-0.120991	-0.153071	0.037251	0.077236	-0.046506	-0.079973	-0.125783	0.033118	-0.080003	-0.024778	0.006290	0.018168	-0.111225	0.101082	0.010763	-0.053983	-0.061816	0.172232	-0.086023	0.255766	0.007052	-0.052461	0.012361	-0.130221	-0.069123	0.125115	-0.003243	0.108420	0.006320	0.067508	0.008044	-0.033274	-0.064028	0.019866	0.004138	0.096821	-0.011430	0.061285	0.079214	-0.009908	0.079922	0.000739	0.028102	0.016744	0.144394	0.154995	0.031772	0.005569	-0.051456	-0.030827	0.012082	0.065339	-0.038361	-0.041674	-0.014199	0.012856	-0.015814	0.067163	0.018940	-0.007817	0.054421	-0.030730	0.061074	0.049571	-0.048401	0.042665	-0.027092	-0.011476	-0.133261	-0.049423	-0.079262	-0.047080	0.011545	0.005796	0.017787	-0.050394	0.032857	-0.071296	0.048962	-0.020400	0.002522	-0.016090	0.016489	-0.098805	-0.005736	0.015917	0.053780	-0.057900	-0.052457	-0.053799	0.097942	0.011412	0.042488	0.034523	0.007772	-0.029392	0.092174	0.028420	0.034174	0.028262	0.005095	-0.018901	-0.042473	-0.002060	-0.000681	0.004066	-0.033965	-0.086541
-0.072195	-0.810912	-0.281020	0.443235	-0.205614	-0.110290	0.206767	-0.218490	0.051777	-0.198861	0.008808	0.022642	-0.117106	0.184533	0.191760	-0.029690	-0.183208	-0.030808	-0.079144	0.096833	-0.070213	-0.141156	-0.111931	-0.014344	-0.059367	-0.183035	-0.154450	-0.158369	0.191069	-0.111750	0.040474	0.193406	-0.082904	-0.005979	-0.086579	-0.072756	-0.026458	-0.003554	0.021964	0.118656	-0.163665	0.024261	0.028349	-0.022787	0.017679	0.051964	0.060815	-0.073650	-0.083426	0.094210	-0.102212	-0.101290	-0.101965	0.033611	-0.175265	0.036879	0.002539	-0.037228	-0.039805	-0.031937	0.108917	0.023530	0.025708	-0.003758	0.137694	-0.114112	-0.039404	-0.088143	-0.028551	-0.004495	0.046600	0.033922	-0.015653	-0.183503	-0.088584	-0.146830	0.037175	-0.068797	-0.012908	-0.168827	0.074663	0.003118	-0.030061	0.016216	0.043389	0.094848	-0.103809	0.004874	-0.026542	-0.005480	0.035487	0.006348	-0.037755	0.096764	0.042333	0.083271	0.032613	0.030323	-0.035447	0.017559	-0.076823	-0.026098	-0.016051	-0.000207	0.143020	-0.059392	-0.016480	-0.028759	-0.032919	-0.035618	0.045206	0.006382	-0.040992	0.019920	0.003375	0.034029	-0.023145	-0.003636	0.019454	-0.034872	-0.022784	0.033003	0.001313	0.023311	-0.027132	0.030659	0.035048	0.024717
0.163495	1.094215	-0.225036	0.960503	-0.406073	-0.656841	0.061061	-0.124516	0.239579	0.457497	0.052865	0.286162	0.124156	-0.167009	0.226574	0.205136	-0.124243	0.285271	-0.154148	-0.011931	-0.388020	-0.071498	0.062890	0.117191	-0.019144	0.205095	-0.092389	-0.157423	-0.089390	0.082150	0.110116	0.132014	-0.192059	-0.144301	-0.130006	-0.113813	-0.107494	0.136668	-0.126026	-0.255261	0.188960	-0.121746	-0.001577	0.180906	-0.007247	-0.215620	-0.172182	-0.026193	0.212903	0.000683	0.008632	-0.030556	0.111106	-0.089747	0.015818	-0.075200	-0.086409	-0.059963	-0.001017	-0.110049	-0.066337	-0.020576	-0.064154	0.069483	0.134181	-0.110516	-0.099490	-0.077039	0.067916	0.010828	0.015318	-0.148534	0.018444	-0.093630	-0.018185	0.173012	-0.017556	0.123414	0.010394	-0.044488	0.043056	0.007899	-0.103039	-0.026719	0.010285	0.042319	0.025348	0.037675	0.031469	-0.037543	-0.058083	0.023602	0.005939	-0.031044	-0.027282	0.025954	0.097651	0.019683	-0.014836	0.011583	0.003158	-0.034747	0.012237	-0.015296	-0.034235	-0.010683	-0.027241	-0.004678	-0.057267	-0.000445	0.006839	-0.003736	0.017700	0.006039	-0.009702	-0.029829	-0.004014	0.028698	0.001597	-0.010180	0.009373	-0.000365	-0.028469	-0.009233	-0.018101	-0.008884	0.008097	-0.001525
0.997633	-0.200263	-0.608085	0.667152	0.493497	0.313415	0.024770	0.436274	0.184565	-0.011647	-0.230834	-0.119662	0.088926	-0.027535	-0.059345	-0.131829	-0.072351	0.012794	-0.162280	-0.133306	0.002413	0.062391	0.006409	0.079206	0.121852	-0.056571	0.079720	0.004371	-0.122729	0.089200	0.074324	-0.193433	0.010441	-0.061764	-0.036390	0.151471	0.134346	0.059879	0.065907	-0.178937	0.029094	0.062205	-0.109382	0.156279	-0.002402	-0.016093	0.073039	0.034851	0.124233	0.031084	0.020523	0.002805	-0.110536	0.069016	0.010815	0.188030	-0.046449	-0.055468	0.295200	0.052402	0.114913	0.031464	0.115279	-0.106139	-0.100524	-0.102303	-0.003408	-0.007951	0.055846	-0.067876	0.107402	0.016390	-0.040759	0.058530	0.020896	0.059592	-0.103263	-0.004113	-0.079398	-0.050995	-0.004811	-0.008258	-0.035192	0.059198	0.064873	0.023624	-0.033552	0.000105	-0.097918	-0.064536	0.018573	0.013479	0.023713	-0.173845	0.002068	0.084156	-0.011000	0.017618	0.018809	-0.029833	0.057340	0.001678	-0.083781	-0.056279	0.047886	-0.030668	0.051940	0.042371	-0.003938	-0.010066	0.039231	0.014256	0.000651	-0.021641	-0.066053	0.045501	-0.083065	-0.021884	0.011984	-0.006495	0.011101	-0.005065	-0.013447	0.039642	-0.014314	-0.003166	-0.026855	0.018796
0.164665	1.097056	-0.231015	0.941268	-0.410506	-0.647563	0.072758	-0.138847	0.241273	0.464788	0.067095	0.292539	0.125013	-0.163304	0.224220	0.224387	-0.113189	0.280381	-0.149032	-0.058853	-0.385470	-0.065053	0.069730	0.120016	-0.036219	0.205449	-0.103701	-0.169233	-0.104443	0.088787	0.095628	0.126743	-0.192654	-0.162020	-0.123333	-0.129205	-0.108829	0.152172	-0.132235	-0.261132	0.174381	-0.115985	0.004067	0.169406	0.010332	-0.213601	-0.172134	-0.031342	0.211612	-0.014848	0.000349	-0.027663	0.108261	-0.084147	0.010050	-0.063987	-0.090165	-0.069618	-0.011575	-0.096530	-0.056832	-0.015495	-0.076630	0.068682	0.141542	-0.118910	-0.104145	-0.075136	0.081850	0.006858	0.013692	-0.164009	0.014992	-0.092646	-0.026508	0.177504	-0.022101	0.116110	0.012327	-0.045723	0.046725	0.006740	-0.114557	-0.018261	0.008032	0.036161	0.024651	0.039499	0.037857	-0.029214	-0.053533	0.014849	0.001912	-0.025968	-0.022464	0.032765	0.094397	0.017484	-0.008291	0.015093	0.000237	-0.024527	0.011620	-0.016511	-0.039152	-0.000825	-0.027485	-0.015461	-0.049262	0.000874	-0.001267	-0.011431	0.020670	0.011198	-0.015729	-0.028838	0.001916	0.027156	0.000250	-0.013476	0.001269	-0.008603	-0.034110	-0.008051	-0.016096	-0.013545	0.005104	-0.009422
1.824406	-0.937712	1.119651	0.508684	0.045553	-0.077965	-0.168570	-0.234034	-0.360713	0.117657	-0.133466	0.090200	0.121141	-0.001553	-0.294427	0.071964	0.017722	-0.074896	0.078305	-0.121181	0.080562	-0.046381	-0.088727	0.021017	0.155866	-0.063182	0.091280	0.099350	-0.047558	-0.192983	-0.079748	0.112908	-0.068334	-0.051824	-0.001138	-0.147867	0.137469	-0.046180	0.139417	-0.019737	0.075745	-0.050429	-0.094564	-0.064625	-0.176275	0.000628	0.021891	0.063705	-0.018028	-0.150496	-0.062619	-0.073224	0.051344	0.068983	-0.004415	-0.132506	-0.063565	-0.012498	0.022629	0.019610	0.006643	0.099325	0.029840	-0.064238	0.014306	-0.087807	0.027989	0.071599	0.056650	0.010277	0.044239	0.050684	-0.046781	-0.073284	0.045521	-0.011362	-0.028037	0.066601	0.057403	-0.085573	-0.004968	0.044077	0.021211	-0.044619	-0.039454	-0.067011	0.058746	0.022810	0.015454	-0.012728	0.035250	-0.052422	-0.022592	0.049017	-0.010693	-0.031741	0.011856	0.058031	-0.034897	-0.018929	0.032433	0.055190	0.000880	-0.015380	-0.031415	0.054073	0.033662	0.044346	0.013915	0.010998	-0.059028	0.031747	-0.061805	0.040136	-0.049279	-0.071134	-0.057898	0.085088	0.084622	0.037064	0.076630	-0.035825	-0.043566	0.022148	-0.020704	-0.064312	-0.026215	0.052166
1.065349	0.569608	-0.047593	0.067849	0.803246	-0.066598	-0.435744	0.087685	0.064397	-0.045111	-0.136243	-0.089963	-0.183332	-0.030475	0.078444	0.077560	0.005872	0.064470	-0.105931	0.023441	0.045069	-0.137482	0.076328	-0.043027	-0.056619	-0.141380	-0.054294	-0.027140	0.014820	0.007191	0.006471	0.056381	-0.039434	-0.042808	-0.023685	0.040299	-0.079911	-0.018849	0.088756	0.011561	0.113257	0.010868	0.111349	0.026335	0.032067	0.030907	-0.013462	0.023505	0.039640	-0.098199	-0.071576	0.020808	-0.020501	-0.030353	0.049773	0.031030	0.006673	0.009050	-0.011463	-0.036285	-0.013893	-0.037092	-0.027342	-0.037542	0.006912	-0.014655	0.014162	0.028458	-0.026673	0.041601	-0.017083	0.001951	-0.020577	0.008035	0.037191	-0.024811	0.004665	0.013910	0.015268	-0.038376	0.000804	-0.024417	0.028077	-0.022908	0.014062	-0.033973	0.003371	0.018781	0.026629	0.002750	0.003569	0.005831	-0.021210	0.020184	-0.005451	-0.002904	-0.031229	0.000927	0.015330	-0.021479	-0.003726	-0.025415	0.015726	-0.013719	0.005029	0.019663	0.041659	-0.020232	-0.013623	0.012109	-0.005391	0.016397	0.004959	0.010268	-0.030983	-0.005893	0.012248	-0.013676	0.004546	-0.009655	-0.012672	0.009437	-0.003955	-0.001519	-0.009858	-0.019508	-0.027240	0.031048
0.425362	-1.498493	0.540673	0.257940	0.154420	0.222166	0.099722	-0.419210	-0.314394	0.245267	0.033726	0.070018	0.205888	-0.340200	-0.048823	0.078962	-0.088737	-0.041632	-0.037481	-0.165679	-0.002362	0.165576	-0.059447	0.116687	0.028917	-0.131859	0.019945	-0.067446	-0.025381	-0.000903	0.169539	-0.004958	0.157611	-0.054246	0.017713	0.021436	-0.016702	-0.002516	0.100845	-0.043320	0.106878	0.111310	-0.027892	0.032297	0.147155	0.005221	0.038094	0.024866	0.042343	0.040870	0.033109	-0.116889	0.019619	0.017864	-0.070951	-0.070647	-0.056985	0.009052	-0.036884	-0.085578	0.030197	0.013336	0.096738	0.054829	0.020208	0.011279	0.019271	0.067846	-0.009688	-0.087247	0.006398	-0.036850	-0.001326	-0.052248	0.074655	-0.009346	0.069728	0.031212	0.004750	0.000344	0.072567	-0.040099	0.055028	-0.001411	-0.011801	0.067331	-0.009499	0.019688	0.007854	-0.034111	-0.082515	-0.003763	0.017977	0.080885	-0.043703	0.008173	-0.026958	0.046520	-0.009829	-0.106776	0.011242	-0.016926	0.043561	-0.048820	0.078075	-0.054706	-0.037882	0.094216	-0.075923	0.037724	-0.003938	0.033725	-0.111707	-0.052999	0.050547	0.029407	0.080466	-0.109511	-0.011392	0.083521	0.003967	-0.056079	0.002607	-0.012696	0.104367	-0.094837	-0.113628	0.009281
-0.837259	0.571761	-0.116488	0.006763	0.633962	-0.113629	-0.269993	-0.033414	0.108519	-0.007511	0.104057	-0.237784	-0.263222	-0.254306	0.116158	-0.200963	-0.093707	-0.001614	-0.138227	-0.018785	0.036829	0.115954	0.082507	0.029642	0.072244	0.014256	-0.126698	0.086375	-0.014185	-0.008520	0.041102	0.022598	0.023695	0.049832	0.020723	-0.036329	-0.028874	-0.066370	0.021780	-0.015752	0.043381	-0.009477	-0.159363	0.072029	-0.034883	-0.083397	0.016049	-0.006180	-0.084875	0.019841	-0.016029	-0.002751	0.029579	0.044009	-0.105261	-0.032069	-0.068938	-0.040060	-0.019213	0.027283	-0.007265	0.054900	-0.024239	-0.054086	-0.022901	-0.058687	-0.083401	-0.135089	0.054766	-0.017827	0.071764	0.030974	0.027909	0.051829	-0.024827	0.016730	0.036217	-0.057171	-0.051248	-0.045105	0.007505	-0.117636	0.105089	0.012476	-0.081786	-0.023812	-0.018251	-0.000983	-0.004359	0.031070	-0.017439	0.005810	-0.073120	0.022896	0.053803	-0.022082	0.074014	0.014399	-0.047153	0.006330	0.021603	0.041571	-0.049805	0.022984	-0.026707	0.043791	-0.002200	-0.032537	0.011203	0.069789	0.057850	-0.011386	-0.011032	-0.029192	0.038492	-0.027892	0.009773	0.028040	-0.031856	-0.006259	-0.017165	-0.001013	-0.007310	-0.013552	0.031485	-0.023278	-0.028883	0.036023
1.250752	0.572659	0.272133	0.116069	0.791142	0.040702	-0.377427	0.080356	0.049465	-0.088291	-0.092168	-0.137881	-0.206342	-0.114994	0.096069	0.022330	-0.014910	0.005141	-0.201052	-0.048005	0.074564	-0.108575	0.024591	-0.148875	-0.058869	-0.143848	-0.044911	-0.088670	-0.072498	-0.039930	0.035053	0.034681	0.003779	-0.037868	-0.015303	-0.021782	0.031828	-0.023367	-0.073461	0.060693	0.048721	-0.027338	0.079370	0.031682	0.095369	-0.017150	-0.053185	-0.044809	0.000489	-0.065738	0.005319	0.006551	0.002000	-0.046439	-0.012626	0.019119	0.028505	-0.036185	-0.082450	0.056063	-0.004262	-0.006772	0.017877	0.027292	-0.013038	0.011076	0.097469	0.036208	0.032062	0.006731	-0.031808	-0.042053	-0.021073	-0.009853	0.005961	-0.007679	-0.041905	0.013560	0.002918	0.025327	0.033410	-0.024711	-0.041310	0.040870	0.018737	-0.018770	-0.057059	0.021211	-0.012987	-0.000261	-0.030903	-0.001860	-0.012914	-0.002095	0.004666	0.014564	-0.012237	-0.024061	-0.007057	0.019662	0.000086	0.015963	0.039758	-0.039349	-0.001805	-0.017152	0.012925	0.008469	0.001791	-0.022996	-0.023177	0.014053	0.006556	0.003648	-0.009553	-0.010359	0.011307	-0.005763	-0.019613	0.008688	0.010733	-0.005016	0.021514	-0.015405	-0.011481	-0.028438	-0.004498	-0.000275
-1.436732	0.110484	0.797006	0.378672	-0.047528	0.079002	-0.086139	0.040254	0.057589	0.072350	-0.201861	-0.351028	-0.232021	-0.024130	-0.188914	-0.062320	-0.091616	-0.009881	0.051114	-0.021960	-0.122188	0.119798	-0.012129	-0.081283	0.047583	0.064432	-0.032728	-0.110854	-0.017302	-0.098549	-0.022735	-0.027103	-0.005358	0.026152	-0.079814	0.040769	-0.032153	-0.010336	0.128496	0.010271	-0.148023	0.047267	-0.100785	-0.072867	-0.103511	-0.020860	-0.012238	-0.032371	0.036288	0.064928	0.000201	0.001246	0.073347	0.023766	0.065415	0.015659	0.009736	0.018712	-0.107633	0.043464	0.087561	-0.027147	0.001394	0.041321	-0.050363	0.007622	0.012871	0.030285	0.009051	-0.020529	-0.023261	-0.033802	-0.065098	0.039831	0.001854	0.016072	-0.008997	-0.039985	0.016262	0.012674	0.027180	0.029335	0.012738	0.002610	0.004481	0.071636	-0.023553	-0.020310	0.010995	-0.085692	-0.026247	-0.024508	-0.019653	0.016588	-0.005055	-0.011289	0.066571	0.042720	0.011396	0.013507	0.000152	-0.035544	0.012460	0.011879	-0.002236	-0.018366	0.018609	-0.014022	-0.035033	0.000947	0.002559	-0.029894	-0.039790	0.042397	0.012455	0.014811	-0.015818	-0.018128	-0.014786	0.015262	0.001805	-0.020420	0.004590	-0.023680	0.009953	-0.033273	-0.004025	0.025579
1.269540	0.507238	0.056059	0.025682	0.777809	0.066104	-0.310467	-0.011648	0.132307	0.020747	-0.110671	-0.108626	-0.152658	-0.038416	0.146770	0.012313	-0.055426	0.059559	-0.164164	-0.008062	0.038452	-0.007037	0.024605	-0.105047	-0.028324	-0.179988	-0.083550	-0.027983	-0.002839	-0.013397	0.062523	0.068664	0.051663	0.024347	0.010769	-0.017930	0.006693	-0.017731	-0.082563	-0.012561	0.035295	-0.028254	0.083232	0.037322	0.078571	0.054431	-0.048210	-0.033622	0.041740	-0.056379	0.026152	0.012991	-0.007392	0.006950	-0.052901	0.032099	-0.019175	-0.017920	-0.012935	0.010783	0.019326	-0.032020	0.011523	0.009726	-0.016916	0.040783	0.077269	0.060545	-0.001303	-0.025373	0.002226	-0.016838	-0.027375	-0.019527	-0.006058	-0.009640	0.014113	0.010934	-0.000421	0.043455	-0.031673	0.025361	-0.013701	0.019061	-0.005561	0.009579	-0.047932	-0.006853	0.012658	-0.015150	0.000078	0.006478	0.007919	-0.024017	-0.039355	0.005904	-0.008145	-0.020082	-0.029500	0.016006	-0.014387	0.036073	0.027757	-0.028291	0.018572	-0.051049	-0.021991	0.017534	0.000561	-0.029822	-0.025986	-0.011124	-0.004679	-0.017679	-0.005924	-0.033356	0.010108	-0.006815	-0.015672	0.002405	0.016785	-0.021715	0.008044	-0.018460	-0.033916	0.009983	0.015209	0.004711
1.489496	0.631094	-0.230080	0.051442	0.836257	0.094131	-0.275918	0.007922	0.118508	0.113738	-0.093951	-0.073320	-0.139002	-0.069078	0.176643	-0.067874	-0.098013	0.038956	-0.152283	-0.116111	0.028098	-0.014839	0.019762	-0.071408	-0.019521	-0.133312	-0.065460	0.000109	-0.038524	0.030630	0.002272	0.028124	0.028958	0.042777	-0.019951	-0.024263	-0.002784	-0.057268	0.037528	-0.025173	0.052053	-0.076381	0.040336	0.028058	0.076176	0.045363	-0.042510	-0.032800	0.018357	-0.071878	0.053830	0.047973	0.054168	-0.031001	-0.017808	0.002141	0.004540	0.005782	-0.022961	0.045567	0.031804	-0.018707	-0.015277	-0.009953	-0.001278	0.010107	0.027495	0.072980	-0.003511	0.039045	0.036772	-0.001916	-0.007975	-0.018382	-0.025857	-0.025543	-0.012091	0.004671	0.042606	0.022413	-0.003878	0.044047	-0.011936	0.014413	0.002401	-0.014942	-0.009866	-0.015415	-0.027974	0.001343	-0.033624	-0.017972	0.001518	0.027903	-0.002626	-0.007822	-0.013276	-0.031495	-0.004402	0.013573	-0.013643	0.046516	0.054585	-0.051702	0.033838	-0.046836	-0.014739	0.007446	0.000913	0.003837	-0.049960	-0.010033	-0.025000	-0.001252	0.004966	-0.008594	0.005242	-0.015299	0.011160	0.003459	0.011060	-0.018112	-0.015839	-0.026841	-0.036788	0.013300	0.002543	0.012369
2.367222	-0.815938	0.660491	0.263047	-0.138822	-0.012648	0.226977	0.034796	0.017872	-0.369719	-0.239400	0.139314	-0.147333	-0.108647	0.057965	-0.052951	0.056765	-0.187144	0.090115	0.054303	0.061881	0.076281	0.027861	-0.094322	-0.002956	0.109741	-0.125049	0.068752	0.006645	-0.198287	0.242792	0.051860	-0.080768	-0.211522	-0.033041	-0.139724	-0.083179	-0.063683	-0.099009	0.012719	-0.008906	0.232550	-0.111055	-0.029851	-0.078366	-0.096616	0.089409	-0.059581	0.064988	-0.012563	-0.269809	0.041458	0.044353	-0.006622	0.010517	0.070139	0.058604	0.117827	0.230581	0.017233	0.001841	-0.093226	-0.008547	-0.008102	0.061019	-0.074442	0.094482	0.056449	-0.070433	-0.022769	-0.167870	0.054505	0.012114	-0.037214	-0.099333	-0.003448	0.042663	0.085271	0.161779	0.012757	-0.060291	-0.009868	0.038950	-0.010316	-0.013486	0.020116	0.008433	0.047495	0.037267	0.023407	-0.003908	-0.051838	0.004141	-0.051955	0.025328	0.057629	0.003841	-0.077895	0.006766	0.011551	0.026313	0.042808	-0.013342	-0.001497	-0.051811	-0.006561	-0.025466	0.027465	0.014217	0.031674	-0.010558	-0.053546	0.045414	-0.057495	-0.017169	0.024960	0.023663	-0.031316	-0.046470	-0.035877	-0.036495	0.015842	0.029083	-0.036091	-0.023244	0.040530	-0.019495	-0.004651
0.653054	0.097019	0.968930	-0.050692	-0.339811	0.586962	0.141265	-0.199327	0.157462	-0.064768	0.160347	0.009624	-0.079026	0.152906	0.174877	0.187948	0.129896	-0.252264	-0.078776	0.130947	0.071438	-0.101324	-0.008761	-0.205782	0.052656	-0.101938	-0.191796	-0.218506	0.072034	0.183585	0.197987	-0.081322	0.026797	0.093727	0.058392	-0.084122	-0.125542	0.035778	0.064090	0.039370	-0.041054	-0.078230	-0.038857	-0.049997	0.086329	-0.056615	0.059758	0.087671	-0.015924	-0.024907	0.077817	-0.004427	-0.048459	-0.067288	0.024076	0.047007	-0.061379	-0.015591	-0.020950	0.079855	-0.109671	0.005188	0.063048	-0.018268	-0.074319	-0.013805	-0.054123	-0.024324	-0.006830	-0.041551	-0.016565	0.002416	-0.012855	-0.067776	-0.023791	0.077534	-0.010149	0.047080	-0.022913	0.044625	0.074547	0.002637	-0.009264	-0.001509	0.006574	-0.006717	-0.028656	-0.014119	-0.006348	0.010084	-0.020558	0.031185	0.017849	0.006165	0.026074	-0.005284	-0.013540	-0.024842	0.011369	0.033775	0.045746	-0.005112	-0.019731	-0.018915	-0.033496	0.015822	0.015016	0.012429	-0.002525	-0.000777	-0.000404	0.001056	0.000853	-0.012251	0.014585	0.019948	-0.044753	-0.026801	-0.019891	0.004567	-0.015191	0.041303	-0.018385	-0.025741	0.017822	0.005196	-0.008827	0.009232
0.407936	-0.437480	1.106879	0.308240	0.332808	0.048265	-0.202997	-0.166714	-0.151263	0.194734	-0.219794	0.215986	0.204976	-0.092401	-0.242222	0.078593	0.151148	0.062323	0.041243	-0.090491	-0.002115	-0.085139	-0.109147	-0.044464	0.135427	-0.098939	0.039471	0.036173	-0.002051	-0.164196	-0.151160	0.013953	0.020882	-0.043312	0.035243	-0.037121	0.093015	-0.002370	0.011715	-0.017107	0.007165	0.013041	-0.085393	-0.001570	-0.010933	-0.006462	0.069708	-0.028041	0.057186	-0.008231	-0.033116	-0.032026	0.077294	0.008479	-0.014067	-0.045557	-0.015999	-0.023005	0.031613	-0.048362	0.012335	0.059421	0.075321	-0.096974	0.027478	-0.034590	0.035103	0.058938	0.043400	0.023542	0.007078	-0.002390	-0.006112	-0.055553	0.001483	-0.030098	0.019737	0.003735	0.001409	0.035168	0.076191	0.025410	0.052939	0.012153	0.033659	-0.084978	0.008755	0.065600	0.051741	0.013673	0.007267	0.050737	-0.002972	-0.019461	-0.004150	-0.052151	0.030178	0.000749	-0.027465	-0.001591	-0.062907	0.005462	0.024873	0.031343	-0.000292	-0.008787	0.086369	-0.003426	-0.026636	-0.085351	-0.022432	0.030279	-0.030948	0.015921	-0.018419	-0.003494	-0.033074	-0.006789	-0.011318	-0.078957	-0.055916	-0.007690	0.010383	0.046207	0.005738	0.035330	-0.028169	0.002099
-1.222779	-0.506619	0.650771	-0.418830	-0.006331	0.049132	0.142895	0.093097	0.087430	-0.161775	0.199914	0.151139	-0.164015	-0.038042	0.147384	-0.038957	0.102104	0.176895	-0.228021	0.075712	0.000402	-0.099962	0.116042	0.162631	0.005078	0.174798	0.037494	-0.072668	0.096880	-0.003463	-0.100992	0.051805	-0.144864	0.061671	0.076301	0.058568	-0.032409	0.074364	-0.138493	0.043041	-0.034270	-0.004488	-0.090743	0.033441	0.020282	0.068056	0.096273	0.070028	-0.008064	-0.015677	0.065233	0.171322	0.009568	-0.007314	0.047262	-0.061740	-0.058610	-0.036647	0.007209	-0.020431	0.064284	0.060048	-0.025670	-0.037478	0.028833	0.076899	0.058875	0.027837	0.032533	0.029245	0.011081	0.027660	-0.010981	0.036163	0.027465	-0.025932	-0.023831	0.036097	-0.009813	0.031523	0.005573	-0.028730	-0.041508	0.032675	0.001902	-0.007248	-0.030188	-0.004344	0.002340	-0.048279	0.047672	0.014751	-0.037589	0.019768	-0.037057	0.026754	0.015105	-0.018304	-0.058205	-0.036992	-0.001801	-0.008491	-0.055882	-0.015034	-0.005288	-0.008721	-0.066257	0.022988	-0.009108	-0.021971	-0.047156	0.004524	-0.013310	-0.029025	0.026344	-0.012657	-0.001323	-0.000045	0.051587	0.023099	-0.002904	0.016200	0.007211	-0.014056	0.003729	0.017759	-0.024515	0.010822
0.022538	0.834655	0.280623	-0.212985	-0.014271	-0.124970	0.397812	0.050636	0.032012	-0.019939	-0.027939	-0.070259	0.121707	-0.203040	-0.044994	-0.003193	-0.032627	-0.087069	0.027755	0.159533	0.011978	0.164637	-0.006067	-0.018680	0.093200	-0.059989	0.002578	0.070247	0.055156	0.009173	-0.003567	-0.023815	0.044779	0.032956	0.042705	-0.011694	-0.002453	-0.018418	-0.047170	0.057407	-0.051026	0.047043	0.060099	0.005176	-0.050619	-0.002493	-0.065301	-0.032614	0.073108	0.015504	0.021183	0.032046	-0.021308	0.001934	0.040179	0.003699	-0.075808	0.053977	-0.004651	0.054461	-0.021893	0.010575	0.005218	0.040852	0.025863	-0.041369	-0.008287	-0.031602	-0.020121	-0.018654	0.016053	-0.031304	-0.054325	0.020099	-0.004463	0.007942	-0.041527	0.000867	-0.002467	0.037323	0.026990	0.028118	0.006059	0.062788	0.001402	-0.016535	0.024563	-0.017987	-0.007754	-0.053386	0.024338	-0.035490	-0.027547	0.029849	0.031741	-0.025266	0.008170	-0.004193	-0.013330	0.009674	-0.018430	-0.003017	0.014431	-0.026930	-0.001746	0.020622	0.021562	-0.002358	-0.000926	-0.001670	0.040747	-0.003823	-0.008501	0.015673	-0.015115	0.004622	0.023984	0.022653	0.024847	-0.010645	0.044157	-0.017364	0.028273	-0.009758	0.017299	0.021345	0.000388	0.005873
0.553568	0.214421	0.855573	-0.032114	-0.360167	0.507958	0.116662	-0.160076	0.143466	-0.058592	0.167762	-0.035103	-0.081994	0.208217	0.147727	0.195034	0.113646	-0.235781	-0.032023	0.125483	0.101877	-0.112457	-0.037532	-0.196721	0.081110	-0.106616	-0.184761	-0.234803	0.062159	0.152608	0.197219	-0.060938	0.004492	0.125582	0.066047	-0.106579	-0.106594	0.040988	0.073077	0.046582	-0.060422	-0.067342	-0.050385	-0.070004	0.073834	-0.034687	0.036678	0.044827	-0.024396	-0.030473	0.071749	-0.001207	-0.037096	-0.049377	0.019439	0.037253	-0.057800	-0.033380	-0.004096	0.049785	-0.107818	0.012997	0.077446	-0.028923	-0.056266	-0.007359	-0.070006	-0.026124	-0.020422	-0.025373	-0.009841	0.021414	0.000739	-0.069957	-0.021524	0.071740	0.007528	0.043130	-0.011976	0.037735	0.074913	0.008128	-0.023797	-0.005398	-0.004311	-0.020184	-0.007630	-0.014291	-0.003349	-0.004335	-0.013108	0.038206	0.002732	-0.011413	0.028185	-0.003325	-0.032250	-0.012821	-0.002643	0.019770	0.053871	-0.011225	-0.038139	-0.015671	-0.030159	0.027016	0.011274	0.004167	-0.000706	-0.002334	0.011419	0.017251	-0.005152	-0.012118	0.010812	0.010886	-0.043723	-0.026173	-0.009278	0.004711	-0.015192	0.041378	-0.025681	-0.024992	0.021517	0.009664	0.002491	0.000291
1.459936	-0.158678	-0.485756	-0.534917	-0.261016	-0.084206	-0.330653	-0.302826	0.085869	0.146602	-0.698667	-0.202758	0.252022	0.119982	0.193052	0.213432	-0.080977	-0.181821	-0.085985	0.220229	-0.196340	-0.100637	0.114685	0.195825	-0.024272	-0.068797	0.068914	-0.026872	0.038066	-0.105397	-0.032519	-0.009219	0.053162	-0.034135	0.015588	0.120766	-0.094179	-0.019238	0.006812	0.080790	-0.040320	0.048523	-0.081147	0.019020	0.009459	0.002931	0.007274	0.041550	-0.032265	-0.051128	-0.013011	-0.023386	-0.079126	-0.042588	-0.074706	-0.063774	0.049325	0.021372	0.005255	0.033594	0.019275	-0.033482	-0.012899	-0.009733	0.058040	0.002631	-0.020709	-0.024344	-0.008486	0.002234	0.012983	-0.033499	-0.028001	0.015520	0.018450	0.035163	-0.020157	0.011768	0.016271	0.078589	0.021239	-0.038976	-0.045900	0.016403	-0.000029	0.000134	-0.028222	-0.042738	0.015059	-0.013880	0.037395	-0.013419	-0.019273	-0.027476	-0.003369	0.017223	0.006057	0.004324	-0.007737	-0.028165	0.035905	-0.048392	0.019806	0.029566	0.030430	0.025775	-0.011597	0.064152	0.000959	-0.006775	0.005731	-0.014459	0.012752	0.023682	0.015958	-0.020464	-0.005088	-0.001144	0.005798	-0.032364	-0.010729	-0.021646	0.028591	-0.010923	0.026182	0.019585	-0.021129	-0.006454
2.411668	0.350445	-0.414832	-0.427958	-0.191969	0.147827	-0.376231	-0.334969	0.328384	0.076536	-0.789171	-0.077683	0.271103	-0.058837	0.368267	0.015437	-0.002314	-0.215830	-0.094909	0.077141	-0.061675	-0.133241	-0.055115	0.297266	0.026683	0.018165	0.016947	0.006228	-0.075431	-0.053491	-0.044417	-0.021127	0.013269	-0.013395	0.118312	0.078844	0.000379	-0.050553	0.079092	0.047006	-0.061038	0.095115	-0.092894	0.004511	0.031686	0.003051	-0.082459	0.102822	-0.085780	0.059793	-0.029571	0.087774	0.025844	-0.049758	-0.067244	-0.079053	-0.055381	0.014101	0.013149	0.013935	-0.026963	-0.007352	0.018986	0.036571	-0.040436	-0.018280	0.010437	0.017233	-0.031578	0.008167	0.014127	-0.025648	0.027703	0.041082	-0.003795	0.018635	-0.056082	0.015176	0.066003	-0.011789	-0.020544	0.040151	0.040554	-0.040887	0.007479	-0.014551	0.042645	-0.049385	0.025774	-0.021071	-0.014093	0.012500	-0.035252	-0.049896	-0.019218	-0.012311	0.041240	-0.008850	-0.030360	-0.008069	0.015215	0.000788	-0.008672	0.015589	0.012899	-0.018010	-0.008112	-0.021322	-0.000739	0.021570	0.017817	0.011169	-0.007083	0.016119	0.006367	-0.019355	-0.006248	0.009605	-0.003467	0.009625	-0.029969	0.031928	0.010991	-0.003984	-0.005243	-0.008393	0.033204	-0.016142
-1.180073	-1.139618	1.202645	-0.239733	0.110729	0.162886	-0.154481	0.128438	0.205196	0.146765	-0.183481	0.059207	-0.058750	-0.219800	-0.055702	0.107286	-0.141183	0.083740	0.006518	-0.072844	0.028416	-0.189169	-0.027445	0.002873	-0.170097	0.090370	0.003925	0.068976	0.100261	0.147821	-0.067137	0.087977	0.120300	-0.203437	-0.072759	-0.053763	-0.029731	0.123901	0.052557	0.007641	-0.070357	0.099820	-0.161853	-0.031165	-0.012974	-0.004324	-0.003270	0.040203	0.041036	0.103903	0.080249	-0.013811	0.064158	0.058452	-0.089291	-0.035349	0.133523	-0.054854	0.004474	-0.087018	-0.011794	-0.028769	0.015863	0.015174	0.041369	0.047214	0.041641	-0.097187	-0.082401	0.078608	-0.032633	0.031081	-0.028824	-0.001387	-0.022090	0.050976	-0.006931	-0.004943	-0.003965	-0.002995	-0.001085	-0.038595	0.008375	-0.087898	0.024142	0.008507	0.031279	0.039012	-0.011826	-0.017213	0.035485	0.035265	-0.028406	-0.030323	0.046316	-0.040015	-0.009497	-0.020269	0.027827	-0.014323	-0.048137	0.009647	-0.013391	0.043873	0.006809	-0.000701	0.008065	0.054687	0.021566	0.118456	0.051907	-0.029435	-0.012872	0.057835	0.005181	0.024878	0.029651	-0.098924	0.004909	-0.040479	-0.024068	-0.051974	0.027217	-0.029460	0.005951	-0.042837	0.026116	0.000354
-1.555924	0.242928	0.095234	-0.602463	-0.261082	-0.214624	-0.391530	-0.034487	-0.026244	0.064378	0.050833	-0.147030	-0.033997	-0.043079	0.019928	-0.198478	0.341567	0.032273	0.100996	-0.151809	-0.036495	0.111285	-0.076051	0.098522	-0.041905	0.137529	-0.172373	0.098330	0.103052	0.097837	0.081542	0.012003	0.136624	-0.117532	-0.001747	0.176822	-0.113550	0.086340	0.062952	0.082095	0.056345	0.048066	0.134054	0.046979	-0.010579	0.058593	-0.064473	0.005904	0.056843	-0.036028	-0.041964	0.080189	-0.066179	0.099163	-0.029493	-0.019186	0.023845	0.022724	0.044371	0.027175	-0.040328	0.102720	0.076860	-0.017802	-0.022276	-0.056721	-0.088214	0.073622	0.051502	-0.047472	-0.005509	-0.009840	0.024021	-0.070985	0.013119	-0.075258	-0.011970	0.039986	-0.007280	-0.040858	0.029030	-0.038258	0.018924	-0.052295	0.041600	0.029210	-0.017412	0.016272	0.039757	-0.008136	-0.004590	0.013056	0.030957	-0.052958	-0.048885	-0.009195	0.024318	0.015600	0.006738	-0.011746	-0.009385	0.008624	-0.031515	-0.011338	0.006075	0.026987	0.032282	0.019987	0.012638	-0.042316	-0.006803	0.004422	-0.005294	0.018936	0.038406	-0.014847	0.047886	-0.009192	-0.002364	0.030596	-0.033956	-0.045575	0.020179	-0.004987	-0.017727	0.009985	0.034603	-0.007467
-0.025031	1.186301	-0.158159	-0.114324	-0.202525	-0.065120	-0.423318	0.055905	-0.009733	-0.269786	0.183752	0.089165	-0.064780	-0.143301	-0.025092	-0.231714	-0.232376	-0.020580	0.120571	-0.124726	-0.066812	0.009876	-0.039325	0.131875	0.038074	0.004590	0.101540	0.035831	0.005266	0.015814	0.002897	-0.106740	-0.038670	0.033993	0.009992	-0.002284	-0.044642	-0.007636	0.028212	-0.004111	0.163758	-0.044874	-0.006452	0.051896	0.046193	-0.041243	0.015059	0.138683	-0.028614	0.042412	0.048161	0.025697	0.020218	-0.066093	0.064699	0.067848	0.040746	0.055959	-0.051853	-0.005287	-0.002221	-0.007447	0.040637	-0.015712	-0.005610	-0.016060	0.027421	-0.008294	0.015827	0.060084	-0.023005	0.002654	-0.029480	-0.000741	0.015246	-0.045787	-0.067769	0.024281	0.007749	-0.018543	0.056553	-0.017334	0.084967	-0.032948	-0.035861	0.037143	0.013638	-0.068799	-0.021728	-0.022347	0.017016	0.015218	0.004127	-0.014501	0.027724	-0.000769	-0.011163	-0.040263	-0.005440	-0.037271	-0.019004	-0.019578	0.047961	-0.039928	-0.012543	-0.047970	0.021574	-0.018881	0.006372	0.111376	-0.031662	0.019244	-0.008251	-0.001941	-0.014625	-0.025813	0.002088	-0.013179	0.044497	-0.037042	-0.004538	0.010689	-0.030970	0.020434	0.015381	0.067733	0.001497	0.030842
4.018118	-1.263462	-0.860814	-0.321242	-0.125949	-0.400814	-0.324092	0.137221	-0.089671	0.096273	0.269679	-0.192760	0.055245	-0.274653	-0.091731	-0.276327	-0.246824	-0.183400	0.212690	-0.120093	-0.030279	0.086482	-0.119811	-0.076212	0.096319	-0.016534	0.042875	-0.208248	0.114060	-0.006959	-0.094392	0.113046	-0.002202	-0.049363	0.056615	0.081957	0.012928	-0.009038	-0.030894	-0.115606	-0.109607	-0.041809	0.007063	0.055413	0.117907	0.045383	0.018366	0.129357	0.083920	0.001389	-0.063570	0.056838	0.119692	-0.064377	0.074203	0.074364	-0.035999	0.067330	-0.087324	0.106947	0.005710	-0.121152	0.025908	-0.078749	0.088195	0.071138	0.013873	-0.052477	0.037809	0.035736	0.006535	-0.035684	-0.015808	0.012501	0.067400	0.066366	0.009509	-0.047286	-0.012134	-0.076385	-0.027644	0.061753	0.039411	-0.026420	0.089827	-0.034217	-0.054298	-0.025397	-0.001385	-0.026127	0.018597	0.072167	0.013678	-0.005130	0.055869	0.007253	-0.004320	0.025476	0.034920	-0.033651	-0.012868	0.006598	0.003860	0.008759	-0.004542	0.035665	-0.031155	0.049022	0.029604	-0.024084	0.034331	-0.014142	0.061657	0.014201	0.049011	-0.022303	-0.009059	-0.031736	0.026864	0.035939	0.032938	0.026895	0.014636	-0.004975	0.004619	0.000913	0.002574	-0.025189
-2.254662	-0.464300	-0.338481	0.138982	-0.221351	0.157330	0.036679	-0.091409	0.304481	-0.204246	-0.027434	0.053197	-0.018660	-0.039324	0.161093	-0.094303	-0.042145	0.177196	0.135357	0.140666	0.147656	-0.138079	-0.024856	-0.063841	0.073609	-0.014126	0.139616	0.138111	0.056322	-0.132629	0.031859	-0.218193	-0.045711	0.188266	-0.067259	-0.056488	0.096877	-0.205303	-0.042149	0.048483	0.015737	-0.142280	0.022878	-0.080407	-0.139712	-0.021863	0.061663	-0.067564	-0.014034	0.092249	0.079725	-0.121555	0.050509	-0.014025	-0.033926	-0.013383	-0.044953	0.023095	-0.023334	0.002836	-0.058023	-0.046442	0.082541	0.121225	0.081180	0.000487	-0.053333	-0.021036	0.051212	0.040639	0.039671	0.078498	-0.065718	0.006849	0.110411	0.034607	-0.063011	0.050675	0.025506	-0.109883	0.078118	0.015300	-0.027138	-0.056980	-0.033767	0.048141	-0.021195	0.066699	0.033362	-0.005567	0.039172	0.041934	0.029056	-0.067930	-0.041206	-0.020432	-0.020183	-0.060888	-0.009262	-0.004758	-0.038780	-0.003378	-0.064515	0.024354	0.007149	-0.057031	-0.013336	-0.021938	-0.001065	-0.045326	0.096636	0.028801	0.006884	0.007003	-0.101829	-0.122718	-0.045280	-0.088425	-0.030693	0.074605	-0.085452	-0.039702	0.092815	-0.011991	0.011820	-0.028481	0.010470	0.016726
0.392988	0.586289	-0.082673	-0.004638	0.139925	-0.123748	0.355953	-0.052182	-0.262477	-0.163949	-0.072529	0.057378	-0.162200	0.181320	0.184493	-0.122790	0.123259	0.179465	0.207186	-0.031004	0.004494	-0.008102	0.065775	0.089422	0.130398	-0.018433	0.042549	-0.029951	-0.039569	0.040457	-0.106082	0.000801	0.018098	0.030996	-0.032957	-0.011355	0.169466	0.008961	-0.031648	0.018374	0.023336	-0.046080	-0.036662	-0.008459	0.026269	0.009186	-0.023670	0.040814	0.053111	-0.010410	-0.069018	0.008474	-0.009830	-0.003964	-0.007112	-0.021526	-0.018979	-0.067180	-0.026485	0.010273	0.013211	-0.017093	0.039238	-0.011035	-0.055100	-0.001009	0.003103	-0.029331	0.044429	0.010002	-0.031091	0.004653	0.056886	-0.011642	0.009146	0.033751	-0.017192	0.029540	0.020769	-0.026332	0.007434	-0.015590	0.029595	0.032106	-0.001506	-0.000174	0.017049	-0.000352	0.013682	0.002383	-0.014855	0.006901	-0.016211	0.038874	0.039698	0.023649	-0.031646	0.009844	0.055401	0.000384	0.022938	-0.006953	0.014812	-0.018675	0.021571	-0.009556	0.024619	-0.007689	0.010172	0.011172	0.011921	-0.027763	-0.035935	0.037254	0.036986	-0.001883	-0.001158	-0.012834	0.033836	0.009031	-0.045911	0.026785	0.025999	-0.000144	-0.004945	0.025228	-0.014371	-0.007892
-0.006262	0.889929	0.025830	-0.290029	0.013512	-0.090597	0.345812	0.040946	-0.110108	0.047590	-0.015315	-0.083122	0.069567	-0.103084	-0.044201	-0.009260	0.042216	-0.110833	0.028598	0.112348	0.033102	0.032328	0.021635	-0.001597	-0.010102	-0.076688	0.039869	0.072741	0.042672	0.055582	-0.026613	-0.081152	0.021176	-0.023456	0.016220	-0.006230	-0.015552	-0.044320	-0.004303	0.042278	0.005195	0.041887	-0.006738	0.026545	-0.030172	-0.011497	-0.075238	-0.038399	0.069537	0.037171	0.011507	0.047285	-0.029642	-0.032885	0.013532	0.021369	-0.044840	0.053388	-0.039169	0.017497	-0.022268	0.014182	0.036162	0.034640	0.051502	-0.011756	0.024454	-0.037775	-0.048610	-0.010308	0.018197	-0.011401	-0.055504	-0.001420	-0.021816	0.034819	-0.041372	0.014265	-0.033658	0.041366	0.013956	0.031066	0.033352	0.045866	-0.014366	-0.003457	0.001594	0.009757	0.018175	-0.050238	0.014940	-0.024722	-0.023860	0.038043	0.031966	-0.034505	-0.008016	-0.018847	0.014000	0.011116	-0.014059	0.005465	0.015247	-0.042023	0.003206	-0.009493	0.018319	0.008162	-0.005273	0.009083	0.019353	0.020477	0.015662	0.005840	-0.013610	0.005605	0.003451	0.003888	0.006174	-0.029026	0.026794	-0.033834	0.014981	0.020764	0.001324	-0.012590	-0.003245	0.022525
1.922751	0.821242	0.038544	-0.126585	-0.502928	0.331239	-0.434491	0.248751	-0.193978	-0.263089	0.021810	0.209682	0.157373	-0.114662	-0.030254	0.012038	0.009136	0.139357	-0.098445	-0.124148	-0.098719	-0.000334	0.043434	-0.025722	-0.096127	0.031187	-0.056217	0.084256	-0.109292	-0.079189	-0.043200	0.083330	-0.086159	0.020156	-0.133789	-0.120067	0.059213	0.037495	0.035686	0.022209	-0.055028	0.002277	-0.001116	-0.081831	0.022551	-0.018303	-0.008852	-0.097769	0.024389	-0.016123	0.032470	0.038532	-0.022008	-0.044675	-0.013336	-0.038378	0.020197	-0.021810	-0.091499	0.056654	-0.106299	-0.058364	0.042005	-0.063903	-0.001113	-0.042736	-0.052755	0.018555	-0.037547	-0.008732	0.025351	-0.014993	-0.005615	0.026578	-0.002196	-0.061260	-0.005811	-0.053665	-0.030318	-0.010277	-0.001631	-0.026488	-0.009105	0.029084	-0.013265	-0.038085	-0.059930	-0.018745	-0.055855	-0.007163	-0.016929	-0.048691	0.051591	-0.031203	0.020730	0.008655	-0.026696	0.024503	-0.013020	0.022961	0.014262	-0.029054	0.007592	0.028678	-0.013217	0.020894	-0.001064	0.010082	-0.011637	0.012317	-0.019350	0.001180	0.018095	-0.013325	-0.003766	-0.026231	0.015366	-0.006137	0.031605	-0.006568	0.001253	0.013366	0.006657	-0.012139	0.024647	0.003916	-0.006071	-0.000569
-2.565433	-0.736372	-0.381309	-0.678004	0.099859	-0.052620	-0.337566	-0.136037	0.049148	-0.223877	0.149316	-0.000242	0.323299	-0.158620	-0.002049	0.169520	-0.133558	-0.156309	-0.034713	0.041442	0.030530	0.288089	0.041111	-0.150215	0.043575	0.020165	-0.008635	-0.102621	-0.023985	0.072125	0.020942	0.090674	0.100567	0.027928	-0.059037	-0.072623	0.065247	0.098991	-0.019867	0.119252	0.003746	0.021895	0.070770	0.062985	0.041480	-0.063023	0.111204	-0.049924	-0.022232	-0.060372	-0.042801	-0.109447	0.013550	0.069996	-0.073865	-0.021933	0.014257	0.065252	0.049889	0.034342	0.032569	0.039894	-0.049264	0.000883	0.017684	0.037234	0.056061	-0.064779	-0.058833	0.070412	-0.074295	-0.093512	0.041787	0.059405	-0.056685	0.015540	0.002775	-0.046443	-0.002234	0.024579	0.014364	-0.004922	-0.056007	0.021948	-0.007410	-0.006563	-0.070202	-0.084423	-0.071529	-0.072490	-0.069582	-0.001041	-0.003276	-0.035701	0.003088	-0.044922	0.017699	-0.033112	-0.009905	0.020641	0.017101	-0.010298	-0.010058	-0.003733	-0.050713	-0.009429	0.061960	-0.011480	-0.047263	-0.032595	0.015980	0.035182	-0.036313	-0.068016	0.023774	-0.003659	-0.018752	-0.034336	0.012834	0.033977	0.014917	0.029251	-0.017475	0.006879	-0.007048	0.013964	0.016854	0.012462
1.159650	1.470546	0.074305	0.009588	-0.394733	0.224902	-0.442161	-0.078272	0.187789	-0.287160	0.314812	0.122407	0.144053	0.121217	-0.193521	0.151379	-0.125887	0.018559	0.065313	-0.063522	-0.015222	0.044707	0.020633	0.076504	-0.018306	-0.185304	0.094943	-0.124628	0.018057	0.052654	-0.099414	0.024805	0.009183	-0.092984	-0.000640	0.097859	0.036209	-0.080649	0.024916	-0.094192	0.088959	0.042259	-0.024253	0.021636	0.017611	0.004656	0.052871	0.038982	0.000370	0.032645	-0.022210	0.067148	0.034159	0.050087	-0.056853	-0.055255	-0.012524	0.003774	0.046437	-0.061325	0.009703	0.025423	-0.018790	0.012628	0.032959	0.021042	-0.039579	0.065783	-0.037184	-0.026100	0.076447	0.074360	-0.014994	-0.016754	-0.039234	-0.023712	-0.011304	0.012173	0.028461	0.040571	0.015116	-0.019358	-0.016020	0.007010	-0.034624	0.023711	-0.036015	-0.008275	-0.014566	0.016482	-0.038055	-0.001743	0.014016	0.005513	-0.004065	0.016796	-0.021737	-0.001113	-0.010173	0.066919	-0.005735	0.027900	-0.021243	0.019251	-0.014304	-0.010437	-0.004477	-0.008452	-0.009835	0.011624	0.002421	-0.012063	0.007417	0.013616	-0.033042	0.024013	-0.012302	0.024096	0.015904	-0.019072	0.008204	0.005724	0.028383	0.011644	-0.008447	-0.008116	-0.019886	-0.000271
0.353338	1.249378	0.732728	0.146014	-0.502866	-0.226405	-0.420413	0.186002	-0.083247	-0.099842	0.193342	-0.257298	0.139078	0.267415	-0.216360	-0.121103	-0.137322	0.096081	0.268241	-0.015300	-0.108458	0.010437	0.013253	-0.032331	-0.199821	-0.244483	0.055620	0.014231	0.156487	-0.079026	0.035581	0.018853	0.015232	-0.012841	0.155758	0.165775	0.068414	-0.041740	-0.104228	-0.112836	-0.020226	-0.037393	-0.019974	0.038524	0.039909	-0.038507	-0.061233	-0.029016	0.006611	0.052916	0.026317	-0.060028	-0.062880	0.054535	-0.001416	-0.031818	0.086947	0.049961	-0.003174	-0.030678	0.030390	0.000228	-0.060256	0.006483	0.016898	-0.059555	0.039392	0.032458	-0.045949	-0.008234	0.046499	-0.024539	-0.050324	0.002904	-0.047049	0.057465	0.030163	0.015914	-0.000458	-0.004026	-0.135296	-0.008743	-0.010778	-0.064675	0.011506	-0.088785	-0.044634	0.021375	0.042055	-0.041800	0.023754	-0.050577	-0.025826	0.011788	-0.050364	0.038007	0.006978	-0.003969	-0.010630	-0.045259	-0.034473	0.005985	0.038193	0.018074	0.022222	0.042850	0.030887	-0.011462	-0.009054	0.035981	0.013819	-0.008467	-0.028082	-0.095564	0.023501	-0.020907	0.021105	-0.007990	-0.036026	0.000781	-0.037287	0.009273	-0.020100	0.040047	0.032273	0.030655	0.003797	-0.051946
0.830426	0.715639	0.420230	-0.293401	-0.363992	0.206425	-0.383256	0.015925	0.126071	-0.208978	-0.021027	0.128614	-0.003639	0.000548	-0.134044	-0.077005	-0.003641	0.241273	0.048304	0.073608	0.009330	0.026164	-0.129329	0.046572	-0.062533	-0.063056	0.182556	-0.110331	-0.062388	0.021075	0.048238	0.068254	0.087177	0.033820	0.182174	-0.045528	-0.057239	0.110182	-0.006791	0.015659	0.032071	0.055406	0.091463	-0.033396	-0.034027	-0.013373	0.011557	-0.001170	-0.076723	0.028920	0.016949	-0.076136	-0.000298	0.033402	0.014001	0.100414	-0.029620	-0.014648	0.105143	-0.028579	0.097829	-0.093722	0.014139	0.042427	-0.000549	0.022763	-0.105572	0.078166	-0.037512	0.066853	0.020588	0.005252	-0.013136	-0.024998	0.066042	0.053964	0.046369	0.032849	-0.038891	0.035400	0.089680	-0.031057	-0.051851	0.049813	-0.038462	0.010343	-0.001262	0.030271	-0.017035	0.054403	0.025096	0.069875	-0.016321	-0.019440	-0.061988	-0.032959	0.099502	-0.046687	0.000207	0.024997	-0.065533	-0.096759	-0.051866	-0.079229	0.060173	0.009044	0.020178	0.017478	0.048158	0.015247	-0.094267	-0.016825	-0.008792	0.003710	0.080725	-0.141557	0.041745	0.016029	0.011966	0.102266	-0.048757	0.050198	0.021804	-0.014945	-0.038367	0.057786	-0.054681	0.005336
1.157788	0.736262	-0.052525	-0.087143	0.259098	-0.156182	0.383068	-0.128339	-0.194316	-0.069104	-0.165807	0.183785	-0.145447	0.004577	0.260117	-0.105658	0.141992	0.128790	0.197298	-0.016192	-0.055904	0.040468	0.005897	0.009431	0.082987	0.002469	0.063959	-0.034108	-0.009320	0.051543	-0.024885	0.082244	0.054023	0.005774	0.059429	-0.042581	0.172591	0.058426	0.020877	-0.002654	-0.033978	-0.047904	0.027037	-0.022514	0.054578	-0.002370	0.025028	0.022959	0.011859	-0.024325	-0.001932	-0.045192	0.041260	-0.016534	-0.061622	0.017742	-0.009474	-0.042641	0.039533	0.020508	-0.014709	0.006806	-0.025218	0.004462	0.018493	-0.025257	-0.010757	0.010955	-0.043834	0.020401	0.026318	-0.018991	-0.037843	-0.019279	-0.011041	0.002013	0.014122	-0.055077	0.000449	0.025905	-0.010155	-0.022476	0.017382	-0.006309	-0.002085	0.027016	0.007209	-0.027020	-0.024944	0.003772	-0.009847	0.024045	0.021864	0.002760	-0.027973	-0.016099	-0.007668	0.000172	-0.023882	0.019121	-0.005965	-0.002140	-0.021738	-0.005197	-0.015911	0.018532	-0.007527	0.017104	-0.004227	0.014714	0.007630	0.012943	0.006966	0.006663	-0.014747	-0.001418	0.001923	-0.012157	-0.014234	-0.022085	0.013561	-0.015136	-0.012861	0.001235	0.006610	-0.000744	-0.020812	-0.007590
0.019338	1.152713	0.276902	-0.075858	-0.297145	0.081711	-0.371214	0.112058	0.184894	-0.393173	0.260768	0.011455	0.010432	-0.058301	-0.072228	-0.053810	-0.065525	-0.020811	0.150056	-0.029350	0.016898	-0.028274	-0.065578	0.062302	0.075464	-0.173300	0.147502	-0.017776	0.004617	0.070812	0.019019	0.001904	0.008401	-0.045316	-0.008500	0.079301	-0.034887	-0.044462	-0.058873	-0.008087	0.063347	0.143840	-0.008170	0.057370	-0.009897	-0.038430	0.050463	-0.056857	-0.007900	0.063448	-0.010194	0.044810	0.014964	-0.069917	-0.044952	0.025147	0.009562	-0.000190	-0.009870	0.034659	-0.030609	-0.021484	0.050858	0.067509	-0.011751	-0.029070	0.050099	-0.017173	0.018230	0.039874	-0.044413	-0.058444	-0.020536	0.025233	0.035709	0.003901	-0.036853	-0.036109	-0.038513	-0.024236	-0.011009	-0.026232	0.033524	0.023031	0.020268	-0.034859	-0.016623	0.019615	0.072748	-0.005851	-0.005291	0.022406	-0.023936	-0.016042	0.028395	0.013360	-0.000039	-0.001274	0.029716	-0.029004	0.002131	-0.041526	0.044020	0.024113	0.018716	-0.019955	0.015079	0.007057	0.016760	-0.003748	-0.006633	0.062583	0.049698	0.013540	0.021905	-0.009557	0.034514	-0.031440	0.016299	-0.038393	0.026003	-0.017479	-0.033174	0.016493	0.013258	-0.022415	0.002674	0.014285
-3.208025	-0.813707	-0.298632	-0.686569	-0.525944	0.054096	-0.271343	-0.418307	-0.383139	0.432902	-0.380070	-0.346934	-0.569965	0.330218	-0.282386	-0.422068	-0.020967	0.158336	0.154376	0.274481	-0.114209	-0.295494	0.078454	-0.003750	-0.369995	0.244472	0.405016	0.198225	0.154682	0.016843	0.029517	0.013280	-0.015124	-0.099928	0.076805	-0.189622	-0.166464	-0.163568	-0.160631	-0.035095	-0.009311	-0.115478	0.127444	0.140616	-0.044652	-0.085938	-0.039528	-0.056063	0.111730	-0.127560	0.210420	0.035898	0.016047	-0.010691	0.095763	0.031118	0.096075	-0.109871	0.060997	-0.022269	0.072743	-0.093288	-0.060734	-0.061665	-0.098671	-0.068471	0.068994	0.029515	0.039796	-0.025306	-0.018012	0.057905	-0.066038	-0.013264	-0.079129	-0.068338	0.066946	0.084657	0.064708	0.032114	0.018599	0.014808	-0.014374	-0.011271	-0.111351	0.003697	-0.155687	-0.081381	-0.087212	0.089895	-0.063373	0.071734	0.108642	-0.053485	0.017116	-0.073768	-0.010393	0.099801	-0.029730	-0.023739	0.059686	0.039868	-0.009393	0.051102	0.021028	-0.021654	0.014455	-0.014578	-0.032163	-0.010205	0.061616	-0.010892	0.032825	0.043377	0.017356	0.004333	-0.050030	-0.068637	0.050629	0.038326	-0.014688	-0.004508	-0.042511	-0.003228	-0.032507	0.048364	0.018723	0.134984
0.311867	1.198801	0.385753	0.059327	-0.364107	0.103582	-0.281170	0.053744	0.004026	-0.212023	0.294210	-0.108409	0.121138	0.060024	-0.197338	-0.129209	-0.219977	0.118340	0.228749	0.031643	-0.069001	0.020471	0.018429	-0.001043	-0.032887	-0.123763	0.088707	-0.070824	0.079620	-0.028231	0.036609	-0.103727	0.089113	-0.080939	0.042171	0.099149	-0.037272	-0.005196	-0.038107	-0.016480	0.029381	-0.097822	0.025829	-0.003264	0.052612	-0.114976	-0.025254	0.125025	-0.046530	0.024332	0.046767	-0.026077	-0.014673	0.008837	0.001448	0.049847	-0.019345	-0.010747	-0.000300	0.015299	0.016051	-0.039453	0.004271	0.003493	-0.013989	-0.064826	0.051728	-0.016082	-0.023179	-0.008689	-0.000925	-0.073613	-0.061563	-0.020594	0.003183	0.003802	-0.005567	0.037100	0.028787	0.011164	-0.021355	-0.014744	-0.016568	-0.031250	-0.020228	0.012151	0.032207	-0.059880	-0.039097	-0.036402	0.081149	-0.017494	0.020319	0.004386	0.026464	0.033911	0.005539	0.002416	-0.026410	-0.028954	-0.061503	0.000564	0.038803	0.008428	-0.005985	0.020448	-0.005302	-0.006151	0.001573	0.061269	0.021974	-0.028671	-0.074937	-0.078029	-0.038682	0.005030	-0.006046	-0.001970	-0.005845	0.008085	-0.053133	0.021588	-0.028464	-0.008020	0.041553	0.050802	0.008218	0.007532
-0.565548	0.985316	0.237997	-0.325457	-0.172012	-0.216778	0.246369	-0.036434	-0.025656	0.028752	0.092022	-0.324000	0.133333	-0.115740	-0.160122	0.149679	-0.024197	-0.178113	0.030719	0.000257	0.118831	0.055328	0.119222	0.170209	0.078026	0.025726	-0.024827	-0.072534	-0.103474	-0.071231	-0.026413	0.019796	0.032173	-0.044968	0.015301	-0.049961	0.038227	-0.008603	-0.142546	0.016720	0.014905	-0.176692	-0.012528	-0.033191	0.028313	0.020883	-0.055623	-0.031381	0.048286	0.041818	0.039670	-0.070838	-0.132389	-0.056776	0.032561	-0.032953	0.026087	0.005150	0.061713	-0.069739	-0.010428	0.039217	-0.009153	-0.003076	0.007721	-0.016777	0.002635	-0.060683	-0.035549	0.025202	0.084397	0.050422	0.001118	0.020740	0.004783	-0.013536	0.000733	-0.052004	0.028335	-0.006187	0.014823	0.020948	0.050534	-0.076825	-0.037213	-0.031068	-0.010580	-0.010432	0.037831	0.008364	0.008528	0.022580	0.029908	0.022844	-0.043751	0.040605	-0.020160	-0.001661	-0.011192	-0.020761	-0.002740	-0.022036	-0.009011	-0.003312	0.033600	-0.021205	0.004171	0.028291	-0.029542	-0.056091	-0.025970	-0.020595	0.034531	0.013347	-0.016745	-0.020234	0.028106	-0.026123	-0.023333	0.000534	0.016964	0.027474	0.013938	0.002868	-0.006051	0.003382	-0.011372	0.033282
6.342634	-0.935476	-0.384154	-0.431945	0.013287	-0.352393	0.104616	-1.003263	0.268754	0.096578	0.213707	-0.192645	-0.261748	0.105498	-0.597015	0.043793	0.068492	0.039816	-0.011264	-0.186951	-0.077808	-0.128868	-0.048513	-0.227009	0.055989	0.082127	-0.051730	0.159642	-0.146690	0.101697	0.029834	0.111464	0.013290	0.158321	-0.117796	0.138597	0.057545	-0.022311	-0.117822	0.130863	-0.035673	0.003586	-0.017725	-0.021653	0.066552	-0.029336	-0.001455	-0.007481	0.000872	0.069746	0.036225	-0.009167	0.002480	-0.008886	-0.005859	-0.047609	-0.021896	0.045455	-0.007374	-0.031356	0.011426	0.024204	0.036990	0.035617	-0.017585	-0.055624	-0.009443	-0.059289	-0.021332	0.028704	-0.006918	-0.008288	-0.016408	0.013273	0.017279	0.035592	-0.002054	-0.015678	0.036210	0.001520	-0.004193	-0.013613	-0.005632	-0.016868	0.035800	0.000794	0.010915	-0.019314	0.003741	0.032927	0.007644	0.013278	-0.030248	-0.034201	-0.035870	0.009890	0.017847	0.038319	-0.004182	-0.012179	-0.015500	0.019094	-0.023213	0.011856	-0.013244	0.012566	-0.023156	-0.009512	0.011319	0.024175	-0.014384	0.040041	-0.020785	-0.015919	0.000015	0.007936	-0.026196	0.003272	0.006965	0.013497	-0.001566	-0.011012	0.003780	-0.011322	-0.005464	0.018092	0.036480	0.002648
-0.186225	0.321626	0.543429	-0.523969	-0.044895	-0.253927	0.369314	-0.097361	-0.146807	-0.056717	-0.136961	0.114095	-0.113566	0.057938	-0.098932	0.048459	-0.018870	-0.050111	0.040844	0.011424	-0.083066	0.018589	-0.074986	-0.040489	-0.162266	-0.038995	-0.010660	0.009645	0.029321	-0.049580	-0.012472	-0.069251	0.036233	-0.124883	-0.014620	0.092532	-0.090940	-0.025437	-0.032845	-0.074204	0.004981	0.062474	0.135975	0.006352	-0.113362	0.046286	0.035779	-0.098542	0.020539	0.007586	0.044857	-0.014325	-0.024032	-0.075504	0.049114	0.081238	0.043675	-0.077549	0.031343	0.025962	-0.049024	-0.009555	0.070403	-0.034397	0.013292	0.052187	-0.001611	-0.028577	0.016599	-0.021870	-0.033075	-0.062102	0.007154	0.010636	0.016370	-0.034421	-0.063594	-0.039229	-0.000056	-0.002361	0.008462	-0.018321	-0.033602	-0.002043	0.018801	-0.006087	0.029838	0.008377	-0.039147	0.036684	0.006818	-0.006883	0.007979	0.002053	-0.008936	0.028236	0.002258	0.002648	0.000921	-0.015416	-0.052845	0.076902	-0.006087	0.023326	-0.036398	0.004056	0.004928	0.000182	0.026465	-0.010419	0.032078	-0.043903	-0.025930	0.062230	0.043849	0.031138	-0.031293	0.023909	-0.007723	0.023449	0.046632	0.026069	-0.004716	-0.016275	-0.011483	-0.028874	-0.012852	-0.030091
3.322440	-0.653852	0.383420	-0.099229	-0.055869	-0.152417	0.140871	0.234169	-0.054328	-0.182262	0.094648	0.084788	0.012673	-0.241429	0.030079	-0.006429	0.124285	-0.078656	-0.025838	0.084039	0.198967	0.051200	0.090772	-0.029695	0.028115	-0.027623	0.022664	0.097637	0.026531	-0.062154	0.091507	0.100794	-0.210319	-0.033000	0.221752	-0.053626	0.063824	-0.072035	0.019986	0.068277	0.122742	0.073493	0.058409	0.007137	0.040372	-0.027308	0.040265	-0.074641	0.092705	-0.069679	0.028363	0.038410	0.087660	0.027166	0.084797	-0.064639	0.082699	0.111042	0.029504	0.048071	0.002245	0.056472	0.037314	0.020197	-0.046050	-0.027884	0.001087	0.008953	-0.025376	-0.079888	0.075093	-0.165431	0.019977	-0.107666	-0.028149	-0.020128	0.001510	0.021280	0.031904	-0.039780	0.015137	-0.025205	-0.006382	-0.030436	-0.079330	0.004386	0.015282	0.025484	-0.069497	-0.024083	0.069120	0.001336	-0.113552	-0.029006	0.054334	-0.041874	-0.051697	0.065271	0.045373	0.041632	0.077039	0.041074	-0.038167	0.046584	0.044550	-0.011637	-0.007716	-0.011566	-0.024733	-0.016437	-0.061362	-0.012921	-0.011867	0.037325	-0.059845	0.010537	0.025460	0.008552	-0.015777	0.067126	-0.016169	-0.007042	0.015111	0.006936	0.033908	-0.020127	-0.000493	0.036816
3.018155	0.028820	-0.071718	-0.201893	0.230101	0.086180	0.536847	0.081725	-0.308952	0.016320	-0.125706	-0.116902	0.050356	-0.089638	-0.061312	-0.045839	-0.146135	0.016121	0.033420	0.081085	-0.078347	0.023246	0.029474	-0.180247	-0.084625	-0.048061	-0.061794	-0.023578	0.041567	-0.035355	-0.008035	-0.131488	0.001051	-0.066603	0.100473	-0.049173	-0.045657	0.064589	-0.072849	-0.059455	0.016614	-0.056407	-0.036751	-0.040711	0.030520	-0.062047	0.023866	-0.014718	-0.067837	-0.060375	-0.004463	0.045003	-0.040194	0.067802	-0.023474	-0.090775	-0.032556	0.112662	0.002660	-0.067283	0.009669	0.005940	-0.020879	0.090770	-0.047605	0.046951	-0.025008	0.034519	0.058792	0.045056	0.006736	0.029765	0.032378	0.011071	0.034093	-0.061283	-0.004787	0.009401	-0.037423	-0.064081	-0.033828	-0.006881	-0.027081	0.057869	0.053734	0.048108	-0.005732	0.014119	-0.001979	-0.001490	-0.030761	0.063439	0.029966	-0.005651	-0.014860	-0.008448	0.036684	-0.011827	0.026040	0.024641	0.026539	-0.021836	-0.008663	0.013988	-0.023616	0.020219	0.018213	-0.012961	-0.007182	-0.000800	-0.010429	-0.019306	-0.010118	-0.018009	-0.012226	-0.026492	0.009314	-0.028993	-0.003030	0.004669	-0.013393	-0.000256	0.004927	0.009700	0.008404	-0.003744	0.024553	0.011047
3.031657	0.027334	-0.088183	-0.208053	0.227966	0.066659	0.540142	0.085595	-0.311072	0.032819	-0.132793	-0.117463	0.048450	-0.092636	-0.065415	-0.052193	-0.149614	0.016662	0.033180	0.078153	-0.074078	0.017904	0.027905	-0.173218	-0.081465	-0.051107	-0.053822	-0.020347	0.035848	-0.036808	-0.008345	-0.138109	-0.002673	-0.071669	0.099864	-0.056443	-0.042871	0.059468	-0.073995	-0.060853	0.017182	-0.057167	-0.030699	-0.044663	0.028303	-0.063316	0.023203	-0.018850	-0.065695	-0.055455	-0.002891	0.045311	-0.042118	0.066860	-0.020606	-0.090412	-0.029827	0.113941	0.003700	-0.070941	0.002570	0.006981	-0.022358	0.092763	-0.049259	0.045081	-0.027108	0.031654	0.057301	0.046775	0.004983	0.030552	0.029290	0.007406	0.038960	-0.058948	0.000567	0.009129	-0.039047	-0.066360	-0.033712	-0.012639	-0.025728	0.061777	0.053776	0.046131	-0.001744	0.014872	0.001957	-0.001148	-0.031584	0.065417	0.030211	-0.006542	-0.014403	-0.008169	0.036011	-0.012207	0.026508	0.021694	0.024492	-0.021198	-0.011300	0.015080	-0.020909	0.023112	0.017350	-0.010262	-0.006448	-0.001548	-0.005360	-0.016853	-0.010091	-0.017926	-0.010548	-0.027433	0.009866	-0.030888	-0.001401	0.004828	-0.011625	-0.000189	0.004660	0.011348	0.006511	-0.002742	0.024874	0.010594
-0.879137	0.543440	0.043263	-0.463372	-0.037244	0.020430	0.092080	-0.002585	0.365500	-0.061597	0.110012	-0.265466	0.328488	-0.195184	-0.056606	0.017917	0.097788	-0.120394	0.087923	-0.192504	0.271811	0.070457	0.108594	0.049023	0.091303	0.137682	-0.165975	-0.201042	-0.133157	-0.159773	0.043635	-0.087646	-0.049497	-0.030046	-0.019577	0.022396	0.176432	-0.010189	-0.142340	0.002852	-0.029482	-0.225761	-0.017183	-0.113173	0.043014	0.025029	0.016153	0.057404	-0.001933	-0.029000	-0.028549	-0.150361	-0.083908	-0.106732	0.074894	0.018586	0.041180	-0.056128	0.017990	-0.053684	0.045614	0.040206	-0.049175	-0.023838	0.019914	0.006001	0.005499	0.022917	0.015959	-0.046844	-0.043525	0.058206	0.000639	0.032812	-0.058057	-0.053885	-0.053485	0.015580	0.002542	-0.004680	0.009580	0.020082	-0.012576	0.010985	0.001029	-0.040892	0.014045	-0.003776	0.018900	0.035678	0.017084	0.012000	-0.014615	0.007873	0.034815	0.016824	0.097284	-0.016203	0.015636	0.008019	0.027115	-0.030213	-0.008134	0.028248	0.002282	-0.005761	0.004146	0.069112	0.036275	0.032875	0.012409	-0.015944	-0.003591	0.035968	-0.001795	0.041930	0.010006	0.012150	-0.023916	-0.038968	0.015540	-0.028995	-0.007558	0.035509	0.020845	-0.019423	0.013684	0.049250
-1.400600	-0.503047	-0.333027	-0.385915	-0.311411	0.707358	0.114806	-0.161610	0.134123	0.043249	0.127245	0.105211	0.122863	0.015143	-0.010895	0.098608	-0.152565	0.357841	0.176505	-0.064793	0.359608	0.039305	0.132717	0.256061	0.294795	-0.089303	-0.074535	-0.126996	0.167715	-0.051397	0.152766	0.148106	0.078144	-0.013125	-0.027741	-0.004903	-0.042109	0.123232	0.080240	0.091463	0.142708	-0.158307	-0.001305	-0.048554	0.003812	0.049901	-0.029300	-0.008750	0.117808	0.110830	0.023818	0.009219	0.046971	0.002648	-0.083891	-0.066658	-0.088433	0.057314	-0.024686	-0.092863	0.038441	-0.078686	0.006627	-0.052112	0.092519	-0.061712	0.037182	0.090759	-0.034075	-0.034048	-0.025787	0.136850	-0.099296	0.013220	0.033838	-0.035863	-0.041687	0.039738	-0.020990	-0.045707	-0.079010	0.059828	-0.049387	0.037170	-0.033161	-0.105325	0.010455	0.062908	-0.007261	0.010809	-0.042703	-0.017203	-0.103470	0.040881	-0.000495	-0.131648	0.017819	0.113353	0.000557	0.061765	0.057554	0.039858	-0.047914	0.066624	0.005355	-0.076015	-0.009278	0.009439	0.017532	0.071674	0.068002	-0.026355	0.006983	-0.021681	0.019846	-0.010999	-0.008991	-0.030793	-0.017183	0.099496	-0.072163	0.010761	-0.026347	-0.040629	-0.097860	-0.051462	0.048075	-0.026552
-1.650291	-0.401532	0.180674	-0.490081	0.028989	-0.249403	-0.013337	0.106365	0.180812	0.098586	-0.015932	0.002156	-0.114824	-0.097085	-0.040472	0.247626	-0.056702	0.030172	0.131045	0.219288	-0.055283	0.039804	-0.022667	0.053698	0.111324	-0.062572	-0.002162	0.066610	-0.127987	0.033314	0.018389	-0.077676	0.068956	0.118775	-0.035801	-0.004183	-0.052426	0.094759	-0.068180	-0.048704	0.009691	0.064829	-0.035535	-0.018542	0.021992	0.045178	0.044862	-0.051615	0.057534	-0.027430	-0.033609	0.041216	0.069357	-0.023126	0.057286	-0.014666	0.014066	0.050444	-0.001655	0.036369	0.033848	0.022802	-0.070951	0.041840	-0.061621	-0.076280	0.048507	0.036472	0.018978	0.072637	0.014209	-0.051549	0.054987	0.072233	-0.022038	-0.059514	-0.083743	-0.037618	0.048814	-0.032473	0.010685	0.056451	0.021300	-0.031930	0.015287	-0.010173	-0.017538	-0.004536	-0.003302	0.010567	-0.005411	-0.000988	0.023621	0.040055	-0.022001	-0.016203	0.004444	-0.011641	-0.024932	0.036767	0.040076	-0.023723	-0.000599	-0.020519	0.020044	-0.024112	0.001670	-0.009493	-0.023694	0.053395	0.021693	0.000785	-0.037655	-0.013669	0.003084	0.028059	-0.016757	-0.020560	0.038900	0.015184	-0.008803	-0.021148	-0.031118	-0.013858	-0.000419	0.015292	-0.025184	-0.035273
-0.839120	-1.004949	0.467375	-0.116444	0.310666	-0.249912	-0.096312	0.255839	0.107878	0.037295	-0.086482	-0.029045	0.071718	-0.173880	0.101178	0.068210	-0.077298	0.019051	0.114058	-0.067786	-0.165564	0.010009	0.085181	-0.128086	-0.049746	-0.102544	0.072856	0.020494	0.009887	0.038073	-0.095908	-0.134550	0.019381	0.156783	-0.015216	0.046743	-0.032675	-0.025992	0.001692	-0.006412	-0.035761	-0.048543	-0.033124	-0.098346	-0.019434	0.038329	-0.007495	-0.060776	-0.047227	0.041451	0.007567	0.018036	0.054426	-0.114449	0.022348	0.033290	0.022590	-0.056608	0.014376	0.030249	-0.033432	-0.069927	-0.003688	0.043739	0.057650	0.008773	-0.036351	0.002092	-0.036890	-0.025097	0.057444	-0.021286	0.036636	-0.037450	-0.032744	-0.069835	0.065220	0.036703	0.009365	-0.054129	0.036236	0.020598	0.029544	0.012468	-0.032703	0.019262	0.013763	-0.027191	-0.011169	0.052329	0.052300	0.110514	0.006382	-0.071430	0.024031	0.095871	0.059849	0.051914	0.025445	-0.024950	0.000651	-0.017620	0.011289	0.037318	-0.052275	-0.013497	0.022119	-0.070405	0.058027	0.022945	-0.028697	-0.063928	-0.013709	-0.038855	-0.005007	0.022975	0.017677	0.020592	-0.006968	0.013702	0.014966	-0.008883	0.008730	-0.018556	-0.022997	0.016267	-0.024607	0.002442
1.771014	-0.750308	0.116703	0.659895	0.231556	-0.085827	-0.186452	-0.294975	-0.386296	0.076602	0.245639	0.277678	0.208731	-0.341850	0.147958	0.084634	-0.069066	-0.109627	0.180098	0.112168	0.029326	0.002582	0.230479	0.227506	-0.105671	0.033984	0.120226	0.054532	-0.098386	0.128506	0.314797	0.045796	0.029505	0.004983	-0.134398	-0.024182	-0.031850	-0.158054	-0.040926	-0.021189	-0.089082	-0.128763	0.009737	-0.046495	-0.051593	0.046100	-0.052310	-0.054938	-0.086956	-0.009845	-0.060784	0.052396	-0.051138	0.142772	-0.008531	0.072742	-0.030064	-0.016463	-0.090566	0.039960	0.030249	0.023320	0.014108	0.010749	-0.039075	0.012210	-0.008330	0.051242	0.009707	0.044006	0.015709	0.010867	0.033963	0.029486	-0.070538	-0.001347	-0.040668	0.012217	0.006053	0.040995	0.001378	-0.003104	-0.026559	0.008777	0.024573	0.006985	-0.006576	-0.014782	-0.006646	-0.017831	0.019920	0.002549	-0.040458	-0.021625	0.010791	-0.004487	0.002478	-0.013919	-0.004973	-0.019146	-0.014007	0.012289	0.000692	-0.003218	0.005519	0.004805	-0.024088	0.019302	-0.004954	-0.014934	-0.010121	0.002062	0.007270	0.009908	-0.004020	-0.018975	0.017149	0.010664	0.003480	-0.024932	-0.000307	0.001209	-0.020099	-0.000227	-0.008693	-0.006416	0.005127	-0.009401
0.542545	0.780068	-0.005381	-0.252964	0.123328	0.073962	0.323315	-0.022031	-0.032587	-0.233351	-0.097293	-0.083695	0.123807	-0.294819	-0.092164	0.108402	-0.032896	-0.084185	0.080312	-0.076008	0.133263	0.083158	-0.110058	0.007629	-0.172448	0.136104	-0.010953	-0.044893	0.023575	0.003983	0.036635	-0.074764	0.055015	0.004066	-0.002095	-0.052503	-0.021712	-0.044269	0.002751	0.007868	-0.060943	0.074972	-0.029589	-0.006891	-0.081525	-0.027993	0.090102	-0.214584	-0.011952	0.003843	0.014374	-0.033850	-0.046071	0.003429	0.000657	0.004282	-0.020750	-0.097980	0.009332	-0.009107	0.049433	-0.017874	0.068134	-0.022000	0.097309	0.014513	-0.045521	0.001680	0.010199	-0.005895	0.030057	-0.007793	0.061925	0.035302	0.081674	0.031649	0.035558	-0.039237	-0.004255	0.048103	-0.032761	0.011083	-0.056166	0.028167	0.081757	-0.048401	-0.015681	-0.054261	0.078334	0.026170	-0.020496	-0.012615	0.021882	0.004886	0.000093	0.020699	-0.035864	0.023479	0.013762	0.024910	0.026843	-0.033133	-0.038426	0.012914	-0.007972	-0.001725	-0.018161	-0.047707	-0.029629	0.073985	0.030562	0.094312	-0.010753	-0.001188	-0.034730	-0.077325	0.002436	0.009579	-0.005495	0.013959	-0.008912	0.012161	-0.026517	-0.015468	-0.034108	0.032914	-0.038927	-0.002930
0.954855	0.605404	-0.155453	0.041943	0.791372	-0.112222	-0.412255	0.117881	0.239547	0.089342	-0.119254	-0.089089	-0.121428	-0.074480	0.155496	-0.021353	-0.004369	0.104128	-0.021187	-0.020156	0.067288	-0.106291	0.007416	-0.070544	-0.039943	-0.090502	-0.044548	0.039544	0.074865	0.034547	-0.002698	0.005358	0.003571	-0.013142	-0.020217	0.070850	-0.074802	-0.054008	0.074075	0.027708	0.077222	-0.055173	0.135770	0.042595	-0.014953	0.049157	-0.057916	-0.055689	0.038585	-0.078026	-0.040963	0.032725	-0.029757	-0.015733	0.048755	0.027406	0.056144	-0.007385	0.006341	-0.009183	-0.028447	-0.018874	-0.028349	-0.004963	0.001063	-0.013906	0.008040	0.018136	0.013475	0.024397	-0.010234	0.040776	-0.024229	-0.006929	0.021592	-0.009647	0.028501	-0.013644	0.016307	-0.012438	0.005292	-0.030492	0.041707	-0.039730	-0.008927	-0.008422	0.008892	-0.008076	0.030864	-0.014175	0.005680	0.008120	-0.012494	-0.006121	-0.027738	0.000875	0.012359	-0.011074	-0.015709	-0.014538	-0.001245	-0.010394	0.022841	0.000982	0.025085	0.012621	0.005699	0.035205	0.004479	0.019458	-0.004346	-0.004965	-0.027493	0.007870	-0.032949	-0.035137	0.022800	-0.011388	0.015780	-0.001037	0.021550	0.028746	0.006127	-0.012092	-0.013149	-0.005423	-0.007451	0.016456
-0.596027	0.533701	-0.144251	0.156968	0.509384	0.172055	-0.110489	-0.137716	0.098612	-0.170398	0.229346	-0.217468	-0.114637	-0.038319	0.182102	-0.047201	-0.138809	-0.051759	-0.048092	-0.022158	0.104519	0.061316	-0.118378	-0.057672	0.111756	0.044673	-0.064433	0.068419	-0.051503	-0.054664	0.003021	0.028590	0.026781	-0.025767	-0.062550	-0.081153	-0.050890	0.062085	0.043512	-0.015926	-0.011838	0.010737	-0.014072	-0.012541	-0.033117	0.040552	0.043937	0.016762	-0.007449	-0.016381	0.060249	0.063600	0.037687	0.080819	-0.074175	-0.139655	-0.010879	-0.046149	0.056692	-0.056714	0.040069	0.038007	-0.092269	-0.067749	-0.023608	-0.014117	-0.038205	0.050970	0.037683	0.005303	-0.005035	0.020892	0.022769	-0.017584	-0.025775	-0.000981	-0.037875	0.001876	0.015393	-0.044083	-0.003845	0.036119	-0.009157	-0.023482	0.027697	0.023650	0.017425	0.005290	-0.080859	-0.010760	0.005500	-0.004240	-0.046014	0.004588	-0.016229	0.003486	-0.025051	0.006955	-0.007362	-0.004029	0.005814	-0.035763	-0.007575	0.015332	-0.010732	0.040628	0.003900	0.019629	0.028737	0.009028	0.031396	0.020945	0.070275	0.008155	0.043836	-0.021627	-0.034212	0.084061	-0.040636	0.039839	0.012349	0.005683	-0.041374	0.001607	0.024117	-0.003915	0.001254	0.020360
-1.019710	0.237145	-0.090604	0.815938	0.162859	0.294033	-0.218146	-0.303987	-0.282227	0.104606	0.136625	0.032192	0.254144	-0.197074	-0.031303	-0.001811	0.060132	-0.069744	0.093058	0.043438	0.086646	0.099703	-0.069560	-0.018933	-0.142840	0.119699	0.084047	-0.074896	0.018946	-0.069304	-0.051411	-0.104051	-0.032814	0.142933	-0.028781	0.085683	0.003425	0.048976	0.114745	0.126025	-0.074146	0.057037	0.020964	0.075879	-0.053480	0.010398	0.012359	0.119726	0.143700	-0.057437	0.196876	-0.022171	0.027281	-0.115675	-0.102969	0.062214	-0.011088	0.041882	0.047132	-0.040517	-0.032516	-0.053633	0.093583	0.029589	-0.036020	-0.049747	0.082614	-0.063333	-0.070635	0.050674	-0.017396	0.037478	0.091284	-0.000178	0.001119	-0.028276	-0.002905	-0.019797	0.031248	-0.023614	-0.086720	-0.096694	-0.051801	0.077559	-0.036608	0.033566	-0.020613	0.004422	0.059334	0.056116	-0.056230	-0.004877	-0.040426	0.004260	0.005879	0.051835	0.028394	0.044941	-0.016609	0.048918	0.010653	0.005501	0.016277	-0.008232	-0.004442	0.046857	0.012202	0.031886	-0.026167	-0.020570	-0.028159	-0.032168	0.030994	0.026905	0.002589	-0.021651	0.013332	0.001206	0.000481	-0.002281	-0.001625	-0.021012	-0.019072	0.019475	-0.029740	0.011763	0.014575	-0.020524
-0.881460	-0.003459	-0.058535	0.448669	0.291684	0.130296	-0.067875	0.193859	0.035947	-0.242505	-0.113277	0.006388	-0.147616	-0.060683	-0.041999	0.095862	0.080459	0.039309	-0.053819	-0.044146	-0.110932	0.048329	0.009883	-0.009483	0.045201	-0.003210	-0.000229	-0.083296	-0.169305	-0.053366	-0.029657	-0.161427	-0.214349	-0.011043	-0.037621	0.124561	-0.007335	0.075032	0.038070	0.020564	0.000946	-0.050108	-0.116134	-0.050056	-0.096230	0.016793	0.018069	-0.093451	0.026955	0.055377	-0.084002	0.005047	-0.002034	-0.026912	0.048431	0.003123	0.021370	-0.041645	-0.020575	-0.023907	0.018705	0.056422	0.043228	0.002519	-0.039645	-0.030567	-0.065610	-0.016208	-0.063908	-0.058471	-0.036549	0.008764	-0.074115	0.040924	0.009982	0.017890	0.076606	0.011919	0.041167	0.033973	0.014257	-0.009029	-0.014309	-0.007043	-0.014160	-0.000034	0.014691	-0.034858	0.039974	0.021023	-0.022238	0.083435	-0.012297	0.047130	-0.037947	-0.049426	-0.044936	-0.029642	0.078154	0.008188	-0.027482	-0.022397	0.037821	0.010560	-0.023475	0.003353	-0.023634	0.029065	0.015395	-0.050290	-0.001246	-0.021373	0.024691	0.022192	-0.001722	0.018586	-0.044407	0.024479	-0.002484	0.054875	-0.059476	-0.044283	-0.004251	-0.010811	-0.013252	0.031784	0.012219	0.015013
-0.601978	0.429748	-0.212186	-0.227051	-0.102971	0.127643	0.296592	-0.076359	-0.274205	-0.040324	0.082004	-0.234908	0.077389	0.215541	0.044132	0.187845	0.065138	-0.019976	-0.243536	-0.012811	-0.063568	0.033138	-0.119330	0.037132	0.008659	-0.012130	-0.016456	0.031085	-0.047854	0.001074	0.056238	0.035901	0.043353	-0.022328	-0.050710	0.037738	-0.036201	-0.057131	0.036819	-0.026304	0.083674	-0.018453	-0.060267	-0.053319	-0.008313	-0.098213	-0.021400	0.064171	0.026412	-0.032990	0.117306	0.070182	0.013779	0.012366	0.015985	0.025554	0.074108	-0.053628	-0.016836	0.064779	0.087668	-0.052610	0.088831	0.006601	-0.003079	0.046939	-0.032026	0.047418	0.004823	0.064802	-0.041303	-0.008316	-0.016504	-0.006191	-0.035457	-0.000453	0.020600	-0.053309	-0.055950	-0.001455	-0.004767	-0.009822	0.050131	-0.036369	0.014598	0.054008	0.009625	0.038378	-0.042851	-0.001679	-0.011298	0.005170	-0.026628	0.024095	0.002969	0.010436	-0.016993	-0.006506	0.000257	-0.000150	0.006747	-0.009285	0.005933	0.004272	-0.035794	-0.041662	-0.053145	-0.008090	-0.004482	0.037404	0.003705	-0.023181	0.022489	-0.010925	-0.045831	-0.014062	0.032614	0.013080	-0.002792	0.002057	0.023109	0.016435	0.017027	0.045221	-0.035176	0.018264	0.017611	-0.014419
0.373099	0.846908	-0.040619	0.145199	0.085735	-0.040420	0.262191	-0.050543	-0.297949	-0.199970	-0.157796	-0.038437	-0.079971	0.181262	0.134557	0.004239	0.212389	0.114349	0.226680	-0.018931	0.027571	-0.088091	0.036698	0.028061	0.023448	-0.073534	0.101096	-0.022327	-0.018194	0.079192	-0.094593	0.034601	0.058090	0.046324	-0.055443	-0.011911	0.131891	0.007994	0.031525	0.016443	0.033704	0.054763	-0.002513	0.042263	0.060009	0.004178	0.014814	0.026602	0.074406	0.028290	-0.050993	-0.020572	-0.059380	-0.046116	0.018137	0.022638	0.052743	-0.037636	-0.054068	-0.005942	0.019474	-0.014659	-0.012743	0.017804	-0.059315	0.024817	-0.007773	-0.029515	0.018461	0.013267	-0.058843	-0.006773	0.049635	0.004979	0.019078	0.045560	-0.036192	0.083464	0.001256	-0.000140	0.006611	-0.018272	0.018036	0.034075	-0.027370	-0.000043	-0.014595	0.012178	0.039079	-0.022751	-0.000530	0.016098	-0.020859	0.021891	0.018428	0.028477	-0.026431	-0.011205	0.041890	-0.016648	0.026585	-0.050491	0.002934	0.023874	0.028746	0.002293	0.027447	-0.023676	0.019686	-0.001555	0.030704	-0.012295	-0.035275	0.049651	0.050736	-0.020994	0.018096	-0.022300	0.035009	0.013366	-0.038118	0.015605	0.030548	0.034875	-0.010699	-0.009093	-0.008403	-0.014375
-0.326972	0.418957	-0.006061	-0.512570	0.118194	-0.124976	0.387763	-0.072234	-0.142888	-0.127969	0.010182	0.172426	-0.098374	-0.131035	0.018544	0.023646	-0.069352	-0.003183	0.029327	0.124582	-0.123593	-0.063977	-0.015341	-0.028075	-0.093590	-0.022658	-0.032965	0.005599	0.133949	-0.071518	-0.001115	-0.094238	-0.014609	-0.058152	-0.052608	0.086391	-0.005643	-0.105971	-0.026162	-0.045388	0.100839	0.028951	0.020031	0.082543	-0.087836	0.000784	0.034863	-0.061690	-0.015646	-0.005316	-0.007727	-0.062663	-0.028642	-0.029785	0.005420	0.056026	-0.052361	-0.019259	0.004882	-0.019522	-0.029797	0.049471	0.095752	-0.044682	0.006498	0.020054	0.037794	-0.034890	-0.013794	-0.011152	0.046903	0.020332	-0.020562	0.007595	0.023265	-0.005370	-0.086558	-0.051426	0.043594	-0.033807	0.011480	-0.047969	0.007857	-0.017500	-0.004641	-0.003731	0.031674	0.010617	-0.012371	0.028206	0.019823	-0.015810	0.030290	0.006687	-0.018343	0.001401	0.030050	0.004292	0.006358	-0.016169	-0.040098	0.076234	-0.002977	-0.018329	-0.052550	-0.020249	0.024683	0.011112	-0.009286	0.009921	-0.035781	-0.009746	-0.013489	0.026828	0.029634	-0.015004	0.007661	0.008412	-0.021047	-0.002374	0.039009	0.029249	0.002214	-0.012729	0.000562	-0.047644	-0.007597	-0.033075
0.383899	0.884239	0.073554	-0.131342	0.030490	0.022091	0.319796	-0.164190	-0.084796	-0.219023	-0.068005	-0.109375	0.093355	-0.010231	-0.092372	0.100159	-0.071943	-0.018037	0.055385	0.054618	0.104111	0.086195	-0.063335	-0.046081	-0.056650	0.141616	-0.075759	-0.050560	0.026787	-0.018917	0.017469	-0.122441	0.105697	0.003121	-0.102403	0.003036	-0.077930	-0.028457	0.007735	-0.007925	-0.059855	-0.022347	-0.051396	-0.000690	-0.144459	-0.056741	0.090211	-0.122185	0.003796	-0.059866	-0.018980	0.018605	-0.045194	0.039984	0.002546	-0.077051	0.039697	-0.064873	0.081480	-0.009670	0.038013	-0.106588	-0.016619	0.014545	0.057688	0.043661	-0.072698	-0.015883	0.006445	0.003394	-0.018581	0.005340	-0.052792	0.050276	0.082950	0.031407	0.047174	-0.064635	-0.009134	-0.027296	-0.011398	0.097692	-0.072796	0.004534	0.118659	-0.081441	0.001220	-0.062098	0.043635	0.046085	0.020576	-0.048774	0.005111	0.069445	0.015358	0.019907	-0.069431	0.062297	0.058786	-0.000278	0.001386	-0.017450	-0.004730	-0.036579	-0.024664	0.017657	-0.032977	-0.043371	-0.064538	0.030333	0.014080	0.094808	0.018744	0.035227	-0.024044	-0.036884	0.000045	0.025197	-0.007614	-0.018972	-0.014810	0.011634	-0.021459	-0.029738	-0.034160	0.033131	-0.049059	0.011911
0.739255	0.540060	0.527226	-0.064355	0.084159	-0.338573	0.258553	-0.112128	-0.290323	-0.164197	-0.271976	0.052019	-0.181704	0.174389	0.167672	-0.066465	0.201911	0.127264	0.223546	0.046820	-0.045853	0.020671	0.011517	-0.035688	-0.054125	0.011775	0.095972	-0.052352	0.012125	0.016361	0.019379	0.090487	0.058391	0.028148	0.108674	0.017448	0.098723	0.056817	-0.003058	0.022019	-0.052317	-0.014383	0.071543	-0.020451	0.002491	0.034047	0.041217	0.007252	-0.017619	-0.002813	-0.037450	-0.077826	-0.009367	-0.011992	0.013041	0.019710	0.075803	-0.040905	0.056496	0.036037	-0.013140	0.011304	-0.044780	0.000935	0.031355	0.000509	-0.011825	-0.019958	-0.007441	0.015222	-0.020340	-0.029946	-0.036609	-0.009455	-0.004363	0.022722	-0.011590	-0.048720	-0.042692	0.036749	-0.027821	0.021680	-0.008828	-0.010500	0.009241	0.026012	-0.023044	0.003208	-0.014885	-0.016268	-0.014120	0.017305	-0.009545	0.035171	-0.046709	-0.014296	0.020412	0.009956	0.004298	0.014540	0.003731	-0.011331	-0.034733	0.012470	-0.018986	0.005073	-0.022981	0.006127	-0.008285	0.005538	0.006967	0.012270	0.061438	-0.027396	-0.000517	0.013526	-0.003346	0.022046	-0.037462	-0.005508	-0.003892	-0.057162	-0.010315	0.013371	0.002420	-0.012416	0.008503	0.028160
-0.785668	0.654883	0.178114	-0.213712	0.007243	0.119446	0.364731	-0.283759	-0.358277	-0.198155	0.045676	-0.104012	-0.236225	0.130579	0.030830	-0.065967	0.148584	-0.027109	0.043437	0.011169	-0.107580	0.072491	-0.053350	-0.086873	0.000747	-0.075341	-0.023900	0.005760	0.057927	0.012050	0.041919	-0.007413	0.118157	-0.100284	-0.062219	0.087247	0.038609	-0.011344	-0.054272	-0.027669	-0.003781	-0.010331	-0.124290	0.063052	0.068193	-0.022461	-0.038459	0.022198	0.030486	-0.006714	-0.029829	0.008517	-0.042755	-0.090841	0.004193	-0.056156	-0.009813	-0.048577	-0.046450	0.030432	0.035304	-0.030996	0.030967	0.003085	-0.029086	0.044563	-0.037074	-0.031598	0.005132	-0.039909	-0.034315	-0.075001	0.049560	0.051948	-0.056305	0.024124	-0.055001	0.048435	0.004237	-0.032862	-0.030327	0.046103	0.001958	-0.020987	0.000048	-0.042109	0.002262	-0.005338	0.025336	-0.024065	0.015283	-0.024825	-0.045276	-0.039572	0.034798	-0.014260	-0.034334	-0.034774	0.024793	0.002545	-0.046205	0.075415	0.023229	-0.022603	0.022122	0.000840	-0.015693	-0.054288	-0.012177	-0.052643	-0.036918	-0.026610	-0.005416	0.014011	-0.020905	-0.001006	-0.015719	0.009204	-0.021421	0.030000	-0.014708	-0.025759	-0.000137	-0.014467	0.010378	0.005339	-0.015567	0.032702
1.142965	-0.489663	-0.452385	0.464886	-0.065682	-0.199165	-0.127769	0.054766	-0.004445	-0.204593	0.095519	-0.000341	-0.114056	0.139112	0.029908	0.131389	0.087672	0.075823	0.082368	0.034103	0.100732	0.180355	-0.121029	0.177820	-0.006825	0.071312	-0.000406	-0.060485	-0.058041	-0.042283	-0.148467	-0.206194	-0.106183	0.078342	-0.021283	-0.050605	-0.079893	-0.050424	-0.074234	-0.001988	-0.009061	-0.073957	0.102713	0.078400	-0.087547	-0.020326	-0.072376	0.024943	0.060032	-0.030820	0.019821	-0.088992	-0.058256	-0.104462	-0.194300	0.047053	0.011179	0.098904	-0.087960	0.072231	-0.084637	0.033873	-0.054082	0.023083	-0.047377	0.078186	0.007346	0.107126	0.008894	0.046802	0.035781	0.036646	0.038390	-0.003890	0.036189	0.047702	0.093370	0.018216	0.011387	0.011449	0.000737	-0.087193	0.061424	-0.047476	0.115113	-0.028618	-0.000233	0.056676	-0.012944	-0.035304	0.075988	-0.065371	0.012600	-0.033950	0.043494	-0.000769	0.034757	0.016460	0.029114	-0.043270	-0.005406	0.012830	-0.054451	0.041743	0.011636	0.009058	-0.056699	-0.045143	-0.029748	0.001537	0.023305	0.001460	-0.004501	0.002427	-0.016886	0.030184	-0.010471	-0.009271	-0.028535	-0.004986	-0.008898	-0.009715	0.007773	0.007752	-0.031544	-0.011386	-0.010589	0.017805
0.717545	0.221660	-0.029629	-0.120638	-0.011526	0.036690	0.159517	0.154864	0.042511	0.056462	-0.014963	-0.061803	0.090014	0.117059	0.167260	-0.120282	-0.033346	0.153474	-0.032804	0.110272	0.063685	-0.096104	0.032601	-0.105204	-0.076089	0.117825	-0.051619	0.109685	0.002336	-0.025710	-0.104195	-0.062643	0.020848	-0.016834	-0.023927	-0.033713	0.062670	-0.096973	-0.010519	0.045597	-0.023073	0.013832	0.162293	0.018903	-0.002070	0.123868	-0.087181	0.070402	-0.002148	-0.094540	-0.010177	0.119149	0.137610	0.113054	0.050960	-0.041307	0.060797	-0.074742	-0.009507	-0.003688	-0.039533	0.135548	0.014354	0.131547	0.035715	-0.125470	-0.076611	-0.059894	-0.021831	-0.135710	-0.018801	0.041957	-0.040161	-0.038478	0.009841	0.015826	-0.005414	0.022776	0.096995	0.077747	0.049534	0.098935	-0.019173	0.078555	0.094782	0.009024	-0.025305	-0.000245	0.008604	0.051093	0.014675	0.011912	0.069672	0.004892	0.092159	-0.014092	0.132292	0.049058	0.083601	0.063700	0.001140	0.108728	-0.033407	0.079369	0.040870	-0.089162	-0.013890	0.108829	0.110803	-0.012548	0.084105	-0.015034	-0.002863	-0.059270	-0.128737	-0.047563	0.059056	-0.025577	0.064395	0.010843	0.028417	0.091666	-0.050571	0.085213	0.123492	0.015580	0.036381	-0.004122
-3.166201	-0.634221	-0.595667	0.016100	-0.299697	0.216487	0.049747	-0.168704	0.208627	0.121270	-0.430075	-0.104971	-0.245293	-0.121108	-0.520296	0.024954	0.067683	0.101062	0.101159	0.006783	0.033254	-0.024869	-0.108188	-0.094237	-0.010383	-0.083759	0.142816	-0.002278	-0.048939	0.176756	0.103377	0.105182	0.071226	-0.146817	0.064151	-0.157227	-0.029489	-0.100358	0.025268	0.015762	-0.017475	-0.036760	0.024067	-0.055454	0.121830	-0.040858	0.012438	-0.030732	-0.083080	-0.057814	-0.026066	-0.028204	0.049562	0.072585	-0.024511	-0.045948	0.014250	-0.030990	0.031502	0.046085	0.005119	-0.018293	0.032893	-0.030286	-0.019042	0.020941	0.051224	0.029137	0.066531	0.001420	-0.091753	-0.085135	0.004077	0.013472	-0.010211	0.032515	0.035570	-0.048902	0.045659	0.019243	-0.058938	-0.037322	-0.000216	0.024723	-0.042779	-0.053519	0.043502	0.038451	0.018520	0.009860	0.044572	0.089819	0.037842	-0.022098	0.009530	0.053627	-0.014301	0.023532	-0.096026	-0.011404	-0.014096	0.001441	-0.031480	-0.024583	0.060414	0.005708	-0.004270	-0.025712	-0.017822	-0.028163	0.037335	-0.020428	0.016690	0.048821	-0.000919	-0.027228	-0.020289	0.025564	-0.010408	0.021950	-0.002938	0.060018	0.009534	0.034643	-0.048717	-0.053415	-0.000915	-0.019005
3.195258	-1.537406	0.245041	-0.129519	-0.142588	0.210943	0.483895	0.233673	-0.123597	0.110882	0.490270	-0.033633	-0.171235	-0.147550	0.187508	-0.226253	0.089835	-0.103249	-0.024309	0.013830	0.017242	0.069413	0.156593	0.032622	-0.042962	0.043103	-0.030067	0.177687	0.016675	0.018486	0.030109	0.154125	-0.038544	0.047156	0.183448	-0.055686	-0.157375	-0.091807	0.001935	-0.090076	0.039486	0.011414	-0.090336	-0.002124	-0.030053	0.064449	0.062224	0.050340	-0.044909	-0.073236	0.020509	-0.068998	0.045713	-0.108793	-0.013399	-0.021347	-0.068567	0.002776	0.136005	0.068978	0.003199	0.038145	0.019517	0.006147	-0.007575	0.058886	0.049837	-0.012077	-0.073358	0.060063	-0.121407	-0.109476	-0.060152	0.021182	-0.004538	-0.115586	-0.095865	0.018276	0.071719	-0.022227	0.019212	-0.079007	-0.076209	-0.010087	-0.028136	-0.053959	-0.013375	-0.046894	0.139681	-0.107508	-0.069825	0.036705	0.048937	0.039262	-0.031106	0.004563	0.051790	0.072030	0.013232	-0.056334	-0.041175	-0.027356	0.021994	-0.008958	0.027334	-0.060474	-0.012573	-0.016504	0.011359	0.079525	0.035392	0.073586	0.032768	0.047241	-0.023413	0.047337	-0.006080	0.079748	-0.002754	0.038043	-0.043455	0.055120	0.000024	0.034005	0.009503	0.009261	0.036546	-0.020979
-1.935062	-0.207655	-0.468474	-0.694973	-0.183410	-0.185084	-0.468160	0.033489	-0.336898	-0.162624	-0.021195	-0.222121	0.022871	-0.109413	0.113370	-0.035653	0.218654	-0.136612	0.007869	0.033922	0.044727	-0.301858	-0.032325	-0.092585	-0.059171	-0.010017	-0.116537	-0.047749	-0.042048	0.001595	0.053200	0.091912	-0.083629	0.027592	0.030827	-0.075750	0.147216	-0.021782	0.062208	-0.065077	0.096999	0.072634	-0.007671	0.156663	-0.027859	-0.076004	0.060760	0.096558	0.012156	0.000969	-0.012334	-0.017675	-0.045111	0.152668	0.030818	0.123285	-0.100411	0.064542	-0.103268	-0.126355	-0.017808	0.026123	0.032724	-0.025871	-0.080869	0.031367	0.032367	0.017056	-0.060938	-0.016526	-0.007571	-0.002744	0.053006	0.033894	0.018062	0.008082	0.040378	0.016430	0.034515	0.000430	-0.019762	0.025582	-0.058258	0.012590	-0.001025	0.043506	0.022614	0.003518	0.003877	-0.003614	0.021770	0.002166	0.032791	0.027402	0.000830	0.022191	0.016572	0.016921	0.010355	0.040493	0.012563	-0.060047	0.030147	0.045111	-0.013152	-0.025373	-0.021457	-0.042653	-0.014547	0.013942	0.001435	0.031026	0.024554	-0.038370	0.014571	0.058213	0.007463	0.005313	-0.004370	-0.000309	0.010941	0.020316	-0.004406	-0.001317	0.008903	-0.007003	-0.020309	-0.001698
-0.689263	-0.118045	-0.729002	0.753863	0.357519	-0.041594	0.272586	0.377187	0.280589	-0.347947	-0.124814	0.200592	0.223948	0.120321	-0.263643	-0.301265	0.086674	-0.299762	-0.059210	-0.127865	-0.143748	-0.223194	0.210229	0.044298	0.014770	-0.056454	0.060326	-0.097332	0.066820	0.010415	0.083650	0.084718	0.242653	0.123506	0.038998	-0.038697	-0.043264	0.100987	-0.081083	0.032626	0.016116	0.103399	0.033979	-0.029397	-0.079836	-0.031983	0.015711	0.003812	0.070011	-0.042578	0.026290	0.015716	0.017478	-0.013845	0.026567	-0.042678	0.014221	-0.037869	-0.078471	-0.066826	-0.008179	0.017325	-0.013299	0.001055	-0.006012	0.016037	-0.031109	0.041475	0.009013	0.011408	-0.007713	-0.009296	-0.013192	0.006146	-0.019303	-0.000288	-0.001178	-0.018435	0.010147	-0.017447	-0.006894	-0.003167	-0.015165	-0.027679	-0.007322	-0.002126	0.002642	0.000678	-0.014455	0.004887	0.009704	-0.000566	-0.001537	0.015279	0.014667	0.006080	0.016671	0.012306	0.000102	0.008033	0.011729	-0.002612	0.000846	-0.001877	-0.006045	0.006784	0.022218	0.003169	0.001429	0.001720	-0.000086	0.010824	0.016460	-0.007167	-0.011052	0.010528	0.003610	-0.005210	-0.005087	-0.000651	-0.011400	0.000432	0.005967	0.007723	0.008141	0.000045	-0.002779	0.000593
-2.354039	-0.091797	-0.563619	0.705542	-0.352582	0.296546	0.120411	-0.045202	0.171212	-0.092333	-0.288799	-0.105005	-0.081146	-0.110912	-0.240247	-0.014452	-0.043654	0.136789	0.064768	0.092367	-0.022546	0.096884	-0.147657	0.011841	-0.031225	0.029059	-0.007604	-0.030727	-0.064430	0.155246	0.000061	0.191606	-0.011570	-0.017426	0.046721	-0.023222	-0.021045	-0.151237	-0.018671	0.019986	0.008644	-0.086265	-0.052924	0.035520	-0.010015	0.092059	0.044458	-0.023666	-0.086627	-0.067558	0.016091	0.017599	0.036129	0.020924	0.076984	-0.060524	-0.004149	0.030638	-0.021060	0.047451	-0.059706	-0.044985	0.031713	-0.034196	0.062307	-0.009753	0.038532	0.011173	0.043695	-0.010198	0.004385	-0.008010	0.031810	-0.004690	-0.011912	0.014658	-0.022549	-0.008232	0.023640	0.033436	-0.033959	-0.049053	-0.011011	0.014397	-0.001866	0.022721	0.041413	-0.007630	0.003697	0.003016	0.044564	0.007448	0.020099	0.001637	-0.011681	0.017742	0.005272	0.005153	0.017834	0.025829	-0.006516	-0.010616	-0.017341	-0.006495	0.036534	-0.013753	-0.004332	0.000602	-0.017783	-0.019743	-0.010808	-0.020984	-0.004355	-0.037815	-0.005244	0.015025	0.012580	-0.018868	-0.003395	0.011882	0.002770	-0.004829	0.005448	0.018671	-0.015340	-0.038713	0.003506	0.016382
-2.612664	-0.324409	-0.480069	0.650220	-0.326460	0.354673	0.176522	-0.131486	0.237950	-0.182788	-0.270635	-0.105230	-0.014590	-0.106000	-0.267291	0.003267	-0.128285	0.138913	0.024755	0.133885	-0.067292	0.118064	-0.194382	-0.046720	0.018387	0.023129	-0.151300	-0.017710	0.032768	0.171692	0.035923	0.190177	0.059067	-0.037849	-0.005938	-0.036795	-0.039822	-0.136828	-0.014695	0.011206	-0.015625	-0.098167	-0.048077	0.010499	0.098972	0.075215	0.069272	0.097009	-0.122837	-0.080284	-0.015473	-0.018114	0.035662	0.053083	0.033514	-0.056712	-0.035772	0.003089	-0.005806	0.058709	-0.045408	-0.049394	-0.005068	-0.015368	0.025796	0.030482	0.019589	-0.000021	0.058567	-0.040565	0.003571	-0.026602	0.010099	0.016777	-0.011793	0.017862	-0.023944	0.009965	0.102807	0.018904	-0.020359	-0.026560	0.022311	0.032391	0.007968	-0.026178	0.054292	0.002268	-0.031031	0.000764	0.039399	-0.020408	0.020612	-0.011974	-0.017728	0.055198	-0.034648	0.014645	0.010667	0.032210	-0.010323	-0.015957	0.013194	-0.014225	0.007830	-0.001200	0.030013	-0.026540	-0.025831	0.005585	-0.021726	-0.057428	0.011700	-0.021272	-0.014217	-0.003060	0.030138	0.025756	-0.012778	0.016475	-0.015169	-0.027710	0.005873	0.037026	0.003874	-0.005324	-0.000837	0.026438
-0.040964	0.158069	0.290440	0.424751	-0.646441	-0.334879	0.047827	-0.176360	0.330169	0.537689	-0.409207	0.047781	0.198930	0.164320	-0.179532	0.150855	-0.076669	0.189354	-0.194270	-0.047805	-0.081138	0.040879	0.133044	0.078154	-0.238150	-0.236151	-0.186100	-0.364286	-0.014380	-0.173073	0.014113	-0.001536	-0.064405	0.067476	0.251326	-0.066023	-0.091120	0.018227	-0.070021	-0.031620	0.019971	-0.103904	0.174057	0.042789	0.055857	0.022721	0.080163	0.042740	0.180630	0.340367	0.052977	-0.129646	0.119654	0.188230	-0.172305	-0.062019	-0.006482	-0.180130	0.022966	0.235295	-0.049884	-0.083640	0.042983	-0.095696	-0.270046	-0.073288	0.059097	-0.035764	0.071322	-0.173905	-0.098601	-0.018272	0.096622	0.111975	0.009978	-0.219865	0.083863	0.132877	-0.069015	-0.037503	-0.188181	0.036388	0.083589	-0.010197	-0.052181	0.092129	0.031945	-0.139523	0.058868	0.031843	0.071484	0.028865	-0.072138	0.078282	-0.002451	0.024817	-0.022584	-0.086561	0.105870	0.034426	-0.029689	0.089976	-0.070470	-0.057698	-0.021495	-0.005133	-0.011666	-0.051181	-0.041897	0.056430	0.003749	0.118571	0.106932	0.012435	-0.012601	-0.053749	0.003280	-0.004447	0.081018	-0.041035	0.001307	0.026393	0.013919	-0.073583	0.020914	-0.037462	-0.034819	0.013983
-0.052101	0.796134	-0.074365	0.288664	0.606450	0.080725	-0.161681	-0.024050	0.051357	-0.126544	0.119989	-0.203709	-0.140010	-0.025533	0.139763	-0.015147	-0.097276	-0.058224	-0.072558	-0.023757	0.066404	0.102290	0.002184	-0.098456	0.048022	-0.003121	-0.035932	-0.003289	-0.010072	-0.072162	0.008308	-0.016478	-0.018296	-0.028019	-0.039117	-0.028838	-0.068645	0.038529	0.055607	-0.017330	-0.012022	-0.004778	0.024884	-0.024626	0.041661	0.075450	0.011487	0.053974	-0.008306	0.062527	0.104742	0.057164	0.060125	0.054283	-0.075604	-0.147967	-0.024841	-0.011971	0.008068	-0.049198	-0.018643	-0.020548	-0.093806	-0.054154	-0.011189	0.006318	-0.007657	0.063426	0.037160	-0.011829	0.017395	0.014931	-0.012834	-0.007850	-0.007798	-0.004295	-0.045302	0.015274	-0.019206	-0.019600	-0.012740	0.028553	-0.051845	0.009832	-0.008836	0.028955	0.007183	0.019603	-0.034286	0.008710	0.010477	0.009067	0.006902	0.000237	-0.032045	0.030799	-0.064272	-0.039950	0.031670	-0.029985	0.001436	-0.026164	-0.023233	0.014909	0.015486	0.000569	0.010973	0.010732	0.049169	0.029325	-0.023803	0.022802	0.028830	0.004504	0.031258	0.015265	-0.033723	0.033498	-0.038606	0.000565	0.026207	-0.003508	-0.042297	0.021973	0.003182	0.023197	0.023443	-0.044020
1.375417	1.286836	0.348581	-0.122184	-0.307747	0.134051	-0.507741	0.012735	0.242848	-0.334256	0.204932	0.117574	0.088314	0.079622	-0.200392	0.072709	-0.119415	0.074071	0.074999	0.077449	0.030590	-0.041065	-0.022539	0.040964	0.041865	-0.193689	0.105370	-0.140494	-0.050023	0.086333	-0.043147	0.002725	0.013334	-0.118306	0.016023	0.119925	-0.025199	-0.034854	-0.030983	-0.072452	0.089185	0.085166	-0.013672	0.041372	0.040076	-0.039360	0.097947	0.018524	-0.083142	0.045057	-0.035543	0.013749	0.020817	-0.012532	-0.043051	0.044168	0.034391	0.028936	0.016159	-0.033863	0.012959	0.041080	-0.006856	0.034314	-0.031040	0.066028	-0.023518	0.038106	-0.045393	0.015310	-0.017441	-0.003415	-0.013894	0.001650	-0.009819	0.005990	-0.000628	-0.016668	0.005572	0.000614	0.025498	-0.022080	0.047482	0.011704	-0.028740	0.059558	-0.028258	0.020575	0.027132	0.028921	-0.003711	0.051377	-0.014234	-0.003113	-0.030229	0.027771	0.025020	-0.036501	-0.007016	0.038120	0.024991	0.000144	-0.017007	0.017455	-0.011693	0.008130	-0.004966	0.013420	0.014437	0.035377	0.000077	0.003504	0.008146	0.017581	-0.022962	-0.008045	-0.007638	0.050315	0.015794	-0.001917	0.002817	0.024134	0.003771	0.009459	-0.019112	-0.044411	0.007351	0.008727
-0.904847	0.432452	0.150667	-0.229799	-0.194237	-0.001843	-0.227244	-0.033583	0.102555	-0.414794	0.312978	0.028059	-0.064756	-0.008924	-0.079013	0.096183	-0.163821	-0.030636	0.027833	0.143766	-0.113980	-0.008689	0.026581	0.055784	0.043248	0.007690	0.148942	-0.034446	-0.058247	-0.031448	0.004105	-0.075444	-0.058191	0.018149	-0.037833	0.075376	-0.033143	-0.046929	-0.015875	0.025067	0.075560	0.106445	0.054337	0.032667	-0.031184	-0.089772	0.154380	0.046357	-0.109295	0.063458	-0.015915	0.055068	-0.030921	-0.018544	-0.061966	-0.031970	0.028745	0.024302	-0.019691	0.036449	-0.075381	-0.017107	-0.004577	0.010623	-0.032678	-0.016748	0.040656	-0.021418	0.033323	-0.002623	-0.070313	-0.046322	-0.021152	-0.025128	0.025051	0.028872	-0.047666	-0.004147	-0.041782	-0.065031	-0.022192	-0.048047	0.037391	0.024379	-0.000807	0.025583	-0.040100	-0.008964	0.064061	-0.032450	-0.019625	0.032281	0.017764	0.049360	-0.008656	-0.052846	0.010982	0.014882	0.005834	-0.005994	0.035596	-0.057908	-0.005093	-0.000427	0.009781	0.027551	0.026665	0.052685	0.008186	-0.072081	0.018483	0.006286	0.015597	-0.011217	-0.037330	0.009231	-0.015548	0.008283	-0.031228	-0.004509	0.048534	-0.005300	-0.033023	0.011023	-0.020904	-0.067701	-0.037402	0.041247
-0.313994	0.344245	0.144156	-0.158741	0.017983	0.083936	0.452122	0.069851	0.036570	0.187667	0.031360	0.064926	0.096282	0.204100	-0.303675	-0.189226	-0.081193	-0.126155	-0.240747	0.072177	-0.044777	0.040106	0.402659	0.062297	-0.113786	0.069424	-0.038971	-0.060193	-0.193167	0.133069	-0.013768	-0.087123	-0.026911	-0.006590	0.000728	0.136044	-0.059585	-0.093634	0.150509	-0.043974	-0.013667	0.021443	0.030153	-0.027565	0.038294	-0.041374	-0.017847	0.078600	0.024690	-0.060780	-0.089316	-0.208652	0.055830	0.109116	-0.016159	0.030895	-0.071327	-0.040240	-0.076923	-0.013976	-0.081005	0.065204	-0.014112	-0.030328	0.051502	-0.000277	-0.012347	0.092923	0.017149	-0.011579	-0.024820	-0.055653	0.035565	-0.059545	0.029910	-0.070058	0.024962	-0.117229	0.024140	-0.010676	-0.023569	0.002815	-0.005007	0.022486	-0.002273	0.002546	0.032351	-0.010761	0.023986	0.033367	0.005775	0.011830	0.010740	-0.045260	0.051908	-0.010200	-0.062570	-0.023345	-0.053559	0.024570	-0.026987	-0.076016	0.024591	0.033473	-0.022007	-0.040689	0.003020	0.019950	0.016290	0.033419	0.059505	-0.011566	0.010700	0.011184	0.025763	-0.041328	-0.016560	-0.025389	-0.010575	-0.001220	0.019789	0.008029	-0.012301	-0.019853	-0.045906	0.032237	-0.055430	-0.025498
-0.886114	-0.469762	-0.807699	-0.250947	0.087484	-0.318840	-0.108827	-0.044015	0.164072	-0.132990	0.162717	0.353958	0.282459	0.465068	0.287980	-0.197651	-0.227085	-0.315369	0.143151	0.024941	0.044089	0.229194	0.171128	-0.099351	0.125180	0.131631	0.003391	0.011698	-0.054405	-0.074292	-0.048373	0.131079	-0.005691	-0.419403	-0.167842	-0.079483	0.002510	0.034916	0.174231	0.192139	0.084340	-0.114082	-0.042974	0.048089	0.064290	0.187324	0.076875	-0.185487	0.087785	-0.017974	0.064473	-0.003143	0.015232	-0.132255	0.074321	-0.039436	-0.032693	-0.042784	-0.056844	0.036985	0.037936	0.068839	0.221019	0.123166	-0.015257	0.016973	0.000394	0.022120	-0.008157	0.045389	0.062833	0.071763	0.009907	-0.045372	0.104870	0.030564	0.086677	0.166077	-0.014244	0.095367	-0.184608	0.015114	0.003986	0.036477	-0.006984	-0.028455	0.049252	0.025927	-0.028035	-0.012458	-0.009005	-0.049926	0.024138	0.034434	0.055588	-0.055317	0.118788	-0.027980	0.003550	0.032225	0.001110	0.015961	-0.026175	-0.042306	0.099701	0.047664	-0.021878	-0.069662	-0.027601	0.053708	-0.045668	0.022851	0.054842	-0.028253	0.029245	0.052657	-0.035036	-0.045395	-0.025411	0.003587	-0.021337	0.024792	-0.041103	0.033335	-0.014333	-0.000942	-0.044800	0.018633
1.539944	-1.638671	-0.219054	0.401862	0.055792	-0.460755	0.026501	0.072728	-0.051121	-0.193969	0.099723	-0.271764	-0.025750	0.126839	-0.030365	-0.147014	-0.008429	0.154226	0.048874	-0.201824	-0.077556	0.113073	0.107426	0.061571	0.000497	0.112906	0.017115	-0.021706	-0.086364	0.011703	0.013497	-0.166455	-0.045301	0.056566	0.012179	-0.100930	-0.119671	-0.068450	-0.101642	-0.042984	-0.106884	-0.070082	-0.096774	0.146532	0.106945	-0.023396	-0.011852	0.035292	-0.027726	0.018906	-0.149516	-0.027246	-0.042761	0.156118	-0.130366	-0.078629	-0.005177	-0.056929	0.202343	-0.065822	-0.090106	-0.114264	0.020000	0.007437	-0.122706	0.040382	0.043475	0.022455	-0.178240	0.066912	0.107183	0.034913	-0.073186	0.006368	-0.014840	0.054380	0.044566	0.090226	-0.007059	0.003801	-0.016572	0.107094	0.027673	0.094249	0.017347	-0.106919	-0.035021	0.070689	-0.075884	-0.061521	0.053301	-0.073666	0.027722	0.042222	-0.020419	-0.004699	-0.008131	0.058516	-0.002691	-0.000151	-0.024298	0.041118	-0.011765	0.053898	0.016434	-0.058558	0.040809	0.017973	-0.046255	-0.006841	-0.085304	0.103927	0.122147	0.027815	-0.029445	-0.009589	0.072280	0.006560	0.016242	0.062174	0.016485	0.001488	-0.020993	0.011120	-0.039144	-0.054494	0.039578	-0.080030
-0.448963	0.273157	0.023625	-0.585173	0.098978	-0.092652	0.390286	-0.121231	-0.209347	-0.106513	-0.011188	0.164255	-0.139928	-0.072538	0.005659	0.003557	-0.075219	0.002325	0.008624	0.116011	-0.127670	-0.044621	0.041059	-0.032547	-0.153292	-0.035794	-0.044553	-0.020802	0.126740	-0.060060	-0.005059	-0.087843	-0.010768	-0.054653	-0.015078	0.077750	-0.014301	-0.085821	-0.056946	-0.054059	0.089811	0.026320	0.001788	0.088594	-0.067352	-0.006130	0.035199	-0.075185	-0.021565	-0.003231	0.004638	-0.083596	-0.017239	-0.023504	0.006831	0.068968	-0.041841	-0.032319	-0.017592	-0.019126	-0.026728	0.029109	0.091703	-0.058466	0.011019	0.034296	0.033591	-0.016454	-0.015864	-0.026628	0.040703	0.015395	-0.020865	0.004945	0.039187	0.003887	-0.080289	-0.041451	0.038512	-0.028334	0.023585	-0.034352	-0.002598	-0.007151	-0.011417	-0.009337	0.024322	0.006607	-0.015958	0.023040	0.020503	-0.022726	0.018249	0.011650	-0.017282	-0.005807	0.034607	-0.006789	0.001380	-0.018297	-0.024152	0.079104	-0.006074	-0.029487	-0.046508	-0.011999	0.024623	0.018094	-0.001917	0.005277	-0.045091	-0.015548	-0.010782	0.015895	0.039287	-0.007908	0.006317	0.009143	-0.014840	0.002136	0.038363	0.041027	-0.014986	-0.025613	-0.003615	-0.033864	0.002551	-0.027382
1.025389	-0.258515	1.905853	-0.065180	-0.379793	0.244839	0.253199	-0.058458	0.316136	0.010167	-0.007845	0.199228	-0.092944	-0.000395	0.221471	0.195450	0.116859	-0.325633	-0.037356	-0.264946	0.003327	-0.216735	-0.103028	-0.142816	0.070880	-0.200752	-0.081665	-0.098834	0.059862	0.145278	0.119272	0.026122	-0.027804	0.114618	0.036647	-0.088615	-0.075257	-0.064733	0.179614	-0.033403	0.008112	-0.097782	-0.052635	0.020690	-0.015913	-0.002169	0.138901	0.074339	0.082580	-0.057970	0.052851	0.126879	0.001157	-0.025213	0.075915	-0.032427	-0.031776	0.064530	0.029394	0.051384	-0.037321	-0.005715	0.018697	-0.072123	-0.026209	-0.042775	-0.056682	-0.081047	0.026471	-0.033029	0.069348	0.015426	-0.011122	-0.047374	-0.025764	0.038302	0.029340	0.004539	-0.048143	0.057878	-0.034428	-0.049980	0.028041	-0.025260	0.013897	-0.042492	-0.029325	0.018519	0.024784	0.061838	-0.047025	0.015494	0.039401	-0.016689	0.017497	0.007988	0.016783	-0.007474	0.044724	0.038470	-0.013765	0.005449	0.032166	-0.011262	-0.009998	-0.033319	0.005553	0.000371	0.029079	0.045635	0.008142	0.016054	-0.022543	0.005234	0.019154	0.002409	0.016478	-0.035895	0.033086	0.020880	0.012285	0.007560	-0.002632	-0.008324	0.002811	-0.019023	-0.030202	0.030145
0.355114	-0.522320	-0.241803	0.201752	0.419563	0.227144	-0.235727	0.374456	-0.084969	-0.115711	0.116793	-0.167172	-0.190660	0.172930	0.121243	0.258525	-0.100993	0.083627	0.242093	0.063565	0.011112	-0.086743	0.015215	0.262139	0.068880	0.156104	0.100682	0.015572	0.076325	0.165209	-0.078758	-0.033680	-0.099464	-0.028684	-0.040215	-0.026927	-0.042352	0.134643	0.046092	0.029769	0.071289	-0.031335	0.012483	-0.116651	-0.046603	-0.102487	0.060854	-0.020650	-0.045412	0.034195	0.066071	0.001429	-0.035253	-0.073512	0.040942	-0.065286	-0.068474	0.008678	-0.059044	-0.008476	0.054834	0.013022	0.013784	-0.059441	-0.055051	-0.041900	0.005074	0.014807	-0.007909	-0.076324	-0.059247	-0.000491	0.065619	-0.022586	0.006773	0.004867	-0.019685	-0.015932	0.055375	0.008940	0.007300	0.074948	-0.001227	-0.043990	0.064283	0.053396	-0.021034	0.034466	-0.002143	0.032871	-0.009833	0.002647	-0.066776	-0.012729	0.016868	0.024765	0.024735	0.015218	-0.054704	0.018323	-0.084413	0.016838	0.004788	0.021628	-0.015353	0.025593	0.119832	-0.030747	-0.008839	0.018661	-0.020940	0.013379	0.050462	-0.041567	-0.040563	-0.013195	0.015787	-0.008141	-0.004415	0.027912	0.056948	0.007253	0.050818	-0.033229	0.009768	0.026443	-0.010708	-0.004823
0.430112	0.229987	1.052899	0.103224	-0.498858	-0.016830	0.009609	-0.019620	0.094152	0.154562	-0.059675	-0.070920	-0.115603	0.578229	0.087455	-0.117720	-0.084603	-0.145354	0.133038	0.122583	0.021369	-0.239627	-0.112471	-0.132988	0.026446	-0.012987	-0.111772	-0.093060	0.084380	0.084338	0.170911	-0.125988	-0.031439	0.245416	0.035740	-0.157617	-0.136491	-0.087906	0.127685	-0.055935	-0.056567	-0.084363	-0.056429	-0.048397	0.037652	0.013895	0.000694	0.021257	0.027139	-0.063962	-0.033517	-0.005233	-0.088116	0.030152	0.098147	0.011645	-0.028474	0.047871	0.024339	0.059007	-0.053307	0.031473	0.008397	-0.064171	-0.056332	-0.014091	-0.087179	0.004085	-0.029205	0.082428	0.024805	0.063980	-0.053519	-0.056826	-0.036579	0.085248	-0.010485	0.022797	0.045120	-0.019227	-0.010350	-0.016920	0.034406	-0.014858	-0.015895	-0.057763	0.012499	0.003620	-0.020418	-0.031616	-0.069954	0.014676	-0.043491	-0.018870	-0.000418	0.003168	0.021329	0.027019	0.014384	-0.024724	-0.019103	-0.020822	-0.019734	0.002650	-0.010606	0.072804	0.017299	0.020340	-0.009652	-0.013791	-0.026642	0.025121	-0.012323	-0.001384	-0.003008	0.005790	0.033158	-0.010325	0.016529	-0.003455	-0.003092	-0.019784	-0.021421	-0.002511	-0.018312	0.005234	-0.022306	-0.001712
-0.139385	0.851479	0.202922	-0.211939	-0.030054	-0.112467	0.364749	0.022509	-0.005037	-0.040079	0.006530	-0.064500	0.075240	-0.201222	-0.061307	-0.000681	0.004430	-0.068891	-0.001106	0.147358	0.001876	0.145131	-0.003128	-0.005728	0.021019	-0.053009	0.042124	0.083245	0.045662	0.026807	-0.022888	-0.027535	0.043406	0.021662	0.095389	-0.033806	-0.041069	0.000326	-0.041306	0.068789	-0.046574	0.042506	0.083810	-0.002510	-0.030271	0.002776	-0.057340	-0.042160	0.066549	0.040803	0.045225	0.014650	-0.006985	0.001246	0.032019	-0.000629	-0.090002	0.027546	0.005854	0.058064	-0.000005	0.010152	-0.012344	0.034301	0.036056	-0.027346	-0.014750	-0.028979	-0.012062	-0.010044	0.024142	-0.055418	-0.051145	0.014330	-0.007793	0.018844	-0.052057	0.023743	-0.005968	0.040819	0.031884	0.017501	0.014222	0.075930	-0.001232	-0.012348	0.021695	-0.019379	-0.015507	-0.056662	0.007622	-0.038377	-0.035053	0.024421	0.030426	-0.048552	0.010432	-0.014970	-0.002209	0.000759	-0.026821	-0.006400	0.010717	-0.040574	0.022870	0.020479	0.017182	0.017354	-0.006960	-0.009585	0.037310	-0.001651	-0.002946	0.013641	-0.010957	-0.004128	0.021314	0.021247	0.031166	-0.001431	0.029253	-0.014559	0.031387	-0.006134	0.015316	0.030825	0.008792	0.009442
0.478672	0.224130	0.871672	-0.041534	-0.341134	0.543101	0.142325	-0.190604	0.157967	-0.059571	0.198478	-0.021172	-0.080049	0.212915	0.175012	0.182587	0.106136	-0.210900	-0.048476	0.119863	0.056910	-0.100610	-0.034615	-0.188285	0.076632	-0.097279	-0.205584	-0.234277	0.072425	0.180862	0.191360	-0.052339	0.023733	0.142327	0.057071	-0.083651	-0.120874	0.019317	0.068051	0.025282	-0.064452	-0.060502	-0.053598	-0.048067	0.072384	-0.037044	0.032509	0.047401	-0.020257	-0.031861	0.053241	-0.003748	-0.054849	-0.035696	0.000881	0.033782	-0.087124	-0.007566	-0.002339	0.080316	-0.101536	0.012834	0.070968	-0.022293	-0.066279	-0.016581	-0.062574	-0.033993	-0.009906	-0.031184	-0.009523	0.015896	-0.001075	-0.069213	-0.030559	0.086326	0.005048	0.022176	-0.015598	0.043357	0.062237	0.019166	-0.024750	-0.009901	0.009882	-0.017048	-0.018831	-0.017824	-0.010819	0.003814	-0.008722	0.012264	0.011714	-0.005203	0.024615	0.005416	-0.013651	-0.004692	0.009711	0.030660	0.042165	0.013801	-0.018059	-0.013181	-0.030028	0.013321	0.002506	0.001079	-0.007125	-0.017407	-0.005494	0.012249	-0.010093	-0.000283	0.010499	0.012336	-0.028567	-0.028399	-0.016384	-0.000333	-0.008265	0.033442	-0.021678	-0.024987	0.015733	0.006232	0.004175	0.004254
-0.158859	0.447381	0.035817	-0.338457	0.117204	0.012310	0.285068	0.071592	-0.076487	-0.018863	0.007521	-0.077867	0.036306	-0.123987	-0.036248	-0.130275	0.001271	-0.009183	0.035893	0.080124	0.057540	0.102603	-0.209155	-0.053820	-0.108200	0.025191	0.107666	0.034064	0.069890	0.020666	0.092295	-0.018883	0.002643	-0.019091	0.138794	-0.029117	0.055869	-0.011551	-0.020627	0.092010	-0.027793	0.108683	0.131886	0.056646	-0.001567	-0.047426	-0.031110	-0.039243	0.009655	0.004583	0.065091	0.017459	-0.000038	0.029823	0.041381	0.079774	-0.061667	0.043835	-0.000248	-0.036936	-0.002723	0.031865	0.015280	-0.028993	0.036866	-0.003772	-0.003211	0.005912	-0.052866	0.007244	0.006522	-0.073407	0.003082	0.005765	0.004900	0.047378	-0.009619	-0.021426	-0.037130	0.081108	0.042020	0.050744	0.008735	0.051275	-0.001786	0.024772	0.017685	-0.023080	-0.004240	0.017762	0.052614	0.003552	-0.041759	0.015869	-0.008584	-0.035861	0.059705	-0.030755	-0.030516	0.022942	-0.012085	-0.026009	-0.042201	-0.046110	0.016289	0.015146	0.000848	-0.015043	0.038727	0.019607	-0.007993	0.027078	0.001898	-0.050414	0.003759	-0.056700	-0.016908	0.008196	0.080603	0.036662	-0.021770	0.033990	-0.000578	-0.000989	-0.011553	-0.000438	-0.001823	0.020886
0.496136	0.229575	1.026133	0.096634	-0.533531	-0.101279	-0.002746	0.018000	0.092794	0.227895	-0.111843	-0.087317	-0.123627	0.630222	0.050818	-0.109412	-0.109038	-0.158820	0.167495	0.104832	0.027340	-0.237767	-0.117278	-0.126496	0.035054	-0.020618	-0.102923	-0.081461	0.084039	0.082533	0.139577	-0.115741	-0.021840	0.268347	0.026122	-0.176570	-0.143176	-0.073168	0.136891	-0.072849	-0.084783	-0.096522	-0.073920	-0.046241	0.029932	0.058608	-0.009841	0.008393	0.043815	-0.062260	-0.029201	0.022240	-0.066864	0.040147	0.089732	0.007891	-0.046410	0.056375	0.029066	0.081724	-0.051054	0.023498	0.014152	-0.088544	-0.040499	0.010741	-0.088400	0.016610	-0.050653	0.104636	0.029554	0.063491	-0.051539	-0.053093	-0.057405	0.079130	-0.019314	0.029760	0.044267	-0.021186	-0.016550	-0.005456	0.039726	-0.005646	-0.023156	-0.038181	0.010064	0.012131	-0.010502	-0.054516	-0.093040	0.020737	-0.054822	-0.025739	-0.013339	-0.005535	0.020876	0.008819	0.010459	-0.043244	-0.018502	-0.031227	-0.028760	0.016760	-0.003460	0.078064	0.023862	0.022069	-0.007205	-0.013448	-0.022826	0.019340	-0.024853	-0.008971	-0.006269	-0.000725	0.028162	0.011329	0.030492	0.008683	0.004875	-0.023796	-0.019776	-0.001414	-0.028317	0.003006	-0.029746	-0.004719
2.458009	1.109257	-0.260352	-0.393942	0.173653	-0.277234	0.209933	-0.124328	0.129777	-0.160486	-0.342029	0.280606	0.172404	-0.240621	-0.182171	0.045131	-0.175132	-0.055212	-0.013529	0.027355	0.207644	0.018156	-0.170000	0.006904	-0.061941	0.204677	-0.106028	-0.046643	0.183995	0.145871	-0.175457	-0.011164	0.034622	0.053351	-0.108475	-0.037258	-0.006007	-0.049181	0.102947	-0.075288	0.034615	0.047580	-0.046808	-0.003210	-0.017265	-0.000128	-0.057083	0.015803	-0.061224	0.029841	0.020450	-0.032703	-0.024312	-0.007584	0.032574	0.017118	-0.007629	-0.055273	-0.008921	0.025365	0.065008	0.017733	-0.026649	0.006536	-0.075801	0.001359	0.046405	0.058411	0.010660	-0.017601	-0.006746	0.010025	-0.006049	-0.018472	-0.076297	-0.007264	0.036638	0.028709	-0.029797	-0.045576	-0.010975	-0.033258	-0.038299	-0.033218	-0.040508	-0.021925	-0.016935	0.061213	0.009014	-0.006566	-0.017335	0.012162	-0.004389	0.007635	-0.008176	-0.026673	-0.003005	-0.006223	-0.015904	-0.010410	-0.010180	0.005607	0.012667	-0.012389	0.010467	-0.005202	-0.027904	0.004135	0.005753	-0.023431	0.007964	-0.000558	0.010673	-0.021329	-0.000054	0.021209	-0.010850	-0.003262	0.012377	0.017688	0.000100	-0.005512	-0.022661	-0.015145	0.014068	0.011623	0.009298	-0.005831
-1.738428	-0.322290	-0.250501	-0.275810	0.177999	-0.172874	-0.215811	0.102474	-0.049489	-0.214646	0.261426	0.010025	0.065274	0.005272	0.093536	0.240182	-0.099889	-0.188158	0.092650	0.226353	-0.075403	0.024492	-0.070225	-0.228357	0.009154	-0.012458	-0.055555	0.053493	-0.077428	0.064603	-0.106141	0.149546	0.071476	0.202670	0.114552	0.042913	-0.079125	0.160589	0.120440	0.045553	0.032141	-0.020280	-0.099187	0.084165	-0.028735	0.005102	-0.108914	-0.047770	0.003009	0.027680	-0.119684	0.035250	0.014654	0.027554	-0.002374	-0.042737	-0.014015	0.058797	0.042113	0.012485	0.008376	0.019683	-0.060500	-0.020083	0.043434	-0.024781	-0.001102	-0.047453	-0.056672	0.015952	-0.005509	-0.041536	0.055667	0.055147	-0.057631	-0.005339	0.034592	-0.042646	0.014167	-0.036347	-0.011327	0.087268	0.047056	-0.035662	-0.040563	0.008316	-0.012107	0.020116	-0.044544	-0.060483	0.003511	-0.003959	0.001572	-0.009567	-0.067892	0.016273	-0.023278	-0.010264	-0.021938	0.013120	0.001616	0.045624	-0.066968	-0.012813	0.016156	-0.007080	-0.013979	0.018907	-0.052644	-0.032800	-0.007440	-0.024491	-0.016253	0.017325	-0.026471	0.001670	-0.027928	-0.009641	0.048761	-0.025521	-0.011985	0.004538	0.006283	0.013311	-0.012794	-0.032808	-0.003312	0.008687
-0.500573	0.336193	-0.500622	-0.031425	0.228956	-0.196979	0.011734	0.195721	0.112024	0.152442	0.320099	0.262105	-0.014039	0.137766	0.097176	0.073428	0.038322	-0.161494	0.050919	-0.071474	0.051137	0.054580	-0.260016	-0.047542	-0.057742	-0.135401	0.020151	0.212305	-0.057347	-0.033587	0.034739	-0.096174	0.075396	0.153022	0.041813	-0.080756	0.023422	-0.077598	-0.039345	0.045513	-0.043085	-0.000995	-0.109844	-0.001642	0.024298	-0.081426	-0.023063	-0.051475	0.075985	0.048944	-0.053449	0.023232	-0.021308	0.020805	0.036310	-0.053163	0.041642	-0.035707	-0.009580	-0.005538	-0.019115	-0.006041	-0.045000	-0.008858	-0.011678	0.043849	0.050162	0.010451	0.017141	-0.068290	0.035707	-0.038714	0.015533	-0.011646	0.101719	-0.018088	0.012832	0.051525	0.061494	-0.001315	0.002520	-0.030491	-0.032686	-0.040369	0.029377	-0.011286	0.022388	0.021004	-0.054844	0.047671	-0.013991	0.026472	-0.017307	0.014055	-0.058005	0.035026	0.017799	0.004926	-0.050054	0.017523	0.008033	-0.012144	-0.014983	0.013172	0.012172	0.004040	-0.015122	0.027154	0.008376	-0.016017	0.023420	0.001814	0.006982	0.005668	0.020564	-0.016113	0.009180	0.006619	0.008348	-0.016820	0.011983	-0.000856	-0.004354	-0.003009	0.002861	0.014467	0.007661	0.020938
-0.010759	0.881718	0.028590	-0.293955	0.014803	-0.084801	0.348362	0.033430	-0.106424	0.048009	-0.015341	-0.081639	0.070227	-0.104914	-0.046717	-0.001521	0.042662	-0.111174	0.029257	0.110840	0.035426	0.036451	0.026758	-0.000346	-0.014339	-0.082177	0.034871	0.067391	0.045105	0.055051	-0.027098	-0.077994	0.022897	-0.030694	0.013938	-0.003368	-0.014093	-0.042344	-0.008673	0.041150	0.004031	0.044109	-0.007770	0.029743	-0.028710	-0.005705	-0.071459	-0.038430	0.073172	0.037467	0.008388	0.046050	-0.029366	-0.029887	0.013407	0.018503	-0.047120	0.053844	-0.041426	0.016545	-0.024026	0.014854	0.037122	0.032278	0.051222	-0.010165	0.024919	-0.036332	-0.048420	-0.009879	0.017809	-0.012744	-0.054184	-0.000948	-0.020821	0.036058	-0.044023	0.015707	-0.034952	0.042395	0.014108	0.028554	0.033858	0.045085	-0.014598	-0.004885	-0.000865	0.010318	0.020498	-0.050860	0.012069	-0.025349	-0.020976	0.036825	0.033317	-0.035951	-0.008660	-0.017897	0.015068	0.009299	-0.013199	0.007371	0.015748	-0.039976	0.004079	-0.011856	0.020226	0.006725	-0.005837	0.010388	0.020046	0.019649	0.017235	0.004774	-0.014705	0.004501	0.002897	0.004424	0.005021	-0.029124	0.026113	-0.032519	0.014737	0.020497	-0.001136	-0.014370	-0.002766	0.022303
2.454067	-0.012994	-0.322371	-0.144141	-0.415752	0.548320	-0.170421	0.354678	-0.080554	0.123430	-0.015832	0.154234	0.121365	-0.252297	0.014743	-0.138134	-0.025935	0.136740	-0.057202	-0.004910	-0.207954	0.124114	0.011473	-0.058318	0.025077	-0.045275	-0.035855	0.101110	-0.093459	-0.073432	-0.022425	-0.052803	0.052972	0.064159	-0.074304	-0.027542	-0.077955	0.062471	0.004684	0.005101	-0.018176	0.032665	0.044587	0.021823	0.046168	0.093833	0.035377	0.018751	0.021396	-0.051862	0.019691	-0.053924	-0.032551	-0.015508	0.018605	-0.001532	0.073581	-0.027406	-0.007527	0.016255	0.084760	0.066405	-0.043635	-0.061176	-0.044318	0.003716	-0.012642	-0.049920	0.017290	-0.025484	0.032062	0.042557	0.063319	-0.038996	-0.052057	0.043615	0.020708	0.033158	0.017833	0.007508	-0.051074	-0.007223	-0.028875	-0.028478	-0.011922	-0.015947	0.022653	-0.022958	0.074647	-0.046099	-0.003621	0.011931	-0.039100	0.020953	-0.014872	0.001945	-0.022577	-0.013429	-0.014369	-0.008475	0.009192	-0.014063	-0.021424	0.015058	-0.017882	-0.024541	0.018708	-0.033656	0.029836	0.010674	0.017721	-0.010239	-0.035647	0.024192	-0.014056	0.015403	0.002241	-0.031328	-0.020795	-0.007852	0.023270	0.013215	-0.012845	0.021469	-0.011177	-0.004413	-0.003597	-0.005954
-1.670279	-0.610966	0.195653	-0.180510	0.494134	-0.244236	-0.199387	-0.099802	0.320827	-0.070263	-0.057975	0.063063	0.134643	0.022572	0.026841	-0.028659	-0.073413	0.152408	-0.016302	0.020142	0.079032	0.333317	0.062022	-0.090114	0.013434	-0.077698	0.047155	0.042213	0.090804	0.124363	0.036310	-0.043587	0.035483	0.045135	-0.039113	-0.026629	-0.000733	-0.021157	-0.025312	0.050343	-0.033074	0.006216	-0.037595	-0.081314	0.034643	0.044914	-0.061514	-0.013232	0.021230	0.045080	-0.012161	-0.024829	-0.011208	-0.006344	0.000866	-0.047253	-0.114521	-0.003472	0.023453	0.006732	-0.073416	-0.044929	0.051750	0.038012	-0.020358	0.022074	0.020499	-0.040001	0.003403	-0.003200	-0.001583	-0.064728	0.039932	0.012457	-0.065662	-0.016552	0.057646	0.064835	-0.037581	0.016024	0.054758	-0.021459	-0.048871	-0.026541	-0.002392	-0.003037	-0.005014	-0.033537	0.010883	0.033086	0.025749	0.024830	0.005569	-0.025172	0.006573	-0.026819	-0.032362	0.044834	0.011091	-0.011597	0.033943	-0.060580	0.015157	0.022548	-0.052023	-0.025825	0.048740	-0.003090	0.020486	0.005103	0.021828	-0.039676	0.012021	-0.007414	-0.006100	0.006188	0.028158	0.009771	-0.027966	-0.032810	0.018871	0.031560	0.021465	0.045438	-0.003180	0.022832	-0.017039	0.001230
-2.519933	-0.442440	-0.662437	-0.664265	0.099306	-0.184139	-0.113687	-0.097108	-0.101506	-0.081292	0.114275	-0.036040	-0.026989	-0.318159	0.063551	0.111501	0.117659	-0.115063	0.112126	-0.081406	-0.050391	-0.158770	0.025354	-0.158976	-0.088238	-0.016603	-0.139741	-0.023357	0.019227	-0.095030	0.077639	-0.083316	-0.025995	0.135674	0.024538	0.053316	0.085028	0.008569	0.007580	-0.034503	0.080130	-0.119058	-0.035479	-0.031196	-0.076048	-0.022104	0.143417	-0.002435	-0.009089	0.007436	-0.024962	-0.036766	0.044864	-0.074183	-0.070989	-0.061227	0.056920	-0.032161	0.054765	-0.003052	0.050102	0.002403	-0.037136	-0.058835	0.102844	0.074321	-0.012715	0.071190	-0.009545	-0.055973	0.025466	-0.002756	0.009030	-0.014441	-0.089077	0.016154	-0.042169	0.069331	-0.033822	0.008309	-0.049324	-0.019660	-0.011186	-0.010969	-0.024218	-0.022450	0.008127	-0.027138	-0.043157	-0.016631	-0.015444	0.007503	-0.027865	-0.049524	0.029639	-0.013825	0.037094	-0.000180	-0.018687	-0.005580	-0.043830	-0.020989	0.021201	-0.008561	0.033497	0.017365	-0.004163	0.005796	0.012745	0.025832	-0.044483	0.033916	0.047243	0.014648	-0.032977	0.009267	-0.000887	-0.028769	-0.008513	-0.022857	0.015371	0.001368	0.023312	0.040798	0.007953	-0.011567	0.025147	0.001187
-0.256799	0.602800	-0.273952	-0.393920	0.079984	0.078597	0.529351	-0.105212	-0.179888	-0.059321	0.009708	0.221705	-0.150822	-0.139387	-0.046217	0.026920	-0.114896	-0.091082	-0.092673	-0.096795	-0.216746	-0.017809	-0.030407	0.073825	-0.064056	-0.003382	-0.010116	0.093498	0.052617	-0.046951	0.076367	-0.015271	-0.035935	0.015794	0.064418	-0.058302	-0.084963	0.012482	0.089713	-0.035683	0.060148	-0.012807	0.118422	-0.021790	-0.037594	-0.019940	0.007887	0.061397	-0.016293	0.122336	0.030491	0.067260	-0.042544	-0.056497	0.000662	0.083036	-0.035176	0.081945	0.017897	-0.025299	-0.054358	-0.017457	-0.079570	-0.068629	0.066229	0.043315	-0.017102	-0.058300	0.013162	-0.051067	-0.012345	0.055455	0.039790	0.018640	0.020193	-0.010616	0.023072	0.089785	-0.047833	0.055887	-0.051228	0.035428	0.054330	-0.020861	-0.005989	-0.017021	-0.035290	-0.039325	0.005212	0.027942	0.004598	-0.026295	-0.040759	-0.039507	-0.008565	-0.025979	-0.040602	0.051666	-0.063279	-0.010986	0.017172	-0.034994	0.014617	0.019158	0.047793	-0.033200	0.005810	-0.033218	0.007593	-0.059084	0.000416	-0.038211	0.004289	-0.003755	-0.020892	0.009254	-0.005603	0.000443	0.005958	0.021023	-0.020022	-0.040019	0.008919	0.011651	0.005047	-0.024649	0.005778	-0.027727
-0.210634	0.610757	-0.307793	-0.415728	0.074824	0.000749	0.479330	-0.049586	-0.210369	-0.037713	-0.026440	0.259581	-0.174396	-0.124354	-0.093959	0.062267	-0.077983	-0.095252	-0.082022	-0.143793	-0.196691	-0.049135	-0.013891	0.067461	-0.095536	-0.032749	-0.020358	0.081636	0.069180	-0.006790	0.063853	-0.038150	-0.042876	-0.018547	0.091644	-0.080697	-0.091075	0.021876	0.088752	-0.039190	0.038852	-0.015420	0.111818	-0.032255	-0.022092	-0.036438	0.002473	0.060964	-0.016573	0.125878	0.008315	0.068269	-0.012293	-0.042691	-0.014879	0.094587	-0.038542	0.067688	-0.003296	-0.009200	-0.078303	-0.018525	-0.076785	-0.063204	0.070744	0.028017	-0.025963	-0.059954	-0.005556	-0.056885	-0.007768	0.042836	0.020791	0.032013	0.032043	-0.000586	0.038773	0.090354	-0.033862	0.031202	-0.042275	0.040875	0.054295	-0.001947	-0.012128	-0.031862	-0.025117	-0.026709	0.022178	0.037795	-0.011631	-0.014838	-0.036822	-0.036529	-0.009798	-0.016956	-0.041572	0.056466	-0.068498	-0.009597	0.011324	-0.045303	0.017976	0.015476	0.053114	-0.024094	-0.004419	-0.040059	0.019862	-0.053990	-0.008382	-0.022468	-0.003182	0.012556	-0.019709	0.024973	-0.009300	-0.003162	0.005316	0.018187	-0.011585	-0.014198	-0.002847	0.015989	0.008848	-0.022402	-0.009057	-0.040050
1.168942	0.493172	-0.048271	-0.132177	0.022231	0.275792	-0.192547	0.444352	0.168407	0.442059	0.101940	0.372376	-0.302765	0.107055	-0.035317	0.201661	0.141193	-0.055684	0.046987	0.103574	0.000290	0.112521	-0.010118	0.003054	0.045726	0.093682	0.003161	-0.024718	0.031049	-0.105160	-0.007685	0.051743	0.106718	0.036508	0.022587	0.070280	0.028575	-0.030820	-0.043766	0.002954	-0.027648	-0.043554	0.002228	0.104450	-0.012407	-0.058580	0.063492	-0.029726	-0.058588	-0.045941	0.010412	0.007908	-0.047653	-0.104243	0.010562	0.014721	-0.084492	-0.009446	-0.037956	-0.115623	-0.029840	-0.060140	0.021580	0.051832	-0.075362	-0.001438	0.052808	-0.049498	-0.063609	0.050133	-0.039489	-0.014204	-0.003482	-0.009411	-0.082833	0.025290	0.065070	-0.011701	-0.055768	-0.006066	-0.063104	0.062136	-0.004475	-0.031997	0.018779	0.057182	-0.043735	-0.004427	-0.016678	-0.022511	0.098407	-0.033364	0.044097	-0.065740	-0.044079	0.006299	-0.039969	-0.047685	0.045887	0.032355	-0.048486	-0.036463	0.022758	0.013301	0.045294	-0.055966	0.057689	-0.016975	0.022445	-0.001875	0.059216	0.017825	0.006743	-0.014438	0.062857	-0.039958	0.019908	0.000798	0.030965	0.010258	-0.029886	-0.039814	-0.029261	0.024287	-0.000396	-0.016779	0.022546	-0.021733
0.260148	0.268868	-0.598783	-0.159465	0.308429	-0.034904	0.066290	0.274525	0.129168	0.165500	0.181401	0.329698	-0.045760	0.049836	-0.012506	0.141352	-0.038564	-0.159184	-0.072815	0.050652	-0.036048	-0.230478	-0.145527	0.002255	-0.127140	-0.037270	-0.009417	0.078846	-0.137536	-0.014404	0.047067	-0.085666	-0.039717	0.056643	-0.078970	-0.073760	0.067913	-0.126977	0.127463	-0.040910	-0.042723	0.030223	-0.044031	0.074109	-0.053401	-0.032517	0.065061	0.139619	-0.030795	-0.022664	0.045787	0.001793	-0.066155	0.033513	-0.047311	0.037817	0.202887	0.046574	-0.008259	0.026312	-0.003476	-0.031728	0.009368	-0.022610	0.044511	-0.051415	0.004389	-0.022110	-0.044633	-0.002077	0.040092	0.002126	0.045237	-0.015775	0.021259	-0.012073	0.017110	0.026956	-0.040802	0.022534	0.013306	0.048158	0.014865	0.003009	0.003890	0.013573	-0.006292	0.030189	0.033852	-0.032061	0.022255	0.004344	0.117413	0.087744	-0.034015	-0.004169	0.049507	-0.011505	0.009111	-0.075872	0.019697	0.009775	-0.017573	-0.003671	-0.041669	0.010127	0.035693	0.014732	-0.060515	0.066468	0.006265	-0.047334	0.029828	-0.022478	0.050113	-0.056593	-0.043891	-0.009205	-0.029161	0.060877	-0.003541	-0.015447	-0.017360	0.015210	0.042383	0.014777	0.061287	-0.004038
-2.411493	-0.554729	-0.184947	-0.796428	0.013273	-0.381749	0.035136	-0.063194	-0.105235	0.019721	-0.098679	-0.024648	-0.144996	-0.164878	-0.025085	-0.071063	-0.026193	0.082337	0.039771	0.028949	-0.061904	-0.077163	0.003064	-0.009782	0.078837	-0.042408	-0.089788	0.002716	-0.090922	0.014913	0.008989	0.012989	-0.043923	0.142985	0.063432	-0.024023	0.063146	0.073526	0.018145	-0.096942	0.015895	0.041575	0.031836	-0.019192	-0.175867	0.006241	-0.023878	-0.109415	-0.070146	0.044879	-0.026841	0.045475	0.034854	0.044629	-0.022241	0.023360	-0.004129	0.038991	0.075558	0.029956	0.017636	-0.010247	-0.026029	-0.015686	0.040949	-0.006437	-0.049101	-0.006915	0.031191	0.071062	0.018347	-0.012721	0.003989	0.049817	-0.002550	0.036488	0.057431	0.002078	-0.000752	-0.047889	0.002406	-0.012514	0.061211	-0.023702	-0.011543	-0.042234	0.027125	-0.010126	0.020494	-0.002698	0.006152	-0.018296	-0.028697	0.018507	0.077094	0.052616	-0.041816	0.016806	-0.002910	0.003214	0.014370	0.023424	0.007762	-0.036894	0.018798	0.025215	0.012617	-0.004418	-0.025258	-0.029010	-0.002742	0.020428	-0.004576	0.008084	-0.025548	0.012004	-0.005371	-0.034212	0.041250	0.012018	-0.008084	-0.008182	-0.006297	-0.035715	-0.033028	-0.002699	0.011088	-0.037106
-1.584916	0.127525	0.188486	-0.644583	-0.225052	-0.177649	-0.407383	-0.013933	0.013126	0.012717	0.051380	-0.122941	-0.037547	-0.118314	0.017550	-0.187942	0.317870	0.056547	0.095213	-0.105368	0.000604	0.101836	-0.073554	0.086494	-0.021210	0.178444	-0.194090	0.026452	0.095687	0.088969	0.110301	0.058042	0.160799	-0.101712	0.010582	0.221356	-0.111805	0.114040	0.053598	0.077118	0.018414	0.062498	0.092673	0.073913	0.003387	0.048798	-0.042910	0.006391	0.028955	-0.026834	-0.016403	0.068542	-0.045811	0.078045	-0.042628	-0.037311	0.023914	0.019942	0.038500	0.043374	-0.015587	0.088166	0.087131	-0.018395	0.011448	-0.037382	-0.086083	0.073504	0.064042	-0.033712	0.017969	0.011889	0.023988	-0.058603	0.004273	-0.061189	-0.036551	0.027053	-0.008097	-0.037262	0.043459	-0.019456	0.012568	-0.042425	0.034918	0.034244	-0.026091	0.000246	0.038619	-0.011460	-0.001509	-0.003959	0.013553	-0.027409	-0.040329	0.000356	0.034251	-0.014155	0.009745	-0.016383	0.009046	0.007164	-0.030658	-0.008572	-0.001857	0.028673	0.043198	0.018648	-0.000187	-0.036571	-0.021239	-0.003523	-0.004991	0.003480	0.033407	0.001512	0.047349	-0.013377	-0.009113	0.017156	-0.025105	-0.029240	0.010138	-0.013054	-0.014773	0.008964	0.042473	0.002506
-0.766057	-0.242065	-0.671241	-0.309258	0.038091	-0.382457	-0.000258	-0.002022	-0.112292	0.032538	0.090825	-0.045279	0.244191	0.220179	0.035409	0.351810	0.041639	-0.020028	-0.122477	-0.025752	-0.058474	0.150809	0.104356	0.093405	-0.025032	-0.094592	0.003921	0.043959	0.114745	0.006302	-0.025051	0.021263	-0.004635	-0.048968	-0.052499	-0.105216	-0.014115	-0.009382	0.039895	0.037415	0.068050	0.010485	0.039733	-0.123175	0.121970	-0.080729	0.094152	-0.000120	0.033001	-0.096892	-0.031797	0.006003	0.086080	0.058429	0.039043	0.003412	-0.039235	0.000679	0.004400	-0.040669	0.046138	-0.001872	-0.054388	-0.042805	0.008074	0.019216	0.032721	-0.086714	-0.009067	0.037801	-0.013517	0.029361	-0.033509	0.012560	-0.050657	0.070247	0.002859	-0.060628	0.025452	-0.017640	-0.024116	-0.059309	0.050194	0.018658	0.006248	-0.002386	-0.035977	-0.010726	0.012318	0.019075	0.041966	-0.022124	0.003365	-0.020456	-0.010962	-0.004053	0.028912	0.013343	0.014854	-0.031908	-0.014845	0.020011	-0.017492	-0.032564	0.006305	0.034688	0.010190	-0.000552	0.022643	-0.031079	-0.037704	0.001068	-0.009480	-0.008865	-0.015950	-0.003386	-0.027594	-0.003949	0.008294	0.013936	-0.028719	-0.004588	-0.004553	-0.021836	0.011291	-0.007691	0.020232	0.014023
0.957274	1.510163	0.317415	0.055087	-0.421713	0.180507	-0.486458	-0.033836	0.189449	-0.296865	0.284700	0.012369	0.082341	0.195293	-0.117067	-0.099677	-0.140902	0.064102	0.165140	-0.074540	-0.029249	0.025535	0.014077	0.078336	-0.011578	-0.103761	0.106626	-0.118771	-0.013695	0.022865	-0.081783	0.010958	-0.009830	0.025903	0.053004	0.039002	0.041557	-0.072477	-0.130049	-0.086254	0.023977	-0.013178	0.019461	-0.012514	-0.069059	-0.040803	0.076012	0.012682	-0.075701	-0.047463	-0.018060	0.070960	0.046079	0.015392	-0.026367	0.031309	0.011975	0.007367	0.090950	0.022731	0.036273	0.026775	-0.023904	0.067116	0.010890	0.043043	-0.017403	-0.025672	-0.008533	0.021953	0.013774	-0.015292	0.033204	-0.043105	0.002322	-0.038713	0.062603	0.056144	0.021468	0.029780	0.067995	0.004227	-0.008198	0.005009	-0.010745	-0.008542	0.013277	-0.007153	-0.019498	0.033495	-0.056489	-0.026893	-0.001646	-0.002711	0.013674	-0.006640	0.025319	0.013950	-0.013876	0.037962	0.019937	0.033320	0.010425	-0.021737	-0.023213	-0.015911	-0.000755	-0.013850	0.015715	-0.020195	-0.002186	0.000266	-0.007833	0.075546	0.024042	0.033493	-0.020436	-0.024104	0.019786	-0.008604	0.003546	-0.022356	-0.013411	-0.030019	-0.019723	-0.016703	0.040212	-0.019178
-1.942630	-0.201456	-0.468238	-0.701251	-0.198400	-0.201338	-0.455801	0.036327	-0.341834	-0.143751	-0.023812	-0.227888	0.017798	-0.094083	0.102487	-0.031544	0.205416	-0.131624	0.011863	0.030333	0.055407	-0.306970	-0.028011	-0.085796	-0.052238	-0.018709	-0.108163	-0.047301	-0.051388	-0.004630	0.049626	0.090332	-0.079100	0.033566	0.027415	-0.085901	0.145161	-0.019481	0.066004	-0.066829	0.091009	0.077037	-0.011556	0.153715	-0.034561	-0.072090	0.054516	0.088861	0.006969	0.002069	-0.008221	-0.019410	-0.041179	0.156333	0.022363	0.124684	-0.097684	0.059739	-0.099563	-0.133407	-0.022423	0.027877	0.037868	-0.028144	-0.076983	0.038037	0.038570	0.014732	-0.062539	-0.018950	-0.009905	-0.000640	0.050545	0.031955	0.020847	0.008912	0.046648	0.015507	0.032342	0.005176	-0.018945	0.028949	-0.061015	0.013739	-0.003409	0.043894	0.026246	0.007389	0.010131	-0.008308	0.026427	0.000949	0.028837	0.028888	-0.000886	0.021589	0.014269	0.015550	0.010393	0.039580	0.014705	-0.061105	0.028589	0.049037	-0.013062	-0.025437	-0.022471	-0.041156	-0.016468	0.010200	0.003432	0.031292	0.026313	-0.040207	0.014475	0.058003	0.003800	0.006649	-0.001317	-0.001677	0.009805	0.020866	-0.007566	-0.001676	0.008957	-0.004939	-0.019019	-0.000850
-0.239646	0.906490	0.048298	0.217010	-0.084260	-0.069744	0.365574	0.130420	0.119813	0.274449	0.148635	-0.206427	0.248508	0.018150	-0.038109	-0.040187	0.090196	-0.108883	-0.085203	-0.060532	0.109927	-0.053052	-0.038608	-0.030122	-0.120667	-0.087246	0.083158	0.080219	0.049948	0.079531	-0.035016	0.075427	-0.139995	-0.055411	-0.064172	0.108791	-0.020350	0.129682	0.021345	-0.049219	-0.053978	-0.009941	0.008758	0.046941	0.000892	0.081974	0.060109	0.004515	-0.067492	-0.012924	-0.114336	-0.111738	0.022752	-0.024056	-0.037111	0.011066	-0.034597	0.031828	-0.035409	-0.016484	-0.009310	-0.107461	0.005712	0.006894	-0.052917	-0.015925	-0.028749	0.014260	0.033947	0.010239	-0.043704	0.034515	0.014015	-0.029158	0.025846	0.003142	-0.029375	0.010220	-0.014603	0.021738	0.024788	-0.002338	-0.001275	-0.036000	-0.033807	-0.003348	-0.006221	-0.015694	-0.037958	-0.037420	-0.009043	-0.014973	-0.026529	-0.000618	0.003741	0.012099	-0.020297	-0.008378	-0.007935	-0.002505	-0.021687	0.014613	-0.026739	-0.000373	-0.028919	-0.029450	0.016195	-0.011229	-0.040896	-0.000983	-0.009177	-0.007404	-0.000577	0.008581	-0.016892	0.012029	0.020780	0.007117	0.005088	0.015596	-0.009958	-0.002861	0.002320	0.012991	0.015073	0.018199	0.001837	0.014808
-1.202017	0.642894	-0.159386	-0.562318	-0.317026	-0.239449	-0.327165	0.140273	-0.125515	0.176084	-0.005771	-0.200085	-0.096556	-0.083187	-0.017937	-0.204734	0.199650	-0.014329	0.050204	-0.266823	0.022411	0.054039	-0.022123	0.162759	0.029494	0.096104	0.006312	0.172029	0.027012	0.064753	0.108483	-0.076276	0.088710	-0.028936	-0.038694	-0.078490	-0.113328	0.088077	0.028493	0.034513	-0.005951	-0.080542	-0.023646	-0.079767	0.005010	-0.055171	0.058355	0.088969	-0.047413	-0.015027	0.015548	0.019780	0.032815	0.002080	-0.020149	0.005832	0.005716	0.012210	-0.038694	0.032768	0.015846	-0.001711	0.053979	0.122702	0.064226	-0.033149	0.075848	-0.028800	-0.007838	-0.028861	-0.000609	-0.030218	-0.025966	-0.063859	-0.044491	-0.055316	0.041214	0.015710	-0.028414	-0.029152	0.018674	0.015300	0.002417	0.054421	0.034489	-0.003979	0.003041	0.024535	0.046628	0.005406	0.000050	0.001503	0.026647	-0.025636	-0.000562	-0.007335	-0.045591	-0.044595	0.029361	0.008160	0.025667	0.028518	-0.013967	-0.000566	0.005017	0.008358	0.020036	-0.007275	-0.002750	-0.021804	-0.010654	0.010009	0.014308	-0.015777	0.037142	-0.017857	-0.072858	0.040206	-0.009339	-0.042766	0.013736	0.017594	-0.011319	-0.018709	0.002746	-0.012701	-0.036100	-0.006633
-1.946045	-0.205162	-0.450780	-0.708606	-0.208742	-0.207876	-0.454009	0.029989	-0.339522	-0.132073	-0.023251	-0.220481	0.019149	-0.099163	0.103530	-0.036441	0.205060	-0.127285	0.016064	0.043114	0.058749	-0.299628	-0.016269	-0.095460	-0.050579	-0.031582	-0.114446	-0.042224	-0.054277	-0.003396	0.048223	0.091177	-0.071610	0.033415	0.028899	-0.074321	0.148482	-0.017365	0.065687	-0.068250	0.087011	0.076423	-0.019878	0.153982	-0.043094	-0.069839	0.050885	0.077132	0.004968	-0.000691	-0.003317	-0.026119	-0.033572	0.155631	0.019124	0.120763	-0.085458	0.059102	-0.092843	-0.136486	-0.021113	0.029934	0.037001	-0.019677	-0.077227	0.032968	0.034724	0.015367	-0.064147	-0.017441	-0.010392	0.000361	0.044777	0.032909	0.015952	0.014254	0.042554	0.009725	0.029280	0.008270	-0.017844	0.032484	-0.059498	0.017669	0.001162	0.040747	0.028575	0.009955	0.013168	-0.014058	0.025636	0.001615	0.029255	0.024998	0.000506	0.017402	0.017198	0.013198	0.014915	0.037279	0.011147	-0.062173	0.030990	0.047729	-0.012182	-0.028193	-0.019357	-0.036237	-0.017492	0.009503	0.007147	0.035476	0.029670	-0.042458	0.017088	0.057613	0.001079	0.002310	-0.002285	-0.002007	0.010283	0.020730	-0.007447	-0.003416	0.006367	-0.003061	-0.016713	0.000557
-2.577652	-1.276993	0.235475	-0.745284	0.127951	-0.467831	-0.163025	-0.107909	0.135804	0.132538	-0.212152	0.304840	0.098516	0.130878	0.016212	-0.163739	-0.035626	0.079117	-0.065650	0.024796	-0.024743	0.101854	0.089620	-0.027572	-0.002859	-0.079383	0.059954	-0.091325	0.092860	0.042686	-0.004575	-0.208100	-0.053484	-0.241492	-0.041359	0.018741	0.010670	-0.148191	-0.128171	0.004271	-0.037987	-0.017523	-0.034670	0.004701	0.092058	-0.028014	-0.065718	-0.013859	0.047566	-0.000508	0.067332	-0.020141	-0.046744	0.028443	0.003908	-0.050022	-0.057821	0.030890	-0.031230	-0.084015	-0.040710	0.030870	0.053138	-0.054662	-0.042224	-0.016092	0.026375	-0.057626	-0.074745	0.004996	-0.018240	-0.031280	0.068605	0.017840	0.013015	-0.038079	0.023000	0.010738	0.044942	0.023015	0.010686	-0.035850	-0.018001	-0.020972	-0.007541	0.027739	-0.050694	-0.025720	-0.033936	0.023557	-0.064197	0.017535	-0.035422	-0.013596	0.046899	0.000791	-0.021379	-0.047169	0.002808	-0.027012	0.054368	0.007288	-0.043698	-0.028266	-0.018067	-0.024928	-0.025309	-0.021758	-0.070570	0.009280	0.026607	0.055827	0.009429	0.007796	-0.017690	0.030480	-0.006473	0.013542	-0.019255	0.057355	0.028685	-0.036248	0.041348	-0.005361	0.005423	0.014715	0.033370	0.004777
-0.235550	0.906400	0.053572	0.216600	-0.080223	-0.079706	0.365216	0.135058	0.124787	0.274118	0.149542	-0.202335	0.249608	0.018586	-0.033754	-0.049399	0.088678	-0.108573	-0.086049	-0.055226	0.100937	-0.052691	-0.040683	-0.033743	-0.114175	-0.077852	0.082989	0.080789	0.045565	0.078824	-0.038449	0.070845	-0.141462	-0.057045	-0.064986	0.112793	-0.023406	0.131328	0.024576	-0.043254	-0.054583	-0.008769	0.012694	0.046306	-0.002827	0.080295	0.054626	0.001112	-0.069663	-0.018513	-0.111549	-0.104197	0.019533	-0.021145	-0.039718	0.016913	-0.033134	0.035593	-0.030618	-0.009627	-0.008520	-0.102851	0.004764	0.010439	-0.054319	-0.017804	-0.029573	0.015506	0.037162	0.010811	-0.047553	0.033719	0.016583	-0.031769	0.022079	0.005855	-0.034424	0.005677	-0.017734	0.025099	0.024247	-0.000525	0.003151	-0.038222	-0.032955	0.003308	-0.005089	-0.017234	-0.040058	-0.036739	-0.010403	-0.015104	-0.024515	0.000356	0.003272	0.009500	-0.015994	-0.008370	-0.008487	-0.001546	-0.023620	0.014356	-0.025042	-0.002531	-0.028969	-0.030908	0.012359	-0.008863	-0.037838	-0.004691	-0.010108	-0.006022	-0.000366	0.009278	-0.016603	0.010885	0.022757	0.004535	0.005588	0.017045	-0.009519	-0.006032	0.005090	0.013537	0.015780	0.017982	0.002757	0.016287
-0.793374	-0.241399	-0.616901	-0.337132	0.014619	-0.455960	0.006226	0.017228	-0.133851	0.085441	0.067656	-0.049648	0.229422	0.241095	0.006214	0.340923	0.018109	0.009455	-0.107424	-0.002583	-0.051090	0.140958	0.132601	0.125193	-0.001606	-0.106604	-0.010888	0.054373	0.096856	0.013050	-0.033016	0.028696	0.019991	-0.066865	-0.056599	-0.112470	-0.010913	0.018762	0.031893	0.034723	0.065260	0.003343	0.036461	-0.136222	0.116304	-0.093945	0.078976	-0.007004	0.021121	-0.103414	-0.024604	0.000068	0.102096	0.062407	0.016667	0.015387	-0.071413	0.000885	0.008083	-0.035161	0.050467	0.007407	-0.049666	-0.033416	0.005782	0.022559	0.045521	-0.097727	-0.007538	0.035055	-0.023642	0.012761	-0.026526	0.015210	-0.040765	0.085190	0.008824	-0.076109	0.017529	-0.002842	-0.026685	-0.069879	0.054108	0.015671	0.001169	-0.000430	-0.037031	-0.004858	0.022317	0.017286	0.045840	-0.036730	0.009775	-0.016409	-0.011332	-0.011393	0.034903	0.010277	0.022979	-0.037554	-0.004132	0.038801	-0.009971	-0.034972	0.007874	0.019117	0.014236	-0.004226	0.015112	-0.045058	-0.031520	-0.002530	-0.014777	-0.005761	-0.016063	-0.000952	-0.025603	-0.011715	0.024984	0.014420	-0.049805	0.005561	-0.005735	-0.035070	0.001661	-0.010919	0.034722	0.003077
-0.648333	-0.094191	-0.534864	-0.289333	-0.012492	-0.354941	0.016313	0.022584	-0.028502	0.008108	0.033456	-0.021225	0.292190	0.174906	0.004656	0.413085	0.040922	0.026981	-0.133415	-0.061312	0.005741	0.217211	0.156330	0.124842	0.009089	-0.112449	-0.065095	0.011112	0.091702	-0.029182	-0.012674	0.025785	0.007389	-0.006723	-0.078362	-0.084917	0.023682	0.013751	0.036086	0.011226	0.042490	0.040063	0.037537	-0.172107	0.090176	-0.088048	0.108995	0.043104	0.002653	-0.138094	0.014771	-0.010651	0.140504	0.021380	0.052853	0.064676	-0.034363	-0.026351	-0.000498	-0.005416	0.022058	0.008256	-0.041475	-0.035146	0.010252	0.017217	-0.004360	-0.076068	-0.015500	0.046018	-0.027484	0.038412	-0.027178	0.034750	-0.035378	0.032492	0.002455	-0.055639	0.009171	-0.013865	-0.005368	0.005409	0.007927	0.022863	0.024054	0.011849	-0.041225	0.004652	0.015269	0.017486	0.035178	-0.035606	-0.023858	0.002302	-0.022193	0.000581	0.034144	0.009531	0.021221	-0.019185	0.014880	-0.033865	-0.012023	-0.011312	-0.008945	0.035175	0.031122	-0.010556	0.039284	-0.017187	-0.013553	-0.002502	-0.012250	-0.003670	-0.011856	0.001090	-0.044169	0.011469	-0.001687	0.019052	-0.017800	-0.002628	-0.004807	-0.028289	0.008505	-0.015136	0.013779	0.001995
-0.472972	-0.510432	-0.019576	0.007787	0.095944	-0.111361	0.327333	0.316131	-0.124500	-0.097884	0.103951	-0.090816	0.228080	0.038419	0.165493	0.021611	0.010885	0.084714	-0.124549	0.016940	-0.064310	0.196503	-0.095008	0.093367	-0.038936	-0.012495	0.025932	-0.021753	0.001043	-0.060092	0.051551	0.054056	-0.053117	0.039641	0.043699	0.073370	0.027539	-0.055523	-0.082826	0.003193	0.009464	0.073357	0.031796	-0.043233	0.020017	-0.061198	-0.056073	0.026995	0.000995	0.011309	0.057613	0.067931	0.036929	0.041023	0.058724	0.003897	-0.004938	-0.054852	0.002107	0.039366	0.001515	-0.061909	0.071400	-0.028750	-0.019168	-0.101157	-0.033427	0.077984	0.032784	0.019339	0.024401	0.060651	-0.020863	-0.043612	0.022529	0.069959	-0.006724	0.000140	-0.014109	-0.037709	0.042033	-0.058561	0.017940	0.035226	0.009835	-0.014742	0.048304	0.010178	0.003981	0.011506	-0.044589	0.032351	0.021369	0.056499	-0.011925	-0.037762	0.014298	-0.046974	0.011088	-0.028336	-0.075056	-0.020153	0.002998	0.027598	0.025026	0.019441	0.000811	-0.046795	0.025343	0.020087	-0.008235	0.041843	0.010999	0.004806	0.032738	-0.021358	0.011094	-0.054861	-0.032914	-0.013160	0.004568	-0.005473	-0.023584	-0.009714	-0.010808	0.018789	-0.029646	0.007111
-0.692735	0.349157	-0.347315	0.065973	0.094569	0.505558	-0.048336	-0.247469	0.409742	0.090026	0.107389	0.030359	0.055010	0.265174	0.124938	-0.043441	0.083551	-0.055535	0.058370	-0.151162	0.009995	-0.014483	0.146089	-0.001920	-0.142154	0.139249	-0.126413	-0.020527	0.218235	-0.053544	-0.102269	-0.116896	0.050495	-0.022777	-0.088493	-0.202755	0.063458	-0.024448	-0.111030	0.045524	-0.026146	0.031982	0.079822	0.121002	0.029891	0.173334	-0.059360	-0.011203	-0.009827	-0.080354	-0.009449	0.146333	0.058381	0.122315	-0.008733	0.099571	-0.048560	0.110167	0.105599	-0.054951	0.069072	-0.079483	-0.044576	-0.093721	-0.022329	-0.040169	-0.093176	-0.069634	0.009662	0.026339	0.039932	-0.125624	0.061218	0.008016	0.071060	-0.165731	-0.023655	-0.024242	-0.020526	0.068405	-0.009593	-0.008850	0.093060	-0.080210	-0.000599	0.026319	0.083131	0.042004	-0.020866	-0.008053	0.041451	0.007844	-0.044517	-0.007987	0.025448	-0.067011	0.083001	0.018445	0.076425	-0.001362	-0.118697	-0.063615	0.086885	0.029426	-0.100079	-0.037840	-0.015111	0.067044	-0.053495	-0.041595	0.045036	0.031174	0.006340	-0.011919	-0.013055	0.003812	-0.051173	-0.024598	0.010315	-0.005412	0.013591	-0.021909	-0.038788	-0.013974	0.010324	0.006673	-0.024519	-0.010525
-0.963182	-0.172935	-0.555577	-0.355260	-0.008848	-0.414539	0.000787	0.012442	-0.068810	0.034934	0.035282	-0.019764	0.271188	0.199363	0.006278	0.409080	0.023778	0.048873	-0.108382	-0.066952	-0.004652	0.181032	0.185099	0.149999	0.008629	-0.115047	-0.082942	0.016081	0.085114	-0.033843	-0.015120	0.035487	-0.004769	0.010322	-0.097261	-0.093888	0.012307	0.010473	0.040323	-0.019325	0.057846	0.071268	0.012603	-0.173048	0.071220	-0.076006	0.118894	0.027684	-0.016872	-0.136652	0.026096	-0.015097	0.143600	0.033809	0.016473	0.085105	-0.052761	-0.024056	0.003353	-0.030310	0.021337	0.019773	-0.027727	-0.057579	0.001333	0.046956	0.036206	-0.091716	-0.023019	0.038456	-0.028339	0.022338	-0.014515	0.009011	-0.037303	0.027140	-0.005247	-0.055186	0.014447	-0.009238	-0.009143	-0.001191	0.012245	0.020638	0.018522	0.015952	-0.039442	0.006534	0.019612	0.021175	0.021947	-0.047242	-0.005527	-0.000692	-0.029019	-0.005970	0.032786	0.010492	0.037338	-0.013397	0.020738	-0.026835	-0.011266	-0.016120	0.000296	0.013994	0.026570	-0.011108	0.033506	-0.016777	-0.022437	0.011816	-0.004258	-0.001828	-0.012987	-0.004308	-0.050664	-0.002625	0.005002	0.008422	-0.028468	-0.006658	-0.012918	-0.028318	0.011557	-0.019169	0.015583	0.004195
-0.697950	0.723656	-0.034132	-0.394353	-0.010289	0.044482	0.292648	-0.007881	-0.193379	0.015058	0.233748	-0.159932	-0.137821	-0.039371	-0.020908	-0.209240	0.064968	-0.124991	-0.202343	-0.015306	-0.010099	-0.014012	0.006371	0.115410	-0.053739	0.090516	0.091426	0.078684	-0.056664	0.159532	0.035854	0.044844	-0.081183	-0.008772	0.159396	0.093352	-0.062414	-0.016614	0.029115	0.063925	0.022321	-0.049174	0.019058	0.034036	0.018329	-0.064514	-0.065730	0.024312	-0.059953	0.045775	0.021315	-0.028000	0.010816	-0.046007	0.019406	0.020671	0.063069	-0.029823	0.032881	0.028359	0.020660	-0.026068	-0.067500	0.019095	0.028171	-0.054100	-0.025675	0.014526	0.043704	-0.012215	0.006570	0.083999	-0.031382	0.042379	0.022728	0.046604	0.060873	-0.024516	0.024770	0.028609	-0.002689	0.045868	0.032258	0.014402	-0.017368	-0.013330	0.008969	-0.020465	-0.043143	-0.006716	0.025770	0.016983	-0.004910	0.058166	0.021607	0.008712	-0.041584	-0.036176	-0.026164	0.084765	-0.004509	-0.036714	0.042274	-0.034121	0.038737	0.013041	0.026016	0.012697	0.058533	-0.006662	-0.002119	-0.010712	0.051099	-0.025409	0.029765	0.008956	0.005632	-0.088155	-0.005058	0.005650	0.025332	0.058448	-0.042752	-0.045479	-0.014756	0.009807	-0.036368	-0.005540
-0.774527	-0.629201	0.343807	-0.062637	0.062326	-0.418020	0.155072	0.360861	-0.140827	-0.094873	-0.007583	-0.080988	0.249293	0.148235	0.088704	0.075284	-0.046304	-0.026200	-0.117736	-0.033706	-0.115042	0.311672	-0.092085	0.013929	-0.101195	0.035205	-0.084352	-0.050486	0.080592	-0.097720	0.051464	0.130738	-0.068855	0.048351	0.022362	0.098574	0.103042	-0.031477	-0.138358	-0.015641	-0.075199	0.120753	0.060084	0.028523	0.053262	-0.033825	-0.049574	0.033059	-0.004749	-0.016110	0.035927	0.073584	0.077899	0.084536	0.024872	-0.021519	0.031548	-0.033677	0.003821	0.044312	0.002086	0.000725	0.041292	-0.060142	-0.009902	-0.050847	-0.035128	0.050974	-0.001786	-0.001079	0.043697	0.083912	0.001649	-0.036183	-0.009150	0.043796	-0.013799	0.029655	0.018018	0.016463	0.050551	0.015560	-0.032075	0.033173	-0.018109	-0.058052	0.009170	0.015202	-0.003828	0.006984	-0.060858	0.045905	-0.004253	0.040225	-0.043008	-0.020063	-0.020404	-0.051392	-0.030636	-0.028391	-0.029957	-0.025865	0.006593	0.050998	0.006937	0.004432	0.010188	-0.077104	0.020217	0.026039	0.040375	0.014302	-0.012202	0.017155	0.028564	0.006618	0.010486	-0.031918	-0.035170	-0.017977	0.035435	-0.021561	-0.000978	-0.003627	-0.016719	-0.007493	-0.012634	0.003757
2.452206	1.109009	-0.245389	-0.393829	0.172526	-0.276899	0.200110	-0.130605	0.131804	-0.175945	-0.333461	0.284433	0.163355	-0.230458	-0.187637	0.051919	-0.167541	-0.053639	-0.013331	0.029003	0.214120	0.025379	-0.174934	-0.005210	-0.052704	0.205324	-0.111319	-0.045687	0.194655	0.154065	-0.174107	-0.004763	0.043940	0.043076	-0.105469	-0.036761	0.002002	-0.040996	0.095027	-0.067964	0.023247	0.040938	-0.040383	-0.008512	-0.012097	-0.006487	-0.066390	0.013341	-0.054292	0.024733	0.017688	-0.019819	-0.020991	-0.008051	0.027993	0.010253	-0.024690	-0.063176	-0.002437	0.038173	0.057207	0.012844	-0.019503	0.010311	-0.075244	-0.006083	0.047160	0.061305	0.018235	-0.024513	-0.005568	-0.000844	-0.011766	-0.014064	-0.079233	-0.008687	0.044117	0.023706	-0.028969	-0.052738	-0.017420	-0.030646	-0.044920	-0.030400	-0.046856	-0.027681	-0.014618	0.057403	0.008791	-0.008016	-0.006618	0.004661	-0.000692	0.008730	-0.005044	-0.024023	-0.004375	-0.003793	-0.015453	-0.004578	-0.016154	0.007354	0.009759	-0.009190	0.009417	0.002353	-0.028845	0.003585	0.002827	-0.026911	0.010025	-0.006491	0.004047	-0.018080	-0.003701	0.025454	-0.016486	-0.001602	0.016827	0.021059	0.003042	0.003927	-0.023020	-0.018641	0.013704	0.012159	0.006299	-0.006561
-1.010422	0.256100	0.005856	0.821274	0.153995	0.247135	-0.249371	-0.286336	-0.265226	0.082491	0.141120	0.044266	0.263371	-0.182169	-0.046950	0.003637	0.066824	-0.051291	0.088292	0.077424	0.100095	0.126571	-0.099946	-0.080007	-0.119403	0.124220	0.079693	-0.075389	0.045147	-0.052797	-0.036234	-0.088896	-0.016034	0.129735	-0.003735	0.092446	-0.000246	0.072131	0.100517	0.137375	-0.109392	0.046237	0.019339	0.056742	-0.064835	-0.000399	-0.019913	0.140858	0.136054	-0.069096	0.193042	-0.016373	0.039718	-0.087450	-0.095855	0.054407	-0.030342	0.033699	0.068969	-0.030166	-0.037429	-0.064356	0.078148	0.031945	-0.041304	-0.071390	0.070627	-0.073103	-0.065164	0.054312	-0.025067	0.020253	0.065663	0.024114	0.003942	-0.028637	-0.001695	-0.026473	0.042381	-0.033104	-0.077421	-0.082790	-0.067560	0.079050	-0.038283	0.033962	-0.010964	0.006078	0.051178	0.066723	-0.041301	-0.006795	-0.052496	0.008665	0.018514	0.062001	0.018448	0.046769	-0.022288	0.046533	0.009030	-0.003044	0.019885	-0.005802	0.007394	0.047166	0.005875	0.037755	-0.024307	-0.032502	-0.039456	-0.041120	0.025193	0.026039	0.003764	-0.032570	0.013609	0.013680	0.004720	0.000763	0.005681	-0.016559	-0.018680	0.015569	-0.015790	0.014089	0.001758	-0.027078
-1.628794	-0.295783	-0.086768	-0.002288	-0.140252	0.297498	0.056801	-0.106857	-0.046671	-0.167103	0.091701	0.025219	-0.134735	0.177509	-0.087160	0.019673	-0.047758	0.028276	-0.038967	0.080155	0.063847	-0.177115	0.013865	0.033722	-0.142695	0.033577	-0.161075	0.097666	0.147466	-0.143881	0.062301	-0.046435	-0.034114	-0.158524	-0.052593	-0.086379	0.049761	-0.022165	-0.067926	0.066318	0.026953	0.074987	0.008715	0.044255	0.008046	0.056346	0.021171	0.004316	0.020118	0.082299	0.001774	-0.036127	-0.035955	0.029008	0.031671	0.012042	0.048629	-0.022864	-0.019137	-0.077960	0.055650	-0.029053	-0.077217	0.027696	-0.052336	-0.049878	-0.036173	0.005311	-0.001539	0.040619	0.040148	-0.087157	-0.004211	-0.047972	0.069104	0.007429	-0.110436	-0.007712	0.050581	-0.013837	0.021954	-0.014366	0.056283	-0.033538	-0.018367	-0.067924	0.037854	0.038893	0.006513	0.010669	-0.022839	0.068358	-0.081344	-0.016619	-0.036750	0.013610	-0.077334	0.014996	0.017388	0.030635	0.040940	0.021113	-0.048187	-0.026937	-0.017838	-0.023592	0.051539	-0.013801	0.044215	0.033860	0.042862	-0.038375	0.054284	-0.041225	-0.004824	0.006924	-0.046697	0.019771	0.001062	-0.031266	-0.016827	0.044058	0.038132	0.034617	0.014198	-0.020774	-0.010058	-0.022955
-1.713584	-0.901893	-0.196790	0.039031	-0.078429	0.395271	0.097406	-0.289368	-0.297491	0.052371	0.072971	0.094375	0.043869	0.350586	-0.117648	0.078274	-0.124590	0.247189	0.004587	0.067906	0.123761	-0.104106	-0.072853	0.063614	0.004390	-0.123805	-0.179255	-0.052670	0.205354	-0.070597	0.050088	0.014482	0.082949	-0.036660	-0.007009	-0.007948	0.022629	0.103105	-0.045071	0.054648	-0.016364	-0.007299	0.075632	0.054247	-0.048440	-0.004755	-0.120231	-0.084163	0.005017	-0.061248	0.053506	0.032348	-0.036853	0.004475	-0.117399	0.017094	-0.014531	0.038678	-0.004151	-0.017117	0.063156	-0.112372	-0.025104	0.073725	0.017189	0.053768	-0.025008	0.050185	-0.014364	-0.002985	0.074467	-0.024537	0.079925	-0.021130	0.020822	0.072418	0.018736	-0.068475	0.040505	-0.079070	0.000441	-0.009180	0.093110	0.096126	-0.007250	-0.114121	0.073226	-0.028673	0.076653	-0.002303	-0.042911	0.067825	-0.068138	-0.105215	-0.080062	-0.037907	-0.080067	0.009682	0.029950	0.055547	-0.039961	-0.031466	-0.038297	-0.015851	0.033915	-0.106321	0.003956	0.090377	0.030848	0.068583	-0.027208	-0.042842	0.041397	0.004387	0.034030	0.053024	-0.021167	0.039020	-0.013421	0.003291	0.054270	0.015925	-0.022315	-0.027251	0.076513	0.030751	0.011604	0.038061
-0.898038	-0.424151	-0.121351	0.378174	-0.128078	0.428157	0.067115	0.081811	0.085528	0.016165	-0.085246	0.016286	0.004725	0.161786	0.000494	-0.062406	0.028943	0.065500	0.034400	0.039827	0.075067	0.042762	0.052141	-0.010904	-0.100143	0.069626	-0.121594	-0.020817	-0.070267	-0.011658	0.023363	-0.062430	0.023702	-0.085553	-0.013591	-0.040893	0.021440	0.022366	0.040931	0.110668	-0.043236	0.075600	0.037101	-0.057232	-0.049288	-0.017681	0.004310	0.019526	0.039432	0.043162	-0.003710	0.015952	0.013192	0.075934	0.082758	0.100233	-0.035159	0.019903	-0.026733	0.064926	0.070636	-0.102876	-0.031460	0.167503	0.029759	-0.034784	0.016297	0.047180	-0.011649	0.008862	0.084689	-0.116909	0.022686	-0.015443	0.050786	0.065588	-0.000849	-0.001889	-0.063460	-0.021653	0.030620	0.012456	0.040871	-0.018967	-0.060741	-0.041917	-0.030046	0.033812	0.071440	-0.017940	-0.018669	-0.021816	0.011959	0.043615	-0.015227	0.087777	-0.029733	-0.049021	-0.126441	-0.038954	0.023074	0.037654	-0.032877	-0.015293	-0.085889	0.020867	-0.052758	-0.049794	0.025419	-0.029604	0.008275	0.038979	0.056803	0.008818	0.003896	0.066004	0.023433	-0.008979	0.025195	0.001531	-0.024052	-0.013227	0.031894	0.020512	0.015023	-0.003898	0.032397	0.010784
-1.647348	-0.960815	-0.201958	0.029904	-0.043936	0.443093	0.118340	-0.294863	-0.283448	0.062352	0.082262	0.145611	0.063969	0.279570	-0.107290	0.081544	-0.139309	0.193863	-0.018599	0.012794	0.185698	-0.106760	-0.080768	0.096009	-0.009549	-0.131437	-0.150063	-0.040473	0.158778	-0.047034	0.024269	0.016260	0.078393	-0.040663	-0.029468	-0.045905	0.030554	0.078599	-0.026063	0.033400	-0.023648	0.020898	0.071656	0.067296	-0.065555	-0.018941	-0.079874	-0.103713	0.015039	-0.045745	0.092163	0.048815	-0.034937	0.002454	-0.128861	0.020230	0.007497	0.043243	-0.017859	-0.016552	0.054505	-0.131934	-0.025458	0.067036	0.026919	0.078370	-0.010633	0.041999	-0.024747	0.008984	0.092700	-0.038070	0.093683	-0.035122	0.011173	0.086357	0.015864	-0.063572	0.018243	-0.073248	0.003222	-0.014555	0.095885	0.106101	-0.004550	-0.121476	0.075001	-0.029044	0.081739	0.007906	-0.061851	0.072628	-0.061247	-0.095910	-0.069949	-0.035887	-0.071420	-0.006688	0.032698	0.044096	-0.052541	-0.028599	-0.043251	-0.016478	0.036084	-0.110192	0.010014	0.096973	0.024827	0.070172	-0.031448	-0.030185	0.042961	0.001922	0.040521	0.054400	-0.032938	0.035976	-0.032343	-0.000759	0.044728	0.013625	-0.028712	-0.024528	0.068205	0.027630	0.013273	0.038878
-0.648760	0.673621	-0.002443	-0.192309	-0.004036	0.127365	0.356299	-0.163167	-0.430668	-0.208567	0.060281	-0.179628	-0.207560	0.104946	0.078258	-0.013223	0.150224	0.012720	0.063553	0.051552	-0.156559	-0.020468	-0.063693	-0.123438	-0.000798	-0.066530	0.045036	0.003925	0.084407	-0.051876	0.007982	0.000002	0.089598	-0.046469	-0.050986	0.070706	0.098018	-0.003750	-0.057505	-0.000570	0.020661	-0.023527	-0.112460	0.059132	0.019188	-0.051857	-0.034612	0.038397	0.041116	-0.049179	0.015253	0.040082	-0.021912	-0.048358	-0.005237	-0.043296	-0.045835	-0.062574	-0.028857	-0.020177	0.059866	-0.029762	0.027855	-0.012576	-0.016563	0.033657	-0.013185	-0.024990	0.002037	-0.086343	-0.024591	-0.029823	0.039314	0.011959	-0.034295	-0.009802	-0.033620	0.060455	0.022804	-0.000654	-0.004340	0.034111	-0.012960	-0.040065	-0.006998	-0.040366	0.007054	-0.004765	0.022491	-0.018629	0.050047	-0.024743	-0.060890	-0.068004	0.004124	-0.009082	-0.063227	-0.015932	0.009898	0.005463	-0.022622	0.048639	0.013865	-0.033262	-0.006583	0.005704	-0.014904	-0.053230	0.003758	-0.053370	-0.011258	-0.004337	-0.031395	0.014023	-0.021959	-0.006523	-0.009610	-0.005261	-0.014365	0.032008	-0.010047	-0.027038	-0.005392	-0.010185	0.027596	0.003758	-0.001181	0.033252
0.924420	1.515170	0.326611	0.065185	-0.425843	0.166015	-0.500653	-0.035488	0.194713	-0.303951	0.284656	0.007866	0.071335	0.203580	-0.124921	-0.100802	-0.140636	0.058091	0.168901	-0.072651	-0.023266	0.021177	0.010197	0.079664	-0.007690	-0.103411	0.113345	-0.119852	-0.016957	0.021077	-0.079572	0.011418	-0.014523	0.024630	0.058412	0.040310	0.039975	-0.073077	-0.127040	-0.088037	0.028382	-0.011655	0.018612	-0.012014	-0.069756	-0.035779	0.077719	0.013549	-0.069519	-0.045845	-0.021363	0.070043	0.048471	0.013558	-0.020890	0.031765	0.012767	0.007997	0.095709	0.020461	0.034434	0.032152	-0.021302	0.071839	0.012456	0.049481	-0.016242	-0.028236	-0.007732	0.030314	0.013224	-0.012893	0.036731	-0.038754	-0.001519	-0.034142	0.058398	0.055623	0.021383	0.022924	0.064908	0.007993	-0.000915	0.003336	-0.015117	-0.004913	0.014458	-0.009839	-0.016156	0.031301	-0.055607	-0.024517	-0.002187	-0.001910	0.015533	-0.006946	0.024829	0.013502	-0.014104	0.034172	0.019616	0.026836	0.009040	-0.024343	-0.023814	-0.016468	-0.000667	-0.013770	0.015278	-0.020456	-0.002054	0.000839	-0.007992	0.076586	0.024725	0.032384	-0.019927	-0.025167	0.023860	-0.009544	0.004027	-0.021437	-0.012460	-0.027585	-0.016354	-0.014292	0.039893	-0.018748
1.349776	-1.101947	0.942674	0.332863	-0.093697	-0.451772	0.221660	0.159835	-0.022830	-0.295233	-0.268959	0.054556	-0.029222	0.211028	-0.086194	0.008017	0.070381	-0.014130	0.039629	-0.276539	-0.039460	-0.092701	0.066339	0.035642	-0.049245	0.033673	0.000480	0.047943	-0.043186	-0.050024	-0.000888	-0.102498	0.062514	-0.085841	-0.012668	-0.003523	-0.081275	0.049133	0.031751	0.046727	0.045640	-0.097087	-0.086854	0.105624	0.008974	-0.075957	0.049221	0.046548	0.098602	-0.031463	-0.165491	0.000211	-0.085974	0.093466	-0.011914	0.095175	-0.007050	-0.020252	0.078691	0.119603	0.029016	-0.080305	0.032407	-0.007637	0.001286	-0.093112	0.059530	-0.114894	0.072735	0.021371	-0.031556	-0.100991	-0.011765	0.101789	0.055171	0.018581	0.036800	0.046553	-0.014203	0.038814	-0.080906	-0.055790	0.026685	0.006447	-0.017420	0.001849	0.016332	0.076449	-0.089174	-0.049850	-0.032375	0.001964	-0.007333	0.094020	0.024109	-0.073249	0.019842	-0.000220	-0.052156	0.097814	0.040166	-0.064768	-0.001339	0.042231	0.080352	-0.124865	0.033474	0.000219	0.096298	0.008284	-0.076603	-0.000550	-0.080651	-0.010590	-0.002226	-0.029348	0.041768	0.066705	0.001077	-0.014829	0.042068	-0.017818	0.015399	-0.008359	-0.020452	0.037034	0.095258	-0.001753
1.747627	0.475520	0.441578	-0.221968	-0.480408	0.227694	-0.435728	0.230310	-0.150780	-0.238539	-0.054197	0.271864	0.112092	-0.114943	-0.009325	-0.067708	0.106414	0.185830	-0.104942	-0.069885	-0.098435	0.041838	0.048184	-0.037332	-0.081924	-0.003710	-0.099325	0.152230	-0.090870	-0.044010	-0.007996	0.040002	-0.110427	-0.034779	-0.090567	-0.096886	0.084123	0.090597	-0.004836	0.005839	-0.064787	-0.016957	0.018773	-0.108549	0.029515	-0.037312	-0.005273	-0.024768	0.004057	-0.012935	0.010558	0.032024	0.007077	-0.042230	0.014213	-0.031935	-0.044948	-0.003493	-0.090543	0.018994	-0.109541	-0.048574	0.049114	-0.057325	-0.043858	-0.006491	-0.051064	0.016504	-0.049256	-0.015561	-0.000790	-0.028325	-0.042069	0.029571	0.005028	-0.061471	0.002432	-0.025578	-0.041213	-0.037094	-0.016522	-0.007369	-0.002975	0.027050	-0.024797	-0.037604	-0.047869	0.015792	-0.025275	0.008928	0.005814	-0.022434	0.058219	-0.051101	-0.005967	0.013222	-0.030877	0.007954	-0.018954	0.024710	-0.028663	-0.000125	-0.022002	-0.017566	-0.012678	0.003713	-0.024259	0.029161	0.002228	0.005501	0.017424	-0.019259	0.004096	0.003753	-0.025315	-0.017612	0.002386	0.002856	-0.001428	0.009833	-0.006113	-0.011213	0.018876	0.012043	0.018524	-0.009165	0.005146	0.017373
-0.345932	0.370107	0.674908	0.315573	-0.334195	0.459878	0.107990	0.108346	0.162553	0.240111	0.059379	-0.127189	0.026735	0.181117	0.014496	-0.158569	0.007136	0.142875	0.139927	-0.047548	-0.089805	-0.076447	0.108435	-0.038646	-0.110989	0.054604	-0.170569	-0.026783	-0.004112	-0.165231	0.099581	0.106344	0.030726	0.070917	0.068488	0.115257	0.052789	0.012128	0.224517	0.076015	-0.083747	0.041123	-0.119832	-0.009527	0.101754	-0.053737	-0.115952	-0.110691	-0.175831	0.069277	-0.019666	-0.042165	0.193807	0.004528	0.011009	0.114023	-0.031963	0.018302	-0.016938	-0.150117	0.020792	-0.005325	-0.090659	0.031714	0.009954	-0.079854	0.104957	-0.025428	0.044960	0.097416	0.081215	-0.013269	0.049823	0.085853	-0.058173	-0.029802	-0.001370	0.024259	-0.045643	0.118198	0.005568	-0.097304	-0.039505	-0.063093	0.078533	-0.007757	-0.042090	0.091852	-0.018844	0.078277	0.019728	0.052501	0.031676	0.007921	-0.006642	-0.085090	-0.000378	-0.008896	0.061339	-0.080477	0.081474	0.020786	0.002434	-0.048538	0.073203	0.031830	0.002426	-0.059651	0.003141	-0.011612	-0.026401	0.011497	0.007641	0.065235	-0.083389	-0.003957	-0.036412	-0.000086	-0.016824	0.057115	0.090728	0.026751	0.031284	-0.004387	0.006081	0.042084	-0.021517	-0.017433
-0.348351	0.369437	0.651149	0.324168	-0.335254	0.476411	0.115138	0.103235	0.171596	0.239063	0.071356	-0.133462	0.039096	0.190880	0.004201	-0.145413	0.000286	0.148016	0.146417	-0.058878	-0.081016	-0.069867	0.118306	-0.040938	-0.120125	0.053911	-0.185280	-0.044552	0.001897	-0.180654	0.108294	0.107353	0.028750	0.072987	0.065684	0.121135	0.057910	0.012225	0.225259	0.073024	-0.085309	0.045951	-0.124387	-0.011104	0.103928	-0.050093	-0.122487	-0.114282	-0.183546	0.072646	-0.018110	-0.054509	0.193589	0.004636	0.004986	0.116536	-0.024388	0.010738	-0.019165	-0.158058	0.020138	-0.001463	-0.084023	0.024021	0.013208	-0.075039	0.107033	-0.027273	0.043820	0.092623	0.078682	-0.005887	0.048388	0.081704	-0.058511	-0.032926	-0.001928	0.025665	-0.046141	0.123481	0.007574	-0.099208	-0.048759	-0.062371	0.075135	-0.008922	-0.043246	0.095731	-0.016711	0.074959	0.020440	0.053310	0.029347	0.004730	-0.009768	-0.085765	-0.002548	-0.012535	0.062307	-0.078421	0.090885	0.018210	0.000553	-0.047088	0.071660	0.029372	0.007559	-0.063762	0.002741	-0.004866	-0.021875	0.014586	0.010627	0.057672	-0.082934	-0.005916	-0.039780	0.001493	-0.015144	0.054280	0.092190	0.027356	0.029672	-0.000937	0.006915	0.039517	-0.020880	-0.018258
0.024324	0.934659	-0.002795	-0.032155	-0.022240	0.110856	0.358790	0.203361	-0.130736	-0.045511	0.362006	-0.073401	0.132876	0.068416	-0.010719	-0.049774	0.004951	-0.093900	-0.156832	0.078377	0.081719	-0.095141	0.144833	0.094703	-0.092861	0.202789	0.017604	0.077879	-0.012412	0.081135	0.004216	-0.078266	-0.170001	0.002156	-0.075774	0.181877	-0.084033	-0.114049	0.137711	0.103602	-0.030996	-0.073495	0.022012	0.032003	0.042897	-0.120478	0.087348	0.017610	0.046138	-0.031420	-0.037321	-0.050610	-0.009776	0.016604	0.016119	-0.079667	-0.034123	-0.000742	-0.044275	-0.012285	-0.017665	0.035968	-0.039073	-0.039634	0.059379	-0.015382	0.049864	0.035997	-0.027297	-0.005226	0.071824	-0.017018	0.024209	-0.003005	-0.008707	0.039423	-0.016096	-0.015443	0.051615	-0.041070	-0.021970	-0.007256	0.004631	0.054330	0.028385	-0.007007	0.036632	-0.087720	0.015028	0.039346	0.045119	0.029965	0.003362	0.002751	0.022318	-0.002012	-0.034543	-0.017125	-0.005466	0.023417	0.001822	-0.043675	0.084072	0.041821	0.021958	-0.035010	-0.003886	0.018932	-0.033553	0.023660	0.036875	-0.005633	-0.013367	-0.051532	-0.000895	-0.016123	-0.010432	-0.066674	-0.004899	-0.015771	-0.000295	-0.030359	-0.048310	-0.021767	-0.015989	0.010230	-0.025800	0.003315
-0.746841	0.082739	0.112234	0.473318	0.221224	0.089586	-0.224166	-0.453385	-0.424306	0.100153	0.119190	0.233299	0.145678	-0.097288	-0.032351	-0.015934	-0.049924	-0.037124	-0.038802	0.028935	-0.041684	0.042357	0.081148	0.061158	-0.077130	0.054052	0.001849	-0.151614	0.014251	-0.041913	0.150195	-0.025236	-0.071732	0.010620	-0.039145	0.050889	0.068698	-0.004648	-0.043217	0.020659	0.022862	-0.100021	0.046343	-0.004301	-0.000653	0.123213	-0.041640	0.048380	-0.102177	-0.017944	0.012431	0.081254	-0.029398	-0.034908	0.033869	0.054704	0.083134	0.017679	-0.025434	-0.008575	-0.024984	-0.000575	0.004812	-0.035674	-0.043950	0.032807	-0.010886	0.018854	0.038230	0.028175	-0.087794	0.015283	-0.024094	0.071684	-0.009735	0.066120	0.073268	-0.024294	-0.075290	-0.037095	0.045200	0.052167	0.012185	-0.072310	0.018314	-0.016675	0.033299	0.040708	0.006190	0.031114	0.012518	-0.000742	0.007756	-0.002096	-0.045669	-0.010222	0.005668	0.031005	-0.028069	0.076523	0.009877	-0.005764	-0.035892	0.012241	-0.002472	0.024839	0.083039	0.009424	-0.062752	0.040608	0.043330	0.036112	-0.047941	0.034276	0.016709	0.037100	-0.020635	0.029097	0.032954	0.015066	-0.016627	0.000152	0.055593	0.023719	0.015528	0.011514	0.000412	0.008749
0.346110	-0.525113	-0.177973	0.190210	0.419942	0.197522	-0.244614	0.382422	-0.083778	-0.126182	0.114929	-0.159721	-0.204075	0.170939	0.122781	0.242328	-0.101214	0.088859	0.237188	0.092156	0.022757	-0.084121	0.014570	0.249234	0.077608	0.156553	0.096857	0.015154	0.073014	0.166000	-0.067680	-0.027213	-0.093992	-0.031438	-0.035324	-0.029579	-0.035720	0.137219	0.034865	0.030052	0.068541	-0.022856	0.003335	-0.111026	-0.043768	-0.109037	0.056531	-0.023105	-0.048371	0.033545	0.065852	-0.007240	-0.026539	-0.064396	0.033745	-0.067459	-0.074698	0.009515	-0.065393	-0.012410	0.053468	0.012870	0.021235	-0.053130	-0.055568	-0.042798	0.006736	0.014111	-0.006721	-0.077666	-0.063358	-0.005393	0.067565	-0.020951	0.007914	0.008417	-0.018742	-0.017200	0.059261	0.008951	0.011810	0.078693	0.001930	-0.042793	0.064197	0.045288	-0.018542	0.033628	0.000867	0.034869	-0.006006	0.001585	-0.069741	-0.018614	0.019640	0.021211	0.023756	0.016805	-0.052562	0.014792	-0.085385	0.020677	0.006407	0.025739	-0.017018	0.018902	0.116781	-0.032187	-0.011649	0.017811	-0.028597	0.013817	0.051506	-0.041866	-0.044442	-0.013789	0.015376	-0.011138	-0.005630	0.025458	0.049586	0.013013	0.046611	-0.036112	0.008913	0.026627	-0.003117	-0.003359
1.152872	-0.840093	0.256951	0.165187	0.315094	0.055440	-0.270284	0.386701	-0.111182	-0.070247	0.041792	-0.216898	-0.226387	0.197931	0.122518	0.108604	-0.062237	0.073614	0.193055	0.126265	-0.000349	-0.032428	0.024153	0.190539	0.037713	0.147412	0.115657	0.057185	0.013171	0.206946	-0.113696	-0.024994	-0.053434	-0.043297	0.074413	-0.009046	-0.022170	0.135377	0.017889	0.001409	0.036034	-0.009536	-0.010131	-0.130575	-0.096962	-0.104095	0.002339	0.023840	-0.082836	0.035701	0.058208	-0.068513	-0.005524	-0.068479	0.037737	-0.041084	-0.068530	0.008998	-0.021533	0.024798	0.071857	0.048581	0.011277	-0.024953	-0.051710	-0.046694	-0.011871	0.002518	0.037145	-0.088781	-0.075732	0.006785	0.015285	0.007374	0.000064	-0.006822	-0.008877	-0.023097	0.038850	0.025011	0.020882	0.110166	0.007687	-0.051835	0.059362	0.031806	-0.049804	0.054723	0.017417	0.025410	-0.032049	-0.009904	-0.094939	-0.002067	0.034918	0.025935	0.037405	0.035641	-0.049366	0.022158	-0.090207	0.038923	0.008378	-0.009777	0.002239	-0.004206	0.069624	0.002349	0.014666	0.025680	-0.031663	0.014177	0.068572	-0.049488	-0.043544	-0.000058	-0.005559	0.004815	-0.015540	0.010840	0.048521	-0.014256	0.037614	-0.026699	0.009558	0.016190	0.000592	0.007648
-0.361988	0.337796	0.528177	-0.061364	-0.069712	0.209217	0.229684	0.200747	0.225999	0.534814	0.112397	-0.484772	-0.082665	-0.046523	-0.151755	0.268424	-0.514106	0.013905	0.222932	0.200611	-0.135480	-0.285151	0.026122	0.296566	0.184772	0.061680	0.066392	0.131176	-0.212323	-0.042938	-0.123956	0.087564	0.216736	-0.089088	-0.149436	-0.077594	-0.103032	0.103542	0.048963	-0.179840	-0.086117	0.082016	0.079075	-0.084145	0.021345	0.127689	0.072248	-0.063052	0.131910	0.108409	-0.028750	0.029795	0.039754	0.020703	-0.076151	0.108313	-0.036427	-0.019332	-0.005255	-0.001154	-0.121218	0.016127	-0.005519	0.058588	0.021827	-0.053025	-0.058065	0.022057	-0.007146	0.038802	0.040471	-0.008960	-0.012927	0.000606	-0.007696	-0.114802	0.021149	-0.043639	0.132909	0.053911	-0.035752	-0.112448	-0.062556	-0.011573	0.095885	0.039996	0.055612	0.026156	-0.035400	-0.034316	0.047260	0.032535	0.041243	-0.034669	-0.055637	0.031498	-0.083025	0.065748	-0.021027	0.048555	-0.059804	-0.053480	-0.028297	0.011707	0.019756	0.039923	-0.081071	-0.042983	0.069729	-0.020090	-0.052210	0.032758	0.034766	0.022121	0.038777	0.087570	0.007139	-0.034401	-0.045922	0.067688	0.010962	-0.031891	0.003368	-0.027989	0.040757	-0.040136	-0.060590	-0.001646
0.846474	-1.106615	-0.132536	0.226375	0.384891	-0.010307	-0.165884	0.375026	-0.100781	-0.145087	0.198360	-0.125792	-0.138095	0.153766	0.088091	0.094503	-0.085492	0.074511	0.148947	-0.037099	-0.002951	-0.110119	-0.027669	0.200376	-0.031647	0.133166	0.020931	-0.013338	0.033468	0.170826	-0.080816	-0.065817	-0.083362	-0.019550	-0.015317	0.024262	0.028005	0.046509	0.071806	0.025650	0.016096	0.057994	-0.037512	-0.064132	-0.028947	-0.035981	-0.073775	0.017758	-0.050848	0.046983	0.015298	-0.002069	-0.064217	-0.045421	0.001581	-0.037115	-0.023001	-0.013258	-0.040123	-0.028590	0.001540	0.013115	0.042505	-0.079824	-0.051384	-0.048380	0.015171	-0.003661	-0.008606	-0.077495	-0.039046	-0.011385	0.022303	-0.028830	-0.025511	0.006375	-0.010416	-0.025744	-0.003724	0.018760	0.023076	0.089108	0.025238	-0.034408	0.043333	0.004768	-0.038887	0.053521	0.025141	0.038170	-0.033287	-0.007952	-0.051042	-0.001023	0.010274	0.018869	0.027731	0.025305	-0.058334	0.017650	-0.086422	0.005919	0.026167	0.006075	-0.030057	0.001564	0.082727	-0.031712	0.018192	0.027058	-0.037972	0.017424	0.051118	0.010020	-0.028004	-0.028668	-0.000415	0.019889	-0.015852	0.020400	0.040935	0.024937	0.029818	-0.015383	0.020075	0.032451	-0.016075	0.006145
-0.600661	0.433711	-0.233646	-0.244443	-0.115184	0.096594	0.310021	-0.064657	-0.285955	-0.005028	0.062571	-0.237646	0.066584	0.218326	0.030112	0.193653	0.047727	-0.003152	-0.225633	-0.015777	-0.046402	0.029163	-0.102502	0.056062	0.020988	-0.017844	-0.011139	0.031960	-0.044514	0.005204	0.050159	0.031681	0.045462	-0.023182	-0.063974	0.029248	-0.033254	-0.054754	0.042654	-0.033890	0.077351	-0.033177	-0.076934	-0.058776	-0.020712	-0.093789	-0.014212	0.060062	0.023853	-0.031478	0.125561	0.067740	0.021041	0.011168	0.005761	0.019079	0.072501	-0.056905	-0.028246	0.069579	0.083037	-0.054469	0.099328	0.007454	0.013122	0.049967	-0.025172	0.041760	0.001796	0.069096	-0.032097	-0.004757	-0.019277	-0.014158	-0.031766	0.005328	0.027775	-0.055979	-0.059413	-0.001736	-0.000644	-0.007861	0.046160	-0.033570	0.013350	0.047933	0.009503	0.041281	-0.036244	-0.004625	-0.013615	-0.002877	-0.017192	0.030447	0.009076	0.015851	-0.020344	-0.000892	0.005297	-0.003531	0.012374	-0.003119	0.004401	0.004085	-0.036947	-0.043707	-0.051998	-0.006470	-0.002948	0.040767	-0.004698	-0.025388	0.023134	-0.014807	-0.048541	-0.011106	0.026969	0.013655	-0.005985	-0.003147	0.023859	0.025480	0.011327	0.042415	-0.038537	0.015193	0.016413	-0.014949
-0.464475	0.239590	-0.489581	-0.089649	0.187711	-0.222112	0.055183	0.219329	0.083996	0.220864	0.267061	0.244905	-0.022624	0.177256	0.022088	0.122121	-0.033829	-0.156157	0.057346	-0.028977	0.101207	0.036075	-0.161306	-0.064702	-0.061095	-0.140759	-0.014758	0.169872	-0.106537	-0.028818	0.026324	-0.103196	0.091867	0.106871	0.009974	-0.080925	-0.041653	-0.031064	0.002337	0.032564	-0.046904	0.034100	-0.137086	-0.006855	0.017562	-0.067448	-0.023669	-0.026211	0.024624	0.052072	-0.054326	-0.009137	0.009762	0.026568	0.029579	-0.005652	0.068688	-0.073799	-0.036586	-0.023227	-0.027487	-0.000462	-0.039817	-0.016967	0.017446	0.047654	0.059642	-0.027329	0.030157	-0.071244	0.018880	-0.027063	0.013053	-0.022540	0.116643	-0.037905	0.022874	0.057532	0.041645	0.011360	0.027680	-0.030864	-0.015701	-0.034393	0.019483	0.007266	0.006382	0.037709	-0.025929	0.020253	-0.020048	0.001605	-0.029567	0.008300	-0.044313	0.055468	0.014310	0.008365	-0.049645	0.016671	0.055706	-0.025185	-0.031371	0.040871	-0.010066	-0.006414	0.001456	0.041472	0.008114	-0.003001	0.012983	-0.001011	0.005250	0.009105	0.020248	-0.012592	-0.004762	0.020372	0.003965	-0.017371	0.011650	-0.005765	-0.023649	-0.007861	0.007998	0.013319	0.010134	0.017873
-0.391568	0.355904	-0.382866	-0.065862	0.247661	-0.224419	0.120485	0.215272	0.178889	0.213472	0.260964	0.341314	-0.027719	0.086295	0.068534	0.044580	0.036532	-0.076749	0.042925	0.009786	0.043161	0.131569	-0.235088	-0.002361	-0.001747	-0.120584	-0.009104	0.195650	-0.042433	-0.001330	0.070749	-0.074495	0.091360	0.127908	0.009358	0.000866	-0.048107	-0.058565	0.021899	0.026795	-0.040959	0.003872	-0.085656	-0.012702	-0.034133	-0.052701	-0.068197	-0.011570	0.033132	0.093654	-0.044901	-0.004006	-0.038817	0.002733	0.053999	-0.041418	0.048418	0.002556	0.003923	0.009302	-0.066272	-0.049885	-0.036415	-0.024661	-0.014811	0.002542	0.011152	-0.018389	0.011014	-0.017388	0.047586	-0.019083	-0.026348	-0.006265	0.123326	-0.023157	0.016800	0.023995	0.039879	-0.012963	0.011466	-0.018657	-0.046551	-0.064333	0.040182	0.011963	0.019560	0.029046	-0.054285	0.057940	-0.014218	0.018430	0.013671	0.036682	-0.048444	0.055883	0.029601	-0.003243	-0.028048	0.010162	0.003207	-0.009858	-0.004695	0.024980	0.022542	-0.015176	0.005944	0.038934	0.007168	-0.001287	-0.013097	-0.016738	-0.004119	0.005221	0.025378	-0.024978	-0.007762	0.021366	0.006265	-0.012895	0.005680	0.011927	-0.018334	-0.002977	-0.007513	0.009322	0.003714	0.018341
0.873471	0.574419	0.170795	0.076702	0.781902	-0.183893	-0.464916	0.153948	0.107005	0.006368	-0.182153	-0.172620	-0.102289	-0.020230	0.070570	0.024290	-0.064594	0.089220	-0.085394	0.044875	0.094721	-0.087440	0.046318	-0.073526	-0.033435	-0.081688	-0.048796	0.003598	0.017597	0.020742	0.063128	0.010779	0.011582	-0.033615	-0.022675	-0.011181	-0.103981	-0.019907	-0.013048	0.013080	0.029812	-0.023149	0.145450	0.007851	0.018209	-0.019766	0.027213	0.004239	-0.013721	-0.093075	-0.002825	-0.016765	-0.017808	-0.020977	0.024523	0.062823	0.035508	-0.008574	-0.004721	0.022888	-0.005865	-0.028680	-0.039917	0.026068	-0.004281	-0.013837	0.051331	-0.024391	-0.019564	0.008445	-0.057515	-0.027725	-0.007238	-0.006743	0.035406	-0.032818	0.022297	0.012327	0.007937	0.011543	0.003505	0.015430	-0.000375	0.008813	0.010804	-0.023563	0.022515	-0.022542	0.023326	-0.002899	0.012911	0.017322	-0.018639	0.004461	0.004076	-0.004138	-0.002426	-0.004634	-0.005466	-0.013101	0.017302	-0.022261	-0.009717	0.019993	-0.011039	0.037144	-0.018354	0.007852	-0.006808	0.006001	0.028434	-0.001705	-0.010758	0.005952	-0.003738	0.000131	0.000791	-0.008808	0.013470	0.019312	0.007490	-0.005157	0.013693	-0.000206	-0.017144	-0.020173	0.007465	-0.002304
2.455897	0.256013	0.025698	-0.186578	0.186133	0.087110	0.460001	0.084127	-0.359340	-0.029828	-0.197721	-0.108975	0.044934	0.018936	-0.079203	0.043744	-0.109311	0.044277	0.042407	0.080897	-0.076823	-0.026892	0.050032	-0.148876	-0.087789	-0.051056	-0.041846	-0.021932	0.030580	-0.011742	0.003559	-0.139069	0.020612	-0.082005	0.056443	-0.016368	-0.112174	0.094542	-0.010246	-0.069791	0.043674	-0.065176	-0.044641	-0.045603	0.010082	-0.036875	0.027226	-0.055884	-0.034921	-0.056147	-0.029656	0.054701	-0.037235	-0.001767	-0.015392	-0.099185	-0.027953	0.115844	0.015489	-0.066748	0.013373	0.025386	-0.012701	0.083973	-0.020102	0.031120	-0.028769	0.046082	0.057591	0.070362	0.012592	0.028420	0.026001	0.023141	0.022296	-0.067353	-0.025990	0.011150	-0.036029	-0.054596	-0.040001	0.004469	0.008769	0.045024	0.046207	0.048870	0.009031	0.013429	-0.010843	-0.006204	-0.020124	0.047779	0.023512	0.014461	-0.000446	-0.004522	0.023885	-0.004748	0.033470	0.023737	0.024355	-0.026238	-0.000304	0.000228	-0.010405	0.021190	0.003490	-0.012612	-0.022637	-0.002333	0.010606	-0.014954	0.003454	0.001812	-0.007893	-0.023735	0.003868	-0.028673	0.011983	-0.018516	-0.012849	-0.004558	0.013938	0.009338	0.018124	-0.020395	0.006581	0.000853
-0.765904	0.626970	0.159831	0.102910	0.539141	-0.205742	-0.249424	0.068495	0.018127	0.018728	0.017762	-0.363943	-0.292613	-0.051846	0.042533	-0.243092	-0.133778	0.067409	-0.066027	-0.017497	0.035504	0.066530	0.043254	0.012353	0.073346	0.048917	-0.027214	0.080177	-0.055149	-0.081192	0.082733	0.008512	0.023746	0.028421	0.014508	-0.008868	-0.063827	-0.048322	-0.010138	-0.050201	0.018665	-0.061437	-0.158324	0.062175	-0.067142	-0.035406	-0.037831	-0.049799	-0.080563	0.061704	-0.029166	-0.039096	0.012807	-0.009843	-0.073644	-0.031521	-0.055369	-0.044086	-0.048320	0.050194	-0.032299	0.038462	0.032270	-0.024400	0.001068	0.000891	-0.060047	-0.142355	0.035520	0.027905	0.034444	-0.006279	0.051079	0.049708	-0.064333	0.030166	0.012561	-0.061702	-0.061461	0.011471	-0.007071	-0.097396	0.094576	0.014336	-0.104463	0.016216	-0.000436	0.012542	0.008403	0.028662	0.019530	-0.008712	-0.026690	0.016152	0.027823	-0.007265	0.095555	-0.000158	-0.026560	-0.023041	0.015658	0.080010	-0.041672	0.039858	-0.006056	-0.023784	-0.044373	0.001490	0.005299	0.057614	0.061340	-0.024433	-0.001333	-0.048882	0.058512	-0.037799	-0.022328	0.041619	-0.004374	-0.013294	-0.045743	-0.019540	-0.007471	0.002214	0.023999	-0.057544	-0.015140	0.021991
-1.819754	-0.544041	-0.007812	-0.211452	0.484056	-0.250969	-0.215172	-0.018930	0.131393	-0.042350	-0.035725	-0.083362	0.050495	0.070451	0.016412	-0.057425	-0.043995	0.173334	-0.010990	0.007139	0.050929	0.128264	-0.074860	-0.063528	-0.003405	-0.069421	0.085339	0.047460	0.034872	0.084924	0.094216	-0.099542	-0.010883	0.075501	-0.029911	-0.023716	0.050697	-0.042633	0.013287	0.033911	0.039524	0.044781	-0.021527	-0.045720	0.031264	0.013362	-0.056866	-0.060883	-0.012563	0.059160	-0.049762	-0.069238	0.004502	0.005949	-0.019590	-0.052759	-0.083285	-0.001108	0.001766	-0.027276	-0.063770	0.008535	0.053506	0.023684	-0.012011	0.017172	0.011437	-0.021134	-0.010315	0.035890	-0.011087	-0.075609	0.034521	0.016515	-0.033399	-0.023584	0.048863	0.051306	-0.018381	-0.010691	0.032766	-0.044003	-0.029238	-0.040450	-0.011340	-0.029037	0.004307	-0.017370	-0.001436	0.035197	0.021265	0.038468	-0.004605	-0.002909	0.018215	-0.012434	-0.025822	0.049386	0.004942	0.006165	0.026127	-0.025966	-0.007300	-0.003196	-0.050971	-0.006053	0.024431	-0.020677	0.011510	-0.021523	0.003428	0.003575	0.002062	-0.008824	0.013074	0.035878	0.030999	-0.017351	-0.009677	-0.038613	0.007279	0.055712	-0.008508	0.056422	-0.006280	-0.012209	-0.013756	0.009838
-0.922953	0.385938	-0.117710	0.575269	-0.155400	0.376117	0.129165	0.107716	-0.007308	0.069300	0.002869	-0.184794	0.040917	0.093611	0.076552	0.023218	0.169030	0.023609	0.177618	0.072459	-0.092905	-0.099778	-0.039237	-0.027586	-0.141279	0.092414	-0.073313	0.031921	-0.115489	0.061568	-0.046816	0.101524	-0.059905	-0.085272	-0.080753	0.087095	-0.039137	-0.019361	-0.005962	-0.024393	-0.055732	0.072737	0.007382	-0.066161	-0.026564	-0.045197	0.021305	-0.017685	0.118887	-0.064455	-0.030518	0.023454	-0.008807	-0.058526	-0.035119	-0.036240	-0.089198	-0.005690	-0.013643	0.128106	0.077437	0.174104	-0.067092	-0.028067	0.051852	0.015282	0.096799	0.008922	-0.070605	0.127987	0.015608	0.011203	0.040265	0.007195	0.094972	-0.001724	-0.002263	0.055578	-0.104527	-0.057430	0.043268	0.039559	-0.002028	-0.005139	-0.099890	-0.032110	0.028746	-0.034692	-0.030070	0.089882	0.052601	0.048586	-0.037667	-0.012519	-0.015232	0.007206	-0.036379	-0.019616	0.010732	-0.003098	0.027741	0.039859	0.033263	0.020411	0.007978	0.013605	0.008360	0.007395	0.023237	-0.016125	0.027237	0.060477	-0.017128	-0.032563	-0.010572	-0.011425	0.036790	-0.016348	-0.042481	0.009273	0.001410	0.010931	-0.012481	-0.000444	0.046781	-0.020650	0.050879	-0.023566
0.387051	-0.424017	-0.294938	-0.009662	-0.118880	0.203637	0.031916	0.248751	-0.147511	0.009900	-0.223972	-0.122600	0.039674	0.245953	0.047997	0.110843	0.130235	0.107441	-0.103464	0.013892	0.321953	0.061817	-0.040333	-0.105533	-0.083516	0.003589	0.196485	-0.053796	-0.006309	-0.125411	0.045538	0.102125	0.047482	0.006348	-0.056130	-0.048876	-0.041672	0.018363	-0.191738	-0.107466	0.030871	-0.062929	-0.055447	0.054057	-0.110067	0.098083	-0.115685	0.042788	-0.022967	0.115194	-0.065828	0.080343	0.075137	-0.104250	-0.034287	0.102590	-0.018480	0.048272	-0.019251	0.048668	0.011143	0.105368	0.001357	-0.012959	-0.033484	0.038078	-0.020102	-0.004746	0.004280	-0.054234	0.004024	-0.023062	0.006398	-0.040787	-0.002578	0.016197	-0.016905	-0.024574	0.013488	-0.042480	0.006884	-0.050946	-0.021015	0.004217	0.005948	0.072444	-0.001881	-0.050105	0.030382	0.009372	0.015583	0.023550	0.035426	0.027612	-0.003682	-0.004200	-0.045365	0.009652	-0.042867	-0.007217	0.014663	-0.022740	0.022754	-0.016248	-0.002961	0.050161	0.025452	0.015070	0.004174	-0.002250	-0.022777	0.006602	-0.013819	-0.021425	-0.015059	-0.001524	0.004981	-0.007485	0.001148	0.007573	0.019515	-0.013209	0.001829	-0.024955	-0.003540	-0.006856	-0.014040	-0.014503
2.513249	-0.698847	-0.231965	0.153521	0.014850	0.074700	0.226508	0.003764	-0.037022	-0.297771	-0.095444	0.093725	-0.084429	-0.028518	0.071058	-0.034761	-0.075653	-0.120135	0.062718	0.006476	0.060130	0.111120	-0.032307	-0.068227	0.009743	0.151280	-0.135439	-0.093983	0.064089	-0.206079	0.274811	0.075346	-0.134247	-0.196500	-0.025157	-0.070503	-0.029284	-0.075074	-0.129213	0.005168	-0.036322	0.262719	-0.100538	-0.021108	-0.005123	-0.036996	0.022707	-0.075120	0.075943	-0.036811	-0.270560	0.057905	0.001939	-0.027489	0.036072	0.080930	0.111599	0.122496	0.210968	-0.037155	-0.036272	-0.105070	0.000368	-0.060765	0.073549	-0.065645	0.095732	0.060136	-0.088687	0.024932	-0.125311	0.078063	0.003384	-0.026545	-0.132104	-0.008193	0.040932	0.054423	0.112634	0.006507	-0.015806	-0.022821	0.013451	-0.039112	0.032239	0.031171	-0.011574	0.039790	0.037689	0.059690	0.015738	-0.061157	-0.025812	-0.078130	0.019447	0.071708	-0.020348	-0.061090	-0.000621	0.015115	0.032971	0.010552	-0.014562	-0.014709	-0.093696	0.027103	-0.019520	0.008406	-0.038538	0.019533	0.011131	-0.051451	0.022658	-0.030752	0.017228	0.004257	0.040859	-0.015778	-0.025680	-0.032501	-0.032902	0.035113	0.026609	-0.017903	-0.013616	0.021561	-0.060217	0.004137
-1.115150	0.644517	-0.116159	-0.022595	0.002645	-0.101734	0.370969	0.006669	-0.023472	0.001383	-0.153846	-0.020459	-0.263444	-0.131968	-0.114999	-0.080671	-0.080115	-0.103433	0.017168	0.015233	-0.119929	0.130051	-0.027927	-0.047309	0.184924	0.017756	0.023607	-0.002784	-0.008605	-0.125663	0.101054	-0.004125	-0.041058	-0.068133	-0.083066	-0.018485	-0.031986	0.048079	-0.015678	0.032569	-0.005117	0.009418	-0.035991	0.020256	-0.096720	-0.054609	-0.084989	0.003020	-0.064369	0.036178	-0.107006	0.084205	0.101376	-0.029948	0.006207	-0.051662	0.019246	0.124042	0.036337	0.002448	-0.046362	-0.060169	0.043422	-0.037439	0.000588	-0.056049	-0.004116	0.015142	-0.042521	0.020475	-0.079047	0.134486	0.022168	0.030449	-0.013992	0.028863	0.051001	0.008742	-0.012059	0.046597	0.060028	0.016035	-0.034195	0.012379	-0.024853	0.028474	-0.043931	0.000248	0.037624	0.076318	0.008280	-0.005770	-0.008040	0.005857	0.009774	0.045891	-0.004389	-0.052458	0.014476	-0.021624	0.008994	0.014743	0.013067	0.013342	-0.015264	-0.073332	-0.012693	0.069333	0.008176	0.027629	-0.026728	0.039555	-0.013584	-0.013399	0.004598	0.004220	-0.030517	-0.008480	0.019646	0.017921	0.027795	0.031967	-0.014132	0.016647	0.016418	-0.004737	0.005657	0.021012
0.288012	-0.659753	1.082205	0.019598	-0.229155	-0.018086	-0.033061	0.162748	-0.075361	-0.081231	-0.345234	0.046227	0.060321	0.263570	0.008249	0.038305	0.075341	0.061712	-0.122937	-0.168748	0.387074	0.031532	0.043164	-0.093878	-0.160250	0.102762	0.120801	0.061109	0.001238	-0.072902	0.023392	0.083812	0.144091	0.063444	-0.113137	-0.074277	-0.105667	-0.048067	-0.042688	-0.070000	0.074823	-0.078123	-0.132893	0.059386	-0.111957	-0.034070	-0.004171	0.085773	-0.020028	0.127996	-0.064888	0.063950	0.129021	-0.040564	-0.046442	0.041987	0.023462	0.091072	-0.037222	0.014102	0.034649	0.085556	-0.046297	-0.018354	0.023518	0.053972	-0.016479	-0.076815	-0.019633	-0.061981	0.024316	-0.039379	0.020568	-0.063218	0.035529	0.036747	-0.031365	-0.032335	-0.022492	-0.015361	-0.068304	-0.011580	-0.017563	0.035216	-0.003415	0.009570	0.059491	0.006417	-0.044245	-0.013977	-0.020370	-0.019195	0.043212	0.013300	-0.000196	-0.002781	-0.015046	-0.021349	0.018999	-0.005594	-0.032406	-0.003298	0.020255	-0.040822	0.022114	0.010835	0.037866	0.013977	-0.004544	0.003293	-0.003469	0.001115	0.022547	0.009924	-0.012252	-0.001187	0.006282	-0.018987	-0.027393	-0.000198	-0.016357	-0.002610	0.011131	0.011965	-0.013021	0.004205	0.030404	0.013512
0.420673	-0.458351	-0.205925	-0.000277	-0.105171	0.218288	0.014312	0.256060	-0.140100	-0.027345	-0.232055	-0.109706	0.034679	0.238165	0.065049	0.059196	0.120225	0.123346	-0.121101	0.046083	0.330929	0.060829	-0.058615	-0.106518	-0.068467	0.023200	0.197770	-0.032876	-0.011970	-0.122445	0.074278	0.123316	0.051925	0.013570	-0.051309	-0.064398	-0.018338	0.007655	-0.189219	-0.113207	0.038060	-0.042068	-0.072338	0.065242	-0.112363	0.071497	-0.128851	0.049112	-0.022770	0.115153	-0.067401	0.081012	0.084272	-0.102720	-0.037386	0.100774	-0.051894	0.065109	-0.013545	0.043538	0.006147	0.110976	0.008717	-0.002931	-0.047939	0.019868	-0.018895	0.006492	0.005089	-0.044410	0.012524	-0.015646	0.003065	-0.034676	-0.007193	0.002400	-0.017978	-0.033046	0.024978	-0.048323	0.008176	-0.050087	-0.006442	-0.010630	0.005274	0.057240	-0.000914	-0.053821	0.020520	0.011759	0.009367	0.020609	0.028348	0.032318	0.000412	-0.007462	-0.046127	0.013905	-0.049187	-0.001020	0.012613	-0.027975	0.025823	-0.017623	-0.010359	0.057418	0.031120	0.004455	-0.010331	-0.003089	-0.027714	0.009152	-0.007950	-0.022126	-0.014699	-0.002411	0.005823	-0.016374	0.005532	0.000405	0.015680	-0.001073	0.002043	-0.022589	0.003080	-0.008884	-0.008348	-0.016428
1.088034	0.556499	-0.027218	0.062208	0.801762	-0.076226	-0.433096	0.091370	0.064832	-0.043463	-0.143004	-0.083924	-0.187825	-0.029992	0.077179	0.070831	0.004478	0.074267	-0.107052	0.030633	0.040185	-0.137231	0.082732	-0.041071	-0.054572	-0.142527	-0.060932	-0.028394	0.013604	0.009240	0.007450	0.059876	-0.041781	-0.044091	-0.020157	0.047245	-0.079271	-0.018393	0.092223	0.007740	0.114429	0.011547	0.108407	0.025039	0.028558	0.032251	-0.021143	0.023176	0.034175	-0.096753	-0.071844	0.018234	-0.016597	-0.032841	0.046351	0.033213	0.003276	0.010389	-0.010076	-0.038088	-0.016639	-0.031896	-0.024886	-0.036196	0.004984	-0.017261	0.011266	0.028742	-0.025504	0.041879	-0.018823	0.007131	-0.025253	0.006523	0.039236	-0.025008	0.005082	0.011097	0.015263	-0.036798	0.000751	-0.023477	0.028160	-0.024133	0.010637	-0.036504	0.003355	0.019385	0.027995	0.001746	0.003011	0.004973	-0.021543	0.018694	-0.004971	-0.002615	-0.031751	0.002853	0.015405	-0.018776	-0.003645	-0.022461	0.015036	-0.013051	0.003962	0.017530	0.043496	-0.023350	-0.014030	0.010783	-0.003662	0.016169	0.003673	0.010904	-0.032319	-0.005723	0.012551	-0.018297	0.006554	-0.014308	-0.013602	0.010423	-0.004369	-0.000195	-0.010820	-0.018028	-0.024128	0.031811
-0.338761	-0.112567	-0.291080	0.918302	-0.168844	-0.006223	0.195137	0.071431	0.008400	-0.172620	-0.304223	-0.139699	0.034694	-0.099105	0.195362	-0.056234	-0.047168	0.080919	0.058541	-0.044586	-0.015845	0.123225	-0.209281	-0.012304	-0.008914	-0.010684	-0.071682	-0.007934	-0.191135	0.167114	-0.081778	-0.101934	-0.098424	0.001044	0.069832	0.012333	-0.040945	-0.038028	0.013931	0.047641	-0.120273	-0.062690	0.007017	0.028331	0.076007	-0.070865	0.138872	-0.015987	0.037645	0.144559	-0.028360	0.156620	0.001783	0.009336	-0.059607	0.123937	0.015756	-0.069145	0.019813	-0.041381	-0.004872	0.071772	-0.055910	0.093907	-0.045354	0.141574	-0.064067	-0.036676	0.011234	0.029120	-0.049231	-0.073885	-0.193099	-0.095289	-0.022465	-0.047014	0.001772	-0.068456	0.021047	0.053865	-0.052804	0.071872	-0.056488	-0.072946	-0.071674	-0.021203	-0.001810	0.063626	0.101998	0.085030	0.025157	-0.091324	-0.036918	-0.005780	0.045346	-0.068348	0.031423	0.047904	0.062135	-0.062474	0.007806	-0.005024	-0.076151	-0.041324	0.006981	-0.032631	0.057064	0.008552	-0.066611	-0.028884	-0.033115	-0.031099	-0.037738	-0.038118	0.074506	-0.010475	0.035648	-0.030227	-0.033873	0.009201	0.042303	0.041959	0.000995	0.008889	0.053205	0.008038	0.003444	-0.014068
-1.795950	-1.214999	0.476412	-0.191401	-0.093419	-0.287324	0.044399	0.259606	0.228399	-0.028185	-0.224456	-0.007519	0.251306	-0.116080	0.024514	0.184431	-0.041755	0.113146	0.027100	0.048334	-0.105859	0.070252	0.020177	0.047705	-0.001018	0.093650	-0.045110	-0.091975	0.064872	0.067722	-0.070666	-0.016050	0.053591	0.136416	-0.154694	0.095890	-0.030425	-0.016612	0.039454	0.002923	-0.017148	0.005432	0.088704	0.077518	-0.087025	0.102258	0.006430	0.052392	-0.048180	-0.023437	-0.007740	-0.006767	-0.070448	0.080501	-0.006016	0.014253	0.049227	0.080076	0.040715	0.041222	0.007333	-0.061899	-0.013356	0.014882	0.058937	-0.086837	0.033197	-0.062552	-0.003449	-0.034717	0.062855	0.014131	-0.027810	-0.018087	0.023892	-0.003705	0.074382	-0.022058	-0.074642	0.038381	0.061219	0.019203	-0.015195	0.020880	0.003010	-0.045206	-0.069079	-0.007348	0.005554	-0.032765	-0.064290	-0.028889	0.066517	0.056605	0.013472	0.008045	-0.021768	0.013054	0.025968	0.021328	0.008383	0.004199	0.054923	0.005729	-0.015770	-0.105118	0.018835	-0.019645	-0.000913	0.081785	-0.032636	0.019143	-0.000517	0.000980	0.026639	0.005384	-0.017478	0.002590	-0.063552	-0.000021	0.031340	-0.037214	0.019445	-0.022995	0.010752	-0.043767	0.021657	0.005657
0.053049	-0.664052	-0.501437	0.473136	-0.204065	0.257928	0.095194	-0.015386	-0.005771	0.005146	0.003351	0.043568	-0.130381	0.281349	-0.100971	0.032760	0.027771	0.217212	0.114044	-0.075304	0.073347	0.027744	0.058459	0.102691	-0.121292	0.029454	-0.123573	-0.039559	-0.010451	0.004349	-0.002999	-0.105002	-0.071400	0.004745	0.012401	0.059162	0.011430	0.037384	0.006666	-0.030689	0.015799	0.012564	-0.038237	-0.007487	-0.125171	0.062654	-0.109011	-0.061299	0.025183	-0.087520	-0.010142	0.036607	-0.064480	0.048933	-0.016556	-0.007813	-0.053984	-0.046529	-0.003501	-0.027216	-0.090064	-0.070400	0.030507	-0.045283	0.040300	-0.062884	0.045676	0.027628	-0.039559	-0.008305	-0.007348	0.037915	-0.109370	-0.007979	-0.006167	-0.001253	0.047939	0.020144	-0.073426	-0.070571	-0.007513	0.044431	0.011505	-0.034774	0.044355	0.063032	0.044161	-0.106623	0.041319	0.057491	-0.000697	-0.037768	0.010732	0.020866	-0.016314	0.005193	0.021247	0.009930	0.015741	-0.016173	-0.010199	-0.092045	0.021640	-0.050604	-0.002256	0.058155	-0.067747	0.031518	0.038129	-0.023262	0.024875	-0.015512	-0.067781	0.004945	-0.002266	0.090705	0.041649	0.049471	0.026572	0.010908	0.042743	0.087106	0.084602	-0.011723	0.055169	-0.019938	-0.018376	-0.001717
-0.891633	-0.337743	-0.306899	0.433381	-0.112686	0.136907	-0.012476	-0.237961	0.120588	-0.285804	-0.195466	-0.003877	0.116458	-0.022793	0.041198	0.191893	0.086877	0.163176	0.032307	-0.090542	0.037649	0.088842	-0.104386	-0.004965	-0.003431	0.088467	-0.097393	-0.028126	-0.177146	0.134277	-0.017041	-0.078541	0.031815	0.018237	-0.030668	0.033960	-0.107519	-0.015244	0.085901	0.061210	-0.069637	-0.074899	0.062349	0.040004	0.079145	-0.065709	0.134295	-0.065554	0.072535	0.066853	-0.147660	0.061467	0.071964	-0.007769	-0.022579	0.038700	-0.006807	-0.107508	0.078140	-0.047775	-0.076425	-0.004582	-0.051023	0.051475	-0.043638	0.103042	-0.075954	0.027091	0.001706	0.027273	-0.048995	-0.037066	-0.125119	-0.031284	0.045918	-0.059709	-0.035678	-0.085292	0.017241	0.036276	-0.057158	0.113296	-0.044105	-0.008959	-0.007586	-0.018013	0.013127	0.020452	0.013645	0.082705	0.016848	-0.051904	-0.048192	0.038323	0.031384	-0.025180	-0.023105	0.059518	0.017769	-0.019985	-0.006896	0.007696	-0.035820	-0.003432	0.005081	-0.023179	0.026629	0.017546	-0.067550	-0.005595	0.011158	0.000580	-0.013576	0.004704	0.027106	0.004033	0.001176	0.001518	0.006071	0.004935	0.043734	0.026554	0.008981	0.002108	0.010827	0.029985	-0.003116	-0.016654
2.613335	-0.792430	-0.513080	0.116903	0.014116	-0.337071	-0.012221	0.057521	0.292590	0.088550	0.295007	0.135285	-0.127616	0.050448	-0.209419	0.112376	0.036226	0.141142	0.100165	0.145281	0.231946	0.062812	-0.121514	0.131674	0.023032	-0.023262	-0.201379	-0.043009	-0.041056	-0.025790	0.053917	0.005089	0.022212	-0.090245	0.117429	-0.022033	-0.088795	-0.003657	0.058603	-0.030756	-0.013151	0.093141	-0.131241	-0.039264	0.112585	0.057370	-0.062582	0.079782	0.115705	-0.034620	-0.005286	0.026700	0.001477	-0.018409	-0.000191	0.054307	0.096351	-0.100558	-0.106785	0.025410	0.069400	-0.035618	-0.077696	0.067449	0.049505	0.015511	-0.130735	-0.018533	-0.072945	0.048231	-0.035872	0.100195	-0.024221	0.083220	-0.027721	-0.026480	-0.056844	0.027267	-0.017348	0.034412	0.024537	-0.012456	-0.031838	0.091326	0.013979	0.067644	0.044992	-0.124014	-0.001555	-0.024127	0.013306	0.008760	0.008461	-0.024049	0.005230	-0.039764	0.002111	-0.054761	-0.035668	0.050456	-0.006805	0.044699	-0.013120	0.020930	-0.033232	-0.027542	0.057083	-0.023620	-0.018334	-0.075279	0.003262	0.006848	-0.049002	-0.031460	-0.009892	-0.003506	-0.003914	0.002750	-0.003298	-0.013847	0.045941	0.006980	-0.001651	-0.001265	-0.023106	-0.022527	-0.010757	-0.007407
-0.772562	-0.161639	-0.643339	0.728245	0.386491	-0.026684	0.274171	0.430150	0.318478	-0.375962	-0.175164	0.205674	0.238527	0.073428	-0.239170	-0.337101	0.116497	-0.269572	-0.038124	-0.163657	-0.132829	-0.264672	0.213705	0.093081	0.013488	-0.015985	0.040425	-0.094913	0.035315	0.012686	0.111156	0.094223	0.225598	0.144271	0.044898	-0.009338	-0.058786	0.103672	-0.101937	0.010064	-0.006297	0.100119	0.030172	-0.042741	-0.104228	-0.017557	0.015018	-0.028227	0.060521	-0.012995	0.035671	0.041358	-0.005601	-0.016576	0.011545	-0.041960	0.004925	-0.024455	-0.087753	-0.044088	-0.026448	0.004502	0.013391	0.012014	-0.002192	0.013195	-0.007211	0.022830	0.015798	0.009585	0.011901	-0.014857	-0.018244	-0.006762	-0.034647	0.003812	0.017931	-0.030661	0.015963	-0.006747	-0.029686	-0.020691	0.003573	-0.021327	-0.017231	-0.021815	0.010902	0.000053	0.008426	-0.014796	0.001252	-0.000028	0.019623	0.020786	0.009143	0.004681	0.024460	-0.000424	0.002966	0.000072	0.014915	0.036609	-0.003611	0.014876	-0.002664	0.001076	0.029206	0.007806	0.014461	-0.005720	-0.000318	-0.001116	0.015152	-0.000640	-0.008468	0.016233	-0.005935	-0.016611	0.006769	-0.003482	-0.010894	-0.015200	0.002195	-0.002251	-0.002725	-0.006996	-0.002360	0.004308
1.516954	0.122963	-0.391002	0.064148	-0.144527	0.239453	-0.333569	-0.415829	0.757916	-0.005585	-0.231870	0.193037	-0.019549	0.164310	0.389334	-0.090624	-0.163693	-0.237132	0.359697	-0.077778	0.172946	0.169649	0.025551	0.149265	0.110197	-0.017447	0.085962	0.150656	0.168702	-0.010429	0.128755	-0.208373	-0.215865	-0.126848	0.188427	0.110012	-0.079174	0.062410	-0.162807	0.070034	-0.126710	-0.041482	-0.022667	0.057046	-0.045697	-0.004729	0.005054	-0.126091	0.052482	0.008920	0.096474	-0.006092	0.035322	0.073617	0.114543	-0.035599	-0.022722	-0.081572	-0.142632	-0.056716	-0.028678	0.056228	-0.058728	-0.122460	0.101383	-0.077636	-0.020838	-0.069524	0.026072	-0.004287	-0.094037	0.040983	0.025699	0.027546	-0.001486	0.010423	-0.046528	-0.072994	-0.010322	-0.064481	-0.083929	-0.041005	-0.004687	0.077138	-0.076203	-0.038814	0.007785	0.071738	-0.095154	-0.054110	-0.015251	0.043050	0.107450	-0.015771	0.015034	0.018460	-0.085112	-0.002937	0.025171	-0.077127	-0.006681	-0.001000	0.038282	0.040572	-0.020762	-0.060922	-0.012946	-0.044621	-0.066881	0.020016	-0.066081	-0.063913	-0.021568	-0.006254	-0.042250	-0.022132	0.021795	-0.010423	0.035548	0.014353	0.011694	0.054867	-0.008589	0.014793	0.013298	-0.042244	0.030717	-0.012994
1.794596	-0.359832	-0.509846	-0.119120	0.215894	0.867541	0.348722	0.384979	0.097025	0.896943	0.181133	0.004309	-0.161516	0.130549	0.075264	0.009890	-0.264367	-0.136090	0.156230	-0.371034	-0.224963	-0.102851	-0.168375	-0.056586	-0.005247	-0.107470	0.042184	-0.080106	0.058820	-0.139618	-0.205454	0.064805	0.096778	-0.062064	0.054875	0.069813	0.179043	0.000362	0.184765	-0.103796	-0.143373	-0.113951	0.114067	-0.013472	-0.114983	-0.034320	0.019677	-0.002480	-0.032727	0.017432	0.093129	0.057797	0.087564	0.098036	-0.008607	0.022167	-0.048027	0.028034	0.148549	-0.034722	-0.133823	0.212088	-0.006552	0.064368	-0.002310	0.123296	-0.012197	-0.090166	-0.026868	0.003681	-0.015323	-0.038118	0.024186	0.099662	-0.096059	-0.014001	0.117271	-0.033374	0.012146	-0.108526	0.060016	-0.019805	-0.178226	-0.003155	0.066646	-0.044448	0.031149	-0.027615	-0.022829	-0.048427	-0.087668	-0.102455	-0.030655	-0.038681	0.069475	-0.053611	-0.043131	-0.059221	-0.062722	-0.092056	0.021760	-0.004360	-0.017732	-0.024454	-0.058355	-0.113166	0.065531	0.025897	-0.045631	-0.045619	0.075056	0.015718	0.050838	-0.041920	0.041917	0.008443	0.134058	0.042728	-0.069382	-0.042171	-0.062629	0.040979	0.026757	-0.077849	-0.067971	0.026427	-0.007201	0.112377
-1.238493	-0.144107	0.863089	-0.501034	-0.503358	-0.272531	-0.299200	0.041916	-0.008411	-0.110988	-0.128181	0.005520	-0.034916	-0.071193	-0.135462	-0.019359	-0.024429	0.061939	-0.042191	0.089033	-0.052999	0.061773	0.054374	-0.011717	0.077429	-0.070362	-0.002279	0.015008	-0.062505	-0.028527	0.014479	0.021291	0.093244	0.030778	-0.089551	-0.012374	-0.007417	-0.000085	-0.089085	0.001180	0.018937	0.017173	-0.024463	-0.010740	0.046875	0.006857	0.058712	0.043213	0.111007	-0.005315	-0.066610	-0.063475	-0.068245	0.033125	0.056902	-0.098671	0.093080	0.008189	0.017449	-0.052365	0.031695	-0.048769	-0.118171	-0.041219	-0.004828	-0.046584	-0.067249	0.042793	0.027809	0.021411	-0.037590	-0.002809	-0.047613	0.077985	0.007260	0.027120	-0.019575	0.009897	0.002592	-0.062615	-0.017642	0.021864	-0.051393	0.051333	0.025049	-0.037443	-0.058063	0.048018	-0.058633	0.023242	0.027436	0.028026	-0.083134	0.069263	0.046440	0.002700	-0.034555	-0.006223	0.046532	-0.028689	-0.039925	0.027708	0.037875	0.010384	0.036996	0.019911	0.010284	0.011244	-0.064070	-0.012802	-0.025448	-0.008037	0.015701	0.024106	0.012210	0.040678	0.026867	0.039740	-0.046842	0.035082	-0.006946	-0.031332	-0.023279	0.019119	0.010303	0.055816	-0.043169	0.049924
-1.401367	-0.730984	0.711643	-0.132853	0.115668	0.458806	-0.224146	-0.086099	0.363552	-0.026532	0.061313	0.042006	-0.106861	-0.401292	0.062739	0.193632	-0.015020	-0.027999	0.038758	0.033733	-0.055213	-0.039236	0.102603	-0.035791	-0.080668	0.003592	-0.227511	0.018969	0.257999	-0.004610	-0.042978	0.033091	0.064932	-0.008124	0.059004	0.006169	0.201383	0.058236	-0.203708	0.056662	0.024024	-0.064900	0.046495	-0.107100	-0.021342	-0.102193	0.032717	0.125524	0.052788	0.012003	-0.109389	-0.089685	0.139532	0.048157	0.045660	0.001062	0.107030	-0.025179	-0.018108	0.009993	-0.058571	0.006267	0.044105	0.119285	-0.118611	-0.011856	0.022281	0.068645	-0.007518	-0.059733	-0.003743	0.127784	0.020254	-0.010044	0.083374	0.105502	-0.090600	-0.003301	-0.001892	0.029826	-0.046697	-0.005361	0.001407	-0.060673	0.021199	0.056811	0.039677	-0.041334	-0.031251	0.037752	0.003436	-0.017424	0.033662	-0.030107	0.013318	-0.022083	-0.029208	0.106838	-0.037503	0.020380	0.011390	-0.016765	0.018388	-0.069948	0.033042	-0.046155	-0.037833	-0.068539	-0.031905	-0.016913	-0.005164	0.022124	-0.030537	-0.022444	0.021770	-0.037284	-0.015159	0.003334	-0.037560	-0.041946	0.001857	0.002203	-0.029449	0.015713	-0.014809	0.043431	0.020650	-0.030450
-0.741947	-0.199646	-0.626506	0.731344	0.401187	-0.021058	0.279612	0.440285	0.344122	-0.391590	-0.168404	0.208157	0.254389	0.062050	-0.228200	-0.328771	0.118401	-0.259661	-0.034346	-0.161841	-0.138263	-0.248355	0.198508	0.091203	0.019951	-0.019517	0.029761	-0.086803	0.047612	0.009999	0.119821	0.109969	0.233216	0.146066	0.050508	0.002276	-0.052735	0.106216	-0.097120	0.006915	-0.013702	0.105376	0.022244	-0.034879	-0.098829	-0.013344	0.012234	-0.024669	0.064483	-0.007664	0.041283	0.048280	0.006277	-0.017739	0.007753	-0.050834	-0.003372	-0.025771	-0.082564	-0.040471	-0.035467	0.005729	0.023625	0.017512	0.002362	0.015999	-0.003840	0.024539	0.014377	0.005098	0.017670	-0.005334	-0.016427	-0.000684	-0.048428	-0.003809	0.017379	-0.031045	0.018269	-0.001284	-0.034746	-0.012964	0.006330	-0.017349	-0.014752	-0.026035	0.012843	-0.001567	0.011031	-0.022534	0.002207	-0.002410	0.026782	0.013258	-0.002472	0.005354	0.021103	-0.009746	-0.002373	-0.002332	0.012992	0.035051	-0.001457	0.018336	-0.003690	-0.001294	0.026210	0.012456	0.009705	-0.008592	0.002573	-0.004457	0.011171	-0.002564	-0.010146	0.007018	-0.013961	-0.007475	0.005817	0.003237	-0.002711	-0.009055	0.006185	-0.003533	-0.002755	-0.005794	-0.004778	0.003893
0.747751	0.545636	0.495939	-0.069131	0.089606	-0.320466	0.260928	-0.112919	-0.283523	-0.164940	-0.258948	0.046535	-0.176380	0.189109	0.164414	-0.058808	0.186732	0.139936	0.226579	0.053318	-0.040282	0.012533	0.006899	-0.030461	-0.048036	0.021084	0.103604	-0.060304	0.003222	0.005321	0.011872	0.096824	0.065019	0.028571	0.099211	0.016297	0.102822	0.061216	0.009338	0.022514	-0.050356	-0.007525	0.061303	-0.011418	0.005440	0.039179	0.040371	-0.001988	-0.016908	-0.006634	-0.040845	-0.074732	-0.003506	-0.006521	0.006136	0.015516	0.062915	-0.041078	0.056934	0.032483	-0.017202	0.021460	-0.037781	-0.000121	0.031888	0.007227	-0.007696	-0.013098	-0.004538	0.011186	-0.022461	-0.027229	-0.030362	-0.011763	-0.009580	0.020069	-0.019346	-0.052078	-0.039458	0.040698	-0.020478	0.019587	-0.006470	-0.014610	0.009448	0.026584	-0.023524	0.000707	-0.012473	-0.014588	-0.010307	0.019501	-0.008907	0.031359	-0.048621	-0.013895	0.017849	0.013522	0.001803	0.011377	0.005704	-0.009172	-0.036072	0.016104	-0.020972	0.002436	-0.027182	0.006002	-0.009045	0.004249	0.001057	0.013807	0.061053	-0.022273	-0.004115	0.011085	-0.003473	0.019780	-0.031319	-0.008281	-0.002012	-0.054344	-0.011200	0.014920	0.005471	-0.012820	0.007394	0.030201
-1.674620	-0.545866	0.180575	-0.137525	0.487842	-0.249584	-0.163300	-0.085405	0.308202	-0.091220	-0.024346	0.007577	0.100708	0.016304	0.080520	-0.019814	-0.086895	0.157805	-0.013156	0.049005	0.025732	0.274641	0.070976	-0.056381	0.047778	-0.073702	0.063058	0.047145	0.079790	0.083552	0.022436	-0.037612	0.035935	0.079405	-0.043711	-0.014618	-0.015791	-0.029488	-0.054486	0.046845	-0.004290	-0.017439	-0.043034	-0.075436	0.011170	0.065334	-0.025736	-0.035984	-0.002014	0.057905	-0.007172	-0.009170	-0.028087	0.000230	-0.025454	-0.054738	-0.111072	0.012689	0.026190	0.008468	-0.058175	-0.042514	0.086553	0.051289	-0.033863	0.053041	0.065832	-0.048996	-0.000410	-0.022349	-0.009185	-0.092741	0.069866	0.005422	-0.069940	-0.011691	0.070643	0.063200	-0.025455	0.026295	0.007950	-0.037722	-0.011682	-0.030512	0.008634	0.015037	0.000675	-0.031829	0.013831	0.004501	0.027662	0.020663	0.020872	-0.045091	-0.015767	-0.042080	-0.014101	0.045728	0.012468	-0.019527	0.025897	-0.035268	0.012611	0.038455	-0.040063	-0.037800	0.032689	0.018739	0.004423	-0.007786	0.015898	-0.026640	0.010804	-0.007006	-0.013405	-0.004066	0.016531	0.014315	-0.018260	-0.018312	0.024119	0.026602	0.019366	0.033604	-0.011537	0.012783	-0.003729	-0.008220
-0.564649	0.485936	-0.231170	-0.212762	-0.164084	-0.087636	0.281572	0.031962	-0.305858	0.036178	0.020642	-0.296946	0.049566	0.198936	0.042616	0.209545	0.079357	-0.006219	-0.171719	0.070875	-0.093266	-0.018797	-0.143852	0.032838	0.051595	-0.069263	0.062503	0.070012	-0.017712	0.002795	0.019217	0.060871	0.064215	0.006762	-0.048564	0.058895	-0.013930	-0.103369	0.067138	-0.024766	0.109362	-0.000537	-0.026414	-0.039549	-0.073771	-0.088782	-0.070859	0.064240	0.039484	-0.034127	0.122448	0.084916	0.017747	0.033974	-0.006462	0.012461	0.060765	-0.049266	0.024147	0.022344	0.068240	-0.025852	0.129564	0.007763	0.002940	0.046210	-0.049151	0.013495	-0.020066	0.080331	-0.024066	0.015050	-0.025372	-0.009739	-0.013405	-0.010172	0.079037	-0.073830	-0.053334	0.018020	0.004835	-0.003480	0.059773	-0.068267	-0.007183	0.049407	0.001518	0.060272	-0.022976	-0.024545	0.013100	0.012295	0.000068	0.010735	-0.009546	0.021866	-0.015386	0.029210	-0.000784	-0.013722	0.005922	-0.011145	-0.008895	-0.006981	-0.046605	-0.049576	-0.051060	-0.005040	-0.016383	0.024456	-0.005321	0.003512	0.016994	-0.003449	-0.038384	-0.025900	0.027508	0.011763	-0.017967	-0.003237	0.015020	0.018159	0.016126	0.038351	-0.028487	0.016890	0.011912	-0.004918
-1.636168	0.470101	-0.265121	0.323637	0.141406	0.467855	-0.070123	-0.182778	0.000954	0.038264	0.006584	-0.277299	-0.271488	-0.067571	-0.057263	-0.095895	-0.014563	-0.095046	0.000554	-0.170391	-0.077554	0.185980	0.064918	0.033773	-0.003471	0.092008	-0.043535	-0.078362	0.020665	-0.083941	-0.049110	-0.066244	-0.081130	0.032579	-0.086211	-0.053805	-0.004896	-0.117920	0.075354	0.002787	-0.086920	0.033698	-0.050524	-0.041318	-0.054253	-0.063087	0.035210	-0.035023	0.066495	0.060216	-0.040321	0.033654	-0.014165	0.051285	0.068140	-0.000729	0.014185	0.038928	-0.123406	0.019921	0.054591	-0.008703	-0.024104	0.007805	-0.062609	0.032980	0.004585	0.029427	-0.018920	-0.049217	0.034829	-0.049314	-0.062811	-0.018720	0.026089	0.024837	0.037287	-0.010375	0.028241	0.010521	0.047515	-0.030593	-0.012329	0.019292	-0.032111	0.045702	-0.014193	-0.035950	0.027201	-0.057463	-0.009834	-0.010316	-0.001592	-0.035225	-0.007091	0.007410	0.041478	0.005303	0.021649	0.053030	-0.017981	-0.011640	-0.004654	-0.005386	0.008568	0.001494	0.003202	-0.026542	-0.020524	0.013817	-0.013106	0.017549	-0.018714	0.034026	-0.020163	0.008142	0.003990	-0.005570	-0.024271	0.022952	-0.004179	-0.040241	0.002246	-0.013200	-0.009179	-0.001116	0.010498	0.017077
-1.509781	0.428033	-0.369435	0.327390	0.216221	0.440226	0.052333	-0.133450	0.048112	0.144603	-0.011878	-0.245922	-0.259465	-0.057974	-0.015210	-0.153584	-0.049637	-0.133854	0.013398	-0.253207	-0.148446	0.288369	-0.038333	0.022461	0.013611	0.037643	-0.027077	-0.020493	0.027750	-0.116456	-0.008654	-0.007231	-0.110699	-0.033463	-0.058049	-0.047388	0.014915	-0.109584	0.045454	-0.035957	-0.126123	0.011803	-0.035656	-0.012794	-0.047355	-0.025058	0.014639	-0.077638	0.082714	0.056392	-0.025393	0.031854	-0.020471	0.014024	0.061014	-0.015858	0.018777	0.051052	-0.071524	0.014527	0.099754	0.023096	-0.052119	0.015432	-0.093995	0.041293	0.006973	0.080421	-0.019855	-0.030097	0.029442	-0.055959	-0.062357	0.012761	-0.018122	0.017723	0.033303	-0.044258	0.043374	0.027647	0.017100	-0.012893	0.009426	0.023223	-0.015414	0.051367	-0.019861	-0.071639	0.024282	-0.051888	-0.074842	0.024061	-0.010329	-0.007490	-0.007143	0.012844	0.059258	0.019645	-0.008984	0.028257	-0.005640	-0.013206	-0.000232	-0.011175	0.008273	0.009317	-0.004624	-0.014835	0.009149	0.016789	-0.018072	-0.023467	-0.036893	0.015277	-0.022838	-0.002745	-0.026058	0.016858	0.004329	-0.010620	-0.011430	-0.010141	-0.022984	-0.029831	-0.006748	0.007262	0.010433	-0.015616
-0.108561	-0.442905	-0.253016	0.462729	0.377211	-0.079330	-0.158516	0.397999	-0.075616	-0.163588	-0.106606	-0.023709	-0.052404	-0.104225	-0.096763	0.136044	-0.025541	0.037553	0.029298	0.025187	-0.083694	0.017226	0.024805	-0.046129	-0.028146	0.008228	-0.029838	-0.077897	-0.064405	0.004658	-0.035875	-0.127837	-0.191933	-0.015172	0.024532	0.142895	-0.039429	0.142782	0.040423	0.018556	0.005305	-0.106027	-0.163008	0.024694	-0.061572	0.037024	0.024435	-0.066563	0.040367	0.032813	-0.072299	-0.047316	0.009130	0.071058	0.011670	-0.005663	-0.064426	-0.038809	-0.033841	0.002868	0.044205	0.049824	0.061993	-0.001382	-0.000545	-0.026299	-0.051745	-0.009968	-0.128755	-0.072426	-0.003019	0.024140	-0.074403	0.038873	0.011748	0.029956	0.072354	-0.003493	0.033023	0.054937	0.035538	-0.049365	-0.007549	-0.046366	-0.043664	-0.015624	-0.005340	-0.041814	0.014182	-0.002892	-0.017807	0.057613	0.020595	0.039133	-0.042513	-0.064478	-0.055214	-0.033668	0.072120	0.006625	-0.014939	0.008310	0.049222	0.031336	-0.019114	0.011668	-0.027290	0.032256	0.002641	-0.042381	0.012209	-0.054063	0.028989	0.001561	0.009410	0.008896	-0.038256	0.019387	-0.003855	0.045247	-0.034782	-0.003433	0.005501	0.015489	-0.008340	0.019613	0.025054	-0.004534
-0.457567	0.282838	0.026998	-0.567131	0.088452	-0.092484	0.400478	-0.126309	-0.201531	-0.106475	-0.009334	0.161728	-0.137156	-0.066922	-0.004264	0.010178	-0.078717	0.008537	0.015624	0.132619	-0.134556	-0.038198	0.039326	-0.032026	-0.147508	-0.040365	-0.036459	-0.023959	0.128070	-0.063149	-0.000428	-0.092041	-0.012183	-0.054715	-0.021267	0.075556	-0.016140	-0.093831	-0.050628	-0.052877	0.092404	0.032361	0.005804	0.086274	-0.065658	-0.001464	0.030641	-0.069521	-0.020924	-0.001937	0.003473	-0.086656	-0.020003	-0.029304	0.010535	0.066734	-0.039943	-0.034509	-0.013769	-0.027528	-0.026406	0.029584	0.088156	-0.059707	0.012838	0.033346	0.029385	-0.017503	-0.018573	-0.017692	0.041224	0.020114	-0.023067	0.005287	0.038745	0.000331	-0.080497	-0.040411	0.042479	-0.027947	0.022432	-0.032639	-0.008842	-0.006838	-0.016251	-0.010779	0.023569	0.010030	-0.017509	0.019669	0.022270	-0.019073	0.019216	0.012326	-0.019396	-0.007311	0.030795	-0.002696	0.003382	-0.016427	-0.023840	0.075016	-0.005915	-0.029180	-0.046004	-0.011565	0.027736	0.013862	0.000094	0.005771	-0.044209	-0.014294	-0.007577	0.020019	0.041041	-0.006743	0.007368	0.007882	-0.015448	-0.002529	0.036268	0.037490	-0.013629	-0.025247	0.000532	-0.032171	-0.002557	-0.025012
2.475431	0.302448	-0.186881	-0.212374	0.218852	0.187876	0.516941	0.039601	-0.285923	-0.010795	-0.126808	-0.074512	0.045311	-0.040947	0.008338	-0.022205	-0.126027	-0.006138	0.005752	0.025494	-0.123798	0.037986	-0.015427	-0.173839	-0.100202	-0.045427	-0.017483	0.029122	0.048797	-0.025622	-0.040757	-0.098883	0.017963	-0.037192	0.099517	-0.048013	-0.028304	0.063193	-0.070557	-0.074078	0.009026	-0.099274	-0.021286	-0.039155	0.004663	-0.050372	0.028035	-0.027823	-0.030280	-0.047632	-0.018009	0.085831	-0.032850	0.055098	-0.025951	-0.122975	-0.055565	0.101176	0.015989	-0.020605	0.019757	-0.003106	-0.028817	0.085364	-0.042223	0.034678	-0.029440	0.070533	0.089106	0.031960	0.022782	0.020733	0.015731	0.036213	0.015133	-0.053368	0.023300	0.004967	-0.017357	-0.045544	-0.044459	-0.014363	-0.019182	0.052479	0.060365	0.035646	-0.015112	-0.003862	-0.023318	0.012387	-0.021192	0.049993	0.029135	0.014557	-0.008091	-0.008178	0.025252	-0.003608	0.023256	0.026775	-0.007045	0.006472	0.034337	0.005914	-0.002516	0.012427	0.009942	-0.006220	0.000923	-0.012064	-0.011632	-0.025746	-0.023588	0.017443	-0.010929	-0.020930	0.017951	-0.024327	0.001391	-0.022960	0.014273	0.011891	-0.004567	-0.003574	0.009754	-0.008196	0.004014	-0.008353
-1.497692	-0.237882	-0.039274	0.325061	-0.267763	0.357802	-0.021823	0.138943	0.219972	-0.224581	-0.281527	0.042709	-0.225796	-0.194830	-0.258818	0.056090	0.027390	-0.213798	-0.090128	0.165782	0.039365	-0.036518	-0.002513	-0.073692	0.130961	0.027779	0.057684	0.056197	0.098449	-0.131177	0.088113	-0.069029	-0.086799	0.030608	-0.055845	0.098983	0.168111	0.086399	0.002037	-0.091894	0.064774	-0.090347	0.087382	-0.049152	0.206668	-0.032182	-0.048770	-0.030343	-0.019597	-0.010979	-0.029824	0.047255	0.007143	0.050615	-0.039515	-0.008228	0.075441	-0.052498	-0.063486	-0.001358	0.016608	0.014464	0.064292	0.027905	-0.013095	0.057534	0.031092	-0.027268	-0.042957	0.006545	-0.011649	-0.051677	0.060435	-0.026047	0.043514	0.029672	-0.020963	0.037907	0.010605	-0.016887	-0.027292	0.004848	0.020696	0.008451	0.023046	0.018513	-0.016538	0.001006	0.014864	0.024301	-0.020506	0.032036	0.024276	0.002016	0.006864	-0.019573	0.034001	-0.030192	-0.025001	-0.058961	-0.002201	-0.001797	-0.009565	-0.001705	-0.005932	0.004584	0.016658	0.004799	-0.013061	-0.003955	0.005000	0.025398	0.000919	0.003779	-0.006833	0.012002	0.019461	0.064181	0.036796	-0.013577	0.015797	-0.017366	-0.018212	-0.026737	-0.012165	0.041408	0.005669	-0.018153
-1.248010	-0.140278	0.108968	-0.486299	-0.036351	-0.572176	-0.068672	0.158417	0.050924	0.377618	-0.114262	0.086201	-0.195573	0.189844	-0.081207	0.082626	-0.133791	0.030753	0.187730	0.201050	0.001963	0.134824	0.115833	0.075985	0.035148	-0.094100	-0.089971	0.102198	-0.125016	-0.023219	-0.074276	-0.059181	0.066774	0.137885	-0.022551	-0.008706	0.010724	0.092756	-0.100735	-0.145107	-0.034684	-0.018564	-0.103813	-0.029382	-0.029207	0.084632	0.031040	-0.047505	0.151630	-0.081912	0.008745	-0.007995	0.032533	0.008296	0.071757	0.041928	0.014325	0.067211	-0.035027	0.083633	0.018289	0.043111	-0.012587	0.033157	-0.030630	-0.006139	0.069608	0.041346	0.023650	0.031356	0.068937	0.003706	0.035294	-0.007622	0.004699	-0.065399	-0.079756	-0.021266	-0.017191	-0.020578	0.022504	-0.002816	-0.052802	-0.075392	-0.019625	-0.034022	-0.053323	0.025767	0.032959	0.048474	-0.006963	-0.086247	-0.013731	0.014873	-0.027617	0.037180	-0.008898	-0.044576	-0.014635	0.067666	0.026217	-0.015696	0.005742	-0.020635	0.018001	-0.032867	0.015883	0.001683	-0.035392	0.055186	-0.013980	-0.003032	-0.013462	-0.025878	0.022181	0.031888	-0.022220	-0.015562	0.024277	0.004252	-0.007676	0.020714	0.007225	0.000944	-0.018017	-0.000742	0.016229	-0.019174
-1.633886	0.036804	0.146033	0.123819	0.045386	-0.304341	-0.269537	-0.452336	-0.204778	0.302030	0.169377	-0.012499	0.290076	-0.154964	0.114838	-0.167198	0.327925	-0.239324	0.164555	0.285460	0.039028	-0.305839	-0.034327	-0.067419	-0.097814	0.043001	0.174135	-0.183928	-0.181809	0.054283	0.120813	0.234472	0.218632	0.090362	-0.089097	-0.055462	0.041836	-0.121794	-0.060891	-0.191422	-0.061070	0.162167	0.120578	-0.051854	0.189384	0.049548	-0.018197	-0.249953	-0.131654	-0.054249	0.010886	0.083815	0.093675	-0.135026	0.024843	-0.160759	-0.034930	-0.090352	0.066659	0.034773	0.154033	0.095039	-0.104815	0.018907	-0.116924	-0.084711	-0.005624	-0.124871	-0.192176	-0.201067	-0.016992	0.063090	-0.165477	0.048077	0.194956	-0.027404	0.049293	0.150632	-0.059224	-0.154247	0.001187	-0.108284	0.064284	0.083226	0.098632	0.024515	0.040740	-0.012272	-0.016616	0.043578	-0.097980	-0.216310	-0.032694	-0.020079	0.028427	-0.025021	-0.050422	-0.074466	0.063928	-0.101053	-0.069050	-0.159686	-0.100901	0.019012	-0.046464	-0.059860	-0.015744	-0.052743	-0.002588	0.015949	-0.047202	-0.153798	0.014010	-0.006703	-0.002898	-0.029370	-0.070245	-0.021500	0.018823	0.012743	0.065475	0.011607	0.032511	0.024117	-0.044875	0.009973	0.032663	-0.019708
1.214773	0.739482	-0.055698	-0.089303	0.318353	-0.194302	0.372620	-0.084232	-0.196443	-0.072938	-0.190891	0.241916	-0.145168	-0.013580	0.259661	-0.110360	0.103215	0.121701	0.199544	-0.012303	-0.024494	-0.002727	-0.002460	0.030048	0.086897	0.039309	0.045524	-0.013276	0.035002	0.052563	0.020172	0.117430	0.018513	-0.025252	0.028524	-0.013002	0.157023	0.062143	0.018481	-0.014052	-0.045939	-0.046923	0.021055	0.027507	0.070770	-0.006721	0.034643	0.032890	0.005775	-0.002205	-0.023065	-0.031796	0.023902	-0.005521	-0.053193	0.021363	0.023898	-0.014165	0.017443	0.017535	-0.041989	-0.013009	-0.043404	0.017209	-0.003234	-0.042382	0.027598	-0.005762	-0.040916	0.011449	0.012530	-0.003338	-0.049882	-0.023837	-0.032310	0.006194	0.009111	-0.061883	-0.011615	0.025843	-0.019760	-0.030571	0.028676	-0.007300	0.002695	0.011436	-0.011752	-0.043819	-0.003597	-0.007373	-0.010800	0.038441	0.017714	0.001434	-0.038989	-0.017770	0.004449	-0.017070	-0.041416	0.001562	0.018278	-0.006928	-0.024113	0.022727	-0.034460	0.015393	-0.011992	0.017649	-0.007498	0.012067	0.006894	-0.001451	0.011454	-0.012452	-0.004386	0.004632	0.003799	0.000600	-0.010827	0.002667	0.018322	0.000365	-0.007519	0.000944	-0.005459	-0.012243	-0.011525	-0.010331
5.602878	-0.650945	-0.294941	-0.402742	0.085914	-0.140252	0.084389	-0.936148	0.234164	0.063771	0.046700	-0.098964	-0.200199	0.191983	-0.527180	0.105179	0.070856	0.073300	-0.019425	-0.174170	-0.099166	-0.074825	0.033250	-0.213156	0.023849	0.049474	-0.055561	0.172841	-0.141612	0.101072	0.014235	0.122105	-0.057617	0.155857	-0.137769	0.170024	0.054041	0.019406	-0.140478	0.119321	0.016057	0.014350	0.023371	0.000144	0.018747	-0.008362	-0.011749	0.000529	0.010136	0.084995	0.061752	0.006889	-0.028671	-0.002344	0.032413	0.003143	-0.028406	0.064799	-0.012267	-0.020246	0.022577	0.032114	0.031005	0.039018	-0.008377	-0.050325	-0.007651	-0.021262	0.014888	0.000399	-0.027074	-0.004541	-0.003754	-0.007478	0.010147	0.029603	0.015692	0.007187	0.018576	0.022926	-0.008081	-0.019206	-0.010827	0.005725	0.010751	0.001593	0.008522	-0.016382	-0.008666	0.014889	0.015053	-0.013632	-0.020097	-0.001434	-0.020095	0.015774	0.011855	0.014336	0.010536	-0.013685	-0.010510	0.004314	-0.016753	0.024554	0.003195	0.003402	0.002269	0.006924	0.003161	0.021390	-0.015101	0.010078	0.009852	-0.016660	0.010711	0.004044	-0.020465	-0.003668	-0.010889	-0.012430	-0.006599	0.002823	0.004146	-0.004515	-0.001820	-0.004762	-0.000754	0.010812
-0.585097	0.487766	-0.191238	-0.215268	-0.174108	-0.090135	0.294852	0.025349	-0.247504	0.041965	0.004631	-0.317378	0.049670	0.209168	0.035732	0.176073	0.059973	0.031229	-0.146861	0.092914	-0.088319	-0.032411	-0.149759	0.046996	0.071748	-0.052656	0.062318	0.067178	-0.031725	-0.010957	0.016868	0.051930	0.075298	0.028308	-0.074571	0.059756	-0.014088	-0.101625	0.066877	-0.028980	0.111193	0.001022	-0.038492	-0.037380	-0.078895	-0.070874	-0.069573	0.062034	0.043310	-0.038733	0.104217	0.071855	0.020130	0.026954	-0.011128	0.012371	0.058892	-0.055185	0.026340	0.025084	0.068700	-0.018757	0.142061	0.016299	-0.000173	0.058607	-0.046289	0.011635	-0.009621	0.084003	-0.037694	0.017146	-0.017619	-0.008421	-0.019368	-0.012433	0.083975	-0.069109	-0.049733	0.019734	0.013251	-0.002263	0.059995	-0.068205	-0.009862	0.043909	-0.002388	0.067512	-0.022031	-0.022819	0.013063	0.017116	0.005199	0.004589	-0.011363	0.023946	-0.016840	0.026150	0.003970	-0.017247	0.002875	-0.004936	-0.007006	-0.008281	-0.044787	-0.057971	-0.044883	-0.008484	-0.013100	0.028094	-0.010677	0.008175	0.025796	0.005472	-0.036642	-0.032685	0.024439	0.014321	-0.019461	-0.010380	0.009913	0.022952	0.009083	0.041832	-0.026242	0.017077	0.016594	-0.005547
2.761449	-0.451155	-0.623382	-0.257463	-0.606809	-0.111846	-0.370591	0.459880	-0.520064	0.248761	0.051830	-0.121923	-0.172976	0.009003	0.123604	-0.116490	0.077999	-0.194588	-0.141763	-0.003341	0.002929	0.037971	0.168917	-0.089463	0.243851	-0.078240	-0.049372	-0.222408	0.224757	0.235062	-0.033047	-0.060875	-0.045251	0.045049	-0.117683	0.041869	0.033665	-0.117005	-0.016029	0.025184	0.014788	0.039967	-0.043423	-0.043005	-0.083542	0.051067	-0.031007	-0.063286	0.064469	0.103586	0.021536	0.019264	0.010346	0.027991	-0.051951	0.009163	0.017911	-0.089626	0.041983	-0.019369	-0.027158	-0.023697	-0.062210	0.041343	0.077844	-0.045967	0.050432	0.046057	0.034853	0.030077	-0.041547	-0.002993	0.053887	0.005287	0.054774	0.004891	-0.011351	-0.003750	0.015654	0.048164	-0.030230	-0.009713	0.010253	0.008203	-0.016156	0.001738	0.022430	0.010854	-0.028296	0.060734	-0.010052	-0.028460	0.017861	0.020386	-0.037268	-0.019751	-0.003351	-0.010374	-0.019926	-0.023738	-0.008202	-0.013135	-0.015206	-0.012781	0.006595	0.005708	0.019499	-0.004505	-0.015904	-0.010761	0.000760	-0.017548	-0.020661	0.008872	-0.034454	-0.001930	0.002949	0.013778	-0.005605	-0.006530	-0.013778	-0.011875	-0.008394	0.018004	0.026499	-0.021398	0.001166	0.017999
1.998626	-0.053059	-0.388049	-0.185268	-0.352942	0.454844	-0.214071	0.364155	-0.100205	0.093847	0.009185	0.147148	0.113860	-0.185397	0.014832	-0.097611	-0.026524	0.159959	-0.053393	0.014506	-0.187879	0.055333	-0.043317	-0.049809	0.016561	-0.014989	-0.004203	0.078150	-0.047480	-0.082148	0.027793	-0.052150	0.044599	0.047123	-0.089857	-0.017721	-0.089183	0.053984	0.012521	0.002999	-0.016549	0.010619	0.032727	0.013006	0.037998	0.092949	0.048457	0.035280	0.021511	-0.038323	0.020216	-0.044166	-0.048437	-0.017584	0.019985	-0.024778	0.048393	-0.019447	0.003512	0.005300	0.074334	0.068768	-0.022817	-0.064679	-0.009073	0.016196	0.001695	-0.061122	0.015027	0.001920	0.044338	0.043412	0.055449	-0.032649	-0.030218	0.043560	0.025196	0.013322	0.006662	0.019275	-0.053845	-0.011570	-0.026223	-0.043312	-0.006015	0.004697	0.028778	-0.012356	0.046455	-0.046165	0.007489	-0.012586	-0.034605	0.042904	-0.008757	0.001750	-0.008420	-0.003028	-0.002588	0.002121	0.008781	-0.003811	-0.016871	0.004632	-0.020506	-0.031744	0.017546	-0.013628	0.007093	-0.006134	0.006145	-0.009828	-0.018098	0.019297	-0.029508	0.014611	-0.007505	-0.019551	-0.026484	-0.011308	0.032992	0.014350	-0.003631	0.024358	0.002775	-0.016347	-0.013738	0.012407
-1.378662	0.599029	-0.177259	-0.608334	-0.337106	-0.192163	-0.306943	0.092613	-0.112484	0.154569	-0.003370	-0.206565	-0.157061	-0.095384	-0.109474	-0.171129	0.161941	-0.002715	0.077515	-0.295582	-0.030829	0.085961	-0.016333	0.164820	0.019953	0.161366	0.031786	0.121211	0.045719	0.070251	0.110868	-0.117926	0.100568	0.018097	-0.012635	-0.072675	-0.154243	0.057002	0.090740	0.060731	0.026648	-0.088144	0.060212	-0.033592	0.015041	-0.063562	0.050531	0.095321	-0.080797	-0.005995	0.004916	-0.021986	0.041614	0.040918	-0.071398	-0.020670	0.031979	0.022187	-0.023204	0.075703	0.003384	-0.004835	0.061554	0.087621	0.070639	-0.035961	-0.007857	-0.029387	-0.030313	0.010450	0.003284	0.001482	-0.072183	-0.030927	-0.020276	-0.048415	0.051647	0.017476	0.021851	-0.048493	0.019718	0.060852	-0.034988	0.044725	0.009888	-0.008654	0.034907	0.021181	0.030961	-0.018910	-0.001051	0.037054	0.014347	-0.009346	-0.025228	0.016779	-0.055732	-0.040184	0.003107	-0.015497	0.029293	0.021700	-0.032679	-0.021540	0.020410	0.043935	-0.001593	-0.015701	0.016847	-0.027475	-0.013233	-0.009226	-0.019967	-0.025201	0.013364	-0.014274	-0.056680	0.024934	-0.020029	-0.047194	0.033913	0.027999	-0.025254	-0.009000	-0.005810	0.014888	-0.035912	-0.014852
-0.608491	0.649789	-0.153757	0.000094	-0.088326	-0.187958	0.305531	0.214722	0.112177	0.323135	0.091158	-0.273230	0.207302	-0.027201	-0.011239	-0.013788	0.147761	-0.070429	-0.035289	-0.106489	0.189942	-0.156249	-0.120241	-0.011222	-0.043132	-0.130865	0.195309	0.184337	0.033560	0.095976	0.001654	0.023476	-0.157700	-0.031601	-0.058602	-0.044420	0.008102	0.117952	-0.041640	-0.052401	-0.093994	0.024244	-0.010730	-0.031978	-0.009074	0.045436	0.059320	-0.028624	-0.062371	-0.014917	-0.064462	-0.025459	0.011265	0.005544	-0.053622	0.029820	-0.056716	-0.008384	-0.042339	-0.028056	-0.045961	-0.095501	0.000235	0.017183	-0.034880	-0.013700	0.013713	-0.022842	0.061350	0.030368	-0.040769	0.012388	-0.000409	-0.007603	0.021553	0.018055	0.029723	0.028223	0.007160	0.007195	0.020128	-0.005870	0.016991	-0.009366	-0.020415	0.009562	0.002422	0.005731	0.022570	-0.004108	-0.001964	-0.006828	-0.009209	0.009558	0.025958	0.004105	-0.007735	0.003921	-0.009468	-0.006101	0.000953	0.016758	-0.047917	0.000878	-0.008645	0.005883	-0.004016	0.008246	-0.020336	-0.006370	-0.031312	-0.011202	-0.007151	0.006319	-0.017744	0.021746	-0.009223	0.016001	-0.014662	0.007091	-0.005464	-0.016087	-0.009111	0.010321	0.009504	0.010262	0.004200	-0.002181
-0.889392	0.172195	-0.039879	-0.157779	-0.134984	-0.190497	0.273163	0.087080	0.227382	0.327460	0.133366	-0.253414	0.241874	0.028738	0.079373	-0.057585	0.209148	0.049281	0.023932	-0.114538	0.188600	-0.077557	-0.108913	0.001307	-0.063200	-0.145938	0.050356	0.203617	0.029974	0.087530	-0.036290	-0.000523	-0.068165	-0.120327	-0.086300	0.129858	0.070427	0.127437	-0.085820	-0.044911	-0.106739	0.059368	0.062733	-0.039787	-0.086836	0.092763	0.001821	-0.237012	-0.011256	-0.091049	-0.050377	0.073471	-0.067076	-0.038343	-0.109070	0.026495	0.089315	-0.050975	-0.009082	0.016299	-0.063068	0.013641	-0.015756	-0.024154	-0.047557	-0.022008	-0.039455	0.097504	0.085598	-0.045642	-0.054732	0.018409	0.047195	-0.003886	-0.035271	0.028118	0.011494	0.083251	-0.004363	0.008545	-0.052130	-0.045477	0.059267	0.025995	-0.013970	0.020157	-0.065293	0.049532	0.037195	-0.042175	0.040112	0.006986	0.032252	-0.013250	0.018742	-0.016119	0.065514	0.049652	-0.026870	0.065369	0.032378	-0.039400	0.022330	-0.058091	-0.003068	0.006358	0.029035	0.052585	0.013439	-0.022371	0.070626	-0.008225	0.044980	0.000013	0.018533	0.008930	0.007773	0.065434	-0.003231	0.074841	-0.030265	0.051373	-0.042949	-0.007575	-0.037076	0.012599	-0.013300	0.009554
1.155062	1.481142	0.057079	0.014705	-0.399059	0.222296	-0.452647	-0.075553	0.186543	-0.293776	0.313316	0.125911	0.143749	0.122958	-0.190229	0.158340	-0.126540	0.002585	0.060558	-0.076647	-0.012821	0.038256	0.013668	0.071193	-0.021401	-0.177570	0.100750	-0.120041	0.013545	0.053352	-0.099218	0.024086	0.009164	-0.089581	0.011032	0.089674	0.031818	-0.087180	0.026165	-0.092424	0.083618	0.043360	-0.017881	0.019762	0.021701	0.003352	0.053956	0.038503	0.001185	0.043605	-0.032949	0.071461	0.036934	0.057766	-0.054306	-0.067237	-0.007115	0.002090	0.047561	-0.054996	0.004162	0.030186	-0.026606	0.021867	0.031647	0.020888	-0.035424	0.064625	-0.033438	-0.028137	0.071222	0.073578	-0.013446	-0.011344	-0.042157	-0.023451	-0.011326	0.014723	0.036960	0.044139	0.016459	-0.023380	-0.009850	0.005796	-0.033732	0.020359	-0.041109	-0.009406	-0.010513	0.014251	-0.040664	0.001186	0.015184	0.005717	-0.002910	0.014821	-0.023238	-0.002400	-0.017533	0.063520	-0.002791	0.031755	-0.021512	0.020915	-0.011247	-0.010002	-0.010552	-0.006597	-0.008505	0.010278	0.003757	-0.010234	0.007464	0.016875	-0.033072	0.025182	-0.012456	0.029860	0.015900	-0.018951	0.014502	0.006338	0.028462	0.011996	-0.009570	-0.010780	-0.018113	-0.003194
0.767844	0.679918	0.392715	-0.057495	0.093407	-0.154451	0.413793	0.229653	0.113613	-0.056155	0.331675	0.037673	0.194981	-0.091254	-0.025385	-0.171281	0.038389	0.093975	-0.201850	0.278126	0.201893	-0.090283	-0.033720	0.016835	-0.006588	-0.021719	0.063887	0.076606	0.074505	0.161295	-0.081961	0.115051	-0.147750	0.030716	0.112673	0.113609	0.053134	0.016355	0.029457	0.180678	-0.086644	-0.028874	-0.029867	0.084522	0.010982	0.069622	-0.075591	0.062006	0.048511	-0.046567	-0.017044	0.036359	0.046117	0.080392	-0.043717	-0.075794	-0.011457	0.018906	0.001752	0.009650	0.032422	0.028424	-0.019735	0.004583	0.088860	0.073406	-0.067464	0.028896	0.039043	-0.045877	0.006870	-0.016113	-0.080537	0.051490	0.048768	0.044186	0.063974	0.009639	0.006125	-0.060486	0.010582	0.034986	-0.000883	0.008674	-0.036321	0.029244	-0.018162	0.000994	0.000627	-0.007861	-0.014123	-0.068100	0.015061	-0.042402	-0.035945	0.013326	-0.004744	0.061912	0.040610	0.008760	0.074055	0.000481	0.057338	0.042436	-0.013735	0.038231	0.004498	-0.033254	-0.002142	0.046835	-0.007246	-0.013500	-0.023961	0.017084	-0.030072	0.003828	-0.041717	-0.019585	-0.014150	-0.041463	0.002069	0.053840	0.041511	-0.068097	-0.022710	0.004059	-0.027846	0.011180
0.030380	0.833121	0.227779	-0.221394	-0.010146	-0.101899	0.383066	0.049399	0.008343	-0.022163	-0.025690	-0.083052	0.132985	-0.186117	-0.059306	0.038642	-0.037674	-0.107691	0.021010	0.148849	0.015837	0.145087	-0.017251	-0.018338	0.074627	-0.046432	0.015020	0.060539	0.034901	0.014838	-0.004345	-0.029122	0.062007	0.017741	0.043927	-0.022293	-0.029994	-0.019018	-0.031194	0.059322	-0.048932	0.062586	0.065611	0.009194	-0.029674	0.002738	-0.061135	-0.046569	0.086455	0.035511	0.024349	0.038530	-0.021055	-0.000352	0.032013	-0.004726	-0.066352	0.042691	-0.006302	0.056218	-0.022518	0.016189	0.001914	0.046469	0.038502	-0.038950	-0.000664	-0.027642	-0.015480	-0.022493	0.013515	-0.036622	-0.050283	0.017421	-0.013723	0.007138	-0.050431	0.004149	0.000496	0.049029	0.022552	0.026502	0.014357	0.068017	-0.004335	-0.015004	0.019626	-0.021679	-0.003834	-0.060326	0.017268	-0.026825	-0.032304	0.028441	0.031907	-0.026528	-0.001553	-0.010619	-0.013350	0.012461	-0.012060	-0.001845	0.017405	-0.023846	-0.000013	0.017485	0.018451	0.001828	-0.004971	-0.000444	0.041386	-0.002298	-0.004418	0.014727	-0.018784	0.002575	0.017808	0.022850	0.027707	-0.013225	0.044082	-0.020908	0.025837	-0.008898	0.014974	0.021688	-0.000610	0.006168
0.127301	1.167723	0.246337	0.285833	0.612101	-0.020876	-0.275847	-0.057785	0.189473	-0.062977	0.083969	-0.383669	-0.142202	0.028222	0.127286	-0.197972	0.072805	0.061476	-0.128299	0.073354	0.011274	0.067319	-0.039199	-0.027499	0.046739	-0.056951	-0.049748	0.124397	0.013008	-0.022583	0.070415	0.050388	0.030935	-0.035035	0.028727	-0.035015	0.063375	-0.166427	0.002332	-0.028884	0.006815	0.031717	0.019684	-0.057511	-0.089635	-0.009734	-0.027166	0.011933	0.041025	0.004622	0.039313	-0.016217	-0.059297	0.013379	-0.003253	-0.004951	-0.065291	-0.006199	0.054004	-0.028669	-0.002698	-0.017529	-0.025623	-0.001368	0.049488	-0.003005	-0.069997	-0.044674	0.005959	0.012350	0.030434	0.008704	0.046948	0.027399	-0.001835	0.030623	0.014877	-0.008646	0.030989	0.003565	-0.041082	-0.004241	-0.008940	0.014055	-0.006648	0.006757	0.016173	-0.003462	0.040495	0.004281	0.010134	-0.007606	0.035647	-0.002429	0.034477	-0.005436	-0.030021	0.011310	0.002476	0.028181	-0.066275	-0.006159	-0.076686	-0.023237	0.018270	-0.015210	-0.024338	0.006007	-0.001273	-0.051250	-0.012585	0.016317	-0.017166	-0.012058	-0.003481	0.005051	0.004183	-0.003726	0.015828	-0.003726	-0.020895	-0.012570	0.026786	0.006896	0.028984	0.046387	0.021150	-0.088717
0.225795	-0.935533	-0.309620	-0.081624	0.297221	0.754758	-0.042760	0.021353	0.037704	0.174813	0.135701	-0.052730	0.009531	-0.268390	0.138595	0.055524	-0.173965	0.013275	0.027451	0.100811	-0.099230	-0.053715	0.228361	-0.088403	-0.179260	0.012735	-0.130488	0.161957	0.031313	0.106396	-0.253212	0.028329	0.145276	-0.019120	0.082404	-0.000117	0.108324	0.112101	-0.089843	0.032838	0.028510	-0.014584	0.035436	0.031461	-0.070344	-0.100039	-0.050323	0.128619	0.072391	0.074719	-0.132096	0.028115	0.041713	0.068128	0.045419	0.040216	0.105183	-0.010243	-0.017087	0.103051	-0.102292	-0.012691	-0.017010	0.009984	-0.031781	0.044001	-0.000859	-0.042498	0.012381	0.011150	-0.033588	0.082449	-0.049833	-0.028274	-0.005803	0.005679	-0.065194	0.005002	-0.063216	0.010931	0.049741	-0.061077	0.032675	0.002464	-0.070814	-0.033471	0.003924	0.053869	0.034477	0.015813	-0.017799	-0.008944	-0.046763	0.010582	0.012484	0.064483	-0.019352	-0.033837	0.076128	0.001290	-0.031388	-0.030528	-0.007679	0.033262	0.060541	0.041357	0.015428	-0.043179	-0.014844	-0.028446	0.010839	-0.018804	0.005858	0.045966	-0.014332	-0.024944	-0.026844	0.051029	-0.014997	0.004956	0.012598	0.033201	-0.087693	-0.012934	-0.041435	0.010570	0.019798	0.020946
0.312323	-1.082416	-0.331405	-0.094710	0.279292	0.781550	-0.034257	0.010998	-0.034828	0.171077	0.110450	-0.072952	0.055544	-0.271792	0.138288	0.048901	-0.205678	0.028754	0.016154	0.140845	-0.070110	-0.099478	0.259240	-0.095449	-0.160694	-0.031404	-0.150799	0.164424	-0.008646	0.063021	-0.265001	0.062782	0.182109	-0.000395	0.087268	0.012483	0.112194	0.072203	-0.061190	0.020256	0.070678	-0.013498	0.006575	0.051750	-0.134613	-0.110662	-0.045587	0.124345	0.078797	0.045414	-0.161114	-0.018075	0.064758	0.104478	0.036130	0.035056	0.113211	-0.014384	0.012977	0.064081	-0.101346	0.032453	-0.001994	0.004385	-0.020352	0.067897	-0.008027	-0.060291	-0.008519	0.020284	-0.011476	0.095287	-0.024432	-0.029020	0.026154	0.007318	-0.059668	0.006393	-0.046064	0.020631	0.075763	-0.060777	0.050343	-0.002713	-0.056041	-0.019203	-0.002708	0.057554	0.010050	0.013165	-0.035960	-0.004298	-0.051159	0.007342	0.026494	0.081099	-0.020837	-0.017679	0.072489	-0.003119	-0.040196	-0.024367	-0.024961	0.017872	0.046702	0.038285	0.004418	-0.023498	-0.036706	-0.052762	-0.004611	-0.003095	0.012851	0.034960	-0.024694	-0.025781	-0.025483	0.060052	-0.015517	-0.002591	0.011396	0.033719	-0.086111	0.000543	-0.033154	0.004130	0.010993	0.031312
-1.180626	0.486450	-0.104965	-0.358252	-0.136745	-0.189538	-0.244558	-0.091003	-0.066217	-0.181345	0.225584	0.099721	-0.119179	0.217034	-0.121564	-0.077422	-0.182856	0.023109	-0.034377	-0.010605	-0.089473	0.098913	0.019706	0.116346	0.039600	-0.032619	0.137397	0.010465	-0.027083	0.046357	-0.018834	-0.076803	-0.041472	-0.003218	-0.037944	0.014386	-0.023301	-0.086627	-0.040993	-0.003420	0.043785	0.062838	-0.020785	0.058391	-0.011652	-0.067643	0.038461	0.025867	-0.031319	0.027184	-0.062390	0.068132	-0.033925	0.064087	-0.054947	-0.036563	-0.025908	0.043079	-0.032249	0.062565	-0.080375	0.029600	0.026020	0.003750	-0.014142	0.033562	0.046272	-0.023895	0.039769	0.031658	-0.014199	-0.029136	-0.000760	-0.022390	0.000906	0.010164	-0.040645	-0.010110	-0.036418	-0.050457	0.007910	-0.027535	0.052397	0.007232	-0.007347	0.017569	-0.039550	-0.014180	0.049332	0.014457	-0.068457	0.003230	0.019884	0.062974	0.023176	-0.034681	0.007555	0.012780	0.006848	0.005016	0.030080	-0.025065	0.010819	-0.001080	0.012017	0.012447	-0.028857	0.049128	0.012297	-0.055671	-0.017289	0.003406	0.005110	-0.015129	-0.049857	0.011004	-0.010184	-0.021305	-0.006559	-0.000200	0.053785	-0.005783	-0.009657	0.015474	-0.005772	-0.020850	-0.045192	0.042264
-0.161908	0.613955	-0.092661	-0.032759	0.113165	0.284906	0.493967	-0.276244	-0.134509	-0.182559	-0.077962	0.033278	-0.110145	-0.029920	0.200133	-0.018539	0.167746	0.125182	0.181244	-0.077012	-0.016514	0.032046	0.140427	0.118123	0.037822	-0.033115	0.122858	-0.114055	-0.064136	-0.033565	-0.111485	0.006936	0.004861	0.073916	-0.033705	-0.017150	0.087678	-0.064652	0.020658	-0.005612	0.061953	0.032342	0.000647	0.039345	0.001165	0.063258	0.042287	-0.001870	0.047587	0.030130	0.008149	-0.042824	-0.017894	-0.005981	0.046881	-0.017185	0.049354	-0.026579	-0.065236	-0.024540	0.011261	-0.044188	0.015470	-0.030839	0.006517	0.050200	-0.012276	-0.003721	0.032643	-0.025081	0.016477	0.028255	0.109118	-0.043759	0.032660	-0.023803	-0.013818	0.073316	0.019402	0.047551	0.038347	-0.029278	0.003533	0.023204	0.026020	0.038333	-0.003845	0.012369	0.019681	-0.042457	-0.025657	-0.012838	0.003425	-0.014608	-0.009457	0.047951	-0.021704	-0.010809	0.036906	-0.043752	0.030739	0.004177	0.016772	0.035996	0.006734	0.008494	0.015754	0.020680	0.004260	0.013716	0.005507	0.011640	-0.023023	-0.034999	0.014209	0.005549	-0.022833	0.006882	0.017564	0.007353	-0.015032	-0.003462	0.012879	-0.031075	-0.029627	0.005654	0.031061	0.017234
-0.239646	0.906490	0.048298	0.217010	-0.084260	-0.069744	0.365574	0.130420	0.119813	0.274449	0.148635	-0.206427	0.248508	0.018150	-0.038109	-0.040187	0.090196	-0.108883	-0.085203	-0.060532	0.109927	-0.053052	-0.038608	-0.030122	-0.120667	-0.087246	0.083158	0.080219	0.049948	0.079531	-0.035016	0.075427	-0.139995	-0.055411	-0.064172	0.108791	-0.020350	0.129682	0.021345	-0.049219	-0.053978	-0.009941	0.008758	0.046941	0.000892	0.081974	0.060109	0.004515	-0.067492	-0.012924	-0.114336	-0.111738	0.022752	-0.024056	-0.037111	0.011066	-0.034597	0.031828	-0.035409	-0.016484	-0.009310	-0.107461	0.005712	0.006894	-0.052917	-0.015925	-0.028749	0.014260	0.033947	0.010239	-0.043704	0.034515	0.014015	-0.029158	0.025846	0.003142	-0.029375	0.010220	-0.014603	0.021738	0.024788	-0.002338	-0.001275	-0.036000	-0.033807	-0.003348	-0.006221	-0.015694	-0.037958	-0.037420	-0.009043	-0.014973	-0.026529	-0.000618	0.003741	0.012099	-0.020297	-0.008378	-0.007935	-0.002505	-0.021687	0.014613	-0.026739	-0.000373	-0.028919	-0.029450	0.016195	-0.011229	-0.040896	-0.000983	-0.009177	-0.007404	-0.000577	0.008581	-0.016892	0.012029	0.020780	0.007117	0.005088	0.015596	-0.009958	-0.002861	0.002320	0.012991	0.015073	0.018199	0.001837	0.014808
-0.312639	0.811791	-0.099562	0.133774	-0.040911	-0.033546	0.373419	0.162873	0.121348	0.318688	0.157279	-0.185827	0.228082	-0.065528	0.011441	-0.042821	0.086115	-0.066515	-0.091900	-0.154764	0.065118	-0.097546	-0.060117	-0.000884	-0.113748	-0.077734	0.086707	0.112506	0.102576	0.082294	-0.001119	0.080182	-0.136137	0.005900	-0.053988	0.119332	-0.021894	0.123422	-0.011719	-0.043468	-0.050593	-0.010848	-0.015935	0.048219	0.014590	0.050506	0.066041	-0.025066	-0.101290	-0.031969	-0.086923	-0.083911	0.041100	-0.037399	-0.084037	0.013092	-0.001612	0.023557	-0.058268	0.029209	-0.005253	-0.112766	-0.007086	0.004662	-0.027782	-0.009274	-0.020267	0.032697	0.037911	0.009561	-0.023401	0.044287	0.006926	-0.007888	0.010605	0.011545	-0.021074	0.026022	-0.003068	0.049884	0.009223	0.014372	0.010111	-0.017087	-0.028048	0.008277	0.002420	-0.017507	-0.028150	-0.031815	-0.016787	-0.011106	-0.016530	-0.011022	-0.006288	-0.012499	0.003965	-0.027968	-0.020705	-0.007803	-0.001456	0.002893	-0.032865	-0.003348	-0.009665	-0.015696	0.003141	0.010940	-0.033154	-0.009127	-0.024039	-0.007380	-0.018283	0.000528	0.000642	0.002292	0.012267	-0.005688	0.020841	0.016728	0.006605	-0.000971	0.003422	0.009017	0.009141	0.005281	0.011929	-0.006738
-0.312639	0.811791	-0.099562	0.133774	-0.040911	-0.033546	0.373419	0.162873	0.121348	0.318688	0.157279	-0.185827	0.228082	-0.065528	0.011441	-0.042821	0.086115	-0.066515	-0.091900	-0.154764	0.065118	-0.097546	-0.060117	-0.000884	-0.113748	-0.077734	0.086707	0.112506	0.102576	0.082294	-0.001119	0.080182	-0.136137	0.005900	-0.053988	0.119332	-0.021894	0.123422	-0.011719	-0.043468	-0.050593	-0.010848	-0.015935	0.048219	0.014590	0.050506	0.066041	-0.025066	-0.101290	-0.031969	-0.086923	-0.083911	0.041100	-0.037399	-0.084037	0.013092	-0.001612	0.023557	-0.058268	0.029209	-0.005253	-0.112766	-0.007086	0.004662	-0.027782	-0.009274	-0.020267	0.032697	0.037911	0.009561	-0.023401	0.044287	0.006926	-0.007888	0.010605	0.011545	-0.021074	0.026022	-0.003068	0.049884	0.009223	0.014372	0.010111	-0.017087	-0.028048	0.008277	0.002420	-0.017507	-0.028150	-0.031815	-0.016787	-0.011106	-0.016530	-0.011022	-0.006288	-0.012499	0.003965	-0.027968	-0.020705	-0.007803	-0.001456	0.002893	-0.032865	-0.003348	-0.009665	-0.015696	0.003141	0.010940	-0.033154	-0.009127	-0.024039	-0.007380	-0.018283	0.000528	0.000642	0.002292	0.012267	-0.005688	0.020841	0.016728	0.006605	-0.000971	0.003422	0.009017	0.009141	0.005281	0.011929	-0.006738
-1.804794	-0.930345	-0.022175	0.292709	-0.330759	-0.002764	-0.080850	-0.172630	-0.754762	0.356436	-0.269738	0.289277	0.027984	0.166287	-0.063602	-0.507523	-0.440366	-0.110447	-0.209223	-0.126840	0.528513	0.235090	-0.089136	0.139678	-0.072646	-0.172323	-0.173422	-0.140323	-0.259516	0.112827	-0.009335	-0.034711	0.001535	0.161861	-0.002085	0.078292	0.186308	0.189846	0.041991	0.025032	-0.049176	0.023053	0.180716	0.100238	0.052391	-0.308314	0.081885	-0.173227	-0.012646	-0.131877	0.004253	0.147910	-0.150581	-0.099560	-0.009692	-0.070542	-0.025787	0.064718	0.015977	0.052583	0.003553	-0.020883	-0.024542	0.070850	0.049472	0.000571	-0.040037	-0.084626	-0.023131	-0.051512	-0.042673	0.083631	-0.013459	0.006685	-0.023789	-0.007102	-0.102579	0.058011	0.052234	0.038557	0.038343	-0.082500	-0.012452	-0.118717	-0.020292	0.045908	0.017552	-0.004262	-0.004551	-0.049270	0.082565	0.070901	0.062349	0.028124	0.011385	0.007187	-0.023505	0.041358	-0.000411	-0.021120	-0.042181	0.030667	0.036653	0.023798	0.001089	-0.018451	-0.009246	-0.039511	0.035693	0.002154	-0.014526	0.040096	0.015361	-0.005983	-0.015079	-0.018516	-0.022861	0.035908	-0.015766	-0.009665	-0.019444	-0.005073	0.019452	-0.019825	0.009162	-0.011557	-0.020990	-0.033931
-1.789711	-1.010088	0.122210	0.257676	-0.348098	-0.066564	-0.140854	-0.159161	-0.770274	0.381742	-0.319258	0.286826	0.038562	0.241202	-0.094792	-0.594540	-0.528973	-0.075423	-0.239698	-0.133902	0.518665	0.226021	-0.057104	0.164763	-0.100992	-0.077718	-0.173625	-0.145703	-0.258025	0.113886	-0.048457	-0.034429	-0.007566	0.217925	0.015187	0.046655	0.198731	0.166172	0.031742	0.022428	-0.053418	0.008825	0.155857	0.130323	0.053634	-0.346869	0.097001	-0.170663	-0.024500	-0.145231	0.017634	0.140091	-0.134234	-0.070265	-0.016616	-0.089815	-0.028778	0.068709	0.022052	0.051100	0.042095	-0.005562	-0.037524	0.050207	0.078613	0.042168	-0.032887	-0.092278	-0.011393	-0.037983	-0.038360	0.132731	-0.011707	0.014290	-0.027593	-0.002932	-0.100171	0.053501	0.062224	0.075314	0.040249	-0.062904	-0.010444	-0.123367	-0.032256	0.053145	0.014255	0.026532	-0.025087	-0.044722	0.063450	0.045504	0.037397	0.018175	-0.019369	0.001253	-0.025740	0.015515	-0.002205	-0.019976	-0.033740	0.029555	0.028134	0.015676	-0.004364	-0.033815	-0.007318	-0.009612	0.026667	-0.000211	-0.002631	0.036326	0.008797	-0.003623	-0.015346	-0.019950	-0.024509	0.025982	-0.007294	-0.013605	-0.012460	-0.020298	0.027903	-0.013699	0.004143	-0.005831	-0.013858	-0.033047
-1.665029	-0.722388	0.802034	-0.102318	0.161416	-0.493405	0.139708	0.093090	0.088510	0.132653	-0.045936	0.126072	0.293992	0.238094	0.032233	-0.086572	0.128459	-0.035682	0.048768	-0.098229	-0.138538	0.049725	0.068821	-0.193886	0.142594	0.068942	-0.015670	-0.010267	-0.074581	0.018291	-0.227992	-0.056224	-0.012537	-0.065436	0.025219	0.076321	-0.172038	-0.054946	0.014019	0.072210	0.022122	-0.061817	0.028275	-0.102771	0.094428	-0.050058	-0.003076	-0.036616	-0.100695	0.088122	0.033237	0.021487	-0.015243	0.042443	-0.033337	0.019286	0.034116	0.057716	-0.039438	0.026406	0.081535	-0.046116	-0.011817	-0.006596	-0.043885	0.003924	0.039771	-0.040035	-0.044778	-0.033782	-0.027250	0.011172	0.063611	-0.043001	-0.037918	0.038531	-0.059386	-0.025076	-0.010142	-0.043165	-0.035381	0.032632	-0.014191	-0.017386	0.042690	0.059007	0.012726	-0.050161	-0.029381	0.052501	-0.022386	0.019486	-0.042528	0.000084	0.002334	0.052016	-0.055026	0.035167	-0.021517	-0.013062	0.060914	0.035407	0.003296	-0.030655	-0.051481	-0.009214	-0.039845	0.015525	-0.010887	-0.010319	0.001908	0.003691	-0.025427	-0.004822	-0.015243	-0.017460	0.025066	0.004378	-0.014074	0.007718	-0.002741	-0.043433	0.005692	-0.015092	-0.005311	-0.046727	0.009893	0.009387
3.509749	-0.596313	-0.118192	-0.158713	-0.711173	0.320101	-0.266840	0.210768	-0.269723	0.089676	0.087054	-0.115245	-0.137816	-0.105524	0.163076	-0.252320	0.117787	-0.188944	-0.205250	0.034236	0.085054	0.254817	0.247367	-0.120172	0.214007	-0.096319	-0.044783	-0.164549	0.096635	0.260460	-0.074611	-0.074859	-0.022231	0.123841	-0.043445	-0.071937	0.023413	-0.058458	-0.065338	0.039798	-0.003493	0.092484	-0.028775	-0.052741	-0.102881	0.105439	-0.012660	-0.091459	0.024250	0.121406	0.051896	-0.068652	0.062810	0.029528	-0.073737	0.035249	-0.025527	-0.091828	0.058157	0.008383	-0.013160	-0.067522	-0.056062	0.087556	0.029263	-0.012067	0.040543	0.036776	0.024419	0.010869	-0.082207	-0.037708	0.053556	-0.000000	0.018820	-0.014158	-0.021274	0.003652	-0.002059	0.009251	-0.009079	0.019443	0.006406	0.011349	-0.018970	0.009295	0.032080	0.000040	-0.014236	0.061645	-0.051391	-0.020408	0.047444	-0.032111	-0.057457	-0.010554	0.011874	-0.004373	-0.009482	-0.037182	-0.045492	-0.013799	-0.014849	-0.003443	0.004492	0.001523	0.023967	-0.023400	0.031049	0.038111	0.023869	-0.027900	-0.018947	-0.006811	-0.035897	-0.022361	0.014928	0.004419	-0.011583	0.028115	-0.031412	-0.030694	-0.034168	0.020399	-0.006545	0.003109	-0.005577	0.004815
0.884455	0.584725	0.162023	0.070930	0.775104	-0.261004	-0.472239	0.180966	0.121960	0.045915	-0.200724	-0.160167	-0.104523	-0.001791	0.060123	-0.056753	-0.121352	0.151511	-0.058495	0.053121	0.155169	-0.105867	0.070179	-0.034371	0.000094	-0.044163	-0.064440	-0.012664	0.012924	-0.003877	0.058403	-0.010926	0.005502	-0.006171	-0.036890	-0.024181	-0.070704	-0.039244	-0.002324	0.008591	0.025486	-0.030691	0.114037	0.004899	0.000367	-0.038915	0.016160	-0.000105	-0.038154	-0.080419	-0.008005	-0.026728	-0.002988	-0.009850	0.019296	0.046800	0.031968	-0.015626	-0.008826	0.007446	-0.019537	-0.009113	-0.014550	0.026779	0.013486	-0.004327	0.059813	-0.035832	-0.013546	0.007545	-0.044629	0.007238	-0.016474	-0.018496	0.060373	-0.027002	0.045364	0.013861	0.014165	0.013125	0.013749	-0.000472	-0.001235	-0.006827	0.001534	-0.045035	0.018058	-0.010799	0.019874	-0.001987	0.012803	-0.006679	-0.020323	0.006716	0.002164	0.012644	0.000609	0.007420	-0.003783	-0.006760	0.022435	-0.013411	-0.017676	0.029683	-0.022136	0.038648	-0.020930	0.011727	-0.020183	0.004673	0.020524	0.013431	0.000920	0.009649	-0.008659	0.011500	-0.000652	-0.014160	0.009372	0.005167	0.006050	-0.000992	0.013571	0.005375	-0.017577	-0.011015	0.013509	0.007314
2.712819	-1.183640	-0.199963	-0.458533	-0.485805	-0.232753	-0.342916	0.202409	-0.336335	-0.097106	0.071677	-0.299357	0.199343	-0.238299	-0.179889	-0.081514	0.006948	0.130905	0.118501	-0.007347	-0.020870	-0.181387	-0.143278	0.025347	-0.018172	0.138129	-0.117473	-0.026155	-0.236152	-0.259328	0.053788	0.221405	-0.012895	0.047924	0.033346	-0.003879	0.105187	-0.020038	0.090926	-0.251437	-0.105800	0.079202	0.018255	-0.063381	-0.092132	-0.042897	-0.061510	-0.034317	-0.001096	0.022806	-0.000747	-0.001726	0.035837	-0.031626	-0.038610	-0.069255	-0.186088	-0.060533	0.048677	-0.018242	-0.007481	-0.089947	0.026637	-0.257513	0.007108	0.098649	0.009297	0.008822	0.085723	-0.030475	0.044227	0.043678	-0.047220	-0.046706	0.029036	-0.090211	-0.009724	-0.003514	0.016191	0.040851	0.025110	0.026903	0.048199	0.007831	-0.046618	-0.007807	-0.001909	0.058223	0.036361	0.030672	0.056014	-0.008228	-0.035323	0.107481	-0.016379	-0.030703	-0.022705	-0.000363	0.013524	0.029993	0.045995	-0.082195	0.018612	-0.149963	-0.073567	0.025626	0.031106	0.006179	-0.021334	0.033467	0.035982	-0.034826	-0.089437	-0.079990	-0.018006	-0.030792	-0.015363	0.055203	-0.024148	-0.087590	-0.032158	-0.074685	-0.031948	-0.019718	-0.031574	0.038082	0.057210	0.010428
-3.498673	-0.384907	-0.578847	-0.742272	-0.339846	0.115671	-0.115674	-0.504182	0.100548	0.122161	-0.022414	-0.100613	-0.729212	-0.782509	-0.300468	-0.017760	0.419137	0.084168	0.072479	-0.262609	0.066320	-0.146882	0.494957	0.121282	-0.267748	-0.335267	0.283735	-0.272290	-0.049424	0.222068	-0.308757	-0.077316	-0.132683	-0.017177	0.352003	-0.376828	-0.191618	0.159004	0.109995	0.114451	0.050174	0.168859	-0.038792	0.009950	0.207658	-0.005072	-0.257414	-0.164511	-0.111764	-0.010313	-0.066154	0.116546	0.150348	-0.094322	0.052022	0.168977	-0.116419	0.031276	0.053532	0.118937	0.211441	-0.021505	0.108616	0.013331	-0.098691	0.006087	-0.140729	-0.004347	-0.031952	0.027237	0.095629	0.115682	0.096041	-0.043810	-0.003926	0.077880	-0.029382	-0.022880	0.033753	-0.057305	-0.084215	0.065119	-0.157117	-0.012640	0.011710	-0.117540	-0.041686	0.050074	-0.046814	0.009239	0.053340	-0.044153	0.065559	0.067707	-0.016250	0.018103	0.044334	-0.061529	-0.031442	0.012642	-0.046313	-0.008636	-0.025665	0.087337	-0.005210	0.002989	-0.030648	0.055114	-0.012611	0.015469	0.016965	-0.004139	-0.052015	-0.012441	0.007067	-0.027208	0.037557	0.071852	-0.108240	-0.086245	0.003853	-0.033261	0.031096	0.030296	0.032093	-0.024319	0.007616	0.018764
3.737473	-0.779105	-0.040697	-0.231310	-0.118162	-0.140133	0.151021	0.097437	-0.051141	-0.061892	0.189371	-0.012890	-0.041382	-0.187487	-0.059717	0.008263	0.040989	-0.054721	-0.046248	0.060075	0.189359	0.088666	0.120129	0.082226	-0.057370	0.092921	0.028749	0.010300	-0.048885	-0.063826	0.079509	0.066560	-0.200656	0.021116	0.259737	0.002407	-0.039181	-0.086480	0.054700	-0.011778	0.094611	0.087153	0.097925	-0.062374	0.000689	0.041911	0.099797	-0.123974	0.035133	-0.047747	0.086446	-0.049962	0.081064	-0.011478	0.037226	-0.056062	0.157599	0.097320	0.053977	0.057070	-0.032503	-0.020153	0.021098	0.022116	-0.031914	0.017208	-0.007803	0.007947	-0.041553	-0.079870	0.099947	-0.169692	0.053704	-0.116833	-0.030444	0.039351	0.011051	-0.056369	-0.031864	-0.041590	0.031737	0.007170	-0.005288	-0.049602	-0.051930	0.102471	0.021710	0.014337	-0.055413	-0.006450	0.057252	-0.008058	-0.067765	-0.022023	-0.003554	-0.052249	-0.043708	0.015550	0.055309	0.052641	0.067418	0.020974	-0.024908	0.020836	0.059664	0.000836	0.000315	0.020439	-0.021354	-0.007719	-0.019956	-0.013906	-0.015971	-0.019973	-0.013151	-0.002800	0.015359	0.002827	-0.002774	0.046260	-0.010584	0.002928	0.015851	-0.010267	0.000159	0.025814	0.008252	-0.012190
1.031239	0.888614	0.429033	-0.311514	-0.007441	-0.055734	0.337526	0.061159	-0.037903	-0.255291	-0.135003	-0.159797	0.188351	-0.204687	-0.057515	0.058258	-0.030578	0.010481	0.158780	0.083029	0.140127	-0.023179	-0.115552	-0.106517	-0.156156	0.144014	-0.133849	-0.036888	0.103752	0.007290	0.006759	-0.069501	0.092801	0.002869	0.002438	-0.020370	-0.002233	-0.010850	-0.083899	-0.018970	-0.053058	0.058811	-0.033001	-0.053448	-0.089175	-0.019285	0.055525	-0.111943	-0.069079	-0.058222	-0.043467	-0.028375	-0.026488	0.002378	0.018082	0.001024	0.013929	-0.118305	-0.025084	0.001402	0.063742	0.038641	0.068160	0.028646	0.095031	0.003297	-0.014932	-0.085804	0.065581	0.024932	0.023012	-0.018282	0.044752	0.056173	0.043476	0.010846	0.039207	0.033178	0.060182	-0.010215	-0.000051	0.035483	-0.001342	0.029311	0.067966	-0.075572	-0.018468	-0.015786	0.021416	0.033591	0.012323	-0.039511	0.032293	-0.018025	0.028334	0.030594	-0.011534	0.102432	0.008180	0.027388	0.039669	0.031386	-0.015900	0.004565	-0.010724	-0.002903	-0.023108	-0.057362	-0.015241	0.029010	0.007077	0.033298	-0.006081	0.053322	-0.023651	-0.007135	-0.003800	0.037912	-0.006760	-0.032572	-0.017710	-0.078230	-0.001406	-0.021021	0.023488	0.004664	-0.021023	-0.014013
-0.797087	0.682108	0.092665	-0.205163	-0.002698	0.149599	0.347198	-0.303284	-0.377078	-0.196778	0.057606	-0.114694	-0.234977	0.120655	0.027868	-0.026370	0.176004	-0.038820	0.061017	0.025747	-0.116686	0.060977	-0.064530	-0.100974	0.002176	-0.090039	0.004265	0.011198	0.103209	0.030071	0.052103	-0.017249	0.136478	-0.130024	-0.072909	0.105825	0.031349	-0.014315	-0.046076	-0.011984	0.006603	-0.024267	-0.127574	0.068347	0.073506	-0.017654	-0.043162	0.037182	0.067953	-0.020849	-0.019898	0.019560	-0.044214	-0.117447	0.016342	-0.076679	-0.000600	-0.049666	-0.030487	0.013697	0.048809	-0.039878	0.020712	-0.007619	-0.014351	0.029573	-0.052737	-0.012212	-0.005304	-0.035029	-0.007241	-0.055535	0.026625	0.058969	-0.067169	0.011611	-0.051509	0.058603	0.008187	-0.038042	-0.037709	0.058290	-0.006254	-0.029306	-0.014833	-0.051585	-0.003174	-0.012261	0.018610	-0.025875	0.030780	-0.017500	-0.042845	-0.032142	0.046632	-0.009683	-0.044090	-0.028930	0.026408	0.008298	-0.049564	0.054886	0.015211	-0.031217	0.011179	0.012269	-0.013119	-0.068635	-0.011822	-0.051867	-0.042203	-0.027610	-0.010161	0.011405	-0.015369	0.004358	-0.018147	0.008716	-0.015712	0.029391	-0.021412	-0.025874	-0.002551	-0.014080	0.021017	0.010021	-0.024046	0.037359
-1.020556	0.241584	-0.007318	0.828900	0.149024	0.239934	-0.240062	-0.282240	-0.298648	0.097229	0.142037	0.038564	0.259211	-0.167404	-0.029545	-0.018772	0.066028	-0.045556	0.082708	0.086559	0.073165	0.143073	-0.095469	-0.077137	-0.121157	0.105845	0.103847	-0.054088	0.043983	-0.052333	-0.041701	-0.075847	-0.017515	0.147291	0.019780	0.095111	0.003242	0.070229	0.100478	0.131184	-0.112613	0.039675	0.016211	0.064642	-0.083740	-0.001401	-0.030489	0.137910	0.130773	-0.067896	0.206942	-0.014877	0.026936	-0.090382	-0.090877	0.063323	-0.033475	0.050462	0.081540	-0.032772	-0.030776	-0.072519	0.070389	0.032628	-0.034001	-0.068340	0.070320	-0.073999	-0.066950	0.058764	-0.017178	0.024716	0.065974	0.021152	-0.005887	-0.029231	0.004749	-0.035164	0.030520	-0.027789	-0.082330	-0.084073	-0.061025	0.072377	-0.039948	0.033699	-0.014132	0.003378	0.050607	0.061411	-0.037225	-0.013080	-0.054734	0.005051	0.014135	0.055482	0.023474	0.044143	-0.023033	0.040177	0.009988	-0.003100	0.022708	0.000241	0.010220	0.048365	0.005269	0.041930	-0.020614	-0.038534	-0.044076	-0.042443	0.028085	0.029334	0.006764	-0.033663	0.016019	0.011563	0.009918	-0.001853	0.000648	-0.017328	-0.015464	0.013367	-0.013800	0.013552	-0.003344	-0.022068
-1.240403	-0.139155	1.043293	0.753548	-0.038333	-0.252205	-0.239527	-0.129003	-0.308073	0.113808	-0.073125	0.026969	0.099572	-0.197392	-0.202013	0.000663	0.123616	-0.106960	0.103673	-0.015692	0.023561	0.024621	-0.141837	-0.133897	-0.127931	0.029151	0.120152	-0.092483	0.046092	-0.111243	-0.070417	-0.098806	-0.042385	0.063899	0.004365	0.102226	0.054567	0.100750	0.150776	0.173091	-0.134368	0.012300	-0.016100	0.050769	-0.046471	0.013906	-0.037575	0.140644	0.138786	-0.103818	0.163479	0.032855	0.128794	-0.074940	-0.050611	0.039685	-0.000990	0.024812	0.021708	-0.043449	0.030004	-0.036932	0.066382	0.044006	0.006717	-0.081401	0.003477	-0.061902	-0.040778	0.089566	-0.021984	0.065551	0.055681	0.047161	0.025592	-0.016062	-0.022017	0.002397	0.085549	-0.085210	-0.094059	-0.032926	-0.041945	0.038221	-0.050823	0.030806	-0.002620	0.037974	0.038950	0.036301	-0.066392	-0.017400	-0.078977	0.023589	0.012157	0.040111	0.007424	0.050437	-0.031062	0.045603	0.011604	-0.005905	0.034215	-0.021285	0.003970	0.012402	0.008509	0.028850	-0.034426	-0.023938	-0.002674	-0.034069	0.011899	0.006811	-0.022755	-0.018096	0.007924	-0.014448	0.004164	0.005760	0.008956	-0.023529	-0.027883	0.022604	0.004459	-0.027291	-0.008035	-0.007895
-1.049004	-0.659517	-0.731121	-0.180655	-0.125913	0.520272	0.009061	-0.077728	0.469558	-0.109472	-0.014565	0.011168	0.103178	0.110606	0.039495	0.092677	-0.059743	0.134268	0.186511	-0.085555	0.112218	-0.141559	0.118957	-0.100445	-0.020882	0.150683	0.016058	-0.092685	-0.036302	-0.199499	-0.041300	-0.208983	-0.056303	0.219840	-0.106473	-0.090934	0.167519	-0.177944	-0.013691	-0.020586	0.033871	-0.129365	0.067682	-0.013602	-0.098827	0.112177	0.099000	0.017749	0.033872	-0.069589	-0.005215	0.004589	0.062392	0.022637	-0.120913	0.022651	0.075527	0.064623	-0.001230	0.112183	-0.076989	-0.038264	0.075090	0.038090	0.110724	-0.028238	0.005095	0.037136	0.058509	0.026006	-0.034610	0.046218	-0.070218	0.082952	-0.016076	0.001150	-0.021075	0.061210	-0.023810	-0.076771	-0.010366	0.154009	-0.030158	-0.028324	-0.059683	0.073764	-0.044394	0.055838	0.024144	-0.022105	-0.040840	0.008890	-0.021735	-0.043965	-0.005499	-0.041657	0.082974	-0.119092	-0.071102	0.035853	-0.018293	-0.019045	-0.043679	-0.057071	-0.004028	-0.056693	-0.066685	-0.045575	0.083980	-0.057817	0.003819	-0.006518	-0.035129	0.018459	0.048960	-0.033733	-0.040146	-0.032019	-0.084557	0.022429	0.006790	-0.021447	0.061549	0.023838	0.033707	0.023193	-0.052701	-0.019128
-0.572434	-0.763624	1.015107	0.435005	-0.322028	-0.142185	-0.034894	0.164206	0.124699	-0.116951	-0.344372	0.148803	-0.179851	0.021639	-0.087148	0.023950	0.049856	-0.015676	0.031353	-0.087483	0.036017	-0.093246	-0.007537	0.015597	-0.112784	0.110213	-0.014567	0.102048	-0.153574	-0.037047	-0.043284	-0.051419	-0.082250	-0.014239	0.036072	-0.059169	0.003838	0.027467	0.073798	-0.013696	0.012700	0.012774	-0.054400	-0.027625	-0.081378	-0.009940	0.038607	0.024557	0.011768	-0.061225	0.025251	0.104873	0.056463	0.065516	0.035759	-0.028940	-0.028144	-0.014293	-0.021454	0.006177	0.034859	-0.089820	-0.041917	0.041390	0.019640	-0.082134	0.089308	0.041465	0.049585	-0.020850	-0.021052	-0.012360	-0.102589	-0.004310	-0.005533	0.005169	-0.010588	0.026827	-0.035313	-0.041187	-0.068273	0.007721	0.082221	0.005201	0.023591	0.028312	0.075869	-0.072416	-0.008850	0.038795	-0.021393	-0.017984	0.001417	0.004631	-0.015218	0.004565	0.045902	-0.020963	-0.001506	-0.034042	-0.065325	-0.025236	0.024395	-0.050667	0.033947	0.016398	-0.070709	0.042137	0.047826	-0.034836	0.048484	-0.001832	-0.051004	0.038996	-0.018768	0.053545	0.020016	0.039167	0.014078	-0.006539	0.036571	0.080091	0.089777	-0.009527	0.045461	-0.035825	0.013814	0.008736
0.711951	0.150499	-0.222789	-0.202498	0.014856	0.186980	-0.190279	0.462597	0.022718	0.370247	0.100813	0.289927	-0.292727	0.115773	0.007002	0.184873	0.059404	-0.039427	0.032117	0.040549	-0.012470	0.110048	-0.003094	0.032879	0.025086	0.176471	-0.025885	0.017240	0.025117	-0.133780	-0.053593	0.095200	0.047134	0.062225	0.017033	0.098692	0.023633	-0.051731	0.014427	-0.011894	0.000768	-0.015885	-0.013948	0.074356	-0.043577	0.019821	0.081108	0.004410	-0.076551	-0.042320	-0.008252	0.063845	-0.028539	-0.028198	0.027438	-0.031087	-0.089564	-0.042506	-0.009920	-0.055249	-0.043407	-0.014579	0.011942	0.016860	-0.025185	-0.043029	-0.009834	-0.021992	-0.011915	0.063944	-0.026335	-0.016877	-0.035776	-0.040560	-0.052533	-0.025002	-0.002133	0.010917	-0.009738	-0.007327	-0.020048	0.032360	-0.024965	-0.033674	0.017389	0.033713	-0.033419	-0.006385	-0.054034	-0.002623	0.049386	-0.040654	0.020165	-0.011097	0.006413	0.024090	-0.065225	-0.001767	0.047234	0.036890	-0.039086	-0.003717	0.039954	-0.001849	0.010237	-0.025776	0.010835	-0.008411	0.022632	0.028065	0.040738	-0.016977	0.010674	0.042941	0.024314	-0.032641	0.027738	0.022271	0.033334	-0.010382	0.007146	-0.059088	-0.019655	0.038987	0.031155	-0.057318	-0.017514	0.034374
1.509789	0.542717	-0.097753	-0.086525	0.044865	0.320819	-0.236581	0.523227	0.333424	0.471443	0.125389	0.412388	-0.276029	-0.016576	-0.065574	0.206051	0.153060	-0.050878	0.086230	0.071379	0.071017	0.094183	-0.059885	-0.022393	0.062152	0.148537	-0.036970	-0.081845	0.023671	-0.090058	-0.061784	0.058605	0.146117	0.065714	0.011389	0.084050	0.059973	-0.028441	-0.043449	0.050442	-0.030337	-0.055667	0.000110	0.153046	-0.000275	-0.021962	0.061502	-0.049149	-0.044803	-0.056788	-0.010415	0.000317	-0.008957	-0.040612	-0.010342	-0.048567	-0.107637	-0.047585	-0.048104	-0.069614	0.031679	-0.045846	0.039403	0.048971	-0.072346	-0.034369	0.022970	-0.022361	-0.048848	0.061892	-0.030432	0.015107	-0.038819	0.006803	-0.081311	0.040993	0.034557	-0.020851	-0.015113	0.004419	-0.014474	0.077274	-0.047560	-0.009590	0.001114	0.042920	-0.036933	-0.004283	-0.049706	-0.022554	0.087731	-0.038370	0.029784	-0.052619	-0.005109	0.024995	-0.061575	-0.049269	0.046737	0.028230	-0.048809	-0.007624	0.028574	0.012829	0.039938	-0.056409	0.056315	-0.035055	0.030428	-0.002218	0.061682	-0.010033	-0.022084	0.011476	0.070548	-0.046985	0.039379	-0.012661	0.044342	0.025834	-0.017478	-0.042887	-0.024802	0.027085	-0.010265	-0.020815	0.029077	-0.019959
0.486859	0.862521	0.997635	0.369183	0.505094	-0.036639	-0.271156	-0.011895	0.083756	-0.161273	0.003994	-0.394177	-0.150916	0.073837	0.009164	-0.104538	-0.082529	0.038186	-0.096343	0.043941	0.063699	0.027945	0.081186	-0.099938	0.008976	-0.013926	-0.030896	0.001627	-0.107614	-0.087868	0.007279	0.053834	-0.029367	-0.110105	0.017672	-0.015023	0.008300	-0.050068	0.085037	-0.006664	0.001644	-0.009870	-0.000197	-0.029777	-0.107728	0.002036	-0.007411	-0.008700	-0.026413	-0.005591	0.086770	0.011752	0.019295	-0.071735	0.049980	-0.033770	-0.035980	-0.028495	-0.009980	-0.040133	0.012456	-0.015566	0.019552	-0.030584	0.064191	0.030121	-0.035020	-0.108163	0.029418	0.018767	-0.006894	0.052257	0.080863	-0.016945	-0.026755	0.022973	-0.038169	0.019288	0.002366	-0.015065	0.002269	0.044914	0.001372	-0.023012	0.011603	0.001165	-0.000279	0.000873	-0.011768	-0.016556	0.006494	-0.049556	0.030190	0.023571	-0.008276	-0.006610	-0.019929	0.014309	0.004171	0.015552	0.012577	-0.002944	-0.050358	-0.011347	-0.013165	-0.037400	0.018734	-0.004004	0.003842	-0.013664	0.027389	-0.042365	-0.036745	0.016925	0.058740	0.045584	-0.031844	-0.019333	0.027959	-0.020669	-0.009366	-0.008241	-0.005658	0.042269	0.042244	0.020487	0.000407	-0.032510
-0.140465	1.232765	0.477142	-0.223075	-0.230480	-0.320140	0.305573	0.028004	-0.082243	0.010245	0.067603	-0.369322	0.111497	-0.076406	-0.212475	0.048883	-0.028409	-0.207895	-0.028880	-0.019841	0.161862	-0.032994	0.098619	0.168160	0.086599	0.049060	-0.034719	-0.096375	-0.252502	-0.044311	-0.118567	-0.008311	-0.013696	-0.129466	0.019883	-0.099023	0.048984	0.001328	-0.117018	0.013300	-0.039651	-0.150907	-0.040419	-0.074185	0.038982	0.035932	-0.175633	0.005695	0.059173	0.061605	0.074929	0.016246	-0.105582	-0.038981	0.059917	0.028898	0.018833	-0.027798	0.038675	-0.074701	-0.039525	0.027703	0.030982	0.026987	-0.028932	-0.015667	0.034665	-0.050668	-0.014786	0.047969	0.076480	0.002237	0.049756	-0.005460	-0.050356	-0.037955	-0.012205	-0.026609	0.033818	-0.038615	0.021280	0.030494	0.117427	-0.053329	-0.036027	-0.003916	0.012730	0.004104	0.046477	0.005623	-0.045761	0.029332	0.050730	0.022822	-0.033633	0.031545	-0.032781	-0.039473	-0.004229	-0.016392	-0.013616	-0.038065	-0.020153	0.016200	0.019681	-0.018887	0.021664	0.009462	-0.049329	-0.022161	-0.017108	-0.020239	0.040336	0.004736	-0.007235	-0.016850	-0.002560	-0.029923	0.006338	0.010988	-0.010310	0.034417	0.026671	0.013000	-0.008474	-0.001310	-0.013750	0.014673
0.264736	0.420146	0.860914	-0.141271	-0.133945	-0.353867	0.510590	0.174503	0.103479	0.140645	-0.166600	-0.001245	0.137204	-0.240303	-0.105578	-0.090327	-0.259255	-0.055195	0.101853	0.172492	-0.024321	0.063231	0.080219	-0.005130	0.061551	-0.000900	-0.081938	-0.017146	-0.034220	-0.105101	-0.029843	-0.101240	0.022489	0.030747	-0.106121	0.037252	0.005964	-0.033430	0.061597	0.046704	0.014681	0.074332	0.110292	0.066110	-0.002760	0.004404	0.015796	0.039088	0.041056	0.016909	-0.023472	0.020154	0.079449	0.031452	0.049022	0.075234	0.033079	0.036189	-0.054788	-0.006515	-0.066891	0.021927	-0.005449	-0.020575	0.014012	-0.009480	0.007241	-0.051656	-0.053723	-0.036059	-0.019116	0.012788	-0.005834	-0.001974	0.009419	-0.029328	-0.017765	0.021619	-0.028188	0.042041	-0.022273	0.006570	-0.027717	0.048122	0.013017	-0.034919	-0.012984	0.011450	-0.073762	-0.029088	-0.018801	-0.030053	-0.025653	-0.011318	-0.017586	0.017257	0.029626	-0.014266	-0.008125	0.034549	-0.055613	0.004121	-0.023655	0.010941	-0.026451	0.021206	0.010130	-0.047194	0.012940	0.013453	-0.007896	0.033891	-0.006563	0.002558	0.021609	0.015336	0.002112	0.022664	-0.010244	0.027721	0.013740	-0.011855	0.053728	0.020910	-0.000909	0.031475	0.021159	0.068819
2.495711	1.097043	-0.272536	-0.392700	0.179726	-0.281923	0.208248	-0.117322	0.137344	-0.147998	-0.344950	0.278855	0.191026	-0.239164	-0.191186	0.040512	-0.183034	-0.055956	-0.015010	0.018454	0.210737	0.019920	-0.173273	0.001862	-0.066971	0.211740	-0.109021	-0.048306	0.182310	0.149512	-0.179696	-0.015003	0.032680	0.054027	-0.112512	-0.042315	-0.008121	-0.047733	0.108115	-0.072696	0.028008	0.049421	-0.048131	-0.006072	-0.014881	0.000899	-0.058338	0.015684	-0.063688	0.025469	0.021085	-0.031664	-0.021595	-0.003900	0.037471	0.024164	-0.005765	-0.058490	-0.008040	0.030425	0.062983	0.018981	-0.029947	0.004701	-0.076175	-0.000114	0.044097	0.059347	0.011910	-0.013549	-0.007797	0.004891	-0.005045	-0.016929	-0.075021	-0.010543	0.031082	0.028620	-0.026633	-0.046411	-0.003837	-0.034739	-0.038366	-0.032955	-0.043237	-0.023419	-0.008610	0.060950	0.005942	-0.005403	-0.023501	0.010236	-0.005268	0.008978	-0.005869	-0.024233	-0.001375	-0.007588	-0.015226	-0.011574	-0.010082	0.005624	0.010075	-0.009911	0.011215	-0.002968	-0.029180	0.005426	0.006452	-0.020168	0.010627	-0.000968	0.012226	-0.023014	0.001055	0.016679	-0.010519	-0.003269	0.015203	0.014222	0.000429	-0.006332	-0.020696	-0.013275	0.013827	0.013109	0.008588	-0.005662
1.894915	-1.271821	-0.679922	0.175553	0.008323	-0.676298	-0.290879	0.032905	0.268217	-0.445820	0.144770	-0.201398	-0.086732	0.155024	-0.152919	-0.042808	0.008170	-0.124919	-0.053596	0.000532	0.006127	-0.166906	-0.074048	0.161227	-0.003973	0.231083	0.017273	-0.136502	0.181111	-0.177443	-0.076207	-0.053116	-0.058887	-0.074098	-0.093339	-0.017715	0.015516	-0.015359	-0.040459	0.004568	-0.100235	0.013362	0.072903	0.082807	0.091896	0.111494	0.102681	-0.032578	0.009917	0.038263	-0.054882	0.069759	0.004389	-0.169265	0.150965	0.052793	-0.102820	0.033760	0.041083	0.018723	0.012424	0.011550	-0.007435	-0.011149	-0.050975	-0.042436	-0.026423	-0.077478	-0.016050	0.053677	-0.040110	-0.022420	0.020474	-0.006738	0.022451	-0.040172	-0.055239	-0.000719	-0.051403	0.064097	0.078967	-0.019600	0.016179	-0.037369	0.016318	0.033553	0.085047	0.139629	-0.007914	-0.039048	0.000292	0.038292	-0.032467	-0.039053	0.034921	-0.026544	-0.164441	-0.032218	-0.084334	0.092172	0.112599	-0.046621	-0.002633	-0.016361	0.020133	-0.025300	-0.056389	-0.067721	0.042120	0.027216	-0.010011	-0.010221	-0.032841	0.076346	-0.009673	-0.133121	0.041646	0.013250	-0.071100	-0.024829	-0.061329	0.053637	-0.082438	-0.005728	0.026001	0.001104	-0.036106	0.043562
-1.628761	-0.015306	-0.214953	0.276100	-0.284057	0.435279	-0.049254	0.005404	0.232702	-0.219242	-0.199729	0.051828	-0.211511	-0.081954	-0.259804	0.117224	0.003878	-0.103124	-0.044501	0.156801	0.089601	-0.003251	0.002405	-0.025044	0.133541	0.056383	0.108966	0.073137	0.162331	-0.106508	0.092360	0.114117	-0.055261	0.069004	-0.072887	0.150925	0.094196	0.076832	0.114619	-0.148586	0.041440	-0.057753	0.012590	0.018521	0.107126	0.039036	-0.089165	-0.079719	0.021722	0.018191	-0.010413	0.066980	-0.033036	0.056527	-0.028699	-0.047817	0.070418	-0.020129	-0.010843	-0.011882	0.005991	-0.026684	0.044671	-0.039604	0.046739	0.041557	0.025964	-0.044896	-0.027029	0.060557	0.053120	0.006188	0.026317	-0.050716	0.016221	0.007178	-0.053904	0.004642	-0.056887	-0.005487	-0.015485	-0.012889	-0.004739	-0.003351	0.028143	-0.012224	-0.035057	-0.010911	0.032777	0.013847	0.009984	0.003436	0.010092	0.004723	0.007334	-0.004455	0.026074	-0.027468	0.008403	-0.052013	0.010188	-0.013414	-0.018332	0.050493	-0.001112	-0.006882	0.028001	-0.007911	-0.016174	-0.004822	0.014067	0.023209	0.025990	0.007544	0.014729	-0.015876	0.033084	0.063911	0.032795	-0.022181	-0.006451	-0.009448	0.024559	-0.013440	-0.011395	0.017764	-0.020555	0.008783
-0.997115	0.565277	0.438445	0.903200	-0.381388	-0.125684	-0.001807	-0.624375	0.167413	-0.142556	-0.024148	0.106798	-0.003742	-0.049361	0.558915	-0.096132	0.193366	-0.031452	-0.105510	0.090690	-0.099217	-0.068198	-0.079818	-0.067111	0.067343	0.093483	-0.141657	-0.026323	-0.128635	-0.094946	-0.074471	-0.075368	-0.009519	0.048530	0.008876	0.142246	-0.094107	-0.059779	-0.050850	-0.160566	-0.063506	0.157662	-0.042710	0.011806	0.092421	-0.076081	0.062918	0.076807	0.130652	0.025606	-0.071227	-0.008643	-0.064837	0.042606	0.122261	0.144037	0.076771	0.042484	0.007766	-0.137116	-0.035418	-0.079941	0.096111	0.274058	-0.009755	0.071948	0.010349	-0.129229	0.308153	-0.041954	0.006214	0.128372	0.130456	-0.091390	0.057884	-0.070192	0.129488	-0.104311	0.113523	-0.165540	0.064712	0.052309	-0.110444	0.001587	-0.106094	-0.110578	-0.111663	-0.130068	-0.083047	-0.016447	0.108054	-0.018696	-0.049259	-0.005663	0.025048	-0.266280	-0.070690	-0.044187	-0.063281	-0.047723	-0.074606	-0.022581	0.048450	-0.065604	-0.022183	0.071838	0.010259	0.031677	0.055088	0.102698	-0.041185	-0.018610	0.050892	-0.073980	-0.072734	0.015418	-0.034002	0.050333	0.033957	0.011848	-0.004342	0.003665	0.042208	0.083558	-0.085481	-0.054156	-0.001319	0.003810
-0.613503	0.974431	0.224388	-0.337861	-0.166476	-0.245652	0.179330	-0.011234	0.023452	0.012958	0.087842	-0.317816	0.143230	-0.133548	-0.168667	0.150672	0.021491	-0.195913	0.031242	-0.093181	0.169811	0.088867	0.141176	0.159091	0.002050	0.078749	-0.045426	-0.098716	-0.108442	-0.049878	-0.056408	0.000935	0.012058	-0.034451	0.045495	-0.087597	0.054343	0.009490	-0.165437	0.021262	-0.030365	-0.152148	0.021325	-0.043719	0.062897	0.026732	-0.044271	-0.039176	0.048861	0.027652	0.030948	-0.084719	-0.117344	-0.020560	0.031917	-0.012470	0.045604	-0.016437	0.045257	-0.046744	-0.022030	0.023447	-0.037607	0.009586	0.010996	-0.045283	0.006677	-0.037558	-0.014813	0.010454	0.063349	0.025617	-0.005335	0.034623	-0.001891	0.005672	-0.008400	-0.043285	0.031780	-0.014859	0.027691	0.040709	0.022909	-0.049359	-0.030689	-0.054415	0.004286	-0.031331	0.056520	0.019972	0.010625	0.002525	0.030532	0.026221	-0.016953	0.049074	-0.022757	-0.000884	-0.008501	-0.027222	-0.000589	-0.017252	-0.007497	-0.006417	0.031664	-0.010480	0.007002	0.020174	-0.003162	-0.044410	-0.021645	-0.021670	0.027206	0.005953	-0.012900	-0.010510	0.027392	-0.027119	-0.015657	0.009716	0.012621	0.042182	-0.001329	-0.008385	-0.006363	0.006633	0.004109	0.023948
0.031767	0.684829	-0.021091	-0.224702	0.099616	-0.025675	0.370797	0.094261	-0.041923	-0.000064	0.050398	-0.068749	0.148079	-0.116832	0.019200	-0.134367	-0.044969	-0.077327	0.048495	0.051804	0.079398	0.082275	-0.176042	-0.057646	-0.059433	-0.004798	0.062770	0.067655	0.079957	-0.014180	0.063902	0.000231	-0.025667	0.036652	0.056403	-0.033330	0.085836	-0.060327	0.013749	0.072424	-0.018567	0.101945	0.098764	0.058290	-0.034310	-0.063558	-0.056465	-0.005549	0.019867	0.028320	0.017009	0.048822	-0.014917	0.041060	0.020681	0.047343	-0.044923	0.057850	-0.031616	-0.024710	-0.062384	0.025229	0.005986	-0.027848	0.037026	-0.002985	0.053557	-0.033809	-0.049296	-0.025249	-0.012027	-0.071632	-0.023676	-0.006148	-0.009949	0.025180	-0.000519	0.000637	-0.049398	0.042992	0.010965	0.036730	-0.014739	0.043323	0.021554	-0.005616	0.003657	-0.022802	-0.007423	0.007719	0.025806	-0.010952	-0.034382	-0.005150	0.025444	-0.016775	0.057410	0.001525	-0.012443	0.005187	-0.017982	-0.005066	-0.027027	-0.007213	0.002942	-0.001807	0.017642	-0.026107	0.022942	0.003569	-0.002789	0.025104	-0.018126	-0.025595	-0.001513	-0.022687	-0.008201	0.011475	0.027564	0.011193	0.006428	-0.008318	0.012024	0.021465	-0.001929	-0.005758	0.007242	0.031968
-1.616773	-0.020790	-0.165127	0.291377	-0.287972	0.412374	-0.048317	0.016841	0.232725	-0.234128	-0.227089	0.057902	-0.213605	-0.065446	-0.253624	0.119482	0.006466	-0.116522	-0.053941	0.134622	0.063769	0.012982	-0.004553	-0.028493	0.129249	0.061952	0.108376	0.071249	0.165969	-0.100495	0.093733	0.095670	-0.051621	0.078662	-0.070953	0.167143	0.064069	0.075313	0.115425	-0.143892	0.053865	-0.062434	0.023999	0.008995	0.123554	0.051700	-0.099395	-0.084372	0.020892	0.021386	-0.029451	0.070023	-0.022582	0.046145	-0.018110	-0.033576	0.081901	-0.022610	-0.020132	-0.001243	-0.017370	-0.021098	0.044900	-0.025415	0.045787	0.047594	0.021157	-0.041794	-0.030100	0.062542	0.045674	-0.000403	0.035764	-0.045086	0.014987	0.003461	-0.063087	0.005895	-0.052074	-0.009871	-0.012231	0.000883	0.007447	0.004329	0.031986	0.004117	-0.025347	-0.012228	0.026969	0.019842	0.000307	0.006521	0.020409	0.005445	0.012900	0.001167	0.026768	-0.025231	0.010992	-0.055519	0.011603	-0.012175	-0.008689	0.041540	0.009777	-0.010591	0.016079	0.003239	-0.012497	-0.002959	0.006709	0.020734	0.029239	0.007772	0.014746	-0.008795	0.027341	0.070597	0.037763	-0.023349	-0.000403	-0.013458	0.019601	-0.014609	-0.009143	0.017546	-0.019508	0.005170
0.252997	-0.062950	-0.218019	0.286768	0.486478	0.167751	-0.198001	-0.108985	-0.478633	0.177285	0.049586	0.177402	0.169606	0.120028	-0.089934	-0.009087	-0.026613	0.097107	-0.123723	-0.079435	-0.071928	-0.181736	-0.134768	0.111283	0.326507	-0.061636	-0.024012	0.047906	0.113427	-0.070201	-0.069472	0.049130	-0.104502	-0.013423	0.085373	-0.019185	-0.051110	0.036273	-0.094821	0.047315	0.118828	-0.039946	-0.017747	-0.054800	-0.084010	-0.055051	-0.017217	-0.049944	-0.072146	-0.062415	-0.053169	0.015693	-0.060942	0.022387	0.055944	0.094905	-0.038206	-0.009253	0.028649	0.092938	-0.033946	0.025176	-0.026309	0.034443	0.011391	-0.012351	0.002768	0.007300	0.024806	-0.024531	0.055773	-0.011736	-0.003857	0.014690	-0.008195	-0.022459	0.001912	-0.013201	-0.047133	0.024381	-0.056869	-0.000530	-0.030924	-0.012023	-0.028938	-0.008245	0.031786	-0.060130	0.056258	0.034638	-0.001793	0.004123	-0.009484	-0.061013	0.054167	0.018030	0.030092	-0.076193	0.024298	-0.033787	0.006759	-0.021961	0.019919	0.033782	0.059992	0.013094	-0.026631	-0.058490	-0.046339	0.038492	0.024688	-0.025642	0.015608	-0.021350	0.052108	0.018786	0.029729	0.003110	-0.000446	0.038740	0.056981	-0.020999	-0.017370	0.030796	-0.015676	0.017337	0.013636	-0.001876
1.390820	1.028083	-0.571824	0.907396	-0.316758	-0.964875	-0.090532	-0.209789	1.030499	0.752095	0.088888	0.194154	0.325674	-0.299150	0.317038	-0.130599	-0.061095	0.336596	-0.023743	-0.150556	-0.255200	-0.060541	-0.094247	-0.149656	-0.107743	0.202064	0.223468	-0.259115	0.308406	-0.155937	0.079396	0.179659	-0.241320	0.267896	-0.073375	-0.270528	0.018803	0.008286	0.218314	0.023169	0.066988	-0.090773	-0.181089	0.128448	-0.122487	-0.203231	-0.142481	-0.101709	-0.011836	-0.110297	0.162240	-0.056452	-0.059027	0.183000	0.039322	-0.016268	0.096914	0.063236	0.173522	-0.058122	0.043105	0.231544	0.136376	0.131561	0.022663	0.165982	-0.137211	0.102746	-0.096393	-0.004506	-0.289190	-0.086288	0.051309	0.048096	0.087678	-0.080170	-0.209329	-0.024832	-0.029600	0.048983	-0.033701	0.021768	0.212781	0.003121	0.086399	-0.106113	-0.136500	-0.079101	-0.013498	0.020883	0.103297	0.008089	0.029927	0.096644	0.011761	0.067478	-0.130273	-0.027716	0.003258	0.058759	-0.009257	0.014487	-0.031297	0.005379	0.053564	0.025115	0.039247	-0.006640	0.086655	-0.005041	-0.027141	-0.066393	-0.036958	-0.008530	0.015230	0.067535	-0.023931	-0.004321	-0.065017	0.022219	0.009115	-0.016130	0.014851	-0.007697	0.003290	0.002456	-0.032526	0.008930
1.179410	-0.864334	0.768452	0.631307	0.178413	-0.326927	-0.099639	-0.229668	-0.373969	0.053558	0.187785	0.260445	0.123375	-0.328223	0.042860	0.173075	-0.009971	-0.198464	0.173307	0.079491	-0.076438	0.029918	0.114381	0.110690	-0.147731	-0.083294	0.174204	-0.000531	-0.087988	0.076142	0.264094	0.037408	0.041201	-0.051721	-0.099926	0.031204	-0.027139	-0.129792	0.013019	0.043894	-0.092364	-0.116230	0.059966	-0.039452	-0.082691	0.094731	-0.043765	0.043766	-0.056906	0.005416	-0.033845	0.075139	-0.009168	0.138665	-0.012662	0.043619	-0.031623	-0.024601	-0.029324	0.006258	0.085064	0.012146	0.008076	0.032081	0.020010	0.011671	-0.021674	0.004885	0.028919	0.002903	0.014265	0.002386	0.023032	0.023947	-0.036842	-0.004921	-0.040693	0.002967	-0.013090	0.006168	-0.001202	0.017626	-0.039952	-0.018606	-0.014699	0.014637	-0.002184	-0.000107	-0.006390	-0.014952	0.016613	0.027394	-0.011337	-0.019041	0.000199	-0.003959	-0.033482	-0.001477	0.010496	-0.009036	-0.000250	0.004142	-0.009292	-0.007639	-0.012903	-0.002004	-0.013227	-0.000918	0.031045	-0.002172	0.013625	-0.012163	0.023782	-0.009316	0.003713	-0.006675	-0.028165	-0.001400	0.000531	-0.006075	-0.015734	0.010004	-0.018917	-0.020165	0.008280	0.009953	0.001615	0.001895
1.491333	-1.056161	0.940042	0.625570	0.153876	-0.383615	-0.055226	-0.213945	-0.357645	0.054938	0.169381	0.282807	0.137094	-0.399002	0.061877	0.139322	-0.009943	-0.229275	0.168517	0.018077	-0.057091	0.009532	0.087623	0.124205	-0.096182	-0.107004	0.209059	0.041231	-0.119790	0.071587	0.246078	0.030495	0.062490	-0.054282	-0.105440	-0.000629	0.005986	-0.157982	0.045440	0.056865	-0.065621	-0.136573	0.044425	-0.015062	-0.089368	0.057930	-0.060192	0.044882	-0.050599	0.006073	-0.050235	0.095119	0.000504	0.154575	-0.016749	0.025959	-0.029365	-0.015407	-0.039438	-0.002220	0.086452	0.006663	0.005151	0.030109	0.018918	0.013317	-0.015458	-0.006179	0.043761	0.006861	0.021911	0.020808	0.009830	0.028534	-0.024002	-0.002957	-0.008501	-0.001473	-0.003808	0.011056	-0.004693	0.011434	-0.033890	-0.017299	-0.019444	-0.010849	0.000651	0.011633	-0.001561	-0.015063	0.019213	0.023828	-0.024348	-0.026384	-0.004304	0.006076	-0.027084	0.000560	0.014846	-0.005682	-0.002266	0.009458	-0.002307	-0.012853	-0.010977	-0.010265	-0.016195	0.004033	0.029446	-0.006469	-0.006580	0.004686	0.013564	-0.013583	-0.011069	-0.001806	-0.020718	-0.005282	0.004309	0.002682	-0.014859	0.009123	-0.022865	-0.025571	-0.005757	0.006596	0.006554	0.008927
-0.862569	0.326321	-0.173806	0.508153	0.256915	-0.021583	-0.258523	-0.374426	-0.474912	0.168127	0.152950	0.267830	0.077068	-0.122695	0.045369	-0.107091	-0.057381	-0.081445	-0.025840	0.002262	-0.087710	0.000765	0.061075	0.084699	-0.089380	0.063093	0.006123	-0.033299	0.024167	-0.032646	0.170105	-0.007288	-0.085324	0.038223	0.016241	0.033595	0.060711	-0.045599	-0.055709	-0.019256	0.048683	-0.104561	-0.022868	-0.009954	0.020154	0.102200	-0.033268	0.013059	-0.083301	0.008542	0.009349	0.084407	-0.020570	-0.041316	0.006151	0.026825	0.060016	0.012489	-0.019443	-0.022643	-0.032068	0.042184	-0.025132	0.014515	-0.075377	-0.009314	0.012286	0.036466	0.051179	0.012425	-0.071577	0.005410	-0.038186	0.073582	-0.017205	0.068823	0.044355	-0.036998	-0.030836	-0.044636	0.026641	-0.001619	0.032198	-0.065457	0.018614	-0.039387	0.031430	0.031690	0.000656	0.046930	-0.010535	0.007349	-0.003620	-0.021642	-0.035056	-0.008281	0.010046	0.027055	-0.031049	0.079994	-0.000624	0.004408	-0.028727	-0.003753	0.024876	0.021244	0.040234	0.021768	-0.051006	0.032063	0.030473	0.067486	-0.028967	0.052639	0.013094	0.036738	-0.001743	0.005575	0.042993	-0.022940	-0.005788	0.024426	0.066265	0.022858	0.025866	0.004143	0.020327	0.003532
-0.672896	0.408021	-0.014869	-0.328926	-0.028432	-0.212592	0.333093	0.012983	0.283024	0.191069	0.158053	0.127315	0.145301	0.023030	-0.054693	-0.104375	0.124708	0.226796	-0.031349	0.110041	0.102515	-0.066506	0.048719	0.114476	0.064966	-0.178214	-0.009763	0.035910	0.020464	0.068786	0.005595	-0.042983	-0.191751	-0.058610	0.017852	0.098506	0.011352	-0.060549	0.071140	-0.032389	-0.052560	0.080018	0.002528	-0.042010	-0.066293	0.144535	-0.111972	-0.036393	0.049250	-0.054012	-0.033771	-0.061731	0.014380	0.030530	0.027962	0.003989	-0.003090	0.010599	0.058697	-0.090794	-0.035817	0.059958	-0.035032	-0.046868	-0.025486	0.020517	-0.040476	-0.038677	-0.001511	0.030237	0.007297	0.036437	-0.033986	0.020848	-0.022654	0.073529	0.070021	-0.006521	0.058178	-0.039069	-0.037358	0.023151	-0.027876	-0.050836	-0.047895	0.047775	0.022996	0.044285	0.044178	0.025742	-0.015687	-0.002658	0.051028	0.017202	0.002802	0.004706	-0.020218	0.014857	0.053036	0.033592	0.012041	-0.007641	0.041633	-0.023132	0.111240	0.007549	0.016256	-0.001288	0.043810	0.005004	-0.015267	0.059674	0.061232	-0.023373	0.026225	-0.046233	-0.016898	0.008502	-0.023817	-0.109435	0.009661	-0.058585	0.041226	-0.044080	0.032701	0.014643	-0.012431	0.039686
0.219548	0.850993	0.138949	0.491429	0.573439	0.144660	-0.138716	0.010480	-0.035859	-0.092798	0.100924	-0.309979	-0.109498	0.060389	0.159979	-0.133299	-0.144489	-0.016040	-0.048360	0.010541	0.063573	0.120300	0.032983	-0.169506	-0.003773	-0.015299	0.045861	-0.025386	0.002653	-0.078387	0.031139	-0.028832	0.067894	-0.041022	0.005524	-0.029000	-0.062129	0.024388	0.043593	0.011382	0.000150	0.004285	0.072979	-0.025398	0.061716	0.004298	-0.043689	0.023011	0.018810	0.054564	0.069625	0.016110	0.018418	-0.007937	-0.026093	-0.128586	-0.005306	0.006735	-0.022697	-0.039745	-0.015903	0.016600	-0.118562	-0.025681	0.008314	-0.051886	-0.003313	0.053055	0.097069	-0.033564	-0.016338	0.029588	0.005808	0.010414	0.004279	0.000630	-0.046680	0.006414	-0.009868	0.010329	-0.020170	0.018844	-0.069920	-0.011496	0.013058	0.015541	-0.031532	0.001086	-0.068771	0.024242	0.049608	-0.027554	-0.028089	0.033651	-0.017323	0.047646	0.000574	0.018799	0.057402	0.016269	0.041234	-0.035070	-0.021705	0.003159	-0.005331	0.028616	-0.003091	0.010350	0.050268	0.008588	-0.074673	0.037838	0.059896	0.005181	0.075358	0.067751	-0.019957	0.010961	-0.038019	-0.009454	0.000858	0.010376	-0.055215	0.003943	0.038686	0.002249	0.025306	-0.023482
-1.115908	-0.896570	1.089669	-0.025117	0.213997	-0.554499	-0.071196	0.156373	0.271043	-0.008495	-0.070020	0.185878	-0.050770	0.124358	-0.006876	0.014757	-0.179321	-0.124170	-0.041088	-0.217253	-0.139982	0.026983	0.038494	0.012840	-0.106858	-0.045968	0.068557	0.015435	0.049336	0.045498	-0.152589	-0.030087	-0.006874	0.058260	-0.066371	0.024160	0.082390	-0.046167	0.080697	0.019254	0.026738	0.018172	0.036509	-0.006032	0.087333	0.140210	-0.021990	0.078977	0.017545	0.055562	-0.058297	0.007730	-0.041052	-0.067301	0.004618	0.009038	0.074137	-0.007887	-0.015249	-0.038532	-0.036203	-0.043364	-0.006081	0.006189	0.028871	0.041667	0.006936	0.065197	-0.010644	-0.002844	0.002843	0.044240	0.038099	-0.040394	-0.035849	0.028462	-0.068489	0.002688	-0.084485	-0.041277	-0.077568	-0.000552	-0.054313	0.008320	0.013847	0.052445	0.008583	-0.013553	0.039928	-0.010827	-0.011222	0.005713	-0.010588	-0.041877	0.018676	-0.023543	0.009368	-0.019691	0.040195	0.056213	0.003317	-0.042093	0.011819	0.027610	-0.034338	-0.018848	-0.002733	-0.046832	0.018387	0.022110	-0.085266	0.014370	-0.023588	-0.004343	-0.037012	-0.007951	0.024592	0.038211	-0.047899	-0.008682	-0.060755	0.058360	-0.008278	0.001141	0.042208	-0.026564	-0.018956	0.031387
1.813199	-1.687602	-0.476922	0.794471	-0.048815	-0.436818	0.346405	-0.001608	0.178336	-0.354601	0.372767	-0.274666	0.072263	-0.044911	-0.292938	-0.321052	0.219647	-0.269392	-0.090289	-0.130565	-0.226170	-0.010359	0.081390	0.168996	0.066705	-0.033823	0.021938	0.005146	-0.015417	-0.037092	-0.036046	0.058602	0.305751	0.049652	0.105531	-0.075010	-0.162629	-0.084619	-0.070506	-0.008064	0.009534	0.047903	0.029628	0.092080	-0.115204	0.009899	-0.106573	0.059182	0.043261	-0.125051	0.073879	-0.137247	-0.001952	-0.109162	-0.107151	-0.032330	-0.068799	-0.021501	0.008285	-0.078541	-0.142058	-0.051351	-0.060595	-0.019508	-0.127106	0.130842	-0.031538	-0.055552	-0.069929	0.005594	-0.007226	0.039244	-0.025084	-0.023097	-0.088200	-0.025785	-0.048622	-0.017377	-0.027018	-0.014765	0.082445	0.007844	0.016045	-0.062396	0.042900	-0.005365	0.008921	-0.000844	0.020179	0.075871	-0.058518	0.004949	0.020899	-0.045684	-0.012133	-0.029867	-0.023738	-0.050798	0.028416	0.009198	0.008961	0.062669	-0.003237	-0.032029	0.020673	-0.019300	-0.081707	-0.023363	-0.041409	0.030347	-0.003269	0.032094	-0.092437	-0.055904	0.008118	-0.068002	-0.035241	0.028288	0.000865	0.079179	0.067256	-0.021344	0.034001	0.009318	-0.003406	0.024683	0.009847	-0.004418
2.307998	-1.228824	0.193244	0.129439	0.061697	-0.399145	0.135774	0.146408	-0.209891	-0.200355	-0.061646	-0.140764	-0.069323	0.077771	-0.057991	0.088918	0.026904	0.137991	0.128186	0.001822	0.031895	-0.059395	-0.091002	0.075114	0.114969	0.035769	0.091892	-0.110266	0.031482	-0.045438	0.120640	-0.013140	-0.079609	-0.030922	-0.030783	-0.037323	-0.085550	-0.002619	0.062873	0.039996	-0.032312	0.123227	-0.022312	0.067577	0.061001	-0.012917	-0.002162	-0.018672	-0.036784	-0.048067	-0.010765	-0.060917	0.048519	0.114119	-0.013555	-0.160118	0.132174	0.076458	-0.019360	-0.015627	-0.036910	0.005645	-0.044458	0.061663	-0.120183	-0.012216	-0.023769	-0.069268	0.049531	-0.051150	-0.016965	0.023735	0.028856	0.033857	0.064732	0.001466	0.001564	-0.074752	-0.044868	0.059138	0.022077	0.027090	-0.022195	-0.017906	-0.134562	-0.048900	0.040711	-0.020623	-0.023055	-0.016740	-0.027765	0.010045	0.042256	-0.038579	0.030782	0.067834	0.059411	0.011156	-0.017526	-0.030840	-0.047242	-0.025484	0.001357	-0.045629	0.014051	-0.027268	-0.034039	-0.002515	0.064996	-0.039909	0.028945	-0.021829	0.009914	0.002325	0.002325	-0.032126	0.016513	-0.010563	0.021653	-0.031468	0.016528	-0.013894	-0.014113	-0.027496	-0.018092	-0.006134	-0.016456	-0.050367
3.728413	-1.420140	-0.829091	-0.378528	-0.109921	-0.574299	-0.349873	0.196401	-0.104466	0.106116	0.254571	-0.221380	0.134414	-0.236156	-0.114595	-0.341691	-0.235711	-0.163975	0.253007	-0.107220	0.023285	0.012321	-0.153241	-0.078666	0.131189	0.052366	-0.069472	-0.259229	0.029434	-0.064939	-0.056192	0.091486	0.008223	-0.083996	0.047100	0.067285	0.088825	-0.066917	-0.003448	-0.107085	-0.134376	-0.017824	0.007793	-0.002894	0.143009	0.002777	-0.014754	0.151967	0.046208	0.005894	-0.101286	0.079743	0.132104	-0.037794	0.066515	0.050441	-0.064218	0.024870	-0.090212	0.079288	0.001574	-0.083882	0.034208	-0.096725	0.075579	0.084441	0.004012	-0.058998	0.072415	0.008247	-0.006920	-0.022415	0.016102	-0.021254	0.093195	0.079116	0.030966	-0.017599	0.037240	-0.064371	-0.006634	0.059602	0.037854	-0.001279	0.067929	-0.047662	-0.057735	0.016113	-0.011825	-0.018371	0.021002	0.071524	0.017814	0.017093	0.045854	0.006860	0.003102	0.031214	0.045760	0.006847	-0.000705	0.039765	-0.024298	-0.014738	-0.025489	0.028479	-0.034713	0.016494	0.038036	-0.019397	0.016877	0.013875	0.063408	0.050057	0.044000	0.019920	0.004482	-0.031886	0.029719	0.018643	0.004497	-0.012623	0.015135	-0.012222	-0.001932	-0.000816	0.015864	-0.015970
0.199058	-1.567877	-0.347878	0.139498	0.050666	-0.140718	0.043654	0.206166	0.036269	0.020800	0.207275	-0.300679	0.147733	0.230714	-0.000186	-0.052884	-0.129171	0.131476	0.184250	-0.144752	-0.009965	0.023643	-0.202086	0.009569	-0.096092	0.004545	0.022287	-0.063191	-0.011831	-0.038821	0.029921	-0.108140	0.043260	0.005158	0.066942	-0.024380	0.084708	-0.079738	-0.068501	-0.017173	0.093495	0.033108	-0.073625	0.028552	0.139636	0.071560	-0.114308	-0.020871	-0.063968	-0.027573	0.040503	-0.094447	-0.037313	-0.001294	-0.016929	0.038795	-0.051274	0.000700	-0.049756	-0.059304	-0.009573	-0.031540	0.075371	-0.086604	-0.007118	0.049363	0.011177	0.026592	0.020241	-0.065569	-0.056240	-0.064380	0.012813	0.011470	-0.066095	-0.040085	-0.064820	0.080371	-0.050393	-0.000465	0.009498	0.015596	-0.039374	-0.041096	0.022941	0.014688	-0.085989	-0.026593	0.006650	0.073514	-0.044573	-0.021179	-0.061042	-0.013819	-0.037342	-0.047257	0.007909	0.003556	-0.033666	-0.019673	0.033233	-0.023686	0.062911	-0.044566	-0.006360	0.009310	-0.089887	0.039161	0.035275	0.052367	-0.020174	-0.002665	-0.030086	0.028499	0.023692	-0.052689	-0.038713	-0.003505	0.003788	0.008730	0.017932	-0.077514	0.017842	0.021559	0.016483	-0.000521	-0.017556	-0.028238
-1.821463	-0.070488	-0.450907	-0.085883	-0.153026	-0.238820	-0.113681	-0.108559	-0.065570	0.184752	0.108025	0.199241	-0.129468	0.289616	0.052440	0.428196	0.048390	0.119272	0.073151	-0.171937	0.008294	0.171096	0.070788	0.023134	-0.047245	0.013491	-0.036568	0.009373	-0.077245	0.115245	0.022426	0.057224	0.085230	0.122213	-0.185425	0.075211	-0.017226	0.023578	0.141199	-0.047380	-0.043296	0.263942	0.144929	-0.036911	-0.221024	0.031324	-0.024840	-0.075569	-0.142088	0.035312	0.153620	0.081787	0.143276	0.038647	-0.025350	0.051416	-0.026440	-0.081832	0.060671	-0.119472	-0.014875	-0.014132	-0.121497	-0.111653	-0.107880	0.024269	0.220169	-0.120625	0.049650	-0.067504	0.053282	0.093383	-0.174269	-0.080544	0.124567	0.038435	-0.053748	0.012164	0.056204	-0.030058	-0.008795	0.105344	0.018734	-0.058326	0.090368	-0.094536	0.010366	-0.124288	-0.001038	-0.133393	0.014614	0.267518	0.034193	0.004332	0.116225	-0.013503	0.063106	-0.071638	0.044951	0.119935	0.099174	0.108985	0.002023	-0.011431	0.026535	0.033725	-0.074895	-0.012974	-0.158618	0.022010	-0.054006	-0.136725	0.008854	0.019421	0.002886	-0.010350	0.082555	0.006432	-0.036823	-0.049973	-0.049298	0.001991	0.040076	0.049721	0.018414	0.028732	-0.010919	-0.017509
1.593872	-1.364028	-0.278625	0.666900	-0.236616	-0.718327	0.341800	-0.595653	-0.013166	-0.380649	0.550268	-0.305218	-0.057446	-0.177367	0.190608	0.068512	0.468109	0.287725	-0.264616	0.157705	0.224280	0.130049	0.262793	0.388484	0.028726	-0.536330	-0.204187	0.127435	0.102117	-0.319620	-0.454734	0.021405	0.333944	0.108399	-0.138464	-0.196003	-0.172984	0.231842	0.258788	-0.345937	-0.437238	-0.164701	0.166273	0.368653	-0.048805	-0.108709	0.038546	0.066092	-0.304758	0.180719	0.013378	0.024847	-0.180350	0.008725	0.309897	-0.132849	0.120173	-0.004211	-0.007652	-0.032607	-0.005331	0.120327	0.196815	-0.032742	0.149673	-0.134330	0.124919	0.200386	-0.029219	0.064492	-0.066190	-0.104238	-0.019796	-0.002308	0.035657	0.125626	0.048242	0.001395	0.077213	0.017006	-0.094898	-0.039889	-0.020804	0.010751	-0.070641	0.040555	0.014343	-0.038375	-0.059673	0.154539	-0.019144	0.018479	-0.027161	-0.078869	0.046568	-0.023665	0.035069	-0.052698	0.014145	0.019843	0.035675	-0.015124	-0.008611	-0.031561	-0.077623	-0.002745	0.016990	-0.019108	-0.001692	-0.024065	0.034056	-0.003026	0.008096	0.040073	-0.004688	0.007045	0.002825	-0.028185	0.021002	0.020925	0.000228	-0.020024	0.007887	0.002560	0.025490	-0.000798	0.005879	-0.000455
2.952714	-1.414839	0.293070	-0.133828	-0.154035	0.270837	0.451380	0.188687	-0.137855	0.037742	0.472379	-0.002651	-0.190862	-0.080778	0.189946	-0.178895	0.144300	-0.107417	-0.036725	0.009079	-0.021469	0.063598	0.144365	0.023784	-0.051286	0.048390	-0.031928	0.149840	0.022084	0.008381	0.037278	0.123363	-0.082013	-0.000256	0.155386	-0.016522	-0.153064	-0.077914	0.001084	-0.062542	0.047054	-0.001188	-0.038527	-0.023906	-0.026525	0.055711	0.045998	0.073064	-0.052197	-0.089369	0.020564	-0.060957	0.035601	-0.157362	0.023636	-0.014954	-0.048381	-0.030289	0.138976	0.040944	-0.004443	0.043142	0.018150	-0.006009	-0.014843	0.048523	0.026859	0.010494	-0.073904	0.060402	-0.125157	-0.088424	-0.076030	0.022410	-0.013682	-0.135945	-0.093897	0.020856	0.080220	-0.022589	0.031841	-0.059559	-0.089089	0.008671	-0.036179	-0.045892	-0.001839	-0.035037	0.109853	-0.090387	-0.051303	0.048594	0.046357	0.047440	-0.030749	0.022817	0.038242	0.076287	0.016074	-0.050695	-0.052522	-0.042999	0.022243	-0.026100	0.024284	-0.043686	-0.002645	-0.015203	0.021794	0.084315	0.036788	0.056114	0.034797	0.059178	-0.023467	0.055201	-0.012647	0.074737	0.001110	0.031100	-0.053882	0.043357	0.001107	0.033161	0.025911	0.017057	0.022618	-0.010147
-0.580405	-0.116019	0.426554	-0.188509	-0.059999	-0.125720	0.166804	0.259550	0.046793	-0.025056	0.217675	0.165834	-0.041301	0.043636	0.130580	-0.128437	0.042104	0.179718	-0.170586	0.095571	-0.015835	-0.095165	0.145849	0.160997	0.034181	0.102538	-0.108233	0.005471	0.109469	-0.066680	-0.081711	-0.000334	-0.143599	0.119899	0.028446	0.083416	0.009311	0.009776	-0.099709	0.066124	-0.080619	-0.049258	-0.048843	-0.054118	0.006835	-0.009065	0.005173	0.067160	-0.087606	0.031660	0.023531	0.159842	0.020633	-0.019903	0.056934	0.015372	-0.010907	-0.041469	0.000888	0.031318	-0.003107	0.040194	-0.030878	0.030000	-0.028904	0.059137	0.071087	-0.037547	0.050913	0.048248	-0.018803	0.010193	-0.054933	0.028402	0.044224	-0.012209	-0.008751	0.006477	-0.015685	-0.013413	-0.011479	-0.050661	-0.062505	0.059181	-0.012723	-0.045123	-0.009318	0.020991	-0.020770	-0.053815	0.009380	-0.004703	-0.007716	0.026140	-0.011555	0.090548	0.023337	0.014367	-0.016888	0.003680	-0.006748	0.017471	-0.014792	-0.012288	0.004381	-0.016056	-0.010184	0.016895	-0.026258	-0.018581	-0.049407	0.020727	-0.003364	-0.055798	0.048016	0.008111	-0.008027	-0.035617	0.018896	0.012944	0.000815	0.014917	0.011293	0.007644	-0.023915	0.029111	-0.045349	0.013302
-0.447706	0.453544	-0.090665	-0.254068	0.189332	-0.018086	-0.044813	0.030780	0.293710	-0.070852	0.263469	0.360120	-0.298813	0.186600	-0.138155	0.144318	0.059952	-0.004729	-0.060860	0.099567	0.044671	0.051427	-0.144777	0.096750	-0.042366	0.013069	-0.028297	-0.030640	-0.154391	0.017619	0.031522	0.055439	-0.004212	0.057525	0.147094	-0.157210	-0.012452	0.004425	0.014355	0.038553	-0.032615	0.099174	-0.067054	0.043706	0.063617	0.026969	-0.062610	0.060361	0.020328	-0.014205	-0.089595	-0.007745	-0.042168	0.078699	-0.047295	0.032861	0.009674	-0.018869	-0.019593	0.085528	-0.009747	0.002517	0.015581	-0.032300	0.069337	0.020122	-0.015054	0.018821	0.094630	0.005952	-0.067255	-0.032511	0.037295	0.082547	0.044760	0.002667	-0.033063	-0.052652	-0.027337	-0.043265	0.033417	0.007351	-0.026477	0.014383	0.004801	0.055090	0.017169	0.012938	0.052757	0.033455	-0.023074	-0.028636	0.034083	-0.016571	0.032725	-0.026409	0.027647	0.018299	-0.000343	-0.058885	0.011149	0.034584	0.010745	0.026371	0.028927	-0.015894	0.054473	0.005426	-0.021475	0.034891	-0.047985	-0.029564	0.034309	0.093942	-0.055536	-0.001202	0.013884	-0.032521	-0.003094	-0.001057	-0.043024	-0.018896	-0.000731	0.003227	0.039215	0.011852	-0.036380	-0.029282
-0.143875	0.693138	-0.320793	-0.225482	0.234416	-0.051194	-0.063466	0.048567	0.348377	-0.002509	0.276822	0.392196	-0.275474	0.186296	-0.132867	0.076222	0.081275	0.008550	-0.017703	0.089162	0.090857	-0.026717	-0.180174	0.085163	-0.011441	0.004804	0.044385	-0.005399	-0.137985	0.045237	0.040414	-0.020855	0.029712	0.077398	0.136243	-0.163941	0.052469	-0.034044	0.057036	0.049634	-0.008431	0.053139	-0.075007	0.038990	0.028389	-0.024399	-0.105923	0.092081	0.046348	-0.020058	-0.051907	0.007476	-0.029137	0.074515	-0.071724	0.011194	-0.005446	0.004031	0.021369	0.083431	0.033070	-0.021122	0.042551	-0.038751	0.080022	0.015056	0.047563	0.059322	0.076888	-0.044096	-0.045674	0.013095	0.007297	0.069371	0.024244	0.007966	0.009683	-0.047880	-0.050924	-0.017258	0.007902	0.010659	-0.060676	-0.007945	0.003078	0.058115	0.031161	0.012487	0.037557	0.027008	0.026792	-0.035799	0.042193	-0.008976	0.049821	-0.015534	0.043168	0.010051	-0.002062	-0.052892	-0.022199	-0.000376	0.046244	-0.002518	0.017212	-0.026297	0.021718	0.012273	-0.038297	0.033111	-0.071484	-0.012968	0.052721	0.085588	-0.034236	-0.004423	0.014918	-0.041952	-0.014948	0.011684	-0.033341	-0.012577	0.009065	0.016471	0.049759	0.002276	-0.007781	-0.010704
-0.817240	-0.695002	0.421342	-0.078800	0.073399	-0.357472	0.209531	0.291462	-0.133804	-0.095173	0.010418	-0.033943	0.219032	0.188492	0.089038	0.030181	-0.053057	0.003753	-0.134162	-0.046581	-0.120362	0.327360	-0.073422	0.021915	-0.096204	0.019965	-0.081460	-0.024295	0.102776	-0.078052	0.062321	0.089382	-0.064083	0.012579	0.020336	0.098262	0.101387	-0.043123	-0.144397	-0.009580	-0.041710	0.098553	0.026220	0.021769	0.078281	-0.042314	-0.055211	0.062891	0.008001	-0.013418	0.026795	0.061233	0.082727	0.072002	0.027947	-0.032148	0.013749	-0.040675	-0.013740	0.011783	-0.008423	0.005378	0.044974	-0.066273	-0.017469	-0.057077	-0.044279	0.057647	-0.009637	-0.008516	0.042473	0.092059	-0.003733	-0.027674	-0.012698	0.032316	-0.006175	0.044757	0.021949	0.005419	0.041565	0.023150	-0.036190	0.026845	-0.019252	-0.058761	0.009107	0.016804	-0.009784	0.009193	-0.050705	0.048631	-0.006980	0.027948	-0.046816	-0.025012	-0.021320	-0.041394	-0.030264	-0.028292	-0.042773	-0.026670	-0.000686	0.039627	0.004374	0.005275	-0.006251	-0.068179	0.020697	0.014340	0.025870	0.008538	-0.012872	0.023453	0.028635	0.017260	0.010280	-0.027953	-0.033932	-0.017630	0.034974	-0.022426	0.002170	0.001658	-0.008176	-0.002252	-0.010325	0.014235
-1.817040	-0.510268	-0.711768	-0.376411	0.006318	0.244745	-0.003209	0.011651	-0.062269	0.138438	-0.095160	-0.084882	0.167498	0.120105	-0.066985	0.337119	-0.017551	0.049475	-0.027221	-0.112039	0.212691	0.064393	0.068839	-0.159224	-0.072866	0.014426	0.167515	-0.096669	0.049206	-0.027986	0.006379	-0.001871	0.163851	0.015165	-0.090087	-0.007322	-0.078583	-0.010001	0.021599	0.033784	0.161178	-0.067143	0.099880	0.121137	0.008220	0.039158	0.021075	0.031388	0.104905	0.075055	-0.170589	-0.033469	0.125700	0.026813	-0.110269	-0.060569	0.138657	0.121026	-0.059422	-0.003525	0.049151	0.199240	-0.098806	0.030251	0.090445	-0.017549	-0.019054	-0.035139	-0.024540	-0.065648	-0.040875	0.009122	-0.018506	0.056937	-0.005299	0.062776	-0.007761	-0.069904	-0.000748	0.025621	-0.008122	-0.012110	0.019430	0.016766	0.011108	-0.058338	-0.117563	-0.030738	0.016433	-0.039136	-0.033762	0.020857	-0.002542	-0.055655	0.010383	-0.015542	-0.026262	0.026964	-0.060342	0.033924	-0.017269	-0.004665	-0.021627	-0.000882	-0.047423	-0.029191	-0.069204	-0.039285	0.035661	0.039007	-0.032346	0.044753	-0.038349	-0.004402	-0.005206	-0.031038	-0.002805	0.018790	0.039797	0.056731	-0.010650	0.033918	-0.014121	0.026406	-0.012863	0.051276	-0.033729	0.002599
-1.734047	-0.321765	-0.193286	-0.284225	0.180748	-0.208664	-0.221262	0.101924	-0.049645	-0.201916	0.275057	-0.002562	0.062822	0.044586	0.080265	0.218821	-0.107664	-0.161954	0.084157	0.219163	-0.074684	0.035737	-0.083714	-0.242119	-0.007030	0.014106	-0.054361	0.031894	-0.090885	0.041911	-0.106830	0.123549	0.058591	0.208262	0.112069	0.051131	-0.077400	0.158728	0.116192	0.036319	0.011718	-0.009558	-0.087442	0.077476	-0.041524	0.016582	-0.119929	-0.034534	-0.027723	0.023429	-0.122930	0.029740	0.011648	0.032323	-0.003873	-0.026475	-0.004072	0.035262	0.056741	0.003809	0.008107	0.023898	-0.066713	-0.017411	0.036998	-0.012517	0.004309	-0.053413	-0.038000	0.001278	-0.018466	-0.045764	0.049714	0.034641	-0.067654	-0.014833	0.021353	-0.050473	0.004048	-0.039964	0.000674	0.078851	0.039300	-0.044125	-0.026803	0.015016	-0.000761	0.019662	-0.048010	-0.054928	0.015994	0.003120	-0.010419	-0.015895	-0.081978	0.029552	-0.021249	-0.010291	-0.023172	0.022513	0.008749	0.041706	-0.067937	-0.008681	0.001635	-0.007183	-0.023790	0.024345	-0.039635	-0.032657	-0.000246	-0.022087	0.000966	0.006855	-0.027123	-0.012210	-0.024589	-0.011150	0.048730	-0.024695	-0.010809	0.000244	0.010808	0.013592	-0.003889	-0.042661	-0.008057	0.010142
-2.230886	0.233469	-0.564230	0.753889	-0.456786	-0.265297	0.002064	0.027394	-0.247837	-0.182059	0.034881	0.369959	-0.608823	-0.260888	0.498598	-0.008385	-0.098419	-0.287957	-0.037998	-0.091682	0.370476	-0.403180	-0.140086	-0.019387	-0.098849	-0.083103	0.044271	-0.073967	-0.154212	-0.125621	-0.239776	-0.075922	0.112529	-0.024229	-0.330317	0.274821	-0.137032	0.008242	-0.292956	0.030762	-0.000196	0.091646	-0.049237	-0.139689	0.161977	-0.101817	-0.133268	-0.003391	-0.051660	0.004511	0.156468	-0.253885	0.181949	0.198223	0.191252	-0.048107	-0.064786	0.141497	0.113419	0.098872	-0.035900	-0.000356	-0.007944	-0.077082	0.046665	0.015519	-0.090713	0.031871	0.010072	0.064227	-0.000533	-0.012033	-0.042530	-0.006130	-0.058414	-0.055155	0.047844	0.024663	-0.054318	0.053877	-0.049493	-0.000204	0.032323	0.029270	0.017493	0.029403	-0.002272	-0.032274	0.072104	-0.043087	-0.005073	-0.008760	-0.002717	-0.029267	-0.033323	-0.028490	0.001196	0.064313	0.015151	0.040384	0.015911	0.022829	-0.030134	-0.009060	0.016992	-0.006757	0.035517	-0.010886	0.005745	-0.008909	-0.004727	-0.005092	-0.004692	0.005983	0.011002	-0.003412	0.020243	0.001904	0.009066	-0.008373	0.008308	0.001457	0.003746	0.010276	0.018150	0.003336	-0.010370	-0.001837
-1.280252	0.865639	-0.394244	0.886630	-0.712906	-0.414986	-0.021061	-0.014067	-0.162731	-0.125439	0.086015	-0.023408	-0.037386	-0.110657	0.132402	0.500401	-0.331158	0.211032	-0.166277	-0.275883	0.154389	-0.241265	0.232008	-0.229238	0.241307	0.191039	0.117038	0.137099	0.049275	0.037261	0.055566	-0.121819	0.206370	-0.096382	0.234099	0.042606	0.110835	-0.100687	0.024290	0.023845	-0.169507	0.098418	0.016198	0.059225	-0.000687	0.092420	0.020707	-0.010244	0.029951	-0.026543	0.004681	0.015842	-0.081050	-0.063488	-0.006604	-0.029435	-0.055462	0.055156	-0.052345	0.047924	0.065860	0.022579	0.046820	-0.006200	0.012243	0.027006	0.022957	0.024247	0.004377	-0.026495	-0.010686	0.011503	-0.018064	0.002611	0.011252	-0.012443	0.018935	0.029561	-0.019344	0.007789	-0.024439	-0.034405	-0.030243	0.004985	-0.024262	0.002398	-0.004029	-0.004000	0.001948	-0.002218	0.019115	0.018283	-0.010768	0.047335	0.003273	0.030411	0.016355	0.006029	0.011340	-0.013597	-0.006407	0.008254	-0.026879	0.021772	-0.024661	0.006796	0.012505	-0.023913	-0.014939	-0.012315	-0.017774	0.001864	-0.024253	0.012576	-0.006734	0.028597	0.000808	-0.021562	-0.006703	0.009167	-0.004209	-0.004953	-0.008699	-0.008922	-0.025991	-0.005127	0.005016	0.005254
-1.228473	0.874131	-0.371219	0.855462	-0.717844	-0.513890	-0.045903	-0.025803	-0.181805	-0.128876	0.091810	0.005915	-0.069400	-0.150731	0.143987	0.544100	-0.300305	0.169609	-0.250005	-0.266100	0.102692	-0.199939	0.179383	-0.277720	0.268069	0.124885	0.097066	0.166382	0.012200	0.047509	0.064807	-0.086432	0.206962	-0.089700	0.284664	0.019149	0.109314	-0.077207	0.004864	0.055876	-0.156701	0.093241	0.023524	0.021783	0.031812	0.092185	0.001389	-0.015793	0.023464	-0.023898	-0.027437	0.004090	-0.083702	-0.055006	-0.001948	-0.044856	-0.039543	0.065979	-0.050437	0.033597	0.057131	0.007829	0.018042	0.023632	0.000915	0.030331	0.014973	0.008355	-0.012209	-0.024250	-0.046139	-0.030264	-0.006441	0.020940	0.011240	0.026850	-0.015892	-0.001948	-0.040239	0.007959	-0.004852	-0.050930	0.000027	0.010050	0.013412	0.020676	0.006013	0.021231	-0.000405	0.009079	0.001145	0.018261	0.004178	0.016339	0.017926	0.005780	0.004295	-0.014855	0.015692	-0.050359	-0.010371	0.027164	-0.003898	-0.009130	0.000083	-0.001217	0.005153	0.009150	-0.003543	-0.003353	-0.007899	-0.000328	0.002107	0.004552	-0.010451	-0.015482	0.000206	0.016879	-0.002485	0.012379	0.003570	-0.006554	0.002683	-0.011751	-0.038367	-0.002864	0.016213	0.001350
-1.361511	0.688668	-0.202778	0.745468	-0.692603	-0.603908	-0.037578	-0.040378	-0.240330	-0.036064	-0.023836	0.012483	-0.109212	-0.025647	0.127772	0.405775	-0.401823	0.249417	-0.181295	-0.215594	-0.005091	-0.092446	0.281186	-0.200480	0.168137	0.195971	-0.106007	0.174569	0.061008	0.047732	0.102540	-0.040679	0.156059	-0.007119	0.270600	0.080089	0.116875	-0.069826	0.019422	-0.068817	-0.134723	0.131956	-0.037754	0.055537	0.023071	0.111522	0.003595	-0.008481	-0.010770	-0.049548	-0.022772	-0.058199	-0.007528	-0.058743	-0.030511	0.028542	-0.031135	0.059877	-0.085786	-0.004428	0.027790	0.008849	0.035720	-0.032872	-0.030650	-0.001985	-0.032790	0.039083	-0.041618	-0.000439	0.000055	0.024621	0.010798	-0.010992	-0.003861	-0.020835	0.004955	0.034884	0.009958	-0.031805	-0.001938	0.000772	0.004688	-0.026706	-0.009414	-0.021195	-0.002768	-0.005540	-0.004786	0.018515	-0.025418	0.004579	0.022480	-0.019392	-0.024755	-0.006156	-0.000391	0.005157	-0.012646	-0.001724	-0.000094	-0.002632	0.013109	-0.005325	0.001370	-0.030621	0.039646	-0.009350	0.025201	0.020088	0.021929	0.009737	0.028489	0.015598	0.013984	-0.008943	0.004333	-0.017305	-0.013323	-0.015558	0.006694	0.013138	-0.010168	0.004674	0.001675	0.008208	-0.008499	0.015372
-1.161122	0.337958	0.278604	-0.168666	-0.399340	0.610067	0.395242	-0.231679	-0.081250	0.026270	0.305942	-0.364129	0.074886	0.450108	0.010535	0.177428	0.129829	0.076445	-0.012706	-0.244592	-0.037158	0.098969	0.195265	-0.077274	-0.042199	-0.064174	-0.073966	-0.237969	0.090394	-0.171938	0.014042	-0.032533	0.067337	0.083298	-0.013182	0.035314	0.027248	-0.043209	0.125294	0.062864	-0.081984	-0.063012	-0.081101	-0.072839	-0.036141	0.011951	-0.255190	-0.082429	0.035503	-0.053207	-0.067939	-0.038068	0.010600	0.025523	0.067027	0.000716	-0.034247	-0.018553	-0.008426	-0.022655	-0.020783	-0.040175	0.074025	-0.012043	0.017421	0.030055	0.063144	0.079818	0.042512	-0.204894	-0.134259	0.010111	-0.036453	-0.097577	0.007320	-0.069300	-0.002221	0.006144	0.018029	0.037918	0.060946	0.006959	-0.128952	0.003496	0.029809	-0.005116	0.023610	0.096629	0.002575	-0.142664	0.094554	-0.037071	-0.032716	-0.051185	-0.056663	0.027602	-0.022067	0.010192	-0.030440	0.013851	0.033715	0.041781	0.014871	0.077783	0.046153	0.050839	-0.031552	-0.003643	0.000149	0.016037	0.030789	-0.023042	0.042994	-0.004145	-0.010183	-0.062783	-0.007731	-0.002474	0.113149	-0.062115	0.070349	0.014923	-0.034046	0.037164	0.002407	-0.083715	0.022707	-0.045803
2.581205	-0.167785	0.734523	1.021099	-0.734831	-0.142984	-0.211149	-0.157516	0.597569	0.497656	0.065491	-0.071145	-0.050948	0.172517	0.355689	0.104872	0.241968	-0.178077	0.236272	0.169714	-0.026995	0.196495	0.109590	-0.227242	0.072911	0.097828	-0.152748	-0.070968	-0.011210	0.303550	0.089263	-0.308373	-0.159140	0.050180	-0.141039	-0.259210	0.163157	0.159763	-0.126049	-0.112919	0.221273	0.327548	0.230087	0.093685	-0.135753	-0.175583	-0.146186	0.194578	-0.210960	-0.124042	-0.183544	-0.065879	0.080379	-0.214471	0.055942	-0.168147	0.094549	0.005328	-0.081936	-0.160655	0.186342	-0.114449	0.266658	-0.079647	0.129647	0.156065	0.079006	-0.025282	0.164070	-0.045923	0.292616	-0.039562	-0.181873	0.234676	-0.079453	-0.138738	0.006758	-0.047907	-0.017551	0.095755	-0.076186	0.002905	0.030522	0.006549	-0.026415	0.090150	0.027481	-0.046909	0.016764	0.026765	-0.103550	-0.002206	-0.042321	0.034754	0.005512	0.006769	-0.141834	0.014031	-0.025211	-0.003206	-0.018739	0.023480	-0.077424	0.094363	0.082263	0.025162	0.022038	0.031017	0.012160	-0.044550	0.025143	0.023866	0.008401	-0.028215	0.047030	0.016529	0.061966	-0.000204	0.000930	0.021471	-0.030237	0.039486	-0.025605	-0.005964	-0.030806	-0.007149	0.021407	0.019831
0.618756	-0.840633	0.446329	0.564324	-0.468654	0.169401	-0.067853	0.058752	0.179395	-0.400273	-0.175710	0.016330	-0.189259	-0.161781	-0.142203	0.118263	0.279841	-0.218388	-0.138770	0.165543	0.055858	0.096957	0.020352	-0.000618	0.137092	-0.031433	0.091532	0.294165	0.109132	-0.009790	0.060719	0.007236	-0.049651	0.022361	-0.006328	0.051310	0.108980	0.101908	0.100393	-0.205101	-0.009490	-0.108823	0.078274	-0.031749	0.085686	-0.081454	-0.114285	-0.037367	0.017473	-0.065832	0.068724	-0.047688	-0.023311	0.064991	-0.070926	0.052090	-0.085972	-0.050760	0.074941	-0.027541	0.014917	0.001730	-0.050964	0.053241	0.036105	0.070661	0.068504	-0.062356	0.007485	-0.075618	-0.013025	0.013313	-0.003836	-0.023199	0.001568	-0.068103	0.021375	0.011844	-0.002772	0.048419	0.038070	0.032232	-0.029274	-0.006207	0.021428	-0.001903	0.016050	-0.004292	-0.014631	-0.026842	-0.042145	-0.026221	-0.030387	0.051689	0.026883	0.019620	0.037744	-0.027088	0.005351	0.053797	-0.011595	0.020725	0.030488	-0.000999	-0.020309	0.019183	-0.018298	-0.007613	0.012041	0.005356	-0.024251	-0.001390	0.002919	0.017133	0.028803	-0.018961	-0.022393	-0.063640	-0.044448	0.018980	-0.020321	0.036935	-0.014318	-0.008496	0.020829	-0.036438	-0.007457	-0.002559
-1.143917	0.028053	-0.181636	-0.654466	-0.170483	0.119800	-0.206028	-0.110221	-0.054184	-0.089280	-0.154880	-0.039930	0.008741	-0.015188	0.183862	-0.148190	-0.047856	0.025952	-0.038591	-0.189684	-0.040285	0.059501	-0.170341	0.091237	0.112996	0.049099	0.030675	-0.018672	0.027264	-0.018996	0.267780	0.063111	-0.025487	0.115818	-0.042901	-0.013198	-0.046887	-0.035198	0.041700	-0.034560	0.170848	-0.003572	-0.008555	0.082922	0.084039	0.098066	0.058246	0.028460	0.005031	0.067210	0.018684	-0.185008	-0.087350	-0.060861	0.035004	0.067755	0.032293	0.080728	-0.015201	-0.044529	-0.041650	0.041749	0.003663	0.011940	-0.003423	-0.021923	-0.011953	0.067555	-0.034173	0.137316	0.034324	0.041714	-0.100138	0.062251	0.042150	-0.062553	-0.059938	-0.011724	-0.015104	-0.039165	0.003317	0.030611	-0.073190	0.016942	-0.059289	0.008150	0.092621	0.013485	-0.051114	0.000882	-0.006262	0.002555	-0.019598	-0.005138	0.013756	0.019540	0.017967	0.022332	0.026991	0.031513	-0.036191	0.042440	-0.020009	0.017941	-0.028070	0.026984	-0.026747	-0.005700	0.017920	-0.021115	0.021555	-0.038512	0.023424	0.016752	-0.031672	-0.024235	0.021079	0.009735	0.034669	-0.016455	0.011802	-0.018628	0.028236	-0.041491	0.011690	0.025847	0.019954	0.026506
0.951069	0.523327	0.259716	0.076728	0.745359	-0.014069	-0.372876	0.079136	0.100761	-0.118437	-0.117340	-0.084055	-0.194667	-0.063965	0.065028	0.101486	0.007723	0.129531	-0.122031	0.066544	0.095905	-0.115797	0.068822	-0.070727	-0.005123	-0.121146	0.007850	-0.041665	-0.000425	-0.010264	0.066873	0.060407	0.001444	-0.054051	-0.007989	0.045135	-0.059330	-0.013084	0.040504	0.032355	0.054112	-0.017344	0.106750	0.021940	-0.008743	0.028370	-0.041721	-0.056999	0.038199	-0.050433	-0.044555	-0.011492	0.001727	-0.035478	0.022978	-0.036703	-0.020966	0.003885	-0.009189	0.010058	-0.088752	-0.052907	0.023946	0.001033	0.024229	-0.041895	0.047584	-0.002028	0.015517	0.014738	-0.039932	-0.006168	-0.025540	0.032329	0.052543	0.007123	0.024663	-0.000229	-0.002150	0.009944	0.003293	-0.017946	-0.025943	-0.016392	0.024885	-0.030383	-0.001234	0.011524	0.050220	-0.019274	0.007005	-0.008080	-0.002509	0.019165	0.007466	-0.003422	-0.034055	0.012172	0.017674	-0.050431	0.008578	0.001188	0.027363	-0.007347	0.020681	-0.003592	-0.010714	0.009119	-0.016325	-0.014639	-0.012365	0.000068	-0.014341	-0.001797	-0.032041	0.006756	-0.002557	0.008161	-0.009619	-0.003053	0.005667	0.028642	0.005448	-0.014392	-0.009222	-0.019221	-0.013213	0.039604
-0.086448	0.255406	0.239785	0.527682	0.058442	0.269078	-0.567143	-0.069200	-0.015739	0.091267	0.057634	0.121145	-0.200535	0.178511	-0.031468	0.098200	-0.035880	-0.125027	0.113830	0.005956	0.074593	-0.196918	0.047018	0.285133	-0.067262	0.045738	-0.083928	0.096804	0.265809	0.188499	-0.076105	0.097403	-0.160980	-0.084756	-0.036562	-0.150264	0.079649	0.060499	0.060495	-0.108679	-0.037304	0.036985	0.031484	-0.049566	-0.030101	-0.016474	0.003358	-0.152289	0.071490	0.149104	-0.010698	-0.050977	-0.039985	-0.069977	-0.042506	-0.032078	0.051935	0.098985	0.041241	-0.011147	-0.110594	0.026412	0.075747	-0.002918	-0.072307	0.061215	-0.098326	-0.024466	0.047318	0.011136	0.045003	0.002251	-0.049154	0.085666	-0.107180	0.011332	0.069058	-0.053063	0.044722	-0.028942	-0.073700	-0.008115	0.002591	0.130151	0.052361	-0.014367	0.076024	-0.045598	-0.011839	-0.038736	0.086053	-0.007098	-0.058257	0.075433	-0.101285	0.028378	0.029975	-0.016702	-0.000442	-0.122069	0.106741	0.069716	0.108272	-0.051483	-0.045720	-0.037379	-0.002009	0.006854	0.063819	0.000550	-0.033823	0.027146	-0.031251	0.064086	0.034976	-0.056141	-0.050121	-0.056555	-0.007705	0.006056	0.017028	-0.000478	0.021907	0.120295	-0.009567	0.040964	0.045631	0.016647
-2.525912	-0.399918	-0.613484	-0.668331	0.087560	-0.268457	-0.099780	-0.074047	-0.115747	-0.067395	0.114875	-0.047858	-0.069391	-0.305340	0.073635	0.075511	0.119294	-0.094690	0.106731	-0.060037	-0.065539	-0.150336	0.008691	-0.141707	-0.058375	-0.004064	-0.142982	0.006716	0.018741	-0.095906	0.080910	-0.079322	-0.037331	0.146860	0.022975	0.057686	0.083236	0.006983	-0.002569	-0.035075	0.076031	-0.110103	-0.035007	-0.030660	-0.101266	-0.043408	0.128064	-0.018984	-0.034627	-0.006466	0.005173	-0.029909	0.046650	-0.067309	-0.078257	-0.046497	0.051137	-0.038775	0.063602	0.004660	0.047005	-0.008106	-0.021788	-0.048772	0.089065	0.048890	-0.022976	0.068176	0.004263	-0.058967	0.043589	0.003149	0.006367	-0.025938	-0.082894	0.009251	-0.029609	0.061678	-0.030794	-0.002742	-0.038961	-0.018149	-0.016470	-0.017141	-0.008717	-0.028751	0.021913	-0.036277	-0.037292	-0.001919	-0.008077	0.004653	-0.023151	-0.034532	0.038453	-0.011580	0.032292	0.006206	-0.014216	-0.004691	-0.039544	-0.025902	0.030620	-0.009020	0.024559	0.024812	0.002211	0.011523	0.012206	0.021524	-0.044282	0.029596	0.042423	0.017474	-0.033698	0.011319	0.004620	-0.040687	-0.005477	-0.016326	0.012107	0.009334	0.017378	0.029649	0.011190	-0.010511	0.025438	0.002220
0.342513	1.290598	0.690985	0.145379	-0.504007	-0.220949	-0.395083	0.192986	-0.064986	-0.076345	0.205941	-0.258962	0.147607	0.252432	-0.217624	-0.162693	-0.168755	0.129571	0.268579	0.004386	-0.073639	-0.055301	-0.013347	0.006873	-0.136181	-0.218590	0.100758	0.036655	0.105193	-0.092325	0.024886	-0.020861	0.046516	-0.023322	0.128792	0.134369	0.059391	-0.049483	-0.069951	-0.090362	-0.005723	-0.065735	-0.010545	0.030208	0.015753	-0.075514	-0.043443	-0.042622	-0.003811	0.055004	0.039268	-0.059739	-0.058619	0.062158	0.003353	-0.044282	0.079296	0.058597	0.013035	-0.033342	0.029397	0.000303	-0.056493	0.027622	0.017572	-0.042558	0.065715	0.016378	-0.041637	-0.010497	0.032012	-0.039015	-0.043517	0.004046	-0.034582	0.063867	0.045081	0.004894	-0.006482	0.012996	-0.126306	-0.043040	-0.005492	-0.065737	0.024024	-0.084479	-0.027925	0.020777	0.033815	-0.042289	0.033970	-0.058620	-0.023791	0.015226	-0.040237	0.045500	0.006794	-0.012832	-0.011072	-0.056122	-0.040557	0.026860	0.033874	0.019052	0.020767	0.048867	0.019412	-0.000732	-0.026567	0.022910	0.005376	-0.000190	-0.031415	-0.091376	0.018663	-0.023799	0.009183	-0.012191	-0.031559	-0.002840	-0.044262	0.025680	-0.013954	0.041611	0.028507	0.035041	0.014156	-0.042412
-1.935527	-0.505418	-0.870655	-0.017489	0.295714	0.134091	0.075899	0.047123	0.369568	-0.044231	-0.009827	0.510110	0.145308	0.196799	-0.301041	-0.216995	0.157737	-0.040829	-0.069495	-0.053445	0.270566	-0.086361	0.131002	-0.109846	0.020040	-0.186407	0.105500	-0.012212	-0.042625	0.122650	0.081540	-0.177091	-0.024426	-0.347129	-0.029523	-0.118287	0.173652	-0.034599	0.151371	-0.135843	-0.128271	-0.043082	-0.016492	-0.049374	0.004967	-0.014988	0.041295	0.104880	0.084734	0.071452	0.037221	0.053183	-0.019828	-0.104609	0.010132	-0.012438	0.085308	0.115439	-0.001354	0.018380	0.032660	0.098924	0.061811	-0.041474	-0.015288	-0.094617	0.049138	-0.033647	0.073177	0.058834	-0.050605	-0.066116	0.034392	0.049680	-0.022493	-0.054823	-0.040927	0.020924	0.050846	0.011522	0.101206	0.046985	0.017601	0.006541	-0.012379	-0.017559	-0.081566	-0.045117	0.001404	-0.005345	-0.040006	-0.030635	-0.025452	-0.029543	-0.161245	-0.042107	0.018436	0.080645	0.114822	-0.007271	-0.076263	0.001640	-0.020980	-0.036599	0.054808	0.070221	-0.132321	-0.103344	0.025094	0.023655	0.007593	-0.027875	-0.004396	-0.050259	0.011373	-0.012316	0.085177	0.015769	-0.045534	-0.039091	0.039061	0.016767	-0.008197	-0.011115	0.004813	-0.010186	-0.010989	0.006142
-1.447454	-0.275813	-0.405819	0.220519	0.213322	-0.075596	0.093197	0.344282	0.296426	-0.187123	-0.109530	0.328844	0.025946	0.154688	-0.197818	-0.215996	-0.080542	-0.038013	-0.117736	0.102680	0.084121	-0.140955	0.141120	0.048382	0.124907	-0.003585	0.022929	-0.011547	-0.041023	-0.031750	0.148645	-0.029179	0.037360	-0.072480	-0.014319	-0.060325	0.138761	0.110318	0.050621	-0.096815	-0.108418	-0.050857	-0.096010	-0.017846	-0.051333	-0.082206	0.108966	0.119717	-0.128110	0.080907	0.057013	0.070697	0.010243	-0.154940	-0.046700	0.057367	0.136829	0.096877	0.052609	0.036992	0.043536	0.093432	0.085963	-0.025224	0.008826	-0.142374	0.056114	-0.063353	0.088817	0.035374	-0.018701	-0.008135	0.108505	0.037739	0.019833	-0.047700	0.065141	0.027066	-0.017709	0.041109	0.154624	0.114871	0.029363	0.056011	0.007872	-0.060955	-0.083568	-0.052843	-0.012113	-0.027833	0.028543	-0.089391	-0.051225	-0.014146	-0.266923	-0.069739	0.006697	0.107575	0.145611	0.004406	-0.072144	0.023357	-0.018740	0.020068	0.015439	0.046779	-0.082823	-0.019179	-0.086716	0.002216	0.007175	-0.071314	-0.016071	0.004448	-0.019553	-0.024027	0.105447	0.010372	-0.030539	-0.050677	0.031929	0.028438	-0.078701	-0.044986	-0.001467	0.002290	0.025403	-0.015740
-2.300267	-0.091809	-0.462479	-0.198666	-0.035662	-0.434593	-0.077489	-0.079029	-0.045925	-0.000881	0.126955	0.141396	-0.109294	0.159735	-0.118266	0.008554	0.024127	-0.248219	0.030858	0.026113	-0.102786	0.102343	0.096565	-0.151670	0.035238	0.006999	-0.107191	0.001187	-0.103763	-0.063755	-0.023720	-0.072950	-0.105734	-0.068949	0.032166	0.007483	0.036974	0.040119	0.081704	-0.059039	-0.011889	-0.045705	-0.028326	-0.072744	-0.028974	-0.057696	-0.102501	0.150430	-0.102765	-0.103586	0.061597	-0.069140	0.048608	-0.060598	-0.120939	0.015750	0.055481	-0.066141	0.029128	-0.037679	0.082576	0.032184	-0.100148	0.008884	-0.070811	-0.081621	-0.015541	0.061193	0.062040	-0.016161	-0.002129	-0.000214	-0.073952	-0.090272	0.008988	0.012047	-0.008981	-0.024328	0.030921	0.038758	0.029274	-0.042420	-0.046166	0.092051	0.036266	-0.045288	0.036034	0.041275	0.063915	0.002938	0.126533	-0.025043	-0.026225	0.019824	-0.004126	-0.003902	-0.050222	0.012524	0.032743	0.004904	0.015357	-0.039952	0.001494	-0.027569	-0.057498	-0.042533	-0.006557	-0.014592	0.039905	0.006467	0.036984	0.016764	-0.017110	0.021260	0.032205	0.018489	0.066871	-0.005922	0.077715	0.028426	-0.022329	-0.021257	0.029901	-0.031437	0.021134	0.006515	-0.007159	0.026714
2.864250	-0.995839	-0.436306	0.152742	-0.065641	-0.492208	0.022878	0.060568	0.188571	0.114968	0.317085	0.034954	-0.139852	0.093203	-0.147206	-0.087227	0.023385	0.210014	0.145108	0.152670	0.282594	-0.021869	-0.095331	0.187514	-0.013189	-0.017140	-0.177770	0.044491	-0.002745	-0.057635	0.092098	0.070221	0.001974	-0.051923	0.152399	-0.037677	-0.089519	-0.066976	0.087002	-0.090029	0.008641	0.068820	-0.243202	-0.060155	0.061996	0.008949	-0.100957	0.037463	0.109435	0.021189	0.056619	0.010354	-0.039484	-0.037042	0.002923	0.075208	0.132745	-0.102527	-0.143822	-0.040772	0.045158	-0.095590	-0.050542	0.049942	0.067735	0.036857	-0.061243	-0.018772	-0.066129	0.028481	-0.014049	0.124118	-0.029997	0.040995	-0.011887	-0.061330	-0.037073	0.051056	-0.041280	0.013909	-0.015022	-0.051930	0.019623	0.054354	0.033522	0.020636	0.026407	-0.125097	0.023292	-0.017677	0.033115	0.011391	0.012192	-0.051838	-0.008720	-0.047950	0.040830	-0.004496	-0.010074	0.053320	0.003446	0.030332	0.015882	0.017189	-0.040206	-0.032847	0.066362	-0.009144	-0.024649	-0.065700	0.016079	0.041693	-0.018616	-0.029883	0.003861	0.016626	-0.003998	0.012892	-0.029704	-0.019551	0.034993	-0.010991	-0.020080	0.011846	-0.028181	-0.013821	-0.012818	0.012206
-1.821343	-0.550315	0.030666	-0.213954	0.460130	-0.275127	-0.237308	-0.013073	0.110267	-0.042888	-0.040311	-0.097280	0.049885	0.115276	0.002062	-0.078916	-0.063046	0.185298	-0.013695	0.013052	0.039456	0.119105	-0.079030	-0.078759	-0.016561	-0.037291	0.088097	0.045218	0.038872	0.075538	0.083791	-0.116840	-0.005538	0.085525	-0.017141	-0.027527	0.061476	-0.038062	0.006519	0.034465	0.025836	0.027802	-0.011742	-0.052256	0.033497	0.004309	-0.066283	-0.047565	-0.019806	0.042461	-0.037154	-0.063968	0.017913	0.014887	-0.019329	-0.051509	-0.096004	-0.010491	0.011951	-0.016417	-0.061250	0.006458	0.055822	0.021128	-0.004260	0.021449	0.011927	-0.018172	-0.005861	0.036076	-0.006728	-0.067306	0.030030	0.024567	-0.035041	-0.027625	0.053400	0.053373	-0.014901	-0.006778	0.044285	-0.025830	-0.038477	-0.047446	-0.002866	-0.020094	0.007900	-0.017931	-0.011931	0.042620	0.028453	0.026334	-0.015409	0.003233	0.019612	-0.006101	-0.031418	0.052300	0.000099	0.011084	0.030882	-0.034357	-0.003484	-0.016848	-0.059462	-0.007624	0.019900	-0.016415	0.006988	-0.022804	0.007185	-0.002958	-0.005027	-0.008302	0.009717	0.045132	0.025166	-0.016474	-0.007556	-0.032066	0.013603	0.048408	-0.004942	0.050228	-0.004470	-0.008715	-0.009507	0.011682
0.256426	-1.008347	0.189629	-0.185052	0.411689	0.221072	0.042874	-0.072656	0.117117	0.014225	-0.058016	-0.015143	-0.008612	-0.387842	0.062574	0.118132	-0.062278	0.183681	0.040974	-0.126561	-0.081019	0.013334	0.000148	0.026458	-0.035015	-0.156645	0.073129	-0.006501	0.010277	-0.077427	0.007345	-0.042305	-0.006132	0.011258	0.199673	0.031202	-0.017981	0.105802	-0.084608	-0.061693	0.037977	-0.040349	0.003734	-0.065933	-0.029323	0.048218	-0.013476	-0.005503	-0.019175	-0.006346	0.050902	-0.155975	0.002929	0.011820	0.050070	0.070706	0.007814	0.022153	0.012354	-0.024268	0.041951	0.052209	0.046019	0.023786	0.100346	0.045774	-0.025695	0.010486	0.008826	-0.001215	0.059772	0.023658	0.032738	-0.035040	0.037859	-0.073765	0.078576	0.001342	0.084779	0.054271	0.064231	-0.041062	0.031575	-0.033561	-0.019675	-0.019253	-0.007762	-0.020573	-0.044572	-0.019706	-0.051653	-0.018045	-0.012619	-0.011796	-0.008149	0.041029	-0.024480	-0.025431	0.031216	0.003520	0.030322	0.014297	0.012263	-0.025489	0.026525	-0.001658	-0.042436	0.016395	-0.018756	-0.056013	-0.023417	0.017820	0.023527	-0.053114	0.003108	-0.007260	-0.013608	0.035889	0.079099	0.008807	-0.056614	0.008180	-0.055270	0.002083	0.061996	-0.012664	-0.030512	-0.077559
-0.213759	-0.093862	1.032727	-0.271786	-0.448405	0.058441	0.126657	-0.001748	0.267990	0.174126	-0.039852	-0.099288	-0.147699	0.163885	0.089963	0.305360	0.013064	-0.065838	0.121781	0.024430	0.035426	-0.249519	-0.128413	-0.042944	0.156803	-0.153369	-0.061147	-0.169643	0.045567	0.055480	0.191812	-0.072399	0.034424	0.155067	-0.040548	-0.064471	-0.107789	0.022269	-0.031455	-0.130101	-0.101274	-0.037044	0.036149	-0.049749	0.004751	0.143136	0.177450	-0.125062	0.108179	-0.052704	0.053313	0.042868	-0.059705	0.004995	0.027540	-0.044569	-0.039229	0.025564	0.012265	0.079699	-0.067630	0.051449	0.056927	-0.013898	-0.061750	-0.027464	-0.017041	-0.011269	0.036912	0.036532	0.039911	-0.023044	0.022890	0.001555	-0.031672	0.075841	-0.012099	-0.035979	-0.024683	0.040782	-0.058769	-0.054499	0.028283	-0.055032	0.045831	-0.037425	-0.056588	-0.001851	0.056897	0.024067	-0.004924	0.000936	0.019704	-0.013311	-0.001907	-0.014087	0.004372	-0.004357	-0.008472	0.011174	-0.026326	0.021700	0.040526	0.034912	0.021176	-0.013872	-0.053395	0.051584	-0.021378	-0.004685	0.013120	-0.008461	-0.008173	-0.025039	-0.001146	-0.016251	0.021469	0.015991	0.014179	0.004247	0.027460	0.008134	-0.013356	-0.037434	-0.002347	-0.008995	-0.000644	-0.018303
0.709876	-0.458507	0.522054	-0.464708	0.121430	0.663558	0.393745	0.050475	0.051698	0.018412	0.206927	0.291255	0.031159	0.141330	0.078396	-0.110568	0.081967	0.108332	-0.121941	-0.089394	0.161914	-0.050812	0.182973	-0.014949	-0.069984	0.061233	0.001213	-0.138278	-0.108998	0.071272	0.092602	-0.080239	-0.122438	-0.073403	0.127035	0.154724	-0.048261	-0.038898	0.143028	0.139737	0.042811	-0.015657	0.031962	-0.001885	0.100928	-0.124396	0.009083	-0.011714	0.061809	0.037769	-0.093732	-0.078487	0.025450	0.001008	0.030381	-0.053515	-0.097828	0.062196	0.019068	-0.087706	-0.054424	0.053842	0.060904	-0.038642	0.040813	0.068480	0.105833	0.067823	-0.013142	-0.070688	0.040264	-0.051067	-0.056186	0.019824	0.032260	0.019656	0.014917	-0.062577	-0.013209	-0.063391	-0.056738	-0.018222	0.084214	0.000900	0.049289	-0.020499	-0.028373	-0.019644	0.053795	0.060623	0.083251	0.017886	-0.011064	-0.048929	-0.035716	0.006224	0.042374	-0.066455	-0.039917	-0.009036	-0.069393	-0.003259	-0.067635	-0.012425	-0.048111	-0.006495	-0.025555	-0.028697	-0.013669	-0.006089	-0.024814	-0.061966	-0.034163	0.048671	0.020986	0.021151	-0.047003	0.001352	0.056935	-0.052842	-0.041463	-0.062984	-0.066221	0.006016	-0.001579	0.047819	0.050976	0.013112
-1.681757	0.004712	0.630850	0.269117	-0.017166	0.006791	-0.075094	0.059919	-0.057670	0.072109	-0.243965	-0.313754	-0.322683	-0.070630	-0.155155	-0.043729	0.032253	-0.103987	-0.031525	-0.054826	-0.193355	0.209913	-0.089445	-0.086776	0.040338	-0.022870	0.015212	-0.089868	0.019173	-0.099874	0.024945	0.048146	-0.076805	-0.030867	-0.027260	-0.016919	0.005637	-0.033926	0.074888	-0.009423	-0.165556	0.089741	-0.041936	-0.032360	-0.050875	-0.048638	-0.020934	-0.047265	0.041204	0.095970	0.014135	0.004129	0.015893	0.017554	0.081728	0.028396	0.016413	0.053030	-0.090773	0.001671	0.118293	-0.033663	-0.053492	0.058289	-0.100285	0.008865	0.010492	0.076247	0.004540	-0.033027	-0.019188	-0.052510	-0.092632	0.055486	0.004120	0.020404	-0.006163	-0.061799	0.005984	-0.005737	0.020616	0.004288	0.013123	-0.003096	0.012828	0.022206	-0.053690	-0.023413	0.037200	-0.071186	-0.045130	0.022011	-0.033667	-0.020831	-0.036459	-0.000933	0.048530	0.041334	-0.026946	-0.008748	-0.000890	-0.035974	-0.006646	0.049512	0.009858	-0.007246	0.029148	-0.017825	-0.038086	0.006739	0.002436	-0.008895	-0.006373	0.042299	-0.006059	-0.038601	-0.009163	-0.037800	-0.022754	0.014084	0.003057	-0.006753	-0.001616	-0.002549	0.015821	-0.031369	-0.008205	0.000986
0.233400	-0.174103	0.408256	0.325186	0.343545	-0.184010	-0.271031	-0.014899	-0.446784	0.155690	-0.080436	0.127620	0.178230	0.243862	-0.233957	-0.076597	-0.038103	0.150861	-0.104776	-0.042675	-0.007125	-0.134090	-0.182390	0.074244	0.336014	-0.042169	-0.039954	-0.009696	0.107590	-0.118188	-0.046229	0.044244	-0.093345	-0.018858	0.086398	-0.056291	0.033055	0.004953	-0.100353	0.061034	0.058796	-0.010549	-0.017505	-0.083922	-0.117745	-0.073149	-0.051260	-0.012867	-0.079213	-0.084456	-0.055912	-0.020867	-0.032045	0.087610	0.041280	0.063546	-0.050777	-0.025261	0.048352	0.090098	-0.006344	0.034729	-0.003537	0.022040	0.022846	-0.004582	-0.028378	0.033700	0.018084	-0.008779	0.028966	-0.010525	-0.025203	0.010778	0.011408	-0.022989	0.000916	-0.006932	-0.019817	0.026922	-0.039982	0.040612	-0.069683	-0.025776	-0.035769	-0.035021	0.052572	-0.041828	0.036408	0.011741	-0.003255	-0.008772	-0.040178	-0.058780	0.056631	0.030204	0.019427	-0.033406	0.019377	-0.046009	0.016296	-0.025907	-0.002259	0.044063	0.032896	0.017651	-0.027638	-0.062088	-0.055335	0.014711	0.014637	-0.027810	0.005030	-0.013575	0.042545	0.000004	0.042327	0.013951	0.013993	0.031409	0.059824	-0.029135	-0.024585	0.038526	0.006542	0.014065	0.011739	0.008324
-0.170404	0.584068	0.288763	0.706977	-0.622430	-0.604815	0.278766	0.155143	-0.084095	0.442908	-0.252131	-0.142126	0.043875	0.083177	-0.095886	-0.087598	-0.334799	0.022364	0.032103	0.217135	0.104308	-0.057443	0.059836	-0.137366	0.190035	-0.096867	0.035266	0.120952	-0.009532	0.258395	0.166241	0.007756	-0.045432	0.117496	0.063288	-0.014781	0.052163	0.007246	-0.071586	0.437642	0.064604	-0.264484	0.137734	0.217874	-0.094274	-0.204639	0.053451	-0.035264	-0.028699	0.270274	-0.138526	-0.021949	0.133448	-0.077332	0.127729	-0.105146	0.183789	-0.175451	0.074066	-0.100447	0.131481	-0.031828	0.045175	-0.346140	-0.181596	0.056260	-0.013822	0.062145	-0.058266	0.234132	0.048688	-0.012022	0.124791	-0.088766	0.066142	-0.113482	0.074478	-0.065279	-0.060638	-0.077656	0.143704	-0.059202	-0.050974	0.096430	0.103108	-0.028838	0.042459	-0.048691	0.149817	-0.121263	0.016278	-0.141990	0.045886	-0.112360	0.044066	-0.065956	0.069803	-0.092153	-0.072276	0.094184	0.065591	0.015298	0.095938	-0.020429	-0.005683	0.028781	-0.060161	-0.021621	0.094709	-0.028754	-0.012625	-0.058177	0.039016	-0.023641	-0.013178	0.027611	0.004100	0.023936	-0.033737	0.038153	-0.008690	-0.031708	0.023017	0.009192	0.057806	-0.043014	0.011566	-0.061931
-1.300748	0.669527	-0.158250	-0.302367	-0.172838	-0.027838	-0.246687	-0.112038	0.233208	-0.308578	0.405358	-0.004028	-0.091468	0.014678	-0.018561	0.005253	-0.132404	-0.019439	0.125267	-0.094908	0.015190	0.068611	-0.112249	0.068607	0.155684	0.014884	0.262426	0.017385	0.026217	-0.063570	0.038900	-0.059078	-0.052244	0.066896	-0.041123	0.006734	-0.030067	-0.022194	-0.056492	0.000064	0.040739	0.009325	0.018743	0.034192	-0.070154	-0.015286	0.114695	-0.033562	-0.025776	-0.006271	-0.004813	0.035354	-0.006192	0.048757	-0.001353	-0.047105	-0.018173	0.010139	0.057349	0.004424	-0.017293	-0.023924	-0.013289	-0.000886	-0.028693	0.018430	0.072665	0.018575	0.039242	0.004055	-0.046851	-0.015884	-0.027784	-0.007207	-0.018112	0.041861	-0.072590	0.001208	-0.004938	-0.078680	-0.007992	-0.019342	-0.033640	-0.007629	0.027232	0.005688	0.045244	-0.062446	0.048099	0.011679	0.026542	0.016661	-0.000040	0.051314	0.028860	-0.076935	-0.011095	-0.019355	-0.008436	-0.030449	0.002430	-0.045192	0.012486	0.029291	0.027591	0.004708	-0.042510	0.050102	0.005066	-0.053962	-0.000177	-0.001097	0.014445	-0.065270	-0.026533	-0.023730	0.022114	-0.011628	-0.021955	-0.005311	0.035932	-0.025044	-0.019238	-0.015712	-0.008500	-0.016421	-0.023785	0.035233
-2.082465	-0.794162	0.147354	-0.597731	-0.029295	0.082016	0.065098	0.000981	0.038107	-0.287857	0.089013	-0.128000	0.179189	-0.280427	0.070650	0.060837	0.106590	0.128998	-0.070837	0.106882	-0.025670	-0.308375	0.045883	-0.101097	0.007024	0.010999	-0.116150	-0.064854	-0.203681	0.068928	-0.042334	-0.106465	0.007871	0.089064	0.015172	0.095754	0.084242	-0.105389	0.027980	-0.077697	0.049395	0.050262	0.003881	-0.086119	-0.037746	-0.113039	-0.082763	-0.047787	-0.137058	0.050857	-0.047745	0.072057	0.087539	-0.102428	-0.063804	-0.017588	0.143987	-0.097858	0.017105	-0.014034	-0.015922	0.019454	0.008659	0.042520	-0.072520	-0.040001	-0.041117	-0.044516	-0.046667	0.029412	-0.068937	-0.031866	0.031301	-0.026965	-0.050707	0.061203	0.071509	0.000809	0.097874	-0.005527	-0.019778	0.040020	0.096001	0.115299	-0.021221	0.024182	0.054199	0.042895	0.000905	-0.104782	0.003258	0.069926	-0.017672	-0.026425	-0.027522	0.047012	-0.006200	-0.009572	0.046763	0.012348	-0.032914	-0.018282	0.025240	0.013739	0.014343	-0.028007	0.021486	0.041731	-0.049024	-0.029029	0.022186	0.084773	-0.050966	-0.007939	-0.007663	0.008037	-0.023058	-0.013554	0.004937	0.059605	0.018809	-0.034565	-0.039676	0.013454	-0.035750	-0.035913	-0.047817	-0.046620
0.837017	-0.123616	-0.510383	-0.646055	-0.148467	0.199992	-0.293435	-0.439500	-0.030572	0.122907	-0.540829	-0.025584	0.074319	0.109068	0.294959	-0.022087	0.008740	-0.191431	-0.101594	0.040246	0.030247	-0.093551	0.006698	0.104249	-0.060562	-0.118392	0.103837	0.022770	-0.097687	-0.089063	-0.029991	-0.015036	-0.044247	-0.069875	0.068582	0.017332	0.084344	0.035184	-0.018292	0.070251	-0.047952	-0.010175	-0.124892	-0.054706	-0.077868	-0.000176	-0.038403	0.089777	0.005807	-0.065611	-0.003662	0.044229	0.029574	0.004630	-0.029137	-0.049563	-0.077951	0.022565	-0.013327	-0.007614	-0.011193	-0.054978	0.033038	-0.013306	-0.015649	0.053572	0.043951	0.035092	-0.061932	0.006354	0.068330	-0.061708	-0.002373	-0.021682	0.014099	0.026276	-0.021168	0.025142	-0.026638	-0.054797	0.027081	0.019454	-0.026633	-0.084193	0.023033	0.008631	-0.018521	-0.035002	-0.039922	0.055188	-0.014477	-0.060736	0.030403	0.073127	-0.001704	-0.027065	0.039022	0.022589	0.014528	0.083446	-0.016624	0.052394	-0.017828	-0.031153	-0.030529	-0.011431	0.029852	-0.064469	0.033602	-0.020678	-0.025281	0.013245	-0.006282	-0.003077	0.011286	0.064134	-0.000094	-0.034117	-0.022331	0.030760	0.005062	-0.010756	-0.047898	0.021786	-0.018661	0.004455	-0.022359	0.024057
0.390876	-0.651686	1.086065	0.022487	-0.218224	0.077503	-0.053004	0.136831	-0.051737	-0.101634	-0.335119	0.020991	0.072136	0.295337	0.028702	0.027408	0.104179	0.081310	-0.112293	-0.196230	0.429106	0.025772	0.009793	-0.109266	-0.176889	0.103589	0.144483	0.053529	0.008923	-0.074474	0.044662	0.068444	0.162148	0.061288	-0.099838	-0.093080	-0.076341	-0.033012	-0.068004	-0.067273	0.080779	-0.092274	-0.138632	0.063841	-0.100275	-0.033892	-0.022332	0.088653	-0.009995	0.123347	-0.071226	0.052620	0.136748	-0.063350	-0.047658	0.029888	0.019983	0.094653	-0.039903	-0.000598	0.035758	0.101855	-0.026221	-0.013360	0.028011	0.057078	-0.008904	-0.059967	-0.016758	-0.072525	0.012709	-0.039236	0.014213	-0.059917	0.026899	0.038650	-0.023416	-0.021457	-0.036210	-0.016063	-0.067455	-0.001030	-0.026023	0.027948	-0.000648	0.005271	0.049828	0.022378	-0.039928	-0.010548	-0.011098	-0.017123	0.051092	-0.000459	0.005749	-0.010264	-0.004236	-0.027910	0.025245	-0.000856	-0.045761	-0.010060	0.024458	-0.052096	0.029397	0.011712	0.032290	0.002981	-0.000107	0.013747	-0.003982	0.003733	0.022068	0.020619	-0.004786	-0.000832	0.000156	-0.025257	-0.016329	-0.015564	-0.026529	0.005632	0.002898	0.022431	-0.006621	0.009158	0.034822	0.016420
1.687590	-2.076398	1.639978	0.075254	-0.258415	-0.108093	0.337799	0.086957	0.294360	0.033412	0.164917	0.161114	-0.110693	-0.179857	0.155494	0.118443	-0.087623	-0.484974	0.158424	-0.504766	-0.202035	-0.184432	-0.120274	0.058057	0.076701	-0.115242	0.082267	0.218831	0.176325	-0.083628	-0.261685	0.028329	0.157269	-0.091783	-0.172224	-0.045711	-0.044239	-0.199779	0.151403	0.188605	0.242278	-0.241511	-0.030403	0.210532	0.152404	-0.012185	-0.052739	-0.117227	-0.034394	-0.158682	-0.015181	0.092929	0.000697	-0.110154	-0.132053	-0.018986	-0.110031	-0.052730	0.089333	-0.025030	0.130476	-0.055422	-0.047352	-0.010093	0.004025	-0.021442	0.013305	-0.057896	0.086507	-0.085851	-0.009075	0.039788	-0.052198	0.019583	0.131968	0.037443	0.008706	-0.140535	0.036861	-0.048922	-0.007325	-0.047638	0.021106	0.017069	-0.165672	0.070371	-0.025677	-0.033432	0.048785	0.038056	0.078757	-0.037319	0.067413	-0.002789	-0.170167	0.013814	0.007253	-0.044088	0.036659	0.084090	0.067445	0.000327	0.038833	0.019015	-0.002279	0.044783	0.035305	-0.068251	0.005157	-0.018113	0.069752	0.058534	0.092879	-0.033586	-0.038361	0.068041	0.060098	-0.053342	0.010737	-0.023731	0.009513	-0.011801	0.058789	-0.009656	-0.052824	0.085209	-0.013988	-0.041577
0.837786	-1.725744	0.307118	-0.086778	-0.202326	0.089926	0.063307	-0.104995	0.109576	-0.073354	0.213466	0.031785	-0.092377	0.434006	0.138158	-0.202248	-0.346375	-0.042282	0.095887	0.024661	-0.023436	-0.057985	0.097895	0.075523	-0.178033	0.200379	0.000914	0.244763	0.268688	-0.089971	-0.171563	-0.061655	0.093266	0.027515	-0.007427	-0.099809	0.114830	-0.254071	-0.130932	-0.006637	0.090199	-0.006451	0.088754	0.149598	0.125920	-0.005087	-0.034226	-0.079676	-0.107504	-0.050776	0.099930	-0.057484	-0.018032	-0.049370	-0.043349	-0.060507	-0.073323	-0.017335	-0.067800	0.049582	-0.095063	0.010556	-0.005766	0.056264	-0.044563	-0.107878	-0.035397	0.022499	0.016064	-0.073408	0.064484	0.024222	-0.078170	0.074898	-0.002863	0.073623	0.011059	-0.007258	-0.013502	0.006651	0.079760	0.133814	-0.033035	0.083623	-0.075561	0.049985	-0.112299	-0.003840	0.143197	-0.003158	0.056291	-0.009690	-0.041718	0.030100	-0.014645	0.037712	-0.005235	-0.113663	0.015936	-0.015548	0.105137	-0.044653	-0.061559	-0.031647	-0.026689	0.043994	0.046447	0.048059	-0.070781	-0.016478	-0.018182	-0.023865	-0.033647	0.003761	-0.082826	0.081762	0.021840	0.074553	-0.052728	0.023719	-0.029785	-0.016697	-0.030743	0.019643	-0.039948	-0.051205	-0.058629	-0.112370
-1.512149	-0.203779	-0.074732	0.323372	-0.296545	0.351663	-0.027153	0.118914	0.177864	-0.177917	-0.311392	-0.010622	-0.236041	-0.123704	-0.270420	0.028474	0.021706	-0.195611	-0.052503	0.218072	-0.011796	0.003521	0.010059	-0.090529	0.122116	0.039233	0.074050	0.072613	0.149319	-0.124771	0.099582	-0.060400	-0.077766	0.046195	-0.054750	0.106588	0.160259	0.092945	-0.011961	-0.106686	0.066584	-0.130217	0.070901	-0.050655	0.202480	-0.004666	-0.041657	0.000001	-0.006671	-0.049235	-0.003801	0.041832	0.010997	0.032075	-0.039999	-0.018292	0.063324	-0.052984	-0.038524	-0.007769	0.052939	0.004962	0.060361	-0.002534	0.013571	0.051610	0.001633	0.002945	-0.076554	0.027308	0.007827	-0.037787	0.042453	-0.033793	0.033914	0.012167	-0.016925	0.049202	0.020787	-0.024623	-0.033102	0.043318	0.012094	-0.010670	0.013270	0.026108	-0.008884	-0.004358	-0.002155	0.024327	-0.008196	0.028341	0.027652	0.011783	0.018363	-0.027863	0.027454	-0.003472	-0.028101	-0.059345	0.005834	-0.005342	-0.013710	-0.018922	-0.010680	0.010070	0.012002	0.004074	-0.006365	-0.008602	0.005583	0.014894	-0.001514	0.004207	-0.004737	0.021154	0.015041	0.063227	0.044656	-0.026098	0.014253	-0.030794	-0.019115	-0.048080	-0.010747	0.039946	-0.001885	-0.013306
-2.188851	-0.337262	-0.487530	0.137468	-0.326125	-0.332540	-0.155395	0.177151	0.280323	0.386250	-0.176423	-0.290623	0.022868	-0.366924	-0.062426	0.052247	-0.078663	0.179911	0.452738	0.266029	0.246219	0.165332	0.672791	-0.539072	-0.023888	-0.092035	0.519468	0.077188	0.172432	-0.298497	-0.074390	0.340570	-0.180544	0.022930	-0.279465	-0.097300	-0.134010	-0.056049	0.042758	0.364623	-0.075558	0.309561	-0.215682	-0.044295	0.274335	-0.342907	0.159862	0.170916	-0.024948	-0.069648	0.048094	0.141870	-0.369800	-0.111794	-0.030894	0.179896	-0.022596	-0.143107	0.099325	0.009993	-0.268646	0.117979	-0.060111	-0.039426	0.060456	0.010493	-0.117373	0.154621	0.186134	-0.104953	0.105729	0.018367	-0.036137	0.027700	-0.037754	0.012444	0.089182	-0.004320	-0.058868	-0.047934	-0.003345	0.015876	0.026376	-0.084328	0.070404	0.017446	0.161121	0.012879	-0.003281	-0.020199	-0.102111	0.040879	-0.026519	0.001584	-0.051030	-0.021075	-0.008681	-0.023244	0.042558	0.018894	-0.031720	0.062668	0.059134	-0.061063	-0.009554	-0.080669	-0.037638	0.001086	-0.034472	0.007234	0.011637	0.015576	0.018697	-0.003035	0.002383	-0.015769	-0.010231	0.028298	0.047706	0.030917	-0.000506	0.001278	-0.005315	-0.026070	-0.006855	0.002932	0.033953	-0.047091
5.602396	-0.641051	-0.319180	-0.402523	0.091347	-0.136010	0.086520	-0.929295	0.233721	0.072309	0.043703	-0.096602	-0.197720	0.187675	-0.522900	0.096816	0.062365	0.071000	-0.018965	-0.185327	-0.097205	-0.079291	0.033595	-0.207443	0.023671	0.050754	-0.054188	0.168765	-0.146758	0.099284	0.005919	0.123168	-0.061636	0.160487	-0.141980	0.164780	0.058062	0.014289	-0.136212	0.114198	0.019645	0.018921	0.018109	0.001515	0.018891	-0.007698	-0.006035	-0.003950	0.009880	0.080690	0.064612	0.007837	-0.026240	-0.004484	0.034930	0.008217	-0.025631	0.063070	-0.014205	-0.023405	0.025079	0.035682	0.030722	0.036233	-0.006900	-0.047974	-0.011290	-0.019424	0.013397	0.006069	-0.024101	-0.004388	0.003069	-0.007693	0.010602	0.027122	0.014123	0.008435	0.022110	0.019081	-0.005755	-0.021316	-0.008384	0.004004	0.011523	-0.001422	0.010563	-0.018848	-0.009058	0.015012	0.013319	-0.014113	-0.020740	-0.002129	-0.016586	0.014495	0.011882	0.013809	0.011688	-0.012689	-0.009953	0.003865	-0.016725	0.025071	0.001877	0.005330	0.003329	0.004781	0.003410	0.022451	-0.013216	0.013482	0.011426	-0.013893	0.011538	0.004113	-0.018591	-0.007375	-0.011147	-0.013359	-0.008137	0.001948	0.002668	-0.003939	-0.000991	-0.003847	0.000188	0.011502
-1.138089	-0.333389	0.372857	-0.259219	-0.096766	-0.354646	0.022199	0.061362	-0.003490	-0.161656	-0.144702	-0.141519	0.232164	0.233548	0.087044	0.198508	0.125325	0.003663	-0.133178	-0.067674	-0.096100	0.238907	0.027070	0.059070	-0.117292	-0.061695	-0.041295	0.030367	0.031119	-0.074439	0.006916	0.088681	-0.099713	0.063579	0.032101	-0.067914	0.078949	0.015724	-0.102142	-0.034914	0.015537	0.094957	0.106562	-0.090759	0.034485	0.036988	0.029833	-0.039849	0.072501	-0.027295	-0.032763	0.005757	0.010157	0.069165	0.094384	0.061596	0.003506	-0.003634	-0.015486	0.053629	-0.001411	0.018644	0.041470	0.019391	-0.043536	0.045291	-0.012600	-0.039458	0.078370	0.040518	-0.069143	0.026803	0.013897	0.037535	-0.002250	0.032156	0.039371	0.019693	0.013968	-0.016817	-0.018330	-0.056498	0.002543	-0.023336	0.009856	-0.008790	-0.062662	0.038906	0.027191	-0.032913	-0.038925	-0.013302	-0.003892	-0.035163	-0.054407	0.000215	0.008468	-0.005150	-0.002413	-0.006933	0.002952	0.001713	0.046857	0.024352	0.052144	-0.018633	0.052349	0.036225	0.034950	-0.011915	0.068169	-0.020684	0.008263	-0.026933	0.014966	-0.017860	0.009768	-0.019218	-0.015901	0.012526	0.036743	-0.010367	-0.013223	0.017274	0.005229	0.002836	0.016243	-0.038353
-2.512602	-0.669955	-0.232581	-0.452323	0.210978	0.074315	-0.096084	-0.118745	-0.021473	-0.175346	0.226404	-0.117393	-0.130326	0.105483	-0.029864	0.022481	-0.095353	-0.000699	-0.086612	0.109870	-0.119327	-0.158585	-0.078531	-0.041862	-0.038630	0.129098	0.102569	-0.064642	-0.079717	0.002534	-0.005202	0.015827	-0.111367	-0.026727	-0.007897	-0.079214	0.104465	0.039582	-0.091261	-0.052903	-0.032901	0.036179	0.052466	0.015238	-0.027195	0.029667	-0.053939	-0.051128	-0.017036	-0.011895	-0.051221	-0.032387	-0.081923	0.039173	-0.059189	-0.045492	0.000117	-0.051558	0.071190	-0.001059	0.020188	0.008554	0.030771	-0.028344	-0.058590	-0.012255	0.029363	0.032200	0.019403	0.018730	-0.087963	-0.024004	0.033350	-0.034613	-0.039976	0.022575	-0.030664	-0.022428	0.052101	0.006260	-0.033897	-0.033857	-0.042088	-0.005616	-0.011634	0.027283	0.024036	-0.044150	-0.011750	0.008883	-0.026887	-0.017829	0.069613	0.019765	0.041843	-0.068837	-0.004468	0.019347	-0.010199	0.027762	-0.008372	0.042791	-0.017452	0.039193	-0.000669	-0.014085	-0.009590	-0.026211	0.019835	-0.023747	0.007685	0.009548	-0.021559	-0.043454	-0.021130	0.007113	-0.009695	-0.044860	0.026320	-0.029278	0.004927	0.001882	-0.042473	-0.030296	0.015749	0.005569	0.037900	-0.014551
1.386588	-0.358438	-0.353434	-0.358376	-0.275255	0.637481	-0.212847	0.226900	0.001193	0.104163	-0.028406	0.106271	0.077354	-0.176183	0.029598	-0.171754	0.001377	0.283368	-0.083511	0.026660	-0.093930	0.051624	-0.151661	-0.051059	0.031530	0.026169	0.042105	0.040792	-0.035307	-0.012840	0.099194	-0.084813	0.082938	0.030598	-0.061796	-0.080289	-0.095412	0.060358	-0.043770	0.010721	-0.068003	0.023797	0.034176	0.002986	0.032569	0.098055	0.064341	0.014051	0.006659	-0.073267	0.038893	-0.069626	-0.030807	-0.017424	0.045343	0.010972	-0.009568	-0.020110	0.035327	-0.004770	0.114399	0.064597	-0.023286	-0.048561	-0.002946	0.039498	-0.012734	-0.016845	0.022864	0.014515	0.032992	0.040918	0.045900	-0.013727	-0.010093	0.063859	0.055385	0.014059	0.041035	0.041528	-0.014291	0.040953	0.002057	-0.051684	-0.011638	0.034040	0.057364	-0.025777	0.038810	-0.018744	0.041747	-0.027816	-0.020139	0.073297	-0.030875	0.008797	0.008145	-0.035284	-0.021561	0.046765	-0.003934	-0.000010	-0.021482	-0.017210	-0.014319	-0.000305	-0.020536	-0.004737	0.025259	-0.021999	0.010097	-0.005904	0.002413	0.033348	-0.024185	-0.020947	-0.001360	-0.008462	0.017497	0.005048	0.035509	0.042391	0.003719	-0.000566	-0.018290	-0.007149	-0.003424	0.022086
2.411668	0.350445	-0.414832	-0.427958	-0.191969	0.147827	-0.376231	-0.334969	0.328384	0.076536	-0.789171	-0.077683	0.271103	-0.058837	0.368267	0.015437	-0.002314	-0.215830	-0.094909	0.077141	-0.061675	-0.133241	-0.055115	0.297266	0.026683	0.018165	0.016947	0.006228	-0.075431	-0.053491	-0.044417	-0.021127	0.013269	-0.013395	0.118312	0.078844	0.000379	-0.050553	0.079092	0.047006	-0.061038	0.095115	-0.092894	0.004511	0.031686	0.003051	-0.082459	0.102822	-0.085780	0.059793	-0.029571	0.087774	0.025844	-0.049758	-0.067244	-0.079053	-0.055381	0.014101	0.013149	0.013935	-0.026963	-0.007352	0.018986	0.036571	-0.040436	-0.018280	0.010437	0.017233	-0.031578	0.008167	0.014127	-0.025648	0.027703	0.041082	-0.003795	0.018635	-0.056082	0.015176	0.066003	-0.011789	-0.020544	0.040151	0.040554	-0.040887	0.007479	-0.014551	0.042645	-0.049385	0.025774	-0.021071	-0.014093	0.012500	-0.035252	-0.049896	-0.019218	-0.012311	0.041240	-0.008850	-0.030360	-0.008069	0.015215	0.000788	-0.008672	0.015589	0.012899	-0.018010	-0.008112	-0.021322	-0.000739	0.021570	0.017817	0.011169	-0.007083	0.016119	0.006367	-0.019355	-0.006248	0.009605	-0.003467	0.009625	-0.029969	0.031928	0.010991	-0.003984	-0.005243	-0.008393	0.033204	-0.016142
1.459521	-0.151036	-0.481399	-0.533470	-0.264668	-0.094423	-0.336426	-0.300593	0.085720	0.149587	-0.701375	-0.206539	0.253420	0.124906	0.192940	0.204026	-0.082240	-0.175562	-0.082417	0.231491	-0.194471	-0.098521	0.109592	0.191034	-0.016016	-0.065345	0.069548	-0.021484	0.045369	-0.105714	-0.025439	-0.012216	0.053703	-0.031967	0.014755	0.120246	-0.090294	-0.019976	0.003701	0.082107	-0.041368	0.041324	-0.081097	0.012065	0.002363	-0.003338	0.010030	0.051856	-0.036943	-0.057405	-0.010560	-0.027132	-0.078721	-0.041776	-0.068055	-0.064692	0.049639	0.020668	0.012378	0.027027	0.024577	-0.035030	-0.017355	-0.011720	0.057238	0.000413	-0.022508	-0.025889	-0.012454	0.004461	0.013161	-0.032132	-0.030880	0.016842	0.021073	0.033523	-0.014964	0.012878	0.017529	0.077444	0.021782	-0.035185	-0.048202	0.013585	0.002035	-0.000712	-0.025504	-0.042311	0.012048	-0.011791	0.043765	-0.013113	-0.020350	-0.026802	-0.002307	0.016859	0.005333	0.006326	-0.007901	-0.027556	0.034210	-0.051778	0.018227	0.027093	0.029407	0.027446	-0.012799	0.065050	-0.001808	-0.007786	0.006364	-0.012998	0.013918	0.025011	0.017493	-0.019871	-0.005344	0.001079	0.005148	-0.031631	-0.011079	-0.024202	0.030571	-0.010993	0.027990	0.019187	-0.020227	-0.004334
0.440401	0.350834	-0.153348	-0.319258	0.079196	0.112579	-0.148154	0.444991	0.129894	0.470410	-0.051404	0.314310	-0.292024	0.064909	-0.167545	0.205978	0.220598	-0.022354	-0.040881	0.020741	0.028146	0.093628	-0.021456	0.055784	-0.042847	0.076433	0.037278	-0.106005	-0.069208	-0.139139	0.022566	0.002311	0.126797	-0.082182	0.062444	0.088754	0.027314	-0.075454	-0.007085	0.040753	-0.045606	-0.011991	0.039323	0.114349	0.008105	-0.026716	0.072003	-0.038136	-0.060187	0.025162	-0.017598	-0.027323	-0.006749	0.026504	0.057881	-0.024929	-0.069741	-0.048751	-0.010297	-0.043961	-0.001125	-0.028363	0.033497	0.062567	-0.008305	0.052266	-0.012766	0.021017	0.011255	0.016197	-0.025692	0.026748	0.015645	-0.038960	-0.056240	0.001556	-0.006009	0.020733	-0.008067	-0.030021	0.014067	0.015775	0.060305	0.031272	-0.047423	-0.043004	0.049947	0.000577	-0.047311	-0.026407	-0.060186	-0.021980	-0.041808	0.012355	0.026172	0.030559	0.007703	0.060687	0.017045	-0.008658	0.014030	-0.016434	-0.001074	0.021549	-0.008839	0.041916	-0.039243	0.025993	0.011940	-0.008334	-0.006925	0.028114	-0.021388	-0.013702	-0.038189	0.004597	-0.015129	-0.011711	-0.030406	0.000671	0.002028	0.011545	0.020738	0.001462	0.007829	0.026262	0.004590	-0.020888
0.436522	0.355231	-0.158842	-0.318047	0.076355	0.113359	-0.151110	0.441043	0.120307	0.475285	-0.052522	0.308371	-0.292387	0.075385	-0.168287	0.207791	0.220199	-0.023582	-0.041886	0.022386	0.027395	0.095667	-0.022307	0.058116	-0.046901	0.073487	0.047578	-0.103073	-0.064669	-0.137675	0.019668	0.014132	0.126724	-0.080299	0.061025	0.086599	0.025521	-0.072794	-0.008148	0.038472	-0.049631	-0.013913	0.038090	0.117756	-0.000044	-0.025645	0.074757	-0.042116	-0.058160	0.022561	-0.014003	-0.027321	-0.014099	0.026332	0.061497	-0.023702	-0.070938	-0.044955	-0.009714	-0.042141	0.003099	-0.034065	0.031410	0.060018	-0.004824	0.054776	-0.010904	0.021045	0.010314	0.018100	-0.023992	0.026405	0.015098	-0.041278	-0.056233	0.004037	-0.005372	0.019114	-0.014936	-0.029083	0.015503	0.012582	0.058506	0.030999	-0.045025	-0.042581	0.047630	-0.000364	-0.046133	-0.026970	-0.059215	-0.024540	-0.043349	0.015238	0.025869	0.030753	0.008555	0.061315	0.019575	-0.009414	0.015655	-0.016312	-0.000841	0.023535	-0.007812	0.043447	-0.036769	0.026076	0.012289	-0.010247	-0.005467	0.026116	-0.018589	-0.014206	-0.037621	0.002846	-0.014695	-0.012562	-0.030682	0.000579	0.002001	0.011852	0.020121	0.002547	0.007416	0.024935	0.003474	-0.019903
0.122960	0.307297	-0.326645	-0.279758	0.061017	-0.081589	0.287701	0.194601	-0.247496	-0.044336	-0.080510	-0.107696	-0.038809	-0.129038	-0.105106	0.219236	-0.045102	-0.102530	0.080933	-0.087556	0.071605	0.005543	-0.068280	-0.146314	-0.081876	0.036735	0.012915	-0.113293	0.015385	-0.063027	0.007659	-0.169594	-0.060048	-0.030541	0.044026	-0.227473	-0.062144	0.137468	-0.075108	-0.032860	-0.018275	0.047452	0.023384	-0.047101	0.061005	0.072649	0.005207	0.002831	-0.058183	0.041010	0.156274	0.072260	0.022313	0.118827	-0.082158	0.015102	0.006800	-0.104447	-0.059461	-0.068595	-0.049537	0.070334	-0.043105	-0.019006	0.010394	-0.073720	0.020953	-0.043981	0.040477	0.100736	-0.014905	-0.014330	-0.081941	-0.000052	0.080262	0.056046	0.002482	0.007452	0.028404	0.016179	0.035110	-0.017377	0.019424	-0.039383	-0.049741	0.080388	0.010347	-0.032324	-0.001446	-0.019516	0.027961	-0.084745	-0.008596	-0.093496	0.022784	0.014350	-0.038978	-0.009629	0.003474	-0.003246	-0.007004	0.032859	0.035162	0.044024	0.043163	0.036884	-0.017057	0.038436	0.040579	0.041500	-0.030646	0.032646	-0.024375	0.020664	0.029877	0.039644	0.011566	0.032009	-0.011476	-0.014828	-0.038881	-0.015067	0.002745	0.038355	-0.070343	0.010672	-0.006626	0.000527
3.935866	-1.220033	-0.827876	-0.319584	-0.131263	-0.405274	-0.335079	0.126902	-0.084421	0.083019	0.255405	-0.177945	0.046935	-0.260702	-0.096942	-0.276495	-0.237534	-0.169027	0.203114	-0.104413	-0.023132	0.091574	-0.116020	-0.065391	0.093802	-0.019447	0.052155	-0.206801	0.106119	-0.007708	-0.099433	0.105564	-0.010862	-0.050631	0.061091	0.084624	0.011666	-0.000750	-0.021427	-0.112717	-0.100656	-0.046525	0.014382	0.047814	0.104532	0.047622	0.011948	0.127474	0.081855	0.012160	-0.065866	0.049490	0.118170	-0.067236	0.080318	0.071674	-0.041919	0.070233	-0.085454	0.102510	-0.002446	-0.118502	0.030848	-0.078837	0.087356	0.072698	0.013540	-0.057468	0.038012	0.036385	0.003124	-0.032729	-0.021507	0.013179	0.067658	0.066431	0.007833	-0.053352	-0.021848	-0.072893	-0.019774	0.056413	0.041294	-0.024455	0.088638	-0.025281	-0.051428	-0.018029	-0.002831	-0.024751	0.019794	0.070623	0.015765	-0.002909	0.055825	0.012566	-0.007723	0.025387	0.043734	-0.037604	-0.012336	0.009104	0.003779	0.004468	-0.003346	0.030745	-0.026422	0.053579	0.024676	-0.021084	0.040822	-0.018966	0.061274	0.010514	0.047307	-0.022030	-0.008267	-0.028563	0.025704	0.035219	0.032429	0.032198	0.013655	-0.006460	0.003068	0.000797	0.003064	-0.024020
-0.676553	0.019274	-0.253323	0.251999	-0.279114	-0.089443	0.161579	-0.240310	-0.078102	0.327539	-0.030502	0.034808	-0.274970	0.410569	0.240866	-0.087081	-0.404844	-0.169747	0.198766	-0.129022	0.118380	-0.052604	-0.167090	-0.293055	-0.075723	0.172434	0.020691	0.171434	-0.137195	0.109620	0.121000	0.035755	-0.072237	-0.062221	-0.094275	-0.092642	-0.212412	0.207681	-0.155498	-0.250127	0.052485	0.010363	0.217167	-0.130691	0.087602	0.096875	0.084139	0.332489	-0.073832	0.049459	-0.044979	0.154214	0.006916	-0.025778	0.042613	-0.035895	-0.096483	-0.299529	0.120596	-0.119584	-0.066336	-0.085628	0.053931	0.094331	0.136735	-0.019415	0.038547	0.280787	-0.323628	-0.209101	0.013605	-0.002189	0.272166	0.165281	0.073471	0.018722	0.027087	-0.232347	0.002433	-0.019618	0.045617	-0.097777	-0.011674	-0.063284	-0.115704	-0.102424	-0.069282	0.033830	-0.001275	-0.123875	0.051237	-0.017810	-0.060183	0.017925	0.024783	-0.008581	0.110078	0.001248	0.152808	-0.001900	0.047138	-0.009275	0.009086	-0.019020	0.062166	0.008151	0.016496	-0.032559	0.000531	-0.037038	0.011510	0.012200	-0.106618	0.009687	-0.003273	-0.069822	-0.040229	-0.036302	-0.007750	-0.054909	0.045497	-0.047488	0.066265	0.023490	-0.007543	-0.001784	-0.020197	0.022776
-0.451988	0.525715	-0.028605	0.583508	0.225002	0.074084	-0.358360	-0.262768	-0.338057	0.249282	0.031064	0.035454	0.165088	0.053131	-0.013494	-0.020456	0.124986	0.003577	0.079470	0.221877	0.011395	-0.080377	0.086943	0.059825	-0.098016	0.057986	-0.086955	0.095648	0.011346	0.009197	-0.066407	-0.128120	0.113573	0.067490	0.033270	0.041796	-0.045612	0.006436	-0.050109	-0.037772	0.065599	0.001314	-0.093608	-0.060386	0.142254	0.069581	0.085635	-0.052492	0.086439	0.065281	0.040699	0.060446	0.018923	-0.069755	-0.055720	-0.016750	0.034892	0.085239	0.067349	-0.058492	-0.002673	-0.009355	0.055562	-0.024558	0.051537	0.008112	0.026550	0.005012	0.057037	-0.073094	-0.093820	-0.024887	-0.016462	-0.005375	-0.015534	0.029031	0.054081	-0.036594	-0.029225	0.026799	0.028840	0.030920	0.024050	0.024289	0.001722	-0.000747	0.004386	0.021184	-0.006000	-0.014244	0.012264	-0.001412	0.065635	0.029547	0.064866	0.030278	0.010101	-0.026885	-0.008169	0.011191	0.012805	0.001148	0.004027	0.005456	0.029969	-0.018151	-0.046569	-0.013542	0.017161	-0.017582	0.021816	0.019324	0.003961	-0.019843	-0.002278	0.015360	0.015406	0.021086	-0.006121	0.009776	0.012513	-0.011284	-0.002481	-0.022465	0.001831	-0.004273	0.025916	0.008627
-0.999237	-0.207980	-0.598544	0.871853	-0.405647	-0.126672	0.147359	0.364812	-0.102910	0.045208	-0.310472	-0.118789	-0.050948	-0.070148	-0.126843	0.146010	0.165652	-0.001223	0.078964	0.027113	-0.053258	0.058816	-0.138871	0.013092	0.007635	-0.272230	-0.133014	0.025845	-0.157916	0.226686	-0.140085	0.089462	-0.062622	-0.070848	0.081126	-0.044309	0.036610	-0.087846	-0.103737	0.134652	0.107699	-0.052687	-0.081589	0.062939	-0.059714	0.127697	0.038290	-0.008573	-0.075170	-0.060254	0.103135	0.057569	-0.010961	-0.007456	0.040950	0.030676	0.065654	0.037714	0.008134	-0.134732	-0.115524	0.040510	0.029596	-0.020160	0.037410	-0.055945	0.021449	-0.017571	-0.029981	-0.062542	-0.018658	-0.005694	-0.026239	0.021835	-0.007442	-0.023143	-0.032607	0.017511	-0.057543	-0.051636	-0.023627	-0.009147	-0.030078	0.001392	0.028652	0.026345	-0.052960	0.028589	0.020753	-0.035990	-0.000385	0.040948	-0.082921	0.001142	0.002664	-0.052809	-0.019755	-0.017734	-0.030853	-0.036330	-0.015705	-0.004357	-0.012274	0.003865	-0.055653	0.000329	-0.038342	0.008399	0.039542	0.001425	0.004402	0.037655	-0.011270	0.034078	0.005950	-0.001393	-0.032235	-0.043345	-0.003167	-0.047524	-0.003473	-0.005973	-0.039651	-0.027864	-0.006658	0.032521	-0.004088	-0.030572
-0.130684	0.132471	0.056112	0.489211	0.172512	0.471961	-0.443570	-0.096999	-0.090511	0.117579	0.051600	0.087919	-0.126114	0.191744	-0.039122	0.128850	-0.105425	-0.192253	0.074953	-0.026481	0.050469	-0.090055	0.025936	0.218392	-0.067875	0.030759	-0.083905	-0.041440	0.224437	0.154173	-0.065579	0.036347	-0.126362	-0.129502	-0.062668	-0.124855	0.050278	0.095172	0.023056	-0.079282	-0.064091	0.015456	0.139540	-0.058269	-0.017783	0.035318	0.049003	-0.061321	0.024909	0.116380	0.000127	-0.042916	-0.054539	-0.020430	0.013425	-0.004041	0.071896	0.101402	0.057575	0.036020	-0.049854	0.045762	0.020240	0.003287	-0.048271	0.033164	-0.165186	-0.027326	0.026327	-0.023595	0.040830	-0.010030	-0.012345	0.058711	-0.062187	-0.016036	0.029363	-0.051008	0.091619	-0.061591	-0.000543	0.025282	-0.019530	0.118498	0.039581	0.017921	0.122753	-0.073877	-0.037253	-0.022192	0.082841	-0.019221	-0.033395	0.104987	-0.093416	0.045049	0.021917	0.005400	-0.032843	-0.109284	0.150952	0.071496	0.056559	0.008523	-0.063081	-0.013714	-0.041401	-0.040751	0.059429	-0.021569	-0.022794	0.022697	0.001058	0.023557	0.019425	-0.036448	-0.033272	-0.037420	0.011731	0.030142	0.023297	-0.041933	0.027909	0.072101	-0.023897	0.046136	0.038279	0.036911
5.566338	-0.636629	-0.284238	-0.400837	0.086388	-0.133907	0.086274	-0.927417	0.238207	0.059200	0.040303	-0.092600	-0.200537	0.189639	-0.527171	0.112097	0.069384	0.077106	-0.014818	-0.168777	-0.095919	-0.075839	0.037476	-0.215909	0.028849	0.044722	-0.058156	0.167422	-0.144500	0.101297	0.011737	0.120797	-0.056710	0.153546	-0.141784	0.170575	0.055274	0.026745	-0.141110	0.121211	0.015299	0.015145	0.021172	0.000439	0.016166	-0.004900	-0.014452	0.002909	0.009362	0.081549	0.061025	0.010943	-0.022841	-0.000940	0.027213	0.005538	-0.034048	0.062711	-0.010475	-0.018221	0.025287	0.032290	0.034435	0.037590	-0.005592	-0.050545	-0.007119	-0.017768	0.012423	-0.000545	-0.025552	-0.002027	-0.003544	-0.007115	0.007270	0.028246	0.016537	0.009491	0.021380	0.020654	-0.007227	-0.013151	-0.011862	0.003755	0.007237	0.004295	0.007741	-0.015912	-0.011220	0.012849	0.015976	-0.015420	-0.017434	0.001114	-0.017248	0.014890	0.011842	0.013741	0.009506	-0.013800	-0.009468	0.004637	-0.018632	0.023644	0.000817	0.001590	0.001962	0.004291	0.004363	0.021639	-0.014703	0.007794	0.008648	-0.013666	0.009524	0.004248	-0.019743	-0.003030	-0.012564	-0.011800	-0.005786	0.003284	0.003254	-0.005945	-0.000934	-0.004706	-0.001825	0.012403
-0.527533	0.662634	-0.198618	0.042352	0.004201	-0.015407	0.321278	0.166005	0.115666	0.292385	0.170430	-0.159309	0.220397	-0.082516	0.034974	-0.032917	0.142277	-0.073615	-0.106240	-0.246925	0.112065	-0.115883	-0.099799	-0.000534	-0.143517	-0.091954	0.129432	0.123231	0.102556	0.079951	0.035100	0.064222	-0.181560	-0.002536	-0.053413	0.078920	0.004306	0.092474	-0.018738	-0.060379	-0.066797	0.009241	-0.026998	0.029315	0.020792	0.050699	0.095998	-0.067068	-0.075773	-0.037027	-0.081884	-0.084086	0.027480	-0.064109	-0.065011	0.009016	0.016783	0.009282	-0.071730	0.023180	-0.011636	-0.086772	-0.007741	0.023120	-0.005038	-0.026007	-0.015564	0.028080	0.056206	0.027174	-0.015326	0.044317	0.003779	0.002462	0.002285	0.007305	-0.047130	0.018617	-0.009341	0.035468	0.004507	-0.002906	0.003231	-0.007717	-0.019954	-0.018782	0.010252	-0.020281	-0.015652	-0.007014	-0.024012	-0.013245	-0.021121	-0.005198	0.014347	-0.015149	0.012644	-0.025469	-0.012219	0.009662	-0.008948	-0.003119	-0.027094	0.002948	0.000735	0.004117	-0.001557	0.009117	-0.016647	0.004526	-0.018010	-0.002460	-0.003329	-0.006465	0.008344	0.010182	0.005969	-0.019936	0.012092	0.001744	0.010502	-0.008314	0.002613	0.016790	0.017036	0.009142	-0.002566	-0.001597
-2.538723	-0.405684	-0.606835	-0.672873	0.087016	-0.261634	-0.109614	-0.090065	-0.096110	-0.065654	0.120836	-0.048952	-0.060995	-0.292583	0.063662	0.074698	0.112123	-0.085069	0.112456	-0.051781	-0.045459	-0.134017	0.013539	-0.152677	-0.061323	-0.002048	-0.143148	-0.003506	0.006530	-0.093239	0.077385	-0.077502	-0.031808	0.151485	0.025261	0.048208	0.068924	0.013301	-0.002323	-0.036280	0.064114	-0.105999	-0.038913	-0.033426	-0.101666	-0.026700	0.128040	-0.016971	-0.036322	-0.006382	0.004199	-0.037214	0.044707	-0.064040	-0.089590	-0.046953	0.051043	-0.035987	0.069499	0.009511	0.049677	-0.016273	-0.024848	-0.047555	0.090370	0.063995	-0.014327	0.064669	0.002823	-0.059584	0.031200	-0.010464	0.002468	-0.027641	-0.090730	0.018864	-0.038659	0.061091	-0.035767	-0.007300	-0.036262	-0.014141	-0.017210	-0.015715	-0.010363	-0.016975	0.018651	-0.038134	-0.038174	-0.003689	-0.007936	0.002999	-0.026346	-0.039527	0.034494	-0.010381	0.033455	0.003732	-0.014222	-0.006831	-0.036885	-0.021348	0.032082	-0.003617	0.021696	0.017820	-0.002281	0.012344	0.017900	0.017595	-0.038490	0.025697	0.043720	0.019779	-0.033836	0.003151	0.006110	-0.040285	-0.004967	-0.014439	0.015672	0.007266	0.022193	0.026506	0.007201	-0.010026	0.021366	0.003680
-0.203937	0.590796	-0.240709	-0.412175	0.056832	-0.055739	0.488259	-0.027257	-0.212921	-0.001715	-0.064990	0.243294	-0.182924	-0.125187	-0.107515	0.036947	-0.091801	-0.055595	-0.054721	-0.088706	-0.211632	-0.029836	0.001497	0.070216	-0.082626	-0.052999	-0.032223	0.090135	0.083266	-0.005885	0.077306	-0.032135	-0.032995	-0.006263	0.099628	-0.072872	-0.089265	0.029033	0.076361	-0.057349	0.038675	-0.026209	0.105659	-0.038437	-0.034390	-0.040039	-0.001668	0.061103	-0.032136	0.122731	0.006698	0.035056	-0.012580	-0.050354	-0.016016	0.106036	-0.051966	0.078764	-0.005685	-0.007800	-0.078748	-0.022992	-0.077998	-0.057019	0.060833	0.014592	-0.030254	-0.065751	-0.014539	-0.051644	-0.019146	0.039561	0.013905	0.027049	0.041980	0.004992	0.046922	0.075909	-0.035129	0.025474	-0.042877	0.039660	0.052925	-0.008228	-0.013348	-0.035807	-0.022403	-0.026196	0.023804	0.036868	-0.002671	-0.018009	-0.031520	-0.043424	-0.012635	-0.012948	-0.034640	0.063496	-0.065317	-0.008940	0.012998	-0.040185	0.020190	0.010004	0.057804	-0.024055	0.001312	-0.047401	0.024470	-0.057451	-0.009214	-0.021276	0.002575	0.006444	-0.019915	0.022811	-0.001964	-0.006997	0.002940	0.009359	-0.017355	0.001136	-0.004706	0.009459	0.004844	-0.026094	-0.004502	-0.043170
1.129811	-0.875348	0.831245	0.621100	0.176602	-0.298175	-0.084672	-0.251663	-0.367794	0.033264	0.184097	0.287478	0.125295	-0.348229	0.050346	0.188261	0.003112	-0.212983	0.148787	0.049541	-0.076618	0.028981	0.115309	0.122745	-0.134294	-0.093803	0.170143	-0.000365	-0.102313	0.080479	0.250630	0.029323	0.036570	-0.070823	-0.108412	0.037707	-0.025296	-0.127167	0.026865	0.047458	-0.072224	-0.124028	0.067586	-0.027006	-0.082491	0.083120	-0.055744	0.034215	-0.044734	0.012603	-0.040993	0.074631	-0.008274	0.136877	-0.001634	0.043555	-0.033582	-0.028193	-0.034135	0.001548	0.073923	0.012602	0.009399	0.029423	0.005847	0.011358	-0.019677	0.000392	0.044396	-0.009598	0.009101	0.004734	0.020605	0.028210	-0.028984	-0.004320	-0.034398	0.000734	-0.014024	0.014991	0.006723	0.001752	-0.040031	-0.015532	-0.015682	0.014181	0.000257	0.004600	-0.009945	-0.007940	0.019609	0.023629	-0.012778	-0.019649	-0.004630	0.000953	-0.037463	-0.006020	0.014917	-0.010561	-0.001947	0.013652	-0.003279	-0.016027	-0.012676	-0.012682	-0.008198	0.000025	0.024938	-0.000216	0.013919	-0.009244	0.016513	-0.012327	0.000029	-0.001592	-0.025091	-0.004583	0.001385	-0.007822	-0.016888	0.012661	-0.023667	-0.014233	0.008509	0.014367	0.007297	0.002225
-0.280862	0.582330	-0.263692	-0.377632	0.068768	0.079090	0.516889	-0.116550	-0.168609	-0.074892	-0.002572	0.215447	-0.144988	-0.135100	-0.052207	0.039676	-0.109866	-0.090291	-0.087364	-0.077796	-0.222538	-0.012269	-0.028075	0.067365	-0.073451	-0.000076	-0.003093	0.097269	0.061769	-0.058371	0.086878	-0.011017	-0.047576	0.011342	0.080487	-0.061342	-0.091191	0.005651	0.089120	-0.035418	0.063305	-0.000373	0.134850	-0.025607	-0.039349	-0.015852	0.009689	0.065500	-0.007187	0.127764	0.022356	0.062571	-0.044643	-0.059818	0.013278	0.076717	-0.025918	0.084517	0.027616	-0.030026	-0.054093	-0.020217	-0.093053	-0.062885	0.065040	0.030194	-0.026073	-0.053823	0.018156	-0.047867	-0.006623	0.056676	0.034192	0.020314	0.024609	-0.004397	0.024162	0.087846	-0.045248	0.050617	-0.050396	0.033645	0.056207	-0.020227	-0.004373	-0.022606	-0.036012	-0.042310	0.013216	0.024434	0.001304	-0.017878	-0.039321	-0.045089	-0.011213	-0.027556	-0.047343	0.055232	-0.063688	-0.007260	0.008632	-0.040417	0.014551	0.012447	0.050713	-0.031767	0.007301	-0.033536	0.011848	-0.058833	0.003869	-0.036375	0.008090	-0.007646	-0.016839	0.006220	0.000331	-0.000000	0.004395	0.019182	-0.019069	-0.042906	0.011632	0.014440	0.007494	-0.018629	-0.000289	-0.028154
-2.052258	-1.541584	0.718942	-0.572764	0.130166	0.425966	0.296481	-0.167128	0.442816	0.025713	0.013063	0.083911	0.062176	-0.360070	0.157242	0.054331	-0.081611	0.125196	-0.035718	-0.071846	-0.065092	0.018372	0.012030	-0.037716	0.132329	-0.106792	0.049576	-0.127562	-0.024767	0.073344	-0.074594	0.052967	-0.051751	0.068233	-0.041422	0.026412	-0.001016	-0.044729	-0.040180	-0.174817	0.029450	0.014198	-0.076834	0.029250	-0.041348	0.014620	-0.040355	-0.011861	0.010800	-0.017274	0.000653	0.068913	-0.081788	-0.063170	0.024970	0.000663	-0.001521	0.030397	-0.063529	-0.069299	0.012701	-0.091641	-0.069944	0.059057	-0.040409	-0.107627	-0.035812	0.028933	-0.049353	-0.010664	-0.050766	0.002863	0.012722	-0.032007	-0.012322	-0.052564	0.043757	-0.030674	-0.050050	-0.015071	0.031085	-0.019006	0.056413	-0.008697	0.001995	0.021788	0.062478	-0.016112	0.028046	-0.021132	0.001594	-0.054502	0.035984	0.012369	0.056547	-0.015658	-0.003391	0.031962	0.003517	-0.031453	0.055191	0.090982	-0.048538	0.011110	0.027018	0.064408	0.018590	-0.006257	0.065144	-0.008459	-0.010282	-0.008733	0.046199	0.013712	0.007864	-0.037967	0.015331	-0.021533	0.010494	-0.032613	0.016252	-0.041880	-0.052910	0.025646	0.013636	0.076725	0.005610	-0.032020
-1.668342	-1.133712	0.816285	-0.706290	0.163796	0.086536	0.261327	-0.116870	0.297674	0.170315	-0.183698	0.328090	0.052303	-0.159760	-0.069129	-0.217734	0.100918	0.205755	-0.149312	-0.033149	0.206330	-0.051659	0.143162	-0.038703	0.114318	-0.149417	0.129065	0.005156	0.101970	0.288165	-0.042256	0.010430	-0.043811	-0.150620	-0.051925	-0.008549	0.023229	-0.121307	-0.086229	-0.150809	-0.034515	-0.039203	-0.135971	0.002028	-0.061800	-0.030040	0.074301	0.134925	0.209835	-0.125881	0.018653	0.000022	-0.078547	0.087007	0.119303	-0.135202	-0.054555	0.149929	-0.069387	-0.135227	0.031229	0.001792	-0.105843	-0.029588	-0.030909	-0.071733	-0.023464	-0.015882	-0.173937	0.042880	0.088244	0.014647	-0.010860	-0.020340	0.061339	-0.036163	0.118043	-0.060530	-0.022055	-0.005333	0.002234	-0.019891	0.005073	-0.055750	0.066525	0.021960	-0.040669	0.002564	0.022224	0.065311	0.017814	-0.005539	-0.027647	-0.009784	0.124205	0.014049	-0.046093	-0.007528	-0.040584	-0.020272	-0.012002	0.058508	-0.059408	-0.027162	0.020993	-0.023098	-0.030665	-0.021351	-0.018721	0.018346	0.005083	0.021288	0.016938	0.064824	-0.007203	-0.038310	0.030792	0.043248	-0.032271	0.028254	0.013853	-0.037494	0.009924	0.067447	-0.004629	-0.032920	-0.007473	-0.046335
-2.120415	-0.920497	0.553086	-0.401005	0.232820	-0.236256	-0.028661	0.003694	0.077530	-0.056429	0.043155	0.092559	-0.162497	0.127775	-0.075255	0.023624	-0.154091	-0.067144	-0.189578	-0.015164	-0.234433	0.043947	-0.061705	0.023958	-0.069208	0.146795	0.102946	-0.008999	0.041778	0.120144	-0.012371	0.061313	-0.059410	-0.074916	-0.045002	0.024505	0.061016	0.025767	-0.087627	-0.026757	-0.113740	0.094961	0.074050	0.044969	0.031715	0.044863	-0.063501	0.027583	0.007253	0.024761	0.021035	0.062942	-0.111247	0.053733	-0.002257	-0.043234	0.031569	-0.024051	0.076206	0.010349	-0.026612	0.021832	-0.000294	-0.081466	-0.013500	-0.057229	-0.036584	0.044726	0.035509	0.048055	0.013540	0.039909	0.038405	-0.026128	0.011464	-0.041979	0.005800	-0.027423	0.019935	0.018223	-0.018830	-0.003864	-0.055971	-0.004558	0.002075	-0.002890	-0.009410	-0.074604	0.025326	0.018434	-0.066547	0.003944	0.056995	0.021798	0.051455	-0.034544	-0.048946	0.014605	-0.041596	0.019575	0.009459	-0.010264	-0.020895	0.052211	-0.023741	0.003470	-0.004293	-0.032074	-0.019384	-0.026213	-0.001271	-0.016268	-0.060276	0.002588	-0.028146	0.008331	-0.010299	-0.013616	0.028020	-0.005175	0.020173	-0.001921	-0.009904	-0.040033	0.006473	0.002311	0.042680	-0.035467
-0.982270	0.366824	-0.116176	0.563543	-0.173695	0.370606	0.134423	0.070047	-0.010546	0.071722	0.013755	-0.190882	0.043668	0.124101	0.050436	0.042163	0.155237	0.034432	0.177538	0.089653	-0.096038	-0.091627	-0.007133	-0.020101	-0.157678	0.095907	-0.072063	0.014437	-0.107295	0.068825	-0.061725	0.102165	-0.048010	-0.087555	-0.085055	0.095400	-0.058293	-0.011090	0.011058	-0.025874	-0.056000	0.074085	0.001594	-0.059649	-0.020942	-0.033020	0.015778	-0.011001	0.126072	-0.063044	-0.032823	0.019638	-0.010034	-0.059125	-0.044439	-0.038491	-0.098236	-0.006604	-0.008703	0.135272	0.077307	0.160319	-0.059551	-0.038318	0.063628	0.022275	0.096596	0.010510	-0.065665	0.120495	0.012469	0.017744	0.035949	0.000526	0.091322	0.000237	-0.007148	0.055094	-0.109062	-0.053097	0.042329	0.043881	-0.005726	-0.002999	-0.099692	-0.024108	0.023520	-0.034413	-0.026310	0.077880	0.051131	0.045588	-0.035534	-0.007894	-0.021141	0.006269	-0.037661	-0.014750	0.013668	0.001468	0.029058	0.035836	0.032824	0.022942	0.002291	0.013778	0.009501	0.005378	0.025250	-0.020180	0.027235	0.057398	-0.018075	-0.037142	-0.008759	-0.006418	0.034971	-0.019233	-0.040619	0.008465	0.004414	0.012147	-0.010831	-0.000233	0.040891	-0.017618	0.047051	-0.021810
-0.487587	-0.254149	0.127813	-0.005936	0.433776	-0.016396	0.273543	0.121381	0.426126	0.183276	-0.020487	0.195636	0.478365	0.046103	0.172851	-0.146165	0.323142	0.029772	0.109866	0.005797	-0.004287	-0.025192	0.001950	-0.302981	0.351193	0.135025	0.014906	-0.006863	-0.033302	-0.002288	-0.128658	-0.030122	-0.010757	-0.065313	0.027008	0.056122	-0.180554	-0.046666	0.002079	-0.019317	0.060475	-0.061617	0.102945	-0.035811	0.096763	-0.069437	0.102645	-0.038948	-0.159741	0.102531	0.053550	-0.109770	-0.005642	0.068087	-0.090366	0.089730	0.001703	0.076261	-0.100768	0.076524	0.047721	-0.030442	0.061454	0.001068	0.026609	0.046956	0.000156	-0.010357	-0.099990	0.032310	0.042275	0.068591	-0.013496	0.049476	-0.009250	0.053029	-0.053052	0.010792	0.091867	-0.055836	0.020185	-0.004403	-0.057333	-0.085171	0.002785	0.027329	0.008308	-0.079580	-0.007378	0.043698	0.034862	0.004583	-0.028854	-0.015924	0.000049	0.068551	-0.033555	0.055875	-0.073014	-0.035979	0.045679	0.007497	0.064434	-0.006504	-0.027660	-0.004771	-0.005221	0.016211	0.017940	0.034341	0.003250	-0.009425	-0.042199	0.015457	-0.013216	-0.044496	0.010862	0.022694	-0.018199	-0.020246	0.029116	-0.000751	-0.040977	-0.029046	0.020588	-0.035673	0.007286	-0.011386
-1.606026	0.223173	-0.009885	-0.664076	-0.241905	-0.341319	-0.417769	0.068628	-0.068303	0.096793	0.006618	-0.139835	-0.054114	-0.071227	-0.022813	-0.152441	0.304295	0.018376	0.099909	-0.176108	-0.001462	0.092411	-0.054057	0.117853	-0.001224	0.150499	-0.214962	0.044040	0.095460	0.089562	0.126697	-0.005281	0.129567	-0.116494	-0.011506	0.171896	-0.112090	0.093609	0.090292	0.096518	0.053855	0.042202	0.089174	0.040483	0.010534	0.030760	-0.056343	0.048441	0.021150	-0.002409	-0.053818	0.068057	-0.013920	0.123181	-0.042988	-0.036268	-0.013622	0.026297	0.011668	0.040392	-0.025528	0.112057	0.095567	-0.000497	0.011782	-0.038553	-0.059471	0.050051	0.048510	-0.017944	0.009279	0.011425	0.014511	-0.063621	0.014632	-0.060804	-0.026264	0.024219	0.007241	-0.024984	0.046075	-0.018590	0.016452	-0.062631	0.022034	0.024587	-0.023243	0.018789	0.037191	0.012381	-0.025969	-0.016914	0.024836	-0.015307	-0.027342	0.028856	-0.001860	-0.011681	0.012796	-0.006270	0.026967	0.023365	-0.022287	-0.008491	-0.005125	0.000541	0.010324	0.003862	-0.023953	-0.016305	-0.031533	0.008498	-0.016950	0.001794	0.027655	-0.002903	0.032578	-0.009292	0.007559	0.005345	-0.018838	-0.047421	0.020545	0.011683	-0.021091	-0.001848	0.026424	-0.011060
-0.287532	0.424664	-0.090072	-0.351544	0.122726	0.024637	-0.074037	-0.030953	0.256100	-0.003712	0.189100	0.315845	-0.275427	0.161720	-0.169394	0.203664	0.029661	-0.040880	-0.070661	0.155168	0.050059	0.137389	-0.095908	0.041367	-0.039743	0.012861	-0.020803	-0.064241	-0.155923	0.034589	0.000720	0.098530	0.025009	-0.002998	0.165600	-0.139004	-0.017191	0.032576	-0.022124	-0.022991	-0.073807	0.053931	-0.024194	0.057001	0.044217	-0.021828	-0.049539	0.041153	0.017135	-0.075872	-0.017805	-0.056821	-0.020184	0.076888	-0.017485	0.056609	0.022162	-0.035436	0.000077	0.106254	0.028204	-0.059837	-0.032477	-0.043394	0.049425	0.001088	-0.034077	0.067930	0.072911	-0.044543	-0.067714	-0.016294	0.006958	0.070496	0.035236	-0.015944	-0.024253	-0.071047	-0.036270	-0.011067	0.079867	0.011741	-0.074572	0.038889	0.005952	0.030491	0.041045	-0.023497	0.037019	0.035887	0.037031	-0.030232	0.023139	-0.005672	0.020535	-0.002344	-0.004344	-0.005564	-0.018579	-0.048875	0.011275	0.021431	0.012716	0.023558	0.024305	0.004512	0.042444	0.004665	-0.015123	0.038560	-0.035581	-0.053070	0.027826	0.068823	-0.044502	0.002298	0.011322	-0.029699	-0.010068	0.023700	-0.026783	-0.013767	-0.010639	-0.019933	0.027132	0.021793	-0.008348	-0.019045
-1.385298	0.327920	-0.206655	0.271880	0.272619	0.331678	-0.286360	-0.507291	-0.271437	0.232931	0.100340	0.003193	0.155542	0.028477	-0.143518	-0.108402	0.090473	0.002518	-0.063876	-0.036742	0.015244	-0.022271	-0.127009	-0.002440	0.159338	0.083894	0.061716	0.075428	0.096466	-0.062390	-0.078359	-0.030365	-0.020021	0.096584	0.073996	-0.096538	-0.047344	-0.043623	-0.003019	-0.031045	0.027335	0.034819	-0.030722	-0.026299	-0.079168	0.014717	0.013965	-0.023095	0.010040	-0.047024	-0.102328	-0.034733	0.036824	-0.028854	0.111271	-0.023119	0.004117	-0.032971	0.028651	0.040931	-0.030203	0.016354	-0.043140	0.032845	0.018311	-0.023702	-0.010150	0.000226	-0.027040	0.043578	0.054436	-0.031854	0.004028	-0.012489	0.000210	-0.009392	-0.027792	0.010510	-0.030937	0.014374	-0.010153	0.004755	0.034130	-0.023101	0.049268	0.000946	-0.019895	0.009206	-0.025423	-0.002891	0.010775	-0.033026	0.026716	0.000903	0.009653	-0.002265	0.002740	0.001576	0.025759	0.020513	-0.002476	0.000629	0.016733	-0.064734	0.017087	-0.007473	-0.054447	0.025302	0.011139	0.015292	0.000193	0.040105	0.024889	0.011541	-0.005600	-0.004727	0.032421	-0.025509	-0.019070	-0.013387	-0.004399	0.000216	0.032012	-0.034489	-0.021693	0.012157	0.026011	-0.021457
-0.444928	0.401211	-0.007184	-0.349819	-0.364659	0.029109	-0.295966	-0.225290	-0.151037	-0.329298	0.068839	0.047099	-0.043355	0.222971	0.358232	-0.135738	-0.362280	-0.367908	-0.020833	0.169591	-0.074862	0.062285	0.139030	-0.202363	0.064769	0.187340	0.027485	0.024673	-0.130358	-0.020125	-0.146318	0.274772	-0.079241	-0.031028	0.057769	-0.071029	-0.198212	0.260350	0.065192	0.025834	0.042788	-0.172089	-0.027481	0.123894	-0.131635	0.093848	0.078596	-0.084869	0.001191	-0.061212	0.046012	-0.114884	0.006644	0.082248	0.093032	0.059769	0.177553	-0.026776	-0.010031	-0.053716	0.013951	-0.014202	0.032429	0.044076	-0.098354	0.019357	0.091584	-0.042768	0.081772	-0.076649	0.022066	0.060664	-0.032913	-0.041605	-0.005979	0.012392	0.057911	0.077830	-0.040253	-0.012979	0.047468	-0.018428	0.058499	0.087708	0.055705	-0.011197	0.054825	-0.015385	-0.029647	0.083389	0.035592	0.017690	-0.005399	-0.052331	-0.003670	0.036503	0.001848	0.034770	-0.004869	-0.061456	-0.042159	0.012073	0.000048	0.002857	0.006489	-0.009547	0.015162	0.055967	0.000682	0.019549	0.041559	0.034432	-0.026498	-0.015017	-0.023005	-0.046390	0.013925	0.042932	-0.069822	-0.000903	-0.012850	-0.052036	0.054576	-0.051356	0.026439	0.015657	-0.010502	-0.066467
0.028661	-0.433323	-0.289386	0.086999	0.379993	0.114896	-0.026532	0.274254	-0.044295	-0.114677	0.219947	-0.137415	0.179345	0.241031	0.073976	0.272385	-0.163279	-0.076527	0.124026	-0.040043	-0.156840	0.007868	-0.018647	0.030504	-0.122501	-0.066299	-0.068806	0.033473	0.010552	-0.015135	-0.099554	-0.007561	-0.025600	0.112556	-0.001342	0.095037	0.017707	0.104667	0.004513	0.029798	0.057668	-0.008394	-0.102309	0.090669	0.085607	-0.029012	-0.015787	-0.036082	-0.079401	-0.105851	-0.039487	0.058428	-0.049786	0.029178	0.027145	0.066049	0.044995	0.028156	-0.083268	0.023113	0.067213	-0.020716	-0.034477	-0.069878	0.038148	-0.108056	-0.047991	-0.007409	-0.099694	-0.028558	-0.043308	-0.076778	0.087846	-0.003455	0.024004	-0.067205	0.000637	0.011847	-0.020184	0.046334	-0.043514	0.073712	-0.075205	0.049438	-0.014651	-0.007868	0.144981	-0.016246	0.075284	0.024242	-0.074530	-0.002240	0.071485	0.000537	0.006023	-0.042708	-0.016718	0.062776	-0.009104	-0.040705	-0.027047	0.087405	-0.078897	-0.079707	0.045614	0.050572	-0.040002	0.045584	0.026323	0.002911	0.020583	-0.003298	-0.004402	-0.040332	0.013333	-0.021632	-0.000466	-0.000073	-0.015591	0.009228	-0.057362	0.000909	0.047540	0.034129	-0.081639	-0.048250	-0.031353	0.040598
-1.786802	-0.896113	0.013890	-0.027133	0.382312	-0.308342	-0.139624	0.006028	0.136089	-0.131642	-0.052249	-0.000147	0.068520	0.111066	0.022625	-0.099920	-0.101891	0.159172	-0.015751	-0.016341	-0.013994	0.245822	0.107941	-0.024886	-0.073213	-0.017138	0.063969	-0.039799	0.066650	0.071150	-0.020820	-0.114548	-0.016479	0.121895	-0.006762	-0.055182	-0.046165	0.016633	-0.038530	0.034800	-0.059808	-0.010984	-0.038927	-0.036375	0.060216	0.063945	-0.043990	0.014552	0.003026	0.071026	-0.037438	-0.038161	-0.028298	0.043625	-0.035056	-0.068939	-0.115975	-0.009758	0.036215	-0.017266	-0.018753	-0.043604	0.028238	0.002428	0.015589	0.040917	0.032242	0.027281	-0.033664	0.010263	0.048312	-0.023368	-0.000565	-0.027448	-0.047278	0.007733	0.023686	0.092009	-0.042426	0.002500	0.052549	-0.000094	-0.001405	0.004608	-0.003956	-0.019227	-0.001584	-0.017910	-0.034260	0.005829	0.014125	-0.003342	-0.004389	-0.010708	-0.008776	-0.006312	-0.027693	0.041713	0.033166	-0.023722	0.001665	-0.044143	0.005737	0.009307	-0.045510	0.009516	0.033255	0.004453	0.007921	0.007856	-0.005027	-0.007887	0.049975	0.021519	0.004097	0.003900	0.031841	0.014475	-0.015451	-0.031083	-0.001620	0.017398	0.013638	0.032170	-0.019439	0.019488	0.014936	-0.002900
-0.246152	0.347592	-0.124570	-0.277186	0.055142	0.136724	-0.048979	0.335275	0.120697	0.347953	0.043974	0.248737	-0.304843	0.096314	-0.004668	0.161572	0.074552	-0.139524	0.043663	0.082040	-0.060668	0.126462	0.050378	0.062573	0.004345	0.059481	0.050269	0.087135	-0.039655	-0.118107	-0.060884	0.083294	0.068373	0.046366	-0.023290	0.074431	-0.027276	-0.062597	-0.043487	0.008257	0.024226	0.037194	-0.028384	0.085194	-0.014045	-0.004309	0.085290	-0.065520	-0.099250	-0.026056	-0.041827	0.063672	-0.052964	-0.062509	0.008447	0.056445	-0.076804	-0.005340	-0.047143	-0.036299	-0.055514	-0.089229	0.005765	0.037782	-0.063184	-0.059849	-0.029392	-0.022355	-0.039086	0.061807	-0.012519	-0.031169	0.032995	-0.027234	-0.084397	-0.003773	0.027700	-0.001090	-0.009414	-0.045028	-0.053794	0.080863	0.049858	0.003673	-0.003627	0.070269	-0.002308	-0.013251	0.016101	0.035820	0.063955	0.041150	0.009120	0.013698	-0.001011	-0.016544	-0.005126	0.021541	0.056714	0.012248	-0.023495	-0.052190	-0.007984	-0.001287	0.033956	0.017450	-0.004256	-0.001731	0.051589	0.022888	-0.008613	-0.026164	-0.015020	0.007332	0.009917	0.023660	0.024620	0.025369	0.041273	0.012833	0.006590	-0.065325	-0.067364	0.020483	-0.005952	-0.038814	-0.029136	-0.008144
2.733424	-0.444237	-0.585611	-0.268525	-0.616396	-0.130551	-0.378947	0.458230	-0.528716	0.230380	0.047544	-0.122599	-0.191383	-0.014077	0.137805	-0.118327	0.092797	-0.193932	-0.134298	0.022007	-0.013953	0.033484	0.188752	-0.080704	0.243259	-0.075064	-0.054085	-0.211934	0.221150	0.219835	-0.048213	-0.058385	-0.054967	0.059169	-0.104884	0.057679	0.040360	-0.114535	-0.024382	0.018216	0.006196	0.011607	-0.033868	-0.042501	-0.114288	0.043872	-0.014124	-0.071449	0.065262	0.102032	0.024671	0.017280	0.015857	0.031287	-0.055083	-0.005021	0.012505	-0.080817	0.042117	-0.010181	-0.031319	-0.022600	-0.047267	0.055195	0.077985	-0.043624	0.052876	0.047412	0.029318	0.029825	-0.030917	0.002614	0.056706	0.005895	0.062735	0.005535	-0.002354	-0.007726	0.024723	0.048699	-0.029770	-0.003696	0.021241	0.001297	-0.009999	0.001457	0.028093	0.006883	-0.026849	0.050903	-0.011221	-0.028594	0.029620	0.015319	-0.045485	-0.025872	-0.003023	-0.019982	-0.023865	-0.031422	-0.013615	-0.004200	-0.010797	-0.017154	0.012979	0.008406	0.022678	0.005688	-0.016341	-0.013961	0.006860	-0.015438	-0.022768	-0.000359	-0.031070	0.001262	-0.004705	0.007546	-0.010234	-0.005750	-0.005452	-0.001962	-0.011917	0.013382	0.018665	-0.018343	0.011218	0.004319
-2.531880	-0.715631	-0.419142	0.324478	0.115394	0.028999	0.321823	-0.004358	0.132663	-0.213112	-0.006287	0.154294	0.102551	0.143397	0.258955	-0.371724	-0.132062	-0.026517	-0.102617	-0.086650	-0.018951	0.087505	-0.164303	-0.013945	0.005869	-0.052466	-0.080799	0.154766	-0.115362	-0.137649	0.154215	0.097891	-0.064061	-0.113041	-0.068801	0.081783	0.005925	-0.060117	0.002520	-0.026497	0.066408	0.001841	-0.108084	-0.119136	0.012164	0.068257	0.003524	0.053671	-0.136626	0.160425	0.100945	-0.071952	-0.022413	-0.116626	0.148229	0.099460	-0.055319	0.044032	0.119789	-0.037586	0.035893	-0.077112	-0.053686	0.111670	-0.068254	-0.011360	-0.053029	0.031056	-0.008739	-0.049881	0.008020	-0.014631	-0.016653	0.015866	0.077523	0.053626	-0.039167	-0.055716	-0.112066	0.042315	-0.063887	0.040255	-0.015423	0.013531	0.057893	-0.086286	0.000424	0.022846	-0.013765	0.046277	-0.040753	-0.046274	-0.014121	0.079214	-0.040644	0.026018	-0.022042	-0.059942	-0.043146	0.036451	0.006340	0.012938	0.077369	0.136837	-0.022050	0.000637	0.032253	0.042769	-0.035892	-0.037829	0.007871	0.037951	-0.010243	0.036583	-0.000002	-0.036881	-0.000633	0.001416	0.022631	-0.012375	-0.091787	-0.021099	-0.039931	-0.071460	-0.012323	-0.072729	0.009619	0.007975
2.601369	0.381224	-0.256001	-0.400258	-0.269972	0.180892	-0.369161	-0.367555	0.286436	0.048385	-0.803924	-0.100109	0.271667	-0.048095	0.390590	0.040623	0.000230	-0.207789	-0.131907	0.101729	-0.101996	-0.143889	-0.031317	0.281268	0.009739	0.002959	0.001156	0.017139	-0.083179	-0.083648	-0.052407	0.010557	0.025372	-0.006170	0.124248	0.115145	-0.003486	-0.059103	0.080585	0.039834	-0.063750	0.101424	-0.090474	0.006456	0.002645	-0.022341	-0.104108	0.097248	-0.100992	0.056678	-0.038919	0.072060	0.021688	-0.049897	-0.068642	-0.095513	-0.030765	-0.010260	0.014053	0.002481	-0.037225	-0.006659	0.015093	0.036544	-0.039086	-0.042226	0.001909	0.005774	-0.017435	-0.005294	0.013369	-0.017512	0.011000	0.032286	-0.004566	0.005375	-0.043292	-0.001505	0.057082	0.011389	0.001004	0.021375	0.028430	-0.019573	0.031044	-0.032726	0.039299	-0.039955	0.016700	-0.033771	-0.012303	0.001280	-0.047259	-0.055104	-0.019019	-0.013904	0.033281	-0.001080	-0.022512	0.000665	0.003166	0.001653	-0.001879	0.020380	0.016357	-0.025615	0.016650	-0.012104	-0.009275	0.016844	0.032753	0.011689	0.005349	0.016095	0.004417	-0.026390	0.000544	0.007228	-0.010919	0.002274	-0.023883	0.030022	0.006868	-0.003700	0.000722	0.005548	0.019935	-0.017295
-0.196469	-0.640181	-0.456088	0.089780	0.355927	-0.110907	-0.103148	0.500472	0.010238	0.115966	0.109771	-0.115118	0.030567	0.062624	0.010906	0.093209	-0.169388	-0.074428	-0.016463	0.052342	-0.185553	-0.270897	-0.233005	0.093554	0.065215	0.002138	0.070739	0.043377	0.038654	-0.005914	-0.000884	-0.062224	-0.026409	0.037489	0.045114	-0.142745	0.091667	-0.010869	-0.007719	0.070141	0.007484	0.017457	0.082937	-0.107316	0.120099	0.044708	-0.099301	0.052616	0.024629	0.102010	-0.109786	0.020536	-0.057936	-0.026144	0.018043	-0.049489	-0.061622	0.011098	0.066128	0.001702	0.032902	0.079952	0.092288	0.088600	-0.006823	-0.036181	0.072090	-0.002203	0.039495	-0.035228	0.015257	0.082916	-0.032607	-0.082975	-0.037842	0.022626	-0.054914	-0.022637	0.018339	0.027389	-0.022906	-0.089739	0.029645	0.052987	0.019631	0.023685	0.006306	0.007953	-0.012065	0.015486	-0.008426	-0.055222	0.022632	-0.004178	0.026037	-0.063584	-0.059242	0.036929	0.008102	0.085888	-0.042813	0.021506	0.033992	-0.009343	-0.043788	0.038162	-0.037232	0.000282	-0.069690	0.033956	0.026071	0.000716	0.026746	0.032080	0.041202	-0.042208	-0.024780	0.036683	0.000728	0.042915	-0.018799	-0.026708	0.033470	0.017072	0.053077	-0.010972	0.000611	-0.017022
0.902133	-0.945091	-0.383530	-0.344613	-0.138737	0.650070	-0.157516	-0.687877	0.591693	-0.070065	-0.108126	0.007417	0.056286	-0.053406	0.285636	-0.000954	-0.099265	-0.172271	0.227896	-0.108941	0.106025	0.084352	-0.039909	0.070710	0.121004	-0.089676	0.065935	0.095888	-0.085333	0.015192	0.067985	-0.213918	-0.054948	0.033497	0.220491	0.043177	-0.046254	0.071088	-0.065295	0.023340	-0.065299	0.022019	0.079891	0.011217	-0.072522	-0.077620	-0.059150	-0.090597	-0.007437	-0.089886	-0.007481	-0.065144	0.039178	0.042987	-0.001176	0.016289	0.078253	-0.083260	-0.068016	-0.027331	-0.002250	0.059474	-0.080111	-0.080616	0.078558	-0.054302	-0.008329	-0.018791	0.031963	0.000339	-0.147174	-0.003360	0.000237	-0.031916	-0.011786	0.044131	0.043244	-0.047869	-0.054464	-0.070836	-0.025500	0.012782	0.054629	0.075599	-0.034569	0.002688	0.024596	0.077151	-0.037337	-0.043613	-0.025778	0.030381	0.043287	-0.020178	-0.040115	0.016024	-0.053783	-0.008637	-0.010415	0.020478	-0.039709	-0.012318	0.083364	-0.046481	-0.041072	0.025141	-0.028029	-0.039443	-0.050474	-0.028834	-0.022791	0.012429	-0.021130	-0.008657	0.011696	0.028955	0.015187	-0.015897	-0.014862	0.006094	0.062623	-0.020173	0.007335	0.012682	-0.003731	0.024322	0.032300	0.006946
-2.071269	-1.630315	0.796278	-0.603828	0.093042	0.403813	0.259809	-0.200474	0.407176	0.040505	-0.029853	0.103030	0.088727	-0.284084	0.121758	0.030766	-0.113494	0.095127	-0.077429	-0.099781	-0.002006	0.063696	0.024107	-0.062259	0.113166	-0.091441	0.049108	-0.155748	-0.055347	0.045414	-0.074957	0.036652	-0.018918	0.046024	-0.031074	0.005008	0.043390	-0.038669	-0.036978	-0.168624	0.012282	0.014668	-0.057618	0.012415	-0.026848	-0.002191	-0.051168	-0.032747	0.004945	-0.049295	0.007641	0.039304	-0.089847	-0.053971	0.011505	0.006605	0.028393	0.036913	-0.070591	-0.056505	0.015512	-0.073872	-0.072771	0.054528	-0.038023	-0.088983	-0.017674	0.047886	-0.057945	-0.027844	-0.053304	0.022383	0.006939	-0.046183	0.005082	-0.025353	0.036678	-0.030336	-0.076473	-0.001725	0.038648	-0.012199	0.045076	-0.006480	0.001418	0.036640	0.050398	0.010808	0.036936	-0.036596	0.032287	-0.074440	0.009264	0.024487	0.049108	-0.017628	0.005083	0.017464	-0.011335	0.001041	0.074056	0.064060	-0.063450	-0.013696	0.021435	0.071927	0.013610	0.014305	0.068671	-0.007143	0.031026	-0.006145	0.060053	-0.010023	0.017970	-0.038127	0.019344	0.000539	0.005680	-0.012517	0.032983	-0.024975	-0.057824	0.026943	-0.000167	0.073922	0.024283	-0.018072
0.923766	0.085258	-0.447760	-0.603033	-0.235285	0.105583	-0.206677	-0.433948	-0.017443	0.162971	-0.528648	-0.066340	0.106778	0.201086	0.264060	0.066863	-0.036572	-0.178822	-0.109540	-0.003854	0.023333	-0.102393	-0.031391	0.108979	-0.090440	-0.106854	0.151304	0.041262	-0.056290	-0.120602	-0.079013	-0.029618	-0.071619	-0.088143	0.060736	0.023158	-0.003215	0.054682	-0.045760	0.046609	-0.112061	-0.030950	-0.079000	-0.064028	-0.119048	0.048037	-0.048304	0.107291	-0.025089	-0.064348	-0.024257	0.060769	-0.035854	0.062945	0.028575	-0.031683	0.003622	-0.056093	-0.024287	-0.054713	-0.055383	-0.093957	-0.027973	-0.047580	-0.030249	0.084491	0.033828	-0.022143	-0.052288	0.011781	0.034416	-0.061245	-0.048034	-0.041814	0.025325	0.010475	0.008458	0.023393	-0.010682	-0.037476	0.088133	-0.023687	-0.048289	-0.027606	0.043939	-0.003428	0.011193	-0.010708	-0.007447	0.053547	0.022190	-0.015701	0.009968	0.059902	-0.025565	0.000810	-0.012606	-0.002464	0.007075	0.040918	-0.012585	0.033261	-0.035479	-0.017268	-0.001835	0.003728	0.048113	-0.023562	0.067656	0.001581	-0.013855	-0.017381	0.006547	-0.035734	-0.005026	0.023856	-0.012356	0.015657	-0.027996	0.033827	0.006476	-0.016867	-0.069781	0.041391	-0.017406	-0.013674	-0.055029	-0.003089
-0.527908	0.686982	-0.115915	0.058775	-0.075435	-0.079095	0.321438	0.199559	0.136341	0.281349	0.138940	-0.273553	0.247560	-0.014331	0.014458	-0.049044	0.089855	-0.057469	-0.078612	-0.098335	0.178237	-0.129859	-0.102639	-0.025146	-0.079520	-0.074251	0.165757	0.141954	0.025714	0.084913	-0.009826	0.028203	-0.155800	0.004251	-0.070524	-0.004994	0.008721	0.093276	-0.047738	-0.058693	-0.100812	0.034144	-0.020065	-0.005419	-0.022748	0.056142	0.102209	-0.015799	-0.083060	-0.035939	-0.067354	-0.059391	0.035572	-0.006488	-0.063554	0.014725	-0.031924	-0.003341	-0.039071	0.004176	-0.000325	-0.082288	-0.004512	0.026886	-0.026937	-0.012477	0.007617	-0.012409	0.050927	0.028885	-0.047974	0.010109	0.013095	0.002274	0.001919	0.006549	-0.008203	0.022787	0.011696	0.022722	0.013801	0.026123	0.009321	0.007764	-0.017111	-0.005320	0.011846	-0.020760	-0.003701	-0.006152	-0.001719	-0.007168	-0.014458	0.002960	0.025945	0.005445	0.014053	-0.005455	0.000291	0.005537	-0.001089	0.007414	-0.035202	0.001159	-0.015541	-0.017229	-0.015521	0.008155	-0.019949	-0.001153	-0.016125	0.004421	-0.011753	0.010221	-0.002649	0.028596	0.001263	0.004663	-0.004284	0.011524	-0.001047	-0.033511	-0.003491	-0.001117	0.011685	0.012659	-0.000819	-0.000296
-0.321559	-0.967947	-0.548592	0.757781	-0.386406	-0.061634	0.105793	0.189855	-0.177928	-0.142569	0.027243	-0.049009	-0.097066	0.084927	0.091843	-0.069698	0.109782	0.103339	0.076166	-0.051463	0.068852	-0.134730	-0.070820	0.119530	-0.076412	0.018125	-0.232106	-0.028987	-0.133728	0.051344	-0.135397	-0.078874	-0.074395	-0.187988	-0.002548	-0.018150	-0.024058	-0.149260	-0.052766	0.130873	0.061676	0.033355	-0.021032	0.035621	-0.084502	0.041825	-0.011728	-0.061502	-0.100132	-0.085214	0.092689	-0.045777	-0.035324	-0.012558	-0.058684	0.070788	0.033989	-0.010900	-0.016168	-0.009714	-0.042487	0.071226	-0.074471	0.049595	0.039254	0.004525	0.083729	-0.039221	0.008682	-0.104276	0.029742	0.014817	0.112794	0.074422	-0.035629	0.044712	0.071464	-0.021075	-0.007583	-0.055707	-0.008807	-0.023549	0.038463	-0.029054	0.100377	-0.095015	-0.091230	-0.007027	-0.103055	-0.067188	-0.117371	-0.042480	0.000607	-0.014867	0.028943	0.002815	0.023334	-0.036297	0.018801	0.006906	0.019322	0.050178	-0.017592	0.045953	-0.009662	0.060242	0.033158	0.032431	0.076943	0.023906	-0.029876	-0.007918	-0.043880	-0.011864	-0.005058	-0.044487	0.104935	0.037233	0.077637	0.035484	-0.018709	-0.016526	-0.046386	-0.053785	-0.003268	0.085350	-0.085023	0.000748
-2.677851	-0.711543	-0.685472	-0.524093	0.133467	0.201802	0.109647	-0.266545	0.264658	0.052986	0.151156	0.264650	0.028723	0.070819	-0.189463	-0.146255	0.082499	0.067078	-0.131941	0.104009	0.077065	-0.016335	0.181295	-0.074986	-0.075989	-0.047574	0.029609	-0.015114	-0.100516	0.100562	0.053484	-0.084862	-0.003326	-0.130406	-0.089453	-0.049827	0.042255	-0.093226	0.095061	-0.063869	0.006867	-0.044498	-0.081237	-0.068975	-0.055658	0.022136	-0.011619	0.054669	-0.015239	0.004379	0.011063	-0.097886	-0.097303	-0.055048	-0.076055	-0.054893	0.015965	0.038132	0.088232	0.054645	0.082912	-0.086147	-0.046569	-0.058258	0.004578	-0.052049	-0.062094	-0.001309	0.027951	0.077167	-0.075518	-0.052892	-0.110705	-0.047733	0.036740	0.013781	-0.015916	-0.021857	0.000077	0.039246	-0.029561	-0.082181	-0.071590	-0.018576	0.003549	-0.011489	-0.033444	-0.030040	-0.010474	0.001713	-0.055363	0.025062	-0.066583	0.011783	0.040007	0.015286	-0.013837	-0.023214	0.041295	-0.025827	-0.033651	-0.010946	0.018842	0.020279	-0.001214	0.093507	0.034599	-0.046758	0.035407	-0.064553	0.045356	0.013373	0.000123	-0.043816	0.028097	-0.054566	0.043379	-0.047796	0.017209	-0.019287	0.038526	0.012248	0.052094	0.024793	-0.035072	-0.031761	-0.006772	-0.041985
-1.177203	-0.834819	0.287697	-0.454149	0.064345	0.312387	0.156260	-0.048920	0.044104	-0.197128	0.065438	-0.000573	0.197912	-0.005445	0.172803	0.108513	-0.011476	0.108708	-0.175079	-0.071106	-0.063065	0.156976	0.069362	0.098117	-0.045426	0.077091	0.082885	-0.037585	-0.056557	0.020031	0.043323	0.087051	-0.057908	0.116065	-0.015052	0.048052	0.034855	-0.057751	0.018071	0.008429	0.093661	0.038209	0.005818	-0.039971	0.018321	0.002046	0.033936	-0.128523	0.033037	0.072911	-0.036420	0.011469	0.042281	-0.109606	0.017226	-0.043105	0.015894	-0.000062	0.033650	-0.003749	-0.012837	-0.054469	0.019516	0.005818	0.059444	-0.006449	0.025288	0.027632	0.009010	0.056204	0.022919	0.009873	0.018952	0.004044	-0.020140	0.003876	0.017721	0.047206	-0.027870	-0.014293	-0.018642	-0.017092	0.030423	0.001202	0.016637	-0.037016	0.008645	-0.018503	-0.022746	0.014263	0.014274	-0.005493	0.041357	-0.019758	-0.013787	0.031435	0.007029	0.057317	0.029245	-0.008251	0.013675	0.030576	0.005813	-0.034287	-0.040535	0.001312	0.009337	-0.000930	0.004141	-0.049450	0.022145	-0.003760	0.018093	0.010108	0.047145	-0.002111	0.006289	-0.044251	0.007557	-0.019001	0.013988	-0.025656	-0.004056	0.000246	-0.001627	0.025682	-0.039210	0.055773
0.940928	-0.893717	-0.665884	0.219646	-0.305394	-0.243832	0.161771	-0.575013	0.170179	-0.204109	0.003346	0.080509	0.009676	0.094623	0.083374	-0.104506	-0.036347	0.065388	-0.356558	0.321490	-0.082902	-0.124974	-0.049545	0.014288	-0.145843	-0.266795	-0.013849	0.159079	0.254577	-0.084173	0.026781	0.164525	-0.067986	-0.124883	0.043948	-0.074413	0.011418	-0.080658	0.056374	0.179761	-0.081691	-0.075755	0.105352	0.188511	-0.040094	-0.115313	0.326708	-0.031893	0.157833	0.262630	0.105353	-0.133427	0.181707	-0.048928	-0.008095	-0.038897	-0.123302	-0.088788	-0.023944	0.148699	0.181223	0.039008	-0.102027	0.145384	0.015709	-0.044548	-0.010835	-0.007357	-0.034551	-0.094962	0.065934	0.100626	0.016626	0.216330	-0.116819	-0.081154	-0.019719	-0.005632	0.001562	0.012069	0.090107	0.138455	0.011957	-0.144562	0.086151	0.029800	0.064535	0.175625	0.088739	-0.025472	-0.056670	0.044798	0.130972	-0.053046	0.060543	-0.006812	-0.054989	0.003807	0.064365	0.002381	-0.011279	-0.075717	0.025493	0.016061	-0.085069	0.119210	0.033460	0.126221	0.040139	0.001582	-0.091935	0.021410	-0.055596	-0.001802	0.052456	0.017704	0.092595	0.026762	0.082274	-0.022842	0.012137	-0.042605	-0.019703	0.073381	-0.051645	-0.009925	0.007596	0.043722
-0.602801	0.483590	-0.345396	-0.362925	-0.365369	0.195546	-0.302120	-0.353172	-0.108427	-0.302659	0.109960	0.062335	-0.006325	0.360378	0.293558	-0.045167	-0.344580	-0.404136	-0.001337	0.109710	0.019358	0.092637	0.098018	-0.246254	0.104659	0.070467	0.123484	0.039984	-0.081127	0.129884	-0.196269	0.408220	-0.009778	-0.115988	-0.003017	-0.100029	-0.183773	0.264201	0.106912	0.015596	0.006021	-0.137322	-0.096183	0.188039	-0.132972	0.169330	-0.020257	-0.042008	0.212630	-0.127111	-0.020343	-0.042257	0.002353	0.122913	0.022621	0.036036	0.047306	0.033872	0.008726	-0.020630	0.076763	-0.088909	0.013804	0.016547	-0.077231	0.057437	0.132800	0.014926	0.059071	-0.062337	0.031133	0.035839	-0.040879	0.026513	-0.126029	-0.008853	0.015179	0.049830	-0.065843	0.004996	0.023952	0.004845	0.006211	0.038607	0.022248	0.001231	-0.005278	-0.007854	-0.018678	0.058498	0.003382	0.003311	-0.009646	-0.021135	-0.011296	0.028687	-0.012746	0.045081	0.001797	-0.030195	-0.024272	-0.026081	-0.018190	0.006084	-0.057020	-0.019891	-0.001017	-0.029509	0.024595	-0.019591	0.022205	-0.009551	-0.082943	0.002127	0.025304	-0.053974	0.013757	0.060341	-0.038049	-0.013606	-0.006894	-0.003632	0.064377	-0.026395	0.040992	-0.007096	-0.030744	-0.056200
-1.105485	0.355020	0.721522	-0.309803	-0.328632	0.186662	-0.096700	-0.217903	0.197149	-0.389552	0.359736	0.077535	-0.180727	-0.275943	-0.065305	0.009932	-0.101727	0.062071	0.011540	0.117985	0.036718	-0.065698	-0.008828	0.128045	0.203156	-0.072981	0.099041	-0.043342	-0.145897	-0.017273	-0.003777	0.049168	0.075171	-0.004243	0.033307	0.065140	-0.152016	0.100468	0.000822	0.009869	0.097447	0.070112	0.009784	0.011337	-0.089989	-0.058842	0.096245	0.022717	-0.032012	0.041699	0.004417	0.062474	0.048183	0.044879	-0.015913	-0.061476	0.007681	-0.032858	0.042433	-0.056980	0.006308	-0.084804	-0.013649	0.059546	-0.084700	-0.007065	0.037404	-0.026182	0.059551	-0.032853	-0.063064	-0.026359	-0.003601	-0.001123	0.075943	0.029284	-0.046417	0.013130	-0.057884	-0.043401	0.017478	-0.097128	-0.027267	-0.055994	0.082449	-0.000553	0.010352	-0.020004	0.037737	-0.017967	0.055948	-0.028521	-0.021019	0.034271	-0.003003	-0.060497	-0.040543	0.014002	-0.007479	-0.045016	-0.008582	0.004244	0.033192	0.019827	0.003858	0.012378	-0.008619	0.003976	-0.017543	-0.087828	0.057917	0.006980	0.022639	0.025464	-0.038035	0.010474	0.036620	-0.026989	-0.048959	0.032940	-0.000768	-0.034681	-0.023611	-0.025103	0.001894	0.030851	0.026139	0.073856
0.344544	-0.435479	-0.224193	0.072867	-0.003192	0.437520	0.401560	0.136457	-0.005602	-0.154952	0.112073	-0.135506	0.361480	0.023988	0.239920	0.123757	-0.048720	0.083961	-0.120603	-0.072753	0.029855	0.070884	-0.105623	-0.013552	0.003725	-0.057199	0.182335	0.122745	-0.023084	-0.022091	0.022618	-0.003457	0.036450	0.038115	-0.002115	0.039667	-0.006774	-0.147528	0.058680	0.030157	0.205071	0.034457	0.069993	-0.020822	0.013974	-0.057492	-0.057206	-0.059813	0.065565	-0.025900	0.039853	0.000688	0.085108	-0.034232	0.133835	0.035124	0.051198	-0.058540	0.023575	-0.015781	-0.007922	-0.058789	0.048319	0.038449	-0.052718	-0.099521	-0.074161	0.039461	0.007124	0.068988	-0.000007	0.052679	0.000018	0.064907	-0.034984	-0.028301	0.046453	0.025746	0.068127	-0.102588	-0.011658	-0.015637	0.034667	-0.032246	0.006284	0.001627	0.019859	-0.010754	-0.085099	0.011085	0.052034	0.011787	-0.002508	0.014862	-0.027017	-0.000430	0.047445	-0.027049	0.014220	-0.032477	-0.048180	-0.011019	-0.035240	0.054676	0.018087	0.053345	-0.001747	-0.030144	-0.045241	-0.019091	0.001272	0.022392	-0.013917	0.050561	0.090851	0.035610	-0.007546	0.019390	-0.031136	0.003990	-0.033871	0.020746	0.008994	-0.041111	0.039973	-0.028416	-0.011367	0.001421
-0.630343	0.443288	-0.030680	-0.269703	0.051545	-0.121434	0.314264	-0.006920	0.179240	0.028718	0.253950	0.134646	0.119810	0.088565	-0.004028	-0.082235	0.114354	0.065692	-0.157470	0.141074	0.058646	-0.026115	-0.026077	-0.020530	-0.001038	-0.132073	0.033309	0.024535	0.067518	0.091216	0.050005	-0.091872	-0.206265	-0.109220	0.037165	0.074954	0.022915	-0.056313	-0.015034	0.007211	-0.142071	0.021755	0.049715	-0.022714	-0.031717	0.131595	-0.059472	0.108066	-0.017367	-0.029143	0.004010	-0.021137	0.004653	0.030112	0.048603	-0.037461	0.056948	0.038859	0.068394	-0.068680	-0.032245	0.037091	-0.024461	-0.047699	-0.009448	0.071054	0.031141	-0.077351	-0.040567	0.015869	0.002871	-0.052671	-0.017272	0.037228	-0.044368	0.064736	0.114351	0.038653	0.058146	-0.037374	-0.053781	0.086115	-0.009813	-0.040513	-0.033549	0.090805	0.028427	0.042840	0.024496	-0.010954	-0.035415	0.007945	0.073521	0.002002	0.015966	-0.007811	-0.000541	0.001524	0.042977	0.000220	0.009633	-0.001077	0.046497	-0.028172	0.110168	-0.008934	0.003777	-0.000884	0.019450	0.010368	-0.002398	0.041472	0.029047	-0.021010	0.023015	-0.036133	-0.077791	0.065753	-0.033650	-0.056634	0.049713	-0.073117	0.053854	-0.049181	0.008646	-0.005586	-0.002507	0.009534
2.086224	-1.725515	0.177918	-0.024142	0.380361	1.176429	0.017770	0.125118	0.031551	0.298602	0.202367	-0.222794	0.023923	-0.328562	0.086848	0.069632	-0.267934	0.032836	0.093056	-0.032349	0.111797	0.039742	0.081542	-0.013361	-0.122231	0.103707	-0.027554	0.180869	0.018938	0.268240	-0.002730	0.072097	0.234307	-0.181724	0.027582	-0.079651	0.032526	0.057868	-0.166999	-0.107420	-0.051056	0.077499	-0.185205	0.067307	-0.104197	-0.185252	0.067017	-0.009161	-0.007158	0.041200	0.133537	-0.116309	-0.012240	0.065886	-0.084947	0.053881	0.072299	-0.048641	-0.023463	0.028835	-0.091050	0.008397	0.073058	-0.065848	-0.060453	0.057328	0.025099	0.023505	-0.040790	0.073860	-0.008710	-0.011162	-0.022897	-0.081758	0.001144	0.086314	-0.106621	0.058360	0.054770	0.044607	0.031211	0.062570	0.064475	0.003539	-0.021597	-0.014559	-0.092295	0.029713	0.014795	0.065269	-0.020793	-0.005895	-0.053043	0.090751	-0.034871	-0.057894	0.029694	-0.045735	0.032578	-0.024345	0.071096	-0.069096	-0.001565	0.079529	0.018881	-0.060980	-0.039244	-0.044154	0.051395	-0.025267	-0.054537	-0.079702	0.075139	-0.046734	0.017118	-0.001329	0.005353	-0.023769	0.169156	-0.092480	-0.015611	-0.053154	0.119107	-0.007009	-0.007816	-0.043336	-0.041650	0.003640
0.397339	0.580545	-0.083954	-0.012298	0.131795	-0.132239	0.361793	-0.055270	-0.252855	-0.146685	-0.082083	0.060934	-0.158297	0.188063	0.184576	-0.137081	0.118401	0.198977	0.216050	-0.031896	0.025657	-0.000062	0.067017	0.092563	0.131682	-0.023666	0.041725	-0.021331	-0.041346	0.039185	-0.102744	-0.001072	0.023728	0.038255	-0.026998	-0.024084	0.184132	0.016124	-0.035430	0.022436	0.014004	-0.052258	-0.038079	-0.019809	0.011310	0.006241	-0.027153	0.049526	0.049738	-0.013374	-0.075041	0.009489	-0.003168	0.008835	0.000271	-0.018663	-0.030895	-0.063054	-0.028143	0.009640	0.005337	-0.014711	0.042096	-0.005520	-0.050405	-0.003843	0.009445	-0.035338	0.048062	0.009357	-0.034593	0.002563	0.057884	-0.006807	0.022576	0.030723	-0.005174	0.026071	0.016991	-0.030249	0.012833	-0.015803	0.029777	0.023411	0.008120	-0.001316	0.012630	0.001981	0.019296	0.000012	-0.017888	-0.001943	-0.013179	0.039524	0.046684	0.025523	-0.027180	0.022338	0.054819	0.002432	0.023547	-0.006743	0.016571	-0.014649	0.016498	-0.015497	0.023344	-0.005461	0.012768	0.013283	0.012582	-0.026620	-0.033626	0.035745	0.031635	0.001932	0.000194	-0.009429	0.034660	0.011556	-0.045909	0.031940	0.022655	-0.005519	-0.007632	0.026293	-0.014721	-0.008822
0.742326	0.654140	0.372771	-0.078669	0.102311	-0.223189	0.397921	0.259917	0.125570	-0.002110	0.310658	0.045075	0.199532	-0.066675	0.000463	-0.181126	-0.005689	0.090944	-0.197574	0.244459	0.190591	-0.088367	-0.036689	0.026109	-0.008137	-0.008079	0.032043	0.079574	0.084743	0.158432	-0.071679	0.107850	-0.144414	0.050974	0.077205	0.128708	0.059665	0.011871	0.017740	0.144870	-0.097583	-0.026436	-0.039179	0.089071	0.016413	0.089718	-0.071573	0.066831	0.046833	-0.045666	-0.015019	0.051510	0.051805	0.077683	-0.056332	-0.067918	-0.003995	0.027629	-0.011830	0.019696	0.015488	0.025224	-0.003598	0.000219	0.087635	0.082873	-0.042022	0.028978	0.031416	-0.042896	0.021779	-0.022521	-0.076753	0.043411	0.027023	0.032081	0.068859	0.010610	-0.004732	-0.057417	-0.007176	0.033840	0.014210	-0.005457	-0.026398	0.028219	-0.020696	-0.000938	0.005846	-0.001407	-0.019331	-0.070550	0.020129	-0.050134	-0.036203	0.009099	0.005171	0.060628	0.044227	0.017108	0.069688	0.004184	0.063575	0.051256	-0.022283	0.027734	-0.002922	-0.030993	-0.012019	0.046141	-0.006235	-0.014413	-0.026681	0.015971	-0.024892	0.000886	-0.047252	-0.010076	-0.023209	-0.044863	0.009340	0.040584	0.046545	-0.058712	-0.029876	-0.003340	-0.025309	0.010794
-0.467682	-0.280688	0.862932	0.364338	0.067513	-0.294201	0.249619	0.003440	0.218561	0.193288	-0.095698	-0.012322	0.353881	0.196975	0.135971	-0.225285	0.358145	-0.021811	0.091171	-0.010361	-0.050350	-0.102291	0.018851	-0.258629	0.378394	0.084946	-0.000132	0.084160	-0.157578	-0.062462	-0.224640	-0.022587	-0.007890	-0.172824	0.084867	-0.045585	-0.080758	-0.122169	-0.041317	-0.023749	0.083052	0.067118	0.098404	-0.051621	0.007199	-0.128408	-0.055528	-0.129310	-0.080050	0.098379	0.055303	0.088666	-0.074106	0.223412	-0.158242	0.062743	0.077251	0.044717	-0.111873	-0.043573	0.089535	-0.043928	-0.018467	-0.049544	0.021461	0.033885	-0.013326	0.059864	-0.146509	-0.057060	0.033410	0.116185	0.055935	-0.018452	-0.019585	0.065274	-0.090359	0.065995	0.005668	0.011319	-0.049640	-0.015979	0.000491	-0.001021	-0.001765	0.021598	-0.060502	0.031639	0.000202	-0.051639	0.077333	-0.008357	0.005120	0.000991	-0.036136	0.009176	0.002460	0.126264	-0.034145	0.015513	0.034032	-0.022493	0.032305	-0.112418	-0.062473	0.013841	0.011703	0.037615	0.007345	-0.043865	0.048342	-0.027424	0.042724	0.082999	0.046472	-0.018317	0.053827	0.047160	0.030444	0.040873	-0.000162	0.076433	-0.022684	-0.008902	0.010979	-0.021403	-0.013859	0.055126
-0.604458	0.431899	-0.234613	-0.248793	-0.114160	0.105267	0.309795	-0.070374	-0.281550	-0.005640	0.065685	-0.229741	0.069809	0.216607	0.027744	0.203216	0.052822	-0.010209	-0.233054	-0.023789	-0.046422	0.029918	-0.103133	0.051756	0.021116	-0.021686	-0.013469	0.029166	-0.045501	0.004668	0.053335	0.030661	0.044843	-0.029511	-0.067214	0.030471	-0.036808	-0.056292	0.038653	-0.034977	0.077973	-0.026299	-0.069434	-0.059936	-0.018121	-0.094073	-0.014387	0.061709	0.024823	-0.033111	0.121591	0.068459	0.018013	0.013166	0.007408	0.024329	0.077729	-0.056657	-0.026798	0.066816	0.083432	-0.057239	0.091431	0.005542	0.006617	0.050434	-0.026361	0.040676	0.000944	0.067353	-0.034309	-0.004933	-0.021577	-0.012668	-0.033349	0.004203	0.027091	-0.055563	-0.059611	0.000130	-0.001757	-0.008057	0.044955	-0.030746	0.014153	0.048143	0.008660	0.042025	-0.034868	-0.002427	-0.011408	0.000931	-0.021294	0.030302	0.006850	0.016502	-0.019778	-0.003634	0.004420	-0.001453	0.012016	-0.007116	0.003298	0.006420	-0.037656	-0.043736	-0.052058	-0.006348	-0.002984	0.039400	-0.003079	-0.024712	0.022795	-0.014486	-0.047212	-0.012418	0.029489	0.015602	-0.006410	0.001429	0.024270	0.021036	0.012471	0.043525	-0.038401	0.013444	0.015556	-0.016121
0.127678	0.298389	-0.296367	-0.305253	0.048885	-0.071175	0.294716	0.201007	-0.223271	-0.034498	-0.091660	-0.141300	-0.053843	-0.093437	-0.103621	0.183759	-0.065643	-0.055972	0.109860	-0.057829	0.079620	-0.014847	-0.090017	-0.146062	-0.060884	0.055623	0.014123	-0.105666	0.012295	-0.068208	0.028286	-0.165015	-0.039755	-0.016246	0.040383	-0.222917	-0.061638	0.147483	-0.092817	-0.042889	-0.032721	0.030349	-0.004866	-0.046072	0.049906	0.083493	0.003088	-0.000421	-0.059257	0.033477	0.153462	0.074484	0.032487	0.118628	-0.099523	0.006480	-0.001441	-0.111794	-0.049591	-0.062401	-0.039861	0.073945	-0.022641	-0.013122	0.022573	-0.052464	0.032082	-0.047254	0.043783	0.109008	-0.014232	-0.012408	-0.081458	0.003679	0.069390	0.050360	0.019148	0.011350	0.042240	0.020955	0.039368	-0.005412	0.029190	-0.046200	-0.053786	0.078281	0.005826	-0.028506	-0.004445	-0.022668	0.033621	-0.085380	-0.002645	-0.096860	0.020421	0.013177	-0.042345	-0.006418	-0.004189	-0.003497	0.000087	0.038268	0.043976	0.045250	0.041314	0.028612	-0.018301	0.036753	0.039460	0.038942	-0.037424	0.027752	-0.023299	0.029440	0.026223	0.041586	0.000659	0.040428	-0.009876	-0.024244	-0.037329	-0.007395	-0.003620	0.034274	-0.065266	0.011527	-0.009273	0.001891
0.131474	-0.500971	1.045186	0.260883	0.229425	-0.016224	-0.204856	-0.168383	-0.351243	-0.000849	-0.091438	0.061676	0.143329	0.185546	-0.282939	0.104459	0.025055	0.034177	-0.099533	-0.161666	0.040300	-0.125836	-0.156058	0.036075	0.237421	-0.031295	0.055670	-0.098930	0.002743	-0.131664	-0.078717	0.050661	-0.047394	-0.085576	0.061241	-0.071360	-0.024178	0.086043	0.021869	0.132255	0.095804	0.029711	-0.062155	-0.034010	-0.086412	0.005548	0.003449	-0.016137	-0.072681	-0.066809	-0.036020	-0.023864	-0.001590	0.054135	0.038517	0.094065	-0.036796	-0.078318	0.047145	0.052047	0.024111	0.024642	0.039559	-0.005834	0.130194	0.055289	-0.026047	0.019277	0.077303	0.002472	-0.000370	0.003939	0.010145	0.005239	0.014952	-0.042106	-0.039619	0.016335	-0.016260	0.010474	-0.036657	0.055121	-0.034091	-0.047607	-0.064872	0.046122	0.017640	0.002616	0.022789	-0.030289	-0.021586	-0.020315	-0.003050	-0.059246	0.020123	-0.004765	0.015069	-0.025592	0.030539	-0.025234	0.046526	-0.032945	-0.000307	0.084540	0.030081	-0.016919	-0.007553	-0.054707	-0.024528	0.035005	0.011963	-0.037818	0.017527	-0.000828	0.026189	0.010638	0.014504	-0.003738	0.007139	0.024108	0.045459	-0.044599	-0.049583	0.036995	0.030063	0.001160	-0.025480	0.037535
-0.511504	0.297710	0.124074	0.522225	0.302939	0.096755	-0.302916	-0.254525	-0.238669	0.218144	0.011687	0.109307	0.174574	0.060120	0.006664	-0.097953	0.041527	0.026399	0.041466	0.160486	0.042270	0.028912	0.015006	0.067129	-0.038433	0.058168	-0.035287	0.058053	0.055303	-0.018135	-0.023357	-0.017435	0.067925	0.071715	0.037244	0.008392	0.011236	-0.000722	-0.047919	-0.061134	0.051259	0.027838	-0.116101	0.000757	0.130951	0.095037	0.058227	-0.042668	0.047316	0.068738	0.021879	0.009953	-0.016807	-0.040926	-0.009535	-0.016837	-0.023457	0.080813	0.071550	-0.110267	0.030154	-0.001463	0.039921	-0.092077	0.030286	0.027043	0.004348	0.046303	0.054007	-0.014477	-0.056491	-0.003743	-0.034761	-0.006121	-0.003719	0.044584	0.034927	-0.048672	-0.009029	0.007959	0.058618	0.002453	0.046486	-0.008132	-0.017176	-0.012599	0.023951	0.010996	-0.000988	0.008044	0.035512	0.007342	0.049239	0.010509	0.037662	0.019192	0.013640	-0.020697	-0.012864	0.006414	0.012809	0.000336	-0.015944	0.034835	0.008509	0.022995	-0.026354	-0.029806	0.014991	-0.019021	-0.016610	-0.002062	0.001346	-0.006269	-0.013139	-0.013575	0.023016	0.036711	0.000642	0.001900	-0.002400	-0.002934	-0.023052	-0.023516	0.025951	-0.004094	0.000060	0.019583
-1.163962	-0.125630	-0.120964	0.309947	0.279729	0.439570	-0.055562	-0.425519	-0.313465	0.184232	0.140106	0.108116	0.288624	0.046008	-0.034776	0.027875	0.057577	-0.095226	-0.081031	-0.022931	0.017782	0.101896	-0.103504	0.048241	0.247703	0.032374	0.037919	0.077882	-0.028945	-0.057722	-0.091163	0.044793	0.003240	0.083048	0.064233	-0.032503	-0.098076	0.001295	0.002065	-0.031370	0.082960	0.129497	0.057727	0.009203	-0.007164	0.032907	0.051471	0.001338	-0.026022	0.033993	-0.083612	-0.031726	-0.047190	0.001272	0.031559	0.028135	-0.035295	-0.051698	-0.003369	0.055626	-0.091944	0.021409	-0.045492	0.037143	0.038374	-0.015839	0.009407	0.014719	0.012248	-0.003962	0.043075	-0.035497	0.003179	-0.055748	-0.027207	-0.028160	-0.052514	0.006813	-0.070221	0.057993	-0.070403	0.008660	-0.005658	0.031204	0.013804	0.021581	-0.093970	-0.019528	0.036821	-0.039780	-0.000972	0.022488	0.012833	-0.007109	-0.017069	-0.003909	0.010166	-0.023633	0.052373	0.011827	-0.021083	0.044631	0.017963	0.014100	-0.010707	0.024986	0.009635	0.006532	0.030351	0.039916	-0.014046	-0.021390	0.018836	0.010688	-0.026531	-0.000468	0.007538	-0.030480	-0.027915	0.005229	0.020506	0.012426	-0.003374	-0.053313	-0.035325	0.017078	0.032479	0.012686
-0.809953	0.338064	-0.024733	0.475232	0.196727	0.170520	-0.216944	-0.342434	-0.316141	0.231119	0.043646	0.031240	0.079683	-0.025887	-0.026971	0.022246	0.079498	-0.013266	0.020074	0.159853	-0.050692	0.049134	0.093664	0.115181	-0.111186	0.032702	-0.053904	0.000040	0.048851	0.004976	-0.048494	-0.047948	0.071577	0.057222	0.021803	0.084415	-0.040848	0.026593	-0.013638	-0.076778	0.063071	0.011912	-0.050418	-0.001228	0.094901	0.134022	0.079326	-0.019772	0.038399	0.097457	0.077440	0.005411	-0.015402	-0.066570	-0.041456	-0.005226	0.005681	0.082174	0.024833	-0.046475	-0.001693	-0.060847	0.042301	-0.078449	0.050444	0.000170	-0.024054	0.049605	0.062791	-0.034358	-0.044243	0.005758	-0.047422	-0.020818	0.019958	0.043181	0.023407	-0.051825	-0.042989	0.020153	0.070193	0.006696	-0.006262	-0.001371	-0.004642	0.004021	0.017879	0.003076	-0.009479	-0.025271	-0.002260	-0.032658	0.070503	0.058738	0.048671	0.018595	0.008465	-0.013357	0.007129	0.032575	0.017999	-0.008728	-0.004159	0.029191	0.033033	-0.007946	0.000216	-0.026687	0.032866	-0.010999	0.015553	-0.016956	0.004753	-0.033898	-0.005264	0.007381	0.028129	-0.007212	-0.018765	0.009781	0.018022	0.029420	-0.013506	-0.044718	-0.009118	-0.020939	-0.001554	0.009267
-0.379561	0.312696	0.356088	0.640174	0.258901	-0.108216	-0.269734	-0.163831	-0.229096	0.227897	0.011554	0.140232	0.164823	-0.025681	-0.018392	-0.098108	0.095139	-0.021730	0.022858	0.217813	-0.038625	0.062610	0.017930	-0.000150	-0.024010	-0.027481	-0.118227	0.110757	0.019328	-0.015231	-0.057369	-0.074505	0.062276	0.070839	0.041927	0.006760	0.039760	-0.023247	-0.014812	-0.056318	0.002779	0.023824	-0.085071	-0.069441	0.088359	0.067404	0.029404	0.034621	0.031361	0.053716	0.051980	0.001637	0.051882	0.006981	-0.051105	0.039321	-0.005181	0.100645	0.083538	-0.111684	0.000150	-0.023874	0.026421	-0.043489	-0.015715	0.015720	0.001795	0.003594	0.012788	-0.070525	-0.092931	-0.038470	-0.035046	-0.040162	-0.021028	0.026507	0.051027	-0.063176	-0.013004	-0.013353	0.036893	0.019931	0.009470	0.018126	-0.020967	-0.012230	0.059699	0.025617	-0.009304	-0.021194	0.006900	0.015761	0.068698	-0.014017	0.042179	0.016245	0.003543	-0.052840	-0.021563	-0.017970	-0.013356	-0.000545	-0.008495	0.033655	0.024855	0.005831	-0.005279	-0.031384	0.005222	-0.023646	0.009478	0.015543	-0.014693	0.004123	0.014883	-0.038511	0.013737	0.032045	-0.019248	0.023713	0.021686	0.018115	-0.002136	-0.029207	0.018201	-0.010082	-0.001910	0.002744
-0.357048	0.221729	0.649778	0.630130	0.108813	-0.223360	-0.428654	-0.136642	-0.370590	0.248848	-0.155542	-0.039669	0.208966	0.193836	-0.082402	-0.110659	0.077960	-0.018970	0.098456	0.208150	-0.021390	-0.027221	0.082133	0.030725	-0.192945	0.076499	-0.038273	0.128167	-0.044140	-0.054501	-0.117712	-0.032200	0.055327	0.092736	0.079254	-0.006170	-0.015408	0.008377	-0.008564	-0.096036	0.023849	0.026747	-0.110812	-0.043805	0.102891	0.127995	0.097227	-0.047777	0.062858	0.050986	0.037440	0.016724	0.066593	-0.026397	-0.034109	0.001711	-0.012012	0.099157	0.084798	-0.080925	0.050709	0.003561	0.026041	-0.067536	0.071343	0.005468	-0.010314	0.040770	0.039326	-0.028202	-0.103673	0.022161	-0.015493	-0.020767	-0.040659	0.016849	-0.009489	-0.023067	0.009861	0.014812	0.014949	0.066278	0.046996	0.009094	-0.021940	-0.024391	0.017533	0.013662	-0.012296	-0.039299	-0.027272	0.011174	0.042494	0.010767	0.039494	0.013796	0.001638	-0.015087	-0.032508	-0.037457	0.025802	-0.000861	-0.017027	0.041368	0.007149	0.019187	-0.029662	-0.029560	0.027554	-0.030316	0.047923	-0.016622	0.007521	-0.019991	0.013866	0.005045	0.008412	0.019691	-0.006672	0.020320	0.014744	-0.019479	-0.028492	-0.018968	-0.001291	-0.011132	0.009702	0.034914
-1.362665	-0.304668	0.498837	0.233546	0.155968	0.085764	-0.076907	-0.330628	-0.362655	0.222609	-0.015405	0.136091	0.091002	0.000689	-0.224120	-0.061973	-0.015768	-0.014097	-0.084489	0.120729	0.058825	-0.017505	-0.054264	-0.029296	0.291527	0.041985	0.063226	-0.045557	-0.040162	-0.079128	-0.142612	0.000054	-0.057025	0.027404	0.071758	-0.079935	-0.067227	0.066182	-0.022182	-0.012573	0.039590	0.085824	0.004434	-0.008152	-0.049951	0.010671	0.023658	0.058762	-0.058644	-0.007219	-0.031423	-0.035684	0.037916	0.028857	0.043540	0.031437	-0.022501	-0.074140	-0.026569	-0.016400	-0.062503	0.006921	-0.034448	0.027721	0.021580	-0.029435	-0.007072	-0.012131	-0.030567	0.017596	0.023467	-0.000371	0.012911	-0.047010	0.026344	-0.020039	-0.031193	0.008187	-0.032171	0.007533	-0.026579	0.066301	-0.010192	-0.019616	0.000347	0.018331	-0.079866	-0.002260	-0.006969	-0.033482	0.016704	0.005787	0.011313	-0.018352	-0.011781	0.003186	-0.025908	0.010094	-0.015108	-0.045200	0.009610	0.004400	-0.019377	0.009676	-0.025754	0.007177	0.008266	0.009264	0.032784	0.046681	-0.030565	-0.005218	-0.006054	0.034337	-0.008174	-0.001948	-0.012072	-0.032929	-0.024148	0.001605	-0.016726	0.050815	-0.011575	-0.071709	-0.010526	0.006054	0.041259	-0.003502
-0.321682	0.358162	0.044218	0.617573	0.315172	0.180398	-0.245122	-0.249076	-0.273770	0.223142	0.026888	0.099106	0.219482	-0.050052	0.039186	-0.062176	0.095760	-0.031199	0.025315	0.214584	-0.009377	0.015920	0.049093	0.022098	-0.035298	-0.029927	-0.127518	0.078221	0.021040	0.014397	-0.054910	-0.088666	0.098521	0.059219	0.026976	0.003048	0.007933	-0.016277	-0.064424	-0.055100	0.062466	0.045881	-0.093639	-0.026722	0.193458	0.081921	0.067040	-0.018983	0.045214	0.069371	0.007567	0.028895	0.003673	-0.033162	-0.046893	0.015147	0.015105	0.091070	0.034260	-0.089795	0.018037	-0.009764	0.036232	-0.024146	0.006011	-0.000660	-0.002881	0.030459	0.050616	-0.066985	-0.087007	-0.030648	-0.027888	-0.016155	-0.023379	0.029481	0.048851	-0.027787	0.014697	-0.002231	0.051051	0.014939	0.047747	0.033410	-0.035989	-0.031763	0.033108	0.001229	0.001342	-0.011346	0.027971	0.021471	0.080279	-0.002153	0.056345	0.047535	0.002807	-0.017280	-0.025136	0.014840	0.013267	0.014234	-0.012082	0.019689	0.014002	0.017052	-0.016225	-0.057429	0.017534	-0.006663	-0.012378	0.007765	-0.013000	0.002549	-0.003318	-0.003909	0.025049	0.029413	-0.023079	0.026246	-0.000600	-0.015097	-0.018333	-0.029795	0.007994	-0.001540	0.000613	0.008611
-1.549545	0.194132	0.079009	-0.621199	-0.201421	-0.246612	-0.399505	0.030202	-0.009028	0.048154	0.048689	-0.107616	-0.018272	-0.113672	0.015920	-0.175978	0.315845	0.021987	0.075949	-0.139353	-0.019639	0.118943	-0.057468	0.110777	-0.024208	0.154467	-0.209958	0.052086	0.108188	0.098106	0.119818	0.001037	0.132277	-0.121385	-0.016435	0.193172	-0.110841	0.075252	0.075914	0.096888	0.052372	0.066960	0.096152	0.054596	0.019808	0.031777	-0.041771	0.052501	0.041170	-0.011507	-0.042901	0.062279	-0.046549	0.101207	-0.036189	-0.027487	0.007069	0.028489	0.009106	0.027085	-0.036412	0.102218	0.081981	-0.012756	-0.007549	-0.055274	-0.066718	0.066555	0.049847	-0.042858	0.005238	-0.000568	0.015202	-0.073841	0.013630	-0.078252	-0.034248	0.026919	-0.010184	-0.032796	0.034332	-0.030487	0.009763	-0.042112	0.032190	0.014818	-0.017418	0.007074	0.034367	0.001637	-0.022567	0.003962	0.024546	-0.030764	-0.031207	0.007551	0.016857	-0.006737	0.014083	-0.009567	0.002849	0.004466	-0.031248	-0.001032	-0.006489	0.022346	0.034355	-0.001921	-0.006310	-0.024131	-0.026247	0.009304	-0.010995	0.012695	0.033561	-0.008451	0.042702	-0.011236	-0.008000	0.014600	-0.022836	-0.037125	0.018596	0.009893	-0.016099	0.004889	0.025302	-0.006314
-0.513718	0.521108	-0.367399	0.153883	0.122846	0.403747	-0.123047	-0.119961	0.412179	0.106853	0.050023	-0.069790	0.053694	0.160047	0.146087	-0.069847	0.126645	-0.049410	0.120157	-0.123701	0.054370	0.009172	0.147813	0.049451	-0.108863	0.174097	-0.184568	0.007397	0.274360	-0.083018	-0.068862	-0.079161	0.017183	0.044870	-0.066356	-0.189964	0.110722	-0.020691	-0.148826	0.064422	-0.021238	-0.037744	0.040027	0.125539	0.034592	0.148080	0.008751	0.020418	-0.057312	-0.069684	0.031187	0.128173	0.028889	0.109917	0.013300	0.076626	-0.048429	0.151858	0.072695	-0.044952	0.138068	-0.130601	-0.055022	-0.064720	-0.004517	-0.044901	-0.104233	-0.077506	0.007235	0.034911	0.088350	-0.120492	0.017200	-0.050020	0.076540	-0.129421	-0.030780	-0.014292	-0.045903	0.090767	0.016655	-0.043947	0.060521	-0.075695	-0.014472	-0.006207	0.066961	0.043287	-0.020791	-0.000768	0.090824	-0.011465	-0.055879	0.003355	0.017491	-0.010448	0.049432	-0.010179	0.052287	-0.016717	-0.079132	-0.030360	0.096158	0.046868	-0.131790	-0.023450	-0.019399	0.065485	-0.069767	-0.034763	0.026505	0.001766	0.007171	-0.010857	-0.042236	-0.017651	-0.062328	-0.023660	-0.004829	-0.011574	0.013600	-0.010776	-0.023110	-0.029620	0.008820	0.003510	-0.037093	0.003923
-0.727980	-0.159064	-0.697347	0.714200	0.339529	-0.072572	0.252936	0.354635	0.268062	-0.343897	-0.133953	0.178869	0.209499	0.139569	-0.286798	-0.290305	0.096026	-0.281752	-0.060767	-0.089935	-0.169044	-0.217228	0.199350	0.039555	-0.007289	-0.032238	0.074348	-0.117747	0.066610	0.016513	0.084484	0.073740	0.253901	0.112173	0.062330	-0.037098	-0.078289	0.113587	-0.090479	0.042606	0.001697	0.095329	0.055705	-0.045477	-0.073588	-0.032162	0.010578	0.016596	0.063607	-0.055581	0.023499	-0.001607	0.022436	-0.012373	0.033477	-0.038762	-0.002237	-0.052606	-0.059576	-0.060646	0.004955	0.006811	-0.011764	0.002962	-0.000418	0.025510	-0.035107	0.039400	0.012416	0.004371	-0.005061	0.006454	-0.018259	0.003272	-0.015690	-0.006509	0.005021	-0.021033	0.010453	-0.001952	0.014390	0.009696	-0.024513	-0.024456	-0.019729	0.004961	0.012634	-0.001943	-0.014761	0.011843	0.018489	0.000612	0.007049	0.020406	0.009936	0.010357	0.009498	0.008729	-0.007143	0.018009	0.012211	-0.009061	-0.004971	-0.021158	-0.009578	0.008369	0.013767	0.005450	0.002922	0.008304	0.006877	0.007487	0.017360	-0.010292	-0.002777	0.004924	-0.000334	-0.001588	0.000082	0.005558	-0.008111	0.000020	0.005385	0.002535	0.008090	0.007090	-0.004833	-0.005724
1.148711	0.722398	-0.007611	-0.101089	0.310051	-0.192991	0.375330	-0.106534	-0.210880	-0.079828	-0.178685	0.245089	-0.163059	-0.001309	0.261208	-0.109054	0.107969	0.115459	0.172922	-0.024012	-0.041875	0.028094	-0.007266	0.008347	0.081258	0.034834	0.039444	-0.034153	0.027012	0.036748	0.028245	0.119550	0.017324	-0.017438	0.028069	0.003881	0.160607	0.060891	0.010527	-0.017875	-0.040507	-0.042682	0.031176	0.021372	0.066646	-0.002199	0.029288	0.044188	0.001400	-0.009619	-0.018809	-0.044957	0.016986	-0.009678	-0.046576	0.027941	0.035736	-0.021743	0.025933	0.023902	-0.042719	-0.016392	-0.046607	0.009925	-0.014606	-0.039667	0.029685	-0.002734	-0.035954	-0.005658	0.004992	-0.011168	-0.056191	-0.031628	-0.041366	0.008024	-0.000970	-0.058485	-0.026332	0.033422	-0.014815	-0.032386	0.010023	-0.005283	0.007052	0.016432	-0.007069	-0.039898	-0.008056	0.001192	-0.008936	0.038164	0.009092	0.002174	-0.043215	-0.013530	0.002450	-0.024219	-0.039734	0.007856	0.008004	-0.002486	-0.020681	0.019469	-0.026043	0.011864	-0.010809	0.016185	-0.008549	0.013554	0.002302	-0.001681	0.019286	-0.011765	-0.004202	-0.000364	-0.002342	-0.002052	-0.018052	-0.001631	0.022806	-0.006483	0.000180	0.009354	0.000634	-0.012112	-0.008482	-0.000947
-0.491044	0.328756	-0.494903	-0.030970	0.234337	-0.181047	0.004294	0.194950	0.119884	0.141653	0.317007	0.262567	-0.009047	0.132502	0.097855	0.084637	0.047057	-0.165841	0.048143	-0.068764	0.045644	0.062474	-0.264394	-0.052534	-0.065579	-0.133585	0.018821	0.211883	-0.045781	-0.028312	0.040400	-0.102228	0.075980	0.149336	0.043681	-0.073163	0.021281	-0.076932	-0.044374	0.045717	-0.039741	-0.005708	-0.099201	-0.003146	0.033137	-0.079346	-0.018319	-0.037411	0.079441	0.050495	-0.056990	0.021798	-0.022036	0.013542	0.046258	-0.050275	0.041704	-0.034913	-0.010176	-0.004088	-0.019164	-0.013851	-0.051713	-0.014161	-0.015475	0.039090	0.046785	0.010319	0.014691	-0.068247	0.038343	-0.039455	0.011680	-0.006516	0.099050	-0.023387	0.008364	0.053557	0.058477	-0.004190	-0.000656	-0.027969	-0.036229	-0.037253	0.031876	-0.008196	0.019811	0.019408	-0.057984	0.054025	-0.008520	0.031511	-0.021069	0.013577	-0.058837	0.036226	0.019276	0.002775	-0.050244	0.018735	0.005577	-0.021086	-0.013127	0.010842	0.011371	0.003702	-0.014490	0.025867	0.008861	-0.011379	0.025139	-0.002165	0.004789	0.004195	0.021511	-0.016885	0.009237	0.014137	0.006547	-0.011435	0.012975	-0.003449	-0.001843	-0.002695	0.005261	0.012379	0.005449	0.019866
1.310052	0.611326	-0.151804	-0.127631	0.235059	0.009794	0.033978	-0.419970	0.183771	-0.170749	-0.190966	0.173139	-0.042679	0.166154	-0.251728	0.207366	0.044968	0.011874	0.038314	-0.135866	-0.029452	-0.048520	0.163565	-0.074257	-0.023859	-0.006748	-0.063309	0.108496	-0.126898	0.076360	-0.000202	-0.005532	-0.193018	0.170311	-0.148348	0.027219	0.051004	0.148040	-0.071494	0.099661	0.024190	0.062455	0.012138	-0.023813	-0.109704	0.012722	0.100061	0.019352	0.007966	0.047816	0.097209	0.067524	-0.009933	0.062408	0.055573	0.109741	-0.092231	0.071270	-0.044926	-0.039293	0.050163	0.060138	-0.023498	-0.008030	0.068269	-0.051846	0.032399	0.073969	0.013648	0.002952	0.044025	0.016199	0.009776	-0.011652	-0.038123	-0.017445	-0.045217	0.041704	0.058104	-0.023471	0.023388	-0.001073	0.090171	0.056338	-0.032510	-0.018046	0.010915	-0.052681	-0.052751	-0.039267	0.001280	-0.025740	0.063209	0.084214	0.077224	-0.014431	0.004177	-0.054158	-0.008047	-0.070295	0.035406	-0.062140	-0.033166	-0.059471	-0.008984	-0.020178	0.053492	-0.025670	0.019145	0.032691	0.051450	0.019772	0.043880	0.047132	0.004792	-0.016522	0.045860	0.041471	-0.048744	0.010073	0.021097	0.022531	0.004261	-0.007225	0.018086	-0.019924	-0.047982	-0.041984
-0.166975	0.628250	-0.070124	-0.005941	0.105249	0.210391	0.439374	-0.235062	-0.184505	-0.193655	-0.069582	-0.004166	-0.094613	0.019799	0.196193	-0.000181	0.157086	0.146109	0.206879	-0.028858	-0.014623	0.022438	0.138777	0.108358	0.041878	-0.016754	0.113589	-0.071479	-0.016939	-0.016284	-0.092263	0.009587	0.043452	0.066913	-0.036986	-0.010558	0.062645	-0.036544	0.016458	0.009787	0.058849	0.014972	-0.028003	0.022194	0.009635	0.045616	0.047282	0.027740	0.041777	0.010657	-0.001972	-0.040274	-0.022957	-0.002583	0.048938	-0.021763	0.022701	-0.023353	-0.059072	-0.023978	0.026534	-0.044095	0.004541	-0.019559	0.004224	0.035535	0.000454	-0.021372	0.032420	-0.034790	0.015399	0.015615	0.108203	-0.049987	0.028694	-0.025712	-0.014936	0.070109	0.017518	0.047827	0.032215	-0.028442	0.000135	0.012154	0.031177	0.037622	-0.009940	0.007910	0.014393	-0.042250	0.000975	-0.017336	-0.004380	-0.011530	-0.012301	0.044815	-0.024291	0.005051	0.034739	-0.035519	0.031424	0.003458	0.017128	0.034702	0.005905	0.001065	0.007247	0.021583	-0.006312	0.010901	0.001414	0.008935	-0.019171	-0.022366	0.007814	0.000914	-0.014317	0.014737	0.015858	0.014513	-0.020840	0.002784	0.022228	-0.024970	-0.015073	-0.010313	0.019703	0.018028
0.161292	0.519314	0.711841	-0.142220	-0.150703	-0.409507	0.481575	0.172661	0.088505	0.178122	-0.160136	-0.028149	0.123628	-0.222979	-0.167017	-0.087538	-0.289317	-0.027070	0.146851	0.244118	-0.019115	0.021695	0.083231	0.026188	0.097807	0.008561	-0.105008	-0.022682	-0.089811	-0.124305	-0.027999	-0.136377	0.037651	0.019541	-0.106099	0.043793	-0.010768	-0.013938	0.082460	0.043972	0.020412	0.083597	0.102976	0.050235	0.013836	0.003175	-0.011318	0.006474	0.030619	0.017806	-0.036285	0.006535	0.100975	0.021731	0.031369	0.069217	0.002753	0.029833	-0.040353	0.001207	-0.088519	0.053297	0.010591	-0.003423	-0.009872	-0.003631	0.006891	-0.050907	-0.060862	-0.010438	-0.038515	0.012069	-0.002438	0.000648	0.015334	-0.003925	-0.044859	0.000220	-0.003111	0.038986	-0.014463	0.003189	-0.001789	0.036005	-0.000049	-0.013689	-0.004575	0.020121	-0.069451	-0.037593	-0.028748	-0.021250	-0.027923	-0.010861	-0.035532	0.008600	0.027453	-0.035114	-0.012577	0.033507	-0.056776	-0.005528	-0.021785	-0.006912	-0.011220	0.022792	0.004753	-0.044013	0.009024	0.009089	-0.008407	0.036785	0.001251	-0.019725	0.018489	0.014988	-0.000004	0.012297	0.012489	0.017021	0.011748	-0.000195	0.059138	0.028142	-0.005451	0.035431	0.028540	0.058999
0.290874	1.544190	0.478228	-0.001719	-0.150899	-0.054757	0.280655	-0.041351	0.011331	-0.165054	0.275406	-0.387728	0.276789	-0.143674	-0.151598	0.129848	0.027233	-0.413235	-0.098759	-0.118047	0.107042	0.074409	0.030187	0.056074	-0.092049	0.149843	-0.086559	-0.142049	-0.170892	-0.080121	-0.089359	0.108863	-0.025904	-0.114121	0.042577	-0.074672	0.034767	-0.002876	-0.110839	0.050864	-0.058399	-0.134925	0.027607	0.001150	0.111882	0.049026	-0.128872	0.065915	0.024950	0.040064	0.077415	-0.019366	-0.171469	-0.005410	0.071001	0.037740	0.081063	-0.023707	0.077693	-0.059882	0.005870	-0.001432	-0.066192	-0.031452	-0.011392	-0.021196	0.016614	-0.052326	-0.032968	-0.005935	0.052848	-0.018213	0.053605	-0.002360	-0.090636	-0.062126	-0.060171	-0.002297	0.015556	-0.004494	0.063231	0.033530	0.054656	-0.044100	-0.023779	-0.006354	0.035990	-0.058870	-0.009789	0.012429	-0.053896	0.044066	0.050289	0.021330	-0.004576	0.008934	-0.013329	-0.043214	0.001154	-0.020009	-0.019393	-0.047707	-0.019505	0.004758	0.016125	-0.004872	0.039922	-0.022114	-0.009307	-0.008973	-0.014492	-0.042472	0.039277	0.021920	0.007300	-0.031956	0.017252	-0.026659	-0.033616	0.044455	0.012160	0.013516	0.033547	0.026969	-0.026130	-0.027876	-0.000264	0.004317
-0.507883	1.042192	0.102762	-0.292795	-0.086965	-0.366163	0.219633	0.098955	0.084025	-0.042708	0.159211	-0.241254	0.176491	-0.226152	-0.114525	0.162191	-0.054424	-0.249183	0.003099	-0.142975	0.161874	0.078362	0.119637	0.146190	0.100238	0.097160	-0.072794	-0.135407	-0.157298	-0.082652	-0.077990	-0.004555	-0.021151	-0.015469	0.028020	-0.112318	0.111775	-0.012381	-0.084402	0.098514	0.027812	-0.125092	0.035186	-0.054593	0.093607	-0.004190	-0.069084	-0.002876	-0.021532	0.027808	0.015137	-0.054829	-0.060401	0.025962	-0.020538	0.001621	-0.014775	-0.024963	0.051444	-0.062629	-0.035123	0.097964	-0.001396	0.021611	-0.017331	-0.050283	0.053847	-0.054186	0.010894	-0.029394	0.033127	0.032115	0.031197	0.037061	0.003217	0.006870	-0.023120	-0.064582	0.052804	-0.038654	0.018226	0.043305	0.067123	-0.065522	-0.040436	-0.025263	0.030247	-0.031579	0.055122	0.020424	-0.026331	-0.000547	0.041742	0.001556	-0.008325	0.037138	0.003485	0.008779	-0.016838	-0.011200	0.019831	-0.011313	-0.013459	-0.018327	-0.002769	-0.026825	-0.007785	0.003479	-0.003616	-0.034764	-0.045184	-0.011086	-0.000841	0.007414	-0.019174	-0.024301	0.037116	-0.026510	0.009975	0.013065	0.018638	0.036844	0.000262	-0.004513	-0.006014	0.004022	0.034895	0.013701
-0.012346	0.152017	0.654011	-0.155461	-0.128854	0.038818	0.289483	0.177410	-0.055093	0.146426	-0.147624	-0.060048	0.076391	0.403393	-0.275446	-0.464314	-0.137062	-0.054448	-0.220463	0.123681	-0.002155	-0.097441	0.334081	0.021108	-0.199053	0.230402	0.074227	0.071779	-0.243891	0.136708	-0.047039	-0.069419	-0.022926	0.045527	0.075401	0.092538	0.042134	-0.139169	0.138021	-0.114660	0.011358	-0.031496	-0.026040	-0.001845	0.076088	-0.088154	0.002835	0.061341	0.032900	-0.041048	-0.078450	-0.167220	0.065694	0.108844	-0.033115	0.006686	-0.076800	-0.007643	-0.054168	0.009941	0.024046	0.074580	-0.032222	-0.077892	0.074333	0.012768	0.005234	0.130417	0.076217	0.005435	0.000539	-0.013313	0.019606	-0.041624	-0.037695	-0.013296	0.014591	-0.079019	0.071883	0.006873	-0.080815	0.024649	0.027881	0.041946	0.015652	-0.006532	-0.015038	0.026567	-0.018974	0.056506	0.024885	0.000860	-0.047205	-0.075733	0.003539	-0.001752	0.005611	-0.033143	-0.062499	0.020904	-0.078095	-0.031411	0.011746	0.002731	-0.001911	-0.035966	-0.024229	0.083632	-0.000798	0.007073	0.036631	-0.026276	-0.009997	0.066439	0.029126	-0.030477	0.014358	-0.033894	-0.028695	0.016269	0.025351	-0.036051	-0.022363	-0.003585	-0.087805	-0.013246	-0.037600	-0.007964
1.098812	-0.209053	-0.401137	-0.156011	-0.091852	0.274063	0.094920	0.222128	0.089108	0.202136	0.056933	0.041474	0.037216	0.289582	-0.160801	-0.006862	-0.068444	-0.260182	-0.174071	0.037948	0.026859	0.044236	0.323337	0.056850	0.025293	0.222821	-0.016021	-0.003828	-0.180728	-0.049863	-0.118413	-0.046654	0.118443	-0.034522	-0.039590	-0.043181	0.128660	-0.067613	0.009837	0.076231	0.110664	-0.098690	0.012984	-0.052468	-0.017526	0.063677	0.003405	0.061441	-0.104215	-0.016336	-0.043266	-0.052234	-0.061155	-0.018152	-0.040906	-0.004087	0.094711	-0.013641	0.084167	0.044909	0.007887	-0.006890	-0.034291	0.014784	-0.041919	-0.032746	-0.212555	-0.029861	0.029497	0.048367	-0.076196	-0.051252	0.016281	-0.016402	0.174919	0.015796	0.062559	0.002169	0.031853	0.050024	-0.075616	-0.009579	-0.103820	-0.007454	-0.017333	0.023639	-0.070115	0.047409	0.004198	0.000416	-0.047183	0.089512	-0.086073	0.018349	0.045796	-0.027874	-0.066744	-0.043007	0.007817	0.034634	-0.015991	0.094841	0.041310	0.028886	-0.034255	0.006741	-0.019023	-0.023783	-0.006846	-0.027639	-0.016935	-0.038535	-0.074694	-0.002893	0.046406	0.029764	-0.007147	0.073190	0.036547	-0.049890	0.046286	0.001704	0.018514	0.031043	0.013582	0.000921	-0.037898	-0.006596
5.528458	-0.634591	-0.259254	-0.400054	0.073201	-0.118771	0.090644	-0.942082	0.241539	0.050452	0.043707	-0.090482	-0.199989	0.203278	-0.527276	0.120730	0.077820	0.083369	-0.008093	-0.168467	-0.096412	-0.064511	0.048985	-0.215013	0.017519	0.046532	-0.058878	0.171456	-0.149209	0.093751	0.011007	0.124851	-0.056665	0.147114	-0.136611	0.172252	0.047416	0.039024	-0.133358	0.123233	0.008583	0.010339	0.027239	-0.002071	0.003456	0.002734	-0.018975	-0.000684	0.008685	0.078518	0.062060	0.009597	-0.021861	0.003684	0.024583	0.005622	-0.039117	0.061805	0.001151	-0.018552	0.023346	0.031088	0.033847	0.029093	0.001797	-0.050784	-0.010287	-0.013203	0.013417	-0.001669	-0.025880	0.000899	-0.004612	-0.008995	-0.001711	0.024192	0.013631	0.006683	0.019322	0.025078	-0.003514	-0.010307	-0.008457	0.005807	0.006352	0.009420	0.009488	-0.019248	-0.012791	0.012017	0.014339	-0.017788	-0.013287	0.003040	-0.023032	0.013581	0.011730	0.012883	0.007090	-0.015732	-0.011895	0.002330	-0.019681	0.025918	-0.000642	-0.000206	0.002110	0.007268	0.002605	0.023232	-0.014301	0.004070	0.011205	-0.012434	0.007738	0.002776	-0.019047	-0.000841	-0.011522	-0.011053	-0.006227	0.001823	0.004241	-0.006320	-0.000383	-0.000668	-0.003195	0.012131
0.320470	1.190305	0.254508	0.006233	-0.358044	0.144441	-0.277239	0.040455	-0.024371	-0.190499	0.301029	-0.109219	0.141328	0.086926	-0.205224	-0.068917	-0.216416	0.096687	0.216176	-0.015020	-0.045289	0.012599	0.043109	0.002432	-0.050394	-0.151144	0.095823	-0.070542	0.058474	-0.007752	0.014141	-0.111830	0.112554	-0.105157	0.031238	0.090672	-0.042789	-0.006694	-0.005178	-0.000857	0.046195	-0.080838	0.007662	-0.018051	0.062159	-0.117051	-0.018415	0.124521	-0.041506	0.008622	0.034587	-0.010718	0.005190	0.028656	-0.003123	0.059315	-0.030039	-0.016100	-0.001427	-0.002441	0.021300	-0.028183	-0.003051	0.003496	0.007134	-0.065295	0.059443	-0.011748	-0.030291	-0.014494	-0.000295	-0.069262	-0.044098	-0.025982	0.005433	-0.006260	-0.004839	0.033840	0.021445	0.023734	-0.017014	-0.008015	-0.014561	-0.031552	-0.014971	0.012927	0.030379	-0.051631	-0.032001	-0.040098	0.080989	-0.021298	0.011976	0.021152	0.046588	0.029269	-0.007199	0.009185	-0.033291	-0.017393	-0.049379	-0.000623	0.030811	0.004750	-0.021231	0.011492	-0.012638	-0.009236	-0.002712	0.053119	0.032163	-0.027075	-0.065648	-0.069697	-0.038531	0.008148	-0.004353	-0.003147	-0.008832	0.007508	-0.054130	0.024430	-0.038988	-0.005692	0.042590	0.040807	-0.001624	0.012041
-1.329283	-0.207562	-0.157667	0.488461	0.119711	-0.144043	0.139454	0.210462	0.121140	-0.211242	-0.227372	0.068071	0.078354	0.186796	-0.221417	-0.095711	0.087619	-0.080111	0.062284	0.085720	-0.101134	0.026267	0.082888	-0.034304	0.016828	-0.002925	0.056138	-0.076628	0.022923	-0.050454	0.056768	-0.045152	0.078124	0.047410	0.002630	0.044112	-0.060232	0.082041	-0.048933	0.046592	-0.037972	0.011045	0.030388	-0.033174	-0.092540	-0.007514	-0.047125	0.058995	-0.000829	-0.021708	0.061057	-0.102670	0.056415	-0.030991	-0.052120	-0.036495	-0.028273	0.009603	-0.041924	-0.002155	-0.012958	0.017982	-0.013533	0.049881	0.022969	0.036574	-0.001214	0.046840	0.005210	0.036451	-0.022512	0.008583	0.009048	-0.020567	0.045912	0.018642	0.028702	-0.025835	-0.025242	0.005701	-0.020188	0.006652	-0.025959	-0.024302	0.006329	-0.001508	0.014834	0.039447	0.012779	-0.024178	0.039633	-0.008874	-0.010076	0.003265	0.031421	-0.013954	-0.008412	-0.005452	0.012766	-0.016971	0.016609	-0.018373	-0.060345	0.009978	-0.011761	-0.039703	0.015157	0.004316	-0.006164	-0.022897	0.011446	-0.022881	-0.000730	-0.013103	-0.013671	0.030746	-0.039952	0.013054	0.011630	-0.027709	-0.030753	0.033380	0.023752	-0.012126	-0.003199	-0.002925	0.023781	0.020571
-2.703067	-0.879722	-0.366260	-0.681296	0.194196	-0.251084	-0.227064	-0.154049	0.247337	-0.232567	0.209856	0.206682	0.318728	0.048165	0.145479	-0.053942	-0.112423	-0.074886	0.195087	0.081519	0.030705	0.110227	-0.088113	-0.266942	0.100823	0.021731	-0.122865	0.042432	-0.135909	0.063767	0.017127	0.137115	0.123488	-0.236069	-0.014664	0.066252	-0.032374	0.081679	0.099042	0.014195	-0.043850	-0.087487	0.001553	-0.001437	-0.055321	0.062478	-0.016677	-0.071979	-0.004598	-0.032871	0.035041	0.030990	0.061842	-0.108342	0.032129	-0.057587	-0.034621	-0.020490	0.074654	0.005369	-0.028417	0.024449	0.051380	0.095800	-0.056828	0.045533	-0.075921	-0.044534	0.017400	0.018773	0.012822	-0.046685	-0.022383	-0.016625	0.006706	-0.039393	0.029193	-0.036130	-0.009803	0.074409	-0.050886	0.031314	0.038669	0.018499	-0.014377	0.041985	0.027344	-0.033859	-0.045122	0.012795	0.003613	-0.002026	-0.012703	-0.018559	0.020865	0.008949	0.057240	-0.048095	-0.089929	-0.025408	-0.019953	-0.026597	0.054899	-0.006316	0.057421	-0.005646	-0.007405	-0.015472	-0.037530	0.014076	-0.026133	0.035699	0.005071	0.014926	-0.022838	-0.003073	-0.011071	0.021488	0.010754	-0.006827	-0.001188	0.019114	-0.012506	0.028991	0.012755	-0.014024	-0.026640	-0.004062
-1.360755	-0.000169	0.251263	0.321295	0.196103	-0.024339	-0.272543	-0.347266	-0.289879	0.132871	0.042940	-0.023314	0.065289	-0.033868	-0.276794	-0.067191	0.001847	0.020426	0.072350	0.038099	0.005537	-0.014996	0.028797	0.071800	-0.074509	0.144186	-0.021493	-0.087923	0.057077	-0.080738	0.028961	-0.017607	-0.043088	0.042333	0.071974	0.030948	-0.041886	0.099724	0.053444	0.029605	0.032006	0.012942	0.007519	-0.018149	0.083112	0.072551	0.043018	0.023192	-0.029253	-0.030057	-0.060474	-0.079790	0.051308	-0.051486	0.060847	0.009808	0.017829	-0.066261	-0.053974	0.037534	0.018164	-0.017458	-0.042124	0.017416	0.010753	0.032486	-0.071310	-0.004920	-0.051091	-0.005023	-0.003237	-0.036356	-0.067563	0.021777	0.095219	0.014729	0.020467	0.002600	0.060595	-0.082769	0.009382	-0.056261	0.037181	-0.021190	0.065287	0.071039	-0.006658	0.021923	-0.064261	0.026441	-0.101712	-0.052940	-0.013562	-0.008876	-0.065818	-0.005447	-0.010594	-0.020790	-0.015809	-0.040087	0.015817	0.067435	0.009007	-0.041702	-0.018541	-0.088357	0.005283	-0.029286	0.042086	-0.014938	0.002738	0.009975	0.026071	-0.035109	-0.061983	0.028275	0.052520	-0.016961	0.027865	-0.053486	-0.029182	0.000940	-0.046701	0.046032	0.066998	-0.011653	-0.063692	-0.001588
0.511562	0.853943	0.246642	0.179350	0.676335	0.178504	-0.311903	-0.131498	0.086464	-0.222313	0.047608	-0.215147	-0.147615	-0.009176	0.048106	-0.006359	-0.055343	0.027261	-0.123199	-0.051508	0.122626	-0.104471	0.010560	-0.019873	-0.026523	-0.005725	-0.053049	-0.017858	-0.131911	-0.063548	0.019628	0.055403	0.042197	-0.071681	-0.038485	-0.041497	-0.002427	-0.059869	0.047798	0.080053	0.041272	-0.019328	0.046651	-0.014795	0.016274	-0.002951	0.030118	-0.029777	0.012058	-0.054344	0.036925	0.020713	0.028100	-0.059300	-0.047783	-0.038892	-0.011842	-0.029530	-0.011713	0.009238	-0.000594	-0.040688	0.014000	-0.040080	0.027212	0.055449	0.028465	0.015779	0.023046	-0.015262	-0.002512	-0.035835	0.050579	-0.005476	-0.018052	0.052583	-0.061752	0.023956	0.013267	-0.016746	-0.017726	0.051445	-0.022733	0.014553	-0.000844	0.007910	-0.045141	-0.013443	0.002971	0.003293	-0.024350	-0.001518	0.037614	0.007357	0.004296	-0.026944	-0.027939	0.005404	-0.004735	-0.036868	0.004614	0.013071	-0.001893	-0.030289	-0.024819	-0.029118	-0.003277	-0.009336	0.001369	-0.038159	0.009540	-0.009246	-0.010303	0.039702	-0.007626	0.038510	0.013293	-0.003226	-0.008484	0.007079	-0.022707	-0.003348	-0.008730	-0.008611	0.000632	-0.004634	0.003800	-0.029340
-0.520286	-0.865478	-0.122307	0.439641	-0.160730	0.328264	0.200474	-0.389014	0.022036	-0.245240	0.078140	-0.005829	0.080922	-0.181525	0.203146	0.089075	-0.022923	0.134988	-0.110326	-0.019052	-0.020471	0.029327	-0.006702	0.074242	-0.024858	-0.080726	-0.066425	0.095097	-0.169714	0.170942	0.084157	-0.033144	-0.015268	-0.043969	-0.027316	-0.108429	0.001061	0.016226	-0.103405	0.063114	-0.074998	0.047707	0.091173	0.049865	0.032972	-0.104330	-0.045193	0.030586	0.052443	0.118156	-0.053056	-0.046237	-0.032350	-0.028714	-0.101623	0.013801	-0.111030	0.019760	0.065449	-0.046285	0.018684	-0.029554	-0.043378	-0.000868	-0.028380	0.082104	0.059909	0.042980	-0.057344	0.053511	0.011877	0.004938	-0.034491	-0.152992	-0.012662	-0.072630	-0.022283	0.006962	-0.045729	-0.044406	-0.096074	0.137653	0.066385	-0.038939	0.049878	-0.011983	-0.052463	-0.012313	-0.051778	0.029648	-0.075130	-0.047738	0.018349	0.018832	-0.043919	0.090956	0.007702	-0.066866	-0.002147	-0.013785	0.035839	0.080323	0.160405	-0.033622	0.065561	0.054890	-0.025823	0.052045	0.011193	0.022301	0.125830	-0.029420	-0.061996	0.013855	-0.028635	-0.004790	-0.040531	0.023409	-0.004668	0.050898	-0.009848	0.005825	0.000509	0.022058	-0.005218	0.096258	-0.087966	0.060018
-1.542425	-1.134843	-0.094599	-0.048035	0.028766	-0.101898	-0.070053	0.368221	0.107546	-0.217642	-0.054268	-0.271706	0.258785	-0.088376	0.141059	0.026439	0.014746	0.167527	0.043526	0.155308	-0.106605	-0.111142	-0.162947	0.072262	-0.019626	0.251759	0.139601	-0.027057	-0.025286	-0.001336	-0.047358	-0.008442	-0.060104	0.142735	0.030734	0.025268	-0.031279	0.011288	-0.003664	0.021073	0.049307	-0.006054	0.058506	0.069170	-0.030238	0.070464	-0.067979	-0.029726	-0.021325	0.009496	-0.030169	-0.015408	-0.096720	0.045717	0.032607	-0.032345	-0.019854	0.020190	0.078967	-0.000796	0.050865	-0.064126	-0.018513	0.071487	0.042014	-0.118002	0.055359	0.003481	0.052637	-0.016642	0.013016	0.013499	-0.085454	-0.034027	-0.041712	-0.020027	0.028397	0.013082	0.007912	0.003492	0.055467	-0.054906	0.079197	0.033739	-0.006491	-0.080691	-0.001276	-0.032845	0.008611	0.007550	-0.039890	0.013878	0.049391	0.000357	-0.010220	0.004728	-0.050190	0.018912	0.024209	-0.018136	-0.009017	0.027485	0.026842	-0.041897	-0.008039	-0.005346	0.000831	-0.019349	0.025086	0.066682	-0.056078	0.051783	-0.009139	-0.001935	0.024231	0.001757	-0.000537	-0.028914	0.003834	-0.061684	0.014738	-0.041609	0.010202	-0.013053	0.014753	-0.054089	0.034450	-0.014585
-0.093170	-0.411185	-0.227784	0.084883	0.365696	0.118738	-0.063740	0.259351	-0.020409	-0.158697	0.224793	-0.122133	0.184725	0.224471	0.080231	0.277410	-0.126591	-0.069300	0.106351	-0.053843	-0.153509	0.023976	-0.019593	0.039322	-0.160870	-0.023203	-0.076125	0.050311	-0.001995	-0.024346	-0.081636	-0.013044	-0.069905	0.116376	0.021882	0.081834	0.014934	0.108775	0.002596	0.017389	0.053158	-0.010064	-0.074344	0.051177	0.072697	-0.037165	0.012748	-0.033525	-0.080385	-0.100853	-0.028614	0.049375	-0.044014	0.027485	0.040324	0.060513	0.050211	0.026145	-0.076670	0.020082	0.050110	-0.022147	-0.048348	-0.061442	0.026409	-0.122915	-0.053904	-0.007787	-0.097971	-0.038976	-0.044791	-0.077387	0.084350	-0.006352	0.017251	-0.070365	-0.007593	0.017524	-0.021921	0.046714	-0.039350	0.060199	-0.079079	0.053831	-0.004047	-0.008328	0.158589	-0.031116	0.075987	0.034889	-0.076687	-0.001436	0.077172	-0.007277	0.012517	-0.040605	-0.035776	0.057933	-0.015931	-0.040301	-0.043424	0.079751	-0.077442	-0.083775	0.051523	0.059158	-0.034585	0.046293	0.039203	0.010635	0.036895	0.001014	-0.004587	-0.046460	0.010702	-0.024055	0.003567	-0.010565	-0.015998	0.004277	-0.054662	0.004408	0.048915	0.042282	-0.081152	-0.040912	-0.029515	0.029874
-2.230886	0.233469	-0.564230	0.753889	-0.456786	-0.265297	0.002064	0.027394	-0.247837	-0.182059	0.034881	0.369959	-0.608823	-0.260888	0.498598	-0.008385	-0.098419	-0.287957	-0.037998	-0.091682	0.370476	-0.403180	-0.140086	-0.019387	-0.098849	-0.083103	0.044271	-0.073967	-0.154212	-0.125621	-0.239776	-0.075922	0.112529	-0.024229	-0.330317	0.274821	-0.137032	0.008242	-0.292956	0.030762	-0.000196	0.091646	-0.049237	-0.139689	0.161977	-0.101817	-0.133268	-0.003391	-0.051660	0.004511	0.156468	-0.253885	0.181949	0.198223	0.191252	-0.048107	-0.064786	0.141497	0.113419	0.098872	-0.035900	-0.000356	-0.007944	-0.077082	0.046665	0.015519	-0.090713	0.031871	0.010072	0.064227	-0.000533	-0.012033	-0.042530	-0.006130	-0.058414	-0.055155	0.047844	0.024663	-0.054318	0.053877	-0.049493	-0.000204	0.032323	0.029270	0.017493	0.029403	-0.002272	-0.032274	0.072104	-0.043087	-0.005073	-0.008760	-0.002717	-0.029267	-0.033323	-0.028490	0.001196	0.064313	0.015151	0.040384	0.015911	0.022829	-0.030134	-0.009060	0.016992	-0.006757	0.035517	-0.010886	0.005745	-0.008909	-0.004727	-0.005092	-0.004692	0.005983	0.011002	-0.003412	0.020243	0.001904	0.009066	-0.008373	0.008308	0.001457	0.003746	0.010276	0.018150	0.003336	-0.010370	-0.001837
2.687260	-0.998143	-0.414976	0.123564	-0.061483	-0.499564	-0.009572	0.067165	0.214053	0.112605	0.290715	0.050944	-0.129582	0.080589	-0.132904	-0.089700	0.047808	0.212338	0.144412	0.174430	0.284878	-0.024186	-0.120491	0.171034	0.002730	-0.012798	-0.182143	0.049137	-0.026902	-0.059630	0.102386	0.070823	0.009037	-0.062477	0.153217	-0.044386	-0.080449	-0.062524	0.068236	-0.090265	-0.006658	0.073557	-0.217454	-0.070451	0.063960	0.008320	-0.101000	0.025286	0.131333	0.013296	0.048596	0.018560	-0.039854	-0.033217	-0.001803	0.064541	0.108867	-0.108504	-0.129248	-0.025158	0.047005	-0.088740	-0.046240	0.068514	0.059320	0.039854	-0.045771	-0.000731	-0.039375	0.009929	-0.011599	0.124949	-0.024231	0.034206	-0.018552	-0.055200	-0.044170	0.055811	-0.032452	0.024667	-0.005375	-0.071095	0.035214	0.040928	0.022747	0.025310	0.014870	-0.124412	0.025871	-0.016335	0.031766	0.001247	0.008237	-0.056351	-0.006963	-0.038869	0.038511	-0.006090	-0.018242	0.062975	-0.001537	0.038087	0.029479	0.015388	-0.047363	-0.032047	0.067682	-0.013538	-0.032243	-0.072552	0.013298	0.046050	-0.016975	-0.027651	-0.007892	0.014965	-0.001929	0.014933	-0.032830	-0.017761	0.031729	-0.007733	-0.020635	0.007840	-0.022009	-0.001002	-0.004809	0.016172
0.783062	-0.645488	0.775133	0.553510	-0.119003	-0.286986	-0.120212	0.140784	0.064928	-0.403491	0.011400	0.186649	-0.137520	-0.047256	0.013128	0.287453	0.272498	-0.158418	-0.026285	-0.053975	-0.001420	0.164869	-0.256253	-0.023148	-0.067116	-0.024798	0.025916	-0.022229	-0.065917	-0.052483	-0.066591	-0.101420	-0.124747	-0.103529	-0.010682	-0.045019	-0.105376	0.001935	-0.077886	0.063205	-0.100104	-0.062685	0.126346	0.150504	-0.062938	-0.119037	-0.089864	0.085529	0.064743	-0.055709	0.033062	-0.064686	-0.047450	-0.096374	-0.182576	0.049594	0.011095	0.088356	-0.069868	0.083488	-0.072135	0.029670	-0.110751	0.018688	-0.064035	0.022944	0.030598	0.100269	0.029400	0.045903	0.003045	0.024721	0.031072	0.024612	0.026438	-0.003008	0.029215	-0.006319	0.054177	0.057545	-0.002830	-0.047805	0.066723	0.034244	0.084973	-0.033599	0.030045	0.062399	-0.037778	-0.049900	0.008502	-0.008266	0.020920	0.021590	0.061570	-0.015521	0.033249	-0.025001	0.029259	-0.059686	0.014119	-0.002866	-0.063758	0.036648	0.056436	-0.018199	-0.020657	-0.053448	0.011418	0.000453	0.041173	-0.018569	0.015580	-0.036059	-0.039733	0.022050	-0.057854	0.041303	-0.003713	-0.010826	0.001834	0.000304	0.002045	-0.024459	-0.015459	-0.038837	0.013012	-0.006094
-1.549205	0.033015	-0.095865	0.277958	0.276390	0.247139	-0.131730	-0.419283	-0.283863	0.230250	0.124370	0.100654	0.179027	0.010137	-0.144774	-0.063813	0.126999	-0.044734	-0.084240	0.002546	-0.034640	0.025194	-0.118626	-0.023027	0.235896	0.018290	-0.000318	-0.011810	0.084459	-0.027087	-0.087858	-0.077288	-0.074479	0.021027	0.039382	-0.006908	-0.099009	-0.002687	-0.066699	-0.008890	0.036081	0.090325	0.071587	-0.008145	0.009554	0.044180	-0.028807	0.047174	-0.040726	-0.001965	-0.110045	-0.011062	-0.047186	-0.026641	0.087856	0.026414	0.037858	-0.064966	-0.007458	0.011161	-0.037403	0.022709	-0.073697	0.012296	-0.036160	-0.039593	-0.031566	-0.007292	-0.032925	0.026814	0.031706	-0.032018	-0.025903	-0.018445	-0.002775	-0.029621	-0.029158	0.026703	-0.022509	0.011890	-0.067867	0.039132	-0.000498	0.025274	-0.011520	0.009384	-0.052398	0.007975	0.005637	0.023608	0.032146	0.033095	0.011668	0.012059	-0.010344	0.016165	0.002681	0.006596	0.032471	0.013854	-0.017036	-0.001270	-0.030398	-0.013072	-0.006347	0.021914	0.011248	-0.002956	0.047713	0.079250	-0.015336	-0.007724	-0.013078	0.013059	-0.038819	0.008575	0.007014	-0.021454	-0.019208	-0.011091	-0.031223	-0.009695	0.009557	-0.046654	-0.031572	0.007382	0.034177	-0.030931
-1.179928	-0.269402	0.227268	-0.250797	-0.074791	-0.373466	0.016583	0.087590	-0.025446	-0.134583	-0.132569	-0.155803	0.232830	0.224395	0.084224	0.240238	0.131530	-0.001240	-0.112920	-0.038443	-0.113177	0.236504	0.038196	0.062791	-0.104878	-0.078757	-0.036436	0.032585	0.045439	-0.086230	0.007842	0.115021	-0.097223	0.054880	0.029929	-0.061805	0.056896	0.026986	-0.090400	-0.023004	0.020954	0.080413	0.102558	-0.105170	0.021510	0.033768	0.045234	-0.039521	0.061210	-0.040518	-0.027188	-0.009776	0.015275	0.057343	0.106693	0.056942	-0.006556	-0.003079	0.003526	0.052610	0.025108	0.030426	0.032668	0.020656	-0.040448	0.049456	-0.000129	-0.052322	0.081496	0.048473	-0.069498	0.013681	0.013970	0.025047	0.000556	0.030841	0.020087	-0.000794	0.020891	-0.012972	-0.015738	-0.069077	0.007974	-0.027232	0.007180	-0.015196	-0.056588	0.027075	0.023567	-0.032569	-0.030968	-0.016310	0.001053	-0.033572	-0.051124	-0.000318	0.003593	0.000458	-0.001514	-0.011925	0.006584	0.016470	0.042473	0.029543	0.046185	-0.014051	0.056728	0.030294	0.029993	-0.016115	0.054270	-0.015258	0.012303	-0.032331	0.010400	-0.028804	0.002177	-0.019421	-0.000960	-0.001734	0.023536	-0.003056	-0.015697	0.011517	0.010457	-0.005665	0.021775	-0.042756
-1.228949	-0.588085	0.813738	-0.030563	0.078184	0.297787	-0.368136	-0.015611	0.237787	-0.032188	0.040938	-0.047712	-0.049581	-0.205820	0.044668	0.132765	-0.064308	-0.065189	0.105316	0.047557	0.002754	0.015941	0.060494	-0.046594	-0.134461	0.075221	-0.156848	0.107887	0.300611	0.063174	-0.044215	0.124017	0.049708	-0.035718	0.072682	0.001397	0.200955	0.109974	-0.143801	0.038168	-0.037732	-0.045966	0.055633	-0.087603	-0.087037	-0.089789	-0.001028	0.112219	0.033919	0.027755	-0.045206	-0.066303	0.083432	0.049170	0.082999	0.017287	0.119549	0.011020	0.024369	0.030283	-0.065103	-0.025614	0.040405	0.087925	-0.076710	-0.044798	-0.004942	0.072892	0.007935	-0.007275	0.009285	0.103033	-0.033034	-0.000677	0.044536	0.109819	-0.130789	-0.021004	-0.025571	0.012771	-0.032632	-0.008810	0.007339	-0.052158	0.016924	0.059674	0.069503	-0.049220	0.005507	0.017145	0.029522	-0.001375	0.045373	0.024847	0.024448	-0.035064	-0.007292	0.144312	-0.012541	0.003436	0.011334	-0.045756	0.024550	-0.067651	0.013433	-0.026227	-0.037670	-0.035076	-0.009492	0.004986	0.026470	-0.013122	-0.045341	-0.014093	0.036090	-0.044450	-0.011554	-0.021648	-0.026502	-0.042728	-0.014311	-0.001917	-0.014146	0.014019	-0.027154	0.020792	-0.039179	-0.016354
-1.253934	-0.468682	0.636200	-0.395828	0.004448	0.000559	0.163205	0.092113	0.094927	-0.156954	0.231374	0.190724	-0.161018	-0.039542	0.167843	-0.009041	0.115869	0.149021	-0.221663	0.003975	-0.026689	-0.087645	0.107126	0.131073	0.025559	0.128696	-0.032519	-0.079386	0.128320	-0.017666	-0.085652	0.023211	-0.171400	0.038165	0.039383	0.104664	-0.003039	0.041233	-0.138146	0.030142	-0.043641	-0.003035	-0.093475	0.012870	0.018892	0.085004	0.075741	0.088864	-0.005859	-0.009130	0.041382	0.197478	0.011373	-0.013466	0.033307	-0.067516	-0.012710	-0.029835	0.002438	-0.035160	0.037732	0.083101	-0.021769	-0.022588	0.007059	0.057382	0.065428	0.004292	0.016575	0.030323	0.021219	0.021766	0.001091	0.030242	0.016027	-0.050631	-0.006524	0.037586	-0.004116	0.009486	-0.019134	-0.025358	-0.039173	0.011552	0.016629	-0.025384	-0.023743	0.002078	0.013695	-0.051593	0.036636	0.019309	-0.025921	-0.004116	-0.021590	0.043457	-0.006706	0.002472	-0.063715	-0.020343	-0.002328	-0.004623	-0.055422	-0.001779	-0.010173	-0.020865	-0.072464	0.007837	-0.015018	-0.013581	-0.039081	0.023638	-0.007228	-0.027401	0.026290	-0.014567	-0.010757	0.011255	0.023922	0.024625	0.008351	-0.010937	0.021440	0.002068	0.005929	0.003367	-0.035860	0.004531
-1.312120	-0.138474	0.088912	-0.482457	-0.024774	-0.580647	-0.149403	0.157443	0.010305	0.368185	-0.132311	0.090016	-0.153651	0.147944	-0.106452	0.110257	-0.088816	-0.021496	0.167687	0.207828	0.041264	0.160361	0.140871	0.054674	0.034346	-0.132016	-0.058216	0.135352	-0.120989	0.001546	-0.082374	-0.037697	0.076643	0.114842	-0.007938	-0.005704	-0.001635	0.099282	-0.079690	-0.147873	-0.030289	-0.037413	-0.113946	-0.021365	-0.054519	0.050947	0.054680	-0.088806	0.172175	-0.077441	0.046266	-0.022475	0.023610	-0.016704	0.074524	0.039013	0.039357	0.089494	-0.036890	0.067476	0.018388	0.035877	-0.033728	0.035581	-0.011907	-0.005682	0.060496	0.018561	-0.015348	0.026007	0.060488	-0.010355	0.044134	-0.002902	-0.006796	-0.048889	-0.072001	-0.029181	-0.051625	-0.006843	-0.001064	-0.002306	-0.036023	-0.059823	-0.019884	-0.025022	-0.048894	0.019961	0.047121	0.033699	0.000313	-0.085070	-0.020894	0.008828	-0.018381	0.025764	0.000733	-0.059027	-0.009831	0.041298	0.030655	-0.011431	-0.007412	-0.015773	0.027145	-0.041310	0.010079	0.019252	-0.049963	0.040332	0.015407	0.001600	-0.024586	-0.035228	0.027594	0.023667	-0.032621	-0.025877	0.021783	0.003963	-0.015244	0.025143	0.017931	-0.000585	-0.037709	0.003786	0.018675	-0.009161
-0.203454	-0.509138	-0.225255	0.415539	0.374960	-0.063967	-0.145203	0.374868	-0.059893	-0.172173	-0.109468	-0.034211	-0.064169	-0.104134	-0.087155	0.125539	-0.019077	0.048527	0.019464	0.019248	-0.098546	0.018223	0.019085	-0.033070	-0.039095	0.012088	-0.001334	-0.104104	-0.066685	0.002344	-0.032860	-0.132803	-0.189384	-0.006322	0.031926	0.137390	-0.049023	0.148819	0.018199	0.030951	-0.001589	-0.101060	-0.147815	0.028886	-0.053932	0.043925	0.018170	-0.076631	0.035615	0.034701	-0.069361	-0.060761	0.000819	0.062830	0.018658	0.009044	-0.064931	-0.045354	-0.028675	0.005365	0.052948	0.035712	0.067600	-0.004287	0.007073	-0.008958	-0.050667	-0.001332	-0.117044	-0.070561	0.001545	0.021849	-0.073655	0.036968	0.014871	0.034425	0.071535	-0.003629	0.029945	0.052457	0.046113	-0.045518	-0.005752	-0.036562	-0.047866	-0.009177	-0.003037	-0.038723	0.018412	0.001151	-0.018663	0.064203	0.022796	0.046053	-0.047238	-0.063044	-0.047780	-0.036985	0.076857	0.007989	-0.008948	0.004008	0.053929	0.020463	-0.011886	0.021794	-0.021441	0.029767	0.010547	-0.035490	0.005336	-0.056947	0.030342	-0.005026	0.013665	-0.004463	-0.031389	0.023388	0.004686	0.046867	-0.032523	0.000680	-0.003804	0.007003	-0.013970	0.031980	0.023313	-0.006632
0.326572	-0.433971	0.070240	0.080951	-0.015073	0.323960	0.396744	0.185841	0.073716	-0.168537	0.054553	-0.154368	0.353928	0.014656	0.237550	0.082678	0.005096	0.128038	-0.118366	-0.011335	0.018893	0.135466	-0.104512	0.024865	0.047020	-0.051601	0.162431	0.133437	-0.030621	-0.044373	0.050112	0.010787	0.021479	0.056433	0.028875	0.039136	0.037118	-0.122760	-0.036803	0.045638	0.157325	0.011187	0.081211	-0.053953	-0.014045	-0.091934	-0.061207	-0.048326	0.043928	-0.033298	0.073395	-0.009724	0.097458	-0.018498	0.099067	0.018166	-0.010524	-0.066593	0.028319	0.009626	0.010816	-0.074927	0.092781	0.048852	-0.060591	-0.065834	-0.069563	0.039328	0.000331	0.040845	-0.020555	0.058975	0.002674	0.047272	-0.034955	-0.017722	0.082723	0.016770	0.070080	-0.044248	-0.001258	0.020287	0.005750	0.004371	0.008127	0.014077	0.020117	-0.026262	-0.070836	0.022183	0.058818	0.019108	0.019102	0.009612	-0.044890	-0.003788	0.040623	-0.027043	0.003290	-0.049798	-0.048458	0.014824	-0.033445	0.052067	0.022643	0.031090	0.007717	-0.008647	-0.034855	-0.038763	0.004515	0.015210	-0.032399	0.047358	0.067070	0.022564	-0.022709	0.018104	-0.012451	-0.009980	-0.016627	0.025826	-0.002031	-0.060522	0.040157	-0.012845	0.018897	0.004408
-0.093186	-0.625677	-0.446281	0.078334	0.329665	-0.095717	-0.102537	0.504778	0.031189	0.155686	0.092193	-0.139907	0.017984	0.032028	-0.023214	0.099295	-0.162163	-0.077864	-0.006239	0.071554	-0.171441	-0.272716	-0.223379	0.079235	0.079706	-0.016288	0.066168	0.038524	0.036333	-0.014051	0.001671	-0.078519	0.001720	0.009127	0.064888	-0.134536	0.112584	0.012209	-0.025109	0.079502	0.000210	-0.001302	0.079097	-0.111358	0.115983	0.034104	-0.102574	0.061881	0.043312	0.092835	-0.103465	0.013480	-0.044155	-0.020906	0.010491	-0.055282	-0.065921	0.007782	0.075594	0.008681	0.040668	0.098741	0.097834	0.101985	0.011723	-0.025458	0.066700	-0.012923	0.046024	-0.041235	0.022458	0.096897	-0.031199	-0.059963	-0.025775	0.015190	-0.034282	-0.021940	0.019469	0.038665	-0.023638	-0.087173	0.024473	0.031706	0.026332	0.037335	-0.024443	0.013779	-0.012353	0.012259	-0.005531	-0.057760	0.011766	-0.007788	0.027634	-0.057467	-0.064721	0.036350	-0.007033	0.089748	-0.023408	0.023103	0.038215	-0.012176	-0.054735	0.033474	-0.045366	0.003551	-0.068224	0.034985	0.037003	-0.006368	0.017617	0.020628	0.040970	-0.028270	-0.041026	0.047002	0.002967	0.047204	-0.009693	-0.023849	0.040284	0.017991	0.058666	-0.007953	0.008448	-0.017229
-1.928490	-0.157758	-0.506619	0.799506	-0.460994	-0.077363	0.526205	0.014400	0.007406	0.430935	-0.000311	0.270235	-0.457984	-0.301053	0.164033	-0.139384	-0.252443	0.074314	0.194942	-0.340293	0.388512	0.152226	0.052596	-0.132657	-0.277450	-0.211086	-0.033732	-0.082085	-0.001377	-0.287539	-0.216854	0.392031	-0.216428	0.242776	0.160550	0.247999	-0.304647	-0.101911	-0.059519	-0.167801	0.298890	0.139302	0.183376	-0.312076	-0.145160	0.115386	-0.001339	0.230454	0.129764	-0.002880	-0.131401	0.005784	-0.372820	0.072688	-0.182276	-0.256137	0.004345	-0.093497	-0.055400	0.001634	0.169087	0.036852	0.203255	0.039815	-0.148084	-0.087863	0.046843	-0.228507	-0.039756	0.081863	0.015478	-0.065310	-0.048319	0.049679	-0.016876	0.026646	-0.019067	-0.066591	0.031304	0.157143	0.038996	0.148712	0.025109	0.088430	0.062218	-0.059349	0.041971	0.162192	-0.049071	0.083985	-0.003168	-0.010491	0.050590	-0.118492	-0.012395	-0.051761	0.045779	-0.028004	-0.083235	-0.028032	0.056495	-0.081972	0.056892	-0.002788	-0.042896	0.064678	-0.059307	-0.032700	-0.017985	-0.008744	-0.007039	-0.046618	0.019507	-0.005969	-0.019447	0.044619	-0.030292	-0.052196	-0.009081	0.006019	0.001105	0.036598	-0.034817	-0.005000	0.012572	0.008953	-0.034429	0.019220
-0.085244	0.799799	-0.079730	0.304254	0.603964	0.102293	-0.153714	-0.041130	0.040772	-0.135336	0.127491	-0.206603	-0.134979	-0.022354	0.135782	0.005168	-0.095540	-0.081961	-0.076664	-0.043056	0.059599	0.103744	0.011263	-0.085707	0.025160	-0.002011	-0.031613	-0.008252	-0.020143	-0.077370	0.001071	-0.016219	-0.024311	-0.043528	-0.041515	-0.029400	-0.084573	0.033976	0.058076	-0.019263	-0.005925	0.006348	0.033624	-0.012787	0.060169	0.089020	0.024347	0.043439	0.008623	0.074169	0.099508	0.056509	0.046943	0.049553	-0.073032	-0.154726	-0.012669	-0.012147	-0.002840	-0.047749	-0.024615	-0.019257	-0.099151	-0.054815	-0.008241	0.012570	-0.006789	0.067536	0.042753	-0.010276	0.012151	0.008282	-0.007077	-0.013041	-0.011784	0.001633	-0.060137	0.020340	-0.022861	-0.017428	-0.013887	0.014478	-0.048546	0.016314	-0.012682	0.028995	0.005221	0.019123	-0.031802	0.004830	0.000374	0.010971	0.009660	-0.000794	-0.035090	0.031904	-0.065702	-0.045534	0.034190	-0.034388	0.000368	-0.018740	-0.023017	0.018687	0.021013	0.002469	0.009336	0.013488	0.052506	0.029897	-0.020789	0.020493	0.032867	0.001148	0.034253	0.014001	-0.032990	0.028884	-0.039645	-0.001130	0.026002	-0.005702	-0.040657	0.028209	-0.000514	0.022374	0.022242	-0.045025
2.917812	-0.854944	-0.570335	0.611801	-0.787087	-1.052374	0.086111	-0.852148	0.712079	0.187147	0.622213	-0.193357	-0.519118	-0.189344	0.359790	-0.338132	0.036971	0.194108	-0.716882	0.447045	-0.104405	0.172067	-0.582411	-0.033682	-0.252619	0.252225	0.409491	-0.362583	0.060085	0.029086	-0.165598	-0.039571	0.537860	-0.094266	0.101279	0.076388	0.141694	0.166348	0.115943	0.106972	0.123088	-0.228072	-0.000830	-0.593616	-0.128008	-0.115423	0.201614	-0.164973	0.070042	-0.131452	-0.197283	0.112075	-0.036124	0.016362	-0.099784	0.234407	0.037114	0.132579	-0.132397	-0.193273	-0.104934	0.054550	0.011014	-0.180043	-0.089005	-0.152669	0.061729	0.054515	0.002099	-0.035356	0.149626	-0.028681	0.012324	0.034529	0.036681	-0.014977	-0.027937	0.034919	0.001629	0.038700	-0.055736	0.037019	-0.018837	0.033413	-0.117726	-0.046464	0.051150	0.009713	0.021822	-0.069410	-0.056872	-0.002925	-0.004899	-0.004766	-0.016310	0.038732	-0.002639	-0.039936	0.058946	-0.052224	0.012665	0.022530	0.042109	0.044392	-0.024047	-0.042781	0.011119	0.004807	0.023670	0.020830	0.012194	0.014776	0.002332	0.013527	-0.020381	0.017851	0.007628	0.005528	0.007104	-0.022076	-0.007583	-0.002437	0.022547	0.018688	0.009448	0.004283	-0.010949	-0.011299
2.363075	-0.989088	0.708299	1.269386	-0.889420	-0.345808	0.107804	-0.205970	0.376161	0.155708	0.221873	-0.369923	-0.110273	-0.079679	0.123541	-0.244018	0.292952	-0.117851	-0.101109	0.137431	-0.024542	0.071706	-0.021830	-0.207254	-0.292370	-0.050397	0.092339	-0.029846	-0.111475	-0.125091	-0.006442	-0.458283	0.108973	-0.301813	-0.060586	-0.173870	0.473307	0.253364	0.177767	0.074932	0.637224	0.236874	-0.032590	0.136779	-0.069194	0.288275	0.129524	0.046441	-0.072624	0.156700	0.042831	0.056308	-0.148866	0.089936	0.134505	-0.173498	-0.129133	-0.051916	-0.142317	0.262679	-0.045341	0.009094	-0.206564	0.046279	0.074097	0.041918	0.007843	-0.047880	-0.063684	0.122340	-0.142034	0.073213	-0.030829	-0.088438	-0.140450	-0.008917	0.102549	-0.080237	-0.025567	-0.008911	0.063029	-0.042060	-0.063966	-0.027732	0.083680	-0.141208	0.065262	-0.076222	-0.042310	0.049450	0.078085	0.030776	-0.001054	-0.029107	-0.050469	0.039489	0.063795	0.053741	-0.039044	0.011634	0.043630	-0.032379	0.005291	-0.056966	0.057730	-0.059664	0.004474	0.005045	-0.074418	0.018735	-0.015110	-0.069645	0.064330	-0.001342	0.006360	-0.043166	-0.045622	-0.023426	0.025377	0.005094	0.020492	-0.045980	0.006723	-0.056041	-0.029530	0.013535	0.002221	-0.023844
2.428974	1.129263	-0.211021	-0.412204	0.156027	-0.323775	0.192249	-0.147928	0.114389	-0.154673	-0.361842	0.281663	0.159269	-0.192441	-0.203506	0.041850	-0.147279	-0.028163	-0.006741	0.057532	0.200928	0.024251	-0.160246	0.017417	-0.051396	0.185344	-0.100918	0.004310	0.209272	0.183249	-0.182386	-0.010593	0.050333	0.018318	-0.091012	-0.029932	-0.034269	-0.028559	0.083079	-0.061752	0.035763	0.019777	-0.047359	-0.024354	-0.034948	-0.000732	-0.077809	0.011169	-0.047620	0.019626	-0.010676	-0.016523	-0.020992	-0.012815	0.044489	0.012719	-0.022511	-0.064459	0.002890	0.021562	0.048803	-0.002820	-0.033844	0.013640	-0.083083	-0.001852	0.036727	0.052475	0.003567	-0.026364	-0.024570	0.011393	-0.011336	-0.010647	-0.070924	-0.008348	0.056462	0.014264	-0.023015	-0.045958	-0.012891	-0.028269	-0.039795	-0.027708	-0.037861	-0.016829	-0.005813	0.067804	0.008518	-0.003519	-0.012678	0.023715	0.002037	0.011930	-0.012749	-0.025335	-0.006929	0.000648	-0.011103	-0.026780	-0.009657	0.005515	0.009883	-0.014586	0.028009	-0.003014	-0.027549	0.015910	0.014241	-0.039861	0.019354	-0.010113	0.012261	-0.019400	-0.000227	0.027399	-0.014219	0.000749	0.023891	0.009177	-0.003272	0.012337	-0.021238	-0.019929	0.020852	0.011237	0.008099	-0.008670
1.312327	0.473268	0.203355	0.063230	0.809427	0.022656	-0.313479	0.029510	0.189609	-0.016930	-0.092480	-0.073363	-0.108984	-0.084261	0.128743	0.017321	-0.103865	0.082977	-0.152448	0.006471	0.093378	0.010544	0.023745	-0.091128	0.003294	-0.121251	-0.126998	-0.049494	0.012652	-0.017991	0.100141	0.087008	0.053912	0.024501	-0.029041	0.000777	0.013131	-0.014234	-0.044896	-0.012681	0.013478	-0.005812	0.079489	0.044535	0.052811	0.035692	-0.024471	-0.011656	-0.006047	-0.064165	0.051666	-0.006769	0.010384	0.008576	-0.066717	0.016744	-0.012117	-0.010299	-0.005615	0.002617	0.009729	-0.021815	0.015884	-0.012078	-0.009525	0.024106	0.081400	0.040413	-0.026567	-0.022960	0.000985	-0.005743	-0.027914	-0.033391	-0.000531	-0.009698	0.013112	-0.001378	0.002963	0.060094	-0.024348	0.046080	-0.040885	0.013605	-0.000415	-0.010046	-0.039426	-0.009701	0.001730	-0.024039	0.015000	-0.002124	0.007558	-0.010034	-0.040611	0.014047	-0.007633	-0.020278	-0.036483	0.013151	-0.005927	0.029839	0.016982	-0.010287	-0.000741	-0.048847	-0.022303	0.009941	-0.009831	-0.031206	-0.023587	-0.011262	-0.005173	-0.010488	-0.006518	-0.034330	0.005614	0.006687	-0.017500	0.000831	0.016553	-0.017632	0.009544	-0.014719	-0.032078	-0.001865	0.019390	0.013812
-0.332526	0.986241	-0.181078	0.604997	-0.187176	-0.506854	0.099283	-0.317824	0.433415	0.447015	0.128352	0.180863	0.344986	-0.116191	0.075520	0.074323	0.031044	0.187869	0.008086	-0.202508	-0.107812	-0.036610	0.116444	0.007876	-0.124738	-0.023459	-0.017404	-0.106969	0.108863	-0.045628	0.397862	0.054362	0.119736	-0.053825	0.008052	0.182085	0.090037	0.363248	0.003354	0.022999	0.240334	-0.008328	-0.357957	0.088830	-0.007649	0.023036	-0.100824	-0.144312	-0.130599	0.041445	0.153819	0.060901	-0.181016	-0.008812	0.153208	-0.042030	0.016999	-0.025414	0.114543	0.356312	-0.155963	-0.073919	-0.215117	-0.058978	-0.067696	0.147819	0.241365	0.017452	-0.047608	-0.015059	0.161295	0.074310	0.047525	-0.057901	0.095011	-0.024214	0.049644	-0.148279	0.273500	0.006902	0.005641	0.130474	0.039446	0.163838	-0.050494	0.195949	-0.114674	0.149212	0.052991	-0.001015	0.001840	-0.014529	-0.012875	-0.025357	0.115319	-0.093885	-0.044253	0.064350	0.015124	-0.064822	-0.080364	-0.021996	0.000201	0.036610	-0.063763	0.033242	-0.032500	-0.044843	0.056213	-0.034590	0.054354	0.078253	-0.062149	0.039368	0.019427	-0.015325	0.003698	-0.022433	-0.049646	0.007782	-0.018775	0.038966	-0.009288	0.047510	0.024727	0.013350	0.023228	0.028363
-0.807143	0.569893	0.108025	-0.480441	-0.021089	-0.052722	0.118156	-0.010379	0.298339	-0.009604	0.079742	-0.245326	0.278656	-0.156409	-0.052453	0.009853	0.065888	-0.106666	0.060726	-0.085648	0.259966	0.084813	0.107885	0.050229	0.108581	0.105194	-0.078902	-0.107117	-0.074245	-0.064493	0.022798	-0.092298	0.021192	-0.061256	-0.017004	-0.018318	0.095174	0.029248	-0.191880	0.059630	-0.013359	-0.226751	-0.030109	-0.109416	0.060735	0.000907	-0.014737	0.042035	0.010735	-0.038230	-0.019807	-0.115284	-0.120878	-0.077614	0.083868	0.028372	0.011541	-0.020005	0.012311	-0.037803	0.019077	0.024045	-0.039369	0.017980	-0.007143	-0.012018	0.044226	0.001277	0.006116	-0.046620	-0.028268	0.032092	-0.010938	0.036672	-0.039529	-0.038842	-0.043667	0.001774	-0.022553	-0.028066	0.009791	0.010099	0.010848	-0.028087	0.009945	-0.021816	-0.014727	-0.012957	0.036127	0.031134	0.023298	0.015895	-0.010350	0.008905	0.042753	-0.004894	0.083305	0.011259	0.000385	0.003749	0.020350	-0.032500	-0.001446	0.034110	0.008136	-0.014526	0.001374	0.075222	0.017352	0.004116	-0.008186	-0.028907	0.001285	0.033403	-0.014398	0.035084	0.021589	0.012004	-0.032391	-0.000202	0.009616	-0.013119	0.002679	0.019115	0.005414	-0.043176	0.023221	0.031219
-2.421692	-0.166323	-0.542168	-0.210899	0.037385	-0.394146	-0.071228	-0.097441	-0.054373	-0.021844	0.170186	0.162855	-0.103474	0.082591	-0.100137	0.064492	0.035452	-0.206499	-0.036239	0.030100	-0.124692	0.096754	0.081885	-0.120919	0.028633	-0.050234	-0.048452	0.007495	-0.084573	-0.032131	-0.028759	-0.069682	-0.094360	-0.026776	-0.006578	0.000390	0.031094	-0.008388	0.087742	-0.022568	0.018053	0.016197	-0.040142	-0.022268	-0.023768	-0.072423	-0.059749	0.080960	-0.070897	-0.059919	0.042189	-0.056972	0.025629	-0.036005	-0.156852	-0.009053	0.035123	-0.021873	0.018553	-0.024146	0.033809	0.050344	-0.077071	0.010746	-0.054100	-0.062101	-0.016122	0.032399	0.059933	-0.020916	0.003132	-0.013124	-0.033735	-0.082947	0.002888	0.019878	-0.021250	-0.033365	0.009112	0.044145	0.015815	-0.078709	-0.023824	0.081812	0.036219	-0.044240	0.022710	0.017818	0.045201	0.006263	0.067612	-0.007227	-0.016712	0.005309	0.015718	-0.019646	-0.048600	0.001430	0.039871	-0.003845	0.005247	-0.029207	-0.003183	-0.006101	-0.038660	-0.037122	-0.009950	-0.005815	0.024005	-0.013587	0.021529	0.010868	-0.006332	0.007569	0.019103	0.004591	0.061257	-0.034367	0.066349	0.020362	-0.000136	-0.001096	0.028675	-0.003434	0.007561	0.008154	-0.012081	0.028447
-0.266569	0.303136	0.479384	-0.511581	-0.030898	-0.171403	0.407777	-0.149828	-0.103634	-0.070138	-0.091756	0.115292	-0.073620	0.056908	-0.096206	0.113502	-0.011140	-0.045069	0.058623	0.015998	-0.096505	0.049443	-0.069384	-0.049312	-0.172378	-0.041816	-0.013858	-0.033114	0.069304	-0.042209	-0.010401	-0.079720	0.050109	-0.133855	-0.024181	0.113838	-0.108859	-0.016731	-0.033263	-0.055662	0.003070	0.061997	0.161375	0.034833	-0.097969	0.075428	0.017885	-0.093133	0.024622	0.012139	0.020048	-0.031326	-0.053192	-0.061960	0.039760	0.056205	0.045936	-0.057784	0.030237	0.035224	-0.060765	-0.010724	0.067928	-0.057191	0.018466	0.051546	-0.005674	-0.032836	0.013768	-0.029928	-0.040759	-0.055798	-0.002134	0.014549	0.020175	-0.009699	-0.058918	-0.039651	-0.002956	0.010972	0.014226	-0.011143	-0.049651	-0.009203	0.019624	0.007740	0.019565	0.003209	-0.033200	0.021789	0.011755	-0.009597	0.025236	0.018743	-0.016587	0.028698	0.010376	0.004998	0.001978	-0.020684	-0.042173	0.090994	-0.000017	0.026200	-0.028455	-0.002650	0.001878	-0.006360	0.030747	-0.004861	0.022401	-0.052555	-0.027017	0.053565	0.034473	0.021238	-0.021664	0.030511	-0.011702	0.020809	0.052192	0.026691	-0.012549	-0.010416	-0.017253	-0.037065	-0.009767	-0.028088
0.408139	-0.557977	-0.212644	0.454043	-0.404342	0.274033	-0.103027	-0.015166	0.071398	-0.278332	-0.199008	0.015783	-0.223032	0.024025	-0.153573	0.014575	0.171070	-0.099964	-0.162052	0.203865	0.019756	0.127982	0.095359	0.020915	0.103958	0.046935	0.081842	0.249845	0.144292	0.051747	0.017386	0.016131	-0.100560	0.082340	0.022226	0.111746	0.063852	0.027882	0.120282	-0.240526	0.011133	-0.102686	0.071085	-0.044970	0.076461	-0.049001	-0.139162	-0.076887	0.004980	-0.030700	-0.012773	-0.017522	-0.040441	0.057171	-0.024376	0.062103	-0.044885	-0.017433	0.042008	-0.022647	-0.056423	0.025365	-0.064423	0.026063	0.032514	0.071190	0.009576	-0.086789	-0.006357	-0.022642	-0.013719	0.038643	0.020711	0.015794	0.036186	-0.067677	0.042797	-0.028971	-0.020101	0.014781	0.033117	0.024320	0.020716	-0.036049	0.028768	-0.019036	0.015665	-0.002451	0.012238	-0.006109	-0.029236	-0.023743	-0.043496	-0.001507	0.015316	0.032149	0.025147	-0.001406	0.003828	0.063197	0.001039	0.009796	-0.001386	0.011137	-0.015205	0.025745	-0.031177	0.003513	0.021822	0.011988	-0.025099	0.006965	0.013055	0.021584	0.031831	-0.000202	0.009442	-0.045748	-0.017036	0.011967	-0.022212	0.008555	-0.009526	0.032599	0.013496	-0.008750	-0.003306	-0.004238
0.423517	-0.494636	-0.218953	0.001781	-0.090829	0.278188	0.042450	0.229640	-0.121583	-0.040657	-0.214854	-0.106179	0.045996	0.194798	0.071187	0.092194	0.130251	0.115164	-0.128127	0.051333	0.326642	0.078620	-0.050002	-0.094425	-0.072227	0.013396	0.204276	-0.033742	-0.009448	-0.115253	0.065162	0.133251	0.064295	0.007018	-0.051845	-0.070860	-0.032374	0.019436	-0.191317	-0.099992	0.044650	-0.045155	-0.053322	0.083035	-0.115345	0.075529	-0.111335	0.042439	-0.019533	0.118281	-0.067632	0.070174	0.078378	-0.101522	-0.038929	0.092342	-0.042558	0.069933	-0.015911	0.046088	0.011040	0.103730	-0.000305	0.003116	-0.045990	0.016148	-0.023673	0.001068	0.001655	-0.048792	0.004371	-0.023165	0.005292	-0.036494	0.003758	0.013642	-0.018523	-0.035945	0.018717	-0.040860	0.014864	-0.056834	-0.017186	-0.004438	0.007004	0.048689	-0.000129	-0.057103	0.021592	-0.000271	0.004077	0.021426	0.036224	0.028640	-0.002986	-0.013385	-0.047642	0.010225	-0.048455	-0.011804	0.004875	-0.017863	0.026872	-0.009630	-0.002661	0.058272	0.039675	0.005138	-0.004846	-0.007001	-0.021902	0.006084	-0.009926	-0.019434	-0.012899	-0.008015	0.008650	-0.018738	0.005420	0.005442	0.016034	0.008678	-0.000710	-0.028198	-0.004218	-0.004074	-0.007319	-0.019834
-0.001994	-0.828994	-0.261682	0.487357	-0.180270	-0.213705	0.216483	-0.103528	0.000978	-0.189805	0.020815	-0.001768	-0.156644	0.151769	0.197505	-0.061831	-0.186025	-0.061889	-0.072587	0.118886	-0.084496	-0.166967	-0.177304	-0.021598	-0.057406	-0.178029	-0.127359	-0.165836	0.197771	-0.123846	0.056810	0.192833	-0.095077	-0.016989	-0.078303	-0.068633	-0.008910	-0.029883	-0.018538	0.119993	-0.167937	0.030183	0.024412	-0.001488	0.043377	0.040171	0.056750	-0.066073	-0.084821	0.106291	-0.101719	-0.083545	-0.149891	0.040478	-0.174181	0.043212	-0.004688	-0.029835	-0.077975	-0.010534	0.098694	0.022972	0.027096	-0.023535	0.133329	-0.136902	-0.043522	-0.078225	-0.016267	0.012473	0.044985	0.003884	-0.021272	-0.173576	-0.069244	-0.118778	0.031349	-0.072948	-0.011830	-0.177036	0.069878	-0.027567	-0.035490	0.009779	0.050874	0.090121	-0.115975	-0.003223	-0.012957	0.016215	0.031859	0.024778	-0.055223	0.110920	0.055279	0.085882	0.043900	0.027418	-0.027379	0.011572	-0.075329	-0.017886	-0.017305	0.011365	0.158253	-0.046506	-0.019892	-0.033666	-0.029597	-0.048602	0.005985	0.003437	-0.035120	0.013809	-0.015161	0.021843	-0.017813	-0.003268	0.008665	-0.029958	-0.020948	0.040671	-0.007193	0.022999	-0.035681	0.011582	0.025160	0.019730
-0.949158	0.390547	-0.111205	0.580780	-0.171219	0.371514	0.130355	0.080358	-0.007446	0.070996	0.008394	-0.190445	0.046656	0.117605	0.052115	0.038022	0.166310	0.026732	0.178421	0.081072	-0.095517	-0.092189	-0.013547	-0.020295	-0.157338	0.097373	-0.071245	0.018955	-0.110633	0.071849	-0.059879	0.101787	-0.053956	-0.094552	-0.085282	0.094876	-0.057930	-0.013476	0.007460	-0.024309	-0.054688	0.073061	0.009523	-0.061346	-0.016846	-0.033687	0.014168	-0.007807	0.128173	-0.060109	-0.032160	0.021974	-0.014334	-0.064339	-0.038096	-0.035659	-0.097604	-0.007249	-0.011539	0.134651	0.078789	0.163038	-0.060973	-0.038800	0.057449	0.021516	0.092285	0.010397	-0.065904	0.125093	0.012205	0.016621	0.034616	-0.000250	0.091847	-0.002463	-0.008706	0.057455	-0.107128	-0.054263	0.041735	0.043417	-0.006628	-0.000473	-0.103410	-0.025018	0.024600	-0.036559	-0.026676	0.082354	0.050749	0.050065	-0.036684	-0.008551	-0.023142	0.008489	-0.037761	-0.016679	0.013513	0.000873	0.028220	0.036037	0.032701	0.024037	0.004075	0.015752	0.011301	0.004692	0.025688	-0.018286	0.027675	0.056497	-0.021005	-0.035683	-0.009179	-0.008425	0.035274	-0.020899	-0.038101	0.008564	0.002773	0.009674	-0.010954	0.001598	0.042286	-0.018713	0.047842	-0.022857
-1.240615	-0.514743	0.655227	-0.409577	0.008342	0.056949	0.164061	0.076599	0.118066	-0.152448	0.230844	0.177155	-0.144665	-0.023218	0.163368	-0.021881	0.101826	0.171946	-0.217132	0.031491	0.004981	-0.105758	0.101758	0.128232	0.025421	0.146407	-0.021578	-0.058533	0.117024	0.002089	-0.083210	0.023418	-0.139774	0.017972	0.037981	0.085972	-0.031750	0.058586	-0.138988	0.031138	-0.047180	-0.006502	-0.102719	0.017818	0.023193	0.080462	0.089469	0.097611	-0.003272	-0.014983	0.049525	0.197102	0.007359	-0.010309	0.028863	-0.071275	-0.026341	-0.026441	0.001529	-0.032104	0.043259	0.071459	-0.027106	-0.017770	0.002989	0.062697	0.072531	0.006148	0.013606	0.029490	0.005469	0.004683	-0.008765	0.030215	0.002409	-0.045887	-0.016332	0.038673	-0.005065	0.016950	-0.015488	-0.026318	-0.029453	0.022251	0.014780	-0.011563	-0.018873	0.002796	0.010653	-0.053677	0.045431	0.018456	-0.027121	-0.002485	-0.027962	0.035235	-0.001526	-0.008783	-0.062864	-0.027614	-0.005358	-0.000511	-0.058819	0.008068	-0.005813	-0.016491	-0.077673	0.011840	-0.010598	-0.020128	-0.035909	0.011033	-0.009611	-0.019735	0.020547	-0.021803	-0.018261	0.014378	0.037052	0.025133	0.007670	-0.002981	0.019559	0.005481	-0.000266	0.002405	-0.042358	0.003318
-0.555248	-0.186846	0.546235	-0.199184	-0.037168	-0.057954	0.197095	0.237193	0.103418	-0.072393	0.236176	0.171639	-0.027462	0.001781	0.172539	-0.132528	0.034694	0.185413	-0.186547	0.094314	-0.011349	-0.105191	0.128435	0.157953	0.054075	0.140341	-0.092899	0.029581	0.110165	-0.074205	-0.073590	0.009423	-0.156251	0.102329	0.020083	0.080080	0.003306	0.010580	-0.111000	0.060779	-0.067428	-0.052013	-0.055990	-0.048089	0.005602	-0.016325	0.024409	0.077910	-0.087307	0.031504	0.046534	0.169787	0.018505	-0.026820	0.063174	0.016964	-0.014767	-0.050949	0.006500	0.009168	0.007317	0.024042	-0.034136	0.025400	-0.033064	0.066406	0.082888	-0.036759	0.050690	0.028220	-0.011730	0.008784	-0.049088	0.016251	0.023475	-0.027490	-0.006910	0.002341	-0.026810	-0.001849	-0.016629	-0.056824	-0.067380	0.063971	-0.001794	-0.036610	-0.001792	0.018557	-0.018968	-0.041517	0.028860	0.001977	-0.007659	0.010764	-0.020387	0.086301	0.020087	-0.003500	-0.020240	-0.003667	-0.014326	0.011196	-0.027010	-0.014089	0.002420	-0.012592	-0.019932	0.030762	-0.032221	-0.013382	-0.040811	0.009537	-0.002925	-0.054879	0.048091	-0.002077	-0.009986	-0.029934	0.021672	0.009265	-0.002853	0.004235	0.019372	0.009491	-0.017948	0.029151	-0.036364	0.011073
0.163068	0.602351	-0.202023	0.265775	0.403330	-0.131160	0.012073	-0.128770	0.249626	0.288491	0.006958	0.309282	0.362142	0.264699	0.271265	-0.164840	0.641677	0.034511	0.101964	-0.045695	-0.086144	0.015170	0.145303	-0.335298	0.420952	0.318366	-0.011117	-0.013853	-0.091191	0.003433	-0.275652	0.043029	-0.055211	-0.145142	0.195390	0.029377	-0.313349	-0.107230	-0.124686	-0.198093	0.077853	-0.072945	0.160997	-0.031491	0.145043	-0.104327	0.033266	-0.224396	-0.083748	0.196195	0.160142	0.118925	-0.051772	0.136189	-0.126970	0.057570	0.149529	0.141951	-0.070180	0.188274	0.021991	-0.108309	0.066171	-0.149102	0.050656	0.018278	0.089365	0.000113	-0.029286	0.046702	0.032348	0.042222	-0.044944	0.128912	-0.043621	0.031598	-0.033400	-0.022643	0.042955	-0.040816	0.107235	-0.071046	-0.112757	-0.061313	0.028702	-0.047957	0.076295	0.066823	0.051574	-0.003512	-0.089130	-0.017381	-0.013812	0.057395	-0.005706	-0.010733	-0.021487	0.029194	0.028883	0.105038	-0.068612	-0.004751	0.024057	-0.021585	0.052922	-0.008492	0.025930	-0.044675	-0.004978	0.001138	0.020930	-0.024803	0.018806	-0.035770	-0.030301	0.008763	-0.098800	-0.015973	0.048638	-0.041803	-0.054719	-0.026029	0.006361	0.058655	0.045512	0.033975	-0.050793	-0.012174
1.752376	-0.152437	-0.259602	-0.219315	-0.302839	0.542336	-0.181034	0.304697	-0.040810	0.066269	0.033522	0.187647	0.124018	-0.179246	0.058857	-0.149364	0.016533	0.204687	-0.087793	0.034208	-0.160070	0.050954	-0.095525	-0.090768	0.022062	-0.046415	0.023469	0.074247	-0.070068	-0.037714	0.068827	-0.053871	0.048529	0.013000	-0.070729	-0.037665	-0.088101	0.064376	-0.018156	0.067539	-0.048858	0.016116	0.056734	0.004111	0.057175	0.084247	-0.017622	0.040621	0.013186	-0.024663	-0.007303	-0.027840	-0.070646	-0.016598	0.031388	-0.023385	0.044846	-0.006551	0.008888	-0.012924	0.085508	0.038066	-0.012057	-0.017332	-0.018288	0.016416	0.051116	-0.048381	0.031605	-0.019262	0.004773	0.024124	0.038805	-0.028168	-0.042649	0.073689	0.037250	-0.013989	-0.017109	0.021221	-0.065369	-0.005720	0.016421	-0.040258	0.025419	0.024294	0.003843	-0.000996	0.069513	-0.036811	-0.002900	-0.002108	-0.000015	0.032985	-0.010749	-0.007875	0.013949	0.003530	0.009410	-0.004655	-0.015336	0.010257	-0.002344	0.017279	-0.028465	-0.039421	0.022227	-0.001309	0.017599	0.002418	-0.009936	-0.008059	-0.002437	0.026081	-0.032792	0.006744	0.003474	-0.007273	-0.012854	0.004444	0.014260	0.009644	0.004470	0.007028	-0.004537	-0.003575	-0.014934	0.008685
-2.956854	-1.224093	-0.615183	-0.562760	0.194742	-0.261479	-0.310825	0.090779	0.199480	0.063816	0.033421	-0.007222	0.454195	-0.216650	-0.075424	0.157886	0.442456	0.276163	0.330677	0.128639	0.142387	-0.252462	-0.050636	-0.229144	0.008315	-0.063688	-0.236293	-0.096418	0.112417	0.055079	0.046581	-0.070476	-0.008292	-0.247126	-0.002272	0.231594	0.030745	-0.088910	0.119339	-0.035326	-0.098029	-0.137675	0.129870	-0.078172	-0.175806	-0.170170	-0.044529	0.131032	0.068408	0.062339	0.042427	0.127838	-0.105556	-0.022112	0.096942	-0.079441	-0.137332	0.070299	0.052819	-0.022596	0.033109	-0.114508	-0.147074	-0.064721	-0.059568	0.022687	-0.094231	-0.046217	0.016056	-0.022054	-0.041459	0.008324	0.017564	-0.032897	-0.060805	-0.021584	-0.056484	-0.093833	0.025832	0.089576	0.011302	-0.025906	-0.026298	0.045481	0.014196	0.059325	0.014626	-0.046043	-0.053446	0.009907	-0.014801	-0.047429	0.063856	0.012992	-0.065388	-0.007870	0.014757	-0.086286	-0.014381	-0.064024	0.017057	0.002559	-0.000437	0.060777	0.040397	-0.029006	0.027573	-0.000970	0.013226	0.043013	-0.057465	-0.014615	-0.048062	0.024732	-0.053361	0.027250	0.013794	0.036316	0.022126	0.020433	-0.030084	0.009124	0.022434	-0.042800	-0.037455	-0.011365	-0.045871	-0.014944
-0.359536	0.015746	0.711408	0.345283	0.190287	0.300745	0.067905	0.036982	0.303180	0.110658	0.069036	-0.184060	0.205824	0.006362	-0.018005	0.057198	-0.022313	-0.113554	0.029758	0.151620	-0.238663	0.065579	-0.051849	0.057755	0.068769	0.055879	-0.189918	-0.177221	-0.043822	0.163585	0.044635	0.155746	0.088887	-0.115056	-0.067617	-0.120090	0.064657	-0.121554	-0.166177	-0.041878	-0.120059	0.180084	0.082174	-0.040144	0.069751	-0.158319	-0.090280	0.012746	-0.057268	0.004530	-0.064310	-0.082899	-0.084152	-0.053035	-0.042116	-0.002270	-0.069911	0.016617	0.064257	0.107603	0.034160	0.166484	-0.001632	-0.046467	0.034150	0.008860	0.107611	-0.035448	-0.053570	-0.005907	-0.082817	0.046366	0.036712	-0.024064	0.157581	-0.011661	0.092887	0.049314	-0.157109	-0.017622	-0.046471	0.036749	-0.014188	0.048674	-0.095154	0.069779	0.059805	0.036539	-0.065570	-0.010031	0.062305	0.069671	0.031290	-0.017114	-0.036173	-0.076308	0.066565	0.061486	0.008975	-0.007410	0.010182	0.016947	0.023930	0.071449	-0.012320	-0.054292	0.016140	0.062346	0.046800	-0.017439	-0.084242	-0.038257	-0.010965	-0.001863	0.029928	0.030873	-0.017587	0.048604	-0.013337	0.043333	-0.055007	-0.031329	0.034111	0.009363	-0.004904	0.031697	-0.097454	0.016315
-0.521666	0.335784	-0.484593	-0.034882	0.227618	-0.148290	0.010953	0.176728	0.111085	0.116895	0.334953	0.256292	-0.024158	0.122148	0.115057	0.083369	0.059996	-0.172479	0.039052	-0.067242	0.032592	0.056197	-0.293032	-0.068395	-0.054023	-0.132664	0.032722	0.233924	-0.049223	-0.035837	0.038669	-0.084430	0.063773	0.142497	0.057669	-0.082552	0.035046	-0.072720	-0.063676	0.041867	-0.055255	-0.014451	-0.086521	-0.005682	0.028989	-0.083007	-0.015252	-0.046980	0.086610	0.046620	-0.052245	0.035591	-0.024813	0.016973	0.044377	-0.072645	0.032252	-0.034565	0.004717	-0.000112	-0.017122	-0.013668	-0.056893	-0.010720	-0.028625	0.037740	0.049802	0.026893	0.023288	-0.075086	0.041292	-0.046732	0.009057	-0.006859	0.088703	-0.025399	0.008066	0.053723	0.065925	-0.005312	-0.001614	-0.032969	-0.043465	-0.037500	0.033597	-0.020256	0.022324	0.012015	-0.056949	0.053504	-0.003378	0.033183	-0.024818	0.012028	-0.059482	0.032398	0.009135	0.002283	-0.060595	0.014308	-0.001615	-0.013497	-0.015056	0.007981	0.013804	0.010425	-0.018889	0.031621	0.010493	-0.021394	0.026884	-0.004486	0.000242	0.010162	0.020795	-0.017739	0.012571	0.016607	0.005601	-0.008090	0.018715	0.002740	0.003716	-0.008226	0.003197	0.010159	0.009795	0.017969
0.806728	-0.033082	0.125339	-0.274733	0.011727	0.840001	0.301299	0.151008	0.047602	-0.068313	0.278726	0.014845	0.163014	0.199552	0.106659	0.058841	0.063308	0.052860	-0.062296	-0.027459	0.148955	-0.311668	0.022797	-0.092225	-0.162846	0.201048	0.080104	-0.179881	-0.135926	0.006934	0.042148	-0.074109	-0.096298	-0.029605	-0.011549	0.110069	-0.106481	-0.052741	0.176786	0.148209	-0.039679	-0.012101	0.057242	0.012444	0.025940	-0.000670	0.027650	-0.056675	0.064168	-0.050458	-0.126918	-0.030714	0.022287	0.005816	0.089814	-0.027417	-0.020116	-0.011706	0.034886	-0.037404	-0.059892	0.087594	0.023154	0.069854	0.059122	-0.019263	0.173619	0.001648	-0.008037	-0.035969	0.049385	-0.024632	-0.037734	0.047241	-0.049817	0.030813	-0.013785	-0.041922	0.016832	-0.045270	0.025824	-0.039379	0.083908	-0.005091	0.064350	0.008516	0.006866	-0.058992	0.065941	0.038773	0.037082	0.009515	0.022967	-0.001984	0.020509	-0.012395	0.035905	-0.034839	-0.040849	0.007421	-0.039791	-0.023233	-0.028277	0.026848	-0.011461	-0.022482	0.028416	-0.072748	-0.002551	-0.009067	0.020199	-0.029414	0.023821	0.016831	0.048769	-0.012162	-0.018401	0.017694	0.031394	-0.046274	-0.010362	-0.033576	-0.069698	0.026736	0.011125	-0.025594	0.031307	0.005616
-1.562608	-0.964787	0.309936	-0.153119	0.241936	-0.293023	-0.154835	0.142289	0.117895	-0.048268	-0.028810	-0.093107	0.048032	0.237208	-0.031586	-0.068011	-0.252428	0.092417	-0.008194	-0.066258	-0.033062	-0.142305	-0.082609	0.119644	-0.089551	0.148185	0.250588	0.010872	-0.137033	0.023272	-0.115197	-0.051501	-0.066375	0.100746	-0.009500	-0.116228	0.040609	-0.026492	0.114878	-0.044977	0.009219	0.044008	0.064451	-0.055835	0.050822	0.050186	-0.056937	-0.079497	-0.006759	0.131245	0.032491	-0.013845	-0.033094	-0.042456	-0.020370	-0.021083	-0.021877	0.025204	-0.001110	-0.011661	-0.046937	-0.058501	0.036983	0.024677	0.036033	0.082298	0.055817	0.026079	-0.012719	0.064812	-0.058392	-0.029534	0.045474	-0.073187	-0.084177	0.060460	-0.085349	-0.011888	-0.023507	0.007640	-0.050329	-0.008946	-0.015480	0.044460	-0.004033	0.027760	0.058586	-0.029530	0.011864	-0.003121	-0.035418	-0.010827	0.020009	-0.052218	0.002396	-0.030792	-0.033366	-0.050587	0.067071	-0.037910	0.002319	0.038361	-0.012832	0.015311	-0.010802	-0.018852	0.005062	0.012887	-0.018691	-0.012833	-0.012880	0.014552	-0.061381	-0.011578	-0.010872	-0.027392	-0.015599	-0.005866	0.035411	-0.053736	-0.044047	0.059051	-0.039130	-0.005899	-0.001414	-0.005256	0.027991	0.015697
0.961470	-0.621026	-0.353792	0.369652	-0.016611	-0.186599	-0.173891	0.077653	-0.039027	-0.296277	0.112029	0.021705	-0.106992	0.039891	0.054084	0.195146	0.127712	-0.011917	0.029718	0.085396	0.004403	0.146517	-0.142164	0.079440	-0.015557	0.082079	0.032379	-0.091847	-0.062611	-0.077065	-0.120920	-0.128630	-0.159800	0.054040	-0.025192	-0.023329	-0.070653	-0.012571	-0.060397	-0.010684	-0.038972	-0.047932	0.071845	0.112507	-0.085124	-0.023781	-0.051926	0.058494	0.020532	-0.079349	0.046441	-0.080245	-0.001862	-0.132020	-0.172877	0.055936	0.002958	0.084685	-0.056198	0.049161	-0.044529	0.039297	-0.069636	-0.013617	-0.034650	0.038325	-0.014080	0.136660	-0.024979	0.075537	0.068161	0.056010	0.048129	0.001967	-0.002673	-0.017962	0.059813	0.024893	0.058817	0.017865	0.021305	-0.045072	0.059217	-0.044464	0.102730	-0.040360	0.017614	0.061380	-0.047255	-0.029655	0.071530	-0.016868	0.003783	-0.002762	0.031356	-0.004815	0.012525	0.000844	0.016638	-0.042104	-0.003394	-0.011361	-0.058850	0.022764	-0.010931	0.031074	-0.022599	-0.070469	-0.014244	0.000819	0.029361	-0.004670	0.004989	0.003808	-0.004459	0.036557	-0.024689	-0.000379	-0.035690	0.001371	-0.000937	-0.027446	0.006458	-0.000844	-0.020784	-0.031846	-0.006953	0.024822
-1.635871	-0.023631	0.167558	0.302835	0.243063	0.188919	-0.297571	-0.331237	-0.347937	0.103192	0.151887	0.020580	0.113088	-0.063376	-0.205336	0.024355	0.137846	-0.070606	-0.109007	0.089955	-0.017776	-0.077287	-0.162445	-0.145729	0.118333	0.031682	0.071418	0.047580	0.152241	-0.020796	-0.069032	-0.085566	-0.001675	-0.050659	0.050016	0.016035	-0.071134	0.009002	-0.054403	0.052134	-0.041811	0.040164	-0.063316	0.034985	-0.001931	-0.005240	-0.028949	0.033042	0.002614	0.003445	-0.080961	0.000652	0.037295	-0.059860	0.079596	-0.043348	0.008193	-0.110131	-0.028354	0.003291	-0.042945	0.045410	-0.024853	0.027160	0.008278	-0.047062	-0.034722	-0.030631	-0.036057	0.045678	0.059323	-0.018264	0.013898	-0.002743	-0.055639	-0.043255	-0.043994	0.010219	-0.003640	0.047198	-0.032931	0.026898	0.023321	0.009447	0.024104	-0.003206	-0.072472	-0.016095	-0.049510	-0.031653	0.022947	0.033866	0.008991	0.016215	-0.022722	-0.005263	-0.005756	-0.005325	-0.001446	0.002947	0.001497	-0.027879	0.001708	0.008439	-0.016165	-0.003783	-0.018467	0.019550	0.003746	-0.021412	0.005514	0.013359	0.020728	-0.000145	-0.012845	-0.012955	-0.011842	-0.012604	-0.019298	-0.011654	-0.020696	0.028293	0.039587	-0.025397	0.002465	-0.026859	-0.029245	-0.015414
0.994437	0.614191	0.456586	0.179087	0.683359	-0.129157	-0.259724	0.094173	0.037694	0.004067	-0.155794	-0.179679	-0.168988	0.022593	0.114000	-0.049208	-0.039561	0.004962	-0.123526	0.018166	0.018297	0.057146	0.081268	-0.081767	-0.043885	-0.144936	-0.014342	-0.008568	-0.123848	-0.013620	0.026853	0.044995	-0.023291	-0.069588	0.024940	-0.009027	-0.058385	-0.080029	0.055811	-0.034949	0.075191	-0.000037	0.086711	-0.037572	-0.003685	0.049864	-0.074203	-0.001547	0.008263	0.016590	0.038224	-0.003427	0.014905	-0.105273	0.046526	0.022331	0.057650	-0.006476	0.003256	-0.051120	-0.005704	0.003928	0.011570	0.005975	0.002678	-0.011830	0.035751	0.010543	0.007559	0.037153	-0.002484	0.009124	-0.001812	-0.058397	-0.001996	-0.046450	-0.027270	-0.001833	0.027599	0.013691	-0.021282	0.050237	0.021884	0.009415	-0.006332	0.004241	-0.011756	0.010325	-0.007553	-0.033197	-0.010476	0.028415	0.023135	-0.007858	-0.017494	0.023635	-0.008258	0.024142	0.001874	0.019729	-0.010792	0.011576	0.012578	-0.029194	-0.017308	-0.028974	0.003814	-0.008027	0.017249	0.007564	-0.008331	0.012254	0.014127	0.001672	0.026411	0.008478	-0.022226	-0.005037	0.002471	-0.049263	-0.015753	-0.038047	0.009725	0.008907	-0.010755	0.031564	-0.010699	0.023187
0.408929	0.589417	-0.093329	-0.021104	0.144529	-0.140921	0.347933	-0.042577	-0.257168	-0.141745	-0.089904	0.066874	-0.167476	0.191646	0.187990	-0.150077	0.117698	0.196605	0.207405	-0.044808	0.026663	-0.012857	0.056732	0.100863	0.129039	-0.015639	0.048992	-0.021441	-0.045300	0.048125	-0.100383	-0.000226	0.020042	0.042434	-0.030166	-0.023775	0.180089	0.008741	-0.034052	0.015030	0.017063	-0.048164	-0.039426	-0.015395	0.014475	0.004462	-0.020580	0.040539	0.049338	-0.009453	-0.074344	0.011760	-0.007758	-0.000088	-0.002030	-0.012975	-0.024890	-0.059946	-0.031471	0.016516	0.003080	-0.012983	0.044249	-0.002400	-0.048797	0.002398	0.011368	-0.036279	0.049322	0.015052	-0.035205	-0.000806	0.059867	-0.005760	0.017276	0.034588	-0.005835	0.024803	0.012465	-0.029999	0.010565	-0.019736	0.037251	0.027516	0.004420	-0.004059	0.013873	0.000959	0.020221	0.006104	-0.020457	-0.001367	-0.013265	0.039501	0.046747	0.025420	-0.023458	0.016871	0.058726	0.003643	0.023306	-0.003244	0.017182	-0.016233	0.021110	-0.014095	0.022989	-0.006075	0.009573	0.013068	0.010589	-0.025096	-0.031938	0.038890	0.033374	0.000717	-0.002483	-0.013921	0.035802	0.010331	-0.047187	0.032155	0.024721	-0.001540	-0.008651	0.026352	-0.013756	-0.009243
-0.703850	-0.103365	-0.714363	0.754427	0.348487	-0.066731	0.251472	0.377459	0.261364	-0.350197	-0.134202	0.197119	0.223847	0.140672	-0.284022	-0.293439	0.084927	-0.299745	-0.061698	-0.104105	-0.140377	-0.221777	0.213585	0.033486	0.010372	-0.040279	0.060434	-0.102804	0.076810	0.016965	0.088107	0.078606	0.247251	0.104398	0.039301	-0.033574	-0.054971	0.103248	-0.092527	0.042866	0.014020	0.093084	0.040383	-0.031997	-0.071052	-0.048034	0.013404	0.013308	0.067303	-0.050403	0.020824	0.014621	0.012755	-0.013495	0.031491	-0.045089	0.013998	-0.046714	-0.080880	-0.062484	-0.012990	0.012408	-0.016239	-0.000364	-0.006804	0.011777	-0.033252	0.039091	0.013522	0.005923	-0.009983	-0.004940	-0.015717	0.007559	-0.015689	-0.002182	0.002894	-0.019550	0.011582	-0.010510	-0.002864	0.001235	-0.025200	-0.023869	-0.009044	0.003041	0.003624	-0.003572	-0.019534	0.009703	0.017644	0.002564	-0.003454	0.018586	0.019301	0.013580	0.012400	0.015348	-0.003965	0.011887	0.013712	-0.004731	-0.002790	-0.006411	-0.007216	0.008676	0.017001	0.006666	0.003489	0.000821	-0.001498	0.004520	0.014457	-0.009699	-0.014792	0.015346	-0.001746	-0.004182	-0.004193	0.000858	-0.008435	-0.001176	0.006891	0.005209	0.010679	-0.001162	-0.003581	0.000915
2.004839	-1.128110	-0.247530	0.079262	0.105824	-0.244208	0.120917	0.058018	-0.282767	-0.165513	0.043078	-0.105153	-0.064327	0.148526	-0.065043	0.110922	0.040058	0.188158	0.122241	0.004264	0.041492	-0.085282	-0.047105	0.129809	0.098841	0.028495	0.062614	-0.100023	0.057630	-0.016590	0.124833	-0.038195	-0.065005	-0.052465	-0.055046	0.015875	-0.072409	0.019923	0.089280	0.053128	-0.029141	0.099461	-0.039215	0.021835	0.083607	-0.048252	-0.022331	-0.035597	-0.038386	-0.043290	0.032893	-0.038832	0.059242	0.022715	0.000333	-0.159391	0.114701	0.069572	-0.009395	-0.024521	-0.059267	0.019633	-0.015409	0.039422	-0.109946	0.016198	0.005784	-0.061504	0.037594	-0.048233	0.035000	0.037146	0.050577	0.023308	0.037027	-0.010770	-0.005733	-0.064967	-0.083736	0.055885	0.022792	0.037192	-0.041348	-0.050677	-0.121939	-0.057190	0.006434	-0.017759	-0.024701	-0.014822	-0.009467	-0.030104	0.033886	-0.014077	0.042503	0.061834	0.037048	0.005503	-0.004807	-0.010455	-0.051492	-0.040571	0.024517	-0.087839	-0.009409	-0.024003	-0.012957	-0.008153	0.023681	-0.041029	0.034691	-0.021640	0.013463	0.037397	0.004629	0.011788	-0.006260	-0.005525	-0.006566	-0.032527	-0.013294	-0.006541	-0.023804	-0.010893	-0.002890	-0.008642	-0.010033	-0.011693
-1.341041	0.752240	-0.277082	0.743682	-0.715223	-0.664219	-0.042432	-0.005168	-0.255684	0.024212	-0.030976	-0.003429	-0.120470	-0.035037	0.110553	0.425090	-0.354354	0.216632	-0.174290	-0.172714	0.006073	-0.117925	0.234011	-0.236727	0.233201	0.176570	0.007377	0.226870	0.080354	0.062960	0.078867	-0.073673	0.161396	-0.068990	0.289612	0.046117	0.076305	-0.051897	-0.010089	-0.031181	-0.148709	0.074189	0.030421	0.016794	-0.031696	0.102778	0.001571	0.044062	-0.018247	-0.072850	0.008458	-0.042333	-0.030724	-0.042751	-0.002180	0.006823	-0.052199	0.034340	-0.031621	-0.026544	0.048246	-0.001714	-0.004137	-0.023426	-0.036983	0.007679	-0.032314	0.011975	-0.052437	-0.012171	-0.027290	0.016715	-0.024425	-0.014949	0.011751	-0.017427	0.040922	0.040001	0.021201	-0.017135	0.010639	-0.001288	0.000849	-0.026270	-0.029921	0.009358	0.014498	-0.001512	-0.004990	0.015916	0.015667	0.011719	0.022747	-0.000462	-0.021583	0.004458	-0.009866	0.015523	-0.023510	-0.025232	0.007448	0.017485	-0.014332	0.003309	0.002859	-0.011600	0.033605	-0.004397	0.019505	-0.018495	0.019757	-0.006972	0.015184	0.019068	0.010067	-0.004936	-0.007573	-0.003294	-0.008327	-0.016176	-0.009061	0.010122	-0.008913	-0.009825	0.009239	0.004186	-0.001909	0.019717
-1.244991	0.909155	-0.425796	0.841594	-0.680887	-0.542153	-0.065646	-0.021326	-0.202658	-0.074486	0.048630	0.153910	-0.086131	-0.155404	0.178784	0.416064	-0.362374	0.187887	-0.294126	-0.388878	0.027464	-0.126180	0.270351	-0.234911	0.207433	0.245745	-0.000002	0.132024	0.020244	0.032491	0.044521	-0.112684	0.108261	-0.053919	0.296844	0.042503	0.039644	-0.120132	0.079982	-0.019492	-0.152863	0.100818	0.044661	-0.013924	-0.043244	0.054363	0.008636	0.006675	-0.053960	-0.076119	-0.007239	-0.030074	-0.027271	-0.077981	0.038611	0.024860	0.003805	0.083670	-0.028477	0.039917	0.044904	0.012841	-0.018153	0.011003	-0.030459	-0.020214	-0.026550	0.005677	-0.018805	-0.003992	-0.040671	0.007902	0.018584	0.009791	0.007883	-0.010760	-0.020445	-0.013348	-0.001695	0.006723	0.052396	-0.012282	0.032497	-0.015620	0.024737	0.012610	0.054317	-0.018821	-0.033853	0.051443	-0.037964	-0.008610	0.012678	0.017579	0.007595	-0.000296	0.018880	-0.025970	0.012010	0.007412	-0.016287	-0.016990	-0.000921	-0.003464	-0.012031	0.011996	-0.001065	0.009287	-0.004048	0.011892	-0.007489	0.033060	0.033592	-0.022320	0.025181	0.007175	-0.009337	-0.018480	0.030148	-0.006462	-0.002352	-0.033909	-0.003755	-0.005009	-0.020357	0.033576	0.017522	-0.003057
-1.126140	0.660031	-0.260733	-0.005612	0.052307	0.072140	0.373191	-0.036507	0.004676	-0.081093	-0.055794	-0.052058	-0.224236	-0.120607	-0.045508	-0.110984	-0.072445	-0.081238	0.017914	-0.067413	-0.098390	0.110778	-0.076414	-0.022950	0.132371	0.090394	0.081358	0.005682	-0.007830	-0.151247	0.101408	0.022350	-0.057332	-0.042147	-0.024999	-0.048121	-0.029759	0.040899	0.000988	0.030580	0.003331	0.017717	-0.016523	0.023863	-0.104533	-0.058685	-0.039705	-0.019585	-0.042853	0.045344	-0.100963	0.111894	0.065338	-0.012521	0.002047	-0.079098	-0.001729	0.128597	0.058940	0.022344	-0.011593	-0.056995	0.017349	-0.047798	0.028356	-0.063128	0.010185	0.033312	-0.001588	0.006099	-0.079340	0.114356	0.009569	0.036207	-0.022058	0.046354	0.045481	0.023223	-0.011237	0.041199	0.045871	-0.028522	-0.031720	0.000153	-0.013188	0.012414	-0.035031	-0.021185	0.049772	0.090337	0.019234	-0.014683	-0.022717	-0.006463	0.017538	0.038288	-0.000246	-0.054544	0.025048	-0.011240	-0.000871	0.041279	0.020458	0.013329	-0.007567	-0.049605	-0.015969	0.061146	0.010185	0.014984	-0.029277	0.047900	-0.030301	-0.005488	0.001466	0.006805	-0.004759	-0.026526	0.017915	0.015940	0.023352	0.022606	-0.019268	0.023188	0.006642	-0.007640	0.006659	0.021251
2.359735	-0.728219	-0.309793	-0.222808	-0.192333	0.626096	-0.144108	-0.697236	0.784102	0.053070	-0.194494	-0.064266	-0.034074	0.010734	0.348047	-0.091113	-0.070556	-0.136503	0.310063	-0.141940	0.121386	0.167400	-0.039937	0.190289	0.184147	-0.148896	0.101646	0.141052	-0.060519	-0.043562	0.124759	-0.223011	-0.115922	-0.016488	0.268558	0.078507	-0.011781	0.090874	-0.137216	-0.003995	-0.113429	0.067500	0.032638	-0.013765	-0.110997	-0.035343	-0.037814	-0.050589	-0.015869	-0.098617	0.068901	-0.042928	0.031455	0.036620	0.027465	0.036521	-0.016438	-0.111016	-0.086581	-0.061009	0.053216	0.123518	-0.045532	-0.140295	0.100340	-0.048644	-0.009891	-0.031624	0.038505	-0.001621	-0.126290	0.012703	0.025215	-0.064037	-0.032053	-0.009434	0.055366	-0.037334	-0.089306	-0.066043	-0.078455	-0.028834	0.020209	0.077223	-0.051216	-0.008032	-0.004825	0.132030	-0.018048	-0.011235	-0.037804	0.025191	0.048866	0.004161	-0.021017	0.024396	-0.076431	0.012075	0.012807	0.026642	-0.013046	-0.041220	0.035507	-0.026912	-0.077527	-0.009621	-0.003419	-0.073444	-0.081116	0.017882	-0.043067	0.016491	-0.021250	-0.008694	-0.000357	0.016782	-0.002926	-0.003857	0.019727	0.002367	0.018744	-0.020495	0.007289	-0.000471	0.017770	-0.024376	0.014767	0.008594
-2.339294	-0.070390	-0.544118	0.720771	-0.356695	0.248447	0.126039	-0.026901	0.164280	-0.083055	-0.294151	-0.105312	-0.072965	-0.139505	-0.239403	-0.003194	-0.040775	0.147257	0.065231	0.103621	-0.028191	0.116381	-0.125008	0.027394	-0.011767	0.016316	-0.035571	-0.032839	-0.061137	0.164428	-0.008827	0.181844	-0.017485	-0.006498	0.058476	-0.017938	-0.023905	-0.141762	-0.007022	0.026011	0.009935	-0.091149	-0.051189	0.026306	-0.018268	0.084007	0.043662	-0.005540	-0.102063	-0.066206	0.024471	0.008702	0.048770	0.024294	0.096404	-0.055167	-0.005807	0.035005	-0.018073	0.029228	-0.051592	-0.040176	0.027643	-0.028759	0.063252	-0.017262	0.025773	-0.002791	0.032178	-0.008674	0.011545	0.009735	0.037859	-0.007373	0.008629	-0.006215	-0.012711	-0.011609	0.028615	0.027682	-0.032609	-0.040210	-0.017550	0.007016	0.006675	0.017356	0.047613	-0.006506	0.001755	-0.010663	0.047739	0.000007	0.013341	-0.003712	-0.011408	0.018490	-0.008684	0.006838	0.011303	0.023561	0.002964	-0.017893	-0.020853	-0.000757	0.020368	-0.009862	0.000597	0.001075	-0.026321	-0.007397	-0.000875	-0.012263	-0.005020	-0.043382	-0.004750	0.016272	0.006944	-0.015821	0.000024	0.014605	-0.000308	0.000524	0.002492	0.010037	-0.010166	-0.031764	0.007686	0.012765
-0.355610	-1.185175	0.775821	0.481198	-0.572471	0.086482	0.194646	0.139175	0.098485	0.078139	-0.147355	0.075278	-0.057757	-0.079652	0.013075	-0.122598	-0.120661	-0.044943	0.178856	-0.104892	0.123429	-0.089334	-0.069481	0.171213	0.097708	-0.055006	-0.310079	0.217663	0.073266	-0.157993	-0.114412	0.059800	0.091056	-0.079658	0.008529	0.071815	-0.031346	-0.021814	0.151340	0.174688	0.198134	0.021260	0.091070	-0.112240	-0.001110	0.002067	-0.034175	-0.018663	0.012219	-0.001278	-0.026060	0.016341	-0.033934	-0.081168	-0.066160	0.097435	-0.013776	-0.052808	0.045571	-0.101384	0.039783	0.067867	-0.121138	-0.078085	-0.088595	0.064016	-0.038156	0.137685	0.078976	0.118191	-0.021241	-0.148164	0.030750	0.116409	0.003741	0.109308	0.064217	0.116872	0.029065	-0.001479	0.106745	-0.005882	0.007760	0.012783	-0.035104	0.052032	-0.088055	-0.100596	-0.057134	0.013145	-0.026136	-0.014412	0.062626	0.049571	0.109936	0.025161	-0.051179	0.049390	0.014621	0.007449	-0.089889	-0.005912	-0.057745	-0.005749	-0.032628	0.027663	-0.018726	0.061643	-0.031076	0.029035	-0.012509	-0.044458	0.007619	-0.020008	0.020540	-0.067247	-0.050889	-0.042922	-0.013628	-0.058859	0.017081	-0.013671	-0.005600	0.039740	-0.018306	-0.034310	0.015860	-0.001311
-1.374220	-0.510481	-0.390953	-0.616493	-0.230474	0.628437	0.126680	-0.157685	-0.131910	-0.181076	0.207116	0.131108	0.009661	0.011718	-0.095899	-0.008741	-0.119392	0.191125	-0.054186	-0.075036	-0.071263	-0.154555	0.046319	-0.320756	0.023265	-0.166246	0.113556	-0.202463	-0.048477	-0.077789	-0.022622	0.046081	0.021001	-0.077141	-0.087842	-0.060143	0.093305	-0.051310	0.132931	-0.032807	-0.036225	-0.012924	0.032689	0.050633	-0.039792	0.023224	-0.220007	-0.039433	0.019475	-0.069384	-0.014708	0.023784	0.000395	0.037693	-0.044002	0.015649	0.035845	-0.042662	-0.016302	0.009872	-0.057079	-0.030417	-0.015310	-0.025533	0.053880	-0.113782	0.015412	0.026125	0.011960	0.048157	-0.075966	-0.002112	-0.102173	0.112557	0.004026	-0.119190	-0.030906	-0.023579	0.110368	-0.086526	0.009015	0.060072	-0.001773	-0.067161	-0.044482	-0.012639	0.065303	0.004076	-0.024420	-0.129998	-0.014820	-0.004199	-0.071973	-0.027062	0.027975	-0.006330	-0.003597	-0.000008	-0.053797	-0.020932	0.095796	-0.059877	-0.030259	0.019581	-0.011745	0.050533	0.067103	-0.024785	0.036549	-0.015249	-0.036931	0.027365	0.011343	-0.100120	0.045352	-0.046547	-0.018958	-0.011756	-0.011738	0.048498	-0.000662	-0.012226	-0.008521	-0.027169	0.052220	-0.020611	0.017073	-0.021241
2.353016	0.285116	0.029635	-0.202466	0.177474	0.107064	0.463135	0.060067	-0.341819	-0.030165	-0.207506	-0.099143	0.041925	0.036874	-0.087899	0.075210	-0.093072	0.051905	0.053030	0.085786	-0.074910	-0.014175	0.066789	-0.140504	-0.084475	-0.071610	-0.049683	-0.030705	0.032686	-0.010238	-0.018114	-0.146965	0.038049	-0.085155	0.056326	-0.009581	-0.115940	0.112841	-0.007689	-0.058519	0.031856	-0.064858	-0.029129	-0.045816	0.001092	-0.028949	0.020080	-0.045845	-0.026938	-0.062286	-0.040994	0.059516	-0.036371	0.010670	-0.016459	-0.101309	-0.048133	0.115692	0.021539	-0.059110	0.011366	0.022612	-0.010823	0.077856	-0.015402	0.037658	-0.020565	0.044671	0.059019	0.054221	0.008888	0.035769	0.019884	0.033004	0.027186	-0.062415	-0.022202	0.015241	-0.040665	-0.052506	-0.035064	0.021273	-0.000602	0.043579	0.048997	0.058582	0.005168	0.017467	-0.002830	-0.008124	-0.019813	0.044691	0.021736	0.019453	0.004723	-0.005570	0.021039	-0.003183	0.031514	0.021034	0.022498	-0.026168	-0.000101	-0.005614	-0.012103	0.018999	0.001922	-0.010265	-0.024519	-0.003774	0.016049	-0.016473	0.004101	0.001732	-0.013731	-0.012940	0.012930	-0.022371	0.010086	-0.021062	-0.014147	0.000877	0.013033	0.007183	0.019190	-0.018602	0.006284	0.000449
-0.761291	-0.169451	-0.653891	0.731011	0.394867	-0.031833	0.278843	0.436888	0.335445	-0.379564	-0.159923	0.205739	0.249642	0.084869	-0.238429	-0.330831	0.112646	-0.255325	-0.019805	-0.172761	-0.121758	-0.253795	0.196380	0.089236	0.014293	-0.018158	0.033380	-0.090249	0.048646	0.005286	0.119363	0.106701	0.237569	0.145874	0.049985	0.006375	-0.050346	0.106926	-0.093056	0.012732	-0.011664	0.100174	0.020824	-0.036752	-0.098384	-0.012055	0.004777	-0.031149	0.068429	-0.005916	0.038180	0.052151	0.003000	-0.011905	0.008037	-0.053130	-0.002422	-0.030765	-0.088831	-0.040703	-0.036642	0.001699	0.024172	0.010160	0.008034	0.017210	-0.002625	0.026906	0.017164	0.005438	0.012782	-0.008621	-0.016651	0.000844	-0.043632	0.000785	0.019846	-0.033890	0.017102	-0.002005	-0.037116	-0.015983	0.002830	-0.020061	-0.014528	-0.024100	0.009944	-0.000440	0.011679	-0.020911	0.005627	-0.003494	0.021997	0.016898	-0.000069	0.005099	0.020204	-0.005163	0.000525	-0.002121	0.015426	0.034599	-0.002940	0.017652	-0.002213	-0.000380	0.024420	0.012878	0.011368	-0.009295	-0.004086	-0.005504	0.012407	-0.004942	-0.013035	0.010743	-0.014262	-0.010323	0.004725	0.004015	-0.005420	-0.008799	0.001659	-0.003333	-0.003149	-0.008049	-0.002049	0.002469
0.911509	0.655275	-0.202634	0.056506	0.792996	-0.149775	-0.416835	0.115986	0.203697	0.106592	-0.129203	-0.080054	-0.121853	-0.058041	0.119120	0.003309	-0.002414	0.086680	-0.031796	-0.019209	0.079877	-0.108508	0.007939	-0.050375	-0.022768	-0.112153	-0.033636	0.021733	0.071584	0.041709	-0.003699	-0.011551	0.012735	-0.032078	-0.039295	0.044916	-0.075935	-0.047980	0.090830	0.045838	0.078272	-0.041817	0.139112	0.043498	-0.001547	0.039900	-0.062852	-0.035868	0.047860	-0.076066	-0.048800	0.039811	-0.035359	-0.000198	0.059699	0.027278	0.034590	0.005263	0.007005	-0.011983	-0.017197	-0.017979	-0.031354	-0.014072	0.008825	-0.016034	0.015476	0.004508	0.004449	0.034652	-0.007114	0.041908	-0.022585	-0.009289	0.038506	-0.009429	0.027366	-0.011764	0.009949	-0.006960	0.005440	-0.032864	0.034138	-0.037488	-0.007637	-0.008492	0.007333	-0.002311	0.035534	-0.017240	0.005522	0.003800	-0.017574	0.012408	-0.017394	-0.005306	0.003678	-0.017553	-0.011246	-0.018758	-0.000670	-0.020624	0.008894	-0.000509	0.021989	0.016207	0.002825	0.025136	-0.005459	0.021530	-0.001433	0.001919	-0.023851	0.002593	-0.034429	-0.031044	0.020009	-0.012565	0.016950	0.006893	0.010865	0.018379	0.009995	-0.007747	-0.012161	-0.006366	-0.014333	0.017167
-0.803800	0.614920	-0.095156	0.017196	0.637263	-0.157355	-0.314519	-0.000906	0.062295	-0.033751	0.135061	-0.235610	-0.287081	-0.253409	0.125299	-0.168007	-0.043778	-0.038330	-0.170919	-0.038805	-0.006101	0.124080	0.055880	-0.008668	0.034303	-0.000833	-0.108984	0.089127	0.015513	0.005051	0.046575	0.051104	0.018445	0.043110	0.041306	-0.002489	-0.024829	-0.063052	0.006426	-0.012017	0.032423	-0.015111	-0.147597	0.085360	-0.029739	-0.075549	0.006960	-0.020431	-0.070518	0.015155	-0.017096	-0.001813	0.013946	0.033925	-0.113915	-0.050431	-0.050987	-0.037344	-0.012010	0.049329	-0.015642	0.054152	-0.033664	-0.055611	-0.015107	-0.072691	-0.092348	-0.123449	0.052422	-0.029140	0.070307	0.026296	0.014822	0.064485	-0.043386	0.022444	0.029160	-0.066646	-0.068681	-0.038407	-0.000009	-0.120074	0.094648	0.022579	-0.070893	-0.033126	-0.024983	-0.001123	-0.005054	0.044454	-0.011851	0.011011	-0.073734	0.039217	0.054937	-0.016978	0.080062	0.017105	-0.045281	0.004906	0.021827	0.034361	-0.041618	0.017308	-0.020311	0.039018	-0.005039	-0.037921	0.026874	0.065546	0.057870	-0.012554	-0.008957	-0.030613	0.039404	-0.035328	0.012888	0.028624	-0.026585	0.004006	-0.005900	0.004307	0.000688	-0.009024	0.036838	-0.037677	-0.040042	0.037502
-1.597408	0.118306	-0.116555	0.279936	0.247641	0.210841	-0.157579	-0.438978	-0.350334	0.240978	0.123783	0.064771	0.144714	0.033931	-0.146392	-0.091186	0.111900	-0.032143	-0.080699	0.036123	-0.034414	-0.003583	-0.076765	0.012646	0.227114	0.037489	0.027174	0.028853	0.081797	-0.042052	-0.082586	-0.061687	-0.078761	0.039114	0.044909	-0.021707	-0.103293	-0.011907	-0.068604	-0.022593	0.058337	0.069884	0.033015	0.006883	-0.011859	0.032463	0.004346	0.034154	-0.041343	-0.000469	-0.102244	-0.025398	-0.043575	-0.022353	0.077004	0.011931	0.032159	-0.041786	-0.021655	-0.006233	-0.037573	0.012746	-0.065825	0.010936	-0.022466	-0.033466	-0.020582	-0.020313	-0.045039	0.029853	0.036863	-0.021808	-0.016295	-0.031067	0.005988	-0.021484	-0.017003	0.027352	-0.019780	0.019038	-0.073408	0.036392	0.014687	0.011977	-0.003899	0.012278	-0.056162	0.012424	0.007297	0.015872	0.029928	0.022916	0.018317	0.002218	-0.020722	0.000767	0.006083	0.013826	0.032474	0.007132	-0.019170	0.006776	-0.032032	-0.008440	-0.001660	0.005952	0.003346	0.007908	0.037807	0.062239	-0.011714	0.000497	-0.010136	0.017211	-0.034031	0.011346	0.016525	-0.034913	-0.018240	-0.014695	-0.029736	-0.001703	0.018625	-0.046849	-0.038736	0.005851	0.033629	-0.027868
-0.717281	0.521023	-0.078587	-0.027343	-0.072979	-0.078532	0.339747	0.160214	0.130845	0.290568	0.114989	-0.290570	0.209805	-0.030180	0.014377	-0.038207	0.064896	-0.019091	-0.061993	-0.026146	0.148795	-0.113689	-0.064588	0.007980	-0.064347	-0.080383	0.142013	0.143233	0.014079	0.082651	-0.010719	0.026404	-0.139008	0.001238	-0.065572	-0.005474	-0.001908	0.108122	-0.080689	-0.069375	-0.088785	0.030737	-0.037497	-0.013372	-0.002282	0.076180	0.131439	-0.030425	-0.055720	-0.050667	-0.057255	-0.069384	0.034883	-0.009025	-0.083921	0.008061	-0.043753	-0.004743	-0.040927	0.009889	0.010914	-0.059000	0.007091	0.040465	-0.029161	-0.008697	0.013286	-0.010355	0.040639	0.033679	-0.045412	0.002614	0.021222	0.000560	0.001807	0.008909	-0.015254	0.013397	0.019113	0.017589	-0.001594	0.016814	0.019066	0.002910	-0.011588	-0.002901	0.002970	-0.026887	0.005814	-0.009100	-0.001036	-0.011955	0.001316	-0.013377	0.015004	0.005113	0.013590	-0.001083	-0.006882	0.001558	0.008755	0.031407	-0.027467	-0.007324	-0.014713	-0.019678	-0.015194	0.006015	-0.014136	-0.001125	-0.010411	0.005150	-0.008861	-0.000699	-0.003186	0.022308	-0.005632	0.005527	-0.001916	0.009121	0.002584	-0.025878	-0.001124	-0.020421	-0.000587	0.019133	0.010932	-0.004199
-0.008006	0.607862	1.376377	0.287116	0.424216	-0.358933	-0.363405	-0.043931	0.228528	-0.186566	-0.005060	-0.306406	-0.187669	0.035139	-0.107944	-0.109598	-0.066061	-0.005449	-0.043484	-0.092875	0.133143	0.041417	0.032793	-0.018729	-0.064414	0.032172	-0.041710	0.045910	-0.110160	-0.027351	0.012411	0.066351	0.004411	-0.015395	0.005063	0.007650	-0.021185	-0.055695	0.112942	0.012672	-0.048699	0.034959	-0.046915	0.019967	-0.130012	0.052642	0.086677	0.023903	-0.032649	0.002613	0.054101	-0.024195	0.039311	-0.018546	-0.017514	-0.070706	0.042821	-0.038500	-0.000671	0.004457	0.001336	0.004711	-0.002573	-0.053451	0.042413	0.029965	-0.016235	-0.098173	0.017791	0.004204	-0.037618	0.021807	0.077034	-0.010653	-0.006884	0.070927	-0.067311	-0.003166	0.015904	-0.062167	-0.079217	0.101941	-0.008331	-0.046059	0.040584	0.001047	-0.019533	-0.007461	0.020822	-0.028535	-0.074076	-0.021340	0.031443	0.015337	-0.055320	-0.024540	-0.001671	0.000337	0.015192	-0.031355	0.013599	-0.018230	-0.036404	0.065635	0.008520	-0.012305	-0.023957	-0.007003	0.036351	-0.037523	0.054038	-0.005852	-0.001609	0.008740	0.033589	0.007153	0.001887	0.027512	0.024973	0.007343	0.000635	-0.005966	0.014671	0.042595	0.009113	-0.011977	-0.015261	-0.011583
1.419519	-0.871431	-0.320077	0.248816	0.082632	-0.088775	0.219082	0.086522	-0.158436	-0.292344	0.003229	0.002008	-0.023892	0.160736	0.004617	0.066339	0.058992	0.094254	0.033605	-0.133566	-0.024215	-0.137163	0.115848	0.100468	-0.011368	0.111554	-0.057018	0.011805	-0.027249	0.031305	0.042941	-0.138235	0.028924	-0.063537	0.019352	0.077295	-0.126176	0.061916	0.038889	0.005626	0.049419	-0.092264	-0.088258	0.026873	0.029073	-0.079350	0.050440	-0.014284	0.061185	-0.002540	-0.071612	-0.012095	-0.084257	0.004452	-0.042646	0.093095	0.038520	-0.066684	0.074550	0.067429	-0.008598	-0.116053	0.050355	-0.000476	-0.004653	-0.124953	0.031218	-0.049586	-0.008927	0.040761	0.036333	-0.108530	-0.015966	0.091420	-0.000143	-0.010074	0.031816	0.031515	0.004451	-0.007442	-0.053230	-0.030149	0.032775	0.002778	0.043669	-0.009872	0.011010	0.004043	-0.094776	-0.045777	0.027265	0.026117	0.022271	0.105201	0.046018	-0.061238	-0.028813	0.023383	-0.084595	0.081385	0.054684	-0.089513	-0.002690	0.015645	0.015485	-0.053974	0.006931	-0.002038	0.048301	-0.030594	-0.093595	-0.001409	-0.122214	0.032815	0.027985	-0.010154	0.025423	0.037095	0.001135	-0.025333	0.027796	-0.001521	0.019392	-0.027257	-0.001451	0.035907	0.056978	-0.006202
-2.449095	-0.295825	-0.309936	-0.266157	0.012328	-0.429302	-0.189952	-0.053148	-0.059609	-0.018514	0.039237	0.137362	-0.133288	0.029868	-0.046902	-0.025367	0.081149	-0.150945	-0.007761	0.033028	-0.134754	0.195034	0.060091	-0.161778	-0.037453	-0.088433	-0.103359	0.032632	-0.026170	0.044836	-0.006924	-0.023050	-0.087969	0.064209	0.101591	0.017518	0.098194	0.024305	0.000582	-0.078395	0.001343	-0.023079	-0.063567	-0.053931	0.019774	-0.037422	-0.094108	0.075799	-0.022848	-0.033214	0.011827	-0.058353	0.066584	-0.098532	-0.120029	-0.012668	0.008497	0.006178	0.003963	0.044525	0.039947	0.044641	-0.074001	0.065964	-0.031755	-0.102900	-0.051065	0.069714	0.049624	0.006727	0.060309	-0.022584	-0.025509	-0.023801	-0.029608	0.027977	0.014653	-0.016277	0.010811	-0.005919	-0.006669	-0.022129	-0.014455	0.041254	0.028755	-0.085755	-0.016252	-0.006562	0.049045	0.016887	0.074421	-0.027768	-0.012104	-0.019934	0.052625	0.012368	-0.046802	0.031315	0.043124	0.024418	0.009748	0.009939	0.018041	-0.052919	-0.048622	-0.052917	-0.006228	-0.033166	0.025663	-0.005532	0.012647	0.013117	-0.038869	0.040728	0.036082	0.025598	0.049539	-0.042493	0.045569	0.015660	-0.007599	0.011673	0.022689	-0.008395	0.010835	0.018254	0.010267	0.011088
0.289481	-0.572172	0.653123	0.326855	-0.064342	-0.310844	-0.238754	0.073865	0.137351	-0.321192	-0.089076	0.116054	-0.114979	0.071628	-0.019091	0.283920	0.269619	-0.039421	0.049013	0.047903	-0.113155	0.294957	-0.179915	0.009006	-0.105960	0.022399	0.099473	-0.049833	-0.007565	-0.034426	-0.062961	-0.085990	-0.087890	0.014933	0.057187	0.025627	-0.097067	0.051224	-0.042759	0.056864	-0.081663	-0.085619	0.112506	0.105524	-0.024881	0.034684	-0.099505	0.074989	0.080588	-0.050549	0.058097	-0.129930	0.041415	-0.133881	-0.131817	-0.014011	-0.093820	0.068171	-0.001606	0.062690	-0.011142	0.068866	-0.031427	0.003138	-0.017822	0.029649	-0.015515	0.152916	0.033071	0.039605	0.060448	0.074843	-0.000922	0.017071	0.034740	-0.004549	0.005588	-0.007090	0.039204	0.080411	0.018781	-0.013605	0.053015	-0.015077	0.062547	-0.003460	0.005241	0.045037	-0.028872	-0.032511	0.054105	-0.024114	0.014395	-0.021938	0.004821	-0.047589	0.033532	0.000812	0.023550	-0.068836	-0.022349	-0.006687	-0.015511	0.014150	0.015480	-0.060331	-0.029348	-0.032876	0.009386	-0.002502	0.047943	-0.026565	0.016113	-0.053018	-0.016477	0.021157	-0.037279	0.016993	0.035084	-0.035896	-0.005799	0.014957	-0.003947	-0.025100	-0.013789	0.000831	-0.010926	0.032309
-1.353651	-0.953287	0.830131	-0.124830	0.220172	-0.611341	-0.186585	0.206404	0.026187	0.049497	-0.108572	0.095310	-0.050706	0.348705	-0.063215	-0.164303	-0.226216	-0.012852	-0.086532	-0.173142	-0.138020	0.007681	-0.079471	0.040727	-0.192132	0.097562	0.190307	0.016488	-0.035996	0.065146	-0.148887	-0.019459	-0.075224	0.097562	0.035078	-0.039709	0.124860	-0.100045	0.080949	-0.030256	-0.063585	0.069843	0.088779	0.009721	0.075609	0.054139	-0.108815	-0.020018	-0.029287	0.090875	-0.011414	0.016489	-0.067608	0.013749	0.030775	-0.026116	0.039789	0.013932	0.009018	-0.014769	-0.036906	-0.027046	-0.023299	-0.033195	0.050792	0.026994	-0.013821	0.041241	0.010125	0.060788	0.000763	0.053304	0.031230	-0.051642	-0.028516	0.066161	-0.077646	-0.042578	-0.039570	-0.020505	-0.049459	0.019793	-0.022016	0.026387	0.001478	0.013325	0.049007	0.002648	0.036787	0.003922	-0.027836	-0.007102	-0.035309	-0.016418	0.012453	-0.016330	-0.011822	-0.044011	0.049066	0.003636	-0.007894	-0.003575	-0.037264	-0.008711	-0.021463	0.015316	-0.002287	0.003229	-0.007131	-0.016116	-0.065666	0.018911	-0.030252	-0.019498	-0.039613	0.007349	0.022292	0.006256	-0.005442	-0.021739	-0.053675	0.035710	-0.021863	-0.034314	-0.003372	-0.025498	0.030825	0.015815
-1.439093	0.054159	-0.148490	-0.453319	-0.062263	0.306374	0.053195	-0.170997	0.130419	-0.080984	0.201038	0.124537	-0.111852	0.077867	-0.033737	0.198042	0.162357	-0.103159	-0.195822	0.118391	0.003926	0.048005	0.053067	0.122040	-0.029056	0.078134	-0.054775	0.055207	-0.122602	0.017623	0.031654	0.028881	0.036109	-0.009468	-0.044030	-0.131553	-0.004949	-0.125131	0.020453	-0.024902	0.042748	0.080739	0.053715	-0.003274	0.013125	0.068172	0.051784	-0.021100	0.013047	0.026529	-0.074893	-0.071135	-0.064598	-0.026092	-0.056750	-0.082156	0.013031	0.022911	0.119286	0.036917	0.007600	-0.004650	-0.049158	0.029118	-0.018711	-0.023612	-0.070457	-0.033881	0.025328	0.046085	0.003927	-0.002983	0.008717	0.058339	0.075439	-0.035869	0.003146	-0.007943	0.056451	0.008405	-0.098706	-0.070126	-0.022287	-0.031733	0.007111	-0.027889	-0.105105	0.019388	0.025411	-0.082238	-0.039741	0.085308	-0.002752	-0.035418	0.078588	-0.006875	-0.014284	0.021024	0.005900	-0.007121	-0.024040	0.008957	0.059340	-0.029622	-0.053955	0.037890	0.054502	-0.002738	-0.017185	-0.006478	0.033666	0.004213	0.018739	-0.060024	0.034897	0.002388	-0.016881	0.046982	-0.009151	0.019654	0.006328	-0.022582	0.021460	0.020118	0.064535	0.025014	0.019430	-0.030542
0.747751	0.545636	0.495939	-0.069131	0.089606	-0.320466	0.260928	-0.112919	-0.283523	-0.164940	-0.258948	0.046535	-0.176380	0.189109	0.164414	-0.058808	0.186732	0.139936	0.226579	0.053318	-0.040282	0.012533	0.006899	-0.030461	-0.048036	0.021084	0.103604	-0.060304	0.003222	0.005321	0.011872	0.096824	0.065019	0.028571	0.099211	0.016297	0.102822	0.061216	0.009338	0.022514	-0.050356	-0.007525	0.061303	-0.011418	0.005440	0.039179	0.040371	-0.001988	-0.016908	-0.006634	-0.040845	-0.074732	-0.003506	-0.006521	0.006136	0.015516	0.062915	-0.041078	0.056934	0.032483	-0.017202	0.021460	-0.037781	-0.000121	0.031888	0.007227	-0.007696	-0.013098	-0.004538	0.011186	-0.022461	-0.027229	-0.030362	-0.011763	-0.009580	0.020069	-0.019346	-0.052078	-0.039458	0.040698	-0.020478	0.019587	-0.006470	-0.014610	0.009448	0.026584	-0.023524	0.000707	-0.012473	-0.014588	-0.010307	0.019501	-0.008907	0.031359	-0.048621	-0.013895	0.017849	0.013522	0.001803	0.011377	0.005704	-0.009172	-0.036072	0.016104	-0.020972	0.002436	-0.027182	0.006002	-0.009045	0.004249	0.001057	0.013807	0.061053	-0.022273	-0.004115	0.011085	-0.003473	0.019780	-0.031319	-0.008281	-0.002012	-0.054344	-0.011200	0.014920	0.005471	-0.012820	0.007394	0.030201
-0.739110	-0.925074	0.660994	0.507323	-0.567167	0.097079	0.202821	0.132069	0.121075	0.050085	-0.113582	0.128348	-0.088262	-0.107438	-0.016198	-0.068591	-0.123558	-0.036751	0.214352	-0.060897	0.142159	-0.062698	-0.007905	0.151786	0.126761	-0.113874	-0.365790	0.153359	0.085434	-0.181586	-0.132095	0.109094	0.058110	-0.013957	0.010955	0.079500	-0.004756	0.022540	0.092242	0.191102	0.140036	0.010991	0.092388	-0.125316	-0.009549	0.025872	-0.055050	-0.034941	0.001114	0.022329	-0.039535	0.001276	-0.029145	-0.070598	-0.110144	0.078782	-0.049262	-0.034179	0.037663	-0.056642	0.036871	0.043920	-0.079259	-0.053457	-0.099433	0.079205	-0.002221	0.134591	0.052574	0.087644	-0.027254	-0.147842	0.052254	0.112064	0.003128	0.144504	0.065251	0.095384	0.012466	0.006926	0.091526	0.018425	-0.034243	0.030975	-0.026356	0.072143	-0.101858	-0.088448	-0.042701	-0.010512	-0.018896	-0.025105	0.065996	0.052597	0.083525	0.036411	-0.056392	0.039733	0.004947	-0.004754	-0.083528	0.020383	-0.074773	0.028061	-0.030520	0.018487	-0.022500	0.063094	-0.026328	0.011068	-0.017674	-0.049314	0.008401	-0.030009	0.010341	-0.072984	-0.063911	-0.036721	-0.031571	-0.044463	0.028550	0.015442	0.000724	0.027725	-0.007078	-0.040958	0.016851	0.006364
-1.507762	-0.187916	-0.058786	0.358432	-0.296072	0.343565	-0.027013	0.135588	0.208743	-0.187303	-0.308921	-0.004453	-0.217404	-0.133898	-0.272901	0.013482	0.005431	-0.186592	-0.049022	0.192034	0.016239	-0.002330	0.002021	-0.080082	0.112072	0.055093	0.072177	0.079657	0.128026	-0.143349	0.107910	-0.044435	-0.085603	0.051573	-0.042346	0.098683	0.152975	0.086661	-0.005139	-0.118175	0.053043	-0.117301	0.078842	-0.064701	0.193325	-0.008611	-0.030044	-0.014606	-0.019329	-0.044391	-0.009496	0.031080	0.005876	0.043103	-0.034853	-0.014499	0.062938	-0.052326	-0.035961	0.006258	0.049787	0.006488	0.054387	0.011119	0.012266	0.053341	0.014830	-0.012391	-0.059550	0.026622	0.004277	-0.047905	0.056205	-0.030689	0.033419	0.014916	-0.027864	0.036883	0.023848	-0.024570	-0.029383	0.026874	0.015434	-0.007092	0.019211	0.021172	-0.000144	-0.010520	0.001787	0.029470	-0.015880	0.024358	0.026917	0.012997	0.020955	-0.021504	0.033850	-0.008252	-0.023850	-0.058321	0.007602	-0.002333	-0.013552	-0.014118	-0.009194	0.015894	0.012975	0.009121	-0.009535	-0.011768	0.006354	0.018604	0.004266	-0.001267	-0.003139	0.017434	0.016461	0.060603	0.043413	-0.023703	0.009534	-0.025796	-0.019055	-0.044750	-0.008405	0.034192	0.005538	-0.020446
1.131474	0.024942	-0.337674	-0.577807	-0.161420	0.177371	-0.182236	-0.459185	0.055902	0.119092	-0.528347	0.007644	0.141620	0.144617	0.317229	0.017289	-0.000198	-0.152580	-0.158160	-0.066972	-0.065959	0.004833	-0.082437	0.149746	-0.072433	-0.094622	0.133637	0.027448	-0.047360	-0.093576	0.007447	-0.050143	-0.073394	-0.109634	0.087241	0.062343	0.053025	0.021527	-0.007517	0.062974	-0.098599	-0.000783	-0.019796	-0.055473	-0.095035	0.024244	-0.067298	0.043617	-0.057661	-0.022375	-0.052854	0.012872	-0.022176	0.007080	0.026332	-0.090750	-0.005588	0.023011	-0.009078	-0.001648	-0.080894	-0.025720	-0.019270	-0.000116	-0.052867	0.012564	0.001868	0.005073	-0.025973	0.030513	0.029403	-0.069585	-0.004579	0.010553	0.049255	0.042058	-0.041384	-0.017330	-0.012976	-0.036311	0.053387	-0.006467	-0.032061	-0.053129	0.073527	-0.023790	0.030992	-0.022477	-0.013599	0.054178	-0.001976	-0.038078	0.038258	0.072589	-0.017458	-0.024835	0.036730	-0.001279	0.009491	0.069996	-0.025624	0.059688	-0.018046	-0.021485	0.014498	-0.008231	0.021666	-0.031385	0.060064	-0.009346	-0.007410	-0.006667	0.008828	-0.042304	0.006890	0.025419	0.012528	-0.014682	-0.010709	0.040512	0.010843	-0.002263	-0.049390	0.038394	-0.033483	-0.017886	-0.033804	-0.019675
-2.475394	-0.422980	-0.604496	0.686925	-0.285499	0.295834	0.198152	0.040717	0.161037	-0.069648	-0.322730	-0.042133	-0.040500	-0.106851	-0.237234	-0.051993	-0.090262	0.146478	0.025567	0.077809	-0.067685	0.119312	-0.161424	0.055188	-0.003489	0.011880	-0.112733	-0.043346	-0.022202	0.200165	-0.060346	0.159612	0.011691	0.003972	0.038456	-0.018749	-0.052801	-0.142384	-0.003365	0.033367	0.024614	-0.114843	-0.015617	-0.029861	0.018143	0.096583	0.050166	0.034302	-0.139373	-0.071423	0.020995	-0.004345	0.033556	0.017382	0.059699	-0.037623	-0.048918	0.045414	0.001011	0.051470	-0.080463	-0.035783	0.023646	-0.015700	0.052975	0.005380	0.047433	-0.027722	0.035929	-0.039736	0.014295	0.016047	0.018589	-0.008080	0.004409	0.016827	-0.037715	0.000382	0.056806	0.037393	0.005071	-0.028968	0.019099	0.029483	0.034250	0.002702	0.023006	-0.007060	-0.039779	0.011098	-0.005973	-0.034273	0.022916	0.017269	-0.041980	0.047972	-0.003431	-0.005378	0.011511	0.035137	0.003507	-0.034088	0.017454	-0.029024	-0.002262	0.014155	0.026654	-0.008076	-0.008263	0.001933	0.003111	-0.021592	0.018610	-0.010485	-0.005707	0.014584	0.003991	0.018144	-0.010604	0.015793	-0.007156	-0.014450	0.001290	0.022314	-0.022930	-0.011167	0.030734	0.021186
0.213479	-0.777497	-0.327897	-0.386829	0.039176	-0.408832	-0.082788	-0.196973	0.161189	-0.211658	0.200500	0.455025	0.050772	0.243116	0.018125	-0.292015	-0.293252	-0.180258	-0.003917	0.253959	-0.124209	0.080152	0.167970	-0.215441	0.011023	-0.107987	-0.028301	0.009659	-0.083528	-0.104624	-0.084317	0.040812	-0.172150	-0.257845	0.034735	-0.059423	0.026271	0.029758	0.097758	-0.061398	-0.021496	-0.005594	-0.047625	-0.026445	-0.033422	0.044172	0.050104	0.016068	-0.110606	0.068909	0.114589	-0.046811	0.053560	-0.033912	0.040261	0.047665	-0.105052	-0.059125	-0.091704	-0.046048	-0.000362	0.045072	0.154774	0.023281	-0.073668	0.059533	-0.036258	-0.006083	-0.030102	-0.037187	-0.018558	0.049399	-0.012587	-0.088228	0.162927	-0.014490	0.056827	0.048460	-0.007235	0.106446	-0.015136	-0.026256	0.087291	0.009540	0.006133	0.007791	-0.004144	0.045890	0.087242	-0.066839	-0.021589	0.051031	0.000376	-0.037114	0.010451	0.062471	-0.053708	-0.006229	-0.096831	-0.011528	0.015382	0.004402	-0.021129	-0.037415	0.077773	0.007469	0.025214	0.072860	-0.012003	-0.001977	0.019095	0.024675	-0.010925	-0.015374	-0.028815	0.001152	0.011115	-0.036713	-0.062572	-0.046657	0.073158	-0.033749	0.001819	-0.005121	-0.019828	0.037914	0.093333	0.022495
0.924941	0.638223	0.018295	-0.257852	-0.235676	0.415703	0.208140	0.146302	0.036802	0.047721	0.039985	-0.151803	0.206873	-0.053213	0.023346	0.270870	0.086535	-0.162655	-0.075944	-0.023184	0.277224	-0.096575	-0.075459	0.093163	0.006461	0.075026	0.209858	-0.059224	-0.177394	-0.011097	-0.023113	0.038356	0.026932	0.098025	0.111923	-0.138380	-0.000195	0.049513	0.127294	0.098186	0.030913	-0.056918	0.142266	-0.043476	0.061670	0.091472	-0.173730	-0.018361	0.102607	0.175325	0.038273	0.070842	0.022479	-0.049226	0.156200	-0.036264	0.007310	-0.034353	0.093612	-0.061892	-0.002639	-0.030467	-0.008899	-0.039411	0.059841	-0.030874	-0.016007	0.069444	0.042204	0.011504	-0.007361	0.056402	-0.063978	0.066925	0.046120	-0.021660	0.037927	0.000640	-0.063023	0.075353	0.041715	-0.011979	-0.003788	0.015842	0.057675	0.006287	-0.082567	0.015159	0.009541	0.034602	0.005287	0.126177	-0.059824	-0.002907	0.059229	0.059196	0.047323	0.092845	0.018697	-0.081457	-0.020012	0.038082	0.033457	-0.084631	-0.047736	-0.065821	-0.036561	-0.014129	0.021618	0.014386	0.022858	0.012002	-0.063132	-0.118703	-0.004601	0.095505	0.043907	0.058036	0.025135	0.000386	-0.046541	-0.053845	-0.027916	0.026148	-0.083074	-0.051445	0.016317	-0.018315
0.503175	0.768103	0.059575	-0.274448	0.073561	0.091204	0.338969	-0.055966	-0.072596	-0.231421	-0.101251	-0.107284	0.087554	-0.241034	-0.115866	0.129705	-0.033279	-0.052653	0.094878	-0.031626	0.130970	0.065173	-0.071326	0.008912	-0.184450	0.112232	0.003605	-0.041703	0.041387	0.005431	0.020873	-0.056083	0.067162	-0.006179	0.010563	-0.053001	-0.031583	-0.024863	-0.013280	-0.003958	-0.048748	0.062446	-0.054981	-0.007129	-0.090421	-0.005950	0.068967	-0.211397	-0.008264	0.020462	0.020111	-0.032176	-0.050134	-0.003881	-0.004681	-0.000087	-0.030951	-0.107134	0.003478	-0.025924	0.046981	-0.023228	0.085023	-0.043437	0.107866	0.036945	-0.037691	-0.003443	0.005034	-0.003269	0.031599	-0.000775	0.068549	0.021354	0.079623	0.036274	0.036749	-0.030191	-0.013035	0.059315	-0.026571	0.007527	-0.059893	0.029877	0.069993	-0.032381	-0.021251	-0.038475	0.075669	0.012717	-0.003982	-0.013770	0.020386	0.009152	-0.016533	0.012536	-0.027175	0.023322	0.016370	0.013436	0.024783	-0.024321	-0.035617	0.016113	0.009589	-0.006703	-0.017455	-0.039712	-0.030337	0.059750	0.030977	0.079343	-0.002329	0.000479	-0.034179	-0.072176	-0.000449	0.009736	0.004024	0.016334	-0.011506	0.005581	-0.026203	-0.014647	-0.031114	0.026393	-0.037334	-0.000973
-1.174403	0.008230	-0.142039	-0.648883	-0.232758	0.109514	-0.167550	-0.166702	-0.006698	-0.055930	-0.150046	-0.019012	0.059675	-0.020811	0.129469	-0.060505	-0.093726	0.048650	-0.000574	-0.111008	0.011458	0.118571	-0.038096	0.103459	0.143594	-0.013871	-0.037503	-0.023794	0.005993	0.009902	0.200248	0.052045	0.062984	0.110397	-0.059919	-0.010991	-0.086678	-0.020853	0.062366	0.002238	0.175434	0.002085	-0.024037	0.044653	0.083898	0.091295	0.065206	0.035854	0.000493	0.066014	-0.000078	-0.203203	-0.055279	-0.031163	0.017048	0.060293	0.031508	0.068654	-0.025425	-0.065395	-0.047860	0.041780	-0.001377	0.018061	-0.003182	-0.003181	-0.005762	0.021871	-0.041177	0.127880	0.011445	0.044300	-0.086317	0.058892	0.062976	-0.042359	-0.049921	-0.019770	-0.021007	-0.029921	0.006534	0.047161	-0.084450	0.034993	-0.046240	0.023963	0.067590	0.033262	-0.038703	-0.035790	-0.005257	-0.004281	-0.019256	-0.013425	0.002851	0.014988	0.004859	0.025975	0.035048	0.030392	-0.026426	0.044557	-0.021773	0.023136	-0.028375	0.002485	-0.008853	0.008373	0.010290	-0.025790	0.021638	-0.041663	0.017445	0.018070	-0.039423	-0.015884	0.013868	0.023875	0.025118	-0.000553	0.015420	-0.012927	0.020318	-0.050585	-0.000172	0.036103	0.018719	0.026146
0.035462	0.898722	0.152552	-0.190557	-0.109744	-0.082450	0.397133	-0.004842	-0.142533	0.012123	-0.023189	-0.162630	0.113528	0.047197	-0.079925	0.051629	-0.028350	-0.090118	0.067122	0.132954	-0.031348	0.123024	0.067674	-0.024575	-0.022379	-0.084521	0.076869	0.075154	0.080692	0.035190	-0.062844	-0.013083	0.050279	0.028217	0.002866	-0.003274	-0.027053	-0.036352	0.012145	0.050129	0.001270	0.050980	-0.001817	0.003242	-0.044599	0.022536	-0.125582	-0.060311	0.070071	-0.002747	-0.002478	0.025488	-0.007369	-0.040993	0.024630	0.038059	-0.051562	0.000759	-0.004266	0.000193	-0.021705	-0.007975	0.002592	-0.016087	0.060633	-0.022097	-0.002567	-0.002435	-0.045592	-0.002203	0.008072	-0.005299	-0.055949	-0.004138	-0.023297	0.019406	-0.031655	0.036159	-0.009646	0.045425	0.036502	0.067488	-0.012317	0.061923	-0.017408	-0.003989	0.026084	0.003340	-0.005678	-0.074473	0.039133	-0.028780	-0.031341	0.041847	0.017987	-0.032045	-0.008804	0.018594	0.020943	0.019276	0.009808	-0.022767	0.016392	-0.059563	0.018945	0.006925	0.030992	-0.003904	0.012530	-0.001123	0.019929	0.003928	0.015977	0.013920	0.009593	0.002806	0.012577	0.002820	0.015643	-0.038474	0.013150	-0.045570	0.011702	0.001660	0.029401	-0.020632	-0.011040	0.035031
-1.441557	-0.433049	0.588291	-0.718379	-0.255924	-0.108024	-0.381451	0.055024	-0.178498	-0.188483	-0.126840	-0.119620	-0.006664	-0.041274	0.167548	-0.141250	0.098328	-0.065766	-0.122372	-0.207024	-0.020401	-0.087525	-0.137740	-0.017915	-0.110927	0.053956	-0.038970	0.031678	-0.066253	0.102088	0.078083	0.109723	0.035450	0.072793	0.114579	-0.008585	0.064886	0.017702	-0.032900	-0.042678	0.033917	0.060496	-0.060054	0.108454	0.120155	0.035158	0.030846	-0.077874	0.022427	0.047652	0.022253	-0.027630	-0.008754	0.022325	0.010002	0.032838	0.047050	0.012250	-0.065656	-0.027027	-0.054549	0.083303	0.013724	0.080304	0.020384	-0.035853	-0.002442	0.036456	0.011093	0.050981	0.025156	-0.005194	0.029697	0.123112	0.013326	0.032002	0.020839	0.008096	-0.003941	-0.005724	-0.009284	0.065462	-0.008414	0.044227	0.044800	0.033293	0.031372	0.015865	0.012696	0.014858	-0.001750	-0.001307	-0.062460	0.000514	0.022924	0.040512	-0.006297	-0.002240	0.028848	0.029756	-0.024610	0.025073	0.077767	0.018531	-0.009426	0.003600	-0.030406	-0.013016	-0.020263	-0.020926	0.039680	-0.058747	0.005388	-0.006235	-0.026525	0.032445	-0.020602	0.011282	-0.007196	0.036151	0.042049	0.013291	-0.002959	0.002959	-0.012816	0.019498	0.017526	-0.010605
-1.436090	-0.426177	0.566780	-0.716855	-0.243828	-0.113084	-0.411734	0.064219	-0.200190	-0.206437	-0.125143	-0.126890	0.003613	-0.051772	0.175881	-0.162070	0.104898	-0.079205	-0.130517	-0.190136	-0.008417	-0.085885	-0.122952	-0.034947	-0.123513	0.064465	-0.056001	0.035737	-0.065863	0.117536	0.066946	0.122760	0.041047	0.089093	0.136357	-0.014714	0.076807	0.037036	-0.030931	-0.035019	0.031534	0.057445	-0.063940	0.120854	0.112257	0.013046	0.024795	-0.057828	0.015598	0.052061	0.017586	-0.033750	-0.001420	0.046843	0.016068	0.036057	0.037891	0.020194	-0.067328	-0.025877	-0.045116	0.079306	0.007926	0.080492	0.034864	-0.025332	0.001277	0.035934	0.005419	0.045987	0.021633	-0.007595	0.035086	0.127987	0.019028	0.040607	0.035820	0.017238	-0.005953	-0.002712	0.001885	0.066980	-0.010710	0.041537	0.049779	0.030961	0.029434	0.017637	0.013120	0.011375	-0.004355	-0.009816	-0.063845	-0.001441	0.029079	0.048662	-0.011546	-0.003786	0.027787	0.027831	-0.025780	0.023255	0.081661	0.007743	-0.012109	-0.000996	-0.026883	-0.006334	-0.027805	-0.020102	0.035253	-0.052218	0.006951	-0.003998	-0.024663	0.036393	-0.021080	0.010602	-0.008688	0.034507	0.038792	0.021022	-0.004277	0.004029	-0.015753	0.013099	0.024260	-0.016534
1.111409	-0.416593	-0.557322	-0.028232	-0.003355	0.061255	0.333738	0.310319	-0.097521	0.224426	0.011473	0.008578	0.019395	-0.185687	-0.207901	-0.008873	-0.181842	-0.048020	-0.009470	0.132412	0.096522	0.032202	0.050195	0.007493	-0.009186	0.012704	0.166113	-0.032967	0.041678	-0.095870	0.084641	0.001528	-0.150761	-0.061819	0.091889	-0.031005	-0.032473	-0.039699	0.160965	0.074461	0.078096	0.004771	0.093796	-0.031967	0.008068	0.010488	0.073625	0.026685	0.030318	0.048765	0.082936	0.013463	0.112132	-0.014906	0.072272	-0.102880	0.102351	0.103719	0.057704	0.056127	0.044296	-0.005571	-0.008894	-0.010323	0.080736	-0.067514	0.011156	0.035592	0.001993	-0.010988	0.063247	-0.079274	0.047565	-0.094630	-0.028252	0.048593	-0.019383	0.025676	-0.038413	0.016384	0.027379	-0.028127	-0.039299	0.018554	-0.040520	-0.010986	0.029291	-0.000180	-0.075624	0.007349	0.001975	0.002588	-0.026595	0.097270	0.057699	-0.052013	-0.041168	-0.026729	0.004896	-0.024655	-0.004902	0.020557	-0.013701	0.052516	-0.012396	0.014623	0.065612	0.000034	-0.054277	0.026600	0.022906	-0.016049	0.004940	0.010765	0.081831	0.011137	-0.038656	0.001623	0.032282	0.008904	0.040553	0.048127	0.045663	0.041624	-0.020860	0.007191	-0.048906	-0.059822
-0.930204	-0.445099	-0.023469	0.398427	-0.135538	0.444706	0.075707	0.075500	0.136261	-0.023954	-0.065308	-0.002679	0.019052	0.103927	0.014600	-0.037611	0.052840	0.080202	0.040605	0.090991	0.046817	0.043219	0.028133	-0.040579	-0.084994	0.074430	-0.107129	-0.004033	-0.048205	-0.020279	0.052582	-0.058433	0.032908	-0.099972	0.008235	-0.042595	0.005684	0.035630	0.030089	0.127359	-0.047254	0.067273	0.044238	-0.058840	-0.040454	-0.031361	-0.008296	0.032408	0.043381	0.043269	0.005862	0.001546	0.006213	0.073986	0.087067	0.090727	-0.045310	0.021309	-0.016353	0.053690	0.085231	-0.130740	-0.043798	0.171211	0.022640	-0.045644	0.015780	0.067889	-0.010607	-0.010424	0.076264	-0.112635	0.006363	-0.020472	0.045145	0.068037	-0.002251	-0.007271	-0.059090	-0.014331	0.030481	0.010930	0.036524	-0.012529	-0.055716	-0.039378	-0.025580	0.030508	0.065575	-0.018163	-0.001936	-0.007895	0.014888	0.043249	-0.024411	0.080100	-0.027381	-0.054012	-0.129592	-0.048583	0.013888	0.026074	-0.025217	-0.014609	-0.078303	0.027215	-0.053002	-0.038545	0.030942	-0.022661	0.004958	0.027687	0.053514	0.007777	0.007952	0.051712	0.025928	-0.003797	0.030867	-0.001923	-0.024328	-0.006955	0.031870	0.016406	0.022340	0.000591	0.021584	0.003888
-1.567275	-1.250282	1.307308	-0.575455	0.185890	-0.017773	-0.116097	0.054229	0.036042	0.089727	-0.146965	0.117646	-0.151566	-0.077084	-0.000007	0.051469	-0.045579	-0.009507	-0.204706	-0.362613	-0.139188	0.016601	-0.159380	0.106616	-0.099483	0.117287	0.130506	-0.101034	0.109591	0.183570	-0.072329	0.033625	0.010887	-0.060793	-0.018053	0.059357	0.008639	-0.019956	-0.060592	-0.016839	-0.072329	0.039807	-0.020769	-0.027683	0.032081	-0.028968	0.090003	0.007846	0.048955	-0.044370	0.060442	-0.065676	-0.095118	-0.059325	0.057871	-0.006745	0.134531	-0.022868	-0.006419	-0.052869	0.023763	-0.009148	-0.072977	-0.046608	0.106924	0.053229	-0.024878	0.009310	-0.031969	-0.010480	-0.013117	-0.005152	0.012762	0.060458	0.015450	-0.010347	0.039268	0.019715	0.007062	0.027311	0.052214	0.005535	-0.018842	0.040352	0.041728	0.039331	0.011732	0.020660	-0.026492	0.025492	0.036035	0.011877	-0.063131	0.010191	0.014443	0.001796	-0.013178	-0.070057	0.006366	0.031375	0.005464	-0.053267	0.011516	-0.089707	0.025284	0.077926	0.010138	0.022969	-0.037352	0.041122	0.036009	0.009928	0.012591	-0.003055	-0.002809	0.005744	-0.021669	0.025361	0.014829	0.002506	-0.020371	0.050425	-0.011781	-0.005024	0.056734	-0.052046	0.056944	0.019734
0.845413	-0.512784	0.351946	0.142809	0.294123	0.270806	0.022526	0.339549	-0.198207	0.110024	-0.060147	-0.126250	-0.132016	0.159236	0.089781	0.190034	0.063414	-0.018053	-0.000737	0.112959	-0.096312	0.146534	-0.056996	-0.104377	0.115939	-0.010788	0.143555	-0.158281	-0.017504	0.096805	0.037363	0.123239	0.059264	-0.038959	-0.079281	0.069534	0.072954	0.158135	0.042904	0.037176	-0.085757	0.072738	0.053707	-0.041705	-0.013871	0.037862	-0.021027	0.102612	-0.077337	0.076768	0.089275	-0.102094	-0.083097	0.024411	0.052053	0.014585	0.045628	0.055730	-0.034514	-0.008658	0.066566	-0.035550	-0.066024	-0.026794	0.037457	0.072779	-0.131622	-0.031050	-0.001096	-0.075848	0.000442	-0.083241	-0.049536	0.082338	-0.027446	-0.025068	-0.082694	0.138429	0.095891	-0.106613	0.009331	-0.031310	0.036025	0.041279	-0.091201	-0.081570	-0.042233	0.087328	0.032310	0.074595	0.099355	-0.023305	0.093875	-0.041130	0.025235	-0.042659	0.044362	-0.049059	-0.013252	0.071433	0.020037	0.012560	0.020089	0.013491	-0.002838	-0.011368	-0.069692	0.006890	-0.033575	0.008071	-0.003165	0.052465	-0.008217	-0.005016	-0.008250	-0.009134	0.021396	-0.015933	-0.005717	-0.015298	0.024420	0.012147	-0.015078	0.012562	-0.033224	0.019745	-0.011351	-0.005128
0.713553	-0.260980	-0.033312	0.149328	0.303322	0.308754	0.107003	0.334941	-0.182266	0.214798	-0.036466	-0.069387	-0.119728	0.167106	0.099697	0.139691	-0.075659	0.031794	0.022110	0.045742	-0.055158	0.061230	0.034326	0.039592	0.158706	0.091405	0.182659	-0.087183	-0.082831	0.070298	0.024469	0.036835	0.051075	-0.027574	-0.114929	0.070060	0.000237	0.121314	0.165869	0.025278	-0.020498	0.020802	0.080377	-0.126470	-0.061784	-0.006080	-0.008167	0.052258	-0.105788	0.129734	0.073635	-0.074359	-0.063770	-0.006552	0.044015	-0.014817	0.040100	0.105467	-0.021498	0.018454	-0.039347	-0.043099	-0.045066	-0.015862	0.010655	0.033813	-0.073004	-0.090643	-0.002432	-0.067568	0.004870	-0.090561	-0.010650	0.069637	0.001373	-0.047650	-0.033673	0.105091	0.073054	-0.106956	-0.036000	-0.090683	0.071054	0.024577	-0.021304	-0.036252	-0.026689	0.096308	0.022051	0.072754	0.064391	-0.049407	0.094250	-0.008646	0.033505	-0.044208	0.057317	-0.042013	0.004258	0.048245	0.011009	0.011955	0.017180	-0.001485	0.027494	-0.009042	-0.062466	0.065044	-0.067662	-0.014997	0.014158	0.071423	-0.049255	-0.021295	-0.008643	0.025841	0.005502	-0.002653	-0.026210	0.000369	0.037557	0.046705	-0.015423	0.008753	-0.050818	0.006342	0.008897	-0.017337
0.930923	-0.564674	0.400458	0.128392	0.301093	0.262982	0.021776	0.341347	-0.221117	0.111696	-0.078110	-0.116288	-0.143021	0.169088	0.110632	0.165814	0.060460	-0.031794	-0.027151	0.102489	-0.123384	0.162828	-0.050002	-0.114075	0.107696	-0.022323	0.149498	-0.150520	-0.015691	0.106948	0.030535	0.145679	0.054735	-0.031951	-0.064014	0.063722	0.068184	0.145811	0.035772	0.019573	-0.077433	0.094213	0.053979	-0.026807	-0.017463	0.036354	-0.027525	0.102413	-0.079594	0.077277	0.078078	-0.104073	-0.091449	0.034295	0.060077	0.030500	0.047940	0.065724	-0.031024	-0.013398	0.064733	-0.038416	-0.081475	-0.029281	0.021721	0.068354	-0.141228	-0.028058	0.005675	-0.067571	-0.003984	-0.088597	-0.048594	0.084407	-0.021438	-0.035373	-0.078602	0.141868	0.097701	-0.115186	0.006022	-0.036319	0.050746	0.040676	-0.095724	-0.092046	-0.035086	0.091023	0.038261	0.077261	0.096234	-0.019417	0.095761	-0.046369	0.021112	-0.049385	0.053352	-0.047615	-0.011127	0.075769	0.015463	0.011216	0.012163	0.018373	0.001020	-0.008800	-0.070492	0.007318	-0.029472	0.012074	-0.009869	0.053685	-0.004782	-0.001079	-0.002248	-0.011621	0.027877	-0.022629	-0.002290	-0.015432	0.025715	0.003077	-0.016893	0.013387	-0.038335	0.017562	-0.012054	-0.008522
-1.613123	-1.235401	1.274033	-0.595678	0.184363	-0.011131	-0.084710	0.049096	0.098994	0.117624	-0.143738	0.088979	-0.144146	-0.092494	0.006193	0.053742	-0.081580	0.028439	-0.192513	-0.314605	-0.132431	-0.017020	-0.152073	0.131873	-0.032828	0.100986	0.136816	-0.111547	0.064426	0.164194	-0.099923	0.009800	0.039358	-0.040065	-0.030052	0.034099	-0.007750	-0.006344	-0.070686	-0.006850	-0.073254	0.029177	-0.033101	-0.043282	0.011393	-0.006933	0.084923	-0.026848	0.055117	-0.051737	0.066195	-0.055154	-0.079179	-0.061222	0.025635	-0.011971	0.127476	-0.022369	0.005281	-0.057090	0.033110	0.002378	-0.047719	-0.016621	0.099202	0.082854	-0.013243	0.000012	-0.033443	-0.019589	-0.024426	0.002264	0.028506	0.053220	-0.008457	-0.020648	0.048489	0.000128	0.004658	0.045038	0.043348	0.010181	0.010799	0.053651	0.040896	0.062230	0.022245	0.016297	-0.032460	0.008718	0.041020	0.015649	-0.060653	-0.007433	-0.017109	-0.002586	0.000628	-0.071922	0.000819	0.031110	0.008440	-0.047856	0.001477	-0.075524	0.022970	0.064974	-0.005445	0.036219	-0.041312	0.030000	0.043291	0.015220	0.000562	-0.002633	-0.002196	-0.010512	-0.017954	0.029971	0.039600	0.012396	-0.021616	0.043993	-0.002209	-0.010944	0.050348	-0.031347	0.059650	0.014796
-1.624218	-0.457694	0.229799	-0.412453	0.069694	-0.239865	-0.034184	0.152977	0.209681	-0.001789	0.028397	0.022710	-0.048447	-0.169264	0.011166	0.224230	-0.052610	0.007140	0.102089	0.241361	-0.061168	0.026549	-0.011927	0.015283	0.080024	-0.023915	-0.012732	0.068966	-0.103779	0.041261	0.005285	-0.055877	0.054699	0.153327	-0.011591	0.007210	-0.060227	0.059039	-0.038263	-0.002303	0.034775	0.057841	-0.072795	-0.009114	0.030519	-0.008342	0.024901	-0.025770	0.019252	0.015721	-0.032570	0.038675	0.080322	-0.033951	0.047364	-0.034509	0.010157	0.029691	-0.013396	0.019693	0.029664	0.017541	-0.065281	0.051323	-0.045968	-0.085246	0.043396	0.001864	0.027654	0.055538	0.012113	-0.018333	0.057578	0.064597	-0.024282	-0.073324	-0.079313	-0.027615	0.068177	-0.021327	0.031870	0.055692	0.015273	-0.010555	-0.001102	-0.013967	-0.024148	-0.013455	-0.027468	-0.009040	-0.023916	0.007448	0.017429	0.028595	-0.022552	-0.003309	-0.002866	-0.010213	-0.027344	0.022713	0.043846	-0.020370	-0.000049	-0.018682	0.006747	-0.024950	0.020180	0.003384	-0.028652	0.050733	0.005861	-0.007894	-0.040824	0.008324	-0.000112	0.027233	-0.016492	-0.025300	0.030629	-0.002684	-0.002435	-0.017818	-0.033291	-0.005411	0.015492	0.017244	-0.024115	-0.014713
-0.011897	0.813681	-0.232919	0.029015	0.148531	0.141472	0.419549	-0.217642	-0.111435	-0.132810	-0.079548	0.130760	-0.075262	0.020491	0.206194	-0.084666	0.120603	0.131325	0.236335	-0.147487	-0.005525	0.026560	0.064838	0.106416	0.059784	0.025234	0.045215	-0.009298	-0.013210	0.024976	-0.080238	0.006641	0.012996	0.116322	-0.041516	-0.046941	0.078953	-0.086499	0.146871	-0.036803	0.033014	0.038646	-0.024536	-0.011009	0.009460	0.024623	0.041588	0.048509	0.047455	0.000946	-0.030343	-0.048481	0.027850	0.029763	0.037561	-0.040810	0.017311	0.023569	-0.045237	-0.000582	-0.030444	-0.004546	-0.029945	-0.000172	-0.011200	-0.005873	-0.027946	-0.020507	0.011946	-0.004935	0.016154	0.026026	0.096220	-0.015733	0.019946	-0.019019	-0.001250	0.052308	0.038932	0.012987	0.024151	-0.013332	0.034943	-0.002692	0.031625	0.016126	0.005001	-0.005209	0.026692	-0.025856	-0.023125	-0.012340	0.013946	-0.018464	0.014054	0.028460	-0.026523	-0.018693	0.010927	-0.026701	-0.004674	0.000791	0.031431	0.021616	0.027819	0.000648	-0.001921	0.008206	-0.007882	0.007144	0.001384	0.008332	-0.015046	-0.013192	0.026925	0.006346	-0.003276	-0.006217	0.008997	-0.008911	0.006731	0.024282	0.018862	0.001747	-0.015288	-0.001677	0.022836	-0.001809
-1.126506	0.658880	-0.146310	-0.020596	-0.005406	-0.088901	0.372439	-0.013247	-0.031595	-0.001630	-0.147490	-0.023132	-0.261439	-0.123888	-0.126135	-0.067307	-0.073794	-0.113300	0.026088	0.000230	-0.115418	0.120501	-0.028061	-0.041276	0.179614	0.020795	0.037419	-0.007653	-0.008051	-0.130639	0.097793	-0.017447	-0.044266	-0.079142	-0.088340	-0.022564	-0.035979	0.042763	-0.005435	0.038967	0.002128	0.001854	-0.022884	0.014776	-0.095465	-0.057644	-0.084738	0.006692	-0.055084	0.032559	-0.103143	0.085144	0.096448	-0.032482	0.013822	-0.060092	0.026948	0.119009	0.044608	-0.008103	-0.046179	-0.063104	0.042249	-0.049958	0.008390	-0.057331	-0.012492	0.013638	-0.045189	0.020251	-0.075109	0.140801	0.019721	0.025621	-0.006684	0.029498	0.061088	0.017992	-0.011257	0.046798	0.062146	0.015856	-0.043638	0.011117	-0.029472	0.027534	-0.038490	-0.001014	0.035070	0.076526	0.012986	-0.005463	-0.007872	0.011917	0.015477	0.048046	-0.012124	-0.053140	0.013925	-0.024666	0.005382	0.014138	0.007571	0.005964	-0.015120	-0.065865	-0.011319	0.067997	0.004781	0.027007	-0.024370	0.037125	-0.015257	-0.012638	0.006769	0.008293	-0.032228	-0.010537	0.020721	0.015955	0.025639	0.031290	-0.018091	0.019173	0.018008	-0.001289	0.008502	0.024572
1.975451	-1.132283	-0.204136	0.079331	0.093704	-0.205117	0.128143	0.040457	-0.260149	-0.177437	0.042901	-0.122242	-0.061003	0.151733	-0.063916	0.124633	0.059977	0.197128	0.128967	0.017759	0.040758	-0.080480	-0.049544	0.113210	0.097124	0.019766	0.066194	-0.094816	0.069268	-0.009484	0.134536	-0.034402	-0.055597	-0.054728	-0.052999	0.021577	-0.086107	0.036204	0.093334	0.054617	-0.027849	0.104221	-0.047226	0.027131	0.083808	-0.038032	-0.029018	-0.033062	-0.042391	-0.044422	0.038480	-0.042679	0.061188	0.014424	0.002747	-0.157161	0.113457	0.061486	-0.001226	-0.032422	-0.050455	0.020859	-0.012730	0.034564	-0.107616	0.020645	0.000829	-0.058361	0.038067	-0.046186	0.032247	0.033790	0.042889	0.023921	0.030112	-0.021616	-0.007907	-0.058473	-0.075826	0.057235	0.026219	0.044067	-0.043944	-0.050320	-0.124472	-0.052379	0.007615	-0.019196	-0.028991	-0.020090	-0.002907	-0.026277	0.027531	-0.009864	0.037568	0.063570	0.034933	0.008127	-0.004679	-0.013272	-0.044598	-0.048327	0.027422	-0.088645	-0.009925	-0.028734	-0.010897	-0.009331	0.025133	-0.039880	0.033279	-0.025697	0.014101	0.037830	0.004551	0.011422	-0.011306	0.000117	-0.003231	-0.038781	-0.013702	-0.006851	-0.024852	-0.010498	0.005386	-0.010095	-0.010426	-0.007766
-0.300481	0.283458	1.211359	0.122044	0.444084	-0.157436	-0.098602	-0.040363	0.221134	0.002288	-0.013961	-0.256385	-0.212009	-0.065805	0.013409	-0.147266	-0.109999	0.075349	-0.129257	0.053244	0.061758	0.149056	0.125109	0.098878	0.111299	0.024055	-0.027970	0.042295	-0.120458	-0.041341	0.023770	0.092706	0.022592	-0.025167	0.009873	-0.005121	0.009829	-0.088733	0.069868	-0.059725	-0.004199	0.065127	-0.042964	-0.026924	-0.153059	-0.015065	0.107079	0.045314	0.040766	0.019701	0.125726	-0.055319	0.019156	0.048198	0.020895	0.007766	-0.113345	-0.009283	0.006640	-0.039224	0.020882	-0.063437	-0.019322	-0.045298	0.078833	0.005237	-0.028979	-0.016972	0.033384	-0.023867	0.013733	0.047227	0.096973	-0.024887	0.018338	0.030034	-0.027883	-0.065133	-0.023990	0.016478	-0.069092	0.008388	-0.025726	-0.028082	0.039578	0.053690	0.027332	-0.017314	0.011245	-0.021703	0.014519	-0.061899	0.040110	0.028242	-0.023316	-0.033199	0.025440	0.005434	-0.008332	0.033863	-0.047821	-0.007326	-0.056281	0.021068	-0.029387	0.022199	-0.054240	0.007475	0.026966	-0.064122	-0.025278	-0.017830	-0.006676	-0.021577	0.009781	0.031754	-0.002672	-0.001127	0.029091	0.012824	-0.017788	0.039803	0.004628	-0.016244	0.030171	0.068726	0.027880	-0.019144
