-1.549334776018342907e+00	1.848117357058528087e+00	1.075153379500262130e+00	-1.745072632022521386e+00	-1.239777288752451412e+00	3.692804735620850431e-01	6.978229772562487554e-01	-3.814457087234595090e-01	-3.823207093656209588e-01	-7.886474359620827546e-01	-9.223439400430044621e-02	3.162258143917587305e-01	4.443663481049099362e-01	8.238924083846041468e-02	-6.508334315734548570e-01	-1.875187055047193296e-01	3.615123805257304812e-01	-5.364012289801379785e-01	-1.201217132449508701e-01	-1.968111410547306872e-01	1.639141500992650213e-01	-1.886613789730611224e-01	2.837641288456534960e-01	-2.685763513898659777e-02	1.790278415624516339e-01	-1.142004017415692574e-01	1.363081247355335535e-01	-2.021569724484496566e-01	4.344999117245218478e-01	-7.069620532019593728e-02	1.334829146574671721e-01	-2.525085977628517830e-01	-3.396053842885676799e-01	-6.046594017913846375e-02	5.376026534188325101e-01	-7.555753832654264757e-02	7.328633520345387287e-02	-3.356734806988312947e-01	5.232903116861768733e-02	1.623245278770087396e-01	-1.727587482533196606e-01	-7.839443308898594309e-02	2.298520214295353137e-01	-1.030051133247285450e-01	-1.630865689343358738e-01	1.113188751337433335e-01	-4.481691862681431993e-02	3.871847664847195558e-01	-4.118363715128046665e-01	-9.121928529195082180e-02	3.351841749146290961e-01	4.714549608335866226e-02	-2.101703342798805565e-02	-4.145543629968645449e-01	1.496237726482199659e-01	2.396392591836015162e-01	-3.190650478730436973e-02	1.108310200428246767e-01	1.590328176233490598e-01	-6.651828960503054777e-02	-2.935501312650546923e-01	3.304425309312428172e-01	1.188181721233543264e-01	2.032648411292079516e-01	-2.268518659509780322e-01	-2.131160138934747039e-01	1.201468181663899598e-01	9.522944837765623394e-02	-1.378939866878307052e-01	-3.343759643781085700e-02	3.195614229190267830e-01	2.343461377192196382e-02	-2.130614058273022082e-01	-3.183452383868643487e-01	-2.097671281371212351e-02	9.814159107921822944e-02	6.697971103306742113e-02	2.803135885870824962e-01	-2.220655411801936152e-01	-3.737404269492052844e-01	-1.399703460525434096e-01	-2.270005480127040010e-01	2.016076009817035705e-02	-9.252247116020646811e-02	-3.818720235770630689e-01	-1.751922603058485642e-02	-7.184412836005554803e-02	-1.174854711860926215e-01	2.265765734433847212e-01	2.198158441823986897e-01	1.247239968536785343e-01	-1.727745267034902776e-01	1.740468240944410272e-01	5.075431547368249724e-02	-8.048888006903705608e-03	1.085357187026303877e-01	-2.086149294974787016e-01	-9.366553691604397047e-02	5.861221162660491812e-02	-6.994697946846269165e-02	6.188068410954811888e-02	3.755529678495805879e-01	1.425414924184221499e-01	-2.500894782315615239e-01	-1.731932354415898151e-03	-1.980645973963181608e-02	-2.062423108890031054e-01	2.437869406818916063e-01	-3.186651452825746689e-01	-1.940529525989468651e-01	1.027594932451298959e-01	9.384970362576929015e-02	1.409474910920854862e-01	1.987105434171010654e-01	-1.185476751179103810e-01	1.107673675661632190e-02	-2.822888873696176304e-02	4.656469384751877466e-02	8.212870735688951318e-03	-1.013886870975171800e-01	-7.887677665929156492e-03	-1.869802850306158393e-01	1.193327234713619373e-01	-1.329919945421484673e-01	-1.662966859010765741e-01	-2.324914357557259382e-03	1.659408605847233487e-01	-3.375128046426730255e-01
-3.812045149925326615e-01	-8.503779614732929204e-01	-1.296242864875411849e+00	-5.113826763734896641e-01	3.162686014987958205e-01	1.472495893646132981e-01	3.220342979538627359e-01	-1.297269258242216505e+00	1.145824920553516896e-01	5.721680553658920615e-02	1.572158007687213033e+00	2.878030783046565677e-01	7.873631540912257032e-01	-3.290994312674901390e-01	5.630188202839120359e-01	9.870751061379972047e-01	-4.496869357197150752e-01	-3.948041274393386812e-01	-8.008576818521907503e-01	-6.107921032245079429e-01	-3.316935646660332249e-01	-1.818504332988543526e+00	-3.268520652939901350e-01	-2.683348475302842553e-02	-1.273595808554273678e-01	9.202717262744926074e-01	5.965222088482019513e-01	3.522281770388457391e-03	4.492289884807390554e-01	5.468174955045671526e-01	1.944671335923247035e-01	2.216237028507569377e-03	3.200179423863798722e-01	3.359168068383491246e-01	-1.345935050637327990e-01	2.034040127319370339e-01	7.810971902376541431e-02	9.242726450119186365e-01	1.068758482578115732e-01	8.670771253279455082e-02	-1.849518716589310663e-01	-6.397868139354171424e-01	3.969383873202202984e-01	-3.227378776833108032e-01	-4.059390350225701716e-01	-9.685152990390366590e-01	-1.843433872330371356e-02	-3.765277742365717717e-02	-3.440855110800383199e-01	-2.516146141782600876e-01	7.349140052731713002e-01	-8.317375774707519431e-01	1.784851430416243279e-01	-8.763297524561187990e-02	4.922433365739034561e-02	-3.215944494460837855e-01	1.614597072770315167e-01	-3.565580871194344303e-01	-1.710864387233906048e-01	2.934022271498242240e-01	1.918383450198546947e-01	1.937982107579893643e-01	-2.117882811842578261e-01	-2.288456758759248588e-01	3.324942965929009175e-01	-5.643045576198458813e-01	1.123393479968433639e-01	6.464788806873564830e-01	1.904274446416288555e-02	1.845065350128575477e-01	-3.109860744841015379e-01	-3.055880354504902363e-01	-5.713395613304422804e-02	3.597784482297440301e-01	1.727451963673527768e-03	4.722584628808217805e-02	6.844804598884822455e-02	-6.394720376067827838e-02	-2.448364151272430095e-02	7.451485014433399667e-02	-1.066927621368179424e-01	-1.348540471195245130e-02	1.420699581877312712e-01	-2.482473112329098286e-01	1.022123571153147753e-01	-1.607201391691183423e-01	-2.079482737532574455e-01	-6.620990210636588935e-02	8.345488298742462230e-02	-3.029883898299677303e-01	2.780624350791444654e-01	-8.185062876216314676e-02	2.640703761177659592e-01	-3.131642715406812161e-01	-9.339860597134025388e-02	-1.704095927147745160e-01	1.914643838142290333e-01	-6.643378781459022275e-02	1.568417162666506659e-01	-2.983627316246753036e-01	2.448169565569752459e-01	-3.399628566062139201e-02	2.067762303527806711e-01	-9.509422101830427784e-03	-8.360530245422800877e-02	-6.359937031621228608e-03	6.438149575822255111e-02	1.780160796620953167e-01	-2.871123669020329144e-02	1.243981418974767494e-01	-3.619953017726294520e-01	-3.804346024680327343e-02	-2.263685633096070571e-01	-8.632590352363220254e-02	1.379508386259409025e-01	-1.577265815831604967e-01	-1.855451458210847365e-02	-1.886581899584143960e-03	2.181495128593204658e-01	5.385549123869436128e-02	-3.150793460380940658e-02	2.551556491413761174e-01	1.520969757580704074e-01	-1.251174960955760695e-01	-1.562803372127369583e-01	2.009757853122156601e-01	7.272857492119313982e-02	-1.326206711054486731e-01
-1.350504317194274106e+00	9.567086990740576447e-01	8.083593427360576955e-01	-7.059156448937181638e-01	9.708638299917002334e-02	2.448353519823709690e-01	5.565087797257574076e-01	-3.906985389949425014e-01	8.397592240804266916e-01	3.456181594472734209e-01	-1.014174564380798005e+00	-4.473938898567255684e-01	5.594277218732308932e-02	5.541626645596509082e-01	-2.827031258237184819e-01	7.093259411425033578e-01	3.770723493389370184e-01	-3.651950424696803199e-01	1.041598964301204688e+00	-2.684058010646405146e-01	4.051765494302741466e-01	-9.561426727866653708e-02	-6.269176175345916313e-01	4.613894827545489963e-01	4.788293145462776956e-01	1.421145728747184311e-01	-1.076989361889553187e-01	-5.607717358134759605e-02	-2.738312913126628168e-02	-4.678392658307407581e-01	-3.181416540627253764e-01	5.387154977283978990e-02	3.729703579869080854e-01	7.621132109478542804e-02	9.464812148011181314e-02	-1.712957819347376565e-01	-2.367412233343795525e-01	2.890258560949515027e-02	-5.895062877618904157e-02	1.227881956026360272e-01	-1.911167241701082209e-01	-2.337106146865142453e-01	1.614058476784675789e-01	1.142982961992417140e-01	1.667110690192028233e-01	1.165088597052422181e-01	-3.088956125636407868e-01	-8.273745722363053112e-02	-5.433015507399902022e-01	2.442157867956856465e-01	-2.238305246014241634e-01	5.983891733659663786e-02	-7.026236282681261325e-02	5.804790544149663473e-02	2.448684504138085027e-01	-2.414070095554674278e-01	-1.577554515345108432e-01	3.800360965649611233e-01	1.598907061703733201e-01	4.127049066131494581e-01	5.319107830843245593e-02	-2.283661751491483094e-01	7.976960156196107044e-02	1.713453823684719379e-01	2.704608855175886228e-01	-1.256447574066193451e-01	5.708041705838097502e-02	1.082845062722350704e-01	-1.321147908389533245e-03	-3.000236734198445387e-01	4.070414973416061066e-01	1.941556192717689144e-01	8.764411118757016450e-02	-1.128328570271352888e-01	-1.230768764632948938e-02	6.621712868882541347e-02	1.441882172219392244e-01	-2.476931928908141303e-02	1.269736812726565134e-01	-8.271459361984213887e-02	1.943304671253102689e-01	2.544862017522702691e-01	6.644714052843506136e-02	7.925173024164371138e-02	-4.734062645283529554e-03	1.761377335686022394e-01	-2.611876418149818718e-02	7.316133764546130236e-02	1.494859585237662547e-01	3.067132033961473825e-01	1.267222493840138575e-01	-7.224445048020848581e-02	-3.726397942438670202e-02	-2.532105372889377135e-03	-6.723023397177808891e-02	2.692739980260001886e-02	-1.280664751328648154e-01	-8.731538738955789414e-02	-5.248077927830984563e-02	-1.309334928306220835e-01	2.167414626190626303e-01	2.958474176194958449e-01	1.660622444247606966e-01	-1.006846725813670927e-02	-2.047912978089349856e-01	2.595163975328151351e-01	-4.431436315915544127e-02	-1.485005901652408644e-01	-7.239988004498724983e-02	8.373134929349825006e-02	-1.870908037061089768e-01	-2.682177566406388491e-01	-5.372280385972807992e-02	-2.844481838502105897e-01	-3.032299824795846657e-02	9.118123990514334642e-02	-5.779966598409980866e-02	-1.141594415735716211e-01	2.962696977280648847e-02	-1.511244981380170660e-01	2.579799071938124744e-01	-2.336835689657402581e-03	8.005352375740164977e-03	3.155892839413645956e-02	6.631211415627867589e-02	-1.567061278565640842e-02	-1.860816809942449912e-01	2.060746023681469530e-01
-1.011200458644206046e+00	4.203438149215045772e-01	-6.293011531170779049e-01	1.531866265654835857e+00	7.749043736166080221e-01	7.815340509289765425e-01	-1.182800592610665280e+00	-1.513951543254155041e+00	9.164626093692304076e-01	3.770393008181208705e-01	-1.170743009621458164e+00	4.839721634356456414e-01	8.052209395602747399e-01	3.242034804685267058e-01	2.053205296590227547e-01	-4.150422027174113793e-01	1.718453323799322419e-01	1.060529512289135390e+00	-1.444731883168380193e+00	1.178306255291810212e+00	8.488554462284432500e-02	1.859877326656640684e-01	-2.608826911175388466e-02	-2.688856776502279167e-01	1.082884375242136432e+00	1.086362197868005808e+00	3.817623613691992213e-01	-3.281767204883003775e-01	4.223803677890405894e-01	-2.264379279107333054e-01	8.168432428925163913e-02	-1.076661134718253920e-01	-2.024621377772871378e-01	-7.610710678076840763e-01	-9.276394621741233804e-02	-3.674778994025841850e-01	9.015667638146338536e-01	2.823090138993598897e-02	-4.768794700801838315e-01	3.571914811389760858e-01	-1.578586253568311226e-01	-4.558259304549080460e-01	1.014594221575422332e-02	-2.287347909720534866e-01	2.373042281139861598e-01	1.681644079867281871e-01	-1.967113907059942490e-01	1.584124675333841159e-01	3.857457182929001360e-02	3.026614788640933362e-01	2.325031318993552865e-01	2.738929771078082998e-01	-1.991938742228345841e-02	-9.840643614874866607e-02	7.780348892959930429e-02	-2.467342518790579531e-01	2.505133070104863524e-01	-3.334488044502431636e-02	2.017491543999422043e-01	4.268953665541433962e-01	6.700987924935883355e-02	2.822819398869964025e-01	-1.007640229071467136e-01	-9.327499402045091870e-02	2.747885838236251987e-01	-4.960349985862449324e-02	2.840813366330938172e-01	2.134401229232582020e-01	-3.563662770125459317e-02	-8.772778832728518605e-02	8.771364185193442423e-03	-1.908154584954488697e-01	-3.017176380756916507e-02	-5.420414709966360212e-01	2.366495297483198479e-01	1.679643231024343930e-01	1.675951242523786300e-02	-6.367310135608601762e-02	4.158259310267902603e-02	8.290438824807849771e-02	1.836128709259312042e-01	-2.197095282822885895e-02	-1.638045589420213111e-01	-6.279735827359954337e-02	1.207697462078080207e-03	-1.507596310503009351e-01	-1.166265709080041395e-02	-2.455912162852371405e-01	-9.993364111995355070e-02	1.130632734553399105e-01	-2.755310299191847667e-01	1.178918389918523907e-01	-4.758704267857788439e-02	8.629821421968465744e-02	1.009059353891460370e-01	-2.084251397714418849e-02	-1.386518250296416288e-01	-1.857342132780644486e-02	-1.570078752730197369e-01	1.605335966689957206e-01	3.142653705704238631e-01	-7.878493575873209143e-02	-1.714929183025593329e-01	-1.195193268569385292e-01	2.909223444434890782e-01	6.006124045782693446e-03	-5.821317669021362773e-02	-5.210696556132111967e-02	-1.132266878637172292e-01	-1.259957744575061767e-01	1.443482689911220473e-01	6.545652159060084962e-02	-7.503627079778622810e-02	2.528520726131874494e-02	7.712124613301658826e-02	4.559423042656995245e-02	8.877149679561477380e-02	-5.523667192055201763e-02	2.904353760274389420e-02	-8.849797754619323498e-02	-3.731742701974417042e-01	-9.766479629105678795e-02	-6.151200815441892900e-02	-4.519872473582300931e-02	1.841302309237774215e-01	5.364229500121715788e-02	-1.926963870893906583e-02	-2.148955199734174648e-02
-5.671681630426902432e-01	-7.976361120526257453e-01	1.093903824830647631e+00	-1.145616410677260610e+00	9.318995707741131174e-01	3.188606271271127723e-01	-2.113817634641801835e+00	-1.039231779310015202e+00	6.176268690282386009e-01	-1.682150025423485296e-01	1.950760616674217796e-01	-5.089057869442541182e-02	-9.103776003367168856e-01	-2.621062202101656080e-01	7.224415304105217261e-01	1.881082544884228047e-01	3.698286184496135665e-01	6.599194601834562635e-01	-3.698617355146738284e-01	1.762187466975499162e-01	3.425601602901736098e-01	-1.916323086438056489e-01	-2.512663995839264919e-01	-3.411487784344435226e-01	-1.468269696953241610e-01	1.952217028213175387e-01	4.189262055468125912e-01	-7.193675956451346144e-04	-3.557665655431849205e-01	-9.985963661053247620e-01	8.943197395862406696e-01	-1.394760758885305874e-01	7.597209684616402781e-01	7.844369055057186513e-01	-9.014115800861240979e-01	-4.259167915583166875e-01	-3.988995250885475352e-01	-2.192975221719894452e-01	6.650652628685529422e-01	-7.144987723066469065e-02	-1.508308379960847656e-01	2.287819900253328098e-01	4.348982453355001443e-01	7.224703408438848395e-02	-2.509809828447895907e-01	6.384860756476293253e-02	2.780404688265016855e-01	-3.667740423200124278e-01	9.768112554593050972e-03	-3.352053549252875190e-03	-3.154751786381128076e-01	4.136552571190746930e-01	1.185119755347064513e-01	1.331811458260017400e-01	-2.287832933612072017e-01	-1.809501377476259165e-01	-1.242189813758911021e-01	1.850584126765207893e-01	-8.725090699217168122e-02	1.530591227216188399e-01	1.844164527001390386e-01	-3.463280996852773352e-01	1.696309691503264938e-01	4.832922229263060532e-02	-2.728225038915382816e-01	-1.182195204641782876e-01	-1.065469239149201414e-01	9.956699932746175541e-02	-2.176811691626481249e-01	9.769940489418765805e-02	1.547394749749821108e-01	-7.900067685973966025e-02	-2.017391193839978003e-01	1.275917773059084548e-01	2.054806570568781243e-01	-5.028989394814598751e-02	1.196640050265155714e-01	-7.858084785945311512e-02	6.105699707687871347e-02	1.418365127795622183e-01	5.847548561753997121e-02	-1.245753932303918926e-01	1.511536760579168803e-01	-1.702318880682976154e-01	7.005830633745115110e-02	-9.691018510953267051e-02	1.020256145471409026e-01	-3.431433924992850076e-02	-2.348016644227416405e-01	-2.517370305262222052e-01	-1.364651547682391441e-01	1.482468750598457119e-01	1.583531099448859392e-01	-2.025094564352743487e-01	7.693469851846031216e-02	9.373791669029030160e-02	1.505984513836213234e-01	-3.383660384892112766e-02	-1.780762355290048046e-02	1.009896818964773207e-01	6.684573200148190286e-02	-3.043008533518563874e-02	-4.341884212041263735e-02	-1.159502063074457079e-01	-7.759273678681390118e-02	-9.143262638925968300e-02	9.453392955867542802e-02	7.653562347195203008e-02	-3.126750112870516074e-01	-5.959882408875460252e-02	-1.041930989392252233e-01	9.568944981131648209e-02	5.688326982040678437e-02	9.539769221153750201e-02	-1.475008271971716550e-02	1.878240456066254116e-01	8.967381664770966709e-02	1.845347845324547473e-02	1.056417068589029645e-01	-6.349416567200144579e-02	-1.238216883696992635e-03	-8.196465986938653026e-02	6.526499394746784755e-02	4.604433245664160679e-02	-1.123162971276736068e-02	-4.838004777295489001e-02	9.310733968358740620e-02	2.863353420827045425e-03
3.368938468366668992e+00	-1.852737187778336625e-01	2.457581807259318352e-01	-2.986516197976887277e-01	-1.471781561726446530e-01	5.324605930104953089e-01	-1.659204744719240843e+00	-7.146204338405185430e-01	-1.193865819684174212e-01	-4.911496055692753382e-01	-8.062593515719301829e-02	-3.517782140133307034e-01	-3.721075306497009794e-02	1.273780682359900440e-01	3.536413259789304431e-01	-1.848926494936359299e-01	4.034235481810279356e-01	7.544352070836564395e-02	-2.098593267761953984e-01	3.233674665444574714e-01	2.587740571243166698e-01	-2.231318907946890640e-01	4.132763141562592613e-03	3.393760572808086629e-01	2.126904048816778692e-02	-3.429917186353326208e-01	-4.716898893165167306e-01	2.616394395523495287e-01	-2.189220528648078423e-01	3.547552587204978458e-01	-1.065458174588769097e-01	3.635156031119259334e-01	2.653116457543778783e-01	2.097706839514537069e-01	3.570933007134873272e-01	-6.270587562492927480e-01	3.119159427911891713e-01	5.943049420364312496e-01	-3.936241577265909286e-01	3.101518018142963573e-01	-1.151024059717618980e-01	-2.125425130583570854e-01	1.329342000410537461e-01	-3.618165606887763786e-01	2.668160627192080886e-02	-1.593103539059120555e-01	2.246765446881130723e-01	-1.852003354496014609e-01	4.723673893757269343e-02	1.811367514280004254e-01	-4.487634832764305637e-01	4.081381530324960649e-01	2.150395423982910947e-01	-3.909251571202630449e-01	-5.649401690717983232e-02	4.261224336051412653e-02	2.340742624105311975e-01	1.796973931937169700e-01	-2.822579741033747203e-01	-1.171780301639934047e-01	1.632712335154828109e-01	1.712322769721202342e-01	1.792044400113797786e-01	2.426322637490146983e-01	1.324231536279336929e-01	2.228287555087738459e-01	1.583058655887471522e-01	-1.395623842470853915e-01	-2.632100541177170294e-01	3.107325496436409012e-02	-2.899827588978357018e-01	4.184198037129181758e-02	1.257727762497853063e-01	8.435182386987487291e-02	-2.655618346613858316e-01	9.773559480473104077e-02	2.431768222472901683e-02	2.671734296196952574e-01	-1.024072115505784419e-01	-3.365860886481700787e-01	-1.245073476353341854e-02	-4.841006748502467427e-02	-1.531416288106437207e-01	-1.128186279482197019e-01	-1.105116553832734411e-01	-5.396931793306836839e-02	-2.199613693420359728e-01	1.268432672159706676e-01	-3.934906528079830379e-02	-1.724326843466051085e-01	8.843452767549465909e-02	-5.978701116711601649e-03	-2.550955518174498060e-01	-1.080542945474879078e-02	3.582486414209714448e-02	-1.434090633377746449e-01	-3.348934036217481036e-02	1.229939005458523527e-01	-5.381784408427164879e-02	-1.070372482144389265e-01	-7.257345864071119979e-02	1.425742039225308400e-01	-1.272204731731243522e-02	1.190092573232951617e-01	2.278368043406871768e-01	-1.891704991432592575e-02	-8.884034371898748284e-02	-1.192597574703868762e-01	-8.078924534337718344e-02	4.664781694025571523e-02	-5.077684452088943035e-02	1.798822033765251627e-01	4.808014250541955970e-02	2.270752896031708878e-01	-3.676646680843560083e-02	-2.714244832236428068e-02	2.709939197914049483e-02	2.471039144125377895e-01	-2.092242466057539496e-01	1.973334361042216600e-01	1.012679840562251549e-01	-4.102548840050361002e-03	1.174145236231220572e-02	-4.946835386944944263e-02	-1.848264820589095581e-01	2.136717055472875382e-01	-2.494273417277932670e-01	-2.810365836283148719e-02
-5.248512739977813091e-01	2.063359714524942490e+00	-8.742688071210252820e-01	2.311567243217995116e-01	3.769551921891206581e-01	-1.356578341302099533e+00	-4.610803938541040981e-01	1.507093173719970869e+00	4.936452732242747055e-01	-1.154083480456182365e+00	8.154805792678730680e-02	6.533099275672181738e-01	3.831157047097664692e-01	1.502522938038168554e-01	6.212729996040975422e-01	1.392498057136949130e-01	-4.254990743522244490e-01	-4.350865283543267070e-01	1.877087544137501784e-01	-4.702726856554770296e-01	-5.514066275575996157e-01	-3.666939116383338693e-01	1.377324523187474503e-02	8.597719860549193904e-02	-1.178510251368851541e-01	-1.931361699605452231e-01	-5.132203853752299594e-01	2.349844082255879707e-01	-8.475755725752127656e-01	-1.174232952281348830e-01	-3.048556055887236549e-01	-6.033538580106252436e-01	-3.830573778897003456e-01	-3.925570677136526743e-01	-6.567324578668203017e-02	-2.154727063406453036e-02	4.474406816912602364e-02	2.229164312331036457e-01	5.754065849811363931e-01	-1.652710403633997349e-01	-2.319512726813471037e-01	-3.505197475957515518e-01	6.327060923064614650e-02	-3.476537377227547077e-01	3.359651328563761363e-01	6.349752523071382493e-01	3.390768483697633728e-01	-2.693864955005962347e-01	2.344087921880213393e-02	8.639684692150337297e-02	2.393254087631725008e-02	-9.161038022792476754e-02	-1.140454640915388035e-01	-1.442314554016101147e-01	-1.663400850698126265e-01	-1.907497039513387505e-01	1.907736784971452437e-01	1.151818799761745310e-01	1.204612115629664776e-01	2.770631855653066800e-01	1.315469538619340739e-01	1.975586067221377085e-01	1.105345591983950826e-01	1.505855785586962259e-01	5.194280304357383471e-02	-9.785317648973937410e-02	2.671876662711614864e-02	2.687969495635565975e-01	-2.474947476766386489e-01	1.560644373454711520e-01	-2.470701160723492995e-02	5.656369225192433431e-02	-8.150732355705307686e-02	-2.917021961115844574e-03	1.220920401478782641e-01	3.223202192719296089e-01	1.035231759479495889e-01	1.859871901743606962e-02	1.394061226324995462e-01	6.782409621282509127e-02	6.348586460211737281e-02	-6.943010017699370595e-02	1.581206534947425246e-01	1.489245479715374867e-02	5.606463875994364271e-02	2.405241519721111956e-02	1.433517833165533495e-01	-3.179243239683509498e-02	-3.453368862093572633e-02	-2.477186583403515746e-02	-1.133832267553025810e-02	4.822443608820098544e-03	2.538437880303638927e-01	-3.248689112148807085e-03	-2.789700972871197310e-02	-5.565143637084404848e-02	-1.169413151888570174e-02	1.483828646068711676e-01	-1.342560676060312319e-01	-1.099447958543454673e-01	1.583453443119316184e-01	1.454917934625357123e-01	-5.710011949306395551e-02	2.110140621439089703e-01	5.352876571721640331e-02	-1.244801972762410447e-02	-1.139909934655260366e-02	-1.283041786687625641e-01	6.380744046111049006e-02	-3.916427890685210585e-03	-1.028644179594456060e-01	-1.175599320008862692e-01	-2.967995704109703259e-01	1.481175127950785653e-01	1.145219346249786857e-01	3.285925949207573610e-02	3.131976219381532034e-01	-6.156791043867423929e-02	-2.490430558943458883e-01	-2.808216141038117827e-02	-3.449540143200913178e-02	7.949599563858504581e-02	1.123576429398073090e-01	6.909027393755813595e-02	-9.371329971579743165e-03	4.715109704375839220e-03	5.549035530917151987e-02	3.559727258517317999e-02
-5.273580380448774640e-01	-1.708651162701324111e+00	-1.852051221704292150e+00	-5.548428036926500440e-01	6.136556696706787495e-01	-3.340913867297720663e-02	6.875670848339762165e-01	6.615530305435844971e-01	-9.774007772438077224e-02	-3.380867563589104452e-01	-5.683502708256671365e-01	-6.326792194887727316e-02	-2.573808579215710046e-01	-4.497687996859690840e-02	-1.058206450251150121e+00	-4.674402259913765234e-01	1.447791629185274376e-02	-1.354571209922248443e-01	4.577032980663112705e-01	3.379020684305377720e-01	-4.486490486517207277e-01	-3.173947380109498617e-01	-2.227810094938060814e-01	-4.860589078883858494e-01	-2.050930797741992995e-01	-4.624193602664682101e-02	-1.059319960974463432e-02	-4.175512154330993098e-01	8.086412940549475570e-02	2.461537873929811326e-01	-2.205177830988505339e-01	-9.417276184361464408e-02	-4.991010783871848155e-01	1.031609175827775532e-01	-1.304890371623293188e-01	-3.666141347098278991e-01	2.864672144601430048e-01	2.016106589109261937e-01	2.675860600833095959e-01	2.242660755666043004e-01	2.313322403270203220e-01	-7.251067058186350112e-02	-9.619436751305864008e-02	3.456162789014576298e-01	-2.034984881142826163e-01	-2.785155092128512727e-02	-2.121533797234525232e-01	-1.676109260526748579e-01	1.370256405552688350e-01	-3.768186598347017524e-02	-4.809016441206875186e-02	-3.145795865268046637e-02	9.605136157501524552e-02	-8.768032770730960213e-02	-1.715819570590317311e-01	-2.326546986500475089e-01	-8.006762648525605347e-03	-3.057616409848725181e-01	9.675740737969955318e-02	-2.475597172335156082e-01	3.082454731209827159e-01	1.778370858731109228e-01	-1.596919412092342727e-01	-1.131050103331594364e-01	-1.260499456854015654e-01	-9.879009887864146147e-03	3.427904283570709087e-01	-2.063535094643741963e-01	-1.223569353849206370e-01	7.279695310921646678e-02	6.170408824778673973e-02	-1.400607408769149742e-01	-1.783914009297570824e-01	-3.144119971236829514e-01	2.451825856280367977e-02	-4.800592711500202558e-02	-2.239819531963273269e-01	7.987257718759349645e-02	-7.858033412691612166e-03	-1.954916426248729799e-01	-1.487736236628240793e-03	-1.362663653626919047e-01	1.056396408864502950e-01	6.466193920921507743e-02	-7.601772341674038758e-02	1.394697950276952425e-01	3.416492857917771686e-03	-1.340765288528475430e-01	-2.466826061808680831e-02	-1.118865319608968872e-01	-1.126137751902233225e-01	-2.053243790569929395e-02	1.480802379315306234e-02	-1.458560154231475781e-01	-4.851756779000229725e-02	-2.754535424549355363e-02	-2.622673148088452630e-02	-6.410430259792125607e-02	1.269724566521313047e-01	-6.564801444662565766e-02	1.520835637660287454e-01	7.448475321555593498e-02	3.609863314202334944e-02	6.336602006993449776e-02	-3.047761085374943169e-01	-5.671546264944883620e-02	-1.720675793936856934e-01	-9.198826507757485588e-03	-1.180760398275510076e-01	7.526433156377307365e-02	2.948547100426919809e-01	-1.354718289706241807e-01	-2.264468946750185230e-02	1.894633177419029757e-01	-5.294673600150733017e-02	1.921468180522904745e-01	1.330830343067004873e-01	8.220846364544376339e-02	-4.667016705125789922e-02	5.432061443815598689e-02	1.861390177122671311e-02	5.996127328586151745e-02	3.472011261428745721e-01	-6.039171290008851778e-02	1.293676331611755548e-01	-5.227634451057868456e-04	-2.461634711825486099e-01	-2.859247313359987441e-02
-1.461953845714256461e+00	1.219717942519006781e+00	7.534231042250569832e-01	-1.137131539562054594e-01	1.531005569031872182e-01	-1.180043071926359488e+00	5.388163270203163296e-02	1.332982585748976545e+00	2.886955660448359273e-01	-6.328260762104568338e-01	8.482454267387476432e-02	-3.631059674471104337e-01	9.399787523099050190e-01	2.002632310891324374e-01	6.718133952450872776e-03	1.837822697826237139e-02	-5.989074509241438804e-01	1.417471824463301666e-01	1.761964981939652952e-01	-4.854272256204348324e-01	-4.402044748943484409e-01	-1.364013747022908840e-01	-3.534765431979821626e-01	6.850865401201422511e-02	2.794707416309011871e-01	-2.995415171318986658e-02	-3.966195297788911028e-02	5.754411849661736911e-01	-3.350482776716365851e-01	-2.971503486171882258e-02	3.572526338365334952e-01	-2.900246296446684635e-01	-4.147625970932837525e-02	-5.948088729445949463e-01	-2.540567122268535538e-01	-2.414971423365972480e-01	-6.697111736049646269e-02	1.573255826036086824e-01	2.699204478039186617e-01	5.776634860692371198e-01	1.412441558153704479e-01	-1.548637784456208533e-01	-1.647983029998394411e-01	3.925915585840461519e-01	3.807493403481952698e-02	2.038856571364629777e-01	1.200736095639061835e-01	-2.981376316573834950e-01	2.253363678959758309e-01	4.166762840891935493e-01	1.395612930849763900e-01	5.990897887115722437e-02	-3.474187194683249214e-01	-9.341020021702513276e-03	-2.662397985985200458e-02	-1.853647410003349538e-01	-7.555929154198087749e-02	-7.809073097333063540e-02	-1.760256094428093165e-01	1.766706952965225175e-01	3.054945975170306194e-01	5.885159423289951924e-02	1.197888983488007986e-01	1.228343247125751082e-03	-1.651716042059031900e-02	2.601944090166699586e-01	-2.939584531408968165e-02	3.867868554886115529e-02	1.902143757704048976e-01	2.226617356452471053e-01	-7.484666273267875924e-02	-7.373524606954107163e-02	-1.399282901396494694e-01	-4.947832454053732731e-02	-1.951985251586286140e-03	8.430032685997160269e-02	-2.074277513281813645e-01	1.838620657605102293e-01	1.143323985177207569e-01	8.979622016993869804e-02	-1.293686001018377330e-01	4.681454838149817776e-01	2.109868601579584918e-02	1.127594752181662330e-01	-3.766628003809357333e-02	-2.309904989953771026e-01	-6.347417619478341877e-02	-3.104763901569732032e-01	-1.995044203585679410e-01	1.152297074692031631e-01	-8.716765971050501050e-02	1.306579861761772987e-01	-2.058218064478027909e-01	-9.625275277628468629e-02	2.059135408540647971e-01	-3.532464543753727898e-02	-1.791727379557143257e-02	6.278560355681647720e-02	-4.625225568657233277e-02	-3.339855295046154082e-02	-9.122312845628544054e-02	-8.937872881315936380e-02	1.172423749873003490e-01	-3.171687098618060086e-01	4.368206099331438386e-02	-3.504600163502811366e-02	1.150446388511144752e-01	-2.749950502757433357e-01	1.382535221480198084e-01	-2.360473142406335489e-01	-1.285827021233927892e-01	-4.798178793529398606e-02	2.107716983182204851e-02	-1.621329104574560920e-01	-1.482396409433405504e-01	7.652171908390748012e-02	-6.290307856149052190e-02	1.803002221021464124e-01	-1.832371703920803938e-02	-1.188732524098784493e-01	-6.643147509678364038e-02	-2.375764896185216801e-01	1.293114707766159777e-01	1.519823806361396412e-02	6.674345592525475664e-03	-9.061129333420504806e-02	-1.159550395578555493e-01	-2.305093850542248024e-01
-1.572444746643686830e+00	-1.917232512907205644e+00	8.006571214745377141e-01	-1.153441721473781767e+00	2.354554945831315305e+00	-2.573745579370059766e-01	3.097314378735599449e-01	-3.885029424779135737e-02	4.594579421427767429e-01	-9.309433642683229149e-02	-2.123427535590731441e-01	1.619734716616105796e-02	-3.031107965705913121e-01	8.106807595533493949e-02	1.390638488543499973e-01	-6.796049016073921756e-01	-2.794358331116320038e-01	-5.208257346155392709e-01	2.211563319294066465e-01	-1.280683259466925371e-02	7.585141315758950897e-01	-3.472480150104747532e-01	-3.083117869064184169e-01	-2.200850795658239045e-01	-6.090043498434969393e-01	1.162957495617602116e-01	-3.408420093544453633e-01	-3.251312960656579931e-01	-2.500352826775501663e-02	-1.030057160995061644e-01	-4.913689578668790636e-01	-7.805133151797992441e-02	-2.085948598315594260e-01	8.245047024533824764e-02	1.332981721377719253e-01	5.638415355925923550e-02	3.245782476398460514e-01	7.074646078174269548e-02	2.204215425396449934e-01	-1.955608597137587779e-01	-7.304996180652334470e-02	2.489109853056470367e-01	-8.674229477622337828e-03	-1.808983198387999203e-02	3.844757996455428484e-01	1.078651333255078136e-02	-3.213389770142349722e-01	-2.677989048088079138e-01	-1.475421119698049621e-01	3.217521794766720761e-02	4.938105079515686668e-01	1.287707105827822288e-02	-3.597221326377164630e-01	-1.024348625553741232e-01	1.248465574517674259e-01	2.098147728827172431e-01	5.046235217908378451e-02	5.471091626505077132e-02	5.619602730996892115e-02	-1.408711260282679290e-01	-2.741535639163514837e-01	-1.488476546092093455e-01	-2.527626606414763999e-01	-9.541303870542068577e-02	9.831302484517122353e-02	5.580309166473720883e-02	-4.642225945548250632e-02	1.635798701159782709e-01	-1.396627999697619693e-01	-1.081771284347657902e-01	-1.577989356505268836e-01	-1.371595140283629333e-01	1.014509600663667660e-01	-2.962038012860911465e-02	1.833464955241390915e-01	5.387335938176371353e-02	-3.037749010662000107e-02	-4.752459250010405284e-02	2.878475416019625754e-01	-1.103938263135788161e-01	2.397107650426356928e-01	-1.368804735118461235e-01	3.197188492597291543e-02	-1.883144545259155256e-01	-1.730366066172853157e-02	2.276142500001135660e-01	-1.421862379005295607e-01	2.180533696418738010e-01	-1.425729762262896161e-01	4.085272479323925898e-02	-2.170097908360845568e-02	5.173705847251233031e-02	1.056979318189292666e-01	-4.259628762576728178e-02	1.789737405564611333e-02	-4.700448318029554207e-02	6.192332695789212749e-02	1.824161047035914585e-01	1.107543606535091735e-01	7.438275202454909529e-02	2.447892480266216156e-02	1.173559200482657688e-01	-2.686801259243912915e-02	-2.228167388001533189e-01	1.834622582169000149e-01	-9.665203815750590677e-02	-2.339156442318040489e-03	1.152863819233039405e-01	-9.368113173151580708e-03	-5.577612308503936134e-02	1.410695029843764825e-01	-1.716713749016667012e-01	-1.327280861399890988e-01	-2.900554385908475294e-02	-2.323392250226218730e-02	-1.966130591329878774e-01	3.432665453706932462e-02	6.702966065729165646e-02	-1.753321326405879732e-01	-9.329712181996928366e-03	-8.458501465361369098e-02	1.986640036004518745e-02	5.940550094627312233e-02	3.806046141820405848e-02	-5.349123451689754422e-02	1.392230200401696205e-01	-5.669815310850966072e-02	2.555428377771809187e-02
-1.376464910130445141e+00	1.178241935985226752e+00	8.142953486444264311e-01	-1.134388361831998315e+00	-6.992898144339729782e-01	-3.932413019028168089e-01	5.707916069939367176e-01	-1.681196470496111040e-01	1.214009652088900576e-01	5.579326202413688041e-01	-6.979135079488913984e-01	-9.512026477291766202e-01	-9.320546284524909575e-02	-7.484318710662549723e-01	5.271548637578656882e-01	4.645160843449190613e-02	2.446184650585312426e-01	7.255938659108980560e-02	6.616341281507339550e-03	3.275507026464274246e-02	1.975220957697004787e-01	-4.503460806449031129e-01	-2.448471796584134053e-01	-5.802228654776472316e-01	-1.513241852317622760e-01	-1.411748491365025227e-01	3.344231017148034946e-01	1.252180450753573038e-01	2.558300018675479515e-01	-8.224267754399029740e-02	-1.050068686485348401e-01	-5.550857662948482929e-01	1.927270070323154269e-02	1.472619876450339919e-02	5.814191630411196243e-01	-2.069145386159506050e-01	4.146390709232046778e-01	4.017993851076115952e-01	5.350708387646539999e-01	1.151518573997480921e-01	-5.644602894604463378e-02	1.644980947943160132e-01	4.203658737911344923e-02	-3.740220791851984750e-01	3.582119886079207505e-01	-3.571210280664765535e-01	2.245856724771564950e-01	7.799037571924705148e-02	2.763742394386533869e-03	-5.613520602037314067e-02	3.531266230980240617e-01	1.306117697475253914e-01	-1.339145991457394991e-01	2.331192839148011897e-01	-4.874240973172219715e-02	8.590880010365693764e-02	-3.144228323910024381e-01	-2.445937847770972562e-01	-6.427936911273036957e-02	4.098320880806651662e-02	-2.722299519437236803e-01	1.444684506114598914e-02	-4.237284697726050736e-02	-3.628504432259951340e-01	-5.174531296311313255e-02	3.272968878447251595e-01	-9.715635982184543662e-02	4.240457775057113882e-02	2.705467069728155760e-01	1.045737723091414023e-01	-9.331096134525695973e-02	-8.270170928399861454e-02	-3.689410399862865786e-01	-2.700970353211315511e-01	-8.547068268122359758e-02	-8.909871898478992358e-02	-1.124122933191057244e-01	8.070109479245939077e-02	-2.090172043583505418e-02	-4.609802055308019619e-02	2.305235528856637919e-02	-2.036552766140860560e-01	5.664612824550776041e-03	-4.874153938794644619e-02	1.692984828920189588e-01	-8.995304995631595371e-03	-1.589190378933993675e-01	-1.050850629943817782e-01	-2.431417646932300114e-01	-4.294839113280337489e-02	-8.870505298470053590e-02	-7.419458359792949209e-02	4.762748439891443392e-02	-5.695912893301231100e-02	-3.823738109986003081e-02	7.114697446700970172e-05	3.534624218998030920e-02	-4.692552881656442826e-02	-3.200517418509242484e-02	-9.693563936963373040e-02	2.487990609579530665e-01	-9.675230037101972477e-03	-2.127903823463865307e-01	1.127509530586480596e-01	1.966578547069892935e-01	2.867868247591499609e-01	2.129103791893675601e-01	-2.173501320071963977e-02	1.304467604501229894e-01	-2.535238817439047429e-02	1.299955932840815565e-01	-2.480694887674533278e-01	1.779289849576031618e-02	1.452050111543679578e-01	1.052792034916641833e-01	-1.786317924074330987e-01	7.315816540720128380e-02	1.261419075712591764e-01	-1.238878116680929703e-02	9.767689657205506915e-02	1.506130884901477618e-01	9.528955261657591491e-02	9.679602692958801102e-02	-8.691162926137979694e-02	-3.614691095300893303e-02	9.037469950289218207e-03	4.316312720442445211e-02	-2.520515512703078165e-01
-2.246886676643607694e-01	-1.567806631993508448e+00	-2.420888466266004624e+00	-9.649897651772897378e-01	5.423244311962054365e-01	-2.815908959093904596e-01	-5.773213807643267081e-01	6.775774708069020047e-01	1.067970626215491103e+00	-8.969138644365652890e-01	-2.200063794844911436e-01	-9.887806219476576175e-02	-2.721865618411980492e-01	1.965711331333636069e-01	5.820154328592799242e-01	-6.583829709281853459e-02	1.282674756219616408e-01	-2.877999984498665897e-01	-4.763959889323689523e-01	-1.269150818744272935e-01	-1.297346504905137199e-01	4.323252123651468715e-01	1.503806841306057074e-01	3.517936619016449606e-01	2.019821475184730430e-01	-3.485197020306314841e-01	1.269809504815010703e-01	-1.538353515401066907e-01	5.822312764513245531e-01	9.836342941935083406e-02	3.083990588682597456e-01	4.449358996610763145e-02	-7.392156200215972695e-02	1.073931120894636576e-01	8.311685206562308137e-02	6.793619996525249172e-02	-3.083482653933743989e-01	-1.055194366871299722e-01	-1.422609188647694922e-01	-2.016008802644770059e-01	-3.138444859111211988e-02	-6.592014881767947754e-02	7.613720739807483540e-02	-2.531740071643637235e-02	-6.472122641333076798e-01	2.654728115650552556e-01	6.752003495090781737e-02	3.604474179801663847e-01	2.248543219955456141e-01	1.030190769407009349e-01	-2.171603593553523837e-01	-4.732733275958905111e-02	1.486631257577272769e-01	2.709391008214354080e-01	-2.450797473960245609e-01	2.535145844711693131e-01	1.082486832382942576e-01	4.365394613894289788e-02	-4.720114518351192778e-01	2.242344879211457809e-01	-7.987506822340374735e-02	1.172729586617966557e-01	-1.978738478522307914e-02	4.523617205330394270e-02	-3.698296714897006399e-02	-1.046183508774141679e-01	1.537696320358044877e-01	2.127591175867061812e-01	1.129983056502605610e-01	-1.884216624264967721e-01	-1.666465884201889236e-01	-6.601142679093738308e-02	-8.103353635836480244e-04	-1.400773844343558283e-01	-1.984065378106323815e-02	8.745914635166454620e-02	-3.955549218164293446e-02	8.302244822226453880e-02	8.167772625457517255e-02	1.858822223396439099e-01	-7.830809507194651242e-02	5.628849906448182838e-02	7.687216615093848439e-03	1.688772264727222971e-01	8.814247522583820715e-02	1.150827943924270652e-01	-3.565066728299241122e-02	-5.084095705482977873e-02	-4.482405843366826792e-02	1.302734099243814669e-01	-1.196488001864277895e-01	9.215095955381100157e-02	5.309601925390142196e-02	-1.275212468920054465e-01	-2.791690146053091640e-02	1.273048521126353069e-02	1.701477915804832514e-02	8.388170059345299856e-02	7.844027922857974011e-03	-2.139828665356861559e-01	8.991753643987599690e-04	-2.910583890725019773e-01	3.844643539693819861e-02	1.503421505379268497e-01	8.419901047201479305e-03	1.772735147210407203e-01	-9.310527041276966953e-02	3.013082949785296505e-02	2.332844632214278735e-01	-1.026082235834896578e-01	2.308124899424980059e-01	1.160909972848632871e-01	-1.435016422194570762e-01	6.002698761961844202e-03	1.896866554656009007e-01	-3.989424207880339079e-02	2.360317659914396016e-02	1.557340549145031228e-01	6.227107618616158080e-02	5.560573982332969387e-03	-1.031536673556311817e-01	-1.088281823537692872e-01	2.914110458324499150e-02	1.291651997425622422e-01	-7.972206513642603187e-02	4.431826527395665155e-02	-7.645996496202288328e-02	-1.025229769180298484e-01
3.384846944229652710e+00	-7.773760836056270440e-02	6.186088451726111659e-01	-1.270442784339285813e+00	-2.814274180104012757e-01	-1.984548559485524444e-01	-2.144768910894672143e+00	-1.144168856590328742e+00	-1.553817271524207955e-01	-2.974150201698761986e-01	-8.896754388729216645e-02	-8.411658327370202803e-01	-3.804237418460716946e-01	-2.342974299049783715e-01	-8.944441438245546994e-02	-3.683119862215448320e-02	-5.797593337855352219e-02	-3.081926767522780858e-02	1.764711056962887104e-01	1.557906490314935055e-01	-6.721737303022588816e-02	3.909845698172079165e-01	-4.536018126822190522e-01	-7.235210534120570802e-01	4.114395908849816097e-01	9.068769475716344231e-02	-1.707068124957273059e-01	3.423800337608993716e-01	-1.816455784519013239e-01	-1.136409901984948734e+00	2.118535703176329665e-01	3.813185522235103264e-02	5.963944531195981558e-01	4.013660687675180139e-02	-9.437508708375884348e-02	-1.179567057838164235e-01	3.449545695610879426e-01	-1.644734832308375472e-01	6.182846261253068798e-01	-1.521880650177122873e-01	-3.475408379664672864e-01	-3.008928887073131220e-01	4.438703477463863678e-02	-1.101733184628139461e-01	-3.845677737744504499e-01	4.854839518825527361e-03	2.263539620751265913e-01	1.102621762055699395e-01	-3.887511967545866920e-01	-3.849799603151860539e-01	1.591690416907450556e-01	-2.938826992800830373e-01	1.335134126166023505e-01	2.161454013714314837e-01	-1.364164443851910435e-01	-2.249525382488732489e-02	1.122635232823814277e-01	1.401743455471013422e-01	-9.157546451031148282e-02	-3.709093014824699219e-01	9.516255614172421107e-02	9.530209841288046768e-02	-2.592718952802835486e-01	-1.998901433625857593e-01	-2.795824930479386405e-01	8.505955197946249435e-02	1.892874774293564766e-01	-3.492213243768823028e-01	2.153919476139538533e-02	1.172443552019901275e-01	-1.577418727019023470e-01	8.421375755782657679e-02	7.448120072182216889e-02	-1.295686747106153391e-01	1.853025585048176660e-01	-2.487574119378613557e-01	-1.177572602531953838e-01	-8.188605987945653253e-02	7.325729519801220391e-02	-4.224417089051319407e-01	-1.445229508563663223e-01	1.911457198796904511e-01	6.343793408724215932e-02	1.657323507721563949e-01	-3.485792084115864609e-01	-2.206698001492193081e-03	7.101212509775262083e-02	1.692253216222965040e-01	3.099450492013869352e-01	-1.140494439183532271e-01	-4.513174807399832067e-02	-2.061953462940761816e-01	2.259935357168741388e-01	1.861317203871411252e-01	1.875978587182961788e-01	2.219185213732012274e-01	1.327030073233671503e-01	-8.130786415505249221e-02	6.247369717192989558e-02	-1.375256408822699283e-01	-1.470083624545053258e-01	1.167166411965058909e-01	-1.172203468889089356e-01	5.434568384122986755e-03	2.208455913950124749e-01	-1.126858695738639088e-01	-1.220427497140598033e-01	9.014798913519866952e-02	7.303694320749438973e-02	2.018826198466036059e-01	-4.252603996634343048e-02	9.457205649487336607e-02	-2.294000392412564593e-01	3.966852762491919308e-03	-8.458653861905331139e-02	-2.773268031584281632e-02	-8.578609589727076434e-02	-3.502048964726515307e-02	4.349953172268786888e-02	7.345967440281761518e-02	-6.191840810182245441e-02	6.962895166916545364e-02	-1.604820003759589164e-01	1.358478653267884417e-01	4.597054890222324053e-01	-5.083088968341754887e-02	6.124874789929586616e-02	-2.516818499025752845e-02
-9.137118761566963565e-01	1.025494148643888881e+00	7.785715405635054154e-01	1.599681531232164167e+00	-1.273929579263570089e+00	-1.250184863072364427e+00	-7.154508262889777148e-01	9.438445073568548782e-01	1.014289773066564981e+00	-2.395701991785555152e-01	-1.220364849182634104e-02	-6.156415830180577142e-01	4.631142737166577539e-01	-2.816118189500752683e-02	-1.886094784826564952e-01	-5.374931108571208149e-01	-4.323803017374301949e-01	-4.041242397238625772e-02	6.802297514958687008e-02	2.928918808804158447e-01	-6.151727417088154182e-01	-5.639432623161999558e-01	-2.823863423979547371e-01	3.119672858035561075e-02	-1.278223522092511270e-02	6.167588973763573484e-02	2.388210976027437538e-01	1.068688952813279386e-01	-1.316412430411588452e-01	2.129144513975439190e-01	-6.882310589690994462e-02	-5.954717832288488472e-02	-1.157149387551265063e-01	3.242627858868074031e-01	-4.564509330256182051e-02	4.562988082959885949e-02	4.254162206974623217e-01	1.346683034439471183e-01	2.171124736307401271e-01	2.106919058019649481e-03	5.392960694926327569e-01	-9.643237540075089154e-02	-1.703897227996342689e-01	1.999196854117611666e-02	-2.214723156289129524e-01	1.512356858823422634e-01	-2.065879674368508445e-01	-9.313822451238609745e-02	1.807989538591784351e-01	-1.040924397787917066e-01	-6.118426130329223528e-02	-1.087156934590176177e-01	7.952587140957956269e-02	-3.188798313445884713e-01	3.335637994847772680e-01	9.191091879421317556e-02	-2.697987791126275070e-01	1.903097483205841087e-02	1.064839408413116584e-01	8.957580084556830691e-02	3.292783076408222764e-01	3.010272853287820558e-02	-1.519210307301611940e-01	4.425745706323904599e-02	-3.956119876957157194e-02	3.525732811186996912e-02	6.596108936087024567e-03	-5.863969632769829021e-02	-1.670956392696558990e-01	-1.750328057614337074e-01	1.172528057298600768e-01	-9.882457506831793248e-02	-3.815931935023490762e-02	-1.010560820496906737e-01	1.577756723215999191e-01	-1.455222422473869959e-01	8.839849864532373092e-02	9.790568131028352938e-02	-8.399807235039864761e-03	2.528555206951823564e-01	1.202938260273228865e-01	2.063213286524372692e-01	-2.419506596368717899e-01	1.410016205331195149e-01	-5.658424787988951266e-02	-3.502180227347569813e-02	2.211340766974279892e-01	-5.146560536939220193e-02	1.345055740956180301e-01	1.833839037759907309e-01	3.756080496342158875e-02	-2.823074506435841249e-02	1.803235600289004870e-01	8.171843920332252931e-02	-3.915674665380322605e-02	-1.065366136955721160e-01	-1.482420844292817175e-01	4.232724665572792921e-02	-1.313448423519828767e-01	-4.412338924243559141e-02	-5.309965320422347507e-02	-5.650252113884198651e-02	-3.519865699806400822e-02	2.184225455470293481e-02	-1.637613094304776751e-01	2.926686998755009469e-02	-4.263377031896502939e-02	2.305486857674976797e-01	1.832179450739113979e-01	3.912161347922719912e-02	-2.240297468642203638e-01	1.326595607420270884e-01	-6.550667275317290095e-02	-9.944841266534878987e-02	-1.225089669232018175e-01	-1.670341792901709199e-01	5.708899185280395805e-02	-1.742684163672402961e-02	-1.482475882201222672e-01	1.300964954332904933e-01	-3.434319081249884165e-02	-4.908515222607189726e-02	-1.021861662683731797e-01	4.865691790071224182e-02	-4.355694053696917978e-02	1.077913431482811213e-01	-2.632336961205389986e-02	-1.172520606421097039e-01
-1.045241549411276560e+00	8.868598809900988256e-01	1.091431912505694601e+00	-9.756465755987967503e-01	-6.665278621106244250e-01	8.306274822500315791e-01	-1.398936151275277817e+00	-1.346588462897668093e+00	-1.371626747463322582e-01	5.637885179949492231e-01	-1.081889501966591394e-01	5.285520035373846293e-01	-7.910535008653954425e-02	3.301413558282759730e-01	-2.781434462350088621e-01	-9.875923950207789181e-02	9.238507158295218569e-02	-3.111329685915734111e-02	-5.369854554782176326e-01	-1.043019281321807962e-01	3.474807158727901690e-01	-7.880164219999719055e-01	-1.739196820566856622e-02	-3.647432832905412869e-01	2.197897349881273721e-01	-1.919415026068693464e-01	1.715365239502714689e-01	-1.791760018967720192e-01	2.081558104288938442e-03	-1.383863695011512407e-01	-6.305342747051568830e-01	-3.944394189644206961e-02	3.234953192497093677e-01	5.203706051784975362e-01	-3.309036012507813873e-01	1.357924671219673807e-01	2.137342213044158279e-01	6.029944980605926874e-01	1.895310143706909756e-01	-2.522626542280795303e-01	1.271649570950711405e-01	1.048360261664115223e-01	7.362023955968344247e-02	9.627104478875977978e-03	2.684703233629942305e-03	1.841681987113810703e-01	-2.405823845447849565e-02	-9.392071322886844098e-02	-1.805283579678646222e-01	1.717345743185021700e-01	-1.005701413637504898e-01	-1.419291477509484166e-02	9.957741606655504119e-02	-9.546144567911227230e-02	-1.155832013447817691e-01	-9.300701844375083849e-02	4.787669134286290928e-01	-6.568166613779122254e-02	5.313821332555774407e-02	3.580545437184107782e-01	1.096827805909992015e-01	-6.821880231410457074e-02	-1.233314574420464604e-01	-9.179911474806018087e-03	-2.065484736660671838e-01	-9.617517421329474904e-04	2.420581385729699830e-01	2.005304378592227821e-02	1.511830922856107762e-01	5.650464296905873679e-02	3.318151989644630429e-01	-1.324660089560331377e-01	4.822248958987274126e-01	1.717540044227589269e-01	2.008123692096230525e-02	-2.757477729835729197e-02	2.574268455863500393e-01	8.828146790457125359e-02	4.001502495840082024e-02	1.844230109605448920e-01	4.819997991067973692e-02	1.323545418927818962e-01	3.596201527535657083e-02	1.621081000233210168e-01	3.800426709135083791e-02	2.501725339016098726e-01	1.498252638369851897e-01	-1.419138737447132870e-01	-1.086290797180347600e-01	-2.112133862333774592e-01	1.365049414698114513e-02	-3.127698315059899703e-01	4.189821849674860155e-02	-1.354829418205714120e-01	9.418273782784840342e-02	2.199547651283750849e-02	-1.624559721854069647e-02	9.346659439453015861e-02	-3.699133642008293164e-03	-2.179380512340117482e-01	4.206785755771308422e-02	-9.566146938400291178e-02	-1.556344610779476223e-01	-4.279960825846590988e-01	-2.111930169624834097e-01	7.388905279427263051e-02	-2.390545454159855865e-01	-4.246886497991259751e-02	-7.366224658138019465e-02	-1.342064541453654725e-01	1.499220431961910925e-02	1.932743407357286058e-02	-2.366840595015291468e-02	5.657528655404850827e-05	-7.529636776465015169e-02	-5.572935914647987599e-02	-3.937208588099738171e-01	1.131647451103802438e-01	-3.748587385739073335e-03	-1.877777060850349330e-02	-2.136053381368866189e-01	3.808905188144739995e-02	1.059103021441732718e-02	1.181683132738320201e-02	1.852898829884464804e-01	7.393287513773744157e-02	-9.228172282127711235e-02	-6.098820004719250837e-04
1.787163613189658440e+00	8.048588843816575911e-02	1.357608136494556028e+00	2.019661451721576351e-01	2.760243207480493899e-01	-1.342831228304433244e+00	-1.060481495439650201e+00	-1.060637559759039505e-01	-5.795793380207783230e-01	-2.202525477363711515e-01	-2.482133589837979826e-01	1.884716813911937461e-01	-3.455389504508706300e-01	4.845958261333641603e-01	1.390198433856213667e+00	-3.853358373362196776e-01	4.520942378787644045e-01	5.332683043905920295e-01	-4.561199101349139862e-01	4.995980719611604198e-02	1.522323273657473774e-01	-2.211465340256761059e-01	3.567821572978260858e-01	-1.479438575694546065e-01	-5.396427228041015267e-01	1.826624490043346760e-01	-7.017626566702211098e-03	2.197957726454723981e-01	-5.874741450143998456e-02	-6.482820045849241319e-01	-3.886802675587703315e-01	2.626293287922421560e-01	2.237438038314297495e-01	1.418608458139547224e-01	-1.259308551561020006e-01	2.814860674062937274e-01	-3.160990693156932180e-02	1.822093276467723344e-01	6.477785847455408419e-01	2.954717419570963566e-01	1.942082761001876212e-01	-6.886338842656859749e-02	-1.542593943176733540e-01	3.162916449757007809e-01	3.897103760528789484e-01	-2.604791889902516311e-01	2.127530534504431803e-01	-2.856011711593086852e-02	-6.265519199178107290e-02	3.114882678640547298e-02	1.671248725604993768e-01	-1.936255802041534357e-01	3.339702681443447174e-01	5.101418942283506702e-02	-1.452715210529920142e-01	-1.928972329215355996e-01	-6.705943228646850385e-02	2.087863506717692608e-01	2.416097700686102023e-01	2.665540151933003601e-02	3.647272681088744029e-01	1.946783200102730760e-01	-3.690879680912968752e-02	-5.227037313768132659e-02	-2.136393958965910611e-01	-1.160673828143369279e-01	-3.754554734483315226e-01	9.729562728421065065e-02	6.048198567873586118e-01	-4.192089628027377037e-03	1.365708077968653122e-01	1.934194739226664517e-01	-3.531435270535509541e-01	-3.590058152567532357e-02	1.383799312560597961e-01	-7.845415166202247825e-02	1.515085502030541487e-01	9.473071069619695694e-02	-1.148298144915963354e-01	-3.253047901544779685e-02	-5.918680645873873880e-01	-1.359746594463256131e-01	1.925383426261592298e-02	-1.084576347933731560e-01	2.609282104890218168e-01	2.134040088465316010e-01	3.809712204949212699e-01	-1.716264994352498796e-01	4.167948530297330700e-01	1.283260677367352720e-01	1.685183561908109098e-02	2.670987216704773584e-02	-8.926671749869104222e-02	-8.837840284523081069e-02	-2.310004321721891574e-01	-3.370218856692240861e-01	3.327866120857787130e-02	1.665196149529278857e-01	-1.198456284801829447e-01	1.193944166748036190e-01	-3.011796853574698687e-02	1.117365954702986136e-01	7.077631515127130735e-02	7.375205141573951129e-02	1.749692005841928799e-01	-7.804178529063048042e-02	1.063347398310118541e-01	2.505509809419908043e-02	1.873750822071082733e-01	9.375119452534216857e-02	2.546537205239859381e-01	2.293623989363808777e-02	3.229291351857848102e-01	-2.609440626419708975e-01	-1.209776550095342657e-01	-5.556958513915119524e-02	4.383646074303559209e-02	1.387377115598883714e-01	-5.723599451970600924e-03	-6.203457169298325774e-02	-3.560771131956663033e-02	-2.994988019010709768e-01	-1.036742432396000613e-01	-4.905768153110195290e-02	2.541388118765465845e-02	-2.127266019755425785e-01	-3.209791371623009204e-01	3.792159358986312706e-02
-1.894245070045579071e+00	6.153151231298116253e-01	1.512552985157455510e+00	-4.715628669016506125e-01	-3.093170972899315918e-02	7.229601472464367573e-01	5.494301553401952781e-02	-7.675262264034214965e-01	-1.693866740105140212e-01	-8.695891314939101224e-02	1.738782823375047970e-01	8.564589556317103725e-01	-9.043396216557927358e-01	-1.373705830632822589e-01	-1.370234204188854610e-01	-5.429642112435857371e-01	5.724899892484978936e-02	-6.072762439984291660e-01	-6.564620606820619209e-01	7.979765501605162736e-02	2.538628099673085475e-02	9.625080285935021240e-02	-6.026769645062468594e-01	2.055664362848307614e-01	-4.080898804762058130e-01	-8.109769622582461979e-02	4.456261718483055523e-01	2.650678206871815989e-01	1.831271139286743121e-01	3.646346254992456626e-02	-3.190568348446190527e-01	-3.093624893894837968e-01	1.658978131268711367e-02	2.902812726964714707e-01	-2.594792757972874120e-01	2.708615213438748115e-01	1.472071283235172057e-01	2.399421258531265755e-01	2.910262411075424382e-01	-1.648085782024685531e-01	-1.393734015282290239e-01	1.833824471297694769e-01	7.688751853618779053e-02	-6.407787403786829872e-02	2.967243321673735390e-01	-8.142025488303861191e-02	1.097853330416710405e-01	1.389361908968362036e-01	1.455813927404818811e-02	8.273750238609108021e-02	1.244824009632362338e-01	2.150799028015058789e-01	3.162891983886346181e-01	-1.468527785838225630e-01	-1.784302514326920608e-01	1.014536221364843380e-02	5.110175888372384123e-02	-1.113991744808397744e-01	3.341925402888837326e-02	-2.854519151475623517e-01	9.317131444718479427e-02	1.290185230017640901e-03	-1.326516244000743583e-01	6.891023542538682323e-02	1.899945037553616434e-01	3.328126671736935105e-01	1.809180781810082739e-01	2.259469891693197952e-01	1.154037067648631260e-01	-1.562092999865685172e-01	-1.868471538964924447e-02	9.768147746387817465e-03	-1.523340768636910827e-02	-5.551631926586552551e-02	-7.011737859558855174e-03	1.605054612374851378e-02	-8.709342521396998271e-02	1.149437983136995106e-01	-1.233830508682922655e-01	-2.572119757545814414e-02	-3.680015904195275273e-02	3.701927495318727557e-01	-6.946324381048503416e-02	-3.478681230645274541e-02	1.814838563710174241e-02	1.110363352527535818e-01	-1.557172782840911957e-02	-1.228044223632819738e-02	1.584888390338857339e-02	-1.363753310242797612e-01	-2.536166767268880351e-01	1.042338764285627301e-01	-2.364750233147756009e-01	-6.631488156949551238e-02	8.046620437513074542e-02	1.323981248328217064e-01	-3.568243814202590181e-02	-1.709195319685290482e-01	-1.222924565306964806e-01	2.013147177425002668e-02	3.975312853838049859e-02	3.525468800548803988e-02	1.302352976713744108e-02	-1.559748027573198415e-01	-1.846158937291018098e-01	2.146978393841923391e-03	-2.547878742260080431e-02	7.350148874972568802e-02	1.346473085683113913e-01	1.096722144998434900e-01	-1.146032592737236122e-01	-7.998454089808298278e-03	-1.687101020087404535e-01	-1.520843933260135686e-02	2.704585052990573502e-01	1.103626941487440977e-01	-5.599549137076968025e-02	-6.708230413786485380e-02	-2.677015602975745326e-02	1.519048978155477236e-01	-2.302874714488647306e-02	5.954780335615880021e-02	-8.774291483434401573e-02	-2.311125303031957845e-03	1.597723672139506057e-01	6.227163663168407137e-02	2.449799644481343019e-01	1.091855966629436264e-01
1.891310281727354159e+00	9.856293580756184669e-01	-5.166194505719251540e-01	2.265402019696828528e+00	3.400414917302967965e-01	5.441483021687827382e-01	-1.800999916260851152e-01	3.684707157421963641e-01	-4.774759579026064960e-01	3.773557400990459332e-01	4.728084287476876368e-01	3.157750587098245298e-01	-9.394086866514826939e-01	1.532873341315239335e+00	2.957454583422702843e-01	-5.791051455244345947e-01	-9.751111353137507098e-01	2.766330015942992104e-01	3.913101641693169652e-01	-2.909114251429310571e-01	4.170032388687301417e-01	5.108642128533517207e-02	1.329365280487528611e-01	-5.230116765636646514e-01	3.774851672238216382e-01	-5.838723171587361094e-01	3.452561806764225527e-01	-6.534296500591978418e-01	2.401852737711677177e-01	2.698562222589721005e-01	1.312076973122166257e-01	-2.464444196909343077e-01	-4.571717307476113046e-01	9.954065912874292266e-02	1.001174725892174933e-01	1.590953492816110648e-01	-1.897187706141265431e-02	1.789932306362876091e-01	7.385131741067915701e-02	3.878111992015736281e-02	-2.595340334110581293e-01	2.112206065394036936e-01	2.189011632437805888e-01	2.156957929263673135e-01	1.656360714938541201e-01	-2.264105016587488473e-01	2.959740065369796391e-01	6.529778817217769815e-02	-1.121745160730037050e+00	3.045626454358282276e-01	1.387732083255154188e-02	-1.198300723254638878e-01	1.909315024103533376e-01	-3.018228722903850466e-03	-2.869312641095054239e-01	-3.120462186144535299e-01	2.059687914276707721e-01	9.556905282727229389e-02	2.939631561656682601e-01	-1.165551706223736800e-01	-3.013496740918569228e-01	2.309729556693929375e-01	-2.775741029223228740e-01	3.999093137372082274e-01	7.193468080599808856e-02	-2.136194039001279854e-01	8.816046096701082857e-02	6.102216054605138357e-02	-1.793615695407642652e-01	-2.092725734373885801e-02	-1.915927957978439122e-01	1.020593387376666217e-01	-3.595863272507629493e-01	-5.894447010605031317e-02	-2.318868621442672640e-01	1.679853536727657914e-01	-9.259001228422036878e-02	8.665052128505323914e-02	1.062439037505617384e-01	1.258912565703287911e-01	-1.357029796144887945e-01	-6.970822557492346860e-02	-1.110091100332960268e-01	1.376260013424567274e-01	6.110057009129186284e-02	5.498301276767837420e-01	-2.526489159854660577e-02	3.742816167045037168e-01	-1.509551026697192322e-01	2.366305987258399829e-02	1.699566695593355825e-01	-1.434452361839997081e-01	1.039740843889996012e-02	2.557776203547064142e-01	-1.196610527683053954e-01	-7.778935020921315391e-02	7.810770731373002651e-02	-1.526112585078746031e-01	-1.212093264252089159e-01	-1.230331346333304460e-01	-1.807178832478747998e-01	-1.667776474415958443e-01	1.041708921911622399e-01	-4.399057704317966416e-02	-7.652141681739996204e-02	-1.017613287247813303e-01	-1.977029612620506693e-01	-2.417890899437817043e-01	1.280315473664317936e-02	2.872654998805148630e-01	-2.561311726869339167e-01	-1.110058596365995180e-02	-1.341476533724736686e-01	1.338736038710755527e-01	-2.067183623429846850e-01	2.370726842071943785e-01	-1.560259070547018456e-01	-1.506976692182396271e-01	8.611930452204437370e-02	-7.842871620314843806e-02	6.254579582542930949e-02	-7.679147225404207855e-02	-8.457417987538203008e-02	-7.038046785006119022e-02	-1.972025534501940236e-01	-2.589723750457311735e-01	1.815756617130160622e-01	-9.726109633509194552e-02
-9.242219331625687317e-01	1.627872252968389555e+00	2.157961785867835713e-01	-1.204027410713936375e+00	-1.851131442213171385e-01	-5.645748497477144356e-01	-2.261642561382976035e-02	1.159072354410644934e+00	-5.705017726614320522e-02	-7.797788105423538729e-01	4.513855011699888231e-01	-1.372654167779642775e-01	5.920625697768807649e-01	6.513937891779015832e-01	3.061148112085451678e-01	5.893541387878153959e-01	6.170763902397811140e-01	-1.988053749898906764e-01	-4.152756340255484568e-01	-6.798406242101205921e-01	1.045991360959308558e-01	-4.031220373964785469e-02	3.791658550725939270e-01	-1.344431476697070284e-02	-4.297589361549790099e-01	2.578045487459571516e-01	-2.763496519304524113e-01	2.898823241982854682e-01	-3.006990527748938935e-01	-3.010731096490817382e-01	-5.019798591766647666e-01	-5.477398046208705740e-01	-1.075854302222512687e-01	-5.090086020198628658e-01	2.628225658159734010e-02	-8.238926289579465156e-02	-3.597645583951585291e-01	9.106290869402799970e-02	2.373887075959312254e-01	-2.145876824946510164e-01	1.139489460728290299e-01	-4.244822629006045900e-01	-3.140813719382249958e-01	-4.972392598300715005e-01	5.079394785497353126e-01	1.992162783733531783e-01	1.430744422907023472e-01	9.818231522953850543e-03	4.791475387711090911e-02	1.353148731333075339e-01	2.021585432410250849e-01	2.295199816882950716e-01	1.226705996995751807e-01	1.931752556222734729e-01	-3.489219188716964348e-01	-5.092189362778901801e-02	6.741063888000145554e-02	-1.129470356350303073e-01	1.503732838612278078e-01	-2.247491470092822380e-02	-1.684106241947416413e-02	-8.146975468645378457e-03	-4.189932489902162827e-01	-2.148525253833211413e-01	-2.955936121241693471e-01	9.403815527484336856e-02	2.399519977984241048e-01	2.202485331432750826e-01	-6.301021898920766348e-03	-2.927548610178989930e-01	-1.421930661756591330e-01	-1.948042872559405114e-01	1.873812720273699550e-01	3.094874415091041775e-01	-1.453175851618327720e-02	1.192701990171362719e-01	-1.010544074854523022e-01	2.218123406019324451e-01	-1.005654370078234855e-01	-2.595835283621920619e-01	-1.268785594639753322e-01	-2.785046486248329844e-01	1.447226787158160596e-02	2.166944452481486261e-01	1.704106554558152409e-01	-2.968443795037418176e-01	-1.277047271863039624e-01	7.491699325107264995e-02	-2.370565389574577977e-02	-2.694887069477708286e-01	-2.760757145375741239e-01	2.283840677611941039e-01	-2.455204527327222719e-01	1.739732114159495968e-01	-4.624671090487288139e-02	3.155566354360261200e-02	-1.954151671584583860e-01	5.525598528538997606e-02	1.585686772923864396e-01	2.515821300050262721e-01	1.873420934055957388e-01	-1.642239391868653697e-01	-8.208515093810812846e-02	9.951788970580832672e-02	3.195836602061805087e-02	-1.215656573309213118e-01	-1.932522810886913023e-01	6.466338350587959305e-02	1.149900655856603698e-01	1.181749144140135793e-01	9.914781859477330567e-03	-7.080838480438721161e-02	2.508028131090154766e-01	1.695299339615310708e-01	-4.089209129703019752e-01	2.856261733787825857e-02	-1.163462008087665957e-02	-3.187088975169692640e-02	1.971823553552410346e-01	1.664146375113043641e-01	-6.410460313735945326e-02	-2.771268486877483464e-02	-3.670918889343875030e-02	2.557704677152321943e-02	2.356761785191360814e-01	3.595279881646854664e-02	-9.401743864965871056e-02	-6.291419072043390182e-02
-2.034369183566149264e+00	9.034104471125815605e-01	1.339145914965498951e+00	-6.408862999378296399e-01	9.690407901562874127e-01	8.846405997722601722e-01	-8.060953279880146427e-01	9.851824887284299503e-01	1.793790080408771970e-01	1.952043225879088462e-01	6.604937495569612738e-01	-3.623966386425686581e-01	8.348306782101679868e-01	-6.401995192195558682e-01	5.147223398260065697e-01	-6.623489211250596087e-01	1.493848477695671750e-01	1.667987367296556445e-01	2.158705229566105707e-02	-3.165584107978917650e-01	-3.638373384912067521e-01	-3.475358342385781452e-01	-1.780147658658211007e-01	-8.694805256947886474e-02	-1.343614069351841966e-01	-2.324474450662626923e-01	-7.128109494788191633e-04	1.330332723083026691e-01	-2.513928486954753461e-01	1.972672951534741870e-01	1.673386786612618138e-01	-6.900481853631930396e-02	1.537080781631561810e-01	-7.048506376731282497e-02	3.763521178663934430e-01	-1.119192984357003651e-01	2.948286348321740302e-01	-3.329653027629240342e-02	1.391449299590457322e-01	1.896077878309599118e-01	-1.331128029601277296e-01	5.621915814020898017e-01	1.112612994942394906e-01	1.796355102119842340e-01	3.530625417280951472e-01	-1.536704339092424820e-01	-2.823856393721071445e-01	1.448021353141601408e-01	-2.490931703607132675e-01	-3.497381917486764857e-01	3.706794563336480719e-01	2.221119911699004634e-01	-2.519010656324013331e-01	-1.086957593972072561e-01	-2.575718963467551470e-01	-1.499965207694372304e-01	-6.508029176177025643e-02	8.058592637187771135e-02	2.206523899440757941e-01	3.160073655357931166e-02	-1.344342322844943871e-01	-3.892120707880167285e-02	-2.883710732444626501e-01	2.228017132565694725e-01	2.500864458164456239e-01	9.118655280331865176e-02	1.193740743355767853e-01	2.216238346077505916e-01	-2.071371108645154724e-01	9.091014005844845480e-02	1.060026097428322378e-01	2.312995486287616753e-02	-1.501003962813270698e-01	2.109689979300528873e-01	-1.677496287665732055e-01	-4.831364986167901998e-02	-1.607850176082748772e-01	8.241368441875172868e-02	-1.148633539824694821e-01	-2.354074432116801951e-01	-5.598079079003658726e-02	-1.735436270795153169e-01	2.974009949267427122e-01	-7.393972603697708534e-02	-1.363351507030717558e-02	9.127682427734143053e-03	-6.012680268728798350e-02	1.629631788586564933e-01	-1.421250677986616029e-01	3.835727842713561597e-01	2.825004577730702571e-03	5.523350954050205812e-03	5.745507118422142623e-02	-2.917860285122169106e-01	-1.125811800729019929e-01	1.049106651299759330e-01	1.379550300130436870e-02	-1.215857302785616351e-01	6.579841535811700726e-02	3.699352987013002636e-01	-6.423403632946259045e-03	-1.058424354652497817e-01	-9.457125224819039333e-02	1.345922698764257242e-01	-2.435979187916549327e-01	-2.495828051128797312e-02	-1.842019537172893684e-01	-3.367558775463467824e-01	-2.202136292640200985e-02	-5.841973216576436777e-03	-5.112289101638646527e-02	1.464733370497712794e-01	1.198739303785509441e-01	-4.901592641218106144e-02	-6.272851004990761571e-03	-8.758275652918730281e-02	-1.035441370736457922e-01	-1.118410910818639324e-02	-1.480208458119705306e-01	5.228712300339939667e-02	-5.816553003606344391e-02	-6.486947657759254901e-03	1.573281171755144536e-01	8.767372914521323612e-02	5.099962151298946533e-02	-8.611866097292587841e-02	-6.004475814487398450e-02	1.308511730946852469e-01
-1.509642232040739884e+00	-2.090230541465209146e+00	8.970047375266376743e-01	-8.097294822067877540e-01	2.057505008304535643e+00	-2.633471486660777239e-01	8.658613665817100902e-01	-1.251891467937214508e-01	8.672705442774761853e-01	9.391767082978957903e-02	4.421395775131812811e-01	5.003406048916668736e-01	-3.633711101995466541e-01	2.379909753415650753e-01	-3.920842717183441010e-03	-3.080497635937304302e-01	-4.020603241817377604e-01	-1.778013462201761402e-02	2.894794785720068431e-01	6.447977918347427839e-02	7.521043701688999716e-01	-4.162578761002860284e-01	-2.920976251246043195e-02	2.626279929279697334e-01	-5.625137788826164442e-01	-1.941704665770910276e-01	-3.184536909499931512e-01	-4.032533272439732253e-01	-9.639771980618826175e-02	-4.265373317467976433e-01	1.149495607412495332e-02	8.665808574361014149e-02	-3.353473894469836264e-02	-2.156533597619407217e-01	-4.040848153822076405e-01	3.767944834246642616e-01	5.204342220798902074e-01	1.366964692004345727e-01	4.867064968803273828e-02	-5.624283350635490841e-02	-3.644730602734920777e-01	3.979262874139121581e-02	-6.632217765772349671e-02	2.673051830652865835e-02	3.096140903062945954e-02	1.783819911490876764e-01	6.681291812574197825e-03	-2.140012545689456980e-01	-3.053001857615794679e-01	1.995378252984770506e-01	-6.217454322007105044e-02	-4.377383820238461287e-01	8.668712971421814462e-02	-1.075425370737948805e-01	4.677069508104868545e-01	1.632722217044650925e-01	8.962431441112619912e-02	4.294112781195755235e-01	-6.891248581807743467e-02	-4.148594657270431030e-02	-1.435496640719118588e-01	-8.338165452994043825e-02	-2.042701214709453372e-01	-2.712911249563706995e-01	-6.019361352874736532e-02	5.490723241413025119e-02	-7.764699336798205898e-02	4.943648461155046303e-01	1.213200390456546512e-01	-2.028939561132114822e-01	-3.438828288299820568e-01	5.578602612013602857e-02	2.396053720296594247e-01	-4.779692531564460473e-02	1.615067140216656649e-01	2.412670471342785554e-03	-9.800961396021005967e-02	-1.152613336037767028e-01	-3.788086734924769883e-02	2.058292177139499010e-02	7.300408636364213999e-02	2.202069889932327107e-01	9.380663369111572059e-02	-6.310934024889271188e-02	2.054156009773656921e-01	-4.664798533896991062e-02	7.808043167568573528e-02	8.446911755033434388e-02	-1.095472898026632752e-01	1.729565026156153207e-02	6.973499884908987423e-02	7.931819459182964938e-02	-4.167240254992461979e-01	2.283356882641808527e-01	-1.144611572597299537e-01	8.373669598192001740e-02	6.236368376364364446e-02	-4.585000793564443511e-02	4.168160668536520785e-01	8.421553476071216848e-02	-1.640774005122453139e-01	1.314968391921791380e-01	-1.780232871037764342e-01	2.115589353503773418e-01	1.966957124486515829e-01	-2.070526261358038578e-01	-7.545258907340478272e-02	-9.185652599771029769e-02	-1.890862814528939118e-01	-2.083745336693825501e-01	-1.352636219918999239e-01	-3.385984084687845286e-01	5.608702647629978943e-02	-1.631633373643877338e-01	4.851742745383815641e-02	-6.216531745168668924e-03	-7.363268163420404189e-02	-1.492531449082327988e-01	-1.135387389930664209e-01	-2.248851970622706142e-02	-4.850958368422973732e-02	-1.575583250975715888e-01	-1.865763460461639378e-01	-2.131345263677580926e-01	1.430888230740934575e-01	1.297165170675580737e-02	-7.551295510858756221e-02	-1.804198854788296169e-01
1.936772366208734941e-01	-1.181350746996834067e+00	-1.785787261009580629e+00	-9.951160245469538035e-01	-5.695415812255245624e-01	-1.057619231538029725e+00	5.351567224881533802e-01	5.343677556027307679e-02	6.451662414345264995e-01	9.948114759086316983e-02	-3.397618964586951451e-01	-7.824463885524756135e-01	2.064255323117351881e-01	-2.223239515760717100e-01	1.762678079632892802e-01	-5.547497830318495193e-01	2.128674711601634684e-01	3.012469742841514808e-01	-1.487630492561009821e-01	-1.342690731825822714e-01	-1.006398325267884863e-01	-3.968986470442303349e-01	-2.561209496136212516e-01	2.381906313787570395e-01	4.722505066960231424e-01	-2.184080751259894759e-01	2.802326217498586364e-03	1.318086528742037911e-01	4.926540396761136184e-03	2.218374064234180376e-01	-1.539941817329167906e-01	-2.730339641818178495e-02	1.454808190783291044e-01	-3.769096284027684818e-01	4.058926289233544954e-02	-1.991926508884942493e-01	-3.159930244709082681e-01	-3.424126701582728971e-02	-1.079950964649182277e-01	-4.107507057385912930e-01	-1.902468233072705447e-02	-1.427637581224197871e-01	-6.324674710761002405e-02	-4.252409865940855183e-02	-1.490598938592863423e-02	-8.889946819861821448e-02	-6.144801701560489299e-02	-3.390586969058614897e-02	-1.659814548380689203e-01	-1.934216855473367136e-01	-1.300881714349383655e-01	7.100053191852839785e-02	2.562255195372565297e-01	1.355839641438745524e-01	-1.947942603817134077e-01	-1.118154812749781735e-02	4.156650155650002398e-01	1.950324224180995658e-01	-7.559511062247073476e-02	7.591266640393778964e-02	1.536639005520330503e-01	-1.793192595843855486e-01	-2.600804174769085209e-01	1.957071820432861875e-01	4.991106225800168855e-02	8.610581854802439733e-03	-9.843043879326303716e-03	2.112501839239266932e-01	1.453471104702245276e-01	1.666463827092601324e-01	2.002425167905299286e-01	-2.889111296688280997e-02	-3.023159201714856192e-01	-1.363809867551256938e-01	1.173256489893039489e-01	-8.909855836095388615e-02	5.839740911706837317e-02	2.189905935478806548e-02	-2.408396679104730653e-01	-5.025419963867066436e-02	-1.844047942421409847e-01	-5.957479415855896493e-02	6.155390123438720523e-02	1.130669951993362315e-01	-1.384493586992615044e-01	3.785880975135376136e-01	-1.783679196107641404e-02	-8.378082154178148611e-02	-8.348886719093423503e-02	4.699333063828083079e-02	-2.192386126496145560e-01	3.926580314717467712e-01	7.172290578230700042e-02	8.079371077402666690e-02	3.183790600824029093e-01	2.144265016655247102e-01	5.021573568282339944e-02	1.227206870333058947e-01	-5.637953998920583465e-02	-1.097276921790737020e-01	-3.020699468930362341e-01	-6.768345005331156961e-02	1.372353044241769217e-02	-2.340091444906246612e-02	-7.374299312009011120e-02	-5.324691704238342788e-02	-1.957320817254300516e-01	-2.291079275105273663e-02	1.566997712332366191e-02	-1.851534002517834371e-02	-6.927953300813836923e-02	2.031562895505095029e-02	-1.738031328659394859e-01	-7.990438152146549580e-03	3.292982679738426510e-01	1.987800026446012031e-02	1.291619821933145118e-01	-5.073445582170629797e-02	-1.689811663470599801e-01	1.705604911964635206e-02	-3.621560475573309262e-02	-2.421336440410393198e-01	-3.275198802143897137e-02	-1.435549779869342291e-01	5.173441032975464871e-02	2.190559422617261581e-02	1.613665207424632153e-01	-1.051622110537342170e-01
2.082849836083042749e+00	-8.491221650525747622e-01	2.148359357019901383e-01	-1.240711319496141662e+00	9.612830552438065279e-01	-7.337815942399305014e-01	2.114624464641510215e-01	-8.793156580143735024e-02	-5.738843708345895550e-02	5.679537731706210124e-01	-8.618790973088019669e-01	2.116224717773267372e-01	5.165759592014147750e-02	2.673496188878168311e-01	8.915291991058466037e-01	-3.705330035294624458e-01	-3.614028952076148160e-01	8.051629158388470819e-02	2.810640412365167928e-01	1.872151268924516221e-01	-2.669720598197402595e-01	6.108427251764194654e-01	-4.298553096713251254e-01	-3.210962549064706462e-01	2.458340641453482800e-01	1.973495064774632990e-01	-4.264367217210625061e-01	-1.183959228733204166e-01	-3.643928760263808186e-01	-2.076651569178288026e-01	-3.721814190523369259e-01	-4.667716606869521528e-02	-3.895881981883032169e-02	5.089279694867276937e-01	-1.149690475908961840e-01	-5.370635562992190359e-02	1.461690480230832812e-01	-9.127127741914601439e-03	-2.566849067282810370e-01	2.514450203500943892e-02	-4.797171800453451929e-01	-4.377605121934741161e-02	3.682244363788060859e-01	-2.614197473210855271e-01	-1.808650733449446157e-01	3.366207091853288813e-01	1.235153854055993095e-01	-1.020681618031059612e-01	-1.657895296020125142e-01	-4.073162100115695905e-02	6.341086651428248788e-02	4.183200483043996581e-02	-1.542137867977928234e-01	-3.832009781163946971e-01	-1.552271493102084232e-01	2.811710142248699529e-01	1.449980281119305769e-01	6.569230871172424546e-01	3.934231319533447180e-01	1.051738676526172561e-02	-9.247094574569772463e-02	-1.173253845084837182e-01	-2.686505155377244547e-01	-5.200400474369836629e-02	-3.439045330569717174e-01	-2.466588023423350318e-01	7.289604705077595836e-02	-2.168258161181049470e-01	6.424461259944042046e-01	-4.060981530218779612e-01	7.929097961637897318e-02	3.750388021618205475e-02	-2.730735926509170186e-01	6.519988485741234907e-02	-1.991760241768550099e-01	3.977399106579952021e-02	9.805780384654483317e-02	-2.165553894647722633e-01	-2.305134722418226978e-01	-2.656361133240731087e-01	-7.505121833127174902e-02	9.313694361858351756e-02	-1.786986824020195819e-01	-1.303745503100086356e-01	-1.488457457226791403e-01	3.374216417325067580e-02	-3.723502352740175603e-01	-4.435215469130641686e-01	1.544222261792981832e-01	-3.300818646624981839e-02	1.449684308268001376e-01	-9.336842286245693179e-02	-2.330624479307486507e-01	-3.388968767417065431e-01	-7.558791048753735198e-02	6.577739732183286725e-02	2.703317116433476275e-01	4.986728825649412444e-01	-2.459768775928898588e-02	-7.555387916999974085e-02	1.334731349543602508e-01	3.721407668136704483e-02	-1.625077526737822575e-01	-7.094969851944187000e-02	1.316948326060646546e-01	1.054942125260223129e-01	5.557901100379931437e-03	-1.502840537413928368e-01	-1.112848578462356519e-01	-4.385415228442027247e-02	-4.347943550729784640e-02	-6.544090942438733627e-02	2.732984759848520670e-02	-7.584075642263492234e-02	1.685311754460430966e-01	-7.950360259843335109e-02	1.487768259117961955e-01	-1.079811345435718051e-01	-2.494821130426241318e-01	1.016465618888359908e-02	-1.347580631231666271e-01	-1.785023102656818905e-01	2.563502566181143083e-02	1.108039773053174082e-01	-1.357402023652517775e-01	-9.732048207309497434e-02	1.094404643289962203e-01	8.863118576667716741e-02
-2.159207788727083854e-01	-1.671739616540377948e+00	-1.334478579265448994e+00	-1.458787631068899637e+00	1.583673320908244447e-02	-1.755911194562406186e-01	5.527267503126445103e-01	1.482303337899165963e-01	3.274010484864837145e-01	2.464280862329913668e-01	-6.529831283016577226e-01	-6.265406388591957532e-01	1.859446527011930639e-01	-6.023810125856352352e-03	-6.756157381542955698e-02	-5.298177544204922818e-01	1.404766893501450398e-01	-4.060389135401671484e-02	-3.454413731151074196e-01	-6.874050976722557715e-01	3.713828694447451895e-01	-4.028121373982961329e-01	3.755926862213398998e-01	4.362413254200425694e-01	3.517905209049433379e-01	1.315591184890985144e-01	-1.211732786186331123e-01	-1.784851829924039845e-01	-6.519612374154254431e-02	6.051339353927800285e-02	-1.561184808538298996e-01	1.970015616533762545e-02	2.459124998868206513e-01	-1.313134017447551150e-01	-3.119171709813836624e-02	2.552766716872382768e-01	-4.321209110946341858e-01	2.334404499141739531e-01	-2.895552667180973372e-01	-3.795680940963257477e-01	-5.889543229653280282e-02	-2.724278179276956036e-01	-1.345678752291208924e-01	-7.635095274470586613e-02	2.865480228731155377e-01	-2.764942124770427001e-01	1.799174335154677881e-02	-1.554174789689520275e-01	-9.592640612876507378e-02	-1.069257667238184550e-01	-2.039959607241978723e-01	3.884705951104629879e-02	1.413002411133249259e-01	-1.401083785604319565e-01	-2.284030575616589342e-01	2.725741078329442790e-01	9.415584744804902928e-02	6.368775123268677341e-02	1.407252929284736886e-01	-3.139382803156215429e-02	-6.223583626834881116e-02	1.608740641314675701e-01	2.688302652975911589e-02	1.912055713287520997e-01	-6.022261280967117214e-02	-1.023159797259590720e-01	4.606098266546538450e-02	5.265955734094657226e-02	1.887054290131086054e-01	8.180102545443285189e-02	1.140113280261183665e-01	-1.676335894853927255e-01	6.422519914611166982e-03	1.696135970460808384e-01	2.129565175070177729e-01	2.060541369238657813e-02	-1.230337294206944876e-01	-1.449239330976455353e-01	-2.841340639584624683e-01	4.037971944823241094e-02	1.200873186091058198e-01	1.763726902063182944e-01	-1.085220004926523568e-01	-6.492754562384342454e-02	1.625661468766162188e-01	-7.994306052710788146e-02	1.135836080040258378e-01	9.139442543196159285e-02	-3.930191482839964778e-02	8.305993095515311342e-02	-2.020623069962167173e-01	4.691848559822755366e-02	5.088336336064943483e-02	1.111620709512097793e-01	1.264279316332613534e-01	6.850598097546142795e-02	1.844834644919715327e-01	5.891883201606698539e-02	-2.402021800509870630e-01	-6.368491618591763659e-02	-2.123486259225200734e-01	8.619401714668430831e-03	-1.190434923803711659e-01	-2.480450936031090847e-02	-8.658723593875064517e-02	8.324568188184354456e-02	9.684753633354869357e-03	5.611343779830994805e-02	1.454353374546011324e-01	9.086969360466701923e-03	-1.468330400891162402e-01	4.734802848533331034e-03	8.784987284297131327e-02	1.255262707974869919e-02	-9.779376766472865079e-02	-3.611013327837897524e-02	6.356237764107604271e-02	-9.805846608965225475e-02	-4.119937524236508275e-02	-4.811373068338854059e-02	-1.536068241867996793e-02	1.032311411841184932e-02	-5.773846691140301080e-02	2.726263808289990098e-03	1.510835873989527511e-01	-6.898527797448461563e-02	1.341181966657712353e-02	-1.839310274864294215e-01
-1.499633911162730149e+00	1.336354804933662432e+00	7.445505244220440577e-01	5.175933102213634562e-01	5.786452727238230453e-01	1.902101420696531431e+00	-6.617816561503472306e-01	1.358271315834842285e+00	-1.044290417296042106e+00	-1.538029493487156563e+00	1.108746202214441867e+00	3.190095907503872619e-01	2.192932634852740315e-01	-5.557471559793848437e-01	-1.694444782658894033e-01	-9.934097986046168671e-01	-1.612090477296137525e-01	2.935516605578038507e-01	3.480834212974089348e-01	6.916334681623997893e-01	1.514222185960023559e-01	-3.282055798302798699e-01	-8.939980340419498295e-02	2.123942362174628951e-01	6.180928036400061831e-01	1.030045317938286020e+00	2.431655004976065459e-01	-3.694341501015512286e-01	-7.467017359634091356e-02	-4.162411286606881866e-01	-3.016755203624134074e-01	-3.108934739005104683e-02	-1.121282958611875824e-01	7.838103670643482568e-01	1.998251375872688584e-01	-1.468393015451747163e-01	3.227138276561717922e-01	8.975834461328378519e-03	-3.846545620698761381e-01	-4.200632762337456749e-01	-1.890049573934775295e-01	-5.875734774869196403e-02	9.338227563027032274e-02	-9.997727501964721875e-02	-1.635163184196204988e-01	-1.584888044206801405e-01	1.669182181150805633e-01	-5.953464767470838248e-02	-5.480348205607801781e-02	-9.617042826946023415e-02	4.133372908513597427e-02	2.048065407825032658e-01	-6.335321634510227007e-02	4.067991636742731565e-01	2.252909888950772321e-01	-2.469641639475338157e-01	-1.880686996855759630e-01	2.382300749454978051e-01	-6.877840030839324492e-02	2.432773624066273399e-01	3.912896341886137330e-01	9.965735833417503631e-02	-1.320320843226585883e-01	5.661927360313147306e-02	2.403921853866641534e-01	-5.661266326467018217e-02	1.486361400697254476e-01	1.333185879837382182e-01	2.440354053901755971e-01	1.460871690049154840e-02	1.073496891533340658e-01	-2.344518347018868798e-01	1.036168094155157648e-01	-1.676317278416729062e-01	-1.010527154915117493e-01	4.772239806381818313e-05	-4.741729316826883561e-02	-4.792741567674380088e-02	1.243284652799930001e-01	-5.098395508354580663e-02	2.138364429291421676e-01	2.406487109073130737e-01	6.143311522455618262e-02	-9.943971850782112876e-02	4.287692082509410585e-01	3.612793548271485133e-01	-1.175463372836577786e-02	-3.751135072351685085e-01	1.760507922376816081e-01	5.633282742423516981e-02	1.951336348566772572e-01	-8.157583570109835924e-02	-3.130699927473309940e-01	-6.969264700769652043e-02	3.176916116047192040e-01	-1.022228129317630935e-02	-1.571329371991243840e-01	-1.836484176498979354e-02	1.174727842816884749e-01	1.352040510512015348e-01	2.113508955343662565e-01	-1.312050332808355757e-01	-5.671645504797408893e-02	3.690785449726453060e-01	1.451588996373181541e-02	2.841981293357124794e-01	2.024742295898181721e-01	4.064828903229143753e-02	1.778899162690522617e-02	1.318100295549687051e-01	6.288446390094672156e-02	-5.858674091756091787e-03	8.170838920092793334e-02	2.315260250878775281e-02	-3.551666717862681649e-02	7.313963081654605534e-03	1.325802517608247189e-01	2.351256189306871747e-03	-2.596437021982032911e-02	-9.494739501381392610e-02	3.146175194344202897e-02	-1.425694051543130621e-02	-1.256818019845698242e-01	-1.504392353385188841e-01	5.711134850996869849e-02	1.875739148140686749e-02	6.643527336256851989e-02	-3.350501474675664226e-02
-6.610046385280377024e-01	1.534225446755638433e+00	-1.296834624092696231e+00	6.527575846343126598e-01	1.443951631056707097e+00	-8.570538739224731195e-01	1.122341124715056232e-01	2.686477381167139411e-01	-1.585835196561971694e+00	-5.705032046125212419e-01	9.934640277669130048e-01	-6.454567775962923859e-01	-7.162276563972883592e-01	-5.213771031403893197e-01	8.813598289112624384e-02	-4.634447513140043523e-02	9.716345936002148687e-01	-1.227742775253053316e-02	-2.223315652171473367e-01	2.490784230505380670e-01	1.606093518182551971e-01	4.312174587795313818e-01	-6.219649290684251541e-01	-9.676747860341175511e-02	5.119858478062694340e-01	-1.717955693844940290e-01	-2.772222211892485522e-01	-8.206862731913155962e-02	9.553090002475825848e-01	-6.020331644706585772e-01	-2.191004236683365414e-01	-2.771491557437734121e-01	-2.612132008124454230e-01	5.083909177538851326e-02	-1.431768706134808056e-01	-3.695657922560059983e-01	-1.963110449027672677e-01	2.031700863794231593e-01	2.123248300148346812e-01	-5.524662374159875489e-01	-2.224996943034190933e-01	-5.276561924820570570e-02	2.837295923358244543e-01	-6.066843209347183574e-01	2.312821173870230618e-01	9.161308695489051024e-02	-4.544406376649996471e-01	-6.214294509363794267e-02	-1.236867828309127920e-01	-1.116919697922906796e-01	-1.629060144263583532e-01	-2.286494521688361703e-01	-1.770232848840978257e-01	3.512348152289529717e-03	9.272794784520507760e-02	8.334847147479819418e-02	1.654323961823925271e-01	-2.155061003106320816e-01	-3.780339091578766020e-01	2.072653946796989832e-01	-1.311086401903542933e-02	-2.651344023078436862e-01	2.296232647005259642e-01	2.523421299364962678e-02	-2.815865465102971310e-01	-6.762525495906655804e-02	1.048677301510774762e-01	1.373143654191541774e-01	-8.941661385059640477e-02	-1.003390473325145027e-01	6.513295812141577101e-02	-4.526780104961430906e-02	3.725148693329903560e-02	-3.982457697315728851e-01	-3.955158220293694682e-01	1.769968787366649546e-02	2.739201981723003998e-01	7.628177626491050578e-02	8.469040065610425327e-02	1.496090389849945301e-01	1.415084264417335591e-01	-1.799179406102275613e-01	-1.354260353190781252e-01	2.418902222045918038e-01	-1.965065995482099259e-01	1.582604989122977368e-01	9.362125467641689569e-02	6.566122960498247535e-03	-3.121066128369142101e-01	-4.691641144324405592e-03	3.876728494265813812e-02	2.249161689867925085e-01	6.241492644745772790e-03	1.293323277663823226e-02	-2.000137619626653207e-01	6.327753351228468381e-03	-2.168574594767578578e-01	1.501387512814291447e-01	-3.896736840882953495e-02	-5.841690001025035689e-02	-9.212777962841138535e-02	2.535617076580121837e-02	-2.803868719356984451e-01	-1.387126491100655612e-01	-2.601663083449227629e-02	-2.950881647389783091e-02	3.186368504570755156e-02	-1.143660090155438069e-01	1.302402923916888833e-01	1.589299753556850520e-02	-1.410069947434417492e-01	1.452450320600672529e-01	1.966663472059423101e-01	-7.720633589447757628e-02	3.068374930015078661e-01	1.524208422055959786e-02	-2.612065031221033062e-01	8.065707513855355226e-02	-1.857618668422864050e-02	-9.531554043800830045e-02	-4.668836040681945132e-02	4.393666424682355492e-02	9.509949913861975856e-03	-9.981007755347844068e-02	-5.068936829650829562e-02	1.434158509424280081e-01	7.161097092809969034e-02	1.795307363603622919e-01
-1.181074927038426869e-01	-1.842056164027263465e+00	-2.207694865647439109e+00	-1.070899175351035071e+00	2.481131277385660305e-01	3.124958848959232260e-01	-1.160284518560825012e-01	7.160644393029850230e-01	6.488399397466437790e-01	-8.544903454562020606e-01	-5.719355112421838916e-01	-6.217948841360271262e-01	8.243492809341151917e-02	2.541866116706711833e-03	3.474217778321863626e-01	-6.509257466446192186e-01	-1.453654871023597230e-02	-3.478985984118636576e-01	-5.691837150135052870e-01	-1.376586126429611145e-01	1.042941133037720014e-01	-1.427701017632260205e-01	2.443886838027402864e-01	1.512907872450917068e-01	6.721982129047268661e-02	-2.770427515642880367e-01	4.803329632727459941e-02	-8.427358142251466233e-02	2.486726884306840468e-01	1.599149213740252637e-02	3.150604328993339420e-01	5.663041816195069078e-02	-1.304007442634550484e-01	2.341013575851994544e-01	1.071611136351767329e-01	-2.156117607901241948e-02	-1.370289735039950385e-01	-1.215447018815440233e-02	5.036135012875544298e-02	-8.499101895782078253e-02	2.090870353188618302e-01	-3.094075981670599829e-01	1.048565469873787154e-01	1.083066022967795611e-01	-4.479909383308444126e-01	3.250876739351815092e-01	1.241405900058677597e-01	1.931023414705850816e-01	1.554337637294909147e-01	-2.743624043493076911e-02	-9.307547589744635808e-02	-7.808344246763723739e-02	5.033660151054655252e-01	9.881161452221054464e-02	-3.195479324777643071e-01	2.218771299122289375e-01	3.149899093268421213e-02	-1.203192148303789677e-01	-2.710106423585343371e-01	3.105844692409230889e-01	7.175375557930788184e-02	8.932390309729716649e-02	1.776642766525381445e-01	-5.117896468910548835e-02	-1.487052984757134266e-01	-1.672518699406705389e-01	1.470634615183624427e-01	-2.320669222688213074e-01	-4.469940734857715675e-02	9.003611579059553338e-02	-1.428274402368081009e-01	-1.365005758059253116e-01	8.572359226484237496e-03	-1.566696683806648727e-01	-1.404993923423703550e-01	1.015852424916241087e-01	-9.416438798581588943e-02	6.818846007404874565e-02	4.638886770875907256e-02	4.530788365205443147e-02	-1.173288959776681434e-01	1.960240412061082793e-01	-1.659480610127550895e-02	1.536524003193801835e-01	8.811593676914984685e-02	5.148631688214801161e-02	9.239567405179636983e-02	-8.665161087361724843e-03	-7.494202532269290951e-02	7.609468299182768625e-02	1.943939784440580631e-02	5.216232116135347679e-02	9.791521812743461672e-02	-1.868923207558147448e-01	-9.457584623825009140e-02	5.818943973874732278e-02	1.711511293726407645e-01	1.623837568434133294e-01	-5.982724246114508315e-02	-3.030452102422458160e-02	-4.776606356997944308e-02	-1.143284219810064423e-01	1.697458577403609115e-01	1.421794217828401541e-01	-1.033008734579936028e-01	1.238014190933812431e-01	-6.812937978353234003e-02	-3.115989760091829319e-02	1.731449846839399898e-01	9.361589527535275901e-03	2.931551949417252612e-01	6.841496585697852927e-03	-7.040536684297324377e-02	-1.103918748708973829e-01	8.492389244269046844e-02	2.062846145383794016e-02	-6.439663819395462230e-02	1.344895389620171522e-01	3.672470709600159783e-02	1.715101117581984205e-02	-1.070045552857421672e-01	6.017771795536057053e-03	8.458098328208500660e-02	6.104241134635936782e-03	-7.379219057822782035e-02	-5.021487283336317775e-02	3.853726186936141072e-03	-1.289054318848428804e-01
-9.079947431017401094e-01	1.271257530607799779e+00	-1.096443796983164465e-01	-1.310477671411717671e+00	-1.421947109497397221e+00	4.272209076613304179e-01	-4.532177009749270291e-01	6.990136608562653731e-01	1.168066826931070334e+00	7.266152643777935571e-01	-4.871323424497356336e-01	3.238371799230260056e-02	7.643109623485597748e-01	2.245261616169067637e-02	-2.064247281161310787e-01	-2.294309086790447816e-01	5.547827080578611181e-01	3.488980261432784724e-01	5.054261824852299689e-01	1.919861569318296046e-01	-9.883646391700047495e-02	4.223177585844836157e-01	2.149906995472199711e-01	-2.300498927979890973e-01	-2.914904655881639939e-01	8.852783193433214071e-02	-4.144573290993363579e-01	4.218780421116039014e-01	3.916777195271758383e-01	8.768960950656802533e-02	6.242629723554194571e-02	-4.059249757734484931e-01	1.726542223651766628e-01	1.702886819649487848e-02	9.687845219498353311e-02	-1.234004297291978886e-01	-1.462030620256521696e-01	2.304859122753173395e-01	3.892244685387166031e-02	-3.865365361170403635e-01	-4.017901469509132517e-01	4.273403550640311049e-02	-3.710829067632846062e-02	2.180610350835245626e-01	1.792594450134468442e-01	-3.190793799930691788e-01	5.713739626281503364e-02	-2.978764242676267826e-01	3.847022044003381991e-01	-5.011854367343882011e-01	-1.637671449334451579e-01	9.657540920552896979e-02	2.368751691982087793e-01	-1.298360163563152259e-01	1.142214449918761698e-02	2.848514205280023304e-01	5.607191082439333396e-01	1.385596480112759876e-01	2.058949993427694469e-01	3.666531340447078124e-02	5.733425498997748448e-01	2.468926376588765903e-01	-3.088372966278203971e-02	9.795627319324388960e-02	1.824163098040218201e-01	-1.293112941844854202e-01	-1.334069531802252184e-01	3.057924484873105198e-01	1.623373371392803077e-01	-9.202418064415884835e-02	3.777435678934145669e-01	-2.279045818264467324e-02	1.652436422813269024e-01	-2.109748317417230526e-02	1.249443175017333346e-01	5.716222055991385803e-02	1.306098079626933639e-01	4.741557563218939397e-01	-4.916676236569965229e-05	-8.398499841510027875e-02	1.529252811457667283e-01	-1.611342647368129710e-01	-1.257972941118536414e-01	-1.891464844924106714e-01	1.711758360459425836e-03	-6.815830726899232972e-02	5.484895560261677377e-02	1.021421955046205449e-01	-2.959548273726510942e-02	-1.859130650301928089e-02	-3.868645175858557717e-01	-9.360228858450560241e-02	1.594333949024237529e-01	2.869852100445152154e-01	1.474420469137700529e-01	1.147765944383252468e-01	2.410666826352908798e-01	-1.455024739495201225e-01	1.746097407187734152e-01	-2.308642230724064215e-01	-1.742969868151628132e-01	1.239106926625503230e-01	1.442603035205645978e-01	1.999986707603238281e-02	1.563894316915996618e-02	-6.022957438712899653e-02	-9.664312670786276427e-02	-4.883744465337631901e-02	1.193012190634250846e-01	-1.417629272564608356e-01	-1.146143167431525056e-01	-4.977372485496766794e-03	-1.678008875304521849e-02	2.285920591109298627e-01	7.396735949283558820e-02	2.116759547265489594e-01	-5.326458644474814375e-02	-2.781844748992914340e-01	1.407509443401314987e-02	4.335504853834173944e-02	-3.419220485674879378e-02	1.978679214766635164e-01	5.082593942524013531e-02	1.050782330747115356e-01	-9.194851994045892540e-02	-7.151660502509243900e-02	-2.891719048161855293e-02	-1.748588566814734402e-01
-6.441663975784822638e-01	8.635024046625556782e-01	-2.317860400204925675e+00	1.734489752875963076e+00	7.757348790086696644e-01	1.812027866173925028e-01	-5.126150355629672806e-01	6.363749854956481933e-01	3.637922589892513825e-01	1.825976070463845163e-02	-7.653119783636138651e-01	1.895665541552549460e-01	-7.697817084954273747e-01	-7.381728413696028168e-01	-1.017777999129150235e+00	3.841381864215849817e-01	1.642271777584183579e-01	4.527301050286941519e-02	-3.485614287769021880e-02	-1.269493722522073709e-01	-1.323915015551874186e+00	-6.146188928589053635e-01	3.054569112169545075e-01	1.279181841941986475e-01	-2.495721940343534617e-01	5.330021515599075999e-01	-8.927966704070118276e-01	-2.925392933362477854e-01	2.476971187684030573e-01	-5.847820517491256753e-01	9.610652451801605656e-01	-8.060531491218657363e-02	-5.016998756719248664e-01	-7.089777511611788929e-02	4.647489341748515801e-01	4.819783860377042095e-01	-2.115748048363357281e-01	2.365767666359626653e-01	3.871761667135271701e-01	-8.140187750977469217e-02	-5.425598545060179578e-01	5.098095250856241739e-02	-9.062368622924674155e-02	-2.936145231196673599e-03	-2.870648164923602641e-01	-2.944536410896604339e-01	2.482088803266435384e-01	2.858081830403576551e-01	-5.530647691501639623e-02	1.583051171353006270e-01	-3.274754327553852651e-01	4.186391942356821882e-01	-5.344136179546922216e-01	-2.238885618660048926e-01	1.303876336470370101e-01	1.534771991439428940e-01	1.161860875180999175e-01	7.398998708220709541e-02	4.673540954128249103e-01	3.708439003814708035e-01	1.653369445184107445e-01	-3.319499520861434738e-01	-4.018648070277596185e-01	-4.239017226978768482e-01	-3.179409337304038852e-01	5.188333801201180373e-01	-1.282929648643799381e-01	-2.465545981448957202e-01	3.287847235844349458e-01	1.823734461164081833e-01	6.354378095453390440e-02	-2.134901524185520150e-01	-1.244895445053725430e-01	2.183339645885814806e-01	1.586811510070517128e-01	2.642116012013100979e-01	2.069593210146334905e-01	2.744246267310678222e-01	-1.038140135113529011e-01	-6.852643085248537325e-02	2.484143953061712651e-01	-2.230591665349870578e-01	5.307828397233960854e-02	-9.908780366514875759e-02	2.562605506126274246e-01	2.524734286598994681e-01	-3.243676538201640258e-01	2.463021605393489466e-01	-2.709850296061716568e-01	-3.922696347624586577e-02	1.902704712630263750e-01	-1.672881693095052968e-01	7.350157751015731766e-02	-1.849805724578690302e-01	2.137193153450241412e-01	5.442235464442422149e-02	-2.320102474470768228e-01	-1.640967343256253749e-02	1.486087743125432958e-01	1.554333121199220069e-01	-3.468038694226039526e-02	-8.514331424726086228e-02	-4.479976825569369214e-02	-1.916458924656316287e-01	8.063289844036074239e-02	4.651319720031019816e-02	-2.343284922962234618e-01	7.240720035964137713e-02	-3.259627532174176612e-02	1.233313811097304230e-01	2.467704618178061804e-01	2.163162873451245083e-01	-1.452628453814377718e-01	-3.700545368823904974e-02	6.052306634127687518e-02	1.074735994084810020e-01	-6.626275669255418665e-02	-2.798938982770727280e-01	-5.568696262350236043e-02	-6.141447089026994682e-02	-1.808150132418717693e-02	-7.094649598590499484e-02	-2.422078870251366187e-02	-1.422632932863973354e-01	-1.836205204192744855e-01	2.776001410109725162e-02	1.716904087378171573e-01	-5.646357354552598851e-02
1.750127812070153555e+00	1.252467105881035270e+00	-3.299188143919256078e-01	2.789542760020295997e-01	-1.651874793798930319e-01	-4.437062424183974563e-01	-8.430430607185850078e-02	2.178278395962682246e-01	-5.892527640078163431e-01	9.863322106358390906e-01	1.121841765325312545e+00	8.376712765427326568e-01	-8.618893383166391642e-01	-1.272628331325902085e-01	-1.313825334544261314e-01	-7.016678563811201697e-01	7.233949946714518520e-01	-2.080216554748979818e-01	5.115661669312511206e-01	3.247660239766558266e-01	-1.630082459924754312e-01	1.463628713773525991e-01	2.679872574418017961e-01	-4.412671734920268207e-01	5.118069778668993264e-01	-1.327490695144084021e-01	-3.239840712632541253e-01	-6.629410342976823634e-01	1.435790989068698731e-01	-4.448439602139239724e-01	-2.657044991291173108e-01	-2.013551178372622597e-01	-2.729059028275103715e-01	1.560389304914772679e-01	3.597881736080947856e-01	-2.423794510574800165e-01	2.822913429971595223e-01	1.437073094209081747e-01	-2.457518142320331556e-01	-2.639150099147178352e-01	2.846843418564241612e-01	-4.965748165601061026e-02	-1.192759111193643362e-01	1.274930002259318795e-01	-1.986506879181925145e-01	2.273613951474099115e-01	2.601752683559839796e-01	2.110384721395549418e-02	9.289965295477620177e-02	5.680743489735237128e-01	-1.646694891075942691e-01	-3.553805487003350860e-01	4.786743360301188854e-01	1.296866539375855498e-01	-1.414825037646019468e-01	-2.972581703742047110e-01	-2.021772462529664027e-01	5.472928586047659527e-01	-5.188867466663694972e-02	2.409814068984180990e-01	-1.478732400533197267e-01	-1.195878029393548786e-01	-1.599034296292068669e-01	1.609957448207631758e-01	-4.006299799909955606e-02	-1.293615955200224862e-02	1.152191378110397624e-01	-1.260416654370796474e-01	-1.671902677909516480e-02	-2.285211313247866027e-01	1.376156003859376753e-01	-8.737887819096222530e-02	-3.980568340941458838e-01	-1.188958540825407334e-01	-5.614081633700133966e-02	2.442021941839359611e-01	2.287696905142702630e-01	2.077083279079149775e-02	8.714014189834584645e-02	6.904172131481677022e-02	1.040779763127596125e-01	2.800386754627115157e-02	-1.308399240460927926e-01	2.554538348942924642e-01	7.530338938588532205e-02	2.014547050736517977e-02	-2.816026778569386546e-01	2.046414697032055904e-02	-1.475463232349975284e-01	2.238933648009233945e-01	1.356263184026557655e-01	3.223414076691338281e-01	8.467454983083422260e-02	3.401712117114964046e-02	1.835209531134690819e-01	-1.521287009294266246e-01	-1.668576613339307468e-03	1.412763328143632202e-01	1.947287652148305473e-02	-6.918899715201447254e-02	2.933454491792563193e-02	4.523188132768494324e-02	-2.064077460907053074e-01	-1.243340955983760765e-01	5.496147341794886676e-02	-2.945715728064274286e-01	-8.421888512995913401e-02	2.394747834620903348e-01	-1.479522132844477977e-01	-1.747387698785993204e-01	-3.354175515091425974e-01	2.741078031825907452e-02	7.247239933490444430e-02	-1.560889087765834626e-01	7.177421421321765471e-02	3.132110070806133628e-02	-6.921864480014008891e-02	-3.056288951356432235e-02	1.751813489978221172e-01	1.195839219835491754e-02	2.958985356766798309e-04	9.762916371804640503e-02	1.092831734762494122e-01	-2.305574892349446237e-01	4.633619896768702978e-02	-2.433038525455003265e-01	-5.694299139579772628e-02	-4.512502585323910353e-02
-1.820718883696133661e+00	9.935890086941516763e-01	2.226680655665305986e-01	1.510080864650339194e+00	2.437401088215121803e+00	1.011757472820759007e+00	-6.733415755354455606e-03	-5.178115397541853682e-01	-4.392939451055108968e-01	-6.044333985477121640e-01	-3.788969956173058318e-01	2.461880755794034620e-02	6.209549465583162897e-01	-9.402673205541804691e-02	7.872857835830116002e-02	1.446283211601757934e-01	1.127515015007757082e+00	-3.458979304071285177e-01	7.790064504557150382e-01	-3.595825113349487845e-02	-1.933771888074252987e-01	7.659673220157059426e-02	-6.347455923923375209e-01	3.762388082231668540e-01	-5.691976283844184525e-01	7.472840473064326083e-01	-1.263765484496324754e-01	2.910458712726820760e-02	-7.761808955261380039e-01	2.806824859587804255e-01	5.569028974297071666e-02	-1.053646012960712808e-01	1.355804326220998723e-01	1.088488160066814620e-01	2.813989141747617051e-01	-9.917892430070714138e-02	-1.090588134672056259e-01	3.585982320817789892e-01	5.723820036882835971e-02	-3.893251558963082282e-01	-6.678083567688146427e-02	-6.492435525229339754e-02	5.793428730928011465e-03	3.863993699639824975e-01	9.492792777726385967e-02	3.845440099461602031e-03	-1.932010488184441876e-01	1.139643553434872419e-01	-3.737857847470582584e-01	1.194282282149198952e-02	-7.655786303378536717e-02	1.393846572298878816e-01	6.753357738313062741e-01	4.155843303443503833e-01	1.746205519677822837e-01	-9.824662785162181430e-03	-5.793136861720164094e-02	-4.039232022502705077e-01	2.309282580136497176e-01	3.255391575772926815e-01	2.112481912620235158e-01	1.890251004527840895e-01	-2.315169356921701563e-03	-1.867127986525317085e-01	3.071285656639697326e-01	1.059502911966475475e-01	1.696496547536641974e-01	-2.873007985454606710e-03	1.627988670196644410e-03	-1.836489361049590263e-01	8.330324041064238183e-02	-1.877506112889803513e-01	-1.284985033595680004e-02	-5.033624099756647818e-02	1.030000236473691821e-01	2.200407743336726084e-03	-1.300245172297895269e-02	7.066962076835260620e-02	-2.538978289660664411e-01	-8.027281877281483569e-02	-4.007773963550321367e-02	5.185126577822543256e-03	-4.179381420229980049e-02	-3.014705730078550902e-02	3.096634682006422015e-02	-1.773328965265225099e-01	-2.790082683761532442e-02	-5.417680965551988082e-02	1.917837056363028980e-01	1.145651324879049943e-01	1.209773638802231210e-01	-2.601901871416761325e-01	-2.515492204824755218e-01	3.730698190521036239e-01	2.303089085407751813e-01	-6.341909717620075604e-02	2.315333503514607205e-01	4.563828390067573015e-02	-1.441031035158393814e-01	-1.719999131188062469e-01	-1.273860803928312524e-01	-4.137247785392515059e-02	-2.518207369021343012e-01	4.978710101021334433e-02	1.681764854223036509e-01	-2.070687045777565988e-02	4.758647520668662922e-02	1.554607364452816609e-01	3.813605759958856034e-02	-2.791796390263023286e-01	1.448454024169347765e-01	-1.576509890392758517e-01	1.930840537563225101e-01	2.062464582724365253e-02	7.959160215697132224e-02	6.197034195201436835e-02	1.659502043554023365e-01	-1.112146816736836047e-01	1.417702611137559576e-01	-5.704881908464861512e-02	2.675235052971874916e-01	-2.551470149776990937e-01	1.478783564935261807e-01	1.561561527614163947e-01	-1.588610061595879530e-01	-1.391874185245533802e-01	-6.662230016306917857e-02	-1.114751037754358187e-01
-6.649916821595953653e-01	8.336186126776946592e-01	-8.780337581104941114e-01	-1.018935361784480076e+00	-5.522324066817128063e-01	1.198719255503941650e+00	-4.067860759070183740e-01	1.953666125673990228e+00	2.605822182210352222e-01	9.125597758251673408e-01	9.600629219474947351e-02	3.262460748957656254e-01	4.747728997955708019e-01	1.653864484624984477e-01	-7.790745734487175556e-01	5.428026947051789453e-01	1.040777688788495359e-01	1.255025643262577262e-01	4.220518497501697386e-01	1.021094498925652294e+00	-3.921874525841952397e-01	7.440349588537599201e-01	1.093094817687662701e+00	2.667144381111143381e-01	-6.881080729043694000e-02	-1.950356364283097887e-01	-4.518703027727501431e-01	-4.222490191884362837e-02	-2.603510041197792946e-01	-6.683799035619215900e-02	-5.095993640888763117e-03	1.077462779907833318e-01	9.267825465907782168e-02	4.110655109948702646e-01	-3.406720427159143361e-01	2.257534731546077256e-01	7.584494357810659393e-01	-1.193570252951456911e-01	2.526766002534414080e-01	-4.511739653924654592e-01	-2.638301123559607109e-01	-2.651374227594485711e-01	2.737801592230449388e-01	2.027774793214249527e-01	2.680868557905586799e-02	-3.080421559368491380e-01	4.277099949868485296e-01	3.284768297755110700e-01	3.416274646000687643e-01	-3.074879449970159637e-03	5.389586293843152270e-02	-2.040928480321906879e-01	-1.600717103157607846e-01	-1.982435175121092519e-01	2.531719493617968220e-01	-4.168101010749749036e-01	5.048341878320581344e-01	-1.790130771969532242e-01	-1.546703110059892139e-01	-2.361725352289436586e-01	-2.237615650790851507e-01	-2.124668165996972946e-01	3.322477441712715085e-01	2.290556339232137639e-01	-8.088590345542963356e-02	1.470186867859436530e-01	-1.167693860759766306e-01	4.580356694277372409e-02	-1.141481535718913420e-02	1.143565127907294615e-01	3.995349604216562045e-01	-9.495525936772020170e-02	-5.569842981918893959e-02	-1.902191117146665444e-01	9.825221015136184274e-03	-4.104635570500156927e-01	3.242251134797855538e-01	3.664728815452213823e-02	1.065369981683294553e-01	-4.699860460170206949e-02	-1.726225742637871596e-01	1.324458295693288490e-01	1.199834148476672593e-02	-1.711932557087975926e-01	1.305790496539900314e-01	-1.900483501752203153e-01	7.478517788200311767e-02	-3.132350280010355592e-02	8.187219038457752007e-02	-1.391117138917247198e-01	-2.319945605164693003e-01	-1.247577788763121198e-01	-1.580105994578676065e-01	-9.258479415978138061e-02	-2.249163301401112258e-02	-2.558844160109557397e-01	-1.748150960747213156e-01	1.165399301789795256e-01	1.220658287107082157e-01	-7.620952823862574277e-02	-1.259205603986013888e-01	2.651292263816802317e-02	9.086433658100293020e-02	-1.480764370860088441e-01	-1.535396149264054710e-01	7.063050738479487167e-02	1.141103938602421736e-01	8.271032708756966001e-02	-2.448531965253761787e-03	-1.991710067574973542e-01	1.394260481669329643e-01	-1.644644148298543551e-01	-1.640760758423838173e-01	-9.002074956331584943e-02	5.971121471317743234e-02	5.847755746238839092e-02	-8.727599138489822161e-02	2.125759020764242668e-01	-1.433669542723017276e-01	-2.326780178398692722e-01	7.592628404106019357e-02	8.687268405519869841e-02	1.039991770068192517e-01	-4.242495309687320526e-02	8.209608182293484657e-02	2.331834384271616600e-01	2.346251018984213954e-01	-2.555995288396948339e-01
3.923516256378724698e+00	-3.067933603589972358e-01	-1.436710385435262249e-01	-9.684869226721669611e-01	-2.545209737571525466e-01	-3.438947882930721844e-01	-1.108613407103698156e+00	-4.517116260372640024e-01	-4.233773974238947968e-01	-4.736803268401548195e-01	1.459734410537542881e-01	-2.320765481149680287e-01	-2.293215780623041045e-02	-2.302460731273574812e-01	-5.826451845327730306e-01	-3.512360903665086992e-02	-4.214165498030053025e-01	-2.536853813930175505e-01	2.607788210563657949e-01	-1.114595177138229531e-01	1.753934934429067227e-01	1.572444874713462837e-01	-4.760367557395804861e-01	-3.313436934152590996e-01	-2.915637145047723089e-01	2.886615077481722302e-01	-1.533631873917089827e-01	3.747072428862410765e-01	-2.788130022013562415e-01	-3.339449169123034356e-01	3.594078230157560783e-01	3.762543031265504490e-01	9.761780481682208466e-02	-2.140781017462221880e-01	2.735957408535726887e-01	-1.762212812671309914e-01	1.627678171896323467e-01	-1.369927297629264240e-01	1.848335223140690209e-01	1.035062361939410314e-01	1.178260392050226729e-02	4.372245462461924088e-03	1.087737828550377067e-01	-1.063463343699289215e-01	2.241606177585921122e-02	2.315338054981095836e-02	-1.052817560923414997e-01	5.391610554536461208e-01	7.332286978044580406e-02	-9.746114189159110416e-03	-7.649594206997550883e-02	-3.418366865718425740e-01	-1.553466758394643488e-01	-1.059352030572655173e-01	-2.464330548761849149e-03	-1.657129452291344809e-03	-1.431929106307490776e-02	-2.150614678583376571e-01	1.452322669663425325e-01	-2.994026394128567956e-02	-9.408522809721625579e-02	3.883066721145983502e-02	-7.245000318930194805e-02	-3.999748805787554928e-02	1.637725943380083371e-01	-9.262016650236282178e-02	2.188624685610136150e-02	1.662428613989025070e-02	1.635910230975779478e-01	3.190549981901622065e-03	1.211415639228281133e-01	6.191101692828297753e-02	-4.253128836708442231e-03	-1.443761531538004239e-01	9.619402300971180431e-02	2.151481784420490248e-02	-3.717300664346261801e-02	-7.311884601315261911e-02	1.079812440025783166e-01	5.899983872521218087e-02	2.204391964038546897e-02	7.944532368835145741e-02	-2.588215393303058137e-02	-1.072750658736919827e-01	2.033472472021616018e-01	9.634952586239499406e-02	7.035561223119239649e-02	-1.767601092901899262e-01	-6.682082294185720701e-03	9.386743954400512957e-02	2.399939217332055022e-02	-1.604218740186428571e-01	-6.334148972782489839e-02	6.297826886767075860e-02	-1.975583673433544407e-01	-2.842787579232855522e-02	-9.010078872426674490e-02	4.188500316442164001e-02	6.815098418426598914e-02	-7.235741469701187367e-02	-1.351400098757769008e-01	-1.605890814393543808e-01	4.465915075713974836e-02	-6.997209437354530437e-02	9.834614114718613631e-02	3.721280633733438370e-02	-1.027095635109968180e-01	1.356623613156091590e-01	1.316251720819896880e-02	-1.767040956153096420e-01	-7.375483400865286664e-03	-1.155216333913834659e-01	-3.071715775073190213e-02	2.645722263127785537e-02	3.126593138777844505e-02	3.162323114100815125e-02	1.614387956746472230e-01	-1.422988986395491984e-01	3.091165347687549643e-03	-5.429072722274316809e-02	5.870303984511050788e-02	-1.960142526175822492e-02	6.585867408445618409e-02	-5.242642889179499610e-02	-2.669051694840381128e-02	-5.670196564050654364e-02	1.689767780736710009e-02	1.667570815393401296e-01
-4.092759148335029518e-01	-1.987862485163587045e-01	-8.883009346601454803e-01	-2.729087923249721159e-01	1.404602048593799113e+00	-9.628190221307117436e-02	1.082596896642777695e+00	9.907224048000035088e-01	-7.272965723609670086e-01	-7.333304955573149986e-02	3.184682140786778137e-01	5.488408656886590853e-01	-1.772515424214958779e-01	3.380390286630627350e-01	-4.600910870682026199e-01	4.847101768381085751e-01	7.976430382135363262e-02	5.486370012093966242e-02	3.246343010412696684e-01	2.592031146550244913e-01	6.159495175170869308e-01	6.463822247101681517e-01	-5.041249499419111491e-01	2.327388184627512124e-01	2.845191564562677411e-01	-4.043317866341933353e-02	-2.567667293998562861e-01	5.362075878717247335e-01	-6.001871133217305809e-01	-9.483351457756108438e-01	-1.715096747401883837e-01	-1.945087516966495077e-04	-2.650110312127362255e-01	-3.961449912172088639e-01	-3.647150359314362267e-01	9.833495541215861446e-02	-5.309987562075332290e-01	1.794292361063374586e-01	-3.487058716280798387e-02	3.406617484717159861e-01	1.301072717181076255e-01	7.421215207104074618e-02	-2.354320873028074024e-01	6.061618014825775891e-01	-5.555403770353052328e-01	-5.914662126241699847e-01	3.810988953755833353e-01	9.911433164221815362e-02	-1.814400575381993619e-01	2.503463131579800605e-01	1.676090339264043050e-01	4.331289360867665028e-01	-9.258701234756595844e-02	3.213643389663656813e-01	-2.623831662414665700e-01	4.064679011450003654e-01	-4.278131357192633405e-02	-1.300672588759928527e-01	5.171466491649620023e-01	3.760556295491396250e-01	1.398135986891556760e-03	5.574831392183361017e-02	-6.912083584904282763e-02	1.390204422475621870e-01	-2.076317425427769148e-01	5.397110472232150707e-02	5.871252774327051505e-02	-1.780923592038389028e-02	5.644991730533077678e-02	-2.713054848674561481e-01	9.634121290653548109e-02	-1.458372536206950787e-01	2.931226853821897738e-01	-1.441805250350873258e-01	4.234377364689195788e-02	5.880436339629908915e-02	-2.925988216294159172e-01	-1.956132888161107863e-01	1.751189238934063308e-01	5.043233852981059417e-01	-2.416041233164560598e-01	-1.064347662527009020e-01	1.108409889509294997e-02	-9.275455683717731548e-02	-3.418924672160964517e-01	2.263069453721365878e-02	1.315489048090841828e-01	-4.102631635270154176e-01	-4.343675607428608698e-01	-1.356832371850320296e-01	3.582839195841762137e-01	1.070355568282935071e-01	-1.702484834215011178e-01	2.069631887082825361e-01	3.608583831346320620e-03	9.525696915597138548e-02	-1.347753489321258354e-03	-1.727930794614560839e-01	-2.828914301695600320e-01	-3.718223434567554525e-02	-1.087827226226947136e-01	2.767449550030682270e-01	3.365701979365350871e-01	4.391108386060633972e-02	-2.874687981997327973e-02	1.491391495405926249e-01	-3.807870951846883262e-02	-1.164326803825960904e-02	8.601266362044347746e-02	5.703938514016698019e-02	-3.702102262013808737e-02	-9.948166465306457207e-02	-3.012777892918805933e-01	-2.335259831501953348e-02	-1.159549388871902870e-01	3.467455757736808558e-02	-5.878295597787520921e-02	-9.242776470333520511e-02	1.501230777579049824e-01	2.400273862535296510e-01	-8.572615702346224331e-02	-9.711828307326229870e-02	1.718422216601472874e-01	-1.099342921901282355e-01	8.288058705646167423e-03	1.596700368891095512e-01	6.742722314515933735e-02	-1.633697810691829566e-01
-6.879182566895917228e-01	-2.552367732656871890e+00	-9.168958929117296819e-01	1.250961866213275320e+00	-1.803895499016664905e+00	6.074320953108781618e-01	-2.895115522100012440e-01	-2.020290812629710053e-01	-4.460633000747851185e-01	-1.555687855166108247e-01	-3.744505336216183422e-01	2.672828807677838925e-01	1.590715155430681704e-01	-5.849747465625635412e-01	2.735619781547322660e-01	1.896869261273500806e-01	1.462316911749971249e-01	6.187957326308668460e-01	-1.153448149481905161e-01	-1.835371680926416171e-01	-2.363818419913695512e-01	5.017537333441555170e-01	9.485598207852687092e-02	-1.548856573836608908e-01	4.727668887359019051e-02	-3.854589831356139973e-01	-3.394313787031674190e-01	3.062700933934257574e-01	2.211029168243429099e-01	-7.557189279007991978e-02	-2.652460957855136137e-01	6.563536215331808310e-02	-2.488229186668634851e-01	2.562591038563306611e-01	2.970050557718898476e-01	-8.200937965442026134e-02	2.113125638210484533e-02	-4.098791601693576037e-01	-4.043567164446557581e-03	-7.899482380640555912e-02	-7.735324073479722673e-02	-1.534337091314262559e-03	2.038685633686511123e-01	5.857035166296248319e-02	7.145520203672609851e-03	1.087018095032624698e-01	-7.947766371137089669e-02	5.924382639647700344e-02	-2.698749851743505457e-01	5.915163905119424914e-02	5.152232004990703329e-02	-8.064365812671897560e-02	1.517169388039945055e-01	-1.399768313793919028e-01	-1.038973631660413592e-05	-5.510241169684158835e-02	-1.781751285793786721e-01	-1.354860636801201723e-01	3.153442799867973712e-01	1.917006095761460693e-01	-1.452130518362801936e-01	-1.171050514938299231e-01	-7.653119795178515983e-02	5.430796068333196627e-03	2.022080245190028547e-01	-1.892932722015737146e-01	8.578441393403088422e-02	2.261816724599960138e-01	8.252545714143796896e-02	-8.204285817900872427e-03	-3.017554670701397823e-01	-8.368970782089187044e-02	-2.021642425001100585e-01	1.303276389134732927e-01	1.252449430196021507e-01	6.857506994068152117e-02	-5.177756209630689221e-02	-2.457348332490799925e-01	-6.123393450350561595e-02	-1.339338671351993915e-01	-1.875214556195092808e-01	-8.447627713650703724e-03	-3.564771159649025162e-02	4.494204486173306728e-02	-9.055625585455718066e-03	1.539400321796404424e-02	-8.101405567064927371e-02	-7.337603734334237349e-02	-6.065872274955172450e-02	-1.044292128024881944e-01	-9.464015522947633041e-02	-1.355345648992166141e-01	-5.305923189843207016e-02	-7.044151818630584039e-02	-6.399642503629614232e-02	3.041451862324704922e-02	2.664262383328305783e-01	1.707428026238215213e-01	4.428515386072510301e-02	-1.856079473955787526e-02	-1.297311604767358018e-01	1.444568005945447986e-01	5.011151308982658703e-02	4.555350655566477169e-02	-2.145149246772821636e-02	-1.796169921731626817e-01	2.925022198981132651e-02	-1.971292388333337545e-02	-1.827614904475468316e-01	-1.704612630007504986e-02	1.177561885838584732e-01	-6.802517317222903093e-02	7.957418754381356818e-02	-6.570341481996952449e-02	1.198463490273262710e-01	1.921905723832923948e-02	4.114746274059153525e-02	-1.292014882929212183e-01	-5.352615245666619143e-02	-6.782415961329137100e-02	-2.516271873857635344e-02	-1.933762555842690953e-02	-1.010902414350747097e-01	-1.039849473448732770e-01	3.382343984934443361e-03	-4.335478566151822720e-03	2.276459943803661734e-03	-1.537537381694325522e-01
3.256982191230137769e+00	-8.513685582410808195e-01	-2.059399259043400710e-01	-6.046533520430662501e-01	2.811314875056296625e-01	-2.102073746645900798e-01	7.286927064704914470e-01	4.221136585414846931e-01	4.320817168425187815e-01	-6.507016657497900480e-01	4.987363118610916302e-01	7.958035849346741797e-01	-1.297889509065754954e-01	-1.546569227299981475e-01	-7.225392350463845093e-01	1.094674102091745815e-01	7.411855735165465142e-02	-2.187408629795613846e-01	6.437892143977402837e-01	1.587275489167522813e-01	-2.701635857422512998e-01	3.643851030837427230e-01	-4.635157093075624735e-01	-2.060429766740494162e-01	-7.583385363375540374e-03	-3.368592385301706627e-02	3.991672342603534707e-02	-1.250396289681278590e-02	-2.236024356776135091e-01	-8.600071099398352847e-02	3.788743113653117445e-01	2.005558050274352244e-01	1.963472714394366991e-01	2.198976273346956584e-02	1.023048468280429724e-01	-1.559044821048556906e-01	1.889651403531779905e-01	4.002400080838851570e-01	9.742703060699615947e-02	-1.722218268299120433e-02	4.911643432101248097e-01	3.080086229650353391e-01	1.765696235987610774e-01	-3.040189400755332061e-01	4.352761711947665257e-01	8.965967617985720617e-02	-1.459054503630260458e-01	3.108996023370927952e-01	1.566247193326373022e-01	-9.875182774449049738e-02	-1.611634524598183904e-01	-4.091092007596679458e-01	-5.364225868608350767e-02	4.241906748491833246e-01	-1.622878915001154942e-01	-9.305556972357827139e-02	1.083531087237796370e-01	-3.689981525739564616e-01	-1.938601857741588941e-01	-1.656275847456031569e-01	-2.119062937258495150e-01	-1.350061937951738400e-01	-3.817315432367700268e-02	1.398824350781375514e-01	5.550184968575623025e-03	-1.616490269098755372e-02	-3.700164696475276294e-02	9.250553902117451821e-02	-6.231788933597830205e-02	-2.678905526339383364e-02	1.034514609761046366e-01	1.633623805595121603e-01	-7.947843955308049255e-03	-1.469267848533886422e-01	1.127626842448821304e-01	3.594520174806675739e-01	6.920689613528047124e-02	-1.778962101670389373e-02	-2.223138052359958095e-01	-1.201510142231404371e-01	-9.215825781748106238e-02	-2.336258806014877565e-01	-3.415677696462316587e-02	-2.555080143644742341e-01	1.386449741478810171e-01	9.547482561991106620e-02	2.127604518809633402e-02	-1.704785169338328410e-01	-4.322267784096926468e-01	1.678891256032989110e-01	4.547001216325972928e-02	3.299955516238162884e-02	-1.454008585391338426e-01	-1.280413887426923025e-01	-1.859602149804877869e-01	-4.648761857281789173e-02	1.201486141417061893e-01	2.258296720452348527e-01	1.394883227547924487e-01	-5.810763942525175307e-02	1.208062194892565860e-01	-8.082979962878118763e-02	1.384879990943042039e-01	9.854007028409510552e-03	-1.092729964478769134e-01	5.820878197734097315e-02	1.905529358474028767e-01	3.960613743402748022e-02	-1.543255987381112193e-01	1.109422974033421883e-01	-1.472883999586412918e-01	-2.267311538705245322e-01	-1.612600349419007761e-01	1.357548727767703689e-01	6.455775893709420066e-02	-6.061590401665390565e-02	-1.283731540134895599e-01	1.439584965799880212e-01	-5.948756004791674185e-02	-1.201176374907384353e-01	-1.732513804197214069e-01	4.720715312669109681e-02	-2.937509866773110878e-01	-6.672868020613979823e-02	-8.084533534808374666e-02	-9.875233770380660581e-02	-7.613623387365768547e-02	-1.751393237666345470e-01
4.058342785142882825e+00	-1.986681967414878972e-02	-8.426702164619342961e-01	-2.585482373241417831e-01	-7.260073936744781964e-01	8.948711391376312774e-01	-1.625253317117610230e+00	-4.837068885859721612e-01	-7.208379295425337624e-04	-6.754355195610978191e-01	5.837860347041251563e-01	-4.622688883473553001e-01	-5.096918042629680068e-01	-1.168261883949345964e-01	-7.870585401720715524e-01	-3.373563617198490662e-03	-4.449578176292983689e-01	-5.149105362809605069e-01	1.095039857270269507e-01	1.231327391586023723e-01	3.277624247252362011e-01	1.996988940499221654e-01	-2.757313805664008410e-01	1.505643329143750431e-01	-5.939793341028626328e-02	-1.382194248867573971e-01	-1.719711021466703849e-01	4.842873480602722935e-01	-4.359992500139609484e-01	1.696370594439629287e-01	3.939910397746198556e-01	4.694856289592869714e-01	2.832431666773649326e-01	-3.616975541945891548e-01	5.436838532114383060e-01	-1.693636611801299374e-01	2.640697485941194134e-01	-2.784549621860487115e-02	2.041241095049919907e-01	2.135336959535950180e-02	-1.317058752933515930e-01	6.267353271899529831e-04	1.380493053938287029e-01	-1.665799583473003692e-02	-4.083306237070143813e-02	-2.398522565331754064e-01	-2.642883877953117189e-01	-1.336024699611463792e-02	-9.028214765379391493e-02	-3.753174615924088908e-02	1.664489641918076579e-01	-2.823203886714578670e-01	-3.645583574169752178e-02	-2.044354618275361080e-02	-1.806243002281116006e-02	9.885325109179590730e-02	1.122846723537294922e-02	-1.051288004789533020e-01	-3.517117015791876994e-02	-2.912863464243793318e-02	-1.680731405316094329e-01	-8.386690355929160567e-02	-1.621635385623481362e-01	-1.060064419933526569e-01	1.237645351973009206e-01	-3.392147269010129668e-02	8.500190224935590122e-02	7.895745643039167594e-02	1.710015277111837928e-01	-2.755148471275341293e-02	9.738958022276011928e-02	-1.249267973628799128e-01	-3.497267123648024889e-02	-4.861113543289354022e-02	9.678231869707182300e-02	1.052116148640433735e-01	-6.018530671748622239e-03	1.142096032408402573e-01	-1.260476964656201682e-01	7.915646820367215619e-02	2.096665402754750995e-01	2.266172370258765778e-01	-7.758690747945713728e-02	-1.776846051819115646e-02	5.683857567004273192e-02	3.835338368726938507e-02	2.089777137133694979e-02	-9.665580564711009903e-02	-1.603739564234286106e-03	1.144028105139807405e-01	-8.529479599971860615e-02	-1.030833294479399226e-01	4.477696888356016980e-02	9.229399094017723404e-02	-1.091014185620274579e-01	1.984687557758517060e-02	-1.957128906296113635e-01	5.786903883484432326e-02	-1.219960908777801972e-01	4.439648780643722786e-02	-3.548359704867583980e-02	-1.096246315044057673e-01	-1.931986239665762833e-03	3.266135457305284484e-02	3.818689611942963080e-02	5.549577851709386334e-02	-7.119316788685525754e-02	3.873102644309151660e-02	3.562507696064940582e-02	-1.666509041660202972e-01	4.794053964653642586e-02	-8.252998524010621284e-02	1.646282503957454124e-01	-7.068891920697717608e-03	-1.683743843383855854e-02	7.097867203334060071e-02	6.312586204249862054e-02	-8.330983611725370497e-02	-6.493537258433856874e-02	-5.458351603698522771e-03	-1.535808498440353886e-02	-1.111935637300908303e-01	1.363599828301256534e-01	1.211375956261771109e-01	-1.943813159044946726e-01	-1.847812371474472082e-02	-1.319334650736528058e-01	4.798459194157915497e-02
-1.119186475785234780e+00	1.100238443704361302e+00	5.393596963184559279e-01	-1.498825245824320973e+00	-5.909593464148588104e-01	1.299214003238504875e-02	-1.199190677637434893e-01	4.307551945808208993e-01	-1.029269691238700934e+00	1.860821950514227885e-01	-2.081273378011654906e-01	9.526821818033113232e-01	4.849426798400602312e-02	-1.732631761132696901e-01	-7.724752618217729794e-02	3.540203957660821854e-01	7.696244989538519876e-02	-4.445380726850005626e-01	-3.672876678040360998e-01	-7.332309106192570480e-01	6.597501018503421077e-02	-1.284164969116681210e-01	-4.484319841008373858e-02	-1.487945345568099931e-01	1.690171882281030907e-02	-7.529394373738992896e-02	-7.693050617331810559e-02	4.046789793196480661e-02	1.187625905180224664e-02	1.293758206910937125e-01	1.864984503297320295e-01	5.988297760914151197e-02	2.683131934845240929e-01	-1.854010408473255322e-01	-3.021145830796744813e-01	-4.786063715855391754e-02	-7.017738097163968292e-02	1.291249890637162778e-01	-1.119364283057759230e-01	3.571867404427336162e-02	1.959858704859957224e-01	2.223710362692864553e-02	2.267719732477516126e-02	5.620716918531766526e-02	1.355675578912949875e-01	-8.829398748718399192e-02	7.166579549800528026e-02	-4.038178055093957081e-02	-1.610383639945532075e-01	6.984638651465806258e-02	3.626607099350328406e-02	-4.119913147263108422e-01	4.899633517601680033e-02	4.823031239927909331e-03	1.816732342739449391e-01	3.523012992551786959e-02	-2.197710671331380011e-02	9.082197325087637552e-03	-1.430481266880734466e-02	2.415541280198653124e-03	-9.121590176055038857e-02	-1.741056245606347475e-01	6.994868933050180093e-02	1.195137830243849925e-01	-1.447347359256466459e-02	1.625657709513274596e-01	-7.558659199828085540e-02	-2.368861344039064048e-03	1.217634377327151268e-01	-1.110886477963792252e-01	-3.233158962565115674e-02	-9.498844844211212779e-02	-4.518609699323941631e-01	-9.886259325387385111e-02	1.785305318680383835e-01	1.780233345015623525e-01	7.040587693164851446e-02	1.019016873965351020e-03	-3.424622913720970496e-02	1.685754429474713434e-01	-9.406037269858959216e-02	-5.043803865606244149e-03	3.894432365942449709e-02	1.689565468833420514e-01	-1.040835081119362709e-01	1.977545714477263461e-02	1.972687288512791626e-01	-5.533060911123924980e-02	-1.024468905926813334e-01	-2.528945643946811095e-01	-5.906701871506520041e-02	-5.074406207496636595e-02	-8.430500894831689795e-02	4.972553037230405260e-02	-1.899497937553364935e-01	-1.912741717314098699e-01	5.332741282992943532e-02	2.314740801587550009e-02	-2.315170345257883400e-01	7.757882203021200518e-02	-1.125026424955345578e-01	1.193070037171686248e-01	-1.954307471267294760e-01	-2.382022734801566011e-01	-9.423787678732427342e-02	3.006135691180158998e-01	1.082591496505725948e-01	2.701020202599007658e-01	9.380911695941081263e-02	1.137109957163208590e-01	2.179716815160750998e-02	6.554743835932316798e-02	3.171163765905378462e-02	-6.817537948715823859e-02	-1.328743328268041334e-02	-1.357402822736355485e-01	-3.975764008476478928e-02	-7.808653018737857221e-02	3.933316003198763372e-02	1.537431865255912966e-01	7.082228352299237140e-02	7.908648955486499710e-02	-6.239463294859343839e-02	-4.612276497166888783e-02	-7.902812072485432271e-02	-3.118296077874500513e-02	-9.103542069413478321e-02	7.873000255566203753e-02
-1.139082429812616315e+00	-2.734664029732828627e+00	2.682358197133148381e-01	6.501073490919273556e-01	-9.974478933097323807e-01	8.326057765489375262e-01	4.750706659977515511e-01	-3.981266882126263673e-02	-1.335812855898022289e-01	4.010268352275604964e-01	2.678486102966721183e-01	1.824275967526950704e-01	-5.308312142522768340e-02	6.799504741699488770e-03	5.281138135994666305e-01	1.744623567107154438e-01	-4.253120361023180473e-01	-2.929213045263696080e-01	2.395402155556758395e-01	-2.527444006091583706e-01	1.874846576901226525e-01	6.953539968554581230e-02	-5.216003677668629851e-02	3.968283199517206455e-02	-2.574359161696725962e-01	1.632807881053713051e-01	3.707641314995568926e-01	-2.224995016912071355e-01	-1.234108541966198458e-01	-2.544429040738121484e-01	1.627661144184542885e-01	6.574984409402045982e-02	-1.184455907308479966e-02	-4.061551901775293794e-01	1.568524201933464007e-02	-1.799614371758284648e-02	5.648919118233129005e-02	1.574802794351176372e-01	-2.217531626336558155e-03	5.713930179215735011e-02	-2.206358587790693826e-01	-4.845592279587930540e-02	-1.327008272266197095e-02	1.591080134327636508e-01	1.259235423166811703e-02	-2.835137555910625107e-01	4.315315889524474341e-02	-7.891839911443964892e-03	-7.042566962984180001e-02	-3.061448213048225675e-01	-2.191064103378718986e-01	-3.686984425950617927e-01	-2.973029192049873523e-02	-5.074194231701353863e-02	2.048298882504616669e-01	6.524916272163926168e-02	2.256147300895745399e-03	2.474170543164269931e-01	-3.286154401784180390e-01	2.235726072592995883e-01	-1.936410777871925559e-01	-2.657522641420918125e-02	-1.587998142054491621e-02	-1.008443004148149857e-01	-2.657443627140164688e-01	2.644315043377484797e-01	-6.603668806443374617e-02	-4.637486310015422053e-02	-1.265976600504952199e-01	2.231708617251197402e-01	-6.155406685764577834e-02	1.286774728725775252e-01	1.032674865365802302e-01	8.352228724763165191e-02	-5.713256899981092318e-02	9.716607159074132360e-02	-5.974159223747758929e-02	2.109354885790337142e-01	8.105726903718583898e-02	1.575717615132364302e-01	2.165919376477494773e-01	9.813425766215140567e-02	-1.593208171858990496e-01	3.134270768092069920e-02	-2.576383875751918047e-04	-1.055660784464811097e-01	4.467742865074294384e-02	-1.495543284710042220e-01	-3.254589079700104248e-01	8.384879266719673374e-02	2.302793647745505490e-01	-1.737314501272428369e-01	-7.133591829482321955e-02	1.940466469801633426e-02	-8.542304026711569631e-02	-1.709662495616127709e-01	2.676298657881593171e-02	1.313061608581831130e-01	-1.372370804133903333e-01	-2.759077735004228024e-02	1.862521246449073964e-01	9.605080427756654271e-02	-6.477261472524353803e-02	1.567908959965835236e-01	1.270371427421375377e-01	1.055337621317511271e-01	-6.439171044199346050e-02	7.248915040294794110e-02	-8.405693495069326004e-02	-1.185116327083280199e-02	5.088174871450668740e-02	2.585388934841833034e-02	2.070202625260219795e-02	-1.580983311616744602e-01	-1.513274370174553241e-01	1.216727465841123956e-01	-3.074796878504090433e-02	-1.320533565642708351e-01	-6.660943731528946865e-02	-1.500094712202787450e-01	-7.056700995801488963e-02	-1.128988936892520722e-01	3.268723301692918332e-02	3.027921828830511253e-02	1.515430001683729377e-01	-7.101293914551430608e-02	-2.626113053121105143e-02	1.385028590676193050e-01
-1.909849427795738741e+00	1.254967032589408893e+00	6.182897297899918598e-01	3.788193698251485220e-01	8.803302256622440591e-01	1.259871634997783207e+00	-9.447433043665265373e-01	6.496726702073649662e-01	-8.152897208436920007e-01	-1.333499034687502638e+00	1.074410755717476906e+00	4.097108529543833644e-01	3.627987703111888451e-01	-1.102887950287448016e+00	1.952486563416095666e-01	-1.348527443338831677e+00	4.124339619744130103e-02	5.489271239061871421e-01	9.882102284617020338e-01	-1.431989135878933839e-01	5.829019612766974667e-01	-4.631996448455639737e-01	3.468450668518060359e-02	-2.356109741685155912e-01	4.330764329436870286e-01	1.393803194520526999e-02	5.882284267376939324e-01	-2.379899295099034973e-01	-3.461784248991966462e-01	3.688868997456897780e-01	1.688986249619259805e-01	-1.717789732825554805e-01	4.412658978943129889e-02	-1.979012321372023916e-02	2.549135499272687788e-01	-3.967327027841338061e-01	1.990197953250456286e-01	-6.512622968151502434e-01	-3.961568476462937194e-01	-1.725155909343575877e-01	-2.760612186697208870e-01	-3.136226824902114130e-01	-7.453540730784217246e-04	-1.850194955440936651e-01	-1.593037110867854822e-01	-2.322569060951079067e-01	7.610534064654680964e-02	1.504200647826751669e-01	-1.399415497590487598e-02	-7.136882351835795169e-02	-1.826362574536008199e-01	2.398214914371505635e-01	-2.751959988954256198e-01	-7.728440365241348933e-03	1.574899197308504140e-01	-5.699924747890652149e-02	7.615885983243093904e-02	2.758014285628258011e-01	8.833431225828054789e-02	1.839286514873395839e-01	8.081426651034903652e-02	-1.777545962157284776e-01	-1.771253691615222448e-01	-2.571962572870680266e-02	-1.256956313467889608e-01	2.882677883259562868e-02	3.346962238740416873e-02	5.714385520495338100e-02	1.632279062165472305e-01	3.035178191802890280e-01	2.700183330633096901e-01	5.761087685427368488e-02	-4.842139605672631658e-02	6.572489534918048160e-02	-2.083105564141674027e-01	-1.106945835868923672e-01	-1.829088917032434952e-02	-4.648562524679467067e-02	-1.190952521555671689e-01	1.709609919776984011e-01	7.738238646872967752e-02	6.342040720191745307e-02	-1.103543824112743071e-01	-4.004283516476353499e-02	1.447319138724680598e-01	1.102976244325569732e-01	-7.124055657399540331e-02	2.159723238236122000e-02	5.318564113059359028e-02	1.332277972190053505e-01	1.600259383065430474e-02	8.287925555577778380e-02	-5.379619879281016814e-02	-8.475252481504569335e-02	-5.217814339009372443e-02	-4.932396765488030951e-03	1.238286701353145530e-01	-2.886416484615066461e-02	1.214944836245150823e-02	1.800018688713260484e-01	-7.889540698465178498e-03	1.090176816023694928e-01	1.941065324869425401e-01	1.612790638563943169e-01	-3.179607353481294241e-03	3.938683770739925816e-02	-1.594463504906046825e-01	1.494173611600673190e-01	9.779159033238183849e-03	-9.133152393100378574e-02	8.780330543122791351e-04	2.047592334538142489e-01	1.479825458079041256e-01	-2.123777428687592950e-01	-1.315977162271656786e-01	-1.156869068629353368e-02	-1.424288402033782042e-01	-7.001777085037540205e-02	-6.589559641506068099e-02	2.357615484270570716e-01	4.449219676499664711e-02	2.553162712183570937e-02	-9.687517407136315983e-02	8.958339198207143465e-04	-1.771513812602394933e-01	-1.173896379367710130e-01	5.590757168649533593e-02	-1.473344144059317296e-02
-1.488695847138918449e+00	-2.839907293769527996e+00	9.488244973810410210e-01	1.277812540936785091e+00	-8.964792696149532780e-01	-7.508133897436508608e-02	2.498049334688484391e-01	8.677335736998488536e-02	3.512946984514492971e-02	2.648912945038651157e-01	6.208288855069940548e-02	-8.163950820440241118e-02	-3.272722643627140604e-01	-4.693912007338238261e-03	5.713440697370791854e-01	1.945568118341310382e-01	1.959994887902835048e-01	-2.577823645751141091e-01	-3.279140594463216818e-01	2.262073361105358393e-01	5.018728383356906297e-01	4.624054347516753372e-01	-1.095388187269738696e-02	2.619961996065599541e-01	-1.617054367461519260e-01	1.344608606185284938e-01	1.397527588772897733e-01	-3.705944960206874472e-01	-3.064031764643325162e-01	-1.823924516868528078e-01	2.354894208541204181e-01	-2.364162012517023181e-01	-1.308718673078076988e-01	-3.340558735571400595e-01	-2.020548743494296751e-01	3.063195336698900650e-01	5.102257222963005878e-01	5.185520873228909033e-02	-1.728048073210860236e-01	2.623339807416453784e-01	-1.830602392394315159e-01	-6.281437786372147392e-02	1.732619171505996869e-01	-1.394381420969341145e-01	1.100100144776730293e-01	-9.206886600372440888e-02	-5.681766288043696433e-02	2.643899425139187298e-01	1.449267215457112346e-01	1.089054714507464994e-01	-2.772759189386381773e-01	-8.107577066404826616e-02	-3.249402063276751740e-01	1.004569031999036910e-01	-9.594640188790963531e-02	-1.084316214634147291e-01	-1.316457427958674098e-01	7.196728076985667300e-02	-9.058600594088794811e-02	1.606346659612238881e-01	-5.192091504187307943e-02	1.137423824332832283e-02	2.378504239533967279e-01	8.521393635185139925e-02	1.338929231430973088e-01	-2.771111650844620411e-01	4.144118745743419208e-02	6.421904591620104796e-02	1.477178252972705941e-01	2.374072066297305272e-01	2.515174078155756332e-01	-1.032958891152526044e-02	2.534550011526777169e-01	2.690967498187130102e-01	-2.033623154756543372e-01	4.732121040703686221e-01	5.383512437278204638e-02	1.745705769054271134e-02	2.536577831423492829e-02	-7.392957576888384286e-02	4.287649805276004811e-01	-1.577107307246714829e-01	-2.965199547788191156e-02	1.253335813298601109e-01	2.805598010328406999e-02	-7.542766405222310622e-02	9.364446539515600826e-03	-1.040570398653815481e-01	9.482620127533425425e-02	-1.978252612503805796e-01	-4.063443837336808140e-02	-1.411709057115964061e-01	-2.984980266382010125e-03	-7.677903683037630433e-02	2.905856729883907197e-02	-4.685139499927378631e-02	-3.469804103562938724e-02	2.552255776165855417e-01	-7.987864441455860831e-02	-9.470042600090934626e-02	-2.345999926880834863e-01	5.190885720436066997e-02	-1.255522690911743955e-01	-8.228756511522479500e-02	2.063360972221905676e-01	-1.282421462916383814e-01	6.312219287289844681e-03	-2.297009753988266956e-01	3.633685581428713895e-02	1.518549950365306878e-01	7.968761553843015100e-02	2.271012123334107402e-01	-8.821268938326336240e-02	3.077065566892556257e-03	-1.335079545446791471e-01	-1.663565431882014223e-01	4.074182949343728433e-02	7.095405474670346546e-02	-1.268421401567469686e-01	7.065236651801860661e-03	1.939043635011657996e-01	-1.508869841181355587e-01	3.042513552804138044e-01	-2.842824173288349254e-03	3.594082900758716753e-02	5.935748767049775498e-02	8.901300642219520109e-02	-1.737806714307288114e-01
3.257802299980171234e+00	-5.705389127395442683e-01	2.771119262010851791e+00	-1.106162737999765611e+00	3.815015579932371503e-01	-5.356697316586861435e-01	-1.096563327182409342e+00	-6.520668711181429877e-01	-8.053626150817905227e-01	-1.344327125024514347e+00	-8.685243486159704984e-01	-5.455977019323654531e-01	3.735831353438288094e-01	-1.125131369559904559e+00	3.182583931834057633e-01	6.006181809414958828e-01	-3.143561263886247847e-02	1.471583314091144512e+00	5.670387860444607853e-01	1.256205186876797608e-01	3.394923551319837252e-01	1.120593093646133076e-01	2.901347661977237702e-01	1.184274936462232253e+00	-4.581724426047532606e-01	-5.797859686121656919e-01	-1.480047692955439309e-01	7.663533254641027859e-02	2.816841071344406977e-01	1.743276292279874184e-01	6.301353112710905702e-01	-4.821718539395011133e-02	-8.051165662901712539e-01	2.248078667913933071e-02	2.103634805979819056e-02	6.856568009923481588e-01	-1.172289927744072924e-01	6.062863458803685601e-01	-3.671005036635882623e-01	1.479664359436004273e-01	2.786378976836910715e-01	-3.631184886884347707e-01	-2.634022139867409629e-01	-2.632665518637513635e-01	-3.471549793705784592e-02	2.036999084864094534e-01	5.062888905963213171e-01	-5.536056000748023065e-01	-4.519872492814268061e-01	6.783267084371372158e-02	2.485579166607014556e-01	-1.593810310862930624e-01	-1.488963958427422796e-01	-1.678799758656962862e-02	1.228555629575090180e-01	-2.958198614073799804e-01	1.590604223372112103e-01	2.700060227282569669e-01	-2.273510539118806517e-01	-1.924081039555363120e-03	-1.457209417370726179e-01	-2.829539223090149491e-01	1.992755405882769629e-02	-6.427456143382109799e-02	3.395958926807428058e-01	1.647046964107452272e-01	-1.600157725353659188e-01	-1.905881590876439546e-01	-5.758469193402981218e-02	-3.016731504560549171e-01	1.281272126789918808e-01	-1.375102159094088172e-01	-2.215323738301186729e-01	-3.016757401280066309e-01	7.048949678501220673e-02	1.161516081568833222e-02	-1.052925384730902941e-01	1.682167819844955781e-01	3.751300247039478231e-02	-2.919818042324799981e-02	-1.114572574157098733e-01	3.938499976969771221e-02	-8.345311266203020439e-02	-2.554742561769607900e-01	-2.203366715403888842e-01	4.744329195048899162e-02	-5.415118365684024743e-02	1.762361325091857112e-01	-2.467630465224115652e-02	1.182469819230918123e-01	-2.330604591733105302e-01	-1.499789975211450466e-01	2.401931947542448598e-01	-1.776285692350051404e-01	1.958416116691457098e-01	-2.254778927118042745e-02	-6.989342984033362904e-02	5.460625318979578369e-02	-6.489933560970036729e-03	-2.985571572067782092e-02	-2.072905142304368176e-02	1.216191623440809472e-01	-1.563731032773201801e-01	1.587896407175538593e-01	-1.566650703378875409e-01	-9.760879898121531395e-02	-3.713217661527839358e-02	1.439261010617456926e-01	1.498134880689727666e-01	-4.131144920519289748e-02	-1.296596723953127861e-01	5.465265128695546287e-02	-1.167949312581998030e-02	7.119000422373452514e-03	1.701033165930729632e-02	-5.210353026760768114e-02	-1.884367404616736352e-01	1.201691679998132117e-01	-1.460916614453115596e-02	1.597723505359101293e-01	-4.404905303127056027e-02	6.973234924385264544e-02	9.518235243273807933e-02	3.299151978373465049e-02	-4.444547466509081446e-02	-1.776832564526048819e-01	2.243640305395626020e-02	2.125569318074893143e-03
-1.410843739938577812e+00	6.691151690472735281e-01	1.489686789790619859e+00	-1.315777301234243524e+00	-4.991890853241842119e-01	4.936494285312282432e-02	4.991209471966842615e-01	-2.737922919756973217e-01	-9.686744025253037904e-01	-1.226188942775575885e+00	-3.080235335297976107e-01	4.892704070318831810e-01	-6.568488394093674465e-01	4.659721117722626649e-01	1.909632937532993180e-01	3.537845002750257817e-01	-3.999566055124599284e-01	-3.024451185710891887e-01	-7.757442896716292280e-01	2.786069130740111977e-01	-2.087806275985758242e-01	2.187316243154823758e-01	3.532663240395400583e-01	-5.469632936003220557e-03	7.277917953993967570e-02	-9.407039722996216602e-01	1.634156241814705909e-02	-3.501587539839481206e-02	-7.496328920941122131e-01	2.114642720789071118e-01	-1.431783179570285114e-01	2.988495403414158716e-03	-3.327096138094099570e-02	-2.581482300608311520e-01	-2.915243062416578157e-01	9.440770566942464914e-02	1.981154803864065284e-01	5.099137333829520946e-01	-1.066430654203270358e-02	1.479294271203180633e-01	-2.098051846237703744e-01	1.964257866340778091e-01	5.767044256573021777e-01	3.206771485162194374e-02	1.544105867476250060e-01	-1.155337594925196082e-01	-3.348564992432894183e-01	-1.510924641920577127e-01	2.393822668334778248e-01	2.185413227188845731e-01	-1.067132251153523753e-01	1.382136250135714839e-01	-1.931122004639863887e-01	7.605671911110065478e-03	1.555707573622242164e-02	-9.454811825128942027e-02	-1.585384426145884929e-01	-1.873015153863589466e-01	2.394691681081482504e-01	-5.340768506016399519e-02	-6.590595356157787077e-02	-2.504585856985099834e-01	1.847557590589766208e-01	3.258875039551997199e-01	5.007476031932798222e-01	-2.574276077204304958e-01	-5.697592578573977551e-02	-6.175929866090499459e-02	1.534466151041372628e-01	8.709267086459256124e-02	-1.614523886161295385e-01	-2.048882327396409075e-01	-9.963166106791382370e-02	1.089824067185834605e-01	2.302691186904430032e-01	1.777051287151026893e-01	1.696640155977127973e-01	-1.040004330623129497e-01	2.363080263809671511e-01	1.640179037597104539e-01	1.225643264467556580e-02	7.017498248473835742e-02	-1.403315116924552797e-02	1.646330883571891501e-01	4.503313734918742289e-02	-2.070256149339950169e-01	-5.963619914063603145e-02	-5.555163044121020910e-01	-2.610689749115434610e-01	8.360993990946215260e-02	-2.516950341662765878e-01	1.598059753932727090e-01	-1.032288952578788374e-02	-4.478438374666361688e-03	-1.820665804022482126e-01	1.356680066845849242e-01	3.869795637045184700e-01	-2.311051528275161887e-02	1.666337517091714682e-01	1.672288259937963761e-01	-1.917246973952154432e-01	-9.684545412747330717e-02	4.765719549478286687e-02	3.056802167633230205e-01	-1.202288056484305118e-01	1.413442916373389702e-01	-1.618981994327186869e-01	-4.970191576904647857e-02	-2.602495188400334447e-01	2.867703552497358754e-01	1.090143815552735568e-01	9.254210705946380733e-02	-1.642236856375406395e-01	-4.366260244595990270e-01	-1.328804690215343309e-01	-2.169593030078458343e-02	-5.310635159911139200e-03	-1.586903861678420069e-01	1.045085647879143709e-01	2.569174049482081390e-01	5.142380813825538771e-02	-7.291550307084427272e-03	8.239141663631677215e-02	-7.879163418879586711e-02	-5.089556179922104240e-02	-3.090778845661129592e-02	-9.404376556254862018e-02	-9.062090954290208389e-02
-1.039937422493878438e+00	-2.616172842224465001e+00	1.698373395460479607e-01	1.206315511801969498e+00	-1.488336156434222790e+00	3.365570678656930048e-01	-5.415377616887270262e-01	-1.414281370544431260e-01	9.902316927727680684e-02	-4.678859296601837747e-01	3.469333615322984232e-01	-4.113177146395395889e-01	1.066236311240766232e+00	1.136498153678294348e-01	5.760515557526598718e-01	1.062543843974318170e-01	-2.677313694549611212e-01	-3.686282538792165497e-01	8.973864402841270904e-02	-3.806396338359714360e-01	-3.382193435213701749e-01	6.234160517911266908e-01	3.016152028752189795e-01	1.225145434312896594e-03	4.891838870147063867e-01	3.395935813874433051e-02	-4.794336227457451916e-01	-1.976978405464969724e-01	1.006327347226507601e-01	2.249018849123004538e-01	6.666441987597357399e-02	1.222455385535308053e-01	-7.991238121211802214e-02	4.331344801309339188e-01	8.898445169502602892e-02	1.552083764154265581e-03	-6.671713821836548763e-02	-4.300716290919037038e-02	1.341333972116809103e-01	-1.594553788818388051e-01	3.424774436130315070e-01	3.987035226060241522e-01	1.427174860937374112e-01	-1.041805965840003345e-01	1.600519374719755472e-02	2.263425074037461182e-01	-5.753902537762300290e-02	1.298956104871808459e-01	-1.192005375093438124e-01	2.301702429957205032e-01	-1.532186375966349545e-01	1.717094596449715849e-01	-2.197618207121975614e-02	1.725797285415167082e-01	1.260254059466572596e-01	-1.596276274135364215e-01	2.408394801160103071e-01	-1.301406522814895772e-01	-3.047104689857404319e-02	1.759628041497848239e-01	-2.392754961269619451e-01	-2.334976547997335283e-01	-1.746260262842875555e-01	-1.988836757997525240e-01	1.314424554588587424e-01	5.380709537025576972e-02	6.039475334876963364e-02	-1.427672212732130075e-01	1.628375846220965761e-01	5.642536614933986450e-02	-3.151178875666559021e-02	1.609676031111872130e-01	-3.287111146450655275e-02	-1.139635020324060583e-01	2.630800771132627003e-01	5.950113389938822134e-02	-1.588456429093235422e-01	-1.598597989154671994e-01	3.131580291285723100e-02	-1.795639190525391005e-01	-3.328501526222044649e-01	9.185387738267984659e-03	-5.807890433294499166e-02	-1.808757966042879306e-01	-1.747309900316367653e-02	5.482228096793376887e-02	3.110632862466334442e-02	1.392498519574645877e-01	-1.075583044643650815e-01	-1.553570014820719047e-01	-8.041567118317279050e-02	3.730700419849125593e-02	5.354579976525671026e-02	5.498747595880455231e-03	-2.609270676247143345e-02	9.742417397789625289e-02	2.600335471093359052e-01	-1.438325886168683454e-01	1.359037070836049133e-01	2.640752801901905672e-02	-1.606537923141464486e-01	-9.501190969092782046e-02	6.222649748316590179e-02	-9.135505140828595327e-02	9.413998971776598237e-03	-9.371037462900208212e-03	1.312973844495782805e-01	-9.987762329884046497e-02	8.652425001852339509e-03	2.219831670434502593e-02	1.425136381135109209e-01	-5.627165467890810763e-02	9.286793484495832474e-02	2.387461434503214408e-02	5.802996138211689858e-02	-1.441389519228046881e-02	2.631208303847936553e-02	-1.197472755166361785e-01	8.916894266357626789e-03	-1.273684815491142250e-02	6.542631421682579274e-02	3.079283864136550183e-02	1.207163616401954048e-01	-6.558861067959757818e-02	4.226178464637384696e-02	7.173943456323868262e-02	-7.830478169744053973e-02	1.263172981187766497e-01
-1.134688236722900534e+00	-2.666434037571491444e+00	1.235294732153377373e+00	3.473212540990863184e-01	-5.461336483677607934e-01	2.319854390306174963e-01	-8.234177139879013119e-01	-2.583572607583495828e-01	2.077264199681812529e-01	-8.507621003815849514e-01	-2.927971468430355939e-01	6.916978168267035043e-01	-5.281463533488888196e-01	-6.271698438642872020e-01	1.690489690011233170e-01	-7.540774007466685691e-02	2.791881086977394122e-01	1.338379360864462742e+00	5.971333724117791619e-02	4.792723438899798016e-01	-2.315646791131072690e-01	8.033844499292651653e-01	-9.792064657924498539e-02	6.467526078666856471e-01	-2.940532752241527548e-01	-6.117282524032335855e-01	6.789125742354744364e-02	4.081483154823274395e-01	9.288591610167304391e-02	-2.668631717062116548e-01	1.852825372632019019e-01	-9.219621387643817112e-02	-2.980211367154973479e-01	6.037469538453669841e-03	-3.155372815549498666e-01	2.895407989011014038e-01	-4.532206248788272357e-02	-7.387110212826434319e-01	-8.321483597636513130e-01	1.960033815802945389e-01	5.016683101347664264e-01	4.368782292987147264e-01	4.532787830573625776e-02	7.139047248134598733e-02	5.004307438475272818e-01	-1.864674862352563023e-01	-2.268246252210655012e-01	-8.267015076210065816e-02	-2.345369613323302904e-01	-7.043894954301357925e-02	-6.849334791282667752e-04	-3.478509376673133424e-01	3.112791520677308799e-01	3.050807858110396800e-02	2.416880169974664205e-01	-5.575095741138005323e-01	-1.298092698874120099e-01	-3.174922019402510731e-01	2.791015148967903037e-01	3.642337322314538606e-02	-3.618209851194834625e-01	1.552114246562953104e-01	4.067863252725920642e-01	4.208076758959054808e-02	-4.500869561892287818e-01	-2.927221019806980351e-01	7.368471005047565470e-01	-1.279938334056431593e-01	-3.734156775065061717e-01	1.259652701586451984e-01	3.921196146612320743e-01	-6.944217393095333812e-02	-5.568323074432266796e-03	1.310871625748008806e-01	-1.078698425563194147e-01	7.319854923921105538e-02	-2.102450627769958669e-01	-2.965013934149631214e-01	1.527131566371869587e-01	-2.099577971003345478e-01	-2.081273994024448321e-02	1.670452594656968714e-01	7.347150976189321947e-02	-3.351060277966782519e-01	1.916708637511396474e-01	-1.006097595113671916e-01	1.356556152183640840e-01	2.135641897539344858e-02	6.098399732381484112e-02	-2.333349666302950431e-01	-4.872997416005051680e-02	1.125809445020683058e-01	4.101641333456879090e-02	-4.848673784469084008e-02	5.215472784937617012e-01	3.477397249221456099e-02	-2.264109442865673005e-01	-1.619052474777548933e-01	-1.097317511742527674e-01	-3.540826605309295716e-01	1.953298095949721480e-01	1.440427976066909789e-02	-1.937308456933954925e-01	-4.636405132428204207e-02	-3.480627253962109008e-02	-2.925952412645600048e-02	-8.041716971389712559e-03	4.270026365031504012e-02	7.568986819404459332e-02	1.186688212412879556e-01	-1.037910711692669324e-01	-2.242428952823597998e-01	-2.078711739172236783e-01	-1.523578782362192963e-01	-2.096751686512727808e-01	-1.873089381466284398e-01	7.758330380070659971e-04	1.163163720250779548e-01	-9.434349063863049778e-02	9.378062427008958257e-02	6.359556025436241544e-02	-1.016774251564793036e-01	-1.720355057622132422e-01	8.009668685725208903e-02	-1.898935016440065626e-01	-1.132998868306253348e-01	4.898187535817030702e-02	-7.610564892969043371e-02
2.925152901831132635e+00	-1.428729249322442607e+00	1.366565422032490318e+00	6.648860573830933651e-01	6.730618310923838221e-01	7.365487679157538548e-01	1.142213490896021089e+00	6.753265558401574387e-01	4.431923191499974601e-01	-8.688232145579664056e-01	4.480469856240885673e-01	7.384503455208853984e-01	-2.346529813611438961e-02	-1.838382890850693563e-01	9.322959079342280075e-02	3.959994372069354784e-01	6.753764134831190535e-01	8.733490552646180349e-01	-2.856176487782177698e-01	2.754727136307799640e-01	-6.084813418461193502e-01	-4.231044072064336081e-01	-1.713617503314995572e-01	-3.469817170541390772e-02	-3.319973591372196720e-01	-1.240692489030129630e+00	-3.179331191124916134e-01	3.256843053973997315e-01	5.520905616774739455e-01	6.462661286869168797e-02	-5.172331410344364194e-02	4.336269355785543622e-01	7.854238086099941674e-01	-1.349517175934900927e-03	6.312791490472310363e-01	-2.533850297235152871e-01	2.408084503055471781e-01	-1.371014400825248114e-01	-3.566463040977840837e-01	-7.109426287949589807e-02	-5.268530269276863742e-02	-2.019325614432567473e-01	9.803460190949150888e-02	1.593246019995759877e-01	-2.192346065723338178e-01	-1.936156621215206763e-01	6.307021771683277711e-01	-7.561859310793174194e-01	5.583493976041856710e-01	8.693315567558951296e-02	-6.521747831483667990e-02	5.102970628909432593e-02	6.657900882924541741e-02	-2.392797681261732423e-01	2.079000810491277162e-01	5.068987391346193583e-01	-2.633743501745575699e-01	-8.563896162976105675e-01	5.988717188665931834e-01	8.030244614732245934e-02	-5.796479210996054870e-02	-3.633428504713095974e-02	1.581047504707369378e-01	3.015455819915366723e-02	3.499167734867219548e-01	-4.646341758149420686e-02	3.688814646078433235e-01	1.610355996354303695e-02	1.009908418943795787e-02	1.238437588408791562e-01	-2.783549057172307606e-01	1.428083751939466517e-01	-1.135672502712403997e-01	-7.599788383206687592e-02	-1.520410662612115826e-01	-6.173905057847704075e-02	-1.717493068112574961e-01	3.112775557278297800e-01	2.294584362767744246e-01	3.549876169687239957e-01	1.663724648012396556e-01	-5.561165646018005615e-02	3.652676096508786219e-02	2.806120034791697582e-01	-1.103750666876623932e-01	1.863333277954034306e-01	-3.923188196147945339e-01	2.635332263095432892e-02	2.295500393643930548e-01	-3.675693893577714616e-02	1.675277615447261226e-01	1.650085032743179442e-02	6.885033655043480694e-02	5.870670882057166945e-02	-1.252280010653016029e-01	-4.147311024824663905e-02	1.174813024995010058e-01	2.720370655592505710e-02	-1.629816942404021252e-01	-3.334126375500093831e-01	-6.872758700537166809e-02	1.036871012438691786e-01	-1.110968764921978630e-01	1.541846519473445698e-02	-3.640280064530237308e-02	-3.353625709750040484e-01	7.849385723249889535e-02	-9.576058635919197648e-02	-1.801875678559992922e-01	9.500748381968343592e-02	7.132897206531295387e-02	1.672896956987178496e-01	1.407098765523844552e-01	-2.634724656401220624e-02	2.867617483389858432e-02	9.334817592874647407e-02	1.865193049120801583e-01	-1.631096077952151890e-01	-1.569225249649601750e-01	-9.633255181442978987e-02	1.458641770223059464e-01	-2.086656291212891923e-02	-1.848338317318590773e-01	7.342636663595814017e-02	2.536053224489009383e-01	1.906403441320352402e-02	2.397335193559690936e-02	6.427789118428847703e-02
-1.687918892248931435e+00	1.330059067103103843e+00	1.285180967571971866e+00	-3.976905417858490055e-01	4.835889619059252631e-02	3.936855407888525393e-01	7.110086145964555904e-01	-9.463132713712300026e-01	-5.369390967848378660e-01	-9.046114522680184233e-01	-1.109097707248895448e+00	4.419777838631608891e-01	8.466923433337346372e-02	2.367263956996399910e-01	-9.159895590448981217e-02	-1.996417726967863737e-01	6.842574463113658689e-01	-9.960486484872363988e-01	4.488150872567089195e-02	-3.605626585688501140e-01	2.149001414855730152e-01	-4.618804532349379821e-02	-1.820178015156808937e-01	-9.422392339406454598e-02	-2.151940449844165770e-01	-2.699362192434987540e-01	5.276775580357627726e-01	3.071239808919526415e-01	-7.379851428159407700e-02	-9.128297671984690609e-03	2.382559582729883441e-01	-2.332971878594950477e-01	2.260341971365690261e-01	1.360282780987561169e-01	1.601150154235514711e-01	1.757707282485903022e-01	2.145624873897344354e-01	-3.244444161108807068e-01	-3.598441381708939457e-01	-2.196249699764173391e-01	2.761302554693685907e-01	-3.548111688442680267e-02	6.159024864684100459e-02	2.692309446394241523e-01	4.687918635908782522e-02	8.496999261474115495e-02	2.595066046545803640e-01	5.771601969806452459e-01	-5.868099325682802903e-01	1.979355366148640716e-01	-2.957564826113651679e-01	1.058684679945887386e-01	-2.634313021828107448e-01	-1.008867263566043393e-01	1.119384503462134695e-01	-3.234958478850179231e-02	1.153241915229455544e-01	5.342131556353924698e-02	-6.961418827265011822e-02	-1.832717797726929332e-01	1.610291383861208181e-01	2.226452727166514101e-01	1.656256431652993188e-01	-2.635741318108819065e-01	-3.840467020202326803e-02	2.018638675354614831e-01	-6.346854214619759849e-02	1.377147898572077811e-01	-4.614353709146277321e-02	1.575725810976148222e-01	-9.096965810041518496e-02	7.958226915341332086e-02	-6.881022127316767378e-02	-2.068988388711446302e-01	-2.426765277501891638e-01	-1.338835112811943839e-01	5.268181103639537309e-03	-6.231807255376434207e-02	-2.845970933613888865e-01	1.561372528584116515e-01	-1.682871219678859498e-01	8.099485379282880815e-02	4.041325268088400563e-02	-1.756273503480347831e-01	-1.359836545481424991e-02	-2.075666676746019401e-01	-1.907171775892550769e-01	-3.781551606123087494e-02	1.067574555455910734e-01	2.918781677061796365e-01	-3.757911886964712123e-01	-1.566365272833234457e-01	2.565878946085251022e-01	-1.464595056340472212e-01	-1.607565985707142681e-02	-1.163346284637246930e-01	5.936203211558124110e-02	1.103480980955611895e-01	-1.127310457477910810e-01	-1.302608480884514912e-02	1.494555151166015450e-01	-1.195259619922065669e-01	-1.113191833236931300e-01	-6.667694143108945926e-02	4.293074238273543453e-02	-8.366690149360729578e-02	-1.006960956408535363e-01	-1.595883110462488763e-01	-1.435216843692853073e-01	1.647146927261717853e-01	7.318355063813115902e-02	-2.346655080922583347e-01	5.207505807641222423e-02	-2.668774070349552163e-01	2.653826962628731967e-01	2.146681949281896984e-01	-4.408627708558345015e-02	-2.706614451467117544e-01	1.340023279597508943e-01	1.476765364515259249e-01	-4.546110886434952258e-02	-2.207214051474134294e-03	1.259733241664366156e-02	-1.865215206039429752e-01	-1.468632359321977998e-01	7.042505685346690802e-02	-7.070544071369731787e-02	-2.299532858975952831e-02
-8.083221975190183484e-01	-1.350198501399395346e+00	3.989088603724322279e-01	-1.250408529443578942e+00	1.186516584650799011e+00	-2.661843956838851888e-01	-8.558404434017845563e-01	-2.342485614914028846e-01	-7.718945514708708266e-01	-1.129494542555923575e-01	-5.501234153179456188e-01	-4.817077658943837437e-01	-5.831093945340029561e-02	1.330595742861068881e-02	-2.258311628329517373e-01	-5.047208494335033713e-01	-9.632459371752050484e-03	-1.515827446734519246e-01	-2.653091095017599543e-01	1.167597152914938777e-02	4.543004461713641140e-01	-2.810232484010509180e-01	3.302142948035560743e-01	-4.044833964994171693e-01	-1.069592818553709995e-01	3.331600501711434736e-01	-1.085171200349263065e-01	-3.906674390033048061e-01	-4.294648142744171837e-01	-8.767144320143152592e-02	6.993823690061291842e-02	4.502889620788088840e-03	4.248873777206134406e-02	-3.100735059464725385e-01	-1.066867722318863843e-01	-1.600195295489207636e-01	-1.757465436007769055e-01	-1.357415196384501310e-01	-4.476575931971119027e-02	3.151249347271743440e-01	9.975219845709944189e-02	-3.534670764536201881e-02	-1.179398231971370697e-01	4.453725669772677365e-01	2.588928061803715819e-01	1.118071456429466787e-01	-9.216046496648855335e-02	-1.454014439421080773e-01	-3.464168589902937023e-02	1.264610562149832695e-01	3.251865001802644456e-02	-2.334314825919050762e-01	-1.424436814655239691e-01	8.261369416625642670e-02	5.235819208847027895e-01	1.568336843527719238e-01	-1.448922992870185500e-01	-1.956699923023044740e-01	8.819943202801421023e-02	1.360913382308225339e-01	-9.516195064373562940e-02	6.362621239896706915e-02	1.916350433920625818e-02	5.886441695015341008e-02	1.803498714411928550e-01	-1.094772053967867365e-01	-7.089442654835566293e-02	-1.111929286569823955e-01	-1.776345994593303279e-01	3.988773729467768314e-01	2.212035809853492296e-01	-9.126739337903203020e-02	-8.932716318444611225e-02	1.968132877120668534e-01	-4.254836654610667790e-02	-6.918736439719087861e-02	1.318712778063156317e-03	-3.179972440878113538e-02	1.728775932191526088e-01	1.056790053012962027e-01	2.801030982881905218e-01	-2.021336533143877345e-01	-1.274050950976020891e-01	-1.567264651978686474e-01	-9.031268332701089530e-02	-6.188343270473121993e-02	-1.475310967399071638e-01	1.080969649856270004e-01	-1.665208987137246563e-02	1.088342079756924874e-01	-1.158394225587337234e-01	-1.167695995861283975e-01	-1.520552447514355310e-01	3.269766549109925230e-02	1.140162350492135990e-01	-1.035272027615899209e-03	1.859327126707063793e-01	1.636522133414158586e-01	5.135694505734882120e-02	4.170180110625908154e-02	-1.214384677426820214e-01	-9.070328530569231329e-02	1.225376326902603424e-01	-2.197623376114244409e-01	-1.943746773533921307e-02	1.865791118198288981e-02	3.874034817014603699e-02	-1.121018250175340458e-01	4.364229665372840010e-03	1.261837209046495767e-01	-1.547295593209288556e-01	-8.414166548165165349e-02	2.298822588414941026e-01	-1.699387065933447571e-01	-9.445296028674987632e-02	2.652770616720323896e-02	-7.249326090761174131e-03	-5.530343442725828979e-02	-1.830647887728139855e-01	1.281955124545584579e-01	-5.769956452855765777e-02	3.751637920341429483e-02	-4.516048198527471136e-02	-5.416967995998263341e-02	3.536888776464661155e-02	1.169522467825599987e-01	4.243185790809076569e-02	2.581840470668461673e-02
-2.800039496158313046e-01	-1.944841729065083902e+00	-1.200566446471812432e+00	1.163013441876731058e+00	-1.867928424024128287e+00	-2.940498770455604038e-01	5.831601665041018234e-02	-3.905074064281255919e-01	-5.912694163075550291e-01	-6.051383782558138469e-01	4.232142864758783873e-01	2.262262578350427156e-01	2.878848887312633331e-01	-4.620105411022780717e-01	7.282436841708565811e-02	2.008120436094771033e-01	1.645826515391809464e-01	2.510851167672437101e-01	-1.653616079299579933e-01	-6.617747870728629689e-02	-6.198264278841484343e-01	-2.738601308786454691e-01	1.247159027450026325e-01	-1.235426906611890308e-01	1.999020909832990578e-01	1.713954493134100532e-01	8.442367996975906619e-02	2.343857759301589405e-01	1.659128488107313726e-01	3.328687309305792263e-01	-2.400459849637490428e-01	2.437039969853384280e-02	1.850410204577132844e-01	2.709513803887341199e-01	3.305406036641069661e-02	-8.006435545430434786e-01	6.616802417363586153e-02	5.373565271364459939e-01	2.956985167236914624e-01	-1.050869088609366203e-01	8.004276855860901208e-01	2.759023427101385262e-01	-2.256733888199254356e-01	2.219363733949421547e-01	-2.669401751465106942e-01	-7.799649853173993772e-03	-2.727166384511711117e-01	3.449685766012295512e-02	-1.494397166923620845e-01	3.231795756730694302e-01	-2.468702579114566767e-02	2.692118694610231011e-01	-4.823430598512076783e-01	2.001396750336683628e-01	6.727943160579173340e-03	-1.404953160094340736e-01	-3.414037868702790024e-01	-1.486112041781514903e-01	2.187242757902398485e-02	1.177768648454650263e-01	8.374721624570649614e-02	-3.236268900676213256e-02	-1.701179527757594456e-01	5.853226528613780788e-02	-3.835599991589830338e-02	-4.419952396443456166e-01	-3.764294678325445509e-01	1.267116892079289125e-01	-1.669939278527372561e-01	-3.462404043956955890e-01	-1.176373761709551269e-01	-1.752485172455781337e-01	-8.209582100095451362e-02	-1.813564886631069406e-01	6.698065142227838109e-02	-1.317643265288863386e-01	1.807986961386382763e-01	-1.977096720651554118e-01	-4.598946709693554347e-01	-2.418397840998184611e-01	-2.057178860862909908e-01	2.744650313816202614e-01	-7.374024325090526577e-02	2.142451269120682622e-01	-3.026987794378429575e-01	2.017239745861384159e-01	2.316778522204420918e-02	8.738867220802791491e-02	1.479213363686739113e-01	-5.908960313830836225e-02	-2.941313320587992108e-01	3.627124502458475286e-01	-1.965103532583123980e-01	1.633440478096512272e-01	-1.466731424321441289e-02	-5.248938831995930698e-02	2.477795033780239575e-01	-6.446410894798168534e-02	2.752543381660460531e-01	-9.933034794621953267e-02	3.866719792773274517e-02	9.277130127473992571e-02	-1.963210100364025205e-03	1.968067760660193247e-03	-8.486037902702853186e-02	1.817502208838960853e-01	7.887417098515549230e-02	-3.931405957555093172e-02	-1.755660080777522291e-03	-7.609918091471931656e-02	2.601403899986947515e-02	-5.529441132006054221e-02	3.141124106119761589e-02	-1.907062018814281723e-01	-4.346274668347002018e-02	1.993817778315870315e-01	4.994995123384681282e-03	-3.636535994111775305e-02	-1.240075510221166216e-01	1.505837519533034519e-01	2.459327331469446376e-02	-5.085382914997114284e-02	-2.444404912634357829e-01	-1.348906451341978785e-01	-1.195515251430477321e-01	1.501469159132232667e-01	-2.282991350418203114e-01	1.638342594676223674e-01
2.530221744259836925e+00	-1.421084949309038947e+00	-2.981670346306980468e-01	-4.445350311861878678e-01	5.945691658894095566e-01	-5.455456165317330575e-01	1.169265489729353735e+00	5.162609315977080282e-01	4.358456134791165448e-01	-4.976000820009578995e-01	-6.419983841785031897e-02	8.061761931270831072e-01	6.352594936631723865e-02	-5.129998729701414073e-02	-1.189697409512607162e+00	2.107745701603805644e-01	7.215568817608770946e-02	-4.435589021171999768e-02	4.978029653782331532e-01	3.207453304954875906e-01	-3.213297115150756667e-01	1.677060852564263849e-01	-4.059551309230089999e-01	-3.551378244255273819e-01	1.101043173644798284e-01	-1.762020503465838994e-01	-1.313996049947928069e-01	-7.988751530496181197e-02	-3.060453943721749281e-01	-3.524298811274214488e-02	-4.867615615169283705e-02	3.148728138702229229e-01	2.186911271111453281e-01	-1.439096158708949580e-01	-3.742698932632078090e-01	-4.760753911573272629e-02	4.253669633561517616e-01	3.338767621025008903e-01	-1.613193750380217395e-01	-1.219602690050518579e-01	4.960962154842810806e-02	1.560422739154770366e-01	-4.773714203752876806e-01	-4.485135374892479931e-01	1.400934771401870227e-01	-9.960501155891596237e-02	5.513515093421138269e-02	4.582332806155472449e-01	-1.192655799087324608e-01	3.204711219492733520e-01	-1.919255946493982345e-01	-1.526474958145185024e-01	-3.874201520611816191e-02	-5.214575040293371183e-02	-2.536233657291987464e-01	-2.262502320437371518e-03	-1.684102944508836797e-01	1.199999880785919126e-01	-1.746526407333181541e-01	-3.028364786800530339e-01	1.996720504654585227e-02	-2.608261423496800457e-01	-2.359533211801097263e-02	1.828019484473645262e-01	-3.837027647395800656e-02	-2.724257114098475874e-02	-1.109228283410841898e-01	-1.198709348489230969e-01	-3.034654849659084719e-01	5.307417762679932788e-02	1.092844032737644300e-01	1.333773375638287739e-01	1.794837344821469394e-01	6.961525792481111641e-02	-1.195518252928682718e-01	7.962056509154795403e-02	-2.250667083596143928e-03	-1.007144446558574241e-02	-1.264624343577033620e-02	-2.361201680601151542e-01	6.935183285411285203e-02	-1.218418045181172138e-01	3.958637130089685124e-02	6.542575158212499131e-02	-7.542937500890617430e-02	-4.116238624721429464e-03	1.214359031412174106e-01	6.571343119589252713e-02	8.664021746557079573e-02	8.740008313451165523e-02	9.368905381016492950e-02	3.127467671410519290e-02	-1.578941360954070061e-01	-3.531951130634624070e-01	-1.914641603386132984e-02	-1.197781477040666363e-02	-1.156476163781998065e-02	1.481567259172257012e-01	-9.531010832404203381e-02	7.501116614634949003e-04	7.786958790161052635e-02	-1.525479248005628119e-01	3.520786855562049733e-02	1.398436595079637079e-01	1.953820606134489685e-02	1.367207528558521679e-01	8.143670632955983535e-02	2.262594638705504868e-03	-1.334825304975092719e-01	1.405916389791815602e-01	-1.214596685281042060e-01	2.557865222081238676e-01	-1.038517876920033722e-01	-7.096506737046331947e-02	-4.151592166015313085e-02	-1.150688315663524024e-02	5.097483491489308849e-02	1.024657235952686068e-01	4.792286608829852274e-02	5.143007652725047757e-02	-1.956120688357105772e-02	9.825835478811498908e-03	1.249763915547720677e-01	-2.554301558215154450e-02	1.963229909034661658e-01	1.662160030937582036e-02	-2.127806899398797941e-02	3.010806959357861107e-02
-9.368423771343804829e-02	-1.506518175490603850e+00	-9.553947412280081597e-01	-1.028896343686007686e+00	1.011778022644047592e+00	-1.549308397918356173e+00	-3.724671698791749697e-02	3.747661777308555209e-01	1.089803163136424002e+00	-9.982641010220324462e-01	-5.716172786904858416e-01	1.459111878407624685e+00	-3.735089857367558941e-01	-1.511566175621341934e-01	1.260594258517657926e-02	4.509091913630752790e-01	-7.274683169446230502e-02	-3.657630713436991754e-01	7.182823738745947040e-01	4.927004685236593962e-01	8.751214435315970985e-02	-3.387744801675143247e-01	2.140287931574881841e-01	-3.869326892866121193e-01	-4.293870689611367641e-01	-6.734252480704147059e-01	4.993419136671306546e-02	-7.053225243857673687e-01	1.470974611037599300e-01	2.783262302544490252e-01	4.970613852658052889e-01	4.317827198250420162e-01	-2.572815526001936415e-01	5.389830312135553969e-01	-5.480287591896306765e-01	-3.626200011267113887e-01	2.795023722930640719e-01	1.046240014657975198e-01	-1.460449623830493149e-01	4.382300054484767893e-01	3.049738744629043041e-01	4.801335636135377616e-01	-2.909200503710379082e-01	2.286623166620693481e-01	-2.054408562004022068e-02	-1.753304656253336924e-01	-2.204911444419580535e-01	-8.906672078577909657e-02	1.577283492634152240e-01	2.873962320749750415e-03	-2.073804644499700062e-02	-1.345460184267793791e-01	1.775357712478835281e-02	-9.176650896049613759e-02	-1.454789161411796372e-01	4.320926167723729977e-03	-3.975138197542767982e-01	4.698523703222211995e-02	-5.878923064331316450e-02	-7.735541536848358768e-02	2.181259856752410312e-02	4.491918240194012757e-01	-3.026351033748013730e-01	-1.250956981895295916e-02	-2.526365316597334321e-01	-1.824634825218077461e-01	2.333690659098545950e-02	2.613355678379132851e-01	1.571498311400647552e-01	-6.325822959635468701e-02	9.543080411361139215e-02	5.252174648935802048e-02	-6.173937936339041893e-02	-2.400703763999227636e-01	-5.085769392380955212e-02	-1.728227061211678461e-01	-5.938309155397835520e-02	1.957494963089345952e-01	-6.992437125683473309e-02	-2.316380116467153250e-01	-1.362961000841055870e-01	5.974281218285628497e-02	-8.428741773394492209e-02	1.294313333727161730e-01	3.120026048240356203e-02	1.846469828994009854e-01	1.694768221850839751e-01	-2.515061384822592228e-01	-3.707902926185843717e-02	-1.361700635936264336e-01	-2.453143408146787885e-01	-8.458120681328121226e-02	1.179957397965098048e-01	7.268039587792335388e-02	-6.371133999566511164e-02	-1.386268319504142810e-01	-1.469261354331216907e-01	6.161633098391544605e-02	-6.337077445872264791e-02	1.443024250270781572e-01	-3.988281045076560311e-02	-2.828062511155835998e-02	-2.601277823129284281e-02	5.981246027681903776e-02	-8.771465049653273671e-02	-1.286078098460783081e-01	1.239296489921599409e-01	-2.461574737959926901e-03	-1.010406201517685121e-01	2.464535966059679117e-02	1.996953100733498965e-01	3.923871431555740058e-02	1.095250068606026944e-01	6.700432653753220051e-03	1.013616796497848332e-01	6.799205633831321982e-02	-1.660574595998726977e-01	-1.845597843785552750e-01	6.991745100678378733e-02	-3.778256555105832803e-01	-2.309868245748087079e-01	5.083421622921572430e-02	2.879271813266375823e-01	6.635280742575883073e-02	5.791941154991211288e-02	1.853329565310732341e-02	1.241334684331843047e-01	8.225555148812681641e-03
-1.346001193059119583e+00	1.067508497215354124e+00	-2.105052734121466984e-01	1.985403658348650957e+00	1.955046771606349543e+00	4.085211462666316629e-01	-5.258790318949708720e-01	-1.907328551389698701e+00	1.257052494352810967e+00	-7.394009353453871725e-02	-1.546137350149146439e+00	1.903013626853109486e-01	8.367722914472850437e-01	-2.387224301085595635e-02	-3.210079409946977602e-01	6.819467349201642492e-02	8.933824940740218157e-01	-2.789246137778478296e-01	1.267101613427685236e-01	7.876880470828809266e-02	-4.095060673948510144e-01	9.638676025730917862e-01	-4.242527840332113026e-02	-2.594649874203301954e-01	-5.098885887499668979e-01	-2.178182154239774737e-01	-3.895815085447207338e-01	-4.910664108288167462e-01	-4.012006580450427351e-01	1.798052964649064500e-01	-2.947432394337317074e-01	3.814663841708150205e-01	-1.515137601787341082e-01	-3.289563066157435989e-01	3.431368087064148309e-01	-1.524153544662903287e-02	6.581277856470008070e-02	-1.477372801531754987e-01	1.409338156669942832e-01	-2.137389110730423258e-01	5.722137549164064974e-02	-4.355465639988386206e-01	7.889435946504070873e-01	-1.162597660550433037e-01	-3.996243751689606549e-01	8.173800210203152616e-02	-1.930288855698818196e-01	-3.180672314959773206e-01	-2.360112045856258001e-01	2.033149462553794362e-01	-1.278431527847633531e-01	3.882811279646653513e-01	1.089135287198289559e-01	1.626047802649596696e-01	3.265078349163601512e-01	-1.551591310806495760e-01	-3.875361043839790076e-01	1.415328921493288691e-02	-1.663185354376967573e-01	-2.168234234352206802e-01	-1.058374961452838436e-01	2.046251071965137780e-01	-1.276564206769738030e-01	1.132503265719996960e-01	1.280380613526500566e-01	1.085001427489437446e-02	-1.349510782943851572e-01	-2.227241465242723872e-01	1.112561046070347781e-01	1.986510338450375168e-01	-5.552341197820048063e-02	-8.213609649998740783e-03	-8.539752877809417275e-02	1.624329285916541743e-01	-1.782534892120473530e-02	-9.289836703710610544e-02	-3.906641777961869511e-01	-2.654707068169465806e-02	-8.547615169046390848e-02	2.060107270099273136e-01	5.224176215996094441e-02	-2.870457639938886474e-02	8.197590145037680909e-02	-1.073341791231835901e-01	8.911438025778757425e-04	-1.776758838759692760e-01	3.157830863411791728e-02	3.562006252406806767e-02	2.503147896841438347e-01	-1.213989843068911528e-01	1.262137210428047052e-01	6.680151540174697478e-02	-4.614247081005522916e-02	6.296897353642118278e-02	-1.498907304646807381e-01	1.258173642648810486e-01	-1.057902681325812722e-01	-5.372727153930095811e-02	-2.190163856883534099e-01	-1.192297106060988821e-01	-2.116493342150329096e-02	-9.544690498700554582e-02	1.622949266391995049e-01	-1.074140062838089271e-01	1.315130188987259086e-01	-3.979814460389478892e-02	1.997712681556491621e-01	-1.003577599030331113e-01	1.157929477041302474e-01	-1.415326198144119772e-02	-9.736736831337861053e-02	4.335499194109933979e-02	-2.362088137113196526e-02	-1.068474653679406250e-01	3.875723601349025105e-02	-9.904028091693922731e-02	-7.560895445380290403e-02	-2.167089409471255057e-01	2.368220172600171147e-01	-2.768500849440330008e-02	-2.033917865191539054e-01	4.942601923482409926e-03	-5.616407158569626523e-02	-2.025643189885459883e-01	-2.038472888740879008e-02	-1.813287825773865491e-01	3.005505917660745638e-02	-4.556832541080362703e-02
-1.158236176590963895e+00	7.712011333552371006e-01	-1.848212572473136028e-01	-5.983139997010783473e-01	3.861762307825167273e-02	-1.029478193195010771e+00	1.131078633526725330e+00	-9.709395132408062956e-01	-6.597845542422524634e-01	8.487203075554036191e-01	-5.205431106626807747e-01	-9.007253203800131836e-01	-2.490614721981591617e-01	-1.719627490929607760e-01	1.589431610259282313e-01	2.511293366932878524e-01	-7.067382938596761255e-02	-2.443179713764025152e-01	5.867774262735526714e-01	-4.192195304354248697e-01	3.728813123991711609e-01	-7.392054568265424286e-02	5.027314572528032155e-01	3.164736747487493368e-02	2.484274980782620046e-01	-1.680096004652762987e-01	1.141857618892420656e-01	4.597699896665353309e-03	1.901016017432033967e-01	-4.464688245139452061e-01	-4.774417113805539126e-01	2.098183520569960325e-01	-1.388955127407682788e-01	-2.058569136116388532e-01	4.403986242145509489e-01	1.914521464574326648e-01	-1.466490013809647053e-01	-1.672131411224621333e-01	-4.645837993130635946e-01	8.986505521926957049e-03	9.703356877690109961e-02	6.792846981612392365e-02	8.352079829935540878e-02	-1.845202623733050440e-01	-1.365580270392784956e-01	1.266303776303922546e-01	2.519857280353735018e-01	1.965039675714501666e-01	1.611905082558461599e-01	1.163737532938834557e-01	2.294782322594025592e-01	-1.404323590525725085e-01	-1.619871692750947945e-01	-7.005635386544317722e-02	-1.141778508067094744e-01	1.786489558734205433e-03	-1.334276135129498775e-01	-9.434185600565918317e-02	-2.020152030029710999e-01	-3.580611575610395669e-01	3.495262986174278441e-01	1.106195376830914900e-01	-1.025110541220598387e-01	7.612441799732858061e-02	2.373586284327936780e-01	-8.470837748094224573e-02	1.787044648316460024e-02	2.713602580849595602e-01	3.235499130147550528e-01	6.282467793686988267e-02	1.660113707409101858e-01	9.329472348818451666e-02	-4.190733970333777592e-01	-5.645012822232251502e-03	2.440795683124225568e-01	-1.040977182905320486e-01	-1.175359756403271394e-01	1.484450257016123875e-01	2.386233537516290748e-01	-1.526460012563675694e-01	1.353113239880215091e-01	-1.400993498032777722e-02	3.202063688385769491e-01	1.799057408203820208e-01	-9.513811486688085461e-02	7.163221429688729214e-02	-3.259679999225743585e-01	1.465519921801527459e-01	-6.248674382172755837e-02	-4.580555133078406671e-01	3.912265530225682297e-02	-7.765383122122133941e-02	9.974736321547028606e-02	-1.471017039368350925e-02	1.558807277574856820e-01	-2.299218616695467010e-01	1.536960596789596067e-01	-1.880663630203519704e-02	-5.290490610986127440e-02	1.741988614797760626e-01	-1.470819843878298505e-01	-1.299871261558181029e-02	-2.180075329918074525e-02	-3.303277355783603569e-02	-3.578623534410479284e-02	2.362455905232163367e-01	5.129562220396550326e-02	6.093213236592560228e-02	-1.421797112525666207e-01	8.021357216483405994e-02	1.615745905996817181e-02	6.931884825070060152e-02	-1.397268975124231760e-01	-1.320057174732870153e-01	8.084389669310003412e-02	2.391982105099349498e-01	1.083080356303218333e-02	7.169631628777270449e-02	-1.182517505029176130e-01	2.143760280429324316e-01	-2.272690980858755594e-01	-1.488083957359065124e-01	-2.507113196605720296e-01	2.176828936311386020e-01	-1.194290752751818591e-01	-1.360682490697720792e-01	-1.162254812416197158e-01	-5.425504379182836956e-02
-1.235584281555202946e+00	1.451330198326793441e+00	6.411014247883048967e-01	9.715363766069488038e-01	-1.285318922363738459e+00	-1.782909760633380580e+00	-1.743987370553153893e-01	6.950465752474341841e-01	2.375761810444576017e-01	1.083517401700073157e-01	-6.037777152086598598e-01	-1.542593843827456235e+00	-3.594721591743493816e-01	8.273827560750445231e-01	3.881494827889592214e-02	4.176459566607969021e-01	6.133681660597034568e-01	-3.781528577996138840e-01	7.093618775800952791e-01	1.490079466484458826e-01	-1.135606906467507560e-01	5.170585687747263348e-01	-2.505487124942324950e-01	2.195542323782136845e-02	-3.495059829980749488e-01	-1.710175049456743313e-01	1.911809829567482633e-01	-2.299071008322236820e-01	3.659116408162162437e-01	-1.002463461552600132e-01	-9.018686986066916378e-02	5.437560851765840253e-01	-1.748572392128703579e-01	-8.862308822228436023e-02	1.369066093278366869e-01	-3.558691549749359306e-01	5.060964905206617459e-01	-1.437150124328198941e-01	-6.511094192401926106e-01	2.363795069698336193e-01	-3.714781405395140707e-02	-6.837847714741458749e-02	2.926728840714293289e-01	-4.260770979588268670e-01	-2.602990591870397163e-01	-7.953401877942381515e-02	1.863342456426449190e-01	6.304627211898447547e-02	-1.699581986136876888e-01	-1.268631623343805803e-01	2.903110054072299828e-01	1.684078770597648433e-01	-3.671173047321246719e-01	9.993084202859997545e-02	-1.024209969642951162e-01	3.810444932154883890e-01	1.728951067238211625e-01	-8.108360434848960185e-02	-8.262116454478445060e-02	4.238809802229923096e-02	2.166808985311373115e-01	-1.808354347910213090e-03	1.860154640158298567e-02	-2.467830118489674485e-01	-1.513449176811459407e-01	-1.397530091045102174e-01	-7.001284826910088993e-03	-4.238167557575761753e-03	6.304463529040667258e-02	-6.659616333064330602e-03	-1.805550045618469976e-02	-7.685607412637786295e-02	-2.308981661984535194e-01	2.310421470300635383e-01	1.453006252163192846e-01	2.229865079332553068e-01	-1.460846370139832866e-02	-1.598552427426042088e-01	-1.266513145456007738e-01	7.071765287006219480e-02	5.496883039850962438e-02	-5.662567336246425095e-03	1.743655283202064088e-01	1.444674994419453684e-02	1.442559740955964565e-01	7.534265844322976524e-02	-2.176561725681725248e-02	1.068048261687480766e-01	-6.621224206369544056e-03	-8.229076573666274652e-02	7.326965435962552731e-02	-1.099839244242947073e-01	-3.254113321573531576e-03	-1.130600466277171118e-01	-1.397543010634282323e-01	-6.146766840870421245e-02	1.475528443011018265e-01	-1.098393779108822327e-01	1.290830131764660604e-01	1.814867911750653318e-02	-2.320499177072774255e-01	2.352211029967750736e-02	1.065568012298223621e-01	-9.987654307038405788e-02	-5.766220878598853766e-02	1.149025820733901304e-01	2.241631209255506851e-01	1.021047022230102269e-01	-1.647620280616141075e-01	-4.901960605247848712e-02	2.110393706619441076e-02	-2.468413394924068999e-02	-4.740661864770323586e-02	-5.475842608701774611e-03	-1.664033381161002523e-01	8.975301251350260856e-02	-3.432207137058489871e-02	9.368015525874809346e-02	3.800351450344989588e-03	5.712469479564457470e-02	-1.551938817388858749e-01	6.399213242472165386e-02	-1.455312594784223812e-01	1.077090281509902325e-01	1.176384213329416950e-01	8.892490295988485227e-02	4.819991705192801235e-02	-5.616130805007617938e-02
7.607744900998271269e-03	1.019017733758027289e+00	-1.348048149943009255e+00	3.188081885850697184e+00	-5.204305218621034790e-01	-4.012659789915202779e-01	2.168471751224465005e-01	5.728561307850383866e-01	4.600001576798742886e-01	-1.118871047350842973e+00	-1.165504414468884864e+00	-3.414552755619423285e-01	-4.395572863893799642e-01	-3.945130310310927535e-01	-5.696188258893775114e-01	1.041215778239440448e-01	-1.508462357072111459e-01	5.064148131246953843e-01	-5.471730750896480582e-03	-4.651489481847717045e-01	1.363217232703058945e-01	-9.838528163563219353e-01	9.764296839964219377e-01	1.168743935444162829e-01	-1.845589673408687958e-01	3.165679710309974304e-01	-2.699431605929010769e-01	1.852299704390042712e-01	1.825594036717163027e-01	-7.745216204325214848e-01	5.181547688059064960e-01	-5.851030977680123923e-01	4.340323978118502957e-02	6.102133994723467347e-02	-2.332657574623168695e-01	3.471946265404887710e-01	-2.245993654748944246e-01	4.210825839462871145e-01	2.589527800804151611e-02	-2.871162121321238492e-01	-2.435872038059483467e-03	5.206579410294102095e-01	2.921561051359023997e-01	1.754869544836130391e-01	5.664842197622614872e-01	-3.343201061103331373e-01	5.854469113132309416e-02	2.684548675960992670e-01	2.217128536310722098e-01	1.213894979879554838e-02	3.915509631713469108e-01	-2.011026302994237680e-01	1.818155338993275583e-02	-2.504056124957831919e-01	3.430725612826937554e-01	3.800659167868269961e-01	1.237250765879740685e-02	-1.039833482555613531e-01	1.922220314231946614e-01	-4.563826379848185955e-01	1.290479459955955754e-01	-2.619070821444774433e-01	-1.998589162053859836e-01	-4.813108147130894243e-02	-3.069392747622917139e-01	-6.299858040680564319e-02	-1.102463917074585492e-01	-2.864096355173407216e-01	-1.436218985761204825e-01	-8.056688713560176962e-02	-1.040467118312309452e-01	2.388923140069678652e-01	2.364463152911405186e-01	-2.211581808895108844e-02	-1.719829420836707645e-01	8.218036796109572106e-02	1.269812414635139441e-01	-1.106740248241841057e-01	2.712406894861662532e-01	2.913152674695348443e-01	7.512330766781977762e-04	2.428650500844922178e-01	7.913839213444888443e-02	-1.801902319550436615e-01	-1.553834702543926416e-01	2.687577872183903940e-02	-8.336906558300953562e-02	-2.057236406095010184e-01	-9.794519346292827888e-02	2.251245945811157778e-01	-1.281805222551428980e-01	1.319791034108513950e-01	3.027931461005229849e-02	8.220548173598905481e-03	-3.472337802346629060e-02	5.950685873556740835e-02	-2.883739935509887012e-02	-1.431825447928750106e-02	-1.557936744181217525e-01	-1.024593018435710073e-01	1.167391878875560368e-01	1.732751854594643814e-01	-1.320252233392870678e-01	2.930265496290033744e-01	1.146047589509476411e-01	2.418294610460647587e-01	1.542511744861986035e-02	6.629600006028321668e-02	3.039151692240457669e-02	1.134974124460659262e-01	1.081234316251260957e-01	2.764307346949033128e-01	3.379994401605129761e-02	-1.402294201743747859e-01	3.855706064496155494e-01	-1.601367786126573489e-01	-4.180789074206436862e-02	3.652798117480485218e-02	-4.711860368073175764e-02	-3.159690322976418941e-02	-5.773767754252192436e-02	-8.660561753970560939e-02	-1.364414404857971219e-01	1.629316688355339493e-02	-2.280354460455628895e-01	-1.092807328657748461e-01	-7.317896784662450416e-02	-1.057620656506894352e-01
1.431465694972030800e+00	-1.147301595750132464e+00	2.016206144524967936e+00	8.816573998294043868e-01	5.554641220766475262e-01	-1.593847246895438996e-01	8.294927870676955806e-01	2.486152391773012171e-01	-2.338017760154684488e-01	-3.036900673903483727e-01	1.201470995595069619e-01	-7.926800992080153263e-02	-6.963463811184934515e-01	-2.565191068246884809e-01	1.287563947132037923e+00	-3.598424228548666344e-03	6.327624962549300847e-01	1.466714999148567289e-01	-7.344887950384215713e-01	2.236668881595745839e-01	2.824522781970544294e-01	6.392016472121052617e-01	-2.855768288865069837e-01	9.950382318904350543e-01	-6.754751392105834418e-01	-2.972611956289625823e-01	9.489738566372711848e-01	1.463799397332076202e-01	-7.354614960397397316e-02	1.558113376940270245e-01	-2.371674748718990700e-01	-2.682627948808340990e-01	-8.405387794166882531e-02	4.843324778665829278e-02	-4.848585264075137569e-01	6.620174930262203716e-01	1.643920008579888015e-01	-2.472867526819724215e-01	2.274165297683564124e-01	-2.966153247743185117e-01	-1.809869569887986862e-01	-3.813939383823602286e-02	1.709822763975256676e-01	1.607361969847657668e-01	1.120479854430561500e-01	-4.388180224861418233e-01	3.856199444696597478e-01	3.414602994205833131e-01	1.079339706806518584e-01	8.875066028245042621e-03	-1.711533935470138101e-01	3.274244594902182004e-01	8.079244563343652707e-01	6.116260641420367267e-02	-2.874396512348277311e-01	2.961476942604523432e-01	3.845509948717863447e-01	-4.957553443800144510e-01	-1.832670004709985034e-01	-3.693051675611088713e-01	1.161494966532110873e-01	-3.270299663451202710e-01	-6.167139751780610357e-01	-3.867638074050766539e-01	-1.313060123643240706e-01	4.903558216038326756e-01	-4.866253456415167156e-01	-6.701823786295435514e-02	-1.753301747632987906e-01	1.025421869462972424e-01	3.516013225460016822e-01	-5.713554108871309323e-01	-2.155438012407972226e-01	-1.978693228542222071e-02	-1.217937607894060414e-01	2.624866299236419676e-01	-1.049408484345944609e-01	6.332193833046931286e-02	3.681221015154247794e-02	-3.818373352546502453e-01	1.641825339648126381e-01	1.497637743587273695e-01	-9.288765383273792087e-02	3.978845281810592382e-01	2.999351838486152277e-01	2.453865935886612171e-01	3.002472392609480401e-01	-1.603666273060287695e-01	1.447554550243033700e-01	-1.424459738286339497e-03	2.500863422557218496e-01	5.746970529673978145e-02	1.425644195951860926e-01	5.400182216910465877e-02	6.309607586724193251e-02	1.625016000203901856e-01	-1.382420875733937106e-02	1.004614794878257306e-01	1.227239532019527568e-01	-8.704557156535486229e-02	2.166611164120840483e-01	-9.251691060331458780e-05	2.471887610104691602e-01	-1.523250599295664087e-01	-2.534289786198346342e-02	-1.045214227602925677e-01	3.129050080065274436e-02	-3.880362746602866730e-01	-5.238352648219277846e-02	-4.866612435114207880e-02	-1.665334216924612420e-01	-2.332733833244807486e-01	2.600582310866998963e-03	-7.272848959250638456e-02	-1.109045233738756991e-01	2.194218970845814715e-02	-1.253886979059502631e-02	-1.183490358463297892e-01	-1.621590014047952777e-01	2.561328302364636236e-03	8.288090509411116802e-02	2.115691352438238762e-02	-1.285850502153375874e-01	-4.007646965531295319e-02	-1.537915532929311491e-01	2.212306967423413595e-01	-7.882976259381692385e-02	7.513618126175278245e-02
-1.701710162613760069e+00	5.929043634670196905e-01	9.514248664635365227e-01	-3.348274014478807015e-01	1.149950964724563596e+00	1.455211734029547288e-01	9.005537476270116318e-03	1.823280759096138348e-01	1.621599726045712675e+00	1.002640363916826427e+00	8.362670985381942534e-02	-9.861424698509987929e-02	1.403864320003548549e+00	-3.691081567294753341e-01	8.397066218130198878e-02	-6.189972503836720374e-01	-1.233463342857323175e+00	-5.652135118680692294e-01	4.394917230333258429e-01	-2.615647916401347278e-02	-4.380598111012224960e-01	-2.399389890213912413e-01	4.881860125855670973e-01	4.641630224104715263e-01	1.856262719489500668e-01	-5.498040112192315032e-01	2.461701343574527467e-01	-3.041953497860574659e-02	-4.849298344039975617e-01	-4.280412956016629300e-01	-5.163403746796641630e-02	3.864412402111234712e-01	2.499269487596014472e-01	-6.071291926968321873e-01	2.029636797068788134e-01	-4.751523833131710006e-03	2.407476499315508445e-01	2.885078013388453141e-02	6.706603757043604341e-01	3.826711666249141830e-01	1.481426624329510722e-01	2.392737359639007799e-01	6.057587361951854293e-02	1.128295682551193474e-01	-5.421044807793098247e-02	1.278716136008742517e-02	3.142955381360522660e-01	-3.327549096951120527e-02	-1.783365809927232315e-01	-4.801369371426906368e-02	-3.654128089697771253e-01	4.990089866792314643e-02	-1.360339670943099821e-01	-6.113820965883760838e-03	6.785009862950637863e-03	2.673940148473955558e-01	-4.243563353986645192e-01	-2.404696642474081492e-01	-1.489857983136049502e-01	-1.604806554159817211e-01	1.981812242614388042e-01	-1.924862863244540812e-01	2.638313835921515457e-02	7.819507806111918036e-02	-2.942187619464392001e-01	8.900274977524953723e-02	-8.321027999146435317e-02	2.365296431102051899e-01	-2.262623875901360881e-01	-3.635888823837624129e-01	1.222734107051908076e-01	1.033273117961560766e-01	-6.659367615975723964e-02	-3.794889923788200559e-01	-3.344434484157720600e-01	8.829301565411140640e-02	1.624701509143219313e-01	-2.405362489928509692e-02	2.521381694627554057e-02	2.856364383484262873e-02	-2.073961252333509364e-01	1.762159112531463401e-01	-2.955521382708193867e-01	2.277713036232082919e-02	-3.255822463959816976e-03	9.117479633588304599e-02	-2.182152092761123485e-01	7.113557900023179115e-02	-1.095450000445165328e-01	-1.520961591977033067e-01	-2.155062336882001273e-01	-1.699861373698930977e-01	1.217747179377386829e-01	1.109830013295653589e-01	1.556311579164011347e-02	-3.124581927338667634e-03	1.701778950572431226e-01	-7.072496645259664094e-02	-7.617938935617624141e-02	9.045998211219183349e-02	1.191820890274050970e-01	1.844348677971124981e-03	-7.887340181856553056e-02	-4.217196798750436071e-02	1.406995548900701054e-01	-2.463354475905249197e-01	2.149160516211642280e-01	3.564733961660800782e-02	-1.301741548906326651e-01	5.937001514474696956e-02	-2.285594282868285906e-02	-3.947604604214201285e-02	8.519084857580902503e-02	-1.229600513451738070e-01	5.713751197089099454e-02	-1.622767954399240986e-01	7.450147275097682327e-03	-1.480129753468619469e-01	-8.028757871111520672e-02	1.248531958770109918e-01	3.129888065353245846e-02	7.623039289065630664e-02	1.450671209753511166e-02	9.467917845794679042e-04	-2.149497434823480213e-01	1.409632585669599592e-01	9.132987631669747808e-02	9.266719860990921265e-02
2.803880331800696624e+00	-1.116852685586359861e+00	1.559511347859446340e-01	-5.004069585526562669e-01	5.297510028034987384e-01	3.314651647422087732e-01	1.389260925641673028e+00	4.477749151198505695e-01	3.859695545158306484e-01	-1.505098722183265125e-01	8.873334238896425641e-02	1.731255532206474046e-01	3.310501090403494828e-01	-1.062728879469876236e-01	-1.236464799550963667e+00	-2.466920600897438975e-01	-4.289185823148224386e-01	3.690965401142222713e-01	-1.316436447017324540e-01	-1.014907376962003865e-01	-5.221665931885681733e-01	3.338497746349239348e-01	-3.117619079243256763e-01	-1.296271490707278928e-01	3.610250057037617255e-01	4.098334142762333765e-01	-4.018442297669220543e-03	6.639910207410750637e-03	-3.134114625392536713e-01	-8.645631831397344175e-03	2.356514424431971344e-01	-3.240654999272928327e-01	3.547498132583181696e-01	-7.678172537297835998e-01	-5.449311190609469335e-01	-9.093783085858354875e-02	2.405163668758976969e-01	2.191503336327050855e-01	-3.467801158250470861e-01	-4.215879753850158562e-01	2.346128492419191202e-03	9.608411444016459746e-02	6.403894224534298352e-02	-2.329113908062126481e-01	3.289877138743696472e-01	2.438435871113350806e-01	-7.295497299298897564e-02	2.016963647007971594e-01	-3.352726187132182289e-01	7.020446349710635081e-02	1.836536679576082631e-02	-1.033923710837671983e-01	-7.211203511365497920e-02	-1.962134677403095176e-02	-6.429732252426963168e-02	-2.876874283260332787e-01	1.788727802747026863e-01	-3.595074074983290457e-01	-2.152451192248699963e-01	1.313530065648459422e-01	2.548118647745140630e-01	-1.989574800264301835e-01	-3.949143955608835910e-01	1.225391660374050840e-01	4.251634768117791389e-03	2.692893779770012541e-01	-9.354902715932544854e-02	-7.984736296985964210e-02	-2.836721078867823417e-02	3.274036753421367130e-01	3.893050893220222908e-01	2.842646900976922991e-02	4.856518630829730065e-02	-1.272472026785389509e-01	-8.798883319415856663e-02	-1.383524513438425807e-01	5.419733028713369372e-02	4.867513029925937124e-02	-8.529570894931209901e-02	-4.814924099139197139e-02	2.071309277954186748e-02	-5.207306468060618476e-01	9.029804077694111863e-02	4.146111844390620305e-01	4.227982090505034291e-02	-2.264606217835024027e-01	4.960642113170858625e-02	5.611242717584377648e-02	4.613748260081790842e-01	1.664423399830359737e-02	-1.448164301487916451e-02	2.631155444186386062e-03	-1.108399805526564669e-01	-2.472167658982851735e-01	-1.479429301740475267e-01	1.658423231885205740e-01	4.327033585039188196e-02	-2.160830866727122823e-01	-2.758315414313778358e-01	1.032763236681612795e-01	-1.899145906748526402e-01	2.503145612623393634e-01	-2.775852491895510095e-03	3.414618156678104754e-01	-2.269806764320560222e-01	-1.003489791033687628e-01	1.278199706802831681e-01	-1.277687622486280150e-01	1.098694498625927135e-01	6.871184921739395546e-02	2.100493247060339352e-01	1.760230848750982124e-01	8.344176796372101967e-02	-1.754902217316159085e-01	-1.195099706042001414e-01	-9.596688975014769363e-02	1.317634787508386862e-01	6.244028992144907281e-02	1.056943563040775060e-02	1.944263879806285567e-01	-2.567734818943622210e-01	2.185944999595887950e-01	-2.811068231883950830e-02	-5.307856688371938303e-02	-4.943699152318192097e-02	-1.652182844489633734e-02	-3.294500865438693485e-03	-1.864857021534495687e-02
-5.492080983613656375e-01	-1.492516849032382797e+00	-8.678040140936704727e-01	-7.919311443580600018e-01	1.095604525361582926e+00	-4.627171763669461479e-01	9.743696376399340053e-01	5.379214148752006208e-01	-1.331643945313309152e-01	2.348994046813202008e-01	-8.208878292595469528e-01	-3.724655710495825556e-01	-3.496636421715743626e-01	6.419193570602698129e-01	-8.222720335786294354e-01	-9.334913150142190030e-01	-4.743955866502251872e-01	-7.380980090048921971e-02	-9.866255592763191473e-02	1.866069459425994392e-01	2.445880106073161919e-01	-2.368967468536453957e-01	2.372898050925856261e-01	-5.811546066338812294e-02	-2.479813975409740912e-01	-1.740921446756759916e-01	1.085783177334272154e-01	-3.357450809524282209e-01	-2.886438901668034740e-01	-9.907260422629333638e-03	5.609284333182473770e-01	1.606235702155998368e-01	-1.678643815670270434e-01	1.625606954569815132e-01	2.100299238174406155e-02	-1.942689561459602088e-01	2.062481856015474790e-01	-1.038400608474640274e-01	7.138401890855705645e-02	-5.148387573469812711e-02	2.675113622814944813e-03	-1.029414227059551566e-02	9.099096730778079853e-04	3.584303747972250598e-01	1.488101760996984879e-01	-6.765417805336641777e-02	-9.573043392810595686e-02	-3.373765515801061543e-01	1.551472140537804856e-01	-4.303689111380548660e-02	-6.430469139619475472e-02	-6.831802819619914313e-02	-1.317418490748519799e-01	6.938658250970912433e-02	-1.063106737641588834e-01	-4.762592421117997632e-02	-3.176451880463317980e-03	-1.703472630182203615e-02	-1.162594517330795274e-01	1.376549299463359077e-01	1.813400253607355961e-01	1.253924572852478658e-01	-9.563258772547923725e-02	-7.894717775428429507e-02	-6.449157814706747878e-03	5.528051459042158944e-02	1.349636847811934992e-01	-2.671329212174719525e-01	8.004787923197678734e-02	-2.502696136692367582e-02	-1.907713301924352303e-02	-2.864773143686638601e-02	-1.678592946573298494e-01	-4.338841706190658953e-02	-1.440691649216248316e-01	4.648522258142398500e-03	-8.465616241116807883e-02	-3.548152990586719846e-02	1.334213057354489140e-01	3.965207812562232537e-02	1.637598098884226472e-01	-9.269521885055788391e-02	-8.815556693809140087e-02	-1.362811719424110168e-01	-6.154458404760245610e-02	-1.674511385782559147e-01	-1.038718496109926059e-01	-1.002138858623390222e-01	1.317890388814590141e-01	-2.852167592231577564e-02	6.733953673029051401e-02	-1.235270088291110929e-01	-1.636451486829210711e-01	6.434605824234747307e-02	-4.441254602177475801e-03	1.994212181133422634e-01	8.849501590351911695e-02	-8.629392168730300183e-02	-7.811244207065134310e-03	-4.679392153049573115e-03	1.247920746811906623e-01	1.136037926214466219e-02	-8.630193819609735095e-04	-2.896349899680559711e-02	1.678285959721285275e-02	-5.760787741292362069e-02	-8.601891762900823468e-02	9.227461785212892620e-02	1.246360880658944036e-02	1.258655484932160173e-01	4.916798835872385198e-02	-1.062213376404173570e-01	8.868093813650342050e-03	2.752403937160972647e-01	-4.467431654427272275e-02	5.105111382012290228e-02	-1.933776880463375925e-01	-1.609945851679160655e-01	-1.348041026137672960e-01	-3.118432780470558122e-02	2.563304200651617681e-01	1.786338494211734129e-01	-2.872333591754976968e-03	4.160505409958206724e-02	-1.429064471936374592e-01	-1.222219086480541284e-01	-6.339966953751652312e-02	2.827124928651256891e-02
3.317514918225376253e+00	-6.538536102371617087e-01	1.132184080744623109e-02	1.464470189699664249e-01	-5.766513440503704402e-01	2.278920885634435844e+00	7.409205875202283798e-01	1.565271006184069114e-01	8.549748032560318123e-01	-2.935240695960860194e-02	9.819730377086772766e-01	-3.223739755335164325e-01	8.708361603390837313e-01	4.269762894021301713e-01	3.724028399498802155e-02	-4.319404579855263271e-01	4.756238917379802533e-01	-3.940164086818555567e-01	-2.876432862669168755e-01	-8.084142401908396280e-01	-3.299673630149377312e-01	-6.443717195344678128e-01	-6.302304911365103068e-01	9.538812117636766841e-01	4.042597600803261582e-01	-3.566647631522989470e-01	-5.123869886258838324e-01	3.730207795790408953e-01	4.009907338149956701e-01	1.211431179519418672e-01	7.531690870146827699e-01	2.149806807572488820e-01	7.123732576291721408e-01	6.820690918439747952e-01	5.457214182239213951e-01	3.719420648891119674e-01	-2.752046214165672702e-02	4.461098779606404441e-01	-3.742136387429738087e-01	-4.500043648516423578e-01	1.380474377454678388e-02	-3.418504541847549594e-01	-2.304945868318051538e-01	2.291014023265198693e-02	1.641313629654115591e-01	2.184456308788791656e-01	2.887052713076186938e-01	-5.957676893113883487e-01	4.901383808451366120e-01	2.235554145423367667e-01	2.100825867440931916e-01	3.091693675295190125e-01	-4.584613355274699265e-01	-3.272217737466905085e-02	2.820949037913452195e-01	2.524888521160932597e-02	-6.213099152753333299e-02	-3.162087796297356063e-02	3.434204432897044329e-02	-2.832472748423819353e-01	1.274201935745933878e-01	3.159691394428214006e-01	1.550349153286216253e-01	1.574656757663911721e-01	-1.918986056457508138e-01	-2.756143462983691728e-01	-6.848433098061090796e-02	8.666161036519536010e-02	-1.505079277614904398e-01	2.645893364597484143e-01	-9.991299178227117453e-03	-3.779304543100686642e-01	2.422628666248237417e-01	-3.487939787196848163e-01	5.733557840551870705e-02	2.503281567693024234e-01	-1.044993178290732350e-01	8.290928963985239042e-02	1.147030724731924328e-01	-1.846666360448187827e-01	3.843161129041293700e-01	6.062497714290666223e-02	8.080174505564985399e-02	-1.017162719398524567e-01	-4.269757789058659103e-02	1.886836622927598114e-02	3.310156765576102722e-01	-8.849679250358871707e-02	-3.559718509297382649e-01	-2.664893877198374894e-01	8.527114696050681897e-02	3.573602491869675712e-01	-2.591300456775072480e-01	-1.711977503985880888e-01	1.133155965670174514e-01	-5.795351497098297222e-02	5.737041013151818192e-02	-1.563499339253936193e-01	-2.330028038449317995e-01	1.772533735631652563e-02	1.151012626907812197e-01	1.060975225927848417e-02	-2.002534223687884862e-01	-6.151790124141769817e-02	-8.182970570656432352e-02	-6.570578916569216887e-02	1.321763088311551093e-01	-1.430228919551463501e-02	-3.785237103223613141e-03	-2.366711804144272079e-03	1.682687668443347828e-01	-9.849126786587666937e-02	1.255858531922146859e-01	2.600053611134523802e-03	-1.026351569239506989e-01	1.522214515424970549e-01	-9.874361669693021426e-02	-2.005700299071346560e-01	4.998602151365087037e-02	4.312384688554216777e-02	8.606510860191924142e-03	-4.752612319739824009e-02	3.641563543119213930e-02	-2.683501569212290092e-02	8.249637218184788234e-02	-1.106910877119335612e-01	-4.663387700061299296e-02	-3.474735187520037322e-02
-1.550963008920671404e+00	1.036834406409974152e+00	2.268652275500274984e-01	7.865961274811987813e-01	7.059165159101525866e-01	-4.836520325030519429e-01	-2.793787590164193979e-01	8.671989616823941871e-01	-1.093964825624234471e+00	-1.382728060303533568e-01	-2.717116181859527066e-02	3.715785380149113637e-01	-4.464821257921191000e-01	4.406509598844814968e-01	-8.577603865671589167e-01	-1.529035413086607953e-01	-2.511586154305778251e-02	3.414619073764075252e-01	-3.480933087769342293e-01	-3.017093807272525074e-02	-2.045040524612651844e-01	5.753836838665040213e-03	-8.000439540230228630e-01	-1.359319861464437229e-01	-5.669264717404867704e-02	1.752332344099046257e-01	-1.515915624534369954e-01	7.180758115447780088e-02	-4.278529065569271483e-01	-1.463533589844907279e-01	-2.835400764889461911e-01	-1.066661507198847086e-01	-9.759823498476521975e-02	-4.420087932252327323e-01	3.547472582520188045e-01	-1.659951817030358157e-01	-4.386001867044169722e-01	-2.147164626443602911e-02	-1.642169536884815206e-01	-5.427477345192415620e-02	5.895232109840489038e-02	-2.061537523861362298e-01	1.093219142137694805e-01	-5.616857262685027996e-02	-2.404555421043987895e-01	6.637771015563201926e-01	4.834623102790569504e-01	-4.132637084320896492e-01	-1.836076933935872901e-01	-3.157658735445905696e-01	-7.985714926586488793e-02	-7.519329919625848679e-02	-1.516988319000638907e-01	1.454702219841856603e-01	-1.449639615511876534e-01	1.288008821010764582e-01	2.856993082940154638e-01	-1.071376936396472995e-01	-5.782753430685918204e-03	-1.203158578017495400e-01	-2.422384802367383294e-02	1.818066236747908904e-02	6.025850057437538015e-02	-5.550908087349905318e-02	2.363953918134181209e-01	9.492142271295800349e-03	5.353995506713957880e-02	6.884172232703086869e-02	2.579243618329199461e-01	-2.712797505729608871e-01	-1.384237007771417782e-01	7.248095394731773888e-02	1.425304886955793271e-01	1.100808477065575303e-01	-7.451748480937939179e-02	-1.681142552560798697e-01	-9.216739724315336710e-03	1.594531130812162079e-01	1.508818691360438724e-01	-1.599139019307338760e-01	1.531449336706606767e-01	2.421532609560368976e-01	-1.761548946730208121e-01	1.741136551212633388e-01	5.523287685019013377e-02	-3.125832540410780624e-01	-2.308587874379010862e-01	2.846309181388722437e-02	-7.325808854250018265e-02	-4.322384394976889754e-01	-3.707943342548708499e-01	-3.440436997909710869e-03	1.771554860406611073e-02	-1.970887842178166149e-01	-1.896077376127044412e-01	3.786160305335922738e-02	-1.898497922403489802e-01	-4.262391721224405572e-01	-8.732993876528187538e-02	-7.604079984495333566e-02	1.518197746142419258e-01	-5.475936676365882050e-02	4.393689632305668863e-02	-2.370588632442902355e-01	-2.858218497562030058e-01	-5.682252425452106320e-02	-1.184498439695921418e-01	-2.028734235758217486e-01	-1.769243278598970071e-01	-1.354037265327934780e-01	5.039543357481034158e-02	3.788782756867504348e-02	-1.403653715500850600e-02	2.218666362721631938e-02	1.563046597157669304e-01	-5.438473955192157233e-02	3.921031724707450816e-02	1.029036113481250486e-01	-2.447818567050474847e-02	-5.192260109690721021e-02	-3.890863951789735181e-02	-1.796780044991249103e-01	7.990662738129736264e-02	-1.891429483546238632e-01	-6.639107266315032174e-02	-1.056575775963838476e-01	6.619612976581071284e-02	-9.502629267068669547e-03
-8.911324483689321285e-01	-2.410048140808016992e+00	-1.605013488512101738e-01	1.003536690844262891e+00	-6.683053812984699471e-01	4.828083642338483195e-01	2.091308577258322032e-01	-1.755129540976694755e-02	-7.758082682086946125e-02	1.430811560571977059e-01	-1.532551535539801620e-02	5.147567223855200602e-01	8.315106869124458400e-02	5.750171502939895735e-02	4.560928493529483596e-01	-1.980336876241521604e-01	4.848527421589692021e-02	3.868101339403769989e-01	1.185284137332572318e-01	3.881922188342329938e-01	-1.187508360598739376e-01	-2.412194644397508969e-01	5.488293441429784036e-02	3.148120565224242773e-01	-6.195028876501258441e-01	-3.573040421631525354e-01	-1.464304410417538727e-01	2.899779833522142525e-01	-3.530110959640074264e-01	-5.270230251848423420e-01	-2.895104497745102368e-01	-4.163202829293888296e-02	-8.586228634268668405e-03	-2.082627168640747983e-01	-5.496389501929559163e-02	-1.130749493932217131e-01	-2.983430484781756861e-02	-1.856852711696992120e-01	-2.359605187655353445e-02	6.316228318561531441e-02	-2.143990719987273474e-01	4.981408130199025536e-02	9.294125302610017902e-02	-2.395469287803978775e-01	2.120656305155377286e-01	-2.657382717025374985e-01	-9.535776696736951441e-02	1.500880602865493907e-01	1.477719348798564036e-01	-2.093416269964436510e-03	-1.674283724112185512e-01	-3.176909017659798051e-01	1.007212649286477607e-01	-2.695619278945712849e-01	-1.282165656724826852e-01	7.662044547975983833e-02	-1.058317598976881158e-01	-2.327046529624316254e-02	1.509453184953372662e-01	1.086853514792299469e-01	-5.750758602917157430e-02	7.333608518829211331e-02	-7.525504355611803420e-02	-1.613330068983914178e-01	-3.709090083088906198e-02	-1.503009540704881852e-01	1.627970826272386318e-01	1.206083202248529607e-01	-2.439284042625694190e-02	1.538038323399648077e-01	-5.019793322391035567e-02	4.995592695078649587e-02	-1.684177915762803124e-01	2.721593614137726366e-02	-3.121041195733318535e-02	2.113042820793730736e-01	5.641732968624925924e-03	-3.691885946200334882e-03	-2.369288374168440903e-01	-9.612269192248759642e-02	-1.825309747471284133e-02	-4.970337499367265266e-02	1.547601497057890796e-01	7.523864028424900874e-02	4.402207515786640130e-02	-1.618590341268376365e-01	1.768516668780025503e-01	7.687465178353114492e-02	-1.120924160600852704e-01	3.183035202473493558e-02	3.181796903140320792e-02	-9.392874262583546241e-02	-5.759285783953128207e-02	6.621965701884686972e-02	9.552487350918679662e-03	-4.807447309687441078e-02	-1.034096888107072093e-01	-1.111212777027993370e-01	-1.502492447540032874e-02	1.774598879679302812e-02	-1.510389993581695844e-01	-1.590315430839869815e-02	-7.500922587204743308e-02	-3.565580757689889441e-02	6.708547291943021962e-02	-1.134110186190362135e-01	-6.305773674738428085e-03	1.092571742958211717e-01	4.784195982070284930e-02	-5.877935749828666623e-02	-2.203053018229388441e-02	3.298310880085134761e-02	1.811067857526818536e-01	5.640269766381525440e-02	-1.260083356056692361e-01	-1.115127933932343468e-01	-2.264046932404999851e-02	1.095489078041398112e-01	5.115684583744736086e-02	-6.652759580710781995e-02	3.708059167646120952e-02	1.395345993200683768e-02	-1.092439085262877224e-01	8.344384931490128610e-02	-6.414610549547584972e-02	-5.106700678945638033e-02	1.419849768423736280e-01	3.249973682334165049e-03
-4.671755026093492025e-01	-1.671364445474291971e+00	-9.884544934861514420e-01	-1.038286431909295926e+00	5.855114588545191623e-01	-6.238953027876508184e-01	1.237268997573063078e+00	1.163406740461521705e-01	7.475809693650735388e-02	1.504335788775605642e-01	-8.402046265952010096e-01	-3.084728714236297242e-01	-1.309634532464783452e-01	2.004122698361652521e-01	-3.957107914932427306e-01	-7.331153119990100331e-01	-4.570975989242276327e-01	-1.785571840206348071e-01	1.918155453219792250e-01	9.437612612811438484e-02	1.595759078155286059e-01	-5.457111471041723449e-01	8.213880497014640347e-02	-2.596207420115835829e-01	-2.467404741280198599e-01	-2.136855484531040017e-01	6.014708532729603346e-02	-2.550904090677297287e-01	-1.594175928311743484e-01	2.842609584020423449e-02	3.951221377520199862e-01	-3.834371311262950444e-02	-1.980061284617836703e-01	8.965103007686865688e-02	-8.323191488209004396e-02	-2.071634255194108876e-01	4.106329974821221196e-01	-2.345858616868591318e-01	-4.231016036613612780e-02	7.442374221213515773e-02	1.307991379613729632e-01	-1.351235808792168869e-01	-1.914170069145480213e-01	3.683058046701170318e-01	-1.496301474164938271e-02	1.251091609215008449e-01	8.635985512684460352e-02	-1.650627038663858015e-01	2.180535963510142339e-01	-1.181602660547265843e-01	-9.242578291622116637e-02	-2.793597184253114873e-01	-2.913148087125307442e-02	7.729132976895788931e-02	7.236159707405394326e-02	1.946702685662853732e-02	-7.772902703860105900e-02	-1.928756877497737887e-01	-1.077188781765139464e-01	3.982516249322130830e-02	1.136032221336153863e-01	6.812817506465010386e-02	-1.344181467976679201e-01	-2.521419238922204542e-01	4.382844176971684158e-02	3.481448715901425128e-02	2.508115551535940527e-02	-2.257654300515683221e-01	2.347318945043630201e-01	-5.827430297116606428e-02	5.997337771520919875e-02	-1.915882109222207712e-03	-2.656325489644092985e-01	-4.723354675889908372e-02	-1.490792522058357883e-01	8.269282594628335481e-02	-2.593519853608398651e-01	2.287195088188458819e-02	-1.403479980592142462e-01	1.205108519499224484e-01	7.046587138941853672e-03	1.017679057794733805e-01	1.417213856575571529e-01	-8.123370560659183559e-02	-1.436528030267274214e-01	-4.510728307092558287e-03	-1.669681065801376929e-01	-2.030733469053039031e-01	9.781409072945045080e-02	-1.780880256312939447e-01	1.388790108943371571e-01	-2.343771973944484555e-01	-6.262745511727582648e-02	1.304012736802929728e-01	1.785444579537094623e-01	1.499882050426870617e-01	-3.161074089985210084e-02	1.045769634130315658e-02	-4.087542757358739870e-02	2.819241909061255269e-01	3.359434075074276688e-02	-2.151105693270231323e-01	-8.035904784577879711e-02	3.525359699624886281e-03	-1.470051593542637258e-01	-6.608997449434007854e-02	4.848339954631755017e-02	5.397571353197615218e-02	1.247577474429180031e-02	9.673085068768348671e-02	1.250384764831147938e-02	-9.951201184465700844e-02	-1.525798247754574233e-01	1.736091066787289194e-01	8.749650169114467357e-02	5.739867982470108626e-02	-1.161986298171315685e-01	-1.463582716904968106e-02	-2.283385518290750038e-01	-1.009057419632835850e-01	2.412310108416318155e-01	1.312159495157374546e-02	-2.348179493320420169e-02	-2.009924384123653804e-02	-1.066446631937590928e-01	-5.977582062772071603e-02	-1.072065743880472738e-01	-7.373203977115392119e-03
2.124665913078170210e+00	1.184004028280906118e+00	2.073777624349899262e-01	2.155983824923742631e+00	5.428313229629839753e-01	1.565973605411850267e+00	-2.501136451999367294e-01	3.254066198774894780e-01	3.793385571844081205e-01	1.136806502832762522e+00	-5.698958239796187986e-01	5.160565182071693568e-01	-2.311083756022002389e-01	-1.293472260596223999e-01	5.676920525310995558e-01	2.895322810013783998e-01	-6.200642814812148407e-01	2.177116779857331819e-01	-4.706119434584001282e-01	-3.534448704619828126e-03	1.208589656234376974e+00	1.992043776082090267e-01	-5.512175298655895561e-02	4.411434602961297191e-01	4.910947348098098630e-01	1.267004397794681270e-01	5.535057497735156040e-02	-1.287469545034981566e-01	-1.611653515604073716e-01	6.743828922120711500e-01	3.616693397433988211e-01	-5.581559841566402502e-01	1.230822907463982874e-01	-6.293202364954049166e-01	-3.991351324436364645e-01	9.063702252949680516e-02	8.853604006925810399e-01	1.830423586014458814e-01	1.971694855893922904e-01	4.897317222174826234e-01	7.269098352334548707e-01	-2.330079066581925984e-01	6.898610042923576484e-03	1.592056413628478717e-01	-3.179422760835321493e-01	3.175862744854342501e-01	-2.658119874421184803e-01	-2.304642539287210801e-01	-1.921159577346672753e-01	2.651183069275508258e-02	1.332702395626108038e-01	7.610798084322457913e-02	7.632849999564866872e-02	-2.277159824393885645e-01	-2.703431361147746181e-01	-1.250074020330698144e-01	-1.389416828816262828e-01	-1.832698966594752121e-01	-2.691969863118860440e-01	-6.597983019503873836e-02	3.300109322757106556e-01	-6.375909862441467291e-02	1.678655519560401377e-01	-3.577082814593088300e-02	-2.504289906079937289e-01	-1.842740105613845103e-01	1.227179919359102367e-01	-1.356538249706878141e-01	6.201047914076818213e-02	-1.640521853169654987e-01	8.508339690790468757e-02	-6.908965925455200739e-03	-1.801471253492054614e-01	3.590867919828993199e-02	4.141453276234322023e-02	-3.621683028862561216e-01	4.399026305881928445e-02	7.240405938278099418e-02	1.080126453696718114e-01	7.611649490719546440e-02	-5.701948545246555283e-02	-2.471742872261262491e-01	8.811115683724726755e-02	-1.498124445072689381e-01	6.120769362296518690e-02	8.829520231599553848e-02	4.066356916364207569e-02	2.240192712400637387e-01	-1.109556784609663505e-01	6.581765529405106396e-02	6.115961732096279746e-02	-1.097404354751259532e-02	5.665724745345372682e-02	1.898449650683913803e-01	1.528110390742286329e-01	2.434305799950704230e-01	1.419194503611346213e-02	1.446762176811287604e-01	1.681059617989038302e-01	-1.845411452176495271e-01	-1.889450772299088588e-01	8.201629210518869562e-02	-2.152595366916541519e-01	-8.735142696300175758e-02	-4.423679149846154041e-02	1.705211732281405601e-01	-1.088438675283384810e-01	-4.477260131171056923e-02	-2.074002340070227046e-01	9.647057976695963544e-02	1.598285520562191808e-01	1.049704078731707180e-01	-3.199702098461801314e-02	3.191957055169167279e-01	1.185579759667941806e-03	1.487629264473397661e-01	6.688458040769527935e-02	-2.561698186760901774e-01	-6.339578649084133891e-03	9.926579951042638350e-03	-2.158387902538077829e-01	-9.555643217535099432e-02	-1.445542922285989740e-01	-9.880648852891504852e-02	-3.430674103761250510e-02	3.392394566751650853e-01	4.307977376938484232e-02	-1.802222414924087301e-02
3.756337979700005825e+00	-4.540054567015212594e-01	9.903809980348344810e-01	-7.794992452121595194e-01	-1.364345214083273472e-01	2.621774137261663196e-01	-1.861875035720485405e+00	-4.206276230496953650e-01	-3.677744329934076184e-01	-1.276958914191917704e-01	1.009100804140900150e-02	-5.732072323939642056e-01	5.564304832140275908e-02	-2.977283285472734908e-01	-3.617813961952535684e-01	3.147320858639312546e-01	-3.053917057562804405e-01	1.612102730971464726e-01	4.421501603166986261e-01	-4.566687701685734901e-01	1.497393485848445283e-01	1.807477756890577547e-01	-7.150281619818023293e-02	4.734460879132092459e-01	-6.159656722913559035e-02	-2.380240367319762240e-01	-1.175867313665145686e-01	1.880503620461207170e-01	-1.314206798588014313e-01	-4.054177694436912338e-01	7.239535011590308988e-01	1.166286237106610862e-01	-9.106978084111462535e-02	-4.091751584168714512e-02	3.658079958387162600e-01	-4.819109669355464143e-01	3.641479514488782931e-01	5.449244582821063387e-01	-3.005287911236804912e-03	1.545609488048218516e-01	-1.973619567310133383e-01	-3.675815546400434952e-01	-3.137412160735102984e-01	-1.228887370549495012e-01	-1.469244400615513924e-01	1.114962251990312958e-01	-5.207509923351145292e-02	1.011289702647519967e-01	-2.317737531488114067e-01	-3.794005754381673395e-02	-1.620269234975653394e-01	-2.440734920222729920e-01	-5.604617025959312930e-03	-1.191814016185721581e-01	-9.670978139710004196e-02	-1.034671502039050811e-01	-1.652810040441723693e-01	-4.064588889382393655e-02	1.895315825336104654e-01	-3.127787555067071956e-01	1.011161086907823026e-01	-4.677281790002162098e-02	-8.273950363808561803e-02	-1.005166740574996859e-01	4.477083601533594082e-01	1.104702577628295136e-02	-3.349655657462600328e-02	1.204656346480046797e-01	-2.377688464113934530e-01	1.084753024500025448e-01	-8.928388387367476586e-02	5.399096798613446657e-02	9.182089229768090888e-02	1.013834240291743155e-01	-3.796596275785735219e-02	7.804519416511757068e-02	-1.111995076111200326e-01	1.234466908211499514e-01	7.404218804691285738e-02	-1.114013028400927252e-01	-1.089447043583592449e-02	2.696004560842337749e-01	-4.485349123639533093e-03	1.596433328404640029e-01	1.190117265009862091e-01	2.165697356189840439e-01	-1.005784643137955237e-02	-3.004441484878966548e-02	-6.612096133333106307e-02	2.005387508076071287e-02	1.354887367274365886e-02	-6.604965788543271099e-02	-2.157843056218667066e-01	-2.910225300153777145e-02	-2.415651645645981727e-01	-1.152326728267703999e-02	-1.040245717974800366e-01	4.210661693595410537e-02	-2.986650855579073630e-02	7.778527625593778527e-02	-1.880790308034178682e-01	-1.360933584580406239e-02	5.898279492647025973e-02	-5.964428158442438427e-02	1.889427949745895452e-01	1.749761556718543165e-01	-1.667292566452796554e-01	3.075172857854856501e-01	3.227596740412750492e-02	1.036425677873126644e-01	2.601688492484942605e-01	-5.207841737897175166e-02	-2.664070835056451744e-02	1.832470081051272570e-01	-7.797000775611105834e-03	-4.265561631101856543e-02	1.304199314235147400e-01	-1.472049875345648462e-01	3.219869352358991493e-02	-2.625197989094069356e-03	-6.645059688752197324e-02	2.535311044413815842e-02	7.438476297194000775e-02	-9.152160960835950543e-02	-1.060733464550237676e-01	3.152875100376299061e-02	7.337117590748259977e-02	1.194090463329933044e-01
1.953500255983590783e+00	-2.946205752104074649e-01	1.472810366956731842e+00	8.717958542392175714e-01	8.094506434570264419e-01	-3.976564396659156841e-01	8.560414221031380499e-01	2.956211320075298188e-01	-3.359856605036411481e-01	1.105104116302574990e+00	7.004387856898551812e-01	9.062635925291390171e-01	-5.418761202206757721e-01	6.521337624467649086e-01	1.264909826722037224e-03	-2.346559844975911260e-02	4.864191229904493707e-01	1.157862068475284667e-01	-3.810944151451323703e-01	-1.382136857199069424e-01	3.316207354110584649e-01	2.361525738317216822e-02	3.408486678289143201e-01	3.875888612794568117e-02	-2.082982206508001387e-03	-2.611302187407687492e-01	3.584139402210173575e-01	-3.656099401889102984e-01	-5.387789602696079205e-01	-3.844600681124542979e-02	-6.841753311766557433e-02	2.228217190257014702e-02	-6.663341228401006844e-02	5.568985820984930779e-01	2.028162474568496187e-01	-1.690940498417515814e-01	-7.148891335287445026e-01	7.043819803341457852e-01	-8.968037062607037146e-02	-1.197343197992641467e-01	-2.904974276547126477e-01	-9.375209854167925183e-01	-5.971787353277421273e-01	9.253506928752437688e-02	-3.323244507744701481e-01	-1.025279898452756411e-01	-4.468359792295292232e-01	1.826000661961869886e-01	-3.462768530088420338e-01	-9.212786577051601533e-02	-1.211814391716741907e-01	-3.127385255758190485e-01	-1.758185390924552616e-01	5.884061175006987110e-01	-2.044034881291799111e-01	-2.930657227788384112e-01	-3.101854804446381730e-01	-2.160466402470512526e-01	2.901319177790164239e-01	2.424968298069673234e-01	4.844725540456899099e-02	2.109278994817826575e-02	-7.893077886949848021e-02	-1.277937633765298675e-01	-9.020174753334948836e-02	-3.200934946027650385e-01	-4.089361586506014556e-01	-2.664945528428491750e-01	-1.134684248429324166e-01	-2.206863509363644199e-02	3.446790151530497726e-01	1.929679780702745207e-01	1.287869702641112613e-01	-1.126226461823999631e-01	-1.570628408621327077e-01	3.101885613607892056e-01	-6.941736148462022971e-02	2.002869920250451297e-01	5.262855139499633683e-01	2.087601763084025452e-01	-5.157762703045609687e-02	4.135040493909510756e-02	1.348191771934688366e-01	-8.467388355070358530e-02	2.128857366662286477e-01	8.231096536086827953e-02	-2.666378119967688920e-01	4.316144336820296190e-01	2.504682283596582626e-01	-4.310316908352610638e-02	-2.582601171103862669e-01	4.272588000366523975e-01	2.011915416132823153e-01	-7.382122873720331491e-02	-1.095866336384451190e-01	3.243035884500716781e-01	-1.148837119694055831e-01	-3.350042950404159836e-02	1.577384697536010905e-01	-2.163004177209456452e-02	1.121742206689013283e-01	2.962125723375574199e-02	2.363635624204208641e-01	-1.300181320401504192e-02	3.154921785285268454e-01	1.485248347838226124e-01	2.369920600763812391e-01	-2.836335149368926153e-02	9.212846771991817230e-02	-3.762544084444073844e-01	3.979191066451809311e-01	-5.291759274641750360e-02	-5.374394176283368851e-02	-2.341440530743438275e-01	-1.004857380568491693e-01	-2.165984843195524132e-02	-1.841128592888807980e-01	1.853575643820884120e-02	-1.192583046850520245e-01	1.362485368610151792e-01	-5.649859634714314571e-02	-1.136614984827758190e-01	-5.274651591241463766e-02	1.677957983744563231e-01	1.307708153117173311e-01	5.549023500213709492e-02	1.432654895846129650e-01	-1.369741382240226846e-01
2.756304590427757883e+00	-6.078898007419786254e-01	2.835444890465766754e+00	-1.097111762073494701e+00	5.637341163677864753e-01	-7.585762352914535711e-01	-9.583685395844874222e-01	-6.023206357822968871e-01	-7.882393263837771391e-01	-9.325231469624059022e-01	-7.124740063510967003e-01	-4.105793168873165810e-01	2.800398495365421514e-01	-8.205557806860390713e-01	2.987780979597008946e-01	4.901477445154216461e-01	-1.421619612855598014e-01	1.063507408945766120e+00	1.556414571641542843e-01	-1.828300472019554479e-01	5.058565707901447883e-01	4.027924028176486648e-01	2.642351736561774911e-01	1.150676488810681075e+00	-6.249018824401121330e-01	-1.977106457260643102e-01	-1.163125314896475693e-01	-2.117812410443016824e-01	3.963888878276354832e-01	1.968844832647600462e-01	4.711523789534712847e-01	2.352255204683760537e-01	-8.560851282356801706e-01	2.145498907702327041e-01	2.058022747700009036e-01	4.771974585787213119e-01	-1.341440831623444130e-01	5.209037826970357443e-01	-1.295989478678609419e-01	1.502346437323082151e-01	1.961478484375945575e-01	-7.303414188793385664e-01	-5.267156980975161717e-01	-1.498219777105286865e-01	-3.249497640156544243e-02	1.314858043509154750e-01	3.010576630950421717e-01	-2.696601378371799584e-01	-2.144827915432680754e-01	-2.651843165962525228e-02	7.714128824902682924e-02	-2.244427341044687163e-01	-1.194726146498765462e-01	-1.908729951657400226e-01	1.254699268370515659e-02	-1.161397334945022397e-01	1.272364482530732865e-01	1.599870043860785185e-01	-2.210827712126335332e-01	8.142378253266033261e-02	7.286910409373305308e-02	-4.050680432606407200e-01	-1.283626795303433876e-01	1.146981699206955085e-01	3.448943861707776670e-01	2.209976564737019256e-01	-1.399863204341707801e-01	-8.438205632093916109e-02	-4.783379748330903597e-02	-4.252294071696648969e-01	3.945142341904261940e-01	-2.993731198129836457e-01	-1.973676064963986454e-01	-2.173963757730466850e-01	2.116626427457243137e-02	1.817025104180546025e-02	6.378781931296904906e-02	5.571835243459127840e-02	1.057825433169206908e-01	6.840388148235676535e-02	-1.936993437428810860e-01	2.930730065663377307e-02	-1.086206740438792201e-01	-9.900735634854293532e-02	-2.218307309685139672e-01	-7.879688882061461341e-02	3.775658933487583552e-02	-6.931588031329882771e-02	-7.062183600125397816e-03	2.257443861733143264e-01	-8.427366160539558060e-02	-1.971923761842837297e-01	-5.778549325792432974e-03	-2.691811493183307244e-02	-2.142209928142285447e-01	-1.524462075497373843e-02	1.291155375580068654e-01	-1.774099738875739574e-01	3.030032799011651845e-02	2.534265111590183195e-01	4.450585383803790096e-02	1.093638150153730254e-01	-2.756713967665274170e-02	5.826559267314347645e-02	-1.421332117664857730e-01	-8.137583497941697219e-02	-1.020773156424864964e-01	1.354827823257956920e-01	-5.313758113235612923e-02	-2.894304507452294395e-02	-1.924087401245225606e-02	4.963082902694871540e-02	-4.918032877666467934e-02	1.738633975547373284e-02	6.071051157188015607e-02	-1.624469428903545232e-02	-5.740376199794283013e-02	-6.774039888086522132e-02	3.302960889667718586e-02	-3.570821287300433855e-02	6.088937467774786089e-02	-7.368037649210130990e-03	3.479733877166689415e-02	-5.186651452031895704e-02	8.474831230548711403e-02	9.410267123623547447e-02	-8.427876088715608588e-03	-8.895955767899584726e-03
1.937360674984136111e+00	7.390554960786941407e-01	7.936397919696137615e-01	2.142361025366889660e+00	1.006110000193066067e+00	1.137761566861602569e+00	1.390396012382976998e-01	8.054007310677471221e-01	-3.517964458831059349e-01	5.142083129518203455e-01	-1.612702575668948923e-01	3.448743665045667789e-02	-3.895343084844749004e-02	1.763026592247088353e-01	-3.429021165365682133e-01	6.665544284481691450e-01	2.474061252080437256e-01	-3.560705101775004100e-01	2.077733479149360407e-01	1.714783375082278016e-01	5.863603463161040086e-01	-4.063515714211872187e-01	1.856912997814678945e-01	1.567604394517029265e-01	1.023497139119502464e+00	-4.145206113328901432e-01	-1.699334154835887775e-02	2.864153712497224391e-01	6.141031862697936550e-01	2.493151945047450690e-01	-2.594027055732051057e-01	-4.855809041512873514e-01	1.528913677667193827e-01	-1.556411327370957887e-01	-6.986208029613755199e-01	-2.855656527180621684e-01	-2.352502211100435670e-01	5.622364170757202656e-02	4.905982636888730486e-01	2.990182548662080331e-01	4.251694304010845971e-02	1.242252911505263985e-01	-6.014370356594444383e-02	-5.159802357260391270e-01	-3.754948588711162216e-01	2.300025149550145032e-01	-6.791561878391777496e-02	-1.361379282721374151e-01	-1.227551473679222432e-01	1.901071761398843984e-02	-3.186280760334521678e-01	-1.404148005255159981e-01	2.682372868019824441e-01	-2.165838574536905758e-01	-3.727871064943908408e-01	-8.163682690285153920e-02	-6.859519500473624902e-03	3.072381533555316735e-01	-1.130664708926439332e-01	-4.268880926866591707e-01	7.262349420920927168e-02	6.456163786539128105e-03	1.326043530605224008e-01	-2.825457436050158311e-01	6.100888259493834898e-02	-1.599565064446720475e-01	2.359394800208463316e-01	-1.809201717583862057e-01	-9.750876836063186726e-02	-5.009716676866102225e-03	-2.109672661324385190e-01	3.408251390304182227e-01	-2.559867199755277434e-01	8.934353866238148312e-02	-1.509267403972891497e-01	-4.719090590070641744e-02	1.012028854798947691e-01	1.095867699698920006e-01	2.633396126063455300e-01	-4.662442267083635045e-02	1.991703514004252162e-01	-1.959961525674066285e-01	-2.821169880340670955e-02	-1.480997310021621716e-01	2.609760040683211102e-01	-1.106417337063753809e-01	7.817917650367184335e-03	8.439529850499977170e-02	1.791063367341479418e-01	1.999425896621807586e-01	-2.447773223838798154e-02	6.336411487008092834e-03	2.804647865589464661e-01	1.420090965358639656e-01	-2.499860204345764336e-01	1.161650953106002776e-01	1.028645615303844657e-01	3.388308687081644233e-01	1.809560401502718074e-01	2.264424940239413708e-01	1.280331844034826843e-03	-2.635776585593906443e-02	-1.064388382051292686e-01	-3.623666309900541171e-01	-2.071775464815695522e-01	-2.167808132033521851e-02	3.302576576462007973e-01	2.066067183187249301e-01	2.366188183600864414e-01	2.116862354630542897e-01	9.016483608753383949e-02	-1.568245422081598062e-01	4.765636744433594113e-02	-1.418278819268350976e-01	9.835748964011732653e-02	2.763585793008620575e-02	8.093649769036233288e-02	-1.817946261919054646e-02	1.876902339494154193e-01	-4.842914182157431746e-02	3.225402311178639514e-01	-1.431772060792997348e-01	4.124927599977892129e-02	-2.706516436188622365e-01	1.085706276575587742e-01	5.530305246864920116e-02	-1.366784063779667435e-01	-1.314405666998455235e-01
-1.301609209673534551e+00	-4.265575667569510565e-01	1.805047720938509626e-01	-4.154607431269644047e-01	9.808650977204682597e-01	-5.801972306983631533e-01	-3.326845000049840628e-01	-3.214893604713334185e-01	-4.522005960258906887e-01	1.021998518458772987e+00	2.402836709965713025e-01	-2.754736815279574813e-01	-1.062975244434520711e-01	1.150284049930998753e+00	-5.428702447349230686e-01	1.923814789156601812e-01	6.759130313815514546e-01	1.822243993715516319e-01	1.668396434596601530e-01	-2.088895255210330426e-01	4.915818440489034269e-01	-4.931446810424274796e-01	2.182387878525142710e-01	1.091367153682093472e-01	3.628270199584238687e-01	6.162162391150638463e-02	-7.114672389883255899e-02	3.761884736305728949e-01	8.267628952995792480e-02	-1.685858245195733796e-01	-2.539498314409715518e-01	-2.274445261464947410e-01	1.581014514452429021e-01	5.326864821425644214e-01	-1.027642026431301037e-01	-2.043243832461315856e-01	-2.007121883347992020e-01	4.422514434234730563e-01	1.426362506023869658e-01	1.422244440859225800e-01	4.879882396928102162e-02	-2.371523873703420826e-01	2.320316753884544003e-01	-6.314308690928375212e-01	2.426289073687398490e-01	6.181868803160950332e-02	-6.199722724913396543e-02	-8.599705707138445912e-03	4.460602499816000432e-01	1.170775743248223810e-01	3.760599289253818006e-02	4.021010744718268165e-02	-1.614224237850768462e-01	-2.744411276933456101e-01	-8.786990069900674216e-02	-1.347010139508664217e-01	6.447596199756985835e-02	2.226106283766304816e-01	-2.214287950020887574e-01	-2.185134128089042012e-03	-2.286685572861675564e-01	1.029821908720738866e-01	-1.228973141347796810e-01	6.821402001514145774e-02	1.964020430926799454e-01	-3.594962884993775365e-01	6.119526183345693621e-02	-6.681324059846099894e-02	2.064316064554857361e-02	1.542596459852998703e-01	3.400478142967989226e-01	-2.383612792682684722e-01	8.093872298073269411e-03	7.155872089503965972e-02	-1.136305935632780234e-01	5.474687697037734502e-01	-3.053133824783443306e-01	-2.375687981980606142e-02	-4.882318348002013392e-02	1.104985965164319295e-01	6.680877946854880955e-02	1.178028869207771029e-01	1.411095854994210697e-01	1.403493816700283892e-01	-5.204608592957875313e-02	1.156849306516546799e-01	-3.160465846039562932e-01	1.111900661519203831e-01	2.253543995641010822e-01	1.564523500284587254e-01	-5.087111548011367945e-02	6.265438953015274592e-02	1.083572838290420143e-01	-1.872928443118844141e-02	1.371342909315335576e-02	1.955093765667694217e-01	-5.803241984535335157e-02	-5.043524304583718587e-02	-7.272343614172216419e-02	-1.209015750705022263e-01	-1.226819060884281054e-01	-3.780150705556243884e-01	1.029670928060158752e-01	1.240640334433403130e-01	5.266903747444100226e-02	-2.035744492464418853e-01	1.385925708634391240e-01	4.817496266408193353e-03	-9.813190915491332156e-02	-8.350775097928700430e-02	-9.787840691837056128e-02	-8.461174381380322240e-02	8.217327870315919991e-03	8.938440418792092945e-02	5.078844431836328915e-02	-4.512804723035803572e-02	-2.165122620486176763e-01	9.922381410284680792e-02	-2.048124759991364896e-01	1.813396580677651901e-02	-7.600863737291672917e-02	-3.250530092562330386e-01	-5.522671878850289595e-02	3.007665213729191489e-01	-3.851906681048308106e-02	-6.679586794293639052e-02	-1.700664355267584027e-01	1.422336938842750365e-01
-1.172586848012361793e+00	8.680671536737989413e-01	1.000715760877606414e-01	1.006597888572912797e-01	5.736617514513702165e-01	5.071635256043595108e-01	-1.416424210757706748e+00	-3.817510317388550511e-02	2.890129783783003115e-01	9.659735175899784032e-01	-1.728005832918083629e-01	-1.841888818012182016e-01	1.164595968462625697e+00	2.188082091069121216e-01	3.332694906085886255e-01	-4.443498572604049901e-01	5.723306475047909014e-01	5.612431041106737961e-01	-2.499220708743506714e-01	-3.007042499211166550e-02	5.881996482272693061e-02	-8.233932579016363384e-02	-2.460208852462695828e-01	-1.048231105256042517e-01	4.641116534965500917e-01	-2.608080501768254011e-01	-2.605834307583653961e-02	4.961291632727831136e-01	4.649869476456343353e-02	-2.229477490070909118e-01	1.588744459968961242e-01	8.932772941525256305e-02	-4.308639618307825991e-02	2.301735515385369135e-01	4.562558739581980272e-02	-7.314798047883892818e-02	1.654733608389286348e-01	1.731528784191645465e-01	-3.293850135740120089e-01	1.988112569844555644e-01	-3.550447340051655631e-01	2.261550438200647106e-01	-2.136877694205563949e-01	-9.880892406765674763e-02	-2.379754748065429637e-02	2.683665364908597861e-01	1.618248039242022873e-01	-1.315232769514241284e-01	1.531590577996765623e-01	-1.406582345676024304e-01	-2.130586492043216040e-01	5.463665171659352199e-02	5.757654006611497011e-02	2.480741390881673614e-01	-7.788639096660868177e-02	1.073611222424791650e-01	1.684563286831997353e-01	-8.839676058188122854e-02	-6.805407494603881585e-04	-1.801689924489613681e-01	-1.625687240735247951e-01	-2.887922366784331230e-01	-1.188605125749298275e-01	1.559213916695805779e-01	-1.184381777703961795e-02	-2.584491617014972493e-03	-1.154457302355651888e-01	-4.769004929785641833e-01	-2.906542971930882804e-02	-3.626956483523126329e-02	4.448013668718928809e-02	2.313455611497284015e-01	-8.465886062017130564e-02	-1.866064689478721117e-01	7.927073559078508247e-02	-7.810725899505069347e-02	8.850708939100360162e-02	1.367550429449733984e-01	-1.811011318998801412e-01	1.630292722406354866e-01	1.743008504668080161e-01	-1.890946311304673305e-02	3.296699507996206924e-01	6.194366132287919963e-02	3.285901749952247486e-01	6.435918165629010181e-03	2.128683532530608602e-01	-1.686617626844531814e-01	7.444551407337667015e-02	7.476689239847980617e-02	4.335915251384278926e-03	-1.119186895737989546e-01	4.872297189214636753e-02	-1.357948151715473138e-02	-1.731327762554085159e-01	-1.726474333433219988e-01	2.488826424643073021e-01	-2.262352908670013374e-01	4.658389207992982839e-02	-5.994223046985863029e-02	-2.051234560959460662e-01	-1.635969905131359758e-01	-7.816777652947758809e-03	-1.680065766688138562e-01	6.967167778512210752e-02	1.409098577634365079e-01	1.297622457077264868e-01	4.595785672996867410e-02	-5.732484956663250197e-02	3.536102414926197562e-02	1.167822435282954430e-01	-1.510846118746193290e-01	-1.312774288374750076e-01	-2.569404140301783171e-02	3.150262194702921348e-02	-2.263126247668162117e-01	-2.300778574206817362e-02	-2.941385664411061973e-01	-1.636285036794999925e-01	-1.377869207824276576e-01	-8.200050401101360853e-02	2.047600520081731823e-01	-1.731717440825508714e-02	-6.825299707266497054e-03	-6.643886271253805764e-02	1.285959403244379962e-01	7.805494855353171946e-02	-1.678830604243461144e-01
6.067645308351805183e-02	7.554731565013106387e-01	-8.935753504588836993e-01	6.416556161711629569e-01	2.025840136350927967e+00	-1.606803633032617640e+00	1.098511595142467989e+00	-1.718133446162502589e-02	-5.356158135386928087e-01	1.854440792772364954e-01	2.945678725711924351e-01	-7.416715743308270881e-01	-2.645321287912982822e-01	-8.895024766475252420e-01	-2.428979914105336146e-01	8.006072471643169708e-01	-1.039214019806746769e+00	-3.790995415443684791e-01	-5.791254576391124953e-01	-7.529585055081287892e-02	-8.186263503819196652e-01	-1.130874890500174201e-01	-5.763406947412565151e-02	9.388608620412745021e-01	6.248449025816646962e-01	-1.352716312401053000e-01	1.130147570728013307e+00	-7.433538486152378999e-01	-5.075068695789589635e-01	-2.291633662060093835e-01	5.118940653546302233e-01	6.712420383092330134e-01	-7.050842776568484738e-02	3.552521880228743933e-01	2.363941976452629545e-01	-2.772098820665992447e-01	-1.309216968715698759e-01	-2.818995887145093193e-01	6.812077572214001453e-01	9.847542873298326810e-03	1.767864065591031597e-01	6.261432887816738291e-02	-3.906052663539882897e-01	-1.495491527550332767e-01	-2.174998897013241672e-01	-1.881870865016713745e-01	-5.851114286952495691e-01	-3.700047449312693915e-01	-8.506799645594411916e-03	-1.012929854597844209e-01	2.770859316861353783e-01	8.373549436696364756e-02	6.863699495841844855e-02	-4.118973720158712604e-02	-1.722294511976491249e-01	-6.658600686643359468e-02	4.855309703141091338e-01	1.825585936032728396e-01	1.837193415658177897e-01	-7.785931674299088889e-02	-2.607344316237901194e-01	3.582894779513401962e-01	5.200376355134854744e-01	4.441098487966363417e-01	5.086586012117941258e-02	-1.603742963949874034e-01	-7.762520358393361353e-02	2.449881188594711309e-02	-8.113761693783178020e-02	-8.243400369533150640e-02	-1.955640945343610493e-01	3.413048684586911796e-01	-7.228195202828750776e-02	3.507203445996746882e-02	-2.479171604090913694e-01	1.606442998084567364e-01	1.510618909841077717e-01	-4.591898432833196875e-03	3.754730847556149442e-02	-5.111101225457637121e-01	5.908292523456522283e-02	1.810393919840034838e-01	-1.389361491439178586e-01	-2.392368042401747663e-01	3.560772200839592561e-01	1.156299428327107331e-01	1.405867879134125309e-01	-1.578614148114579341e-01	1.314249876850365761e-01	-1.794746889815713731e-01	-1.219227906337703726e-01	-2.216065001068792950e-01	-7.724103458248345044e-03	1.103996220951603963e-01	7.879964872492339900e-02	-3.108937888642726924e-02	-2.309828906737963483e-01	-1.622276600497425669e-01	2.629591467697239282e-01	1.469571356147157670e-01	-3.100487313145245880e-02	3.630925575980473163e-02	-2.459017716219767946e-01	5.814204972444316638e-02	3.425361611214190471e-01	-3.834788575546484168e-02	-5.990535470202595220e-02	-1.486008552746685973e-01	-1.159562434923729242e-02	8.065720604882667399e-02	-3.303335549218716638e-01	1.794673956080272414e-01	5.458133187650607288e-02	-1.077957256356699978e-01	2.299586183936732919e-01	-1.533233771157930803e-01	1.566210458898192048e-01	-7.671905041278154203e-02	1.926281722845769040e-01	1.003126199738249569e-01	-5.628917914168740655e-02	5.011760218316806126e-02	1.141923764656423493e-02	1.073641760685488528e-01	-6.076829766676788980e-02	5.922399465371692290e-02	-1.783606467378132387e-01	-1.158492994472471865e-01
7.041321805081284246e-01	-1.046969143098982064e-01	-1.353711044588739254e+00	-8.740827421228604122e-01	-1.961311673095477992e-01	-1.131946841787390357e+00	-1.666423135363531705e+00	7.694100128259153681e-01	-5.318304965548595886e-01	-4.523295690320550122e-01	-5.143929407775567064e-01	4.959847624238653552e-01	5.434637203582026732e-01	2.407583418317635893e-01	-4.793389158963428098e-01	4.751800119846745774e-01	4.205256883678800683e-01	-5.129392632900293680e-01	1.561205375087899583e-01	3.368205109763595106e-01	1.016118406818516062e+00	9.459274048065142299e-03	-1.886492651969796097e-01	3.664262006691636209e-02	1.831932541139775217e-01	7.822066739382832479e-01	-1.060520359108850647e-01	4.856596816201281808e-01	8.224698202134833602e-02	1.488363014988170474e-01	-3.434084573277796926e-01	-2.155545303387693956e-01	2.189612349325011087e-01	-4.970292527729751053e-01	-1.247145926689805298e-02	1.011143373124653994e-01	-6.997948804225487818e-01	-1.951237810904897507e-01	-1.803540669576986916e-02	2.176872600185847106e-01	6.081820406799192530e-02	-2.264429059082929685e-01	-3.566447061571159094e-01	5.016965151958033831e-01	6.083019635769575384e-01	-1.298048859699236224e-01	9.047405599728598063e-03	-2.598655457397952007e-01	-2.664226896058422556e-01	8.288563248062852037e-03	-4.971769282404946422e-01	3.711353148918501987e-01	-1.558809708165582574e-03	-2.268227494973916458e-01	-6.382907578706820129e-02	2.290855797265460569e-01	-4.979041456122593190e-01	-5.353446688271973342e-01	-8.686872505980465509e-02	-3.004901266931797599e-01	-3.418186148480226727e-01	3.471466939918245453e-02	6.478709165293654315e-02	1.492761636179216200e-01	5.166709965669481763e-02	4.247325703458596641e-02	-5.368961403578184979e-03	1.068957798876059295e-01	-7.637822786689940635e-02	4.703524299716988627e-02	6.962140970269119732e-03	-4.357657651155372180e-02	-4.937439624278619488e-01	8.201720393090145000e-02	-1.461515555830360802e-01	2.354740318705654256e-01	5.544474930857208328e-01	4.808437076035921437e-02	-1.746203866595559262e-01	1.826838000211200852e-01	1.214644419417751087e-01	-1.246625532407747740e-02	1.954829135512895777e-01	2.393364766657241766e-02	1.324080768606139824e-01	3.946068074509445633e-01	-6.965590092781839826e-02	9.291592165693837724e-02	-1.063516083285278441e-02	-2.310552114952085512e-01	8.278316532684926177e-02	-6.367705014293320413e-03	1.972664152170584134e-02	-2.458892671281914521e-01	-1.125643540659563846e-01	-1.131374518768817616e-01	4.747523827746876618e-02	-1.521485139844835632e-01	3.545763200674401650e-01	-1.357060850608791114e-01	-6.094062238171277235e-02	-1.125249007294558401e-01	1.187953413950498527e-01	1.952401260442312159e-01	1.841174783375928159e-01	3.188658302520244736e-01	7.726484912273597072e-02	2.250480438983582521e-01	-1.445187272169146941e-01	-7.647005438134327204e-02	-2.977360716410281105e-01	-2.406145736402198754e-02	4.382247278908622118e-02	1.021465634870579176e-01	-3.853011083249259505e-02	-1.489766082040625828e-01	-9.295152930280485559e-02	-2.197378863836671470e-01	-2.039731644720358672e-01	-3.022773212831950107e-01	-1.141588245013269998e-01	1.031525219995681752e-01	1.922424080192929874e-01	3.978211341974544762e-02	1.423503216417870004e-02	-8.508803715803775480e-02	-2.507655573317990605e-01	1.232576013640173523e-02
2.913591260989537801e+00	-9.444573858514031528e-01	1.513360303113590322e-01	5.387566076582264718e-03	5.227850910053535305e-01	-5.030683547330045968e-01	8.966785916792905375e-01	5.768711696933835897e-01	7.030367867724905961e-01	-7.095708315480410144e-01	-3.832651987786355741e-01	6.684058933700953720e-01	-1.938420852370498215e-02	3.400765396981695887e-01	-4.737278021800624406e-01	3.826126784506153067e-01	-2.514704568278478547e-01	2.914105893141225381e-02	-4.779708363155829587e-01	-2.400572482162904586e-01	6.484970303884035614e-01	9.329336841589203067e-02	-9.227401945306011877e-01	-8.715917505069411750e-03	1.878338648136674838e-01	-4.797914949630185250e-02	-4.643052070286423499e-02	-8.552536777505460874e-02	-3.100347139415602360e-01	1.515580175190829604e-01	3.045929327620499616e-01	-1.772977650554445894e-01	8.386244153784463418e-01	-8.003215524199601416e-03	1.813493148110622011e-01	-1.046528524088917722e-01	5.331678489807313293e-01	2.449882974506001898e-01	-1.601043033118104975e-01	-1.427054505776073901e-01	8.581014750923338097e-02	3.050222278143015497e-01	-1.606605858841966272e-01	-2.430366835809635584e-01	-9.124925835083076350e-03	1.381499134126340789e-01	-1.723826250050506936e-01	2.290504085219612351e-01	-2.224131920263667725e-02	1.806275634337621838e-01	2.853687478008469225e-01	1.024820285428550554e-01	-3.067781159174401764e-02	-1.966045637407195235e-01	-1.926313499961677111e-01	1.988109015085054443e-01	-6.279963055119388605e-03	-3.402685580044726987e-01	-3.159495038320165317e-01	1.171831623065808237e-01	1.129693353101351161e-01	-5.917889152220950910e-02	-8.002188886598278483e-02	5.343622382536470372e-01	2.899449136441388519e-02	-7.168733929882591116e-02	-1.435532228064102522e-01	-4.521143821039353555e-02	1.774400646783209912e-01	1.380853687704400867e-01	3.737883523035182010e-01	9.251985681486277202e-02	1.203817098627626009e-01	-9.137696706571440952e-03	-6.758127219825718623e-02	-1.189142043688034139e-01	5.768133516574263514e-02	1.187872300722655067e-01	-8.025191068037053344e-02	1.343087906795692975e-02	-4.004999502254298349e-01	9.234570268216589495e-02	2.115936039642749011e-01	2.169710566895071205e-02	-1.116953542024575474e-01	7.353757312552759717e-02	-8.127450014743753393e-02	1.670753911818631254e-01	-7.588403891310932514e-02	-8.501714356662561090e-02	7.379940652788034849e-02	2.976670178744598994e-02	-1.253952673043673971e-01	1.293708520946780516e-01	1.113797382781339385e-01	-2.564815833180248972e-01	-3.307453415196102281e-02	-9.181713653904276240e-02	9.302332788564753041e-02	8.760714592896312949e-03	2.007895092963817574e-01	2.352034433798238233e-01	1.911197357559185628e-01	1.003998385942497379e-01	6.437935929061079643e-02	-1.170680696484776157e-01	6.946310501076689500e-03	-1.580079367079832708e-01	-1.052978203102035715e-01	2.977572125815446114e-02	4.520389381998164702e-02	1.510167864717699426e-01	9.077487554128468861e-02	5.467984182275954785e-02	6.631518116428584964e-02	-2.053341809435896836e-01	-1.111358241484603458e-02	-8.234504757377497652e-02	-5.676027460703608751e-02	7.870609951241000490e-02	1.887291700704911424e-01	-5.643137609299721941e-02	-1.009500381988814310e-01	-1.737128405395785974e-02	-2.705648711311083726e-02	3.903981387710023926e-02	-8.604740309274487575e-02	-8.307428304776884320e-02
-5.923437004417630991e-01	-1.096628662382712394e+00	-1.319889968886071019e+00	-1.833428572505933385e+00	6.779737029658468306e-02	-6.784401951281925358e-01	6.234446000230963181e-01	-3.260599694093566786e-03	4.473354036661212896e-01	-1.416522136634047746e-01	4.711547112640278590e-01	-4.522948143585432956e-01	-4.074692618218846429e-01	2.380236912653340975e-01	4.595930309490972587e-01	1.399206964155663979e-01	4.388222403742252781e-02	-2.000450843499686493e-01	4.202374776135959777e-01	-4.039013377069999855e-01	5.212495890111845664e-02	-1.796877740886701491e-01	1.551080128842129702e-01	4.677599213409238538e-02	1.163474299961985980e-01	1.997619923990488766e-01	3.862518788525466928e-01	1.009611257255298988e-01	4.443049250892178170e-01	4.580229401908327835e-01	4.652650264544388320e-02	6.306158113834414713e-02	1.274763141807679911e-01	-2.939332096153660645e-01	-2.354792753257339000e-01	-8.700828358439652299e-02	8.123591968202333036e-02	-9.578693054675498086e-02	-2.663032983157964106e-01	2.687622941197804205e-01	-1.674569191274634938e-01	1.744493687002783289e-01	-1.066460233279651060e-01	-2.262202524510213350e-02	-1.924798099176324440e-01	2.304649332445892970e-02	3.300253456200017421e-01	1.289743710987035774e-01	-4.064099523530090297e-01	-3.005553128079402891e-01	-9.137630239928282161e-02	-3.651577603901807190e-01	-8.694812007656493869e-02	1.333845746809087796e-01	3.517364057347984185e-01	-9.612731496126998565e-02	2.450197189337092671e-02	-3.251708650214981539e-02	-2.032482198903103332e-01	-2.401601836981498428e-01	5.073972049439182813e-02	-1.999172683593576083e-01	2.178069915025785189e-02	9.531518212572206994e-02	8.704622296326938735e-02	1.980453569082335219e-01	-9.282323485231742943e-02	-3.053276092487716697e-02	3.651203387474490775e-02	-2.453579663245474829e-01	-1.464447893077624498e-02	1.484940712188994039e-01	-2.479485307268711192e-02	-1.339632541039284808e-01	-5.388188239397901161e-03	-2.269328777371553418e-01	-1.024231894439674995e-01	5.056957485148624171e-02	-5.911145902137747432e-02	8.745727672259803742e-02	1.387298926870455529e-01	8.855467652918772026e-02	-1.597501716701276164e-01	-8.008159841328979511e-02	5.701617929473871971e-02	-5.021217355778365143e-02	1.866896499108408880e-01	-2.050773818533682402e-01	1.200982171166220108e-01	-1.707472521913853403e-01	1.808644311996400814e-02	-6.195212082485165861e-02	-1.215116968556213817e-01	2.574761494306956333e-01	8.575670219393605187e-02	2.073905768346587242e-01	-2.009133380350637543e-01	-1.282972559903868270e-01	7.414539690872283539e-02	-9.676814967703672998e-02	5.597330905749414026e-02	-2.287493594789449247e-01	-2.197496228264199727e-02	1.419132892436860971e-01	1.789774459264330819e-01	-7.957250953161945639e-02	1.334097126673583489e-01	-5.246327995740640397e-03	-2.831546661578733803e-01	-1.352777013829987163e-01	4.406136164895078922e-02	2.116199929725990359e-01	6.534148093688342540e-02	-3.844907063643431683e-02	1.479022378950559102e-01	-1.455809530079332781e-01	6.774316759568733970e-02	-1.241918720090743333e-01	1.323997639087238221e-01	9.423298041248004409e-02	2.393108799898029798e-02	8.648361336994196029e-04	-7.205153187060278630e-02	9.680469809738061204e-02	7.473923742601404352e-02	-1.705188247001083734e-01	-1.001875948866063071e-01	1.983499168453732586e-01
-1.536553167935807540e+00	9.558722720369514647e-01	1.626675898077638349e+00	-1.438582408599050622e+00	-9.562606550212868761e-01	2.587736654642204814e-01	9.148338909252279327e-01	-8.104975742589871635e-01	-3.098617701356486953e-01	1.719238118659360826e-01	1.467225092218109039e-01	8.226624686595777058e-01	-2.590619280647064593e-01	9.087952466502459137e-01	-4.573563444144227441e-01	1.798358811977279204e-01	-1.248292054233702923e-02	4.999341215171961700e-02	-5.342941392386747479e-01	-4.449646740976384574e-01	1.769339238658386992e-01	1.103091457199093517e-01	1.392687884824406475e-01	-1.670720335761995690e-01	1.933906765083972801e-01	-2.613110706732127975e-01	1.766613743124382518e-01	9.691199539293603171e-02	1.870567931998842470e-01	-7.809155040219106780e-02	3.089054390212420120e-01	-1.596821834104283355e-01	-1.441847666803148797e-01	-4.807923367293574779e-02	-2.473178604358328980e-01	-1.994365727726452597e-01	1.266938068947875695e-01	1.551765270182600529e-05	1.606316102962581926e-01	-2.842234887518007569e-01	-2.361048853758799526e-01	2.338637699284393592e-02	3.632478834886020830e-02	1.947174233134180490e-02	-9.085572198657328180e-02	-1.723863123800577213e-01	1.530215476532439112e-01	-6.344140585056876058e-02	-1.177365033985189047e-01	1.596862349988831808e-01	-1.239532155221417797e-01	-2.766570080767432049e-01	-1.684122668904033671e-01	-1.311335709458590904e-01	3.743370473761916117e-01	-7.820555668075938882e-02	-1.462207150627337360e-01	4.489651549247500317e-02	7.780691741753666124e-02	-6.480853508598299721e-03	-4.752768548812402738e-02	6.219760490800695790e-02	-3.421994503699683499e-01	1.905944506571188579e-01	-1.719422992573131637e-01	-5.472738545157088130e-02	3.016379992169203605e-01	-3.178553793931712113e-01	-2.348843774259573580e-01	1.664191825261603641e-01	-2.722154575244364882e-01	-1.463111017509394485e-01	-5.161733651806141993e-02	2.109029623664153696e-01	4.226884253949789866e-02	1.107707213635798910e-01	-1.115697921301840034e-01	7.742545234628776807e-02	1.045460195255371177e-01	-1.064597823780832481e-01	-1.365996149444792529e-01	4.370482743645895396e-01	-2.888610501861954560e-01	2.632426859469479408e-01	-7.480548847051540773e-02	3.554145597135680568e-01	-2.244357331213754914e-01	1.751998860797494839e-01	-2.971764545832213111e-02	1.252622786050469617e-01	-1.243087888684271669e-02	5.377952912130764401e-02	-1.060323392316899621e-03	1.180957343936664128e-01	-9.618659033178069556e-03	-9.425739210437007742e-02	-7.171651152138455720e-02	1.021695209003554289e-01	1.496668232467503745e-01	-2.798581424481962759e-02	-1.706989370676934362e-02	3.539396234918194828e-02	-2.304824259277948317e-01	1.265591354340018793e-01	-1.428100903164561120e-01	6.936269688987106198e-03	2.033610616060617104e-01	1.173733552681505837e-01	2.193829945634006018e-01	-8.670194831594754681e-02	9.134150271031235557e-02	7.560307303517087296e-02	-4.224189069135630969e-02	-2.046648299004634464e-02	2.007358202784794571e-02	-4.128897040073255947e-02	1.009478895585137065e-01	-2.704842705806617120e-01	-2.353053372624617709e-02	1.647077637022466845e-01	-1.307819501326823730e-01	-3.788026181677026094e-02	-2.001214319623452476e-01	3.800861229060578106e-01	-2.690586337395522998e-02	1.652611778340026261e-01	1.694554731997906516e-01	2.401722317495360581e-01
-6.285821131651908589e-01	7.751225197132068923e-01	-1.100924940837474608e+00	-1.819375084404343534e-01	8.454661035295387705e-01	-1.414446639258346572e+00	-7.723022898052715919e-03	-1.564709662597166817e-01	-5.480188398028819075e-01	2.029575786435678930e-01	7.859255538635578908e-01	1.346523289369279119e+00	3.646429258300782350e-01	2.621285098913551659e-01	3.167699488000508823e-01	9.650146585802611421e-01	2.610645671112228339e-01	1.683125063846416247e-01	-1.920006662820635673e-02	4.917814320082274926e-01	5.997655928435187134e-01	-1.780382029184882919e-01	2.069746374949165413e-01	-5.227675115001393369e-01	-5.902060958824300041e-01	-2.400843480826655163e-01	-1.246060633828831449e-01	-4.396972668790196659e-01	-2.271785267210278125e-01	-5.336534516560359487e-01	3.978490287935974590e-01	-9.933831691594234570e-02	-2.256621607736822577e-01	-3.950383529782344749e-01	3.797328464746014265e-01	-5.079149033031171712e-01	-2.628929349050529440e-01	-5.857912083669369885e-03	-4.572078334708166714e-01	4.148951518431974739e-01	8.664390946519050229e-02	1.380933156859779076e-01	2.587114349025421145e-01	1.853594737316759111e-01	-4.534296056835114830e-01	7.570992552447117219e-02	2.930152628682128890e-01	-1.456796369834403304e-01	5.098933500111267891e-01	-5.924213220648870681e-01	-2.166298393025418156e-01	4.389806612916292289e-02	2.082578569623652065e-01	-3.133935921301401334e-02	-2.067100423152228306e-01	-3.873140841765698728e-01	1.927828117564507893e-01	-3.374695609286407216e-02	-3.006949669722704943e-01	-1.355302537225742121e-01	-1.360531856876755763e-01	-4.107808258199304174e-01	6.388597721170080623e-02	-3.398873531418557525e-01	3.535923959724097121e-01	-2.528833287710224864e-01	-1.916921845841203509e-01	2.157816637303860974e-02	-1.735774079513096868e-01	-1.317731159926148754e-01	-1.501801940178003891e-01	-1.234594042357074484e-01	3.087545672880791583e-02	-1.093828358225240049e-01	-4.218807952239906484e-02	-1.405087282950724659e-01	-3.080348213182290684e-01	-3.007370662967672748e-01	-4.012882939783382619e-01	-1.366716598990102595e-02	7.481339104571926857e-02	1.854362669641519967e-01	-2.015424364500516818e-01	6.961444858577314938e-03	1.958286034152033062e-01	1.239476677121386095e-01	-2.259717183589045886e-01	-1.147169359562690005e-01	4.056048628480819068e-02	-1.422782748273620779e-01	9.972732681418024214e-02	-1.660527551636068744e-01	3.229922070040578963e-01	9.189446272591532405e-02	-2.126502682305329295e-01	4.457903494625118507e-02	-1.754666386155430691e-01	1.013859669360231142e-01	-3.634803272732485824e-01	1.712745896205990215e-01	-2.609448030566030238e-02	-5.071077941542879476e-03	-1.260847939027681941e-01	2.551930653461891851e-01	-1.059833719788242090e-01	4.376432115444101739e-02	-2.903464682624079529e-02	-1.897048445675795503e-01	2.369727733852876883e-01	-9.775555274970777753e-02	9.430850192195204540e-02	7.170041399716162167e-02	-1.010316309498997603e-02	-1.720620166180336294e-02	-2.079292192149690688e-01	1.460575731942414801e-01	-5.220478305684203568e-02	1.939550225795511063e-01	8.802671001086226354e-02	4.507322698302718145e-02	-6.115154185757086525e-02	-6.104575372720143223e-02	-1.639101503022168810e-02	4.992969764055637388e-02	-9.995498025559669542e-02	1.359039049460548376e-01	-1.937154099996423254e-02	9.075475195928017769e-02
-1.490267828601760991e+00	-2.551110752630911360e+00	3.415327762015243906e-01	1.581319888986734812e+00	-8.097843088003423562e-01	2.689970439994224805e-01	1.151208641246371234e-01	8.558943253291624587e-02	-5.628099184824084666e-01	1.594915503862074646e-01	2.681416793245597341e-01	5.554366226989947419e-01	-9.655340924281131942e-02	3.084804707159779502e-01	3.085001161074685250e-01	1.884785250888028063e-01	-1.188282134468748689e-02	-5.112520397834435792e-02	9.021606907433137035e-02	-1.792061066031512898e-02	1.256902814569889615e-01	2.285759178795535029e-01	-9.777163037710583093e-02	-2.026368909228047355e-01	-1.866211274733878267e-01	1.224873216556044281e-01	-1.338657708595908935e-01	-3.053722976424673718e-01	-1.772870036402045824e-01	-3.682881890018829263e-01	3.339052225171183497e-01	-3.529213163218897914e-02	-3.574951772713526599e-01	-3.920457315973334134e-01	2.371454912373053836e-01	-3.260203124041193834e-01	-2.231409069146588972e-02	2.540673577961898300e-01	1.298545799955337643e-02	1.630461161796183112e-01	2.566593905517055782e-02	1.517911155718997540e-01	1.773309725992291063e-03	3.590757050924013316e-01	-4.082950267530998656e-01	-6.467686080986097263e-02	-5.578804731158160113e-02	-1.267311585557389375e-01	2.171633898955762643e-01	-1.892707004661278447e-01	-2.096770164119007296e-01	1.510394334406263139e-01	-3.217826178624167560e-02	9.399448680014359236e-02	-1.154587915361649370e-01	-4.475106082777378924e-02	1.199596551103675468e-01	-1.815067502465228522e-02	3.160168069859908748e-03	-2.063494316654548855e-02	1.030609196070324390e-01	-1.615286944035182470e-01	-1.933221270084656274e-01	-8.531982669631102412e-02	8.294277854806553218e-02	-9.705425312089001333e-02	4.121834690243873778e-02	1.049883276739291549e-01	-2.559529135731381522e-01	-1.176733483067210345e-01	2.673268276545011715e-02	1.880748608536491895e-01	1.768877764010321207e-01	6.162793591598149379e-02	1.078043016709783058e-01	-1.423555349286197147e-01	-1.066464358939102769e-01	8.292093721898778635e-02	-2.016891838361650757e-01	-1.556469869973884923e-01	-9.333681089726691971e-02	1.645964984334200853e-01	-3.542074995004872162e-02	1.418758186358026578e-02	1.862030021515506395e-01	7.869857283732656361e-02	7.373202233725895116e-03	4.772066611033277950e-02	1.128196041946332752e-02	-3.525819562447460309e-02	2.766616575518028587e-02	-1.638236207434911051e-01	2.606236927084035551e-02	5.097200631948985844e-02	-1.964546521772337351e-01	-4.798429502209457242e-02	-1.143188971568415979e-01	2.437411083835763423e-02	1.070807413485432708e-02	-3.204655297259802974e-03	1.340416656939142359e-01	-6.978437053747756080e-02	4.774780008139037357e-02	6.320844512578781271e-02	-1.675260297011716415e-01	-3.517844226659169043e-02	-4.088632024599777454e-02	-3.245352520497716414e-02	-1.026666750664232027e-03	-8.999164854430265204e-02	3.913525680883287589e-02	8.886998178341527777e-02	6.043570986766250153e-02	-3.113560411908686265e-02	-2.704124657041759652e-02	-1.313114456883287262e-01	2.368225434849939581e-02	1.177450941346119273e-01	-6.551102293805457014e-03	6.016014358111668875e-02	-1.241192455058200833e-01	8.433103780359527124e-02	8.120435652776641922e-02	1.668053419661285827e-02	3.061333281522918282e-02	-7.939742335172425558e-02	-1.458690351287505321e-02	1.067383989645271335e-02
-8.083967264040955447e-01	-2.237632202638415002e+00	-8.204018906189476379e-01	1.622033696411523618e+00	-1.585704409155569872e+00	5.287843109067309477e-01	2.917109944962840151e-01	8.755468945631474098e-02	-6.218663696160957599e-01	-4.236060231310531665e-01	-1.779606086915756502e-01	2.423299055423824011e-01	1.042789098204160991e-01	3.058566214375570136e-02	3.742787831719777275e-02	1.148438658094818182e-01	-5.162375981404735553e-02	6.332375548453951231e-01	-1.812723146032834409e-01	-3.588217732181030878e-02	1.271956984440572314e-01	1.312074850151246364e-01	-1.445699559413509694e-01	-9.566689955146481794e-02	-1.209616853497438999e-01	-7.731773687934677397e-02	-8.522695540813784998e-02	3.326172270741137305e-01	4.035811277532347363e-02	-3.229983874871369953e-01	1.324536330781294347e-01	-5.873459316426360433e-02	-1.136444511397742413e-01	-2.484331314499943488e-01	2.013434792198438850e-01	-1.767694615753696297e-01	-2.448483847731417196e-01	8.499274828959978156e-02	1.139174352373171495e-01	-2.618718357403173602e-01	7.422667197851132159e-02	3.190747876863400667e-02	1.548343514342275795e-01	5.764369867069371045e-01	-2.244633869748486610e-01	3.132603390630597936e-04	-4.342412725328181899e-02	5.325728817922935343e-02	4.245801957704409269e-02	-2.512828051159922763e-02	1.247034587414777435e-01	1.286224372494674528e-01	-7.655866038127449869e-02	-1.914211951886157226e-01	-9.511485933567544182e-02	-4.822349548467789321e-02	-1.416228585562617076e-02	7.305462088495813522e-02	1.429850506334942942e-02	1.000807890719356691e-01	5.474837077723843787e-02	1.901727894311504644e-02	-1.460336118124821725e-01	1.377267336802013853e-01	-7.481586951864385715e-02	-9.921311182937765649e-02	-2.271309348855129681e-02	2.746862998294432798e-02	-5.976776429804385449e-02	-1.475863153534797134e-01	-4.499194592972724505e-02	-4.546718012972537915e-02	7.101566150088656215e-02	-6.967283129667112274e-02	-1.173942820858744074e-01	-2.501818358030654665e-01	9.570510128972949115e-02	-5.963406787824383770e-02	-1.374085947515297224e-01	-9.563029808591169689e-02	8.863504078232973399e-03	-2.329459056257244046e-02	-4.089946142813661450e-02	-9.392870852131546267e-02	1.046476830090665999e-01	1.510253694054930138e-02	1.456206808912740291e-01	1.171819783081851363e-01	8.733167539399377954e-02	-6.874805311213319503e-02	7.823661560524873895e-03	-1.517511853959149781e-01	1.116722364824331015e-02	-3.724476715619308431e-02	-1.685788446023420983e-01	2.518736902119960916e-02	-1.954019263668072166e-03	3.964489701472688477e-02	6.976540883011353444e-02	-2.400312463004350069e-02	-2.138481541057386456e-02	1.608914759300807129e-01	1.232547241460090065e-01	-2.208261343276729169e-02	-9.744300736745525882e-02	-1.268577699271993542e-01	-1.434882991870276847e-01	-4.791117192796313928e-02	4.172263208985818833e-04	-1.372464073248344518e-02	-2.290633411718672741e-01	-1.605094597384461308e-02	1.004634132348144748e-01	-8.272883591319123153e-02	2.573231620693290922e-01	-1.533039343814983357e-01	1.081948055827571947e-01	1.310762732378767947e-01	1.528742398243681383e-02	5.565482815675762418e-02	-7.445643837981334723e-02	-4.805400580839697816e-02	-3.817445124504581511e-02	4.999038900471584890e-02	-7.491693248686094597e-02	-5.344143243562587964e-02	-7.630929339658074073e-02	5.856218654942112883e-02
-3.761876491386443866e-01	5.655638899706790790e-01	-2.056631292614602646e+00	-5.839019786785543120e-01	5.821064288450134017e-01	1.139864894695630237e+00	1.106273237503869744e+00	-2.219064992695924388e-01	-3.750667493628558891e-01	1.563482308546851662e+00	-3.471235217448850885e-01	-3.986791005763789530e-01	7.969459756545295148e-01	-2.287492442826337402e-01	2.388254370305076257e-01	3.893969650517252745e-01	-4.887750352142716248e-01	-1.458502827773331123e-01	-8.928912912554952397e-03	6.758519567716180232e-01	3.682846268867772527e-02	6.558792719694711559e-02	4.891619965925694813e-02	3.654796440777435262e-01	2.270570089850840190e-01	3.239427415261338372e-01	7.463461081712451095e-02	4.117101193271002213e-01	-1.982873156625738487e-01	8.492150716075810369e-04	5.959863402134000232e-01	-1.986334803761703460e-01	2.099825313940272553e-01	-3.044625335121246001e-01	-4.123140547075471174e-01	4.589068867297554366e-01	4.331245131115037950e-01	-2.538459353136069963e-01	-4.638076430877125650e-02	1.490254553679978278e-01	4.773213784429853335e-01	-7.149072656945419657e-02	-1.093775870680701451e-01	-2.626205239406802505e-01	-2.213920329847432478e-01	2.160706546225645008e-02	1.858101256916405430e-01	3.286378265673651211e-01	1.372944666290039188e-02	5.184692496827165292e-02	1.168218436817069009e-03	-4.463097325640562330e-02	1.518064199102151512e-01	-2.020706669112899700e-01	1.245308778777889092e-01	-3.005071944816456800e-02	-5.894320044123680935e-01	4.000772176114575918e-01	2.172617915191817073e-01	1.042558614292454361e-01	-1.770967022631315668e-01	-2.320227576513857193e-01	-2.402940481679625984e-01	-2.838451205725517901e-01	-2.947588833423020818e-02	1.571195466578527173e-03	-2.922688313880679178e-01	2.013849461177133482e-01	9.925896628318603421e-02	-1.227959954370453355e-01	-2.532544136759068421e-01	1.623105065490642457e-02	2.376167825365262942e-01	1.029424463342183543e-01	-4.233956230650951121e-03	1.206584510827529572e-01	3.091866868389968673e-02	9.886599039922853993e-02	-2.171895957077203676e-01	-6.880648343574091719e-02	-1.097004727626360865e-01	-3.741387041120848855e-01	1.584792057184919722e-01	1.423469021983256033e-01	-1.762174108359119140e-01	-8.333158180620972577e-02	-7.033358122247522493e-02	1.521899305748355691e-01	1.501009091913267646e-01	-3.494748804174391821e-01	-2.642685162064985493e-01	2.939062209057276970e-02	8.741952137857299243e-02	-2.816735464228149396e-02	1.346554528277811857e-01	-2.127451589346559813e-01	-1.834776962207917972e-01	-1.897557431389697014e-01	-1.646342350396651222e-02	4.163060537242712494e-02	1.062794186916325295e-01	-6.342285700195814113e-02	-2.665843158611547886e-02	-5.086565708112644746e-02	-4.250663165258209558e-02	1.339971273657985518e-01	3.049721339439398840e-02	-7.579515821387020069e-02	1.610758657395587323e-01	2.101484016052320991e-01	1.912580805964805009e-01	-1.767241898400935540e-02	-1.074869650916931568e-01	-2.466532912614056439e-01	1.388547243465452531e-02	-1.224362537736451047e-02	-1.480119283331880102e-03	-7.870280598826696894e-02	-1.729951786400302227e-01	3.112479572138808839e-02	5.584331852293159676e-02	-1.720078348192040710e-02	-4.757288221904872744e-02	1.632083989779157807e-01	-2.097272920252523931e-01	7.518675204858428496e-02	-8.669348836740405073e-02	-7.838920044144437327e-02
-4.690003084682641266e-01	8.473032325256985020e-01	-1.708317594115528193e+00	2.376876342558746025e+00	3.485241023571158947e-02	3.306596277561573705e-01	6.328021528956527808e-01	-1.267581664617038403e-02	2.438459790324180310e-01	-4.093276169096444761e-01	-1.326939645541428625e+00	-8.816219817085767241e-02	9.989734959453014373e-02	-1.058252654404674281e-01	-1.100527835049792458e+00	1.521326591642412351e-01	2.638575629379596998e-01	-3.436083031676930022e-02	3.418089031607532413e-02	-5.913168482667292558e-01	1.492576530448115890e-01	-4.684493040916928308e-01	5.586623419037656246e-01	-2.623199032625596686e-02	-2.943404504478160377e-01	-3.669927071091048237e-02	-4.369548802194315740e-01	1.661117299930213453e-01	1.000097605325417534e-02	-3.107102310494145314e-01	3.488009922988329903e-01	-2.199787899754916953e-01	1.518230411150638393e-01	-1.722054328360366204e-01	3.295714857759730887e-02	9.832866635227249796e-02	-3.319153951830833837e-01	2.010881475474819713e-01	8.267992786903061164e-02	-1.052613049551576196e-01	-3.694603157078673594e-01	2.651150789046501921e-01	1.107928716548359366e-01	-1.975796580217984155e-01	1.434724737943546269e-01	4.773745820696169428e-02	2.439242763457434848e-01	-9.336982874728981530e-02	-9.034607681300373117e-02	8.413463549094142568e-02	-1.931510482855521293e-01	-4.187433540963125256e-01	-1.436045401807811575e-03	8.986914509703150533e-02	-2.108669173361369178e-02	-5.031812958939450020e-01	-3.342718889895743284e-01	-4.045555396658774561e-02	-3.774309985980764393e-02	-2.082955585429777379e-01	1.258065261910244481e-01	-1.623267871516937549e-02	-4.870942014058297215e-02	1.171133830429693795e-01	-1.638319718628750699e-01	5.528098180389209165e-02	-9.118314386875424338e-02	-5.703426383541363581e-02	1.583449427589441183e-01	2.394337388188889915e-02	-1.113330907938620412e-01	-2.471573157514188324e-01	9.285061340431144394e-02	2.402575175631810611e-01	-2.648356826137727299e-02	1.082944397575297951e-01	-5.295902639449637239e-02	4.606519227597732913e-02	1.745431708520813474e-01	-1.762259695440302754e-01	5.376058914772079839e-02	1.450324061443459545e-01	-3.357879287295710835e-01	-5.600688938891921348e-02	9.305605912194796214e-02	7.499739902905677713e-02	-5.904754446461173145e-02	-2.190641195012421882e-01	-1.727850886284430787e-02	1.422314984444544572e-01	-1.736472658854355533e-01	5.814149621983113331e-02	1.423965999702898333e-01	-1.709447444543651662e-01	-8.479878380716641961e-02	-1.818641744986953523e-01	1.584511623508423270e-02	7.565838944794535392e-02	1.931822470667149960e-01	-1.267729848796388288e-02	-1.957514681684512092e-02	1.001443595537570980e-01	-1.281122631943888979e-01	-8.167912615536533638e-02	-9.475803423495157652e-04	-1.986997744068462468e-02	5.618598467222261222e-02	-2.710544227265407891e-01	-1.448154426646763304e-01	-2.543638289207814096e-01	1.113258223917192175e-01	-4.202936631700042447e-02	-2.166334524781437371e-02	3.545550788017341748e-02	1.841317430584549497e-01	-2.183812611127655401e-01	5.588643515156968555e-02	1.649315715659176521e-02	2.057619776131087430e-01	1.535227066125609274e-01	2.436147808266745651e-01	-1.522765961372264387e-01	-2.287591555259734996e-02	1.074468065360454500e-01	-9.928717284756786998e-02	9.368443099242659833e-02	1.805105483691405166e-01	-7.598928199682815354e-02
8.042455643231988249e-01	9.975635534549636141e-01	1.282334773011029494e+00	-1.031294471581113426e+00	-1.405075900023169178e+00	-1.331241419720756047e+00	1.142926713278755058e+00	-5.051293946300888793e-01	3.191274516410069761e-01	-1.761318591037819847e-01	4.539891769596411941e-01	7.287603019056734244e-01	-4.123885857932457766e-02	1.281855220794184402e-01	7.129215640745234506e-01	-9.132075235598444141e-02	2.010312971290922623e-01	1.569169561491142173e-01	5.872765466550578656e-02	-6.805556560587684434e-01	5.859490092605771361e-01	-2.024623197260706081e-02	-5.609614381564724805e-01	6.044955552585740133e-01	3.496537768078052388e-01	6.489030614984154788e-01	-6.134027316066534841e-01	-3.863337833392788134e-01	2.037078282423915032e-01	4.181735833897437526e-01	1.038992971218548680e-02	1.038854696361593444e+00	1.287108800477477499e-01	-4.044452483467897430e-01	7.682054075597352649e-02	4.148301176657765432e-01	-3.598311466666381797e-01	1.562959401070413978e-01	4.390341677620004379e-01	-2.136678790679355788e-01	-3.939067072018340721e-01	3.336709624732311918e-01	-1.838147782899268723e-01	1.155428841834606341e-01	-2.470990366240929936e-01	-2.929114225131627114e-01	-1.647524947789296423e-01	-1.660188982247594869e-01	4.247852874618468499e-01	-2.719117527571051074e-01	-2.944894724707315392e-01	4.411138441844657428e-03	1.473239609871586087e-01	-8.225811467387215969e-02	1.648308431219207004e-01	1.141287110075855232e-01	-1.356410274832992591e-01	3.735194764377838261e-01	4.373004994091336251e-01	-2.705298392008108066e-01	4.287620522183875349e-01	-1.637386451128233777e-01	2.912561478614587029e-01	2.727048932738701179e-02	-4.147010964081920825e-02	2.093196003310030667e-02	1.865510672761451494e-01	-1.133157532332015049e-01	1.355151255153422829e-01	5.494636448048165756e-01	-2.926186346694492624e-01	-4.960305734635908625e-02	-3.001381495487969175e-01	-5.760806360266325712e-03	7.870711806107640041e-02	5.141458379411000673e-03	-1.731904594924533192e-01	-2.311506846867342202e-01	1.045854281952964503e-02	-1.840756066051715545e-01	-2.262278993649040615e-01	-1.044892907607368610e-01	-1.503007780312717312e-01	-4.646624782961341488e-02	-1.303575398245530315e-01	9.727021020153417408e-02	-1.086717368518095306e-01	-7.129750929018492667e-02	2.834273792527576899e-02	3.862264606259424582e-02	-3.884241142804008284e-02	7.910937722366748193e-02	3.048184043186816794e-01	3.997898552791154941e-02	7.257000603977713238e-02	3.392598861967098534e-02	-1.632717275238386168e-01	1.160318910978910406e-01	6.617337107457550716e-02	-3.698277454206127385e-02	1.053186968417929303e-01	2.442565377339982191e-01	-2.696137094936295053e-01	8.945598721642145090e-02	-2.925568574503950026e-01	2.833763039542961382e-01	-2.505910377255111676e-01	-2.571805427793044108e-01	1.031404117654653729e-01	6.689965862381547224e-02	1.552577759582720041e-01	-3.440672638997830518e-02	3.176842243836464630e-01	-1.204326637150979762e-01	-1.558551067968348414e-01	8.865069551877560738e-02	-2.020773092445366792e-01	-7.513610312343083075e-02	-5.909405783788672373e-03	-3.957412974421489760e-01	-2.217943627309967858e-01	5.088791474865337477e-02	-7.870637051468334922e-02	-2.690146515781117065e-03	-6.645830334945726503e-02	1.919588981200441857e-01	1.550750426594192100e-01	-8.121676682037448636e-02
-1.065555385870616600e+00	-2.328010483722792845e+00	2.901483368596272649e-01	9.250479821151019744e-01	-1.351009250321296040e+00	5.237205630887568075e-01	5.009224378268736233e-01	-7.287149750633444001e-02	2.502654943170855573e-01	1.379402204012839250e-01	-3.137273701327609743e-01	7.622296243305032304e-02	3.507006697434628117e-01	-3.044234396631924633e-01	6.104531106644900396e-01	-4.735899128403283087e-01	-4.759225165156009685e-01	-4.806380589349346644e-01	-3.501363688808999397e-01	-3.168295668736721971e-01	1.273670124541429749e-01	-1.069762804543216289e-01	-9.292041247882790178e-02	6.097698414420602703e-02	-5.859185985755267778e-02	-1.069621172179806706e-01	8.443043085671919634e-02	-4.691062666463807936e-03	-2.497855737489203948e-02	4.902467929463458218e-02	-3.798045606145155073e-01	-2.409663675683267892e-01	7.742921748326296594e-02	-3.118361893905073901e-01	2.478677344621729728e-01	1.212577091044209077e-02	2.035679239194792059e-02	-2.295728712053824727e-01	5.364838949545476243e-01	-1.729972281781941013e-01	-2.206375801022723848e-01	1.231546828286621820e-01	-1.030989234713146907e-01	-1.142518342808659243e-01	2.428710197351954536e-01	2.126272383948970279e-01	-1.418703697965317256e-01	-3.542627348023669742e-01	-6.303479056524717850e-01	8.531513963758607932e-02	2.746464380005177452e-01	-2.743863255892797781e-01	-1.332049078515697982e-01	-6.762524396621004408e-02	-1.386193655304131800e-01	-1.249729678423050910e-01	1.276636473130762783e-01	5.957569889220762360e-02	-2.542502728079843455e-01	-1.191546449102297706e-01	2.194548512591890932e-01	-7.022896631439853876e-02	-8.833057008649541908e-02	3.902733121628405941e-03	2.205273422724913224e-01	1.577658826690155058e-01	2.816050670667176181e-01	6.571376642100533461e-02	-3.799130376360809747e-01	-8.993815704310130499e-02	4.888147529398844532e-02	-2.933243138801752692e-01	-2.420062272667067305e-02	-3.163952608159810165e-01	-1.608780262477556844e-01	-1.348916372179571888e-01	9.414388192722555893e-02	-9.830365120977374582e-02	6.574992987742098172e-02	-5.944500006838842471e-02	-1.286538988580762932e-01	3.474179830258836144e-02	8.913408398647254538e-02	1.123810589578255331e-01	-3.270749436875882571e-02	-1.347682232559211934e-01	-2.795861645565922982e-01	2.457748192199296026e-03	1.018517387222023403e-02	-7.611034559111268250e-02	2.108708533982017186e-01	1.347769330911324503e-01	-6.472633737696936729e-02	-7.661855514852500271e-02	7.071748123338118808e-02	-1.260332497749050429e-01	1.463685741403224216e-02	-1.132164005702777226e-02	-1.317393187908786345e-01	9.951119392534839292e-02	-1.108082094695685277e-01	2.238340775700234930e-01	-2.462168785625128142e-01	-3.824766026864225704e-02	1.324799156815404111e-01	1.461823758924219174e-01	1.167443243422013922e-02	-1.105004431378767416e-01	-9.960551490784830264e-02	-2.456151300126512352e-02	1.898021923483020068e-01	6.797738709099158949e-02	-6.697570670938879367e-02	3.457073349843715199e-02	1.918719772711949614e-02	9.459833855512853051e-02	9.511574982294876413e-02	1.399972035583107177e-01	-2.925372945723294163e-02	-1.159874215442321110e-01	-1.329917223962682679e-02	-3.340256042765778893e-02	2.225524769418856796e-01	1.837835350446072324e-01	1.489951859379831378e-01	6.732351199366536088e-02	2.185543377641828433e-01	1.185305198580590136e-01
-1.189032063034504372e+00	1.309039161462465906e+00	5.934434358774814955e-02	-7.085907163726040681e-01	-1.144913768931982379e+00	3.344318275179061772e-01	-8.114750411719174883e-01	1.519259201940345860e-01	3.290345150576270972e-01	-1.313616066617100953e-01	-2.390697980377208542e-01	8.833209911927094593e-01	7.406754758864761978e-01	1.481077599384191146e+00	-6.905261081121800704e-01	-4.047291719973388768e-01	-1.912636063624159888e-01	6.677610381406612339e-01	-2.988498223860767133e-01	-8.942812855007503670e-01	-8.012359377739937116e-01	-2.442679387669391133e-01	2.825281038078288343e-01	1.142176077333424272e-01	-2.221907138951233485e-01	1.087143532674290369e-01	1.798404490563453861e-01	1.548147706841944415e-01	-4.841257165629606618e-01	-2.563019327675962744e-01	5.189419358261956328e-01	-1.690046307517300561e-01	-1.739861814764432843e-02	2.012081640826923201e-01	-1.461305651943799744e-01	5.624951538999755085e-01	-7.922664838864415526e-02	9.536188436726231177e-02	2.151407236071136986e-01	2.900451588849660145e-01	-4.401267687979958376e-01	-1.493673851062934932e-01	2.040269978300656983e-01	-2.902817153085519575e-01	-6.241597377465937235e-01	5.417504973526501288e-01	2.326106315573894523e-01	-9.032910453652824578e-02	2.328219384463718067e-01	3.161128071065422707e-01	3.038393053617038375e-01	1.411521615780776673e-01	2.783260493668088809e-01	-8.561449623503084028e-02	-2.270611594307196113e-01	-6.839502413450650187e-02	-2.628727649404501432e-01	-1.139226757858156393e-02	-5.648602465684338103e-01	1.061671821827188250e-01	-2.666220080646465318e-01	1.514411801840531979e-01	-5.831808389461691500e-02	1.760571672070844473e-01	2.674052387054879909e-01	2.339486202388766090e-01	-1.282058638041032317e-01	3.058564746362903847e-02	3.641143492257596370e-01	-3.164170676457209869e-02	7.951873927393654506e-02	2.258048947820825714e-01	4.523988189197130083e-01	-1.580350300793138540e-01	2.904136882224386124e-02	-2.437999310042559542e-01	-2.628209998636976130e-01	-2.240420831533646573e-01	-4.103951036913040806e-02	-9.902296164252508137e-02	3.442024930655849801e-01	4.954221246529405542e-02	3.443851469364022644e-01	4.575051579857668943e-02	-1.666832200244765527e-01	3.325443376296398079e-01	9.706231894255276660e-02	1.038671673047997790e-01	-4.111395586340280128e-02	-1.328538364915862469e-01	5.834503529102733760e-02	-1.389252123207894984e-01	1.175583861942930963e-01	1.347014626972683204e-01	1.200866042998592759e-01	1.764475995936089781e-01	5.807845624264502959e-02	2.038863868722636530e-01	4.626566050622647058e-02	-6.102676758730055800e-02	-4.938586015090921238e-02	-7.792453601306059165e-03	-6.306167370984014885e-03	-4.212400859084722282e-02	3.196495714624182638e-02	4.013999930554267709e-02	6.604385833366814562e-02	2.421151319568073113e-01	-1.874765278043273031e-01	-1.171833685046935469e-01	2.901745639009917221e-02	3.797601754903544985e-02	3.658146314389204568e-01	-1.109460788489100569e-01	-1.671167554988992610e-01	1.747533188735237233e-02	-9.664535670510451815e-02	5.220166379695603126e-02	-2.452666856542742857e-02	-3.092056307599836407e-01	3.099240092785831083e-02	1.452050722165229291e-01	-2.055541553641040964e-01	-1.437983579689296743e-01	-1.634066160686573899e-01	1.472647001492409513e-01	7.553342106378686804e-02	1.559778091702727632e-01
9.266401063267237781e-02	6.239111633015961278e-01	-1.526020971981089325e+00	4.577797320717399976e-01	3.749995819171248468e-01	1.280856726216015873e-01	-7.765731684032367577e-01	1.632100183219880707e+00	-1.483760613119442517e+00	4.519432042996687771e-01	-1.282497482025240776e-01	6.964785768662046239e-01	4.640615505280187847e-01	7.852859587635355187e-02	-4.165951252228023427e-01	2.568860894036752440e-01	2.615457578529656324e-01	-6.027204313364324662e-02	-2.232182083817723373e-01	1.726785172934708901e-01	2.967099228392440224e-01	-2.735880091367060563e-01	-7.899218425726741710e-01	6.130070345528867287e-02	1.267943747063225712e-01	5.392374168312906724e-01	2.430526617008854987e-02	1.587311699964040201e-01	-3.457574886297163363e-01	-2.459532406076239408e-01	8.855539068293895658e-03	-3.127725657882149957e-01	-1.893356523833209237e-01	-4.180058808418116167e-01	4.287480379195999225e-01	-1.179263677987290038e-01	-8.545610520744649774e-01	1.879709525186538943e-02	-1.365021506272629803e-01	1.993808618969282742e-01	1.363690022462837603e-01	-7.402553428953360937e-02	9.794158546956155398e-02	2.017568409446461042e-01	-1.779394448890139480e-01	2.940769702611652214e-02	2.231371163443919003e-01	-4.570054808941862445e-01	-2.074822472435255971e-02	-2.547275650492605847e-01	-2.984733132533358702e-01	-7.572000012399586477e-02	1.988066145772343918e-01	1.093527086462001835e-01	-3.786426496858857210e-02	6.040095524553110162e-02	-1.482265253916917880e-01	1.159094333113778845e-02	-2.131095027135256753e-02	-2.165523661027535796e-01	-1.170083654084833752e-01	4.075419908000845609e-02	2.350862716333723679e-01	4.038105224484955791e-02	-9.665772888823381814e-02	1.413994617765242101e-01	2.702741646929687214e-01	-1.500962760602383150e-01	-1.429338945294751292e-02	-6.253689908176958412e-02	-3.784454325149121390e-01	8.547915543235258540e-02	2.922444157620386271e-02	1.137950867311351977e-01	2.011110032442863516e-01	1.652064014349347298e-01	1.904569525122562779e-01	2.167817913437189159e-01	-1.063040497456988753e-01	1.111257227251725571e-01	-1.571690897055215974e-01	-2.127199174162910655e-01	-5.640483342201163194e-03	-1.962665687155995542e-01	8.080845680418899390e-02	3.037953780186889927e-02	1.545607407678805667e-01	1.836220373305103293e-01	-9.312634357525068074e-02	-1.923706170104204083e-01	2.455668698964794464e-02	-3.291796066103817031e-01	-4.941625656072984318e-02	-3.401125522332686391e-01	1.658766047518532571e-01	-4.559425348602098166e-02	-1.796567411472497766e-01	-6.721671070043390428e-02	-8.011775164479682798e-02	8.379989660605917379e-02	-5.434027797049886810e-02	-9.182462700573774950e-02	3.569899674917297039e-03	7.621370461012079434e-02	1.768891382230574072e-01	2.549316033787169325e-02	1.705621753096987492e-01	-2.376036951640463080e-02	-3.434112237970390336e-01	2.433456047678898559e-01	2.275817091430124839e-01	-9.082536573194435747e-02	4.862462460276140153e-02	7.260622114678880190e-02	1.534683063205816989e-01	-3.720579032376678530e-01	-1.235622630112110099e-01	-7.663440851656562469e-02	-2.751958846691732741e-01	-2.476719331341711156e-02	4.795213154908308656e-02	-1.198584334507601656e-01	-1.306437467418716247e-01	8.373230782531458638e-03	2.237987648028262888e-01	1.026556519466172296e-01	-3.271735907649266084e-02	2.077198101984452649e-01
-1.801866016923634684e+00	1.123950882127437323e+00	1.819146063833380289e+00	-1.437157414577771242e+00	-2.390027685118428780e-02	5.971143600167385657e-01	8.131477283090502439e-01	3.448373316459407700e-01	-8.952122943369906771e-01	-1.284192610765329645e+00	-1.997598704106316458e-01	1.016634062842104308e-01	-3.076096047593666061e-01	3.672121304654776819e-01	-1.780641609471636522e-01	2.661376673697883524e-03	2.653207749068705809e-02	-3.756618096041970389e-01	-4.105188192404444214e-01	3.061302496841498133e-01	-3.363534572978889026e-01	2.747472192795923432e-02	1.543197659937669275e-01	1.115229072298477564e-01	2.769436106125825470e-01	4.355015083782966256e-02	-1.620892776391468226e-01	2.797623003174349310e-01	-8.113348773403683545e-02	-1.975493121757826154e-01	-2.875194048938098379e-01	4.801604501483259790e-01	5.564427909169460118e-02	-3.114489020142309841e-02	7.396669635332053794e-02	-5.208787174283030508e-02	-4.148748520127734023e-04	2.186585586516164303e-01	-3.530836921010842566e-01	2.364152333241545390e-01	1.344380813800303831e-01	3.553745455736908587e-01	-1.045941120094077553e-01	2.629703295680850261e-01	2.390964267676134736e-01	-1.216425721261794601e-01	1.515284746902701429e-01	9.565931117534948180e-02	-2.839379370427876359e-01	-1.163049804714271773e-01	1.993284447481301069e-01	-1.132116693276567498e-01	-8.434490595822145831e-02	-1.751145669974625216e-02	3.573049670361566621e-02	-1.639991593606370257e-01	3.095610718496320524e-01	5.968565631232671670e-02	6.681119810627346445e-02	-9.099795658499371109e-02	2.901202765783034154e-01	-9.845622392284579527e-02	-1.387845958216728792e-01	-1.592216184057948514e-01	-2.407940821403538323e-02	-1.072064418897682864e-01	-8.648524941111651598e-03	-3.337454155457025284e-01	6.628052818728571646e-03	-2.422642523881128607e-01	-2.833828419743028015e-01	6.957068734835961110e-02	1.598538360519548285e-01	3.272337695067377428e-02	-4.473918678355611744e-01	-2.967863739842699911e-01	1.096249553064488069e-01	1.340689589128792047e-01	4.025296976589014947e-02	2.206960125323999267e-01	-1.774946172812595082e-03	1.103401280516645433e-01	8.625893145022085762e-02	1.176023379673752922e-01	1.928776213297442310e-01	6.341045067683316432e-03	1.029043231003269263e-02	1.407031351345482406e-01	-5.123739536068618733e-02	-4.748274967238860778e-02	-4.116019598731603113e-02	3.344638116265104544e-01	1.512018688596971638e-01	1.251030555232606201e-01	-1.342275370392924660e-01	1.514275194926477108e-01	-2.915849584263324745e-02	-2.171317135108759983e-02	1.535951451686555225e-01	-2.657866223896027461e-02	-1.162544448373133282e-01	-6.770900169933262436e-02	5.849644314401878861e-03	-2.798794285074502827e-02	4.029290246415680454e-01	-1.067936509272613826e-01	-6.173846751164670243e-02	4.370682848917548102e-02	-1.345500899210967660e-01	1.510770182920175703e-02	1.180191432452151884e-01	-3.813736962678868081e-02	1.368098810570254897e-01	4.944640909345641294e-02	-1.491841995055774583e-01	-1.453001828206317569e-01	-5.549063994299261587e-02	9.524373979143230251e-02	1.581991727478203880e-01	-1.172063698005754717e-01	-1.225618677183412247e-01	3.461249709391008011e-02	-8.466098695025589538e-02	-4.068131924460512139e-02	8.331119074059555041e-03	-9.207130814056212198e-02	8.476914037217729569e-02	-5.532765787663370544e-02
-8.640158841152936198e-01	1.075755044690769546e+00	-1.417160002246678374e+00	7.433856886196354985e-02	7.891075721144988897e-01	-7.111651769728329076e-02	-7.793815163987839745e-02	-3.528233323573804481e-01	-1.043095529792626763e+00	-6.860718415213936661e-01	1.509056342151552599e+00	-8.153494746288227901e-01	5.453115387454449126e-01	4.444919744109496751e-01	2.819761526686679898e-01	-4.978276543390386388e-02	6.287502508005726742e-01	-4.325301038741085624e-01	8.234736864589720096e-01	-3.584967641838063962e-02	-2.507560807269039183e-01	2.689292690568965694e-01	-7.485340050606955620e-01	3.123427157754316008e-01	-4.198159229673224524e-01	1.264114618632647402e-01	-3.923560937738663212e-01	-4.664550569894397869e-01	1.070140917750766585e+00	6.808823791310383844e-02	-1.252070935181766598e-01	-5.657437545483217090e-01	9.214664939470124105e-02	3.129339974328505525e-01	-3.512442393186011591e-01	-3.309107424278880938e-01	1.611392688235686599e-01	3.144749611740045303e-01	-2.573450557082972989e-01	8.621358511462180740e-02	-3.212916059933763890e-02	-1.846008731821513205e-01	1.184091601955894052e-01	6.520433951120613303e-02	-2.694410792750255856e-01	7.493583408014370395e-02	-2.681520897941938597e-01	-1.882690627020417451e-01	-2.828650602909867917e-01	6.200667040946770125e-01	2.142008689877314687e-01	3.917667805927993463e-02	-8.545059704656716992e-02	2.416563996804365344e-01	-2.540972525506733359e-01	1.886387739039509515e-01	-7.977378654445509143e-02	-3.124531132746651285e-01	5.131667168551092700e-02	1.671101981692599825e-01	-1.442442791270614512e-02	-2.527521971068709128e-01	-3.995370329178275087e-02	3.013978197475334353e-01	-2.919095984541489330e-01	2.126226717877448547e-01	2.138296183682563689e-01	2.498899588487348000e-01	-2.277663623857648090e-01	-1.753003286076060818e-01	3.113523532461210386e-01	2.949429047317392305e-01	7.235008971591028182e-02	1.405610998527815625e-01	6.054045309204581643e-02	-4.502575973461936387e-02	-1.787299866606697485e-01	2.168063179904549109e-01	1.850689450691748172e-01	3.405313334163079936e-02	-2.708022461748657225e-02	-6.777291865140173954e-02	1.530263751482909274e-01	-5.034366169294660631e-01	7.420010022363392188e-02	-1.109148143480872678e-01	-3.231640879831039759e-01	-2.117900741398030251e-01	1.565777837221873359e-01	9.197547105943575455e-03	-2.192431718999929280e-01	-3.063125591611258192e-01	1.041565491547675887e-01	9.866675944317648828e-02	5.758980425252525626e-01	-2.931494638256115226e-01	7.460360747720216901e-02	1.068645097119995252e-01	2.504547022178508775e-01	7.669910635057802795e-02	-2.544687180368244706e-01	-3.077743857222844936e-01	-2.486294359234673262e-02	1.071422218139899962e-01	3.002782017952345117e-01	-2.524351584919777526e-04	-6.662874873511444307e-02	-1.040583931733132933e-01	1.660825963736101418e-01	5.260180763159778838e-02	1.224904588099863384e-01	-1.180479624119432080e-01	5.732446004760707176e-02	-1.170470862527506206e-01	5.956598870011028078e-03	7.049172760216354527e-02	-6.479170745428390610e-02	3.733185320560291481e-02	8.286343305609109033e-02	-2.085170488758979548e-02	6.814122049495408007e-02	4.862154250530877075e-02	-2.074524599650786061e-01	6.127919281289545550e-02	-1.174273299607514753e-01	-2.635024631838690790e-02	4.769902425863695866e-02	1.272951174542292507e-01
-3.617931460577207270e-01	-9.772563755769331229e-01	-2.187666808558262233e+00	-1.230783777501798015e+00	5.833438659160909978e-01	-1.150846659345120260e-01	-6.509766849332437877e-01	9.044708927039992741e-01	4.491342272789594081e-01	-7.553552169972910235e-01	6.678720728076180391e-02	8.906194419675934892e-02	-8.070234499715666088e-01	1.373652418291245736e-01	1.848244993387918589e-01	-2.510971478135140544e-02	7.065822004043824656e-01	3.137050514475082097e-01	-1.557790082078190363e-01	-2.183715483170302896e-01	-1.519224843017245585e-01	7.097066682903668822e-01	7.200691620615624622e-01	1.105777516792313536e-01	1.147406639823933677e-01	-3.239833605609295786e-01	9.159640880494196447e-02	-6.769982048803316332e-02	2.451595127404335162e-02	3.252278069659328419e-01	1.090521494316580714e-01	-1.645057957724563313e-01	-1.333102967660945437e-01	-1.724840949354499364e-03	-7.800602014268132045e-02	1.193884313091771454e-01	-1.343257475144124524e-01	1.762468532060928739e-01	3.705021355556219198e-02	1.578798526253443954e-02	-2.174070442868528408e-01	-2.506996930173860383e-01	8.021471513592137725e-02	-1.106979729059535816e-01	-3.715246163612032637e-01	-5.860294816495992959e-02	-8.442920497084967224e-02	4.156870504843743763e-01	8.852654776091840871e-02	1.601693128126917276e-02	2.679451205489542104e-02	2.041708566186182378e-02	-1.491406999895735219e-01	8.861992311033982384e-03	5.536846752225974867e-03	1.765604518420518451e-02	-1.906631137424470712e-01	-4.814072988540078063e-02	1.710541980104093029e-01	-1.804575581334411927e-01	9.329098233251435779e-02	1.720362288039745113e-01	8.421819294870541706e-02	2.379483140989594459e-01	-2.562258152595395799e-01	8.113117755258715535e-02	-6.380201799462733268e-03	1.725654528298863344e-01	-4.356033465602185406e-02	-4.133430931942770337e-01	-2.918779599410358805e-01	-9.525770352967947996e-02	1.896014593925239855e-01	-7.685831279314332687e-02	7.041994844882332183e-02	3.657611117786999794e-02	-7.579994682740401335e-02	-9.303783697025905242e-02	-4.100997020296001661e-02	-1.272825207615163878e-01	1.134307758445032427e-01	-1.086057056109529517e-01	-1.650623748880415687e-02	6.093776999528349031e-02	-1.132052726165594658e-01	1.529300090539029988e-01	-3.514579933309653348e-01	-1.298963915436538719e-01	2.158859094949771018e-01	3.916952534974872148e-03	-1.616608445091866908e-01	-7.345198298473051834e-02	-1.206990196499580295e-02	-9.109613471958237160e-03	-4.209303504763388382e-02	-9.056563565655012527e-02	-3.581003292480160888e-02	-1.950962307466023171e-01	3.707433501580419122e-02	-9.977329343286990559e-02	2.057832973963973355e-01	-1.169534546359228544e-01	1.098529509453036179e-02	5.346839944070073264e-02	6.894104206826225274e-03	-2.481699966684252842e-02	7.338807289595027095e-02	1.476931778239932991e-02	2.593424996532404103e-01	9.129657093476822860e-02	-3.809923959755200790e-02	-2.534653277545152461e-01	1.051569488414367121e-01	-1.594266426369561965e-02	-1.295507810324240949e-01	-1.168955385322427432e-01	5.238137461075238061e-02	-1.262494644213556227e-01	-3.514514012206720189e-02	5.512604444554806971e-02	-2.512558093823135108e-01	1.167530476548960666e-01	2.473434584112283174e-01	-1.413021214594394614e-01	2.019547061172642655e-02	-1.390292980646278265e-01	1.425036814639236427e-01	3.784325966666064467e-01
-1.106645949094887449e+00	6.728257169820528460e-01	-5.764584634417314613e-01	9.670704486123739285e-02	1.081533515757031161e+00	1.098115146992707292e+00	-1.711681555202213545e-01	1.914867856008278135e+00	-7.738404113136321261e-01	-4.025123915734858671e-02	-5.199070228564041107e-01	5.257664380610592436e-02	-1.073625750759045344e-01	-5.601644745083040888e-01	5.989724438228854336e-02	9.652423236952240027e-01	-3.594470417129685402e-01	5.960679778490367564e-01	1.639056864153509985e-01	-3.112516978732314185e-02	-2.591724341318292213e-01	-4.288475685621283284e-02	4.525497660351510132e-02	5.004841145936795854e-01	3.955078280149175174e-01	1.346463607205946877e-01	4.762313968652926999e-01	3.474010141233879745e-01	-5.661654749456400404e-02	-1.733084656930235778e-01	-1.622621146877054332e-01	4.102090745534342497e-01	-5.890731503988045487e-02	2.501073534272837406e-01	-5.600890721390919813e-01	-2.199214595355723778e-01	-2.040392840508234995e-01	-3.224999518814359867e-01	5.590929929323504993e-02	3.701428207321671993e-01	-4.830320982051290457e-01	2.326591271991968694e-03	-2.492420676104716570e-01	6.044443126289879287e-02	-2.751486727767480517e-02	-2.473104277558451636e-01	-4.603477157953856369e-01	-1.783132867003308641e-01	1.313608005983479265e-01	-6.235796309911968704e-02	1.324251253833876908e-03	-4.560911859528648526e-01	1.079443163938617750e-01	7.337837361216502374e-02	-1.203852847153854752e-02	-4.160077449293827362e-02	4.920028750378719479e-02	-1.735074492893293741e-01	1.287215414780667200e-01	4.886226889858966832e-02	-1.922210863487579247e-01	-4.047583048631827468e-02	-7.521874917852962306e-02	6.198536774638565561e-01	2.251288779684158456e-02	-6.093919213822687753e-02	1.067465583069807239e-01	-1.171825342077671833e-01	-2.960767976918531053e-02	-9.841212414082992077e-02	-1.708249509837110325e-01	-1.047532730377251364e-01	1.730269903492480110e-01	-2.986026961927000789e-01	2.547753885483565739e-01	-1.212027337625410234e-01	-4.634149074651444100e-01	1.429276342280645651e-01	-1.943174445071829681e-01	-2.198967691551043380e-01	1.602150846373779358e-01	-6.581510408987988059e-02	1.421050983893553388e-01	-2.283939090188344956e-01	-7.774568747851992589e-02	-1.225526113717830684e-02	-1.949466648755912024e-01	-3.316941649983504853e-02	-3.006952736253939995e-03	-2.179627116561829447e-01	5.820349298577393721e-02	8.784332820339983694e-02	-1.786114644198672496e-01	2.453345069683479651e-01	-1.328556936819710876e-01	-1.549892280906779440e-01	1.423352846140781003e-01	-1.315487721058317960e-01	1.650259693766202296e-01	-1.922932302245956571e-01	-2.244749264793577115e-01	1.119848528756739459e-01	2.630521137117489139e-01	2.622909566427298472e-02	4.426232609800579559e-02	-1.065595316285443406e-01	3.855679145730707327e-03	8.210573926935885170e-02	2.810703200973721505e-01	-1.033504467098435020e-01	-1.454093933581335034e-02	1.309985721367400158e-01	3.036942542166015113e-01	7.109773424485158616e-03	3.821832302478325033e-02	2.764788068607547666e-01	-3.692630692393564229e-02	1.216511383336687513e-01	-1.179219387836604425e-03	-3.671393696555555475e-02	-2.259539206667363076e-01	-2.375044464253382726e-01	1.357411341916332226e-01	-4.567274117674886835e-02	-4.917711552039141787e-04	3.170683146006216258e-01	1.063975329198161845e-01	6.843911689507853335e-02
1.233037695673323553e+00	1.174473493717565820e+00	2.283940674618874400e+00	2.184978669515629690e+00	1.233984552994856987e+00	3.103827836937583240e-01	1.302808736938623424e+00	3.422078954068438761e-01	3.122851630236826992e-01	2.454279471236735927e-02	-2.683073312956955059e-01	-1.145120495522916615e+00	-6.539111173245769626e-01	3.265987490115081493e-01	1.572212730547447590e-01	3.311493754791406952e-01	2.479570061263354497e-01	-6.186357247144654847e-01	1.501250313355174948e-01	-7.234333928657639134e-01	5.069818765495497370e-01	9.055677606316281381e-02	3.092384261152136271e-01	3.960299564801970096e-01	-5.156656560395611599e-02	-2.323459891013840706e-01	2.042801069821053028e-01	-8.055394398304432935e-02	9.784631215775496660e-02	9.311246521713768820e-02	-6.202991535628291642e-01	-1.624090207191542234e-01	-1.061715663510367641e-01	-2.398848844008450165e-01	-2.896771673294428751e-01	-3.284876216342745309e-03	1.417420764156062107e-01	-4.208833634862567674e-01	-1.645769130442885711e-02	-1.301406752194250449e-01	3.103780825982138114e-01	2.292735142855053532e-01	-1.356169410946968246e-01	1.483702176911620707e-01	-5.861097788908814499e-01	-3.557643374542106551e-01	-6.015481013828882957e-03	-4.108220473241896986e-01	5.008403436579610402e-01	-3.399419582682831065e-01	-2.709427396977350799e-01	4.476725867630840933e-02	4.669723323841602769e-02	3.282348858049972673e-01	1.647625205753914246e-01	-3.605457240273653441e-01	-1.198144323973250325e-01	2.778547275426551666e-01	-1.388242908731849024e-01	1.933668761384272905e-01	4.853498118076753076e-02	3.880340763402152504e-01	-2.662318385296354450e-01	5.925015918478180460e-02	3.232303732374834926e-01	1.378374911803268987e-01	-3.098888139851258550e-01	4.493803737620714889e-02	1.758534038495994378e-01	-2.524609590414210736e-01	9.083380856759321054e-02	2.008140250075765576e-01	-1.426504698602681087e-01	-3.737123414234159724e-01	2.725037935883075080e-01	-1.723394541024316218e-01	1.641395896537121424e-01	2.768844629919300360e-01	5.654388202298074595e-02	-9.300120434748984644e-02	-3.953685139003564920e-03	-7.823704707214579335e-02	1.429218315440319853e-01	3.299783527917576897e-01	-4.020573371796758444e-01	2.735013571531402232e-01	8.852137977692195459e-02	-4.514225429992698574e-02	-2.220373351051756483e-01	-2.684351242763272638e-01	-6.424633168784545101e-02	-2.226164927863475973e-01	9.843236947186036201e-02	-2.531505849112112849e-01	1.594049641870661504e-01	-1.517079767131399581e-01	9.148557973173654378e-02	-6.639616323953029253e-02	-6.352662833686438526e-02	-1.070267119585765342e-01	2.352300991381574835e-01	1.973054217839706470e-01	2.301804576758104959e-01	-1.209625299406130207e-02	1.051671197343321540e-01	1.292408218423337085e-01	-2.370553775013403783e-03	3.632619762671705083e-02	-8.566225509470573596e-02	-1.598423415894292821e-01	1.547459816468437221e-01	1.327163399359269913e-01	2.613667855025728071e-01	-6.776181428205765161e-03	-1.707758104906140217e-02	-8.926171815069908200e-02	2.468370844921477236e-01	1.365913462856988836e-01	-7.129499674571308787e-02	5.351232818485338050e-02	1.729935246712401564e-01	7.250368224756170710e-02	-1.013688470838412965e-02	-2.320291275708498691e-01	3.049020529516004441e-01	-1.551972356484789262e-01	1.412141117072222285e-01	6.542260058807837508e-02
-1.373775624325701550e+00	1.383700339618511244e+00	6.366237977066213638e-01	1.709467818879849110e+00	-1.495699851197182184e+00	-3.885957553917330221e-01	1.874641522431352014e-01	2.574107171540360173e-01	-1.629054363642063741e-01	-9.501817960236542682e-01	8.248336062956694859e-01	-6.060768703009410813e-02	5.195646954048144250e-01	-2.225177418982330624e-01	-4.464735264268132608e-01	-9.481238924335289031e-01	-4.393149983073035281e-01	-4.271676119829945772e-01	1.397192920355075252e+00	5.948553882363959433e-01	3.435099962794237460e-01	9.726359704258994432e-01	3.619249973316107094e-01	-3.796796989720152560e-01	4.581784839264597675e-01	-2.113154863115703497e-01	1.084905318225058313e+00	-4.345004509715842955e-01	5.716321511993485011e-02	1.378199281914358962e-02	3.232755168894561604e-01	-5.884517048546890061e-01	2.766088964021969354e-01	-1.432835394248378053e-02	-7.714887827268065434e-01	8.686415198742215571e-01	-4.816851744650783029e-01	3.065966818625943668e-01	-8.961801284787596078e-02	1.614053947392463662e-01	-5.130340030660219819e-01	-6.848378136963989560e-01	2.426078224666770589e-01	7.720307617954177970e-02	3.509828322900164221e-01	2.733530972710740969e-01	-8.840215218269737996e-01	1.530834328736030148e-01	4.013387432137604516e-01	3.955941511629353924e-01	2.568578106082776424e-02	-1.397305763886890449e-02	-1.427039571370954663e-01	8.000057601945993468e-01	-4.452734907439156314e-02	7.857014958090353662e-01	8.555365544486275009e-02	-5.919280224569032356e-01	6.817754161627466447e-02	-2.227260293045308648e-01	-1.363267420272469554e-01	-6.487805606705349115e-02	4.726789710629275554e-01	-2.245601414451343925e-01	7.963328418028072786e-01	-1.753769954533018760e-01	-1.262607018473730913e-01	-3.253435622689462847e-01	3.576418553277946888e-01	1.725279038091560302e-01	-7.264539731918703835e-02	-5.752506973045883737e-02	2.731889383317170471e-03	-3.267483137109604419e-02	1.283153769493046714e-01	3.521847638452815094e-02	6.559651727893307804e-02	7.265429763808985142e-02	-9.749106427315155921e-02	-4.243797359942864666e-01	-2.872469980832843550e-01	2.275831663977681552e-01	2.268227667921023372e-01	-1.977953843355223229e-01	-1.591120397504759976e-01	6.502631675228426333e-02	-5.169336144144819067e-02	3.561835448506963514e-02	-1.715801792706648510e-01	-2.563925866161944622e-01	-8.424044535410063483e-02	1.212196454436018783e-01	3.014410847021197215e-01	-2.039401764211623558e-01	-2.657074139380556921e-01	-2.032739521659321091e-01	-1.871737031337395718e-01	3.408397777286426011e-01	-2.780152203288349666e-01	-1.223540620069641233e-01	-1.508238524659727409e-01	1.263102643899390864e-01	-2.764246776144888562e-01	-8.816718060946969471e-02	6.727957485647359515e-02	-1.483103518228282569e-01	-3.356648196262435602e-01	-1.948052644150274210e-02	-1.844689713034223799e-01	7.201165727395397731e-02	-1.484760867506209649e-02	-1.664805106580590638e-02	-2.767321257978732491e-02	1.671891743396331509e-01	-1.047436981310076454e-01	-6.174168642690364313e-03	9.472783550067905012e-02	-1.515176939206308304e-01	1.290031617730099389e-01	1.985580480147422847e-02	5.886818585067869758e-02	2.843421494322634011e-02	2.354932201406688408e-02	2.024972992207404454e-01	-1.939093432565661829e-02	-5.168757823970756421e-02	-1.240007278479634753e-02	1.854566583696935778e-01
-9.592193705296667705e-01	1.252378623869265351e+00	2.926949897384938937e-01	1.181918169901874371e+00	9.525750811916457172e-02	7.570085453617854121e-01	-7.399985118045735444e-01	4.321368190605333615e-01	-1.087596687491824365e+00	-1.640756713657679500e+00	5.088606497826837494e-01	9.253230960513290082e-01	9.210323572919631996e-01	-1.629770246514673726e+00	-6.355654657572252786e-01	-1.783994430871277181e+00	-2.283384646802700813e-01	2.535883498557959248e-01	1.126116030885727204e+00	-1.141798970257924123e-01	9.247660499765226749e-01	-4.260911201625328104e-01	7.507691532091684827e-01	-5.648404525849997082e-01	3.904005369156625660e-01	1.979386090639817797e-01	9.023711247391661416e-01	-5.031699327539601585e-01	7.082158506198930892e-02	3.302221220628920317e-01	3.251148390428000579e-02	-4.625524144021454093e-02	-1.043430108009371360e-01	-3.267848760099645866e-01	5.414440504482732619e-01	-4.727507098583408340e-02	2.114756756114853087e-01	-4.338557737776549961e-01	-1.003436052679839846e-01	-9.553453142955653510e-02	-1.840059891680456416e-01	-1.864530772751010756e-01	-3.128872047637922260e-01	-7.116896041384128679e-01	-2.010461268101218779e-01	-4.496608449464001844e-01	1.367648444516018913e-01	-3.640297341236897188e-01	3.872117859351641433e-01	4.969975893112938553e-02	6.319313252867157782e-02	2.681565845128022763e-01	-1.962655971417728504e-02	-7.825671598640694671e-02	1.133957279058186995e-01	1.809250846738114649e-01	1.528962996221782111e-01	1.871237717740792117e-01	-3.224549965833271165e-02	-2.080704409631312646e-01	-7.038433914764198607e-02	-2.474380461579455681e-01	-1.366196561750086247e-01	-8.821030329083552612e-02	-4.697955726640216101e-01	-4.474095944834038385e-01	-2.192144326344730443e-01	-1.611631722690455293e-01	2.645753998256694661e-01	2.383448905945444729e-01	-2.220091111008818674e-01	1.040335978170512689e-02	2.785468507155380302e-01	-6.579326780404012864e-02	5.402268077410910668e-02	1.814506374102622943e-01	1.105988419407118312e-01	-1.033052683199424948e-01	1.886369558810822855e-01	-1.601629109711985230e-02	-1.108972851621867206e-01	-1.511190623787758980e-01	-1.062013638116414971e-01	4.822617960168311124e-01	5.730957896927611761e-02	-7.170801426516508481e-02	1.520968014242483624e-01	-1.642717856468516313e-01	5.266257595903772737e-02	-4.124614066238241894e-01	-1.069899687007214301e-01	-1.129943414538037705e-01	-2.852273938307621839e-02	1.380484360637184993e-01	5.625105527762976759e-02	1.682239441164069538e-01	2.297654810950888193e-01	-1.717311441986176523e-01	1.336655857021396554e-01	1.130911763465258790e-01	-4.705341266303707248e-02	-4.154151872543884738e-02	8.114817323856697573e-02	-8.653600660805528533e-02	-1.421620304428952708e-01	4.628102331529029140e-02	1.014914410539713152e-01	-5.684021800848385042e-02	8.741770007614521609e-02	-2.146963739880984323e-01	-1.298632818577481196e-01	-7.330437428981130543e-02	8.648639975831902763e-03	7.624043078336920076e-02	1.122599404623164099e-01	5.998052179180043963e-02	9.548907378081833430e-02	1.458258770184487352e-01	-3.397530988440296273e-02	1.457520519148013394e-01	3.270534789777020390e-01	-5.960106280388181854e-02	-8.742564236774014175e-02	5.270917924667670174e-02	9.100297876579673678e-03	4.199744150606685156e-02	4.795856733979685094e-02	1.686085521794031261e-01
-1.271150869778505443e+00	1.384378248820324453e+00	7.718541655065155882e-02	9.537760096341575400e-01	7.174575017340761862e-01	-3.224488774424479343e-01	-3.054101077071798565e-01	6.553526267933668104e-01	-6.577171035989472225e-02	6.372855142843696363e-01	-5.144608326584760860e-01	7.381650663215540975e-01	-1.707454470043371642e-01	-5.393535748550999376e-01	-1.296926983865614724e-01	-8.440227251495349137e-01	2.866446666138703359e-01	7.396958518659048076e-01	-1.502295502718253573e-01	-6.278244333064956217e-01	-1.380368997733137371e-01	8.245756144473880278e-01	7.503024388827131963e-01	-1.076582427671665260e-01	-7.269346114611622278e-01	2.204941948795443030e-01	-4.039006735849806629e-01	-2.091582717009035919e-01	1.981421936280073626e-01	-1.990392749375475070e-02	-5.710030088844747498e-01	1.539120016819469916e-01	1.102841057264338565e+00	1.794898334610802726e-01	-1.677570551232440092e-03	-3.472083566514568842e-01	5.289482427192428171e-02	1.718847383968589160e-01	5.177740176463942190e-02	1.795937071366232318e-01	-7.295354859520436497e-02	7.197744457798004036e-02	-1.846636887789088743e-01	2.436114985266581712e-01	-4.033370001820091866e-01	-1.766817581382432167e-01	-1.225133065105512148e-01	-1.400974234333987323e-01	-3.225908222338232378e-01	-3.495620960200549465e-01	3.620584857209910856e-01	-9.973336300902364837e-02	-2.965625467548962946e-01	-2.327545564530012767e-01	-5.761098121711084874e-02	2.849750981894987045e-02	2.394123270710321050e-01	8.422624997114798451e-02	-1.156518574781212061e-01	-8.406676989027914160e-02	-1.819130086505029165e-01	8.658606417993154614e-02	1.418184659029689265e-02	7.055819156910250745e-02	1.463035468054598165e-01	-6.111454402597375768e-02	-5.590300422982529271e-01	1.867684075680382805e-01	-2.043961433401778396e-02	1.072540998434469428e-01	-9.159248654820692503e-02	-3.460852174145111482e-01	1.132708412721491614e-01	-9.387487877952960247e-02	-9.620417908047292077e-02	4.916348845282030727e-02	-1.584803698328449417e-01	-4.397446368195981337e-02	6.699778754583171625e-02	-2.113983156313133938e-01	-3.826490371138538404e-02	-1.121203717370023029e-01	-7.749030828494335443e-02	6.930774214514298648e-02	-3.838021420942226009e-03	-7.941425257174662689e-02	-4.361304467447992689e-02	2.055700140681236687e-02	-6.889750785426122792e-02	-2.055605757473469575e-01	-1.793642154737941363e-01	7.992712612200107702e-02	-2.511982258233038112e-01	1.901174035725092804e-01	1.339955099300899899e-01	-1.115668946185307958e-01	-4.227599090731708892e-02	2.731536920522932288e-01	-2.533632685722002065e-01	1.170646518902275085e-01	3.178368948221134693e-01	-1.028550895625270356e-01	1.413180064160322047e-01	3.000419316164943534e-02	-9.126930453505617546e-02	1.830397106881761493e-01	-8.206794198733970147e-02	9.355551128052548571e-02	1.458581998538383273e-01	4.161777438746447344e-01	-2.309896092993875272e-01	3.034950937692724310e-02	-6.076943631774343185e-02	1.334413409979478271e-01	-5.859299572230423220e-02	-1.395243238119716345e-01	-5.700212281288923218e-03	-1.554375390670952317e-01	-8.681161068434295469e-02	-1.351104979227965852e-01	2.735044416747378290e-02	-1.267691238436138013e-01	2.388005975248470025e-01	-2.412747674183379765e-02	-2.003371294078765130e-02	8.042214515358922511e-02	1.464153974147897885e-01	1.299544888626681938e-01
-1.379956178724733418e+00	1.349153984837935472e+00	8.685742220933388991e-01	1.780181073956256910e+00	-3.848259196288755235e-01	-1.083393223281533091e+00	-1.363550609170058880e-01	7.608770371062962834e-01	4.403716200781019330e-01	8.124466093845682524e-01	-1.075717186181594620e+00	-5.430243216062206058e-01	-7.109100335726934450e-01	2.265028307245419148e-01	3.940341741735363668e-01	-3.552521611842144877e-01	4.125629377464671843e-01	-1.389248609955044123e-01	3.773880732949917438e-01	-1.938525270158827085e-01	-1.282525389110080183e-01	5.124302642960595344e-01	-7.721878902747939498e-03	-1.590386660308435729e-01	-4.945980623382590369e-01	-1.432848397448387434e-01	1.306664221707515283e-01	1.094523420162799854e-01	1.235575538571091758e-01	-4.757159355448457028e-01	-6.289361969603309011e-02	5.873289024070739162e-01	3.294405606622785032e-01	-3.483182333974121220e-02	-1.778529353283362924e-01	-3.594305185215931342e-01	2.664653067561787991e-01	-1.385351007800425804e-01	-5.363091469433922676e-01	-1.209461542647042726e-01	-2.595283127539871337e-01	-2.822957067069378767e-01	-1.174179730743597078e-01	-1.307717638543021144e-01	-4.333222320981203746e-01	-1.125028658874387688e-01	-6.688047322442319809e-02	-3.439692001578182334e-01	-3.552907124940585248e-01	-1.829878419360762842e-01	4.080037887101242156e-01	-2.316931047665588828e-01	-1.312717426207286597e-01	4.567720576824155221e-03	1.758699271059286917e-01	2.917922740556358474e-01	3.349586431600154457e-01	-1.936307902231214073e-01	6.471210837145188743e-02	5.810843622106547091e-02	2.449574169871012591e-02	8.715323719077283648e-02	2.663028757476312292e-01	-5.788481778990457044e-02	2.787566172960525765e-02	-1.781364131690615915e-01	-2.210074340951464211e-01	1.487796910936109995e-01	-7.647869593643312307e-03	2.506590916322321699e-02	-6.035200852551159817e-02	-2.680933802522546261e-02	-4.017544010503956015e-02	9.047414150723463722e-02	-1.369243314836874892e-01	1.228836201159704961e-01	6.830740145171658451e-02	3.615356764918639405e-03	-5.759632572202866979e-02	1.457280563034364304e-02	-1.363960714448063938e-01	1.051210501754772653e-01	1.585522325594243553e-01	2.954389353435414867e-01	2.605955753018871501e-01	-1.319147977066557620e-01	-4.265749977325527381e-02	5.209298483524691520e-02	-5.037216565227740916e-02	1.460938589930307896e-01	6.954168009152278396e-02	-1.387418611201756691e-01	8.788019606956992691e-02	-1.115888590480050985e-01	9.670692666163001328e-02	-1.602157454173347201e-05	-1.676778255027261411e-02	1.829046275327429749e-02	1.073684595013940368e-01	9.917460284543648530e-03	4.014862988410746597e-02	-1.827018259854531201e-01	1.666366563762033126e-01	-6.616569766514561468e-02	-3.839615690870984976e-01	1.397567653466275095e-01	9.317921566649718657e-02	3.264421137426901792e-02	-5.977747102432606763e-02	-1.674675509098432977e-02	2.858608626225122087e-02	5.241836915980040146e-02	1.962833693285400208e-02	1.397934849150379334e-02	-3.745629553599547773e-02	-1.121674665238022311e-01	6.682643353059257441e-03	-1.991539968557697049e-02	9.339394735614550691e-02	-3.215999512963351598e-02	1.725797522557729344e-03	1.049755850974163490e-02	-3.608999509563376191e-03	1.697183857051184561e-02	1.309243816704830539e-02	-1.385522006359238834e-01	8.206741431801402309e-02	-7.582660963669826670e-02
-6.521633088243237175e-01	1.169773470006475247e+00	7.787273239610315034e-02	1.183278907985464423e+00	-9.661302683221749676e-01	-1.073805938917254954e+00	-4.849583348879320521e-01	1.042451546435520626e+00	9.553757300791324014e-02	1.757807990646257590e+00	-9.418209326777033930e-01	7.511705533531484735e-02	-1.574760328044373936e-01	1.952907343337981910e-02	8.381349650481317859e-01	-2.835607977825693182e-01	3.196210545026647448e-02	3.148749190449626201e-01	-1.574564201674697739e-01	1.362858762158490056e-01	1.744089033227326224e-01	3.602760756591555924e-01	-2.163590798017509531e-01	-1.053798436240611092e-01	-9.432237506833882068e-02	1.793440843114582975e-02	-9.090460215777387831e-02	1.538782586187853185e-01	8.102830891175299977e-02	-4.062031730057148460e-01	3.321568852003515260e-01	1.405674609550324264e-02	4.645244170992093857e-01	-2.546943345937136560e-01	-1.892480656099729264e-01	-3.215644773792092903e-01	4.919708675709473233e-01	-6.187271195574547272e-02	-5.685968838279852333e-01	-8.029629179270687811e-02	4.087618171342664863e-02	1.054728120839870664e-02	-3.273853348260331031e-01	-6.310689638444785809e-02	-2.750528538163863890e-01	-1.909769410818751567e-01	-2.867521628397677880e-01	-3.536732755349966673e-01	-1.816667219847014070e-01	-1.748581708329854101e-01	4.130749624049767643e-01	-1.992404208495554552e-01	-1.077572510740271716e-01	-2.852157488339501432e-02	2.916065173608977101e-01	1.124188677618430804e-01	2.810401073160719299e-01	-2.424188667346383608e-01	3.194742704393935817e-01	4.976504345233649651e-02	2.130811496348543332e-02	-6.284955726046495550e-02	3.289845487638547450e-01	7.240039151965110831e-02	6.507060039884640656e-02	1.363498798429595323e-02	-1.351730173248522071e-01	1.227131764432061040e-01	3.340483080622672768e-02	4.089510555192440305e-02	-1.809350208876379928e-01	-6.709796701147031917e-02	1.700213532876531652e-01	-8.864613018264617950e-02	-3.473695602720548448e-01	2.086420579165594313e-01	8.346099326605263546e-02	-5.590923010336329435e-02	-1.360692851918196278e-01	-1.312387946016209117e-01	-6.346370461974387700e-02	-8.976926959645056825e-02	1.255868834171877946e-01	2.871374892688404734e-01	2.659385514553558663e-02	-6.527911937474717430e-02	4.297310377980363000e-02	3.948863883135229902e-02	-1.751106692228946438e-01	1.497265729519716149e-01	5.087684364759336580e-02	3.282911124341414671e-03	8.999945491667890596e-02	9.652270878597145332e-02	2.371826384219550277e-01	-4.428344300965227770e-02	7.370220515779437633e-03	1.773813618790496260e-01	2.563233662236030774e-01	-7.407611886850451466e-02	3.300611613076780138e-02	-1.757600145246369927e-01	4.417673683171400439e-02	-7.761037794820369387e-03	-2.729743191751032860e-01	4.954619740474031780e-02	1.685405536666955140e-01	2.477883753251279575e-02	8.819815509051961988e-02	1.279020623627923764e-02	1.102948184803743126e-01	-3.155602965002756582e-02	4.149625274714446171e-02	1.236324699579005315e-01	2.049601260382317297e-02	-1.174067401564784230e-01	3.471536431431792441e-02	-5.770425944500154336e-02	1.331155627394376706e-01	-1.359342850505758371e-01	1.548147527427790049e-01	-6.501303447535096425e-02	1.425957091191108750e-01	-5.156985365695217205e-02	-1.008906312960462792e-01	-2.511623300373213574e-01	7.671042028044708361e-02	-2.381364137672665679e-02
-1.166185243910932812e+00	-2.874631104327324049e+00	-6.853401932313935019e-02	8.248457632919269367e-01	-6.924601053341431500e-01	3.559879882785144112e-01	1.144667466787106513e-01	1.618803940077052639e-01	-3.513775391779893620e-01	1.050647140977789412e-01	5.262687352897825743e-01	3.501265723453427237e-01	-2.109178952609726543e-01	1.346314653659729244e-01	4.154747356399176583e-01	1.533366543948319061e-01	2.333271899729951193e-01	-3.485222559172244661e-01	5.906197083824626937e-02	-1.917876904621809431e-01	-1.868824779430340588e-01	1.925658886154785476e-01	1.518698845455296320e-01	-2.182162127349064895e-01	1.496608290666160967e-01	1.418815437105263103e-02	-1.882194425442071661e-01	1.415339287582845773e-01	5.213147737238534724e-02	-4.563953338925954006e-01	2.178412801880176553e-01	1.637357257839826274e-01	-2.935781231271571978e-01	-7.276218664444822348e-02	-2.125791387560808654e-01	-2.147065324663039176e-01	-1.024947795262458328e-02	1.569217532708356011e-01	1.290232962203996803e-01	1.397658582071650557e-01	1.089365240522287281e-01	1.935469028344781739e-01	1.700151407894524153e-02	5.367570258365070290e-02	6.130583641096497977e-02	-1.517092894774053624e-01	-2.296563569617617873e-01	-1.559744195884162909e-01	-1.323362511415995812e-01	7.212242738265120523e-02	-5.100873944564893875e-02	-3.668687744164727399e-02	1.291781177900727384e-01	-1.904462187668383780e-02	-8.746080013689178090e-02	-5.717054912078305823e-02	4.245595972359307579e-02	5.799735629755183031e-02	6.657788399995469286e-02	1.579765717187524288e-01	-1.943155448391637174e-01	-1.626876239380794786e-01	-1.640926265708941498e-02	-8.990336793383572889e-02	-2.872089434258182084e-01	1.242283310530928747e-01	-2.029690234558213513e-01	1.459373097726263668e-01	1.027946362452817133e-02	6.755086033503626686e-02	8.807593160140696209e-02	1.036976965490926314e-02	1.381840566005644588e-01	-3.184826204882162948e-02	3.628911176810405842e-02	-1.328367679440771269e-02	-1.738059272053545379e-01	8.526219282773238317e-02	-4.441452690941777304e-02	-1.197045915343287886e-01	7.607908654736991738e-02	1.952451132863219085e-01	-8.165995215250403116e-02	6.636220580495545696e-02	-1.583685099660183575e-03	-3.529036271389465046e-02	6.533807780755344907e-02	1.084044668733829819e-01	5.657805008758827470e-02	-6.709940463552952275e-03	1.088100750106714698e-01	1.525335268172481884e-01	-6.998401379423355162e-02	-2.098961378674381595e-01	-1.903775709996444535e-02	7.013179666023192788e-03	-2.652705429830473985e-02	1.631569668811978235e-01	-7.432899726052949463e-02	-1.379500231128738819e-01	-3.737700055377321529e-02	1.184820438332434139e-01	7.492410452695896783e-02	-7.011440902007981535e-02	-1.652274132805565954e-01	-3.717000065611302667e-02	-7.842441377349655685e-02	-4.093941108688107372e-03	-8.668662026347118132e-02	1.065469395795837076e-01	4.286738978025927266e-02	2.650989076888121687e-01	1.380529474241574128e-01	4.450223792529139910e-02	4.269050281461583829e-02	1.692436010050084316e-01	-1.822890859552035725e-01	-4.902168285900558586e-02	-1.088115057847529737e-01	-1.111378365459781380e-02	-5.372751037046230929e-03	1.713676589214475632e-01	9.369293239243124682e-02	-3.470217585788996917e-02	1.454162912078190706e-01	-9.977841960165589885e-02	-3.283186757296728542e-02	-2.224497758625866017e-01
-2.244104582599376840e+00	-1.421234379160042138e+00	1.029719384192957499e+00	-1.292568200852893145e+00	1.151765788833990500e+00	3.380513599877296715e-01	-5.578496595823850823e-01	1.716057781849169017e-01	1.566323639195941864e+00	6.604712568926094374e-01	1.045710265134939670e-01	-3.976316992177064691e-01	5.503881535157747473e-01	-2.459440554349164865e-01	5.746777934516952291e-01	-6.171133746637776918e-01	-6.433672705521925606e-02	2.267243001030900817e-01	-1.509884315164577717e-01	-4.707854379494568753e-01	1.598348614346372654e-01	-2.950739513389603885e-02	2.489861848284742329e-01	4.608551505222990285e-01	2.294995981134688723e-01	2.297063886399103999e-02	-1.290031561644278957e-01	1.736419245862981797e-01	4.699074379597587003e-01	-8.035823045631107497e-03	6.361108212631466641e-02	-3.401078570071032758e-01	-3.054899348058597863e-01	-3.433871307420990338e-01	4.760054583295610375e-01	1.198348229832215533e-01	1.455888359679964605e-01	2.848946752182207609e-01	2.235245574582255812e-01	-3.180042093549559357e-01	8.422487489373103875e-02	3.737994464698500725e-03	3.019435750068678037e-01	9.489738279433629353e-02	-1.156704410889446664e-02	-9.242511762203038661e-02	-3.461981642998497311e-01	1.415389053943556241e-01	-4.216134628752795099e-01	-3.457272327761785613e-01	-4.528935821746222223e-01	1.565697759422426671e-01	-8.409901976405959045e-02	4.709600516566259665e-01	2.311784883606958496e-01	1.456913105167413069e-01	-5.680097419267832182e-02	-1.908353004980808121e-01	-2.780115995284034858e-01	-1.843015864863735698e-01	-2.300485596260710697e-01	-5.790920996780348773e-01	5.997810523175061137e-01	-7.293668825342000672e-02	-4.995941669848575351e-01	-1.312125125268648607e-01	1.744186750805838959e-01	1.483028944216711331e-01	-1.776701437738447409e-01	-2.799351876070496625e-01	-1.109224810384048521e-01	1.134560896857297330e-01	-4.238069359823016385e-02	1.106766236236884741e-02	-1.000256049238505522e-02	-3.819583866662146221e-02	1.024867275184895149e-01	-5.542297300405442384e-02	2.077824188955950668e-01	1.062291590457357521e-01	1.083328620027376732e-01	-2.141854608715055772e-02	1.501615764306025447e-01	3.943731270319736915e-01	3.225234192288449764e-01	1.671145048719628878e-01	-2.053795188256105353e-01	-3.400745430196330243e-01	-3.286544946162447967e-02	-5.980291171547915535e-02	1.817414502074082838e-01	2.107784081261485087e-01	1.365789104650915742e-01	-1.695833564015091777e-01	-2.673143805029341569e-01	-1.363880681726892530e-01	1.230933476380138697e-01	-1.571798093494568005e-01	-1.140826285440221521e-01	2.653349527509252237e-01	-1.229208847110402208e-01	-1.289567818719875303e-01	1.987014295699464639e-01	-8.608727562567757008e-02	1.060253809927398649e-01	-3.708219338835745393e-01	-1.716796132382597539e-01	2.377808955991559184e-02	1.894387907968730078e-01	2.847673676779146623e-01	1.344215096377547602e-01	-8.793408706710956202e-03	-4.076605956430569278e-02	1.704172080282778112e-01	-1.711728197994397821e-02	6.687764687301533950e-02	2.207100715253625944e-01	2.136686975072573172e-02	-1.054191803937212096e-01	-1.634217947640758950e-01	-8.129784261601082085e-02	3.917262457467866194e-02	-2.030921481348345048e-01	5.081155914204285584e-02	8.055767887479886591e-02	2.796017743611833861e-02	-1.608817764316655685e-01	-1.258923132538776468e-01
2.733471427355215422e+00	-1.272704321526268112e+00	3.040786950970874258e+00	-7.231211374411304904e-01	9.401516272633828608e-01	-4.397305745529564436e-01	-9.466985192471873978e-01	-2.356176181617442578e-01	-3.360151817000571750e-01	1.331710377871640760e-01	3.244658341549237768e-02	-7.646375176220936432e-01	9.730843651106575454e-01	-8.174165970769314837e-01	-3.926614788070682538e-01	2.695327990749945557e-01	-3.442763000203225010e-02	2.082715217700840393e-01	-2.380376332187172234e-02	3.279539722999803147e-02	-4.548668599853962213e-01	-9.305945828187932312e-02	7.123512062126172717e-01	1.248819688587708837e-01	-2.174715017734724365e-01	2.037071117320532476e-01	-9.520075064511550333e-02	1.873792613798536955e-01	5.253347391895828444e-01	-2.864347203761002936e-01	-8.547666303070930449e-02	-5.269992463616152145e-01	-2.486408805505455344e-01	-3.686582668077538760e-01	-6.490345860693227942e-02	4.204686841184909762e-02	-3.087386444174057033e-03	-2.342924198353197804e-02	-1.429070866117456984e-01	-2.330732888543811665e-01	5.161266227250359551e-01	-3.815445701476162799e-01	3.336642989216459521e-01	1.455177932727381440e-01	3.937645110131998694e-01	9.785714894665922814e-02	4.556206670283240168e-02	-4.138873859678809941e-02	-5.609230512882045416e-04	5.353857235895259636e-02	-3.478443889992262616e-01	3.040467226914091436e-01	-1.000335698322993294e-01	-1.101866449418752031e-01	2.169143207795148909e-01	-9.605904414797426794e-02	1.324123381464587801e-01	1.450159942966009197e-01	1.073163322282473103e-01	3.851850584281584639e-02	-1.849102364678224530e-01	1.460847966723274605e-01	-1.371170787096447630e-01	-9.232247266832806221e-02	2.970908081968914316e-01	-5.101240028755644335e-02	-1.987743418094969905e-01	3.515576005818314975e-01	-1.909137992927278371e-01	3.847607197017164360e-01	-2.748586791621113190e-01	3.174796585828512652e-01	2.136415526090333916e-01	1.617771745563465757e-01	-1.726939207106505114e-01	-3.588897189943803800e-01	-3.675304531318554502e-02	2.896498492807763614e-01	-3.759067603548851139e-03	2.211108051396191154e-01	6.358879893604667266e-02	-5.023915870140243517e-02	-2.576977168147340236e-01	-6.350358682045352532e-02	-1.910966593929884771e-01	2.707819885712562380e-01	-4.055991302917403424e-02	-1.789309415668985381e-01	-1.823309277646331314e-02	-1.932021075035929986e-02	-6.495722579934121166e-02	2.924367706554150681e-01	-1.421143009893888753e-01	-1.354645919673085064e-01	1.174755407118192596e-01	-6.112157343754289623e-02	-3.142713375207525917e-01	1.726714713371167165e-01	1.505515046856338857e-01	-1.500520554456567226e-03	-1.814912707373706746e-01	-1.493848498644489986e-01	2.905262535341429642e-01	-1.192438970513383240e-01	-2.825550382631252244e-01	5.096863250841317944e-02	-6.950618924392107378e-02	1.226579060581600850e-01	7.127603691898759357e-03	6.794123672563961991e-02	1.547089069856537324e-01	-1.014422150709482356e-01	4.009986018659907059e-02	1.328899254376512684e-01	7.640098300316256787e-03	-1.114840103406873895e-01	2.766066836423334840e-01	-9.301996867017485460e-02	1.247303590941956086e-01	-2.243652531181389645e-02	5.357472065944634404e-02	-2.004496524063772434e-01	-2.502730137138768109e-03	-4.225132239332635847e-02	-2.240295719586818737e-02	2.511733476485462566e-02	2.458446468665014678e-02	1.438034471524489155e-01
6.663895921813831613e-01	1.242010328456671697e+00	-2.200683177024425508e+00	3.473338699484880832e-01	-5.473285010790356342e-01	-1.957048428191009437e+00	3.339776395491727556e-01	-4.384966190400390040e-01	6.635191930894663859e-01	-6.466824009542957441e-01	7.807566758726884881e-01	1.401848461472884111e+00	9.783188630519258633e-02	3.491356567039918812e-02	2.356167799987251843e-01	1.424928760476331213e+00	-9.757571810855774075e-01	-3.689786849345991770e-01	-6.382921858127946768e-01	1.800430162310982518e-01	6.280610120917410333e-01	-8.995021788159844878e-01	1.243468020477404901e+00	2.866736965064490272e-01	-4.416908018047269180e-01	4.712489185836983285e-01	5.573280586086142296e-01	1.711401323073932890e+00	-1.853972961780128437e-01	1.498269004379936264e-01	-8.311665922143955942e-01	8.768762510406907795e-02	-5.463592727712542896e-01	9.891710401131431629e-01	-3.214989088916823112e-01	-5.921900488455025258e-01	7.998672850546048041e-01	-2.309989600782821340e-01	-7.449590471430715954e-01	-8.944726678058029234e-01	-2.263004142183965006e-01	-1.828447931926459880e-01	7.267058205457424536e-02	6.512750747232373127e-01	-6.526387228817912556e-01	4.645965308892514023e-01	-2.596755425821637986e-01	-2.807736780236235186e-01	-4.552693133466122477e-01	-7.981260069236212340e-02	-5.004661649826290803e-01	3.226298181777626506e-01	-2.650178246269402349e-01	3.913799263123808880e-01	-4.319056940353769303e-01	2.971521567755682214e-01	-3.889790878253531203e-01	3.741031296750577800e-02	-7.971849431897749805e-02	-6.405835429924559010e-01	-3.565981691630803474e-01	-2.692513925804011499e-01	-7.282351715477440590e-02	-3.182584414051390365e-01	3.766116287747490743e-01	-1.507155280318465129e-01	4.701285532080194951e-01	-2.977708796396931479e-02	5.195487874784467941e-01	3.475273164985854257e-01	4.411840020933818218e-01	-1.600303478480831765e-01	1.207580603529096741e-01	-1.239930324490129410e-01	-5.951741692186687284e-03	3.968139996396138347e-01	-1.572476744816301564e-01	9.789571059328193436e-02	2.807631404423506227e-01	-9.080400552319285723e-02	-1.604516603627974963e-02	-2.980901802298922543e-01	-4.652515977637757261e-01	-3.149473810193618994e-02	-6.242250181226464273e-02	-1.090472769272301246e-01	4.320214936213813695e-01	2.478083903259424570e-01	-1.457585414186706452e-01	3.653710253408381514e-01	1.629100646562575416e-01	-1.042020352432025815e-01	-1.096988859923853643e-01	-8.664084342691091845e-02	1.782823565452076320e-01	-1.982974429046608922e-01	7.099748993233381301e-03	-3.572517446942121144e-01	-6.611704603247989254e-02	1.876647008459686461e-01	-3.288407019096110245e-02	1.058901789986124997e-01	-1.754194577825597956e-01	-5.471690399379499498e-02	-4.499176529598479350e-03	-7.631737385111261873e-02	-1.325163602540140872e-01	-1.015227964765720581e-01	8.766567277637489497e-02	3.267572628010866759e-02	-1.426514933037210248e-02	-8.133477768035593525e-02	4.560865941129235018e-02	2.606306150693720250e-02	5.829800863824502466e-02	-7.431197982830667348e-02	1.240337943072705729e-01	5.343686162119129501e-02	-5.042723053327046595e-02	-1.439698529752188871e-01	-1.266120494110663797e-01	-1.009878642703936208e-01	-5.635758533281300109e-02	-9.287266076109566837e-02	-1.278359547484609893e-01	-4.530259797827500268e-02	1.138599577176520605e-01	5.630659914749087253e-02
-2.017524324012835546e+00	1.347344471543801214e+00	1.322208763985115887e+00	-6.038338774048455093e-01	-2.732850484390100254e-01	5.599466224905769174e-01	-3.119053096370780764e-01	8.811541337803684426e-01	4.762086783782438770e-01	-1.334472785433513664e-01	7.953504220839109282e-03	-6.748498727765516181e-01	1.647647137160429542e-01	-6.864349930018934787e-01	9.206036721064098094e-03	3.143883496396264743e-01	4.834831940756038060e-01	-1.241787833795907486e-01	1.381138255223392231e-01	1.574549283583062120e-01	2.579614074325181083e-01	-5.721020295443329101e-02	-4.618262521606704141e-01	-7.698929537392743550e-01	-3.797561198855567977e-01	-1.800364528145490250e-01	6.845163307275559106e-01	1.609117498731645612e-01	6.120881581861644521e-02	3.733143019906527416e-01	-1.717839424643657908e-01	1.657688667126255844e-01	-1.030868911968679108e-01	-2.797816334778919778e-01	-1.906968696257979948e-02	-1.900303109754542807e-01	8.462821663553017626e-02	-4.175363825990927730e-02	-1.371576611147342084e-01	2.468746518834147308e-01	-2.133652040768019842e-01	-4.617296595792363956e-02	-8.732576894763229014e-02	-1.626250793958120555e-01	1.342429418173942401e-01	-4.543861443631871250e-02	-2.223679422865268707e-01	2.356508968208376742e-01	3.815547566567541182e-02	-1.090176186587674539e-01	1.924267286127163412e-01	2.690394581871670132e-01	-1.531363668105108766e-01	3.902681143775844907e-02	-1.360525338116875815e-01	-5.430991276840323179e-02	-7.168114971364630827e-02	-1.320201379674136033e-01	1.749302880487149103e-01	-2.629596763962179645e-02	2.377450956872137477e-02	8.540976011324431447e-03	-2.262432617981311456e-01	-5.139284132025008500e-02	-8.220051439486994460e-02	3.419550056309134806e-02	-1.741783661629565938e-01	-4.675414002933951374e-01	4.109934833598489351e-02	-3.953028692909902470e-02	-9.196515697822901791e-02	2.458740503269827016e-01	-1.284622499394516282e-01	2.493182328790036761e-01	5.041113299482581633e-02	-3.137981261072003702e-01	-1.770293077427714523e-01	2.921211817243650755e-01	1.484114107982448250e-01	-3.578246120413222653e-02	2.267260236681843122e-01	2.783498925126887819e-02	-8.010141501078607562e-02	6.229578877905411066e-03	9.202049793833498581e-02	-7.071574378570197328e-02	5.413068558793635542e-03	-5.802362558835240380e-02	-3.095123028355301065e-01	1.081085041365669880e-01	1.044579292428696182e-01	-1.513183953425432937e-01	3.230418819615012149e-02	-2.717134920986092328e-01	-4.248854227971147340e-02	-4.839676897987486154e-02	-1.220947531922124685e-01	-1.701261357662988208e-02	-2.302666556915823060e-01	-3.639107511523745342e-01	6.308959892591679830e-02	-5.103667701604613915e-02	-3.873812768517417848e-02	8.594827724413620085e-02	6.042323207665874912e-02	1.778221453085943593e-01	-1.383884084323019348e-01	1.570529095892186089e-01	2.334698333415216043e-01	-1.495474085507678998e-02	-5.740730160964256645e-02	-1.847134666102447920e-01	2.156869904682799099e-01	-9.026802706175077184e-02	-1.426853645675299313e-02	1.015186128570612634e-01	-2.439418349365309602e-01	5.112775744900240060e-02	-1.388239058365735024e-01	4.039530637016124082e-02	-1.631599829686127545e-01	2.104516590506393808e-02	-1.918802567876212173e-01	-1.410485666880512690e-01	1.131906462483647530e-03	2.162276416992916714e-02	1.243401349552005928e-03	-1.680596065253930210e-02
-1.394700506483714353e+00	1.186172297442078749e+00	6.933733751445693150e-01	-9.078200814884345160e-01	1.243690026862596804e-01	9.250011666404669430e-01	7.640621067239252717e-01	3.924904012479701887e-02	-9.598063476441731634e-01	-1.203944965619653473e+00	-4.538710877010186939e-01	3.053416700216457502e-01	-2.249467484121308591e-01	1.003452623234889207e-01	-7.007721344915567030e-02	6.431572974027267853e-02	-6.818090948052816236e-01	-2.053274247657420892e-01	-2.542219553800271759e-01	4.609529021877264293e-02	-2.923390155759491571e-01	-1.146825210607887134e-02	1.899743343496092529e-01	3.073619547753938530e-01	2.774499211338469218e-01	-3.987126827883966801e-02	-5.578703413710691672e-01	1.636186605619477374e-02	-4.290025800922266930e-01	1.578698203641843434e-01	-3.338420231125038828e-01	6.740091115889379481e-01	1.853007910605988795e-01	5.309060576925175162e-02	-6.840009613059594429e-02	-1.417543815430427345e-01	1.354968732643755946e-01	1.379759099993100313e-01	-2.143243261995154691e-01	3.192405192596895480e-01	1.910880684888800196e-01	1.167663456998042776e-01	-2.051065086930347614e-01	-1.538980273963049678e-02	-3.223245256404558279e-02	4.547228847143177516e-02	-1.258347828602227048e-01	-2.318505063028469815e-02	1.267834755811240166e-01	-2.060252436743399140e-01	-9.512666736681714419e-02	-1.107269507418641857e-01	-9.839380143966789879e-03	2.274900495257793295e-02	-1.698355728637301193e-02	-1.482089694422252663e-02	2.337058351582972648e-01	2.697596497918365310e-01	3.056618992534650969e-01	1.026989659305018246e-02	1.986589719053968583e-01	-2.357315612385718073e-01	4.847505088554179137e-02	-6.780628382317756275e-02	8.462557091305054771e-04	1.030981526871313225e-01	6.651488909067754252e-02	-2.948863671185972812e-01	2.133257965257041866e-02	2.572870801734616561e-02	-1.630295965110585277e-01	-1.448516922054055300e-01	-8.885224450817939129e-03	-6.363348708528977771e-02	2.569479466064876136e-02	-6.310487345428161809e-02	8.588435937937850817e-02	2.591772899943618064e-02	-1.227910854116663272e-03	1.345568025603432194e-01	-7.912414862025236861e-02	3.073425347130616658e-01	1.691906521593418422e-01	1.925183427808822290e-01	8.530699521224360815e-02	6.482647308901884342e-02	3.274845845420890078e-02	-4.490977361180731320e-02	5.258810785584797781e-02	9.862722072743866641e-02	1.563611693266891978e-01	2.133590514832878482e-01	3.859277340004720752e-02	1.278735600582159293e-01	-6.897757389585483512e-02	5.907677798764556648e-02	6.838328097486291723e-02	-6.848224202194153065e-02	2.875070605852651090e-02	-1.153713292184986167e-01	-8.271595993957416015e-03	-3.025808848104626358e-01	9.091479003303873374e-02	-1.401153046034758209e-01	1.567084833153751799e-01	-2.663564052346595150e-03	3.561405333992996580e-02	7.333072664943393604e-02	-2.177977585583623643e-01	-3.704231718717938132e-02	1.766069353265535546e-01	-1.268481200181220125e-01	-4.873136467987201903e-02	1.426008265600406943e-01	-9.204067115824360323e-02	-5.010113802498537827e-02	2.884473166955098811e-01	1.897398373333480104e-01	1.071028500891688662e-01	-8.435209607861992448e-03	-5.977509888579353448e-02	1.982321899728622938e-01	2.507622702635521270e-02	1.926832257850876473e-01	-1.368984451140406178e-01	-3.129419544332601166e-02	4.954005640919247749e-02	-6.520484435864279393e-02
1.631374016759395085e+00	1.290279636865835577e+00	2.562129291489822158e+00	1.425570942700986887e-01	-5.278994074484503335e-02	1.517180111274769372e+00	1.202408103075118806e+00	1.897885016442141692e+00	9.671850042658310109e-02	-2.259432743042949221e-01	2.515132489405951799e-01	-1.059153504361096010e+00	-4.675023691359177919e-02	-1.255644761415868615e-01	-2.167352598254398965e-01	5.561438431320887554e-01	-1.763173539930208977e-01	-4.151218859845760556e-01	-7.360341982698068719e-01	6.970435955006838435e-01	-2.263059409775111108e-01	3.610453026765356437e-03	2.524348434467631463e-01	-4.052300173541267814e-01	-6.499666378656061561e-01	2.051460840945770470e-01	3.657276904894389280e-01	-3.519673386402454862e-01	1.946337033555279039e-01	2.463928483821320459e-01	-6.043352548079146125e-01	4.286298812070192255e-01	1.108627332077753713e-01	-9.867383322809245016e-02	-3.130764560507426353e-01	-2.104614221260058260e-01	-1.297024732184753615e-01	-4.006666058315493106e-02	2.148403479166701227e-02	-3.299619155042268770e-01	7.677268134049100579e-02	1.244634784549923795e-01	-5.984122624163979998e-01	-2.495940776109647485e-01	-2.019085229836466711e-01	-1.236902231057200319e-01	-2.729353922795502846e-02	-1.840720384760818895e-01	-8.822258085558122576e-03	5.103677743439374304e-01	-2.253799245386949313e-01	-2.050917391663070743e-01	-1.349063288830418539e-01	-3.318786372276560370e-01	-3.892684151958331062e-02	7.707571575755002569e-02	8.616539293902042776e-03	1.188069875773951622e-01	-3.687264252981229395e-01	2.554388262711936863e-01	2.411134259161004309e-02	-3.561761625201662063e-01	-2.497436198119690753e-01	-1.471267652857527752e-01	1.643117324957094894e-01	-3.092124388216279662e-01	1.978038263097594285e-01	-2.316137263173529415e-01	-1.253991059218627635e-01	2.965174167622622661e-02	-1.202738433943634083e-01	9.329136493235974659e-02	-2.232653251908988390e-01	5.339375363485683590e-02	1.020680551864684010e-01	-2.301618708086755616e-01	-1.967134789212242607e-01	-3.299108950948158314e-02	-3.162380845177881206e-02	-5.739519017882891566e-02	2.629635652722318584e-01	-2.268374990148301976e-02	-1.001637286613824285e-01	7.372438430316489988e-02	6.320985342989063338e-02	3.602111455543994811e-01	-4.999251794768253682e-02	-9.575679217436856849e-02	-1.528447354259801494e-01	-1.472901800039336934e-02	-3.669133213785253367e-01	5.037637179898941941e-02	5.998628915270116241e-02	-1.155492030879332194e-01	1.626643165669055813e-01	-4.977955733661426803e-03	-9.949653688407704422e-02	-2.252559931952355377e-01	-4.510734948411627976e-02	-2.077047557185662252e-01	1.401600358863724638e-01	-4.696959400632703951e-02	4.134979224119002435e-03	-2.676083008323040247e-01	1.119204132186146609e-02	-2.299210615814748296e-02	4.866583610506756974e-02	2.655416558000495836e-02	1.230320434926638340e-01	-1.710102184258183514e-02	3.517154899225239523e-02	-1.163212229271800603e-02	-1.441101109924026735e-01	1.368835356163997929e-01	-1.218117656615453903e-01	-3.734500630215349948e-01	4.845446985615903951e-02	-9.994834500972100966e-02	-5.875651298932072636e-03	-1.099885089831976609e-01	-1.991446306243118206e-02	6.399317527747133694e-02	1.694574480350241608e-01	2.425001356693326227e-01	-1.201654434057099069e-01	-2.122074426508094025e-01	-1.347119238171611555e-01	7.037352850552147654e-02
2.198316044760209031e+00	-2.527634462887904832e+00	1.666446613267542176e+00	-4.604664355069616466e-01	1.167473580178187920e+00	-1.660940408136968652e-02	9.302943600126979407e-01	4.276884953690516245e-01	6.257486654984037999e-01	-3.735539084203459703e-01	-7.702326706002793344e-03	8.357520257896816629e-01	4.549824150803753464e-01	-9.634323397493772534e-01	-4.079962167659859085e-01	2.654833905853988263e-01	4.559301058673397022e-02	1.127786841331257728e+00	3.816373773297094263e-01	-1.659694254122712487e-01	-8.481736922615100704e-01	1.032932519230782831e-01	1.974677715678945789e-01	5.818457534063472547e-01	3.058815067370014851e-01	-2.615854737314614598e-01	7.289930013310228496e-01	-2.313742444418105670e-01	4.909339789249537733e-01	-2.792039065218213656e-01	-4.125085825300079390e-01	-3.518522990175213527e-01	-1.925733814169955371e-01	-1.287178410638033232e-01	-3.086420962370756693e-01	2.795758205452686940e-01	1.565911192241103977e-01	5.458409387846571148e-01	-4.525259278134831642e-01	-1.655147746730823988e-01	7.575730400675141363e-01	2.278843190445386802e-01	6.012053158252651519e-01	-3.131956677130798283e-01	4.740666942052201849e-02	5.653072862466423237e-02	1.387296867812750668e-02	-3.915835608434969362e-01	-3.523687543639010267e-01	-4.429845702819004694e-01	-1.768114328653922970e-02	1.498187215744573031e-02	-3.442082231607721532e-01	2.800332301194329854e-01	-1.572331854917179972e-01	1.524008249282055583e-01	-1.964616949264304802e-01	3.988410413480374811e-02	5.373821494694386303e-01	-1.987445896430910519e-01	-1.034843174386551878e-01	4.694027751540690296e-01	3.365300585376272413e-01	-9.208009034107692004e-02	-6.548462309304191320e-02	2.223174779306948678e-01	2.218713039352747385e-01	2.026577838071004153e-02	4.919126674539311267e-02	-5.850066910688612315e-02	-1.992886096127086948e-01	-3.747726159516686500e-02	2.061096470874936581e-01	5.159020426936054005e-01	2.218355128904344886e-01	-1.125606846857272469e-01	4.045979173613520885e-01	5.009537957821304233e-02	-2.372126326441388600e-02	1.376533275814836310e-01	3.735755881101459619e-01	-6.428737637951012496e-02	-4.703855921148534375e-02	2.919059607280516389e-01	-1.558050038548698668e-01	1.836435015619709288e-01	3.259541963671768738e-01	2.035739836097268940e-01	1.977987781634980013e-01	-2.998093437030064923e-01	7.085085805982331564e-02	-3.838864314771091579e-01	-8.444463267848870136e-02	2.285086262542270485e-01	-3.921267471053812015e-01	2.036531825024043563e-01	-5.371049821529143287e-02	4.146800681469115513e-01	1.229965030329481651e-01	2.311771588224353358e-01	2.623001518593337522e-01	-3.981842567585614501e-01	-2.002608667515618987e-02	4.356315686638419921e-02	8.510337050474355361e-03	1.405811461687447028e-01	-8.035895727043892989e-02	1.272268339450502266e-02	-6.510021265210672384e-03	-1.254796029385835399e-01	4.970646454642229511e-02	-8.985894226635374182e-02	4.032948818978422147e-03	-8.232388576194098195e-02	6.422608842585429689e-02	5.069922562044227865e-01	-1.173951915288571624e-01	1.265492582428001389e-01	1.410862193162694227e-02	-8.249080398317713836e-02	-5.659954320313217990e-02	-4.389396140857640405e-02	8.654451970380384884e-02	3.357735921065793105e-01	-2.867905664763801821e-01	-9.901239596131729270e-02	7.608141445445381658e-03	-1.522260685327581908e-01
1.692040367318873750e+00	8.521984441751589978e-01	1.550322453466594363e-01	5.550772392930466426e-01	-4.475188433784839659e-01	-5.836493286898496446e-01	-1.036828676103501490e+00	-6.600309834447598556e-02	6.551871431979677807e-01	5.493046211969379033e-01	3.754587220734475483e-01	4.180907225908978009e-01	-4.756706831495756405e-02	9.089974263950386657e-01	9.189317541941800505e-01	-5.817066522831558784e-01	5.126111315813566272e-01	1.715896978294355057e-01	-4.210080870063104830e-01	-1.734557118351606753e-02	2.015934701554914638e-02	-4.715016765547933031e-01	-3.174042372820103930e-01	-6.144492759416239624e-02	-2.085271404795753514e-02	-1.049238896657000153e-01	2.625753049066697001e-02	-4.012359760584426893e-01	1.123240328893772635e-02	-5.547375745501229583e-01	-7.579175750065313411e-01	1.560272757890118489e-01	-8.928891511370251610e-02	3.538653461475197992e-01	1.810213815989309138e-01	2.796608578808281176e-01	2.626879087641975294e-02	2.636206640521596700e-01	2.497106937171403654e-03	-7.863030085789850243e-02	1.094001852082925608e-01	5.899541770063312374e-01	-2.539402762707323458e-01	-3.508867069581563802e-01	-4.407171594176709783e-01	1.357935332615400337e-01	-5.240396650219023011e-02	1.801913753307417543e-01	-2.709224858237868627e-01	2.522682155756190148e-01	-8.619762923406544541e-02	-6.610834319542013837e-02	-8.499250501022800885e-02	2.718414022852138623e-01	-1.224646567255043283e-01	-4.091472057395745265e-01	1.897915963403802031e-01	1.786593612096198103e-01	2.076795648732613353e-01	-9.702589138863999818e-02	1.275083016691502535e-01	1.126526307859077314e-01	2.945862119826566095e-01	3.348906218158630987e-01	3.972370517598580730e-01	6.388857052109659929e-01	1.512839557637595533e-01	-4.096130850937246826e-01	-2.630041080315967394e-01	2.170191110865921924e-01	-3.441273568116851034e-01	3.901965314849071831e-01	2.066737548072192232e-01	6.086740846660622095e-01	-2.197080360233816254e-01	-1.473679459743465481e-01	1.652446699991513002e-01	-2.085425119148673345e-01	2.092787604823407033e-01	-3.039127377190810331e-02	2.329507014018877276e-01	4.092839879633328182e-02	-4.901863947309574587e-02	-1.460266446094585502e-01	-1.701814785363461868e-01	-1.005935543906877339e-01	1.131822524385575346e-01	1.174115870629152403e-01	-2.659293094593874196e-01	-1.537621614327165653e-01	2.219455322093061289e-02	-2.225321566883865232e-01	-7.964093317951777273e-02	8.137384497758405610e-02	-2.352877679295379762e-02	-3.503945572936443820e-01	6.046249731442936842e-02	-2.794790162711894288e-01	2.191911511628750597e-04	-5.110173980525768017e-02	-6.280626307598063951e-02	1.331317031563552244e-01	-6.756038474404035821e-02	1.337725238013902640e-01	8.051348107248884611e-02	-1.727286163565207311e-01	-1.499169725533620046e-01	-1.236852748206589137e-01	3.105946797299790618e-01	-3.040801771724709890e-01	1.645953400945824319e-01	-9.782029031861497193e-02	5.253700317764153915e-02	-8.669301788458809443e-03	1.283573363131964296e-01	-8.067514150346271479e-03	4.252607759817929323e-02	-1.726458675192817371e-01	-2.339507222604241266e-01	3.054278869659126650e-01	1.061416724189453847e-01	1.937611370716932693e-02	3.063338399990626071e-01	-1.889998264347783619e-01	-1.338021632929717042e-01	3.190588629073284194e-02	-9.192542572565944037e-02	-1.915139952986227301e-01
2.130367991523883564e+00	1.906821536285927321e+00	1.117871028813181677e+00	-6.956869162775504156e-01	-9.600580304291718159e-01	2.258454524614920800e+00	9.564461936933780217e-01	1.436605990757067630e+00	9.433389131944113215e-01	-5.373976714085838130e-02	4.198296006990069884e-01	-9.776511054976457782e-01	4.607435721329824485e-01	-2.513217921493639539e-01	-8.153107123920745325e-01	8.853993190015757575e-01	-2.293332052242679636e-02	-4.892732298322863271e-01	-3.034267866364006028e-01	5.619144860095286464e-01	6.032783136461541407e-01	6.107576179674005790e-01	-1.014667382599223483e-01	-4.793328504808563872e-01	-5.929934244346561911e-01	5.326795114506146511e-01	9.131326038336614603e-01	-2.461626355396700494e-01	9.629093482464649856e-02	-1.880773517856317578e-01	-3.620704765699503391e-02	-1.887988298985450453e-01	-3.178998271439983370e-01	3.605759556328956839e-01	6.798230662492370582e-03	2.219951188216747265e-02	-4.422683080102901010e-01	-2.312810367448504476e-02	-5.211981807448193976e-02	-4.693971660188953066e-02	1.569202217138630229e-01	-1.475143196731008299e-01	-1.983442025909571693e-01	-2.117630053334400644e-02	-1.611979379407749435e-01	-9.333793696528323858e-02	-1.742241333414888335e-02	-1.948118986118501372e-01	-1.254655781041151552e-01	3.272109396213988552e-01	2.518051048713118023e-01	1.189871175607220694e-01	1.484944999507488983e-01	-6.942789280679904085e-01	6.139930309997460034e-02	-1.759093654151680508e-02	-4.578862186942531110e-02	-3.732337959824837820e-02	-1.063281203800788000e-01	-4.884317821970580314e-02	-4.341397807915085005e-01	-2.024810761699857506e-02	-4.920407975752017493e-01	3.976808810919088000e-01	-1.891526278728308252e-01	-3.964594525710438133e-02	1.828205962755492520e-01	1.557592202145431926e-01	-4.296582706506212219e-03	-1.274877658167526406e-01	-3.015378535365828006e-01	-2.527430881976268084e-01	-4.086954950946699028e-01	5.694990649511535441e-01	2.500944377217738657e-01	-2.504219985831488970e-01	8.721680377558156672e-02	-1.704230361265740012e-01	3.259942784060756993e-01	-6.859790384391388496e-02	-4.647999616544679080e-02	8.022297983631204721e-02	-1.572900234431645339e-01	-1.277473566435536612e-01	-5.979388418476677680e-02	-3.677869297999821763e-01	5.990053065510887904e-03	-3.759466917410353437e-01	-2.661509913644478642e-01	2.348114549342928403e-01	4.965390888942908948e-02	1.268907365750993610e-01	1.874104640579376257e-01	2.022373893373549392e-01	-3.106988275795769527e-01	3.283357931755736536e-01	1.613263841171823088e-01	1.273720729718054168e-01	-1.729522835255653257e-01	-8.072068008636096303e-02	-8.376410990459073891e-02	-1.358163888056235780e-01	-4.441603913920534608e-02	1.119618820660922970e-01	1.663373705068264541e-01	-3.331523786850607571e-01	2.782607844969243183e-01	-1.676063763702799470e-01	1.793542411539482129e-01	-9.691841659188209224e-02	2.133833527747563685e-01	6.168893299963570942e-02	-6.970266371144359652e-02	3.260747696770971427e-01	5.244387064994376901e-02	-8.664017229155580868e-02	-5.919211500097053963e-02	-1.843379341581300734e-01	-2.037207135359368759e-01	4.338415484161319696e-02	-8.119066593286233813e-02	-1.170692816210248816e-01	-3.077697433021501366e-02	-1.848942934758048551e-01	7.002789472860937448e-02	-1.390882909567347503e-01	1.647081365115095064e-01	-3.460119259705680961e-02
-5.624479461075387876e-01	1.016210926554278915e+00	4.802928392551679138e-01	1.963153828110164367e+00	-9.415736300276692505e-01	-2.316019058107854356e+00	-3.765213931830062588e-01	1.719550319994860299e-01	7.094693922854287127e-01	-6.100728271111567347e-01	6.585443259518513059e-01	-9.413429162433338826e-01	3.645056450744981191e-01	6.225475058524093663e-01	1.533174045238739069e-01	-1.310842211353126785e-01	-5.271957616728528695e-01	-5.862345770501872777e-02	1.094742352255770185e-01	-1.565196007866346828e-01	-4.934032546988664225e-01	-6.017749943626272795e-03	-8.670811978662984476e-02	2.306706463951637143e-01	3.371814268114795010e-01	-2.954990474040984916e-01	-4.892491408387820706e-01	-4.440364203924878628e-01	-4.150355637097485895e-02	9.384050024457633518e-03	1.637143987175257720e-01	-5.591702271464207841e-02	-7.429767641144123351e-03	5.371745173492745717e-01	-9.325783850328162039e-02	1.481282230362471197e-02	-1.297350436072697011e-01	-1.132452534179105852e-01	1.168493148249948599e-01	-2.136807329808256828e-01	4.700764548084069849e-01	1.028795237977944699e-01	3.470481881796474988e-01	-2.708277295023316378e-01	2.001545129166376336e-01	6.489778747012363291e-02	7.954762872736730051e-02	1.464767777463074350e-01	7.195861940496667275e-02	6.016224019975124904e-02	-7.180730895494032151e-02	-1.578048352114306552e-01	-2.677928764592562086e-02	4.396397789036451953e-02	-3.696236983677807231e-02	2.944810487663676035e-01	8.254998844701662286e-03	1.774945480076313420e-01	2.624341442412392311e-01	1.807186253965647194e-01	-2.380534019512687421e-02	-2.714517032104329375e-01	-1.386715281410650924e-01	-5.559660563481363255e-02	1.584898333801987025e-01	-8.130752960487672154e-02	2.552772351232918124e-01	9.515903274763412578e-02	1.976674292789482382e-02	-6.322754811135218589e-02	6.714193463630908909e-02	-1.191426933272619892e-01	-3.582670849462273564e-03	-5.617558919676534507e-02	3.756974158061553437e-01	2.286558048817314559e-01	-2.738905509115130976e-01	-1.838069804051693235e-01	1.202479545784331527e-01	9.189297981859620434e-02	1.593422865747166628e-01	-6.823563733585287505e-02	1.536893578493263857e-01	-1.375798896411019323e-01	-1.200892924664208883e-01	-2.360447309078785028e-01	7.624939699684214756e-02	-2.036791480791574557e-04	1.230056814317211367e-01	-8.401589602599594808e-02	-4.211746844716544869e-02	-6.953925382914558084e-02	-1.388232580560171403e-01	-2.117467374031995267e-02	-2.169811397055402269e-01	1.938574284342786669e-02	-7.750251982318047406e-02	5.166712188900512981e-02	9.468297498239770793e-02	1.200872570118920180e-01	-7.606702160449177463e-02	1.378597248266072162e-01	2.293631119801363694e-01	-7.490029535840612984e-02	-1.898054990655502136e-02	7.631934841988106955e-02	8.348154711524694016e-02	7.051962158162536354e-02	-6.687155563472481357e-02	-1.392170673966319494e-01	9.743590305185076753e-03	-6.272473212275087029e-02	9.816627086862039775e-02	1.879345008472236428e-02	-1.425451602703346476e-01	-1.238448248574504362e-01	-4.522406428075017443e-02	6.515896498278304916e-02	7.032333901895952699e-02	7.310299991582504264e-02	-1.056998165676591439e-01	1.284466094925887925e-01	2.175790996333919203e-01	-4.978439248201473738e-02	9.685388180382030476e-02	5.590952699451712249e-02	9.843948780755519545e-02	-4.094152934540599975e-02
-7.245910130633995694e-01	-2.665744361248560068e+00	-5.546382485677030516e-01	1.042370294777863693e+00	-1.555376198393778608e+00	7.454362424887855942e-01	4.225367690066171300e-01	-2.307830993706633527e-01	-3.412164053169732258e-01	1.498770182998044875e-01	-1.284813763637282780e-01	2.074799395234252219e-01	1.560595279119228462e-01	-4.458311185914778374e-01	1.115394901136742140e-01	-8.653934227757995035e-02	2.559749162526692712e-01	2.349326183238352184e-01	1.734311498131962670e-01	5.777754716526572326e-02	-2.999655782220505551e-01	-2.515349085465036771e-01	-2.664111734276431442e-01	3.420727064878935075e-01	-5.266651851530673722e-01	-3.220708435591274066e-01	-3.813716459101209721e-03	2.183461900168375269e-01	-2.020771946400101715e-01	-3.943525164510392478e-01	-2.531163194548889384e-01	-2.138910837190164671e-01	-7.651531038285348807e-02	-1.022237875006113822e-01	8.707360635546222347e-03	-2.959038296446600894e-02	1.049387912303222925e-01	-8.717840149073483036e-02	1.244452241364858887e-02	2.557384252827862511e-02	-2.063802473800207538e-01	-9.487627981922898412e-02	7.718333707296437529e-02	-2.267408019646278694e-01	1.637035089977925406e-01	-2.841822754424107589e-01	-6.602250767801944031e-02	1.518301121700893486e-01	-3.493997169667624469e-02	1.866234789197786514e-01	-8.797781667134807471e-02	7.005658484268958985e-02	4.173509676269161056e-02	-1.387289912783898349e-01	-5.828443655014452912e-02	2.534585693173714849e-01	-1.034372814394528273e-01	1.433666165509576429e-01	4.450485542490172086e-02	-6.525912802613835495e-02	-3.641250108324150386e-02	1.428493348707797483e-01	1.601887015733000630e-01	8.295544832247500611e-02	7.334112219830515866e-02	-1.302818624279162008e-01	8.052001992952430298e-02	-2.276335024015865502e-02	-2.428231493940467486e-02	1.905129587493898866e-02	-1.834514169239881975e-01	7.059097855225644758e-02	-1.763696345925602482e-01	1.704561956013540477e-02	1.334465896905568383e-01	-1.592954177385206838e-01	3.823871036929650524e-02	-2.522675278245888053e-02	5.802111939460374151e-02	1.190719239768081930e-03	1.072501919689561184e-01	-4.065520333795796110e-02	7.118234592929512106e-02	5.620816864918278671e-02	-9.406995826672535574e-03	-1.599885689141010703e-01	9.376004016225450433e-02	-2.677745806231183676e-02	-4.788834499939566974e-02	1.685409437937703259e-01	-1.083015184635834210e-01	-7.581129808303964379e-02	2.382367856903099268e-01	1.870529501778331327e-01	-7.724116851523842031e-02	-1.642338504437222957e-01	-3.865246273894712425e-02	-1.383602621173442293e-01	8.245724954672489782e-02	-1.752130497886695811e-03	-8.811452881333506348e-02	7.290839889554676795e-03	-5.548355025629887792e-04	1.145362741342094981e-01	2.284502178141791309e-02	1.205245347626208302e-02	3.313186550111262008e-02	1.548204247587167959e-01	-6.566381650382201174e-02	-4.758474992072681681e-02	-1.530479725834339147e-04	-5.048149098949263058e-02	-2.805349988338997139e-02	-2.349433117329828846e-01	1.425010708839425863e-02	-9.441649924441859743e-02	5.048629095854428872e-02	5.957193341767792055e-02	1.174478552801351966e-01	-3.120408760620898767e-02	-6.466356481447220125e-03	1.080258609763409955e-01	-3.683479463567106843e-02	-2.746951617114527788e-02	1.259292190001708722e-01	3.723287083430134453e-02	9.925158588554483519e-02	1.483956880318491323e-01
-7.418124196407012150e-01	-2.481648167775803770e+00	-5.184244407876150706e-01	1.580781548963331229e+00	-1.438824887850524759e+00	7.476475371182255136e-01	3.315845348343518517e-01	-3.351013288315584648e-01	-4.132414858896720777e-01	-1.145456632843405154e-01	-9.136267076845686064e-02	2.937808828880478784e-01	4.258222666818402558e-01	-2.565283427671379290e-01	3.300975169677378696e-01	1.416950792991037711e-01	5.737193214595397855e-02	3.400357529848850868e-01	-6.478178140349225012e-02	2.247822309055442225e-01	-1.236091450881602605e-01	-4.765021855019239971e-02	-1.581145344087698038e-02	2.097803208595901692e-01	-4.290853060628588289e-01	-2.278029113133796246e-01	-2.561878099245911700e-01	5.614587941264273518e-02	-1.916913427580271001e-01	-2.688294089466827796e-01	-4.485205524111077202e-01	-2.096389093039070506e-01	4.082048507351808408e-02	-1.329478040961788177e-01	2.665053804574466501e-01	-3.643507365604276016e-01	-1.949678773279182181e-02	-2.583341744144073693e-01	2.314833922077231265e-01	4.557825036008585052e-04	-8.507111728722481503e-02	1.259491325023761321e-01	-6.782376408194924766e-02	-1.174961926675088392e-01	2.615221616482946154e-02	-2.126363702788187648e-01	-3.281250744068852504e-02	3.268667475922791832e-01	-5.217444980627401752e-02	1.874914901071911832e-01	-1.424991652757811970e-02	-1.533387388259219442e-01	-7.053005470087073125e-02	-1.801498410337920852e-01	-8.328459224924800175e-02	1.247248164481041116e-01	-1.185625184681181055e-01	-1.955162445870154558e-02	6.742036393227986146e-02	2.508643854283176822e-01	2.177525877098219695e-02	-5.471639992519310158e-02	-3.665691438902599075e-02	-2.042234805883161586e-01	1.248973407430387927e-01	-3.932335586000514915e-01	1.261027444582749346e-01	-3.804233974264732004e-02	-1.723856997752875320e-01	1.355256615395626363e-01	-2.198110693485525458e-01	-5.464038161765623347e-02	-2.663234316094679754e-01	1.132473351425843239e-01	7.509016737645622663e-02	1.820612223745977087e-01	5.117416293776201608e-02	1.140898239077062053e-02	-2.097316764290863000e-02	-3.803671149437495846e-02	-7.086990489544627014e-02	1.633101878642697069e-01	-6.264293570995378702e-02	4.208300439703350354e-02	-1.061264281246760144e-01	-1.454557944120688784e-01	1.106185895202536351e-01	1.501319304771170197e-03	-7.444323922412685035e-02	3.543252943337218443e-03	-9.671573208322727100e-02	-2.046118213911873596e-01	2.134024758112723977e-02	8.329789445070648335e-02	1.340029814686597397e-02	4.534324134731278905e-02	1.387135718778801097e-01	-5.496519621628515040e-02	9.147519286257838056e-02	-4.219636292968436536e-02	-1.338266986928842994e-01	3.476703972203690207e-02	4.820563027432858694e-02	-2.795945106926006271e-02	-1.723842556255509445e-02	-6.964415088509670615e-02	-1.080848004002905732e-01	8.506734203499728697e-02	1.028024652883224171e-01	-5.982938999431533511e-02	3.187355152144573378e-02	1.253272580374345802e-01	1.423088540538064439e-01	9.244407644933888557e-02	-2.854151364192063570e-02	7.840279051494025708e-02	-1.076016805734038850e-01	8.516304867390034339e-02	-7.272743822278991688e-02	-7.269954287895670497e-02	1.377305507675843643e-01	4.496309881824434723e-02	-6.723727473043945857e-02	9.938330858319063821e-02	4.727640549779982271e-02	4.196106758524992264e-02	1.194778038066753728e-01	7.802259728963267978e-03
-3.275485429348446997e-01	-5.661465963619092268e-01	-1.625599047224054905e+00	1.897879757057333722e-02	1.897402357606770562e-01	-7.745100520448595649e-01	1.283200478241283360e+00	3.689442240098616543e-01	-3.155538986748605557e-01	3.245713743527735007e-01	-9.663506524590224911e-02	-1.860238851199114973e-01	9.053038858977255354e-02	-5.204605593097667571e-01	-5.372268003178473084e-01	-1.334296773801161851e-01	-1.834515464525830475e-01	1.968844611963740110e-01	4.607439061486944681e-02	2.814988624958521535e-01	-1.480585099039582186e-01	-3.572048821704124633e-01	-3.674455261018710339e-01	8.428603970488344199e-01	-5.163703806633844762e-01	-6.442207106984912945e-01	5.354186624525503896e-02	2.358271689942213478e-01	-1.442976509302293930e-01	-1.847268949436078056e-01	-1.233777340339218126e-01	-3.433204111067015840e-01	1.371526706204161672e-01	1.340205690518951609e-01	1.194207962235578069e-01	-3.820214287011461929e-01	2.584382141992050408e-01	-4.863106286242561693e-01	2.337488593856436869e-01	5.260070469461056858e-02	-1.921537936656156076e-01	-2.494183890918610369e-01	4.585668539029421481e-02	-1.640037235931214310e-01	-1.765696321488348930e-01	-4.637341617284216344e-01	-1.796595311044890397e-01	1.874769088771086334e-01	5.419732325523261840e-02	1.863796654532941244e-01	-9.317767198291376785e-02	3.075770826285628701e-01	-3.207918868357339387e-02	1.828254783924708471e-01	-1.256213258518363018e-01	1.636075678773311892e-02	7.982130320499225551e-02	3.511572329520328273e-01	1.984231325475247498e-01	-8.597122195573621284e-02	-6.141350705933284332e-03	1.005878726179614407e-01	2.376126845178499203e-01	-1.095743329009306044e-01	-2.467261981978295226e-03	4.796251690812080581e-01	1.597696082925449401e-01	-1.324142785187900628e-01	1.186298444974645677e-01	2.252294846991290955e-01	-2.890047368798593919e-01	1.042353019877191034e-01	-2.497571893012660305e-01	1.088542749025484535e-01	1.724884795122920769e-02	1.170999878439510228e-01	-1.996361759804739511e-01	-1.203897457938630650e-01	-2.176009317515796571e-02	3.646432442205453373e-01	5.894381669133749030e-02	-6.149567338131910893e-02	4.924925241059130432e-02	7.147155831965396056e-02	-8.874827304365252856e-02	1.641300581238183329e-02	6.894809634604247284e-02	-9.444264326444343216e-02	-2.793148845820617732e-01	4.294486538521014724e-02	-2.446078369605593494e-01	1.886036949885482039e-01	2.175466913623034237e-01	-1.193357494822686327e-01	1.784598330546187106e-01	-5.577657699620435644e-02	1.144120443512880447e-02	-6.089589074362633525e-02	1.544192960463360575e-01	-1.158127807976115226e-01	-6.284537826932262705e-02	-1.148868289241052922e-02	1.533259698956342676e-01	3.710328735343840223e-02	6.872431048621004124e-02	5.673268577608125973e-02	-9.484029400088843376e-02	5.303693640239345169e-02	-2.580038781450367802e-01	-8.451482918078392914e-02	1.203627556212273214e-01	4.216214904509851119e-02	-2.246616821406568210e-01	2.485137062014746573e-02	4.992284240482533497e-02	-2.568661969827298192e-02	-4.376061933276456650e-02	1.448670833932557966e-01	2.458122870250574743e-01	1.007595456582494574e-02	-1.501831505156198676e-01	1.288926973012644028e-01	2.858818909190038310e-02	4.877388969302930144e-02	1.573834094702927511e-01	4.833330288580581918e-02	7.951174279745965023e-02	1.417437137291593652e-01
2.457381864601707822e+00	-1.544025695983093138e+00	1.254782935412375802e-02	-8.851696204524556189e-01	5.174810802107838725e-01	-5.139155694291317467e-01	9.138975324904561326e-01	2.391494612351502680e-01	2.937152848256697202e-01	-3.558551194848567079e-01	-5.569061809238349259e-01	1.008000857398085426e+00	2.806180082506659623e-01	-4.884530870861876484e-02	2.805718832137962804e-02	3.700321068587516526e-01	-3.552083270047106354e-03	2.047913907200860917e-01	5.579085408033634952e-01	2.037675325674235816e-01	-3.311722022502721630e-01	-2.143901656080215989e-01	-6.545613411196022913e-01	-1.961072911264918894e-01	5.735958852008200132e-02	-2.830202029776984207e-01	-2.314796917851368596e-01	-1.562347940894396048e-01	-1.562447135808285315e-01	-2.692386101489409045e-01	-1.374800800718295468e-01	-2.341337645027158354e-01	2.076474500151682667e-01	2.913115770001870608e-01	7.124009446541922086e-02	1.319795383917905796e-01	2.537887330320813262e-01	1.167691459850235015e-02	-3.432754223822084838e-01	-5.365284995840349791e-02	-2.964192319092124328e-01	1.076349554331091501e-01	1.384676699111791198e-01	-5.215793456073710699e-01	8.139372557493211179e-05	-2.868256434131888875e-03	2.151123409617022517e-02	3.060387122534608539e-01	-1.875595361658593391e-02	3.894387578794381716e-02	-2.102131183214656085e-02	1.493847527633450356e-01	2.254579293122936368e-01	-6.799814384574423554e-02	-3.486896587183477281e-01	4.539381025504599099e-01	-2.234466563276563816e-02	7.080752920781577774e-03	2.038862843696347404e-01	-3.763188819040259037e-01	1.868377831452476545e-01	5.310129579267529321e-02	1.404353386854764220e-02	1.742903813721092543e-01	-1.846846754573394644e-01	-7.229905565351364694e-02	-1.150962755513801200e-01	-1.189925077268026016e-01	8.676178443158774622e-02	1.007826640124479152e-02	-4.743678713810234315e-02	-3.603934377675405143e-02	-1.099694874736106415e-01	-3.755838859122449802e-02	3.781407033462708817e-02	-1.697180609989980271e-01	-4.541645167274784706e-03	-1.714367300609858091e-01	2.827256554543082778e-01	-5.628190594387961522e-03	-1.141088015257898935e-01	8.739120495422535162e-02	1.033869353835151217e-01	-5.908972566275985487e-03	-3.409996947672209178e-01	6.697408684448032112e-02	-5.930697660242638392e-02	5.710673485904803337e-02	-1.921787053461272154e-01	-1.000513473404900794e-01	6.061561409121198757e-02	-8.563509566109131499e-02	2.391782030758514421e-01	8.019499254605126637e-02	1.750716482622148573e-01	-9.030549812736637927e-02	-4.541388617732360772e-02	6.332108001181983858e-02	1.281445916195083357e-01	1.486268222066120248e-01	1.346596757568743474e-01	-5.747976095055138540e-02	-3.442928889408732908e-03	-2.335598308719178395e-01	3.082863709125801058e-02	1.163217033221246588e-01	6.582243065469678411e-02	-9.129225904996204899e-02	1.509446161094951111e-01	1.030144909898203509e-01	-9.047825886683144234e-03	-2.769180602580750827e-01	7.756953693423208201e-03	-7.003964911708322749e-02	1.183618486538392522e-01	-1.797789556458912752e-01	-6.622648138613525248e-02	1.243123779648719340e-01	1.970569655391491981e-01	9.524558402865743179e-03	-6.273882011129341962e-02	-1.620151710838091119e-01	-1.956897153781668799e-02	-3.220856271145986632e-02	1.625118521293604512e-01	2.426270725122293276e-02	-1.812501315099339025e-02	2.156294339937516735e-01
-1.613205475281549450e+00	-2.265185511825822395e+00	3.126677917377955196e-01	-7.717812708823936774e-01	2.245162089906164837e+00	2.397512492422345654e-01	6.198516456376566008e-01	6.113128018651231566e-02	4.702201009262901854e-01	1.972013950719640196e-01	2.700674567525069292e-01	1.278217987557915825e-01	-4.714042659972759730e-01	5.200774027775184605e-01	-6.347652511243522255e-01	-6.327178690731356525e-01	-7.221940714363016267e-02	-1.662906808339509879e-01	1.946172560220442993e-01	2.185370133796372127e-01	8.237005117301569035e-01	-3.805705660994123662e-01	8.151952118853050822e-02	-1.710751390096728330e-01	-2.603500012413931808e-01	-2.407291132446970627e-01	-2.213982319040950497e-01	-2.864868153482451330e-02	-3.465785181821144922e-01	-4.427744152951465506e-01	-2.651112892376265573e-01	2.424005848572639010e-01	-4.330896775139809196e-01	-1.064277669587704450e-01	-5.239374629982391368e-02	1.595299095618876173e-01	4.034571274366479110e-01	1.194656423071916440e-01	1.635359918249577882e-01	-2.113562251069070475e-01	-1.449069563438492095e-02	1.849318682185682183e-01	3.530782989785016812e-02	-6.732961196134219783e-02	5.622020183030824320e-02	-8.759071246599056670e-02	-1.576732130336091775e-01	-1.459752071143781693e-01	-1.748097740172617140e-02	8.752623060736113014e-02	1.348276211034302730e-01	2.375439877081482465e-02	-1.284439168064877290e-01	-4.962247090843074915e-02	-7.741231334751132176e-02	2.911451645458068560e-01	-1.108155246440657438e-01	1.938751856160166043e-01	4.449207134462944413e-03	-3.080753667820093373e-03	-3.320783163217285727e-01	-1.234137569479090701e-01	-7.069649641160379028e-02	6.967022438077297153e-02	2.110372989144817524e-01	1.226970898250152459e-01	-2.374313053663069384e-01	1.644777728323301436e-01	-2.775501168495551618e-01	-2.480371910192688822e-01	-2.244413768797925701e-01	1.067621809414944917e-01	1.437192501875097783e-01	1.120604811854111343e-01	2.527985254102306789e-01	8.645203115218212317e-03	-2.067405205612617702e-01	-3.175797460204402012e-02	1.885933041612116584e-02	2.752591573965023491e-02	2.104532492899571505e-01	-2.481951367479369175e-01	9.120575055771379391e-02	-1.338978910932173139e-01	-1.724129777742520742e-01	1.464164567132225647e-01	1.255076970046354323e-01	1.161317780380174691e-01	9.334857896908035912e-02	6.140704781513486865e-02	4.906751725208553100e-02	7.737761769420754832e-02	-3.227723092262883148e-02	-1.755530731120183083e-02	5.853651964664024349e-02	2.339381984587506416e-02	7.807955775131396325e-02	4.013457900485868646e-02	1.170461743071358612e-01	3.909936274125154487e-02	-1.068828977714319090e-01	3.077024033877187766e-03	8.893191425974768249e-02	-1.496343398296618721e-01	1.072073890235753224e-01	1.205284966372384969e-01	-4.821705231125519159e-02	-7.751587237760608484e-02	1.122220882944803821e-01	1.038212069757274841e-01	-6.562403131064202533e-02	1.463578972411920531e-01	-3.076713563663852416e-02	-6.042917836664027376e-02	1.165992490304904594e-01	-2.290657582676425968e-02	1.000136945739675265e-01	6.507695079169598107e-02	-4.654675617968641365e-04	4.311046051106615096e-02	5.634249515380340689e-02	1.603630828662069505e-03	4.565119337254306547e-02	1.473201438395922158e-01	9.286670953893022551e-02	-1.909367929238413308e-02	4.914480267504859473e-02	4.348648274085516879e-02
-7.581662667854438542e-01	-2.868723628323311736e+00	-1.512614198945955446e-01	1.297439558333359555e+00	-1.491557059002568630e+00	3.893535904253233593e-01	4.275774628426242674e-01	-1.175407724167657764e-01	-4.202485509679378395e-01	1.188327541484122535e-01	2.255741200305912408e-01	2.719280928871272152e-01	3.086152176789881962e-01	2.426235352224661301e-01	-1.553144684203459636e-01	-1.301561993310587362e-01	2.516671440749808641e-01	-1.332340345177930076e-02	2.646383605394549421e-01	3.443776935496485891e-01	3.826572607384884916e-01	-2.653660525974852469e-01	1.344572224834964247e-01	-4.673891939431067816e-02	-1.091258186128461587e-02	-2.261457968608361069e-01	-1.398115476366751098e-01	4.114917846813118119e-01	1.313810158816460481e-02	-3.700365407652513317e-01	-1.764803121179576717e-01	1.020120433146562006e-01	-2.182807228441421554e-01	-6.116681061550510029e-02	2.274482500862413936e-01	-2.370578528194450529e-01	-1.096766768330933867e-01	1.513513891619951424e-01	3.502539029384416081e-01	5.738835655403631136e-02	-5.232794181596883698e-02	4.505945103279246355e-02	-4.543217413476743211e-02	1.085262523999169643e-01	-1.252040849805314549e-01	-1.067484930564741308e-01	1.145845805113646365e-01	8.035090527946010808e-02	-1.359871006105545233e-01	6.397879923001273395e-02	2.180201001195475885e-01	1.299119846923412203e-01	-1.457066160219711026e-01	7.674843246491026838e-02	-2.370717011738452673e-01	1.874332837273518237e-01	-5.927105075274924362e-02	9.421985429018139846e-02	-5.957977566506470618e-02	1.476711902220427530e-01	3.348655264227255041e-02	2.389260801864289130e-01	-7.623584646145654953e-02	1.483766343934923848e-01	2.269322636209126220e-01	-4.428945836024011928e-02	-6.717053084806670626e-02	6.035942865248357381e-02	-3.041083569869132974e-01	-1.645670539908080932e-01	1.058347974216384269e-01	-3.525301873738937580e-02	3.464918931542335101e-02	5.510647705677170632e-02	-1.883020082352250839e-04	-1.775170755145944468e-01	6.070113115463798056e-04	4.245885893037298908e-02	-6.546251138015451998e-02	1.617069616795674403e-01	-1.103170889891009164e-02	-1.364453080157997100e-01	1.080942464438192641e-01	-1.301821210238160720e-01	-1.890099802979564592e-01	-6.333899923403236987e-02	-2.534670797518035618e-02	-2.163393313661485240e-01	5.721404878248183973e-02	4.484976717629260423e-02	-7.141388035338454288e-02	-1.986092304776563428e-02	-2.708172473758486271e-02	-6.912790724964869293e-02	3.347309728236659565e-02	-5.080561974651293805e-02	-6.394301924103461265e-02	9.137758916464883141e-02	2.471235160898838101e-02	-2.430750816950696253e-02	1.496499440760972431e-02	-2.216713228969370217e-02	-8.114123076081598829e-02	1.374414828419114054e-02	3.619696308298646359e-02	1.321939149699594973e-01	-1.632074694903654921e-01	-8.603654299535133665e-02	1.885700481804086226e-01	-1.286812606373783363e-01	-8.151450720398337180e-02	1.747411082325770471e-01	-1.151899021647744548e-01	-5.233109517193235138e-02	8.068326478362518317e-02	8.012499131072539638e-02	-3.570763864123470410e-02	3.444979661409788840e-02	-4.294017568835092891e-02	-8.043327989341785000e-02	5.753372324160418300e-02	1.235387498988554100e-01	-1.444335371353606678e-01	-7.108745700802842488e-03	8.074944561230247564e-02	-1.223473520623290928e-01	8.877527133111890942e-03	1.966950646103169872e-02
2.808851150836299215e+00	-4.409357647104276967e-02	-8.945409370144418171e-01	-4.256055222065745491e-01	-5.829919257386760867e-01	-4.794692241271257815e-01	5.407492369113400255e-01	4.046996285224997991e-01	4.687532571446618168e-01	-9.105487316095327577e-01	-9.237077375523954081e-02	5.397650765213314605e-02	-1.325637317737007326e-01	-2.565538750747467511e-02	2.066947056944300198e-01	-4.239316123047960905e-01	4.483971111509871266e-01	-4.482982357315427185e-02	-6.882714672340216611e-01	2.352154703416274584e-01	8.901897295427343981e-02	4.588284914539692561e-01	1.525352260682100447e-01	-4.306679535603187281e-01	-3.939626777037899541e-02	8.570432053212572177e-01	2.090502885970730307e-01	5.825918998071420996e-01	-2.844288711011264126e-01	-3.486109794267573669e-02	-2.913251103564881150e-01	5.894479151862010990e-01	-3.725742165560184671e-01	2.097541380524443611e-01	-8.130286980721822265e-02	4.164359502724968021e-01	-2.999459672667320262e-02	-3.589430943947789499e-01	5.426612553019564272e-02	5.780319956713941831e-01	3.918041584727394722e-01	1.579920586487607304e-01	5.213117855003129852e-01	-2.104909659049314929e-01	4.078228524081795592e-01	-3.439142969191368859e-01	-1.668390151253902609e-01	2.847194535160507134e-01	-3.258630458410646247e-01	2.617817294190968314e-01	-4.425169504296329603e-01	1.601348757709963599e-01	5.807627194746786507e-03	-2.239987115858499411e-02	-5.748162390193633370e-02	-6.685143039267595066e-02	4.867704828099920222e-01	-2.498694159700068917e-01	-3.660331739212297486e-01	1.053866070731458437e-01	1.985833633875587201e-01	-1.318879532098339580e-01	2.659312891486005359e-01	1.089180775995266526e-01	-2.865804145025489455e-02	7.710636734311530904e-02	-2.420319464524523234e-01	1.926575108317085394e-01	-1.994715914105788801e-01	-1.084658760825057966e-01	1.636484406537839220e-01	2.147991462979806643e-01	3.964536191779415714e-02	-5.760251900317493734e-02	-1.427381923048306467e-01	5.315074080990773997e-02	-2.210994737673118438e-01	3.266205448237851638e-01	5.723165469787576398e-02	1.102494660207852945e-01	8.327594601741418467e-02	5.767567695497365782e-02	-7.628444248339099135e-03	2.368769935819191041e-01	2.361030204239857391e-02	-2.158258681230894871e-01	-2.758281109106232032e-01	1.010866395140724711e-01	-7.443496975238748925e-02	-2.476605155003824277e-01	-3.056009232703457007e-02	-3.062489447591132397e-01	8.489580901775552191e-02	1.406941420867169612e-01	1.426980469523824735e-01	9.989680506094564261e-02	5.573838316082256605e-02	-1.054129108141872578e-01	1.880948380510121531e-01	2.051153441034457015e-01	1.107460612043175974e-01	4.811372850386742145e-02	-6.710034972233479278e-02	4.345103500803772223e-02	-3.231600801979197524e-01	-2.583875532213601375e-02	-1.770921654960675926e-02	2.003966457722995698e-01	3.885233809922725851e-02	-2.876087731847053464e-01	1.688747938894861467e-01	3.924418798582681583e-02	-5.466494727541180293e-02	-1.464200036246056935e-01	1.632375714877093154e-01	1.501211497682227725e-01	5.685550956820550200e-02	-1.609290311662771034e-01	5.705219636256480403e-02	1.149610863246520315e-01	2.888202212364627056e-02	-2.400199541823436894e-02	9.955992747640504681e-02	-3.824591698399502221e-02	1.020449790143019009e-01	-1.427346882273110573e-01	4.915802862940466846e-03	2.486622155878444318e-02
3.977742454264418193e+00	-6.710930189597373585e-02	-6.608527099985261888e-01	-6.624902760125934709e-01	-5.545084786084081285e-01	1.517782590944295462e-01	-1.616076292350705490e+00	-5.317042463545003095e-01	-1.608313806713716487e-01	-3.490822260244293984e-01	6.646368891181914096e-01	-3.896429196542383622e-01	-5.332077380789846943e-01	-3.071948546211484277e-01	-5.822938449524878157e-01	5.546324216486233499e-03	-2.050271547718003629e-01	-3.503288917173240646e-01	3.715480069819035447e-01	8.285058712359245903e-02	-1.652650034685839917e-02	4.341928688972361838e-01	-6.026212923214232520e-01	-2.319527406632236888e-01	-3.135334547028670663e-03	1.233597769820068135e-01	-4.408358774237990801e-03	6.321350038385293857e-01	-2.166928335697974328e-01	-4.533999741373891390e-01	5.250674934438030045e-02	2.618529491566400913e-01	3.400945549898791165e-01	-1.668009481929102478e-01	2.856243870949944363e-01	2.278187986136310517e-01	2.412388476527511927e-01	-1.603559127520340077e-01	4.129228685415543554e-01	1.005928286655554671e-01	-2.822432979764054675e-02	5.839766017540795606e-02	1.666553379633275156e-01	9.030489661655526079e-02	-1.532791281634949820e-01	3.089761556532903686e-02	-2.643748431547711109e-01	1.566652680005579390e-01	1.017353741267709305e-01	-1.362071482288150226e-01	2.156384480303520368e-01	-4.944390452592049567e-01	-1.173821655662326269e-01	1.493151076361876883e-01	-1.882987564288237520e-02	-1.892934898874048533e-01	-1.781948797072191448e-02	5.046912641474868635e-03	2.197063292284433256e-01	-2.535337514373396384e-01	-2.042960834165908068e-01	4.532116591051466720e-02	-4.212779180205694640e-02	-3.608796800111124248e-01	-6.773470389440205963e-02	-3.890159779094599923e-02	-3.199764569933560843e-02	-8.009744428889661871e-02	5.389227004908775376e-02	1.632325500153931561e-02	7.815961437217681940e-02	7.152546278996096962e-02	-2.196340782429073712e-02	-8.955677764343830671e-02	9.023477476717896295e-02	-1.117063941023349327e-01	-9.904917537514287829e-02	-1.337501422367707304e-01	8.302800480822858376e-02	1.809043428316081947e-01	8.276220740631883011e-02	2.632309291736858667e-02	5.427785958910510966e-02	1.550973583373273512e-01	9.730775364566016106e-02	2.817814921822180477e-02	8.717816240796863458e-02	-8.802395013099999221e-02	1.357216281059173413e-01	-3.668594269706926259e-02	-1.572246606327322715e-01	-2.162254386573260190e-01	-3.841918886953774037e-02	5.806562338799741568e-02	9.325225650666804644e-02	5.302729084882164962e-02	-8.367054458059854094e-02	2.909576020123044379e-02	1.477693323853694340e-01	1.888392065301497044e-02	-1.489155704362538427e-02	6.895613511073936386e-02	1.572124595896233767e-01	-1.443411861335049395e-01	8.439453516229412922e-02	-9.272787778100204104e-02	-1.825090402253804478e-01	-6.791002651918385570e-03	9.263859840347704599e-02	-9.701913831780543951e-02	-5.873401987259770085e-02	-8.253232336814983472e-02	-1.425607257707825481e-01	-3.220012975410576489e-02	6.857624273258093595e-02	-4.687434491392382385e-02	4.986644264667052656e-02	-1.533280977723076310e-01	-3.099052598654972179e-02	2.717838258607734037e-02	9.030636138065661206e-03	-2.404176293709822665e-02	1.279738266868914350e-02	-6.446439480180368720e-02	9.792181945461284065e-02	4.149480621306225053e-02	3.231847388817193911e-02	6.701169781842605810e-02
-1.168790912254891179e+00	9.387877363788877938e-01	-2.981301273580384825e-02	-1.334372985495844155e+00	-1.098462569278187556e-01	1.029924498525867982e+00	-5.741321423276117830e-01	-1.403395785934661785e-02	-2.079344168726883213e-01	-1.380708345585697841e-02	-6.506628353244645613e-01	3.847496943824093019e-01	-2.819689579303052973e-01	3.124528384518820423e-01	-2.926715858003653414e-01	4.564464451451490379e-01	-8.461491147912747479e-01	-1.358246841216832757e-02	3.450424235984352883e-01	4.795477387019110860e-01	-6.720551313466020804e-02	7.222377005943046713e-02	-1.933498397741597805e-02	3.200509842202642896e-01	-2.930117256411797211e-01	-3.855281480112880965e-01	-4.861997850386883813e-01	-5.837636618906669184e-02	-4.079578220857472681e-01	3.438267576792621849e-01	-5.120213472709070901e-01	-3.621002162730538876e-01	5.063474426107327647e-02	-1.172446452023182817e-01	-2.430627387436064546e-01	4.745470086155351153e-02	-8.595805210364604321e-02	6.631615943921166378e-01	-1.304243859687277685e-01	-1.407843124474512098e-01	-1.371522712986548813e-02	-3.030991784445789539e-01	1.529601091589119499e-01	2.072346577790415978e-01	-9.781362555719641527e-02	-1.653270855345040091e-01	3.297692322000020382e-01	-1.286104276003331992e-01	-1.169118806104526009e-01	-1.394983425829240953e-02	2.974949288445800089e-01	2.175946949605212233e-01	6.819698813403680671e-01	2.594362528723697103e-01	5.574972358386769411e-01	-4.086694078980370737e-01	2.335912781297335983e-01	-1.566957062377284313e-02	-1.743715125212379202e-01	1.504101519264607334e-01	5.358001421826938948e-01	1.520033138834118447e-01	1.078539008310436947e-01	-2.087574938409778869e-01	-3.321892201388877419e-01	-3.120854773698955587e-01	2.256299212043911540e-01	-3.401629233963959775e-01	1.119324754213592843e-01	3.868392358768733552e-01	2.914242934779778804e-01	4.417476440605303534e-01	-3.326355647191562848e-01	-2.720587975812718273e-01	-2.541556917113805825e-01	2.031374790916948558e-01	2.040386138925028847e-01	-3.813065966019869579e-01	-4.492952072292453330e-02	-1.476241571737047786e-01	3.224765500507286720e-01	-1.588336918214865168e-01	-2.823762237169944456e-01	-1.812055301697543530e-01	-2.661374932481199163e-01	8.049671195581649397e-02	-9.553405396045408504e-02	6.504910387877033129e-02	-3.179458211166797388e-01	-4.985559492911505186e-02	-1.232236558198867848e-01	1.290490063391809272e-01	-9.081202378380688611e-02	3.366241585246677187e-02	-2.016170950776970394e-01	8.231860386480788216e-02	1.109621215003547684e-01	5.364488245471888545e-02	1.605063316332041856e-01	1.000636805144345526e-01	2.421905021190500218e-01	-2.091704418723673298e-01	3.235274234150423145e-01	1.076140080651015463e-01	3.281499794527056868e-02	8.757829771149607673e-03	-4.920409655644177732e-02	1.692466093129811056e-01	1.826324154234731933e-01	1.809429408984431775e-01	-7.030215277695874010e-02	9.413367440398065500e-02	-6.241503306836698045e-02	-2.698177268014649924e-02	2.378416022568078103e-01	-6.321058021340128508e-02	1.436486035505861458e-01	-1.485986346403656844e-01	2.004438473653427991e-03	1.397467094276212407e-01	3.513365503087904212e-02	1.039901683673467442e-01	-1.399223838931430881e-02	1.009587157279776826e-01	2.452031506008342798e-01	5.683762857528981693e-02	1.397058888385950895e-02	5.815148024062950782e-02
-2.092492878206177576e+00	-4.855416007264138356e-01	7.887614646817814323e-01	8.532364082707716291e-01	2.662346295460012335e+00	5.425945253270417767e-01	-1.172998849559597212e-01	-9.264735350644459633e-01	4.158960721282708439e-01	-1.897463883280786287e-02	1.202988490774977048e+00	-5.048147346332373386e-01	-4.985208399100879428e-01	7.582867662679761978e-01	-1.349441759585087164e-01	7.605489393501371209e-01	-1.689951980087047501e+00	8.671396670630970860e-01	8.873387127117990381e-02	-8.234195113484793493e-01	-6.149937464174582979e-01	6.698321496812686959e-01	-1.767529000138673423e-01	-1.041751999547816609e+00	1.823227800778503827e-01	2.002225172952498133e-01	4.482607341330682171e-01	2.155332571473568548e-01	-1.281735263779702483e-01	2.063670531598355007e-01	-3.916286975821264282e-01	2.843190458709993207e-01	-4.400296391664099693e-01	1.613077130110982527e-01	3.716248767430979094e-01	-4.088360385314802059e-01	-1.670200411059115098e-01	3.149911372201611992e-01	-9.878113819758795044e-02	6.051743399494549647e-02	-1.574018714231648075e-01	3.160213151395879771e-01	-2.876789950421662634e-01	5.295976211799445776e-01	5.171393145670776237e-01	-3.232268412175610117e-01	8.552003315677381146e-01	-3.040134703224452173e-02	1.217825922607233685e-01	5.444518771918174238e-01	4.284646290747457509e-01	8.732348302216320912e-02	2.535862203042347218e-01	1.241716659006202456e-01	-3.511219073228000892e-02	-1.574997151769910730e-01	7.796072256164950087e-02	-1.115214903424529280e-01	2.646616453271211089e-01	-2.676774623102984862e-01	3.611597102739858012e-01	-1.475265999574950637e-01	2.909576314134439401e-01	-5.415149726419207776e-02	-5.179570893833542744e-01	-2.913076353231958682e-01	-1.991005451075055499e-01	-8.694098671287699143e-02	-3.104406374461904025e-02	-2.932589886595204920e-02	4.650693467846387513e-02	-9.996106132836116154e-02	9.720888464408966589e-02	2.220491322682990529e-02	-1.573572332046052624e-01	4.620034727542476904e-01	2.961743968869650634e-01	1.429798589783439211e-01	-3.750404053440295482e-01	6.297506708139023746e-02	1.459928449458064437e-01	1.513407548742986830e-01	-8.598619170081327201e-02	1.356547189713243062e-01	-4.833406126009150428e-01	-2.713787696702389396e-01	1.232207511992131355e-01	-1.402543498898733976e-02	2.579260855564502464e-01	-6.151125728487315952e-02	3.845951329873490560e-02	1.655154351641831834e-01	3.251820669698973210e-01	-2.574326558744538529e-01	2.611661135987365379e-01	4.200521913881635760e-02	-2.118523392286234819e-01	2.076096865168453875e-01	-1.488445211564831672e-01	2.089558703391580785e-01	-6.161064109487353058e-01	3.994277833483751705e-02	-1.306337746216140738e-01	6.691240760811510702e-02	1.113376562493702399e-01	1.424131574030120320e-02	-7.474017790078055223e-02	1.832485416252975230e-01	9.019551222360875156e-03	-1.085931354753068984e-01	1.841238008566659645e-01	-2.881097057956469309e-01	-1.308971641661881291e-01	1.336340312441715306e-01	1.284121340662584543e-01	-3.728262860183515631e-02	-6.744253482843567959e-02	4.572608964067289422e-02	-1.941414164702020065e-02	-1.910039647563252507e-01	1.742570277716098404e-01	-5.043104855319751950e-04	5.944737524738029355e-02	-3.277952028400034634e-01	-2.691679020324728999e-02	6.144101752434423525e-02	2.429079458977294326e-03	1.903153041104157228e-01
-8.435054694417690735e-01	1.533172220502733163e+00	2.350847481942601458e-01	1.267510711717902182e-03	-1.043393040835624452e+00	-1.152296375962096608e-01	1.248707404136696786e+00	-7.446891352436524336e-01	8.835119787633295418e-01	-6.191972219477827055e-01	-7.906125753862853767e-01	1.061725481355636352e-01	-6.806440525422513543e-02	-1.897407286492193978e-01	-4.267980348670454283e-01	-2.431317500030896750e-01	-1.232230901502663567e+00	5.328738734021104539e-01	3.423418889164315804e-01	1.018110244175451040e+00	6.107033082055871032e-02	2.791234657449941370e-01	1.006205718723112569e-01	6.939209622708417680e-01	1.394939621900350424e-01	2.147595482408002840e-02	-1.324237679446602367e-01	-5.041941064602756262e-01	4.358636779621949953e-01	-3.490782602124947176e-01	-7.399679866341067891e-01	-2.318742201046972429e-01	1.040010896988673661e+00	6.346682568249752965e-01	6.908814847215539734e-01	-1.814374469080205776e-01	-5.252728308933956036e-01	-1.728660208567283640e-01	-7.634282446351309259e-02	4.287441849585173492e-01	-3.461347952319540622e-01	-2.758051345348357941e-01	-2.590452020297345087e-02	4.108387051050529926e-01	2.905197794913199488e-02	6.197490921046681089e-01	-5.070780690788172229e-02	2.486877815703291417e-01	3.657609180299112306e-01	-4.957153163261390771e-02	4.096730674148057472e-01	-4.171019247984999456e-01	2.446307618750892254e-01	4.350269046440894891e-03	-4.056538395756572636e-03	-2.882482386888626236e-01	-1.771461161128720652e-01	-2.892858585006113370e-01	-1.229045898288756294e-01	7.787949404944283227e-02	-5.701949352633756130e-01	-3.074597269604611438e-01	-2.757107639093286933e-01	1.365450185029486868e-02	2.138688095928731672e-02	-1.245912055181170874e-01	-2.156378944980476831e-01	2.901195686418782671e-01	-1.255838545413978935e-01	1.976716735627706556e-01	-1.039452771772524098e-02	1.755478303904940141e-01	-1.555848575699944891e-01	1.264706883523070424e-01	-4.817339568737671884e-01	-2.213132907020604334e-01	-1.173565723283578055e-01	1.566532905952846555e-01	-7.103013221356333506e-01	3.705156544196783752e-01	-1.392271053516654436e-02	-2.106677220489308611e-01	-3.631658110707904757e-02	2.619158054929309962e-02	1.458523399323755423e-02	1.956477647525234898e-01	4.245629096981674011e-01	-3.225364172504421173e-02	-8.418983578730952766e-02	1.983766867953073304e-02	4.873616508021374472e-01	-3.763156727391052392e-02	1.116141242556938223e-01	1.995555203263704377e-02	1.075798151273589104e-01	-9.925107334856088370e-02	3.325831602593255776e-02	1.489051343389473647e-01	1.839951178819802524e-01	2.974393521954257213e-01	-1.502641768488214846e-01	1.125920495572074048e-02	-2.833228153375778602e-01	6.549320372579507665e-02	-2.364203696710725361e-02	1.329186560155851404e-01	-6.447708056767250534e-03	-3.362337138937012554e-02	8.878747975706026418e-02	-2.130994447618407561e-01	3.266094866890351112e-02	-1.453199680844958520e-02	-6.616959573745152812e-02	9.184700847837797000e-02	7.410226165736730208e-02	1.028444546674642801e-01	2.827253951806648624e-01	-1.740615377358156468e-01	-4.782270620785793874e-02	2.264014139915040136e-01	-6.482019489958526504e-02	1.533852682689690050e-01	1.252004433854752574e-01	1.375911601293675068e-02	2.173737574285222462e-01	1.047368632034219871e-01	-5.626857574031363107e-03	-1.443853611433817963e-01
2.182328440256282143e+00	1.483292629929559459e+00	1.760780107418846718e-01	-3.513953066560237537e-01	-1.025211793020571749e+00	1.950081152357833192e+00	6.343389848335794223e-01	8.384389292330909349e-01	1.033738642553124532e+00	7.936698368782214852e-02	-9.018021917948539912e-01	-4.614963626453986167e-01	-5.145767304234249995e-01	3.714636160681563520e-02	5.030435383489869627e-01	6.813000196675966791e-01	3.804738804810364750e-01	-4.202165030227659748e-01	7.181669798016478978e-01	-6.492138332752411811e-01	1.710450747244742498e-01	-1.692602036294848511e-01	-1.759198413809369421e-01	5.773244608200177597e-01	-3.652958912703758720e-01	-1.669027544332897517e-01	3.321653169233092229e-02	-3.636253336746123055e-01	2.909192063648184945e-01	-3.655216947373391978e-01	1.285449183284902430e-01	2.303641970541236150e-01	-5.607717413479603730e-01	1.772594956434474511e-01	1.618922940679054789e-01	-9.808757478580357736e-01	3.009254370623992703e-01	-5.390454389857141787e-02	-5.696405432847037043e-01	2.013095574148948408e-01	3.919897138723883456e-01	-7.857969519800026004e-02	5.199170923646873055e-01	-8.345892444832099522e-02	3.453015095308197835e-01	2.394327452088878747e-02	1.294691835255729895e-01	-1.694076091878265744e-01	4.248845587103107224e-01	3.387192001398178220e-01	-2.830672268316872797e-01	1.473306126540520067e-01	-8.329005784699242132e-02	2.308120684163971204e-01	1.473729330454004727e-01	-2.549824717312444422e-01	4.565816618865038978e-01	-1.054855502938768091e-02	2.212377027607057012e-01	-2.058993764516134084e-01	-2.287700356010493111e-02	4.685583920905933564e-02	-7.928667372067821351e-02	-2.276393985259687058e-01	6.723770933257162963e-02	-1.563297782245309520e-01	-1.669235522511610878e-02	2.982505802111677373e-01	-2.911028214245644508e-01	2.930275905125400149e-01	-1.570322700720253595e-01	3.024974372825444680e-01	3.106151860608595203e-02	6.104270869702930515e-03	-2.703084816784048772e-01	-9.660964682176759188e-02	9.881369790825376975e-02	-2.022122543157236496e-01	4.018376510630219250e-02	9.955853955136749825e-04	-1.072925822637788018e-01	-2.860892661127041325e-01	7.603951879761627897e-02	1.489873094259068775e-01	-5.739013724170488606e-02	-4.455305039550653233e-03	1.116324767589187555e-01	-1.983511628887039691e-01	-4.717424834712384552e-02	-2.245501161100745338e-02	7.243730890068114658e-02	-1.616802708536358990e-01	1.604926775089528246e-01	-1.563419703395466931e-01	2.235347536048862271e-02	-6.632783475462350475e-02	1.114985992129663289e-01	-7.326832010424452757e-02	-9.463590814872725743e-02	3.407098907573974378e-02	-9.078564991429394215e-02	8.566560162671366108e-02	2.906073300245074625e-02	-1.000745972114522736e-01	3.417592131218711304e-01	7.746190093158210332e-02	-2.577440882018722235e-02	1.609364411760507430e-01	-4.042539791687237150e-02	3.386349178634195847e-03	-2.301502078790803318e-01	2.005388480890926139e-01	1.172510435078581020e-01	1.120636680105771971e-01	-7.218480584941887324e-02	1.266343656158296360e-01	-2.321188247597159304e-01	6.420049102760326878e-03	2.067135837672091081e-01	2.142122521295226067e-01	-1.303363788753313622e-02	-1.570585891680145729e-01	-1.960168680456820384e-02	2.974431995181603047e-02	-8.201912126777528844e-02	3.576572614233428649e-01	7.648939292525171185e-02	-5.185066905579033963e-02
-7.269600013181566345e-01	8.033478613733727736e-01	1.765568383527579485e-02	-1.190497416113864393e+00	-9.415331799090843612e-01	5.195197355004129713e-01	3.113146938922048967e-01	1.026998411352062712e+00	8.085254394647494181e-01	4.796806087161306631e-01	-6.534356114698034457e-01	1.211845089241633117e-01	3.711474080402797360e-01	-9.851739760772763033e-01	-3.540872290904302222e-01	7.138006921714104003e-01	-6.966046165687053149e-01	-2.624249374951095892e-01	2.109023821089889283e-01	-5.451669538527113140e-02	-2.604390944014044473e-01	-2.790892871803942604e-02	-3.033093662537126312e-01	-1.114532956408560531e-02	3.598703674148050202e-02	-1.850792949308046886e-01	2.323575262106407635e-01	-5.393086809898808148e-02	-2.482084770356094428e-01	-2.077194930521759561e-02	-3.784352356307735810e-01	3.645801194464279860e-01	1.548889212922691105e-01	5.165825671800626517e-02	-3.239415901125833885e-01	-2.645636352117934353e-01	-3.578903362769620400e-01	1.321423825832614141e-01	-1.613347144991697513e-01	4.118350836228906187e-01	-1.334460460238945101e-01	-1.738012098523113169e-01	-1.424182113156780560e-01	-6.680221658371982008e-03	2.212275729404904190e-01	-1.300180420064162845e-01	-4.829575641120435747e-02	-2.016942823921447081e-02	-1.635038055814775348e-01	1.600948003008916265e-01	1.924895643976020504e-02	-6.357254065493094138e-03	4.323415602832349491e-01	9.464126331445023299e-02	2.194699845856379616e-01	-8.627213611586144471e-02	-7.405340259146479809e-02	2.176570910425611460e-01	4.744069348785239226e-01	3.101859449150268233e-01	-1.076397532585770950e-01	-2.530230642699520804e-01	5.924220717981188572e-02	-1.492501448872340097e-01	-1.435897376351780719e-01	-1.193766571616054345e-01	3.617418450810495206e-02	-7.260470853184281675e-03	-1.708052597779073922e-01	-1.130694628261272316e-02	1.558177784375564812e-01	5.063151176444887769e-01	7.796720803845505476e-02	-1.214041031136726123e-01	7.714563834824354760e-02	-7.054585208251792916e-02	-2.261765798352942738e-02	1.077172250081154109e-01	1.899207666129255068e-01	-2.497392439752090798e-01	-6.722530441906126274e-03	2.221711668117491156e-01	-4.282814902013636071e-02	5.897036391670409244e-03	-2.415877721723947158e-01	1.521160010079236902e-01	-5.862301269850571372e-02	-4.799252390585145162e-02	-6.017326436725752709e-02	5.806675882041974907e-03	2.136238175663335639e-02	-1.739292780428540741e-01	-2.279373310611687020e-01	-1.094358213198750041e-01	-5.795094619201157128e-03	-3.749054104950542282e-02	-1.741220106591230554e-03	-1.346372602816605368e-01	4.425644967430599624e-02	-1.082992229387773758e-01	1.452134953063630718e-01	8.353880559711229781e-02	3.706820729221814437e-02	-2.552564117816453343e-02	5.256940960446715438e-02	4.363922783362460950e-02	-2.983900245038653351e-02	4.048380712546166028e-03	-1.317865468265465648e-02	-7.414491676505644002e-02	-2.866413854148591039e-02	-1.164633507517142119e-01	6.327841947703355743e-03	-1.770617887215860664e-01	-1.593423616590554925e-01	-9.676566199587104122e-02	1.821354236889785039e-01	1.174878674828859076e-01	3.022685230675087754e-03	-2.076871549697800745e-01	6.097219238747618453e-02	4.709463958563035041e-02	-6.555906103504563487e-02	-8.950760575462837418e-03	-1.181753738382092522e-01	8.746016867172846931e-02	3.771481966142575110e-02	1.224752463564498656e-01
-2.499190271853746759e-01	-1.451507440647299640e+00	-1.591610135775864965e+00	-1.139556280807334510e+00	-3.926309768009453305e-01	-8.429206900516764689e-01	6.157856495692309862e-01	4.122763356183554717e-01	4.418371772530583774e-01	1.495034883823493678e-02	-6.819770623734888737e-01	-7.004753759451064488e-01	-1.455676861578140968e-01	-4.180283866738864762e-01	-3.273418995959310740e-01	-3.546736582637673996e-01	2.073748808725735249e-01	4.701891068255948936e-01	-1.508133986890143052e-01	-3.070311603034590608e-01	-1.412077979192878641e-02	-4.214478958958211008e-01	3.229134422570151819e-01	4.691846335993944683e-02	4.781576422726545594e-01	-1.938056253521352190e-01	4.557540622820293041e-01	-9.092485116629858699e-02	-2.965900894086624384e-01	1.574370340396569479e-01	-3.607340885670485831e-01	5.626003255920223461e-03	1.950796124519823260e-01	-5.754302332469006520e-02	1.617579955705453487e-01	1.373213836833375445e-01	-3.262684569455256978e-01	1.862556393788279141e-01	-3.261530473043974809e-01	1.575141498061265882e-02	-5.193165133387307730e-02	-1.756345145367269600e-01	-1.819808177047110842e-01	1.366704108326804610e-03	1.556292019731036480e-01	-1.470529469244129805e-01	-1.474543717858224356e-01	-1.881572951941332117e-01	-1.067971632415879307e-01	-1.484200426062049633e-02	-6.188489836737072480e-02	-2.177810806582706343e-02	3.910384076521326024e-01	-4.888245196453644414e-02	-3.786223384852471230e-01	6.973983633084086808e-02	2.367362779411530949e-01	4.759202023295980993e-02	2.059285863212813594e-01	-7.577172261815065535e-02	-1.373860163483355545e-01	1.604898533873007904e-01	-6.106393760682934935e-03	1.179917710288110044e-01	-1.083332650443172146e-01	-5.334611277849729549e-02	4.457354278785026491e-03	3.506775137349452121e-02	4.250935017960873197e-02	8.431593268932575935e-02	1.503766305016543577e-02	1.541034385678120844e-01	-1.093976593534151664e-02	7.063498654024027990e-02	9.423347796450259883e-02	-6.214854493802891150e-02	-5.856368152037379898e-02	-6.914444497405580758e-02	-3.204971885440481283e-01	-7.904116540413962111e-02	4.001755257329484006e-02	7.128377452483561361e-02	-1.203600646630095250e-01	-8.763529205731410143e-02	1.650892784287104620e-01	2.062783971359635760e-01	-6.728976559934550516e-02	1.309930462043421839e-01	1.939178562532879735e-02	-4.637106909360868938e-03	-3.290542832050904476e-01	1.093439522529223440e-01	7.883658160580106489e-02	8.866284136457676379e-02	2.011547468211237755e-01	9.116914428850009244e-02	7.547910450853199948e-02	2.844598043510040974e-02	-2.052391450266973505e-01	-4.022988023066674523e-02	-1.859696317835514978e-01	-6.485184977316793553e-02	-1.369747200082910843e-01	6.290134395344895712e-02	4.976767905401453113e-02	-6.195134711578421938e-02	-1.850299168423525931e-01	-4.677600936121870112e-02	6.243198869310359611e-02	-1.425569413921722213e-03	-1.142146644298912966e-01	3.226599333830072747e-02	1.521886990731425270e-02	1.133543599060403695e-01	-9.078959568933989144e-02	-4.445931208359520104e-02	3.743325897215411119e-02	2.023588958404654026e-02	1.543628059149725895e-01	-7.462219950764756304e-02	8.536921756995512200e-02	-1.804276716673403058e-01	2.297931306120139586e-02	-2.072641944585171536e-01	6.068008082358166549e-02	6.475239594097075002e-02	5.054034232297775764e-02	-9.468856775020011163e-02
-1.401503569488112000e-01	8.143512092300794203e-01	-9.187892305061191589e-01	1.008693859762614942e-01	-1.885187828190984849e+00	-1.311520324057921627e+00	8.808048545219511194e-01	-5.963350751213580825e-01	3.883783255432871062e-01	3.119793390160273128e-01	3.367547782527733902e-01	-5.199714021690883259e-01	-2.635344223932891139e-01	-6.369382808584043154e-01	-2.009239068397579431e-01	8.799359070600060173e-02	3.440461234758317999e-01	8.009569829393590190e-01	3.516839426945789909e-02	-1.339707958642177149e-02	-2.682222213957198842e-01	-8.920860746767822480e-02	6.623196922005795961e-02	-4.987867577144800557e-01	-1.213639503163816968e-01	-1.851944613002083351e-01	-2.826320035581184609e-01	1.092943195633106490e-01	-2.414061630467556618e-01	4.828498896401290374e-01	4.379623865428165508e-01	6.880321043606996145e-02	1.412369767144879273e-01	-1.584794470544314549e-01	-1.102360356404763833e-02	-1.491768838075909487e-01	-8.278338483591124453e-02	-5.158059905892720121e-01	7.952089756069334603e-02	6.715098298903864338e-01	2.045196726588853486e-01	-3.464759310469298637e-01	-3.400427647474217330e-01	-2.355166904874936296e-01	-2.465954423998736530e-02	-3.293861254981444442e-01	-1.924293729296684685e-02	-2.634625119108835456e-01	-2.003547101414938914e-02	-4.562752105450308959e-01	-4.316458800602902546e-01	9.038730375343187115e-03	3.849516409666788874e-01	3.107424816624675401e-01	-9.178656343304110454e-02	3.449431855695398452e-01	1.050021868279769621e-01	1.336726690170108034e-01	-2.454051318934688617e-03	4.892261223402689756e-03	7.705988931776186490e-02	-2.463651206119007314e-02	-1.338282155658116479e-01	3.097112032002704435e-02	9.655512286125897056e-03	-1.881165742117969220e-01	4.868683346886591434e-01	6.812546479784257203e-01	-1.400357269665016835e-01	-5.332917885603064012e-02	3.263830345653275233e-01	-3.263908495630588047e-01	2.159708352730968783e-01	3.413602331387410177e-02	1.849303018903407925e-01	-4.211428481495750331e-01	1.463386913860665883e-01	-1.408500914716515617e-01	1.233252244318002733e-01	-2.717533913010541924e-01	2.493650241941417767e-01	-9.299982702748656183e-02	-7.378970629680449422e-02	9.206217535080254977e-02	-8.179539352362698301e-02	7.665665318839007258e-02	-2.759012613677947270e-02	1.135832545607672883e-01	-5.543633310322798602e-02	8.939800177154476335e-02	9.506552653893277083e-02	2.887530465800850488e-01	-2.545097406019367625e-01	-9.307939217345713445e-02	-1.818618928483481112e-01	6.819153231149089993e-03	-2.594950728804491444e-02	3.463748399649321102e-02	1.707956188876389447e-01	-1.400893042725413207e-01	-6.342972750539306592e-02	4.795407963362845888e-02	-1.258360219229687493e-01	-1.539983121126281204e-02	1.651982444990051646e-01	-2.866611887347363802e-02	-1.819742451606707057e-01	-6.737915421225890156e-02	-1.347750783397695662e-01	-1.112004040693092694e-01	3.024408226640886155e-01	-2.966111509530984791e-01	-3.184581460023941935e-01	-1.271469704244996279e-01	-8.127008396304474802e-02	-1.122967505774732366e-01	-3.860001710829350507e-01	-2.141397169094294839e-01	-2.021469294948973205e-01	8.618676041374455365e-02	3.249836815291904935e-01	3.497545665244103374e-01	-1.303079496881792421e-01	-1.430228849854086326e-01	-1.154836152751419903e-01	-4.827962777087847768e-02	-4.125167891400559339e-02	1.432917508038925036e-01
2.869182365176373040e+00	-8.315232972168370429e-01	2.033005891122379172e+00	-8.418847627997130267e-01	8.114836746816399549e-01	-1.095745212362160270e+00	-3.824683555253244882e-01	-3.774839779882252500e-01	-8.997403841088985610e-01	2.478811580918686974e-01	1.806725994852686756e-01	-3.894155015500368466e-01	1.934686315594335015e-01	-7.078291090166989319e-01	1.739527390274257235e-01	1.378017213433876120e-01	2.431990130009626661e-01	-2.153189948841200685e-01	-1.706094014659614855e-01	-8.311436040554233406e-02	-8.643591278011155676e-01	-4.366085114314574578e-01	2.871014298042254276e-01	-2.581423829274708814e-01	-2.843939306775525866e-01	3.458176341200754900e-01	2.238157324608542054e-01	-5.703083079584186227e-02	8.826534622596771129e-02	-2.767720127677384956e-01	-3.048467996753722598e-01	-3.766901797369959781e-01	5.745030796861092526e-01	-1.493053037692401996e-01	2.541545345509380743e-03	-7.535684238566779658e-02	7.187465821382124642e-02	-4.091763900223026051e-01	1.348852502167231793e-02	1.144917212797125078e-01	-2.366217959862820241e-01	1.377835602527521450e-02	4.299301003533115284e-01	7.788091316228596961e-01	3.684770050315002154e-01	4.673137619247231256e-01	1.229571514756225142e-01	-2.519900841824672111e-01	6.899426877421588333e-01	-2.061763621280872372e-02	-4.612757526017501747e-02	-3.182973470093321960e-02	1.059008856626489914e-01	3.420123076680738061e-02	2.146493012210975715e-01	1.340697381517101661e-01	1.539005330690672857e-01	1.311362056897350525e-01	-6.711152054992663984e-02	2.522506388079001627e-01	-1.469729910217295876e-01	6.360629219156312131e-02	-1.475269677434262391e-02	1.172845190458049053e-01	1.240387441150062921e-02	-6.545665981332596250e-02	-1.666805249116747878e-01	-7.321614534147335984e-02	-5.189070982396005310e-02	4.321180374609414482e-02	-1.714263671847948978e-01	-1.214795495549166743e-01	2.366590495185476317e-01	-3.192070926091539196e-01	8.411219755795452946e-02	2.598914309164105929e-01	-1.678877446354744979e-02	-4.736591971269243223e-02	8.652652139093264944e-03	1.090933791102343536e-01	-8.458275836953031701e-02	-1.337870630441285458e-01	3.075102720735821415e-03	-2.752730404986872270e-01	5.769063417369937885e-02	2.159209330419220862e-01	-1.145049380651002868e-01	2.784799674792693969e-01	-3.276168894494076861e-02	2.049459598485032508e-01	6.842960156596342158e-02	-4.573294927281867928e-02	1.180811644632236701e-01	2.882849198063633378e-01	-9.510234830997736644e-02	-8.915808789878092167e-02	-1.350221091576798982e-01	-1.536448104510718393e-01	1.120743940919483039e-01	-2.023909089379453685e-01	-5.584781811557964354e-02	-5.216088099971288861e-02	-4.393721816238610467e-02	2.393296303696243812e-02	6.432609043067392951e-02	5.341943353117273308e-03	1.323281721207090200e-01	-4.912048438517908205e-02	1.903139620642495533e-01	4.590118288204541631e-03	9.531787977232628051e-02	1.815491166841379511e-01	-1.359409408406863640e-01	2.158217947999423246e-04	4.415962334570602138e-02	-3.786021359485707699e-02	-9.204751861856792783e-02	-3.038445090584379268e-02	1.279124825330527071e-01	3.855929376729850394e-02	6.586182502201612388e-02	2.451528062329665428e-02	3.282476075352972616e-02	-1.031551522038998830e-01	-4.740964654730926015e-02	8.514882326643805066e-02	3.224850591830515090e-02	3.463492113563260838e-02
2.622323415003603664e+00	-1.147774410293760150e+00	9.746913275185123959e-01	-8.800513827913486464e-01	6.301315532575830769e-01	-9.430561912962961979e-02	1.015746623910821711e+00	2.001337514438541187e-01	-2.110852579547664309e-01	1.479407490508768408e-01	-4.682754351762485195e-02	2.560252986934601349e-01	-1.376802185849983762e-01	-8.209479130243102496e-01	2.584272443424271426e-01	6.217991247733335031e-02	2.218074009684233017e-01	-6.855564087287538411e-02	1.382895150253114769e-01	3.930057712598222092e-02	-1.070945470958511780e+00	-2.746855023691863185e-01	-1.686108985936823623e-01	-2.465569311761916516e-01	-2.240666106413971223e-02	2.321594002419250791e-01	3.158952459917861444e-01	-3.570178192848646459e-01	6.942307787146741183e-02	-2.103364916520615302e-01	-4.917438206348459517e-01	-6.124224285595949446e-01	5.895306980841610311e-01	-1.552876361410443218e-01	-7.734575238975881228e-02	6.406472916065286682e-02	1.410252782340984390e-01	-3.084990952957875621e-01	-3.317099753337607315e-02	1.403307542036677236e-01	-3.634538419669998133e-01	-1.390061627380824449e-02	6.511922137323715720e-01	5.657865683471077212e-01	4.685839785880925867e-01	5.494688155545260910e-01	-1.006808017128141275e-01	-2.639713119928506213e-01	4.632379257615010792e-01	-3.124870392395310836e-01	9.913264270732394245e-02	1.527851160627720917e-01	2.127528299451060256e-01	-1.099242441627846373e-01	9.051197346403701272e-02	-4.354252554046034868e-02	6.465601914715217446e-02	4.394977274114617721e-02	-3.183703158013090340e-01	-2.641364533246411822e-02	-5.501738464236421294e-02	5.410033242867947831e-03	2.760675471717063609e-02	1.988924862239584146e-01	-1.913470935982746202e-01	1.236379268557500355e-01	-4.114257947907973972e-02	-2.043799006421563591e-01	-6.488683665741568074e-02	-1.070366335281473236e-01	-3.440324492778041865e-01	-3.889906059599769761e-01	1.370300992055118461e-01	-5.316535879115739105e-01	1.550136084271599990e-01	4.500045990130134843e-01	5.143726851163347297e-02	-9.195154883063889895e-02	8.432304411034592662e-02	-4.156988284791765520e-02	6.469921988079745112e-02	-9.039989137185155954e-02	-3.293167594160315015e-02	-1.399603074313718609e-01	-6.297418850873533203e-02	8.756220277934780027e-02	-1.113908447159921850e-01	3.605251998345536113e-01	1.897268045289766600e-02	2.239997617066219748e-01	5.111440788256359224e-02	-1.335386114424158555e-01	2.696558092055805211e-01	2.464839999107546753e-01	-3.053449227415587774e-01	-2.031807368360644683e-01	-1.163377559057003213e-01	-3.285753815035140635e-01	1.231964329094935168e-01	-1.264954996852715730e-01	1.096192869029718742e-01	4.689026498883539645e-02	-1.417242703778288371e-01	-1.206624792987302935e-01	-3.569186477411093183e-02	2.481757973055706834e-01	3.290134755653387200e-02	-3.358042616999679791e-02	5.665057844362517137e-02	-4.658767060466849352e-02	4.133429141828341702e-02	6.849386824783735943e-03	-1.807243643318630355e-01	-1.010773865744155758e-01	-4.876003821706455243e-02	1.402550874566710071e-01	-2.738050705769906612e-03	-5.252123941493893472e-02	1.129604223691467735e-01	1.493243283363307750e-01	-5.472553364305726004e-02	-1.665430597347717853e-02	-5.127358349901991325e-02	-5.523651596335325126e-02	-2.773736926155722510e-02	-6.400632241493285635e-02	-1.258704781862418909e-01	-3.488744699350702916e-02
-1.855925130248801791e+00	1.414314924333104129e+00	1.283211262720760359e+00	-1.379241589581127414e+00	-9.580412534893187892e-01	1.114512151543012752e+00	1.243903176231080515e-01	-2.040976560692305819e-01	-4.470957455056080027e-02	-1.045719871312766447e+00	-2.543948820746073647e-01	8.034589000807802472e-01	-7.571337811735835421e-01	1.434766498110423005e-01	-3.584778718494973648e-01	-2.327053200819289847e-01	-2.802214954468487118e-01	-2.838677628429817079e-01	-3.384193926608788372e-01	1.118039058055228935e-01	-2.816054148588345019e-01	1.563551049506401447e-01	1.755644193679065101e-01	1.546716530696551350e-01	3.462576378818656847e-02	-2.773759164012076436e-02	1.753208471642307420e-01	-2.705502846865705524e-01	9.877608274145849299e-02	-1.543770932193069649e-02	-2.719684202895485403e-01	-2.238388891297228567e-02	6.686090705060310224e-02	1.380496071139745706e-01	3.351964883187694144e-01	-1.733547624758316474e-01	2.521555007372629498e-01	2.554002596179369769e-02	2.661766873791583388e-01	2.548431367472112075e-03	-7.029583720689197568e-02	3.210209883421050736e-01	3.964424205100108151e-02	1.195109379776108510e-01	4.149921571824887190e-01	-1.274025030129148639e-01	-1.037528038893020810e-01	2.748333288728401977e-02	1.376551857234091791e-01	1.948605187298049421e-02	-2.625145303444104475e-02	8.535241576239774308e-02	8.119995428103510271e-02	8.072344084496119176e-02	-3.201022921173243829e-01	-2.135729527129418548e-01	1.364169534949938034e-01	1.821351468851649114e-01	-5.894458795779725785e-02	-1.606282802176241808e-01	1.940692925299470906e-01	-2.381046644043034177e-01	3.408858116173439645e-02	-8.980881145546747157e-02	2.204887189966252825e-01	-6.298468597167003469e-02	-2.579935764495346895e-01	-5.780776442437059875e-02	6.361211416817973141e-02	-3.025226386895216724e-01	1.072167582394942392e-01	1.140043550111099341e-03	9.034131000641641707e-02	2.539465522911665274e-01	-3.013388449285646364e-02	-1.278638606796297650e-01	1.505024340199540359e-02	1.324369107657735224e-02	-6.854196640999835055e-02	2.187901305093457038e-01	-8.951792144860218348e-02	1.001126726950467977e-02	8.862830804815152383e-03	-5.351287552216583976e-02	7.626837154012006126e-02	2.661767391346345768e-01	4.672803023203356276e-02	3.715118473105838426e-01	1.498115109678472834e-01	2.534033920933551412e-02	1.751509480564833188e-01	2.228949374010193440e-01	-5.060451961904862545e-02	1.083631580975713410e-01	1.280255114199401432e-02	-9.904522207064782313e-02	8.614685205362802856e-02	-1.335203619680694342e-01	6.217910251385464632e-02	4.650197846202640956e-02	5.712305721547777243e-02	-7.191928597679697610e-02	1.362916030706695820e-02	6.356268878836675296e-02	6.179111008849809406e-02	1.562973461219133442e-01	-2.899320823049648665e-01	-2.403654252417228993e-02	9.299496594534014879e-03	6.973303630969125699e-02	2.763724431147545624e-01	1.851982734717837475e-01	-7.216627245853510231e-02	2.634248451554996318e-01	1.531821588677315937e-01	-2.832266348988893290e-02	-6.005365641821187178e-02	1.026880242598331994e-01	5.462591538476815195e-02	-1.386980509775416204e-01	9.126287052791601240e-02	9.004575795966793250e-02	1.280173765820568632e-01	-1.629176595509162356e-02	8.693224250808359588e-02	-1.785552999124914997e-01	-2.326008843756345590e-02	3.446077526430921939e-02
-1.783479709408193559e+00	5.547026659827077877e-01	8.883828955018692186e-01	-1.941879375676369354e-02	8.599924854913126859e-01	6.143717111311066681e-01	-8.280766352866927305e-01	8.527589638159978058e-01	1.301856688662303529e+00	5.505120002857143424e-01	5.297114681718951418e-02	-1.746120899044551270e-02	2.164453143390763223e+00	-3.440609968168820143e-01	9.114126204815903298e-02	-5.176083925516395956e-01	-9.279554769753636245e-01	-8.082304275541968286e-02	4.610840315863211636e-01	-1.398901775543742454e-01	-2.473674974869288778e-01	-2.028348199128361673e-01	1.096944814849896560e-01	4.680802769551627995e-01	3.637226538620252358e-01	-4.669963228021690171e-01	-1.430199213566437089e-01	1.293999205502451011e-01	-9.986819370902444426e-02	-2.469278292942255204e-01	-2.292261617659920592e-01	2.386354450310508579e-01	3.283581532381756318e-01	4.734827109231781739e-02	2.376724335395376808e-01	2.261656779178502219e-01	5.359580686421961948e-01	-1.440117643554605642e-01	5.315063701535149843e-01	1.082235464694978888e-01	-2.528440312419917915e-02	7.603624959425137053e-02	-5.013275696588675306e-02	3.248199472268636923e-01	-5.465482887402731138e-02	-2.879964997845195218e-01	2.631954235973880674e-01	-4.642576025767138070e-02	-1.248819151787214365e-01	1.708630232276135696e-01	-6.928678225855694484e-01	8.537763437999194849e-02	-1.304139746157849042e-02	9.124143013144526970e-02	-2.821983005928287991e-01	1.108811412253908890e-01	-3.613820914102191528e-01	-1.762779073390752793e-01	-4.164188795804371068e-01	-6.911830826527384612e-03	-2.099927469635160804e-01	2.875986904294826618e-01	1.592119110522634273e-01	-1.026558369885790939e-01	-1.244036115107560597e-01	9.352446808284971269e-02	2.414291843405302618e-01	-4.296207012012770443e-02	-2.541540490552639531e-01	-3.103431227487405963e-01	4.972032765339594318e-02	-2.178066452652884562e-03	7.028262947836559638e-02	-2.020997690713999817e-01	-1.482194794803860238e-01	2.074408820889585836e-01	1.449144607559846587e-01	7.669383247685070126e-02	-9.283068370567809646e-02	1.480142079649653941e-01	-3.263197979755529388e-01	1.849243754916326740e-02	-1.040064830758477415e-01	-2.130262300364614905e-02	3.045217263589700130e-01	-6.995792609792497729e-02	-1.991357774098683475e-01	-6.030002875552346181e-02	1.852007304766538631e-01	8.793531662621575928e-02	-1.129837634352654219e-01	1.141744850938602451e-01	1.841514815346908529e-01	1.490330587785156646e-01	8.918573419051657736e-02	1.606413039816633193e-01	2.642816944173811411e-01	8.701351887055454315e-02	-1.691563536688188707e-01	-1.321902084461975754e-02	1.615236324328655215e-01	-1.418498604505600835e-01	3.279781416552142448e-02	-2.081836152485869174e-02	3.171410046905199370e-02	-9.254934172054538055e-02	-2.425792747204122135e-01	-2.887186995331611494e-02	-8.161717308477958732e-02	-2.464121413735114730e-01	-1.352113542727558515e-01	3.030654581989430420e-03	6.650686163177288446e-02	-1.357340241883638332e-01	-1.064337521493769756e-01	-1.172696815947297105e-01	-3.222597263610931795e-01	-3.249433935829525166e-02	2.706204237775277077e-01	4.780060967009103906e-02	1.168233074154449193e-02	-4.460011304043789288e-02	2.679727668226324355e-01	1.143613673448603818e-01	6.730012459132774828e-03	1.103517840075174672e-01	5.277034272082709032e-02	1.504627334260006943e-01
-9.435723428350383246e-01	-3.032169427863969258e+00	-1.066646621140612400e-01	9.011351148457014126e-01	-1.316077030200735409e+00	8.169497373465892665e-01	4.935445985268792080e-01	-1.522021924107289093e-01	-4.528005499983162596e-01	3.810530771063677657e-01	-8.746457767162547914e-02	1.200414486332220254e-01	1.587094777569723336e-01	1.404654165094716134e-01	3.300990076397978812e-01	1.401168931562378206e-01	-2.344026256366610050e-01	-1.041721852401003012e-01	-9.363523950595424583e-02	-3.219552011078045672e-01	1.769169099707358639e-01	-1.899344310846313999e-01	-8.046766903832094919e-02	-7.034767679703846088e-02	-8.093042974595428263e-02	1.520206373690545787e-01	3.691712942940978959e-01	1.900601595498564028e-02	1.516458984037575598e-02	-2.198743469994193234e-01	2.427859852496677961e-01	6.548928504265291717e-02	-1.836317511379121914e-01	-3.749937760105977458e-01	1.674760622694447809e-01	-1.123049742500316084e-01	-8.102538754186827674e-02	-1.920696455754261345e-01	-8.219089712021640515e-02	-1.080579564829027284e-01	1.134505641282410222e-02	-1.788405564918660595e-01	-6.434365820143956270e-03	1.951631099658304447e-01	-1.025303798743696509e-01	6.760194601318780805e-02	3.452922720112018840e-01	-1.507981899072906029e-01	1.073556652637521272e-02	-2.607598708878487992e-01	-7.102343476040032591e-03	-5.883308209463058297e-02	-8.965962536637966940e-02	1.528242944199804942e-01	8.201882715896055553e-02	1.707534171800794420e-01	1.125216607749634640e-01	1.827253317942698768e-02	-1.145556081137618157e-02	3.161358675850159394e-01	-9.204140029978256921e-02	5.570725488266427966e-02	7.824136159028525139e-04	1.856563706976690209e-01	-1.163553476083284688e-01	4.004116205898577974e-02	7.770000136811362756e-02	-8.341051601434691654e-02	7.843970826204196833e-02	1.143771711463015782e-02	5.486893798626205077e-02	6.756068793971337083e-02	7.801494556199813080e-02	-5.061359651502216755e-02	-7.589886118527122694e-02	-2.639877689436168628e-01	-1.947563889057463095e-03	-6.965065124522983042e-02	2.220273573571435732e-01	8.209483967505369628e-02	-3.192009706634422322e-02	-9.652609227987401022e-03	-2.007821708923520632e-01	-2.390537266335646116e-02	9.527206160417513170e-02	-1.573877903523193678e-01	-1.617865645659806728e-01	-3.392754326877496507e-02	7.340789656228016713e-02	1.410312356029197814e-02	2.127615813475806916e-01	-1.367484478178700169e-01	-4.570191467845530209e-02	2.088840008853865352e-03	-3.743145227734034214e-02	-1.006871066785277324e-01	-6.699152393767647540e-02	1.116803986460921383e-01	-1.401380694111810654e-01	5.394378450985163297e-03	-2.215045518883274889e-01	6.717714387884145266e-02	4.100826712569086152e-02	1.859251928099213691e-01	-2.572584810324661519e-02	4.145083070815683973e-02	-5.750164192552392750e-02	-2.443853308238422631e-02	-3.326335778386308589e-02	-1.182259154390294664e-01	-9.584188052138990777e-02	4.057614614253333973e-02	-2.780446975633048615e-02	-6.615101692342184592e-02	7.648520363974548042e-02	-2.597861782212645271e-02	7.892930736642157774e-02	2.173872784382697293e-02	5.761315317561992166e-02	-5.369878891086900946e-02	-1.407284790944877129e-01	8.590837620085288451e-02	6.113436612090240863e-02	1.711013521269834081e-01	5.511657696570333026e-02	-1.097592304303050409e-01	-2.899375580288844970e-02	-1.807648179467318816e-01
-2.067608387905065293e+00	-1.775920547352421108e+00	1.380341655252984800e+00	7.090486647880122062e-01	4.490240763302048022e-01	-8.829613298745995209e-01	-1.482101045050921995e-01	-6.570762177098253554e-02	6.212213138019608838e-01	4.840322642456303392e-01	6.064804709063928989e-01	2.088367338715988245e-02	-7.764308088318225831e-01	7.060855254720992402e-01	-1.268189172759235095e-01	-5.041942471436483553e-01	-1.062339504130118545e-01	-2.166134503025209102e-01	2.268957266670793282e-01	1.960454778788587593e-01	-2.887052028699676476e-01	-1.464204968928594919e-01	-3.509850660350369300e-01	-1.813463405294196973e-01	-9.474154169690463326e-03	2.989945993194803031e-01	3.138548534634506837e-02	2.054587594044752219e-01	-1.733591465561936940e-01	2.166864630125189262e-01	1.518518482080715715e-01	-1.181502644020540477e-01	9.406748124921589238e-02	-1.731011071506356469e-01	3.299878062292960768e-01	-6.468121690559547332e-02	-5.323274487395224241e-01	1.883002508135710740e-01	-3.819234705483158243e-01	-5.261060992332244890e-02	1.166858762806514266e-02	8.354338075239869238e-03	-1.451894607652830516e-01	1.516708110991020486e-01	-1.010159988074935677e-01	-8.830594925580654425e-03	-1.083139275756863362e-01	-5.405276474001803610e-02	2.499957366717029117e-01	-1.047092018458707363e-01	-4.429699329075150183e-01	4.799871206495869708e-02	2.826915036015654747e-01	-3.912923607656321190e-01	6.207269567937234028e-02	2.863402992368071359e-02	1.418101155406751301e-01	3.969346880376194431e-01	1.382140407373488589e-01	-2.805467633750604040e-01	-4.518866047618527726e-01	5.030226503500011964e-02	3.203398434246193527e-01	-1.766344419053902659e-01	-1.137367384580473678e-01	-1.113396285360884613e-01	1.123686539770111653e-01	3.329965004628954173e-01	4.968961326797149969e-02	-7.117652013209534168e-02	2.157316278207781490e-01	-2.142853377491136802e-01	6.907801965486830287e-02	-1.619541117910677785e-02	2.627141367336406283e-02	-2.470803336296286401e-01	5.611468449835329414e-02	9.134119778000765466e-02	6.168071350471154846e-01	-2.131208442067481987e-02	-1.887440703018904709e-01	1.611853146743178963e-02	1.991115506317299721e-01	-3.787909647885016797e-03	-1.038555965219890853e-01	9.634398628938642406e-02	3.195638724010939347e-02	-2.424589386554097392e-01	3.333385663413875877e-01	1.388850693592277030e-01	2.294095935639745842e-01	-5.805736952340226353e-02	2.641377042695075006e-01	1.528307594616829523e-01	8.816818615807998916e-03	3.062819908584513487e-02	4.046148868445584995e-02	2.638554018876321794e-01	2.772602510885899263e-02	2.010528527276448374e-01	1.128518176439340798e-01	3.439996914515698612e-02	-1.431999363116719624e-02	-4.961866410414708835e-03	-1.445704315027284970e-01	1.516203462373509336e-01	1.652163300411164104e-01	-7.472349006279377370e-02	7.217319516027285997e-02	1.551073390731457502e-01	5.707103286683275906e-02	1.288236522666229011e-01	3.673169911790109821e-02	1.098300314611939943e-02	1.911722090662331952e-01	1.889239952159938243e-02	-6.523264034205558670e-02	-1.721391997169116062e-01	1.071535268196246310e-01	1.016254472611928528e-01	2.340509667246787606e-01	-3.562462906690697095e-02	-7.451036648710991639e-02	6.811402211412388719e-03	1.992782371599718105e-01	2.893037718254431664e-02	-5.776085538147708587e-02	-3.145922520747981149e-02
-2.301879715976305363e+00	-2.136812908143058465e+00	6.818468130763678525e-01	2.081297684946360471e-01	1.461328329330794817e+00	9.798244523935369932e-01	-6.600631191116762553e-01	-8.417696980816835595e-02	1.414349964742174892e+00	-4.717895690613468362e-01	6.290466511478093325e-01	1.060043915561791061e-01	-1.251462831098883566e+00	-2.636870384840799275e-01	-8.867908208556127270e-02	-7.199257270135267506e-02	-1.538244942510497149e-01	4.188186687534084518e-01	-7.664319250967405184e-02	5.436615558977951623e-02	-6.626813506196556069e-01	3.734074576434627812e-01	-5.940536866914617464e-01	-2.514831198185495942e-01	4.986739127705647201e-02	3.084674095072043043e-01	1.609883552759580616e-01	2.224916810320519689e-01	-5.897566417464633615e-01	2.073661996339198899e-01	2.975856958191555601e-01	-7.538605907882557355e-01	-5.085345130983129520e-03	1.371270258096129457e-01	4.066129251100483732e-01	2.135018171205244619e-01	-1.520791477288503946e-01	-1.099658991730403414e-02	-4.115320011503660891e-01	-4.902370475025580321e-01	-6.590283765988935727e-01	-2.270562954453492210e-01	-9.057887168286855584e-01	-2.386615795379886107e-01	2.757624430362927426e-02	1.594504190593576745e-02	-1.461439744495212634e-01	-1.368910867684104693e-01	4.180123013733318960e-01	-2.074524611358804504e-01	-2.880674944883434563e-01	1.552559561326042059e-01	1.924264547708935125e-01	3.862962152705176622e-01	-2.156894868591099634e-01	-2.625860000641526137e-01	2.334018263066587329e-01	9.724341166365253752e-02	-5.152421853141309072e-01	-3.183754057296578899e-01	-2.340560160172259763e-01	3.145583331568971991e-02	-4.050723409441318867e-02	-6.903524362916479973e-01	1.240832326411435288e-01	-1.284922733335571443e-01	-8.979665970592617952e-02	2.747160795356979462e-02	-1.677299737778371325e-01	2.481390420617769418e-02	-3.938635402804069874e-01	4.300990166879151699e-01	-6.713566942970525808e-01	9.843664608260420390e-02	-1.142492426656952810e-02	-7.164053803557504652e-02	1.449429101334730463e-01	1.592242440040397278e-01	1.996544451705955514e-01	2.493024633658801614e-01	-3.580807866670676631e-01	-1.965444224450713095e-01	1.597199838649849823e-01	-1.293892474279021432e-01	-3.555380894833964356e-01	-2.329645655373121516e-01	-2.331798531102284577e-01	8.690889489308789573e-02	6.918802248851486925e-02	7.238530087647700173e-02	-1.037094300727353091e-01	-7.207264033546167264e-03	-4.111683290982147687e-01	6.076601515178977619e-01	1.977011104516662385e-02	-2.310081408648318457e-01	-9.034102676182612091e-02	8.131014676098823404e-03	1.561908725953076171e-01	-1.388011282396574286e-01	-1.610163127833869889e-01	9.551875894206081352e-02	1.699397071003171111e-01	6.926861326607969271e-02	-2.068961627738307163e-01	-1.316993281445173747e-02	1.131484626905319701e-01	8.288630437561644859e-02	-2.774670343629020430e-01	-7.209944822800021247e-02	-2.956972777325678897e-02	2.811625601541400399e-01	-1.226457797462868066e-01	-2.610631497072717355e-01	-9.934415928489470637e-02	-4.347846004040611424e-03	-1.925286411413065779e-01	1.499231414318907829e-01	6.361099892848380566e-03	-1.017082677769700766e-01	-1.724758223901457221e-01	-5.930456223455904397e-02	-6.126534740437483001e-02	-1.951124250429388529e-01	-3.620556560134930435e-01	6.671980216709111344e-02	-3.735494990227412188e-02	-1.043483864743432674e-02
7.700217241593282358e-01	4.526851377443233959e-01	-1.731393234510387957e+00	1.964002302645312670e-01	-1.478725667178323544e+00	1.153552339993914183e-01	-1.786637171733202800e+00	-9.711041640632858130e-01	1.363377823140567102e+00	1.831213919140999846e-01	5.887067085215061391e-02	3.460013676255569992e-01	-6.941342375581912583e-01	5.102057730738561725e-01	-1.216721269881502199e+00	5.730249938973762669e-01	2.622732906479834925e-01	1.214503142833922716e-01	-3.169895114499611255e-01	-3.718626256045586831e-01	4.574759161725424628e-01	4.212206637960085875e-01	-6.219610392173707814e-01	4.775878597865799713e-01	7.949078188583083016e-01	-1.084019113740350981e-01	3.136902303892014077e-01	-1.060032585391391891e+00	-2.172982690035828168e-01	-7.401024153477290257e-01	-7.905984775954572052e-01	-2.912291123295481232e-01	-6.669459372411733200e-02	3.763606580548672920e-01	-1.210620045617465945e-01	4.973030201092177305e-01	4.867461519433349815e-02	-1.370346636373099392e+00	-1.987494569161993574e-01	-8.015954515136860525e-01	6.931554524977689979e-01	1.097209472752811305e-01	-6.145528227319164705e-01	3.892816110412069541e-01	6.070637115155621544e-01	-9.410560240189798364e-02	6.853981147682846053e-01	-7.571756239239499919e-01	-1.137619901281669288e-01	3.057092148500811790e-01	2.945454041381876178e-02	-4.165897455913354919e-01	-5.089035085933064639e-01	1.695354136609369677e-01	-4.193187381163723249e-01	3.102537813797117128e-01	-1.416729567703687853e-01	1.505081237592645060e-01	-3.099649929418450967e-01	4.192076663875833331e-01	4.834240469180001720e-01	1.197160251812740411e-01	2.872544099197185674e-01	-5.013731436457644630e-01	-2.784124051063858324e-02	-2.035625420041541622e-01	-3.311701374347734705e-01	7.295796626699126153e-02	1.192631287577414073e-01	2.076724275761665239e-01	-1.499967102390316054e-01	-2.483787401910790560e-01	3.006196483561885402e-01	1.742949412559653133e-01	-1.140675313206739594e-01	-2.628307401259926679e-01	-2.393998872709465209e-01	1.966087211171662352e-01	-3.756335555565763068e-02	-5.085895589486040258e-01	-5.247467152683360503e-02	-2.564154443304912379e-01	2.108138205102079166e-01	-4.396289791293689353e-02	-1.569939971731976885e-02	5.369043810714831111e-02	-4.679745126739471295e-01	-3.825191743540085620e-01	-2.055006797123893475e-02	3.018497718730248081e-01	2.686252181562783226e-01	3.844782290519954682e-02	1.452862460151079504e-01	-1.503199292372088269e-01	-3.661907581258432298e-01	1.520425166672649819e-01	6.959377460821461470e-02	-2.307880902834856529e-01	2.788810297513975578e-01	-2.016127927917276408e-01	6.872526800264211477e-02	-1.053615967551781579e-01	3.191931336206423053e-02	2.041108979296585857e-01	-7.616353386948686299e-02	-2.926709581532791274e-02	-2.355762843443114929e-01	1.934705813426675081e-01	1.561406998574919325e-01	4.144498318452022323e-02	3.403767786243027532e-02	-3.502808668693618756e-03	3.176731953050629387e-02	-2.569827125568887455e-02	7.889444958342059500e-02	-1.648349388734459131e-01	1.616454174610058164e-02	2.100214674232363243e-02	8.359040122246975957e-02	5.361299062088292072e-02	9.838297737872189752e-02	-5.293759294156900885e-02	-5.082554692479455960e-02	4.248655806510996669e-02	-1.478298658069343297e-01	1.891568447233867856e-01	-1.400808563426145514e-01	7.305864054469511648e-02
-5.613571371705627922e-01	-1.362933146642839599e-01	6.201859757979163446e-01	-9.116812144403994012e-01	2.889186016707139815e-01	-8.895039528316046606e-01	-4.063002093913995472e-01	-6.936136528725052042e-01	2.497455741446704125e-01	1.997836752543954209e+00	1.696705482440750701e-01	4.794021580310386943e-01	1.332730392495158067e-01	2.995955354040490404e-01	-4.840586051094638576e-01	2.353086179079873219e-02	4.584965491376462032e-01	3.514812978048038883e-02	-1.693138451145261569e-01	-3.773256162957702720e-01	2.753761804369397326e-01	-2.743662617019962946e-01	3.474970283299470136e-02	4.614535987544772233e-01	3.178316162625793306e-01	2.601173511470471489e-01	-9.035956706551451223e-02	-1.922930718007527517e-02	-4.543912527774893878e-02	-4.106946562799224099e-01	-4.702962363787962195e-03	-4.139584887784560352e-01	-6.131425317815646786e-02	3.486036728832304643e-01	-1.891249842426045644e-02	-2.190042921760078712e-02	-4.248877927077936989e-01	-1.049664052669742054e-01	-2.433048809842655591e-01	-3.065961812510750728e-01	1.670929034716088502e-02	1.249558026158062961e-02	-4.623389537562230256e-01	3.148437428458859128e-02	1.480252772967806385e-02	-1.198479027089519727e-01	-9.570191739530832520e-02	-1.296761818844153757e-01	3.348600000185977810e-01	-3.944344429971723132e-02	-3.754216355681146838e-02	2.871216510630091867e-01	6.629921593623833154e-02	-7.955688560643041640e-01	2.220003426154768811e-01	-1.057357695417562443e-01	1.202377679299904689e-01	-1.974090474834395426e-01	-5.068946293068532505e-01	-2.342398826458470251e-01	1.319264026285865005e-02	-8.808119391601228199e-02	1.628244294081975518e-01	-1.563737145184285471e-01	-2.121865146518128464e-01	-2.114436053707495211e-01	-7.530979292394601732e-02	-1.186588800343979233e-01	-3.608720338271467765e-02	3.170530801725044978e-01	1.865537420798354107e-01	3.728969995687640426e-01	-2.799358326113347839e-02	3.985572780538952642e-02	-1.235907226329958364e-01	2.035561351859273005e-01	-2.436122097028040612e-01	-1.475030146863000602e-01	-5.488005590999728983e-02	-2.492188826030473092e-01	-1.084552936923210281e-01	7.407717088789319559e-01	2.988652945392613475e-02	1.528480375933903568e-01	-6.774202752236614666e-02	3.245001921154055946e-02	-7.066400522204598078e-02	-4.703665340523473237e-02	4.396361959212485848e-02	-4.477398488684441319e-02	-1.448982505561394740e-01	-3.335970138030210919e-01	-1.581932669727295349e-01	1.109266795850294557e-01	4.994113848564855213e-02	-1.657239702839818085e-01	6.704608482496704838e-03	-1.159184147856492236e-01	-3.203049262985323102e-03	-1.761092584112500248e-01	-9.089595923379736875e-02	4.843125140447893107e-02	3.240557536672295652e-02	2.279630256393836152e-01	1.218408299873803141e-01	5.925286426020544978e-02	8.796189774549800777e-02	-2.186524386636498063e-01	2.148096981003068048e-02	8.043696113189771624e-02	2.946724841880069001e-01	-1.476336543711954663e-01	-1.103965730628088948e-01	5.967864187738924908e-02	4.488534301482630107e-02	3.214982991634108278e-01	1.522924575810575241e-02	-1.381496788236959150e-01	-7.281157237727443540e-03	2.284605783140429835e-01	-1.996386832343444995e-01	2.453012493852889664e-01	1.634043923667518328e-01	2.238649115396824929e-01	3.667863791780087701e-02	-2.440670645229549296e-01	1.509663130203369452e-01	-4.424564993492473980e-02
-1.493511369343487161e+00	1.104942902339956401e+00	1.359333771224447318e+00	-1.951613817917204008e+00	-9.628203686429593899e-01	4.326376763830734329e-01	4.307750178554922149e-01	-2.843720048136177403e-01	-6.229855006875421042e-01	-3.851487078601217862e-01	-5.561366472178423948e-01	5.718651629760445054e-01	-3.383285310083408715e-01	3.367222831698791774e-01	-6.509073472930916593e-02	3.918487704975199271e-01	2.275965665262554838e-01	-2.002707801442639712e-01	-4.951458997418157759e-01	-6.047394423158817395e-02	-3.166772608681159840e-01	-3.464708883312204724e-01	-1.028930625540572380e-01	2.913761670745383392e-01	-1.426109372010051779e-01	-1.693159756499695023e-01	1.585092228359341604e-01	2.343180162757269591e-01	2.206962238373130422e-02	1.681393527760155215e-01	1.834609220337144186e-01	-3.197462029760809732e-01	2.951474704764114332e-01	-3.254883591602205084e-01	2.842927714096015190e-01	1.846492611656051219e-01	-2.071877822010415038e-02	-3.399721200405935728e-01	5.740740899651354534e-02	-8.372465033591874883e-02	3.331833318289427193e-01	-8.211938247303295080e-02	9.541580803522278775e-02	-2.086045143492621656e-01	-2.226076374245028466e-01	-2.870903044065768739e-02	2.216714539063435185e-01	3.491042315654372397e-01	2.359895597657928230e-03	-2.598272820569769159e-01	1.532384721935240168e-01	2.312685809005785020e-01	1.601540181262773310e-01	1.094331648365568233e-01	-6.538814939252175773e-02	2.472398159256788963e-01	5.822503724876394032e-02	5.241176574865764881e-02	-3.452034206028562480e-01	2.576196530656258421e-01	-6.644242973529096430e-01	2.064474427468928064e-01	-7.630100071574309750e-02	4.289408668303204553e-02	-3.934270410202524854e-02	-3.166965934042414443e-01	6.048378261953243212e-02	-1.773994102980901134e-04	7.599601873374506322e-02	-2.375419478589746447e-01	1.182329937414719478e-01	2.855430311500101181e-01	2.760383685209471735e-02	-3.363802892720219040e-01	-1.062068644805432976e-01	3.203641936907514753e-01	1.425657217147481004e-01	-1.034438550849370031e-01	3.909721750987795175e-01	-2.315412021111943608e-01	-8.026076717165403496e-02	-5.105775964281094106e-03	2.262519615022328678e-01	-1.698803160178546656e-01	5.301455889410444655e-02	-1.178202498779482299e-01	-6.121388833748225844e-02	-6.650683923010367038e-02	-1.360197987508400736e-04	5.871779213851308771e-02	-5.402796427681201552e-02	6.810197894951651454e-02	1.277458500884782744e-01	-1.443606960544522311e-01	8.725582336001037886e-02	2.517322707511173152e-01	3.703019693108885709e-05	3.113086771948809714e-02	6.528027126407641434e-02	1.373699298475317132e-01	-3.673988904751013251e-01	7.126853669745016051e-02	1.538012173416995476e-01	-1.056069879888766987e-02	5.000560512301096411e-02	5.553087614488367435e-02	-2.618699092188833677e-01	4.662240112275836679e-02	2.380375439944046045e-01	2.578638458106029541e-01	1.142408798613167437e-01	6.122272059268141220e-02	4.507244089447203783e-01	-8.589425596443366062e-02	7.425226727239180036e-02	8.580781492936279467e-03	3.484874721350598309e-02	-1.013493326878340539e-01	-7.804327144010661521e-02	4.212811447040008817e-02	1.675484676921580943e-02	1.539006731968184383e-01	1.125511745407024589e-01	2.510195276744965620e-02	-5.660857063366829534e-02	-1.077940924303978087e-01	-1.374435413021822365e-02	-1.086012886968758112e-01
1.971566337596299290e+00	1.233010537718153943e+00	3.654592860928326803e-01	-3.039387753064118902e-01	-4.775853326456896975e-01	4.766826503887543476e-01	1.180762262466207080e+00	-5.935666900344446217e-01	2.024202634870620465e-01	5.187770825436170963e-01	6.246068142059155726e-01	4.727745830236883273e-02	3.443109409679700472e-01	5.830538104212548145e-01	1.199457553962864909e+00	-8.311616977306078846e-01	-1.403927233436836619e-01	3.122776988002639587e-01	-6.320230318362171640e-02	2.164317794218162117e-01	2.402322713030669854e-01	-1.240008995717368492e-03	1.989563794011927067e-01	-7.308064210051262721e-01	-1.881806446065958927e-01	-3.869013024573300652e-01	-2.609985359645996539e-01	4.918161846048846320e-01	-3.358494327635340171e-01	-3.787523360176219822e-01	8.369572287324156257e-02	-5.055815256939484303e-01	-1.587690616771059160e-01	3.503077196735723264e-01	3.048373277725540675e-01	1.731832444730528886e-01	-3.724788507594644082e-01	-2.016693514672037724e-01	-9.316121373249242055e-02	-4.784164820790117595e-02	-2.852413839778911858e-02	1.867492002777892679e-01	-6.590943201560338638e-01	-1.257740740129444090e-01	-3.531279393934617650e-01	-1.037963676245180072e-01	-5.882735531484715175e-01	1.516059015166975887e-01	3.140465479166602014e-01	3.581131659754950847e-01	-5.123606607061503837e-01	-1.023440977002907336e-02	-4.483181886704581259e-02	-6.248594640867366490e-02	8.789820911205464826e-01	2.308611039540748311e-01	2.820735778095400104e-01	-4.352880178740945460e-01	-2.757132366118495437e-01	1.605855816284636473e-01	-5.543522411115243270e-02	5.805650421393337979e-01	-4.257449300278425275e-01	1.417358250133718967e-01	-2.145309006853242662e-01	1.527299895739596125e-01	-7.624020734523791198e-02	-2.157171997562761512e-01	1.779732688200033608e-01	-1.955396754823108818e-01	-1.238257038674073496e-01	-3.966443397789430336e-01	-1.768799794094882017e-03	-1.066130741006709667e-02	4.721695754332958656e-02	-9.747947984833284230e-02	1.505108379141133768e-01	5.386596524905663125e-02	-3.306923195220659584e-02	2.102447207102177695e-01	2.698856075923786735e-01	2.922723550256978164e-01	-1.990750372958659253e-01	-1.789242497337704685e-01	9.176304973050097846e-02	-3.052023101289360121e-02	1.334528582498142601e-01	4.086042678569274528e-02	3.191981326796667906e-01	3.737835854006531233e-02	-3.726855630205833797e-02	-4.809378292654619691e-01	-2.588267206218074212e-02	-4.521179087480575731e-01	8.364669517904643747e-02	1.245360528999151367e-01	2.605240032004825790e-01	2.066479706476084810e-01	5.935103505600932694e-01	2.095658143760465580e-03	9.606048664575385365e-02	1.834455245643468735e-01	1.958341001262210376e-02	2.892643168747504046e-01	5.935794211903878959e-02	-9.746803394706007873e-02	-7.288284522521334963e-02	-9.664671378415568004e-02	-9.847369144463120894e-02	3.518133952992448799e-01	-1.116176074717573491e-01	1.916392893840380696e-01	-2.424613555942447540e-01	1.784715143279582694e-01	-8.436764941525151662e-02	1.136694405367534230e-02	1.441818181084212613e-01	2.709971351612585622e-01	1.938391658854165533e-01	-4.340195068630360586e-02	-1.101798246222564087e-01	-1.407950132289493006e-01	9.319007194770610736e-02	-9.154655346223811163e-02	-2.304996664903636028e-01	1.047677517543607051e-01	1.441758357721620353e-03	1.382644292505251782e-01
1.248036238601982484e-01	-1.463945755333203813e+00	-1.955130266657833404e+00	-1.377043843765726638e+00	8.071899229245969032e-01	6.487791356218913785e-01	-1.041012919971178036e-01	5.570040435950930346e-01	-2.680058013740082012e-01	-1.903193080621331246e-01	-6.340137788758162252e-01	-9.128607472400999123e-01	-1.047489517000643189e-01	4.086313680151053007e-01	1.794646235940480505e-01	-6.493333397910424631e-01	-4.083847950069096622e-01	-4.354751210400240602e-01	-4.812413591400760415e-01	-1.425844466933991472e-01	5.481836858094906173e-01	1.873053186070376339e-02	2.240160958947340908e-01	-4.226828741931740185e-02	1.139749018330510344e-01	2.130221378609168104e-01	2.353255150904542126e-01	-3.949037786962714125e-01	1.357962412754130099e-01	-1.987261695252701965e-01	-2.864458614442964152e-02	7.529178053996465891e-02	-5.161457121306488316e-02	2.537699606283450593e-01	1.578985809544384000e-01	-1.043898620097339497e-01	7.246273984022293113e-02	1.519561347584637012e-01	1.015107049279217050e-01	-1.204555945793528982e-01	3.407047390681412075e-02	-1.590811608443068736e-01	1.361567360667780176e-02	1.581098409059140397e-01	8.811708872110436686e-02	2.798481679685626000e-01	2.552065010402685408e-01	1.161308898118828398e-01	8.808903314229063475e-02	-2.665381467222288081e-01	2.256806071042862655e-02	-1.978381225741845592e-02	3.553040791357074402e-01	5.243395773073326882e-02	2.524726751089279714e-02	1.792777360058379899e-01	-2.217567436859586849e-01	-9.303914421601401294e-03	1.051872308714286997e-01	2.303932456855880551e-01	-1.911754211284000813e-03	1.707463498104775379e-01	1.035422565564110414e-01	6.526865013248303593e-02	6.077344934823811391e-03	-1.958733962713762877e-02	4.021956173079241185e-03	-1.505856422712636700e-01	-8.262228690906908701e-02	7.062120856535111790e-02	3.931857822416045395e-02	-3.312075602200689750e-01	1.823990849434962425e-01	3.642389081428660472e-03	-9.130112269324901220e-02	2.120213751786718601e-02	-6.441384887362669454e-02	2.031965453508047525e-01	-1.317236513519187691e-01	1.979533164257347988e-01	-7.148966032651458968e-02	7.123051141189556609e-03	-1.342657008368857985e-01	2.325854020783741510e-02	-1.233851516680945226e-01	-1.686235781183412774e-01	2.449857369847038002e-01	2.465762644671542214e-01	-3.907153652353109047e-02	-2.358303393830691458e-02	2.377664654371127936e-02	-7.489080332377032190e-02	1.477154049541582193e-01	5.893601491150636529e-02	-8.755267573374883594e-02	-1.397199667158674323e-02	1.931068341062747856e-02	1.186073200260197857e-01	1.375417431198042995e-01	-2.582151255014883753e-02	1.366132923319578196e-01	1.820331159724679071e-01	1.888731980439678493e-01	-4.325655491212688358e-02	-1.257886372880002990e-01	8.585885682032085020e-02	1.087006197337739566e-01	1.814766648304609320e-01	-4.343765917455775366e-02	2.853256711745296229e-02	-1.811336834191202769e-02	-1.550308933457851708e-02	7.847474160303664903e-02	-1.405442680735049799e-01	1.714750014038775305e-02	9.977444178350993939e-03	-3.380486603581764338e-02	-1.323103887537457543e-02	3.679488950597305241e-02	5.425417292967135707e-02	-4.378141517849365449e-02	1.510047047070042781e-02	-5.730513716795263002e-02	8.341564480238919388e-02	1.917838251509447868e-03	-1.694597831078749062e-01	4.515279100135824626e-03	5.887965983386311136e-02
-2.085703653801405100e+00	-2.222365369779391031e+00	9.382460901991827029e-01	1.859895114613446809e-01	2.108458506985171788e+00	9.822838724625325701e-01	1.531911220151898900e-01	-1.322406874491098006e-01	2.544107355517354341e-01	-9.513119854077195514e-02	9.158141428751661595e-01	2.180577660253489036e-01	-5.136881453941931630e-01	7.368619553231315900e-01	-1.190503835624705520e+00	-4.674447865737356156e-01	2.081798127374148710e-01	2.894772407416420501e-01	2.356635588951561944e-01	7.296499841765564653e-01	7.869597524390380128e-02	-2.809599755893046336e-01	1.517590828249147095e-01	-7.852500068143448697e-01	-2.986360596817231317e-01	2.627137414289872352e-01	-1.133506349188084794e+00	4.235575711248600883e-01	1.301608008908905212e-01	3.088408046194041079e-01	-5.344069321624336788e-02	2.635436800365166254e-01	-4.519370156049714038e-01	1.778284887715317619e-01	1.993363016681426181e-01	1.038305035559877298e+00	3.393851621756948100e-01	-6.017936753316275311e-01	-9.607641808717568704e-03	1.113809907696034773e-01	5.215749472716706414e-01	-7.363342967920332161e-01	-6.023708615395184651e-02	-4.349216258133562635e-03	1.543317882993132106e-01	3.241858692592903268e-01	1.506144777353807425e-02	-2.144835443516616424e-01	-6.904224410131770684e-02	-3.960130713790468993e-01	1.344170638792065164e-01	3.062875234585370476e-01	-3.614777075417456853e-01	-1.524169136544328840e-01	-2.563730926493270057e-01	-3.257510502694210830e-01	-9.597792542484478995e-02	1.518982462947466860e-01	2.867668745410597575e-01	-1.478059889416680206e-01	-6.490064692598660097e-03	-2.560288192869032975e-01	1.713670883214011564e-01	4.501065037214080911e-01	-8.990590811638189510e-04	8.125763038466046750e-02	-4.149177637640047434e-01	2.701780609313057524e-01	-1.885634370304875851e-01	-2.967368899464830623e-01	-3.003522566998559906e-01	3.136113473368267596e-02	-3.001768904133577109e-01	1.479729432203425177e-01	-5.807480363612184913e-03	2.604664522437783458e-01	8.108287750843544417e-02	-8.809510808232325074e-02	-2.269914381471148379e-02	-4.923045062574349928e-01	-8.120492703704963733e-02	4.381997887955617343e-02	3.779956686888038403e-02	-2.301569728951962865e-02	1.887698965232158521e-01	1.101614023551064359e-01	4.190924285476661515e-01	7.871218558705150858e-02	-1.853527660023246079e-02	3.376038725895665754e-02	-4.523918007208033165e-02	-5.357232042046973508e-02	8.989161275309880128e-02	-2.362450501746777010e-01	1.149862440356916732e-01	1.402189830903999013e-01	2.702905909287344755e-01	-7.341862729111064967e-02	-2.625466152611376502e-01	-4.906907018639517504e-01	-5.152527413355830616e-02	-2.774873696623013086e-01	-1.368974274517788248e-01	-1.031965983397979958e-01	6.207294368014953934e-02	2.051829512864025429e-01	1.138033803457710602e-01	-3.172264834515940712e-02	1.762780888933433432e-01	-6.519066600516061627e-02	5.068633575491826582e-02	2.513926818975980026e-01	8.542944627268049540e-02	-2.311522073421901358e-01	9.922839719589127139e-02	-5.184274304834143865e-02	1.569933409116965328e-01	-2.041645500181359096e-02	2.188219752628238202e-01	-5.752823459182937471e-02	4.678097053423650731e-02	1.172663887924078017e-02	-2.776685025019299397e-02	5.603458537026080599e-02	5.296800333494651979e-03	2.477583918788988648e-01	1.137921448936916324e-01	2.017840129071251168e-02
-7.555097702659960834e-01	1.228126402509172488e+00	-1.977247020052057547e-01	3.010499171950402619e+00	-4.494016369200372618e-01	-1.243443138963924222e+00	2.671273268183846916e-01	7.990481252862216208e-03	4.135497790609541924e-01	-9.236491542379214881e-01	-5.307494501011901233e-01	-5.243480361650855182e-01	-4.960642366258609104e-01	2.629916216202019541e-01	-5.334190690867259832e-01	3.554673283610915724e-01	-8.694550301865491826e-02	-2.029919587986871513e-02	2.572877879481432761e-01	-5.413957350509068789e-01	1.232464419387613863e-01	-2.433875636612228555e-01	6.752809516617296337e-01	-2.798964955469835161e-02	-1.085589889319018772e-02	3.717264843062337842e-01	-5.641454772098626336e-01	-2.267266740788017598e-01	-9.872975405645112446e-02	-3.640941848249356627e-01	1.829156094207910477e-01	-1.858161501260481019e-01	-1.498471571714962702e-01	4.710305171776977828e-01	-1.869994314655360201e-01	-1.608523974643447096e-02	3.658167389724800711e-02	-1.595863458988139028e-01	-1.095724636220804654e-01	2.965133896651140147e-02	8.039889859982538023e-02	1.329204351420150143e-01	2.117127178434969059e-01	-1.422086496274678757e-01	4.217527131561857878e-01	-1.745161903326281350e-01	-8.450668991688810305e-02	1.203613482397885431e-01	-1.633105644959958747e-01	2.794810925647401786e-02	-1.673387478637929915e-01	3.248728029037604992e-02	1.314886633205377964e-01	6.015173915710404773e-02	1.749167820882876201e-01	3.984933674696742867e-01	-1.356666621458890443e-01	-1.147275939283047830e-01	2.776047852679643935e-01	-1.826353772639371931e-01	2.593466863496080022e-01	-3.083388023868283145e-01	-7.339157027622870977e-02	-1.337038931626153282e-01	1.315207855082425360e-02	-1.199286897628408094e-01	8.043184179252099719e-02	-9.348222291320668065e-02	-1.327371557878668784e-01	-1.088642186198355705e-01	9.657797595404973845e-02	9.500817966148555893e-02	-4.088152853706487899e-02	-2.303817080020484354e-01	2.330070264619872877e-01	-1.009350568787546476e-01	-2.173655087090479165e-01	-6.664821155064637459e-02	2.057142557010242789e-01	7.916139245053510631e-02	4.975783065255350718e-03	1.342005415506358594e-02	6.070531386582746908e-02	-8.738031888731918884e-02	1.252791307392740194e-01	-9.150379945949642380e-02	1.174084144504100174e-01	1.105271507744886167e-01	1.503412456103201886e-02	-2.054656446920214707e-01	-1.551020247269000452e-01	8.457526659245578893e-02	1.129460042637589756e-01	1.056369649525650337e-02	-4.626816745600876440e-02	5.693568069345017468e-02	1.753886799031612390e-02	7.916323435192776370e-02	-6.542908841932851272e-02	2.740863808222212400e-02	4.988550292651479368e-02	-2.911675675028889757e-02	1.743356156506519761e-01	1.887299359544623856e-01	1.255275241684779101e-02	2.778427604733834169e-02	-9.356979536410396647e-02	-5.917015245153339764e-02	-5.107445887835656423e-02	-7.667189876588453856e-02	-1.988599404710651372e-02	2.222772658553399672e-01	-8.389595091740414956e-02	-4.438524227651038934e-02	1.052125616158055277e-01	-1.171819491260080587e-01	-1.272499065536628615e-01	-1.687401356063638475e-02	1.217836478879678538e-02	-6.513553348779030361e-02	1.116469807156763167e-01	1.386964528863963708e-01	8.523552982661401767e-02	-1.818301291325442881e-02	-6.444466177252709815e-02	-3.829284722946161429e-02	-2.841051027183567196e-02	-1.646946278641774342e-01
-1.855015671401815114e+00	1.246825494626781605e+00	3.099050861173146543e-01	1.486252982108074994e+00	2.630101505962546771e+00	9.154386984150163498e-01	-4.831698499602281593e-01	1.280924471046968605e-01	-6.237608380444187306e-01	-9.895791098975684763e-01	-9.516949754109750581e-02	-9.434280294758525809e-01	2.193317357405406287e-01	-1.076294124947565906e-01	2.541334442912492886e-01	1.181259847427091891e+00	1.357457196976722402e-01	-1.278578932970788340e-01	3.082498537491258905e-01	-2.372449441758613664e-01	5.136741712179382358e-01	5.232968104461055425e-01	-7.411054738063741487e-01	1.433276095957341234e-01	8.050576934840905641e-02	9.133407526097805929e-02	-3.904936959540636354e-01	-5.396374897277515965e-03	-2.426878392853508426e-02	5.199022295599939891e-01	-3.677385395762254316e-01	3.307335270631521773e-01	-9.957660283169929294e-02	2.410215059789578285e-01	1.614883663482754861e-01	-9.978400245490483267e-02	2.152395061414338895e-01	-5.594316470305740058e-02	2.951116011137736288e-03	7.838946887424112775e-03	3.802436037820996484e-01	-1.520934024615227809e-01	-1.797096954011185577e-01	-1.801010405337694908e-01	-3.558831416240688661e-01	-2.121398563892470945e-01	-1.281785094224661969e-01	-1.190205666954506775e-01	1.752636634860572917e-01	2.204013045530366643e-01	-3.391935009638279985e-01	-2.049008031912264716e-01	4.258358607450733468e-01	4.140763596662670465e-01	-6.865958820953868558e-02	1.260167423842155909e-01	-1.328811085870043873e-01	-1.380246403856859871e-01	1.032980598250004406e-01	9.054524809700072174e-03	1.061427569632085455e-01	3.794142501125437050e-01	-2.336957473022809595e-01	3.154995146828292862e-03	-2.174716217714423860e-01	1.708271853407148169e-02	-7.475629355147199451e-02	-3.242339525017260415e-01	3.311326352937999373e-01	1.503392938641870125e-01	-2.673739808119436345e-01	-2.961446906398556428e-02	2.114945694519067276e-01	-4.157998700876766041e-01	6.903428850797140026e-02	-1.687913462390482899e-01	1.496228417940195232e-01	-6.270286216163691861e-01	5.277259339253692616e-02	-1.771998118152492419e-01	1.309705184170811554e-01	-1.438124279352944075e-02	-2.424351597065173836e-01	-4.287764950754638371e-01	3.251637217649423484e-01	-2.131414258735679634e-01	-1.481315872304501124e-01	2.373318722788100854e-01	-8.925641940433522506e-03	-3.452440437025708787e-03	4.405301279346534454e-02	1.826612037050437953e-01	2.160999531478298707e-01	2.754423487641917065e-03	-1.042311445745944948e-01	-1.356486029361978207e-01	3.796577984167849584e-02	2.718725888597758877e-01	1.062653918874877264e-02	1.831987580228593149e-01	-1.035792132092853562e-01	-1.107894829861139907e-01	-3.268329448985341501e-01	1.078456333996312549e-01	-2.921472753732876071e-01	2.818266676113565516e-01	-1.564695643236663769e-01	3.050198828686560837e-02	-1.184036057978507007e-02	-1.605021730686286563e-01	4.364482947132054119e-02	2.489263092772620589e-01	-2.087413870939519300e-01	-8.445504229573486121e-02	3.600772334050263840e-02	8.206285089379852793e-02	1.869434227099270041e-01	-9.568154685090497769e-02	-3.170312670815917389e-01	-1.754881214193465891e-02	5.822849624476576780e-02	2.153983679155034026e-01	-1.200144720835999435e-02	1.564016802761079017e-01	9.874374564547527822e-02	-1.247182418457476738e-01	-5.323905890082733516e-02	-1.576856841929202557e-01
-1.986355781481589644e-01	7.373621202139125641e-01	-2.203871838996035670e+00	-2.102337591752893586e-01	1.027984365272692324e+00	7.801226848146046722e-01	-1.027507901292984194e+00	1.582049132216568725e-03	-8.999788286800520787e-01	4.509260693805042797e-01	2.968072265826705580e-01	2.018361609371767673e-01	2.964076459955090614e-01	1.377283409956862492e+00	2.456334185489884026e-01	9.304138031766729933e-01	-7.029929160663203613e-02	5.596086837154564675e-01	1.630114324189973485e-01	6.990377236627293156e-02	1.457964771951486271e-01	-1.916697174793336456e-01	4.365052440035023795e-01	1.587180934747473293e-01	-1.094895909714659776e+00	-2.072642056563472057e-01	1.074743180803184428e+00	-5.378729846714217500e-01	7.529328640830015296e-01	-2.207214404276045538e-01	4.072812847926234742e-03	9.230312371252166193e-01	7.214044224823125129e-01	-1.892533002064684111e-01	3.793111131017710691e-01	5.686598009777039664e-01	2.560940158028572333e-01	1.397843962838769272e-01	6.996899579621269905e-02	-3.017502126288144071e-01	3.183158903936092465e-01	6.366700393610261188e-02	-6.858016008987224965e-02	-3.161407391624631580e-01	6.405061139239763834e-01	2.300590129263528072e-01	-3.269021068402459540e-01	2.476943333767711863e-01	3.303132940755869607e-01	-3.833759800534354834e-01	-1.851248717693164125e-01	4.315961136976453894e-01	5.882384491651015956e-02	2.499191510391955973e-01	3.410769180536839529e-01	1.348785709809249278e-01	-1.639870977770303551e-01	4.058128129204678913e-01	1.134555777095501428e-01	-6.910034643491017037e-02	-8.674786445319872252e-02	-2.646504630619104237e-01	-3.015631236101123935e-01	1.617206241756998040e-03	-4.598075643100453247e-01	1.384418833177132081e-02	2.284941291057430712e-01	-1.079803787931474524e-01	4.202979905042591308e-02	1.686500070108027383e-01	2.793097069140946243e-01	9.146321217522934699e-02	-1.475560617964932209e-01	-1.743356682143319680e-02	-4.493426873539185101e-02	-1.095424091379984116e-01	1.885781703346606220e-01	1.097556228589091284e-02	6.954704982994942310e-03	6.828414310534203224e-02	1.538811177506171912e-01	1.348248303152761174e-01	1.840934431213504113e-02	-1.491456520932289871e-03	-2.680881859283045787e-01	-2.642195667710781071e-01	-2.358103388579848858e-01	-6.977392784508633372e-02	3.745188803957365947e-02	-1.199435698760262931e-01	1.626608622061657128e-01	2.074483569887509149e-01	8.485498561130443151e-02	1.898947538848806127e-01	2.761350340296127581e-01	-9.168038740715130086e-02	2.022903418989362243e-03	6.588929363762764668e-02	-7.641102423900350028e-03	-9.044252236694311220e-02	8.201332295933640160e-02	-2.182176161609067702e-02	1.133198723379473111e-01	1.580358262486684234e-02	-7.216967793154981103e-02	1.143940128480658291e-01	-1.734174140084283056e-01	7.964443032968535063e-02	1.731941728588565210e-01	1.158853507100840868e-01	-1.573773223910883701e-01	7.535031827244309706e-03	-1.371666715305614737e-01	-7.815737064062608375e-02	-8.769310418121636919e-02	-1.592162412554233852e-01	2.229357009623548214e-01	1.790485243975247220e-01	3.250145689463680709e-02	8.771384213834698684e-02	-5.510084902947294527e-02	4.444801952762006403e-02	1.649833134230181408e-01	8.914118056347239763e-03	-1.012253382760907733e-01	-1.041738943636287273e-01	2.625095142012175142e-02	-1.259440331027237431e-02
-1.240670967924889234e-01	9.407084412147722619e-01	-2.585368477613375404e+00	-2.577916390563022575e-01	8.236770554365432373e-01	1.110117672280864998e+00	-7.142393981083615673e-01	1.543520763140177610e-01	-1.434754284573052541e+00	2.561937572909705474e-01	2.067812288791810726e-01	-2.392912148153050200e-01	-3.523946224819980988e-01	1.429913965909633600e+00	-1.741621657007051127e-01	-3.417699535226314395e-02	-1.858991578730945227e-01	9.745627120453443926e-01	3.373057374429382360e-01	-1.671808534973451554e-01	-4.603471794226177694e-01	6.855352386577162616e-02	1.291995386672918911e-01	1.534311187683025102e-01	-6.265745533959301561e-01	1.282762293141971877e-01	8.098366961845832046e-01	-1.697159674484269576e-01	4.240406560215675968e-01	1.721062743080053635e-03	-1.019384620433293059e-01	8.251634544380201941e-01	2.012047450669534610e-01	-7.489003577165451175e-02	5.477017131409951667e-02	4.410713769230491521e-01	-1.146054709382002268e-01	4.382961153826011452e-02	-1.054572511255370687e-01	-1.718207954784301550e-01	2.240452866098949225e-02	9.515088625177110793e-02	4.047939017097418879e-01	-1.823433785749484504e-01	2.188704896615079332e-01	6.447552848275499571e-01	-1.852449164002879511e-01	2.392689798552080915e-01	-1.807525828452851147e-01	-5.726460219524386330e-01	-2.137298131670435641e-01	-1.081841604914549407e-02	8.714616642423669499e-03	-2.828703470833640043e-01	5.204297749887507041e-02	1.185371950956571468e-01	-4.892091920020126827e-01	1.980258317535522061e-01	-1.891346238293081794e-01	2.133510330859139104e-01	2.421843776627001510e-01	-2.343678256695591600e-02	2.454490675902402247e-02	-2.573429723981241479e-01	2.359033364508267838e-01	-1.470699400082850494e-01	2.298458061281317966e-01	1.573719730349564250e-01	2.736420685758403706e-02	-6.262994109043329427e-02	1.234603932851653790e-01	2.674576291408311546e-01	2.746848895100066634e-02	-4.780471859060758839e-03	1.353688805953529306e-01	5.557397915139818123e-02	4.059702008203179557e-02	1.557005584457351322e-01	1.365947036385440488e-02	4.690725240635478660e-02	-3.070056341318204152e-01	6.162086097655067318e-02	-2.631620613907851083e-02	1.394903824734613496e-01	2.982626765759108581e-02	-2.897841909616003520e-01	-2.581841375777214551e-02	-1.425204088105449518e-01	-3.722951507992039444e-01	1.213402780980610968e-01	7.755659815106012885e-03	5.697245950859406056e-03	-2.041986334994934718e-02	-1.488937391185640897e-02	-6.303330611808501127e-02	9.125324683339124110e-02	1.092363119963183499e-01	2.104396634483377548e-01	2.433138969681394315e-01	-2.333871885887411624e-01	-1.295117396760182664e-02	1.138279999618406757e-01	-1.627949492436935042e-01	7.169917237226473838e-02	3.426726066354794219e-03	-5.119272066859646697e-02	7.595505670883009874e-02	-1.560886603395020278e-01	-1.084787405531271454e-01	-1.297744361987699172e-02	5.805250114862841454e-02	-1.513220581383441753e-02	-9.441492590161207343e-02	1.382313481819396894e-01	-8.503075923702670125e-02	9.358654339228317243e-02	-7.366761365814410156e-02	-1.446144461816714806e-02	1.944357499550027762e-02	3.540374695274117745e-02	1.389455767894266780e-01	1.826999645311743262e-02	7.203359945691878430e-02	-1.698805790256212589e-01	4.277193346410813196e-02	2.791463825129157986e-02	8.257439134759618493e-02	8.970533499718982839e-02
-1.547778643755610972e-01	1.158217227362375201e+00	-2.301710063082007096e+00	-5.157576711290874638e-02	7.771198627506028522e-01	3.084590137971961465e-01	-5.201754453445543991e-01	1.783869517051806519e-01	-1.378420348596707257e+00	2.869661408698979677e-01	-4.466062117431499751e-02	-8.792213517740007922e-02	5.714185452481623101e-02	1.365677392552385072e+00	-2.096428752858895198e-02	2.389564878487531949e-02	-9.229661334699815201e-02	1.023159894647222679e+00	2.133413918014306909e-01	-1.204594251885512529e-01	-1.500515160235381951e-01	4.781201624570215192e-02	5.763209562453526502e-02	3.081746079910875347e-01	-5.712847319734236651e-01	1.394289003437981615e-02	8.015086594771193562e-01	-2.968158016061517301e-01	3.083495233310198924e-01	-1.476578816417185303e-01	-1.509416356072661169e-01	9.002101036272088797e-01	4.040808933217957533e-01	-2.193824620618316235e-01	2.491847499999098325e-01	5.532201886060255092e-01	5.992447080155821615e-02	1.249400200052475651e-01	2.344347325064244369e-02	-1.460806543019052828e-01	1.625403902828023439e-01	4.232357425497672992e-02	1.784616762769127563e-01	-7.347776176119032165e-02	4.295194251759772430e-01	4.764874725314939830e-01	-2.335582653290704802e-01	1.384875130647739497e-02	2.935214470164107525e-02	-5.308114321807253511e-01	-9.543389536441020116e-02	9.513438470215898266e-03	-5.057975116051416364e-02	-1.485414954532070508e-01	4.584912905432561581e-02	2.823171510487956087e-02	-3.803990094871010363e-01	2.110792378371931788e-01	-1.034884050864866151e-01	-1.658924320114360529e-02	1.850507445699478004e-01	3.626721328362294411e-02	-1.261408761132570278e-01	-5.688141966440403430e-02	1.661183588739511066e-02	-2.334103670469890313e-01	1.781997909360294730e-01	1.081727809051932498e-01	-5.827790419957216972e-02	-1.319090335189232743e-01	1.168504596915291849e-01	2.444751209362092947e-01	-4.447345177158381485e-02	-9.536577260860627792e-02	1.611579755083913934e-01	-8.769211140376838298e-02	6.044105452122130323e-02	1.955386180327319257e-01	-8.189644732366685442e-02	1.030641374703892832e-01	-1.936515916576835583e-01	1.994422560968061101e-02	7.564984258661675010e-02	1.190341026939551461e-01	-1.037777324555784302e-02	-3.230900600462144889e-01	-5.099127342757167440e-03	-7.694973913663132915e-03	-1.936395758149646595e-01	9.073983837255025775e-02	9.840024529201731041e-02	1.286703895885095428e-01	-4.081421088691020854e-02	-3.724171442896550416e-02	1.895159475071705318e-02	7.584865468526222690e-04	1.072012211057848524e-01	3.660211686505287360e-02	1.081380549348355535e-01	-2.197552479744961096e-01	4.153655928843947437e-02	9.875746321745618173e-02	-1.693180104339973846e-01	9.425063902825588091e-02	4.267042048337394561e-02	1.410009830729367719e-03	2.957237177132490680e-02	-1.873533438819360297e-01	-6.858020510759858801e-02	-6.024130830312009188e-02	1.320233477332578842e-01	1.411655984717468393e-01	-7.939955062158556010e-02	1.882661989928256507e-01	-6.918163639378431019e-03	5.855286002607761053e-02	7.473435647719821329e-02	-3.441334594205176789e-02	-1.784295592793917751e-02	9.967747326780211636e-02	9.601808739157835504e-02	-1.036212198804298684e-01	4.009223664523841463e-02	-4.968207358483046204e-02	-2.589908722770454304e-03	1.102027176171600786e-01	4.645485864476893434e-02	8.231289500152789984e-02
2.474222998488874392e+00	-7.966190545228795106e-01	-7.620181149093555595e-01	-1.247197293169716448e-01	7.493262261789727097e-01	-1.049804375504973741e+00	2.484998124512422801e-01	2.554838959788237052e-01	4.194187794514512846e-01	-2.856083689087741684e-01	-9.715769254401513955e-01	1.145699318998649741e+00	1.127205288111591264e-01	1.067587444842932998e+00	6.123453577898036598e-02	3.933794940728046335e-02	-4.794423707904287846e-01	-4.975914260674535461e-02	5.404799682432586128e-01	4.368738328229459372e-02	1.094030673978141632e-01	-2.692197700415047690e-01	-5.483075547299225416e-01	-6.908745265992475293e-01	3.251843245049953340e-02	-2.661096259298233457e-01	-5.785110236215526558e-02	-2.640172144900421181e-01	3.437473474044609456e-01	3.362798896270610682e-01	4.122939807115461597e-01	2.463296482655959740e-01	2.247524932260068775e-01	1.861443752897344872e-01	3.384452954844651140e-01	-4.039176546830846454e-02	1.751231144061694833e-01	-6.922541184331658382e-02	-1.557421416665002167e-01	-5.243546613029124170e-01	-3.763424449473743438e-01	1.364545110375341985e-01	-2.154259628116630687e-01	2.023076397014869632e-02	-2.834512968405162800e-02	5.148406567731095285e-02	4.138666510987704800e-02	3.978133515761351768e-01	-1.947378377514383599e-02	-4.577329451983863651e-02	-2.200900394980243036e-01	1.800315430952216245e-01	1.638064330248874267e-01	-3.606614344405840722e-01	-5.336293036981712423e-02	1.959539852796364778e-01	-3.240549158521927597e-01	1.112940726990618023e-01	-1.450447515534710741e-01	8.544429589229284028e-02	8.556499606030069927e-02	2.639601512519864496e-02	6.148256625791931329e-02	2.870432159451886678e-01	-1.292573386304354463e-02	2.172236015855487021e-02	-6.913360531196689751e-02	-9.712707030476273873e-02	9.205482785971279280e-02	-7.749175741542069229e-02	1.571899049283255467e-01	-2.615630748758610569e-01	1.758371172495974133e-01	2.853342075974760195e-01	-8.058857289741576391e-02	-3.240165132056337938e-01	2.225601933579547387e-01	1.921156148167406374e-01	-6.239488782315700394e-02	-7.233585858002072877e-02	-1.448305505032949081e-01	9.386176556234537838e-02	-2.771962130885517739e-02	-2.125728539470486400e-01	2.999815956280625362e-01	-1.091002172153570648e-01	1.663769575306334736e-01	-2.431897223440504865e-02	-1.920219783969639160e-01	-4.929568831574850096e-02	-2.034603390772230791e-01	8.986332994081851211e-02	3.036310468621368219e-01	-1.689072900941269162e-01	-9.196503042019366081e-02	-3.585121333630536533e-02	-1.701711764016268502e-01	-2.686120856541965862e-01	-8.492984514652533734e-02	2.059004477043094306e-02	-2.287026018894566803e-01	-3.629463717855659771e-02	2.898080349876985262e-01	3.413519596355222424e-04	5.917123846546390106e-03	8.817674065926034768e-03	-6.331530210315777785e-02	1.977113819812392481e-01	7.899445173075447801e-02	-7.085412698240063645e-02	-8.952457147012687216e-03	1.449145134190687190e-01	-1.085323145180284998e-02	3.662819545650186637e-02	-5.095177351761665668e-02	3.539624131169159804e-02	-5.341445855359530648e-02	5.887984913711562934e-02	-1.419630595693281427e-01	2.137562584385907516e-01	1.895277509537317828e-01	-8.420493427333876346e-02	2.410041503176272096e-02	2.310413771180444831e-01	5.455405094563935825e-02	1.530063151986176539e-01	-8.368373911219176287e-02	2.697826372759825828e-02
-1.003020455209102657e+00	-2.679863764190368425e+00	1.169100251487528580e-01	1.322831722350328532e+00	-1.140350577320315972e+00	2.143840370899452452e-01	-3.624549958852162912e-01	-2.256949806017150284e-01	-8.594420130726144746e-01	-4.084180033052370318e-02	-2.823109559670142210e-01	-2.760973506246608422e-01	8.726309476637369444e-01	5.080330356540034842e-01	3.733686098479668258e-01	7.681702440752640193e-01	-7.188302421030229317e-01	2.487982038195991064e-01	3.945386738579130803e-01	-6.562755312925292461e-01	-1.763560369657644622e-01	6.599644858687480076e-01	1.040173999362361962e-01	-6.239661209921313345e-01	2.155371763746998237e-01	5.646450746757986083e-02	1.332807473626585193e-01	-4.871957240245359255e-01	2.406168007139444509e-01	4.880176555368532232e-01	2.494751567610384857e-01	-5.782370381036359801e-03	4.379588880675952534e-02	6.200439751192095006e-01	2.802310328563873965e-01	7.717220166426479178e-02	-6.378970585199863694e-03	8.322185864553811874e-02	6.127591286525701977e-04	-2.666880148711370246e-01	1.798627836167178140e-01	2.642147952454029780e-01	6.649712445638793212e-02	1.829535362445989244e-01	2.101411972059731015e-01	1.288574960909641687e-01	2.176400739884019331e-01	7.349160988034784958e-02	9.545032440255013517e-02	7.071944227013325819e-03	-2.209580344410337627e-01	2.150681964932270041e-01	4.018704626616760762e-03	4.762433121076461301e-02	2.750050885089760366e-01	-1.288053623810148096e-01	3.576580611924012332e-01	8.765981584491894241e-02	-8.021113127383223615e-03	5.165189313360121076e-02	-1.892039159295725859e-01	3.739180289831237763e-02	-4.820352343827425529e-02	5.659973532110513378e-02	1.250666868954917188e-01	6.879217743212347191e-02	-3.824803687942771729e-02	-6.818980293224433109e-02	2.174707604059404886e-01	-8.275448046126672452e-02	-7.284863460748820796e-02	-1.300180047950327822e-02	-3.326199777515491396e-02	9.268541602722044082e-02	-4.863578319497620546e-03	1.419608317991875313e-01	-7.643291413719367766e-02	-6.980508513915437141e-02	1.157064384201933471e-01	-1.692438060609944006e-01	-7.217829385939483755e-02	-2.239716992447130794e-01	-8.618428139447879832e-02	1.036476316333310721e-01	6.766099115041235290e-02	-1.909350490830939370e-02	3.928645111647942334e-02	2.162778871120888124e-01	-4.907790396069881128e-02	3.671844097145306879e-02	-1.305041530972360642e-01	3.155714108320852029e-02	3.570372261456095792e-02	7.847501277441808198e-02	2.364696833734277193e-01	7.808865149937563310e-02	-1.380913514192684266e-01	-1.476615022521812759e-01	-1.371840192081097594e-02	8.239883534635149276e-02	1.164411261100006534e-01	2.766922532377241034e-02	8.499910956426708075e-02	-1.954156143788154665e-01	2.078264147771330395e-01	-3.519421321230058880e-02	2.357100503914466016e-01	1.940733139236509308e-01	3.685514749871662832e-02	-2.047881924490078595e-02	2.948300968338444725e-02	-1.637965576392945433e-01	-1.022404480798812416e-03	2.922127455432555615e-02	-5.445081532693997473e-02	1.093576561379562689e-01	1.507668052305400075e-01	-6.319742199337126387e-02	-1.539088845838881003e-01	6.549203690990307303e-02	-3.423758428583314334e-02	6.364260146219920256e-02	6.998431635749362278e-02	8.704199046469962564e-02	6.584220943994992248e-02	8.554432010601932534e-02	-8.863238606195275593e-02	-8.029008635084299624e-04
2.407828413485601615e+00	1.906151362670992944e+00	6.069271277869144887e-01	-6.131529640965486250e-01	-9.022374398334758183e-01	1.363568370643086558e+00	1.673016288871074897e+00	4.536138485273186194e-01	1.153886815483548212e+00	-4.368990598115760071e-02	-2.702928760080200443e-02	-5.705274600750158687e-01	1.006741301828215418e+00	-9.555722545314658811e-01	-4.201528394638788244e-01	8.165549201053138306e-01	3.912287875462453803e-03	5.268518894858015278e-01	-6.029316939479038018e-01	-5.510470354477884358e-01	1.315346963168197769e+00	2.435147618963229288e-01	-2.470138722152715738e-01	-8.009206505828392331e-01	-5.751340691764724733e-01	3.177570989214228425e-01	6.444374035367127496e-01	-1.408897793255138864e-01	-2.878588604800477735e-01	-6.661666242065907850e-01	3.642454345503082780e-01	1.658690705840615010e-01	-3.021070991042679524e-02	-8.549897573004824891e-02	-8.112616793699098383e-02	-1.729053126058323064e-01	-8.700895723141431615e-02	6.088252129198438167e-01	-3.198779405875526449e-01	-3.011403409833497968e-01	-1.419010527290215373e-01	4.280193618657562316e-01	-7.904421100581919546e-02	-5.176573440958227856e-02	-1.841847970226077880e-01	5.801989218080965127e-01	-1.529479112192454748e-01	-5.140574594945037656e-01	1.173973321451510371e-01	-6.554865869104033183e-02	-3.007441807380326626e-01	1.741225136185937938e-01	-2.270572614455722560e-01	-1.992244530459375551e-01	4.968299578164673824e-01	2.733266420892100923e-01	3.565270832094755149e-01	-2.146857171385486637e-02	-2.481354046332448493e-02	-3.339963879088353460e-02	-2.031117544830326194e-01	1.956585026138264738e-01	8.905715259086707802e-02	-1.707013207730188886e-01	-1.765277481355543021e-01	2.466025188715642302e-01	2.768302434854218452e-01	2.017323175127617996e-01	-1.538895007824252759e-01	-1.462661316566688241e-01	3.712890953642175029e-01	2.724498671903929359e-01	2.140644530790443770e-02	1.784615436616158179e-01	1.294578383346892403e-01	4.979794174284357111e-01	-1.821096409204821936e-02	-6.387843927168141978e-01	-5.451838731284277539e-01	-9.561550350308281598e-02	-2.487014026727764338e-01	-1.192165855961544313e-01	1.260526971511439220e-01	-2.020379682975611824e-01	-1.267081807665329241e-01	1.344324501036824604e-01	6.196699709103217768e-02	-4.160174752147244304e-02	2.429517938084697071e-01	3.629198503412998933e-02	8.617791996101747953e-02	2.554301395347328696e-01	2.022221116457977308e-01	-4.308923297326675006e-02	-1.130077760864203335e-01	-7.769157299711769438e-02	-1.686406447555670041e-01	1.035729801611729589e-02	5.122515906919113821e-02	-1.262041669300340355e-02	-4.939311747502350691e-02	-2.391487929870526608e-01	3.783292754452757256e-01	-1.658973403059926799e-01	1.487515109654737877e-01	9.492549219231488644e-02	-3.029234485436531343e-02	-1.399859527400885151e-01	4.405118555929225799e-02	-1.695730399087500007e-01	3.132769534256571453e-02	2.543106802272692701e-01	-6.627670615667891063e-02	-3.991007453491566270e-01	-7.328622179380964163e-02	2.465235632819396672e-01	5.996667225903832416e-02	2.898368387315283790e-02	-1.169775663518485415e-01	-4.227359160601312088e-02	2.865421182586763149e-01	1.526402728208692827e-01	9.863218565951105410e-02	-1.971747728261545596e-01	5.864087144633053222e-02	-5.182430813194092295e-02	5.094246520241600684e-02	7.583317406038310449e-02
-1.332763111242890153e+00	9.553208134159463238e-01	1.401090286180419087e+00	-6.333427657920129850e-01	-3.117399390112147173e-01	-1.307491596561578262e-01	3.651587788797821393e-02	-1.086546143316343471e+00	-5.175571839209379688e-01	6.105988172520333546e-01	-6.773258011830567416e-01	6.371968457419283638e-01	-2.919907164409139000e-01	1.434233060564534534e-01	-6.691154638569213331e-01	-4.173010765350368412e-01	-1.527252476350281774e-01	-6.410572007420460849e-01	-5.580406980863648059e-01	-5.637358424798970952e-02	7.575509719320454305e-02	-5.394208127813101411e-02	-2.284631862308010575e-01	1.043912725669720321e-01	-2.637426341891289244e-02	-2.660628589683802780e-01	2.613938210895768166e-01	3.525131547185322844e-01	5.787238008351271862e-02	1.148259370260426848e-01	-1.715262496093381342e-02	1.746123282230860607e-01	-1.413146556204786797e-01	1.519770693788375648e-01	-1.959748845460066169e-01	1.121821400269196051e-01	1.744406988299360139e-02	3.286585395942649424e-01	4.132020575321965206e-02	-1.229248352060980654e-01	1.639187516098534469e-01	1.552664215515552892e-01	-2.106476030560228748e-03	-2.120184388871993175e-01	2.105605492327707051e-01	-1.498023556198863904e-01	2.329999030605174257e-02	-7.290493927026225895e-02	2.402556268939042283e-01	1.928387809071398784e-01	-2.609815926696811839e-01	2.402526539484881041e-01	-5.233743252505619614e-03	2.919544556101305033e-01	-2.539142148196534693e-02	3.330426328366108829e-02	2.832388992647812825e-03	-4.623955169961181666e-02	-9.767600073405041661e-02	1.412874474855549956e-01	-1.963840863666285741e-01	-7.978283691822139756e-02	-1.577127066013397361e-01	-1.134858294431819042e-01	-1.035499760342421388e-01	1.239039245520894353e-02	1.853347369810598166e-01	1.680670792677168290e-01	-1.468953633908334500e-01	6.288184073176861233e-02	-1.992715386362778895e-01	1.702423621957720179e-02	1.436554347712151458e-01	-2.666569574992340708e-01	1.080979294723494188e-01	-2.780192670808737110e-01	1.108167259437808638e-01	4.916338964582056721e-03	-5.360219878911208491e-02	4.073094061599991100e-02	-2.524286816950988346e-02	-5.314856515769994516e-02	-6.388811787472517545e-02	-1.462219052691503263e-01	-1.186083662882857388e-02	-2.811324626332564747e-02	1.717478842297643082e-01	9.105702631829010185e-02	-1.711070268683856088e-01	3.166692178366610488e-02	1.751192049646885518e-01	-2.788504625611862853e-01	-1.251272492966570282e-01	-1.565812227764634386e-03	-6.471006432545510501e-02	1.525248356342852329e-01	7.890600807775398351e-02	1.085177062022742167e-01	-1.639798681345615294e-01	-9.406221162942010605e-02	-2.456869967105126257e-02	-8.315427190903589005e-02	4.064139963930240435e-02	-2.147103340309307329e-01	2.692716741208448991e-02	5.376817710718657939e-02	4.845812630904812457e-02	-1.788683195046968655e-01	1.044501444508519339e-01	-6.823556417460951984e-02	4.073416274275232229e-02	5.482385143592936882e-02	-1.587279989373553690e-02	2.886287005047828355e-02	1.235642753441950903e-01	8.952589647679433382e-02	-1.019784817974218327e-01	2.119893268254239294e-01	5.267986420761097688e-02	-4.443149213552729376e-02	1.448781313146657243e-02	-3.485263151141053395e-02	8.086490118211213385e-03	1.066145746148377954e-01	6.211506223417428973e-02	-2.212998612015950467e-02	9.039639800362438138e-03	-6.553121044102274209e-03
-8.576736269276118430e-01	-2.884840095404374694e+00	-3.998755543491877562e-01	1.016655021275956861e+00	-1.859677604545536989e+00	6.031570024934586050e-01	2.252361027016501205e-01	-2.063243207489779407e-01	-7.405998842261977966e-02	-2.034408468710701551e-02	-6.638312190192115041e-03	2.103551673318675430e-01	1.612959799061959021e-01	-3.458061630156921140e-01	1.253265303331954350e-01	1.963530586077782136e-01	-7.559952686538053135e-02	5.608603158647851306e-02	7.741759208432227868e-02	5.869443605839984313e-02	-4.257604587480248032e-02	-3.135081815527895333e-01	-1.521819129125114023e-01	3.956382646698247130e-01	-3.843820699218581383e-01	-3.294468895901525585e-01	-1.445517196925149850e-01	2.452308080496801712e-01	1.411382304171585056e-01	-1.738093053888407347e-01	-3.425961825170051323e-01	-2.036293602881169007e-01	1.669021655101874183e-02	-1.814908328415231267e-02	-1.617906665150852658e-02	3.346669550061384495e-03	1.102595062546756106e-02	-1.599637868510681848e-01	-2.030710149403919806e-01	-1.518658980993819463e-01	-3.746192796202666986e-01	4.376183183281681568e-04	-1.584577197092484901e-01	-1.024546311661472392e-01	8.914613442650556885e-02	1.610945763650195039e-01	-1.108166169091652914e-01	2.389104492842918093e-01	-1.146829246594644469e-01	8.580839832656780852e-02	1.935662504634031444e-01	-2.122195646209097952e-01	3.500532875733478738e-02	-2.379853001579221028e-01	-1.680973180872264161e-01	1.976209863166534242e-01	1.025436534030668423e-01	1.479222257134876761e-01	-9.165405248005360772e-02	-7.038202449343326783e-02	2.250711116762245390e-01	3.534970426954264777e-02	5.148081558180226530e-02	9.575397752500139359e-02	3.932969846140732528e-02	-2.084827280909309563e-02	3.528156100249865701e-02	-1.735809119421905314e-02	8.121519146506790687e-02	-1.383408031848152447e-02	-3.085087616897084009e-02	-4.380146307226234076e-02	-2.211203895350698501e-01	-2.085489685533845339e-01	-6.062870144650972341e-03	-1.914901331040077814e-01	3.247431794829747087e-02	-2.690843484164185187e-02	8.039302185560655289e-02	-1.954205711873958917e-02	2.358136141096237037e-02	-9.806456488725494303e-02	2.584380985741775993e-01	-1.584119609132536022e-01	-4.658981709487971384e-02	-1.129309993120597710e-01	-5.054280367139177277e-02	3.866946556837182886e-02	-1.520892984483202537e-01	-7.166007070860511141e-02	-1.172124284158597846e-01	-7.659707287657965824e-02	1.705102368279693414e-01	-1.082434561316690004e-02	5.051539040453042681e-03	-1.475815324550576848e-03	-9.131274230208813458e-02	-5.986749038249235266e-02	5.377414611023472596e-02	1.703524489415583210e-01	-1.405406023359118683e-01	-2.538199221472224251e-02	7.150666610777464682e-02	5.913934014885088852e-02	3.266944650912094461e-02	9.414223505320749863e-02	4.391958859687953437e-02	-7.643244189876004235e-02	1.125168510329791066e-01	-1.230349005019201331e-01	1.145677491718333696e-03	-1.097003892731784613e-01	-4.470268452333210629e-02	-6.775510073913432185e-02	-1.046167826293654679e-01	1.039852194840965374e-02	1.243906640266954355e-01	-1.583302142303750770e-01	1.152462932092518655e-01	-9.013107408275826404e-02	3.847967849701791621e-02	-1.217493682104521663e-01	-6.577182295298676651e-02	-1.798671093509310662e-02	4.422236108101398888e-02	-7.036094739889342531e-02	-8.077053949636128771e-02	1.021664728455218413e-01
3.962675019781463082e-01	8.321292538588540566e-01	-1.495901971687611409e+00	-3.418562420078564701e-01	-1.915783904803400328e-01	-7.448406664180813319e-01	-1.517366618761545105e+00	-4.445430251193148719e-01	6.796457442289958184e-01	6.317424763066447069e-01	3.721159065964642632e-01	6.554967835107280427e-01	1.825806338797613559e+00	1.290428848145646734e+00	-2.810561471304185988e-01	3.188713782448265310e-01	-2.138125670309555526e-01	-1.384825969246991917e-01	-1.881248142195804385e-01	2.751403350365473899e-01	1.099625496698577662e-02	-2.996738900193446908e-01	3.151365518553234102e-01	1.217298093019832245e-01	-8.686126905571559531e-01	-2.680030360335734080e-02	-1.006099856463028575e-01	-3.075010500948920922e-01	9.570866141673599614e-01	-3.883786942148594878e-01	-6.013342986624884423e-01	-6.273374576064587316e-02	2.928814072815374425e-01	-2.009487480641961865e-01	5.953555618444292818e-01	1.851803844058231008e-01	-3.385153276788042120e-01	-7.402209891812677398e-03	-6.841998389922236967e-01	3.071551103094793955e-01	6.933025626007756348e-02	5.102017886316705386e-01	-3.548287704532727682e-01	-2.294094094603081890e-01	1.676374581543233766e-01	-3.173705481953055796e-01	-1.795917376478840533e-01	-6.653303409510687161e-02	-1.317078296236482426e-01	-1.500871721585270990e-01	2.769367669676945920e-01	2.478986839720828950e-01	-1.580907521211285249e-01	4.530515956650303377e-01	-6.879592405014434142e-01	-2.665438784891299151e-01	1.389885984297175581e-01	-4.624370838893715474e-02	2.110990376651162015e-01	4.976142081953330298e-02	-3.744583978011153391e-01	-1.238844676901982716e-01	-2.195950297580537280e-01	-1.096427651828095484e-01	1.969897255968404703e-01	2.284836821237839349e-02	-3.926392553729226020e-01	-4.914696844756662464e-01	7.389627687872862838e-02	4.419890926425987798e-01	-1.603649176174266333e-01	-3.028350885028138206e-01	-6.597676500837823532e-02	-2.862526194890182007e-01	-1.896345314250349069e-03	-3.796365308226193336e-01	3.117339624484360971e-01	-3.314817689601153861e-01	2.075492802949841509e-01	1.417942779452251723e-01	7.989502720801348878e-02	1.651700985859033688e-01	2.763719759333044812e-01	2.952962341878306862e-01	-1.616174967131301862e-02	1.924729785628461753e-01	2.923760882842151021e-02	-2.738761448595404824e-01	1.392563104089520609e-01	8.707023144034285733e-02	-1.606877926207334606e-01	4.844417754512519297e-02	-7.952707989054128013e-02	1.296146698500765838e-02	6.440980921323936209e-03	2.038297749513366952e-01	-1.077137520883643812e-01	3.691583074038341794e-02	-1.460385193306620588e-01	-3.723146572436789037e-02	3.879153062081941439e-02	3.273596659265476938e-01	-9.749827154559480638e-03	-1.480514555474196081e-01	6.838973590511231160e-02	-4.025318275191403505e-01	1.579887332527547539e-01	7.568538950644823626e-02	-1.675209386044975712e-01	8.260737217006335065e-02	-2.047333578590175285e-01	6.860217485939806847e-02	-3.555208294952747622e-02	-3.746275058096840138e-01	1.569510970718893395e-01	4.524694714946535939e-02	5.978217598017239454e-02	-6.062679848481689060e-02	-2.191149100538085093e-01	-1.045896742862272299e-01	3.834345739828309146e-02	4.903362346703878799e-02	1.222864296706639015e-01	3.942767875799751097e-03	4.124109110366598607e-02	4.168105114251526716e-02	-7.291573301938117369e-02	-8.641941191322723148e-02
-1.825162297658240007e+00	1.285338843692334088e+00	1.910845586363598692e+00	-2.080041822441903165e-01	-1.153636717129551625e+00	-1.531817557188845380e-01	-4.307983460066606707e-01	6.796833240905644224e-01	9.605079369138544987e-01	4.122349857163195019e-01	2.758267376197708898e-01	-5.152555190358308890e-01	-5.100494163859704555e-01	5.310006146007788530e-01	3.336965309708365690e-01	-3.677734783214984260e-01	2.793563818722910042e-01	-4.908898825978024183e-01	3.342339623795395620e-01	8.010258636993816683e-01	-3.304627506340129250e-01	-3.892205715425226531e-01	-2.850851892865394199e-01	1.887608656550646483e-02	8.914355441968292368e-03	-4.146190209601968019e-02	3.303056045665074270e-01	5.803396563180498458e-01	6.397247511279036125e-01	-3.919078037300179340e-01	1.195239657672998168e-01	-1.920430710005323616e-01	-1.657673749661731921e-01	2.579689862369729386e-02	-1.059520763551525940e-01	-4.756345489351241351e-01	2.292232666920492878e-01	1.531011346749050761e-01	-2.550637336080648909e-01	-4.978120775811713528e-01	3.757777423774288361e-01	-1.353565312407797594e-01	-1.670463872076458078e-01	-6.893852146267562264e-02	1.689298901799554942e-01	9.857248132417074926e-02	6.602106996923909343e-02	-2.550702573923900943e-02	-6.544588403133104471e-02	-1.854539082508855075e-01	-6.566047188032150816e-02	-2.580176129511387306e-01	7.897748932151776868e-02	-8.222379439001786805e-02	9.933255053207808161e-02	-2.292170114596299157e-01	-1.931483596827233140e-01	-8.567207212275274042e-02	-1.859423264770663220e-01	-1.675288939318141934e-01	-1.976275531251878159e-01	1.008029146730363562e-01	2.188644967950658660e-01	1.630398801721723578e-01	-2.909553807955697069e-01	-1.916333939437090406e-01	-2.940682174243135494e-01	-3.724888244487199462e-01	4.082866418196828828e-01	-3.759978526826446843e-01	7.866212135126170180e-02	-1.733215521699666695e-01	1.258485368547263526e-02	5.313131043593629643e-01	4.640789544852480519e-02	-5.185845273672276545e-02	-4.231769241324183639e-01	3.620806694187089780e-02	-2.938788378077135111e-01	-9.600016429970759796e-03	1.879992715670494030e-01	1.334977525808019039e-01	1.254726556384087033e-01	-3.942072077924219098e-02	2.301205921961996803e-01	-1.503584074767831957e-01	-4.219474660708086300e-02	3.120582689117963882e-01	-9.059568576360992054e-02	-1.821396718393219205e-01	-1.601485666524458118e-01	7.032848945985689659e-02	-1.136951465013617685e-01	7.355709075861310842e-02	-3.220539295236004435e-02	1.045811833180499383e-02	-1.153906076034695583e-01	-8.246511953835911068e-02	-2.385022900635063448e-01	7.002482280707068678e-03	-1.210872002695129353e-02	3.601038590998286160e-01	-1.051559189064794203e-01	7.430119739409259128e-02	-1.259933498939704577e-01	7.832003059749603757e-02	-2.306610406354170639e-01	8.687660617582425998e-03	-3.296059012951341738e-01	1.053322824556714721e-01	2.849858025211224333e-02	7.318278716462228196e-03	-1.052074541940460212e-01	-1.007769283731852900e-01	5.615466584718276088e-02	1.450102555407319777e-02	8.666405138013281995e-02	-8.192091669214569827e-02	1.662203095438530842e-01	-4.846530731961645050e-02	-6.737437886896410766e-02	1.364007136856686953e-01	2.464079501463958821e-02	-3.423864185743921151e-01	3.536910390412528055e-02	-1.047237552231897045e-01	-5.028535780838239849e-02	1.302959570354484675e-01
-6.541001714395217048e-01	2.151360721054483616e+00	-3.619619394935338352e-01	-7.057369549417068511e-01	-5.135970954969125701e-01	-8.627729995451980383e-01	-2.157419370712470308e-01	1.318901968949872661e+00	4.511994217073623803e-01	-7.513474575721132975e-01	2.739365004368095602e-01	3.310795675085281831e-01	1.221693407073429216e-02	6.503775322735954045e-01	5.060230595873809190e-01	4.238426811763575386e-01	-2.025039580397168248e-01	-5.329653151557651736e-01	3.563620136927455901e-03	-2.439897271451468841e-01	-5.652930585866529356e-02	-2.673976702780607728e-01	-1.600082308657461427e-01	2.392356146326451993e-01	-2.649855722679121950e-01	-5.638265729834582990e-02	-1.962918749218401648e-01	9.577757721789550982e-02	-3.940168484218309342e-01	1.747547734015569287e-01	-2.140624040788800808e-01	-3.162109923957004964e-01	-2.934043482535736436e-01	-5.184997468041168123e-01	1.054716623530547737e-01	-1.496536434409328487e-01	-1.406215842385699077e-01	-2.364061014911924552e-01	2.198740280703884720e-01	-2.424550404186516239e-01	5.274624379871728497e-02	-3.485949269775455162e-01	-2.954347887111457432e-02	-1.803911495753389993e-01	4.747919937008701075e-01	5.589753158366420616e-01	1.178029104387504356e-01	-2.784223060744103195e-01	-4.577464628907387811e-02	5.623328343606606716e-02	-1.034529296153708228e-01	-1.004147673170724953e-01	5.905200854274653133e-02	-7.646442864979761944e-02	-1.360595783033833328e-01	-2.519748112060298251e-01	-1.194293434166128487e-01	2.711846632064798812e-01	2.776081723545210100e-01	3.039323503243579472e-01	-5.925130995846412951e-02	-9.926980858065794812e-04	-5.914163638979820503e-02	-2.122103517127705008e-01	2.175781323949701682e-02	-1.887657872625550792e-01	-2.672706658562191140e-01	8.623863736520851961e-03	-2.068614458638605158e-01	-2.461347528822033226e-02	2.758791062734313251e-02	-2.081675835491824389e-01	3.927389471984072539e-02	1.449949035695388411e-01	1.952450746880539934e-01	-1.543646084530562318e-02	2.253213515735218164e-01	-1.154306083316406981e-02	1.111466834492540884e-02	1.081464835511472405e-01	-8.406293060587252675e-02	-3.721961187824471880e-03	5.283198542278279286e-02	-8.191915689716031124e-02	1.453372199303340218e-01	-1.683454407758651350e-01	1.308009079998944113e-01	7.593965679308974093e-02	5.937926921846659045e-02	-2.071630159893808609e-01	-1.476677876225449271e-01	-2.105816966114512356e-01	5.137394653570458852e-02	2.915753301380051843e-01	6.343236781178571149e-02	-3.074372713518567710e-02	1.405481195351838443e-02	2.142582425410873292e-01	2.043286744561551016e-02	-8.084118589811876976e-02	7.560768436342725496e-02	9.176003851424367752e-02	2.033006367930825786e-01	-2.528081273532583814e-02	-6.084022337545339637e-02	-3.130052166942746267e-02	-1.254734319764201078e-01	-1.343309748031737416e-01	1.691436140078564354e-02	6.060665244422739489e-02	-1.422045055717542916e-01	7.688845612486570891e-02	-6.819879748120117983e-03	1.799182932165531990e-01	2.554226774284010584e-02	1.840821205360890778e-01	5.890649293402931003e-02	-7.909450709715200312e-02	-7.288043236451430609e-03	-7.079314534737522757e-02	4.881889093645242622e-02	1.106617273850901972e-01	-1.632483460238553508e-01	2.490330072978870577e-03	-1.356405882871632509e-02	8.159278907598924158e-02	-4.857338658968050199e-02	8.171344837349757417e-02
-5.828862730739932108e-01	1.534990515053447302e+00	-1.042974127417891195e+00	7.133409131644583012e-02	6.236844437862389956e-01	-8.793305936027584480e-01	1.161972820526188110e+00	-1.426770946519406280e+00	1.685695708078936428e-01	3.576193440200834406e-01	5.205231909282788116e-01	1.820533164664679682e-01	1.784586221686017618e-02	-1.300224882262235759e+00	3.944678305146716024e-01	-6.812730066040567634e-01	8.723817374117122103e-01	-2.181280999887006133e-01	-1.527707038478462627e-02	9.846325213732921577e-01	-1.013566281275537495e-01	8.301955360415500529e-01	-2.727640216429411818e-02	-2.679373436223349558e-01	-9.577230414978848971e-02	-6.246123816851951727e-01	7.622537973470748796e-01	4.942307320664459658e-01	2.915599175142293276e-01	5.531165129827439464e-02	7.570272966656323987e-01	-4.412006093876660873e-01	-2.307243504445835036e-01	2.334390468398060414e-01	2.923045911610116510e-01	4.492619992720823241e-01	-2.050286539455918045e-01	5.916817802721163755e-01	4.255027144644520365e-01	2.656151373511788597e-03	7.489162879579781829e-02	2.620236621379695707e-01	-2.367631694162621314e-01	1.155297079129349175e-01	3.463443842219569579e-01	6.309762223382281432e-01	5.950830651743057587e-01	-1.575436878297561127e-01	-1.392596849791836178e-01	-3.233602258925237227e-01	-5.579135228205082259e-02	-1.345100738719759714e-01	-9.034349019258132441e-02	1.125544900980433305e-01	-1.525535250343843241e-01	2.197247350008426914e-01	4.862189647495303302e-02	7.648157201276456485e-02	4.234578480283998081e-01	-1.110505279602428952e-01	3.540855541439315579e-01	9.638705604604938526e-02	-2.923830780675589214e-01	1.939787554217626275e-01	2.057431736667688360e-01	-4.050886283692317624e-01	-5.153123742555579256e-02	2.356338583074179538e-01	2.001168005111655240e-02	7.748865783686177677e-02	-1.820544516642643440e-01	4.239204596214279364e-01	1.728766692863868137e-01	-4.658435320457703088e-02	-4.943493523158689618e-01	-7.789380648476534885e-02	-6.715823519663628449e-01	-5.240821895842798783e-01	-1.292035506969834054e-02	4.572678167092035506e-02	1.975319648619345836e-01	-8.461311674496400925e-02	-2.219939550442380782e-01	2.742521442278398336e-01	2.014093573427056805e-01	-2.886430718512227322e-01	-2.920857277748857284e-01	4.514527840721268420e-02	-2.841569168570415305e-01	1.260898020010594311e-01	-1.700513719261977086e-02	-6.577097804220641275e-02	1.041867020770501223e-01	7.026992486090278406e-03	2.054608019173267963e-01	-2.709017566867126803e-01	1.390188498474986822e-01	2.935422288534371080e-02	-2.776030286785434176e-01	1.082892750176521063e-01	1.474597201003338132e-01	2.081344326295923031e-01	3.767752506114943056e-01	2.622691501993022756e-02	3.703391317512776115e-02	1.183381124296831594e-01	1.129842105424071347e-01	-6.411444758933290688e-02	-1.408664031161039332e-01	-1.785847448508340596e-01	-2.250055665535566699e-02	-6.900069539956410307e-03	-5.333098423229337692e-02	1.296361387299136969e-01	3.535997412977484600e-02	-1.720951964975083737e-01	3.499626407428115676e-02	-2.149947599199953166e-02	-4.549477470345229119e-02	-1.677638918519963329e-01	-2.320823766854235998e-02	5.604123722776951921e-02	-1.327809276621897683e-01	1.097209614986792564e-01	-4.761089440120121891e-02	1.787860331351599497e-01	-2.935725348438221194e-01	8.410023440109128112e-02
5.596331317647473824e-01	1.225040948420358378e+00	-1.807076825934122111e+00	-4.954285571099865670e-01	4.785533696524791325e-01	9.353569081886545233e-02	1.465856217095555580e+00	-1.782299084020109392e+00	-4.443052675542803476e-01	1.176888815381152559e-01	8.287223624062987071e-01	-1.463701190852887135e-01	8.423989042427557083e-02	-5.068807640756565203e-01	3.189048277463857883e-01	-2.999647978676155402e-01	5.270288332100966366e-01	-4.118154747040270736e-01	-1.949588531582068796e-01	7.924355512258866030e-01	-1.362479284520126122e-01	8.408601627880567531e-01	-2.638430270933420432e-02	-1.474275637286324991e-01	-1.935173293211720769e-01	-5.315305241959049631e-01	2.641907482295697274e-01	4.899253684971194289e-01	1.115494197996011183e-01	3.373326385069876920e-01	3.714724864561308459e-01	-4.645466682272671871e-02	-2.175795028055689528e-01	-1.427129406406942580e-01	-2.063207060840205886e-01	-4.345638603390719612e-01	-2.517812603035237129e-01	3.065138171099579534e-01	5.337873151139018724e-01	-2.171824005587874307e-01	3.533981956711018113e-01	-2.315944421382215013e-01	-6.675508599970928492e-01	-7.250186181407072827e-02	8.915047255973532758e-01	1.918449787198283907e-01	2.473408162835968316e-01	5.875129301722728514e-02	1.874823020691421260e-01	-4.285465985435120140e-01	1.683272358633400023e-01	1.386324348508112536e-01	-2.781738041618361246e-01	-2.928000160526851858e-01	8.244955229604546132e-02	-6.787142403388253531e-02	-1.577832964461890752e-02	2.826889854857443929e-01	2.457283777833196500e-02	1.177324909802936539e-02	1.235407781068093014e-01	-4.597631346775315486e-01	-3.235270772473136103e-01	1.445079335059560877e-01	-7.295865110993547675e-02	-1.927125258369303817e-01	6.009202246397838953e-01	-2.370193321748099990e-01	4.467366007155936791e-01	-4.008271843653901179e-04	-4.686959285168298961e-01	-4.251096662827961309e-02	3.830396773361415264e-01	4.066928008403535716e-02	-1.914641489954664044e-01	-4.940162633000950813e-03	7.433571867970012459e-02	1.243906153828766847e-01	4.313295274565669968e-01	-1.807417140042591810e-02	-3.370695315940800407e-01	2.518942696038257156e-01	1.086287441914287749e-01	-1.199041687448656468e-01	1.399022478750132636e-01	5.569911502771665024e-01	5.689531670490514254e-02	1.333823810726930160e-02	2.351433899558023552e-02	7.908948580804434081e-02	1.805260709339700231e-01	-2.656451165212775911e-01	7.758001123634604423e-02	-2.341747443933997128e-02	1.678509674168301991e-01	-8.027644406524902729e-03	1.710926866814122260e-01	-1.532874103395406584e-01	3.932457692623265999e-02	1.468559794576068667e-01	-1.688605423356047408e-01	4.322880505526664014e-04	1.441169412877989775e-01	-1.169109033990254759e-01	-1.256836249032660668e-01	2.243029389976378685e-01	1.049480407051749525e-01	7.123426562814308589e-03	-3.150852488231360715e-02	-5.194228093869068114e-02	-1.507698813652869063e-01	5.108289321426359719e-02	2.629938476494277366e-01	-2.335669887594987379e-02	-2.630442844176926198e-01	1.278134742412388725e-02	6.192593272110621244e-02	-2.837195352932343068e-02	1.418919794131233703e-01	-1.609344928980493694e-01	3.025489874354285111e-02	2.851620020457824520e-02	1.761651757610452063e-01	-2.294361857278009315e-02	-5.165035955073825694e-03	-6.017292404512179218e-04	1.845407519058959722e-01	-2.208456904167117041e-01
-6.048141109879049404e-01	1.739685699702399058e+00	-1.409741434780433789e+00	1.751081018529397237e+00	1.297605563760918956e+00	-6.129310543517700882e-01	7.884404351623356400e-01	-7.248681206578495850e-02	-9.630705797505546562e-01	-2.646557559205841570e-01	-5.249553677215734737e-01	-3.027700388361608264e-01	-6.889613275527068925e-01	-8.096465548348167340e-01	-2.816339477539294561e-02	-2.781225273862105163e-01	1.341021009909152961e-01	-9.857032680738279928e-02	-1.039904658528648662e-01	-3.076335214730053780e-01	-4.597556495102414487e-02	5.958714100174544726e-01	6.947602701243817125e-02	5.528849295621452997e-01	-4.980505110935742885e-02	6.047039904353102013e-01	-4.950461093713114380e-01	2.633562107993112633e-01	8.344283494208556418e-01	-1.969779701075825840e-02	2.675866026911003503e-01	4.555399809709043818e-02	1.056979119477904627e-01	-7.646704690170613196e-03	-2.505421776003113887e-01	8.217730566425919536e-02	2.215715221100352517e-01	3.998834998312337796e-01	2.283863798305376114e-01	1.685804533367936953e-01	6.154009435980380832e-02	1.875724109590091171e-01	-1.776711694623249738e-01	2.251275948544829708e-01	1.158896720191230356e-01	2.684246969221607548e-01	-4.882421598955085096e-01	-1.695357478232670245e-01	-1.867265512850660170e-01	-9.650769255546637337e-02	-2.771205689783940440e-01	-9.570710079754647659e-02	-9.695533044449064497e-02	8.240142870107585588e-03	-2.043106691081242043e-01	-2.467942091587657302e-02	1.020943939192546918e-01	1.140599484893797463e-02	-2.014842000887226425e-02	-7.789252820493355878e-02	-2.192429112536898039e-01	2.078525410867515244e-01	-1.268368979207817326e-01	7.619748314716708049e-02	-4.755840249170589784e-01	-2.763447929388888613e-01	-4.000221459918957279e-01	-7.242639684691559721e-02	-1.427357542686008285e-01	3.105061047935466223e-01	8.894009989841632213e-02	-3.017864716354033416e-01	1.843119697147085553e-02	5.523628196248042688e-02	-1.967903920501009457e-02	-1.980523554527554853e-01	7.230043558195246856e-02	-5.297766041003790227e-02	2.150036783058782153e-01	9.417444928934193965e-03	-2.698063679325033437e-01	-1.175571654167120866e-01	-8.568234108527840454e-02	6.313133348870886286e-02	-2.305124096533122113e-01	3.056556747533556440e-01	4.482650682838267703e-02	-1.399934384860014314e-01	-2.817612503907837018e-01	-3.622545615828724475e-01	1.821999751100287224e-01	-3.381722731639650315e-01	1.890492302340969141e-02	7.165456957269623894e-02	-3.906258429754436157e-03	2.875149143495966952e-02	2.313060960127446275e-01	-1.730318252877047214e-01	-1.578183393843069493e-01	-2.142470391054125123e-01	-6.871437116350199992e-02	-2.558484138134436425e-01	8.860615295325655061e-02	1.329697346397319957e-01	1.528141809826906172e-01	-2.870289254041270000e-01	-1.131239207180989859e-01	-1.331108870927009691e-01	-1.937781626555488967e-01	-2.140836893557523379e-01	-7.047005235640262100e-02	4.224500459969934840e-02	2.030178048234727167e-02	-1.548483207738928225e-01	-1.505774119495736085e-01	1.404799671605797863e-02	2.234640976835803108e-02	5.178044042065686747e-02	9.102904566822457577e-02	1.241035277285722493e-01	4.382225267838225219e-02	2.140856322466185846e-01	5.270608793190290076e-02	-2.074565088842098837e-01	8.932632767070033952e-02	7.338497770566614065e-02	-2.582089898371008399e-02	1.478330817309014000e-01
-9.311398503535987803e-02	1.102001333554466944e+00	-2.404823500577072615e+00	2.480057598356264770e-01	-4.808788783742256601e-01	1.224130005048115422e+00	7.772869229492663790e-01	-4.544466098489237660e-01	-3.511763036121255399e-01	1.076273496816842368e+00	-5.768081021624665850e-01	5.133145022074164787e-01	-6.039392100660984086e-01	-1.076941117904766321e+00	-3.852922746204132665e-01	-6.700805898144230888e-01	-7.082261041340471852e-01	-3.258822172457001565e-01	7.528165529028527647e-01	-4.209771499933767647e-01	-1.540310292505012446e-01	3.053731670322236691e-01	1.608332786114976820e-01	-9.738103320150311160e-02	-5.652082441295713799e-01	1.323213904618863734e-01	2.200873637942253325e-01	3.250262082571564459e-01	6.137462972806574379e-01	-1.822884102523323890e-01	6.117896382355265672e-01	3.095486041377634168e-01	-1.262648259036053822e-01	1.423789587161529147e-01	8.920799095060512329e-02	2.046800056011101876e-01	-4.287882434449740744e-03	1.429898480046912501e-01	2.318239325686148877e-01	-4.207990463936252534e-01	8.138068169442293220e-02	-6.639758151370850348e-02	-2.023453203939150902e-01	7.955839669346620804e-03	2.409824078313041462e-01	-1.416954871419474626e-01	3.556751357933106705e-01	-1.012682933213036873e-01	-7.129567406197158397e-02	2.591809638349470979e-01	5.420703473536615802e-02	2.396422165806286544e-02	1.465672469765404717e-01	3.908495730513661393e-02	-3.285016741352393410e-01	1.085105814265049928e-01	-1.746457780700184648e-01	1.030421758369347573e-01	-5.244117891407231585e-02	2.620425420247198267e-01	-1.275133158328513039e-01	2.870596693361365803e-01	-2.433870625439774407e-02	2.005545074352653792e-02	1.894183456079625294e-01	3.733443578427590726e-02	-9.613473502105383817e-02	-6.601226779318865312e-02	-2.753862736439054992e-01	1.302966638075331862e-01	2.299438583686919668e-01	-3.553664069748461163e-01	-9.801676013751840777e-02	-4.317840836101714125e-02	3.463464422798621933e-02	-1.169588980295411945e-01	1.369490592142501850e-01	2.985708975212503918e-02	5.393378444404498678e-02	2.021842265447431480e-02	1.651686024207852099e-01	-1.237447353055488516e-03	-2.086737304846875973e-01	-1.112097835445724214e-01	3.039147820168520628e-02	-1.333477243996492867e-01	-1.984642430439412242e-02	3.857979813433340954e-01	6.907872443122949069e-02	-3.338200271469056180e-01	3.701970871059358237e-02	1.663096379515905943e-01	-1.779245476857744743e-02	1.086403044012428376e-01	-1.413979686417377313e-01	-1.057245355457610975e-01	-3.536555055303154949e-01	9.382074344377762387e-02	6.953587184912604635e-02	3.250229887605952939e-02	-7.326645993155286862e-02	-3.602672536012281879e-01	-5.025418045046271126e-02	-1.178115726600460766e-02	6.120912255528649509e-02	-1.085712110863094743e-01	9.324723808056119279e-02	-1.646664706171624692e-01	-1.288248662537975694e-02	-1.046775311212938542e-01	4.616263332409512032e-02	1.909747300612154031e-01	1.694031774862003459e-01	-1.992988990809594907e-01	-1.150856754285450728e-01	-4.460382345745796812e-02	-1.943000589953203586e-02	1.404408133666917025e-01	-1.391345155789995569e-01	-1.650595117783645177e-02	-4.255801361005051575e-02	-1.012067516610712647e-01	8.932054248322475031e-04	-5.834310813137697643e-02	8.013331987927115041e-02	1.467076110043106230e-01	-5.147773337386094689e-02	7.661963711180458207e-04
-2.042897681142955335e+00	3.471006408710480273e-01	4.088746299375097260e-01	-1.870259690181833856e-01	1.243956178190431139e+00	9.577496086893649840e-01	-7.145114522037625537e-01	5.186310129100121236e-01	2.908046315956548389e-01	7.715056491461529387e-01	9.761858843158036439e-03	-4.248860164609928325e-01	-1.789804410463662343e-01	-5.003889227891223923e-01	-9.266876189980285949e-02	9.136034610471338580e-01	4.772382825438072906e-01	5.563060379862533322e-01	2.756000318667169158e-02	-1.288673339879476687e-01	2.277611824377229199e-01	-3.476839402322317585e-01	-2.634316553917554482e-01	2.929452058957135799e-02	5.883892916809194684e-01	-3.714931669298381922e-01	2.610395854061170473e-01	5.950968177708106932e-01	2.426113533275051359e-01	-4.299036534181802094e-02	-2.006623200385587169e-01	2.521227486148983066e-01	-3.691757344771413180e-02	4.187775448078539520e-01	1.123504025111164706e-01	-2.386423238348880926e-01	2.572217700682939423e-01	-2.084236430758924230e-01	3.720034267825966801e-01	4.178642557641592536e-01	-2.932012472132949354e-01	4.896623902200426121e-02	-1.463350815274719052e-01	7.832865274788372231e-03	2.271439830147244932e-01	9.768570643772801765e-02	-5.260833112456885230e-01	2.467040423799651272e-01	6.871825740151185635e-02	-1.196082578638163058e-01	1.277290363529905159e-01	2.607831956809207249e-02	1.302915871513313784e-01	-7.215237780475441953e-02	2.077978556228335105e-01	2.290321405201154459e-01	1.288962093343318516e-01	-3.282325922777246802e-02	4.965155056914784953e-02	1.596444748361311172e-01	-4.682716911215013128e-02	-3.218110094921854958e-01	1.547618520397543718e-02	4.856572490843640844e-01	1.297947268099980678e-01	2.609113300872765717e-01	-1.271748872131849284e-01	-2.871656249598174560e-01	-1.038995085560077969e-02	2.071105693815745996e-02	2.558756858752079810e-01	-1.624908977006424560e-01	1.558268204212790997e-01	-4.614222143900530149e-02	2.165388117142749147e-01	-7.190606519712562650e-02	-1.640267361177894789e-01	2.034304612976068835e-02	7.825615222191430187e-02	-8.282249486485569745e-02	2.693724664996042795e-01	-1.084665818570184070e-01	1.037445414368634161e-01	5.023950218158897835e-02	8.814075609203163297e-02	-2.419744018758577531e-01	-5.728030286786421621e-02	-3.906288342023735843e-02	1.294520025876643408e-02	2.490586643331474115e-01	1.392737526767785783e-01	4.249242528951480830e-02	1.835283014843406002e-01	7.974178647929661135e-02	-2.878335323238958576e-01	4.045240218151061051e-02	-3.625764648431256676e-02	4.552090780011857490e-02	1.839688788428965605e-02	1.291473650944913731e-01	2.174897437863725358e-01	-1.058407695960392469e-01	6.388334873618753407e-02	5.680609395357542890e-02	-2.435457420668599993e-01	-5.977252648591041551e-02	-7.863808027507614151e-02	-1.018293984964557530e-01	3.549250985825643662e-02	7.960116372102611637e-02	-1.105355351223577670e-01	4.055330685516330552e-03	-6.981747402844573624e-02	5.405460913086616165e-02	2.102068336607577081e-01	2.522740245764788780e-02	-4.028910122837651292e-02	8.910234828482721525e-02	-7.847410353368672320e-02	-1.707257505009058263e-01	1.650027278417368418e-02	-2.122760993403320917e-01	-6.960278264044403307e-02	-1.048534209891071461e-01	-2.181381664472653928e-02	1.099069187406352538e-01	-1.973974862821692988e-01	1.245042298595743467e-02
-8.355378289153009286e-01	8.387325259699106583e-01	-1.789539007139716809e+00	2.618124783996347293e-01	8.585799508070360853e-01	3.368817629203416097e-01	2.676002737726933534e-01	-7.725848887642174923e-01	-1.054182842857438684e+00	-7.957606899037453774e-01	1.144211307965994351e+00	-6.513486772074803532e-01	-4.275200615752144939e-01	2.293238532184826983e-01	3.434355604952809560e-01	5.737985870967620139e-01	-3.062218017943384440e-01	4.553633422607210601e-01	-3.035528793851003937e-01	6.276322699609989675e-01	-1.520750225417817902e-01	6.582652681057032940e-02	-1.403567160970996319e+00	5.247901482778343230e-01	-5.444164563274703772e-01	6.036792025028749065e-02	-1.379161223425300620e-01	-8.879281077164952185e-01	6.559375797182611656e-01	3.297307694335318562e-01	-9.899603710970360515e-01	-8.078716221508693840e-01	1.213139545600686181e-01	1.129378341313240497e-01	-1.684480821714380572e-01	1.866372986591496586e-01	8.135753331372040931e-01	-9.002225935770186149e-02	3.046443568120839052e-01	4.116050676645896522e-01	4.198718441796808754e-02	-3.160602160394112015e-01	-3.051823148449334111e-02	3.986228750669134485e-02	3.592754697622283638e-02	-2.370641825971758210e-01	1.455754639625685132e-01	4.017563692583071000e-01	1.779692092679451831e-01	1.695828444222373943e-01	-2.276836738771804702e-01	4.858238040189490070e-02	4.460239212684380394e-01	-3.473039498917025458e-01	4.032519199275614308e-01	1.162973270868177950e-01	-4.337405308384004177e-01	-1.322389047662302364e-01	-1.209739014476576974e-01	-2.879346759584182694e-02	2.476169656855124399e-02	6.777005391666375278e-01	-2.214199294013910815e-02	-2.265797214233840895e-01	-2.732001480467873278e-01	4.379856117333271737e-01	-3.359525920955666045e-01	3.312792858587318423e-02	-1.895729151935466039e-01	-1.331810536185889793e-01	7.240819293268395407e-02	2.752285398015538731e-01	4.223665897280232673e-01	1.737931969361450057e-01	9.987646819083090266e-02	2.431855998471542935e-01	-2.070644544907178919e-01	-2.140145708088121990e-01	1.880815448799682266e-01	-1.006639888900321689e-01	-1.349431435748825736e-01	2.435418773276556703e-01	1.277126185668920055e-01	2.137831187666325572e-01	-3.231085071909658296e-02	2.085640493189617750e-01	6.745709088230368577e-02	4.075830252350335497e-02	-2.263497384645831237e-02	8.081494372909854562e-02	-3.194317898937061306e-01	2.713821184497313202e-02	7.711604386067626160e-02	-1.382714414323170105e-01	-9.436605687656052233e-02	-1.721642559339690501e-02	9.604292368708963745e-02	-1.596440408836731217e-01	-3.239415031115357446e-01	2.621608343442192179e-01	-3.536173318341574445e-01	2.508212882907146293e-02	4.399591368521858087e-02	-2.146940135309853281e-01	-2.503472391303787070e-01	-2.971310882331064038e-02	-2.299927469659078343e-03	1.063506328342632978e-01	-1.650561738860454042e-01	-9.309815950828624620e-02	-1.170895601394742330e-01	2.196351616140235774e-01	4.664655208771951306e-02	3.822885867287588446e-02	-8.404121756519852826e-02	-8.323716983493344157e-03	-3.400825416343006280e-02	-7.210348571142968094e-03	-2.659101559865834630e-01	-1.873817247342946801e-01	8.127988975582436937e-03	-1.345319952040549827e-01	3.344096145275085585e-02	7.641339277987950485e-02	-1.794208305857224739e-01	-5.670168610248629143e-02	9.861387196565363222e-02	-1.013490898676657759e-01
1.977524122491796099e-01	7.419861499391894322e-01	-2.363520388691330520e+00	7.746167163273228740e-01	3.047832067636290221e-01	-6.072830100364803307e-01	-1.407027251453453864e+00	-6.107666761272340095e-01	3.652433809127648145e-01	2.995693409145094854e-01	3.802064725722870686e-01	1.022009511354132316e+00	-8.067055462729116888e-01	-1.032701738927694679e+00	-3.007612515516848092e-02	1.047970190788673595e+00	1.696434401105238188e-01	-9.504793821145588462e-01	-3.605246659868884818e-01	3.522788853102451490e-01	-1.005822295473812522e+00	-6.043562553195722664e-01	-5.876677318944278916e-01	9.152450874865192265e-02	7.437981555149273394e-01	-1.518267925755178993e-01	4.217138514787678316e-01	-6.899337030705411378e-01	3.884419041501888104e-01	-5.983129278464733858e-01	-4.649790154647067131e-01	1.271455409990759344e-01	-6.349782995482361470e-01	-4.139472011160773568e-01	9.046624917331382021e-02	9.935545979187345722e-01	9.854365119377950233e-02	4.607545180286133912e-01	1.713309359325363990e-01	-3.494159753879280128e-01	3.823190973808156257e-02	-9.331116558930889482e-02	-4.095593206106645234e-01	3.585433654220263611e-01	-6.462830140154698366e-01	-9.344613131741789924e-02	3.074177292370437048e-02	-8.408156928603884028e-02	3.312656736348215669e-01	-3.871341020963682822e-01	2.509464123358112753e-01	-1.780480713371821247e-02	-1.527165680441038287e-01	-5.384229023781640366e-01	4.422458962691953599e-01	1.622492887494756120e-01	4.086377048565312808e-01	-3.169432170997518172e-01	-7.698829407211822684e-02	5.437417721172490420e-02	-1.444561280105740864e-01	-1.612711497497960889e-01	2.185763143880494752e-01	-2.695935185719674360e-02	9.457824760141597675e-02	-1.839502756778646931e-03	1.744821540023486495e-01	-4.918451805190161563e-01	-3.478509078290770162e-01	1.155956951161461049e-01	1.010508487770464953e-01	1.713378598199332692e-01	1.173467755523594364e-01	1.271708910559550265e-01	-9.314653367871832124e-02	6.181010487976904000e-02	-1.286722036790469426e-01	3.503923407018061376e-01	-2.032385278108779503e-01	-1.257625675777537533e-01	-2.488448375209839636e-01	-5.212320241850928459e-01	1.105724154996067521e-01	-1.069394976468658331e-01	5.058464593630446204e-02	-7.651570884219519031e-02	1.661740369042618293e-01	5.863945826303437747e-02	9.321938392790724004e-02	2.365197041450526616e-01	-3.488501250345823479e-01	1.987128236679221449e-01	-3.342232026772223863e-01	-5.137480134791008041e-02	-8.707263807543678957e-02	2.386864086143340724e-01	7.079809964213227280e-01	1.950030666153847181e-01	-3.035897498221217239e-01	2.130733216833327615e-01	5.978776359589293293e-02	-6.486967714168957733e-02	5.329299242276198251e-03	1.956872454615727897e-01	2.654346415295757433e-01	1.979978075313637564e-01	-4.167822124394322120e-02	2.152977415845634332e-02	-3.136243909611540759e-01	-2.383657792851061885e-01	-1.451154090503511407e-01	-2.034650379921466856e-01	-2.210800405286445641e-02	-2.336165523255124415e-02	-2.107748796562573246e-01	7.318091015178374015e-02	1.026873496426242288e-01	9.809081127885900531e-02	-7.871220464719870524e-02	-1.277621463580038974e-01	1.530009617460509619e-01	-9.179037108432425152e-02	-1.427266658200002647e-01	4.811379156235683074e-02	8.340734780196791542e-02	-2.008735665758780709e-01	1.793262132315116275e-01	1.355086557446483764e-01
-5.158194465067401646e-01	-2.626316203316486075e-01	-9.301131997407349195e-01	-1.136634147734673528e+00	4.212530407544318733e-01	-1.042264058326310749e+00	-1.653478412543642195e-01	1.519765761095475121e-01	4.498916258635992094e-01	2.265835573946584081e-01	-1.940920810658681994e-01	5.335680135592176798e-01	-1.124820747862909309e+00	-3.147362901654793266e-01	1.071741713765110848e+00	-1.923198769841978628e-01	-1.023227388593775100e-01	-2.697363706027351982e-01	6.946281904606838031e-02	-7.204258210114543592e-01	-1.739017915603370268e-01	7.496944607407529659e-01	-3.307415609902281117e-01	-4.845965627836644196e-01	-1.852560749521449668e-01	-1.117084915796257155e-01	2.730183596281027802e-01	-3.553350533939028666e-01	3.547486789536305474e-01	1.683932976828884098e-01	-3.202853005409498910e-01	-4.330024771173817122e-01	3.946695199623040384e-01	-2.088317494075442315e-01	5.865704445705140907e-02	-4.046509316807810896e-01	-2.276626750406766930e-01	1.094814663479212052e-01	3.798017468243046202e-01	-1.046663687594888148e-01	-4.263140294821754495e-01	-7.877583411908847377e-04	-1.070402526765838608e-01	-2.879805598557462210e-01	-1.364503000047161407e-01	-3.557646349465896918e-02	3.392830647858223192e-01	3.025965407449404676e-01	-3.285893714360358375e-01	2.770345058902355939e-01	2.784758916321601885e-01	1.503361972506100375e-01	-1.043657354212582100e-01	1.102100317363824411e-01	4.024795818561269778e-01	-2.488208620304048213e-01	2.939565032641681674e-01	-1.924538361623362726e-01	3.117363136179898131e-01	-4.452887771240448544e-01	-3.279764713526801545e-01	1.315595300229915610e-01	7.954255624468122010e-02	-1.748890512821214549e-01	2.835179296400073823e-01	8.661712245239382157e-02	1.213993371363205065e-01	2.079623704174767274e-01	1.055809006640335279e-01	-1.912544765626704446e-01	2.543095188565747677e-01	-1.012889972715231013e-01	3.704313918984896148e-01	-4.252481060408954128e-01	-2.003250928830205835e-01	-1.818138790252096515e-01	2.931124972710376086e-01	4.813287523540765028e-02	1.390827513529600268e-01	-9.060109258383629294e-02	1.154708566108200163e-01	8.192362242955165009e-04	9.288565594067434497e-03	-1.622873449102565924e-01	-5.237579322628245319e-03	-9.407044454290891533e-02	4.595610673019825954e-01	-3.802493386686114918e-02	-1.937561237309785855e-01	1.032084776045233826e-01	-1.404606856350004152e-01	1.968132424778988865e-01	-2.765377098913104990e-03	-1.392615496240674211e-01	-1.361533592338308452e-01	1.042249520562773119e-01	-9.175138573250909979e-02	-1.323368522663899470e-03	4.619019658750569968e-03	-3.027057253875537479e-01	2.438378566376550594e-01	1.276896191053218110e-01	-2.226464453126244039e-02	1.682800943454345610e-01	-4.593738466215553651e-02	-8.345865298657366427e-02	-6.225205390900809960e-02	2.476242619198616712e-01	1.452100226294603114e-01	-1.070755682493738092e-01	2.159377175733291077e-01	3.385676174118437132e-01	-4.890722370355330556e-02	3.622990671197409002e-02	-2.471805950008140740e-01	6.126907314582237529e-02	1.675443558723298809e-01	-6.916158731444849161e-02	-6.893128590745351003e-02	-1.301244765430868422e-01	2.466416946658579745e-02	-8.431307308880660323e-02	-4.434613532093681365e-02	1.249331078648053817e-01	-1.971242353821161808e-01	5.572211960968194433e-02	1.010074291862667929e-02	-1.738713767056470835e-02
-9.113830302670452577e-01	-2.288373046458921589e+00	2.220946716722715375e-01	9.614838798957733301e-01	-9.309782504736854314e-01	-5.348040848634749711e-01	-3.503580194388548064e-01	-1.679129502799623641e-01	-2.865847049375360722e-01	4.886169742463571802e-02	-4.028716175088526558e-02	6.556022690839382605e-01	1.771521916503048244e-01	1.058053741483309523e-01	4.561616800193797894e-01	2.483329047277280932e-01	-8.578491266609716837e-02	-2.856678425356927176e-01	4.503855266852503370e-01	2.175589404445997521e-01	-5.212029654991715694e-02	-9.642669839670456322e-02	-3.643899315926984461e-01	-5.911482914158475710e-01	-6.792261840169218357e-02	2.711622062350433349e-01	4.655682726449530962e-02	-3.184026281986735429e-01	2.779479320181072952e-02	-3.917560214346609282e-01	-5.249891693929818054e-02	-1.303320670672134529e-01	-4.351882122390867552e-02	-2.779925871379118618e-01	3.175221702653427402e-01	-1.881297186648094033e-01	-4.285308688103099950e-01	6.876735010288074212e-01	-1.360846694603602136e-01	1.807327189987408822e-01	2.805851223374804526e-01	-1.272102713522190072e-02	-1.530728874395458350e-01	2.013911231069503427e-01	-2.035065339169866983e-01	-4.375282980078819967e-02	-8.525284254919869575e-02	2.214413699168182870e-01	1.660301841762316655e-01	-1.607378529539838508e-01	-6.981714960217573485e-02	5.173320859697819740e-01	-4.987113832089747761e-02	9.476229572154069858e-03	1.814721131387414255e-01	-2.475704146587087984e-01	2.331229216716567132e-01	1.054803365508470356e-02	-1.917301490505444669e-02	3.638622440342028086e-01	-1.914433819071612863e-01	1.670883281145026378e-01	-1.767018230388377187e-01	-1.225718538767942983e-01	-7.704769262799553153e-02	1.096410484657799923e-03	2.823621805477807278e-01	-3.256073753219251247e-03	1.986384146110658777e-01	-1.020355850120173158e-01	2.579281555166653209e-03	3.958632430620551840e-02	2.545481680278393055e-01	-5.298767192789539948e-02	2.579832205558211244e-01	-3.082716970051984084e-01	9.767341633480986982e-03	1.979552474487280278e-01	1.420369267963265125e-01	-6.082901032479512415e-02	-3.670703327197201438e-02	-2.408409691723543411e-01	1.178498472978707912e-01	6.322700634961447852e-02	-9.466117800992703002e-02	1.548957183727083520e-01	1.991793904001633309e-01	6.826146958478375437e-02	-1.481950004958527689e-01	3.979399811108168955e-02	-1.289579530004581753e-01	-3.757784864463879076e-02	6.212475207670745125e-02	-2.772677930701968399e-02	1.862730585332944902e-02	-5.752920393116119774e-02	2.823772425706853537e-02	-2.604200068981105468e-02	-1.020767853097303279e-01	2.797520450311115070e-01	7.580379581686202961e-02	-4.286374923146637345e-02	1.090638262163675654e-01	3.995407568409761051e-02	-2.500298863401654303e-01	-9.609244066557522113e-02	-3.514939974517936050e-02	-6.377791073697919137e-03	-6.014141792002450360e-02	1.850585396220821160e-02	-1.287058794453545818e-01	-1.483144024514945480e-01	-2.301107813650356618e-02	5.216955445961074522e-02	1.661793406430102094e-01	-1.748722634122973907e-01	1.792426379461535893e-02	-2.525237388030304175e-01	5.123319196908716205e-02	2.117718134812879016e-01	5.047332926467011475e-03	-1.688147337632796285e-01	-2.166502695375213325e-02	2.367485895458025860e-02	-6.579995456145446009e-02	1.241954016750746320e-01	-1.123293177618723410e-01	1.382268872222726375e-01
-1.892141179960603603e+00	-1.333174137858978980e+00	-1.432836085886314559e-01	-1.000130633466549845e+00	1.956182392922579893e+00	2.668419313820874494e-02	-4.943486034117042238e-01	3.478119022449458475e-01	8.096088693789309509e-01	6.436031806445233761e-01	1.321172261334695008e+00	-2.334097826736687975e-01	-4.597886718390220007e-01	1.802022753987227444e-01	-6.362698226032646731e-02	-1.110710012586921674e-01	1.359219954356814253e-01	9.998724796822917871e-02	-1.408180332721774564e-01	-2.868414151197304363e-01	4.142341139975022068e-01	4.364024470509776377e-01	4.919565562184598506e-01	6.470552648532814644e-01	-5.095281999592531780e-02	-1.512019307310683014e-01	-2.292413871232804601e-01	1.938994380875308232e-01	-1.073629248437489303e-01	2.850597606859509373e-02	1.271243337976709353e-01	1.983278473758980920e-01	2.465425511960799843e-01	-1.397659364156575712e-01	-8.715774167440352993e-02	1.300561849513182378e-01	8.709812237199411958e-03	4.689486734012456304e-01	-2.277309291967230254e-01	-6.411169546582153878e-01	-4.343006284447484266e-01	-9.721725767105007798e-02	7.214502834050657842e-01	3.291969386207270754e-01	-7.853626042550528041e-02	7.833790396509138221e-02	-6.820955515685768467e-02	3.490982362549280849e-01	1.465488773676258960e-01	2.107295822056304557e-01	4.173653645903882548e-01	-2.208427231960969905e-01	-3.020983599704796241e-01	1.117594002087898830e-01	1.748707247680071075e-01	2.872861448508824966e-01	2.245613430997766002e-01	3.856377192853530089e-02	-1.448730241055915802e-01	1.572920303310370443e-02	-5.963488725845043914e-02	1.743160029203708605e-01	3.384562220896917273e-01	-3.099423775092181171e-02	8.082770141002838804e-02	-1.511671777400673267e-01	-6.849760459159484616e-02	8.665943027545854049e-02	-8.156938630643276178e-02	-3.847564130469655064e-01	-2.038283372630904922e-01	6.782159542249273365e-02	8.352393507185595922e-02	6.100931703308342530e-02	1.484615817869859855e-01	-1.247454879009563811e-01	3.310236559593479067e-01	-4.218400523691562820e-01	4.388029253124106632e-02	3.233442524257146983e-02	-2.859302402587307057e-01	-2.732186913620348045e-01	-1.457758174264951467e-01	-6.755718224770199121e-02	2.706464521152807112e-02	1.790833650715641101e-01	-1.114584541942809232e-01	-3.345103149056977698e-01	6.080193886177297918e-02	-8.168398121387908384e-02	-4.413138838104527228e-02	-9.354165166542263710e-02	1.942170654187925227e-01	-2.292009100460529192e-02	1.005332833146232591e-01	1.779185413877576449e-01	-1.857818843702030345e-04	-2.898537480883681128e-01	1.865326207797582958e-01	1.107483481766409657e-02	-6.120308017960662816e-02	1.556261335401078472e-01	-8.878326826160119756e-02	-5.633949354487226280e-02	2.869523303675535972e-02	5.400273587231419620e-02	1.488744408828437116e-01	-4.458224776745573631e-02	1.217127012511692169e-02	1.096163132980698812e-01	1.707373293256468291e-02	3.142161815002143810e-02	2.523734175704251403e-01	1.808468248011269874e-01	-3.231095255589960802e-01	-3.344190291925277364e-02	-2.580058512076122482e-02	3.177900419562661866e-02	-3.073654834958662874e-01	1.430071425186693890e-01	5.354880763831303819e-02	9.263752243729737879e-02	-1.081993323778940135e-03	-2.008525431174240650e-01	2.927967511943968190e-02	-2.427590341492917303e-01	1.890682888490407762e-02	1.589786977274663948e-01
3.538115988465519168e-02	1.293693201022417805e+00	-1.483092824971523394e+00	7.029779484898762698e-01	1.971967260256569876e+00	-1.897639106444397872e-01	7.671779815020125792e-02	-1.914895684340570226e+00	1.110462971860864068e+00	-5.825501972717486154e-01	-7.679407251294476655e-01	9.063607664991922830e-01	7.938105503929603346e-01	-6.531209372723746354e-01	5.839196259221113294e-01	1.414353551729616576e-01	1.794945410083242585e-02	-9.576325502475829810e-01	-4.980151737322993655e-01	1.022600006085791380e+00	-5.982194727711614979e-01	2.830962898617299106e-01	1.188182090196629181e-01	-1.720792156300647302e-01	-1.662908213133514057e-01	-2.179162255448850727e-01	-1.091481243855007277e-01	-5.256937209103217379e-01	-4.449366009985497028e-01	6.193209765749290163e-01	2.121447173099586803e-01	-1.160379102139828117e-01	5.202569041969213465e-03	-3.262092397644326680e-01	-6.906856440220802973e-02	-3.814629034985230760e-01	-5.761901388779395727e-01	2.271166966599622861e-01	5.236920378837982559e-01	-8.642302813031490505e-01	2.884294281986434783e-01	-3.149948958473184346e-01	5.263070185384688404e-01	3.340372123204745081e-01	-2.479567707028693113e-01	-5.805600108522784852e-02	-2.290790969418834422e-01	-3.032296417730815374e-01	-7.795366677387902676e-01	-3.429671932875157370e-01	-2.635916014161452381e-01	3.271461413660108897e-01	-5.564799496191096262e-01	-1.719217016264370235e-01	4.984608551347254890e-01	1.600980699596497858e-01	3.605236600965815857e-02	3.499505624940506543e-01	-2.803530522109799472e-01	-2.827288723316854213e-01	9.736662370891548471e-03	2.593799618250901551e-01	-2.093536466514568373e-01	5.200140014279783784e-01	3.144524729770500904e-02	6.069506951470768352e-02	-1.007073571927321332e-01	-4.130550618261406570e-01	7.071809826869815407e-02	1.231231103846555097e-01	3.236834983103107355e-01	1.713362942161732183e-01	-2.874959197274880029e-01	1.018723044315981013e-01	-2.986967303603176721e-02	-6.251279427548531165e-02	-5.615283695414752252e-01	-3.879555959062064990e-02	-1.624964305617219995e-01	2.378542950842774395e-01	5.713266310491287026e-03	1.223365175098783397e-01	5.985721439323483661e-01	2.418761723499029404e-01	-2.057860412309139297e-01	-8.560821486826436510e-03	9.531452746560899192e-02	-2.242557848575904011e-01	1.496207752064947771e-01	-1.731778371386348270e-01	6.372942171229230290e-02	1.996297149899929346e-01	1.490994451706514727e-02	-4.439652572148538494e-04	-1.408193859628337485e-01	-1.614255587436406458e-01	-2.410626419543955012e-01	8.689356402756451270e-02	3.262383541589806146e-01	-2.347727359840978967e-01	-2.076428424723199551e-01	1.010931924247671521e-03	-3.500658806725522876e-01	1.431244269942208956e-02	-8.352262282548038319e-02	-3.670810118850627995e-02	-4.135734031489626816e-02	1.913105573757455935e-01	2.281253628151357626e-01	6.398199808754512219e-02	4.113424520658046785e-02	-1.468950950904129582e-01	-1.315528777180940412e-01	4.768449369345158229e-02	-1.802151788274345690e-01	-1.256947972155756654e-01	-1.584805329120081985e-01	3.075482578944316314e-01	-1.676617898666180745e-02	5.448214997882480648e-02	3.197497473379076749e-01	-1.356106961406514377e-01	-7.704027651108587282e-02	-9.509327828395737481e-02	2.880668762551244488e-02	2.221434414503004051e-01	1.698548350554517430e-02	-1.246256131803916839e-01
2.076977156912736433e+00	-6.757609602258800585e-01	1.328448956334126407e+00	2.427716317655600198e-01	2.971297864447533521e-01	-5.304240240944612106e-01	-3.473658514589060831e-01	3.863910928863900085e-01	-6.420621827095845946e-01	-1.069351504371910261e-01	-1.997394340488267972e-01	-6.366314537131255447e-02	-3.579730534546091691e-01	8.965788576341092719e-01	6.425848971485350614e-01	-2.411250276000096726e-01	5.533951745419443125e-01	-4.299392545588804487e-02	-6.792605072350427209e-01	-3.866727426991516808e-02	-9.226319986949736984e-01	-6.049917511491458288e-01	1.022138441098487949e+00	-6.834841660846776579e-01	-6.129486697582574584e-01	-1.748626704859784498e-01	-7.768317714506989269e-02	3.273378388414651119e-01	1.784135087774180728e-01	3.007894868710758174e-01	7.958224699671404001e-02	4.612704185292987868e-01	8.944128747813856473e-01	-1.936785686218947256e-01	1.412844512050984991e-01	8.241992696081288372e-01	1.522400341402400104e-01	-3.452040797851760878e-01	4.498127476490408894e-01	4.838492692004376511e-02	4.117853658697331332e-01	-4.318164871265299243e-01	-1.226609420293638397e+00	-7.051106951812423362e-02	1.572492090633671388e-02	9.307318596002231437e-02	-5.098602628096867706e-01	2.512834852386888751e-02	-3.166537645713383142e-01	1.175887630353195767e+00	2.218667210489485286e-01	3.705246557075388414e-01	2.127460768854186612e-01	5.786569075757747038e-01	4.684491568948804252e-01	1.339769503423731967e-01	2.193118860749075638e-01	2.166538872735954691e-01	-1.018018951070099182e-01	6.084743601998203466e-02	-3.708886718605279575e-02	-2.677280537605988830e-01	6.298485437499896644e-01	-2.414063688605452007e-01	-2.906857603483404828e-01	-4.290146033230465838e-02	2.816930634072910555e-01	2.405558457948960005e-01	7.508984590095618868e-03	-5.856081291860533444e-02	1.625602057746534101e-01	-1.219752232491817523e-01	-2.160946932038105839e-01	2.281174022173692584e-01	-1.958598610456298295e-01	-6.152314754894037258e-02	-3.986906066827112793e-01	-1.774633087532620501e-01	-3.249773193725055132e-01	2.653559542344485767e-01	1.800212760519618593e-01	-2.882828611261364360e-01	-1.644619386736821676e-01	-1.501130353708269582e-01	-5.368851537787856093e-02	2.540465746654914647e-01	1.299711386472864223e-02	-2.894685203716249045e-01	-9.603461937935110770e-02	-2.078086716954121449e-01	7.804627404692938974e-02	-1.177272849981177150e-01	7.634357058731709722e-02	1.468917129251436637e-01	-5.215486851373623001e-01	-2.331037077484653663e-01	-1.191805522126088979e-01	-2.101706058601052751e-01	-1.028324579808042871e-01	2.641361521317047711e-01	9.149560101744357021e-03	2.324782341982713774e-01	3.690006066074748986e-02	8.493974949328783608e-03	1.718463146758192062e-01	2.334808581893628165e-01	-1.632004356853095778e-02	-6.321544771464199242e-02	-9.617684717850513709e-02	-1.243838116239461972e-01	6.742643053020440369e-02	-5.806229193242742198e-02	-3.135721410053253499e-02	1.298115013967466036e-01	2.282854175353327131e-01	1.655264702651509101e-01	-1.043923502606031450e-01	1.140237716237078036e-01	-6.270557126977499562e-02	-3.408685230717972692e-02	1.117187574805770037e-02	-1.001086479602973506e-01	-1.636558606126536086e-01	1.685566854776791579e-01	5.402524200290523965e-02	-1.082526691201660032e-03	2.317151651500579390e-01	7.689535774230522869e-02
-9.296682626600498711e-01	7.393936792824887805e-01	-5.926344564125688441e-01	-1.101836126403215044e+00	-8.023518133247524720e-01	-1.262403898642051825e+00	1.422480900992259878e+00	-3.571345040025719619e-01	-2.119532847991896229e-01	1.094126206049569561e+00	1.220550619094034339e-01	-5.686441454733364154e-01	3.704883976279314817e-02	-1.529378034873346004e-01	-3.496458983350336780e-01	1.427115365585286122e-01	5.189799909792146559e-01	1.154368536370278475e+00	2.184386295270780154e-01	2.519272055584503289e-01	-2.969352727571435979e-01	4.720044892823900273e-01	3.933354958177071037e-02	-1.337913138408921010e-01	3.454240431517463517e-01	3.322142506398433892e-01	-2.448012423992643460e-01	-4.537359777582926079e-01	-5.757752850918764764e-01	1.365532845275295448e-01	1.093056636230931716e-01	-4.722816955945328132e-01	4.761663041258986651e-01	6.024080365655694047e-01	4.648163320524637543e-01	-5.690903849638501155e-02	6.054028294446599512e-01	2.163732052185595722e-01	2.875379094664378549e-02	4.985855543048617888e-01	2.182455133707680572e-01	-2.598941340736564409e-02	1.355308214183167763e-02	1.859714048548687104e-01	-1.375625573405237986e-02	7.071041315543942496e-02	4.509122476208898833e-01	-1.331426754234054100e-01	-1.913563172235317467e-01	1.243251673241397293e-01	-6.534339919355941322e-03	-2.443282741481159481e-01	3.149096883467676911e-01	-1.539369824726222191e-01	-4.167212744881945707e-02	1.764710425974112817e-02	-2.008919541572377343e-01	9.681790695760557341e-02	-4.178844369297490258e-01	-2.603605601834015505e-03	-2.986552469868249959e-01	1.051303734157797154e-01	-1.604185375566511973e-01	-3.456200560402453714e-01	1.275982479490807564e-01	-1.001267615340445671e-01	1.642909342379342275e-01	-6.426611933951924260e-02	1.784673246089594004e-02	1.176617799005509890e-01	-1.362430687191049372e-01	1.052672671240574565e-01	-2.054896626772906298e-01	9.441255057067930723e-02	-1.848609890268075040e-01	2.178265456408847445e-01	1.258365199805614176e-01	-1.269621878630991796e-01	9.962732039834641673e-02	5.672105847061413852e-01	-1.049604276002979314e-02	1.584480437088469362e-01	-8.353693823297637933e-02	-2.423645119179218543e-01	-1.335281286856402905e-01	5.313327287397971027e-02	1.519198352431118219e-02	-1.183733969496995470e-01	-5.447390930114112684e-02	-3.158128770360331683e-01	-9.793039655602929494e-02	-5.323302967817469117e-02	8.185385597158842397e-02	-2.270565590052134874e-01	-2.260286496228460784e-01	2.149294865213454142e-01	-1.645056326169355362e-02	-3.414647220677419215e-01	-1.889506192043098956e-02	-3.191149319989571020e-02	3.765496895248015008e-01	-6.468920371139696979e-02	-4.756820142285588665e-02	1.370857439459999272e-01	-1.101567838994233633e-02	1.668110217094721515e-01	-3.561298311328972011e-01	-3.263021110979453243e-01	9.616589942735839780e-02	3.232147312177575255e-02	-1.864519722733759544e-02	7.741580297001256564e-03	2.910447945237301659e-01	-5.197294459934829677e-03	-1.968903097314492479e-01	3.138043244823827960e-02	1.305071020242991320e-01	1.597533839174412329e-01	-9.748339467402164504e-02	-1.257187493296966496e-01	1.053700717232087108e-01	-1.836980845942315366e-01	-1.154560317476610448e-01	-1.951530739625297328e-01	1.343804763497630506e-01	-3.127932125132901198e-02	1.454152676238154862e-01	-6.071641074101330471e-02
-1.137031008005317867e+00	-2.272632239639682084e+00	6.469931048158699127e-01	1.253553101571309059e+00	-1.256872257766791012e+00	-1.879839590788465464e-01	-3.203579461448001764e-01	6.949847238073778889e-03	-2.310341025158550166e-01	1.427907061899941210e-01	-1.989474224032895533e-01	-2.454858645802326655e-01	1.851831522771869507e-02	1.145783932600161724e-02	5.653848512257066972e-01	3.495645845423968057e-01	-2.585738402035534511e-01	-1.710127113168238844e-01	-4.859497341173212859e-01	-1.609702469883861342e-01	4.486931500954485785e-01	5.117814700476222001e-01	9.590389426577718840e-03	-6.024224689877592798e-02	2.339219443911466911e-01	6.662155622874680327e-01	-2.161445153579737710e-01	-2.821790342657489181e-01	-6.316531831695421095e-02	2.916838373521997152e-01	3.088814112908255805e-01	-3.190949067650294957e-01	2.010021631392225061e-01	-1.847169166732905154e-01	2.377875836592990150e-02	-5.313829747440596690e-02	3.171864578377989186e-01	1.789243983760123446e-02	-3.133927863470856168e-01	2.185553075319360827e-01	2.056422072551782054e-01	1.377799813859178213e-01	-1.641231983279115014e-02	9.881106955412032045e-02	1.194476094736816457e-01	3.865521364445327901e-01	-1.801015325775277842e-01	-3.923370885772582001e-02	8.766221456395562051e-02	-1.802132255595593757e-01	2.038408995762043818e-01	3.774997156298758871e-01	-1.093605211975601094e-01	-1.836149245928371185e-02	4.690874753578887918e-02	-2.324730512243069203e-01	-6.121455179251588524e-02	7.287104741194061833e-03	-1.789348281407017460e-01	1.747003212549527174e-01	8.393452462719031004e-02	-3.893460829864645728e-02	3.149993557202317163e-02	2.073097092449453505e-01	-9.126878038960790918e-02	2.833896500639620716e-02	1.455456148489676638e-01	6.270157557800941361e-02	3.007649115582131105e-01	1.308445199900699629e-01	2.304286997353227062e-01	2.706907392179321303e-01	1.615458016483322379e-01	-7.928330379031045408e-04	-1.541087518409113288e-01	-6.486397939139545987e-02	4.123697635893790875e-02	1.214286775291867626e-01	1.054618652234429049e-01	-3.400136885898132847e-03	1.347869378403503127e-01	-9.461886134201094589e-02	-2.436227775581591981e-01	-2.596229327115174082e-02	1.027416996558650347e-01	9.861831956004656063e-02	4.438233683036959219e-03	1.428873666895351668e-01	1.007614383881031556e-01	-2.128404924407317211e-01	2.440856776390309957e-02	-3.830606114396839512e-02	3.989339341385390869e-02	1.732209273192631682e-01	-1.300339091154597837e-01	1.672695065605059872e-01	-1.759640458693888590e-02	-1.242653986123983118e-01	-1.019989062842205224e-01	-8.554932726855206393e-02	-1.947815580232311466e-02	-8.902580981318231057e-02	-1.035471013841713500e-02	-1.110870083977521551e-02	1.911298594315858079e-01	-1.436394903251093647e-01	-3.599340431370889187e-02	7.899094039050666080e-04	7.405895087904962315e-02	5.229286699588805987e-02	2.648081707663648907e-02	-8.587515295044491348e-02	5.394504342743547572e-03	-2.831711575260978733e-02	9.746539142260346456e-02	-2.526216552566672990e-01	-7.566243415416569473e-02	7.400446236021443469e-02	3.276576071201159346e-02	-4.131567401894186559e-02	6.277829423495884242e-02	7.299257572025948711e-04	7.635144262797631531e-02	8.758878970916184059e-02	-1.212477381355117761e-01	-8.058576689738394458e-03	6.748757190241931603e-02	8.251178812965267659e-03
-4.949665159849884755e-01	1.010709448640082053e+00	5.023405645255778484e-01	2.892392881260092086e+00	-9.644669756607707756e-01	-1.734759354850588631e+00	-5.391084500484263353e-01	4.586871282036172892e-01	2.134003767987908140e-01	-2.549461258891280169e-01	-5.002906094774383083e-01	-3.036590519078946615e-01	-6.911424986247874380e-02	6.131602896589499058e-02	1.905985161399162409e-01	3.559570954352789807e-01	-6.997313090345993469e-01	5.540233817441104769e-01	-5.525616172500540380e-01	2.664311679501351129e-02	7.444529539914250815e-01	-4.886132891066840428e-02	1.396014362250446728e-01	-1.075172158690523017e-01	3.951161751674583389e-01	5.930330119416319379e-01	-3.797880104312348348e-01	-2.715787560541889634e-01	-1.358381620903073572e-01	4.045581259284218578e-02	2.995145875405690328e-01	-8.174524748998318602e-01	6.725108348805467484e-01	-1.351289131170254343e-01	-4.514194957275255438e-01	2.265825685301131320e-01	4.161442778326025493e-01	-6.898864517285685505e-02	-1.831101114317092160e-01	4.885561376881331075e-02	2.924118393584575482e-01	1.604792885180652412e-02	1.072272998168452007e-01	-1.800882657941705045e-01	1.812889519032024610e-01	1.382331569900715207e-01	-2.250657392980818516e-01	1.452999606341772165e-01	2.687673476892432287e-02	-3.224678470743027048e-01	4.539191052059372011e-01	2.672151090890484970e-01	6.122448536439323991e-02	-1.714623639656971399e-01	1.339780404353144716e-01	2.767166268653652450e-01	-2.576977927721368911e-01	-1.549943492102622694e-02	-4.290553548687750518e-02	-3.897589321882647950e-01	4.491220349054064198e-01	-1.570006161027013014e-01	8.155300445837268541e-02	1.620321232258052080e-01	6.202357288288879583e-02	8.636830267143846829e-02	2.688372650559583965e-01	1.385340350345873606e-01	-2.520605211498286660e-02	-7.755788630260167238e-02	-1.923461742839930044e-01	2.674082905050362835e-01	2.072087928852955341e-01	-2.189597055389189140e-01	-1.638680154005619782e-01	-1.272475858888445499e-01	-1.780637196659432264e-01	3.602945425235226651e-02	1.644489972849834947e-01	2.344667914685621413e-01	1.501226689775321185e-02	1.272248949239479232e-01	-9.355559854393188934e-02	1.136956621521722083e-01	-3.470225574548462671e-02	1.642984133831992266e-01	6.599414053649417002e-03	4.155722555568875515e-02	5.696434082980053604e-02	-1.034420218039723977e-01	6.200110780937085481e-02	-5.282206492128149050e-02	-1.192182503936241728e-01	-1.118901684310254219e-02	-7.440183947603080938e-02	3.073969787176131230e-01	1.581832437616534914e-01	1.079704731710164206e-01	5.010698787539482474e-02	-5.755799036530000190e-02	5.085720467802895550e-02	-1.745187100551975554e-02	4.881882732522720147e-02	1.281387423350525412e-01	2.523028968246247006e-01	-1.699831872948887046e-01	-1.423400008942108663e-01	7.807921672866528773e-02	1.758604272676308200e-01	-1.650961507441821297e-01	-5.227431546690511355e-02	1.146466029673003269e-02	-1.707616423637239172e-02	2.793421648687169009e-02	-1.639456950356846590e-02	-3.026870852376236862e-02	-1.720456546616751792e-01	8.761383476038886453e-02	9.164307213162851962e-02	-1.736684434403525934e-01	-9.420760073069749108e-02	-4.719273791701800169e-02	-3.991016296744103603e-02	-4.038164023880266157e-02	2.351390226907992473e-02	-1.162135481177759833e-01	4.368651442885699426e-02	7.076654833373852149e-02
9.042061492304048764e-02	1.193074612325347728e+00	-1.615533372433233694e+00	-5.212821447253757068e-01	-6.590382915115009510e-01	-5.879210973434018106e-01	-8.635836623511437826e-02	-1.096530379633347263e-01	9.568209849396085431e-01	-3.290745491900459174e-01	1.072736393559165391e+00	7.287701699650340759e-01	3.202298624222147394e-01	9.988503271679211037e-01	3.649720628750242196e-02	5.210039067664425927e-01	3.155469150634224729e-01	5.448493397152435191e-01	-1.730043996757046343e-01	-2.678670271335745756e-01	7.084170687024897717e-01	2.572015605733607990e-01	7.591628178430455121e-01	-9.078756411837578255e-02	-2.846185446724031620e-01	-7.701389043407379231e-02	3.532051168141633890e-02	5.102356830284036082e-01	-2.979178547535734078e-01	-4.212407277870592881e-01	-7.534920846520379856e-01	-5.326184243039596700e-01	4.384587315406957564e-01	-4.014249064415023049e-01	3.476655119886326584e-01	2.148198497878335556e-02	-2.397903030257735602e-01	-3.030598348732824743e-01	3.570590808057437782e-01	2.226196961388911544e-01	2.018003888947152991e-01	-2.582441604061876950e-01	1.304813126739294777e-03	-5.537199111127952822e-01	2.083879466564362293e-01	6.635913428681160242e-02	-5.947265418057199327e-01	1.900894726008303670e-02	-1.544815126606689792e-01	-4.469906357302810829e-01	1.231606493767181260e-01	-1.450976802510426378e-01	-1.987212368494824521e-01	1.854647307933311728e-01	1.652464320993031199e-01	2.765969156340629675e-01	2.739590143219676754e-01	-1.291350560781315826e-01	7.393970213282370640e-02	-6.585515052129303770e-02	3.655102283237105509e-01	5.507056931693258273e-01	-1.885769825565706270e-01	-1.865973102222997504e-01	-1.275379736959252608e-01	8.874829229147404575e-02	3.426270187861785166e-02	-5.748650623819743233e-01	-5.216089245323890511e-01	-1.524744851452763394e-01	-6.999241484230411814e-02	-2.437470939362678668e-01	7.904436810280494885e-02	-2.089048515852618138e-01	-3.334157419973203806e-01	-1.251568901580606963e-01	-1.824906083808642832e-01	-4.565480154374891575e-02	6.172860187089931200e-02	-1.473034067794248003e-01	-2.480963314361568639e-01	-8.998260867898282001e-02	-5.596675182855781472e-01	-2.242181675028146193e-01	-9.684506464769365719e-02	8.758170237596522856e-02	-6.736367114917835019e-02	-1.225891321630186437e-01	1.766916239536234501e-01	1.015143056966419238e-01	-9.310288312186527915e-02	-1.367398334158252682e-01	-2.381259505952764699e-01	-3.378136620595748596e-01	1.170184450326875042e-01	-2.821003881588891593e-01	-1.490480596263105140e-01	-1.945936302822300346e-01	1.921691291823443559e-02	2.358957701139284269e-01	-1.223285094803515799e-01	-3.557574737452764424e-01	-1.889564071687312719e-01	-3.450780135010890204e-01	-1.145490149954625642e-01	-1.035229627049050367e-02	3.225276630991359417e-01	1.269112455515412907e-01	-4.054599058484638086e-01	6.664261781527609785e-02	9.378521012107611521e-02	1.100847765898719105e-01	5.228675343160207878e-02	-2.165364248479325487e-02	-1.812435845753589472e-02	2.480530944685399586e-01	-7.986385362584283443e-02	-1.232434268410694950e-01	1.620176496522688081e-01	1.095841500351091569e-01	2.320376848091005861e-01	6.342090957793063144e-02	-6.213946069024372382e-02	-2.711397123709496926e-02	6.470387719835148099e-02	3.356191328677923108e-02	1.998520174310840225e-03	-2.643111848523094776e-01
-5.511539938864972177e-01	-4.892409399992516117e-01	-4.606765574882623615e-01	-1.530124283144598474e+00	-2.449265869099614135e-01	-1.141432591447880229e+00	7.714666544189484609e-01	-7.732812765785290754e-01	-2.646224914521199678e-01	5.448644102966195835e-01	7.406120667736997010e-02	-9.027187437687385074e-01	-7.866943231393848379e-02	-1.323845213723960912e-01	-4.645968337731769537e-01	-1.455417825193858206e-01	-3.082931274327476157e-01	4.008816123083323024e-01	1.527178582863728332e-02	-4.121724554537460894e-01	4.931116937057508087e-01	-2.505571554733467265e-01	-3.001163218243914632e-01	3.048154155498743190e-02	2.248926818824837498e-02	-4.171165258195445175e-02	-1.572103416975927093e-01	2.407538034603765864e-01	-2.111794250251927962e-01	7.770107442718011612e-03	-1.329746214346957944e-01	-2.637378516263900741e-01	6.045558720530051083e-02	-1.406825716363728496e-01	2.586026581593094953e-01	1.815021496538925250e-01	-2.223864466041893251e-01	-3.039159068005318869e-03	1.430850934915987027e-01	-2.219692137453841904e-02	1.036162582450601416e-01	2.447919505993538525e-02	1.092041318811341755e-01	5.266159988317788976e-01	1.866734896387570730e-01	-5.320316327406362511e-01	-2.494757456191205314e-01	1.178141991144733836e-01	-5.407896002606333435e-02	5.867147753078034468e-03	-1.602015935965147575e-01	4.165004486975362186e-01	-1.503544605431762771e-01	-2.482912451487656047e-01	-1.784878307661866836e-01	-2.465339844719847961e-01	-1.556400003224686912e-01	-3.298593527056097735e-02	2.168740213723139576e-01	1.253049591100688365e-01	-1.684117689207667856e-01	-1.752201617241078979e-01	1.638995052952686438e-01	-1.825509374390085759e-01	2.633584705923188718e-01	4.749467517079776491e-02	-1.831869374359947900e-01	-2.982305671937023339e-01	1.898614095056395945e-01	1.825259882841769599e-01	8.832351367736201303e-03	2.521095864030293843e-01	-1.487962666305072679e-01	-5.340278853655179570e-02	2.718483278655381419e-01	-2.016229397571794035e-01	2.541216395722210170e-02	-1.911918662571780170e-01	2.033274887083289795e-01	2.200714780571405918e-02	-2.782485466775980187e-01	-1.001819848748402991e-01	3.693133525251616200e-01	-9.461457121519848594e-04	2.877601069826830060e-01	-7.428127523526970033e-02	-2.664628591933073665e-01	1.998711401643536376e-02	1.597653245801845812e-01	2.316479031082856188e-01	5.902704579830739262e-02	1.631833506039573611e-01	-1.337123709633326329e-01	7.470768311944383545e-03	-1.126287618334033680e-01	-3.751966850107402718e-01	2.745000123479032425e-02	7.924598969276724914e-02	-4.787109873851530528e-02	1.626718506399386366e-01	4.871398877719129161e-01	-2.436919805587164645e-01	-2.033542754274471620e-01	-1.276438731128532733e-01	-2.437785489848462092e-02	-3.052988158150560238e-01	3.708534656638615146e-02	1.662234322839782896e-01	1.997381404457991838e-01	-1.750939227109809260e-01	9.871309716862267450e-03	1.160269626740901838e-01	1.445965027354286468e-02	3.205969707377266942e-01	-1.260908089804972376e-01	2.666945046392881213e-01	1.882455453001612711e-01	2.401016219257570139e-01	-9.483497000409304989e-02	1.270673254542189212e-01	-7.283013765288139096e-02	3.560799074778914913e-02	5.766175267598113927e-03	-3.416927331257154504e-02	-1.763423058900170093e-01	5.566521628986162429e-02	3.032427091465603186e-01	9.266887994268094286e-02
2.837745939233403014e+00	-4.641220968609588993e-01	1.995644543827178374e+00	-1.322342546055297996e+00	5.776660216244464685e-01	-9.369244659062142544e-01	-1.875437956448568144e+00	-9.018019890358089929e-01	-9.736365029750576605e-01	3.908752820289181917e-01	-7.626934173758184166e-01	-9.658783662961415439e-01	7.094164256360336873e-01	-2.562188627212282910e-01	4.298275385218607025e-02	2.742350573205143971e-01	-8.031346124285442256e-01	-4.572396032289193224e-01	1.568792079421535979e-01	-1.511362081948710023e-01	-3.021167167972179102e-01	2.349756811084557917e-01	6.634306674185537211e-01	-2.335543291561303358e-01	-9.572370581880924878e-02	3.566949458410733076e-01	-3.376018901341671374e-01	-1.784257098263810903e-01	-3.973827945616036778e-02	-3.474999670393762452e-01	-4.205948042702730705e-01	-6.180834196912510237e-01	-1.771049562588389026e-01	-7.159821795477598616e-02	-9.285114832468958912e-02	1.674192225642456566e-01	5.908580313799138839e-01	1.039490843732853581e-01	-8.142584922284158699e-02	-2.607589628125268622e-01	-8.360048799724886237e-01	8.267279193636689616e-02	-4.031311105732420241e-01	-9.378853266406181333e-02	-4.536356885270795281e-01	-8.423509169055404255e-02	-2.424005961029236655e-02	1.153799140938210621e-01	1.612849948701261249e-01	-7.726691958872397570e-02	5.219404350080956989e-02	2.259500483810401028e-01	1.739143826781788249e-01	5.151836932316761902e-02	8.026593882465488106e-02	5.078324113994753253e-01	-3.324259246353158948e-02	7.195426903155749399e-02	2.508039430641749723e-01	4.694033997374227885e-01	-1.392584192517953012e-01	-1.027531643695554775e-01	-1.016045441151891410e-01	2.752722260146114319e-01	-5.993201547025481940e-02	-2.258238099965692580e-01	-8.182922776486102612e-02	2.279702980773014309e-02	-5.344540223705906978e-01	-1.469299104100348918e-01	-2.297053032891001045e-01	-2.838069502992421680e-02	-2.308227806628394135e-02	2.361040264416920109e-01	-2.391118855994487091e-01	1.242604716313025406e-03	-1.605666063830113732e-01	-2.354983292299785425e-01	1.436050479065554553e-01	-1.174340272416803527e-01	-1.619273294687369191e-01	3.472665308993567179e-01	5.091617157148748546e-02	-4.661632927021869266e-02	7.134136648037354977e-02	-1.065784389998025439e-01	2.508092879541047870e-01	3.107385678255965636e-02	-1.022795572314487700e-01	9.472371251929158353e-02	2.767416095033646273e-01	2.861627861892645508e-01	-1.054691822427908515e-01	9.599770471782224923e-02	-7.975784785970156665e-02	1.076350336431375343e-01	-1.627854419052617574e-01	-2.056785241028432909e-01	-3.093857747444653250e-01	-4.194237198493621505e-02	-3.025947637966733619e-02	-1.408690213928866786e-01	-1.354269029211327136e-01	-5.220589419004493387e-02	-3.310931835412920798e-01	2.499217065470641652e-01	-6.962968166554107941e-02	-1.689265734387716267e-01	-2.909159855509173553e-01	3.961358477086768248e-02	9.378138610525503516e-02	-9.487987646468082348e-02	1.618363076988850180e-01	1.449744681381987810e-01	1.825891138670511504e-01	-1.680533784341523701e-02	-9.922018588112033188e-02	7.665650470499418834e-02	1.382532106004006056e-01	1.509913840117611261e-01	1.877916500520836751e-01	1.032933430707283912e-01	-5.068632686561754669e-02	-4.566772760289083966e-02	-6.867483401773656626e-02	4.314749280464406922e-02	-1.567675383686795709e-01	-5.751814027614420011e-02
-6.631771099303511718e-01	-2.886234142969865246e+00	-2.089261113763176969e-01	1.355572864596600979e+00	-1.669484969722543788e+00	7.504858475988764877e-01	6.085890795784811846e-01	-4.179027576941452687e-02	-4.288085042978226902e-01	-9.479764983740660012e-02	4.002604743929805697e-01	-1.748486903011206850e-01	4.094079353536352883e-01	-2.037815483924582463e-02	-1.851828484887967641e-01	1.171439814450742217e-01	4.465182213094321395e-01	5.993968847126588534e-02	7.575821142909763828e-02	2.234362755023022729e-01	2.820903956059079287e-01	-1.405087286872196972e-01	2.407244880448568269e-01	-1.755607130827460394e-01	6.359284593097458416e-02	-2.047961771550705079e-01	-1.135217439665997113e-01	5.200040769162953547e-01	2.228070818868099160e-03	-2.374781605450861921e-01	-1.182503658881887271e-01	2.854460830487112188e-01	-4.598995857797257697e-02	2.281972471646006306e-01	2.506779300647228315e-01	-2.718350703387101275e-01	-2.555331036913361178e-02	-7.620665028315692924e-02	4.350675353144195512e-01	-7.311369178259220780e-02	-3.233962849420116831e-02	6.930869434330215982e-03	3.717042562601364369e-02	1.393553017120241766e-01	-4.354622003480591169e-02	2.219982307878844707e-01	1.159117417568489017e-01	-8.401348481767587084e-02	-1.698811952138985504e-01	-1.458494168949680259e-01	2.370485754929995970e-01	1.376578902836005092e-01	-2.451404850947673519e-01	8.405115537582616425e-02	-2.239051367043672636e-01	1.328623682894649327e-01	-1.940294649327029275e-01	2.039068263816544088e-02	-1.989560724559880436e-02	1.463947748903220714e-01	9.982943156422467712e-02	2.168808596976929404e-01	6.405785095512724070e-02	2.417198587260181164e-01	1.206771472645212229e-01	-3.682030774559128666e-02	-2.500138783852894342e-01	-2.383695927117967517e-01	-2.520842390307576064e-01	-2.668091686074023361e-01	1.389589860597718329e-01	7.160850622910054641e-02	6.154428097620194549e-02	-7.360181796188051614e-03	-2.862326513758188251e-01	-1.286267172336289233e-01	1.585588639668595590e-01	1.468956606427984646e-02	-1.374139191652980763e-01	7.616248110247630411e-03	8.101782595468091930e-02	7.338422528745332934e-03	3.049299257076393960e-02	-4.707168756341465442e-03	-1.269463553107728904e-01	-1.191561922171063739e-03	3.134155956618246697e-02	-2.782523740104471122e-01	1.203447034306040775e-01	6.017750668453789031e-02	-1.809194354460567922e-01	1.777345334311938030e-01	-1.494271094236419573e-01	1.553451775162765537e-02	-2.078522742056702899e-02	9.933402955566410231e-02	-3.164817894535935233e-02	6.863878984007058814e-02	8.697676356827195587e-02	-1.301279082371617768e-01	1.874355968014324303e-01	-2.713691168574078674e-02	-8.877004985631452294e-02	7.935772452418813358e-04	1.516954703726217449e-02	2.036515715566517282e-01	-5.414136203653623775e-02	5.417616289135381707e-02	1.229045707014170818e-01	2.166743164303664912e-02	-2.117146381904308761e-01	1.604633853079155126e-01	-5.558991773158240141e-02	1.122554043210147873e-01	-2.008273866105598007e-02	1.821003316317228171e-01	-5.420826367009599217e-02	-8.888832515340051865e-02	3.874958028054090869e-02	-1.157437560032187063e-01	-5.996724531672240066e-02	1.520571357345040231e-01	-2.324479113194881097e-01	-4.132725189417962852e-02	-4.375991541780529376e-02	-9.554140918882617073e-02	5.703802403920525677e-02	-8.319750263886727115e-02
-4.637073675481027668e-01	2.049382220868045668e+00	-5.509214073754277186e-01	-4.241437387797455244e-02	-1.144265942346948395e-01	-1.391235442450052151e+00	-3.428841962689332390e-01	1.814634762202787632e+00	3.557614577321721039e-01	-9.461851520614991129e-01	4.206759058124920347e-01	1.513472088307136476e-01	4.745880508977174395e-01	7.935673410454885390e-02	5.606701518706885823e-01	4.411468357435583965e-01	-2.372976546883688309e-01	-5.276574239200407801e-01	-6.944654771469807586e-02	-3.449711400954303953e-01	2.886533820136852335e-01	-1.440991118733402909e-01	-3.277093326789318195e-01	1.768455302374569160e-01	-1.345783346343469300e-01	-5.688278818402566772e-01	-1.519095285226887415e-01	2.500495594633010410e-01	-5.316659699390943183e-01	1.200126261771479602e-01	-1.997949489413398949e-01	-4.159191817575132455e-01	-1.845729959416618216e-01	-2.324516784446163387e-01	-2.137792546785503844e-01	-2.242427466432498490e-02	-1.880064440607082110e-01	-3.280587116054403674e-01	-1.982624379419958838e-02	-7.618666386674648183e-02	-2.009012112259302152e-01	-3.368632287121361424e-01	-7.586490008071369515e-03	-2.443922739780940712e-01	3.989628349320131218e-01	4.539850530955472085e-01	2.699256037532317687e-01	-1.379032314275142057e-01	1.166441352181655372e-01	-8.659015932540235772e-02	-3.922636848992039349e-02	-1.387889871461154001e-01	-2.957835291653993504e-01	-1.224807079708662427e-01	-1.427001433126469654e-01	-1.635092717568158160e-01	3.987209400563312967e-02	3.582532911076913851e-01	4.808684486740785746e-02	1.180648300444388232e-01	6.184528836075184333e-02	2.042704217578128756e-01	1.923650104386624704e-02	4.117800591304189572e-02	-2.881822960961307190e-01	4.122907312841680300e-02	-2.195782213409818717e-01	-1.219238548479926326e-01	-2.304338856630918919e-01	7.781954528810323957e-02	-4.994486398434244689e-02	-1.260226562074568679e-01	-1.133981280277695236e-01	5.139294316138347252e-02	1.463687583382519419e-01	6.015358991857974735e-02	1.488508122683366297e-01	5.496628193653121247e-02	-4.566895948394261023e-02	2.145588563902650070e-01	-7.246962301001341755e-02	2.211943050103813146e-01	-1.544025129405972030e-01	-7.727727399867027891e-02	6.576213138887275489e-02	-1.493084778235012067e-01	2.127971824681092472e-01	-1.338705668006429442e-02	1.113408494527994008e-01	-1.215592101084155274e-01	4.315348398879374769e-02	-4.211661981780780162e-03	-5.452286886942166177e-03	2.158177425341882005e-01	-2.496234140603307769e-02	-3.218861615174354457e-02	-2.106816268669124970e-01	2.007040585305885083e-01	-7.116069177194396522e-02	-1.388244508957940382e-01	9.143731253577742912e-02	1.052085802806891346e-01	7.929659122494552015e-02	9.861284388525852485e-02	1.167400186460943040e-01	1.643121086126764219e-01	1.071705499254727023e-02	-1.191999308585700162e-01	-2.633099085249449717e-02	4.407918334528345555e-02	-2.269719591384151414e-01	-1.223056226360876714e-01	-1.274405846431462541e-01	1.350251160581718568e-01	1.437632232005273958e-01	1.003546662969417302e-01	1.702017621224574395e-01	1.686337187141900285e-01	-8.736217857548736476e-02	1.031891229387677661e-02	-3.464074240190172238e-02	9.931512228011148136e-02	-7.153568585478323714e-03	2.867071637625843300e-03	-2.142042575947809835e-02	-1.402345183706108223e-01	1.037933980582144561e-01	1.015134031994354147e-01
2.321893384133387084e+00	-3.422042388703625537e-01	5.365650926093675777e-01	2.230032051012052208e-01	6.254230971474885603e-01	-1.333342463236714404e-01	6.163879466033942434e-01	-9.257370175609506979e-02	-7.068857854803516361e-01	1.905319086672590867e+00	-2.847006802656865034e-03	2.864660679366484164e-01	6.656908999284130157e-01	1.049184263896723174e-01	-2.820493821640656512e-02	3.945689293039800760e-01	2.795147891087195191e-01	-2.077225107138030991e-02	1.269596741864505163e-01	4.607435259950869166e-02	-4.247950329134720926e-01	-1.738532849427820715e-01	1.861013468806528570e-01	-6.350045807687171306e-02	7.655013244201078759e-01	-1.137985677511944155e-01	4.883726655955685780e-01	-1.289540244061476437e-01	-1.742896133412650539e-01	-1.745577655178588428e-01	-3.931728642639996107e-01	-2.660513449722274881e-01	-7.464988242264867235e-01	-1.517444862847135700e-01	-2.511947964279394041e-01	-2.661639300816852072e-01	1.148795520787004726e-01	-3.709878038613197981e-01	8.168651695203388297e-02	3.183185827851318650e-01	-1.229625212943390306e-01	1.630140147366643819e-03	3.666361855612600973e-01	-1.782064101714878057e-01	1.744401226733564014e-01	-8.404781073585211593e-02	-4.272565213874418566e-01	3.890683923215880191e-01	3.852889630432086016e-02	-5.465338435681321716e-01	-1.958041550682655674e-01	2.085257372297703304e-01	-4.181433910516078878e-02	1.526713903169366615e-01	-1.451039804276913758e-01	-2.969131229126486388e-02	3.500562133491123828e-02	3.911463739471059131e-02	-3.716084726995677601e-02	-8.131867819553688370e-02	1.218696920008120882e-01	-1.840497794984296553e-01	3.036939098113884683e-02	1.621570026595092057e-02	6.393736821889773377e-04	-2.448077940195668434e-01	-1.108254537930176628e-02	-1.234862288105336575e-02	5.937607515211447418e-02	1.018652966078108513e-01	-2.005741597590490755e-01	-1.005599803072778076e-01	-1.217991614138505402e-01	8.794978014869035687e-02	-2.490099432832701409e-01	-1.475654869840016814e-01	3.611197329882710749e-02	2.163308565053745913e-01	-2.202900565522960818e-01	-9.830155222953383676e-02	1.137955563196738490e-01	2.204235882588360673e-01	-1.000907031560069327e-01	-4.396644073976366252e-01	-2.616440586808174151e-01	-9.367476514172398683e-03	1.599585767971192507e-01	6.904791710041109642e-02	8.607322274330660161e-02	-7.753963002310904074e-02	-6.889903487287092620e-02	3.974703488807136975e-01	9.144221629958285136e-02	9.796843550145520330e-02	2.494095972239356584e-01	-3.548047156551648040e-01	4.251550143956046163e-02	1.578739120769313831e-02	6.475683983204842675e-02	1.132378400530744261e-01	7.006996887560794363e-02	-7.798586931435218250e-02	2.933518258451744409e-01	1.943121637593251891e-02	3.900455560480479977e-02	-5.836808437062070143e-02	-1.502053939593131493e-01	4.477564401381632642e-02	2.915926532409688146e-02	-1.447099879349711127e-01	7.500378083363543058e-02	8.257524760775668271e-02	1.390359000755099217e-01	1.376188531276747833e-03	1.210950345361343390e-02	2.394384619249538895e-02	-2.426555778885329251e-01	-2.178358402222453083e-01	-1.884885299886124299e-01	1.414759903410429953e-01	-1.089240219187938424e-01	1.636990955918764604e-02	5.873292397132010012e-02	3.603961405079696145e-02	-1.246728398505374431e-03	-1.356708770388164731e-01	9.590042349168363678e-02	1.058637544317901913e-01
1.350274675408225766e+00	8.691827546921552239e-01	1.077010352995894316e+00	2.750606801171172400e+00	3.574840063412633717e-01	-6.605633675261303461e-02	5.707504215819486637e-01	-1.011959508131027974e+00	7.205926349680836784e-01	-1.131985484683509569e+00	-1.023370805723637228e-01	-7.393206394716055341e-01	-8.383388750031253167e-01	7.306513590364153155e-01	1.804817245441225348e-01	3.459888001401287272e-02	1.584651289422870812e+00	-8.294616443675997264e-01	7.808293589474999408e-01	-2.056307428982174224e-01	-9.146122285756838610e-02	-9.299524742189044790e-01	2.472173923899770864e-01	2.471192572657202602e-01	-2.439757697799197489e-01	-1.918493134193927641e-01	4.429358504650472428e-01	7.683635739514918517e-02	-3.311110188553961775e-01	2.166438105459534413e-01	4.041337074427684417e-01	-2.154757875010646084e-01	1.380855741099429601e-01	-3.433416556944906411e-02	-5.949127543485382280e-02	-1.809110456540703737e-01	3.304183178877894561e-02	-4.648561512164628984e-01	-1.936461825509226686e-01	-5.806217386366260280e-01	-1.365222245064020568e-01	2.511480765131858250e-01	-1.732439277499017716e-01	4.340939299372419957e-01	1.517169839813481969e-01	-8.280334231342263707e-02	-3.425776414647632717e-02	1.006928519577750258e-01	5.710001072652581833e-02	-1.098573119951957444e-01	4.011040663715826349e-01	9.948496559828896857e-02	2.972443410436675926e-01	1.521634320881527502e-01	3.652775503893337938e-02	-3.151588810961163389e-01	6.971195808778391824e-03	-2.885263824484161632e-01	4.607914097691826610e-02	5.978587872702574302e-01	4.737889716257229211e-02	4.924705510720361196e-02	2.657367584790282788e-01	3.283310517547614604e-01	3.753073071813500250e-01	8.090429854672838428e-02	7.930165984932395495e-02	2.326799663545029706e-01	1.487021385502629856e-01	-2.320816281689798422e-01	-9.680035787534535530e-02	2.536296707462101230e-01	1.730756985445349588e-02	-4.138340086063558437e-02	3.675170641253958093e-02	2.277386647927819724e-02	3.246964275790194254e-02	1.470063302549605988e-01	-2.042413929062450451e-01	8.317632456777354633e-02	-4.291401892794231565e-01	3.942993292479863299e-01	-1.949436888537554591e-01	1.426458752437357314e-01	-1.819268047913107922e-01	-9.562909440639638659e-02	-9.134348858967566986e-02	1.977894596845766184e-01	1.221943505858204548e-01	-2.163614651845474635e-01	1.904985216363721534e-01	2.034458944640146977e-04	2.452784024869913634e-02	-1.557843304922890693e-01	-1.986037045486775121e-01	3.823627116780677349e-01	-2.020560583611643868e-01	2.460150359164976069e-02	-4.320568471726058714e-03	2.282409500147697390e-01	8.697907394233118927e-02	-4.340236428789852052e-01	-1.633972029257424186e-01	-1.807862529604202795e-01	-2.742100743790893205e-02	-6.624610135716438308e-02	-1.717734096354386619e-01	-5.662478055176358577e-02	-1.513027257365764378e-01	6.175668968332015396e-02	-1.226114099503181759e-01	-7.989515185669185393e-02	-1.167306028486403023e-03	-1.139830273176940800e-01	5.725618095991130002e-02	-1.945933596538674537e-01	1.285111177006552641e-01	5.079436927906208488e-02	-3.905684357881653579e-01	1.166585838173499895e-01	-1.591215307091824460e-01	-1.252703198278760227e-02	1.462744348960091922e-01	-2.637985119425930933e-02	8.976084517321206158e-02	2.342813099718921155e-01	3.544353565222470026e-01	-6.122552343096435146e-02
1.997681817235232637e+00	9.848962271279114722e-01	5.762307387713577755e-01	8.155501087477676769e-01	6.364528417606558630e-01	4.844831667225998895e-01	5.341880081837191430e-01	-1.735934577305049409e+00	7.024126967608117500e-01	-1.382717897141966024e+00	-2.060806780064083354e-01	-5.616083262712513458e-01	3.394431037214606373e-01	1.003980328008036160e+00	1.838414663201591026e-01	5.875419845754240727e-02	7.133619880115833478e-01	2.028955097827297993e-01	-1.241136697091334631e-02	-8.278203630420277737e-01	1.783394363591453424e-01	-1.226704724966716786e-01	3.840436713383224010e-01	-3.355698639038908609e-02	-2.813069571348849607e-01	1.799416337323644921e-02	1.556251374330999415e-01	-1.149451631292799647e-01	-2.530866746913367216e-01	-1.002549796980832936e-01	-2.324961483330046097e-01	-1.099095184749116494e-01	-4.440711783641351218e-01	7.970477191271483144e-03	-3.011818619239481909e-01	-9.822269468065180087e-01	6.238139989610832492e-01	5.420910922703555679e-01	-2.498925425225808836e-02	6.614439197969497197e-01	-1.072029378273070682e-01	-2.382213965522963772e-01	-9.190562485479033539e-01	2.352057422049696200e-01	4.109037909369633174e-02	3.564979487586989459e-01	3.803237729916030818e-01	7.302156695814785436e-01	2.769881341993808421e-01	-4.969851908938959784e-01	1.894202414204752272e-01	1.064510617066076036e-03	4.853977918227236898e-02	-5.761026636969978076e-01	-4.319379273192005542e-01	1.082789862668630948e-01	-9.323261687818200404e-04	-3.629806788500065245e-02	1.565180318615766175e-01	-1.969344242417170321e-01	-9.581310242983792635e-02	1.565823658988876321e-01	7.011803591596471597e-01	8.555351488573580132e-02	-1.789073458157199314e-01	9.490672014887795160e-02	-7.347231002754214813e-02	-6.951936875274671024e-02	-1.135349464128462132e-01	3.585615642027255578e-01	-7.201000201984845972e-02	1.306024763187578763e-01	-3.685645995284531073e-02	-1.960841880973457907e-01	2.746777517904979149e-01	-1.186007931661852699e-01	1.857674245736237739e-02	3.088554992986419431e-02	-1.873007763542921741e-02	7.894183569772814102e-02	-2.295885792807896009e-01	-2.006904053899245810e-01	2.603211382903451443e-01	-6.130134878570470125e-02	3.538038473612844514e-01	-5.546588054690082190e-03	-3.252745803335058694e-01	-5.842592715970477274e-02	-4.779174036167815887e-02	-3.240926877005265161e-01	4.356914160220371479e-01	2.292805522401412943e-01	-3.616797699571959179e-01	-2.329204214143082985e-01	1.034742768779652461e-01	2.190961901199893480e-01	-1.215465813294765024e-01	-4.351118937273070614e-02	2.298063326528596295e-01	5.883510646663985683e-02	-1.400354299817389153e-02	1.992610723003758466e-01	-1.556092453403533915e-01	-2.091724648320537339e-01	2.826317488487347165e-02	-1.607166004337040599e-01	3.009415525644230233e-02	-3.071875428500507946e-02	3.318699090604932955e-01	-1.361969083641873246e-01	-1.139822238494531265e-01	7.057939893700693190e-02	-2.201296910263260409e-01	-1.478281829995927443e-01	-6.715398866299314429e-02	2.732563057510020363e-02	7.169220676264159708e-02	-1.756253663415847655e-01	8.387921637691860000e-02	-1.978001129206426179e-01	2.866426723884361524e-02	1.370837496361568819e-01	-1.644000306521032073e-01	1.145234917672552505e-01	-2.156163520193202510e-01	-1.036245876792244447e-01	-1.155064818782450681e-01	1.464129243347615517e-01
1.095182185378319684e+00	-2.496264319189579473e-01	-1.418113821393755858e+00	-1.224249520812946024e+00	-3.567041036755722594e-01	-8.170843449952689408e-01	-2.201902697127196440e+00	-8.788726089026861477e-01	1.092236226313358233e-01	-8.840313716038650238e-01	-2.209036820680531643e-01	-4.252644835849399008e-01	3.359376288602393679e-01	-7.764086060986435944e-02	-9.797393983282472185e-02	6.531372897014309231e-01	-4.918584614628023211e-01	-6.340828732171076565e-01	-2.149454715472426738e-02	4.806678559743000068e-01	7.629456092078044094e-01	1.138752980063624659e-01	7.677702660569051263e-01	-1.506796922327160448e-01	-2.501553820358999314e-01	-2.853741433998099319e-01	-9.663131078077272229e-02	-2.111224683566136351e-01	1.291250877316461043e-01	3.991439196760648844e-01	6.653130544346953779e-02	-1.119827602810563594e-01	5.540962042667001430e-01	1.017942494092663602e-01	-1.334426313664281716e-02	-2.663525432040442231e-01	-8.702232845276464124e-02	1.465809269056936315e-01	-1.593066578551070867e-02	1.232810045113622438e-01	-4.000901164431208690e-02	2.472200093387104947e-01	-9.426831608826790731e-04	-1.792308629143055110e-01	-1.511602691909098850e-01	-3.136620784309873122e-01	-7.497386471787885476e-02	-3.799129406493123584e-01	2.486765735813884493e-01	2.582485817545458473e-01	-1.478069677693370776e-01	2.153869084159352465e-01	3.544504893984788962e-01	1.280450654196575999e-01	-2.917491338289872685e-02	1.496601923959098024e-01	2.045744329381846971e-01	-5.253053258531628980e-03	1.344459413667220722e-02	1.064026197227993242e-01	6.805983104958113206e-02	5.965155277446018006e-02	2.082535402152796700e-01	1.096170369989061949e-01	-2.843224588629718330e-02	3.191962553230738575e-02	-5.084355600542293102e-02	4.797213150744362303e-02	-1.651036709840623170e-03	-4.499772666692785084e-01	-1.423583418345970297e-01	-2.815584097737365826e-03	-5.235881738679334374e-01	1.211085338282184842e-01	-3.176462078317016102e-01	2.731337945237902742e-01	8.052552913830822445e-02	2.434257126511997771e-01	-3.329297719079751111e-02	-3.320462702170738911e-01	2.246259480463211888e-01	-1.076234261405782794e-01	2.504498731989423521e-01	4.794248975929727985e-01	-3.152510649067695181e-01	-3.923745752475484294e-01	-6.952374313558890018e-02	2.750878519406265155e-01	-1.328419150908807800e-01	2.013573257516351467e-01	1.112147753064129801e-01	5.821924297669496713e-03	-3.332409607219801173e-01	6.295385464283161092e-02	9.862591417419111495e-02	1.904942270401023541e-02	-1.229347596325812697e-01	2.049376366379623282e-01	-1.953324003896872996e-01	4.083319626330861318e-02	7.670525117638710144e-02	-2.354300993287052057e-01	4.901297688365911093e-02	1.926161914890384408e-01	-4.894559830906806963e-02	7.422209579495156473e-02	9.617529710042452273e-02	-2.821920054301939595e-01	-2.152741016240007979e-02	-1.098907155364526982e-02	1.544280200749322506e-02	-2.250991810898029643e-04	3.244653995168873539e-01	-1.223678577833821474e-01	6.074219673178462425e-02	-2.904657324045773620e-02	-8.403283048326976035e-02	-8.027444097105223284e-04	5.833935046419958664e-02	-1.352030687729868785e-01	-3.796358110663977659e-02	1.922255927815809950e-01	-8.230467956253260942e-02	6.174456084553735236e-02	-7.034123125400021381e-02	1.268761880567801682e-02	1.501200708604751299e-01	-9.189242653593099330e-02
-6.346434412332304653e-01	1.545695032121567669e+00	-1.915943606777919805e-01	-1.393236952568366327e+00	-2.398802138439486420e+00	1.688464540713217277e+00	-3.211266141962602211e-02	2.408933622490318782e-01	1.482420564549682629e+00	2.292697071244998996e-01	4.983041996380247612e-02	-1.160211843871542969e+00	-3.956378950887773915e-01	-7.760123695373351005e-01	2.580807670552637961e-02	1.453216538223405907e+00	5.714951277437648747e-01	1.096831600307261789e+00	6.275296109599848293e-01	8.284782416950653428e-02	1.862064221432860323e-01	-3.942416348649900315e-01	-9.617875950980894206e-01	-1.304151671435848314e+00	-1.115065007210395004e-01	-4.321324838333795437e-02	-2.783448007181468231e-01	-2.979485081013811265e-01	3.946221114677995745e-01	6.857224194562401287e-01	7.058257889276870964e-03	5.450169301818754697e-01	-2.357392234978373802e-01	-1.121391431759938134e-01	-2.640119792947234756e-01	4.079038706923396318e-01	-2.130413236337607708e-01	-1.904254372422026775e-01	4.328440925379722914e-01	-1.850568138878282698e-01	-1.732421709250390740e-01	-4.569469815409844538e-01	2.441484481086523550e-01	6.206057282814744086e-02	-2.954370038452073799e-01	4.979278338300192619e-01	-3.862938342936179659e-01	1.338167234320648824e-01	-1.598556450971264364e-01	1.084190716419346778e-01	-1.430437580521277952e-01	3.443681135260603376e-01	2.369548904725628929e-02	-2.283041165519524018e-01	-6.917035779752297442e-01	1.624515987216242907e-01	4.295172602570787590e-02	3.205968873459854596e-01	4.262995123237081629e-01	2.348225380518287886e-01	-1.366432429588147479e-01	-2.856070102473093689e-02	8.120909294384139054e-02	-6.844441545249978220e-02	2.268901739882727420e-01	-2.786414208182279653e-02	-7.086401222656102394e-01	-6.831650228476955633e-02	-1.815955335336207621e-01	7.631163732285603518e-02	-4.235254777429586226e-01	7.491830608013042014e-02	2.968618822705483273e-01	-4.579861609010665857e-01	-3.878053611228626241e-01	3.047553878224534829e-01	-2.451933717641543997e-01	2.347636761857448684e-01	2.890839489097908957e-02	3.445295544774513719e-01	-6.526552694084366071e-03	5.915629993886974136e-02	-3.488719377934419441e-01	-2.138940014812546753e-01	6.583421380938214024e-03	8.460167341269575481e-02	2.334647313535678226e-01	-2.475383792698467866e-01	1.849403574151204932e-01	-3.093639906975281795e-01	1.664502679413786546e-01	1.358328436588255306e-01	-6.966720016694163964e-02	2.226369570142693877e-01	2.516778033031127904e-01	6.611030068736924170e-02	5.890578673621296724e-02	-1.010719526813337321e-01	9.771546073012346567e-02	2.370267151107164627e-01	2.321136239346262842e-01	1.404577716669550558e-01	-1.847850541553895942e-01	2.705413731853038573e-01	-6.454546722009099624e-02	-2.912763618808088539e-01	1.107660948886893121e-01	9.838882406444353357e-02	-3.595719060505079834e-01	3.898093204293167635e-01	1.775170807105011239e-01	-1.387379168247798444e-01	-5.006611970261874711e-02	-7.342709856786343303e-02	1.678806518101546436e-02	-1.696487148349146434e-01	-1.734542819081383858e-01	2.138944542981458530e-01	-1.417289801389077508e-01	1.235198751012283325e-01	2.901426643450234419e-03	1.130095880021801495e-02	-3.747055280783643388e-02	2.041735410922554117e-01	-6.802727365829538964e-02	-1.517830871474465104e-01	1.130671299418517239e-01	-9.396714660398466923e-02
1.891267313353512503e+00	7.272981261090225580e-01	1.380986347999737296e+00	8.751350248615346050e-01	-4.396230356945726725e-01	1.286958363564498997e+00	1.008530949287220091e+00	1.065223560499273248e+00	8.152055419128598768e-01	2.695706223807423640e-01	8.816485610360615954e-01	-1.141113015461407532e+00	-3.174285207046162460e-02	-2.988682422911137504e-01	4.076308158834474754e-02	1.641806618157655995e-01	-1.690721632801085450e-01	-4.085501667527652869e-01	-1.036134117098236329e+00	8.592079081803556395e-01	3.115776653553955500e-01	4.760009919829639169e-01	-3.752116017487582000e-02	-1.029355531673464608e+00	-4.980571148002367887e-01	-1.647379452271073852e-01	1.942124681143806986e-01	-1.646005485087175535e-01	3.861186193688742052e-01	-6.961014549042346400e-02	-2.578114998326498930e-01	4.028573304363006896e-02	2.464164894269216255e-01	1.264500987973466439e-01	-4.599630295179719499e-06	1.784401869411920971e-01	-1.132811938312861644e+00	-4.035761270610465079e-01	-4.585049396916824893e-01	-1.319832621610048107e-01	-3.984135935474940604e-01	-3.185315893560307088e-01	3.588295345430511096e-01	7.359714265744307649e-02	-3.192339133416225438e-01	-1.210101294200405381e-01	3.244552229962809342e-01	1.335984659787234075e-01	-4.247547882537884845e-01	5.356712041617527065e-02	9.777554117280534696e-02	-2.166972210399026044e-01	-2.777021122380176066e-01	-1.108449644207102902e-01	2.821572254356420270e-02	-5.278154717353131797e-01	-5.360679862332609069e-01	1.790558126895537283e-01	-3.450479466989677529e-02	-2.381858555079363615e-01	5.469028621167037335e-02	1.418086635531618789e-01	1.133487935871206609e-01	1.242362560588037151e-01	-1.703593300495037377e-01	-3.671752158977990149e-02	7.599375844984562756e-02	2.068206436234640566e-01	-3.011057313731851925e-02	3.019010063411265432e-01	8.092803612498343513e-02	-2.640908520644534851e-01	3.818405404588744168e-02	-5.617861892020756809e-01	2.087825786903433345e-01	-1.051161647039554614e-01	2.906741706002599068e-01	1.822441197871860555e-02	-1.011201241212909413e-01	-1.322436058108070467e-01	-1.488337827535967939e-01	1.439607789859847498e-01	2.468339700053894803e-01	8.018547216948410106e-02	-1.276468856629738857e-01	2.497804266637674089e-02	-1.769997958798957133e-02	2.639605903677674781e-01	-1.394989834710713694e-01	2.018458401835525329e-02	9.758121828688125221e-02	-2.210830147860322892e-01	-5.424777321320918555e-02	2.234900299098421250e-01	-6.868992284601202480e-02	2.457632771127182814e-01	1.428654070518909913e-01	-1.869745329225480368e-01	-9.758220877610676580e-02	3.385554128529126849e-01	-1.655743083644316835e-03	-2.576520817184428380e-01	-1.258291034742187176e-02	-3.115986522914025725e-02	3.540028712414351464e-01	1.831535295094519900e-01	-2.066996248792179192e-01	-7.587560725426584218e-02	-8.894547802510029133e-02	1.532933809453264629e-01	2.137768097015717988e-02	-3.529388853017104838e-02	1.080389294477848965e-03	-7.913809660356677100e-02	1.016293863837742506e-01	1.199014274263261876e-01	-1.267809487986896466e-01	2.187445899921407755e-01	1.164282757117477904e-02	-2.189784650455388337e-01	1.012600903479001641e-01	-2.411823242173555953e-02	1.259125696982216769e-01	1.858233332876159938e-01	-2.122524513229008813e-01	1.028890067548465931e-01	-2.266890322984842498e-01	-1.211470165652014236e-01
-3.308080969385445158e-01	5.214016821207398955e-01	2.083470864319684202e-01	2.691438137665370434e+00	-2.805275680668027904e-01	-1.391401383960121363e+00	-5.881816971953151008e-01	3.448819239006803428e-01	-6.960434230499702446e-01	1.221888417125660958e-01	-2.450189034072902394e-01	-5.196031970385973642e-01	5.827370836822152178e-01	1.235097083299486753e+00	-2.538771244516882519e-01	8.613717209547734344e-01	-1.515720148674247536e+00	2.488471904486090347e-01	2.328180132487375764e-01	-2.984483513385812192e-01	3.010749477862658674e-01	3.332313785518586924e-02	-2.615029086933015612e-01	-4.383481208787309291e-01	2.294719380395099650e-01	-3.321905068912631154e-01	1.946970305847920135e-01	-4.827175350477642124e-01	-1.019486579432676565e-01	4.568756893254467544e-01	3.430868363316615932e-01	-1.803833662613918143e-01	4.752294846822457952e-01	5.815021527871833129e-01	1.397535212141650662e-01	1.819875443387841130e-01	-1.310500382960318455e-01	-2.955053092468179401e-03	-5.093753280424669766e-02	-5.582452188018978134e-01	3.519372762491444484e-01	3.141314972000304184e-01	2.324228817160085281e-01	4.232958018800166144e-02	4.493034478690918210e-01	-2.817073004688292470e-01	3.155748668369629528e-01	1.080424299531071025e-01	1.141270117970706599e-01	-4.238215514027822428e-02	-2.331038461520627270e-01	-9.663846656284476311e-02	1.698405128780073881e-01	-5.559654229859764540e-02	2.087699242555963730e-01	2.871560768135365538e-01	4.140450394493080943e-01	1.038062026475125438e-01	1.772363437441009937e-01	-4.014904122690211574e-01	-2.069851051778134055e-01	-1.945192112104352500e-01	-2.063452953533609011e-02	2.596119422330171456e-01	1.439951326789888353e-01	3.026399536952320557e-01	5.218611928681763518e-02	1.139292365518319722e-01	-2.895561781084033878e-02	-2.665108661512403665e-01	-4.529675397154698246e-01	-1.689359678735253001e-01	-1.982084669653077502e-01	-2.594328238454042257e-01	-8.517482056451868011e-02	-3.749922966276943159e-02	-4.438211921103887292e-01	-5.441237710148855850e-02	1.814280238709056470e-01	7.696027103738908859e-02	8.979790904647001748e-02	-2.227093924793518420e-01	1.372765764456891358e-01	1.643028982962185802e-01	1.350006205901170264e-01	6.071747832826954704e-03	6.711499839073011009e-02	1.796128117088697795e-01	1.398356708206193455e-01	2.049710357422451432e-02	-1.401999495787894512e-01	-1.045900483932013653e-01	-2.358633731046143878e-01	2.372354102623334612e-02	2.137627918118514547e-01	1.559984146875478817e-01	7.142566858240648187e-02	-2.575425734464572083e-02	2.029794864595718673e-01	-3.342392295218568621e-02	2.826372454773774523e-01	5.296404458843290142e-02	5.697620912118633169e-02	-3.454813551884577255e-02	2.036198446356793090e-01	9.970549144797409558e-02	5.455562224732284776e-02	7.879156895956716811e-02	-3.975001492954469834e-02	-9.225562778202581193e-02	-1.358015562844383864e-02	-1.344580748298752626e-01	-6.198702393695261492e-02	-5.140950584210651764e-02	-1.366220934621938110e-01	2.493363557705778333e-01	-2.311468730277865119e-02	-1.634022334729932566e-02	-1.031469873963544448e-01	8.611264126752359027e-02	-7.885960802368770228e-02	-3.481719912422306246e-02	-4.610911529176195400e-02	-1.438940953480920271e-01	8.311705808573652265e-02	-5.318337709288738224e-03	2.214518781238802511e-02	-1.494047081804707189e-01
-2.288077242144259671e+00	-2.128097097732835508e+00	1.144842792315267310e+00	-1.722375023594392152e-01	2.403436207895788712e+00	5.176332203312872249e-01	1.348521549618828808e-01	-1.282149921036744300e-01	4.009393508061637190e-01	3.183600912118132731e-02	4.455204154249426951e-01	-4.221508439214153446e-02	-4.672199505902417949e-01	4.575963152479279317e-01	-1.093807221968229992e+00	-9.526907468086592834e-02	1.955247321636263413e-01	4.782081598069859441e-01	4.518885125523056656e-01	1.677569692749933672e-01	2.239686588616787155e-01	-6.633236738076859762e-01	-3.397499403229389259e-01	-8.622019713706287058e-01	5.209769114256529964e-03	4.029875226359183049e-01	-5.629916313293827912e-01	3.442167335541522766e-01	3.140885645858644826e-01	5.054013337483307389e-01	-3.327079857500092053e-01	-5.401991735766963933e-03	-5.599717918012511175e-01	2.049739266219606781e-01	3.778467832982139729e-01	9.450209678105540856e-02	1.844524213164231152e-01	-1.631492913161300962e-01	5.047049703246498931e-01	1.926280259288985219e-01	2.792213949365666137e-01	-2.924213776293595468e-01	1.566640906133813516e-01	-1.151374358677298981e-01	-1.315690334866415900e-01	2.052743850517013413e-01	-1.959532596606412824e-01	3.298606889596731456e-02	7.775227805171699980e-02	-1.438160338140050121e-01	5.406199022750445282e-01	3.828290019152899570e-01	-1.586659984069879459e-01	-7.897943244699284771e-02	3.344171383520616603e-01	2.292652626894766399e-01	4.011857545450119300e-01	-2.876289348325699047e-01	-3.310189317422668198e-02	-3.305416320395471175e-02	3.719075332298196201e-01	-2.139940756166544278e-01	-1.206409716169827284e-01	-4.025219176739078253e-02	-1.149407378472571545e-01	-1.671162042491272995e-02	5.565526819949190990e-02	1.320880991626827983e-01	9.091826437119678028e-02	2.191086552338219473e-01	9.320347812303246549e-02	1.828806181388096530e-01	-5.476240754241220587e-01	-1.224257364770573869e-01	-1.344981808047865934e-01	1.994639820072122427e-01	3.178564295045551158e-01	-9.145568194438095933e-02	1.471850747458512687e-01	-3.657574106391319746e-01	-2.083971484941476437e-01	1.020922301350107170e-01	-1.522123816297567787e-02	2.179872725794368415e-01	-7.132524203351793546e-02	-1.891440153616148201e-01	3.172009256295132418e-01	-1.973925506640230795e-02	-1.090849932738691963e-01	-6.632358021427778305e-02	1.302161192531939571e-01	-2.088108776662644384e-01	2.250051309286054887e-02	-2.219493663685029317e-02	-3.175652399674874227e-01	-9.580150618395115447e-02	-3.496360052091695980e-01	-2.238349973340195143e-01	-1.906162987800399250e-02	-3.423617444166968116e-01	-6.793050025902250266e-02	4.546166523158962774e-02	-1.380184960080246652e-03	4.156952418079087330e-01	1.338440751213961499e-01	-6.583924966854552696e-02	-7.815756871016403540e-02	-1.193532445973176648e-01	-8.291642037273767515e-03	4.121094915056373875e-02	-4.130336941109877258e-02	-1.587693246201450081e-01	-2.085427336221967395e-02	-1.178435872730045353e-01	-1.884826305301447458e-01	2.122298171025902569e-01	8.040452853007083733e-02	-1.186554515332548382e-01	2.270222772180107706e-01	1.025668104086470411e-02	-8.672384077181428952e-02	-1.574897829726070175e-01	1.521376532640598689e-01	1.306743227173863264e-01	3.136242181760170306e-03	4.275823332002702537e-02	-2.074880791768379529e-01	-1.653272280615570439e-02
-9.886433744687849190e-01	-2.692092765297578350e+00	1.677981560194775623e-01	1.223827024343228986e+00	-1.280757858050904918e+00	-4.684624892152327580e-01	-4.408611354260181803e-01	-1.479979949561711083e-01	-4.098222609674240791e-01	-1.494950037146442756e-01	-3.473054868549740326e-01	-1.269709349337924953e-01	6.728156302062106020e-01	-1.149479131754367195e-01	-1.165469852837134335e-01	1.037622834258708826e+00	2.448016678586410477e-01	1.880131422276239972e-01	2.326768202575552058e-01	-1.478878892647879639e-01	9.824521055951385140e-02	5.180035348963862862e-01	4.448703892350176492e-01	-4.302728800209171256e-01	6.701822739768220627e-01	-4.321750562843538757e-01	1.316782441637651124e-02	1.821468869708965654e-01	3.384667198762157936e-01	1.446025783737744375e-01	-6.400776134218236213e-02	1.983716643720163375e-01	-3.552105646733689226e-01	6.248282562420043318e-01	1.095736579155105611e-01	-7.077155975077968619e-02	-6.987116195452601486e-02	-1.838186699767076770e-01	6.134496565499054643e-01	1.781488747869563460e-01	-2.190439698378647201e-02	6.771725699866189274e-02	-3.600832455106402208e-02	1.471061170922980943e-01	-2.039246875898477751e-01	1.604655193390197021e-01	-1.507409983325410374e-01	3.086393683609750527e-02	6.317004664378049472e-02	4.923072327627873307e-02	1.564152930895630900e-01	4.912135341050111875e-02	-2.318701273278420405e-01	1.455429757913717648e-01	1.183445039545676369e-01	1.152706557032632043e-02	1.868950418087796383e-01	9.919960210451665705e-02	-2.395175128881640580e-01	3.365525259541103931e-01	1.160896819630783117e-01	-1.495352446523279810e-01	-1.914207263659213620e-01	-1.538128689865550791e-01	2.297634873677805445e-01	1.369705797328800434e-01	6.891878417621399855e-02	-1.851714688898104672e-02	1.813539692364586342e-01	2.106675239782494213e-01	6.032738879700721285e-02	1.953567978546449924e-01	1.278669154005999953e-02	1.995440365224501467e-01	-6.950361401858222432e-02	3.270484573047459098e-01	2.289023183278048323e-01	-2.263317463943116947e-01	-5.469334788504666423e-02	4.104325758388822909e-02	-1.947644429403478095e-01	5.761069589886946840e-02	-9.367308776974697659e-02	1.368853802648399565e-01	1.327993420050700146e-01	-7.103711555238925723e-02	-5.824763801242155425e-02	1.082101783030754022e-02	-8.142026400194683766e-02	6.649398898629792221e-02	-1.714794652370646988e-01	7.418854733084234709e-02	7.165605937108639190e-02	8.870827835346149770e-02	-8.134252188845642051e-03	1.669722436340136118e-01	-1.544647326828233469e-01	5.842207427751577864e-02	-9.141152539886747419e-02	-1.083722058716897127e-02	2.599277826196393359e-01	2.143230851957007854e-01	5.796158308610917936e-02	-3.962899309809898851e-02	3.936937264900893657e-02	-6.160994806965324616e-02	3.579956222605922278e-01	-9.853891708578386976e-02	9.102810876062034096e-02	7.633441765321591355e-02	-9.090796780404923616e-02	8.773172142192318945e-02	-1.496417931961015468e-01	1.559897945521277196e-01	-6.304617835045683849e-02	1.022735034948089455e-01	-6.545297861674800877e-02	-1.298282063371508088e-01	-8.734671628854604949e-04	-1.686524482565827376e-01	1.039789346245630908e-01	-3.058375556323759958e-02	-5.622623826663368518e-02	-1.275069553611002035e-02	2.007718694959570102e-02	1.396762079529216272e-01	-2.344283951249525461e-02	-3.277509385418712895e-02
-1.291025128225850027e+00	-1.929638951561307492e+00	7.564866377760708360e-01	-7.121563175558426328e-01	2.242904045414231273e+00	-1.013980362111877032e+00	-7.447166743467837913e-01	6.726699108481023481e-01	5.669744108137495520e-01	-6.812666268447621354e-01	-7.348644344856717359e-01	4.823096723502782734e-01	2.875246309374864806e-01	1.854759463632319194e-01	-3.228235865347475753e-01	3.305147141728742022e-01	3.537239414848450392e-01	-6.804795633598719265e-03	6.308096520951135266e-01	2.848560362747747932e-01	7.889739681389105197e-01	2.944507005601902927e-01	-4.481304911700038224e-02	-3.051775274360091217e-01	1.664328790460102292e-01	-4.350317101675011400e-01	-2.487633943684305626e-01	2.954646463854240235e-01	3.392908294555583848e-01	2.251903490720082515e-02	3.123489778668752659e-01	2.300286171962761250e-01	-5.808693275802324640e-01	3.353167483153447481e-01	-5.400123464422952324e-01	3.361953063485471072e-01	-3.672944827648849664e-01	-1.589373036866420785e-01	-1.603291420232879905e-01	7.912589702531475089e-02	2.431070582462535948e-02	-2.520907563414912997e-02	-1.863203391021054645e-01	4.685972055706040251e-01	1.136714238040633790e-01	-1.206911062040786492e-01	-5.463326535176356025e-01	-3.418511415842829387e-02	4.066092513640488793e-02	7.765916918828391635e-02	2.536928035002705695e-01	-4.598009322949283550e-01	1.434943597696265449e-01	-1.193960126686697126e-01	3.274219348589809675e-01	-4.081816992596899729e-02	7.901899146705680665e-02	4.471108045406813059e-01	-5.862122210800136957e-01	4.586759875590178115e-02	-5.732814104675940658e-01	1.675575860634839487e-01	-5.089347455344304105e-01	-2.472560708628993853e-01	-2.838209228780438562e-02	3.540219427589485490e-01	3.794253184879371465e-01	2.579097699201503557e-01	-3.857918056713101340e-02	5.877011041078256115e-01	-4.480697676730089341e-01	2.454918112420032827e-01	3.631948972086048166e-01	-2.349121746542512934e-01	-2.421193074636915354e-01	-3.925861491174275492e-02	3.616381759955211717e-01	1.959444879505696513e-01	-2.358182095638269860e-01	7.076002170098887045e-02	1.269497152326805323e-01	1.889631075379506198e-01	2.021370265536872046e-01	1.228222079015417745e-01	2.186338128683776028e-01	-1.998626941593747153e-01	-7.209953969325266776e-02	1.795771154751074627e-01	7.455612488695226303e-02	-4.090688783695058395e-01	4.470359187904709292e-02	4.839898048533882169e-01	-7.990601234066421754e-02	-2.401915717355533331e-01	-3.297993761690317088e-03	-1.490058358905508029e-01	2.839448323529912555e-02	-1.735715601193817681e-01	-6.071451404174914301e-02	2.175206694809784375e-02	1.715461595229455793e-01	1.926682555138614084e-01	-4.934995605217446651e-02	-1.266707239278873909e-01	-4.285121816572048069e-03	1.460576081872111964e-01	-1.492387349421980258e-01	1.010093362755869473e-01	-1.812755840293157339e-01	-6.829207139544866967e-02	-1.337776895740542260e-01	-1.476510601273438306e-01	1.498252367683234332e-01	1.477012017699464996e-01	8.814193198780384542e-02	1.158479922920378768e-01	3.607888690282148869e-02	-7.371285304378565051e-02	6.927289967133549997e-02	1.123600769876035854e-01	3.901525169329362469e-02	9.861608836781861342e-02	-1.876521606382585694e-01	-7.020855118392622940e-02	-1.165273732452789118e-01	2.665745348882296931e-03	1.182953634080295552e-01	-7.989688323228739952e-02
-1.924763794714262177e+00	7.098874247621768108e-01	7.444672249424663102e-01	2.701494263338779511e+00	2.269293272014535567e+00	-3.997458052783270932e-01	4.637228013797430048e-02	-4.864455055729632882e-01	1.232496912955701074e+00	-6.714947102610541174e-02	-6.002140069725416804e-01	-6.474752745769239981e-01	-8.370166870657487213e-01	-8.768806784451488312e-01	-2.424050346906014008e-01	8.148219597190535790e-01	1.511580133989742503e-01	-7.522829635188333919e-01	2.896841478749760390e-01	-1.593707345663877006e-01	-3.170222391681901675e-01	-4.649478098572160101e-01	3.200334216273026944e-01	5.790013370453674924e-01	3.151490160690637587e-01	4.132033565031505984e-01	3.551512595653596449e-01	-2.190576507547300697e-02	-4.187112256937476351e-01	-4.549640303607987435e-01	-8.774930768634960077e-02	1.423314920598990341e-01	5.931595099247822800e-01	3.374701791370894079e-03	5.341458615084693218e-01	7.870762423829316123e-01	-1.712963065899720250e-01	-1.712270427816070528e-01	3.504353081229064082e-02	7.555424600114795108e-01	4.015648242447473759e-01	1.455508524258562475e-01	1.707243617099947486e-02	-1.487606701004491050e-01	-4.082494156675307573e-01	1.514834047929236038e-01	3.379747866822842006e-01	-1.610824520071737764e-01	1.933436729629657014e-01	2.914823832605253906e-01	-3.415565246149088185e-01	-3.466908268952902106e-02	-2.568967609787919937e-01	-1.560568763271567294e-01	-3.660673232298452540e-01	5.642232978951759736e-02	3.927308054475265875e-01	-1.653419427589495616e-01	1.220312763538001638e-01	1.777153283510173598e-01	-3.226248456469295589e-01	6.125933407022352700e-02	-6.840325565492392235e-01	5.938580293982478331e-01	-6.073892954205618172e-02	3.277753603076096617e-02	1.625342161434301935e-01	2.529879466092782581e-01	3.777013650520401611e-01	6.341444352162475817e-02	5.451903368140424005e-02	-1.076464290400995644e-01	1.521785995503809920e-02	1.868235681298716921e-01	-7.030494692260617073e-01	5.595099123269604846e-02	2.379423149427725981e-01	-2.002378762928919143e-01	1.313029147213709003e-01	-1.318230330940720341e-01	-3.459664391958195417e-01	-1.334555636775976994e-01	-9.043588001997371340e-02	7.922719810217151992e-02	3.379497058618632921e-01	-3.118016967824866481e-01	2.083403442172000464e-01	3.374839176620951509e-03	5.609989749583162849e-02	1.019638164817544407e-01	-7.635991505458436523e-02	-2.120430142299446416e-02	2.479188294293615744e-02	5.393252678066329936e-02	-2.207876778377474217e-02	-2.080079789623907049e-01	-6.893505732528053265e-02	-4.365348894767191734e-02	1.290941433613527478e-01	-1.221134526821116006e-01	-1.762691795940727335e-01	2.647706718910595725e-01	-1.910961376270070289e-01	-2.508422478779603892e-01	-1.593499789866028304e-01	-5.032192371089675917e-03	-1.268362321193475251e-01	2.742255812269430160e-01	1.327244068952458111e-01	1.722682623498519860e-01	1.302249987025704825e-01	-4.976825107157488437e-02	-9.958678640917277558e-02	5.060749699603832308e-02	-2.411947472508391699e-01	2.194998710897539118e-01	-2.455332149659343599e-01	2.484023841790360676e-01	-1.880863173591432458e-01	2.212280822072721156e-02	-2.447971834904199839e-01	1.246586762292720141e-01	-8.551699636685500261e-02	4.520489621037748068e-02	1.001013439326454146e-01	-2.497848684230127292e-01	-8.883008963896217580e-02	3.499478194110277052e-01
3.593891928096879518e+00	-3.772751382895743189e-01	-4.040841582421231259e-01	-2.161787124137356519e-01	1.308485597076805562e-01	2.480620990521882896e-01	-1.517479478120688841e+00	-6.554806106062580628e-01	-2.866938300952135421e-01	3.523264765770670048e-02	3.679275346546942438e-01	-6.511774033298475262e-01	-2.320033498558120577e-01	3.610817957193537819e-01	-3.151836500282589326e-01	-1.660119903585784151e-01	-3.056650368959353270e-01	-6.397639921082888259e-01	1.541231062140428487e-01	2.117165357357651267e-01	4.866211797390579408e-02	-8.087285702020345548e-05	2.806039598509103006e-01	-3.076603120370174360e-01	1.678410657112401894e-01	-1.907315218327316209e-01	-2.176439345719675122e-01	4.034512528313872193e-01	-1.667271159701913530e-02	1.595931781351921930e-01	-1.379007152295888550e-01	-2.349214511104009626e-02	3.023289801122081566e-01	8.932165903194100309e-02	5.845659405154761679e-01	-1.940229299351546310e-01	3.246837132251133018e-01	1.471517392233362420e-01	-1.141407267991235291e-01	4.961510305275485533e-01	-2.438960168305744913e-01	-2.018839543717944607e-01	3.138148899246093193e-01	5.141815805762272040e-01	-1.300439962392509752e-01	-2.835577347131131021e-02	-3.213708756897266927e-02	-1.501855390624756981e-01	5.726614666532834491e-02	2.929017250669252448e-01	5.547406056730113527e-02	4.589146471751539003e-01	-3.022066663947979293e-01	-1.648947778673184872e-01	1.585674166808633823e-01	2.373995592349633851e-02	-9.943328484385131893e-02	1.196170108686838707e-01	2.110962040217637115e-01	-3.576134691305368207e-01	-1.155215955007691947e-01	2.369857128751423347e-01	1.096006897788680545e-01	-7.821526671928569208e-02	-1.020199595570505657e-01	1.620380940040054563e-02	2.677816180447722960e-01	-1.111568469289717434e-02	2.540008070643957616e-01	-2.858082849779652879e-01	-1.698516565515680310e-01	-2.312080318350363539e-01	1.584885322946920083e-01	1.761528869579922219e-01	3.068003943108476017e-01	4.128885023491679629e-02	1.693947200620097293e-01	1.852067248258527088e-01	-9.240225460211939218e-03	-1.914305659249432301e-01	-2.177906491581577675e-01	5.958333139527029892e-02	8.592910932815300828e-02	6.066269386115748750e-03	1.045218930673193214e-01	-2.231938241972904191e-01	-1.254511575136769419e-01	1.705155309001226971e-01	-2.060466230681658462e-01	-2.155023315287160901e-01	4.694102094507530964e-02	1.675367546826057041e-01	1.512018674713980493e-01	5.300481134095070407e-02	1.091906361292268313e-01	-5.193374638141268901e-02	2.281862207583568447e-01	-2.059675327260470853e-02	7.217702712138145127e-02	2.965741671591026751e-02	3.947623715773220798e-01	1.004783352745057812e-01	6.598863853612535468e-02	1.304547535723606377e-01	-1.639368699806788843e-01	-1.048872296628987622e-01	-5.510070671719360935e-02	-1.625187038513152826e-01	7.332645285195407703e-02	-7.687003068080591750e-02	8.712252725135417875e-02	7.367573312652228590e-02	-1.000393930537244180e-01	-2.206244783099220730e-01	-8.039600461897830619e-02	-1.537821372241139073e-01	-1.244835109151846558e-01	3.716020331110861386e-01	2.287731138567768163e-01	-5.102637653991402844e-02	8.058156206682487444e-02	1.382601811864491437e-01	-5.689411314461242930e-02	-1.071135201493096378e-01	6.026246961929381668e-02	-4.416691875300583076e-02	-1.255113166785428239e-02	-1.759763683543853485e-01
6.987752362492531955e-01	-9.976892688759355643e-01	-4.130996466969066860e-01	-1.347063988497107845e+00	8.379097620965462179e-01	-1.221486231912553677e+00	-1.379920844171494521e+00	-7.251961849308669050e-01	-5.975367463697717207e-01	-3.029535052694878328e-01	-1.984733696328187802e-01	-3.007994754528591774e-01	2.115695085626350114e-01	-4.366162349010083155e-01	-1.629628361314214985e-02	-7.848930464786992023e-02	-3.238924197472791700e-01	-9.409965179117629752e-01	7.746829712201630525e-02	7.538188300256384866e-02	3.718441398006410159e-01	-6.612084538301004066e-01	3.124272906269501271e-01	-5.284307001945235394e-01	-7.242767907307247066e-01	1.098593204404595680e-01	1.322302520672014037e-01	-3.060795692721035577e-01	1.271079412058108080e-02	7.857733147357644221e-02	3.071398988088110474e-02	1.805264373286326329e-02	4.938541759708011541e-02	9.247302801826326468e-02	-5.519351138947070634e-01	-2.392404180830847715e-01	-2.418630803448749977e-01	-2.157190037194000320e-01	2.167944103213156615e-01	4.143822481362895438e-01	3.920824412096508005e-01	9.214841620219779705e-02	1.392411894155050067e-01	1.992956747150713970e-01	1.295654437469182518e-01	-1.266509434047823068e-01	1.560688055079771097e-01	1.328474314508454324e-02	3.777938343050339376e-01	4.747127513076429550e-01	9.945637373555709163e-03	-2.805328005482569109e-01	-2.060174792908607555e-01	6.471710533276902981e-03	2.939671814646032111e-01	-1.336738727140929783e-01	6.569514488931964616e-03	-6.538712886452578699e-02	1.454539695654138154e-01	-1.428813005679322942e-02	2.817012968669848835e-02	4.215075820009722141e-01	1.996596718788662683e-01	7.339624811998515796e-02	1.320923253094537578e-02	-2.555455332870888996e-01	-3.778806240649184439e-02	-1.402647333433595378e-01	8.469685960878847730e-02	-1.226710859995570543e-02	9.442177968001175259e-02	1.270685381474401243e-01	8.082764309872309330e-03	-8.400456699525989113e-02	-2.185880653438290466e-01	-1.313794488813432304e-01	1.057737949211415424e-01	1.283452937252237691e-01	3.892904410257296832e-01	-5.428997082105888050e-02	7.294012687597706268e-02	-3.069488399658881206e-01	-5.054691147719179295e-02	1.679804112311636954e-01	1.354805299693266352e-01	-1.101299900430562223e-01	3.886570623448359560e-03	2.531733196414056794e-02	1.439831227318052187e-01	3.240035019187617604e-02	4.806480157886166421e-02	8.309839470014965257e-02	-3.297853181411237317e-02	1.210082119547707148e-02	1.519057378815528159e-01	1.250757337319971518e-02	7.222782293517275576e-02	5.339260393779557412e-02	-4.346253021781428666e-02	-2.926009580958967016e-01	1.940358638751053799e-02	1.968928878175836561e-02	2.639092886350876549e-02	6.841102440963788001e-02	1.334592658470232012e-03	-2.239918864283432232e-01	-2.238836359550816502e-01	-1.787970315898755047e-01	-6.564885857143017145e-02	-3.676447193127729308e-03	2.184355436405985632e-02	6.934729510510188877e-02	-6.785292113295776466e-03	-1.605521534667784384e-02	6.919987257372209322e-02	2.584846021207709912e-02	-4.099134560606788186e-02	-3.583621253060263745e-02	-9.382871001269239841e-02	-1.664442025662406510e-01	-2.206224643539048472e-02	1.620715848888104604e-01	-1.893201796573414641e-01	1.660635156735014439e-02	-9.338266646400192328e-02	7.693682907430135498e-02	1.591434600260460963e-01	-7.761298237342290074e-02
2.985612013821375310e+00	-9.915291646280105509e-01	5.551024137970089756e-01	-5.256551752660044707e-01	3.413871396527841107e-01	-6.765633095974790678e-02	-1.171696232165007512e+00	1.340876226031663121e-01	-7.740445145363433754e-01	2.506896452592880919e-03	-3.261800862032896570e-02	-1.388550802050511068e-01	1.981675959260345843e-01	3.457065455656352926e-01	-3.359955041895643646e-01	3.939253153407331481e-02	1.174184588626302345e-01	-3.874054878134985946e-01	6.325706407000503129e-02	5.091645524719571325e-01	-7.139573553539600714e-02	-3.007030259167522979e-02	7.978681196030615319e-02	-2.231430404474200879e-01	1.314354073398027178e-01	3.180698141170142934e-01	-3.024673224589965320e-02	4.370021928977809167e-01	5.879859382394398981e-01	1.602719368777445474e-01	-6.378470890544486738e-02	-2.345719217239740362e-01	2.027674034379064183e-01	-3.936398382071617519e-01	-2.748908044949893159e-01	9.605758184863526228e-02	-2.908460684812046448e-01	-3.747121200290500775e-01	8.580992083771631085e-02	1.497787307244642929e-01	2.413957794762177922e-01	-2.343825604821821174e-01	-1.979525482855580276e-01	3.759305462398390696e-01	-9.858112238987850814e-03	1.903102304966566849e-01	9.942165466088399850e-02	2.410353521608892546e-01	-4.119271392835295587e-02	4.609413767609605306e-01	-1.696518927032624469e-01	2.047344960839829753e-01	-1.984835143574622818e-01	-3.227055919251702321e-01	2.433398901418930005e-01	6.712487673554631828e-03	-3.232551214666846140e-01	-1.378605861482021244e-01	1.636232236415569585e-01	-1.452589407192142190e-01	1.472207163844838351e-01	1.089942140592329439e-01	3.837290030089363646e-01	-5.981290071663057650e-02	3.203025153781893786e-01	-8.381830944655910276e-02	-1.312585646536344464e-01	3.577966195094697821e-02	2.737112067804256185e-02	9.273235352472961046e-02	-3.901326633593360516e-02	7.618376335558679768e-02	-7.527138500929242415e-02	-1.007331326184538129e-03	5.481916263599203448e-02	-2.560923852050559502e-01	-1.247757392158111711e-01	-3.310386956154975913e-01	-2.236636932531621824e-01	-1.800071425062257230e-02	4.223808765087863626e-02	-1.197256524470753231e-01	-1.963930563676437036e-01	2.000243498660422559e-01	4.256566335950516811e-01	1.761704763545939856e-01	3.870236538999090314e-02	-1.921363412144530269e-01	-9.282494273421044995e-02	-7.621703613325221671e-02	3.818028904891199171e-02	1.268871658932722510e-02	7.022416487972900356e-02	1.008803969367092906e-01	3.085975145105233075e-01	1.081483401698294100e-01	-9.093976889585049517e-02	2.159274902401831231e-01	2.479837360663150747e-01	-1.101897806257648021e-01	-4.932404832112370630e-02	-1.235964127332170870e-01	9.395371049569384292e-02	6.321988489113375409e-02	-6.086445919317746284e-02	1.218629499544076900e-01	3.090669111679396949e-03	-7.070462240384423058e-02	-1.875245015668524848e-02	-1.661040943020561378e-01	-1.706753005682910551e-01	-3.107489359937319270e-02	-1.216069654480732842e-01	-1.165363459190482676e-01	-4.411770253158586036e-02	-4.368299863981194714e-02	-2.560316897154568672e-01	1.409063274406642530e-01	-1.566078802391171476e-01	2.142815166713732677e-01	-6.736013642144955682e-02	-7.384703228708125455e-02	1.711018166883471747e-01	-1.347197733202159242e-01	-3.319869648045515459e-02	-1.858491091156377062e-01	1.247439960675643666e-01	-5.597307502469357939e-03
-1.244284104519829848e+00	1.041646879763909128e+00	1.442851052021623781e+00	-4.353087294071087965e-01	-9.299203449139601396e-01	-1.766545642216064416e-01	-9.391637580443611411e-01	-1.076442034588694252e+00	-9.466172090838799458e-02	3.651918423685087678e-01	-5.154798038647373515e-01	4.918216449959401659e-01	-3.077992993010985057e-01	-3.474686072352914934e-01	-6.646180211397251236e-01	-7.193570675412901128e-02	1.989152507037415529e-01	-1.234767167060689674e-01	-5.237390854815020536e-01	-5.825583055904505203e-01	-3.594543668387308877e-01	1.037461848429743622e-01	-2.162271329512996665e-01	-3.095944526314738932e-01	2.857211993728948629e-01	-8.092785117295885344e-01	3.384030998104553545e-01	-1.754057776446251160e-01	-3.013869311840435272e-01	-3.523993010044197249e-03	-2.083409688020902428e-01	-4.981881387463873989e-02	-4.676330550822172527e-01	3.420678475876168245e-01	-2.121866163497657387e-01	2.697703838823058420e-01	1.476910779728941026e-01	3.498574755329617592e-01	7.751448512593789308e-02	-1.114335793272746428e-01	-2.329778877767272327e-01	1.537927445807476257e-01	1.703175574709656429e-02	-3.401076009691190172e-01	-7.160599679990767297e-02	9.346818703549036877e-02	-2.462859975669011159e-01	-1.577003004273851983e-01	5.357853488189010527e-01	-1.277332224970818553e-01	4.677752668984720003e-02	1.480034734014379905e-01	-2.732000362978912605e-02	2.716031913331720116e-01	-4.351236526162553797e-02	-9.384936461211344783e-02	-8.719117606023896183e-02	7.291924562550572073e-04	-2.295287144312388727e-01	9.493726637630672816e-02	1.829167566955389734e-01	-1.140561095987674967e-01	5.109971665846222560e-02	-3.090070628597659241e-01	9.442100762699318778e-03	1.942650201506814500e-01	-1.175460560021791279e-01	3.192706358980741954e-01	-1.217442246566283331e-01	7.456627023203968307e-02	9.114810597162092964e-02	1.026920361041477187e-01	-2.388081641153988188e-01	-1.159006157966163825e-01	-2.900365123050489130e-02	-1.358935817606773677e-01	3.607887275360989465e-02	8.234428707930264990e-02	-2.465007262579573255e-01	2.976819252569258833e-01	-4.254555331906450522e-01	-3.460386491690162769e-01	-1.646413997281139241e-01	-1.895862014089280401e-01	3.301997225856882073e-02	1.168752728613688674e-01	6.762125333324799092e-02	-7.454681478345015488e-02	-1.548558339402768269e-01	1.240992161648267478e-02	-3.754803865127719076e-02	-3.746677594898522590e-01	-1.725223559745791557e-01	-6.876625836353000842e-02	2.060789959566658169e-01	1.476777499898970780e-01	-2.535808535555698628e-01	-3.714620430117302613e-02	3.841158427513480245e-02	-2.867512451502036153e-01	-8.221616158431667432e-02	-6.866288474814070779e-03	6.764599257874888416e-02	-1.409678377626654433e-01	6.448680560313750643e-02	-1.717407614403896055e-01	-6.082743133474752262e-02	-1.758913630185963695e-01	1.694523377772453321e-01	1.655183694576816966e-01	-6.993095842881080770e-02	-1.466510813698101989e-01	2.270280868101792748e-02	-9.775286204368949239e-02	-2.038964928434981727e-02	-2.302538995930185628e-01	-8.106257817797005161e-02	8.585545368867286697e-02	-2.445489687214233779e-02	-1.146110689766597912e-01	2.029261436455011836e-01	6.596863133127341301e-03	4.096552631055799809e-02	2.859581879535779692e-01	1.247748129713856236e-01	-1.461741562991360766e-01	-9.264810317052765698e-02	-1.783145787219948264e-01
1.800031265497599453e-01	9.154341911178587310e-01	-1.402585021585406766e+00	-1.310143896409752540e-01	2.838246158512569006e-01	9.270657248486635638e-01	-5.559520414895692264e-01	-1.087206718035551800e+00	-5.700282152258235868e-01	8.623967358887275614e-01	-4.459362873689777240e-01	-2.571060849608201582e-01	-6.828786628683695958e-02	-6.170523574789820165e-01	-2.469317258343559640e-01	-5.466208632639026899e-01	-9.895917781492656884e-01	-2.849934803184371312e-01	1.437306293787954381e-01	4.659753848406791854e-01	-4.435234758071548988e-02	7.153695565895625830e-01	8.693344535701728881e-02	2.070828021264069507e-01	-2.587899260263903933e-01	1.072976103320121555e-01	-5.472570941181233162e-02	7.286405675687456229e-01	-3.634283770753996001e-01	3.373375039927645203e-01	1.260509251203940917e-01	-1.438021786991633133e-01	-4.847641688279021865e-01	2.169289118149379525e-01	7.435899071559454176e-02	3.111402083508241212e-01	-6.511929211069198420e-01	1.005511225339267845e-01	-5.176942450946611096e-01	-3.991705051793787429e-01	5.149179235380547254e-02	6.328309463097453458e-01	4.617392097964037601e-02	-5.519112931743727080e-01	-2.338105298666351764e-02	-2.650324545772625440e-01	3.989003325349932405e-02	4.131366836907581636e-02	3.038812756958904626e-01	8.915109641096774507e-02	4.563213361519858902e-01	1.411751973162221063e-01	1.659098138455836480e-01	4.672599129418617361e-04	-5.492843056223515319e-01	1.137338233372011953e-01	-4.281543671388903793e-01	-4.535026508048975447e-02	-8.630694585350602577e-02	2.976915512932090668e-01	2.585570845040207622e-01	2.102546597977647536e-01	4.224155155552029028e-01	8.960590328588062536e-02	-1.479235217782846890e-01	1.293974048262020171e-01	-1.862883409700314963e-01	1.056208765393875371e-01	-2.496536071876906404e-01	-1.536348879123402567e-01	1.737286432982635687e-01	3.360527083200105514e-01	-2.704628703556387070e-01	-1.522487799227601260e-02	1.525430585666295025e-01	1.135627267490258996e-01	-2.541953659112338240e-02	-5.268005103068168493e-02	1.282564400561125306e-01	1.897012878335524455e-01	2.144896985496443642e-01	3.154979774257923170e-02	-2.901428560785248023e-01	1.357838120536435100e-01	2.248101490726117091e-01	9.297547112656498469e-02	3.047422536127014289e-02	1.171063023629692196e-01	3.552625510339578185e-01	-9.824261446164042622e-02	-3.244697574902341564e-02	1.319170071222736385e-01	-2.864604291494315946e-02	3.187426444280117011e-02	-3.884004818897197064e-01	-2.472217927825212103e-01	1.649706597428753363e-01	-2.575827228317368323e-01	3.285676738110187012e-01	-1.963822786403269793e-01	1.253053657032572321e-01	2.099530216157237117e-01	-1.912981467147261694e-01	-1.279432154242599318e-01	-9.729288160718460587e-02	1.928471992664183288e-01	-6.121096937393209758e-02	-4.852366753210261147e-02	-1.309212537038581536e-01	9.167481363596522576e-03	-1.841397776685702384e-02	5.599591555628831690e-04	1.416199122914717778e-01	2.042501929419257845e-01	-8.874938548654295878e-02	5.098966284128529647e-02	8.836155775150945912e-02	-2.035587680612094622e-02	-2.051263825996618162e-01	-1.238284650039979534e-01	-1.728221841721363505e-01	-1.748213844010994278e-01	-2.421875075870419305e-03	-4.258739232490160037e-02	1.356141369026482857e-01	2.157117683738627445e-01	-5.729053810708191474e-02	-6.432150465824741647e-02
1.225320869702712923e+00	1.669717928793400308e+00	8.686051331468478409e-01	1.417760297726646135e+00	5.144188841313312305e-02	-2.597373134453426768e-01	-2.244168635660519218e-01	3.365896170799129172e-01	-2.741668719659274833e-01	-1.573355400825343642e+00	6.040271049810780335e-01	1.097338875267892977e+00	1.510134768203291455e-01	-9.957337897163096585e-01	4.024329058943719173e-01	-1.585597731731197113e+00	-1.911329170091159713e-01	7.126756439998923609e-01	7.165272745294408718e-01	-2.531077110644613937e-01	1.111822391719085701e+00	-5.961172347461787258e-01	5.539804511287492739e-01	1.767530190580408889e-01	3.604193676932787027e-01	2.137739288107582680e-01	5.775919830028459767e-01	-2.764097200356529505e-01	3.435599902525501848e-01	2.412074288113108533e-01	-3.148535488539551674e-01	1.181713025938896378e-01	1.971280788111793303e-01	-6.329208458302963969e-01	4.976354802112792353e-01	8.868402088692667329e-02	5.675788370378914011e-02	-2.467015045132215922e-01	2.620294341147116346e-01	7.291747079868299286e-02	-1.627852424357414951e-01	9.062828624593821658e-02	5.664869842158559016e-02	-1.191856839651962013e-01	-5.335842105259378521e-01	-3.552493942793652493e-01	2.806435924261012627e-01	1.154772224028046412e-01	-4.696286225720025520e-02	3.104766575668023165e-01	-1.679930723746527743e-01	4.921090340290325271e-02	4.274954388901749947e-02	-5.131874552008865997e-01	-4.217545449570387489e-02	-1.786407971447678267e-01	1.810496015142634418e-01	1.598475988747262433e-01	-4.779995022905111218e-02	1.049862435880167394e-01	-8.278777353526335647e-02	-2.050065313303584824e-01	3.026040309942472639e-01	-5.523836512477697802e-02	-6.103954913655257331e-02	-1.548151496350137490e-01	-1.206830233039927758e-01	-1.655313588028084135e-02	-1.002318269092822706e-01	2.414518595418526092e-01	1.500683766137741182e-01	4.049271668634006338e-01	2.041535485544963557e-01	5.652215223411663492e-02	1.714318616933630801e-01	1.387439072953818020e-01	-1.264487869458766345e-01	-1.848031830665831654e-01	8.117021641432836665e-02	7.379742627640867303e-02	4.480805423925537934e-02	-6.065355963570322889e-02	1.090067354660095855e-01	-1.781817249427754268e-01	-2.637190008665845631e-01	-1.947837992076712210e-01	1.496077489777981710e-02	3.455169209142924108e-02	1.030101315009643304e-02	-5.314254570728116356e-02	-3.180514733704945668e-02	1.676275371865796129e-02	-8.284866435693268027e-02	-6.777405931708056774e-02	-6.977074285272744092e-02	1.658207740114606143e-01	-3.674124318539489370e-02	-1.121851797133963380e-01	1.755572768288943819e-01	-2.292677436791729917e-01	-5.583272170129863210e-02	1.228080422706140096e-01	-9.122060490960631762e-02	-1.694482969436123254e-01	-1.683359649586920470e-01	-9.582291397098170738e-02	2.269388731449505370e-01	-2.682234056151383203e-02	-7.197900364858597633e-02	-4.523774145504577508e-03	9.607070871890195651e-02	-2.442104836243501609e-01	-2.076618210793677588e-01	1.261599245688525134e-02	-1.832002388034585649e-02	-5.238501863774058798e-03	-3.897413239455927575e-02	6.251610411206275086e-02	1.094884504016846727e-01	-1.093672800820398444e-01	-1.536994568739433742e-01	-5.764366990619876341e-02	1.465652664054163390e-01	3.972118949905684843e-02	1.573882703545287642e-01	2.845790953970414247e-02	-1.906813812513626638e-01	-1.323387791889404919e-01
3.082752799596526039e+00	-7.756539087910870878e-01	1.596223016427788188e+00	-1.046975324066524271e+00	4.842732196532256173e-01	-3.173223043693897960e-01	-8.282127846494893308e-01	-2.837333581441133235e-01	-6.776268635730585688e-01	5.581498943133129942e-02	5.545961338964332521e-01	-6.010250259544362983e-01	1.780005769575889463e-01	1.862731772984141387e-01	-8.320735727661280334e-01	-6.771889924463947441e-02	-3.069836827248568767e-01	-3.746920897599664291e-01	3.527028479640390707e-02	-7.198574390802802148e-01	-7.737235093204116732e-01	5.670782758680262825e-01	1.872265101190885295e-01	-3.306943244834175677e-01	2.206430342521165794e-02	7.948015295272289338e-01	3.789873497187681850e-01	1.137410498408407966e-01	1.465271883074269754e-01	-7.283461638109617331e-01	-1.230305556444387383e-01	-2.139899217869441761e-01	-1.394405141828704842e-01	-3.684588418183910585e-01	-1.153986168792571210e-01	-1.800667196047071872e-01	-2.695694375863411443e-02	-2.622528662427026647e-01	-1.515223714507384911e-01	4.276442297533996489e-02	9.755128093819608048e-02	3.438437996552956566e-01	-1.351713939335997400e-02	-6.472084514763730423e-02	-6.888229311450025372e-02	-1.966516842215509930e-02	-7.331295798857526136e-02	4.021783983336252311e-01	3.649061126684961451e-03	1.970503263950546674e-02	-5.354586597770112366e-01	-3.834422264220096466e-01	-1.654381931574372966e-01	-1.799341762153064961e-01	-3.695392271356835734e-02	-2.180324848670665838e-01	-6.341908678936264421e-02	-1.074417772350168970e-01	2.454093721754614377e-01	1.625616695352325169e-01	1.030403433638694410e-01	2.947170386956137200e-01	-3.438873041353545656e-01	2.061608514451852836e-01	1.539222307063283224e-01	2.489704278992285469e-01	7.691152102476972452e-02	3.706353877762030291e-01	1.368951928574774907e-02	3.172970480200371646e-01	1.238062935627164962e-01	1.100906365754370647e-01	3.960636029461456903e-02	-7.236987297381650142e-02	4.278007765053029729e-04	3.084313400489701595e-01	-1.602867441231167200e-01	-3.541226769568713295e-01	7.607121979261217970e-02	2.822297997026779193e-01	-1.733228931153172336e-01	-1.392646258327186470e-01	-1.663728698397044237e-01	9.752316466314467358e-02	1.145567613620162017e-01	-4.156318040044738871e-02	-2.532239043064955439e-02	6.978338833313391110e-02	7.190355875807401265e-02	8.711049530717658584e-02	-2.148623592394356685e-01	1.788778144407631998e-01	1.236895117812769340e-01	4.788108333876744255e-02	-3.598555943257784190e-02	-9.439355048612962928e-02	2.164634138393538021e-01	-7.375514986194517397e-02	1.203094668233724122e-02	-3.508451002406716701e-01	-1.597333559148400237e-02	-3.256907047660616977e-02	7.974710280245542182e-02	2.195027670790232754e-01	-1.614595837130750611e-01	-5.574804863041014219e-02	3.541633238370004572e-02	1.300152752799303094e-03	-1.465893213728085287e-01	3.356340326732131230e-01	2.398633217417311947e-01	-1.642387271935483173e-01	2.175486520261643852e-01	5.960294548926162866e-02	2.126596225905695858e-01	6.975195189965345544e-02	2.190341114819238377e-01	1.675124318139607216e-01	1.824691598238126211e-02	-2.808087099550348187e-01	1.313205154745635261e-01	1.575868243613962050e-02	-1.049104147892371136e-01	1.070572862190788399e-01	-1.774908533620788917e-02	1.240324831397717348e-01	1.823071765468118055e-01	-1.028227091948303445e-01
-1.521493318190563659e+00	1.511920675320524321e+00	7.794202067457203231e-01	-8.453692744892068456e-01	-4.234808804682229089e-01	8.022826240473581727e-01	3.636050123877353490e-01	1.383009881140585540e-01	-9.024467708723973303e-01	-6.854447853292996440e-01	-1.216380849654816521e+00	3.961336495280857184e-01	-1.540945350884629673e-02	1.697562585611880059e-01	-2.528832021666254093e-01	2.759302876801031923e-01	1.896956968140411648e-01	-3.522482996142325962e-01	-6.144501935497618250e-01	-2.800942233324784647e-01	-2.472223253774074592e-01	-4.175618270223686174e-02	3.899121018077897002e-03	8.918017134796696332e-02	1.204619247215293204e-01	6.706281766258692656e-02	1.486840182412159199e-02	1.033485257302058369e-01	-1.184850619136211536e-01	1.476666813934023326e-01	-9.600371195915353983e-02	5.287131492669393529e-01	5.047735780605267300e-03	1.658767343170366726e-01	4.305354820307689678e-01	-1.534775050353304748e-01	-8.868711440243043365e-02	-5.491940549317524123e-02	-2.284799886356712606e-01	6.691638930746190983e-02	1.647319362852028013e-01	-4.865584025101595683e-02	-8.045288932089311729e-02	-4.310148897100780918e-02	7.204085337894257368e-02	-3.033310330259470500e-01	2.210393677559001901e-01	1.537761630764774845e-01	-2.099620733361204708e-02	2.495306000224631164e-03	-2.251504589291804248e-01	-1.418950878985234809e-01	-8.812429564081114162e-04	1.905810646821038123e-01	5.487947895548768440e-02	1.047559438891447342e-01	3.496357668155459231e-01	1.329447594939242305e-01	9.335458854162731468e-02	-1.102232427360547301e-01	5.084398543110758145e-03	-2.409625992560472663e-02	3.555859188346115890e-02	-2.199539612776169328e-01	-4.371974371744713483e-02	7.909345120403343810e-02	-1.247230780905624926e-02	-8.106388473054013111e-02	-1.030578611486469426e-01	-1.751431397684322933e-01	-9.564878521578655882e-03	-7.588509944344679070e-02	1.940315038351486387e-01	1.520638711713206137e-01	-2.502228507134054807e-03	1.012655310056466557e-01	5.144444475888142881e-02	-2.012387696110777280e-01	-1.908229347518447805e-01	3.846784090398659706e-02	-7.321908123144804659e-02	-1.136302157678897584e-01	2.644902931465292761e-01	-5.288867799646219947e-02	-8.528251332379195582e-02	4.907882042202597883e-02	8.568794598190151990e-02	1.971463242689848114e-02	1.690736773125338654e-01	3.712663333631802121e-02	6.814840479707559573e-02	6.356399109430146965e-02	1.750221632424836526e-01	1.860400367169555147e-01	8.682750671453591529e-02	9.704092711417509898e-02	1.038968510958927782e-01	-7.014356153498456370e-03	2.856905980163966866e-02	-8.646762150704973005e-02	8.579901946327068984e-02	-9.017810281566301933e-02	-1.955900045698388823e-02	6.196496659964396275e-02	3.569948627974128125e-02	-2.146927170406597862e-01	4.628083027765809987e-02	-6.231713466907416038e-02	-1.368254407071732015e-01	1.286421309666550133e-02	5.142867069881837394e-02	-3.178311358506789863e-02	8.880697073585144818e-03	2.738614127931834341e-01	-6.969923114178135093e-02	-1.000189023476441424e-01	-4.584914333977129636e-02	1.838964495414925279e-02	9.284077259012529781e-02	-1.518159438200542000e-01	-1.896875725573283211e-01	-6.181576928084839273e-02	5.982285902962696661e-02	1.448536669616785899e-01	-1.606749035188110089e-02	-9.026155518981500425e-02	-1.494130335542705468e-01	-4.986114764544130606e-02
2.224335088559152407e+00	-1.097904450455348124e+00	2.030260251553629658e+00	4.788672611531999967e-01	1.351574836475170516e+00	-1.949313354196467729e-01	7.734376928208668289e-01	9.642770467528897216e-01	-6.355656464954194673e-01	-1.100997842306699476e-01	-2.528608193085430944e-01	1.779680784176449759e-01	-4.247180226978556350e-01	3.643184195535271314e-02	5.903667796980458515e-01	-1.160250446184218492e-01	3.257475290361521170e-01	1.579194478250686706e-01	-2.261838729454767466e-02	2.914485220038317004e-01	-6.808158741847206707e-01	1.839991319050429952e-01	2.342288176928365440e-01	-1.945839131383229198e-02	2.248774190389275229e-01	-2.995528032496272974e-01	2.312297593393645989e-01	4.605340133240645728e-01	2.434097808123233397e-01	2.101633418479911530e-01	-3.271026762206786787e-01	-2.035332683518842056e-01	4.524252012646665655e-01	-1.700322194072554638e-01	-2.008121257195205345e-01	-2.938102740688804809e-02	-3.239063610750914091e-01	-3.434495958852880060e-01	6.152288951509055082e-02	-5.768416736167224224e-02	-2.650684064005330853e-01	9.646085884421690126e-02	5.330265372642019051e-01	-7.535209331243630793e-03	-2.554425415769639995e-02	3.153114540506031238e-01	-6.325819140461765022e-02	-6.153722912918558885e-01	3.885008324289198067e-01	-6.550028196566851091e-02	4.578834711306248861e-01	1.028072719162881343e-01	1.527101662525912618e-01	-1.364353684388761312e-01	-2.805957256197482708e-01	-1.218350786259656815e-01	-2.531685069939978439e-01	-6.000226208818140033e-02	2.469677619098711585e-01	2.384378568596975598e-02	5.431217090532924896e-02	-3.176085777834099511e-01	-9.309847565702628058e-02	-5.252680149047012081e-01	-1.419157458261956495e-01	1.061595959588900046e-01	1.676194777074998532e-01	-1.531476836712367673e-01	1.658949773590555621e-01	-1.370988966515750418e-01	2.479547771050617244e-01	-1.306849864821247459e-02	8.271576885599765672e-02	-2.835967271296627873e-02	-3.176842648025660631e-01	1.572477288855501920e-01	-2.871018639187927213e-01	-2.801415598100613913e-01	5.882351533425043272e-02	-8.543682547502427782e-02	3.249404070393129701e-02	-2.469595279265923427e-01	2.174448947772314733e-01	-1.419944581485798607e-01	1.120241498382953671e-01	7.434472503033874580e-02	-2.252016956749360310e-01	3.334644757926485265e-02	3.390913731582050339e-01	2.426724193368006832e-03	-1.257742262286296320e-01	-2.759428767470450267e-02	-2.776360189131840683e-01	-3.106859692685637886e-01	-1.016580107892940676e-01	3.561669073537777203e-02	8.795499922735226794e-02	4.610712747656698501e-02	6.280801055139492717e-02	-7.889861750504791049e-02	-6.027551035987358669e-02	-3.902219991374356739e-02	-4.705840155302817678e-03	1.232089138042783832e-01	5.857109780887097966e-02	-9.736389133548405128e-02	-9.514906554276529593e-02	1.305878224163775359e-01	-5.133584843871505377e-02	-1.561044242327033482e-01	-2.003880905838537618e-01	9.093525873225449807e-02	-6.869395274576378663e-02	5.507624782722913420e-02	4.658452786886423114e-02	-1.180916141447887896e-01	-8.691051315723172244e-02	-4.693250722480822590e-02	-7.422767286374455653e-02	1.243232249468474576e-01	-9.389950202977470628e-02	1.675643935024833941e-01	2.827073942157998787e-01	-2.471972577393271031e-01	-6.238322675043698161e-03	8.611765756316611120e-02	-5.296257169700233081e-02	-1.545385406539538653e-01
-2.692690142643983445e-02	-1.464841416436518662e+00	-1.719319221087811433e+00	-1.490467370440305528e+00	5.589120826911920803e-01	5.599772657551262967e-01	4.867997645847699228e-01	6.666276651046136870e-01	-3.600132564513315869e-01	-3.001210267789048425e-01	-4.575330098301211290e-01	-1.273688925080986856e+00	1.810520363115714904e-01	-2.458852109860063251e-01	-1.211172468449412537e-01	-7.750368659662786319e-01	-3.048581514397726289e-01	-2.380222997742221513e-01	-7.160073736228771413e-01	-2.008262817982955362e-01	2.909772901821649493e-01	-2.657238127252962157e-01	1.066156770185489044e-01	1.736765618240396492e-01	1.762792016316207522e-01	2.550397212597950714e-01	1.011631659746208521e-02	-3.299436247806848410e-01	-1.128109143619491911e-01	-4.768695607327020497e-02	-1.886077140657092810e-01	1.936945567582089855e-01	-1.715601395911905414e-01	6.261377534712536663e-02	2.307596381040624353e-02	-5.545077718767832398e-02	-9.288880848036463328e-03	-2.226361914039535084e-03	3.494114245314706990e-02	-5.271065199200451745e-02	1.953471320644577514e-01	-1.864151100681624151e-01	4.426575589907805891e-02	-1.411168160951677304e-02	-1.383509240951162232e-03	3.909589193302601684e-01	-8.316564106713433824e-02	1.260250339816485800e-02	1.044058227379109430e-02	-2.622167503893453877e-01	2.153770968904747674e-01	1.031410894823406449e-01	1.829683369915899860e-01	-1.680247484760064858e-01	-2.891001947190919297e-01	-8.581527577790321049e-02	-2.471665281348503496e-01	-3.908338687362865604e-01	1.659899718717232076e-01	2.831539042801010653e-01	1.595086921115722312e-01	-8.501435282036944041e-02	1.039697381724615372e-01	-2.089970688612837607e-02	-5.507589741369250946e-02	6.616392786252590918e-02	2.434714051168425097e-01	-4.749053633609172653e-01	-9.620338322287005006e-04	5.158985029669813094e-02	-1.102333067433871328e-01	-9.128508547812352880e-02	-9.502429049288549368e-02	1.074597421871315711e-01	4.311679142547990284e-02	1.584222483573631823e-01	-2.890592775790530589e-02	-1.648978180328730669e-01	-7.167108006709513313e-02	1.836517716522391985e-01	-5.882343129910194701e-02	-2.233962969312171601e-02	-2.467579213902928656e-02	1.239671498874473227e-01	-1.348869756350137838e-01	1.059615913064443221e-01	2.589808528837929669e-01	1.214456853110364998e-01	-5.347857143577511990e-03	8.667068563571020401e-02	1.768100155732740542e-01	-2.264895543291846058e-01	9.147970781792662265e-02	4.297193916168891292e-02	4.091373967713942544e-02	7.509458351364775575e-02	-8.920768948715314395e-02	-8.205301451246463373e-02	-1.931021380260005971e-01	8.487516325084227403e-03	1.985713296979904618e-01	1.988182548015242357e-01	2.919760678998480075e-02	-1.728718791394717458e-01	-1.774665753320506800e-01	-8.844694872955498333e-02	-2.146707409344223230e-02	1.782206554650233865e-01	-7.328285305297324581e-02	-1.770192470615214800e-02	4.829052162856434932e-02	-2.671699074765624959e-01	-8.300818110578862818e-02	-1.309759243403260942e-01	-1.034530774936490150e-01	9.972070071250603920e-03	-1.844939549801801748e-01	-7.265585891935446260e-04	8.797150193638199334e-02	1.147036528126113286e-01	7.525317383345964117e-02	1.588135122562993051e-01	3.139551326278370441e-02	-1.255693252589412147e-02	-1.503938626922574351e-01	4.460491766685324017e-02	1.430998612150106708e-01	1.349895564527698322e-01
-6.311679584134866072e-01	1.329618269542111486e+00	1.946768338820385358e+00	-1.397229736964081370e+00	-9.491566355748377593e-01	3.281644865174683234e-01	1.278826596990217279e+00	-8.513883796931256409e-01	-2.808957778230529168e-01	-3.696572742300658909e-01	-4.651341951835832877e-01	3.215452068015641207e-01	-3.654036172778220293e-02	2.867817415558423511e-01	9.617463382464943589e-01	-2.586513926468327340e-01	-6.258529683646386621e-01	-5.892463702643626622e-01	-3.621073417649695592e-01	1.583340067768508330e-01	9.236209864177033491e-02	-3.644538804084164196e-01	-3.436123283424062647e-02	2.405153842606461145e-01	4.216255075696912491e-01	-4.145018580898044390e-03	-8.808716851212842203e-01	-4.358367213268606322e-01	5.280827890629495869e-01	-1.054007981480248768e+00	8.384410939071744728e-01	2.071778938310256113e-01	3.625609810377736220e-01	1.392305364471382312e-01	7.097448318662631650e-02	-1.852991965599611393e-02	-9.866170325028546240e-02	-5.094539705015385112e-01	5.066849689421339120e-02	-2.031376928287635109e-01	3.075648154188733163e-01	-2.493708643561255989e-01	-1.939435340328967694e-01	-3.290696664419747730e-01	2.528398829728070174e-01	-3.417060818852871162e-01	-2.821085353737815549e-01	-6.623372735052920207e-04	-1.685464862036058220e-01	-4.702090276723838724e-02	-1.244504865798319176e-01	2.212353504516044733e-01	-2.781438548090971463e-01	3.053039368390815800e-01	-2.242111661646415399e-01	2.882894756053210883e-01	-2.415202202557964473e-01	-3.679712785887441218e-01	1.269176066866982769e-02	-6.205881766136559646e-02	7.883312180468053654e-02	-4.465022261651779845e-02	-4.847098869455527259e-01	-3.847721690223286917e-01	1.050421469797472723e-01	-5.129524685756916419e-02	5.601413518111600376e-02	4.139013303311383368e-02	-2.701105554266947095e-01	5.001704892449436446e-03	-3.646489781576940370e-01	3.499874781454330175e-01	1.792935170331355355e-01	-4.283041563912189376e-01	1.275219836023856745e-01	2.843441670308387986e-02	4.574913440700699163e-01	2.223265783194861012e-01	-6.523739904958916758e-02	-3.116622654923472124e-01	1.502815775935699982e-01	6.350990662495352435e-02	6.815192660124015644e-02	-1.375060027006246299e-01	-8.692021055158041798e-02	-1.269881114476598960e-01	-6.705854763421752185e-02	3.531975297033879135e-01	2.046510874267659652e-01	7.068266665974619334e-02	7.408622261896334604e-02	-9.525120553929843081e-02	4.319271589765570629e-02	7.506852993810325669e-02	9.619466924944533592e-02	4.387915747932560895e-02	-1.296829089821844305e-01	-3.097853282375385639e-02	-4.034596308618607075e-01	-1.371865888558002587e-02	-2.174934977698269878e-01	-1.499381849745251294e-01	4.629941627444755098e-02	3.547514482198602104e-01	-2.115653124231660076e-01	-2.782807335641917720e-02	2.869964891543837493e-01	-1.110179588000262535e-01	2.132038041370963311e-01	-1.405439165180796535e-01	-1.528172174785244752e-01	-3.070655732890297807e-01	-3.522550787552590768e-01	1.053677709876058854e-01	-1.817303820754824495e-01	-2.110992209072428197e-02	4.558749279249756786e-02	2.179349389634605838e-01	-1.222180580772536107e-01	-5.777543257961530176e-02	-2.860909717724030230e-02	-2.312750043132978106e-01	2.414488542281551312e-02	-4.506771705501025349e-01	8.999322156212898050e-02	-4.925319861045060477e-02	5.779726731857591678e-03	8.893445095825756874e-02
-7.266268929487623707e-01	-1.169817128394105454e+00	-1.813959982818679872e+00	-1.660767190601043497e+00	-2.723994668558996080e-01	-3.444071362756540022e-01	2.399532501948073437e-01	-1.044382165458653672e-01	8.227014927191491633e-01	-3.138105295763597702e-02	4.810773120914543233e-01	-3.704290821647515108e-01	-1.756167894676881683e-02	1.284202821474563633e-02	4.235558080504961964e-01	-1.606633862500838825e-02	-4.195862333871575034e-02	-3.498742075039263516e-02	2.920668395924112468e-02	-4.135571210645803131e-01	-5.950204718846273388e-02	-3.773251125287409025e-01	2.001338069578182111e-01	2.044374780104421252e-01	2.455688593217215943e-01	-2.209012098463914997e-01	7.801518338946392128e-02	1.772237602426586234e-01	4.813178888350088114e-01	3.447067230769061963e-01	1.014984073589061953e-01	5.764622002934314399e-02	1.846213794982106415e-01	-1.943387035862033096e-01	-1.200565041632253999e-01	7.404420155706160911e-02	-1.125812608825315642e-01	1.887383403384942926e-02	-1.176552452734684756e-01	1.754341388629232779e-01	-2.137234039427866605e-01	2.495967803168575375e-02	-1.677142464307933289e-02	-3.188398297957743821e-02	-1.636054606949521872e-01	-3.376307710575897347e-02	9.823648357425648903e-02	9.628845701513209787e-02	-2.679080649398364322e-01	8.617870718490577842e-02	-3.078385645291429121e-02	-1.695504344438264477e-01	6.615889149887448084e-02	3.319073376496727290e-01	-8.268955603267108545e-02	-4.325089722667108810e-02	-2.690301325428132162e-02	-3.446638489337705558e-02	-2.583499090539657650e-01	-7.478497714565593424e-02	1.133041383350135434e-01	-5.969887493191303185e-02	-1.032927898688817681e-01	-6.599700629973552501e-02	1.269492014119582013e-01	2.802478971261038523e-02	-2.132714974651467588e-01	9.267169957882256948e-02	1.549239270076157582e-01	5.398956295676640010e-02	-1.307523237445219477e-01	3.529564043118037509e-01	-2.754413773917405162e-02	8.789264681714677174e-02	2.734180476948050442e-01	6.458637540485946682e-02	1.380275557275348619e-01	-1.586162049468743951e-01	1.291189619181892512e-01	1.603949906859991337e-01	9.499984782465289990e-03	-3.424880792094011500e-02	-2.797286349895170346e-02	-3.707474079654513033e-02	2.934412451384238452e-01	1.049209737992575220e-01	3.557753233029787299e-01	-7.374617912860610691e-02	8.060952785061435699e-02	2.096191265373761048e-01	-7.042941863016807802e-02	-9.995504781165340247e-02	9.334139233446619652e-03	1.968970880962276349e-01	-9.306383146303975548e-03	-1.456565108289822018e-02	-6.207815632501600261e-02	-4.234586550969587915e-02	-2.255128240211178581e-01	-2.328811318129192509e-01	2.684999885937846067e-02	-1.964106972599823919e-01	-7.435834520987867624e-02	2.807144151381497574e-02	-1.130178533093817994e-01	-5.888226424256733788e-02	-7.307129807771903240e-02	1.680639404467361431e-01	-8.504409798413258004e-02	-5.815146873887767909e-02	1.110602885267489154e-01	8.657324309383938876e-02	4.850486826794201539e-02	9.977900440375161301e-03	-8.045579018211934663e-02	-1.130108211040169175e-01	9.667474520802654681e-02	-4.925979380358372350e-02	8.203317293590485504e-02	2.768252686999096435e-01	7.534884675225775319e-02	2.082203094255932405e-02	-9.166535980898397884e-02	-1.457089555777541512e-01	-1.058647097252670560e-02	-1.094743063403385286e-01	-3.497309886615869445e-02	-1.174191778186366997e-01
-2.125791834636285405e+00	1.275575539034631056e+00	2.467838424767360817e+00	-1.583855865928344375e+00	-1.578335135034632630e+00	5.759409886873124718e-01	3.252553809251982897e-01	-3.560597243157739844e-01	-4.428004098909926745e-02	-6.587723034664442201e-01	3.537021834572769419e-01	-3.153923403232119366e-02	-6.074085711495679218e-01	7.592224115078538560e-01	-1.471611103531070552e-01	5.510227830347389499e-01	-1.938390874932607588e-01	-2.023002873558539527e-01	-7.650776541754850113e-01	-2.356086384335429329e-01	-3.307038103645035809e-01	4.661586872869554199e-01	2.060423670096449555e-01	-1.934025176105772792e-01	-1.758977325742794307e-01	1.083168789973168178e-01	1.015301493975633851e-01	-1.614581227237156247e-01	6.198302522926967262e-01	8.034063695785968739e-02	5.332355190471763651e-01	-6.195321292406991837e-02	-2.918606179353943064e-01	-9.097937292537301712e-02	-2.925718991695545890e-02	-6.451570059367960075e-02	3.918485619010784182e-01	-3.058387332848101492e-01	3.690488544577033569e-02	-1.019290750731873113e-01	-1.156358623009123288e-01	1.190877025441858250e-01	-2.670112118255729694e-01	9.488767937999248447e-02	1.038954884004384543e-01	-4.629792487825187264e-01	-5.036208891418191280e-01	-3.627677946392763308e-01	-3.462690957915271484e-01	-6.521804858643125424e-01	4.035172146133682997e-02	9.630121115890900862e-02	3.307850716324258755e-01	-1.319752854850603785e-01	1.030496111807695514e-01	2.192658258981168284e-01	-3.501265586095716476e-01	-2.126636219131022160e-02	-1.491031025730808930e-02	-2.095446447938426604e-01	-1.410610924220319917e-01	4.045749786962612449e-01	2.851519760546846749e-01	4.409400746456780817e-01	6.096093537395035067e-02	-1.676981145415774865e-01	-3.876530342798495954e-01	-2.439026335250853439e-01	2.044317614708942576e-01	-7.726235982055658369e-02	-6.743863332260871535e-02	1.434162602416514387e-01	-1.311887832992220393e-01	-4.836383782250322505e-02	-8.612396685730558388e-02	3.645472063125831386e-01	2.323050919914495804e-01	-9.849659411200403780e-03	2.385780681284433713e-01	5.050190982006188545e-01	3.235545283575255726e-01	-3.436085286899010494e-01	-8.269120494245334185e-02	-2.269674534634545660e-01	3.520150188389830070e-01	-8.951074762758397252e-02	-7.634306386414177470e-02	2.507707320180885616e-02	1.804142713047079450e-04	-2.551932974616317323e-02	-2.284754325826313381e-01	-1.926719307219452448e-01	-1.866984686615540956e-01	-2.282798234534439419e-01	2.106004320682722530e-01	5.502663448984065897e-02	4.992008567454195300e-02	1.805158501101237004e-02	-1.834085806942699071e-01	-6.015520875308290327e-02	-1.348193086897262194e-01	2.056609902442685656e-01	6.325422005703883188e-02	7.779418639605195640e-02	-1.624542934710597741e-01	-9.928603793897851360e-02	-1.303257597530027012e-01	-6.442647792397693252e-02	8.882431852384513327e-02	-1.888739477337776085e-01	6.446875624149812911e-02	-5.743733208652037486e-02	-9.907997142591622175e-02	-8.405309005342333217e-02	9.801731377931566236e-02	1.840030021656151316e-01	7.188956585868777616e-02	1.992753540349319064e-01	3.955292682171786083e-03	2.025405521201665421e-02	8.829310091247344339e-02	-1.530178455741901776e-02	4.107097182208226810e-02	5.711464504300215600e-02	2.146974650338476509e-01	2.138175295412860499e-01	-1.898768378692085590e-01	2.744957755338978678e-01
2.587162345216776682e+00	-1.121407136533357995e+00	4.061779082545088904e-01	-8.261169711911310332e-01	5.799566206586785899e-01	-1.081095728208886220e+00	1.085573998596155221e+00	5.625929916963408051e-01	3.048919331681300138e-01	-4.921905071582237112e-01	1.295317230029164116e-02	8.094335394737033340e-01	1.251241049195878363e-01	-2.162461434732225185e-01	-1.300953639301544396e+00	6.627741762827140358e-03	2.453898659178176678e-01	1.705471535992948706e-02	-1.625111519098536642e-02	1.972386665495796942e-02	-6.212016765858779932e-01	3.775563638987619597e-01	-2.253763829114959483e-01	-1.570013402078798137e-01	2.458703927934530464e-01	3.272284433873525189e-01	7.731286591224695304e-02	-5.330408704840774309e-02	-4.193195588553356723e-01	1.076003137017619848e-01	3.576706344729069786e-01	1.608878130556856689e-01	5.693295370923682208e-01	-3.153172366804227744e-01	2.759840254524178471e-01	-9.192562183285914179e-02	2.001373154233422602e-01	1.195769900441473743e-01	-1.412382738272143501e-01	-4.835868473671742218e-01	2.573154197267266685e-01	9.542350339285721184e-02	-6.013591962326728657e-01	-3.589963694818369411e-01	1.887513658641898073e-01	-2.912788737049936197e-02	-2.055251457713168708e-02	3.894680331224737446e-01	-1.665845667394895424e-01	1.667959607799187061e-01	2.663894576824264032e-02	2.873551100195954888e-02	2.953305065162484255e-01	1.227009581182422898e-01	-1.475186120252088562e-01	2.378610748388898799e-01	-2.089499775935004244e-01	-1.340666974401286959e-01	-3.085020825480136453e-01	2.689958425048483148e-01	-1.228182146852723061e-01	-1.006478102689761928e-01	1.552423122746139639e-01	3.009078852550097216e-01	6.406541909909123714e-03	-7.999292075540136160e-02	-2.518772276008266475e-01	-6.633810388733121788e-02	1.352571844025340086e-01	6.436964658702484798e-02	3.724395445211256539e-02	9.580219766427606337e-03	-3.328341304514819549e-02	3.989045868236612558e-02	2.030455332069241170e-01	-1.418523765688699430e-02	6.022429142568247462e-02	-2.909057535220448965e-01	7.138773677791430960e-02	-7.715917868552774062e-02	7.655618127872645950e-02	-9.913585659757452595e-02	-1.361832938579543850e-01	-4.146653500744995613e-02	1.064739873181181663e-02	-2.887909605973897342e-01	6.360863851682510561e-02	8.852083872639998630e-02	-1.927156309391424294e-01	1.984438134443127499e-01	7.531570014441071881e-02	-1.168346964262312326e-01	7.200798084940235322e-02	-7.268562362136835042e-02	2.474311951457106862e-01	1.155023818754296883e-01	-3.607767050573394002e-02	-1.644278292614416714e-01	4.286503738025209537e-02	2.299674047904177177e-01	1.402719485072435601e-01	-1.251029196158638945e-01	-2.353510256390766719e-01	6.669821921718904756e-02	6.504836653596747509e-02	-1.835643690985993559e-01	1.992982954985676181e-01	-6.013086674232674851e-03	-1.544416857811751198e-01	4.921278738219368037e-02	-3.058137793655946179e-01	1.311675720498287068e-01	1.440501511982006932e-01	8.265181952084946215e-02	-1.275253105513577678e-01	9.744593397256974543e-02	-6.849306086693776607e-02	-9.741845542023087282e-04	2.765511065001866747e-02	-1.076568493868160746e-02	-9.943870771436216782e-02	-4.194385604184884542e-02	3.770542598232275167e-02	2.741969758371230054e-02	-5.243256869352752939e-03	-7.292870728504681488e-02	9.980043402156112131e-02	-1.567885381654637311e-01
1.201540817382152765e-01	-9.982580111327208350e-01	-2.197536388642942651e+00	-1.066908613040949083e+00	3.015940772173288931e-01	-3.287307199990826545e-01	-2.853564136383104355e-01	8.411513469278560917e-01	-2.702920489473549792e-01	-1.312445789267602525e-01	-3.810853127150505282e-01	-3.396667434860936030e-01	-5.968349293243209175e-01	1.036290014075103294e-01	-7.720223569449481682e-02	-1.123514325559455268e-01	6.587279945092117117e-01	1.357708492394153199e-01	-1.241977965281298169e-01	1.191544860983593385e-02	1.874120419747503652e-01	2.309473084668276222e-01	2.364077305648338567e-01	-3.117855920466208047e-02	6.494468948802488706e-01	-3.142010264755293880e-01	4.239444123752262317e-01	1.767440383419500993e-01	4.987350340964576134e-02	3.117556143263499821e-02	-5.378754747361608884e-02	2.508559035455802944e-01	-4.441462396750555652e-01	-1.955592918761469012e-01	-4.383564141862004993e-02	-1.440719418887721204e-01	-1.571954863835288985e-01	6.282679578940511544e-02	2.413291749774664485e-01	-4.855805182778498430e-02	9.033476759896477692e-02	8.694431724181105048e-02	-1.610479779234351427e-01	-1.731110174779429411e-01	-2.114015348709982478e-01	-1.404013818759743959e-01	2.139841564629250438e-03	2.418997139234946858e-01	1.194461074505369508e-01	1.945451595239052270e-02	2.619117479169932872e-02	2.259126640695593713e-01	2.096765356356491972e-01	6.333929383151816472e-02	-6.051922673477953818e-02	2.096455103691379773e-01	-7.288030301516258691e-02	-1.150626113193929101e-01	-7.129622771874422060e-02	9.838358778323161302e-02	1.832275045933891289e-02	1.553108337019993290e-01	9.346481220661846667e-02	-7.147687543533476698e-03	-4.271192715774661808e-02	6.914256014331862654e-02	1.516490309981073092e-01	1.573564152190585763e-01	1.864287061007468271e-01	-1.990758897209305711e-01	-2.970853788793943462e-01	1.218594715112534393e-01	-5.958479909582527906e-02	-8.867338654477534277e-02	-4.769836745476103285e-02	8.954605089606418322e-02	5.329773350239871976e-02	-2.612847115546252375e-01	-5.548377214005451030e-02	2.539432541974676605e-01	-7.175096714347853344e-02	-5.266495611903725810e-02	1.849779628515740848e-01	-4.667369050878438647e-02	-2.968192370012945336e-01	1.675501300189462250e-01	-2.996906466174458633e-02	1.234167486279830056e-01	1.128939125565416729e-01	3.997125068362529232e-01	-2.749303543887688869e-02	-2.453476334727114627e-01	-3.653469995809880549e-02	-1.713847573233498456e-01	7.395850978737711356e-02	-4.688554590054019172e-02	-1.479190531834252420e-01	-1.111366688406137948e-01	-1.016064574418746314e-01	-8.870138763492556311e-02	2.212447984764107645e-01	4.250040394500904234e-03	-1.267045689411133991e-01	7.588336967314221471e-02	9.970227268747047095e-04	-1.212905699424414591e-01	3.393614251905160972e-02	1.197196279048960560e-01	1.814181723070952268e-01	-1.535542917159575804e-01	-1.223953885991518331e-01	-4.391463560390578696e-02	-3.698975659729922261e-02	1.732399227192464308e-01	1.344717975098031759e-01	-4.052321851836060418e-02	-1.589948745861965995e-01	5.586152797205562459e-03	-3.784209031709657653e-03	-2.615134895323868378e-02	8.431825177502785817e-02	1.122018273156526608e-01	1.496722137923547358e-01	-2.163159325018676124e-02	-3.320481449532739632e-02	4.184810530064178580e-02	-7.949139569281357329e-03	2.613625135583240097e-02
-1.534206958579173552e+00	1.189886237604940833e+00	1.714570895194064970e-01	7.003405459177596271e-01	-2.185648539124858125e-01	8.962137849163099856e-01	7.621549068368944913e-02	-8.133497980248326487e-01	-3.825518165758050593e-01	-3.150002553507209591e-01	-1.261014959916886280e-01	7.621093934984839446e-01	-6.196118703416598761e-01	-9.435183509807173463e-01	-4.421541677637730317e-01	-6.341859569464629587e-01	-4.541217607460207306e-01	-3.180747095844717598e-01	-4.046305938833018589e-01	-1.134070332630834566e+00	3.916254579175856235e-04	3.021176709637815594e-01	7.013332671767133486e-02	-5.732759301534000596e-01	-7.447270937649977385e-03	-4.598419667165018487e-01	8.188460232509781056e-02	1.880905171729533032e-01	9.367244977338377854e-02	-5.083258335482567294e-03	-3.348531866439509175e-01	9.095052547502244233e-02	3.102362070413618444e-01	3.127595343274948148e-01	-2.996166217256663322e-01	1.627133948617414880e-02	9.833159769806568140e-02	4.783271833348769486e-01	-4.109895467018637727e-01	1.223320957765506312e-01	2.717544104035763408e-01	-1.424331915941914606e-01	3.422818949348331863e-01	-3.972558502229563970e-01	-6.025273429062565078e-02	4.596429500378378802e-02	1.312533771287271167e-01	9.927956846582002004e-02	5.421272482426940931e-01	1.491541967065464491e-01	-5.358954167756401410e-04	3.835456310910070887e-01	-1.077977406750011691e-01	2.235469806318379771e-01	-2.425078406529368180e-01	4.432605739780628301e-03	-1.675763204416884644e-01	1.012466173938488950e-01	2.002718388684963657e-01	-1.044329246024898045e-01	4.506220691290101221e-02	6.100940598554774330e-02	-5.337682736565987213e-02	-1.327192451427739728e-01	1.354403366951813792e-01	2.631353781458520835e-01	7.635329633124776638e-02	8.472180790213751367e-02	-1.802281179236591147e-01	5.706375922402975170e-02	-8.833694412579530530e-02	-4.664264477934212949e-02	-2.619991728956220026e-02	1.808847268562387839e-02	3.138235095041362333e-01	-1.953531167319067507e-01	-1.045482384861704944e-01	-8.367561262665702826e-02	-3.482328379373468841e-01	1.262695530850040104e-01	-1.386846033456848037e-01	2.645918529704929106e-02	-2.506195127542854562e-01	-1.505477923118674066e-01	3.468503975422336794e-01	-3.268134811419411492e-03	-5.132066086504141755e-03	-1.280344216849570692e-02	3.961459339244699507e-02	-2.906738715799840264e-02	8.787644255128861104e-02	-5.462422546985360849e-04	-6.740881011174829074e-02	-5.560213316341262868e-02	-5.127432061361110460e-02	-1.671902215501955280e-01	-1.366229879302617023e-01	-1.024269216772481089e-01	-9.483938528555427641e-03	-2.028092968102790661e-01	-1.244383699105125196e-01	3.763965242573988346e-02	-7.672773217073759755e-02	2.568352694864303731e-01	6.901487785208891557e-02	4.950155416534131325e-03	1.978048320342030986e-01	2.626446386855764148e-01	1.890578227500847863e-01	2.539849657914662329e-01	-2.118721286589388408e-01	-1.546667814538378941e-02	5.571878991872381698e-02	-3.426328725840805528e-02	7.247944191809498060e-02	-3.867084357907510372e-02	-2.724024376724035190e-01	-1.877963083223145035e-01	-1.084527438035998576e-01	-1.649565864142835681e-01	4.868097764403742089e-02	-1.956705163342166154e-01	1.096358319446585489e-01	-3.945277442141374019e-02	1.422254988736246228e-01	-4.292657405610778715e-02	1.216953883317820617e-01	-4.000894827859852176e-02
-1.038902505020229849e+00	-5.882716658753898153e-01	2.516458139359992074e+00	8.056358184697401392e-02	4.530849752862767810e-01	2.753643655748708174e-02	-1.289740319129260682e+00	-1.645365494543598928e+00	7.787113236391374205e-01	9.926331307132453263e-01	4.728108205708151934e-01	2.032989791094499954e-01	-7.446322232837166988e-01	-4.576328430499985167e-01	-1.010260426951778978e+00	-3.837844189559110331e-01	-7.333141395374344063e-01	9.961114288992964916e-01	1.580502117222467029e-01	1.547157210695273601e-02	3.134800848364926312e-02	-4.812936048804186129e-01	1.003902839351158982e-01	8.443888608358800507e-01	-1.265467547273424698e+00	1.194712548714376377e+00	1.300037724067815426e-01	3.154876497735296659e-01	3.424411790772117770e-01	8.411977897970667195e-01	-2.443959783060945246e-01	-6.918018076084075929e-02	-3.717606722359078630e-01	-4.289089432616177144e-01	-3.155919227838403507e-01	-6.092446425450896985e-01	-2.510244713134029970e-01	-6.133472424653514388e-01	1.806024749443904120e-01	-4.865660366406070469e-01	7.870577902662213576e-01	7.307783178604300156e-01	1.386721920273852882e-01	-3.158150459557325096e-01	-8.674474899734193611e-01	1.078736853421820463e+00	3.428473532814575037e-02	4.719578917331090917e-01	1.595749516983177296e-01	4.011015976598821253e-01	-6.096858918536051525e-02	-5.283196005875961943e-01	3.150678693718162587e-02	4.199643653132224541e-01	-3.477095165579420222e-01	1.042795053912615316e-01	6.219953166216063423e-01	-2.702985368058635207e-01	4.487406416857309677e-01	-3.639944523134661658e-01	4.580624797131829101e-02	1.207426232568902108e-01	1.314344500699164372e-04	3.132297435119262841e-01	-3.727327890873027294e-01	-1.770951779549050920e-01	2.626697226500689097e-02	-2.122266214241673721e-01	1.917252420658577816e-01	-1.662464127711343539e-02	-3.143677581878634997e-01	-6.944339482513865736e-02	8.455095001076166905e-02	-3.245054484802163963e-01	1.984242203815919925e-01	9.121637513697676558e-02	1.949960486049593378e-01	3.651571827228095035e-01	-5.049155092182123772e-01	1.733439526307462009e-01	1.388949319946082284e-01	3.022612109384245072e-01	3.851746304447812852e-01	-1.416835839072308201e-01	2.546441312229608123e-02	6.781039027247540152e-02	-4.409729595383174994e-01	2.643191656520569102e-02	-3.157551232951427700e-01	2.551234103259876762e-01	-1.595397206381202748e-01	5.468322806616075782e-02	-2.202067135170264478e-02	-4.638442351590695012e-02	-1.035874924197382474e-01	-1.366037936925836895e-03	9.057068464720620382e-02	3.935410674819406207e-02	-2.136076462319365099e-01	1.402914372974833623e-01	1.431824451102263751e-01	1.342735675435497988e-01	2.097142603896259561e-01	1.547441087579790875e-01	1.677613454293838680e-01	1.566352255823433848e-01	3.187582786522469291e-02	-1.935558411536621726e-01	3.379713509147767858e-02	3.250402258192714583e-02	-2.578702209445846161e-01	2.707564016093666134e-02	-2.258480627393906134e-03	7.789398664562369179e-02	-2.876129280492212836e-01	-1.222193118878942136e-01	-1.555384858585013574e-01	-3.462244124167172116e-02	-5.050459759469867055e-02	9.454428935394458555e-02	3.018004409664140075e-01	-1.051818341936070975e-02	-6.750642739998817705e-03	1.292143451227586726e-01	1.141468922741413067e-01	1.118151331935443027e-01	1.120190418928327519e-01	-1.170469063426730488e-01
-1.232542351306295109e-01	7.819790276421453301e-01	-2.050787424563571548e+00	2.136984470397659930e+00	4.501111729048743459e-01	1.211083149065595110e+00	-3.395493841508284150e-01	-1.323993262406009785e+00	3.882402622203014464e-01	-7.567973766948373759e-01	-1.605408894788542540e+00	8.879629298549090999e-02	1.376274514242760150e+00	-2.668992001161383798e-01	-6.623741022190533512e-01	-5.957479019644449508e-02	9.066277508653624029e-01	2.276916170984907006e-01	-3.659893967603260467e-01	-7.621464708592903259e-01	-3.573323880492309534e-01	-1.613155042490541924e-01	1.764088014508612412e-01	-7.105324334575749967e-01	-4.519053915635486973e-01	1.734279216768490773e-03	-3.484028957468564003e-01	-4.368703782739448704e-01	1.034624745086557343e-02	5.914431403858766423e-02	-6.598913475755442681e-02	4.925596931946664703e-01	-7.890320179682835944e-02	-7.039321959173157062e-01	-1.837213582386600652e-01	1.237420193604897405e-02	2.847565368964225657e-02	-1.822073370925496316e-01	1.037415844387592628e-01	-6.330659102109982561e-02	-2.190891107359370094e-01	-1.474798132630162351e-01	4.783581024406434734e-01	-6.652577454352644193e-02	-3.572943519327375500e-02	-4.496245534817760459e-01	-1.561945105474358275e-01	-1.602431915408822002e-02	1.644951535544557086e-01	2.819203226871792173e-02	7.003174376125979352e-03	-2.949280163903427732e-01	4.915057049407217660e-01	3.212326495026226331e-02	3.937544785410346943e-02	-6.907251820630508909e-01	-2.652471878755645607e-01	-3.611248920368810844e-01	-2.456982679369151268e-01	-3.395509044889520878e-01	-1.367250276345406412e-01	-1.154459895744994052e-01	4.916633781728695085e-02	-2.803710769092264687e-01	4.137324460924053648e-02	-1.882036249660878902e-01	-4.216686625344906458e-02	-2.805099474234132306e-01	1.088269289573067511e-01	-3.996046497747162696e-01	-1.546805939059872070e-01	-3.883242529999674647e-02	4.386133683546344919e-02	2.274985168707600036e-01	3.691861658950820052e-02	1.037005387478937002e-01	1.820617430674224269e-01	-1.344415004165356586e-01	2.175385885059406277e-01	-1.676573808982100566e-01	1.883244358956088771e-01	5.097738995131514961e-02	-1.859790442518064607e-02	-1.079991216046348457e-01	-3.752263631842003150e-02	1.963194739475628836e-01	1.256344929896678619e-01	1.429307589921102184e-01	1.423540142536338093e-01	2.834019222186975884e-01	1.328280972963273299e-01	1.951876076468697652e-01	-1.166691469940631248e-01	-1.051830788880752515e-01	-1.783338543749774310e-02	-4.502364966371215360e-02	3.168647218096509038e-02	-2.183333942718395926e-01	1.569719546332517396e-02	5.781973775616259387e-02	2.831523918348850463e-02	3.874311121452500006e-01	1.509354937946038588e-01	-1.526232320794931874e-01	1.650039409430530471e-02	1.747722537777552654e-01	5.750482595656144363e-02	-4.497797872420502552e-01	1.897298014498430968e-02	-8.740728651486252831e-02	-2.591554412755835979e-01	4.326084234187838745e-02	5.086496863836196397e-03	2.025983819506284866e-01	-4.118272877117132996e-02	-3.693995754794511532e-02	-1.489085525857564152e-01	-7.491538692705551616e-02	3.354336439547903059e-02	1.340012766884832174e-01	-1.721735416415838826e-01	-1.065861153595155514e-01	-1.306574001483943974e-02	8.906047544119664872e-02	-9.060530547616230113e-02	-1.214805869285841972e-01	5.177358301490801729e-02	1.308357111219909108e-01
-2.881267894475083580e-01	1.302328297678635449e+00	-1.390453181281839257e+00	-1.116312601258619974e+00	3.982557371769623322e-01	1.311903359712890182e+00	8.740159806532709075e-01	-5.519720344871450468e-01	-6.794483915326083867e-01	-2.814251676161543259e-01	-1.247445206411991470e-02	-4.220426556148836883e-01	2.673232419433497764e-01	-3.588939556679615617e-01	1.453911229757080870e+00	2.684002960271657523e-01	-1.247123642223482376e+00	-8.644801887549535824e-02	3.329564346104198491e-01	1.142084410093489044e+00	-5.048266071312196290e-01	-3.631393747645104142e-01	3.610148246306648101e-01	2.689757060142593525e-01	6.615868124556127938e-01	-3.518957985015058187e-01	-3.153782601536229691e-01	-8.818047594093933461e-02	-4.817069197902958400e-01	-7.487729123395313602e-01	1.914213777279531459e-01	2.309781016874968840e-01	-1.144735827176915355e-01	-3.151687692417969866e-01	2.763006278698326157e-01	3.591924077202635068e-02	-6.941354272928009772e-01	-2.914675122898068849e-01	-3.587389865556960267e-01	-3.894156737447865280e-01	4.779303929606518175e-01	5.252636330248862118e-01	-4.576140334574470558e-01	3.689515077976169288e-01	-4.863764486944545107e-01	5.454805566491967017e-01	-3.242705835492424304e-01	1.119747620102311408e-01	-4.534096808975852655e-01	1.580339450545904106e-02	5.790707242498063234e-01	2.786954435097262484e-01	7.875335949286056403e-01	-3.335894289357352882e-01	2.987199761526397324e-01	1.425654301952220850e-02	-1.274102715755178750e-01	-2.518975730674436475e-01	4.117484995758795285e-02	-4.851439908235449794e-01	3.602225673297257957e-01	-2.880303351775626575e-01	1.349010045243255462e-02	-2.806163302438058338e-01	1.573908493747199766e-01	2.654034595553117146e-02	-5.962331346733168447e-01	3.074905846599292891e-01	3.092234263560123542e-01	6.182945333944964150e-02	-1.623564064263783302e-01	-1.658167794895939670e-02	4.256783048861050300e-01	8.038402075421612059e-02	2.604763796627339034e-01	4.080606179986572268e-01	2.903991552874781723e-01	1.627475927237137243e-01	1.641477256161162079e-01	-8.286602732853400044e-02	6.816650885323463638e-02	-8.828871018233842849e-02	-8.410190408250936556e-02	-1.045185589012141841e-01	-6.396253591397720040e-02	-1.554011986014105021e-02	-1.800284043171644366e-01	-1.999798727576868884e-01	-2.059593525816406090e-01	-6.801952757879028977e-02	-4.191087999403490111e-02	-2.913885681885764953e-02	-1.750806731105112868e-01	-2.376569518682375703e-01	-1.739003282322456045e-01	-1.786315575792271348e-01	-2.362352058362969520e-01	6.854931991688355264e-02	8.703951155706111942e-02	-2.624420923603751898e-01	5.012355017814168479e-02	-1.788587058773389582e-01	7.904478755428255565e-02	-2.789944627143794986e-01	-7.804177198794343129e-02	-4.174641916931631225e-01	1.321237453231035308e-01	-7.844442616304146687e-02	1.961120890641254721e-01	-1.073096592860842968e-01	-6.333786015884333709e-02	1.108383419784726293e-01	7.940994123555819920e-03	3.455242519426446335e-02	-2.272213064863718573e-02	1.583689886485228349e-01	-2.329515758984719298e-01	-5.698527172713246242e-02	-1.627201341472787194e-02	-2.551299724684974110e-02	4.983780580306052671e-02	1.913488369393913369e-01	-2.006133759198750477e-01	1.312682995745033387e-01	1.400907036315920118e-01	-1.685734835564147160e-01	1.712912943484548242e-02	-1.219078881901165118e-01
-7.681662247413987288e-01	1.826210179873968831e-01	-8.556374970621272169e-02	-2.029660663855449076e+00	-1.763554088398644915e+00	9.666055276910657801e-01	4.094092369050250646e-01	-1.510916908681833259e+00	-4.063311125158305948e-02	-4.765204837286394213e-01	-4.905580212992721734e-01	-5.540030728281947203e-01	-1.047913346525637168e+00	1.680708331330596494e-01	3.818295827315090207e-01	5.871872849243685577e-01	-2.381434528515898388e-02	1.147603299377083497e+00	1.004902674318215228e+00	9.745078949167402804e-01	-1.429940320832077949e-01	-1.102875420529028094e+00	-2.140239079342641237e-01	-2.558091708930549379e-01	4.323290112165245058e-01	-3.748508058401653353e-01	-2.718102001846379734e-01	-8.102651966037276443e-01	-2.796684172986536598e-01	2.133094222772360105e-01	-3.461839012509695945e-01	-3.022498801081764386e-01	3.916330193258043546e-01	-6.608207175189924065e-01	-3.130906782938799870e-01	1.017523652686673774e+00	-2.906055245645282337e-02	4.875935686475634245e-01	-5.645061866487948582e-02	-3.766858008112417000e-02	-2.048349951162910521e-01	4.830309190088293292e-01	1.455606191067134181e-01	1.318113371801377942e-01	-4.136391586612730292e-02	-4.335918829920363260e-01	-7.358198513814586672e-01	-6.216179207790261119e-01	2.941515822538729938e-02	4.461934311740978765e-01	-3.119666840757628345e-01	2.703051445174085576e-01	-6.007626107338791543e-01	1.006884284961914872e-01	-6.547896545448610439e-01	-6.131137794510855832e-01	1.487256467843250385e-01	7.933281244281613354e-02	-1.504112789290474872e-01	-1.561814805385487726e-01	-1.433083723835929801e-01	1.716918693986280997e-01	2.345660225124609199e-01	1.807292835399966768e-01	-2.544774268349020430e-01	-7.160872569715817648e-02	1.963484708619430141e-01	5.737776627657474593e-02	6.200805493655330708e-02	-9.718999671690241315e-02	-5.082504946805805474e-02	-4.820033915234482880e-01	2.249630673087622545e-01	-3.198003088815070671e-01	1.276424223430465965e-01	-1.758196619281865436e-02	-3.320753656295910572e-01	-5.225878395095771844e-03	-3.714664790859819460e-02	1.948091697442021486e-01	-3.766363891552588772e-01	1.379721712712955461e-01	-4.071254311726336672e-01	3.460003530076581346e-01	8.525218936753785337e-02	-6.016138607611376532e-01	-1.015209132732038388e-01	1.951450557837476618e-01	-8.314468041235882623e-02	1.783875994087367189e-01	1.870938066428728952e-01	-2.134893440197055126e-01	-2.363471345898910531e-02	-2.928944510577634053e-01	1.009908286105732911e-01	6.193302905362284977e-02	-2.291494681403813960e-01	-6.384168924362243480e-02	1.489019918148856425e-01	3.360489247853543776e-02	-2.119056423401584621e-01	-9.749155514845274373e-02	4.741030738576669790e-01	-9.143599851741478213e-02	1.391321844566149601e-01	2.551708501393091244e-01	2.458902025180847439e-01	1.058608632252222848e-01	1.410718747452943123e-01	-1.720074546219099998e-01	-9.128671264174686995e-03	6.031047449971500829e-02	1.427578514721829228e-01	1.548462833591638110e-01	3.752455643996148969e-03	-1.201618018616451150e-01	2.991038313467750953e-01	-2.896825076396146170e-01	-7.747057024395002933e-02	-1.790950585996985700e-01	-4.301353357049707282e-02	1.690014619769180382e-01	-1.719055309666564779e-01	-6.819719317060148056e-02	-1.324476111134731959e-01	1.597473198265076527e-02	-3.161135243942820444e-02	4.399066429555285873e-02
-2.112334933271316384e+00	1.207769453112005120e+00	8.402267212496540294e-01	-6.402453067616459270e-01	8.593534107218492313e-01	1.012520004379259264e+00	-1.260571834798265733e+00	9.694898891458598733e-01	6.988516249074063769e-01	5.724541650932444270e-01	7.221637951259674004e-01	-1.282292709991668944e-01	1.222482681637207413e+00	-1.271118937446602093e+00	5.098962533796306262e-01	1.528259173909091162e-01	-3.928114278127456949e-01	-1.344113026571535086e-01	-2.038971291710259814e-01	-4.122627426905812187e-01	2.062076375720339472e-01	8.725007334090266464e-02	-2.328240391697625755e-01	-1.396469833170566333e-01	2.033566863513174838e-01	-6.686859995775129573e-01	-3.705618571552156126e-01	3.701197221549180627e-01	1.315606790197568210e-01	-2.475321552277279236e-01	1.090715290540334587e-02	1.859128857991498296e-01	1.557442820420017748e-01	7.990845441250307712e-02	-2.700086231836578698e-01	2.502083359200156232e-01	1.150713209868977210e-01	-1.520066619239837102e-01	-2.378065010401233248e-01	-3.953549177465813247e-01	9.075666358708946169e-02	2.357366289457329400e-01	-2.553570042759349956e-01	3.398299320452780603e-01	1.981180875864178570e-01	-2.180398966966667906e-01	1.071446975822094860e-01	7.841592466141568130e-01	2.452939666225568624e-02	-1.414749603339859607e-01	-8.268014706464708874e-02	2.107931254361053441e-01	-1.229162537975030806e-01	-2.036120857274623386e-01	-1.644821652240935073e-01	-3.547448950874953488e-01	-2.981206052645591353e-01	-2.385306115548649075e-01	-2.495062943497411700e-01	1.357568992820532006e-01	-6.399020500037390369e-02	1.705150813365519102e-01	8.177466261941356007e-02	-1.071532796701316487e-01	-1.243315047704322968e-01	-1.390886476855791587e-01	4.599502312732790532e-01	1.311456116542513827e-03	1.641328212481948934e-01	-1.812705842802658784e-01	-1.219293576673175644e-01	-2.019176776602301937e-01	-1.754771377520295550e-01	2.027796294617391706e-02	7.006575953131438661e-02	8.055511194452788515e-02	-3.255701361752942891e-01	-1.306831328554910188e-01	5.207959205580016404e-02	-1.588769951556967264e-01	-1.351979677730445195e-01	-1.509407115160430746e-01	-6.498944019989277843e-02	1.138473903768790346e-01	-1.038560809765362997e-01	6.484760150508492305e-02	-1.382114404952939912e-01	1.404304913066297400e-01	-7.504021863885924903e-02	-2.428468461397677858e-01	2.213126585288849313e-01	-1.929920974918274967e-01	-1.176541407926856853e-01	-7.296427164208559371e-03	-7.724574592056493438e-02	-4.848931583187491429e-02	-9.157981242812890388e-02	4.719951016688055390e-01	-1.044447819330518445e-01	-9.995109104362952246e-02	1.526335734661559140e-01	3.648666976229917314e-01	8.576586370134509085e-02	1.075956067994579546e-01	2.076859122832977189e-01	8.214309752453836933e-02	-7.818320077408119628e-02	2.614477522080440042e-01	-5.436989610118678901e-02	-2.400971314733914286e-02	1.790329642965048790e-02	3.173085342997827296e-01	1.891892639736049778e-02	1.357310708275754341e-01	1.104158132352046628e-01	-9.943535503316972002e-02	-1.265682326438913041e-01	-1.369322876680505348e-02	1.010709203998362005e-01	2.285938429614326750e-01	1.139250210554871579e-01	-1.988432800343261919e-01	-8.446033381343284741e-02	1.555799399318889137e-02	1.450244378438758086e-01	-5.014079320999515615e-02	-1.503672051049340097e-01	-1.245768590260808023e-01
-1.101482979815432195e+00	-5.294324208682353872e-01	3.285775094324837609e-01	-1.184621500648822545e+00	1.792480222567700121e+00	-1.506539079802403369e-01	-1.575143793669713910e+00	4.384792164997705077e-01	-6.546340094325520109e-01	-6.397549887555259440e-02	-2.757549754473913040e-01	-4.155356456144682076e-01	-4.174017807749786924e-01	-6.989635231504056634e-01	5.631797591173629547e-01	1.339084204422070490e-01	1.098155626943217167e-01	-1.659431694185937167e-01	-5.589027766013138221e-01	-5.561075819619211158e-01	3.598519252672792712e-01	2.001377501485376020e-01	-2.592755563875634994e-01	2.055466679782435024e-01	3.182204143696925475e-02	-4.779365058984322845e-01	-4.076335593070735674e-01	-4.734378799027918472e-01	-6.199844835846174407e-01	3.237183827096468125e-01	-9.789439057679991119e-02	6.674861290784116497e-01	-1.367821859041405408e-01	-2.768413168698750232e-02	-3.496255374531651583e-01	5.229609436220813978e-02	-2.781590604706471459e-01	-1.530968238036226337e-01	-2.377176467823649830e-01	-4.056442821885510863e-01	-1.649963130461757355e-01	1.555446239470949510e-01	-1.266381569930697115e-01	1.587935504489111985e-02	3.250810855771100322e-02	2.731639154965224692e-01	3.734184611828859912e-02	4.677270030608090545e-01	8.788801860282023648e-02	-3.033931470239967579e-02	7.355677354545726854e-02	1.497744415645151372e-01	-1.231926709418546401e-01	-2.905502041421085258e-01	1.595883997084933115e-01	1.281097492853168311e-02	1.061460870908847581e-01	-3.544251027116941399e-01	1.619998686748411465e-01	-6.270730941481202081e-02	1.331745582018549756e-01	2.617912994187699405e-01	-1.492647888613992113e-01	-1.933814443571127417e-01	2.163861271868810221e-01	-6.690838967785237568e-01	2.068199286583559393e-01	2.302386220180374816e-03	-1.529794235416587211e-01	-1.146847206411751169e-01	1.670530919881555443e-01	-2.430186023644862262e-02	3.718900833312348553e-01	1.948316637905171400e-01	-5.767449519725337953e-02	-1.476520775274886288e-01	2.620618505428118916e-01	-2.011372833209335020e-01	2.047289292229234267e-02	1.910056597772537557e-01	9.636298507239549060e-02	-1.719358780758729333e-01	-6.761232310712310400e-02	2.663621480786129148e-01	-2.296088408651731638e-01	3.358279332743324685e-02	-1.575835497517016903e-01	9.502590633676977205e-03	-6.640644118716799993e-02	1.046733718299472371e-01	-3.291562767592126626e-02	-1.769835110375085341e-01	2.196149971612674223e-01	1.147738941640889243e-01	6.740427596567466484e-02	-7.521826795098235201e-03	-2.895720294322901567e-01	-2.455485520744326577e-01	8.712901680347551192e-02	2.313444368303535503e-01	-7.957674223207360231e-02	-2.857247664856808061e-02	-2.072456248793416445e-01	-2.450692715909382202e-01	-5.112873060893718263e-02	7.474359030956360950e-02	1.192277461183294252e-01	-7.725879280878850119e-02	-3.706257246464566002e-01	4.512196864895028775e-02	-4.915039071828753575e-02	-1.430559624852229938e-03	-9.802752878698506311e-02	-9.349689814970543744e-02	-2.629331482886174132e-03	-2.264772313014288413e-02	1.607752039039798408e-01	5.963348242135640964e-02	2.048790860987663789e-02	-9.162816963368160261e-02	-1.967694990240700381e-01	-7.022028197016719209e-02	-5.127704617555701311e-02	-1.479406671940777518e-01	-7.252478621311202189e-02	1.337924337192373803e-01	-1.388683295785532179e-01	-7.444267483110725281e-02
-1.929182895795055197e+00	7.173753254316442840e-01	5.476225398721288329e-01	-1.592457038188032151e-02	7.874700998984565103e-01	7.685751311515381934e-01	-2.227358571903964357e+00	1.129498262784989882e+00	3.713004162903167371e-01	4.172347913703145506e-01	9.143740017122012897e-01	9.563900053052605543e-02	3.897367206966649289e-01	-9.599468747651159761e-01	4.248698172749647006e-01	2.262063748947876207e-01	2.318261324949873470e-01	1.822284346809633082e-01	-3.159179336340533495e-01	-8.242189368063067567e-01	-4.339572536078488696e-01	-1.572320693554986604e-01	-4.205180867879809159e-01	9.262729270240797896e-02	1.354865052658924818e-01	-7.021236898849774200e-01	-7.380124942907615448e-01	-2.871380624637007717e-01	-6.231650573965551443e-01	6.816776336765851818e-01	2.264221062589584499e-01	2.934239936620614553e-01	1.432465380470092642e-01	1.975259477822821075e-01	-3.985310208589921133e-01	3.395473443455053753e-01	1.508770693123939743e-01	-6.310280025939231097e-01	-4.225076872242407577e-01	-3.014330868320386769e-01	-1.425379915776693318e-01	1.662791242107038714e-01	-2.573054596355772716e-01	3.802838673046183837e-01	1.417448590159905708e-01	1.602352452126646343e-01	-2.709947887353775231e-01	7.671127352297359980e-01	-1.863350099379593866e-02	-2.949112420035871485e-01	1.822177009086313471e-02	8.032645009365005015e-03	-2.392363236418340589e-01	-1.274303238609692801e-01	-8.902169004883891956e-02	-3.894284628014647587e-01	4.647584546898637231e-02	-2.736507763915411728e-01	7.774804259598559406e-03	-3.863949343231035116e-02	2.111046069898339095e-01	1.679556795249609324e-01	-3.166559795147306233e-01	2.681398489979582855e-01	2.532853530810975085e-01	-2.280036497412218088e-01	1.350744048029566546e-01	-3.519230463875262782e-03	5.642467428289799081e-02	1.851178623734900663e-01	-7.707683940360783581e-02	-1.209017395972936115e-01	-1.852579721514283906e-01	2.132797465556003080e-01	3.551804830524728229e-02	-2.707562795749660078e-02	-2.279056151669082431e-01	9.989352633661982561e-02	2.491612854012192069e-01	1.541960204240056254e-01	-3.923398804880891266e-02	-7.733155895845884864e-02	-1.024302001249422639e-01	1.693723550417711721e-01	-1.780839739298603897e-01	3.272671443773583211e-01	3.526187679708821243e-02	1.321930226801804609e-01	-3.459563075308821900e-02	-4.925320953656882154e-03	-3.000599863892420421e-02	-1.333617877876620318e-02	2.411804564829948816e-01	-1.140138767081275567e-01	-1.800812859788209278e-02	5.160826731311846105e-02	-2.259837277738461492e-01	1.881080031359103899e-01	6.251255471294207833e-02	1.432035971224200621e-01	-1.571920046942321819e-02	-1.035839642299067054e-01	-5.163730883020679202e-02	6.887761398788279366e-02	1.128302538761920409e-01	-3.992721300847869477e-03	8.772435399057719463e-02	-1.441581091043225848e-01	5.185929581038292713e-02	-1.506788166427228959e-01	-9.329134764573450422e-02	8.413896629202143040e-02	-1.239578327050787215e-01	8.053413505105026099e-03	1.263251646603544553e-01	1.634193302341838405e-01	7.483734918210946385e-02	5.812492732127695627e-02	-2.993852518342931743e-02	-9.430091352057475007e-02	2.244087927845311581e-01	1.680803731794114630e-01	-8.514224211782860097e-02	-1.324847757644402081e-02	1.547906634496638845e-01	-2.229955951156701865e-01	-7.069949635477730532e-02	3.718780269171178404e-02
-3.458073617421959511e-01	7.288737666790898184e-02	9.503892486133488360e-01	6.836605956744354895e-01	-1.974692809774190927e+00	-1.378539538268594100e+00	-9.638975262295595980e-01	-8.184113416802617502e-01	-7.705669351095860709e-01	7.552920181078572569e-03	-5.280203109120372718e-01	-5.471093614149785678e-01	-3.642385901219468147e-01	2.569612807229484375e-01	-6.342008503859838386e-01	-6.163055172889561062e-01	1.625329324068740255e-01	-3.286297280252465369e-01	2.774291986821710368e-02	5.596148994818866962e-01	1.057353236152952375e-01	-5.986755654979850627e-01	-2.555861170489923673e-01	4.479560655547191739e-01	-5.139100121232723778e-02	-3.566640570815746147e-01	-3.361360899144076597e-02	2.462878748567651488e-01	-2.014158264227068340e-01	4.939206264683630443e-01	-2.087580294819971483e-01	6.728693346406775522e-01	5.273855287339838244e-02	-7.822930368809660751e-02	-4.744195199058112156e-01	3.341107089636503186e-02	-9.604927703423628282e-02	8.749713766797664882e-02	-3.916255267864058864e-01	-2.668255255865265626e-03	-1.054035507041592157e-01	-1.159778871744993334e-01	1.900052275184421768e-01	7.452792808213817843e-02	-2.300627503587623635e-01	-2.169250776951874571e-01	-1.485624818972958172e-01	1.204553731428598951e-01	-7.961689319798303383e-03	-6.914900285210036357e-02	-2.776977147920631772e-01	-1.407211224067865529e-02	1.415047447218710230e-01	-3.482681405702778843e-01	-4.507519519751951309e-02	-4.913345248700054513e-02	-1.018944848642215628e-02	9.892168696962938546e-02	4.191315103505320605e-02	-1.713351738256543300e-01	1.754253087915054743e-01	-6.807979264267563502e-02	-2.220990402505704231e-01	1.131344679302177386e-01	-1.738523823694943793e-01	2.104256126195538923e-01	-5.861185376953648163e-02	4.518980052760617760e-01	-2.914487398123935882e-02	6.767686957485335997e-02	-2.658101112867364280e-01	-1.962124697021557229e-01	1.543335923713529401e-01	-1.007750810488696955e-02	-2.720642883029846804e-01	1.213987917898811941e-01	2.202814055281008543e-01	-1.126532538153717372e-01	-9.331672403691107509e-02	2.393028171947677307e-01	1.167418984689262834e-01	-3.470784530417896918e-01	6.816666544544888739e-02	-2.679753709693778463e-01	-2.017250277889718890e-01	-2.326295339658656855e-02	-1.957121588903878440e-01	1.966958546318652370e-02	4.144302611845070428e-01	9.246541949875515098e-04	1.039646443038054341e-01	2.072251476798979072e-02	1.770597346357110635e-01	-1.903545416620205100e-01	-1.347214404143470649e-03	-1.237664156116130565e-01	1.423654473042513906e-02	5.467988621889165179e-02	-1.921063697685870819e-01	6.525067812439108716e-02	-2.276124056942926532e-03	4.000004166215192364e-02	3.718433023454167929e-02	1.870422867163711866e-01	1.407741966496791064e-01	-1.323296244484106210e-01	3.566628433862258779e-02	-3.765857110589623108e-02	2.287546173482693859e-02	-1.180700211669835804e-02	5.767396871267629899e-02	-9.472833345963563301e-03	-1.123316767656078741e-01	7.963846507729636448e-04	-1.628466233016924725e-01	1.403724026001336167e-01	4.326178454869435835e-02	-6.710719796094666290e-02	1.940462893529303285e-03	7.057268218291336270e-02	-8.506870248810279034e-02	-3.141586626290675949e-02	2.574414585636659591e-01	1.858750980576330536e-02	9.463166015613481974e-02	4.445111547397193053e-02	-3.014938273127965116e-03	3.049580239203578819e-02
-5.916104706100654420e-01	7.033462109924517279e-03	5.007270975334764396e-01	9.017207621451699406e-01	-2.009296786140620572e+00	-6.878450053163617239e-01	-1.452354240483192394e+00	-2.578654781218882031e-01	-2.220350575681493410e-01	4.193295617928763375e-01	-6.211877205959387416e-01	-3.682564992209560462e-01	-2.021719923720221301e-01	-2.101686750348947530e-01	-8.873725195367977436e-01	-4.687904561133627857e-01	-2.703913420892420927e-01	-1.185083615979907051e-01	3.296898497173437192e-01	5.706912977641176443e-01	3.447434249009314611e-01	-3.396242552228937450e-01	-2.062001191392063004e-01	3.876240344554320871e-01	-7.035109685266674462e-02	-3.154562096966812001e-01	4.013063095866961638e-01	1.653478777064439631e-01	-2.792018547301767795e-01	5.269234975386601905e-01	-2.738073368774626704e-01	4.334172767707529794e-01	7.735693513738228257e-03	1.936325465779075439e-01	-1.821427075155169495e-01	1.144747651550058476e-02	-2.019759680346462638e-01	7.814014184474324387e-02	-3.412765507284180044e-01	-2.108334673031192763e-01	-3.422182338747772889e-01	-4.780616149478643107e-01	-8.072955276036916650e-02	-3.570260062094676168e-01	5.588279715913223485e-03	-8.804743107850808437e-02	1.021402908468386495e-01	-7.178780050197754170e-02	-3.311521762970866950e-02	-3.057579785523092397e-01	-7.570493075333582789e-02	4.439413648092464804e-02	-3.959951060230830489e-02	1.784998885525820311e-01	2.194447486871846098e-01	-1.438697131465179468e-01	-2.504355906199955406e-01	-3.163366156559542230e-01	-2.276922032406439034e-01	1.272593391997433598e-01	9.364930461342288459e-02	1.293535665397092284e-02	-1.963690382058979889e-01	2.890173544593017674e-01	-1.662442480544826240e-01	4.741195860093235792e-01	-2.720990141022429087e-01	7.917975990325872016e-02	6.473315342391011695e-02	-3.183041817808697216e-01	-7.688449426133468767e-02	3.014266036972777438e-02	3.108289774075880252e-01	2.812366225648149642e-01	-8.603442734478099208e-02	1.694351692906401197e-01	1.921185668366414689e-01	1.091339321984678874e-02	8.984197031209249784e-02	-4.942937697169563077e-02	-9.962884336046889944e-02	-2.477434080259757199e-01	-1.724070086788395406e-01	-5.843902055635350618e-02	-2.703482394185569571e-01	2.391524532546680792e-01	-1.769248037912743987e-01	-1.585413088762406553e-01	-1.931354679858061224e-02	-2.909208491630304455e-02	1.511291042526327622e-01	1.221417793253797984e-01	1.714009793171598905e-01	1.348714595847684550e-01	7.236666730988745855e-02	-9.287251089592402087e-02	2.749488018773728684e-02	5.885871393605084101e-02	-9.724739494740602952e-02	1.163290858462017047e-01	8.613420083228977286e-02	1.417397544523717468e-01	5.694435276866653683e-02	3.125573886371551396e-02	1.142642056603968281e-01	-1.086614072973905443e-01	4.156216100392114143e-02	-8.786967843600118622e-02	4.746509430642446153e-02	1.315443155909334916e-01	1.167605315267211535e-01	-2.903769299398481149e-02	-8.615074862913034426e-02	-5.687402858618080537e-02	-1.674928334660820139e-01	2.249923629893846311e-01	1.266843162088379104e-01	-4.059340002908548573e-02	1.590777392268153401e-01	-1.273114700726899473e-01	-8.801378617724404940e-02	-4.315064875232475089e-02	-9.350843334398921056e-03	-3.515064379198550720e-02	-2.549664311713093628e-02	1.029135533176718000e-02	-1.499980651892382777e-01	-8.577072745645455965e-02
-1.356696534211523808e+00	7.487282299832773713e-01	9.423126073462580188e-02	8.361212770507594483e-01	1.505384554117495277e+00	-9.529062118739137777e-01	2.069118934629945727e-01	-2.107031874170709695e+00	1.339780911549075082e+00	2.708591293598062166e-01	1.592959317130857033e-01	-5.963222604605236121e-01	-4.031155144557381775e-01	1.693778362353784428e-01	1.294496154448110670e-01	5.846663035413787179e-01	4.949851450411572595e-01	1.387399899106195149e-02	1.898983372198179975e-01	-7.825005260479799274e-01	-3.982277141957633604e-01	1.061021553481565682e+00	1.144610280896217330e-01	-2.206559554673979684e-01	-1.934302658846445144e-01	-5.763752790724883113e-01	4.753506227126108596e-01	1.035167533657785077e-01	-4.341679592637492369e-01	-5.795631187031506926e-01	-5.016771814228168092e-01	4.702186833720244930e-01	-8.666815412016346531e-01	-6.294039731560684414e-01	9.273358660592545544e-01	1.466144413808944946e-01	1.835834944958698034e-01	-4.407920906186132415e-01	-2.288793511514662926e-01	2.710044558127219227e-01	-1.066026166089770189e-01	-2.570043051329939376e-01	4.536083512922318706e-01	-1.019200359216901053e-01	-1.466136508043485998e-01	-2.222337780954026509e-01	-7.285842283248857021e-02	-3.050843001112607533e-01	-1.269647547640097296e-01	4.825081101689548402e-01	9.973216465334105996e-02	-4.122021185587356612e-02	3.648481248157985357e-01	-2.045501866635374977e-01	2.377678655215351711e-01	1.829153840164139122e-01	-4.833276915400694929e-01	-1.789760352830779000e-01	-3.636254340159131293e-01	-1.962411698939682814e-01	4.389298267575188484e-01	-4.920382738879913731e-01	5.254456441315288884e-02	4.445584051080740950e-01	-1.607981665914263170e-01	-7.754628322806850216e-02	1.365186646314771601e-01	1.585032485927872492e-01	9.026400178440957545e-02	5.750663589271753917e-01	1.890332321671795435e-01	-3.855694811733405003e-01	2.456161567540258717e-01	-1.042319490789792719e-01	6.499328780839357111e-02	-2.425440381322297723e-01	1.843303862502226331e-01	2.438572119566662366e-01	1.159473438131528311e-01	1.876185368610744919e-01	-1.268223296278911671e-01	-1.648660794914228248e-02	-1.337127658900617855e-01	-2.218866095248453463e-01	9.278371748439251387e-02	3.207983585643048308e-01	7.906932885992118409e-02	6.396619585262479368e-02	-1.877166774710331554e-01	-7.758175557629153063e-02	-2.630808307353575404e-01	1.102322381045615224e-01	-2.560454159799135376e-01	2.754715303615116184e-01	5.765879755208619395e-02	1.048789281729542722e-01	-2.790759701044679200e-02	9.034046725859842808e-02	3.793114981340180158e-02	1.471827852228546341e-01	8.619275008679497252e-02	-1.319779223273826463e-01	6.102395687960893850e-02	2.594993846471400079e-01	-3.690644729771589555e-02	1.080317213099271922e-01	2.700424499175911319e-01	1.641380927195798811e-01	3.054380857176298286e-02	1.658931935778338307e-01	-1.778942579448924977e-01	-3.959132289012062128e-02	1.311925848489556845e-01	2.085579845398558840e-01	6.983093933316946410e-03	1.975302032103959729e-02	4.080461824492085526e-02	8.935725363823980583e-02	7.158789323685892103e-02	-1.603212530303040409e-02	-6.502413993673533676e-02	1.019494140816237099e-01	1.124894844380394665e-01	-7.859098787599475000e-02	1.166499425018130594e-02	6.887753110226996212e-02	-4.739340211580479745e-02	-2.789455342181315547e-03
-6.679776245093168585e-01	8.460949121120632244e-01	2.863312214011063395e-01	2.268882353063559787e+00	-1.417136053801598683e+00	-1.649377093977558051e+00	1.145322213537915551e-01	2.481204707543670229e-01	3.714937805800196391e-01	1.118787669388412453e-01	-5.845771976260107083e-02	-8.105373602931431609e-01	7.920649451541819652e-02	-4.873845762059304532e-01	-7.178969112230143557e-01	-2.058407890824727297e-03	3.123281984704799341e-01	1.490605693848726099e-01	-5.605609485918684465e-01	3.989752800121421084e-01	-1.284150077569298221e-01	-3.044217193410856948e-01	1.455016484829270984e-01	-8.646979150635563105e-01	-1.502486463517911930e-01	1.472524608675835345e-01	2.562527147529851043e-02	-3.608731182644890900e-01	-2.744501051245679668e-01	1.255958629579096431e-01	-2.019948377724967159e-01	-3.769407472018564825e-02	-4.978190876404962016e-03	5.724226816566989617e-01	-1.761173817070142145e-01	1.117148055875993862e-01	-7.549199815315187079e-02	2.619989783321550747e-01	-1.907930739495980188e-01	-2.938200851821246573e-01	-3.111527621516701342e-02	-4.165453215795218017e-02	-5.418176694914452612e-02	-8.337381810404623228e-02	-1.714256158389654561e-01	1.794148101691654118e-01	-2.259890693224126182e-02	4.766563931899955309e-01	1.625950796887735278e-02	2.574320901027714673e-02	-2.299337947890076339e-01	-3.109355910870662543e-01	2.119724385788941956e-01	-2.538052839072595379e-01	1.867869786411105182e-01	5.109434667250487005e-02	-3.338527104868391771e-01	7.723236740254552091e-02	2.662857295647159117e-01	-1.439715501264426656e-01	-5.227170631175317300e-02	-4.462966327359658703e-01	-6.768678672622947812e-02	-1.672337259215738448e-01	-6.533502266160615135e-02	-3.343772081868608415e-01	-8.836236188856236295e-02	8.265390843103299912e-02	-5.306390709745203438e-01	-2.352138685353980796e-01	7.639924953924161211e-03	-8.612277122094967596e-02	-1.055639738455801946e-01	8.308265209636898560e-03	6.962562977630649963e-02	-9.045138082303123828e-02	-8.713550276373453751e-02	1.601461255163356134e-01	7.380396163060612413e-02	1.663035316185725310e-01	-6.851749718481553453e-02	1.253011413512430082e-02	6.795670180056578857e-02	-2.770472066394126173e-02	-3.733178719604137580e-02	-1.548167499195750307e-01	2.834747451287376874e-02	-1.722665056217926455e-02	1.866334186240461435e-01	-5.969085916485503823e-02	-2.290741679132599906e-01	-2.729778061424086855e-01	-8.718821968520974741e-02	-2.004966300397027501e-01	-1.173542354906164653e-01	-6.502979640587904647e-03	-4.017727813786332175e-03	-1.963745932262691077e-02	-4.728748866810490031e-02	1.106744581005040667e-01	-3.945096764617685159e-02	4.365853257004054244e-02	8.047936444425610181e-02	-1.032800350861767524e-01	4.336802362955142348e-02	-1.026957015172111215e-01	-1.851132366280404951e-01	4.055332988130445904e-02	1.069466354967863742e-01	-7.728994955433726721e-02	-3.402413166514615950e-02	-5.309725314623740117e-02	3.372324197956698133e-01	1.064627882928191466e-01	-8.544144486163189611e-02	1.679163840105320771e-01	1.081422814062788368e-01	-1.290371404243292365e-02	1.105077614780503314e-01	2.205595134005932170e-02	-6.189206643209268360e-02	1.540963854531119670e-01	7.708954282822383201e-03	1.812487897681899079e-02	-4.978024830304079301e-02	1.352782880119078601e-01	-1.674602524970492667e-01	5.660289875272234844e-02
-7.929789763717247641e-01	2.062881154789252047e+00	-1.255145262110046733e+00	-3.955062380498616803e-01	2.671487030774358229e-01	-1.425028433589339727e+00	1.303926918856272321e+00	-6.090346492249769650e-01	-3.126939499384950305e-01	1.430125407394347917e-02	3.444085693734985631e-01	-4.627794702076456490e-01	-8.633976636503992719e-02	-1.071986075533150506e+00	9.899573245934838450e-01	3.923531423890318504e-01	1.699908833460023472e-01	4.877105010773327143e-01	6.131979891115889592e-01	3.748051120966853222e-01	1.740566291684883804e-01	2.712599228756025216e-01	7.556760203980487089e-01	-4.503901983506330420e-01	7.621498596154738792e-01	-3.166240912171402466e-01	-4.145437579777359605e-01	-8.906139557124691242e-02	-4.405727888862356334e-01	-3.244859450013660163e-01	1.356125428525840060e-01	7.774440584803778143e-02	3.230345096575150676e-01	-3.041615147024854249e-01	3.532983952414289752e-01	2.485991562313566716e-01	4.459631863734982993e-01	3.013753224300078082e-01	-4.282618835231434828e-01	-5.031112915620599146e-01	3.194778172206191869e-01	-8.559370229476936931e-02	3.458534399414611715e-01	5.227957767822920959e-02	-9.501046027616102951e-02	5.350184955073061799e-01	-3.166668999299968590e-01	2.117689575866040785e-01	3.144931523873057411e-01	6.934636823950656170e-01	1.135209081391131830e-01	-2.360061617789202537e-01	5.408493829723818314e-01	2.555135110978069557e-01	-3.739521621430204334e-02	3.309805911787223713e-03	4.041156690726790263e-02	3.549549012216097199e-01	2.605162351190174613e-02	-1.886698983267115536e-04	8.914601071478522876e-02	4.000100113447143668e-01	-9.184275497040825242e-02	-2.418856892931195088e-02	1.558372154968030165e-01	7.625621180131861299e-02	9.276123663930583088e-03	-1.237709274582732000e-01	-5.452431935627506387e-01	-8.662733657113286245e-02	1.160911525515424120e-01	-3.881513454777133117e-03	-2.380570472266560489e-01	4.616693663041885887e-01	3.317292572653554594e-01	-2.390076497421442930e-02	3.174302423250807692e-01	3.544797013390859064e-01	4.098598216951305356e-02	-3.248383457419355969e-01	1.403576869673080485e-01	7.765473838808469031e-02	4.246994456607073865e-01	1.224044734026408232e-01	3.953467004559928499e-01	1.535143973786943505e-01	-8.882662624919603067e-02	-2.814747330010846649e-01	2.195636512009475627e-01	8.982612684076844711e-02	3.227915665071743878e-01	-1.847357707289202025e-02	-6.194261384917180979e-02	-1.410969284761969499e-02	3.614223949544577152e-01	2.757108355937056346e-02	3.403624782761722339e-02	-3.386043454380229800e-01	-2.905656256090851652e-01	-7.267523188807496759e-02	1.700716134731348750e-01	1.434016000194143492e-01	3.198953490803582156e-01	-6.676770223219732903e-02	-4.499489405920896468e-02	-2.556880133270809929e-02	-2.202214661606940668e-02	9.028880636319035202e-02	-6.859695273356185632e-03	2.192682147541646920e-01	1.417130919804052147e-01	1.433064661381618643e-01	-1.558542178174212867e-01	6.485855402506254808e-02	2.072922885020385131e-01	1.165047559233988311e-01	-5.209019271634579042e-03	-6.067419583307272907e-02	6.082390638120950543e-02	-2.133688742768226065e-01	6.210516427448223298e-02	-1.377276525952382535e-01	1.432998475418704731e-01	6.343306476654696213e-02	3.321144988725181074e-02	1.452787232018651897e-01	5.247580094663418376e-02	1.972244469085868146e-01
2.608909861752437109e+00	-9.263081076308038453e-01	4.225372919626584900e-01	-6.292340347910455600e-01	7.636489353531721314e-01	5.007389045504184732e-01	8.617349075242846101e-01	4.064734367563767048e-01	-1.354396293593175538e-01	6.150495741045174380e-01	-1.253835192611550131e-01	-2.431964204420356268e-01	-3.832228829105240736e-02	1.710533323865713884e-01	-3.248060813497215538e-01	-5.755803599919461222e-01	-9.295544103278793879e-02	-1.374914857503961862e-01	1.693381704448772840e-01	-3.753242170014739476e-01	-7.383050897101480770e-01	5.163716837897873724e-01	2.647067614579213246e-01	7.187878853167206650e-02	4.031893269726441464e-01	4.363731999454734112e-01	2.312791003334493389e-01	-2.050694826803509951e-01	-1.439549938966309950e-01	2.310878137167503982e-02	-1.935971341079766594e-01	1.539898070314763279e-01	-7.668170973782819332e-03	1.640205905336497849e-01	2.585102258335986516e-02	-3.009987435402011746e-01	-2.450650084589462152e-01	2.458105505009445038e-02	-2.696722456341833496e-01	3.414279388261131087e-01	-1.772871946490188824e-02	-1.449401041489599418e-01	1.786914619890085931e-01	-2.105965450703492226e-01	3.382981443038796665e-01	1.993245438381874290e-02	-2.528178287777013700e-01	-1.071320362449899588e-01	-3.866862425817076399e-01	3.213899784114171987e-01	-3.111684917700165420e-01	4.884322027033278224e-01	-2.648004529937519891e-01	-2.256631152866923895e-02	1.220764381441980136e-02	6.945696617039164890e-03	1.779178002822091875e-01	3.177527851663965452e-01	-4.219623967842828782e-01	-1.589971540961380159e-01	2.170804772815168038e-01	2.541969215344996869e-01	-1.897710539204202906e-01	-2.400364425925990142e-01	1.219979752495260056e-01	1.928003102954357062e-01	1.949913100427300428e-01	-2.670219831211339753e-02	-1.625489419729702484e-02	-1.066473443911328534e-01	-1.194092939678342846e-01	-1.074526170352952392e-01	3.274499667728830027e-02	1.898202879503572693e-01	4.269551484357219512e-02	2.529644793945469081e-02	1.331483820471922319e-01	1.833020487920092589e-01	-9.783098027861805712e-02	6.983829781037180495e-02	-3.700707654243227257e-02	7.771097636055210311e-02	-2.175434375256493358e-01	-5.243298878341701857e-02	-2.096976751613525633e-02	6.475095039436208622e-02	-1.955948460919845477e-01	-1.666335450422931977e-02	-7.719230609114428876e-02	4.153270701806426046e-03	-1.156123223917720072e-01	-1.204420405484691176e-01	7.233467547729298397e-02	-9.859346293398998928e-02	-1.995137676338936128e-01	1.429400071502159586e-01	1.733871097070051326e-01	8.481320090897309649e-02	-1.327539535500665835e-01	1.632663185010636842e-01	-8.601324299457075925e-03	2.875483783038354502e-01	-1.057143938053309584e-01	1.509750938972504730e-01	-1.459614471211115039e-01	-3.972362062121029963e-02	-8.411981457333772561e-02	-5.277432418670217895e-02	9.674241509299934261e-02	-1.665975790740108764e-01	-2.538551869126292049e-01	1.392592360765887161e-01	-2.595710746236128963e-01	-2.928800960266336184e-01	-1.372717822182933645e-01	-1.525744716349547170e-01	1.934016529825310082e-01	-1.039419858220059362e-02	4.941590673929044560e-03	-3.642434103754394470e-01	-4.764727194108710900e-02	3.291013960613400346e-01	-2.968289884653880217e-01	1.942672851581086491e-01	1.588735994092675408e-01	9.145663795894529158e-03	9.454578649852879435e-02	-9.948899725259174875e-02
-1.078829163491823229e+00	3.568700380296523367e-01	-5.430349988002007855e-01	1.159426269484589600e+00	1.355909612319930735e-01	1.135839368928915349e-01	-3.244175847221816289e-01	2.434684396320141719e-01	2.830457905579062891e-02	4.953609107909046072e-01	-7.208587588400446888e-01	2.421421208262414526e-01	2.678733594750778435e-01	5.420371616061780973e-01	-3.494695947201255648e-01	2.955820990819065797e-01	-9.727546881836833803e-01	1.032578008806033010e+00	1.568168916318882777e-01	-6.813783899869924054e-01	-9.628815582928015870e-02	1.790650263974169487e-01	-3.183869629274422297e-01	-6.262592065802871089e-01	2.718107729706624801e-02	-2.298066027235974307e-01	6.567736347593245982e-01	4.240307360529488867e-01	2.157967312063245879e-01	-1.040449558204593478e-01	4.085777669993612138e-02	-2.152029459728755090e-01	-5.818620637256594064e-02	-1.251650860123903197e-01	-1.664232025491793054e-01	-4.408728465831719678e-02	-1.777858573181514273e-02	1.885297950192887373e-01	2.534108490971588856e-01	4.201868765474035816e-02	-3.204853206873446991e-01	-3.648988400460393966e-01	-2.146893546781667994e-01	4.770491677260341734e-01	2.898344250387703269e-01	-1.915788142309884923e-02	4.569276884234874658e-01	3.808438036241949126e-02	-4.014687727772703330e-01	3.012717333525768426e-01	2.697649282564472673e-01	-2.354181677149652929e-01	1.270284144014391381e-01	4.454451460378756611e-01	1.598019120934447146e-01	-2.223960518361770000e-01	6.820284016484211287e-02	1.383818871535713591e-01	-1.666417452353469164e-01	-3.620646187219764278e-01	-1.578989793357434002e-01	-1.838631055298729430e-02	5.668980505537695586e-02	2.504060881234234093e-01	-6.323456507754676714e-02	8.035063461734047452e-02	1.368181951100231331e-01	-3.620333867376449022e-02	-1.127727220912099482e-01	9.166568920960721512e-02	-3.138076249941668672e-01	1.589617288397523753e-01	-4.581676747290164449e-03	-1.146996038453741845e-01	2.210885326476719204e-01	2.361469147934201762e-01	-2.497200877604792424e-01	3.516475045802198718e-01	-1.993476597682115048e-01	-1.407222321325282410e-01	2.265279249218570545e-01	-3.458967527659597141e-01	-1.707728426352939921e-01	1.422829287191597070e-01	-5.310257403382642738e-02	-5.752109316403580114e-02	8.177934183758595044e-02	-3.248346325841056093e-01	3.041516760420605592e-01	1.261455439129442746e-01	2.868266056194405111e-01	-7.624052977619689975e-02	2.229338491428319025e-01	-3.081408710965090059e-01	1.065825763098273565e-01	-1.698826598236809204e-02	1.500187795741021735e-01	5.703193696989489192e-03	2.230300737376933462e-01	5.738597771325023439e-02	-9.288495590952007552e-02	-2.412822011489282048e-01	4.194221019365872855e-02	-2.406388774307352540e-02	-5.252368735118425613e-01	-1.412545257963769563e-01	-2.534748610121785942e-02	-2.722641347847549742e-01	2.762876767675275305e-02	-2.636213760130200895e-02	2.164193828669059433e-02	1.373796473237953453e-01	3.930402835199175299e-02	2.982928185283721667e-02	-8.137722505093590575e-02	-9.710251512085821268e-02	-6.406140132100361650e-02	7.146960344067744553e-02	4.430805659289777099e-02	1.857505809249240802e-01	-1.476263984809387531e-01	6.819667147630524562e-02	-8.733542564849023845e-03	1.133788839821048139e-01	5.239406150333156265e-02	-6.653441290446533707e-02	-5.897826887782084415e-02	2.075493051387763618e-02
-1.230941038741899529e+00	-1.882644881310868490e+00	5.934820741029844110e-02	-6.971809052070464530e-01	2.173693006914496628e+00	4.463200086823837683e-03	2.915811001139272940e-01	2.290206367139582533e-01	3.847030014173342671e-01	-7.534979130720211027e-02	1.436866737942254224e-01	8.361902019900137317e-02	-3.919504192487602845e-01	6.099664688029997617e-01	-9.279257963264182785e-02	-6.482843495649621701e-01	8.170158713773047893e-03	-2.987810174231316229e-01	1.352314433018277084e-01	3.627933545113259384e-01	7.432526369645592323e-01	-2.744370712995454764e-01	-1.249137015767746994e-02	-1.971904369272396707e-01	-3.667187583140338325e-01	-2.380300286740709426e-01	-3.555531657966259917e-01	9.692552471383986123e-02	-1.124141605372752234e-01	-1.890203201613800676e-01	-7.616439532158925108e-02	4.314376310945622350e-01	-2.850295179558269276e-01	3.055301063966992525e-01	-1.659319957990927630e-01	-1.267575383141037737e-01	1.869957083691619060e-01	-4.624781392870894875e-02	1.264434091381900702e-02	-4.862278258182403667e-02	1.226692773410799908e-01	-3.868470259568660558e-02	1.738330351757428616e-01	2.093783301156569229e-02	1.263644251744234226e-01	1.265585742518282875e-01	-1.552143334537009478e-01	-1.921143242056006228e-01	3.319954140453239000e-01	-1.597796244088487416e-01	2.493685803806127421e-01	-1.078439282733302390e-01	-1.881969233734359648e-01	1.510210933795323729e-01	1.193920971882081045e-01	2.242537984126325157e-01	-1.166424432128443205e-02	1.297423377892756996e-02	6.564645309813151031e-02	-5.121091055925996310e-02	-5.243482104402849911e-03	8.620701867524044326e-02	-8.208214979912671974e-03	7.963331121505835830e-02	7.973313808062275354e-02	-5.605499065356614463e-02	-1.928119906749815871e-01	4.875803596070395901e-02	-1.229060506270427955e-01	-1.224733882506999355e-01	8.189124587372459407e-02	-1.582331901848153463e-02	7.348264332075229999e-02	4.012280597698827944e-02	-5.954893989459882249e-03	8.705340079683794585e-02	-1.875967441390801183e-01	-9.864617968272187953e-02	-1.102048570546942385e-01	-3.772826950510355104e-02	6.412535628911479602e-02	-2.165526074596626771e-01	-1.744294244667851379e-01	-7.319891164718574095e-02	-6.356810921528978364e-02	2.283393126703407439e-01	3.117197255177618642e-02	7.709565448575171620e-02	5.343832480034004656e-02	6.356151351927076532e-02	-1.491878610461384869e-01	1.316543200588558005e-01	-3.201847674798398869e-03	2.168743671130243245e-01	2.899104475667983738e-02	5.984189699170799209e-02	1.119611191806235417e-01	3.100308742071698070e-02	1.686796136525668954e-01	1.098763895474297175e-01	-4.807980954370643170e-03	-2.670017731419700724e-02	6.774053779594645108e-02	-2.016972751739276037e-01	-5.023044092580207336e-03	-4.633801647196312407e-02	6.119731480674130142e-02	1.470025589758132967e-01	3.073780030538432115e-02	-1.152968257203560165e-01	9.252595516129338837e-02	2.046428739495303462e-01	-7.352318843991516306e-02	1.417194212501244610e-01	-4.007089455626629271e-02	-2.194447085445146439e-01	5.575114872532279525e-02	1.114621781423317803e-01	3.555306457915635709e-02	1.894193492659947825e-02	-4.655847556519656510e-02	5.722217639464798750e-02	1.157623279064086755e-02	-2.842137307152063988e-02	-8.586117126036243996e-02	-1.326685739951216636e-01	-4.831454371362835926e-02	-8.616810859218086704e-02
-1.479831510304002062e+00	-1.700539915332952123e+00	2.482510905876490759e-02	3.774206916574473492e-01	6.094948490912346362e-01	8.358767480086776169e-01	-6.356455518564546603e-01	5.935864141934094063e-01	3.136284837979986806e-01	-1.128275885162039360e+00	-9.035603194591566856e-02	-1.602561227558094159e-02	-6.773082281127121851e-01	4.997753336646036937e-01	6.099595279835167139e-01	6.751329604226248282e-01	-3.949908231902080069e-02	-7.337649322182590583e-02	-7.597200988086040274e-01	2.380026050001191051e-01	2.616091332112943646e-01	8.186668660686899912e-01	2.601288255329262718e-03	-2.845243438084369414e-01	3.784151761262125047e-01	1.022237644630675790e+00	-1.995130743703531773e-01	-4.824568668750055522e-01	-2.165828498527778145e-01	3.855128845380017544e-01	3.056824113436014678e-01	-4.182550519122310018e-01	-3.539300328237145361e-03	4.187459885891815087e-02	4.590228003218224107e-01	3.558137570049826337e-01	-3.493833112546780584e-02	-1.186283930143075815e-01	-1.675708821660344405e-01	1.470702530274132225e-01	-1.688994844875238155e-01	1.293261450020861403e-01	-6.253433501980003584e-01	-3.494875204229679760e-02	-3.464353183768515559e-02	2.686385548815314883e-01	-8.775601051475848818e-03	-7.144204508749586735e-02	2.770862840897245216e-01	-1.366086205096379569e-01	1.621262426615203422e-01	-1.544585899158571474e-01	-4.321259082873810664e-01	3.816811999579974857e-01	-7.451219193574262767e-02	2.356971196174801053e-01	-4.253424754904651106e-01	-3.820900351096855746e-02	1.361513477686427387e-01	-4.231930485773164330e-01	1.694948285033995999e-02	-1.034696669511311201e-01	9.314023391425302334e-02	1.350267795368063906e-01	1.124114545809179189e-01	1.842281316810790159e-01	-8.254854949090328908e-02	2.626951138031870525e-01	-2.826424537533183123e-01	5.944568804181353805e-01	1.837723752184594606e-01	-3.076748120562665390e-02	-6.019528038790260271e-02	2.999155724438040127e-01	-4.555523833555761432e-02	8.674058801364886717e-02	1.838505055989343440e-01	5.328337789461637386e-02	-1.123437410210853943e-01	1.129067358314571196e-01	-1.321338913532783474e-02	4.335460252829910210e-01	-2.462644094344144108e-01	-2.506474887965393084e-01	-3.745082114456717570e-01	2.841932339637693455e-02	-2.259741327948721623e-01	1.214618564530261929e-01	1.441386688509641578e-01	1.284653756481805853e-01	4.625961567510714079e-02	-1.305088449318408117e-01	-1.533924852580577022e-02	1.147635374419518350e-01	5.049167748675154749e-02	-2.401255496545928736e-01	6.063981209013065143e-01	2.682236032344488819e-01	-1.901595300744163275e-01	7.329628201992056252e-03	2.951592725337980339e-01	8.689498628007651104e-02	7.040311065389118217e-02	-4.320790093934469556e-01	-1.690537807716914753e-01	-3.766428051924181758e-02	-4.353149738777239985e-02	1.176936471360849334e-01	1.547777301562239805e-01	3.607464853489388695e-02	3.647907557093862940e-02	2.825925486169673581e-02	6.916355703043026992e-02	-4.320723363480691998e-02	-3.823286421721776990e-02	-2.278432296427993498e-01	-9.331547765329367694e-02	5.439663146911403145e-03	1.256120554115011390e-01	1.507726955848970873e-01	-1.365449593504956260e-01	1.154365195301809421e-01	1.245098658619234328e-01	-4.183927732792362686e-02	7.218933158992667243e-02	1.509884596782834487e-01	-3.586189633614789152e-02	-2.305402385285311787e-02
2.255047633951817065e+00	7.759499649536243382e-01	-1.052667146456083946e+00	6.903442015273022481e-01	-2.815809756170122302e-01	1.565549584479451140e+00	-2.427593335048508771e-01	7.032692080981184368e-01	3.060507890792223407e-01	1.579421299190141514e+00	-7.184951467521669688e-01	6.315940124169968639e-01	-4.801864334289763780e-01	1.534456159309582624e-01	7.658164703515583094e-01	-7.823396478985964464e-01	-1.615965137690592579e-01	-1.130201129116833597e-01	-2.905025541942730660e-01	1.782324650318109494e-02	1.032783293877147512e-01	3.459112414325004048e-01	8.950024046774436581e-02	-5.071671910547375095e-01	-2.217170367113719676e-01	-3.929109391938617052e-03	-1.265653061805473989e-01	-9.889691909254477720e-02	-2.592829619557250331e-01	3.751183918016193913e-02	1.725188950716914082e-01	-3.346362872714939707e-01	-1.072680413784382752e-01	1.453835011062007583e-02	-1.195453629021966252e-01	2.152615516096836185e-02	2.557234452264282032e-01	-7.215467137950923315e-02	-2.328389294165685297e-01	8.947787633403979368e-02	5.009166374407222344e-01	-2.074474801973690274e-01	-1.304395231934264154e-01	-2.174251682334260860e-01	-1.657025000069526355e-01	-3.082736618892173430e-01	-4.211086727471474722e-01	-2.393753792132537195e-01	-6.121923613329290602e-03	2.234003848992630881e-01	3.458619387521288946e-01	-1.787937425847056505e-01	-9.546307403150679216e-02	1.688486179059745310e-02	1.290550328437663034e-02	-2.610849911432310821e-01	-1.159823188720561365e-01	-3.330721902849386601e-02	2.071536941807466947e-01	2.155159534639523866e-02	4.379189569965465795e-02	-4.723397439121237995e-02	1.566330236875034532e-01	-1.643106763913444734e-01	1.411766914133279482e-01	1.607188122517783369e-01	1.970031067443598627e-01	-4.363908099153312320e-02	1.029503544851962937e-01	-2.804430206995153219e-01	-6.034024524876412110e-02	-1.915992032163487124e-01	3.618810131616979203e-02	-3.183035755917857507e-02	-2.790169135781821463e-01	3.138724351353882613e-01	2.023421082619387135e-01	1.889099263264806261e-01	8.804854622956041765e-02	2.131268237099607221e-01	-3.733923752921768924e-01	4.032100285566354858e-02	3.358461273519354751e-01	-2.260706545052513228e-01	2.115594187929002168e-01	4.460596653827094945e-04	2.521125908657439671e-02	-3.536340024378874930e-02	-1.232009389879114708e-01	1.690972322693118368e-01	3.649709142578989873e-02	8.225051836854352372e-02	2.675895388958774435e-01	9.819402025298838710e-02	1.574966849154540299e-02	7.715890237690009590e-02	1.145087234313850975e-02	5.497151159505389573e-02	-8.049579916116836320e-02	4.967323082208612711e-02	-1.513117955484120647e-01	3.632872261858434426e-02	-3.278447277338879251e-02	1.657418558291369470e-01	-2.423989247397608515e-01	7.428562339204625165e-02	1.602436862679571528e-01	1.262153551703036058e-01	-9.127954916195492319e-02	-2.781760746650589478e-01	-1.793245089120940050e-01	-1.571945359188572366e-01	7.581008977608236221e-02	4.474968284238400353e-03	-1.147546205708768197e-01	2.255084353545746267e-01	6.505230054233897274e-02	2.638431134137363479e-02	-1.941749793257807610e-01	1.931899284561800212e-01	5.527646452669202071e-02	7.977585645126278324e-02	-1.127049863458243345e-01	8.366078042818192451e-02	-4.146294110153657397e-02	4.717250956050490773e-02	-1.119301302299878231e-01	5.822659312524597341e-02
1.176467586626456924e-01	7.548734597288493386e-01	-1.724911060837582832e+00	-3.399767103433806170e-01	-1.162712280376726748e-01	-7.655365286427252836e-02	-1.897317225255316236e-02	3.673389927285655721e-02	3.440321072021363391e-01	9.122614826449166880e-01	-2.354012520552928867e-01	4.249538073470620070e-01	2.379366947481430239e-01	-2.359036592829345247e-01	2.843606071385900158e-01	5.985553967231190819e-01	-6.366446562600798220e-01	-2.228376641896143706e-01	-2.299092823234964167e-01	3.184575383637486823e-01	7.088126070410101232e-01	3.327395784797736455e-01	-2.137325411150146626e-01	1.561969772071102602e-01	-2.717241818238573872e-02	-3.879755514741119182e-02	-3.513384168046027600e-01	3.243354141523928091e-01	-6.138920313610012058e-02	3.584856894521550319e-01	3.000692805059338442e-01	-6.108575924930317314e-01	8.387268094989845657e-02	8.405744386699502690e-02	1.583130502755137059e-01	-1.418826436967684235e-01	4.315453489479114668e-01	-3.752708196324058276e-01	-1.567675138137299418e-01	2.550796842106682893e-01	5.169427442266524286e-01	3.666597517039473647e-02	-1.779609530529872585e-01	-4.598439313376638249e-01	-9.693412569837508985e-02	-2.436680848023315693e-01	-1.016561203248192713e-01	1.000538242005039463e-01	1.721994533012052297e-01	4.415656223830128485e-02	4.985417166441457049e-01	1.894788087076845484e-01	4.511340390724558752e-02	3.455288197618028856e-01	3.098764086034139220e-01	-3.482013896589203905e-01	1.864326190721880133e-02	3.634343654948153368e-01	4.683496254209317256e-01	6.853961773452450779e-02	-1.678410888912861554e-01	-3.498524566938710501e-01	-7.682499615293525430e-02	3.724564343819972839e-02	2.085690429670858936e-01	3.829229715521487165e-01	2.423183645355652185e-02	-1.573938944612941065e-02	7.191697802307357723e-02	8.269721914408745267e-02	4.136635239095701189e-02	-3.100713520808939805e-01	1.195781928546483658e-01	-3.558499880125246678e-02	-9.771683029926885034e-02	1.505065180063323849e-01	-1.341991227552139648e-02	1.716335327907612951e-02	-1.948688529722967522e-01	1.016044871139466510e-01	-1.929322406423182867e-01	-2.094873871626091455e-01	3.264287665326471438e-02	-9.056493431411153858e-03	-1.901000902575783469e-01	2.359796160318012315e-01	-9.537253668940511020e-02	4.532531906787707482e-02	-1.587307261543417086e-02	1.473876614760439262e-02	-5.504220660677620891e-02	9.838389857915680325e-02	1.676390746863453129e-01	-5.860445886069902931e-03	-9.030426956410425587e-02	6.201947708917593394e-02	8.547243301509066526e-02	-1.026114203897377647e-01	1.567911594358490646e-01	-3.293825742324822392e-01	-2.399534721675833648e-01	1.724219374418464734e-02	-1.306769109585741440e-01	1.058296821711863928e-01	-2.001727197377373493e-02	1.854865348073446440e-02	-9.211315869977038107e-02	-1.236260586880866541e-01	-2.150276035405215558e-01	-5.434616017531440461e-03	-3.051298371153260414e-02	9.539866961380831512e-02	1.206692287020484124e-02	-1.583336258676600397e-02	6.111386894014236675e-03	-6.490743246607916239e-02	1.860409966611250437e-02	1.679720282395791298e-01	1.343817167297526038e-01	5.215660733090599077e-02	-1.901123872193183004e-02	-6.234944312359968349e-02	-1.295550176007718435e-01	1.361470900050112121e-01	-1.733843696425973677e-02	-1.955572449474275165e-01	5.573831757786856800e-02	1.873088797618659151e-01
-5.529813230717955941e-01	-1.814883625701172010e+00	-1.312844482364461163e+00	-1.498610369098971606e+00	6.539060841559288240e-02	4.806125010107747952e-02	-8.135707575510365830e-01	3.135090874716890963e-01	1.253543145512070467e+00	-5.445856950238480154e-01	-4.581451301734684733e-01	-5.938315298835232792e-01	-2.059970128207241624e-01	5.549106046370009399e-02	-1.829700001283189950e-02	-3.414578581402083479e-01	1.649396011654828686e-01	-2.331827163737349995e-01	-1.096760415470503652e-01	-1.418213979128904456e-01	1.219934871897659784e-01	3.442642675648107664e-01	2.279982627897427228e-01	1.202517930346985175e-01	2.084602875516766152e-01	3.323368513604594843e-01	1.671290150042136213e-01	-2.640490298318807771e-01	2.975948430877949358e-01	3.141052472501838499e-01	-2.780781458111664106e-01	-3.713271116391460014e-01	-2.335986366239577519e-02	3.512396334309152435e-01	-6.582306785884098344e-02	-1.256410396344073352e-02	1.249006382014724581e-01	2.846263513307086268e-01	-1.065271521558048134e-01	4.781433237570974493e-01	1.171938903139018440e-01	3.004048025055657822e-01	8.130769050668065767e-02	-2.224333497097899515e-01	-3.362818658885774470e-01	1.015307881708058663e-01	9.574755340558824268e-02	2.063220421810535443e-01	9.572611975935148287e-02	-2.735560953908951487e-01	-1.264334684958769717e-01	8.905360986038184101e-02	2.648536129377644377e-01	2.648824899057624083e-01	2.924262938954059754e-01	-1.191163768157333103e-01	-1.956479906047271233e-01	2.476062773608918022e-01	-7.837170877422515447e-02	9.790687157827200615e-02	2.058024743427177422e-02	-8.446060535130694991e-02	-6.606050029691230840e-03	-1.669462569828317478e-01	6.618766691145883119e-02	-1.365749147706070143e-01	-1.945233155395123537e-01	-3.169722145148897580e-02	6.016511194568641141e-03	2.318912668095060858e-01	-1.841085208701070397e-01	-2.387530170236821792e-01	6.498923748484319862e-02	1.961368738981980331e-01	2.090387337762798434e-02	-8.604169414754125889e-02	-3.133365359382692672e-01	2.850467943920887426e-01	7.870891619308165166e-02	-1.233731129964634882e-01	-8.485297695569752122e-03	5.161923347004086782e-02	-5.310276446671029216e-02	-2.828545315353399661e-02	-6.987376540009695991e-02	-3.654844772651148072e-02	-5.320514686767625900e-02	9.662880601795041657e-02	-1.494463214415905558e-02	5.333566863779934386e-02	3.477808660875351260e-02	4.849630120973918296e-02	1.158584313837278390e-01	8.353282563055131060e-02	-9.173595986791178991e-02	-1.730489094311703502e-01	-1.979572399456167586e-01	4.033967205742523994e-03	2.241725426124580867e-01	-1.474967806062595366e-01	-2.523119732904728352e-01	-2.971028144706695448e-02	2.729102282673188593e-02	6.066823720998967828e-02	1.062670333222186514e-01	-1.322177358133759311e-03	1.408902356032166736e-01	-1.774740363599621729e-01	-1.845857854790114438e-01	-4.885559087755481783e-02	-4.285529013781876062e-02	3.516934860687175035e-02	-7.773235251620154440e-02	-8.564130709808663589e-02	-4.703394696863285457e-02	8.017744259773383619e-03	6.781307618505914847e-02	-6.372812319549743532e-02	3.426660694208692043e-02	-1.782643228795375567e-01	-1.587127282433496156e-01	-2.105955996091360971e-01	8.688967435422106922e-02	-1.066034409017217327e-01	1.837828182152879686e-01	-1.785964778856973245e-01	-3.005016746353147625e-02	-7.470035860857018872e-02
-1.399374905263822244e+00	-2.039438130822790463e+00	1.172562239369534076e+00	8.192173230085864066e-01	-2.559593972267725781e-01	-1.532511352860061571e+00	-3.709167069860106469e-01	-2.536838527426567985e-02	7.821492286866881249e-01	-6.928080072932366607e-01	7.694435236753609242e-02	-2.112472343807514918e-01	-4.316406638262726969e-01	1.137624247386710558e-01	3.087747296719640586e-02	-5.098365064717172990e-01	2.384464498459172924e-02	-1.439759136262573902e-01	1.264872711034113473e-01	3.519261012479860118e-01	-5.218756348487363361e-01	6.229542801185763284e-02	-8.401328378756725002e-01	1.026779594946421320e-01	7.191870299167825442e-02	4.837300664445381981e-01	3.349918828679236960e-01	4.275295902220793143e-01	-9.892641779448417549e-02	3.728466852861681557e-01	-4.331421909270781467e-02	-3.212887670309649835e-01	1.822333671685065493e-01	-1.191229289210375270e-01	3.950090500636971313e-01	-5.663959848905308903e-02	-3.489733259857707992e-01	5.181375637169353121e-01	-3.475328993647612830e-01	8.357626766726670986e-02	3.707649364388261870e-01	3.243879777910969042e-01	-3.273813210793134476e-01	1.362352024267068640e-01	1.263769238875102063e-01	7.147509821826818210e-02	-2.982907237582335669e-01	-1.141595593218123067e-01	1.305427777756377195e-01	-1.160503201483871066e-01	-1.545644376727775271e-01	-4.010999050008893368e-02	2.334505637943092848e-01	-1.854354547299303380e-01	-9.816713572926040465e-02	-2.423608570818772678e-01	-5.702086032221148799e-03	2.855225057328164007e-01	1.407446059907407898e-01	-2.262964993676294112e-01	-2.782139354579046819e-01	9.613933524567351563e-02	1.464677899791408666e-01	-1.120825553426397919e-01	-8.085126239282466876e-02	8.995040360583766992e-02	2.651535915198606763e-01	1.547909644232874082e-01	7.269040263915133027e-02	-1.335962005558218590e-01	9.772955870339879170e-02	-8.235503597744986415e-02	-4.083872600204236508e-02	3.725177869675613124e-02	2.449372503205909588e-02	-2.181905653856172911e-01	1.282709129467598519e-01	-4.940156948970752387e-02	3.672028382794831347e-01	-9.529375197392070396e-02	1.263756392259197670e-01	3.516584583601165687e-02	-1.874885890725289106e-02	-6.781329231396505952e-02	-4.610397035274614586e-02	-5.043378962313248975e-02	1.459418493498062207e-02	-4.575667961795071292e-01	2.253090800204135546e-01	5.302904988937216790e-02	1.178143874646524897e-01	8.187794794525432573e-02	1.473893798630274976e-01	1.730053218892414479e-01	7.724414085719344403e-02	8.717541128450266574e-02	-1.600564283684114963e-01	-1.361054222988073437e-01	-9.799282949377351171e-02	4.475162598320980845e-02	7.564455177910732464e-02	-1.925018895213796363e-02	-4.719435842410675541e-02	2.076286235186049559e-02	-8.936534979188139050e-02	1.315925068023987565e-01	2.509297928166652758e-01	7.069305054448636605e-02	3.409430105139366757e-02	-4.898550789344890966e-02	1.014970060622396031e-01	1.353606905827534346e-01	-8.121003456249735464e-02	1.954215493383311408e-01	2.890847151060767922e-02	5.721410842101531946e-02	-2.337992234469063180e-01	7.283035348719678337e-02	-2.072104709098338687e-02	3.871213425910436517e-02	4.043348817337581030e-02	4.795410167407536395e-02	3.113312651392645750e-02	2.499749975471241697e-02	-1.967421874924199163e-02	7.696501377721678971e-02	2.321001869127296002e-01	5.194269947426496947e-02
-5.961206623983914543e-01	2.093088874360917451e-01	-3.985325944773909085e-02	-3.980021595849655980e-01	-9.482502428396305527e-01	-1.881705061759354258e+00	2.376336353348235467e-02	2.358403392691701961e-01	8.779101487551055349e-02	3.528914885599053752e-01	6.260590855227188278e-01	-1.036519126095172050e+00	-1.173094144207904449e-01	3.327298486461662264e-01	-2.460319719783197467e-01	-5.134967134557985036e-01	2.520756163772485681e-01	6.222974100827790567e-01	1.957967428499884921e-01	2.848586022567053868e-03	-2.705475745114068742e-01	1.645581297636781737e-01	-1.138939817310357788e-01	3.918336459780574210e-01	1.220996754708086329e-01	-1.322531985643754793e-01	2.219389961019748725e-01	3.169557538785169881e-01	-7.729726055914065697e-02	1.637754228317199190e-01	-2.172793812784594158e-01	1.719295352286277778e-01	1.343109847473118734e-01	-1.648151570185564796e-01	1.519951555626448125e-01	3.494201976412680821e-02	-6.265096018708804504e-02	3.433046299360488218e-01	4.993570548014471255e-02	4.143689367240910859e-01	3.426824433552498883e-01	3.161395490987838897e-01	2.334973753334700086e-01	3.383145626508324288e-01	1.357674395301083914e-01	-4.875914240220626805e-01	-1.837379705321669776e-01	-2.514203537267947763e-01	-1.610517823580802088e-01	-1.136844858889223681e-01	7.535297618797667796e-02	7.375289880823088229e-02	8.856378635450330716e-02	-1.226269336806587174e-01	1.098151864217083822e-02	-1.197185100401611940e-01	-6.613094390829349356e-02	1.503004928630380203e-02	-1.072303210891618341e-01	3.205832468917483441e-03	2.727471690389589309e-02	1.368207390547245550e-01	-2.179020990212122977e-01	4.295534709552675107e-02	2.776048004004653680e-01	8.187504850633456344e-02	-2.965617127487267801e-01	-6.497542818832426070e-02	3.661000344105567739e-01	4.002550725736462867e-01	1.407750284264805418e-01	6.182295665347513347e-02	1.739322702035538959e-01	9.802485403190386304e-02	1.281298871823131555e-02	5.338990242712426948e-02	7.976315514583454114e-02	-2.969890922960373159e-01	9.026742973521852120e-02	-1.500533297076679373e-01	4.258824730800149505e-02	2.162844378025572875e-02	1.147443456971165565e-01	-2.390168088436671889e-01	-2.245615425377327223e-01	3.559536605596178710e-02	1.381705025363274830e-01	2.502711671944858884e-01	-3.318729726405795361e-02	3.555222314686492385e-02	-1.440418929740871525e-02	-1.072558954777036028e-01	-1.778095624452694923e-01	-5.920424263748614441e-02	-1.513678591371696858e-01	1.425398068319768397e-01	1.376465737443182680e-01	-1.651094362836505458e-01	-6.952870267790954573e-02	1.850203050642808544e-01	-1.850462259302466383e-01	-2.053051399059223001e-02	-5.162671425276111475e-02	-1.308522764495837626e-02	5.969261577552650855e-02	8.521938844799596680e-02	1.102776083166379928e-01	-1.078396673643188843e-02	-3.793458714247194274e-02	-8.111470333179809922e-02	4.746460362605760611e-03	1.652958560937966559e-01	-1.250429998360048367e-01	2.790761238239970465e-01	1.556800324960049275e-01	-1.293021174248722704e-01	-2.390203675440475128e-01	9.053757420289902658e-02	1.719609657246924661e-01	-7.308002714232565700e-02	2.821529173151417491e-01	-1.921559136401095880e-01	-6.384332966178704605e-02	8.766870571598596451e-02	-3.361951640663728147e-02	-3.681906749009761746e-03	-5.387818661095460787e-02	7.488598066575642698e-02
-5.291700254898391576e-01	3.322928748525558751e-01	1.936088990974645652e-01	1.788858005558972453e+00	-1.208540815428909010e+00	-1.304802026382364755e+00	-7.859920816117753617e-01	8.108608943172428141e-02	5.458126383117869462e-01	3.010671089248408983e-01	1.711320819650443970e-01	-4.710051645278370280e-01	-7.718089632843441739e-02	1.659471281207814952e-01	-6.124284164049459411e-01	-8.009620791705575060e-01	1.097190502338481338e-01	6.897244617215805840e-02	-1.669142330996042922e-01	2.212050661932894735e-01	-5.399232012672430248e-01	-5.871792631982978294e-01	-6.301362785887285600e-01	2.725929413567572679e-01	2.401582584631000439e-01	1.660327735442261310e-01	4.433056495467391223e-01	1.487244089354299026e-01	4.647468125779440073e-02	-1.868290253353576402e-01	-9.216917161669746505e-02	-1.839796037454097255e-02	-1.053110136933558399e-01	3.487159864594999714e-01	3.609363866899929427e-03	1.635204346887000337e-01	4.510913534766468336e-02	2.398914221955347759e-01	9.734320015494457579e-02	-2.776226590692701390e-01	3.705941036372310537e-01	-4.236089609876360351e-02	-8.241259738752079733e-02	5.500292621630088058e-02	-5.217348981257367846e-02	4.550314975794206990e-02	-1.912695411733394413e-01	-9.057177759863458202e-03	6.123503373613879003e-02	-7.398412676122709947e-03	-1.191399341790462946e-01	-6.209689170358723143e-02	-3.457881294906345326e-02	-2.988319003117637096e-01	4.942769528364274190e-01	-2.964545358566999037e-02	-2.081289186362862420e-01	1.378498668588958864e-01	1.838892818733426082e-01	-2.616426059258334866e-02	3.058746449752273722e-01	-8.955924226139341804e-02	7.278038940456280081e-02	-2.086232713688921658e-01	2.259497510295056799e-01	-1.510704885049575161e-02	5.985640947591815142e-02	-8.434878406361318026e-02	-1.472913264702761793e-01	-8.048917825391319059e-02	4.716862838145997883e-02	-1.031197557081960231e-01	-5.017088250977474323e-02	-2.549429551906308711e-01	2.982617062525891316e-02	-7.207753687595926106e-02	3.350843772826444383e-02	-1.594206517386018152e-02	-1.782139854685792224e-01	2.532393898281323080e-02	6.647603340636440428e-02	2.517037941773574497e-02	-1.851649484476828311e-01	-2.053741698375731450e-02	4.481498281393731659e-02	-1.774045128000863517e-02	1.843918350129682138e-01	3.190557956052728766e-02	-5.714265741383135061e-02	-3.532910435177779446e-02	1.767108728421865893e-01	6.300607378247485846e-02	2.405721599851879961e-03	5.074620548126594632e-02	-1.770224571217173526e-01	-4.912907845637311255e-02	-5.880135083198986118e-02	1.439516747583643660e-02	-5.534068455299236133e-02	7.727064564555055984e-03	-2.531691480275721773e-01	-1.555625567311058055e-01	1.094264434163886301e-01	-1.283701639686535556e-01	1.253299111314126464e-04	9.626592610523856952e-02	1.057244594983416108e-01	8.802726352887882411e-02	4.090297859512805057e-02	2.303129830652921872e-01	-7.351869003473421316e-02	1.362859384834489151e-01	-1.633769549784412980e-02	3.452023034861617656e-02	-1.602705373974411263e-01	-9.761206909890457820e-03	-5.691265837086412899e-02	-1.450435419913823597e-02	-6.688234176189945812e-02	1.073066954047259686e-01	-1.355144947912235442e-01	4.193418342964200241e-02	1.452478525844139688e-02	-6.445849041820288228e-02	-6.769617105652897537e-02	-9.167763008858888230e-02	-6.507243919823887945e-02	-2.684622193732465883e-02
-7.857256621916304251e-01	1.256925997119253902e+00	2.923285653964404762e-01	2.558326249555779586e-01	-1.128040901014099484e+00	-2.652961279373001746e-01	-5.574739619772208776e-01	1.782371517508383851e+00	-1.862949062547542278e-01	-5.044700013820363482e-01	-6.977976868799847798e-01	-3.302940667000914821e-01	-4.285475554541981480e-01	1.186002923406248133e+00	2.977322831293519045e-01	-3.486772649729208418e-02	6.461372682580924023e-03	1.227968292766829644e-01	4.954311214568562494e-01	8.089542267125199304e-01	-1.117530610691719550e+00	-1.693944759957195789e-01	-1.248357859528984593e-01	1.852734487946232009e-02	-2.584701036043143274e-01	7.468633632135762701e-01	3.322660071791880276e-01	3.606206978632082172e-01	-5.315695512464930772e-01	4.671617903977593605e-02	3.150372948211425661e-01	5.844805855019784974e-02	-5.081508124048592645e-01	-7.832397084460955561e-02	-1.766760444414233466e-01	-1.583323720210023239e-02	-6.299301435193982446e-02	8.340742293408205665e-02	5.782069015261455114e-01	-2.168041447758226881e-01	1.856818829276152549e-01	-2.792720919356233567e-01	5.722813622791757954e-02	-4.308128915736262332e-01	-1.660469330182347547e-01	-2.124214464416910308e-01	4.342723017217058751e-02	-1.240684904007288009e-01	-5.556116443033606161e-02	-1.196668076678400611e-01	-1.488787588074661217e-01	8.255704946482950168e-02	1.167161385341000529e-01	-2.669110417110914235e-01	2.512631186009006701e-01	7.666772002433745736e-02	2.370036025179100489e-02	-7.890531170945927486e-02	-5.592305565349049365e-03	-1.238490176414455135e-01	6.486070240991900770e-02	7.340438657778568243e-02	1.539024029104645586e-01	-2.904798831906451606e-01	2.241097024254089243e-01	-2.655254490198543094e-01	2.356992728207016885e-01	2.960440137192617005e-01	-2.953795212798770997e-01	2.063941712132218165e-01	2.108712617599620837e-02	-1.802650156217205091e-01	-1.052525083929782002e-01	-1.951271770871040590e-01	-1.275444409410050051e-01	-7.239529548809950366e-02	4.283545908297386323e-02	-2.966212500387450102e-01	-4.577770384944102738e-02	-5.527820983402325500e-02	-3.594578366530512548e-02	-8.163758340765844834e-02	2.434427103379545598e-01	7.712438412896450990e-02	1.767623631744240018e-02	1.851742184129511748e-01	1.190727253142417896e-02	2.809060192470995698e-01	-1.293002246284546131e-01	3.805641682523559777e-02	3.223495941930061282e-01	2.199295136641939430e-01	2.907063183332300391e-02	3.901194671059087654e-02	3.823997711899712049e-01	-1.258385815774139271e-01	2.710498237737523630e-01	-7.041990121673367964e-02	1.094425271932077393e-01	1.980549727244157454e-01	1.011704312797230138e-01	2.825429706095021823e-02	-9.664438862745516889e-02	1.037191615093826375e-02	-5.028684825318049251e-02	-2.766955153526167721e-01	-2.397676196616787582e-03	-1.646634228902908378e-02	9.742174198145402142e-03	1.293345840570385152e-01	-1.079454589816428688e-02	1.792476830020971468e-01	6.132791552655262463e-02	-2.559591446637644596e-01	3.081341354157624262e-03	-1.195754618449766382e-01	-3.019187386229462908e-02	-1.053409026741957966e-01	-1.060706252881822853e-01	-7.875874063768731337e-02	1.324353493846690440e-02	-1.469649600493310171e-01	-4.553692878562586727e-02	1.703447228485061304e-01	2.498752176627241639e-01	3.578836449604818476e-02	-7.128488401936801215e-03	1.002054307878826218e-02
-6.097009531919150849e-01	-2.550117485726796751e+00	-1.381109965006289964e-01	6.954604755789572934e-01	-1.697673478749276432e+00	8.842020883979203605e-01	-7.105034183876464404e-02	2.814531576088660780e-02	-3.571780134209105451e-01	-3.918271943255459411e-02	1.880054355549932166e-01	1.360035306979929803e-01	5.100990732963672780e-01	-4.262551055700516400e-01	5.448193802907419503e-01	3.349921924134476731e-02	-2.780170597344670536e-01	-1.026051293346292859e+00	3.370479014128504036e-01	-5.229249849554054030e-01	-1.877133421560113480e-01	-4.394115563307872396e-02	-5.989167030939889641e-02	2.206775322265856210e-01	-3.159393386138172749e-02	3.338595974877507921e-01	1.003730380490577695e-01	9.010393421321885588e-02	2.461665042993790020e-01	3.788384671952841898e-01	2.733313872278232953e-04	2.490441728940586963e-01	3.760207171386941161e-01	-1.063289838383002506e-01	-1.480064264928021567e-01	-5.434147041652657995e-02	-1.550637551922441348e-01	-1.062902125065496306e-01	1.576920734830518922e-01	-1.111402391257521743e-01	-7.931754062313646492e-02	1.757012257184501214e-01	-1.437559403815146797e-01	-2.228968359092930451e-01	1.637450067955885658e-01	3.053035260421336217e-01	7.747382538286230400e-03	-3.447010485331151730e-01	9.034177300889791040e-02	2.687528767096869498e-02	2.623206749849230079e-01	-1.295601933148401441e-01	1.440918789445403136e-01	-9.997490438427188153e-02	-6.861912825159428853e-02	-4.130421817122400391e-02	6.748891175936261311e-02	-4.033519710362701988e-03	-4.020821814600096245e-01	-2.930299278362172299e-01	5.397720106081344178e-03	1.517850924816687153e-01	-1.048186335661877994e-01	5.040064696439119224e-02	1.802541364350050690e-01	3.140662941275650533e-03	-1.475366105354715129e-01	-2.191292679906755025e-01	-2.063571271710919197e-01	-1.225626373980429618e-01	9.828655801371527501e-02	2.711577652166747860e-03	-1.851207472753554628e-01	1.992617793441573207e-02	3.708836459933448348e-02	-2.958458730127483949e-01	1.431931337158148243e-01	6.690281249133241126e-02	1.104809625316695160e-01	1.876106424587707378e-01	6.118710934563695997e-02	-9.638702087686248920e-02	-1.484587344441069823e-01	-2.647159674281648889e-01	1.220784653190278568e-01	7.919496951195360845e-02	-1.698423856743935811e-01	-1.686775068664309873e-01	2.080918131514441702e-02	1.761254118227848636e-02	4.535854985636011277e-02	2.733993391694304331e-01	-4.070885915591174881e-02	-2.169742021495916495e-01	6.291740109976597106e-02	9.871074243274369220e-02	6.258448686602241517e-02	-1.802383678432602221e-01	-3.977096137837390910e-02	1.802234423923860240e-01	-1.115622556424396977e-01	-2.424427569569397381e-02	1.878396515237801614e-02	-4.481795208416945037e-02	-5.199990215404586696e-02	1.955598673130566345e-01	-3.718094381590309611e-02	-1.045640647028062004e-01	-1.428023581299639119e-02	1.068116757356616653e-01	1.615284223375561823e-01	-1.568608923427252388e-01	-1.678306588670648303e-01	2.123406129676198590e-03	-9.921500479347834800e-02	1.225232544009844937e-01	-1.764415181749338368e-01	4.574784949073058132e-02	1.167847422175626176e-01	-1.235358373917117003e-01	-9.601866990670118729e-02	-5.886124764332657106e-02	1.551342151947022185e-01	-3.461607728623891916e-03	-1.954864348193662005e-01	-1.935268237003735237e-01	1.239659708636583479e-01	1.112017598091670362e-01
-1.079176428594607495e+00	-2.551688668312517283e+00	4.523209957151084759e-01	1.020330084540041815e+00	-1.831447465760712934e+00	-3.570564346927630472e-01	-3.299369578499006250e-02	-4.396318266343487990e-01	-4.467158968776808181e-01	2.689247547352738299e-01	5.509335819812579693e-01	-6.014733125316561180e-02	-7.986324192230220831e-03	-3.745660322890058680e-01	-1.373633167188924031e-01	1.927535694589973259e-01	4.834123893157816210e-01	-1.478952852778046556e-01	-2.015471552614888362e-01	3.731497763800404460e-02	-1.734483124318503822e-01	4.924025738297519439e-01	5.981331460968757341e-01	-1.028695062197141630e-01	1.897388628820066425e-01	1.666568170420653361e-01	-2.151705275416380680e-01	-2.548177168953534855e-01	-3.121961184083802410e-01	4.045746641072632543e-02	-3.654548654977006483e-02	2.877069725876808537e-01	-3.288844386324461105e-02	2.101011162218494877e-01	1.555121328758091725e-01	-1.202961831558098105e-01	6.248699055459994850e-02	2.339181214492322691e-01	-9.305578027991084911e-02	-2.683974379120137588e-01	1.522675113019152093e-01	-3.452480393837507044e-01	-2.840595924627556390e-01	1.146400673995110336e-01	5.241243563366208141e-02	1.935310083267531012e-01	1.058804239999457282e-02	3.463668993084351860e-02	3.290344597421462208e-02	1.792451917636500858e-01	7.973625731931030525e-02	-5.394526045262388464e-02	1.435594389345311132e-02	-2.135597030559164555e-01	-4.382610680788372876e-02	-3.121265024978581160e-01	-1.168082002993603291e-01	7.845668331611294066e-02	1.721154104281047426e-02	1.398769845381600818e-01	-1.467165104801854414e-01	-1.768618163530086274e-01	-2.992312182400238413e-02	1.121864145749676828e-01	-3.758012167902042289e-01	-1.133602749799316883e-01	-3.991276888213969587e-02	-8.105973241733946399e-02	1.604846984262705833e-01	-1.330814088581104282e-01	-1.765712593648051387e-02	2.590754947549330778e-01	2.587502755205028926e-01	-2.295566503065107067e-01	2.633758172585185520e-01	-3.338383552330734250e-02	-1.130035815282132844e-01	-1.254371649536905053e-01	4.035455439213054239e-03	6.355413138000003126e-02	6.879884443487899182e-02	-2.627802420742758605e-01	-8.900305013465226178e-02	1.905660161803735819e-01	1.331419815635628001e-01	-2.266092733780613808e-02	-1.269804481587622491e-01	2.111289618409970259e-01	-6.657145414578362688e-03	5.960715205384359804e-03	2.756702837593459632e-03	1.109368563780545602e-01	2.571685992294001077e-01	-7.332423959890220500e-02	1.711897019206240836e-02	-7.975975562581456846e-02	-9.512138319069025905e-02	4.974293533278622420e-02	-3.827565315112765182e-02	-1.278680826043462893e-01	5.405722325487361674e-02	-1.036009959716793633e-01	-2.244374120497282243e-01	1.465784832649545955e-01	1.723381621321304902e-01	-1.502701818877470452e-01	1.231131571332752528e-02	4.494619134486622924e-02	-1.744125188634323420e-01	1.481776059410790103e-02	-1.182303970138850746e-01	-1.712574021553660564e-01	-3.953104326022349735e-02	-1.275478735225804225e-02	9.207709852208886825e-02	9.225127177609360185e-02	4.948515455670176449e-02	-6.276178911237249858e-02	1.569277193629694256e-01	1.304247544404175951e-01	9.520697024860069746e-02	9.033157441275098051e-03	1.374686919402317575e-01	1.649051836047899997e-02	5.777399283995082735e-02	1.174392698325634615e-01	-7.598793012020739826e-03	6.596730350992520420e-02
1.646600026260994776e+00	-2.047514254219803487e+00	2.239801562142180735e+00	3.412735964333024619e-01	1.825986065476327580e+00	-6.287427218053492917e-01	5.018775676558002719e-01	6.159862281593632138e-01	2.726474985924057792e-01	-1.182384540684403795e+00	-5.743946801694747029e-01	6.027817552503752507e-01	5.818039212497692070e-01	9.866458011725752486e-02	-2.381160320775945471e-01	9.660214060829104277e-01	2.298886729609556090e-01	5.684962922815515185e-01	-2.988116388268786949e-02	5.625319780336740516e-01	1.556595000365785242e-01	-1.910141965347609827e-01	2.641103410521169481e-01	-8.312001583666435156e-01	7.615652556893514058e-01	-6.225579832692064164e-01	1.146319085967443113e-01	6.496802546289506264e-01	8.437353839275678613e-01	2.623163866008880185e-01	1.535761369813470542e-02	-3.114351432995271507e-01	-1.988484142315423420e-01	5.581759601924779490e-02	-1.817154749847969264e-01	8.636099541871117280e-02	2.578817700657015655e-02	-1.793833274961340596e-01	8.611941005024685847e-01	-4.486086579969918997e-01	2.307528131144827854e-01	2.713477344369907285e-01	1.264192717113695463e-01	-2.400624734611436495e-01	-1.693427225894934274e-01	-2.984593533391886044e-01	2.094933344443564716e-01	-1.035928661084351554e-01	-1.168945065988224730e-01	-3.204155421089720512e-01	5.310379700132175085e-01	-8.567971104929297810e-02	2.767697632651340278e-01	1.651655589242409516e-01	-1.012049111614792829e-01	1.348169922326149517e-01	-2.191310466469337803e-01	6.017294775492616071e-02	-3.692531232466832875e-02	4.339089407103188245e-01	1.671587691214056204e-01	2.287642824257069829e-01	1.545483447736776816e-01	-4.867279631369430398e-02	3.077460317582042526e-01	3.019441197295302803e-01	3.936976365655610322e-02	1.190778930934099367e-01	1.085685820954055553e-01	4.062861948609013396e-01	2.024586285974380728e-01	2.410698964950519149e-02	3.277578883639552521e-01	4.295836598355570191e-01	1.958230511587178146e-01	9.589527683512764911e-02	4.303438358345151316e-01	1.774290034100608690e-02	-2.955543655524373592e-01	3.707376665003628835e-01	-5.660830203608964439e-02	3.339062829095988394e-01	1.193701181488899254e-01	2.335482827332417965e-01	1.892473628938984853e-01	-1.897569228341535741e-01	-2.955371396649997262e-01	7.426627795050554093e-02	-7.854549177265794657e-02	1.676168773963026548e-01	6.536336353400962196e-02	-1.239301127244384626e-01	8.985545502925636197e-02	1.951889881900229218e-01	3.090251255254991558e-01	3.889326459689203958e-02	4.237971620850196006e-03	-5.634331362444800623e-02	1.100762473251256646e-01	1.613199255809397437e-01	-8.839673098216592473e-02	1.864595214428529379e-01	2.310072252831041686e-02	-4.663745651507255480e-02	3.274570654429315164e-01	1.954471384606842332e-01	9.139052013167445199e-02	-8.486498894605230825e-02	-5.068610414714690843e-02	7.182103440043738352e-02	1.933689631888331206e-01	1.604962450861822654e-01	-3.944809536584462095e-02	6.509391946530398987e-02	-2.563341615565408738e-01	3.817206362459913543e-02	-2.156548839017067079e-03	-9.136859604570216065e-02	7.778904099185832144e-02	5.757546813285500942e-02	4.001907174001571171e-02	9.609816631955747646e-02	1.044178936948318877e-02	-1.002361603828596653e-01	1.235654312704120503e-02	-3.704627931036540145e-02	-6.901216242768235150e-03	1.875959475127308984e-01
-5.125071517509713903e-01	6.597258294871257700e-01	-1.615983285380055756e+00	1.416634594602306674e+00	6.127507458085902359e-01	-8.251594120742365979e-01	8.303525513196090557e-01	8.019102517213848591e-01	-5.363767532914056613e-01	1.977509024241207169e-01	1.527023027631941865e-01	-8.360723476666779286e-01	4.539741758066589417e-01	-1.001536446980726636e+00	-1.193953361312780403e+00	7.403382389474282010e-02	-2.120219067638373922e-01	2.078652390557036433e-01	-1.245342074323534165e+00	7.604889450444941579e-01	-1.740718472646110571e-01	-4.717783161588200991e-01	-2.019209989291272100e-01	1.015069484373864600e-01	-7.718786440567182439e-01	5.493986037700806201e-03	-4.685958862515827161e-01	1.892338932728933332e-02	8.033831300797189545e-01	-1.896827700249748838e-01	5.110424856749303801e-01	-2.446089862578775809e-01	-4.000037246693841780e-02	5.534390496861284481e-01	6.232778403028922665e-02	2.139883669719598869e-01	3.013485376324410714e-01	-1.141609893978483142e-01	1.891812203428583639e-01	4.053895261718544196e-01	-8.068412063104088983e-01	1.328109054809872014e-01	-2.833210889143855660e-01	9.605960634530007203e-02	6.216226908023367997e-02	1.854060062553958554e-01	5.199876474935854337e-02	-3.673850919508760138e-02	-6.425039415594390180e-01	-7.938490942736435574e-02	-8.075804481480637342e-01	1.089371411287615304e-01	3.688848147884302153e-02	7.635881158628186061e-01	3.958200445553104220e-03	-4.543136464508465422e-01	1.200620772256941887e-01	1.308757365044777854e-01	-3.795685624000720571e-02	-1.527624201477933985e-01	2.681002521720636245e-01	2.530059322600400340e-01	4.498278156329063582e-01	1.577209869499757167e-01	3.788725859755474185e-02	-7.138088441358983460e-02	-2.847574953343601917e-02	1.149787729372214740e-01	2.543968200575066341e-01	2.596310820243756187e-02	-7.507120334550336505e-02	6.871925312902187055e-02	1.803095596009482438e-01	-2.441146473141340631e-02	-5.586514819965332501e-03	2.985022349468777897e-02	3.467138108869957658e-01	-3.840065373369073165e-01	-5.173725730919064708e-02	-7.353597441087132702e-02	-2.941127635628464354e-01	1.076719355094232777e-01	2.790916816319530813e-01	-8.265195902685257279e-02	-2.080949836809332931e-01	3.457491426013221264e-03	-2.706871788550668234e-01	-9.799924229201478765e-02	9.483703302203849717e-02	2.943075169582454187e-02	1.438568410060126201e-01	6.818896315686016896e-02	-3.523850374386038320e-01	6.107255880839255330e-02	-4.907342024710237283e-02	4.735377524348691192e-01	-2.140215496777054527e-01	2.219389589409439256e-01	6.996774377413897406e-02	-1.175420378513914454e-01	-1.149896552416370121e-01	1.295362838519775739e-01	6.152780764531459723e-02	-1.007997967664133465e-01	-2.373113438495622618e-01	8.280945141200075910e-02	1.068028053410212952e-01	1.143043018353698953e-01	-4.283915464853516042e-02	2.114748815637084167e-01	-6.960994722044623606e-02	-8.050447646100321319e-02	1.180132380569317158e-01	2.662069558298824079e-01	-1.027853930193576154e-01	6.221917154900034885e-02	7.942311095701891366e-02	1.483557947549640939e-02	-1.021358000797654708e-01	2.161823251065561058e-01	-2.448013292691869069e-01	-6.088156662544899622e-02	9.213457605917831084e-03	1.716453763953465494e-01	9.960386444056364141e-02	-9.070784599837614093e-02	-1.068521248929032164e-01	7.355683013672310866e-02
-2.516424031918748638e-01	1.530889432297724007e+00	-2.517008650937347713e+00	1.906877816203270404e-01	1.856952084044179718e-01	-1.198338445184599504e-01	6.242047766900702399e-01	-3.756761698746171052e-01	-1.037259665989789248e-01	-1.939276416280021065e-01	7.702956652102020962e-01	6.673346283150728420e-01	-1.075232019179557907e+00	-1.571784580242443052e+00	3.868802418566580359e-01	4.596570087798872439e-01	-1.041667159429928935e+00	-2.790371887699418241e-01	3.556468340423820096e-01	-3.251766498204651801e-01	-2.841806936503349923e-01	-2.450575139467051355e-01	3.691852045829331908e-01	-3.977497506724893550e-01	-2.009207126566757706e-01	-9.194970487398918327e-03	-1.438325035370920935e-01	7.116243292781242458e-01	7.690469361715323027e-01	-4.786639733035985556e-01	-5.516540889413633630e-01	1.579253853570106725e-01	1.047125456300438961e-01	-1.844036130913944416e-01	-9.973764695662852564e-02	3.474079724498613242e-02	2.914131309753415500e-01	2.326393577443218730e-01	-5.433063686772380274e-01	8.033470535762869680e-02	1.038498854246302089e-01	-3.461541045960006557e-01	-1.321900409912503960e-01	7.557732289528165115e-01	1.719617334501733763e-01	2.308356523315436559e-01	-5.115784303273466366e-02	3.257398348215817530e-01	6.971064386989750394e-02	1.978514984504054774e-01	-7.898246391068440564e-02	2.930298368904988293e-01	-3.859269121645853007e-01	7.378975905293366777e-02	-1.234086796564194261e-01	4.266352071388839623e-02	1.898356522998377316e-01	1.533860468917031816e-01	-1.046424570740734222e-01	3.226696809614608696e-01	3.877666937671836456e-01	1.687658016718928955e-01	1.641547622341429369e-01	-2.815104153277990170e-02	9.659100292913530561e-02	5.388781903663448780e-01	7.093966703092240145e-02	2.176223957353810856e-01	-3.170776153990390728e-02	2.219132600500117736e-02	1.760178119513159667e-01	3.738362156380107826e-01	-4.064963869688270059e-01	8.898803890375953096e-02	-1.451041188532647963e-01	-2.958217332576481007e-01	-1.436164141546178441e-01	9.349767660743957959e-03	2.656487799969802222e-01	-2.040326626907866814e-01	4.888640562181905125e-01	2.740181905474176061e-01	1.806865619893475161e-01	-3.315543881983253338e-01	-8.818249096586702751e-02	-1.006517105907625137e-01	5.282507401744909736e-02	2.234751616267601770e-01	2.911720482080523142e-01	-1.340587144107089346e-01	6.121945998162118402e-02	9.219726984702560080e-02	4.166720662434915123e-01	1.363226558568957358e-01	-1.372662899112310209e-01	4.872604838152581053e-01	2.576440743326540161e-01	7.922497840924219714e-03	5.141471159899794335e-02	1.770442106646720123e-02	1.127282033550444131e-02	2.007715576725630779e-01	1.054974421340351826e-01	-3.963876670376711292e-02	-8.453360553077891859e-02	1.738355680608923842e-02	3.452349674118638245e-01	-2.040510432778956107e-01	-1.143776459528862699e-01	2.954468119327138473e-02	-8.754129370553785650e-02	-1.879040142004194669e-01	2.522692314515903034e-01	1.692272367174561254e-01	-2.669773334962410316e-01	-1.878909940881167417e-01	1.836843702965607755e-02	-1.941278854727687686e-01	-4.262898350810927217e-02	1.238064056305339250e-01	-3.718018044977735442e-02	7.159565660550398780e-02	7.229256771859779440e-02	1.578383173190991418e-01	2.596614802941386857e-02	-6.744047045782606414e-03	-2.781429273324527440e-02	-1.336670986712973908e-01
-1.720582828497913275e-01	1.487086089874647792e-02	-1.740575452046028371e+00	-9.643139733267470648e-01	-1.100097501064497107e+00	-4.085069250461116352e-01	1.599545325251036543e+00	-3.001116761764243898e-02	-2.097809060410540660e-01	9.848102769944699908e-01	9.313219681305384690e-01	-4.955205318011162707e-01	3.360125370484171037e-01	-1.129197539674031275e-01	-5.678289737428043882e-01	4.989680995067460878e-02	4.731878971770335229e-01	2.660617026649705341e-01	5.151798231176492049e-01	2.974042226880533879e-01	1.591588698764322130e-01	-1.167365137714283796e-01	7.442041620000682256e-01	5.164435229992609538e-02	8.224132830780636616e-02	-6.978860942505521470e-02	-2.651412844480613429e-01	-2.211275671141696431e-02	-4.173837960511638245e-01	5.763474444051364109e-01	-2.125213013463634823e-02	-6.927446188705449481e-02	2.457190386408563965e-01	-8.183979393242094003e-02	-4.343499354151714731e-01	4.786388165568243591e-02	4.522308040436976428e-01	-5.949384183096635415e-01	2.326710042046939153e-01	-3.492070216040066843e-01	8.184960766861625048e-02	5.898535809327192653e-02	2.420934455082175973e-01	1.989828689638663550e-01	-2.961504326006821342e-01	-2.829586544002125614e-01	5.009763326764573588e-01	-1.812515690748500718e-01	-1.108362046317293119e-02	-1.481301363454927134e-01	-2.969682796992283852e-02	-3.518618833770865706e-01	1.670379885929825503e-01	1.047875034496789926e-01	1.694824954549801199e-01	-5.319863249323003584e-02	5.197569942281257127e-01	-1.619190619313221335e-01	5.165514448450325702e-02	-1.789474316262335829e-01	-3.401805530012468742e-02	2.450536792318979210e-03	-1.388518660096711987e-01	-1.291466970301508865e-01	1.591312147969858870e-01	4.358693897063984496e-02	4.201293932720492202e-02	-9.490454513537582848e-02	-4.143871775850315187e-01	1.077853328788485054e-01	1.764875010510587872e-01	1.706020415283421576e-01	-4.012302674171028954e-02	1.597121270482297628e-01	2.853789985157755005e-02	-1.058360635410736661e-01	3.086790922488509836e-01	-1.746459150418120387e-01	1.964828746540024373e-01	1.658182241974528182e-01	-1.477823836436801264e-01	2.279927014395591311e-01	-1.782955637276311400e-01	-1.322365411452224582e-01	-1.624542881234469494e-01	-1.143241870679143207e-01	4.307714781418733874e-02	-2.880744551947343746e-02	-9.729772629764835146e-02	-5.406239162421480615e-02	1.639078092622767158e-01	1.399464473023857014e-01	6.933744136255301505e-02	1.070482510109774504e-03	5.750356143263313929e-02	-6.675681170747367610e-02	1.684291420304184425e-02	1.008307665137150588e-01	-2.823880216213393579e-01	-2.541045950988949503e-02	5.848493874042326457e-02	-2.983311450134863985e-01	-1.337997208335338084e-01	-3.093213907350256253e-02	1.447133525287324918e-01	1.812333765175407063e-01	-1.270493736927788275e-01	1.243766533584222678e-01	8.293554734783090132e-02	-1.523777821448914493e-01	4.274787790553961214e-02	4.971689523384209553e-02	6.978132864583724837e-02	4.913981844754525957e-02	-1.731512178505352773e-01	-1.960925600225208454e-01	3.650250931042142710e-02	-4.643510486625058303e-02	8.388523619463005357e-03	-6.771758963988711022e-02	-1.918946791693488252e-01	-1.623610223253075524e-01	-1.152086726502269537e-01	-1.159648520072966427e-01	1.009864006663416802e-01	-3.193817912716481744e-02	-3.417016672712400172e-01	9.522288293161043637e-02
-1.084857713811043345e+00	-2.414821561114421922e+00	1.035584272653891968e+00	1.285110302448573494e+00	-1.134089478474448187e+00	-3.436243776716663145e-01	4.261899062664891713e-01	-1.442218660513406581e-01	-1.087678482597846663e-01	1.514670544817597331e-01	1.820771457353618006e+00	5.707233447627371170e-01	5.076903648756586618e-01	1.228436139195929061e-01	-2.498630327544255625e-01	7.588363118156424836e-01	-2.173556431886563070e-02	-9.564222672298078320e-01	4.533705264020792547e-01	6.986150354033797416e-02	1.874626701124245676e-01	3.896254618936121905e-01	5.991115043497046155e-01	-2.003754094881714937e-02	1.654308092699312005e-01	8.302128011200647639e-02	-5.496415312336097037e-01	-1.811275488233450026e-01	-3.546949387379069729e-01	-1.402455144759604533e-01	3.543119659442492408e-01	8.539840972043594158e-01	1.440398141355011263e-01	1.815162664222907951e-01	-3.142423283051607452e-01	1.609135135336888234e-01	8.602685500855354259e-03	5.967207461635488930e-03	2.857258003980690797e-02	1.808154576879998643e-01	1.132409586567060672e-01	-8.062120680123040228e-02	4.571758934199390140e-02	-7.789008939931053588e-01	1.281858124840817570e-01	4.557524608840019531e-01	2.157610491593418556e-01	-2.371993853249877438e-01	-5.581477915020836011e-01	-1.174433460552295194e-01	-2.120836011249250808e-01	2.830697754621231965e-01	4.544283628167950506e-01	-2.349376194425346620e-01	1.868932535835662878e-01	-3.529964138633613357e-01	5.675688764774489137e-01	-5.758517595840313419e-01	1.083684133957276280e-01	2.120368287803756913e-01	-3.563254969622399182e-01	3.778183946286765571e-01	2.261763292695292971e-01	-5.789842276062372450e-01	-3.960341670272223280e-01	4.221206013293372084e-01	-3.391760021658388191e-01	-1.436207791625723762e-01	3.370672573030621955e-01	1.126903400478893452e-01	-1.663576533866258367e-01	-1.285369349037461355e-02	1.982066933256032004e-01	-1.242058429077905479e-01	1.280865872332060118e-01	-1.014334280036549713e-01	-4.931190816500107266e-01	2.843868735654890845e-01	1.695065364088148840e-01	4.583567896563034427e-01	-1.136060193078126668e-01	5.009871791010220288e-02	2.855076513499570923e-01	1.246077591803772672e-01	-2.052968815279110903e-01	-2.455280186585265256e-02	1.227308225223459198e-01	-4.447614479745710253e-02	-6.749073368577944432e-02	1.938575822089396439e-01	6.275578077879394312e-02	1.991698789102938350e-01	1.103395600509328167e-01	-6.791389010612025601e-02	1.298804513508721725e-01	-7.939435327096787398e-02	3.120047371762927901e-01	-1.188484095656936468e-01	1.495743800836051851e-01	-1.451835607534864292e-01	1.997018546121489060e-02	-1.321634596742326251e-01	-2.389591910202865932e-01	6.224441380913802585e-02	-9.658343844492146835e-02	2.696156128157137788e-01	-1.580646366166563177e-01	-1.152243236131039877e-01	1.184292358452362359e-01	1.487287541002969005e-01	-1.741799448634211434e-01	1.059200271465080834e-01	1.442807533228173122e-01	1.377475404922387792e-01	2.710312371143880350e-02	-4.827207507630720124e-02	5.596153193862369452e-02	-7.251702943846960459e-02	-1.100564616999906986e-01	-1.048870133398821373e-04	-1.837206530272398816e-02	-1.243960776202572976e-01	2.601030168439719126e-01	4.719007680949341421e-02	-1.901881290793623336e-01	5.359492466480009903e-02	-2.101275515869961696e-01	1.361336330853668564e-01
-3.780112324670070745e-01	-1.719131341426840986e+00	-8.036749124730911964e-01	-1.108624996268491314e+00	7.814053190488997602e-01	-1.749857550043958931e-01	5.096825063105828724e-01	3.154092903441449991e-01	3.016400184701886200e-01	-1.655546655106674425e-01	-3.965377496992082418e-01	-8.342833295459718412e-01	-3.277567423931987411e-01	-6.300169037596966559e-01	-3.121801326565836199e-01	-7.066482598658294645e-01	-1.792582561974780941e-01	-5.090821415000847949e-01	-9.655137762803233104e-01	2.240175771919416040e-02	2.702017284213412140e-01	-4.368250345460316653e-01	4.028385884021867258e-01	-2.090088107128709183e-01	-3.434575457547769384e-01	1.527397001123780712e-02	-1.262808388386096048e-01	-2.657428979418242077e-01	-3.366817880811738828e-01	-1.259182384653562137e-02	6.715421897297620124e-02	2.444515108762847777e-01	-1.841285517396496763e-01	2.768245945614918394e-02	-3.208235629542334488e-02	1.505382864998683692e-02	2.772450232353628266e-02	-1.308004880679618787e-01	2.876568940290316623e-02	3.109065016104279877e-01	1.783823922137199851e-03	-1.794371588403649020e-01	-1.025129326826093312e-01	-1.607642458567820065e-01	2.490381665172429482e-01	1.256554005078285574e-01	-4.761217361458014441e-02	6.469291144898864365e-02	-2.437084508419580242e-01	-5.146578892279412426e-04	-5.697055378444449564e-02	1.769010267331150021e-01	2.199623995295314494e-01	2.980942641633426149e-01	3.018480259493841467e-02	2.357065147639106351e-02	3.081502683735766746e-01	-1.924300989558217628e-02	1.046426862693236037e-01	1.429568991797778021e-01	1.348619633325681133e-01	1.681477154884477004e-03	1.651375086633703748e-01	-2.715093533739960652e-01	1.240910217397038634e-01	-5.477770805021858758e-02	-8.578225933337693676e-02	-6.101844309250993581e-02	4.621770726274900681e-02	1.502408065507650492e-01	-1.084428918661091007e-01	1.320830310140042596e-01	2.266863196629274324e-01	1.578855227169295716e-01	-5.370276004541629095e-02	-1.107526144199222490e-01	-2.105397188163642408e-01	6.313798484301279268e-02	-1.880827889998061553e-02	-1.018806435402313665e-01	9.868658533142157796e-02	8.977635091448410778e-03	2.946140791073418100e-02	-7.616831179753445757e-02	-1.081726877861416553e-01	-1.319908615088664361e-01	3.348047679273918192e-03	1.984413671355693132e-01	-9.244761750195186478e-02	2.169849818182119361e-01	1.248298138306641256e-02	-1.317384961234507046e-01	3.825458755319761234e-02	-6.332179929718972922e-02	5.284922907451263668e-02	1.172725050644576605e-01	-1.426235101052895360e-01	2.150609235338035441e-01	6.039593132446793161e-02	7.484181497845494857e-02	-2.070002955552234600e-03	1.072927296031764843e-01	-5.516773606452501921e-02	2.137036928048046680e-01	-8.638743764858099194e-02	-1.685091994889120065e-02	2.220829217834141833e-01	1.099461173618897919e-01	1.545894040903998956e-01	8.198259471704751056e-02	-9.132512731397145200e-02	3.804996983204787103e-02	9.807351812992542994e-02	-3.352697556955713809e-02	-2.142244718010407889e-01	1.432974405512927041e-01	2.769273962619185278e-02	-1.066847702966914613e-01	-5.452173374436837527e-02	-6.745657467237478611e-02	2.155402986975466506e-01	-3.674432284978596669e-02	-3.261997781809425345e-02	-8.367094702228310144e-02	1.215982576170345636e-01	2.024500140936618120e-01	1.798467578688855983e-01	1.243446287017170027e-01
1.508659446877495869e+00	1.243043000308746926e+00	-6.014689350274835533e-01	2.135297603284501022e+00	2.309991167301682635e-01	6.869928108212983719e-01	-3.216655462706237423e-02	1.826107460070336697e-01	2.469409327228036244e-01	6.602830993639761947e-02	1.522488025647487919e-01	-2.873709241133743375e-01	-2.108501989583769110e+00	-4.997954537014501208e-01	4.447808258001423876e-01	-4.166352557270318058e-01	-1.086088568608631455e+00	-4.826811156505692590e-01	-4.079498475452385531e-01	-5.861726957392429105e-01	-2.238042016124457967e-01	-1.045009437333880437e-01	3.288618704517582425e-01	-2.889835691355641667e-01	-2.429763039936076729e-01	-2.616423760030083256e-01	-5.459515984815199729e-01	1.595572196892907912e-01	-1.595942273230085626e-02	-8.273012382730679515e-02	-1.362968736615872423e-01	-5.141903621096327592e-01	-8.535614403834393404e-02	1.010175232364462911e-01	-6.479498806849852688e-01	1.016890504774262460e+00	-1.737240181479889622e-01	-1.529376090634946006e-01	-2.235521923426127266e-01	7.008591207095486997e-01	2.517827928407775917e-01	-5.848072074290883160e-01	2.964054885455226773e-01	1.130851522403124136e-02	-5.680961130753118399e-03	-2.432394615345949973e-01	2.210844059254140070e-01	8.256630895464069086e-02	-1.561432047852609195e-01	-5.869757313939024668e-01	2.672657163613406314e-02	3.917765533650228726e-01	-9.438650568291424847e-02	-2.183717647979681598e-01	-1.134675142966003053e-01	1.736380627244742125e-01	3.938763349866508667e-01	-1.755224506579481925e-01	7.068235006018838695e-02	-1.061480649528823705e-01	-6.250532429949463564e-01	3.895045292683703420e-02	-2.499799923909094557e-01	1.052556951426391468e-01	5.267945804079610106e-02	-1.172218590399111832e-01	2.467218690488359178e-01	-3.553710200901789018e-01	3.721494651025099992e-02	-1.093793977214000263e-01	3.437239495872230766e-01	2.590943006767731371e-01	1.621248074675871176e-01	2.206191805424292385e-01	4.453252204238868917e-01	-1.691910598310767122e-01	2.361331415140965617e-01	5.301537769133340960e-02	-5.746734133369727493e-01	1.608733688627717040e-01	6.700500873907638821e-02	2.634440595408886199e-01	-2.290461975162722263e-01	1.746252821113796205e-01	-1.747160936505664786e-01	-6.339740760920548057e-02	-4.957932071338729818e-01	-2.976686583958562116e-01	3.454088471811762179e-02	1.272411901236434328e-01	1.418370812960139393e-01	2.477662702577428377e-01	-1.285625193789517078e-03	-6.673518919212242939e-02	2.448966159376196883e-01	-2.317026135896720906e-01	-7.388769146261427168e-02	-3.363626115980025144e-01	1.733357752127591689e-01	1.410269370258784849e-01	1.230802513449340552e-01	3.705716627860137363e-02	-2.548473031717215509e-01	2.127028496623567799e-01	2.241120636664771515e-02	-6.191208545297461480e-02	3.104916072792389126e-01	-3.373077496133659869e-02	-1.326964496612669311e-02	-1.453892937308992883e-01	-1.019593960299327098e-02	7.303178911876435919e-02	2.815653286668323152e-01	3.389366533837742234e-03	1.609910800821064969e-01	2.300671536615513449e-02	-1.228282030411280423e-01	-3.692405814724971508e-02	5.837165819791213794e-02	-1.539500842225888788e-01	1.451768847058894363e-01	1.412825263522660135e-01	1.202257139376078088e-01	1.073151850408450014e-01	9.788904376871004898e-02	7.969512264757905307e-02	-2.878952944191853214e-01	-9.308008782160448469e-02
-1.576196505879516430e+00	9.466485869691130262e-01	3.641212400885229239e-01	1.630541265891794822e+00	1.951731544908376526e+00	6.162245322351476151e-01	1.205298477523495948e-01	-7.794801082472253839e-02	-2.278522379950588816e-01	3.234292860201398168e-01	-1.044180053511049922e+00	-1.296874197776238039e-02	-7.075630270538550703e-02	-4.009677607808590505e-01	1.130079348714234794e-01	1.334017743681818191e-01	6.381868290068439808e-01	-7.236601725485009018e-02	2.336605016144129021e-01	3.154647408626169713e-02	2.023324756565582916e-01	2.587297341335628720e-01	1.112164412245756837e-02	3.064768804438016137e-01	4.040353549513022169e-01	3.276744060495053179e-01	-1.955277947701708763e-01	7.909831148261333711e-01	2.145696062374082558e-01	2.119520097862182539e-01	1.415351371860772145e-01	2.430838689851902990e-01	1.116366586407870759e-01	3.746340143932810202e-02	-1.421746602508322521e-03	1.409118350449366230e-01	-2.336894474476177985e-01	5.155944084107758618e-01	3.798311192332169406e-01	-1.036223872523731326e-01	-1.085691978679384911e-01	3.836329397369939165e-01	-3.218902082540054388e-01	-2.035643395368938458e-01	1.902456998594655446e-01	2.123889161293684436e-01	-1.720283290140209032e-01	1.332349995018156097e-01	1.131845128030640885e-01	4.335117344145950069e-02	-2.591970221439658939e-01	-3.226004114438998926e-01	1.375032633050620179e-01	3.489809768397451883e-02	-5.058983469702502817e-02	-1.092259258157818880e-01	3.320297433278508042e-02	1.141329459224924014e-01	6.533941374178467432e-02	-3.347751034575835449e-02	-2.288908168563343892e-01	3.564475853472529043e-01	-1.864814501211357334e-01	-1.562486347064780956e-01	-2.629245175530550271e-03	-7.224542064760890170e-02	-1.272839227219817460e-01	-4.105727223417986876e-02	-8.990778036506449173e-04	1.513031777355736684e-01	1.146749880745649847e-01	-4.919859332832031695e-01	-3.671841254051732423e-02	-3.414993041470749252e-02	-6.346747323551378550e-02	-1.486318227818666515e-01	-1.567236407560208822e-01	6.036793787172878289e-02	-1.432038425592446207e-01	1.027588502586549157e-01	9.178993137825210147e-02	-1.355456223249541514e-01	1.944677565332208341e-02	-6.973128728608259108e-02	3.220072766492972083e-02	-5.124119516478869291e-02	-1.347398866379669879e-01	5.105735011427824099e-03	3.050652896428588529e-02	4.683841111236386467e-02	3.257285442052387237e-01	-2.469502435266297813e-01	-6.032034545473961840e-02	9.725580582015598552e-02	-1.309936874963245901e-01	1.297257415903983746e-01	4.477703475649767728e-02	-6.519458990216753236e-02	-6.614148682878555341e-02	-1.782617039353683319e-01	-5.046293506038097842e-02	-1.000768676234560506e-01	6.846326429372240341e-02	-4.681796745094091855e-02	-4.265793576745696009e-02	-1.478792724995142416e-01	-7.769439343888719096e-02	-1.157312525912380513e-01	7.924583831603750073e-03	-1.847556849138741464e-01	6.084222468820656843e-02	-9.837577690215998372e-02	2.574002700854296014e-02	-9.126785847051241407e-02	-4.181862901200138205e-02	-6.675228285010771645e-02	3.158785959731894577e-01	8.071068400583690516e-02	1.660212051506552711e-01	-2.537344906772175460e-02	2.013384121164296658e-01	5.140595343344001728e-02	-8.487672697461713656e-02	1.087947097770520094e-01	9.205740831217752718e-02	-1.587850243702507436e-01	7.713034484848597938e-02	-2.830311401437289945e-02
-7.118258296199531099e-01	-2.583809175650677581e+00	-3.386926498603707314e-01	1.064428627091982049e+00	-1.207327576747441178e+00	6.067332139993457663e-01	9.288821395842283835e-02	1.679439145678805478e-01	-5.587610191122832637e-01	-5.582855430099087357e-02	-2.359190998648376392e-01	-6.487319976529182242e-02	3.193190299724050218e-01	-8.270771819582620199e-02	3.049857064729681322e-01	-7.296861471746442229e-02	-2.128561066332874951e-01	7.982754609761923137e-02	-3.247972418228932401e-02	-4.348379207155509407e-01	8.449922200375428738e-02	7.101789743305618463e-02	-1.539555782444586574e-01	-3.565188218457397001e-02	-1.137420723002510910e-02	3.316976650506749807e-02	-4.558803291715527589e-02	1.947172396861761023e-01	1.117724368434112880e-01	1.561742013017692055e-01	1.826846359026070843e-01	6.462439178256738914e-02	-1.032287155265628475e-01	-9.273493953832893932e-02	1.454244821140444344e-01	-1.720098615691126043e-01	-1.956551032974553628e-01	-5.856364695783446150e-02	1.457376057315130091e-01	-3.203451191195875736e-01	1.135931413049670602e-01	-1.842963015955766670e-01	1.199319569278575887e-01	-6.382921814380414227e-02	-1.946004367545030866e-01	-2.154896856664171439e-02	-1.411486754410106181e-01	-1.290941676740172128e-01	1.083446083346139704e-01	-1.041578091726619720e-01	2.791761633892166361e-01	1.866655771279087939e-01	-5.945597984446052142e-02	-5.896818449450765692e-02	4.872125213081188871e-02	-4.660186159643844861e-02	1.525680999070090360e-01	-3.050893979613791482e-02	1.231804659063829993e-01	-1.136750512003875530e-01	1.564286040543839684e-01	-4.116047431964101055e-02	-1.175352937581066771e-02	-7.579533100144289839e-03	-6.624732194017773912e-02	2.376005070496150229e-01	-2.019082104454592713e-02	-4.882599354991030288e-02	-2.281691238014679768e-01	-3.125494759162063263e-02	2.260467269997413209e-01	6.910603805538902134e-02	6.460628518500881323e-02	4.740521612617579206e-02	-1.715773260479708934e-02	-2.730458906470618619e-01	1.689231957276305651e-01	-1.709325617255915419e-01	-5.215151173413598573e-02	-1.079803025896554497e-01	-7.534349403524050193e-02	-3.671136313510093424e-02	-1.499375875828647953e-01	1.500205586682477671e-03	5.636233705321483378e-02	1.521577975932997435e-02	-1.563912772283145847e-01	3.714164857670302494e-02	-6.361249769137335142e-02	6.739785940526601959e-02	1.328189392582873329e-01	-3.967576482752094291e-02	1.614518379795678443e-02	1.048066730969030858e-01	-5.924681182659494866e-02	7.919684549126496109e-02	5.670645838818622747e-02	-1.046564892697051385e-01	-4.274795320294082213e-02	1.285679135458712681e-03	-1.639826454591851793e-02	-4.512389421386995420e-02	5.253812620227070462e-02	-8.250325872332336941e-02	-1.918386315064052675e-02	-5.951349395313825820e-03	-1.232759611858391807e-01	3.712676627741092611e-02	-6.258768646711801442e-02	-6.138975264491374623e-02	4.030917061435347615e-02	-1.216679715651885207e-01	5.520713674960865680e-02	2.471469326312496131e-03	2.236365419761219553e-01	-1.315137726728107248e-01	1.442309346249952273e-01	2.343432210856920273e-01	-7.027036587113377752e-02	-6.882501152246112142e-02	-7.279725841502378281e-02	-3.821991431369217099e-03	9.655731934895505492e-03	-4.342289109527553564e-02	-8.738366995871507670e-02	-2.140814990904261195e-01	6.995670940556051286e-03	1.124821932388549422e-03
2.210800637064433971e+00	-1.417861227027143567e+00	4.337049775929464612e-01	2.221517386661741311e-01	7.142451794383144481e-01	-4.210498685030401034e-01	1.138066247327274905e+00	4.175952589737051968e-01	2.966746637902023531e-01	1.354663450073924913e-01	-6.056355903680723518e-01	1.102294074586760209e+00	3.809106585052786653e-01	4.951043931813824406e-01	-1.526354207963255723e-02	-8.163213108659152228e-02	-3.032255541706817548e-01	1.352327702010661103e-01	2.067878586842966659e-01	-2.974068896869217198e-03	1.175760175250934424e-02	-3.310376419539270976e-01	-8.000677389681639662e-01	-3.815337148943079293e-01	5.105592051086258604e-02	-1.664743699218316497e-01	-5.891064102573703720e-02	-4.460914603329279443e-02	3.486579102856893209e-01	2.997081561776399061e-01	1.575566962957564987e-01	5.288003745299946212e-03	4.223694077462326057e-01	-7.989755917347474146e-02	1.912640816167541780e-01	-1.912798138703159997e-02	-5.996584981678022841e-02	-1.807219004897636927e-01	-1.653268554802621582e-01	-2.764836030330753980e-01	-6.452050289399713368e-03	-2.874162319065697857e-01	2.989745066553330388e-01	-2.153701192925262520e-01	-5.785172198938527410e-01	-1.244477979970088771e-01	1.713409614840227246e-01	1.027164660920985295e-01	-2.998341493000565919e-02	-1.560444137622311878e-02	1.886001734151469544e-01	-5.474287633445526491e-02	1.426625572197887659e-01	-1.747013305446941389e-01	-1.090187402849605755e-04	8.097764598162644767e-02	7.793350137507226716e-02	-8.035317200393597703e-02	2.089538783110684306e-01	-2.945127887772588590e-02	2.187870478018365539e-01	-2.080602402287246300e-01	-1.944803895532136451e-02	-8.642559893565811280e-02	-2.907480677722561468e-01	1.661696433425945141e-01	-1.076837583872302800e-01	5.271885923246207722e-02	-6.881091726533224151e-02	-2.885100560646494672e-02	3.142383263956882722e-01	6.798685641019851233e-02	1.409271046976215969e-01	1.814534340619460839e-01	2.518072994750331691e-03	-3.451125048043217625e-01	1.165900385526416226e-03	2.269648446171538755e-02	3.219017640989279561e-01	9.616252091894192389e-02	-2.346380614334809545e-01	-4.866532428324590008e-03	-1.520236213767811317e-01	-2.896162465326347357e-01	1.154455666276210379e-01	-1.159937113790051287e-02	-2.155401813054825533e-01	1.662063372710770870e-01	-8.415419915650559912e-02	1.519520427521069694e-01	-6.786842999329621706e-02	1.181441719887394159e-01	-4.136482834504377759e-02	2.317679841189718148e-02	-3.363834556494935124e-02	-3.436898845307134742e-01	-1.523373785224911570e-01	3.371786729849362008e-01	7.591201219930270028e-02	-5.871593694917546374e-02	-7.571123515060318443e-02	-1.032702524341635453e-01	3.474719984512708582e-02	-7.836003397733481979e-02	-8.672475457921889619e-02	3.207690798419055717e-02	-7.877769977237407406e-02	-2.046596931002431230e-01	-6.522312234595717406e-02	7.533057673351758804e-04	-1.814487504391356087e-01	-3.338095174015917599e-01	3.446953129685301209e-01	1.971483362537526929e-01	6.104650515672071370e-02	-1.104937553407248224e-01	1.008418567323132731e-01	2.445313511236535398e-01	-2.183540999626086554e-02	-7.958573906837748679e-02	3.191542823979332151e-03	1.698071224620777420e-01	6.409103175330778390e-02	4.127989973066538421e-02	4.036730282609660853e-02	-6.030360665902895906e-02	-4.643146038763133060e-02	1.118429733851364072e-01
-1.542292157141320896e-01	7.243642983268080426e-01	-9.385329063336247390e-01	-2.669743718346613212e-02	1.704948423962892479e+00	-1.471107073060293757e+00	1.512471822131836729e+00	-1.192085619670359836e-01	-1.622501599843521491e+00	4.238294186956241827e-01	2.429915388091894723e-01	-1.264467527356832433e+00	6.526588741335943578e-01	9.442778196648609068e-01	-6.014606210173574219e-01	-5.914308211919144798e-01	-5.179902541099846713e-01	4.822708501506682288e-01	-9.764237392233536816e-01	2.051115404296099121e-01	5.705410295053485459e-02	1.809205860261020038e-01	-3.636354399222160860e-01	4.363965425281866040e-01	-4.143484989091533177e-01	-2.130458345292307598e-01	2.674706787941711350e-01	-2.578077077628358471e-01	2.424058416167903518e-01	-3.831400261311695976e-01	3.952308315259156490e-01	1.873602221608587082e-01	-9.891229814856046521e-02	4.071916068796252453e-01	1.691367681126225708e-01	-5.105944000237201408e-01	2.057344629560746707e-01	-7.535093282442703044e-01	1.791005441568598866e-01	-7.789546734427595931e-01	1.252244359133396212e-01	1.040092554869056357e-01	2.020620072470009077e-01	-1.849756559947893786e-01	-2.251445534122260839e-01	-1.875977648262185382e-01	-4.014032111052902585e-01	-3.304371903662898791e-01	2.704510216747190166e-01	1.737436324788663444e-01	2.449279982155239954e-01	4.412412976013553867e-01	-3.447196362485100973e-01	-3.444910866319955134e-01	-3.999853109306216736e-01	-8.504685681388198804e-01	3.534213860652836159e-01	-3.587033660979701000e-01	-5.276486075056921465e-02	-5.573131927286806980e-02	-3.183003942208471604e-01	1.881149463701786359e-02	1.999337340464765189e-01	-2.446648061204373947e-01	5.490239307708944666e-02	4.558607066249226181e-01	-4.286832128976321432e-02	-3.233719084689744977e-02	-2.331368348595759254e-01	5.351224545047456732e-02	2.245990854634263845e-01	-2.336911745952954464e-02	5.610719716270089891e-02	1.301238732321026992e-01	1.781467496579521859e-01	1.365830230152154656e-01	-8.383589137851336914e-02	2.106052516273982378e-01	1.146197212571679336e-01	3.315905880275712286e-02	-1.647230720219374778e-01	-2.214674064533184161e-02	-2.317400275917405605e-01	-5.752033165738192760e-02	4.212135330886211670e-02	3.283496299303419186e-02	3.678032275377884908e-02	-2.253618291896156700e-01	1.486137922917735998e-01	-2.189498011416126932e-01	5.090858907555319279e-02	1.015103359871587646e-01	1.534187900838367424e-01	1.582488058098477368e-01	-1.374169845949845536e-01	-7.518500026641875000e-02	-5.769253019357682699e-02	4.204447701122121517e-01	-1.027893358284702047e-01	1.203952281182233269e-01	2.077297119827479707e-02	2.762316657499309103e-01	-1.609105791121702086e-02	1.738596708615759989e-01	-2.809965133025160364e-02	8.867984376466393759e-02	1.273838356107484006e-02	5.099595601184218202e-02	-1.162853218282275669e-01	-1.586689777406037616e-02	3.237294200889127838e-02	-9.081438742853373269e-02	1.062391352351567675e-01	5.347845722389903047e-04	6.461325307413398611e-02	-2.541820209038615497e-01	-1.434014734907749222e-01	-3.564324463250896358e-01	2.136585597624728605e-01	-1.964957446225722715e-01	-3.532303318756065125e-02	1.664234124457622532e-01	-1.843879552846941217e-01	-6.802230042161375168e-02	-3.559636575761296329e-02	-1.481327212890237027e-02	-1.402918485217314604e-01	8.557858162255927229e-03
-1.585954842962972178e-01	-9.581370360271557196e-01	-1.658807442331929671e+00	-1.403985488336105814e+00	1.626556108725879246e-01	-5.347634764507038785e-01	-4.250564955857472071e-01	8.304224586873011349e-01	2.642073961964597761e-01	-1.636747495961083099e-01	2.376701554315248377e-01	9.852838597334846460e-01	-5.303431774596879533e-01	7.465213539257802289e-01	9.778664882243516543e-02	5.241604914657743697e-01	6.034371334677810506e-01	1.242397016954439048e-01	6.045604796436515604e-01	-1.246818331220035658e-01	-3.964074730114258149e-01	2.681746284249313383e-01	7.880912845498004859e-01	7.166352989278623742e-01	2.537025821191184471e-01	1.638661641488088350e-01	3.943854035918005208e-01	-7.166610981778440692e-01	5.115204928585826982e-01	2.662005379304978603e-01	4.309748910967779456e-01	1.663199781041346248e-01	3.742923888904294283e-01	-2.620028813111746624e-01	-4.057774720458907081e-01	7.083923221744926890e-03	-4.211054979476877569e-01	-4.331693113386815286e-01	-3.771488023041366655e-02	5.649173563556344480e-01	-5.971227623395843898e-01	1.509250323593200882e-01	-5.255053176245465529e-01	-2.552333133281023403e-01	-3.519399907801233907e-01	2.020400546373507245e-01	1.376625541480524725e-02	-2.894120076392188157e-01	2.640037476602822286e-01	1.645013934348425466e-01	3.346262828101864706e-02	3.908241190220930195e-01	-6.765461929566167765e-01	-1.238377511674602083e-01	2.000911060213766413e-01	-5.044552345322937947e-01	-4.204722331415453596e-01	-7.444997590481603478e-01	2.465491764894301718e-01	-3.937853835981934281e-01	3.446226661947977554e-01	4.229766413700723759e-02	-6.423455614676195635e-01	-7.559760091175776742e-02	-4.709602428830504672e-02	1.118802812331769758e-01	7.019042648411201457e-02	2.763720258019596310e-01	-2.880982087514206702e-01	-4.318818840290194472e-01	5.292216116002969144e-03	2.985728951502445438e-01	-1.206136842763983058e-01	8.557280689466902068e-02	1.053809042161710091e-01	1.634103728672007261e-01	-8.876425731761868054e-02	-1.660786397309706175e-01	-2.128434781842774570e-01	6.036070330032892312e-02	1.200964088566709165e-01	1.136551279814334708e-01	7.030506785951849691e-02	-1.288807388568443679e-01	1.616085081117161759e-01	-9.786161670166886040e-02	1.722036943105842155e-01	8.296010071044271350e-02	1.672349323505315788e-01	1.861604644790964547e-01	1.677861316923174861e-01	-9.457863239545523121e-04	4.742213543547834503e-02	-9.116101074404768523e-02	7.058569262385784582e-02	2.701856752461626043e-01	-5.197033912316458004e-02	-1.024577160144650029e-01	-4.365772409177899605e-02	1.700659260429995823e-01	2.015328434802953275e-02	2.216224029382179161e-01	3.192393623979384448e-02	-1.348861233351610900e-01	-2.224728559235461881e-02	1.049603472449524844e-01	-2.639937669540564635e-01	5.279316174449480426e-02	1.173897984230679176e-01	1.207199743074363618e-01	-6.945785109252756995e-02	-1.229980064305883636e-01	-4.168322532773011818e-03	9.950514466842040606e-02	2.036753413653418221e-01	-4.287086231796997937e-02	5.006262595165996386e-03	6.943386095613655884e-02	1.988348828476236008e-01	2.102485648842056243e-02	1.927404220867938722e-01	-1.841124185489886322e-01	-1.950843152912527800e-01	2.619477828427951155e-02	2.113300749652772537e-01	1.287301624887885430e-02	-2.719324278764117739e-02	-1.755642640498083773e-01
1.075275022210592582e-02	1.332577901964210110e+00	-6.220471671226072141e-01	-4.127585657119137164e-01	-1.841032233025916565e-01	-1.225838079786211843e+00	1.291906047604607366e+00	-1.289442156753664692e+00	-4.205968888539126094e-01	-4.460484275164006696e-01	3.036362699756995354e-01	-1.597569466160520646e+00	1.454069582414342365e+00	1.815047332856977169e-01	-8.391301003029982830e-02	-4.705433488266771991e-01	-7.004530207400692932e-02	1.069309989373836478e+00	-7.150959082714718473e-01	1.641655738056833069e-01	4.348641476707774123e-01	6.135110380573712829e-01	-3.587874254853258837e-01	-5.762436713927004961e-01	-1.412792859471703744e-01	-8.694687917118555376e-01	-5.609867033564711614e-01	1.181785771160566156e-01	-2.962944354860758134e-01	5.509002524565398407e-01	6.952293518050690901e-02	-2.875294731361173195e-01	3.135128071930306515e-01	-4.065361961927576456e-02	-2.343052190669507318e-01	1.606042057731043304e-01	-1.828383985584693117e-01	-8.582399934531505237e-02	3.116686673083612913e-02	1.664605944982366359e-01	7.109080623457295078e-02	2.529084848185959578e-01	-5.119403257446820676e-01	4.155836402053655204e-02	-2.980389793809912202e-01	3.821956608834314179e-02	1.605410548576484409e-01	3.464335168520487479e-02	1.651929603222332676e-01	-3.308875866382643416e-01	-5.033351334974096869e-02	-5.681753422622171090e-03	-4.755209539476058511e-01	-1.785283294691784872e-01	-2.488537203585628466e-01	-1.138761806192360587e-01	2.349797909623078940e-01	-1.033099700960120326e-01	-2.243373049035942701e-01	-6.417362250795292933e-02	2.998489462141646356e-01	8.433703540391922215e-02	-1.771930546581722832e-01	-2.120559100789770612e-01	-1.494001296311205929e-01	-7.510180970221778940e-02	1.095037589334441758e-01	1.828421779863904084e-01	2.428160141071503131e-01	-1.254107159391441018e-01	1.051682735683650421e-01	1.998003522722302805e-01	2.589680287550982229e-01	1.036979626120025227e-01	1.499485616776176644e-01	1.914640149729646135e-01	1.721445776150989648e-01	2.167456620481078566e-01	5.241812658852661178e-02	-6.453571914248519559e-02	4.232590234588045064e-01	-2.404972702258284523e-01	-8.821983015469449241e-02	-6.415737923595149494e-02	1.677558629789406008e-01	-2.001015064843124081e-01	1.012443065460689601e-01	-8.416002723054054335e-02	4.514716225254883537e-03	1.141107889834899886e-01	2.511721088863814733e-01	2.736208236216188805e-01	1.594968178916639223e-02	3.652280795180404271e-01	-2.599811123147724445e-01	-3.476007673355786531e-01	1.650821682205510510e-01	-2.138146374773185476e-01	5.849595372463703424e-02	3.676116184751324761e-02	-2.200158752254167960e-01	-5.319653718826978378e-02	2.113316481201736249e-02	-2.033077421861876916e-03	1.359885205537348166e-02	7.187063001663708539e-02	-2.647603164404172538e-01	2.194544136281943447e-01	-9.128836369208077894e-02	1.524543228764347058e-01	-3.773275314587872242e-01	-1.703990747212312806e-01	1.335684493308605947e-01	-3.311965139083668519e-01	1.709630653882716345e-01	6.408856575159706248e-02	-1.013521526448707584e-02	-2.582242360154192277e-03	5.679499045113156619e-02	-1.091515364492867853e-02	4.250167862871544883e-02	-2.121147314828371599e-01	2.235761845396225245e-01	1.586952820882329418e-01	1.343833554357273807e-01	-7.664652424320882174e-02	3.404030915326586304e-01	-1.219049399751998691e-03
-1.733055115295155213e+00	1.719737717691127987e-01	6.621685999416915269e-01	-8.495040332493692947e-01	1.175717952078744633e+00	-7.559124363409441827e-01	2.271699607405016641e-01	-1.186086751350800661e+00	5.399781494306957752e-01	2.728082701740012217e-01	2.258892463430957953e+00	-3.437294471190145417e-01	-1.217719359422889669e+00	-6.015915798487573435e-02	-1.240142982537512512e-01	3.237792573367310189e-01	1.385439411620174865e-02	9.114423660203210265e-01	4.554493429511842217e-01	-3.564282942714809832e-01	-5.021767103273461208e-01	1.516491134969398802e-01	1.107141481221479928e+00	5.023537763718761290e-02	4.918721351137953640e-02	5.442849651349375151e-01	3.721409325277814095e-01	5.924788013296687916e-01	-1.794945817969839930e-01	8.433003757337286244e-01	8.381385061527304448e-01	-5.257554452268077272e-01	1.030842463742056847e-01	1.631091979736001563e-01	3.616802760109094628e-01	-3.229424413878240196e-01	7.595840237922389659e-02	-2.306220383609823565e-01	-4.286735218253499013e-01	3.371292057480729798e-01	-2.446375382573038881e-01	1.622137333054236574e-01	9.082981075914836611e-02	-4.102986397332124280e-02	2.577230308784562718e-01	-5.534637817274035143e-01	6.914253520159807133e-03	-3.423135115747191759e-01	-4.974896740195404177e-01	3.334998839563136364e-01	-3.020453036579901496e-01	1.340115366521536511e-01	1.383909606485508523e-02	-4.778613495582034187e-01	3.366671826530830136e-02	1.412908329135236785e-01	-4.340597506396980942e-01	-3.020543195311434226e-02	-2.948303511949104672e-01	3.444844513498032113e-01	4.077380289035178462e-01	2.430298974073064056e-02	-2.633631939796221011e-01	-2.217073590000743777e-01	1.900243446449153273e-01	-6.172152955860384094e-02	1.279713208015755277e-01	-8.887912511569524554e-01	-3.233299564292869133e-01	-2.599861351413284560e-01	-3.255013598464228664e-01	-1.442384120472942344e-01	5.563595123615719951e-01	6.319724474027993422e-02	-8.451088937103773402e-02	-1.979822464149366690e-01	7.638186684481518274e-02	8.307159281809403661e-02	-4.056463354846022717e-01	-1.895689596902405405e-01	-1.760295022648519503e-01	-3.928563674575720754e-01	5.730405957985070797e-01	-9.910453862117417356e-02	-1.589823402909192607e-01	-1.318632582540934552e-02	3.414094794339317951e-01	-2.286437014484435926e-01	-2.402832918906539494e-01	1.220645447287524790e-02	9.195248441266234973e-03	-6.881631275165334127e-02	2.038281018967491309e-01	1.375632264144657779e-01	-2.970697623060276557e-02	-1.281726443063010701e-01	-7.978627912770255848e-02	3.554688570111757540e-01	2.672818505727322935e-02	-1.657404547927175398e-01	1.152659279998435871e-01	1.810964227540024785e-01	1.177672709858684219e-01	-3.408155864265680624e-01	1.577893567172697908e-01	5.298169801510039384e-02	3.112929633459681628e-02	-1.685824903514498985e-01	3.008020055383723093e-02	9.357452674047110619e-02	-1.103950293610407064e-02	-2.373051862542029100e-01	1.139059235127418274e-01	-1.361197250472317155e-01	2.753485091917992622e-01	-1.805471008305724670e-02	1.961316392971839406e-01	2.502119946181911858e-02	-2.447489999048819143e-01	3.006238279776035638e-02	-1.991694233165942352e-01	1.089350336187632912e-01	1.139218178046230850e-01	1.096519619811646556e-01	1.708134751457167089e-01	-1.425001025432568735e-01	-4.115200052949570357e-03	-1.534895844999170367e-01
-2.762432847589171847e-01	-7.256033596271795894e-01	1.096528848594772176e+00	-1.285465107677093544e+00	8.616852831347592279e-01	2.668603150809550906e-01	-1.781117145552967296e+00	-7.971277362081409246e-01	5.140941613695255291e-02	-2.703409794951298073e-01	-5.090476047574770541e-02	-1.175507797884547401e-01	-6.718239203021771910e-01	-1.873887408313199554e-01	8.779232937269224601e-01	7.656246734450666835e-02	2.279536348944784518e-01	4.283923738760181399e-01	-2.868249101187215211e-01	2.074232805366072185e-01	4.484012768714203401e-01	-2.462931464075228394e-01	-1.277658498272194743e-01	-2.627126275357805074e-01	-1.427619266126721187e-01	5.653259265057347660e-02	1.458050794734606914e-01	-1.707356658949002182e-01	-4.919338035798527797e-01	-9.267863160144429457e-01	8.558580147181288345e-01	-2.923898652711048179e-02	7.807201866522054390e-01	6.918179474457184508e-01	-9.034116577899026224e-01	-6.041538677004364422e-01	-4.444388266647181229e-01	-2.296560060177152973e-01	4.990935924360085374e-01	3.474619173800762989e-02	5.353859329065634859e-02	2.019098542446739475e-01	4.540164862981349025e-01	-3.163479930725766193e-02	-1.480610322451456906e-01	-1.618995486666303385e-01	1.997383387056503035e-01	-2.399521691721486216e-01	-1.515825875161234682e-01	-4.004406982218153971e-02	-2.256809259070920726e-01	4.378245397513614301e-01	7.593778436719179903e-02	1.239708396189304895e-01	-3.013210005595439167e-01	-2.629382581741298089e-02	-1.566466135081536759e-01	1.058251050398198306e-01	1.415302111369307406e-02	-3.385596304711012416e-02	3.046716146991542140e-01	-3.606910202343358574e-01	-6.328991363862965236e-02	2.025444702218262560e-01	-1.188863590307460416e-01	-8.133296753322664940e-02	-1.171500306676238612e-01	-1.523351458807819386e-02	-2.587294933927538065e-01	1.689326546821938169e-01	8.849278210609327899e-02	6.145383308797084526e-02	-2.073472631267117561e-01	7.039224713432043652e-03	2.622739096953166094e-01	-2.035303983939232564e-01	1.522739853728489190e-01	6.017194953325614298e-02	-7.150464206453193555e-03	-4.746858830315783123e-02	1.406869934936328115e-01	-6.998875190148173830e-02	-4.773611485604915849e-04	-2.054110665940504232e-01	2.718247386828205603e-02	-1.517584428386352380e-01	7.119864281579867116e-02	-1.468045163718373347e-02	-1.177759184812061100e-01	-1.555243923668879202e-01	-4.503253495596417494e-02	6.144495569958600273e-02	1.059017117992263057e-01	-2.329726071146309418e-01	-8.759381884784768479e-02	-5.189964747645404997e-02	2.456779334073148080e-01	-1.362337372394319679e-01	-1.525790384297388003e-01	7.875564964936765389e-02	4.926238820343320501e-02	-2.103524712929870019e-02	-1.901207297217998859e-01	-6.138210988690059357e-04	-8.220522003212220319e-02	8.937940034097579915e-04	2.102547919054393311e-01	9.937341861641825480e-02	-2.497454380644739680e-01	-1.317832829737866918e-01	-9.071090810072790500e-02	2.832870025377858328e-02	2.652559305132983630e-02	1.721992772559196583e-01	-1.145793994757181855e-01	1.600114265075177067e-01	2.632332180889656037e-01	6.901933789360155651e-04	8.991817236511900902e-02	7.758796139827495164e-02	5.530919730196175686e-03	-1.027102688140863335e-01	3.755988709259899805e-02	1.564344846118298216e-01	-1.213206483906759392e-01	-1.610984012435862922e-01	1.215291499735935421e-01	5.967573934881819503e-02
2.325323620240594913e+00	-1.325533036157640732e+00	1.181365963726627388e+00	-9.184620281634413574e-01	6.624725881193086474e-01	-9.901562473001566111e-01	3.461254584900844145e-01	-3.275194123806948743e-01	-6.506099190951672995e-01	4.207346549558522719e-01	-4.419483574260787972e-01	3.297422767389984744e-01	1.156262208992493434e+00	-3.194813951540368957e-01	1.650804809846070365e-01	1.666559536564854727e-01	-3.297291360005939476e-01	8.101026722787865036e-03	1.267279939467061411e-01	-1.908312476359581011e-01	-3.890442553986835361e-01	-1.628250917360898886e-01	-2.090971453844570060e-01	6.172265553129914831e-03	1.592228186192418682e-01	3.872039232918379481e-01	-2.284993895310448997e-01	-2.677962025142555103e-02	4.127658636014482907e-01	6.246447372621043853e-02	-2.967312428431969074e-01	-8.359606628348285884e-02	-2.782348994890153082e-01	2.947367237074336455e-01	-3.181462074155895770e-01	2.964194058302440093e-01	-5.627155201307775245e-01	-4.548371516448618812e-01	1.255906218455201118e-01	1.861405121436265075e-01	9.768697240410105509e-02	-7.768639585221068788e-01	2.170914594080277926e-01	-5.619432578430488129e-02	1.394556704777295472e-02	-1.943677287901305895e-01	3.542359563649721266e-01	3.607172481897805705e-01	2.200333315873868600e-01	-3.724433474219781409e-02	1.324526131864885679e-02	-2.262150283505318937e-01	-2.398474598623280274e-01	5.010493136636026135e-01	2.830126066905385707e-01	-9.238500677981897891e-02	6.142231334553921451e-02	4.207220636003113773e-02	-1.273692700788470189e-01	-7.548557833025995589e-02	1.746772347323329033e-01	2.599985692261239656e-01	3.147207628005146279e-02	2.846669407356758677e-02	-1.673608303646265116e-02	-5.021244153134141186e-01	-2.792570575620293427e-01	-1.209501741524210278e-01	-4.787252891720823744e-02	-1.802381556881906266e-01	2.150323147602207219e-01	2.707777723138852718e-02	3.661094723738604357e-03	1.499594264290284029e-01	1.440682387381544971e-01	-1.076694334633600397e-01	-1.398842289791217275e-01	1.058081921956085907e-02	1.697978253041476648e-01	-7.213548804049756125e-02	-1.488818282904337265e-01	-1.677229437695496594e-01	2.388525726093264634e-01	2.929791673602253899e-01	1.007585767998682297e-01	-1.125157726091482180e-01	2.566400311507598397e-01	-1.247472604447585620e-01	-2.296705417023451323e-01	5.860159832620546322e-02	2.115986280772918782e-01	-2.263453078796033024e-01	-1.807340498961788888e-01	1.074722201353777856e-01	1.718631445910638877e-01	-8.418810209602514694e-02	1.105999182867350578e-01	-5.300595400560036835e-02	-1.248609601167283145e-01	3.336839416479936982e-01	2.345300305744033378e-02	-9.223190807631155563e-03	-1.917774222789032645e-01	2.275555542530248790e-02	1.133405537843352184e-01	2.742895567589651029e-02	5.220102991318505831e-02	-1.805735512696506895e-01	1.433481568428306985e-01	-1.647887546279861726e-01	-5.484751931036754846e-02	2.349138692141150564e-01	-7.079190929903823870e-02	1.113244973875141958e-01	1.172633821343505300e-01	-1.951515971267472616e-01	-1.758588969904404942e-01	-1.393603159091483940e-02	-1.732361172102948321e-01	-7.871514201938714650e-02	-1.881429731259860738e-01	1.316457683051515393e-01	4.736094512566821346e-02	-9.942152202872463207e-02	5.148339733054357187e-02	1.935768225918198596e-02	1.614678778098687928e-01	-3.608907262914291120e-02
-1.630801907056478761e+00	6.541659930300530723e-01	1.118992924053706206e+00	-1.623891173413800182e+00	-1.410381369479652758e+00	2.919166343200533253e-01	5.821860094070391289e-01	-1.581960477244350460e-01	-6.153116649623917578e-01	-3.195626123437783073e-01	-7.470526466490875483e-01	9.745159365895331716e-01	-2.848861700809692254e-01	5.134928598384722598e-01	-1.083499932527270726e+00	-2.600472332639048312e-01	4.534621818728331033e-01	-1.275956794314401788e-01	-2.505073394643097529e-01	1.000025192286679576e-01	5.940845525621209038e-03	2.064551528938909364e-01	2.709628364789920529e-02	1.391390974553203264e-01	4.385976834045236528e-01	2.688476619406579560e-01	-8.428834114736881433e-02	2.274746301232041801e-01	1.000426397187073740e-01	-1.252024987433788816e-01	1.240435109906537908e-01	-2.241865973080716112e-01	-2.696988612076827233e-02	1.943157907419190700e-01	2.592783967349686081e-01	-6.974499890755975207e-02	-2.488922559991192662e-01	1.736299540439026068e-01	-1.468562752857173193e-01	3.903423275090343036e-01	1.286638493237220182e-01	-9.737310901832503529e-02	1.630151399604780060e-01	2.852129922419063823e-01	-4.230410623373495049e-01	-3.752166427165078838e-02	2.549844410478672649e-02	6.728415322460076786e-02	1.516453291033186268e-01	-6.856693075829993489e-02	-7.696969099338400906e-03	2.374036602276181906e-01	1.345218958461751046e-01	1.461101683601140344e-01	-3.438337979707813824e-02	-1.109954491610984084e-01	3.975292285861551939e-04	-3.023284504617223534e-01	-2.711140399297885459e-02	2.125815016088982157e-01	-1.308871175786337215e-01	-3.719281027317472010e-01	-6.241891248222813937e-02	2.993964079539042714e-02	-7.134755176817036970e-02	9.023793175235624020e-02	-1.068859771797110725e-02	1.040127592130720285e-01	-3.136426361367748994e-01	-1.724732247608981861e-01	1.308164971819707756e-01	-1.170423591267820418e-02	-8.167011518558023320e-02	7.967731907121407275e-02	2.603424001689627065e-01	1.384079979380929866e-02	-2.296027001935207201e-01	1.389596684792192560e-01	2.240123825969191629e-01	-1.479755696061697823e-01	-6.728343722687905870e-02	5.589641332470789842e-02	-2.707708210684250591e-02	9.708780080454319783e-02	-8.956960643943107092e-02	-1.781636666630948274e-01	1.173743285667435271e-01	3.916105966192888477e-02	-7.535268459684420217e-02	-1.326637470636574390e-01	3.423532427143161083e-02	5.803673997693944986e-02	1.332462497949892799e-01	2.683437366091416809e-01	1.171722965729244358e-02	-1.213672517122352801e-01	4.647170345889469617e-02	7.398901684126781009e-02	2.610621413076536501e-01	9.984385349236031548e-02	-4.821998267438645791e-02	-8.128784336975624497e-03	-1.713640340000160411e-01	-1.439423369408516229e-01	1.009617384783434157e-01	-6.808736091725087203e-02	-2.099996654447068012e-01	1.632840562185450262e-02	1.634810046319915694e-02	2.260231759697863552e-01	-2.601429012815957287e-01	1.754225673866976754e-01	-2.137170005535057038e-01	1.248898041976563428e-01	-1.125475575217000090e-01	-1.314156203169935810e-01	1.894327422918204440e-01	1.137846777377125584e-01	-1.180757021462301160e-01	8.054425972667250688e-02	2.441836885741742735e-01	9.115585930095614076e-02	-2.436425445333750828e-01	1.021263891331328361e-01	-1.327771585277634503e-01	-4.226281985125997925e-02	-3.325562067920552478e-02	-9.071531970590973604e-02
1.066988363896689052e+00	8.192725374772383828e-01	6.749865504644168845e-02	-4.260499632211372512e-01	-1.563753882435842124e+00	1.430021860234778508e+00	-9.876005176941470010e-02	-3.931787121216596681e-01	-8.402447031957613888e-01	8.133246042173808421e-01	-7.811193184918540089e-01	-2.448847182237121056e-01	-1.093386944094522750e+00	1.968537781131795561e-01	1.252011831632122485e+00	5.776457916251245828e-02	4.343830093500069545e-01	1.387691797452277609e-01	5.277499824328629741e-01	4.435485104038500714e-01	-4.146262971683019605e-01	-1.259492750908767222e+00	3.783273092681250227e-01	-3.291975965565814288e-01	4.278959439004188098e-02	-2.646805756082592012e-02	-3.363345828042705321e-01	-2.198641592174157000e-01	3.901102751214739067e-02	4.601076620940617312e-01	1.649184710290383937e-01	1.453920644434597287e-01	-3.428170324774048039e-01	-3.169237318191066022e-01	-2.675989841514300749e-01	-4.996990827051523421e-01	8.107039923436666629e-02	1.972883385884031116e-01	-2.142590308574103541e-01	-1.630116776971566317e-01	2.201458784241626387e-01	-1.014169931623856574e-01	-2.417321275633430369e-02	-1.387128162130443210e-01	3.230418007239930778e-01	1.428113354857155903e-01	6.186121064737396535e-01	2.051512497732086160e-01	-7.604740122257569457e-02	-1.457542643196415577e-01	1.885226041479839271e-02	-6.791100271255280652e-02	-3.580995487602825489e-01	6.918446830819998672e-01	3.019208550318731865e-02	1.582601508354536946e-01	-1.924098346098290224e-01	-4.291280635218706063e-01	-5.270116349843465553e-01	-1.668031295232692834e-01	-2.786808101245689118e-01	-4.063190308460843392e-01	6.789666418333654974e-02	5.287069214581302523e-01	-3.175460443503123065e-01	3.097835121405485004e-01	3.593821194142963332e-02	-6.526727346313686458e-03	3.836612960885810164e-02	4.989234668859760524e-01	-3.138516391494570179e-01	-1.433503100153827314e-01	2.958528223724894990e-01	2.130137821876909032e-01	-1.357946407461346197e-03	2.623211711796018530e-01	-5.716867398074557821e-02	-1.608722369848751277e-01	8.758391960318395730e-02	-3.666534894015628376e-01	-3.435893368791547164e-01	9.196435953159341758e-02	1.225943921581323787e-01	-7.627658465597600412e-02	-6.433462995230365689e-02	-1.348593052634410594e-01	1.222765740210677854e-01	-3.828775162008396515e-01	4.925053317057528912e-01	-3.065229161963187871e-02	-2.574847460139366162e-01	-1.217864164049760889e-01	9.735264897538416229e-02	5.000313868882203527e-01	-2.751118331319670207e-01	-8.452224455066355280e-02	-5.604616316829057893e-02	-3.832867990271893177e-02	1.229212213278261800e-01	6.676164356546920517e-03	2.537971243971702262e-01	3.682127796580326323e-02	7.192894361031768047e-02	-2.300456837254522338e-02	-8.560929155962622439e-02	2.133883246919786661e-02	-1.895602824233742212e-01	1.702743046875685173e-01	-2.297853813724255734e-01	-2.143500929064480476e-01	-7.987123668034346036e-02	8.614874473523170817e-02	-1.331426325487347628e-01	3.703653887420901847e-02	4.745379513934373100e-02	-1.348950022046831176e-01	3.854956298440912615e-02	-1.662809895997752196e-01	-2.111856874263556283e-01	-3.315664435895704920e-01	1.686476026929305816e-01	-1.852337149688790818e-01	1.710767321504303995e-01	-6.049512881019811217e-02	1.413831380690588335e-01	-4.096085201201602605e-02	5.056233168929926552e-02	7.297380842908664234e-02
-9.332323827991364507e-01	-7.642623918376172387e-01	-7.013027268364143696e-01	-1.582038123567627741e+00	6.135066310721845051e-01	-1.928743421492677473e-03	9.819586937167511520e-01	3.662774896091241378e-02	-6.897775252433987481e-01	3.854333674476620453e-01	-2.763740232253440454e-01	-8.459279100279667452e-01	-1.121165104788406953e-02	-7.349062587270746572e-02	4.189955085178506677e-01	-4.673954777943870043e-01	3.614874925734522931e-02	-7.763442267994054014e-01	8.154135536815020069e-02	-2.424118243711357312e-01	1.144669902904055514e-01	-3.542841452093167254e-01	-1.034815808107829999e-01	-3.048361488311466250e-01	1.151233405934666137e-01	5.459908967478588337e-01	7.015369534012237673e-02	-1.347977935284645490e-01	-1.142342206439236618e-01	3.182905637170544422e-01	1.665037566409143521e-01	-1.010881008879787740e-01	-9.107723295030643873e-02	-5.196574380464809018e-01	-2.397877978684030686e-01	2.605952610817233867e-02	2.731694205478659154e-01	9.777011932339445266e-02	-2.383380407940327919e-02	-2.554857829809266123e-01	1.451136003553537279e-01	3.938046327724842310e-01	6.183908445381471747e-02	2.441350211385039798e-02	-2.034775739282536702e-02	5.304423533115693035e-02	3.292533915655914134e-01	-4.097369990562445552e-01	-1.863418186337459023e-02	8.927078259565954244e-02	1.329684979735210326e-01	-4.850727462691972747e-01	-2.408084635672108342e-01	3.197471942795110378e-02	1.428752845107263414e-01	-2.800040304599044627e-01	-1.347390028017834696e-01	-1.429342300813626065e-01	1.191633461258792270e-01	-1.406751689746751910e-01	-1.324643155860945609e-01	-4.371569406472574637e-01	1.960246464596342164e-01	-9.136730338086750114e-02	3.152849550766717024e-01	-3.161052602069672895e-02	-2.055049084680017901e-01	-1.455779182539350680e-01	-1.049162761703387459e-01	7.237509853826032402e-02	1.249494556202143947e-01	-6.248159761017133690e-02	-1.862108423252046077e-02	-8.742289791807131283e-02	1.898883534869585110e-01	-1.875992873134520456e-01	-2.784439882789545018e-01	1.165591516818570150e-01	2.146070191670444369e-02	-5.663490565385189551e-02	-8.350157075940572993e-02	4.252323863668425880e-02	-1.947411500405362150e-01	-1.433285759630787137e-01	-5.158060830693805311e-03	-7.336954486033094025e-02	-1.321623048875225914e-01	5.261288354045325771e-02	-5.840808596067790376e-02	1.362578955856353358e-01	8.237212379506402005e-02	1.012844381692601797e-01	9.767522553426537246e-02	-3.670286813812016075e-02	3.134631550282658274e-01	-2.742283190990853908e-02	-9.328487059032045114e-02	-3.021830364105488123e-02	2.878856622647805313e-02	-4.389582513644880307e-02	-3.659876680244703029e-02	2.238003864237092522e-01	2.540572667102766191e-01	9.562747730159606302e-03	1.205769885262401031e-01	2.845260527182540133e-02	2.623522406283973485e-02	3.109176918965950165e-02	-1.572265264041599608e-01	9.592425511645127911e-02	-8.947388145240696422e-02	1.898610680863262873e-02	2.624387287829537535e-02	1.371023811508506520e-03	1.683248014342236809e-01	4.307440275954418918e-01	-2.463057209615995558e-01	1.834681106957493646e-01	-1.947728553739853583e-02	-1.682502545967135346e-02	-1.167414909409697325e-02	-1.448733029087604096e-01	6.515110853692349102e-02	1.522502676973471192e-01	1.637022229181541999e-01	-2.770958804060267774e-02	-1.417787684576886642e-01	-8.717067256437943668e-02
-5.974044868887826709e-01	-7.307246983401829432e-01	-1.288494397992373974e+00	-1.291859396352625033e+00	4.805766089226495841e-02	-9.005930188803963343e-01	5.029483348603084464e-02	6.679810737123474951e-01	-9.989009537240674252e-02	8.938826082200904133e-02	-3.317231235887928009e-01	-2.775041342427440605e-01	-5.960259767117631613e-01	-1.808816519816280541e-02	2.689765379002480583e-01	-5.795544693644193446e-01	2.441067213338237174e-01	3.555706506541343043e-02	1.335718293240426846e-01	-3.253565770885034625e-01	-2.959537340933409144e-01	5.585311118485313253e-01	-2.153801270288786818e-01	1.695782973584542830e-01	1.148188164928400229e-01	-2.779368216584237813e-02	4.401576502539830127e-01	-2.597373118684974114e-01	-1.112799394501829409e-01	2.032530897368796663e-01	-1.673977577906467229e-01	-2.756081708970620214e-01	-3.214885633809300147e-02	2.681956811221527376e-02	8.621704547422813503e-02	-1.690346669125866730e-01	1.760017935823637858e-01	-1.963127313633676319e-01	3.544428027187511709e-01	-1.990144049429523609e-02	-2.362253208491613687e-01	1.396872950519800760e-01	1.006316011941036787e-01	-3.230050172160264244e-01	-1.736150738331338206e-01	6.723923705397146650e-03	5.568957898141558838e-01	-2.970475815922002730e-02	-9.452265876645331300e-02	1.073580855883825846e-01	-1.002469152883878195e-01	1.170148358710017406e-01	-3.089514345505582349e-01	-2.456366334734339796e-01	4.718596444084887515e-02	-3.175208844568580546e-01	-2.189310754404282244e-01	-1.935538520109770511e-01	2.769760062601732686e-01	-2.270255688707809860e-01	-1.816622338803839110e-01	-1.388463134017733080e-01	-2.439787087395207943e-02	-2.225871814455687159e-01	4.394852730234932725e-01	2.856380686632467927e-02	6.156446192873896855e-02	6.495912284235566547e-02	2.217445587721911526e-01	-2.129623070498447568e-01	1.620967494162802586e-02	-1.316228748621989242e-01	-9.734607186880718521e-02	5.725473779060519242e-02	-1.412090341984879038e-01	-1.375858487276490627e-01	3.061307637648164048e-02	-4.703976769531645341e-02	9.313110943947027626e-04	-4.580551747886475039e-02	9.774137446203517987e-02	7.663194593909332386e-02	1.752324524611376111e-02	-1.148782872570657393e-01	4.180774787042310092e-02	-1.617112497171955821e-01	1.843850220826321884e-01	8.794009684954205708e-02	-1.183097991486493500e-01	-9.132700366693138894e-02	2.308871894676222114e-01	2.491773862522424221e-01	-1.659741727289670010e-01	-6.993167784067554071e-02	6.906528122727702279e-02	-3.987844342245264184e-02	6.302278606360443847e-02	-9.878101015536761009e-02	3.786787256237213878e-02	-3.264106596769913299e-02	3.527267477821528080e-02	-5.104727611744711707e-02	-8.501971907379156368e-02	-8.229335983539509680e-02	1.951857807865141903e-01	-4.669637333354161035e-02	3.159691957035656862e-02	3.376927504593744273e-02	6.423969640907829792e-02	-1.150180970979821221e-01	6.513992319869879588e-02	7.264721310266467058e-02	-2.085235954177151740e-01	-7.776838339478116258e-02	-6.047296910941372255e-02	1.299205563152213416e-01	9.454618838181483298e-02	-4.150276880543639357e-02	-1.966755300553868491e-02	-1.267763559747119365e-02	1.054166244566425575e-01	-6.864572541306185327e-02	2.141191142872286290e-01	1.626974299858983120e-01	-6.653434749550173055e-02	6.548221462513606483e-02	-1.318839414270357446e-01	8.065736762382648764e-03
-4.116702036340936788e-01	1.366544323349334622e+00	-7.215283016108544611e-01	4.543660938475309052e-01	9.331030026283533285e-01	-1.218589091027661997e+00	-9.856696366033210754e-01	2.331301742200106719e-01	-5.666290314678726903e-01	7.513023336222307558e-01	9.578273981532871018e-01	8.664170353886669895e-01	2.525567341476779859e-01	-1.133725336959733321e+00	-3.619361717445032656e-01	7.804404639253554876e-01	5.495121143706882538e-01	-8.974675195090858759e-01	-5.890795414207692371e-01	4.243844183098139378e-01	3.712145091087254989e-01	-4.589971678353094164e-01	-2.719068539810560181e-01	-4.109983828121226423e-01	-2.344969740039873074e-01	-1.255427078280645092e-01	-3.904498600576185030e-01	-7.354078953210003711e-01	4.600227643284000023e-01	-1.588603728470248944e-01	2.815076715566748877e-01	-2.841958111886825900e-01	-4.340510610257555801e-01	9.554547213208143888e-04	5.029202262685551483e-01	-1.617409309130256878e-01	-6.341126465537636966e-03	1.380796255508095483e-01	-1.467632689275101820e-01	4.606302203619174196e-01	-3.191600118850065892e-01	8.229239168229660617e-01	-1.652692653479888307e-02	-2.655516265095487216e-01	3.217506353476072278e-01	9.962633218213735875e-02	1.480631445640505639e-01	-9.411479388513664668e-02	-1.531354673802053645e-01	2.173077123465096475e-02	2.604258010249430599e-01	2.742248163250727774e-02	2.380870273442430574e-01	2.093425940839008584e-02	-5.156630960656113233e-02	-1.041605887600330488e-01	3.042960432104418675e-02	-1.589897855360096757e-01	-3.202093157689138714e-01	-1.435928553831881394e-01	1.535029892678972108e-01	-1.806235990335624819e-01	2.906489499253532838e-01	1.243727887902253970e-01	2.194901365459007991e-01	5.004521327670722469e-02	8.389087402905415214e-02	9.669099698844962898e-02	-1.171222207774802182e-01	-8.365422792101383231e-02	2.180580669409732941e-01	-4.145375152647531314e-01	-3.975676014622867710e-02	-5.543866733978840278e-02	3.348866058015301794e-01	-1.412578045794123105e-02	3.195466576320201736e-03	-2.780224584885582217e-01	-2.070688942044762448e-01	8.522529576656112660e-02	1.515224739175092261e-01	-1.770630035993418228e-01	-1.106558744742030670e-01	2.530280094200734187e-01	-5.415267845108705930e-02	6.520944869534732458e-02	-4.431653987422556895e-02	-1.407922879159692886e-01	3.003418717198018117e-01	-1.774825757176712593e-01	-9.586487117431718996e-02	-4.017236002778979721e-03	1.188787118158562139e-01	5.509645219598909016e-02	2.607254721812871101e-01	-1.092128302328679162e-01	9.636842487091062948e-02	-4.474886842628011951e-02	8.443609505453707198e-02	7.986631902995486310e-02	-1.039891694303918084e-02	1.806900957151970702e-02	-1.162457341059497246e-01	2.363868947726619207e-01	-1.004565210960981780e-01	1.143329255470361266e-01	-1.194568617930773652e-01	1.416761361224279890e-02	1.832877252121237477e-01	-1.938374232253292639e-02	1.697237411275105967e-01	-2.138805837274122545e-01	7.667341280072302589e-02	-4.117506487216767569e-02	-2.697426946374388845e-01	-3.705511542189427344e-03	1.482935686081849058e-01	2.533633547212049350e-02	7.643738906821923029e-02	3.383275168060018850e-02	9.946557036414604980e-02	1.007050123081360687e-01	-1.391768517809670036e-01	8.443077832203348121e-03	7.126423743771678754e-02	-9.204568276081623313e-02	1.197500832056089259e-01	-1.231246327527961704e-01
2.153481305515557054e+00	1.008564456072158944e+00	-7.370044668248513231e-01	3.374529861434648614e-01	-2.904873773667229209e-01	1.695220365021183895e+00	4.984433753600095440e-02	-1.568374540568408596e-02	2.906924159054857792e-01	1.010650511991097789e+00	5.326061874982638278e-01	4.589000713525216990e-01	6.219919038687959922e-01	7.197013398099794124e-01	2.479432099757473695e-01	-1.104377879960762199e+00	6.111160921662353029e-01	9.191996019808748586e-02	-2.007199019003088336e-01	-4.581305588082795754e-01	4.834703696723374744e-02	1.384269318133136140e-01	-1.759555883921319619e-01	-9.962177332550141429e-02	-3.548447984846955783e-01	-5.667578782395062964e-01	1.441743146926071917e-01	-4.460329519717074614e-02	-2.578123572073053871e-01	2.227392884732851456e-04	2.014523667638677684e-01	-4.310119444620373330e-01	-3.752917254657614499e-01	1.303408935175385530e-01	-2.998933094349585243e-02	4.789843901535727477e-01	1.663150479950431249e-01	8.165867746948524131e-02	-6.646956489112833266e-02	3.289225365614658059e-01	1.179292563794523407e-01	2.086504991424539268e-01	-3.526154706750014856e-01	-3.972928169021269079e-02	-1.628145721985064798e-01	9.636288183870378443e-02	-3.783549287171395631e-02	-5.377041121034836779e-01	-2.312024915547869486e-03	-1.623258426011695843e-01	-1.577626381239696229e-01	-2.678941441659993261e-01	1.752448899510337249e-02	3.692716440444256398e-01	2.633207801398352310e-01	-4.525466597303656746e-02	1.742886269071419747e-01	-1.314281695862326849e-01	5.257095698565453779e-01	1.920861660446672795e-02	2.525429444115454558e-01	1.866520842277560321e-01	-1.261160102830617136e-01	1.353252801709411701e-01	7.220641650381126597e-02	-2.268942031312211893e-01	-1.794280451830536638e-01	-9.607034816042568648e-02	2.059996918995213311e-01	-9.256016093398651556e-02	1.928076340740584593e-01	2.982495024365075520e-01	-1.170171879050024288e-01	-8.471691036639787675e-02	1.172001406795991074e-01	2.217114488695389775e-03	9.074518108691388696e-02	-7.722507726265415151e-02	-1.186506965008913839e-01	-2.058405345972551259e-02	-7.943976858417738096e-02	-4.935593994984661254e-02	1.584198443590010830e-01	9.330992546187812098e-02	-6.491794279961703509e-03	-2.936338922672523388e-01	2.870953717702200980e-01	2.374860060360697578e-01	1.233030098934003865e-01	-7.354208777567526611e-02	1.956705816596225611e-01	1.606808077982024296e-01	3.073461862653242282e-01	6.136807993723129157e-02	-8.332267522376075874e-02	-5.379240875623886309e-02	2.637030136728595389e-02	-1.391905835947291614e-01	4.942229927039729770e-02	1.962213915069697112e-01	8.057327713994169582e-02	-2.291278185447834237e-02	3.456190453310423183e-02	9.935721492282219292e-02	1.898804054654309181e-01	-7.363738182059190174e-02	8.503083416963631846e-02	6.755093798915046133e-02	5.825059773888840303e-02	1.985603911740152494e-01	2.568880666670766977e-02	-2.277339379098328523e-02	-1.076793917063443712e-01	1.232813264242266782e-01	2.217696485138511975e-01	-1.146762862016205281e-01	-5.054208648684265642e-02	1.378232489931304205e-01	-1.102715129250190183e-03	-1.104372629133610478e-01	-2.801406474333449359e-01	2.150630397337574828e-01	-7.742644041071345025e-03	-7.757340751620341035e-02	-1.151948533607492497e-01	9.537549589195526423e-02	1.195359200194662797e-01	1.662270037524439803e-01
-5.972325384359268297e-01	9.745577312079418686e-01	-1.004052637473695109e+00	8.173503127948062996e-01	1.066576777317198133e+00	6.902817921541457014e-02	1.652704642404873858e-01	-2.209315091666056996e-01	-8.881240435271914313e-01	3.621933697938715946e-02	-4.364813158526985593e-01	3.007658391538376441e-01	-3.364787476034309388e-01	8.214744288792022453e-02	1.132548467616767557e-01	-8.739738131889501771e-01	-3.275374214507655868e-01	8.447362549333841120e-01	-1.942836019128664493e-01	2.013877963305260310e-01	-4.379576714205329346e-01	4.939387386895708332e-01	-2.399326382265978275e-01	4.925326411253885261e-01	-1.144243966979679727e-01	-4.019350466513075260e-01	-5.752896856204863241e-01	4.943845647103192187e-01	2.872087038523868929e-01	-6.963825752925471013e-01	-8.234120912364638334e-02	-2.365651523505866438e-01	4.161295519109096674e-01	3.516412819416226548e-02	-2.634401024735159025e-01	-5.502754572108985442e-01	-3.457231272439695857e-01	-1.223184137559234080e-01	-1.660838684560896339e-01	6.672646411692476076e-02	-2.269858521273948604e-01	-2.003947839733508096e-02	1.454192630196118885e-01	-3.373229294470230788e-01	5.073564912287609890e-02	1.740893080729517262e-01	-2.280338877789528929e-01	-1.183689814274893753e-01	-1.468984672686942938e-01	2.444303495517895219e-01	9.708101769658340763e-03	-8.717142596694946177e-02	-9.053327386456058723e-02	-4.161211305142640399e-02	4.826352293118479353e-01	4.397625626376794328e-02	3.105333117210458127e-01	-2.332785951076440378e-01	-5.020152358139036153e-01	1.474922300640482964e-01	9.101391918389686864e-02	-3.229605303219584139e-02	-2.775293139448626462e-02	4.863155201367589942e-01	-1.533418660126511235e-01	-3.719662689029200608e-01	-1.115111639714130298e-01	2.414043541366584222e-01	4.100734035076711304e-01	3.180665871961309010e-01	-6.687585373900217789e-01	2.054777825026455340e-01	-3.922002427208404196e-01	4.424413873006753373e-01	5.024315424156081678e-01	-1.327000651294991673e-01	-1.224125601656259194e-01	4.154662573006906445e-01	1.020510173982516894e-01	3.529867615456720731e-02	-2.171630163934255286e-01	-1.995187810717255761e-01	-4.304212690571008748e-01	-5.613039567537722596e-02	-3.954034656248115592e-02	-4.002401298119852291e-02	3.340695627938008450e-01	9.987206371841572672e-02	2.226549972716493075e-01	4.375303545373803171e-01	1.259868099089184457e-01	2.519555461873098090e-01	-6.068055065213680960e-02	-1.011153768732109548e-01	2.544417116741815588e-01	2.761937051845649305e-01	-1.262611980548756230e-01	-2.563041454892352883e-02	-2.116286863155822651e-01	1.103499439996334514e-01	4.183599580829782116e-01	4.629289377682629242e-02	4.097438960974150030e-02	-1.548213545256494350e-01	2.184362303442302644e-01	8.386629472790381457e-02	-2.786623285357405222e-01	2.238893623239999464e-01	-9.508353401268788974e-02	-8.225834679269709848e-02	2.367756621536898087e-01	-2.287012950796304678e-01	5.236699358434702273e-02	-2.299258388750408943e-01	-1.550202876919342110e-01	5.466126748183260803e-02	-1.269985525727157782e-01	1.429881986222928947e-01	-2.348388461014913886e-01	-6.576169043953531551e-03	1.103163965036070004e-01	2.598898112156680096e-01	1.605514339824975767e-01	1.666044415000625945e-01	-8.458022717651492162e-02	2.026714938514905806e-01	-2.579257047353191723e-01	-2.539056842811330400e-02
2.227276492179949052e+00	-6.285653901198855198e-02	5.731863757404224158e-01	1.885672390248696928e+00	1.280657045370903635e+00	6.439925865921248826e-01	5.264094632880946811e-01	3.785894231154685041e-01	-8.520942742306101270e-01	5.255381595065290457e-01	-3.895110742925089742e-01	2.427213987638138504e-01	-4.158845139091499159e-03	1.638013303148407873e+00	9.948288710828169512e-02	4.083804141814237898e-01	-1.025845460337678761e+00	3.566976766091889406e-01	1.069108158431433808e-01	-8.857322291013332294e-02	6.057948983952723410e-01	-3.099296322739832424e-02	-1.006422284111603560e-01	-1.914218369628967742e-01	6.907394809813951486e-01	-4.050471675239100677e-01	4.240908826324200076e-01	-5.474144089877176073e-02	1.658363580178064123e-01	6.307728501932235998e-01	7.654662678944147425e-01	-6.803925144258213265e-02	1.312372475781373726e-01	-1.852383810361525884e-01	5.192596296386670085e-01	-7.993101972628555152e-02	-1.566156770394419862e-01	-1.799074571722507621e-01	1.558507768082449674e-01	-1.280451112086811727e-01	-2.792179420493342001e-01	-3.933841340176318785e-02	4.233138093237578947e-01	6.327647572689866218e-01	1.801783487592670818e-01	-1.505560547354519441e-01	1.265022036159723917e-01	3.008014151378387568e-01	3.854868355891156312e-02	-2.545545264199957081e-01	-5.360976676423936382e-01	5.087520263239941887e-02	5.566234643655753461e-02	4.854518387440470706e-02	7.687888223174441094e-03	-3.281133157288999153e-02	5.360176848792904680e-01	-4.421684985320147726e-02	2.765638884951613918e-01	2.841254820113323643e-01	3.218560507878587967e-02	1.942252502235539691e-01	2.291233198236283797e-01	-1.342601798701547611e-01	-1.265664130586028648e-02	-5.095412972935879636e-02	-2.372376514948230930e-01	2.270959749006432327e-01	-1.629780257779902541e-01	-3.003819443725813318e-02	4.732771057774885770e-02	-3.499129461177967193e-01	-1.023738027639987669e-01	2.613557595481962315e-01	-4.096703580953066359e-02	-2.173621082728819376e-01	-2.379265831679280019e-01	7.247488941541961605e-02	-1.338117710748663869e-01	-2.091643894683003768e-01	3.073932543297650533e-01	1.156572736928524088e-02	1.132707832841071405e-01	-2.243951070405603987e-01	2.220954353154827587e-02	2.190318710060855656e-01	-9.966293143957073719e-02	-1.697863947207760016e-01	-1.721363243340171545e-01	2.059582839104297514e-01	-3.888118143193735055e-01	-2.061619059132937248e-01	-2.330043337398171599e-01	-6.982836031395982246e-02	-1.405381877763857423e-01	-1.518083009179979903e-01	-7.933086608398368100e-02	-3.710321190542137382e-01	-2.491157543934127416e-01	-2.629285109359343498e-03	9.460559827069117689e-02	-3.629565842046696654e-03	-2.463739149958454888e-01	-3.357989542988458476e-02	8.189559819150223074e-02	7.900425815481833258e-02	5.190636602341071326e-02	2.707905751306111664e-01	4.633526679461998088e-02	1.339028327567975962e-01	-1.434190239979831472e-01	-5.639860470272663184e-02	-2.005142327835398100e-02	-1.849644215366670619e-01	-2.196049684190095885e-01	-1.361886762306708798e-01	7.225893264514891834e-02	1.404093429866536957e-01	7.367028866858164882e-02	-1.647311688077582326e-01	-9.706709672179578141e-02	-6.228992646447838871e-03	-1.534893093864098945e-01	1.790215996617846791e-02	1.599010168503905149e-01	1.129806081192796623e-02	3.806996067167717213e-02	-8.486066511727939632e-02
1.521196823944239718e+00	1.679338061908557833e+00	1.997117077620437931e-03	3.595068804064502355e-02	-8.214779674341038396e-01	-1.588671600370215931e+00	1.101180173686989949e+00	4.336389305726288533e-04	3.430611627440424000e-02	5.719288185193204255e-01	-8.269994534286163601e-01	8.711056170447426528e-01	-3.563297390920927010e-01	-4.531732213582706503e-01	9.901217142585100328e-01	-3.793918759414021680e-01	-1.154653837678004946e-01	5.674114504833267097e-02	3.570765554882644466e-01	-2.049494906143526918e-01	6.271959920111317421e-01	3.891649454057994895e-01	-5.393105004466265395e-01	6.762376995673163860e-02	-1.621324876567682149e-01	9.992515453128483216e-01	-1.098233868266981633e-01	3.176087832046582404e-01	6.837599362879968889e-02	4.386703388421517857e-01	-2.034550462422819450e-01	7.581529055453865018e-01	-2.442294015120707318e-01	4.309901014990278889e-01	4.142670004636878761e-02	3.656571227335042584e-01	5.854697606630234752e-01	-2.910169686972338687e-01	5.695485160836759597e-01	1.307720614328581055e-01	-3.559046403930031244e-01	-5.990176409038908828e-02	-6.722261438267432276e-02	1.654262198949828511e-01	2.760117755323123756e-01	8.578309653739435436e-02	3.225733631685996361e-01	-2.273038939278774206e-01	1.531143969701362351e-01	-1.131661105655640820e-01	-7.382609351880904669e-02	2.512125569456863383e-01	3.185880094019843956e-02	8.471363711181710554e-02	3.220826588824191213e-03	-1.387261671096813864e-01	-1.708117187787537294e-01	-3.167364255382553173e-01	9.918406175414786266e-03	2.209767724659198185e-01	-1.790139403057114664e-01	6.321459731037359919e-02	-1.044099366772356131e-02	5.882763789397255083e-02	-5.057760837727195286e-02	-1.735165941827931657e-01	1.998771181712634959e-01	-7.327778452201261748e-03	-1.602676014004933425e-01	-8.861158673261969321e-02	-1.706604120841995198e-01	1.449994691870601926e-01	2.326949580959010444e-01	1.811596420995172096e-01	2.805388640224479313e-01	-4.184749019057053265e-02	-3.451182358387462623e-02	5.022282595827078783e-02	9.457428825995708999e-02	-9.256451987297986683e-02	1.221569644064996046e-01	-9.115129283568905796e-03	5.802249872919167106e-02	1.126688884471272745e-01	-1.903454194245927100e-01	-5.724502594493221380e-02	-1.268728441320851330e-01	-5.880232330653152595e-02	7.199323273218395658e-02	1.405219468715489528e-01	-3.066201309122872920e-01	1.085306326207096800e-01	-1.332907838560853653e-01	-8.623041626188605868e-02	-1.135455487093627869e-01	7.667592925724296682e-02	-1.452903309182569103e-01	1.728177468479343004e-01	1.847530796624973284e-02	4.927719701183331559e-03	-1.133383800853233342e-01	-1.432314056724492690e-01	1.735818672930383166e-01	3.281038718671779042e-02	1.183995017597794797e-01	6.736728043706419547e-03	3.493190037473551356e-03	6.494478444782743332e-02	-2.023243171398834625e-02	1.101221139766487417e-01	-2.964699218225570060e-02	-5.768771232485946088e-03	-1.012485482991440783e-01	8.092763023577016421e-03	9.289335279780791543e-02	8.446765880460956055e-02	-7.398042126915717331e-02	4.629905321276063523e-02	1.095526093606204315e-01	7.346197066584511659e-02	-2.712698477552100140e-02	9.877365328723625160e-02	-7.534820338078110358e-02	2.766737613375902516e-02	-9.175534032183574329e-02	-3.208288773885756284e-02	-2.410255127500780456e-02	-1.039189832962202596e-02
6.706738380125376597e-01	1.256779597541060500e+00	8.549101196131918545e-01	-7.508097578043114728e-01	-1.078527325854449437e+00	-1.379831322737376631e+00	1.123066024739901803e+00	-6.036138067187385436e-01	3.008222007021600919e-01	2.118005908441744356e-01	3.384009572102983920e-01	-7.271753660714576524e-03	8.602030076088973409e-01	3.878850174334072531e-01	7.930223463115464444e-01	-8.255516533583407979e-01	3.802906961458399349e-01	4.900007208815008730e-01	5.881388349378980918e-01	7.886642735964172202e-02	7.509327123121113667e-02	4.901930823545524452e-01	-3.134469054064316640e-01	-1.909935839359608312e-01	2.501697269544789215e-01	6.257055993095355095e-01	-5.704773295206286843e-01	-1.026160153769764966e-01	1.705298380217714072e-01	1.107272623393341648e-01	-1.395586274561546880e-01	5.449487647725650419e-01	-2.697037140538265376e-01	-1.615367260497282131e-01	-3.496516740391332756e-01	4.252335538875696708e-01	-2.834622011439299483e-01	-5.152821909700633536e-03	3.711419348638719251e-01	-2.238430352447784710e-01	-2.815431484724584821e-01	4.448396380175082682e-02	1.529094575465377720e-02	4.610243147017542564e-01	-2.642033903578616116e-01	8.491228686396661007e-02	-2.328550865422655547e-01	1.201067600086953430e-01	4.473831752679254814e-01	1.420421567957285969e-01	-4.347816570143566706e-01	-4.484613653092837660e-01	-8.922155447652165006e-02	2.225427571996982379e-01	4.261914546582103169e-02	-4.115691661551890146e-01	-1.248337455344875335e-01	-6.306480412932402579e-02	2.822316592692930004e-01	-1.087173900838586810e-01	2.075006434409382150e-01	-2.061999994986029872e-01	1.392377552842053445e-01	1.276482587520046952e-01	-4.856726620149907914e-02	2.600579856254485733e-01	3.822631534052801094e-01	-1.590792700257155079e-01	-3.127519690630436999e-01	1.746499475886474639e-01	-8.754616924910219034e-02	-8.705112573588119629e-02	-1.285569660559995608e-01	1.187124192346882406e-01	-3.553987926826709942e-01	1.064320020291203289e-01	2.115101652066051774e-01	1.518064904689177264e-01	-1.158408366087711611e-01	-5.761356394133600178e-02	1.392883684998269256e-01	-1.688244199944850255e-01	1.011278414974666334e-01	1.811992622502194838e-01	-6.574445179002730288e-02	3.982483753604208060e-02	-4.920136259946303499e-03	6.352876096721694898e-02	-3.470641755994385846e-01	-1.232452583080660968e-01	-2.153834686512217655e-01	-4.387440686581545873e-02	1.762824992132799862e-01	6.908663046496985732e-03	9.859138916031870079e-03	1.583120072760729469e-01	-2.938866338519374038e-03	-8.971000726011088555e-02	2.126053809822927299e-01	4.842021522636176523e-02	4.202212343096933117e-03	1.428249353023209600e-01	-1.648027182091033604e-01	1.262207604878627931e-01	-6.279985355649078671e-02	-8.464425477627189609e-02	1.081623728468523449e-01	3.300831652930967530e-02	1.299449136686565975e-01	5.246017553468813183e-02	-1.346442780346563881e-02	1.290403922106221346e-01	2.140010550123435107e-01	-1.374484162581138605e-02	-1.044086494134043421e-03	-1.294420676539886905e-01	3.569490161251057808e-02	1.341526835906391435e-01	-8.252706179224504612e-02	-4.066856194066010427e-02	4.627156076769285697e-02	-3.598620182907288131e-03	7.836072674604870059e-02	-2.048134533366678389e-01	-2.213477064209291301e-01	-1.696872888503759003e-01	-1.649967571966940993e-01	-8.651280773254117762e-02
-6.388259819784379845e-01	-2.366438818177968972e+00	-4.788063652012089499e-01	1.384488102553583566e+00	-1.356437839117230926e+00	4.430300474049112536e-01	4.383090291039223874e-01	4.287931828717816418e-01	-7.058508266150166355e-01	-3.855307856217483203e-02	-8.260637941289510067e-02	-2.751735568572648560e-01	1.312162038988194668e-01	-3.962154283460233434e-03	5.512108252790580698e-01	2.818341900260989408e-01	-4.721930802730552740e-02	-3.532030178277869026e-01	-4.043224205066565657e-01	-6.945215443050734017e-02	6.777279589176077312e-02	1.752439127667087537e-01	-3.083069632099930124e-01	6.328587941549131957e-01	-1.948607764019497646e-01	6.097768247780695899e-02	2.818732852548785917e-01	-3.608186743085261931e-03	-5.453319284245336518e-02	7.325486474948611493e-02	-2.272169688192185455e-02	-1.399775555954445305e-01	-2.285765189832794919e-01	-8.332130043333085823e-02	-9.029484828199206212e-03	7.211148836231852377e-02	5.137389744431070104e-02	2.081304548487361919e-02	2.877886524272325053e-01	-1.721727013183097232e-01	-1.482093642715394677e-01	-7.948343355549805644e-02	2.632374501791110225e-02	-5.080039399421944213e-02	-1.064853228678636909e-01	-1.531273956255619351e-01	-1.325038989975563242e-01	5.898214350173861670e-02	4.816666011684344467e-02	3.263168879022806390e-01	-1.793446388306402517e-01	2.160335647835752715e-01	-3.876726402206216292e-03	1.161728833872077357e-02	5.448863325740153918e-02	7.426428214038414966e-02	1.207949407544523825e-02	1.282074487318254630e-01	3.204438450889624673e-02	-5.366052756370658372e-01	1.107366593790601039e-01	4.972337368123788681e-03	-1.325223967073183573e-01	1.749220593820315778e-02	1.117672126006009209e-01	4.243169623682034597e-02	-3.478827728635694450e-02	-8.609437479172724061e-02	-3.054380347172620525e-01	1.286484503053983430e-01	7.142754979937442072e-02	3.255098556377175600e-02	6.113142481523019950e-02	6.385883912345535242e-03	9.706569541783235944e-02	2.510863753037231860e-01	-4.391383642403050291e-02	4.392344767411715534e-02	-3.185174375286118353e-01	-1.405584887195418242e-01	-1.915908442390631310e-03	3.156743620574010145e-01	1.333307599616851691e-01	2.143114281619850625e-01	3.053538060143009547e-01	1.501992805124852670e-01	-1.555469361790732391e-02	-1.858852069175970512e-01	-6.225876560999758086e-02	1.966477627149634533e-01	2.654545299785477375e-01	-4.390562043510321671e-02	-1.973543826890145070e-01	1.056055612286463802e-01	-4.964812947368666025e-03	1.263712463150869214e-01	5.077866210122299225e-03	-1.809071040677492567e-02	1.341479001599410192e-01	-1.053325176957099207e-01	8.063926448249884860e-02	-2.005292366547942878e-02	7.868318720079779671e-02	7.908775037477178138e-02	4.494269907944208053e-02	-9.156954092128385958e-02	7.691052139656075204e-02	8.547009644505620951e-02	-1.087649409938395983e-01	-1.795061979670370400e-02	1.859890031054550405e-02	-9.317718791785951915e-02	1.461780989315982493e-01	-1.402913219590633427e-02	1.868610555743506763e-01	7.747390203650315887e-02	1.387620072000250726e-02	2.229022152902123688e-01	-6.963582809726855116e-02	1.556687955047432459e-01	-3.501413447011254843e-02	1.810466767589593573e-01	1.109833713085653650e-01	-7.817357412656758542e-02	3.420903197644576538e-02	-1.322078345388908067e-02	-2.552147115172194447e-02	3.632285379544900744e-02
-3.414635994831178301e-01	1.133340029394924064e+00	-1.615472412421095072e+00	-4.564175265631009171e-01	-4.385514348190785450e-01	-1.315023549930836921e+00	-3.009617868719199341e-01	7.031781682626752072e-01	-4.196661381211829744e-01	4.377151897185015961e-01	7.780963860368484974e-01	7.866894665132913023e-01	-1.550970204975679889e-01	-1.525816752336396354e-01	-2.183170268369422906e-01	1.763055191901139185e-01	6.852944182663701644e-01	1.988882624598595772e-01	2.215074644038776408e-01	2.371490458167748172e-01	7.395734151019298097e-02	-1.575511381269079358e-01	6.405185754324723701e-01	1.810471964148777785e-02	-4.049931954505533449e-01	-2.798123441302390879e-01	-1.751019069607099576e-01	-4.381683554752015958e-02	-1.333532032346616825e-01	4.118130265667967471e-01	1.353552530945303645e-01	-7.759532818704284463e-02	2.208460182216388235e-01	-2.989869778056496452e-01	2.064737881276128562e-01	-5.362724100470018379e-02	1.672283517771028793e-01	1.414087341650107146e-02	1.091127801428655869e-01	2.162821417953395345e-02	9.199670334822936113e-02	-2.828804142138569566e-01	6.101451652846814205e-02	1.402017120115946203e-01	-3.260811887761577710e-02	1.174103560205449065e-01	-3.948212483601078182e-02	9.435502780913911092e-02	1.465990640325837702e-01	2.426741266798806279e-02	3.895545033426747045e-02	-1.887495357677798913e-01	-1.018306970734579944e-02	2.254237953379412407e-01	1.797986964045931169e-01	-2.648027963564741349e-01	1.681446318685506647e-01	1.496447266992353142e-01	5.805301154011655029e-02	1.643847609690149772e-02	8.879799036492689798e-03	-3.201531506241495073e-02	-6.183711558402368857e-02	1.890235501714074284e-01	-2.066641283409682561e-01	2.241100106887161381e-01	-2.012499567024973388e-02	-4.111663218385191304e-02	-1.307589922028203344e-01	2.385737002901101578e-01	1.014431767360324810e-01	-4.628053188639612292e-02	7.696772339602923896e-02	-4.616716107599039970e-02	2.361483738427401224e-01	2.220619502690808836e-02	-1.763802542224644221e-01	-9.351862097069472968e-02	6.452396218633940639e-02	-5.264997689768876471e-02	-7.681591818223898471e-02	2.922438558333855241e-01	-1.805334484625201463e-01	-1.101164408082915824e-01	4.770044466441547559e-02	-4.157554924446467404e-02	-3.617856207421401016e-01	2.228947063777354520e-01	-8.580335243602917050e-02	6.567752427711200103e-02	2.506074158513891814e-01	-1.212837131967376136e-01	-1.158988832100822236e-01	-8.636928966992531154e-02	-2.158527182826582291e-01	2.099884296924295068e-01	2.663804628081475334e-01	8.177248566029578919e-03	-1.784596866071362642e-01	2.047397922338677068e-02	-8.187101420850449729e-02	-8.407993064022153962e-02	-4.701275670355919284e-02	-1.245424481679334450e-01	1.440566336119401547e-01	-3.325902211420251331e-01	-5.948672190673747612e-02	2.985684910270791081e-01	-2.680514482239345839e-02	2.547568949733408639e-01	-1.018914140965048983e-03	1.183656846746287093e-02	-2.488225332819549163e-02	-1.715828880147313509e-02	1.748339907353934075e-01	2.899329434008305895e-01	-1.485703661068115203e-02	1.989542941294200340e-01	-9.526151723103588875e-02	-4.006827332256772400e-02	-1.271827692227488760e-01	1.150352056791244942e-01	2.588133084823949462e-04	-1.259554933950538524e-01	1.488971575167354067e-01	-1.070576955696291369e-02	-1.861796371684006912e-01	-2.104341782413897410e-02
-9.291391668997124320e-01	1.643887094956156605e-02	-3.573157759404033684e-01	1.073786831445472240e-01	1.721595295667391445e+00	-1.823201726451889881e-01	4.185679780162029906e-01	-1.230707498644019321e-01	-4.474987249196746286e-01	1.139246799517273256e+00	-3.155424398040183182e-02	-1.541700797069396056e-01	2.332260639203911079e-01	5.016180713596655183e-01	-1.168217413910384028e-01	1.786477999306347109e-04	3.846110415117777459e-02	-4.440499150580994314e-01	3.536219869256793658e-01	1.101386385716833921e-01	2.016239304938250154e-01	1.032406791242079930e-01	2.524290976436053754e-02	2.701313065535299041e-01	8.501825711857736723e-01	5.843802337442286290e-03	-1.072420535318545087e-01	5.967955174281641684e-01	2.856315985544820579e-01	-7.217467565132452967e-02	-2.968821214577478385e-01	4.747405773442512356e-01	-4.484308030285923119e-02	2.790316470457150921e-01	-2.514963317336570969e-01	-2.578704856136403989e-01	-4.389340275893989229e-01	1.250046073677431036e-01	4.847782379103939276e-01	1.482040871617240074e-01	-1.075702715637975523e-02	-4.890215808732639724e-02	1.503786990084555464e-01	-6.212324418885237787e-01	5.657168239031495904e-02	-2.108529495838806084e-02	5.356031730645720301e-02	1.242440578422468606e-01	2.178771696440555961e-01	5.569327443382360299e-01	2.713016431801954509e-01	-3.642353689301807557e-02	-5.888866647399923493e-02	-2.511164518693921321e-01	2.190314745062340585e-01	9.143758690477500617e-02	-5.739029130537073864e-02	8.881986457991089545e-02	-7.922203834219995744e-02	-3.057301578050532487e-01	-2.541526735199666018e-03	2.163766796787457147e-01	1.770962601151729321e-01	-9.491327070715993575e-02	2.728560039174033891e-01	-1.048047418624725863e-01	1.684456507196522290e-01	-3.387808526217599842e-02	-1.772516312125155813e-01	5.314133705648302342e-02	6.331083249291774573e-02	-6.532141812697106475e-02	2.326363734139032247e-01	-2.276849244287584562e-01	3.179405120608477797e-02	-5.426549150154000301e-02	-3.492841786781313018e-02	8.686633308870551906e-02	3.653687479095427820e-02	1.099969952727598843e-01	-6.021323107252007922e-02	5.570457892383554044e-02	-1.569864163885762720e-01	1.112696655411688079e-01	-1.962891861724943010e-01	-3.129569898564541486e-01	7.198130790434479221e-04	4.212049359874078802e-02	2.971880673100992243e-01	-9.859319757009643581e-02	1.510326194093271068e-01	-1.601850538774065580e-01	-9.457410525636492094e-02	-4.380108277586094480e-04	-1.734170419320244516e-01	1.290437840936848766e-03	1.094631321068636337e-02	-6.651653325871016709e-02	-1.797390183812877795e-01	4.484378826406867110e-04	-6.054747612282437852e-02	9.028589717792678826e-02	7.637366602703576923e-02	8.469408010424264721e-02	-1.306466147918888820e-01	-1.186238699510984845e-01	-8.682651917667137675e-02	4.829483728751841898e-02	6.121758889772842965e-02	5.447002843264783789e-02	1.460268635138041171e-01	5.011393272864447801e-02	1.935709093032087283e-02	-1.792614516343378830e-02	-4.013919861660808497e-02	-2.866378199696006379e-01	3.639555973360975027e-02	1.605878879340800688e-02	-2.359209783897422141e-01	5.091067157310846802e-02	8.089499344532517788e-02	-5.235094137169594986e-02	-1.756031045187504136e-01	3.242584852700861053e-02	-1.209472267426895398e-01	-9.979031261103143979e-02	-9.548216585103595777e-03	-5.549175031199628932e-02
2.130743367031440183e+00	8.781449017565863269e-01	1.731035145345755644e-01	2.284404465520574856e+00	7.874128687118506775e-01	7.032822330393251331e-01	6.514567323991830028e-01	-1.522056461774324576e-01	2.749327827330422802e-01	6.571698713423758109e-01	-6.380741143139603277e-01	5.146379079182780009e-02	-8.149349612187879455e-01	3.043841366310749419e-01	-4.027568694859394172e-01	-5.470630416306859756e-02	3.706579865734140888e-01	-3.698961807879643238e-01	1.785816441300962787e-01	-1.567017014596669977e-01	5.286247822090549553e-01	-2.008079178516808949e-01	4.181622532202707854e-01	6.552981937043700356e-01	1.034628567187039216e+00	-4.574123935942065455e-01	-1.543788509293844424e-01	6.547221306884929426e-01	6.791808840877040510e-01	6.421096614310576323e-01	-1.968511932346155360e-02	-1.983019376341923767e-01	-1.302933436192145467e-01	-3.631932522011944303e-02	-1.646281082520183181e-01	5.385306504232007657e-02	-9.481669407855820852e-02	7.994771438084774529e-02	3.197213710204407366e-01	2.456802097985984479e-01	-1.833083435787270787e-01	3.966329214023268102e-01	-6.740921014804066025e-02	3.823494277696622146e-02	9.742844959938622151e-02	1.123419579454916495e-01	-1.574522543705040578e-01	1.942093117181370177e-01	3.099600467072232690e-01	-2.044046879526388583e-02	3.778802623726727067e-02	1.159586992450060555e-01	-1.835643278614524365e-01	-3.157063036773546938e-01	-8.078659963560590185e-02	-3.561765521068550044e-01	-6.804831129001225054e-02	-2.646702325643889367e-02	1.307541490781972092e-02	1.467973280243903000e-01	-1.284588748751817056e-01	-8.147960847320759314e-02	1.776960288891483997e-02	-3.238391198796057302e-01	-3.023129842840081016e-01	-3.580433082561561564e-01	-3.177971992853847460e-01	1.307187410827590282e-02	8.966191162548205196e-02	1.114461453156408571e-01	2.265997810127685086e-01	-2.070776498317384584e-01	-1.178905723444637621e-01	7.893248737689849415e-02	1.002288635259408617e-01	2.851428599129153529e-02	6.321449236315483666e-02	-6.193369978858809244e-02	1.359178829944281686e-01	-5.803327967230529488e-02	9.853981174027999501e-02	-2.990536989365779122e-02	1.494063023801085188e-01	-1.512967960824133096e-01	-2.943433696978788872e-01	-1.450262978488157384e-01	1.170928581109780542e-01	-1.549292724665720933e-01	-2.403478046616251695e-02	7.964486935847926719e-02	-7.017856032000512057e-02	-1.880933053115063647e-02	-2.412410759705655230e-02	7.968771898181624402e-02	6.895089268808674010e-02	-7.818175329900697856e-02	-1.123142407543698540e-01	5.667938775305924465e-02	-1.231900697512479381e-01	1.630942385260465421e-01	1.209994540307813282e-01	-2.385570253002785301e-01	1.162719679766387459e-01	2.696493874633008048e-01	1.154864758227745064e-01	-1.992568438672459030e-01	-2.008968364537255802e-02	6.165788731049019755e-02	-2.559651386932565997e-01	1.011024348151714630e-01	4.472869628124535868e-02	-9.658568102978373759e-02	2.063148500571275815e-02	-5.505657513175295226e-02	-1.537680897310736705e-01	-7.745423684971089809e-03	1.914148527687712098e-01	3.037332843032661614e-02	9.214976975191502273e-02	8.803050164161076163e-02	3.454092476875132711e-02	2.413850661199873696e-02	3.576971048877371911e-02	-7.363919098363710947e-02	-1.198108645113470372e-01	4.483253150565471093e-03	2.192705591371207074e-01	1.303664746423657539e-01
-1.530146828929688896e+00	4.401052004113081284e-01	1.110360935076689870e+00	-8.669424346354367428e-01	-1.057198920818367832e-01	-6.782599069943495707e-01	-4.483493275379415305e-02	7.862419141061305350e-01	1.721091287106659151e-01	1.233669081287726677e+00	-3.179283495134846427e-01	-2.078723795917730988e-01	8.128960949569169481e-02	-4.266532407578138564e-01	-3.072888982941750502e-01	1.372275873948952396e-01	3.150491704882556476e-01	3.254920604095351555e-01	-3.696939321048512417e-01	-4.967007920664705950e-02	8.187723882866869418e-02	-1.699207003833988483e-01	-1.259756330490026943e-01	1.169423169483138902e-01	2.534288545095278455e-01	5.335391859216658678e-02	2.456399956174571408e-01	1.876779502390921173e-01	-1.443798800781604941e-01	-2.510548219747200105e-01	7.106239256606634858e-02	3.954470179194218699e-02	-2.893474295024408768e-02	-2.371020122230220462e-02	2.665935056620205024e-01	-2.064728853615473980e-01	-3.201817755643527469e-02	1.439246128289135840e-01	-9.941230453680822976e-02	1.038995800107801737e-01	-5.803138424489995457e-03	-4.078905700665545475e-01	-2.236293507732767527e-01	2.463399858877065099e-02	1.792643124368742402e-01	-1.518153753603672662e-01	-1.968141188119554574e-01	3.909034502108458403e-02	-1.835017313131617409e-03	1.928832117028862203e-01	5.493265156843096797e-02	-1.071338643288480968e-01	8.308839901646454529e-02	-7.922342474153555580e-02	2.949450203783135493e-01	4.687814978934516652e-02	-2.130087314915137531e-01	4.225337351999088747e-02	2.026577648131939746e-01	6.428929701895740034e-02	-1.893837337045872760e-01	-4.574183661430563097e-01	2.890981244862030342e-01	2.872341148373852571e-02	1.229266841541272332e-01	2.437791773622896840e-01	4.129122951616819720e-02	-2.242558865975641524e-01	2.248693211556224425e-01	-3.623835239607409858e-02	6.952039672083924760e-02	1.934075110349542936e-01	1.133040131112412197e-01	-1.640808351015320687e-01	2.847068496196860088e-01	-4.655198768707126400e-02	-9.234089428746036776e-02	4.234064555813054492e-02	-4.887424177883947091e-02	-1.529818538702550079e-01	2.512395018126753823e-02	2.191691028866125379e-01	-8.839088304878981589e-03	3.101957792243777989e-01	1.628482860055802395e-01	-1.218456991798673589e-01	-1.211850947908452852e-01	1.011972899896293188e-01	-1.204907677301139679e-01	8.161589171260050235e-02	8.488010394644966705e-03	-8.989871229093955585e-02	1.759390624492679356e-01	8.321732554784413982e-02	5.062623715373754801e-02	-9.572908374783997004e-03	3.002842707073571579e-02	-2.398417761003195439e-02	1.781359672347355705e-01	5.405403738977187372e-02	-1.237554671495128406e-01	-5.394751125454887164e-02	-1.915979289805604946e-01	4.308198703860085382e-02	-2.166889068600551249e-02	1.181879176016804728e-01	2.002425944494544419e-02	-4.598647407820592031e-02	1.791705362679155492e-02	1.161364245758816777e-01	-1.911964494328893815e-01	1.619538061811491569e-02	1.191534689120653523e-01	-5.423549645506883787e-02	-1.375280340016440429e-02	-3.894110919769079582e-02	-1.457087722743484123e-02	1.081035063895053189e-01	9.240947832157644926e-02	-4.636461877430069628e-02	-7.446875624905165310e-03	9.433961509340385576e-02	1.381848152905398863e-01	-1.188567864413427461e-01	-9.875365312941388612e-03	1.386906459027482941e-01	4.115460918672646240e-02	7.287809013841270054e-04
-3.113735872460638224e-02	4.693583451227028025e-01	-1.171070896211540147e+00	9.543783468724431618e-01	2.172018738852659892e-01	4.038579407896734641e-01	-8.715611697148418768e-01	-2.146044595851904102e+00	1.808988444904391368e+00	-4.281578571676831757e-01	-7.377419972226363365e-01	1.032786856758705518e+00	8.780275540968425219e-01	1.285883222076605603e-01	-7.276767848541701444e-02	-1.076399463666375123e-01	6.067480162149265638e-02	2.698837687757278392e-01	-1.484385493749813767e+00	1.222875259814260929e+00	-7.217068373235928369e-02	2.064486672140028022e-03	6.786555374371638916e-02	2.223808045847827652e-01	1.075228192616644263e+00	4.657525908621686361e-01	7.518601144567643724e-01	-8.754187448261403770e-02	2.975249213175531482e-01	3.309336695018804675e-01	2.668697503166113649e-01	6.970026519425780442e-01	-3.505913789073712983e-01	-5.046856871166451874e-01	-3.862323015131150505e-01	-4.663781523846706745e-01	-9.770015344008069202e-02	-2.073387445263402129e-01	-4.013895057003293854e-01	2.497465818526869996e-02	-5.334623646148287657e-01	-3.189038655011230960e-01	1.367768309761202283e-01	1.971570897421323909e-01	7.183589468594424599e-01	2.134610507428195275e-02	2.585627408251467974e-01	-2.009336587410171793e-01	7.590444192820208769e-02	3.101954680879512871e-01	2.410331116972907473e-01	-3.635910827615566054e-01	-2.082744376246767337e-01	3.141005931497032472e-02	-1.107235227723043086e-01	9.584890744242599570e-02	3.086404196613197759e-01	2.490252563158255189e-02	3.139566223473451712e-01	2.054809524690410782e-01	1.332585832997245923e-01	3.081778516799046352e-01	-2.821539221371678896e-01	-2.287861564504021505e-01	-2.358459138005721267e-01	4.476199617887786641e-01	-1.899076770559707250e-01	2.548777519029075123e-01	-2.505770402534497621e-02	-3.452541446775287404e-01	-1.040993382933916439e-01	2.802398999015535269e-02	-2.953932381550402053e-01	-5.492330675187846040e-02	2.878938375352397827e-01	1.221841607296925564e-01	-1.036549119146769893e-01	-4.053193485300006227e-01	4.290015203103133001e-01	5.875447164122408333e-02	1.525544116216487334e-01	3.366684690847937533e-01	1.731868578337114051e-01	-2.913606296413377358e-02	-1.180636192209660318e-01	5.577366078736550187e-02	1.149480541386743715e-01	1.404362185005497143e-01	-2.736235267990264064e-01	-2.132935968517290712e-02	2.815652819015196026e-03	-1.263896141245700495e-02	1.950478547750082725e-02	-2.796963687495542666e-02	-7.766955187393298488e-02	-3.878251786974440396e-01	-3.678164257355181349e-02	5.767324218397650720e-02	1.286258420719684492e-01	1.129796469277550980e-01	-4.076622242894598069e-02	1.158661296766672934e-02	3.623701996951107784e-02	9.296642479384739643e-02	-5.909071353686764887e-03	-1.875056677782107051e-01	1.672741136396094230e-02	1.106601092225933114e-01	-7.810867889070340075e-02	9.114694270324233405e-02	8.226302940930943497e-02	1.293433840078078711e-01	2.927888631879570491e-01	5.005505703026245229e-02	3.717327137049550312e-02	6.527292189983320558e-02	-3.600017012171751601e-02	1.957995090006042216e-01	-7.963243849768522620e-02	4.485377661151345591e-02	3.237378194264718401e-01	1.452954348490000380e-01	1.373832069692934865e-01	8.190654076356145008e-02	7.718303723550558326e-02	-2.211806827547547760e-01	-5.906219264335994812e-02	2.169927861913125977e-01
2.120034337213337894e-01	-1.195840478250091987e+00	-1.989541754847274468e+00	-1.179608283861578011e+00	-2.401389519416175788e-01	3.137568242091189341e-01	-4.230655646582904238e-03	1.338709420390108873e+00	2.796317647383398941e-01	-7.247798805755856222e-01	-4.034338660249158770e-01	-9.872361144191060811e-01	-2.470155852937200303e-01	-7.305412725604006063e-02	-1.198461824260694253e-01	-5.170076276235332502e-01	4.991842998991906366e-03	5.814105164166259720e-02	-7.243729007349709592e-01	4.037996464359607796e-01	2.590657504641203368e-01	2.473034505662062010e-01	6.796203456414338095e-01	2.627465901751085409e-01	-1.322009923056351455e-01	1.959331257452199063e-02	2.489895926781532931e-01	-2.976417611686171805e-01	-2.041193732764109425e-01	4.050609031210242184e-02	1.192855532121220585e-01	-1.369728520286337681e-01	6.025796668093787167e-02	2.886574789045909251e-01	1.661017296368914042e-01	2.035710876998955421e-01	-1.127266939620630813e-02	1.797028697102409367e-01	2.201383357029134194e-02	-3.675820766903494657e-02	4.232447944822546881e-02	-5.229302086406758393e-02	4.859794197661006510e-01	7.885859373292923580e-02	-1.076994342088746642e-01	3.415967307603505754e-01	2.601510344422499621e-01	1.982058168116139496e-01	2.208367803934759566e-01	-9.398355046420858727e-02	2.097780861067966851e-01	-2.794056315929308587e-01	1.500396647274960804e-01	-2.023297620611091280e-02	-1.118216456522592300e-01	-1.826054780160280000e-01	1.975633981851262003e-02	-1.450635292312530134e-01	1.067713792983562282e-01	3.801696005496367770e-01	-1.059307693268081579e-01	1.588747592399461462e-03	2.521969772188430992e-01	9.857338857677749866e-02	-5.889838438116951069e-02	2.095341452842008068e-01	3.680735531145972184e-01	-4.082311952829854040e-01	-2.635800522763097342e-02	1.859735229448571669e-01	-1.283119570066673099e-01	-2.864931654731024402e-01	-1.877473508668506957e-02	2.689320835307359298e-02	-3.965496886798218212e-01	-3.028782999152233590e-01	1.486194389778474623e-01	1.218584169822025665e-01	8.830878524885753256e-02	-2.271607462892017149e-01	-6.491208742646763230e-02	3.849294963879930365e-02	1.908270158514294157e-01	-8.255232099156123438e-02	1.293777731635073203e-01	-2.356783999997775492e-01	2.065794731292384945e-01	9.430687155777493780e-02	-2.388841387057881807e-02	-1.709099149586943700e-01	-7.618455906927684707e-02	7.305812497688854434e-02	-1.520815880106120843e-01	-1.201815568589207489e-01	-1.076732973399951998e-01	-7.637380501336708816e-02	3.894940209867392422e-02	-1.342177119498789151e-01	1.402110690833470452e-01	2.285794920949195397e-01	-2.030560456380862133e-01	8.953519624760257478e-02	2.626506194888675316e-01	1.315224753362958521e-01	-1.315428288071198923e-02	-2.842995477013113975e-03	1.595267157846661510e-01	-1.078432042615151826e-01	2.181397461674564608e-01	2.140756901109252264e-01	-1.026845417875763347e-02	-2.040060873703212485e-01	6.956862062904314858e-02	-2.804429088585032592e-01	1.014567413014361569e-01	3.793388331435780525e-02	-5.032432574621496790e-02	-3.332268670915979059e-02	7.667798177283148553e-02	-4.568439802253355247e-02	1.449469198566405992e-01	-1.891281204271732519e-01	-1.593437107740689751e-01	-3.048750974362195512e-02	8.592522440425098829e-02	-7.592146503398446156e-02	4.237638771795903397e-02	2.009684399047363679e-01
-1.447570726051826684e+00	1.620527720656003590e+00	8.838041753451574278e-01	-1.528494081017772732e+00	-1.036532734883731210e+00	3.162324341992189258e-01	-1.370962673502203882e-02	2.005780368943833047e-01	-8.789353915501280090e-01	-1.109432024072487755e+00	-2.555240007325154106e-01	4.014738416849546465e-01	-3.833079910717664823e-02	2.398067899334735409e-03	2.049000423448867347e-01	-1.487109507029803213e-01	-1.937937096986768193e-01	-2.068210530503978850e-01	-7.056938838515286472e-02	1.920978639338580540e-01	-4.317790616923772307e-01	-2.419154586718189059e-01	-1.987050517641985592e-01	-4.853484433646571700e-02	2.466034082963906027e-01	-3.080915595811355434e-01	-5.228284146841621904e-02	1.370219924038240111e-01	5.566965042551819814e-02	-8.543946565749567165e-03	1.759261239203864513e-01	2.533268552984662692e-01	1.373968055418294254e-01	-3.630596632213786007e-02	1.553783299838469578e-01	1.213664710733894890e-02	3.338354278222744470e-02	-3.348413163124904779e-01	-1.402546101318041527e-01	3.005347596972224866e-01	9.006225750407376163e-02	6.733344190201222268e-02	1.684410928380638550e-01	1.556638755783105177e-01	-4.050116941250371527e-02	4.440706037246014981e-01	-1.701077066413568192e-02	7.250934125469496450e-02	-1.905080187840748063e-01	5.526370395064087587e-02	8.112207590335134000e-02	8.554584900350521715e-02	-2.195267363589726434e-02	-2.415558625463797709e-02	-2.074529873913695532e-02	-1.138860954290202843e-01	3.461231117620282016e-01	5.519386908471059228e-02	-9.232875846360845407e-02	1.082960877001909183e-01	1.135118462657826455e-01	-1.143429220374342081e-01	-2.647660889834609343e-01	-2.488737058054994039e-02	1.303094864955452459e-01	-1.677479714759928242e-01	-1.003888410214572730e-01	-9.922547370697594460e-02	-8.595324085990638241e-02	7.092214910613281464e-02	9.512365572157760463e-02	-2.499271666051924579e-01	1.954559321476275202e-01	1.523651779172075227e-01	-3.541660903032215479e-01	2.505552470056959108e-02	1.079583416493842124e-01	-7.899717635436434571e-02	1.295002407534529831e-01	1.791448903127123571e-01	3.518124649826098183e-01	9.224932615894344823e-02	2.632529543397360006e-01	-1.021931006707470363e-01	-8.026680959817587835e-02	-7.336568076134894478e-02	5.572979401613885331e-02	-2.452376485912808601e-01	1.566337963651965315e-01	2.241004593644696508e-02	-1.056324691908108737e-01	-6.759811489245708127e-02	4.478810242371774469e-02	7.849743743378768956e-02	3.728730327049425280e-02	-9.216407606968250732e-02	9.192748321046664839e-02	1.393173810948996061e-01	6.060101589279302814e-02	-6.018773983921352211e-03	-1.055441585721924452e-01	-1.133780521203742869e-01	1.069427893147777420e-01	-8.825260205473204125e-03	2.340366193946118167e-01	-4.392365194864557287e-02	1.068602870537012361e-01	-1.752359445021473838e-01	8.189688882715770446e-02	-1.632138680880482889e-02	1.101275748945524102e-01	1.117906072016135177e-01	1.234221529563092334e-01	-5.142763990827485879e-03	3.729333755493280823e-03	-1.417093856240535590e-02	-1.724346782172479497e-01	2.046416847035557526e-02	-3.369856291917305846e-02	-3.427287401492894875e-02	-1.759356999592333604e-01	-1.104921950672303928e-02	-1.154196976445811679e-01	-7.755116903153527752e-02	-8.339974663625691897e-02	1.860421595142669748e-01	-4.605396407151120253e-02	1.743821242992481257e-02
-1.509153741002210170e-01	-1.406157362966614199e+00	-1.723667240920755850e+00	-1.462489008842297267e+00	-1.956933176024556464e-01	-3.576083836120169113e-01	3.524726208117931470e-01	3.260228216285358527e-01	3.588645800578438849e-01	-1.871769841822738534e-01	-6.536495975199667630e-01	-1.113956514537067344e+00	-1.842082358801525044e-01	-7.016966024096263355e-02	2.209131987666207997e-01	-4.561661233240833502e-01	3.751946525802470345e-01	1.619007696844317890e-01	-4.280709830693160134e-01	-7.122981476988264615e-02	5.154661856248931029e-01	-3.671782240631702443e-01	1.787939261604417907e-01	-2.262582847833001509e-01	3.914966016854337094e-01	1.344188192728138498e-01	2.342518257684199634e-01	3.018308584266471070e-02	-3.931975151614595931e-02	7.830601382934216856e-03	-3.911791949215864261e-01	8.442567036638065625e-02	3.893111155929949302e-02	-1.112046182732326360e-01	-3.246404250047999276e-03	2.255658731094268843e-01	-2.520791553748057412e-01	3.880008163996438442e-01	-4.018038356076897299e-01	-2.085215739490194065e-02	-1.644971489235921153e-02	-2.381272089691794380e-01	-7.021302809916947496e-02	9.609850101151438950e-02	1.525470951277280995e-01	-7.222239478017158931e-02	-5.632108969487227557e-02	-4.179461305709218644e-02	-1.119728741655470483e-01	1.890852238145050712e-01	5.226667156705181762e-03	4.140472073514434720e-02	2.421229023553715942e-01	-4.003833813117954055e-01	-1.997387679609695654e-01	9.209220132252239621e-02	2.859422895029871681e-01	-3.669547162024893588e-02	2.120009745458429906e-01	-6.125003019023275708e-02	-1.139889176528691289e-01	5.645997244085514122e-02	3.161383914596203881e-02	2.194502645114837502e-01	-4.161651178372440668e-03	6.942974072719540479e-02	-5.818893521230363713e-02	-1.747803798908350095e-02	-8.431397103366607138e-03	2.037396636967188368e-01	-9.252747622738527467e-02	-1.924667283145625046e-02	5.091774518327975979e-02	-9.126611811481351311e-02	1.768543475061761239e-01	-1.131738135132900058e-01	-1.154004819829709642e-02	-1.610719210532567947e-01	-3.966400664835639800e-01	2.078045325970740570e-03	2.870513336507647326e-02	6.536298578838851958e-02	1.905475010801249355e-02	8.760879989805792079e-02	2.654977991030880308e-02	2.255898821900284290e-01	1.004557507357357743e-01	1.009243829028497602e-01	9.614589918169041960e-02	-7.263153712476813628e-02	-3.342946944456728908e-01	-2.816700633646329610e-02	2.061881572647171132e-02	-4.441447911788411196e-02	8.226762334100380658e-02	2.427034580545298081e-02	1.331335810077305393e-01	2.379476350405722862e-01	-1.426941445680018072e-01	-2.613842615820484439e-02	-6.100729110867829375e-02	5.277780773507205481e-02	-6.466597476110919063e-02	-8.250903659941806467e-02	9.925065560319554919e-03	-6.251061256673878797e-02	-5.722120393007568834e-02	-3.978207064802197906e-02	-3.647951062765050073e-02	-4.820302194536059404e-02	-2.770315613177776193e-02	-8.093514599319891201e-02	-7.286911785268060382e-02	-1.098312830361283104e-02	2.949240424846406861e-02	-4.478718907081142425e-02	9.930709310464372330e-02	1.603598826815899603e-01	2.435206673837415556e-02	8.226665525041854804e-03	-4.952941111801331675e-02	-6.886963434930751249e-02	-1.702507900656364537e-01	-9.713689643664093210e-02	-1.396288132339658095e-01	1.303570879102739777e-01	-4.539168293296478446e-02	-6.190125684597487521e-02
2.357444693328258900e+00	1.094191416963219865e+00	4.054817095781275693e-01	1.444755164705134431e+00	-2.518059095202165865e-02	-2.360740209794670863e-01	-8.575918731188119093e-01	8.732129856686479119e-01	-5.500453910742996166e-01	9.894856444818390662e-01	6.402061382245591847e-01	1.801081017840428511e-01	-6.188871161559109657e-01	-3.198573357278929330e-01	-9.671840942401515040e-01	-1.652500181357629550e-01	8.051028748203274965e-01	-3.554365725965689116e-01	-4.774022559426493451e-01	4.624336020478608811e-02	4.906412030451964140e-02	-6.449536905602022419e-01	-4.182954145885837138e-01	1.977837809221559273e-01	2.266440884513966011e-02	-3.789507282582627590e-01	-6.140448121537841475e-01	-3.387019054978336330e-01	3.163317083383810902e-01	2.622803531847051062e-01	1.128966995369484888e-01	-1.942064627921187003e-01	-2.029531285321615197e-01	-3.215332875690160019e-01	-3.915306396274795264e-02	7.083951823523652880e-02	1.412139003094731171e-01	-4.218267717208269429e-01	-3.332999766718443974e-02	3.702019291841743831e-01	-4.515002298507568845e-01	9.729726519843139299e-01	-8.885859695558213922e-02	1.867096543513477869e-01	2.180297178404730640e-01	4.337227401173530672e-01	2.147029022647364560e-01	-2.168109677375668898e-01	-2.477733242255837354e-01	1.702273748545502785e-01	-3.119934983727598587e-02	1.535075383132167570e-01	4.939987796972406531e-01	3.841387179970320257e-03	3.837417631579809196e-01	4.372652488229291645e-01	6.451209760146149608e-02	6.082933740825139518e-02	-3.878408899587043601e-01	1.481587148947510202e-01	-8.301828539896047299e-02	7.429734740825975903e-02	7.137835349664099771e-02	-1.678874323007487346e-01	4.595501470313470560e-01	-1.235042624117195648e-01	5.903291255101539986e-02	-1.172687254094262194e-01	1.780371082826680551e-01	-3.496929375981664978e-01	2.982514281304267031e-02	-2.567453683086318335e-03	-2.497132629993058586e-02	6.412235283812099673e-02	1.424195030818243245e-02	-8.477377546797762453e-02	7.216793492382073127e-02	-6.421204128793578381e-02	-1.782910170196348731e-01	-4.532585186533054367e-02	-8.077527680104372443e-02	2.637555315110524656e-01	-2.897244252458246461e-01	5.120082489962675225e-03	-9.476696117620810045e-02	-8.219212844790275974e-02	2.460053187788809048e-01	4.680708404311708509e-02	-9.231620095024398176e-02	-1.670051425506009213e-01	1.541705426857113148e-01	2.883555666332983103e-01	6.058466468175927738e-02	-7.379694048140060525e-02	5.557263250504752838e-02	-1.534026443251531868e-01	1.366586760085664598e-01	3.874796516154317694e-02	6.364511841212266985e-02	1.281911732695256712e-01	-4.525706069345236671e-02	8.249094280843924376e-02	2.176750253652514344e-01	1.371584346212808073e-02	-6.877344932719292592e-02	-3.498414232918518052e-01	2.782730735843912395e-01	3.035301063019514856e-01	2.769030039904326612e-01	6.858313885343307603e-02	-1.083266900632783164e-01	-1.009192305354043584e-01	-4.884363195911831101e-02	-1.256370679274320112e-01	-6.513412769014448322e-02	5.222018538985299246e-03	1.486684736703249854e-01	7.603734689922378442e-02	1.930461538347418571e-01	-1.160784357179836940e-01	-1.058545173139396472e-01	-1.259060809006428139e-01	9.805411212236223029e-02	1.531170742909236937e-01	-1.643977128082192152e-01	6.665442322405225328e-02	6.880751953950213495e-02	-6.124384107918430520e-02
-1.386400295440297858e+00	1.235072002563116111e+00	1.404254019919113139e+00	-1.285418824861313869e+00	-1.448770598772954665e+00	-3.424009533784815318e-01	1.236931290325620214e+00	-8.685806539288253303e-01	-1.543251627637471923e-01	-2.221569976222201870e-01	1.291572235289488724e+00	2.673319980993941192e-01	-1.987119541993142419e-02	5.889289451986358115e-01	-8.235405985621264691e-01	5.075902117031390048e-01	-9.332802346356418310e-02	-4.090511925071904087e-01	-6.169283706666459643e-01	-4.883262910507692456e-01	1.690222116802465313e-01	6.300838075365261526e-01	6.011207160917032555e-01	1.537319772488717484e-01	3.450682901217526632e-01	-2.794403730470959926e-02	-2.195482159164867039e-02	-1.945710556057603791e-01	1.344827548596170264e-01	-3.021215032475398077e-02	3.403805028184713199e-01	-1.326245153758453255e-01	-1.293105474751201078e-01	-8.783944631555604121e-02	-2.668659125299300272e-01	3.190388400457628837e-01	4.542052424882702666e-01	3.621423448139988316e-02	4.376574908004644132e-02	-1.504040239587297288e-02	-1.464415966755675258e-01	-8.259054698594664456e-02	2.239945572896101800e-01	9.053899495933798169e-02	-2.174778331129570974e-01	1.306396441568973832e-01	-1.450179230024969956e-01	-3.572888230167281520e-01	4.289884250899570484e-01	-1.786499457429009952e-01	-2.088151352388582793e-02	-1.940971177290973515e-01	4.620945376420899225e-02	2.638122557262493478e-02	2.532974368411380350e-01	1.647758018426435933e-01	-9.531098278180230587e-02	3.235429440131455947e-01	2.038900634278209001e-01	4.413277281209206371e-01	1.809216804161149494e-01	7.576851974669859824e-02	-4.745817878473074236e-02	4.105604543123936856e-01	-2.218852462312164431e-01	1.599000033452915859e-01	7.668893965772445587e-02	-8.618335622509142036e-02	-6.879829990537059126e-02	-6.006355513625379061e-02	-2.630765319780865030e-01	-1.176834305948685766e-01	-3.910949959679822507e-01	-1.285508055249830715e-02	1.473238875634353129e-01	-3.031111806321130642e-01	3.756289003205000032e-01	-2.658638932574717839e-01	-8.067763810143764591e-02	9.154604022771805488e-03	-6.453033804451453748e-02	-1.326974751475041847e-01	2.050617701963589889e-01	8.179795172878338849e-02	2.207658650424434155e-01	1.467092692161021672e-01	2.977608951186336630e-02	-1.121575652194319213e-02	7.348041250535992941e-02	5.610261809284692279e-03	5.480522137450481723e-02	7.482558305711338670e-04	-1.990916629328376430e-01	-8.706782674223839669e-02	6.937103334206930205e-02	-2.242954314352083867e-01	-2.945609652342486839e-01	5.170005181455875759e-02	5.974920600298817136e-02	2.605989614094191276e-01	6.181645914862233214e-03	4.655166108910412798e-02	1.389969541339771131e-01	2.543204059746607681e-01	-2.946790210179706659e-01	-3.457026484749296524e-01	-8.172258627757189586e-02	-7.128057551373198630e-02	-1.700603294435522328e-01	-4.301381795731192281e-01	3.776376875409745426e-02	-1.982740019603547454e-01	-1.633982414628963875e-01	9.263360897013751816e-02	-4.679265157013008658e-02	-2.225122671371712602e-01	-1.711554860118807975e-01	-1.616943656501459436e-01	-6.830361073546312167e-02	8.824411350743217863e-02	-7.121024929444000340e-02	-3.689883089866028421e-01	-6.668326495613045857e-03	1.900408367972847568e-01	-1.809117265918029280e-02	1.055690901627990563e-01	-4.699633672149316349e-02	-1.781768267780153014e-01
1.811467183010267101e+00	-1.687121733559780568e+00	1.276342527609843902e+00	-1.177106232061287505e+00	1.301681863853685339e+00	-9.395755990688531289e-01	1.244765732672727943e+00	4.530278569915118791e-01	-2.439922912068967775e-01	2.022788499858625411e-01	-6.392873949080364326e-01	6.281835616773079334e-01	4.717747288417881713e-01	7.158111915413280235e-02	5.200636024662008694e-01	2.236727026541230900e-01	-5.096897417429190336e-01	-1.824987873716500397e-01	6.291028980470212417e-01	-3.031331525904488178e-01	-9.261140907116073295e-01	-3.060367572911257272e-01	-3.393207240704586014e-01	-4.801159160652052060e-01	2.298253584566190555e-01	2.611066826158159881e-01	-2.225081437765777659e-01	-2.777194927572271266e-01	4.418590571408418377e-01	9.634183743420932089e-02	-2.102020820642368781e-01	-2.146309841883292380e-01	-2.262722550964094415e-01	1.710569712372922713e-01	-6.727354401496378200e-01	7.782529948902776329e-02	1.461389835296042772e-01	-2.975058631877675608e-01	-6.520383879805151661e-01	-8.724795329257276078e-02	-3.259332215000320665e-01	-6.237110120932060076e-02	-8.227959035901508122e-02	-3.671596648827835652e-01	-1.012655413512172087e-01	-2.220598823522557108e-01	-2.638778711714356850e-01	-1.408703135552414887e-01	-2.619382930956597466e-01	-2.716460205538839268e-01	-1.089978975091309005e-01	-1.678874336510872423e-01	6.955241857242855374e-02	-1.720630175779384657e-03	3.463214473761718620e-02	1.036081522397972188e-01	-1.176064509955201537e-01	1.912692592739414221e-01	-2.949464575321568069e-02	1.768228339670568361e-01	2.852381918494960589e-01	-8.337383505251466653e-02	3.841775310997207985e-03	-1.347759641324231261e-01	-7.175049712104535071e-02	-1.362123430965158088e-01	-1.335442801985363692e-01	-3.181120885579775681e-01	2.734989219957331130e-01	-1.638261293062521773e-01	5.172818862389827466e-02	-2.413445158479643193e-01	-1.100216923566317041e-02	-6.169517372379550169e-02	9.851755158989566885e-02	-2.220501668431899139e-02	-2.537122737176623205e-02	-1.468800859645153223e-01	-3.628043334997521630e-01	4.807672257024610957e-02	3.518266183666043240e-02	-7.609988792818545011e-02	-2.734070798198171004e-01	1.647744789495464435e-02	2.096225937358500990e-01	-1.810443200094363214e-01	-1.799114569841754607e-01	-2.197264909840884184e-01	2.151258065298903427e-02	-1.752630844692672774e-01	8.643276206342741241e-02	5.473255286985750229e-02	-8.121232519167470576e-02	1.917961301517055739e-01	-6.464825684857626598e-02	5.271145272642710489e-02	2.277302159259317338e-01	-1.905761327404223715e-01	-2.606092208516777586e-01	-1.052402000565576395e-01	-1.261133926834780428e-01	1.081967752657771314e-01	-8.835323402223309308e-02	-1.933980536561388797e-01	1.592028675714901587e-01	-2.232296471606638189e-01	-1.746482886913693355e-01	1.808666343792435932e-02	1.489414627774083566e-01	1.719193468995114937e-01	7.383036689341877790e-02	3.793377325562520552e-02	1.730806680586985946e-01	1.387346874012759523e-01	-1.337743390779635166e-01	2.847132868669944791e-02	-4.129233756909905795e-02	-7.046135161241007250e-02	-2.596508152071138643e-03	5.053212940535279502e-02	1.673884132878588615e-01	6.209317722266655994e-03	-2.901454851531871243e-02	-3.127779351320662121e-02	-1.414574484816668587e-01	1.147311061233511065e-01	-5.508422160030262971e-02	2.212841497675318170e-03
-6.441845773771208705e-01	1.230027496465945225e+00	2.669109501901781645e+00	-1.229461286246561036e+00	-9.133263598628044155e-01	8.720085096117587975e-01	9.295102655396521307e-02	3.809736279869494480e-01	1.430751840043641199e+00	-1.800024135965332117e-01	-3.517298719802558482e-01	2.635125007071840719e-01	-2.846627071541502629e-01	-3.940955344822566486e-01	-2.627941459114485623e-02	-9.757167263580918994e-04	-8.437436588012030558e-01	3.041833487227977861e-01	2.338620913332222634e-02	4.710932808271489081e-01	3.507367395479737415e-01	3.250513503360832335e-01	9.871719907283076079e-02	3.910476641758479088e-01	-4.392235488065003857e-01	4.166784076283540639e-01	-6.495433587044767698e-01	-7.808362577115357528e-01	1.162329225038143177e+00	-4.665880540997972559e-01	3.334474196834485982e-01	2.450004125224598817e-01	-5.284715341216689177e-01	-3.354320225515369791e-01	7.069142796415525121e-01	-4.361519620610554426e-01	-3.725948292083618996e-01	-2.494164559875043374e-01	6.932291037074747031e-01	2.483802325619118845e-01	-7.636043128495018095e-02	-1.148332167511416924e-01	-1.339655795452655562e-01	6.193647151993538630e-02	3.441401264090154788e-01	-3.317890365196345948e-01	-2.290191941287332278e-01	2.930524097527736904e-01	4.584483760995080592e-01	1.032789086125836669e-01	-1.088720551380291390e-01	-5.201211207950662274e-01	8.278760713029584620e-03	3.967340210272159856e-02	-4.384237859004225246e-01	2.880062540736165744e-01	2.776774491693045910e-01	1.174754271826064372e-01	-2.009590198397697702e-01	-1.873069333468336539e-01	4.564552191306682771e-01	1.033954919574820441e-01	3.387482379057863424e-01	-2.968524769103067160e-02	3.972952002630333879e-01	-2.705429104424954267e-02	5.782547942507393346e-01	-1.486681928424385679e-01	5.331857434773297211e-01	-3.788715959151658375e-01	3.372159595063864423e-01	-5.214039082796154828e-02	2.727212943472568929e-01	4.254744131300552401e-01	1.158623759305634077e-01	6.445983693123871761e-02	-3.791746309824440275e-01	6.858145671041761260e-02	3.677786924797939172e-02	2.289176424244594998e-01	-4.464222514333013314e-01	8.286466127810383081e-03	-1.737670243557437322e-01	-5.949306002845275443e-02	-1.894327580794847032e-01	-5.331387532190092491e-04	3.779171622158457589e-01	9.677490219700028706e-02	3.448359849587535053e-01	-1.542507143823162175e-01	8.525549259749742870e-02	2.342487313360638312e-01	5.568716706033038227e-02	-2.450505322769332417e-01	9.116805073510554636e-02	-2.345357884065018828e-01	1.897488909225173992e-01	-1.894938084336362516e-01	-4.844513285738528963e-02	-2.093820949402677989e-01	2.565083762137436718e-01	-3.678688095376222988e-01	-1.821025987255488286e-03	-5.838701602981175715e-02	1.517862084397341993e-01	9.343021835835942090e-03	1.410195909184282781e-01	-1.986560817311456284e-01	-6.882995180290660264e-02	2.009759812235666632e-01	-2.203226720928979088e-01	-1.764733971472061749e-02	-9.854545303102745304e-03	-2.140512809839678343e-01	1.204231207030424522e-01	2.062481953218042452e-01	8.321556099153062935e-02	-9.973444679801572732e-02	-1.789339508606888063e-01	6.949410529982813500e-02	-7.114678241283607651e-02	-8.443130872319619395e-02	-6.571146216211584679e-02	-1.756066724657614764e-01	-2.010114527138187265e-02	3.263035394165993142e-02	-7.642658804599723743e-02	7.424875878632554785e-03
-3.584081645993323351e-01	1.922866304821104100e+00	-1.561639439328395884e+00	-2.107165469864451801e-01	7.664637318699533131e-01	5.613254710715078755e-01	-5.999332113071298433e-01	7.675978509700471797e-01	-1.495847803398369980e+00	-1.050281551968310190e+00	1.100839717861771039e+00	8.606668725620723881e-02	4.039382339995062909e-01	-4.979496368226158376e-01	1.085336404181249659e+00	-4.780761281356837866e-01	7.624481853456901992e-02	2.454074767188958381e-02	3.388746651231318574e-01	-4.015321381052644467e-01	2.611388461545709472e-01	2.880694709699055736e-02	-4.625518716927528029e-01	-4.053034572635132171e-02	3.318676263278638738e-01	-1.118804057901244819e-01	1.764483037269128918e-01	7.213375373588794270e-02	-5.016831580136456303e-02	-1.786116582416324150e-01	6.804537959835146865e-02	-2.430358911207121664e-01	-3.024945898640068465e-01	-8.743125381782144989e-02	4.939929660013860774e-02	-1.417014568411709141e-01	2.086325358445114686e-01	-4.442345074851410947e-01	-1.275551941318232851e-01	-1.451141807239136328e-01	4.738895533322793341e-01	-1.377282609871025854e-01	-2.239958979989368527e-03	-2.824204518542764147e-03	5.005096491812972836e-02	-1.212936105255430497e-01	-2.436571686362712374e-01	-2.836096604604896876e-01	-5.656036946936399828e-02	1.009915727060850255e-01	-1.635513645336826027e-01	-3.091756291957448166e-01	2.664264341280139781e-01	-1.609546940901250001e-01	4.218859824586346403e-03	6.503511272616115113e-02	-7.868711662123790973e-02	3.401969861540762863e-01	-4.682015226391449125e-02	-8.268329539920062088e-02	-2.448351411112899279e-01	-1.355712014503110963e-01	9.035492945875121806e-02	3.390309752996770176e-01	-2.580094892510269577e-01	6.494328057559969891e-02	-2.796075136643375036e-01	3.037610420789175203e-01	-2.276048758923669355e-02	2.077240918168206038e-02	1.324216158738737437e-01	-1.358060444557019075e-01	6.942423724690874320e-02	8.556070178506262891e-02	-1.186138377410514075e-02	-1.764338693043508155e-01	-2.045020760554777106e-01	-1.779956965370030342e-01	-2.984894312556779505e-01	2.751370214878188780e-01	-2.178302159582230224e-01	2.608224363001866025e-02	4.670394180469757406e-01	-5.610315733404086513e-02	-4.402654502459233954e-01	-1.511048141804528788e-01	1.310877886632801914e-01	4.332411212780000187e-01	4.487206568053356964e-02	2.610577604912228677e-01	-8.816190257509325112e-02	7.197678970492537784e-03	-1.414472109888452456e-01	-2.183250689761341568e-01	-3.047584447313629874e-01	-8.542853224571954340e-02	-9.207827511419570954e-02	-1.586412193048413188e-01	-1.361587610145239546e-01	-3.240896677654054453e-02	1.583390742785360239e-01	-5.229268219636507703e-02	-3.569150621244170790e-02	7.442835440653283730e-02	6.810335350023759282e-02	-1.251928736833045619e-01	1.945217402165255738e-01	-1.152689012861259910e-01	1.040630109849962209e-01	2.031303721809291085e-01	2.286525260619006739e-01	-4.049014271843996704e-02	-9.243097787767828866e-02	3.091906459295274898e-02	-5.541019816022408478e-02	-1.416692448120000780e-01	-2.147750209877412678e-02	-3.518054145027567081e-01	1.151780881056832379e-01	-1.580911879031192124e-01	-4.820790548050150892e-02	1.428268742908912481e-01	3.592654646427075049e-02	1.829674933449960961e-01	9.545248254453360393e-03	-7.897252597494641702e-02	1.159151480077823398e-01	-1.782043966032990367e-01
1.550600406196371850e-01	-9.349491760553407804e-01	-2.084033806585976478e+00	-1.622278428091550984e+00	-9.294298169963963741e-01	2.106402189090628430e-01	-1.233753670130630864e+00	6.949705502256250389e-01	1.208787028943038910e+00	-2.140007401347208404e-01	2.313992567709382067e-02	1.509088024072948730e-01	1.408053483448827026e-01	1.411550464654747206e-01	1.666189539538847839e-02	-5.539659919958027645e-01	4.435746655884610368e-01	-3.017905382422468308e-01	3.092099274260864950e-01	9.924903487931440588e-03	2.571782089520839309e-01	6.590554050915168327e-01	-1.024898461526594501e-01	6.014974054614306009e-01	1.120902054353125309e-02	-1.229695176937160850e-01	1.115739600894000150e-01	1.016780542955425942e-01	6.821616263101204503e-01	-4.671184143381267723e-02	-1.992598569998259850e-01	-4.763719922916862526e-01	-4.586657413607405503e-02	1.128105003355816538e-01	-1.357193488043952068e-01	1.536426570122845781e-01	-9.938417220092719828e-02	1.567073926013216600e-01	-1.330580965628633261e-01	2.170784997149303175e-01	3.976598290892509602e-01	6.915094853230321359e-01	1.505681930346762509e-01	-5.799483338805419552e-02	-3.099075999016890348e-01	-1.679901407454232609e-01	4.670482138497923374e-01	2.124827451150108348e-01	-1.363724789150126404e-01	-1.729625031077684227e-01	-1.032681818144379760e-01	3.664970788912219612e-01	1.410825237711546554e-01	-5.511204692121781518e-02	6.909428123650769304e-01	-1.281822156746546260e-01	-2.912452927214220222e-01	2.196261315672795589e-01	3.968254756614163492e-01	4.648999205657631806e-01	-2.906315579714085703e-02	-7.403990688944415977e-02	1.316521327185138646e-01	-9.322995642474453393e-02	1.501982855570653530e-01	-5.142593901687392277e-02	-3.391624039747013764e-01	1.095023479305486103e-02	-1.984723248299087237e-02	2.783233350067236267e-01	-2.754518399293295894e-01	-1.533290116646306156e-01	-1.612717439213446347e-01	-2.323032407260681720e-01	1.120098758553681184e-01	1.151888968040117450e-01	-9.555727131117952577e-02	2.744242725303880914e-01	1.106546495868144381e-01	-2.135822151276487169e-01	-6.700048233201617853e-02	1.290021889429682211e-01	-2.900395896915227700e-01	-2.101578896640891592e-01	1.107594891198282472e-01	-1.218503716842345153e-01	-1.127007698187718066e-01	-1.214852702364326159e-01	3.950314420515530500e-01	1.000829446137701390e-01	4.947538300748763329e-02	6.478016518780277400e-02	-8.691519399354899478e-02	-6.600436384879422580e-02	-2.001641241354158163e-01	-3.817845238454690288e-02	-1.240774106911443769e-01	-1.417633776379535471e-01	9.157383459212997678e-02	2.969677374509673284e-01	-2.208956372755173925e-01	6.961477255374196038e-02	-1.264123544903045793e-01	-1.193480458207990536e-01	2.226277953221058037e-01	1.249522935774098897e-01	-9.299466578556342400e-02	-4.240776483020802790e-01	-3.995402057009862090e-02	4.196723185797392175e-02	-8.814896363354934872e-02	-1.939679574927637270e-04	-1.832012938233139043e-01	1.573840566568106558e-01	-1.864365574610510334e-01	-1.515698197070138864e-01	-1.054571677080421016e-01	1.299600813735793114e-01	9.271196099115777689e-02	-7.066397731253204473e-02	-9.542027391530682676e-03	3.008219501917537286e-01	7.309291613428911712e-03	-5.170869189261857041e-02	1.647838560741502478e-01	1.162304512024131403e-01	-1.799192009056163263e-02	1.252732834592573952e-01
1.944688505449968075e+00	1.330428093765880337e+00	-7.530111851630604258e-01	-1.818755549634212265e-01	-1.246538535770119527e+00	1.563987925621102670e+00	-2.409332727769081528e-01	8.154899133172779369e-01	6.571710197285853816e-01	-3.513746961216098197e-01	4.884770326491529868e-01	3.605734742382355473e-01	1.452236806389586021e-01	1.450022447341855480e+00	3.223854553552297220e-01	-2.653846049984418531e-01	-3.845785085410515225e-01	5.640644390096511973e-01	1.905780133067353499e-01	-4.403717189570002799e-01	-3.440529809125844607e-01	-4.176129417699277480e-01	3.029540301014692072e-01	-2.390810012489671260e-02	-4.057199018964274817e-01	3.917825410590555779e-01	-1.254652986016868144e-01	2.007147804094733812e-01	-6.128637110636697694e-01	-4.391831776404568344e-01	3.131882708278098670e-01	-2.187557435343654710e-01	-8.576886400461669613e-01	-2.349711265645292035e-02	-2.513967267397367866e-01	3.280679960677012064e-01	-1.832789930060745587e-01	1.917523316001820341e-02	6.291803541168066172e-01	1.292205092954832879e-01	-7.683257078788818979e-03	1.819147752285284469e-01	1.860759475372354421e-01	-2.522325577105821170e-01	-2.454257234816586419e-01	1.303256958166217616e-01	-2.636466506484348438e-01	-6.357620161162065575e-02	1.672442957444249534e-01	2.243274843183664935e-01	4.000370781794023722e-01	9.566111021712409013e-02	5.138987099637069011e-01	-9.447765275570740862e-02	-1.332529189433145356e-01	-1.272651535793600241e-01	-3.033034322287114226e-01	9.803201822140283905e-02	-3.680911856932919113e-01	6.763121958808214484e-02	-1.148885631487416570e-01	9.377217063212931608e-03	9.865426158613389840e-03	2.368173703168808819e-01	2.120917086052045430e-01	1.338668748781319251e-01	1.511346176142024933e-01	1.953599979616821303e-01	4.647426599253964286e-01	1.279929436346266547e-01	-8.387957723745616267e-02	1.153559299620261908e-01	5.466489244211872323e-02	-2.332658497753159824e-02	-3.411600952092941341e-01	-3.547895314941146849e-01	-2.013802089570206899e-01	-3.159460920708649923e-01	1.236823246423160994e-01	-4.017101819065614365e-01	3.697745214428160843e-01	-1.800294570144394535e-01	2.659932284434659774e-02	1.219980991544571680e-01	-1.888200969516666272e-01	3.032439736491492899e-01	-2.298741197667202307e-01	-1.812580070883596794e-01	1.040486181112702108e-01	9.977209897084010626e-02	4.192401829746465053e-02	4.537410737892975249e-02	2.248138701776733472e-01	1.578902568165091724e-01	1.257780153712517446e-01	-6.393573014208107919e-02	-1.194241919799231555e-01	2.585403060128725616e-02	-4.003663464823350449e-01	-2.503467648610024215e-02	-1.117132164444403497e-01	-2.112271670324591677e-01	7.694729767284380628e-02	1.802535924048196542e-02	5.276662776865879284e-02	2.323807359137029793e-01	-1.529596516170323751e-02	1.159336558265436773e-01	-2.355944574084138932e-01	-4.528410322833196361e-02	-8.166306467168071848e-02	-1.205111665676444621e-01	-3.466284114811166162e-02	-1.277347232304694089e-02	-1.941730076884599088e-01	1.040879693388381405e-01	1.249422399264952382e-01	1.669789536452551681e-01	1.042469070357553151e-01	-2.271940697349231555e-02	9.513453212170398798e-02	1.969245146868911223e-01	-2.216478067156044812e-02	-5.068805103873617879e-02	-5.128106508163500499e-02	-7.226940970052437956e-03	-2.296841718585445613e-01	-1.137644637001049147e-01
7.324420600564921502e-01	7.410493340630586179e-02	2.756109841838735530e+00	-8.805941674233751237e-02	1.005538773919877782e+00	-1.015620753212328919e+00	1.271292712226683719e-01	3.706510774493051996e-01	-3.052316916677043634e-01	1.053056494936918774e+00	9.665146122998273803e-01	3.059163469558168758e-01	3.354526520996405359e-01	-7.192828670267242819e-01	3.224570552497544873e-01	7.752676825621480916e-02	4.813421070563138615e-01	-8.312172033220363576e-02	-4.720241661035214920e-01	-3.474754055220673488e-01	-3.638083300561683053e-01	1.270917042352894821e-01	4.696902777580064803e-01	4.313396404463046840e-01	-3.291225772226591406e-01	6.380742506581025264e-01	-2.015050203505346083e-01	-8.431479058757164191e-01	-2.097764501291859429e-01	2.321450657682445906e-01	1.081919086539007147e-01	1.017339949079828186e-02	-1.287750332937398212e-01	-5.741106895148524736e-02	4.751475117445097540e-01	-1.239003076965737582e-01	-3.486575220457307500e-01	1.076118751731223316e-01	1.276759260073062618e-01	-2.978653189665999568e-01	2.954237795500708197e-01	-4.211064922563501622e-01	8.130245415969512834e-02	2.147601412840552115e-01	1.393675673595467790e-01	-3.720106318738873874e-01	-2.607553684736281241e-01	2.451870266896466477e-01	1.992295519206636334e-01	-2.703189097815076880e-01	2.222074234428556561e-01	7.630360734583120641e-02	3.707724240113801639e-01	1.849017111795272228e-01	-5.000294094262325295e-01	7.204958951184561866e-02	-2.237070297972923172e-01	1.485502040527944545e-02	-2.610420735432666256e-02	-1.465450454777932343e-01	3.875088514723705989e-03	8.872361046203337820e-02	7.615265068762096246e-02	2.305093316065019160e-01	-9.018296507668298323e-03	4.332453741546847259e-01	-6.588158402292702831e-02	1.141770363697358209e-01	1.918871335499618414e-01	4.494787044912507135e-02	-1.297485412079467937e-01	-2.744656059737909330e-03	-5.098809297302372978e-02	-1.959146893933809697e-01	-1.208399025190500936e-01	-1.274122089687435289e-01	2.592186755032687903e-02	-3.253057813787919861e-02	-8.107922657977542635e-02	-1.830113050911348627e-01	3.923574086971718944e-01	1.526429820429849038e-01	-2.182744888463479804e-01	2.832839099185771037e-01	-3.086044859926335704e-01	-4.725308089605623207e-01	1.431163275516543765e-01	-3.157561643139904228e-02	-2.010551549370308277e-02	2.418002153560454282e-01	2.185827455353333559e-01	6.631775458069585905e-02	3.817836413642022170e-02	-4.053852676326333837e-01	-1.017820917165151128e-02	-4.308371793339647871e-02	1.279804173293840330e-01	1.057541309524393097e-01	2.938350377713280781e-01	-6.540340044312903389e-02	-2.133725131995902607e-02	2.809849995183625812e-02	2.433039928149619557e-01	-2.223217416302074589e-01	2.446149851304430800e-01	-1.107806456576415806e-03	-1.267004284438308925e-01	9.939251819493401252e-02	-2.778787805890036711e-01	4.119487774329346624e-02	1.110401193311198742e-01	-9.378253956179935513e-02	-1.445520169312787262e-01	2.745635170862785121e-02	-8.154499897325391544e-02	-1.115760300651154613e-01	-4.286030717652626609e-02	4.106471350629666353e-03	2.105590306385788091e-01	2.814364500469547156e-02	1.937011158711110168e-02	-2.210154961736948975e-01	-1.558463714450691873e-01	6.984677820963562656e-02	-2.845645043998454304e-02	-1.141970748885731135e-01	6.554817836393138364e-02	3.992783454934304387e-03
-1.888182872299956072e+00	1.408789431472604381e+00	1.910133827446067523e+00	-1.739513962618333576e+00	-1.460087348343538594e+00	2.057906094811453590e-01	3.557165660130289231e-01	-5.741741486435866237e-01	-3.081603153140656248e-01	-7.593666713946005675e-01	-5.353948172821960672e-01	2.463686755637136405e-01	-1.842110860192128496e-01	4.129549308918957773e-01	-9.496333074183879175e-01	-2.671651404213931102e-01	2.966948909011846713e-01	-1.497249973433090187e-01	-8.112811724385469159e-01	-4.550800338023312519e-01	-3.250672386871050756e-01	2.681005581136411964e-01	1.512469654971394240e-01	2.178601988080225427e-01	6.399088294460433257e-01	2.558479923387302901e-01	-3.670663845733237451e-01	-7.376827783325209942e-02	5.512683911314303353e-01	7.643790063769628773e-02	3.407141138766306976e-01	-4.864215648644425460e-01	2.956021171672563175e-01	2.664718903224183588e-02	3.163672712491210626e-01	-1.398289965772536378e-02	-3.273096417521928481e-02	-3.630011086510872564e-01	1.401671572444209146e-01	1.599500383446197382e-01	1.219140398180608015e-01	-5.643471982292440348e-02	3.841590527199210681e-01	3.460302380532266353e-01	-7.662048607282275769e-01	4.389168064372678951e-02	-7.724977121582969619e-02	2.525313746635638457e-01	-3.503845902370448240e-01	-1.970871663854976141e-01	6.769341539884111969e-02	-2.637551255591206179e-01	1.536476103609269173e-01	1.651114548707813545e-01	-1.007253831052263154e-01	2.152193186718091289e-01	-1.170192189760213969e-01	2.841903267374582542e-01	1.130105040023356988e-01	-2.650348007401356898e-01	-1.764138726261833545e-01	1.319196226145913364e-01	1.583608247414819425e-02	-1.043440411688113661e-01	-2.077775258802483926e-01	1.528563186115774672e-02	8.218865785760701148e-02	4.816410818992358789e-02	-2.084427952218028679e-01	-8.314719162567305033e-02	1.789860605169480701e-01	-6.503943063021060123e-02	8.789987859376184598e-02	2.996191553742131308e-01	-1.115447968813819274e-01	2.179284978973634046e-01	-2.718056488224588896e-01	2.871984878282867748e-01	1.480124123554641125e-01	-1.180574263046313549e-01	1.080370284362758837e-01	-2.847623795816242032e-01	-1.719434251068496788e-01	2.461623526911080606e-01	-1.421283039122325786e-01	2.360932622009827286e-02	-8.665193762159467683e-02	-3.461527084208939481e-02	-4.912036099057746907e-02	-7.061038475278912097e-02	8.661098786322862786e-02	1.046908222079379752e-01	-1.223650015769058436e-01	3.600684037549164995e-02	-1.080872244217723904e-01	-1.261572513091461234e-01	-2.091669660134297479e-03	5.852523278744681950e-02	-8.842582664768963707e-02	-8.195122451922337570e-02	-1.441953896186850548e-01	2.508921780336177410e-01	1.097769376204216912e-02	1.191385347274689643e-01	5.104903929059546180e-02	1.341426792644381527e-01	4.693734446084251166e-01	1.902598955330453423e-01	-4.233905722456084847e-02	-1.273035760924319804e-01	-3.470083220197683338e-01	-2.526456507883408434e-02	-1.349653254208481590e-01	-2.777904886437341375e-02	2.995211506331012935e-02	5.715258359779410574e-02	2.252813754887747211e-01	9.684286403240487118e-02	-2.102151778685784345e-01	-6.514176686842755581e-02	9.072132594056038501e-02	1.213218045931363093e-01	2.319224003851778071e-01	1.044732147006273010e-01	-1.833273925706715990e-01	-2.574967731628616599e-02	1.497027481226886371e-02	6.372923832959459522e-02
2.586493600583334107e+00	1.191894191267018760e-01	8.060580910883625716e-01	-7.310757283224247338e-01	-8.109975863339124319e-03	-3.180338862900083940e-01	-5.464780858835988075e-01	-1.127712922057434231e+00	-1.038717351575358494e+00	1.154555551466489138e+00	-8.246592515239030696e-01	-2.720939631683977900e-01	4.301978350901035641e-01	9.556228606067697362e-02	8.981497202175921235e-02	-3.096072116470728261e-02	-1.006629153565351764e+00	-3.445494983708839443e-01	2.284256352247214239e-01	-8.794687351337746040e-03	-3.570998348005560152e-01	3.920699137031264520e-02	4.640230321027358773e-01	-4.060868161307230884e-02	9.583818465310595114e-02	-1.607209798246175825e-02	-1.317745052412765995e-02	2.566544747909931257e-01	-1.141763627025468575e-01	-1.742092195675444821e-01	-1.025535193813654627e-01	-4.410942788640448975e-01	-1.010595927954327511e+00	-1.691308549777901793e-01	-1.157674961797045543e-01	1.850811757386024159e-01	7.043992923542298501e-02	2.590141941246512300e-02	-4.064608008844249332e-01	-3.071274581270848625e-01	-4.911376434355690379e-01	2.056461764830491978e-01	-4.117067484773079267e-01	-2.325561614311998371e-01	-1.770439915428797806e-01	-2.097276138524587219e-01	-2.961507642800439988e-01	2.790258704376770704e-01	3.499714635912809513e-01	-3.530328030921098259e-01	-1.574490043563100961e-01	2.335668680709019618e-01	-4.072155969753352839e-02	1.116056138207719983e-01	-9.324840931062067240e-02	-6.787388106432624968e-02	-1.864108185761411129e-01	-1.583018721416505348e-01	1.704441332493215333e-01	-4.537402264050985345e-02	1.936141297236565473e-01	1.673431748442391065e-01	-6.600392314059382037e-02	1.436748800672983384e-01	-2.918036563937632250e-02	-6.590564314807882684e-02	-1.038853707432778190e-01	3.480222830121250110e-01	-1.910914499758810947e-01	-2.616390611276686942e-02	-4.705369539977771742e-02	-3.564185479163912151e-01	6.136778860224808424e-02	2.375874720636321491e-02	-5.303729481943613155e-01	-1.418985916022563465e-01	-2.431832746397304679e-01	-1.164508497493475792e-01	9.211480071258479341e-02	2.575223974703043095e-01	-4.397010558365867933e-02	1.686339339491286227e-01	3.733538091356281563e-01	-2.186918264947450008e-01	-1.318542322129673816e-01	-2.542287459042535946e-01	8.034060243579216332e-02	-1.620717789154653699e-01	-8.334957759628520979e-02	-2.159229560445038165e-01	1.825217481557987742e-01	1.852462256131746920e-01	1.153936498689913798e-01	-1.808436371295685519e-01	-8.580308809467265818e-02	3.105471316145086980e-01	-1.167342282837449327e-02	-9.466128475824814315e-02	8.841889178347071832e-02	-9.716206200355327616e-02	1.142942013215751257e-01	-1.878153110715505558e-01	-2.403881380660651823e-01	-1.057841450292612735e-02	1.280526351584731094e-03	2.384191065506456597e-02	2.350570303450483234e-02	1.353474536159613995e-01	6.014724077826242438e-02	-8.135209049513909829e-02	-2.529876940819280051e-01	2.274735574704121743e-02	6.160377043334471642e-02	-2.936043887467973748e-02	-8.318882237279013811e-03	1.505659253330595693e-01	2.130229087371509136e-02	-5.159146211111433761e-02	7.340819777485010564e-03	-1.517070185565572438e-01	1.292488926687945239e-01	-2.664039563708206493e-02	4.632582024156863681e-02	-1.022486857029622498e-01	1.292584285498186714e-01	-5.374851934533656644e-02	-1.145570897109065983e-01	7.530232760144323079e-02
1.322592541012417966e+00	1.983902183030584521e+00	3.258167305774083422e-01	2.611251009718040250e-01	-3.911902266914187298e-01	-2.549974298364368952e+00	1.084455617352168222e+00	-2.764493081983602774e-01	2.645658564800177498e-02	6.452221344863482422e-01	-1.133498665372228542e+00	1.220494769679771441e+00	-2.559893804972749876e-01	-5.735365108028358527e-01	1.434041650597558615e+00	-3.172045248248315241e-01	-4.087480288537765349e-01	-3.803871359441276384e-02	2.487506182004856070e-01	2.488469977813963924e-02	4.421791164084260539e-01	3.594872437992334135e-01	-4.503923715821380735e-01	-1.966072296491060134e-02	-2.016156919265343628e-01	1.141313429120041967e+00	3.016351769399489013e-02	5.328544470572148528e-01	7.342302056316900305e-02	3.905214475213760195e-01	-5.877270800567898495e-02	7.743008415387361287e-01	-7.422063629839005527e-02	6.775058704213963168e-01	3.140231608170662159e-01	5.206303669616073604e-01	5.132461923824325201e-01	-2.295642315653176890e-01	2.996493735361676070e-01	3.653167627150295804e-02	-5.780176015135324308e-01	-2.672911408692379281e-02	-5.560125428279531073e-02	1.485752903989089602e-01	5.203174700836668554e-02	2.581174239306334162e-01	2.935171922151773027e-01	-3.002501581852136114e-01	4.283032418387495294e-02	-3.586395365602733365e-02	8.188953424744803422e-02	3.066158206529258079e-01	7.542684916504655002e-02	2.337134522418922444e-02	-2.014319441601676863e-01	-2.637303372926891321e-01	-2.230780721251867105e-01	-2.770203276539380255e-01	-1.438471701546827630e-01	3.690981123425867705e-01	-2.965750440461035198e-01	1.339848105083366603e-01	3.100744963580622654e-02	3.438007764614325196e-02	-9.264703747244823484e-02	-2.499968333957518218e-01	2.589662419010219097e-01	-2.451827933040606408e-02	-2.586537063449961260e-01	4.476674212616849058e-02	-3.798404034824879871e-01	1.141277689418646185e-01	1.240273846713428468e-01	1.280174313228742700e-01	3.279606424746242532e-01	-1.064964113116152883e-01	9.418457324998287528e-02	7.041830701620584165e-02	-5.006164210680847347e-03	1.039544982538050527e-01	9.077786572321148995e-02	5.727705466264074868e-02	9.826874932940299345e-02	2.367382283562415868e-01	-5.390644744641873154e-02	4.682468311089757473e-02	-7.125910001901084034e-02	-1.194012047281771127e-01	1.110671974383567323e-01	1.623638828105686827e-01	-4.586432020071281035e-01	1.207571700290187289e-01	-1.266044433712025519e-01	-1.768941944743669392e-01	-1.532770041621935309e-01	5.895761690826554352e-02	-2.239539455620819519e-01	4.478589261634588481e-02	1.090072611741311169e-02	5.895133527806691726e-02	-1.918317244993075765e-01	-1.112568611617879566e-01	1.482027619956265418e-01	-9.018536197492686007e-03	1.040635484024639429e-01	2.227069977919877292e-02	9.073629338164837521e-02	1.434795265055257008e-01	3.003369349277044617e-02	2.220326516157734020e-01	-2.944704741000771231e-02	6.492889793505475515e-02	-4.625624204689031405e-02	-5.932041294299621181e-02	1.068010500157418885e-01	9.394675861860228572e-02	-9.303143255222738606e-03	3.677499715589078316e-02	1.261558545295400624e-01	1.753714833426172626e-01	1.463396512395126192e-01	1.097701527686450462e-01	-3.658401842672984877e-02	3.578772585274082874e-02	-6.250902092420062943e-03	-1.136576155594625909e-01	5.606606493586326762e-02	-1.400440463099313637e-01
6.448869320741745792e-01	1.281773411001806862e+00	-2.639745409756099725e+00	-3.864984477391189555e-01	-2.397774853352451219e-01	-2.350862212637063187e-01	-7.293786212922528933e-02	-9.916121075226345116e-01	-1.086540904766736121e-01	-3.051387490124308766e-01	3.339703395902349214e-01	7.191035128773705098e-01	1.288139198119770124e-01	-1.704044811835173090e-02	3.112889551125529453e-01	3.560525644781882271e-01	-2.691877177912134211e-01	4.764352095106329510e-01	-3.075786118386898971e-01	9.467862583139237051e-03	-2.405384556472404123e-01	-9.688722984485742540e-02	1.226774997158003450e-01	-4.006395439886769605e-01	1.406262569371857507e-01	-2.446925551419773248e-01	2.987721216334210395e-02	4.326043365928252116e-01	-1.721713105958387058e-01	1.584788538471030295e-01	-2.467007156725709027e-01	-2.797157353284175987e-03	-2.911407199066356477e-01	-1.728308463488598679e-01	-8.574788319324083696e-02	-2.522343993116180627e-01	-1.655343035539376673e-01	-2.610473471366399623e-01	-1.181878315793935680e-01	3.034406558325047354e-01	3.237863968701551465e-01	-1.015415045902437197e-01	-1.421426593419220230e-01	6.637929051143358350e-02	4.963675278073973601e-02	-4.787690530454966620e-01	-1.010561303802187533e-01	1.061740599387498707e-01	5.620787494180451427e-01	-1.453260141740903288e-01	-5.877814773036352941e-02	-3.377325299464921105e-01	7.676287801865012972e-02	-8.953526586293580891e-02	3.088515517620414597e-02	8.349790921900726581e-02	4.401638099672944282e-01	2.313095463720939715e-01	-4.248571027205093609e-01	-3.521524227684870445e-02	1.418675868420123456e-02	-2.168247040744666343e-01	1.353637147166645016e-01	-5.262940358775859001e-02	7.922760409215581778e-02	1.365921972089965408e-01	-2.519711934241581908e-01	3.569233586345751941e-01	-1.126203255086070387e-01	-4.334206355698972946e-01	8.159105282905111667e-02	-4.550257441863893998e-02	9.031270324953567796e-02	7.248934798461477425e-02	-2.899051362762748371e-02	-7.906043183874086888e-02	-7.944204663044214521e-02	8.556808933578236021e-02	-5.002443593316881210e-02	-8.356728689993431214e-02	8.949335181815729068e-02	6.953342015534345888e-02	-6.422564837928185222e-02	-5.441095584278183434e-02	3.236433692804830953e-01	8.207190595575533654e-02	-1.130926443641489948e-01	2.228416474812047743e-01	-2.968166913600117085e-01	3.215674598161635811e-02	6.893843094840659824e-02	-1.386661841707862441e-01	-5.866569854077368501e-02	1.340150838070227300e-02	-1.238780185021933627e-01	4.899124717309092381e-01	-2.997362820831084990e-02	3.379192847000513922e-01	-1.507357348860277890e-01	-7.354296786107161754e-02	-8.758705533827015888e-02	1.561871664191813724e-01	-2.211550927950426404e-01	-1.966640292225688702e-01	9.837801905708314087e-02	1.775621873594304401e-01	1.912014944419121454e-01	-5.806665296190399728e-02	-3.407815465983926595e-02	2.679721577135427690e-01	2.868286477267975587e-01	8.548467098332382733e-03	-1.546757681749079127e-01	-3.287682351193041974e-01	-1.399400033683642353e-01	-6.086327145896431451e-02	8.274739695846516918e-02	5.673154664785165502e-02	-1.072478873170155389e-01	1.841161511188343369e-01	1.316612424505740897e-01	-1.832611406129711074e-01	2.876897822959777473e-01	-4.958338320972807689e-02	-1.339939566722616604e-01	-1.854833737477032049e-02	4.583594949369513422e-02	5.221230122651354666e-02
2.617859405001379702e+00	1.055765561045823864e+00	-4.783637097898187779e-02	8.633378469122540144e-01	1.286259931405368262e-01	5.459330456294437806e-01	-1.824506914491271226e-01	-5.929039183880205344e-02	-2.687382627928011081e-01	-5.419435079868182292e-01	7.652540564864800110e-02	-9.319628033893969654e-01	-1.186630011551820019e+00	9.089140738147097887e-01	-8.540049943251528664e-01	4.789518364216859697e-02	-9.086517021298847752e-01	-3.852775484172152320e-01	-1.865566909657513650e-01	4.193436268937956735e-01	-1.382203184270407448e-01	6.263020049467520334e-01	3.198869012328322547e-01	5.663952061042444308e-01	-7.565458937588306898e-02	-4.536565197432924218e-02	-1.048187009590079599e+00	1.997834655884927688e-02	-1.255532163488318198e-01	8.936921978023523172e-01	-8.001330906395448528e-01	-1.842948992458657287e-01	8.558880145708162857e-02	-6.935816179452780617e-01	1.075591743796667776e-01	-2.465739340117051870e-01	6.087756663866666917e-02	1.803956152667527124e-01	-2.346988104057606481e-02	-4.700181228386091647e-01	-6.719858301531835831e-01	2.736793749947931675e-01	-2.474738642192630955e-01	-1.386001215865176606e-01	3.540995824218311910e-02	-4.470679415446122684e-01	1.274242466162439635e-01	-1.547067660550182078e-01	-1.946043305791514688e-01	-4.975417887904496350e-01	-5.634131253906716347e-02	3.289997983666924364e-02	-2.245124265375497696e-01	3.810145383256030027e-01	3.660858862044027995e-02	-3.070384391728493700e-02	-1.644369573423053524e-02	1.052566282263718567e-01	-2.287147988460751236e-01	7.904052772982608221e-01	-7.227932436790701631e-02	-3.059276193083413364e-01	-3.025007341082708648e-02	5.715617823151414312e-02	-1.689379237501099085e-01	-1.091015575009540717e-01	3.609639717679647419e-01	2.871632273923612755e-01	-1.307289775932835574e-01	2.653385668069443981e-01	-3.235833775548535574e-02	4.318478544320833445e-01	2.048128231906207741e-01	-3.696355386620048256e-01	8.961616726833354640e-02	-6.249362213946979550e-02	-3.229311716114137698e-01	3.355380130940404521e-02	-3.170758120410914760e-01	-1.686212655675499716e-01	1.425784416748234751e-01	8.335533371214326470e-02	2.028365810162427729e-01	-4.293498011837983824e-02	3.660414922947934913e-01	-3.449242638912797254e-02	3.025573125777394901e-01	-1.338846490205441719e-01	1.166836799822345977e-01	-1.696834851892500273e-01	-1.127706772697114335e-01	-2.204719990717460554e-01	3.004116764972757370e-01	-2.222933890448572092e-01	-3.934317118119529805e-02	-3.920636102300406045e-01	1.900425433301076716e-01	2.128418237055791640e-01	-1.535678956953730745e-01	5.024601816032130130e-02	2.207652035228143406e-01	1.130741174879447558e-01	-1.081606638331404219e-01	-1.626918438345856255e-01	7.277901926025127921e-02	-9.609889922186692912e-02	3.420088258469037301e-01	-2.301093627764073113e-01	6.895712355847367914e-02	4.987188184667752655e-02	8.196426638233039047e-03	9.854043930813986829e-02	-1.210736935777499551e-01	8.833641264842423402e-02	5.310011334116959691e-02	2.496907552845002431e-01	-3.361269725689127186e-01	5.609805030980677398e-02	8.473478158240368985e-02	7.049728977040288502e-02	-7.508810812837261352e-03	-1.035846505711662535e-01	-2.065073863672935717e-01	-9.420230524580217035e-02	-2.759061052143028658e-01	-2.201171852286109010e-01	-3.400941421291559658e-02	1.492731119169001253e-01
-1.279735478573639229e+00	7.516541505776418441e-01	3.596941985142376175e-01	-2.516104429375720097e-01	6.909789396088107660e-02	-2.940887414622940232e-01	7.625560697856532955e-02	-1.627102086836522687e-01	-1.298241834454851640e+00	5.163481435973550360e-01	-2.198620076385753297e-01	9.981637741147689757e-01	2.701554982701969143e-01	1.042807372606232158e-01	-9.554079145447333943e-01	-2.030119640262360303e-01	5.573472756835834430e-01	-4.406582597230044307e-01	-5.427178461447125235e-01	-2.854331876919101729e-01	5.902646158963639755e-02	2.582998556276134283e-01	-3.533887112660219487e-01	-2.086398729567008892e-01	-1.331123245133985188e-03	-4.394515298340522236e-01	1.026356779305013234e-01	2.392858928175495004e-01	-2.617164316637922150e-01	3.804164298828650037e-01	1.777157372039914196e-01	2.942613583819694290e-01	-1.867772892522707728e-01	2.186764102150105249e-01	-2.696551419397237147e-03	5.093434147551050284e-01	-1.073463477466648913e-01	-3.215819495973606390e-01	-2.846909242052556022e-01	3.992372051098403429e-01	-5.190589399128771493e-03	1.914900441873434722e-01	4.432680441720138892e-02	6.723923120145675059e-02	-1.022854312416801581e-01	2.704422015915255995e-01	1.501816579376583083e-01	1.267570128392966899e-01	4.409607831829742697e-02	1.847610959396713270e-01	2.789692735775665955e-02	-2.369972495958269088e-01	1.877457009418279921e-01	-1.156059670107538184e-01	-1.014927220238669991e-01	2.683823371535702385e-01	6.454650756177732207e-02	2.028912396426240522e-02	-1.354871528235120637e-01	-1.278283121236186148e-01	2.089461922289424234e-01	-2.318410294251306222e-02	8.371834511055305239e-02	1.189814155264288520e-01	2.243567545683032016e-01	1.993544392320728276e-01	4.708242392314960362e-02	5.536657819434429723e-02	-2.781675444403227671e-01	2.048132442809781628e-01	-1.941215206384533098e-01	-4.026991843407663058e-02	1.784507021068792651e-02	-2.875293333394106643e-01	1.832776164673153574e-01	-9.867734777833016280e-02	9.611588067971701954e-02	2.197303751499016938e-02	1.058952270675573848e-01	-1.138300897856773936e-01	5.164515420965679754e-02	-5.520796808730881605e-02	1.681498261472368361e-01	-6.602049837342337246e-02	-1.849131462336539022e-01	-1.685619149159557073e-01	1.609829539824658429e-01	-2.338596277538259605e-01	7.784731836904609792e-02	4.387457652789558682e-02	3.972377642595407987e-02	1.082556739002303418e-02	-3.614598779736522688e-02	-3.935580358167957427e-02	6.714164830940083650e-02	7.223039933923250389e-02	2.706926538797978510e-01	-2.214384279681638409e-02	7.370405711784648595e-02	8.757413251792664499e-02	1.346839951235764277e-01	-1.544311283891500186e-01	-7.622298357030199423e-02	-9.806585536767396805e-02	1.556039129976417336e-02	7.616809598489519828e-02	-8.062298120399327694e-02	-1.494513008031605507e-02	1.142569612506764143e-01	-1.426931210170391817e-01	8.164301981448078560e-02	1.975102005000861291e-02	-7.381911200551768970e-02	-6.345640310372534579e-03	1.525069593074099283e-01	1.255063042366071913e-01	-1.793151327737435921e-02	-1.235943737441799611e-01	-6.932336299398189627e-02	3.859274338605028776e-02	2.043119795068264535e-02	1.534469901757600473e-02	-1.171553901882094878e-01	-1.374846866966765446e-01	-7.196305518819560987e-02	-7.203864118418516760e-02	1.127791802255058706e-01	9.415896928714166669e-02
1.947421193543721341e+00	9.443540811195328954e-01	1.720732653530183009e+00	3.191680412159647040e-01	1.958294245418764068e-01	-4.798953430615885973e-01	-1.396766904422589217e+00	7.702109306198826610e-01	-1.044758957757396578e+00	1.311925063461359064e+00	-3.173956560997880927e-01	3.783104808026506172e-01	9.226973007762573342e-02	-1.116517540981312034e-01	3.920090220747853293e-01	1.236834915313653454e-03	6.747137919874285350e-01	7.533384067364198855e-02	-2.484547126346479951e-01	-2.336633982497805795e-02	4.336554470602925204e-01	-1.141955923525818928e-01	4.462223498628631324e-01	2.475819204575320231e-01	8.791051125723253756e-02	-3.163620525530019822e-01	-1.781273555134015307e-01	-7.121334784557318276e-01	-1.547012635553975390e-01	7.821809560374585191e-01	-1.152227930668410505e-01	-8.493650472215324987e-02	-1.376011416081101002e-01	2.865866950485390641e-01	3.585128590418872885e-01	-8.718610247754310372e-02	-6.482554143404825053e-01	2.595851174360442326e-01	3.281842407762113056e-02	-1.015885453011151490e-01	-1.882289854593124923e-02	1.334523879580025996e-01	4.260556555755585229e-01	5.149591607108284785e-01	1.194730714768578450e-01	-1.201583329874134076e-01	-1.503654692442258911e-01	1.516080305379063631e-01	-3.676102399856164271e-01	4.641808634655627541e-01	4.477074297376189560e-01	-4.337108042523024065e-01	-4.267315856470375590e-01	-1.792261026662954337e-01	-3.949912817999126080e-01	6.426794055673625827e-01	-2.507149371650193581e-01	-1.006447838055663790e-01	-1.655159569634890859e-01	-7.757234931296762281e-02	1.817774641398473279e-01	-7.223151178857213639e-02	-1.251732466065776095e-01	-4.826438461386282075e-01	-4.593656926045591171e-01	3.685606521435966787e-01	2.055267986139039105e-01	8.034595564783057753e-02	1.406994539163390623e-01	1.019814796378354926e-01	-1.689605552468930183e-01	2.647581563496363977e-01	2.430022274093121895e-02	2.518667024532219786e-02	4.169314727745490091e-03	-1.110126623603576029e-01	-1.462159487029659199e-01	-1.506392941351153980e-01	-7.910153191439278642e-02	-8.389005028912752127e-02	5.064486289623271187e-02	-3.828915476472475460e-02	4.830518271506367700e-02	-2.586826201358814470e-01	1.552035922880283525e-01	-1.831342124068626454e-01	2.846768748677139249e-01	-1.248055325577279197e-03	-7.306787627863191303e-02	-1.452097859380276426e-02	6.337821637090539084e-02	1.228719511633616368e-01	-3.585601356018166541e-01	3.834720222702160397e-01	3.078449596502659813e-01	2.151586298871271397e-01	-2.697280749476225759e-01	-1.589096091312801884e-01	-8.472108160395859511e-02	-5.327511045877135476e-02	-1.407231084583888958e-01	-1.092112591064675065e-01	5.963611964581488900e-02	1.514600001192948076e-01	-2.756986706974952073e-01	4.349456867034270230e-02	-2.065743506160071935e-02	-2.608523450076267181e-01	-1.404671758694676365e-01	6.224904179658381775e-02	3.858419597859710087e-02	4.238769735071377109e-01	-1.284648786997585057e-01	-1.523654917293280342e-01	2.348112550355081762e-02	3.373928253868119231e-02	1.500143333385845767e-01	1.272952491362407471e-02	3.852961583278127072e-02	-3.396585015458439272e-02	-1.533000563307123677e-02	2.290004355960392757e-01	7.889495414137567830e-02	7.543558179092185734e-02	1.685011990258444836e-02	2.140097513196022871e-01	-8.160002010667760652e-02	9.677678665476445452e-02
1.650631032039162616e+00	6.633967321918862181e-01	2.284178530691808096e+00	1.362951252580278716e+00	8.127584453575744661e-01	8.068504756220170604e-01	1.217014627915315561e+00	1.147884906726827081e+00	8.719530653553139166e-01	4.226311728468590267e-01	3.932447006325308636e-01	-7.059257542577388467e-01	2.390895205157106407e-01	-2.210373054982405494e-01	3.209592271483546755e-01	-3.772766268814444768e-01	-5.438857511679734413e-01	-3.367226060019387623e-01	-1.124945474401273682e+00	5.838597629079954610e-01	-4.350309624357413807e-02	-2.278482221940724972e-01	6.756008014730608968e-01	-5.743900432377473386e-01	-3.521970603813036060e-01	-4.656847572350372721e-01	2.213182694685115748e-01	9.448661300168591237e-02	2.553353526201064261e-01	1.460589583156705340e-01	-4.785516594679521396e-01	2.342117391166076146e-01	1.610872462919759468e-02	4.436647163353563128e-02	3.862483163925209406e-01	3.449541312101140900e-01	-5.790955492935432325e-01	2.818818534069054138e-01	-8.942574097264478772e-02	2.800608753644756033e-01	1.201985730326151150e-02	5.644980083794477466e-01	1.261772595749095227e-01	6.513339509540230776e-02	-3.705905645768680090e-01	-4.509097086043640200e-03	3.154379148919750353e-01	1.202215965269980702e-01	3.419870504574629155e-01	2.120823746486026184e-03	-3.422505263614579463e-02	-1.064895632142910387e-01	-5.992394764593722556e-02	2.768282241438881353e-01	8.643284797785183438e-02	-2.177548259479760162e-01	-2.783083145504311462e-01	1.665547933962187865e-01	-6.215880318527362836e-02	1.395989854263758323e-01	2.617202303180970469e-01	-2.623892505602472003e-01	-5.709447155346310254e-02	4.032733038026493910e-02	-2.743192738085034263e-02	6.756637369763156958e-03	1.166119803998061782e-01	8.136834659164531025e-02	-1.396038525757002935e-01	-1.970873947911472301e-02	6.370840214541471924e-02	1.701078858582331099e-01	2.805600637306122080e-01	-1.101696117504385314e-01	2.143782564587297379e-01	1.119635934707506747e-01	-8.913622142305226148e-02	2.261144783042723719e-02	1.363466739471452527e-01	-4.794654171127973874e-02	-1.068479058345045279e-01	-1.144592321198792950e-01	2.859717347277507815e-01	-1.442285035892743039e-01	-5.878065657072578665e-02	-1.295530911117489248e-01	-2.854181575905522655e-02	5.635469025563880768e-02	1.237698630656550031e-01	1.657337657014834598e-01	-1.443633456927004288e-01	-1.078512699192169522e-01	-4.674652207759005251e-01	-9.613965931443385626e-02	2.017257376878474895e-01	-6.628275599380077654e-02	-1.550685854729811630e-01	1.326152311888490753e-01	1.377113745946730201e-02	-2.527956455512233025e-01	-9.276819726274719569e-02	-2.014142181146557353e-01	-2.856261848467412379e-01	3.531588262566260489e-02	-2.656141033311932853e-01	-1.397341240742377500e-03	-3.269277146641843546e-01	1.370685970463204617e-01	-1.890885112609033969e-01	1.766422309436854396e-02	-1.154550024428756677e-01	2.915206841846950878e-02	-9.595008871832272357e-02	-1.947016770384957587e-02	-5.807636937613768618e-02	-3.990117198809298854e-02	1.096400227450647219e-01	-2.949971717501853608e-01	1.128705527105979267e-01	-4.076787182359709744e-02	-1.357721136021175778e-01	-7.587756289137104204e-02	-6.404935548370567500e-02	1.513498717793648751e-01	-6.067289314429467895e-02	-5.496786817972494632e-02	-1.139881521004337470e-02	1.459075505806949336e-01
2.501372580094491926e+00	1.108885112073714874e+00	-8.024323321357030858e-01	-8.672782879238697396e-01	-1.565903073442100446e+00	2.125918106312155498e+00	5.811222562943721970e-01	3.067058560012660418e-01	4.468630975297254726e-01	6.540785217697450138e-01	5.518683958658013866e-01	-6.780294742005726905e-02	-8.540961355462294291e-01	-1.212768462946617332e-02	-1.294402293873896104e-01	-1.303282274240834537e-01	-3.390705376325987563e-01	2.164751980714555990e-01	6.166831971250741340e-01	-2.146886137543720097e-02	-1.275077035966520715e-02	-2.378481232541237722e-01	-1.662332568261649102e-01	4.612893118748647714e-01	2.540412064000687753e-01	1.286386058443231006e-01	-4.996823398205695876e-01	-3.564714590848162556e-01	1.756986023850881651e-02	3.486890743759803180e-02	2.136847019326620911e-02	-2.878795123489387778e-02	-5.364927307018840796e-01	3.433858942026527528e-01	-8.351962755811059846e-02	-7.719625048302112269e-01	-1.441398936772537165e-01	1.073353486470447621e-01	2.632073036406671895e-01	5.520272001992144323e-02	1.377885235893562821e-01	-3.397297079787824775e-02	3.696608448919915663e-02	2.928060232106792227e-01	2.890228891306716452e-01	1.420334695051883867e-01	-1.856252134636319218e-01	-3.606465432536208326e-01	3.475043087892906168e-01	-5.605019017186436969e-02	2.332950268943384531e-01	2.605328955781276989e-01	3.121846822584607439e-01	6.707307909433170012e-01	4.681444796377525752e-01	2.777524270060617861e-01	-1.948260921060595285e-01	-7.192508239771538969e-02	-9.232529999727482825e-03	-3.243068893485155924e-01	4.358806665469703440e-02	1.981386357248555163e-01	-3.625332775294669574e-01	3.927196965405233692e-02	-1.219480534341168820e-01	1.121357519542961340e-01	-9.047297976082012416e-02	3.133998415910851931e-01	-5.493142109815677548e-02	3.034629311748762714e-01	7.090045071291468937e-02	-1.619098800221049350e-01	-1.168577874409496703e-01	2.920184093872834619e-01	-5.684751340181467411e-02	-2.049400823676151562e-01	-1.133716312855582165e-01	-1.188403569868387438e-01	7.121883897776733197e-02	3.209546584274479142e-01	-1.977915029639440436e-01	-2.580450520191168717e-01	1.605424654642957638e-01	4.244948770278865746e-01	1.065216638099238111e-01	-3.305703823980155054e-01	-1.693062390629880287e-01	-7.987296042925062789e-02	-6.079532093141964532e-04	1.159740464761313816e-01	-3.688251039633299588e-01	-7.652431382925907466e-02	-1.201836494956364382e-01	-7.997192334800166946e-03	-3.023508802183429156e-02	3.614592771958090034e-01	-5.431004516733464044e-02	-8.342273795558212413e-02	4.584296398341952683e-02	1.026725682573501747e-01	-6.573836575700868490e-02	2.927964438074464049e-01	-4.577663904078525525e-01	-3.566776040818656623e-01	1.159916971201293695e-01	1.070607601883177690e-01	1.092721006564971453e-02	-7.678340665947681887e-02	1.195953824567861368e-01	1.275406431026969434e-01	-2.010603165069778653e-01	-4.076505708552279061e-02	1.744789943034985580e-01	-1.568703237766048419e-01	2.172963528866063421e-01	1.222144694801406174e-02	2.885380771742704006e-02	3.527160526513944960e-02	3.335245610742985922e-02	1.348482647840146542e-01	-1.208670221269994849e-01	-1.342940306879993329e-01	2.192921719519839718e-01	1.409665596164696721e-01	-1.285949475441359180e-01	-1.882408834179474522e-01	3.953500055882715886e-02	1.416805744243296861e-01
-1.470470602578542785e+00	1.361695780541134715e+00	1.061639273818545171e+00	-1.169809773765527888e-01	-7.671815712432126233e-01	-9.244729335773951284e-01	-5.896100683438713075e-01	8.206012891598145620e-01	4.772219913307336747e-01	3.500524308469585982e-02	1.251616397459481556e-01	-4.524725354687138545e-01	6.975418512549252936e-01	6.598036146698909032e-01	2.933531685975497294e-01	-4.988898295141863670e-01	-1.879746882681471720e-01	-5.843746387173635037e-01	7.476762759723287743e-01	7.894423947544788600e-01	-5.057875376322155947e-02	2.337311138839185121e-01	-3.767221159125564434e-01	-2.080933159117280551e-01	-5.488529703224506173e-01	-1.617763803470237405e-01	-2.824525176932802806e-01	2.132366300824891370e-01	2.131292193721988359e-01	2.077859530603579363e-01	3.336493048563820008e-01	1.660095947957958007e-01	-1.966138533070715400e-01	-3.773912620155565611e-01	-1.984750831126371740e-01	1.188880856341682953e-02	-8.955413958416988396e-02	4.020771184687332855e-01	-3.751637965852632761e-01	1.443163386021723282e-01	-1.378887081517558566e-01	3.573052070630107768e-01	2.882809905162033171e-01	2.120288066455824350e-01	9.901795548736111452e-02	-5.401508784419315617e-02	8.375017429853766349e-02	4.704806371938283216e-02	1.687288476851856595e-02	-7.993958513003611432e-02	5.839426033291576085e-02	-2.005812782298144470e-01	1.850471135569542458e-01	9.040579057830244042e-03	-2.354201962233804513e-01	2.209212719580248147e-02	4.161245844204088801e-02	1.572916002560713067e-01	-9.327573495007794591e-02	-1.471653560133296679e-01	-2.041857399196439493e-02	3.342162409427741898e-01	-1.340897411241238901e-01	-1.996384200411001897e-01	5.412082161388256235e-02	2.753325443997588218e-02	2.122531084167924090e-02	-1.187094943910792094e-01	-4.825788683403953866e-02	2.505926095655767183e-01	3.295300764932401760e-01	-7.572149019638170497e-02	2.927938696447557887e-01	2.898804172335641693e-01	2.592972797854313505e-02	3.336946394052239251e-01	1.081041707864585644e-01	3.672288701101928537e-02	-1.728339315875817295e-01	-2.624084458794803676e-01	-1.325047412868329832e-01	-2.162654248355671827e-01	-7.317282967647779218e-03	-1.337781396722134974e-01	4.335301684156463858e-03	1.444289355422739285e-01	-1.092527021978462534e-02	-9.854627993087060334e-02	-9.893111689107769724e-02	1.502841683488084223e-01	-4.270420104148278662e-02	9.197823931691344324e-02	-7.383222844748564551e-02	5.725265702237970072e-02	-1.484926370193349887e-01	3.275745355288435245e-01	-4.166181031416708175e-02	-1.483598247869704068e-01	8.609906134619037255e-02	-5.679747204483433926e-02	1.511081083847031492e-01	9.874476557087534523e-02	-3.154013553903322054e-01	9.186813605973875863e-02	-4.145505924594296288e-02	1.957363401508745160e-02	2.457712566235408513e-01	2.060901059692172022e-01	4.515176691833882455e-02	-3.051705016552649918e-01	1.284267874251032726e-01	-8.493914114709399943e-02	1.889633098264400235e-01	-5.395903622348274115e-02	2.218130844044173544e-01	-8.262752804737336088e-02	-2.368910189742427091e-02	1.803904006848373598e-01	2.344963039704799912e-01	2.502040581334938896e-01	-1.752592773592583364e-01	-1.802701270508636844e-03	-1.895273600009837744e-01	1.677464549542238281e-01	1.135350829353996144e-01	2.447130463637239295e-01	5.740843668780280795e-02	9.399030543806584370e-02
2.555325695144432530e+00	8.617168989663350764e-01	-5.047928888629470423e-01	-2.327537740321617699e-01	-3.838600915090068511e-01	1.636397221150887482e+00	9.297363760426843315e-01	-9.661452903575306062e-01	2.028007623290395967e-01	-6.909669298344714994e-01	3.746199375775774443e-02	4.396517428726627874e-01	3.938900986514309865e-01	3.582171296201138722e-01	4.004572341009481340e-01	-3.189281849946224573e-02	-5.844637109831745531e-02	5.758879017850521143e-01	2.404714446837709352e-01	2.203126548746596192e-01	-2.774930699821734348e-01	-2.415966594353585184e-01	-8.116832697005349484e-02	8.006062979012686931e-01	-5.859176552444719244e-01	-1.962615166527424126e-01	6.836472079098484533e-01	-4.991609305438167166e-01	-9.241370485595997719e-01	4.274832218988913191e-01	-1.831113712025522200e-01	-4.746454903650167423e-01	-5.956454382337221798e-01	9.199258262755558579e-01	-8.632250601463428707e-03	-2.005187888767145932e-01	-1.237053036670544420e-01	-2.066897393195177637e-02	3.417155718115233443e-01	6.882549692728652246e-01	-5.868295100627011207e-01	3.992191835583939197e-01	-1.915607759526999909e-01	4.110901029781355853e-01	-2.763540539328662379e-02	5.847148812564034737e-01	-5.459729726018278662e-01	3.643599257074758846e-01	-4.709679565476648233e-01	7.831758990835154671e-03	-3.150570238319546079e-01	-3.914263426512677446e-01	-5.203695410867159588e-01	-4.954752418999416874e-01	3.450056184512100832e-01	4.180234964864537051e-01	2.730547450642651364e-01	-2.616468539663289183e-01	1.271072922832109375e-01	3.940966970342250630e-01	-8.103948488690185248e-02	-3.700250615079087591e-01	3.623707762056521675e-01	-3.610732446057943745e-01	-1.076134507660638784e-01	3.426628528423901754e-01	-1.614392491033561083e-01	1.368692146310568625e-01	1.690065219178333855e-01	6.438592304115567377e-02	-8.096907928555022171e-02	-2.788731852176236647e-01	-7.587737318841082657e-02	-2.630175505331991404e-02	1.891718130396187469e-01	-2.045071671869010677e-01	4.691017641128863991e-01	7.387880240237901068e-03	1.996876823447829019e-01	-1.226960413616830919e-01	9.993267082705581394e-02	-3.506580434929764678e-01	-1.402954822775756560e-01	5.287971101385012807e-01	5.316576812441008854e-02	-4.584981108551607759e-02	-2.625972220853151629e-01	2.138419336629941714e-01	4.166090916341589345e-01	-2.279931715872049458e-01	-2.794151752726607013e-02	1.525077695724823823e-01	-4.830693442614115291e-02	3.924135643831263426e-02	1.441500521292113091e-01	-9.867843125128770987e-02	1.026180010869627013e-01	-6.499411364289760240e-02	-4.678113722368656968e-01	-3.647848578682078013e-01	-6.359295357029423612e-02	-1.170849031560339398e-01	1.251703181042967787e-02	1.273377572297142435e-01	-4.130016623610662484e-03	3.923317915555979418e-01	2.260134320243907535e-01	9.851361977073969101e-02	-3.296351529566302757e-02	4.423599595019989811e-02	-7.853820050424020760e-02	2.890553103796015405e-02	1.008002142381869415e-01	2.265088457931351551e-01	2.118517865063901107e-01	-1.997405826816587848e-01	-2.676661295953209896e-01	9.358387881172634815e-02	1.202315317784758419e-01	1.426173468495767760e-01	-2.193167050864519574e-02	-1.372337810126336433e-01	-6.565540640245776105e-02	-4.377120750429785989e-02	3.156441884454505575e-01	-1.575046111260245130e-01	-3.740325250389056611e-02	-6.479574738349438978e-02
2.471283686224118092e+00	1.049573512654579766e+00	1.874234748020326968e-01	8.933625889156846522e-01	-1.337922125620287783e+00	-1.282052224496036841e+00	1.513558010980495583e+00	-6.142114200975679061e-01	7.998119283371080135e-02	-4.547864882841042289e-01	1.080557482813764292e+00	-3.270336593171014328e-01	2.472630211573549064e-01	-8.589185148257061364e-01	-1.292335636232476714e+00	-1.269024131657976728e-01	3.219834962327920436e-01	1.697630883082506426e+00	-3.532103968401316130e-01	-6.898391697933804467e-01	4.656608902712378595e-01	-4.635080369982442772e-01	-7.017862194436291778e-01	5.923801218434674443e-01	-7.129627578531477425e-03	1.602758742569995176e-01	-2.852364262426225761e-01	-5.817805775667804769e-01	-5.369921372756533140e-01	-2.235621293951239319e-01	-6.866633545797411198e-02	8.221662500982395150e-01	-3.787648426921069733e-01	-6.144576026818671100e-01	-1.104084267642602590e+00	-2.845013534586920412e-01	-3.636023052458247085e-01	-3.738371849999368841e-04	4.141084570561773259e-02	-1.035805143136890455e-01	-2.801482640867505869e-01	3.106030865161430454e-01	-8.952012352026669784e-02	2.668830855411825631e-01	-2.586466159725667180e-02	2.163371570888070194e-02	3.905431596419279283e-01	5.668840000839652227e-01	4.670969682898066730e-03	9.732582636325098902e-02	9.506866865349852258e-01	1.043412794966537493e+00	-1.337052569198481922e-01	6.781191052314543555e-01	6.170812276502923854e-01	5.317813272966711441e-02	-3.731239167679297197e-01	4.943647191519858208e-01	-2.293315064459015284e-01	-1.949744718724130410e-01	-6.582770364181514955e-01	3.084461219656586817e-01	4.675173128620203900e-02	-2.132571518683913092e-01	-9.458171753859735947e-04	-2.428825936184489387e-01	1.094915100533625230e-01	-3.157621101861186885e-02	1.243420718249311635e-01	-3.126320932321305368e-01	9.857253970476828608e-02	-4.222998565430965967e-01	-1.965702666007421717e-01	1.255892864841959555e-01	-6.208325085050727665e-01	-1.820726621922387212e-01	7.242033968229236174e-02	2.607477234043215630e-01	-2.264558459224147793e-02	5.538976413594343812e-02	9.801000326427495093e-03	1.423443682091608542e-01	1.620986031950538420e-01	-4.232693530347624716e-02	4.691590108900409173e-01	-1.358770772547513161e-01	6.247307538183788020e-03	3.213495666813521168e-01	5.144786596340762685e-02	1.075867040640846733e-01	-2.186497599366163669e-01	-1.640843847816760293e-01	2.005289791230960988e-02	1.785568192785127184e-01	5.989633414620412072e-02	-3.205931676209833880e-01	3.932406377735349623e-01	1.637512531457260001e-01	-1.133296880138065788e-01	-3.326154009342286444e-01	-1.435086540035785188e-02	-1.724711578858682537e-01	-5.671401153668523959e-02	-5.475103141426915926e-02	-1.790556635955474485e-01	-1.173145474383834042e-01	1.090579667923441687e-01	9.257487322923545550e-03	-1.103724312744318731e-01	1.411978926357679021e-01	2.636263937544988667e-01	-1.094164696894071587e-01	-1.406532945042344718e-01	1.306787333114642069e-01	9.061726867944049080e-02	5.116112565567419723e-02	2.039310989608085836e-02	8.002996736766151628e-03	-3.144528353513297708e-02	-5.518494533629241666e-02	-2.349878730348278419e-02	1.416739858415875519e-01	5.578819912407873005e-02	2.038843466294886636e-02	1.962033457106975298e-01	1.681218741438314790e-01	-1.438376837188981017e-01	2.182340835012784933e-02
2.880517826046591692e-02	6.489370027928216267e-01	-1.212475857787962630e+00	-1.221608524956671743e-01	4.236440977864042168e-01	1.520615869544708287e+00	-4.279518848371489936e-02	-1.257015723257495443e+00	2.490397608327446222e-01	2.886663027799417081e-01	5.084837663327338442e-01	1.233556997629866731e-01	2.124279555284917631e+00	7.811502140760052670e-01	-6.203111668620394648e-01	-8.184052071064771283e-01	6.093914572862099144e-01	-7.837331398909611613e-01	1.222982024872291351e+00	-2.192673211890159776e-02	-4.095338534025980137e-01	8.355663682310441320e-01	-1.855110307906258915e-01	5.454328918255937353e-01	-5.231760101479716596e-01	5.287291132625052681e-01	-4.445366116333553108e-03	-4.130695266836373336e-01	2.585806379318049686e-01	7.914549708384606419e-02	-4.362110774107222921e-01	-8.503685776362968074e-02	2.752610248232784107e-01	3.002593953297046370e-01	-1.166812690326604729e+00	2.278222902423226726e-01	-7.662099294372753944e-02	1.709462744637886902e-02	9.066586518822113139e-02	2.129725186406073723e-01	4.294989899038676451e-01	-1.390423080193305683e-01	-4.807947056656209917e-01	6.424995899413564748e-01	-2.319152124176637464e-01	-4.667598468532375144e-01	3.017063338014620011e-01	-2.207543891121536983e-01	-2.267851512446506235e-01	-1.040574491753847169e-01	4.231754489206754899e-01	3.175938484652198746e-01	2.892945669240017392e-01	-1.381760793035106683e-01	-5.622729083540463080e-01	5.205304448732954725e-01	6.327049805622926293e-01	-1.274951550956748836e-02	5.007886007884676527e-02	-1.122609043450818189e-01	-4.511405051601804009e-03	-7.253086161361941286e-01	-6.459856953422817016e-02	2.405239240999249573e-01	2.116617773501650590e-01	-2.762095500510332591e-01	5.042697864195820889e-01	-2.385433499995500209e-02	-1.585049970808896647e-01	2.766424471745553698e-02	-1.247025801290441022e-01	-7.637623314038782807e-02	2.469615268578410211e-02	1.182073406713864405e-01	1.105481880872554168e-01	2.157895046119540639e-01	6.867596682784998796e-02	2.868916899899555915e-03	-8.139909691884451501e-03	2.967492396759974782e-01	1.618891237558320040e-01	1.179249773969837708e-03	-1.633921282813318235e-02	-1.084442943928408121e-01	7.444672041735979351e-02	-1.247075645317969467e-02	-7.423293904700921375e-02	1.279348931808327872e-01	1.383279520548481301e-01	1.029075839867732989e-01	-8.922062704905329988e-02	-2.872745609736419015e-01	-4.375032501664927881e-02	1.938063663041444257e-02	-5.421489157789398383e-02	5.186587180660170299e-02	-4.228209129116635712e-01	1.151597640388256349e-01	6.135864194559633583e-02	-4.986130191486561059e-03	2.334976879315733000e-01	1.988501971557294357e-01	1.017079886453814697e-01	3.248472402839504281e-02	3.613463800106366929e-03	-4.964538577438648570e-02	4.675164116872350395e-02	1.107381561265785713e-01	-1.372694176642976771e-01	2.170144689612810707e-01	1.923503116692639181e-01	2.869638877440593427e-01	3.954345147022287482e-02	-1.082914959236324082e-01	7.894143281470093754e-02	8.933178640139891047e-02	2.212388293238694292e-01	1.488468774771548597e-01	4.178586265382717296e-02	8.730148900066952685e-04	-1.007110562842280545e-02	-1.546247079783504841e-01	5.718621590713316057e-03	-9.242342705112691070e-02	-6.696662509388738582e-02	-8.437748730540314823e-02	-1.550847373509452913e-03	5.503287780199606766e-02
-5.327938131952932865e-01	1.216284835778477902e+00	-1.728336435761722134e+00	5.067092353031730223e-01	8.301624310438607823e-01	4.797395717479586152e-01	-9.051067730269228562e-02	-5.169489803912141745e-01	-5.284145751941103919e-01	-1.177577724082081501e+00	7.691796977865360541e-01	-4.777064693456689048e-01	1.406630710024719511e+00	2.406040585115016561e-01	5.687212165515801443e-01	-3.131238836862029751e-01	2.081424169146158243e-01	5.141009795006225291e-02	-1.047439989070296784e+00	-9.325043776702919285e-01	-5.987963271771837848e-01	1.820240836084488778e-01	-2.835905249719956056e-01	-6.003468950699799578e-01	-7.008272113972405237e-02	2.141164467998537824e-01	-6.794392696753371874e-01	2.049868885998563650e-01	4.133952034750748572e-01	7.503526028001940296e-02	1.057575281733125899e-01	1.079866812954644317e-01	-3.393253706905495770e-01	8.645055488216871198e-02	-7.233932035261394500e-01	-6.020898010878234646e-02	2.527709201594087740e-01	3.139151444065981789e-01	-2.752758703199634227e-01	-1.138532379925735194e-01	-1.943052525433635325e-01	7.462810123337644541e-02	3.654992699614379448e-01	3.807864609504273135e-02	3.613641894745644317e-02	-2.989703659370803179e-01	-2.037188392846530638e-01	-6.258812056172604610e-01	4.515067342856499133e-01	2.936870221283607862e-01	-4.427388876057818390e-01	-6.205017292401660001e-01	-1.109829072580928305e-01	-2.226392847793154939e-01	-3.126632271387710937e-01	2.719806674713002859e-01	-3.860919731228331098e-01	-2.683638884482751341e-01	2.335545351135007996e-01	1.523576772985581196e-01	-5.904629609917737554e-01	-4.155787174147108076e-01	2.452415230773224708e-01	-2.481260848124263729e-01	-1.996047119663739433e-01	1.437320611820632199e-01	-2.791181846092454788e-01	1.916828110391729512e-01	4.820699847887668366e-01	-1.993676308888095994e-01	2.486178637757453513e-01	3.759131513215330234e-01	-3.129450490935269807e-02	1.076219194228656278e-01	-7.674135720228605351e-01	-3.612743837579214801e-01	1.819971541926847791e-01	3.081275026060250610e-01	-1.607050323335974251e-01	-2.151562206051009785e-01	-1.629564448297086618e-02	2.814916884005685405e-01	-5.435734601822928697e-02	1.819605889747843638e-02	-3.707567203553435720e-01	-8.552848849126125363e-03	-2.327790417252373345e-02	-7.448443505756244254e-02	-1.120068108911203147e-01	3.061900850940632579e-01	-1.172071574211159956e-01	-1.859103529015109779e-01	2.194761759238706214e-02	1.451580880271799712e-01	2.143106881600863670e-02	4.034438047788464765e-02	-2.789881940211758060e-02	-2.906985951446225402e-01	1.778727498803877594e-01	1.422891873323453016e-01	2.175439540407245187e-01	-1.230680170862481354e-01	-2.097110567253870558e-02	-6.587789883903916177e-02	3.881981527781147578e-02	-1.486724498464749369e-02	-4.560103741440931641e-02	3.195409485002689148e-02	9.701416805285315026e-02	5.174127218769779268e-02	-8.154149291128671984e-02	3.031355688906710311e-02	-3.999522206754031473e-01	8.769155790995003530e-02	-1.283444223662808248e-01	1.819753553291181825e-01	1.776848292852301892e-01	1.303965797004642269e-01	-2.732131976764585329e-02	1.251133354781842622e-01	-4.440300413703048010e-02	-1.015395320901942705e-01	-2.411489901573435901e-01	7.315881369952530189e-02	3.455240772546801509e-01	3.362731605353503489e-02	-1.709075189168945963e-02	-9.943555341188474450e-02
-1.431897374286927205e+00	2.827111158620230699e-02	1.575975532559826808e+00	7.435951618644353056e-01	-4.705724211572248072e-01	-2.267337416441551068e-01	9.087726647227298837e-01	-1.308121339442620101e+00	1.353858674120258232e-01	1.370567610874014186e-01	2.162885611966224086e+00	-1.702271170886745025e-02	6.873216961759882893e-02	-2.297159357409216951e-01	-3.230356097189009401e-01	1.119016137877205525e-01	-5.826893229778909999e-01	-7.243397919548907327e-01	9.222268315302747377e-01	4.246643701133808735e-01	4.325668621910090383e-01	-2.766938421314663749e-02	9.171970008993864942e-01	-8.435734248995539752e-02	3.993050377952701013e-01	-2.413890777157905653e-04	-4.293446251344520959e-01	-4.892343796822949398e-01	1.135546161879304183e-02	-4.298652747521882755e-01	1.702976578611156144e-01	6.981680663481670823e-01	1.758538545404515763e-01	4.141443282932825293e-02	-4.972161436532114287e-01	7.708838098121992277e-02	-2.850560764095407262e-01	8.014975413563493745e-02	-1.268782244538508575e-01	3.838948622556809798e-01	-4.125270980471970605e-01	-9.535921152134987921e-02	4.649720215100259374e-02	-6.968327495973900554e-01	2.021217163287225560e-01	3.943013394656587067e-01	3.488905821168021282e-01	-8.303318142841656369e-02	-4.275649436335234865e-01	-5.448198855502408566e-01	6.896306773156830883e-02	2.289885744217809438e-01	4.641186238631396233e-01	-3.721144156657819613e-01	-1.412509572002946245e-01	-1.799547929557582804e-01	-1.469702246933440870e-01	-4.310064573191308424e-01	2.623741888846383152e-01	1.744071049814029939e-01	1.697774955564829158e-01	2.953556626218858949e-01	6.260167985784190758e-01	-1.313854253908209313e-01	-2.426594550247319071e-01	3.985078244293916994e-01	2.362754470032947807e-01	2.613677152784649182e-01	2.168011993869837228e-01	2.051870276014242378e-01	2.034158354547736108e-02	-3.775788051095818609e-01	-3.764385563612789309e-01	-3.133733706216186576e-02	-2.135683965393598283e-01	-8.398113143047965246e-02	-1.839175611408326583e-01	1.988313222880254971e-01	-2.372988274813210841e-01	-7.253688838772577585e-02	5.209669796485173060e-02	-4.887946732084545720e-02	-2.691907182268739665e-02	-7.919351134962877847e-02	9.140364006050694101e-02	1.429112241387135440e-01	1.453399195864494599e-02	3.299254761948844893e-03	-9.140892027460102709e-02	4.436737880694059388e-01	-1.385102473375199594e-01	2.569238350691800329e-02	-1.089021632373297216e-01	2.542460377002552785e-01	-1.297140779489930063e-01	-1.090224113519025310e-02	-2.946500088241780103e-03	-2.263151628246410918e-01	1.945363863200340673e-02	2.173701631227315315e-02	-1.070283513680756783e-02	6.283519232824054390e-02	3.154477420270059285e-01	-1.123809209489613353e-01	6.865177397425158839e-03	-8.571488749968797505e-03	2.831619537586937616e-02	3.176010414466987064e-02	-5.036923695599168117e-03	-7.125985688525718342e-02	6.057685541832141113e-02	2.635042653174673455e-01	-1.667104205861907051e-01	1.483245344449246952e-02	1.499721789844574160e-01	-1.657922431647833872e-01	4.364704270350602822e-02	2.142959317010491582e-01	-2.466568624677339949e-01	1.800025079890368307e-01	-6.872605779367355061e-02	3.085392589658721499e-02	-9.955327077814539460e-02	-1.742321677076091313e-01	-6.189915320529233711e-02	-1.876461445308960987e-02	7.652491970413828615e-02	9.308322977318851665e-02
3.537402762125903433e+00	-1.025610341987096330e+00	-1.573896398349560188e+00	-5.390089180052155537e-01	-4.312741542908642423e-01	1.500218198795962854e+00	2.056209606992558669e-01	6.475851364906901608e-01	3.146454523517324686e-01	8.053798387417423488e-01	3.890389194786600946e-01	-5.437488005734853608e-02	2.307311903849348367e-01	-3.847787408456786462e-01	-3.869939994411715767e-01	1.931259342392704359e-01	3.285319641403190993e-01	-4.256264665357628596e-01	-5.423450546042826170e-01	-1.657349330517336183e-01	-1.975149821348162471e-01	-3.948029385046229744e-02	-3.636463905216728576e-01	-2.418062254495169372e-01	1.644938563686587363e-01	1.206348936509697156e-01	1.262578392453887477e-01	9.104959062110663803e-02	-3.755451731054748610e-01	3.323550647310165584e-01	4.707019112126573090e-02	2.685835738866842459e-01	-3.287636592862591689e-01	3.684701698140195325e-01	2.314831960086927709e-01	5.486306433259366955e-01	3.725033249672948105e-02	-3.101098100693135962e-01	-1.870047305014267414e-01	7.163646083297139366e-01	8.784872025508908000e-02	2.252143829938486191e-02	6.203453298087484580e-01	-2.100753554521777866e-01	3.813297226412166729e-01	1.488648290915232583e-02	-1.077107630364473462e-01	-7.426822612733940954e-02	-9.251726070793522827e-02	4.047453353174466917e-02	-1.377046958327235449e-01	2.609323885089350759e-01	1.202458527528182941e-01	4.535946786153468580e-01	1.327517813136323832e-01	7.756661467478342953e-02	3.030011990358643659e-01	1.338192691708487425e-01	-4.458037358655263932e-02	-2.843183095306186514e-01	2.227632555117857460e-01	-3.333880029461899763e-01	1.211667457758805883e-01	9.016140871962612102e-02	-1.977877592672686313e-01	-5.406516150613798199e-01	-1.493375909408587998e-01	2.567833374728567541e-01	6.121577249286747069e-02	-5.956593209663675614e-02	3.588889414723329951e-02	8.613102760549584333e-03	2.412171520714242734e-01	4.102661985760260727e-02	-1.387456042334188899e-01	9.244651478119877974e-02	-8.344020139685506821e-02	2.002265841179515504e-01	1.948395866957651767e-01	2.405264608004090421e-01	-2.060148813915573252e-01	2.275959847526560498e-01	2.308887211364285541e-01	-7.227871681005802740e-02	2.345355226109819002e-01	2.110217041196463528e-01	-6.878583227898170394e-02	1.543987891027946147e-01	1.627070663237767389e-01	-5.910236097939411057e-03	6.895063295319948937e-02	4.743503171464640705e-02	-2.456822168506682946e-01	-1.232962060915118591e-01	1.191855065086002141e-01	-1.519665829573932370e-01	-8.016719923703265194e-02	1.280120245939620760e-01	-1.549211496426553814e-01	1.569147692879153400e-01	-2.793256117596659358e-02	3.268754038854764232e-01	7.571462169726493607e-02	-7.564994319939123690e-02	-1.225813805604402812e-01	7.144808026137028367e-02	-1.470444151524117060e-01	-1.110519988090387516e-01	3.837291079492273493e-02	-1.915099465345264373e-01	-4.567216611772684232e-02	-5.217657133426534255e-02	9.011057923672007031e-02	1.514463541288124937e-01	7.201547510864041157e-02	-3.286102843058856526e-02	2.440786008621319281e-01	3.174451714364693450e-02	3.262363053348319580e-02	1.145001911670412570e-01	1.310243734487007428e-01	-5.090050680119859866e-02	7.273009123647422580e-03	-1.044733912873411219e-01	1.218905345720747851e-02	-5.995906140541824858e-02	9.495266630156998233e-02	-2.170514082513807785e-01
-1.399046702932410069e+00	1.698703993122521627e+00	1.087859792977520890e+00	8.643903499389561651e-02	-1.174776836308911943e+00	-1.969207174002698402e+00	-7.838296477152506547e-01	1.507030013332282037e+00	1.656466479944060932e-01	2.535295555867767003e-01	1.290994553089411523e-01	-5.812006956746157416e-01	7.092839473983358900e-02	6.850478949118866678e-01	4.166999832986768570e-01	-2.549129978868656943e-02	-2.194398689879165087e-01	-3.351947051951150724e-01	3.973983223967383349e-01	4.580032448715649629e-01	-9.380249177696813323e-01	9.187197750333236934e-02	-4.863040979407650122e-01	-3.283425555654677364e-02	-2.072533634658613177e-01	-3.058868310457173445e-01	6.975784947584248163e-01	2.235308458831205825e-01	2.157371913155445298e-01	1.245884898322448670e-01	9.101757512026250607e-01	3.310010551142586466e-01	-3.952570902026513178e-01	-4.960758407806246661e-01	-1.803870580237251775e-01	-2.009115138040618032e-02	2.873736417244128205e-01	2.159525168867674483e-01	-1.002936794595243181e-01	3.673984494805330736e-01	1.229396451218616182e-01	1.710646464599722694e-01	2.865937861227114136e-01	2.252310095588991590e-01	-3.436486119873924383e-01	2.365263531886944298e-02	1.424816418250563765e-01	1.034424931719520740e-01	3.339158691445821142e-02	2.591360495002270059e-01	4.843942156223497442e-01	2.977505616757025741e-01	-6.189092856581973612e-01	1.396388647361624380e-01	-4.471699433455250117e-01	3.942770430576836849e-01	2.289644676294813330e-01	3.116230239094855761e-02	-4.889445130246748428e-01	3.915547957056744188e-01	-8.538043177028420416e-02	1.420103426930530710e-01	1.634107656053291613e-01	-2.803135306541090777e-01	-5.587598646059941387e-01	-3.182939454302798898e-01	-2.504964945380598884e-01	-1.951010251619434699e-01	-2.311206734387012685e-01	2.646552596127521584e-01	-1.093657087376213588e-01	-1.565033364651827463e-01	-1.620312311330375510e-01	1.046365188405600777e-01	1.623348614076824126e-01	-1.134254185716419699e-01	1.287035257270749689e-01	-2.506550761841117581e-01	1.140445041746866173e-01	2.994439598289787285e-03	8.110430327904059877e-02	1.191202919535925692e-01	-2.853146502478434710e-01	5.680135624156445323e-02	-2.798617448428371568e-01	2.626981599090491004e-01	-1.589153520866568373e-02	5.193515120827506548e-01	2.592796585635601669e-01	2.415456655626133098e-01	2.469664209715363989e-01	9.037393260009457530e-02	-2.517301084147293699e-01	-2.086361553257639334e-01	3.997123223311581375e-02	-1.156971698358555123e-01	1.736801969904270548e-01	-6.383316182677793715e-02	1.874148927080372951e-01	-1.317244628207123736e-01	5.038855053344906687e-03	4.205659553289806812e-02	-1.864646779681152222e-01	-5.387324482133389048e-02	4.049876574180090449e-02	5.366728362546532155e-02	-1.126379469851939222e-02	-7.718017597948928499e-02	2.175047318563740895e-01	-6.471866457371742987e-02	1.303823241879093452e-02	-6.230673034259157084e-02	4.644887547102522635e-02	-7.186655677771987098e-03	5.405936540047024536e-02	8.922115518908707577e-02	2.506096747654401602e-01	-8.685123978579782633e-02	6.813887353032422114e-03	3.701493420905779125e-02	8.444426372091398680e-02	-2.128331652661540896e-01	-5.358632997816888122e-02	-1.534373533249538679e-01	-7.894959375317102401e-02	-1.029370825608555556e-01	8.845609848593941060e-02	-6.399591471568001622e-02
2.372409346478472791e+00	9.080482031185691527e-01	4.249618570912784277e-01	1.545082181581932945e-01	-4.875047981985489720e-01	-3.364556961295142035e-01	-3.812266851001037127e-01	1.037282972757126442e+00	-1.819066027876666269e-01	1.586528718657995274e+00	4.065080576411697066e-01	6.216289617895365271e-01	-4.183194258342367439e-02	-5.329912527920098730e-01	7.200480991628642469e-02	-3.374318278242918051e-02	5.472162296960666472e-01	-1.905995339077071471e-01	-2.604170578518757440e-01	-1.001170914130420642e-01	1.884409567907228966e-01	-8.017630673079685633e-02	-1.385760163340114814e-02	3.490278982535156560e-01	1.362285998147862720e-01	1.695592894333904366e-01	-3.249346827953194516e-01	-5.203215851471051367e-01	-5.788201188894421811e-01	6.427997775014084869e-01	2.125647251101827617e-01	-1.220350839611566568e-01	-2.376158092239733788e-01	3.345921118763640623e-01	6.216629977890921754e-01	-1.084668188756656992e-01	6.946552257328601938e-03	2.181291266972588405e-01	-2.154672150574302725e-01	-8.763475967832660973e-02	4.037536164583502840e-01	-3.739846209929099108e-01	6.535008644789278565e-01	3.211920278993551925e-01	1.494180339201494068e-01	1.785686089160301235e-02	-2.450525123844162767e-01	1.337581484591126024e-01	-1.558497631236995529e-01	-7.148311882216677737e-02	1.320796655471797032e-01	-1.340391903262695694e-01	-4.237291312206922095e-02	-5.242697014064021110e-02	-3.097389504678734196e-01	2.550932852387496896e-01	-1.977426304210921360e-01	-1.276705226514789904e-01	-4.093672269845545671e-03	8.219976747436802053e-03	4.935657549452240889e-02	3.242085276518913428e-02	-6.987896256879469470e-02	-2.396819153880880016e-01	-3.660626913624192569e-01	6.056960963371231521e-02	-6.879706938304318287e-02	2.057615465009369482e-01	1.505676098307961452e-01	-4.055035019843616917e-02	-2.290380590267418470e-01	2.443240989125184948e-01	-5.839992850537081837e-02	-2.026571757919897743e-01	5.738569735722934620e-03	-1.366085819053396155e-01	-7.063759605249135716e-03	4.595325388178354148e-02	-1.825104141564667937e-01	6.633716478038748088e-02	1.881965256966568467e-01	1.907157621229909061e-01	-1.757477919065063288e-01	-9.557640379283986742e-02	1.021299441789236678e-01	-1.757566212055158561e-01	2.889304025195801318e-01	-2.670108778524680204e-01	4.223102773150656797e-02	1.542803317616356085e-01	3.628130730683679084e-02	8.144347735253788800e-02	1.155559089083347257e-01	-1.619547996116662836e-01	1.714573314611854971e-01	1.387708163376643322e-01	-5.389049028752166542e-02	4.500013584986006093e-02	1.287249265741213441e-02	-1.283889679096259229e-01	-2.220595943845181108e-01	2.553486194389447683e-01	1.373935343586715763e-01	-1.289282863643083921e-01	-3.752062794966719989e-02	-1.085333437806543233e-01	1.726274983564987930e-01	5.555156789766493852e-02	-8.419292360734868808e-02	-1.229232371335774177e-01	-6.914806850646010132e-03	1.369792999132251332e-01	4.850150790101389470e-02	-3.073474326925104694e-02	-3.009456075426650626e-02	-1.434644074312814085e-02	7.333296869662146722e-02	1.046963747214239709e-01	2.369346043468014557e-02	-1.055344081346891311e-01	4.491062794898199179e-02	7.149061543563113574e-02	-3.087562515650790762e-02	1.391817252113057291e-01	-1.439702424873274232e-02	-2.944359743445864024e-03	-7.646934115671929696e-03	2.138264783183972673e-01
3.963385289947457313e+00	1.839904245326441645e-01	-1.149560211155575384e+00	-4.675679323283134237e-02	-9.301190217735580967e-01	1.121369912846737593e+00	-2.042802949427893644e+00	-6.858877883401629516e-01	1.216491945586663237e-01	-4.575464526449493086e-01	1.001350030832890425e+00	-6.448450648596947277e-01	-9.628071120825275608e-01	-2.897792130441263492e-01	-8.023952189779709476e-01	4.131391058792883292e-02	-2.255019629835266770e-01	-6.533447165663700540e-01	1.633930246803770303e-01	1.750418155369824480e-01	4.285578071533146377e-02	4.503777201872677383e-01	-4.299105193685875959e-01	1.876366738834566728e-01	2.812623745605179471e-01	-1.792021056019355851e-01	8.234520653928138756e-02	6.767575915505913420e-01	-3.275467479582180319e-01	-2.269137315330009841e-01	1.604182298604698853e-01	3.499717785395025094e-01	3.363638714174278510e-01	-2.977722893737533294e-01	4.860277323345264522e-01	3.863478141495033102e-01	3.901427115888912445e-01	4.020441142899383591e-02	4.426241488653470668e-01	-7.552000920126882011e-02	-2.259721658074344552e-01	8.186624551372247149e-02	1.195446852775182839e-01	2.767333125973346353e-01	-2.335819720876876893e-01	-1.554398367980515394e-01	-4.603796593995416742e-01	-3.931726721855598461e-01	-1.769929489157189700e-02	-3.093015760958417459e-01	4.851461319209230960e-01	-4.684877780134466541e-01	-5.429798769091913335e-02	1.626060194866418562e-01	-2.443052818745431592e-02	-1.699252242878159305e-02	1.005278488310054792e-02	1.136748148250400076e-01	8.555790240942365288e-02	-1.916051698077795573e-01	-1.689646103563722523e-01	-2.456008121045679532e-02	-1.297450108417682324e-01	-4.766420304700940691e-01	-1.977621469388148034e-01	-3.162987173275904479e-02	3.242176629134751326e-02	1.033945300580610925e-02	5.271904595576478586e-02	7.657458675018141876e-03	3.440152439709422832e-02	-1.021227214707011444e-01	-8.526427236676996368e-02	5.184724042156013679e-02	1.196386717470730165e-01	8.193259890727274536e-03	-9.278186203504822094e-02	-2.156418288789787446e-02	-9.036753367597805120e-02	2.070351088524213790e-01	3.064234399107614859e-01	1.456241558080837439e-01	9.510369190849510962e-03	2.598948688682613528e-01	-1.742303472033893130e-02	-8.214368881413842971e-02	4.135880784933325394e-02	3.096426424659432658e-02	1.347299200684065890e-01	-8.863778315956734322e-02	-2.821417487260072798e-01	2.122341807143328374e-02	1.476968554609457696e-01	1.402664232962042568e-01	1.480654958410406452e-01	8.735462578358271779e-02	-1.836242040436335821e-01	3.787674166061012065e-02	-9.780391529928909866e-02	1.525595604456753962e-01	1.085596551959224360e-01	1.305159411914881031e-02	9.501312669641230613e-02	-1.317192226953135120e-02	1.015212026114966672e-02	-5.084383809506896890e-02	-2.297923562643738038e-01	-5.481334649653645669e-02	1.991757692525464862e-01	6.622383268165580802e-03	-5.155531376446218986e-05	-4.175517874064769291e-02	1.010305493097656132e-01	-2.976082524759387365e-02	-8.167909296197701022e-03	-1.219395233087117170e-02	-4.602036842809047179e-02	-9.477535176626647462e-02	-1.055070016577807357e-01	3.344577494769781362e-02	-7.320112307815686281e-02	-1.109542007201021890e-01	6.270534774967748137e-02	1.415381041182157684e-01	-1.325743094112501359e-02	5.317927566754208912e-02	-5.560642964981825365e-02	-1.031246451614522552e-01
1.809717175667622469e+00	4.686109476845900512e-01	5.599422136588455556e-01	1.838644342357639072e+00	2.684574738961685303e-01	6.036754402765586169e-01	-4.421909919991676707e-01	-7.184142068429832939e-01	8.126925664167126140e-01	-2.464177354229037942e-01	1.131311152231709638e+00	-4.446673855202967762e-01	1.059056123500809882e-01	1.039467036288201029e+00	9.466360832316843554e-01	-1.182239206986883007e+00	4.814255177774927064e-01	6.149727744539640328e-02	-1.087676462924712206e+00	6.625250227626707789e-01	-7.989817302495667573e-01	-5.307253354453296268e-01	4.474487089166352405e-01	2.290144795431111324e-01	1.032806580042832767e+00	-5.175167987294811145e-02	-3.124425094551971926e-01	-9.738326655294431144e-02	1.501513118937803648e-01	1.310606543474937824e-01	-3.976948687488112560e-02	7.252328452066020281e-01	-3.165367709553598696e-01	-5.163685215716720123e-01	-2.981987241600450589e-01	-4.061587107787061890e-01	8.115342227818023169e-02	-2.825889653396603252e-01	-1.506637943600116214e-01	1.089942690687672744e-01	-2.688559191757101119e-01	1.356467079679564702e-01	-1.500087460756375224e-01	1.272780474811789631e-01	3.608928049771378821e-01	1.033085124501831181e-01	2.506684885527282192e-01	1.436116171142758913e-01	-1.253410495691028581e-01	-7.126396214577646049e-02	4.514377090158124689e-02	-1.037021713473201476e-02	4.243784769984276783e-01	1.921257213514613871e-01	-1.166753494996762008e-01	3.818977472980024102e-01	-7.610294118757567061e-02	2.328608448842468259e-01	2.681325532359806196e-01	-1.810374758583937205e-01	-7.683976731471884314e-01	1.726594579456147971e-01	-5.393627676390411185e-01	-4.373782912460469699e-03	2.413397658505704035e-01	1.645102464861884772e-01	-2.256960326801526195e-01	-2.119705973887875405e-01	-2.093975939225541372e-01	4.816760160705037958e-02	4.061444468708548805e-01	2.822787388452736024e-01	-1.346081893425747356e-01	-2.974933943611636489e-02	2.092965072528466253e-01	1.022711031804892229e-01	1.329330686737406793e-02	-4.440559027823787197e-02	7.237358300211466089e-02	-2.446502287883993709e-01	-4.012732013945605747e-01	-2.790341306767325502e-01	-4.005315287697401305e-01	-1.082128930731739158e-01	-3.652558147371529756e-02	-2.342690287251125436e-01	-1.659884051800183946e-01	-9.721992197799637914e-02	-2.530525577663972348e-01	-4.011651237744670029e-01	8.868289299873709230e-02	-9.447558041233272697e-02	8.681912488410670203e-02	-1.478522104453373065e-01	-3.321886255872780885e-02	2.323716148774565560e-01	-3.716009884163213456e-02	8.170485937896054818e-02	1.684067436494580128e-01	-9.089849381763071001e-02	4.401228122389121145e-02	-1.274604872592726423e-01	2.368985299456836391e-01	2.317654776214663759e-01	-4.702244000418652481e-02	5.044251695210609787e-01	-2.761050292844585002e-02	2.513155218125691370e-02	3.344064393325617279e-02	7.885144511131725320e-02	3.055507445528220928e-03	-2.246019257191060881e-01	6.444978496711675775e-03	1.154639214842957257e-01	2.301576725206501764e-02	7.107735645738953723e-02	-4.523846308229319269e-02	-8.277185528340427756e-02	-2.005109426400699529e-02	6.003204766376576962e-02	-6.897235581443994512e-02	-2.289346265563302341e-02	-6.944078157769079107e-02	1.398133010704980250e-01	-5.257221629735042701e-02	1.330937973030015264e-01	1.416103975147781427e-02	-1.251491425931132995e-01
-1.167344461106477382e+00	-2.463768301455847354e+00	-3.550502669481567231e-02	8.356532219588654886e-01	-1.664646251539770860e+00	5.612303408850849440e-01	9.194271235326281766e-02	-1.978407999840123277e-01	-7.036196490438931805e-01	5.408971052161965637e-02	8.652787964363869988e-02	-2.732175790609384647e-01	-1.236164421815914016e-01	2.710622177263578847e-02	3.397876651507566459e-01	6.544560839354000847e-02	-7.554903437942207811e-02	-3.205428122728972706e-01	4.761745412893668428e-02	-6.050317279872233396e-03	-4.107769138339852771e-02	7.448019535890375298e-02	-2.066188184985921772e-01	1.876613697686347337e-01	-3.331225335080982286e-01	3.162582185278322577e-01	1.986803268670706696e-02	-2.080899964253121737e-01	1.523158787862760322e-01	1.131552548319044171e-01	-1.419615893633048020e-01	-2.162954469993210588e-02	-1.383031724379600036e-01	-6.165448600535478746e-02	-3.097241148901102789e-02	1.332444671497056976e-01	6.138378738175456761e-02	-5.862969664666549396e-02	3.146930219266217549e-02	1.486446290764648070e-01	-3.056740788393291774e-01	-8.319202205307958675e-02	6.334943479967265756e-02	7.405484199779067966e-02	-1.242888854773727819e-01	1.741591357364057902e-01	1.170033338381507582e-01	1.775183682599582868e-01	3.264658241507792935e-01	2.183515100631734374e-01	-1.260376515033006378e-02	1.157078540931066601e-01	-1.314419433569102569e-01	-2.329788292850459575e-01	-3.576627125820040776e-02	3.898489444971992707e-02	1.535279749739499600e-01	3.404340469740853581e-01	-4.078750565635982372e-01	-4.402430628599280915e-01	2.704232442497062627e-01	1.671782544428732920e-01	-1.032151271867948472e-01	1.824588618462463507e-01	-1.261267448087342036e-01	1.627257076042717965e-01	2.648750704301707989e-02	8.453083197303996182e-03	2.087345345371212635e-01	2.758628004875134793e-02	1.373311684166220736e-01	5.963690762592012418e-02	-2.619758263337166118e-02	-1.063958816058321183e-02	8.162343003655632423e-02	2.150722460451596763e-01	-8.556106909326288701e-02	2.405194662478937762e-02	-3.595728772655149008e-02	1.791219147728456695e-01	1.272515704481840502e-02	-6.730424703212538329e-02	3.106613285164515070e-01	-1.086966312931367806e-01	2.107312974816349660e-01	1.364716021613910334e-02	-5.996513540688686028e-02	1.561091236140383087e-01	-1.703322154924596099e-01	-8.176327917069327322e-02	6.287172549447116177e-02	2.695616554579474689e-02	-4.111528889842622214e-02	6.027805579337311426e-02	-1.760037463232562438e-01	-2.256870141203089208e-02	-2.458975478758113065e-01	-3.449040729943126521e-02	-3.036884216706393219e-02	1.541467147333765164e-01	9.544052758323545715e-02	-1.791896817081496951e-01	-3.647969476546241742e-03	-1.106777310032276418e-01	-1.598773597207989519e-02	-2.089786319661903757e-01	1.313806231639667171e-02	5.248857993569535502e-02	-2.119142947628895567e-03	6.661684843394843902e-02	-3.621863064389320430e-02	-1.139641957682690776e-01	1.115530304720665361e-01	2.475837199995347196e-02	5.797652844350981161e-02	-9.318492916306543583e-02	1.478653240760570142e-01	6.758392993957153261e-02	5.431375859942055850e-02	6.086675587535451959e-02	-7.917270224721965552e-03	1.263906950078082514e-01	-1.792668434902648655e-01	1.545518935667407681e-02	-2.770649206767825112e-02	4.762003838750622497e-02	-7.182984985645642258e-03	2.717417642296298882e-02
-1.505817121778380230e+00	9.253912654455017650e-01	-3.369685841644955437e-01	-6.186680892197684578e-01	1.043114692967690882e+00	2.497696572999759113e+00	8.900904321284905940e-01	-3.236854125838062868e-01	-1.152377646628979457e+00	-3.679876162110851112e-01	-6.958740694667951976e-01	-1.224307000145238744e+00	3.270197590859616477e-01	4.442137012659010398e-01	9.568084918838493103e-01	7.041921037755219936e-01	9.343705701945830278e-01	6.071286041967894898e-01	7.414161793276948798e-01	5.498227645859805612e-01	-2.487195219031245463e-01	-7.320945542320581589e-01	1.851082103646916888e-01	-4.558550098983576992e-01	7.101892802644582670e-01	1.229031856000656786e+00	-2.989528422908233063e-01	4.552299527906530918e-01	-6.367815623067843989e-01	-2.431051464256043515e-01	-2.942677861949625218e-01	7.479525048422691613e-02	9.089625488377404972e-02	5.755960609309850318e-01	2.342275867050235549e-01	5.626813568405553134e-01	-5.520525421485875106e-02	4.763723908700884246e-02	-5.502947537063250794e-01	2.277490977126877258e-01	-4.786151672927826256e-02	6.639683210150991721e-01	-1.069156073281610914e-01	-9.579600229397530753e-02	-1.968858707588023449e-01	-1.611368077958817979e-01	5.781876147332334348e-01	-7.058544042901020166e-02	-9.750892256572596395e-02	-3.585025258009696958e-01	1.809865138428107256e-01	-4.198088409437144564e-01	-5.296876093451047263e-01	2.480111136924061377e-01	3.305526280794009869e-02	4.248562431199373601e-01	6.237809537644060237e-02	-9.858393490442453333e-02	-3.985571863691227401e-01	-3.282063391447170853e-01	-7.040404078742164284e-02	4.435618038710200661e-01	3.086645314178661503e-01	-1.237909824627730498e-01	3.002199357918052328e-02	2.654932648908739923e-01	8.442121295609325560e-02	-4.071886058148403709e-02	-1.984497596382269746e-01	-1.634254415235915081e-01	2.283897697401756355e-01	6.325791161661414863e-02	-2.505286653958156418e-01	-1.016062164584903699e-01	6.656745989415627229e-02	-2.474711703129407192e-01	-2.208719804256498997e-01	-8.201615682595456147e-02	1.785045216981517857e-01	6.275750741861263471e-02	-6.943410575559594289e-02	-2.322285370755085634e-02	-1.158541422822759459e-01	2.474288261562301028e-01	1.043919824457805873e-01	4.292190711211422149e-01	2.962300554368652583e-01	1.377485443706352453e-01	-1.939498147498805725e-01	2.161577068594811579e-01	-2.167034408584560812e-01	3.409395927089811096e-01	5.440530731774100709e-02	-1.524439570279072786e-01	-5.944998420617592788e-02	-6.563133047589002345e-02	-3.202359751812976496e-01	3.765326080914805917e-01	2.926339596306063232e-02	1.118241125892310006e-01	-8.311641114840365163e-02	1.546581238685720283e-01	4.450054944286793712e-02	2.179735009614636732e-01	7.467034422583525288e-02	-2.923081344811778171e-01	-4.098799763936241541e-02	-1.737483140577503471e-01	-6.189583514414181281e-02	1.162937530739456965e-01	-2.048666162059485096e-01	-1.276812383099877046e-01	8.634042479747352714e-03	1.143979509044140003e-01	-1.934589656744941377e-01	5.633306698096336024e-02	-7.363646033558662873e-02	2.691046795129955690e-02	1.970124425583909267e-01	1.512185099125028520e-01	6.776521514627517617e-02	9.712745274705333887e-02	1.383668363440073434e-01	1.075290374978256219e-01	-4.646122536566699851e-02	2.139031892052563333e-01	1.520201666226811688e-01	5.537244545776282695e-02
2.242812487974946145e-01	9.250234190470710827e-01	-1.660698669066444921e+00	1.760065916225086319e-02	8.647892200469243784e-01	1.560704236823136637e-01	-1.025618503006251181e-01	-1.108435068278475377e+00	2.942341121316611741e-01	5.505266284181588310e-02	-2.708809196212082493e-01	4.553710435285336366e-01	6.274633279671783248e-02	-8.236621019776123320e-02	4.353333918905289424e-01	1.560879453929802374e-01	-3.202660192308837833e-02	-2.939222787422737793e-01	8.375976598502627921e-03	4.658932305134378393e-01	-6.456909528133114584e-01	-6.743223330375550106e-02	-6.337937175939266712e-03	3.218003301922427450e-01	-7.566107850304552018e-01	4.924595885563773923e-01	-3.088429686891589476e-01	4.997934670544276065e-02	-3.527629666374557660e-01	7.585659977670233811e-01	9.255175155343899895e-01	-3.478894884142155197e-01	-6.154716759569801854e-02	5.903901537252019827e-01	-2.724928530102833316e-03	-1.760821507697551414e-01	-7.948104076039119725e-01	-6.425832766581307531e-01	-3.589032843479316170e-01	1.204735654581120391e-01	-3.441914535843528244e-01	1.390766317924320983e-01	1.822454602915791200e-01	-5.899757308273040346e-01	2.035888084327538705e-01	-5.032539181500358394e-01	3.748982141799302170e-02	-7.198905876733620313e-02	2.741686259742255327e-01	3.354312491564945264e-01	5.499642247241665061e-01	-3.829479557698847042e-02	-2.587434664041737831e-01	-1.781109263544081445e-01	2.294291096906200464e-02	2.317834876337164784e-01	-1.077743233514777549e-01	7.258373195871187233e-01	2.852359264449180198e-01	7.563590491075522504e-02	-2.582363359085440568e-01	2.283711408319789582e-01	4.581266068458944574e-01	8.832216171554295447e-02	1.429228914079841255e-02	9.698750386286328351e-02	1.191212852364035985e-01	-2.647911549305265178e-01	-2.302423844257924512e-01	2.297108381391596010e-01	3.028863199210580226e-01	3.595044252747136015e-01	2.897891736199235679e-01	-3.101512958459989866e-01	-3.499660650742290879e-02	-9.842394487921916901e-02	4.911696710465891791e-02	1.791429073678325046e-01	-1.150780283693161876e-01	1.014644780594003010e-01	-2.181503557578470254e-01	-1.597358876222613466e-01	-2.719780931352991926e-01	4.264949067090200718e-01	2.488256367443331951e-01	1.836462259192263302e-01	4.418711640031497412e-02	5.032983320183530285e-02	-9.649287456171568023e-02	1.714496858682816038e-01	-1.309960053687246953e-02	-7.724605457613362147e-02	8.421561657063882100e-02	7.930297522123178067e-02	-2.227487480012418641e-01	1.701064586527516465e-01	1.166960487592181572e-01	-3.295690051655551789e-02	-1.264482243272738726e-01	5.960282810092068506e-02	8.899928964988215729e-02	-1.173882841881166983e-01	2.493073000426074270e-01	-8.179339550977264561e-02	-5.817251574073994264e-02	-1.526641023423782051e-01	-1.558831329354813111e-01	-2.384784013705631631e-02	7.999338077452167184e-02	1.680001491738149742e-03	-9.911050357026062602e-03	7.018307589235568862e-04	-1.934901472951890689e-01	5.287711798955564702e-02	-1.693590793660830762e-01	6.455342735389760223e-02	3.030626392117755086e-02	-2.894114400660633968e-01	9.247504505759490678e-02	1.407128783134314332e-01	-7.225626178900904084e-02	-1.294773225820793350e-01	3.835524642009251889e-02	-1.602084395432120945e-01	1.247896926053045363e-01	-1.168570582542985403e-01	-2.404705137853256347e-01	9.368453442595925384e-02
-1.746021409364282087e-02	-9.707435984317954736e-01	-1.921162135757802369e+00	-1.565998192411151901e+00	-6.069019056372941812e-01	-5.111273037585575274e-01	-1.569512651433731532e-01	-2.026076949393666449e-01	3.137542642870598808e-01	2.302783010545160214e-01	3.191396146622905161e-01	-3.695848769589390459e-01	-7.717462418379436029e-01	-2.898603755643597846e-01	3.591098259878963694e-01	1.833377471461779540e-01	4.373677701050930344e-01	-2.443158860048919856e-01	2.872271777334927181e-02	-5.916954690012878881e-01	-5.733609308209138000e-02	1.423541476457011179e-01	-5.597818867898537824e-03	-2.474872951817169153e-01	3.431130156248546337e-01	7.657575799671477446e-02	2.229948226179213622e-01	-3.181144236077492610e-02	2.252406215406530798e-01	4.470153863938710059e-01	-2.243152879379066433e-01	-4.710180760551018440e-03	2.446506314632556356e-01	-3.833663612165196244e-01	-6.854922940230014083e-02	-2.913524058980119791e-01	-2.112600376932554647e-01	-3.541189887689786264e-01	2.718916826389606300e-01	-7.443987636332832780e-02	-2.032031043025577799e-01	2.501058703142302053e-01	-2.592842285529804447e-01	-1.795990113717784720e-01	-9.756722227702244177e-02	1.382015201527358461e-01	3.444162491378559010e-01	-2.716094393406406904e-02	-2.978440106980797739e-02	-1.948228846394960134e-02	-1.988277116080158502e-01	-3.867552294185609696e-02	-1.064618342351919961e-01	1.721140000646046442e-01	2.523725971621524344e-01	1.648296383137299037e-01	-2.304872863049474765e-02	2.119217068241392443e-01	1.365048154807500524e-01	8.259091127144149030e-03	-9.676332698327171425e-03	-5.053362611693481554e-01	1.499233199179065279e-01	1.795920773855733954e-01	-7.442345702422034984e-03	4.240700233922144458e-01	5.100171633117316083e-02	-2.439355816335985611e-02	2.047060265304621041e-01	-1.364967761159388837e-01	9.375278547358327497e-02	-1.416834624047558777e-01	-2.042475147812267480e-02	-8.918042163328310235e-03	-1.851533953807042721e-02	1.859596011834117324e-01	8.028278094124109698e-02	5.183474732311726257e-02	2.012380274242093481e-01	2.869982860316289131e-01	1.385245424187084573e-01	2.224425225968468603e-02	1.368096961704681203e-01	-3.471217818982891973e-02	-9.786521371221182375e-02	-2.993752951668294734e-02	2.423747446249614745e-01	8.152409323994677659e-03	2.067232219157146000e-01	-9.016823349554232980e-02	2.055552856543473306e-01	-1.147861730737324282e-01	-5.005598989930340470e-02	-2.091732479959888813e-01	1.392870319377496335e-01	4.518313839457899217e-02	-1.595492312798900414e-01	1.523826627889882934e-01	-1.008145488042512250e-01	-1.788067336523519457e-01	-1.054533703450437170e-02	-1.617162765517717871e-01	-8.309002844824439626e-02	6.112941716853955744e-03	8.321241933560324933e-02	-1.910847455034565129e-02	4.366231449495269062e-02	6.836163096610896328e-02	-6.355404874909750812e-02	-2.547888684238262536e-01	-1.637442500345318575e-01	1.906615842006549044e-01	1.353515859806062871e-01	-4.348011203763061522e-02	-1.721893262338770533e-02	-3.121731081535992700e-02	7.960393914922590797e-02	-1.640082375404113835e-01	1.163338249606664515e-01	2.104687546752376237e-01	-9.683760840524499591e-02	4.190005142363012469e-02	-1.920567630808013848e-01	3.186375680479210798e-02	-8.091359027202947585e-02	2.011772252570537545e-01	1.557096559079342718e-03	2.342415594355928485e-02
-7.269030609929127973e-01	-2.587159452212655975e+00	-6.099221578550415718e-02	9.045302392315198725e-01	-1.730412529856057313e+00	5.803621391363261717e-01	-3.560694530185584683e-01	-4.224026611430777012e-02	-5.807841485372616797e-01	3.178853805480396644e-01	-1.500946583931694889e-01	5.170727734458964442e-02	9.042428577973458947e-02	-5.973608278515871728e-01	2.544026041515792813e-01	1.109214001929091642e-01	-1.409090730989356333e-01	-6.139410733775634288e-01	1.555808309574890080e-01	-2.769548961185187563e-01	-2.059080321582766882e-01	3.217634692651174522e-01	-1.760406367483718093e-01	-1.678463553629274407e-01	6.401933350598495998e-02	2.299173762926859654e-01	-6.087735790889639087e-04	2.797233894279950728e-01	4.269918329744312735e-02	2.072213500652155815e-01	-2.240910633187741252e-01	2.575003794675299051e-01	1.201392117210594718e-01	-3.044164530771571731e-02	-3.713069670633024205e-02	-4.909966859362760450e-02	1.891177248967653574e-02	-2.554873501455506846e-01	-6.105934529576630132e-02	-1.084356159809511388e-01	-2.677664836326769660e-01	1.023471248153920710e-01	1.444091292720578240e-03	-1.013690751927422140e-01	1.680009514513784996e-01	2.908736584733606634e-01	-6.297450921844201244e-03	-5.308148338013255474e-01	1.040434867471653063e-01	-1.031876147234970509e-01	2.718528703145193792e-01	-9.446457081786814591e-02	5.218108473463106689e-02	-3.958146159462045538e-02	2.513128235704482558e-02	-1.830851304099551102e-02	-9.465144935410656213e-02	3.062432453412602396e-01	8.282224256149817859e-03	-1.039714722381384904e-01	4.513217204357832663e-02	-9.700098880212439101e-02	-1.616540994955623783e-02	2.492855022855177891e-02	-2.147437232234124249e-02	2.796110972200775979e-01	2.193846681048664538e-01	-2.950554906740206484e-01	2.241789770991749475e-01	-2.223603233082858677e-01	5.193781549691793564e-02	9.932993439330568830e-02	-1.476852339971632955e-01	7.901901643352694793e-02	-2.228605722953315993e-01	-4.242178374582589173e-02	9.638453541089067600e-02	-1.386417094965551877e-01	-4.065322680421771390e-02	-1.696761632627413752e-02	-1.310360140097961701e-01	-1.445915724652792334e-02	1.021905627112884990e-01	-2.880236578729590546e-02	-4.361551020177718146e-02	3.799861310946044818e-02	-9.276665512695941862e-02	-6.233971505839726313e-02	1.042576068143843543e-01	-1.667565072106275970e-01	1.225929353120904994e-02	-1.208997947473589435e-01	-2.547949251833401263e-01	-2.669687835286095878e-01	3.495925718560849438e-02	7.022149029053374736e-02	-2.246644776805977600e-02	1.058728201089077225e-01	-7.452040124989195435e-02	1.206487246886482900e-01	-1.273997610315344697e-01	-1.869505918530028898e-01	1.765432976211253613e-01	1.188792412349936982e-02	-5.712546754057742926e-02	-1.282040837466363881e-01	5.927047726193721000e-02	1.308133781599233880e-01	-1.248866823845046076e-01	2.307676704466922191e-01	-3.519136128435350341e-02	7.472191770988716175e-02	-8.775364337676345994e-02	3.032779604026283188e-02	-1.235851109597929653e-01	3.128561430895218654e-02	-7.884030548152941298e-02	-7.449812435536613819e-02	1.505851310871098199e-02	6.337653460411303563e-02	4.061547033982546018e-02	-2.123287136737300393e-02	-3.827011747273119380e-02	-8.399472722194341323e-02	3.403236530235932700e-02	1.493184651339653501e-01	9.933135986016480845e-02	-4.755279493250167550e-02
-1.663951066841186321e+00	1.092266204661276191e-01	1.788819773963755133e-01	-9.013797547110512509e-01	2.764700150028724934e-01	1.077134740525850093e-01	-5.260997412165848708e-01	8.437520685464255932e-01	3.269644672998623935e-01	6.717612774864489822e-01	2.603078089680695428e-01	2.925806068209173549e-01	1.110508446730073123e-01	-4.016913900494362699e-01	-3.360356674035434865e-02	2.362378490374156814e-01	1.430379543309054091e-01	2.152169485565146312e-01	-2.345312111060574023e-02	-5.494449642577406978e-01	-5.366288689691507408e-01	-2.473127099793939743e-01	3.516244578917210317e-02	1.416797226122168685e-01	-3.490065784371088053e-02	-4.346851388655080528e-02	-7.068402993601795303e-02	-1.384696851846827816e-02	-1.317469471718484275e-01	3.843021680326501044e-01	-6.353015404144847500e-02	1.450043191948045540e-01	5.020260381398589100e-01	5.189896259216323360e-01	-5.353815452941947106e-02	-1.813332136024498331e-01	-1.564071124775280944e-02	-2.203711383221151621e-01	-1.659973353638012905e-01	5.431024979059650981e-01	1.374840108141293579e-02	7.959758080758268239e-02	-1.155884204922662944e-01	9.389758107157714084e-02	9.072752000240903725e-02	-1.230115247252626248e-01	-4.172627973034873650e-01	1.191001181062725928e-01	-5.622822717816815946e-02	-9.494527330979388169e-02	3.362823275910069576e-01	-3.092187259653672027e-01	-2.118036672510355267e-02	4.946385650758789582e-02	-9.669562710230544811e-02	-9.464907571216028825e-02	-4.349917668771058343e-02	3.266267606955249869e-01	1.535523739789548536e-01	2.065694412708591558e-03	1.233445743480510032e-01	2.116678496830950995e-01	-2.875669120910662180e-01	-3.567048784055525806e-02	-9.070093243691298990e-02	2.226901105618748766e-01	8.636585568037610794e-02	1.085460711689813403e-02	2.377647147177996273e-02	4.508626504544242103e-02	2.551641346977136515e-01	1.251011267851545594e-01	-1.708863589476313227e-01	1.797666371566288557e-01	5.202422548628832244e-02	2.886613806959094641e-01	-1.506031120626872832e-01	1.950693734507468746e-01	2.850333077142583674e-02	9.797366200793510005e-02	-6.242202477796541388e-02	1.649210934290111230e-01	3.717650332576889760e-02	4.200003050747878885e-02	-1.125641466147294795e-01	1.184590906179360942e-01	-7.502133218364871736e-02	-6.990306230779878838e-02	-1.614205192607834627e-01	-1.132829188082452587e-01	-1.774458116409949604e-01	-5.444406806930457421e-02	-1.687518180810011759e-01	-2.660862740565005449e-02	-2.361601902611012160e-01	-1.066296314844662613e-01	6.767884873972557225e-02	2.434984036113479328e-02	-3.512892184233109422e-02	1.256512710355979778e-01	-1.134642176921509850e-02	-2.178672110063688550e-01	-8.684481580298823722e-03	1.243750120589133361e-02	-2.384785178136124006e-01	-4.853129191224101607e-02	1.693909931878936348e-01	-1.463758232787403524e-01	-3.495732742373398958e-03	-1.050875623494992445e-01	2.862827065446740121e-02	2.478797429840802480e-02	-1.136179783393871795e-01	6.210583875907558365e-02	-1.776259325189681951e-02	-4.006550134775130508e-03	-5.805775365392673582e-02	2.133528051608669582e-02	3.032467034889644794e-02	-1.608021168275779872e-02	1.572100849112001431e-01	-7.877692611654799060e-02	-8.550771599848794313e-02	-1.361488474015896954e-01	-7.803758217511284900e-02	5.000570834777200158e-02	-9.348287304649111062e-02	1.155121262129732290e-01
-1.453931530018714779e+00	1.153751310716149669e+00	1.035588819377446512e+00	-1.463699187099325449e+00	-1.176902190196357223e+00	7.057774840516327641e-01	7.638744372500758661e-01	-4.868262269033917788e-01	-7.880358967526092107e-01	-4.052060463746094965e-01	-2.119341922711777404e-01	6.177013201027657940e-01	1.705214396545645383e-01	-8.341241401267739108e-02	-4.641427348272976761e-01	-1.965445626956804637e-01	3.953895452691613133e-01	-5.130967590271565681e-01	-6.025810613533186810e-01	-3.893400132201746966e-01	-3.550920826449582846e-02	1.205167501897378007e-01	-2.763824066866328311e-01	-4.995980544684610475e-02	-9.508211579270585412e-03	-3.476003404102824823e-01	2.720663246012473557e-01	3.054225547749876424e-01	1.075694567425316134e-01	-2.543021805924526244e-02	1.011483643906863072e-01	-1.080418025732659271e-01	3.259925802853225890e-02	1.098075468963421453e-01	-1.073851505285954855e-01	3.482368025030741499e-01	2.129443197762226625e-01	-1.656309089398496151e-02	-7.258264755745391129e-03	5.535375013071805461e-02	2.784307734034806026e-01	4.570603557798407629e-02	-9.732451742367499714e-02	1.211578759205584888e-01	-2.346696954900144294e-01	3.423395885825319864e-03	3.759411925244801611e-02	1.024540920660776677e-01	-1.752125295010251160e-01	6.843755329477263505e-02	-4.499203984729027717e-02	-3.469051842033708810e-02	-1.428525804409442046e-01	-1.562927577524408085e-01	3.249332285015790189e-01	-1.883475705658696486e-01	-1.046149310795187887e-01	3.063472448692234895e-01	3.367824076588334936e-01	-3.644482152532146912e-01	1.209748292072531095e-01	1.821561547754421417e-01	2.546043612106791421e-01	-1.694307495383441942e-01	-1.502540226616885521e-01	-2.840309249960490390e-02	-5.632808455007936449e-02	1.447545267945066771e-01	1.449889739590314586e-01	2.183279051639872292e-01	-1.453357521917549855e-01	1.012393432026789941e-01	-2.647685507110715195e-02	4.241059268706803831e-02	-5.833634313028030621e-02	1.367453017990945263e-01	-1.380115453821814109e-01	-3.414302781380780527e-02	-2.374737343989829219e-01	-3.754042299537342364e-01	-2.438355831979378135e-02	1.483973994679122811e-02	-7.554851416537115838e-02	-3.694738673037969989e-02	1.290948666215026575e-01	-1.435107675219910728e-01	1.113474388600184245e-01	7.762576168049439146e-03	-7.260146011351871487e-02	6.652609000441388198e-02	-4.139759340243284041e-02	8.882096171279257879e-02	1.145195285656830930e-01	5.204801517471541877e-02	4.865600937832057632e-02	6.909011044870563834e-02	-1.236761329535019799e-01	1.638802293459094006e-01	2.738176907073780128e-02	9.501056909969796127e-02	2.199564117319902090e-01	-7.187981376907090492e-02	6.825396994848843824e-02	-1.041658141246945141e-01	1.016391035060855014e-01	-1.032255811241364514e-02	1.422172794042430265e-02	3.296777458572727748e-02	-2.597895624881691248e-02	-4.394179020573663746e-02	-7.085634801695944729e-02	2.029312478938193332e-01	1.018969900851331156e-01	8.568133292787305511e-02	6.240052438565148012e-03	3.271026107000544331e-02	7.248684675930885946e-02	4.758153506909907487e-03	-6.441108834438731556e-02	6.818672111853016360e-02	-6.044390852241017520e-02	-4.588988161511618064e-02	-3.197187984484013007e-02	-2.936793925975627606e-01	6.403865520899558461e-02	-1.025095558108671812e-01	-1.727758847679148058e-01	5.829484579158518420e-02
1.111922281585834948e+00	9.194923549525824136e-01	-1.732070012436942308e-01	1.444172471533094138e+00	2.571667907164180145e-01	1.843219416452387849e+00	-1.091101170491965838e-01	6.344427827160488143e-01	1.496642518239501007e-01	5.622284738269884841e-01	-3.281691730369619697e-01	1.073655432062676995e+00	-1.235488092678981076e+00	-9.094824395810786610e-01	-7.001592726640414044e-02	-5.628914013161177010e-01	-1.070570504809141427e-01	5.585194860499982372e-01	2.373664007091151051e-01	-6.829218842411431956e-01	-2.328391969453121602e-01	7.284735762564681361e-01	4.099572178842076364e-01	-7.174370919563552995e-01	-5.833111205529463161e-01	4.295340975861735577e-01	-2.771630572664274261e-01	-1.184940360635296057e-02	4.883325774056243573e-02	1.776451583042815974e-01	-2.359601262798050048e-01	5.111606438241258488e-01	6.814448530379279001e-01	-2.033050434033662479e-01	-7.194708357310679592e-01	-5.324704962034900735e-01	-4.411486518796445822e-01	3.258187178753640945e-01	-3.260306173339422992e-02	-2.386862032620517410e-02	6.737210113527590805e-01	2.134472515532305770e-01	-3.621287398966136634e-02	5.966373039357493469e-02	-5.673029428962578224e-02	-6.931446899134284523e-02	-1.854251743976241817e-01	-2.211658768886918397e-02	5.308911827645815956e-03	-4.414667134626464318e-01	-2.570991051250436366e-01	1.506721088598844335e-02	-1.040156278813865742e-01	-4.411797609564342970e-01	-1.066442707809250739e-01	3.723576441879536958e-01	-1.205049107087875770e-01	2.767278669835802063e-01	-5.346517587924088932e-01	4.523936340434511205e-01	7.637072477039362484e-02	2.157317621580720490e-01	3.226917480560006490e-01	-2.479690312039221911e-01	5.571733633771053240e-01	3.818875532240512682e-01	-2.338682715211927443e-01	5.792669676418077396e-02	-1.966799483448571362e-01	5.549035975582834734e-02	-1.662153904645622127e-01	-2.662778410107591309e-01	-3.630972042258090449e-02	-3.867630703211756560e-02	-1.479383294960709139e-01	6.445238324073239156e-01	-2.129635642459026465e-02	-1.773394191607716441e-01	4.080696496925548811e-01	-1.591428546820074230e-01	-1.251135659560119739e-01	2.160165173649771231e-01	2.354635676249777210e-01	1.027728437087861435e-01	1.629965562077279398e-02	-3.130253026944957578e-02	6.952076840257424839e-02	-1.723731206635366886e-01	-2.998277364540667981e-04	8.270973091741587457e-02	3.864730924190026840e-02	-4.601853647867010233e-02	3.041379106665638085e-02	4.719104626176438724e-04	2.564523009890258831e-01	-1.771587575548402294e-01	-4.984260239566751238e-02	-2.889737520320320024e-02	-1.060529861211184227e-01	3.294647015867189221e-01	-2.775329651156918653e-01	5.425821374728253405e-02	1.559462746660818765e-02	9.458241406628885295e-02	2.089420006525645745e-01	-1.373684451698355298e-02	-3.903389265281694831e-01	1.972072968926619485e-01	1.749027857068977954e-01	-1.105737161713213346e-01	-1.103370105481609881e-01	-3.553490092814704515e-01	-7.386231824001145141e-02	1.271181104470577028e-01	2.322811445112084039e-01	-5.182796548020909833e-02	1.983522149443669655e-02	7.279033418890124008e-02	5.391883272850672010e-02	9.715793686546203567e-02	-2.786341177110809864e-01	9.127012046991032912e-02	-2.300468363853669373e-01	-6.738950408163614514e-02	6.341811221864231130e-02	2.650257058918712924e-02	-5.416730510575953200e-02	-1.283797331203971881e-01
-8.389293008012068675e-01	-2.594013947775064555e+00	1.478721560390475476e-01	1.338506068061975585e+00	-1.050405222213863343e+00	6.084888234394491002e-01	5.950798915135842027e-01	-5.271163935343722157e-02	-6.085653080870112586e-01	3.253488560352743031e-01	4.157526331958706356e-01	-6.574812724340992065e-02	9.771513059254167965e-02	4.117031144902902340e-02	4.231999462350615748e-01	1.447956985443863143e-01	1.689974419174869458e-01	-5.490712655882713511e-01	-2.030777274445798863e-01	3.008132185061085928e-01	3.755936535992763226e-01	6.871787138978105447e-02	-2.900875774181729816e-01	4.233004862705929683e-01	-4.006670762437611333e-01	1.463554301411028671e-03	4.014434752501198217e-02	-4.920983496084722630e-01	-4.451116745595363744e-01	-1.707716129317584097e-01	1.156581477760645349e-01	-1.483914041114153815e-01	1.293901359963693376e-01	-4.134603180098488928e-01	-2.126248385721295903e-02	1.192727463208117233e-01	3.403432660405725230e-01	2.752288876430695197e-01	7.142470642865454689e-02	5.248646894026901544e-01	-1.348155123641041897e-01	2.320645265591039091e-02	6.371477160522823202e-02	-7.677971777995472313e-02	7.594170814838220596e-02	-8.268275069036314096e-02	1.563406070294920958e-01	2.474493103293022578e-02	1.771936339269322425e-01	1.879696363449657459e-01	-1.096939571963525539e-01	-1.139074109267271817e-01	-9.246355216840156099e-02	1.191443559829857557e-01	-1.892601495158734159e-01	4.971072382860926286e-02	-2.087256367084233122e-01	1.955408214137437928e-01	-1.906604949052988218e-02	-1.543208655074049251e-01	1.658466507065433082e-01	9.951459483886092305e-02	-7.986663819559398914e-02	1.447595420066409844e-01	1.214625900562038424e-01	-4.203403681706940898e-01	-2.218227763240895600e-01	-2.288503336965840018e-01	6.952757163400888341e-02	1.206513387384887670e-01	1.394977954283497523e-01	1.782016295061950584e-01	1.052617633368703731e-01	1.201700085256377296e-02	-2.334981023908137485e-02	2.307339705680374609e-01	1.367382360875253333e-01	3.688394203938876181e-01	-8.255803800964740813e-02	2.762332056715078796e-02	3.140086068844912259e-01	-2.424763769493201021e-02	-6.905681821204863458e-02	1.940991300104771555e-01	-3.959381516608833501e-02	9.176212151259060396e-03	1.828563206623454729e-01	-1.222711210941637150e-01	6.196718395986625799e-03	2.674727932751266302e-01	4.592244185851705046e-02	-2.127176587147498396e-02	2.199795616709941139e-04	9.887519292798820081e-02	-6.409404217078906729e-02	-2.111213392482982551e-02	-2.243193124000732452e-01	1.878986356448347772e-02	1.505731938324103569e-01	-1.415023670526478761e-01	1.664358020634074953e-01	-5.420804443093119734e-02	-2.180538254750529759e-01	1.235295882657007627e-01	4.238642038856269695e-02	-4.690417817915851911e-03	-7.537214908371361877e-02	1.013879796374082126e-01	-1.552589735592641539e-03	2.181461142871614356e-01	-1.404043093277597236e-02	-6.073152934737656439e-02	4.411697007684171890e-02	1.231338967418240810e-01	-7.219858258035462273e-02	8.088217604381683912e-02	-1.853553820539027286e-01	-7.329757717655477345e-02	-1.009044500846262848e-01	1.088860592931487209e-01	1.506672391241128395e-01	7.835401199879706013e-02	-2.328319080095585247e-02	-9.230146094439571625e-02	1.095439028978307389e-01	-4.315236434792007331e-02	1.377052564827973558e-01	-1.609976512593763176e-01
-1.536683532988284195e+00	4.750815507494797196e-01	7.579567089528700397e-01	1.852725746134915030e-01	7.658065682317298783e-01	8.963439253037437382e-01	2.581192935773184427e-01	-1.669827865270799627e+00	3.196672788367380114e-01	3.151592911982276646e-01	-2.043843610153090462e-01	3.229474551517229064e-01	3.023006808348127628e-01	-4.539166496537314077e-02	1.492443404707818611e-01	3.573709196725040060e-01	-9.285578335370537895e-01	1.936706849750558235e-01	-7.122300737059917251e-03	4.083333011546038116e-01	-1.667346931674197064e-01	1.983786440540940277e-01	-2.309177722864747262e-01	3.351092280082176855e-01	-4.469560451333457612e-02	-4.354005918189172153e-01	-2.651331365800034257e-01	-1.723046025506054513e-01	-4.803551375870475648e-01	7.132505319394087939e-01	-8.643430854597864421e-01	-1.763257336372569262e-01	4.873970054909918526e-01	-3.811640142574634535e-04	2.286683295984434372e-01	-3.810347596338222176e-01	-4.811343513226407076e-01	7.448608269975254270e-02	6.647984668571578215e-01	2.870656063612813669e-01	3.314062207376375913e-01	-2.285585289410315205e-02	4.055595418467083935e-02	-6.475389646142822864e-01	4.164623901958215690e-02	2.312814853002178039e-01	2.791188071001658444e-01	1.831297641030339707e-02	1.516709580882799890e-01	-2.467933012825442862e-01	-2.747667107778913320e-01	-2.231546732503188468e-01	-4.452367660168188856e-01	1.677127120031313146e-01	3.133638795068707239e-01	3.540446650435530307e-01	-3.157438604821315997e-01	-2.071597595848509443e-01	-2.667480769649447150e-02	1.817763322856370545e-01	-5.154659486169129723e-01	-1.608060087602710964e-01	3.700976096417106787e-01	-1.372822592639052208e-01	-2.003608769159239203e-02	-1.207536120073560426e-01	-2.499227647588924961e-01	6.019310527888856871e-02	-2.895141139312406783e-02	7.335919634121497446e-02	2.119978453789072015e-01	-1.934484953376638117e-01	2.226271995459484093e-02	3.955611159141165234e-01	1.030207359006109213e-01	-1.271235827434041843e-01	1.163726941361359866e-02	-2.871491876433001078e-01	-1.295624709844704625e-01	-1.717966082701118113e-01	2.036856767845745264e-01	1.673993330154345816e-01	-5.674768687210149203e-03	-2.637818084607823632e-01	-1.165809915492629217e-02	2.242147182889984713e-01	-2.335187561095173475e-02	2.703192528524649973e-01	-1.704792028677092341e-01	-8.819510473872323175e-02	1.280896670716759889e-01	-6.966638289708659837e-02	1.572717062441515989e-01	-2.359257614876361375e-01	2.785977762003268299e-01	4.362964510660084505e-01	-9.964330350189355701e-02	-9.433415007411737052e-02	1.273114402576557350e-02	8.067068160939171867e-03	5.111176589735950265e-02	1.201079986783837594e-01	2.188488414407938343e-01	3.640134670925640470e-01	-2.304097289341812405e-01	-3.076934155776009372e-01	-8.618450526111302856e-02	1.624634835763741625e-01	1.579230995856028760e-02	-7.173576178171109374e-02	2.003806999978988979e-01	-1.371703597328321478e-01	2.005932639859802080e-01	4.447760587785522940e-02	3.054442483577208267e-01	1.674590984231317525e-01	2.946684788379016692e-02	-1.398256731155756057e-02	1.065122870092489321e-01	-4.714980467980613849e-02	-2.115339039183987691e-01	-1.129631526880222822e-02	-1.587004129550038667e-01	-2.013386362729416290e-01	-9.616082284097424160e-02	-1.545126044757738903e-01	1.131183489876813747e-01	-4.077475699399135678e-02
2.452666227326826931e+00	1.012204665659534930e+00	2.379171369216253329e-01	1.237712002300530134e+00	9.904726662200904475e-01	1.052427266832056008e+00	1.038684323791271957e+00	-1.445272691467325732e+00	4.369159012370044115e-01	-3.567959387285705719e-01	-9.088607274060088725e-01	-5.183197865836380869e-01	6.191718800325758387e-01	3.032737263058943311e-01	8.922967851707981624e-02	3.752827032534034046e-01	1.425799504923445316e+00	-1.268055072699611596e+00	1.600479003258888699e+00	-4.440256027604638778e-01	1.083551742517476352e-01	-1.866083538632929140e-01	3.968323650617053278e-01	1.234775749017378160e-01	-2.588164197391347732e-01	-8.741334416328122928e-03	5.104975219672056586e-01	6.605886568439764406e-02	-2.333143793432100876e-01	-1.074431258448290960e-01	3.786284930349178568e-01	-6.328153497685056195e-01	4.099423996327301034e-01	1.304599226198313588e-01	1.230500844891954243e-01	-1.551701563403625264e-02	1.655224772170301936e-02	-4.856493516872498750e-01	-2.979320794963386324e-02	-2.216550132517073057e-01	-1.536107312967933403e-01	-1.734355578004377965e-02	-1.415780986429821808e-01	3.389224134418800660e-01	1.409406833475016774e-01	1.490351887792281116e-01	-3.143809225203588742e-01	5.278953547563318693e-01	1.501931224481362070e-01	-3.962077008452454252e-01	3.744441583552903796e-01	-2.266181174319148103e-02	-7.078288627647162656e-02	1.377036412269264654e-01	-2.977639230754338118e-01	-6.954899725466939797e-01	1.057242870566486720e-01	3.768903459559803104e-01	-2.846194522276940947e-02	1.425737802660441422e-01	3.697198047645440522e-02	-2.476514214410543702e-01	3.895439405496905483e-01	-2.275168679462569454e-01	-2.408240848808666790e-01	2.680944567410896429e-02	2.236833869839760236e-01	1.195148481611341823e-01	-4.692620824277664131e-03	-3.808793727158947817e-01	-2.656990251495676691e-01	3.407944350509503617e-02	2.292384375140832375e-01	2.117952242162608745e-01	1.721761109941872814e-01	1.585601244341431626e-01	1.118842853935635012e-01	-1.713793883707505072e-01	-5.471847547800668538e-02	6.679115812480022896e-02	3.048781090340179079e-01	5.303794445843657696e-02	-2.302785061956111323e-01	9.653912080345442015e-02	-3.598214209941219544e-01	1.169261217073169490e-01	3.012201417582652252e-01	-7.968263525814299475e-02	-2.496338557719529061e-01	4.084300262847273544e-02	-1.852402077511661471e-01	-4.492140413288586882e-03	-2.968527612517934955e-01	-3.877648517390615279e-02	1.439540346453434261e-01	2.826267936346132242e-02	5.142738883466252409e-01	6.772676797790790071e-03	8.385171228693108492e-02	1.348493714646646635e-02	-2.198934080546595116e-01	-1.993070621385066923e-02	-1.123541507015882318e-01	2.461809750536644581e-01	-2.783620496190239990e-01	-8.165536618044541561e-02	4.211101692771999916e-02	5.874430565972907359e-02	1.119291651066776638e-01	1.015148776331862845e-01	1.103945364273997698e-01	-1.011456364318362999e-01	-4.587539475573770148e-02	6.194017229613660303e-02	-8.699107535050466800e-02	-2.549560815821975968e-02	-1.016036691032015243e-01	1.335938275320429913e-01	-2.528372236559093822e-01	-2.454370111596055337e-01	-9.880713232499202525e-02	3.790746051893489899e-02	1.533706401826616383e-02	9.030073326203384709e-02	6.408163361811340664e-02	1.726128856448260751e-01	-2.275998016510009658e-01	-2.654713404262799489e-02
-2.069976771397405102e+00	-3.485834049165824067e-01	5.768551050005301661e-01	6.929519682686186011e-01	1.818005404970928884e+00	1.066065680543516248e+00	6.701271544134682623e-01	-5.386958853043378737e-01	4.823360301592106991e-02	9.019136718456911561e-01	1.072083588283958555e+00	1.561218614520681058e-01	-3.263931304255390797e-01	6.443871967633422182e-01	1.362523302785654256e-01	5.859439753285895502e-01	7.646159814264028021e-02	-1.720613771253182850e-02	-3.160057738481591438e-01	6.546061747976870127e-01	5.609280125570722531e-01	-3.838527369442061299e-01	-7.730260345611005279e-01	5.469982749421855583e-01	-2.686406895524039995e-01	3.688058883332988036e-01	2.899431004125860301e-01	4.195477323673377223e-01	-1.301226843217102580e-01	-2.688544642128407047e-01	7.740719063328178606e-01	1.379635738303369996e-01	7.232090402075713742e-01	-7.350893910843030454e-01	-3.473943280002299572e-01	1.839166264980780507e-01	6.857942698921126734e-02	9.032633126514730271e-02	-3.473498151885500151e-01	-1.940252568752112846e-03	6.947648605718441395e-02	-5.386417470467841362e-01	2.523966661400440792e-01	-1.130509004046619803e-01	-2.316227075625511278e-01	-1.951174554593285426e-01	3.829228080041445215e-01	6.639814686516571918e-01	3.341354097591386352e-01	3.031171883413494306e-01	-3.398201908394554160e-01	-3.203658027328639690e-01	-2.651552149505828071e-01	1.432359103925409105e-01	4.326101290071846656e-02	1.998948257672610862e-01	-1.301115875733843859e-02	2.776349011766815478e-01	1.804682690198494144e-01	3.718397406140235839e-01	1.222494130850806243e-01	-3.164607596700381720e-01	-2.511367865550851938e-02	-4.102812500622769754e-03	3.819011912395034458e-01	9.454157793484810335e-02	1.315672005289797997e-01	-2.083368572392423623e-01	2.677414841891637698e-01	-2.355002534243625864e-02	-1.819238148745772332e-01	-1.409704228648138435e-01	-3.153827895100532741e-01	7.838802152577011018e-02	-2.882750305329867535e-01	-5.876387368182763027e-02	2.822896737434419170e-02	3.464772024407332136e-03	-9.033622211928185597e-02	-8.561852352983000125e-02	-1.392771864195059273e-01	-1.566951180732921445e-01	-2.970271627279416071e-01	1.524518348934710277e-01	-2.424580853194548968e-01	9.365464195091029176e-02	1.448280647078747929e-01	7.954721393902242088e-02	3.136684598958643377e-01	-2.008629902210175844e-01	-3.159154563460792597e-01	2.378903524633202982e-01	-3.038986312935650358e-01	-4.162315972403449194e-02	-3.181624518417184438e-02	2.828915850561325995e-01	-1.924568529065240341e-02	-1.390823190303505097e-01	1.270085557658809025e-02	1.283057901372841036e-01	-4.398169501808636001e-02	7.745531202729626086e-02	-4.511580944161312778e-03	-3.791750934903028586e-02	-7.145791680936829787e-03	-5.271326318770034464e-02	4.422510637537151179e-02	-8.446230166301205156e-02	2.759121055659726762e-01	-1.438783481658357510e-01	-1.589150859641553781e-01	-2.506180935861668929e-02	-1.016647201399795419e-01	2.319077980987842569e-01	3.217352256006492661e-01	2.177325467785324320e-01	-1.748832671975459815e-02	-1.266508724490603491e-02	3.321257652444344344e-01	-2.633755599199831265e-01	1.728772548635262862e-01	2.696849334789317432e-01	1.294684726312233802e-01	-7.038940070639261408e-03	-1.064595259653164927e-01	3.377259515458676253e-02	-1.276346413978312333e-01	-1.118088498605556390e-02
2.787952668854363658e+00	4.118030161308106618e-01	-3.314896092005395478e-01	-5.247538016419330820e-01	-9.684670032086991620e-01	-1.634721181821947811e+00	7.749330351314425158e-01	2.550633455104645564e-01	1.012730199524669361e+00	-1.281679749302441884e+00	6.505930570028187754e-01	6.300117348635168035e-01	4.023210085070983988e-01	-1.214531487173161478e-02	5.488919319976347522e-01	7.263502863949473920e-02	2.303589297997820362e-01	-1.938754455443439688e-03	-8.929230797558769528e-02	1.374417393410863886e-01	6.018826937247407916e-01	1.293720937737192489e-01	-3.316242986981278729e-01	3.521046294860146753e-01	-1.732797013960421864e-02	9.948541466352512908e-01	2.067299272447189681e-02	6.515293914987382307e-01	-2.698860194337877050e-01	-5.577674236009656783e-02	-4.251072011429433140e-01	2.450369406534958494e-01	-1.886470497219198683e-01	2.497810624399451618e-01	4.511158813180713434e-01	5.026263756588992271e-01	-1.720517394529657851e-01	1.089825800743871309e-01	-8.981183435638258328e-02	-1.260119377396680951e-01	1.671074361062468150e-01	8.603410620419997823e-01	7.373545080437542421e-01	-2.489860281694658284e-01	1.520203330594822599e-01	-4.987053637082974333e-01	-1.513293521538285891e-01	2.388104756206445856e-01	-3.379339090260099175e-03	-2.353641280535497676e-02	2.240884058558515746e-01	-4.201493381999863580e-02	-2.841860604896043196e-01	-1.855962922118678353e-03	4.430589589511008675e-01	-2.740173639443052034e-01	2.354821646933524248e-01	-1.515999456806367829e-01	-2.164637701995864860e-01	3.405413402738917128e-01	1.428803838634146173e-01	-7.920569668607867209e-02	-8.031005691271915492e-02	2.717328713476217517e-01	-1.065470952708516550e-01	-1.782106645645392395e-01	-1.966157927539453898e-01	-2.151664777607875667e-01	8.096336822353149276e-02	-2.646575799812406760e-01	-3.001292758072996447e-01	2.466121166110477603e-01	-3.608853086674599364e-01	-4.480810898326959002e-02	-1.592055769907162743e-01	3.204800126643078673e-01	-2.212766584182238039e-01	3.435598989227834354e-01	-1.396977682222508566e-01	-2.662709350747334211e-02	5.644818573716565979e-02	-1.397845687213129795e-01	-5.499201039022838522e-02	-3.152007569242583074e-01	-2.521830907922393075e-02	-5.025162262451640660e-02	-2.923700114589111720e-01	-8.924567326036568840e-03	-1.210135142321216578e-01	-3.206213059789174147e-01	3.656189978644278082e-01	9.982843170837908675e-02	1.341824082568350285e-01	2.544882611525144389e-01	2.423659411506519715e-02	2.498460807708483000e-01	-3.584387012910739828e-02	2.922514792883570967e-02	-1.319888550947626860e-01	-1.089843196100484524e-02	-2.001168703359625448e-02	-1.136365397472857836e-01	-5.775136601819651910e-02	-2.589286827359152943e-01	-2.691164263061014972e-01	-8.085720366390500291e-02	-6.287387168892849543e-02	2.792713254164165271e-01	1.569310924480771946e-02	-1.169525143627900970e-01	4.742024895508163002e-02	9.545262450047343680e-03	-6.991787159662175843e-02	-1.070838654470825796e-01	-3.619247922233775894e-02	3.258433698253731560e-03	-6.486732687824497967e-02	-1.306593052474059602e-01	-2.715977264673553535e-02	-2.188728346422699200e-01	4.433352657952494696e-02	-5.869596005237821823e-02	-6.054296138390875825e-02	8.835735869837031686e-02	7.790945274751796823e-02	1.709825900049539646e-02	7.389511376908342033e-02	2.052452226594534967e-01
1.634309558527559769e+00	1.053700256892966980e+00	-5.419265290137490476e-01	9.095633681094603684e-01	-6.713629272300140061e-01	-2.466179973289106264e-01	-6.703223773844584066e-02	-5.073219292532384905e-01	1.022265888708240311e+00	-6.092446477290439644e-01	4.464186568007684208e-01	9.496925702905561692e-03	-1.253688347560260041e+00	3.376320235614130305e-01	7.432703948176964115e-01	-7.022615539946792662e-01	-3.766265539286250963e-01	-1.219011532492041139e-02	2.682766556447924722e-01	-3.791988905793234332e-01	-2.021566602544418167e-01	-1.414682698102372460e-01	-5.025682800940066697e-01	-2.785328224924819573e-01	5.755175992845823485e-01	-3.633342600603014505e-01	-3.493715833329379961e-01	-4.150678015519772002e-01	8.590852969882999124e-02	-5.192808584130390592e-01	-3.246647700310915929e-02	1.369499971541442152e-01	-3.125357257682650491e-01	5.894265558202407274e-01	-3.465714197320701045e-02	-6.744565902444903116e-02	-3.269468233941232316e-01	-1.459751220578019981e-01	7.646680631371542691e-02	2.164279503432564589e-01	7.543130270956270866e-01	-8.053552279299498462e-01	-1.042890186250355206e-01	-6.528950895978467839e-02	1.610384607977921878e-01	-4.232294800967908999e-01	3.155286156933754249e-01	4.890184135806374122e-01	1.557248461179172871e-01	-4.921222952908252957e-01	-1.477027539700592473e-01	-1.628703313855369983e-01	-4.599276435334058721e-01	-1.509889964880118396e-01	4.618662761592221000e-02	-3.257078114498869192e-01	-6.732926033964714563e-02	-1.991066732272766815e-01	-3.318960949592390519e-01	-1.359467107004376230e-01	-2.598351495348530382e-01	-9.257678551412752699e-02	9.315196460084824992e-02	1.821725625776334512e-01	3.162406883349339615e-01	1.638408398575209868e-01	1.381911536928237816e-01	-2.886846055833992564e-01	1.251027299645044999e-01	-1.250790227516952458e-01	-6.623184410346293245e-03	-1.154048132442112851e-01	-1.397229818911450705e-01	-2.650626711998774199e-01	5.486203356721357227e-02	2.064652380224614725e-01	3.092898557377108948e-01	-4.716768672172965693e-01	-3.265598651892719917e-01	2.040526401871452511e-01	5.085168554707683031e-01	-1.338822401839192267e-01	5.003094719988465146e-03	-1.239447935962039865e-01	-8.216941708433216085e-02	-1.481627111605826330e-01	-1.105674670267559473e-01	-1.814042040123289290e-01	-1.501988715755975812e-01	1.395078857266209837e-01	-8.009321054682714755e-03	5.064342919489044081e-02	-3.507738679957174699e-01	3.480519292473863158e-01	6.615902872682059843e-02	-1.412081864133398479e-01	-1.556728954831870237e-01	5.386012150325633629e-02	-2.093373662760343937e-02	-1.642314000569851939e-01	-1.525370421449510287e-04	-8.264765400501077053e-02	3.063493221291157531e-01	-3.833719370061770548e-01	-1.599798626392823775e-01	4.386021265442798314e-03	-9.855259691945172928e-02	-4.549684306096440922e-01	6.966377204255342834e-03	1.834959336833896226e-01	1.255229884445810129e-01	-6.788361238638984663e-02	3.061519144675869386e-01	1.169281729419851257e-01	-1.015997351178241775e-02	-4.310408552284056283e-02	1.361739130505540962e-01	8.658285887226641053e-03	1.119035021772036981e-01	1.206207917623258880e-01	8.086212429647444966e-02	3.725402160699350235e-02	-1.323388201841364242e-01	1.383806285381897483e-01	8.262397230548723659e-02	8.738548265473648768e-02	1.153796914128593226e-01	6.689908387283337310e-02
-1.103413934795945739e+00	-2.858520082991877320e+00	-2.335964052178606254e-01	1.140969113178134320e+00	-1.729638868739527879e+00	3.375451422552157577e-01	3.892119757709207595e-01	-2.132847860727131173e-01	-3.044235751510450116e-01	1.342515144473252764e-01	1.506486446809487678e-01	6.416767724915277415e-02	8.035547949636250020e-02	-3.212799962592690628e-01	-1.207203982332137882e-01	1.222622406421463165e-01	4.224313642895970444e-01	2.120840150902261745e-03	-1.768429514250194068e-01	2.063246767032149431e-01	-1.063150660453020951e-02	3.859978223330189084e-02	7.456352190544299208e-02	3.385125929576094372e-01	-4.070773425799725231e-01	-1.893806351787786502e-01	-1.901279676256321938e-01	8.013279475181971567e-04	-1.378860155323316239e-01	-3.528293826149175305e-01	-2.120277409767912791e-01	-1.188738619873648261e-01	3.227620499059326298e-02	1.564861695098271333e-02	1.606219741687782698e-01	1.021394441852621904e-01	2.117263684689629777e-01	-2.032037040163172381e-01	-4.480942539314993617e-02	6.985735619609717562e-02	-3.557184331501618835e-01	-1.465452457280190801e-01	-2.397311873013165950e-01	5.155786627629218438e-03	5.300561616854823632e-02	-2.202271320625264622e-02	6.941846137765853020e-02	5.585848505705519329e-02	1.311532251002079652e-01	1.308743074689671104e-01	-9.154365356388778630e-02	-2.831010901873061147e-01	-1.911793385059628869e-01	-2.524456763883699550e-01	-1.935686787081544735e-01	1.127457555510087417e-01	-1.025014170245076295e-01	2.109642880435526335e-01	-1.515585672144940110e-01	5.311991446049998261e-02	6.775792343412677388e-02	1.363300578811270092e-01	3.369316145435252707e-02	1.883856832886968702e-01	-1.714957031800606324e-01	-1.162713686232080823e-01	-1.977805214445054749e-01	-3.413799688811680610e-02	1.069572057904243922e-01	-1.077932421902493554e-01	1.370011489293930795e-01	1.655834885311476337e-02	-4.484583199197092473e-02	-6.923505003959506965e-02	-6.972667231628485590e-03	1.094103517452584690e-01	2.741733066657741150e-02	-1.458974746487214959e-02	-8.173496214732757503e-02	2.260203472906905098e-01	2.374684378201130097e-01	-6.982214176348976176e-02	1.197122818602665562e-01	-8.607399063498526182e-02	-1.332448401110120917e-01	-1.398800320282961862e-01	8.892210759986614657e-03	7.322191177717236876e-02	-1.262146823155547437e-01	-1.337363230417660809e-01	-1.275307675972125743e-01	-6.603924794554910660e-02	6.665983985791575084e-02	-4.805792623940425418e-02	2.918270710783889624e-02	-4.861640731700572760e-02	-1.532813275487026478e-02	5.336539963192371561e-02	2.351740484110619381e-02	9.390169174760867876e-02	1.205003879530387872e-01	1.630723844850823570e-02	-3.556845175765529360e-02	-1.611767657952458133e-01	-1.492723216631769087e-02	6.999521601437327933e-02	6.561682286660133756e-02	-1.438471575079223672e-02	1.903733779058477266e-02	-7.255489274535459332e-02	-1.142729426673167945e-02	1.546313942352136976e-02	-9.425602116244086170e-02	1.548220099091332513e-01	-2.379770797595114340e-01	-7.493915147867226401e-02	6.817578930958344274e-02	-8.650380632889663468e-02	1.901211521777468050e-01	-7.517925941802615364e-02	-3.343285744024384470e-02	-1.116265751723919258e-01	-3.847962699409446241e-02	2.070289167668652036e-02	-9.971486928735902311e-02	-7.201168366278007382e-02	-1.871153285664473864e-01	-1.391543716219116045e-01
-8.626593154845525468e-01	8.851283769429508785e-01	3.615929252743905753e-01	-1.402646963924006007e+00	-8.224802319623146785e-01	7.533031540281248661e-01	-6.028297737697227987e-01	1.821167876232342886e+00	-7.647143507820501618e-02	5.152750782191035661e-01	-4.873302453800536921e-02	4.159139893316127767e-01	-1.670390460592259541e-01	8.658356904098073181e-03	6.561519300214481432e-02	7.787860868749028054e-01	8.896756205678898466e-01	2.822680085271749850e-01	-2.027299269449517154e-03	1.066607430590759131e+00	-2.777950952997300660e-01	7.465294371122049855e-01	1.170125596334450568e+00	2.770813555623081736e-01	3.125816307769884728e-01	5.864344868975984726e-01	-1.338449069419858639e-01	-2.304231115933565444e-01	-4.064531785255126040e-01	2.215801601909001689e-03	-2.559093709051297738e-01	1.150666339865720200e-01	4.827333576580774416e-02	1.329436952393290849e-01	-1.165322944036920882e-01	-1.489599186260623931e-01	7.118312353626912170e-01	3.081449285602962940e-01	6.687966923213520820e-01	-8.518074714651013846e-01	-7.910737076012420987e-02	2.055105804421505315e-03	-7.463223451708435319e-02	1.115376724236762929e-01	2.690382824871263567e-01	-5.215471734385069835e-01	4.670552734038761478e-01	1.968895763504421026e-01	1.909047747837452069e-01	2.061584840607017521e-01	-1.712266938310422482e-01	1.328832158650764816e-01	-2.176397473766036594e-01	-2.762865441196915017e-01	-4.968417570459633670e-02	-1.730616204351852205e-01	1.879553064112172989e-01	-8.460578693533568617e-02	2.197099094570559019e-01	-4.500063207411148514e-01	-9.683131436022053562e-02	2.436699159493390388e-01	1.415766236886832341e-01	7.597061146866711245e-02	1.550966111245633272e-01	-1.617368896293848168e-01	-2.256663204741275186e-01	2.988372929233193420e-01	5.286657616367820278e-01	-7.627426979482958280e-02	-9.463970610403343864e-02	2.319670923772995108e-01	2.212606457516419489e-01	-8.452770390292921321e-02	1.304950488705381717e-01	-3.892857486547138257e-01	1.990069476967576967e-01	9.973797584972689256e-02	-1.241064204939043014e-01	1.550330303900029072e-01	9.183143256335496440e-02	-4.410348241434892957e-02	-7.301719113603926531e-03	-1.708227152169149721e-01	-1.613965853521010241e-01	2.702437597535250341e-02	-1.718330866825763525e-01	7.199938196578294092e-02	1.221613475799065845e-01	8.773007856254413928e-02	2.716003286360335611e-01	-1.444973060932240594e-01	1.708024838060647616e-03	9.957934546659646946e-02	-1.859823425543024877e-01	-8.792463180053107508e-02	3.858527652868359165e-02	-4.639006258783976572e-02	-2.074645684820998204e-01	9.645223202381493152e-03	-2.299342821321210262e-01	4.745710233163788483e-02	-1.089715733596730435e-01	8.194047116813325815e-02	-1.887023617904483863e-01	-6.162398962109918304e-02	1.262311000898981017e-01	-1.250406746985300854e-01	-4.949692678825465264e-02	1.655231787666030727e-02	-1.242366803975849532e-01	-2.790500220970876244e-01	-1.676043847395368436e-02	-5.144778859041456570e-02	7.894988362768347312e-02	3.843387442744489180e-02	-1.487230372050309390e-01	-3.970937106282551241e-03	9.939989583278114813e-03	2.082988694606941749e-01	3.170371273428045089e-02	1.422016571887410874e-01	-1.067371396119897592e-01	1.094715662506680759e-01	-1.604508500279602790e-01	-7.529879016843352840e-03	9.469530595265199246e-02	-1.391760637872033191e-02
-5.407968952408829244e-01	7.333987129943192462e-01	-1.797900504283314327e-01	-2.193758296731280311e+00	-1.324840865665906531e+00	7.646824616330067936e-01	-3.743017530414131655e-01	-1.094287936417797535e+00	-6.188362894689637406e-01	1.155759735778325137e+00	-4.113067696018973818e-01	-2.253529886759024214e-01	-6.681350113122301870e-01	-3.659334433782217566e-01	5.840405113001267967e-02	3.970947234465153075e-01	1.194074486348012526e-01	6.503419810932784539e-01	6.335796375400144509e-01	-3.368082155236213349e-01	1.706069747806177872e-01	-5.767003996807937849e-01	3.415348880757472505e-02	-6.571675959747586004e-01	-1.709742202090560603e-01	-1.380869532485261564e-01	6.353671059775144181e-02	-3.024883851385623545e-01	-6.284537943518096748e-02	3.248345505610285011e-01	2.164733953390477472e-01	-3.285324931659636682e-01	-2.723093232764454141e-01	-4.034609801703877840e-01	1.532518517122148927e-01	2.331583281746264780e-01	-4.687817301442650381e-02	-3.513948964571964040e-01	1.867943640749893386e-01	-5.995335665583533258e-01	2.444671708665354937e-01	3.281528367740276786e-01	-1.715361393931524869e-02	-3.298834842333671635e-01	1.126159758675621403e-01	1.572412380621253103e-01	1.144646778884021443e-01	-1.040472938630446348e-01	-1.369474638538003830e-01	3.153062217551715340e-01	-3.302165198671278556e-01	-1.492796182846947428e-01	4.783812981904769779e-02	-1.819096288495070657e-01	-1.748076068076787060e-01	2.984607905522843607e-01	3.589425994177326135e-02	-6.719303602546142784e-01	4.181137424783737400e-01	4.358802757605185763e-01	-3.486301350164083268e-01	3.781951041429119087e-01	-1.485279920957158217e-01	3.104966409792751444e-02	7.042242741118180660e-02	-1.814752622795018921e-01	2.920221034926580028e-01	1.255766151787351785e-02	2.475014100671504846e-01	8.168970038295129965e-02	2.983326406525676489e-01	2.424385452177909572e-01	-1.702244297392549177e-01	-1.392441843619970365e-01	3.287699417333293100e-02	2.518098275406451814e-01	-5.627926598391367816e-03	2.603148150081230905e-01	1.131114187970883173e-01	-8.260149948111164542e-02	1.543804456659996216e-01	1.351665455522105819e-01	1.371261924207320404e-01	-1.463147974363738779e-01	-1.000034730983974385e-02	3.365754317688859909e-01	1.894756476617628360e-01	-8.904718266233455082e-02	1.303227229525775743e-01	-2.536583727318690307e-01	1.412527268124141311e-01	1.473892727160751592e-01	-5.440604437957503592e-01	1.432677606937007853e-01	-1.417911609960806063e-01	9.835983126169570850e-03	1.355898031454882413e-01	2.560881134381968183e-01	4.142012176681080654e-02	2.503355537419033605e-01	-2.225440340708799425e-02	8.110365132004378197e-02	-2.249839708683609163e-01	-1.602171543824643107e-01	-6.103605857154111719e-02	6.246256360389583484e-02	1.322671068999186350e-01	-8.571681351373104663e-02	1.735762906372779468e-01	-7.216609053371177140e-02	2.134621544053199038e-01	6.600881595105385913e-02	-7.017183629650626531e-02	-7.597593999686869104e-02	-3.221309325301798671e-02	-2.095725759203802274e-01	4.249086566407015569e-02	9.139008857527140817e-02	3.676027937140796675e-01	5.362944465246947956e-02	-2.461202803215998824e-01	1.246974484279081974e-01	1.708863616405215669e-01	-1.130001544687215670e-01	1.165450159393512930e-01	-8.435460023536170415e-02	-1.095369180295469730e-01	4.054814602489767439e-02
-7.954426303584462010e-01	1.013977459357689792e+00	-2.804876622503217898e-01	-1.568956595603966608e+00	-6.638260275798161247e-01	5.861646039061533253e-01	2.787389808849454198e-01	-4.823894720079711096e-01	9.428685382108963342e-01	4.884764726416623848e-01	4.356646883214420063e-01	6.750047455175058053e-02	-7.719658494088836864e-01	2.909276097914627601e-01	-2.372915136450696322e-02	1.684813770797358168e-01	-7.979825763162932128e-01	8.133968528003254761e-02	4.362180379581486744e-01	-3.098630534474093312e-01	3.267692297707505134e-01	-1.504398658551712453e-01	-2.932806391195056372e-01	3.401365343492603333e-01	-3.906352222948890340e-02	1.826125400124304077e-01	-5.054533561130456487e-01	5.788921572503910040e-01	7.632081278928117829e-01	1.959267156518267050e-01	1.760888066165037236e-01	-1.483933561015768066e-01	-1.700689317700480319e-01	-3.816384822984241615e-02	6.162617965071925941e-02	-1.944972327588078143e-01	-3.137367123814098768e-01	-7.516473358783581915e-02	-3.128725526564774539e-01	-2.238677354011659182e-01	-2.151465731478916232e-01	-3.807939026679564853e-01	3.278985698729404707e-01	2.419737940152349165e-01	2.491748902984397829e-01	3.028663688235493368e-01	-2.555044743830128251e-01	3.111440003395007231e-02	-2.307941204495228549e-02	4.534905400554976040e-01	-1.134107042018652756e-01	2.041453630918265705e-01	4.793564097138948155e-01	-3.672485362460939373e-01	-3.032563228214785536e-02	-2.795417103903196088e-01	6.419881713928991818e-02	-2.964922420902368905e-01	-6.742271700186372452e-02	3.690331027148625615e-03	2.089603004637103356e-01	-2.401219240719317527e-01	-3.516928906178638098e-02	3.930603274677978848e-02	1.369970275782150804e-01	-3.460789179475308452e-02	-4.098404418178216435e-01	-2.711659706841266781e-01	-1.116009378706550731e-01	-1.726428544851658087e-01	6.359469212581388663e-03	2.263339133623158417e-01	2.317401214825348665e-01	1.838803265508900664e-01	-3.323533191474898341e-01	-2.242819140947960310e-01	3.741224017183387290e-02	-7.684400279338972073e-01	9.514819631101900654e-03	-3.889480632514338843e-02	-1.130815077558980503e-01	-1.152243526749228558e-01	-1.390877273656708213e-01	4.165530678333547177e-01	2.403756977902696546e-01	-2.220961043447939598e-01	-4.556120601644979978e-02	2.582438398981279915e-01	-7.012408389680184484e-02	-2.627007686297835876e-02	7.774085885988100963e-02	-1.901685048526961797e-01	-2.979087939413033181e-01	-5.281789111648488994e-02	-3.493540454936576445e-02	-2.353523469334972973e-01	1.463934789051522800e-01	1.887248029853719755e-01	2.408394194472479599e-01	7.419299888071695381e-02	2.090643146483784631e-01	-9.690390240901754215e-02	5.614908758409202505e-02	7.518704770432607654e-02	-1.843991587055049397e-02	1.144326817504301985e-01	-2.262805742176327295e-01	1.655178007063948797e-01	6.533908057108983591e-02	-1.172680630497707904e-01	9.335347104879865299e-02	1.072275312699214533e-03	-9.245331926833420810e-02	-6.392016909297543181e-02	-1.216879299146539639e-01	-8.438888159471009953e-02	-2.681817224408341027e-01	-7.195630059545521373e-02	1.911031067158578678e-01	-1.529498414124115524e-01	1.428279908094881867e-01	-1.733185117641620754e-01	9.412749280542487273e-02	1.594242162575849331e-01	8.348111831599124011e-02	5.830152687568664234e-03	2.239595047380523174e-01	8.977353998169691762e-02
-5.570859694376424365e-01	-2.387745320062856502e-01	6.330287165885660761e-01	5.631043250189491367e-01	-1.571152477171291251e+00	-7.716091200486195900e-01	-1.708761785587583626e+00	-3.750123114310499051e-01	-2.990048297451678438e-01	5.571604697396334016e-01	-2.254206752317196860e-01	-7.213834324845057322e-02	3.380549110868932838e-02	-5.016140611426167517e-01	-7.301715667069436089e-01	-4.392823708936916538e-01	-2.551908671299587539e-01	-2.251293520682351168e-01	5.165152245207720316e-01	5.389841702946819302e-01	1.707814225978525335e-01	-4.908690087684329240e-01	-2.045756012138973678e-01	-6.070487928454993548e-02	-1.288746564848778642e-01	-1.363208116642924961e-01	6.811166993325542540e-01	1.577411697107844457e-01	-3.155385549202527340e-01	2.067689285740186289e-01	-2.287290669843324575e-01	1.052124163094120823e-01	1.585647327829299291e-01	2.850553346327552862e-01	-2.581843859734155311e-01	-9.814674732103408072e-02	-3.238023205528350323e-01	-9.546715191925103650e-02	8.992748423038576452e-03	-6.378316365148137615e-03	-2.638823808292636852e-02	-3.104985025511219909e-01	-4.365426101046208235e-02	-6.367400102037865106e-02	1.912848808229959674e-01	-8.532808400644127655e-02	5.225916506217758578e-02	-8.950117463857315547e-02	1.148789505099441222e-01	-2.176895611936744412e-01	2.214832699681124409e-02	-2.793461863945380097e-01	7.736653597740894561e-03	3.119744950819658413e-01	2.394051446856199916e-01	-1.126740345207239147e-01	-3.000348940794878017e-01	-2.959528203180731842e-01	5.500878032359836356e-02	9.748927341553101367e-02	1.198264376382305735e-01	1.213915431069928913e-01	-7.389393695795845596e-02	3.075245737383308642e-01	-2.012408313316171315e-01	5.680613141759368601e-01	-1.645640086415162961e-01	3.359063563464960694e-03	-1.876262352232811043e-02	-3.060901086189758979e-01	1.429839762196493010e-02	1.869746623534546126e-01	3.277743552802258598e-01	3.193402933131981314e-01	-5.919217191921104237e-02	7.670385443926813762e-02	1.004838008049097342e-01	2.371651814949998077e-02	1.438703875083899575e-01	-1.221238764116533426e-01	-2.882550205840713753e-01	-2.205024364494964084e-01	-2.019161362694057715e-01	6.981168686940197876e-02	-4.720191022932344188e-02	2.273640531839612178e-01	-1.788180642387751096e-01	-1.634250530555082515e-01	-1.709275280307637479e-01	-2.363521812924806401e-03	1.769197849683131762e-01	2.244664724836552827e-01	3.136445064079666778e-02	7.514858985481227827e-02	1.387543532622479703e-01	-1.124053140790289562e-01	-4.634599431026737576e-02	2.794531964395404605e-02	-1.545869418000335727e-01	4.970389535640272471e-02	-7.348698312651776726e-03	1.496737029327664115e-01	3.364655767528970318e-03	-2.564010862153565107e-02	8.576859249975990473e-02	-1.729908488568609182e-01	1.553935532860414304e-01	-1.566820840783239022e-01	1.250292762748435871e-01	9.898618387834474952e-02	1.793298279234178116e-01	-6.329911058449901040e-02	-1.330953127392642543e-01	-1.058332455030592256e-01	-5.955895323883134140e-02	1.438377200571424042e-01	1.879462490653598661e-01	2.023683060579071352e-02	1.461025311058150866e-01	-7.982913399251853614e-02	-9.634950215707072108e-02	-4.856684070239714740e-02	-1.168335877577734300e-01	-9.677403779348035806e-02	-1.291239028856404070e-01	5.458445237111130346e-03	9.775650590966777909e-02	-1.922877305252969071e-01
