1.0	0.0	0.0	0.0	0.0	0.0	0.0	0.0	0.0	0.0343558282208589	0.024858757062146894	0.08925725215173733	0.06364061768834815	0.0	0.0	0.0	0.09436274509803921	0.08175182481751825	0.35460122699386504	0.034976152623211444	0.03229813664596273	0.0	0.0	0.10361216730038023	0.028346456692913385	0.06349206349206349	0.0	0.0	0.09100642398286937	0.0	0.0	0.1070110701107011	0.06715328467153285	0.0	0.07975460122699386	0.0	0.0	0.0	0.17757009345794392	0.0	0.13312034078807242	0.0	0.0	0.0	0.0	0.0	0.0	0.0	0.0	0.0	0.0	0.020527175180779098	0.019930244145490782	0.0	0.0	0.08127721335268505	0.0890302066772655	0.16069057104913678	0.15336204041073204	0.07933884297520662	0.0	0.0	0.0	0.0	0.0	0.13815789473684212	0.0	0.0	0.0	0.05533596837944664	0.0	0.17222963951935916	0.0	0.0	0.10664993726474278	0.0	0.06330935251798561	0.0	0.0	0.07445589919816724	0.0	0.04698972099853157	0.03473227206946455	0.09235209235209235	0.02444987775061125	0.0	0.12147239263803682	0.10426540284360189	0.09339080459770115	0.0	0.0	0.0	0.0	0.0	0.0	0.0	0.06540738652382296	0.07931665649786455	0.0	0.03861517976031957	0.0315955766192733	0.0	0.0	0.1436651583710407	0.0	0.0	0.0	0.07912355447352404	0.0	0.0	0.0	0.02078239608801956	0.020527175180779098	0.08114856429463171	0.1288244766505636	0.0890302066772655	0.0763888888888889	0.0	0.0	0.0	0.0	0.09988518943742825	0.0	0.065	0.0	0.0	0.0	0.0	0.0315955766192733	0.0315955766192733	0.03815580286168521	0.02902757619738752	0.0	0.0	0.0	0.0	0.0189873417721519	0.0	0.0	0.0	0.0	0.0	0.0	0.07921998781230957	0.0	0.0	0.0	0.0	0.0	0.0	0.0	0.0	0.0	0.0	0.0	0.0	0.0	0.0	0.0	0.0	0.0	0.0	0.0	0.0	0.0	0.0	0.0	0.0	0.0	0.0	0.0	0.0	0.0	0.0	0.0	0.0	0.41641337386018235	0.0	0.15958668197474168	0.0	0.0	0.0980720871751886	0.0	0.0	0.1	0.0	0.16204379562043797	0.05771812080536913	0.0	0.021344717182497332	0.0	0.0	0.0	0.04431314623338257	0.10686015831134564	0.17237163814180928	0.17237163814180928	0.0	0.0	0.0587515299877601	0.09343065693430656	0.08175182481751825	0.0	0.025899280575539568	0.097	0.0	0.0	0.0	0.0	0.0	0.0	0.0	0.0	0.0	0.08297413793103449	0.0	0.0	0.047648643049513155	0.0	0.3483386923901393	0.0	0.03773584905660377	0.0	0.028042063094641963	0.027874564459930314	0.0	0.0	0.0	0.0	0.0	0.0798035604665439	0.0	0.030138921591711797	0.0	0.0	0.0	0.0	0.0	0.027257240204429302	0.0	0.0	0.0	0.0	0.0	0.0	0.0	0.0	0.0	0.03483309143686502	0.08655126498002663	0.0	0.13815789473684212	0.0	0.15451055662188098	0.0	0.0	0.0	0.0	0.0	0.0	0.0	0.0	0.021299254526091587	0.0	0.0	0.0	0.06223628691983123	0.0	0.0	0.0	0.02877697841726619	0.0	0.0	0.057971014492753624	0.026490066225165563	0.36688741721854307	0.0	0.0315955766192733	0.0	0.027257240204429302	0.0	0.03975155279503106	0.0	0.08166969147005444	0.0	0.0	0.0	0.0	0.0	0.0	0.0	0.05195843325339728	0.08293612964728313
0.0	1.0	0.0	0.009000900090009001	0.06639839034205232	0.0	0.0	0.0	0.0	0.0	0.0	0.0	0.0	0.0	0.0	0.0	0.0	0.0	0.0	0.0	0.0	0.0	0.0	0.0	0.0	0.0	0.0	0.0	0.0	0.0	0.0	0.0	0.0	0.0	0.0	0.0	0.0	0.0	0.0	0.0	0.0	0.0	0.0	0.0	0.0	0.0	0.0	0.0	0.0	0.0	0.0	0.029977628635346757	0.0	0.0368	0.0	0.0	0.0	0.0	0.0	0.0	0.0	0.0	0.0	0.11363636363636363	0.0	0.0	0.0	0.0	0.0	0.0	0.0	0.0	0.0	0.0	0.0	0.06639839034205232	0.0	0.0	0.0	0.0	0.06639839034205232	0.0	0.0	0.0	0.06885245901639345	0.0	0.0	0.0	0.0	0.0	0.0	0.048	0.12087912087912088	0.0	0.0	0.0	0.017439192290041303	0.0	0.0	0.17647058823529413	0.0	0.0	0.0	0.0	0.0	0.0	0.0	0.05348460291734198	0.0	0.0	0.0	0.0	0.029977628635346757	0.0	0.0	0.0	0.0	0.0	0.0	0.0	0.0	0.0	0.0	0.0	0.08571428571428572	0.0	0.0	0.0	0.0	0.0	0.0	0.0	0.0	0.0	0.10344827586206896	0.0	0.0	0.0	0.0	0.0	0.0	0.12605042016806722	0.06159420289855073	0.0	0.0	0.0	0.0	0.0	0.0	0.0	0.0	0.0	0.0	0.0	0.0	0.0	0.0	0.0	0.0	0.0	0.0	0.0	0.0	0.0	0.0	0.0	0.0	0.0	0.0	0.0	0.0	0.0	0.0	0.0	0.0	0.0	0.0	0.0	0.0	0.0	0.0	0.0	0.0	0.0	0.0	0.0	0.0	0.0	0.0	0.0	0.0	0.0	0.0	0.0	0.0	0.0	0.0	0.0	0.0	0.0	0.0	0.0	0.0	0.0	0.0	0.0	0.0	0.0	0.08571428571428572	0.0	0.0	0.0	0.0	0.0	0.0	0.0	0.0	0.0	0.0	0.0	0.0	0.0	0.0	0.044284243048403706	0.0	0.0	0.0	0.0	0.0	0.0	0.0	0.0	0.0	0.3442622950819672	0.0	0.3442622950819672	0.0	0.0	0.0	0.036585365853658534	0.022	0.0	0.0	0.0	0.0	0.0	0.0	0.05314009661835749	0.0	0.0	0.0	0.0	0.0	0.0	0.0	0.0	0.0	0.0	0.0	0.0	0.0	0.0	0.0	0.0	0.0	0.0	0.0	0.0	0.0	0.0	0.0	0.0	0.0	0.0	0.025735294117647058	0.0	0.0	0.0	0.0	0.0	0.0	0.0	0.0	0.0	0.06159420289855073	0.06159420289855073	0.040877367896311065	0.06486486486486487	0.0	0.0	0.06486486486486487	0.03116531165311653	0.0
0.0	0.0	1.0	0.03178484107579462	0.0	0.0	0.0	0.0	0.0	0.0	0.0	0.0	0.0	0.0	0.0	0.0	0.0	0.13043478260869565	0.0	0.0	0.0	0.0	0.0	0.0	0.0	0.07563025210084033	0.0	0.0	0.0	0.0	0.0	0.0	0.0	0.0	0.0	0.0	0.0	0.0	0.0	0.0	0.0	0.025404157043879907	0.06572769953051644	0.0	0.0	0.0	0.0	0.0	0.0	0.032520325203252036	0.0	0.0	0.0	0.0	0.0	0.02564102564102564	0.0	0.0	0.0	0.0	0.0	0.0	0.0	0.0	0.012185215272136474	0.0	0.0	0.0	0.0	0.0	0.0	0.0	0.03314917127071823	0.0	0.0	0.0	0.05	0.0	0.0	0.0	0.0	0.0	0.0	0.0	0.0	0.0	0.0	0.0	0.0	0.0	0.0	0.0	0.0	0.0	0.0	0.0	0.0	0.0	0.0	0.060810810810810814	0.0	0.0	0.1724137931034483	0.0	0.0	0.0	0.0	0.0	0.0	0.0	0.0	0.0	0.0	0.0	0.0	0.0	0.0	0.0	0.049723756906077346	0.049723756906077346	0.0	0.0	0.0	0.0	0.0	0.012345679012345678	0.0	0.012345679012345678	0.0	0.0	0.0	0.0	0.0	0.0	0.0	0.40229885057471265	0.0	0.0	0.1724137931034483	0.05	0.0	0.0	0.0	0.0	0.0	0.0	0.0	0.0	0.027777777777777776	0.0	0.03278688524590164	0.0	0.03278688524590164	0.0	0.0	0.0	0.0	0.03305785123966942	0.0	0.0	0.0	0.0	0.0	0.0	0.0	0.0	0.0	0.0	0.0	0.0	0.0	0.0	0.0	0.0	0.0	0.0	0.0	0.0	0.0	0.0	0.0	0.0	0.0	0.0	0.0	0.0	0.0	0.0	0.0	0.0	0.0	0.0	0.0	0.0	0.0	0.0	0.0	0.0	0.0	0.049723756906077346	0.0	0.043478260869565216	0.0	0.0	0.0	0.0	0.0	0.07692307692307693	0.0	0.012345679012345678	0.0	0.0	0.0	0.0	0.0	0.18584070796460178	0.0	0.0	0.0	0.0	0.01652892561983471	0.0	0.0	0.0	0.0	0.0	0.0	0.02937720329024677	0.016666666666666666	0.0	0.0	0.0	0.0	0.0	0.0	0.0	0.0	0.0	0.0	0.0	0.0	0.0	0.0	0.0	0.039735099337748346	0.05	0.037037037037037035	0.032564450474898234	0.07692307692307693	0.0	0.0	0.0	0.0	0.005110732538330494	0.0	0.033112582781456956	0.0	0.0	0.0	0.0	0.22807017543859648	0.0	0.0	0.0	0.021897810218978103	0.0	0.0	0.0	0.016666666666666666	0.0	0.0	0.005484460694698354	0.0	0.039473684210526314	0.0	0.0	0.0	0.0	0.0	0.0	0.0	0.0	0.0	0.0	0.0	0.0	0.0	0.0	0.0	0.05747126436781609	0.0	0.0	0.0
0.0	0.009000900090009001	0.03178484107579462	1.0	0.006578947368421052	0.0	0.0	0.0	0.0	0.0	0.0	0.0	0.0	0.0	0.0	0.0	0.0	0.0	0.0	0.0	0.016494845360824743	0.00822481151473612	0.0	0.024628014366341714	0.0	0.0	0.0	0.0	0.0	0.0	0.0	0.03263086335825969	0.0	0.0	0.0	0.0	0.0	0.0	0.0	0.05361131794489948	0.0	0.04688463911165947	0.024268823895457373	0.0	0.0	0.0	0.0	0.0	0.0	0.0525990099009901	0.0	0.007291928589388987	0.0	0.00942951438000943	0.0	0.0	0.0	0.0	0.0	0.0	0.0	0.0	0.0	0.0026899798251513113	0.0	0.0	0.0	0.0	0.0	0.0	0.0	0.0	0.020960108181203516	0.0	0.0	0.006578947368421052	0.0	0.0	0.0	0.01005656819610308	0.006578947368421052	0.0	0.0	0.0	0.010803511141120865	0.0	0.0	0.0	0.0	0.0	0.008102633355840648	0.011104256631708822	0.027530364372469637	0.0	0.0	0.0	0.0021953896816684962	0.0	0.0	0.004454342984409799	0.0	0.0	0.0	0.0	0.0	0.0	0.0	0.006048387096774193	0.0	0.0	0.03679852805887764	0.010803511141120865	0.007291928589388987	0.0	0.0	0.0	0.0	0.0	0.11426639621365788	0.12778904665314403	0.0	0.0	0.008830022075055188	0.0	0.011756061719324026	0.0	0.0	0.0	0.0	0.0	0.0	0.0	0.0	0.0	0.04895738893925657	0.0	0.0	0.0	0.0	0.0	0.0	0.022271714922048998	0.019240506329113925	0.0	0.0	0.0	0.008069939475453935	0.006688963210702341	0.006176652254478073	0.010876954452753228	0.0	0.0	0.0	0.008069939475453935	0.006688963210702341	0.0	0.0	0.0	0.0	0.0	0.0	0.0	0.019753086419753086	0.008069939475453935	0.0	0.011913626209977662	0.006564551422319475	0.0073152889539136795	0.0073152889539136795	0.006564551422319475	0.0073152889539136795	0.008830022075055188	0.006564551422319475	0.0073152889539136795	0.019753086419753086	0.0144014401440144	0.0	0.0	0.0	0.0	0.0	0.0	0.0	0.0	0.0	0.016227180527383367	0.0	0.0	0.0	0.013961605584642234	0.008856088560885609	0.0	0.0	0.0	0.0	0.0	0.0	0.0	0.0	0.0	0.0	0.0	0.0	0.0	0.0	0.0	0.0	0.0	0.011756061719324026	0.0	0.0	0.0	0.0	0.0	0.0	0.0	0.0	0.0	0.0	0.0	0.0	0.0	0.0	0.01248642779587405	0.0	0.0	0.0	0.052303860523038606	0.0	0.0	0.0	0.0	0.0	0.0053811659192825115	0.0	0.0053811659192825115	0.008069939475453935	0.006688963210702341	0.0	0.026954177897574125	0.014965259219668627	0.0	0.0	0.0	0.022810890360559236	0.0	0.0	0.006032171581769437	0.0	0.0	0.0	0.0	0.0	0.03732503888024884	0.0	0.044885945548197206	0.0	0.0	0.0	0.0	0.04541701073492981	0.0	0.009286128845037725	0.0	0.0	0.0	0.0	0.0	0.0	0.0	0.0	0.0	0.0	0.0	0.017355793772332824	0.0	0.0	0.0	0.0	0.0	0.0	0.0	0.0	0.0	0.019240506329113925	0.019240506329113925	0.013340448239060833	0.0186219739292365	0.0	0.0	0.0186219739292365	0.008521516829995739	0.0
0.0	0.06639839034205232	0.0	0.006578947368421052	1.0	0.0	0.0	0.0	0.0	0.0	0.0	0.0	0.0	0.0	0.0	0.0	0.0	0.0	0.0	0.0	0.0	0.0	0.0	0.0	0.0	0.0	0.0	0.0	0.0	0.0	0.0	0.0	0.0	0.0	0.0	0.0	0.0	0.0	0.0	0.0	0.0	0.0	0.0	0.0	0.0	0.0	0.0	0.0	0.0	0.0	0.0	0.020734812659148782	0.0	0.13735899137358992	0.0	0.0	0.0	0.0	0.0	0.0	0.0	0.0	0.0	0.01718213058419244	0.0	0.0	0.0	0.0	0.0	0.0	0.0	0.0	0.0	0.0	0.0	0.10875331564986737	0.0	0.0	0.0	0.0	0.23607427055702918	0.0	0.0	0.0	0.3079584775086505	0.0	0.0	0.0	0.0	0.0	0.0	0.03277060575968222	0.07890499194847021	0.0	0.0	0.0	0.07058823529411765	0.0	0.0	0.0286493860845839	0.0	0.0	0.0	0.0	0.0	0.0	0.0	0.2036613272311213	0.0	0.0	0.0	0.0	0.020734812659148782	0.0	0.0	0.0	0.0	0.0	0.0	0.0	0.0	0.0	0.0	0.0	0.357429718875502	0.0	0.0	0.0	0.0	0.0	0.0	0.0	0.0	0.0	0.04703476482617587	0.0	0.0	0.0	0.0	0.0	0.0	0.607094133697135	0.2387950036737693	0.0	0.0	0.0	0.0	0.0	0.0	0.0	0.0	0.0	0.0	0.0	0.0	0.0	0.0	0.0	0.0	0.0	0.0	0.0	0.0	0.0	0.0	0.0	0.0	0.0	0.0	0.0	0.0	0.0	0.0	0.0	0.0	0.0	0.0	0.0	0.0	0.0	0.0	0.0	0.0	0.0	0.0	0.0	0.0	0.0	0.0	0.0	0.0	0.0	0.0	0.0	0.0	0.0	0.0	0.0	0.0	0.0	0.0	0.0	0.0	0.0	0.0	0.0	0.0	0.0	0.357429718875502	0.0	0.0	0.0	0.0	0.0	0.0	0.0	0.0	0.0	0.0	0.0	0.0	0.0	0.0	0.035830618892508145	0.0	0.0	0.0	0.0	0.0	0.0	0.0	0.0	0.0	0.041916167664670656	0.0	0.041916167664670656	0.0	0.0	0.0	0.05076551168412571	0.0294351630867144	0.0	0.0	0.0	0.0	0.0	0.0	0.4214123006833713	0.0	0.0	0.0	0.0	0.0	0.0	0.0	0.0	0.0	0.0	0.0	0.0	0.0	0.0	0.0	0.0	0.0	0.0	0.0	0.0	0.0	0.0	0.0	0.0	0.0	0.0	0.03494423791821561	0.0	0.0	0.0	0.0	0.0	0.0	0.0	0.0	0.0	0.13299044819985306	0.13299044819985306	0.03333333333333333	0.05315947843530592	0.0	0.0	0.05315947843530592	0.11944604731679169	0.0
0.0	0.0	0.0	0.0	0.0	1.0	0.5	0.744	0.744	0.013157894736842105	0.25133689839572193	0.0	0.0	0.0	0.0	0.005081874647092038	0.0	0.0	0.0	0.0	0.0	0.0	0.09523809523809523	0.0	0.0	0.0	0.0	0.056179775280898875	0.0	0.013157894736842105	0.0	0.0	0.0	0.0	0.0	0.0	0.01639344262295082	0.056179775280898875	0.0	0.0	0.0	0.023872679045092837	0.0	0.7377049180327869	0.744	0.3978494623655914	0.28502415458937197	0.30944625407166126	0.45708582834331335	0.21495327102803738	0.00897308075772682	0.11056620597414177	0.17969543147208122	0.14992025518341306	0.3978494623655914	0.0	0.0	0.0	0.0	0.0	0.0	0.744	0.14754098360655737	0.33225806451612905	0.0	0.0	0.0	0.006622516556291391	0.006896551724137931	0.0	0.0	0.0	0.0	0.0	0.0	0.0	0.0	0.0	0.0	0.0	0.0	0.0	0.0	0.0	0.0	0.054771315640880856	0.0	0.0	0.0	0.0	0.0	0.007957559681697613	0.0	0.0	0.02197802197802198	0.11022044088176353	0.0	0.0	0.0	0.0	0.0	0.08021390374331551	0.0	0.0	0.0	0.013157894736842105	0.04918032786885246	0.0	0.07509881422924901	0.136	0.0	0.0	0.024966562639322336	0.0896551724137931	0.0	0.0	0.018108651911468814	0.0	0.0	0.0	0.14754098360655737	0.0	0.07317073170731707	0.0	0.0	0.0	0.0	0.0	0.0	0.0	0.0	0.0	0.0	0.0	0.0	0.0	0.05263157894736842	0.013157894736842105	0.0	0.0	0.0	0.0	0.007220216606498195	0.0	0.011494252873563218	0.1724137931034483	0.03870967741935484	0.028662420382165606	0.023936170212765957	0.059602649006622516	0.03870967741935484	0.06451612903225806	0.03870967741935484	0.03870967741935484	0.028662420382165606	0.0	0.06382978723404255	0.0	0.0	0.0	0.02564102564102564	0.01694915254237288	0.0	0.05806451612903226	0.0	0.12605042016806722	0.03571428571428571	0.048	0.048	0.03571428571428571	0.048	0.07317073170731707	0.03571428571428571	0.048	0.0	0.0	0.0	0.07692307692307693	0.0	0.07608695652173914	0.10097719869706841	0.0	0.22580645161290322	0.0	0.0	0.0	0.0	0.0	0.033707865168539325	0.04225352112676056	0.0	0.0	0.0	0.0	0.0	0.0	0.0	0.0	0.0	0.0	0.0	0.0	0.0	0.0	0.0	0.12160804020100502	0.3617021276595745	0.0	0.0	0.0	0.05976095617529881	0.07509881422924901	0.0	0.0967741935483871	0.0407673860911271	0.0	0.021933387489845652	0.0	0.0	0.0	0.0	0.0	0.08021390374331551	0.012307692307692308	0.02857142857142857	0.0	0.22580645161290322	0.0	0.0	0.0	0.032948929159802305	0.047619047619047616	0.011348161597821153	0.0	0.0	0.0	0.03870967741935484	0.028662420382165606	0.08119079837618404	0.008097165991902834	0.00597609561752988	0.0	0.0	0.0	0.0	0.0	0.0	0.0	0.0	0.0	0.07377049180327869	0.0	0.06382978723404255	0.0	0.05570291777188329	0.0975609756097561	0.0967741935483871	0.0	0.0	0.0	0.0	0.0	0.0	0.05747126436781609	0.0	0.00897308075772682	0.0	0.2648648648648649	0.0	0.013157894736842105	0.0	0.0	0.0	0.0	0.014652014652014652	0.0	0.0	0.0	0.08196721311475409	0.22056833558863329	0.4838709677419355	0.034013605442176874	0.03260869565217391	0.043993231810490696	0.007220216606498195	0.007220216606498195	0.005958291956305859	0.010752688172043012	0.03926096997690531	0.0	0.010752688172043012	0.03648648648648649	0.01858736059479554
0.0	0.0	0.0	0.0	0.0	0.5	1.0	0.3333333333333333	0.3333333333333333	0.02717391304347826	0.1552511415525114	0.0	0.0	0.0	0.0	0.009373458312777503	0.0	0.0	0.0	0.0	0.0	0.0	0.056962025316455694	0.0	0.0	0.0	0.0	0.04132231404958678	0.0	0.02717391304347826	0.0	0.0	0.0	0.0	0.0	0.0	0.032467532467532464	0.11570247933884298	0.0	0.0	0.0	0.015873015873015872	0.0	0.40860215053763443	0.3333333333333333	0.24	0.1829105473965287	0.19137466307277629	0.2686804451510334	0.11516533637400228	0.12629070691024621	0.08643457382953182	0.12309074573225516	0.09840810419681621	0.24	0.0	0.0	0.0	0.0	0.0	0.0	0.3333333333333333	0.08602150537634409	0.19518716577540107	0.0	0.0	0.0	0.01245753114382786	0.014028056112224449	0.0	0.0	0.0	0.0	0.0	0.0	0.0	0.0	0.0	0.0	0.0	0.0	0.0	0.0	0.0	0.0	0.040947212629501725	0.0	0.0	0.0	0.0	0.0	0.015873015873015872	0.0	0.0	0.0514018691588785	0.08703374777975133	0.0	0.0	0.0	0.0	0.0	0.05179282868525897	0.0	0.0	0.0	0.02717391304347826	0.032467532467532464	0.0	0.04100946372239748	0.08917197452229299	0.0	0.0	0.028811524609843937	0.07344632768361582	0.0	0.0	0.012477718360071301	0.0	0.0	0.0	0.08602150537634409	0.0	0.05161290322580645	0.0	0.0	0.0	0.0	0.0	0.0	0.0	0.0	0.0	0.0	0.0	0.0	0.0	0.04590818363273453	0.02717391304347826	0.0	0.0	0.0	0.0	0.016181229773462782	0.0	0.024271844660194174	0.11764705882352941	0.026737967914438502	0.018518518518518517	0.015909090909090907	0.04371584699453552	0.026737967914438502	0.04	0.026737967914438502	0.026737967914438502	0.018518518518518517	0.0	0.03968253968253968	0.0	0.0	0.0	0.053691275167785234	0.31333333333333335	0.0	0.0427807486631016	0.0	0.09271523178807947	0.022151898734177215	0.03184713375796178	0.03184713375796178	0.022151898734177215	0.03184713375796178	0.05161290322580645	0.022151898734177215	0.03184713375796178	0.0	0.0	0.0	0.05533596837944664	0.0	0.08333333333333333	0.0889487870619946	0.0	0.144	0.0	0.0	0.0	0.0	0.0	0.06611570247933884	0.0326530612244898	0.0	0.0	0.0	0.0	0.0	0.0	0.0	0.0	0.0	0.0	0.0	0.0	0.0	0.0	0.0	0.0881567230632235	0.21518987341772153	0.0	0.0	0.0	0.04126984126984127	0.04100946372239748	0.0	0.064	0.031185031185031187	0.0	0.02869757174392936	0.0	0.0	0.0	0.0	0.0	0.05179282868525897	0.02901178603807797	0.06763285024154589	0.0	0.11702127659574468	0.0	0.0	0.0	0.027210884353741496	0.02766798418972332	0.027246848312322082	0.0	0.0	0.0	0.026737967914438502	0.018518518518518517	0.06920415224913495	0.017921146953405017	0.012367491166077738	0.0	0.0	0.0	0.0	0.0	0.0	0.0	0.0	0.0	0.06521739130434782	0.0	0.03968253968253968	0.0	0.033663366336633666	0.07096774193548387	0.064	0.0	0.0	0.0	0.0	0.0	0.0	0.11764705882352941	0.0	0.12629070691024621	0.0	0.18072289156626506	0.0	0.02717391304347826	0.0	0.0	0.0	0.0	0.036065573770491806	0.0	0.0	0.0	0.11688311688311688	0.14186851211072665	0.24468085106382978	0.0782122905027933	0.06451612903225806	0.03969465648854962	0.016181229773462782	0.016181229773462782	0.012334801762114538	0.022935779816513763	0.04225352112676056	0.0	0.022935779816513763	0.036069651741293535	0.016611295681063124
0.0	0.0	0.0	0.0	0.0	0.744	0.3333333333333333	1.0	0.49206349206349204	0.009836065573770493	0.168	0.0	0.0	0.0	0.0	0.0028169014084507044	0.0	0.0	0.0	0.0	0.0	0.0	0.06719367588932806	0.0	0.0	0.0	0.0	0.05027932960893855	0.0	0.009836065573770493	0.0	0.0	0.0	0.0	0.0	0.0	0.012244897959183673	0.05027932960893855	0.0	0.0	0.0	0.015873015873015872	0.0	0.6097560975609756	0.49206349206349204	0.3155080213903743	0.18459069020866772	0.2077922077922078	0.3320079522862823	0.1318242343541944	0.004965243296921549	0.08366711170449488	0.11651469098277609	0.10031847133757962	0.3155080213903743	0.0	0.0	0.0	0.0	0.0	0.0	0.49206349206349204	0.12195121951219512	0.2315112540192926	0.0	0.0	0.0	0.003963011889035667	0.0045871559633027525	0.0	0.0	0.0	0.0	0.0	0.0	0.0	0.0	0.0	0.0	0.0	0.0	0.0	0.0	0.0	0.0	0.038873239436619716	0.0	0.0	0.0	0.0	0.0	0.005291005291005291	0.0	0.0	0.019178082191780823	0.08	0.0	0.0	0.0	0.0	0.0	0.06382978723404255	0.0	0.0	0.0	0.009836065573770493	0.036734693877551024	0.0	0.047244094488188976	0.10756972111553785	0.0	0.0	0.019581664441477527	0.0859106529209622	0.0	0.0	0.012048192771084338	0.0	0.0	0.0	0.12195121951219512	0.0	0.06072874493927125	0.0	0.0	0.0	0.0	0.0	0.0	0.0	0.0	0.0	0.0	0.0	0.0	0.0	0.0365296803652968	0.009836065573770493	0.0	0.0	0.0	0.0	0.005405405405405406	0.0	0.008595988538681949	0.15428571428571428	0.028938906752411574	0.01904761904761905	0.015915119363395226	0.04950495049504951	0.028938906752411574	0.0481283422459893	0.028938906752411574	0.028938906752411574	0.01904761904761905	0.0	0.047619047619047616	0.0	0.0	0.0	0.02127659574468085	0.012658227848101266	0.0	0.04823151125401929	0.0	0.11297071129707113	0.023715415019762844	0.035856573705179286	0.035856573705179286	0.023715415019762844	0.035856573705179286	0.06072874493927125	0.023715415019762844	0.035856573705179286	0.0	0.0	0.0	0.060948081264108354	0.0	0.06775067750677506	0.09090909090909091	0.0	0.18716577540106952	0.0	0.0	0.0	0.0	0.0	0.027932960893854747	0.0351288056206089	0.0	0.0	0.0	0.0	0.0	0.0	0.0	0.0	0.0	0.0	0.0	0.0	0.0	0.0	0.0	0.09127382146439318	0.3473684210526316	0.0	0.0	0.0	0.047619047619047616	0.047244094488188976	0.0	0.08021390374331551	0.03349282296650718	0.0	0.0170316301703163	0.0	0.0	0.0	0.0	0.0	0.06382978723404255	0.01023541453428864	0.02564102564102564	0.0	0.168	0.0	0.0	0.0	0.029556650246305417	0.031578947368421054	0.0095151789759855	0.0	0.0	0.0	0.028938906752411574	0.01904761904761905	0.0620782726045884	0.006060606060606061	0.003976143141153081	0.0	0.0	0.0	0.0	0.0	0.0	0.0	0.0	0.0	0.05930470347648262	0.0	0.047619047619047616	0.0	0.0395778364116095	0.08502024291497975	0.08021390374331551	0.0	0.0	0.0	0.0	0.0	0.0	0.05142857142857143	0.0	0.004965243296921549	0.0	0.1827956989247312	0.0	0.009836065573770493	0.0	0.0	0.0	0.0	0.012797074954296161	0.0	0.0	0.0	0.06938775510204082	0.13630229419703105	0.36	0.030508474576271188	0.02702702702702703	0.04222972972972973	0.005405405405405406	0.005405405405405406	0.003964321110009911	0.00804289544235925	0.03225806451612903	0.0	0.00804289544235925	0.032388663967611336	0.016697588126159554
0.0	0.0	0.0	0.0	0.0	0.744	0.3333333333333333	0.49206349206349204	1.0	0.009836065573770493	0.168	0.0	0.0	0.0	0.0	0.0028169014084507044	0.0	0.0	0.0	0.0	0.0	0.0	0.06719367588932806	0.0	0.0	0.0	0.0	0.05027932960893855	0.0	0.009836065573770493	0.0	0.0	0.0	0.0	0.0	0.0	0.012244897959183673	0.05027932960893855	0.0	0.0	0.0	0.015873015873015872	0.0	0.6097560975609756	0.49206349206349204	0.3155080213903743	0.18459069020866772	0.2077922077922078	0.3320079522862823	0.1318242343541944	0.004965243296921549	0.08366711170449488	0.11651469098277609	0.10031847133757962	0.3155080213903743	0.0	0.0	0.0	0.0	0.0	0.0	0.49206349206349204	0.12195121951219512	0.2315112540192926	0.0	0.0	0.0	0.003963011889035667	0.0045871559633027525	0.0	0.0	0.0	0.0	0.0	0.0	0.0	0.0	0.0	0.0	0.0	0.0	0.0	0.0	0.0	0.0	0.038873239436619716	0.0	0.0	0.0	0.0	0.0	0.005291005291005291	0.0	0.0	0.019178082191780823	0.08	0.0	0.0	0.0	0.0	0.0	0.06382978723404255	0.0	0.0	0.0	0.009836065573770493	0.036734693877551024	0.0	0.047244094488188976	0.10756972111553785	0.0	0.0	0.019581664441477527	0.0859106529209622	0.0	0.0	0.012048192771084338	0.0	0.0	0.0	0.12195121951219512	0.0	0.06072874493927125	0.0	0.0	0.0	0.0	0.0	0.0	0.0	0.0	0.0	0.0	0.0	0.0	0.0	0.0365296803652968	0.009836065573770493	0.0	0.0	0.0	0.0	0.005405405405405406	0.0	0.008595988538681949	0.15428571428571428	0.028938906752411574	0.01904761904761905	0.015915119363395226	0.04950495049504951	0.028938906752411574	0.0481283422459893	0.028938906752411574	0.028938906752411574	0.01904761904761905	0.0	0.047619047619047616	0.0	0.0	0.0	0.02127659574468085	0.012658227848101266	0.0	0.04823151125401929	0.0	0.11297071129707113	0.023715415019762844	0.035856573705179286	0.035856573705179286	0.023715415019762844	0.035856573705179286	0.06072874493927125	0.023715415019762844	0.035856573705179286	0.0	0.0	0.0	0.060948081264108354	0.0	0.06775067750677506	0.09090909090909091	0.0	0.18716577540106952	0.0	0.0	0.0	0.0	0.0	0.027932960893854747	0.0351288056206089	0.0	0.0	0.0	0.0	0.0	0.0	0.0	0.0	0.0	0.0	0.0	0.0	0.0	0.0	0.0	0.09127382146439318	0.3473684210526316	0.0	0.0	0.0	0.047619047619047616	0.047244094488188976	0.0	0.08021390374331551	0.03349282296650718	0.0	0.0170316301703163	0.0	0.0	0.0	0.0	0.0	0.06382978723404255	0.01023541453428864	0.02564102564102564	0.0	0.168	0.0	0.0	0.0	0.029556650246305417	0.031578947368421054	0.0095151789759855	0.0	0.0	0.0	0.028938906752411574	0.01904761904761905	0.0620782726045884	0.006060606060606061	0.003976143141153081	0.0	0.0	0.0	0.0	0.0	0.0	0.0	0.0	0.0	0.05930470347648262	0.0	0.047619047619047616	0.0	0.0395778364116095	0.08502024291497975	0.08021390374331551	0.0	0.0	0.0	0.0	0.0	0.0	0.05142857142857143	0.0	0.004965243296921549	0.0	0.1827956989247312	0.0	0.009836065573770493	0.0	0.0	0.0	0.0	0.012797074954296161	0.0	0.0	0.0	0.06938775510204082	0.13630229419703105	0.36	0.030508474576271188	0.02702702702702703	0.04222972972972973	0.005405405405405406	0.005405405405405406	0.003964321110009911	0.00804289544235925	0.03225806451612903	0.0	0.00804289544235925	0.032388663967611336	0.016697588126159554
0.0343558282208589	0.0	0.0	0.0	0.0	0.013157894736842105	0.02717391304347826	0.009836065573770493	0.009836065573770493	1.0	0.6570397111913358	0.03232323232323232	0.0	0.0	0.0	0.010839020473705338	0.0	0.0	0.0	0.0	0.0	0.0	0.009259259259259259	0.0	0.0	0.0	0.0	0.027932960893854747	0.0	0.024793388429752067	0.0	0.0	0.0	0.0	0.0	0.0	0.02830188679245283	0.08379888268156424	0.0	0.0	0.0	0.005385996409335727	0.0	0.019867549668874173	0.009836065573770493	0.01639344262295082	0.039755351681957186	0.026694045174537988	0.012775842044134728	0.0063119927862939585	0.01567034242600116	0.08639892001349983	0.10037174721189591	0.012391573729863693	0.01639344262295082	0.0	0.0	0.0	0.0	0.0	0.0	0.009836065573770493	0.019867549668874173	0.018367346938775512	0.0	0.0	0.0	0.013452914798206279	0.014634146341463415	0.0	0.0	0.0	0.0	0.0	0.0	0.0	0.0	0.0	0.0	0.0	0.0	0.08	0.05555555555555555	0.04419889502762431	0.03285420944558522	0.014050582095543959	0.0	0.0	0.0	0.0	0.0	0.01615798922800718	0.0	0.0	0.04411764705882353	0.025036818851251842	0.0	0.0	0.0	0.0	0.0	0.013623978201634877	0.0	0.0	0.0	0.024793388429752067	0.009433962264150943	0.0	0.006928406466512702	0.013953488372093023	0.0	0.0	0.08639892001349983	0.05531914893617021	0.0	0.0	0.004431314623338257	0.0	0.0	0.0	0.019867549668874173	0.0	0.014084507042253521	0.0	0.0	0.0	0.0	0.0	0.052980132450331126	0.052980132450331126	0.0	0.0	0.0	0.0	0.0	0.0	0.08265802269043761	0.024793388429752067	0.0	0.0	0.0	0.0	0.01634877384196185	0.0	0.022727272727272728	0.02824858757062147	0.00816326530612245	0.006072874493927126	0.00539568345323741	0.012448132780082987	0.00816326530612245	0.01092896174863388	0.00816326530612245	0.00816326530612245	0.006072874493927126	0.0	0.010869565217391304	0.0	0.0	0.0	0.043478260869565216	0.028846153846153848	0.0	0.012244897959183673	0.0	0.023923444976076555	0.006944444444444444	0.009302325581395349	0.009302325581395349	0.006944444444444444	0.009302325581395349	0.014084507042253521	0.006944444444444444	0.009302325581395349	0.0	0.0	0.0	0.00964630225080386	0.0	0.043795620437956206	0.03490759753593429	0.0	0.01639344262295082	0.0	0.0	0.0	0.0	0.0	0.05027932960893855	0.009900990099009901	0.0	0.0	0.0	0.0	0.0	0.0	0.0	0.0	0.0	0.0	0.0	0.0	0.0	0.0	0.0	0.014022140221402213	0.12408759124087591	0.0	0.0	0.0	0.01160092807424594	0.006928406466512702	0.0	0.01639344262295082	0.018425460636515914	0.0	0.020741671904462602	0.0	0.0	0.0	0.0	0.0	0.013623978201634877	0.1348314606741573	0.18490566037735848	0.0	0.013157894736842105	0.0	0.0	0.0	0.020682523267838676	0.008130081300813009	0.12966130687649674	0.0	0.0	0.0	0.00816326530612245	0.006072874493927126	0.12010919017288443	0.017804154302670624	0.013196480938416423	0.0	0.0	0.0	0.0	0.0	0.0	0.0	0.0	0.0	0.023952095808383235	0.0	0.010869565217391304	0.0	0.009497964721845319	0.018779342723004695	0.01639344262295082	0.0	0.0	0.0	0.0	0.0	0.0	0.0847457627118644	0.0	0.01567034242600116	0.0	0.052054794520547946	0.0	0.024793388429752067	0.0	0.0	0.0	0.0	0.1322314049586777	0.0	0.0	0.0	0.03773584905660377	0.12829845313921748	0.013157894736842105	0.22362869198312235	0.04945054945054945	0.03372243839169909	0.01634877384196185	0.01634877384196185	0.013167520117044623	0.021739130434782608	0.024469820554649267	0.0	0.021739130434782608	0.02282608695652174	0.013927576601671309
0.024858757062146894	0.0	0.0	0.0	0.0	0.25133689839572193	0.1552511415525114	0.168	0.168	0.6570397111913358	1.0	0.01988527724665392	0.0	0.0	0.0	0.006856730422230242	0.0	0.0	0.0	0.0	0.0	0.0	0.035856573705179286	0.0	0.0	0.0	0.0	0.02336448598130841	0.0	0.018050541516245487	0.0	0.0	0.0	0.0	0.0	0.0	0.020242914979757085	0.06542056074766354	0.0	0.0	0.0	0.011164274322169059	0.0	0.20430107526881722	0.168	0.13761467889908258	0.12221231043710973	0.12746858168761221	0.16883116883116883	0.08086469175340272	0.009485771342985522	0.11100832562442182	0.13804713804713806	0.07753705815279362	0.13761467889908258	0.0	0.0	0.0	0.0	0.0	0.0	0.168	0.043010752688172046	0.13035714285714287	0.0	0.0	0.0	0.008764940239043825	0.010218978102189781	0.0	0.0	0.0	0.0	0.0	0.0	0.0	0.0	0.0	0.0	0.0	0.0	0.05238095238095238	0.03255813953488372	0.023148148148148147	0.017953321364452424	0.029953085528690002	0.0	0.0	0.0	0.0	0.0	0.011164274322169059	0.0	0.0	0.035830618892508145	0.06542056074766354	0.0	0.0	0.0	0.0	0.0	0.029748283752860413	0.0	0.0	0.0	0.018050541516245487	0.020242914979757085	0.0	0.02584493041749503	0.056	0.0	0.0	0.0666049953746531	0.04814814814814815	0.0	0.0	0.009370816599732263	0.0	0.0	0.0	0.043010752688172046	0.0	0.03225806451612903	0.0	0.0	0.0	0.0	0.0	0.026881720430107527	0.026881720430107527	0.0	0.0	0.0	0.0	0.0	0.0	0.06841339155749636	0.018050541516245487	0.0	0.0	0.0	0.0	0.012437810945273632	0.0	0.016722408026755852	0.0660377358490566	0.017857142857142856	0.012411347517730497	0.011182108626198083	0.028985507246376812	0.017857142857142856	0.022935779816513763	0.017857142857142856	0.017857142857142856	0.012411347517730497	0.0	0.0228310502283105	0.0	0.0	0.0	0.03305785123966942	0.0205761316872428	0.0	0.02857142857142857	0.0	0.05737704918032787	0.013944223107569721	0.02	0.02	0.013944223107569721	0.02	0.03225806451612903	0.013944223107569721	0.02	0.0	0.0	0.0	0.04046242774566474	0.0	0.05825242718446602	0.059245960502693	0.0	0.08256880733944955	0.0	0.0	0.0	0.0	0.0	0.037383177570093455	0.023668639053254437	0.0	0.0	0.0	0.0	0.0	0.0	0.0	0.0	0.0	0.0	0.0	0.0	0.0	0.0	0.0	0.06622073578595318	0.09883720930232558	0.0	0.0	0.0	0.02594810379241517	0.02584493041749503	0.0	0.03669724770642202	0.022488755622188907	0.0	0.022530329289428077	0.0	0.0	0.0	0.0	0.0	0.029748283752860413	0.10033898305084746	0.13666666666666666	0.0	0.058823529411764705	0.0	0.0	0.0	0.018066847335140017	0.015945330296127564	0.09834530128004995	0.0	0.0	0.0	0.017857142857142856	0.012411347517730497	0.10976594027441484	0.013440860215053764	0.009308510638297872	0.0	0.0	0.0	0.0	0.0	0.0	0.0	0.0	0.0	0.04878048780487805	0.0	0.0228310502283105	0.0	0.019384264538198404	0.04435483870967742	0.03669724770642202	0.0	0.0	0.0	0.0	0.0	0.0	0.0660377358490566	0.0	0.009485771342985522	0.0	0.10344827586206896	0.0	0.018050541516245487	0.0	0.0	0.0	0.0	0.10050251256281408	0.0	0.0	0.0	0.048582995951417005	0.1606133979015335	0.12299465240641712	0.16544117647058823	0.03686635944700461	0.030915576694411414	0.012437810945273632	0.012437810945273632	0.0092899800928998	0.01607717041800643	0.03074670571010249	0.0	0.01607717041800643	0.029292929292929294	0.012690355329949238
0.08925725215173733	0.0	0.0	0.0	0.0	0.0	0.0	0.0	0.0	0.03232323232323232	0.01988527724665392	1.0	0.38162307176391685	0.034394904458598725	0.051252408477842	0.0	0.041178845377472746	0.0	0.008888888888888889	0.0	0.0	0.0	0.0	0.09257375381485249	0.0	0.0	0.0	0.0	0.028750460744563215	0.0	0.0	0.06394172399838122	0.04334085778781038	0.07465525439847837	0.3842424242424242	0.03258569614896318	0.04628450106157112	0.0	0.04353393085787452	0.0	0.09217774513404334	0.0	0.0	0.0	0.0	0.0	0.0	0.0	0.0	0.0	0.0	0.0066923205621549275	0.005610098176718092	0.0	0.0	0.0	0.0	0.03317737133134836	0.04332129963898917	0.0	0.032214765100671144	0.0	0.0	0.0	0.03114534494306765	0.17209302325581396	0.0	0.0	0.0	0.0	0.010895310279488394	0.046948356807511735	0.03428801936264623	0.0	0.048380483804838045	0.0	0.0	0.0	0.0	0.03010420686993439	0.0	0.050747621205256006	0.03771890435563539	0.007171671896010758	0.006449012494961709	0.019255222524977293	0.0795959595959596	0.0	0.0348681269557443	0.05263157894736842	0.05602579604997985	0.0	0.0	0.04784462340123164	0.0	0.0	0.07025176520932887	0.06038647342995169	0.0	0.014486578610992756	0.0	0.0	0.0	0.1618828932261768	0.05687777329568374	0.0	0.0	0.03135048231511254	0.0	0.0	0.0	0.0	0.0066923205621549275	0.031875766244380876	0.0	0.0	0.031108004194337645	0.0	0.0	0.0	0.0	0.06841901816776189	0.0	0.08471001757469244	0.0	0.013833110218652387	0.0	0.013833110218652387	0.007579346281383231	0.007579346281383231	0.0	0.0	0.02550779404818139	0.0	0.0	0.0	0.004377964246625319	0.0	0.0	0.0	0.0	0.0	0.0	0.07481898632341111	0.0	0.0	0.0	0.0	0.0	0.0	0.0	0.0	0.0	0.0	0.0	0.04107485604606526	0.0	0.0	0.0	0.0	0.0	0.0	0.0	0.0	0.0	0.0	0.0	0.0	0.0	0.0	0.0	0.0	0.0	0.0	0.0	0.0	0.04043987229514012	0.0	0.05682257441051411	0.0	0.007658202337767029	0.34138037759207673	0.0	0.04576043068640646	0.017303822937625755	0.0	0.05327313769751693	0.01113490364025696	0.0	0.0	0.0267515923566879	0.04565656565656566	0.027647809442790303	0.01409731696225557	0.04023718763235917	0.06731156791616284	0.06731156791616284	0.0	0.0	0.0	0.0	0.0	0.0	0.008501118568232663	0.06291739894551845	0.0	0.0	0.0	0.0	0.008478357875948238	0.0	0.0	0.022520364159080018	0.0	0.06997408367271381	0.021295876755777075	0.010006455777921239	0.17139788246125517	0.0	0.009590556990040576	0.008932559178204555	0.0	0.0	0.011259676284306826	0.009349435138293729	0.0	0.0	0.021872601688411358	0.01923937360178971	0.033460398136382886	0.03152789005658852	0.0	0.04076132726966481	0.0	0.0	0.0	0.0	0.0	0.02916346891788181	0.0	0.0	0.0	0.0	0.0	0.0	0.0	0.0	0.0	0.0	0.033233915636983385	0.0	0.17209302325581396	0.0	0.05633321952884943	0.0	0.0	0.0	0.0	0.0	0.0	0.0	0.0289738430583501	0.0	0.0	0.02040816326530612	0.0	0.07187157971543233	0.0	0.01923937360178971	0.0	0.032662192393736016	0.04387504387504387	0.04633378317588844	0.0	0.010814464346062858	0.009341825902335456	0.0	0.0	0.0	0.00920951650038373	0.0	0.016293279022403257	0.0	0.06395539521154477	0.0	0.0	0.0	0.0	0.0	0.0	0.0	0.023304451747833882	0.05368671423717295
0.06364061768834815	0.0	0.0	0.0	0.0	0.0	0.0	0.0	0.0	0.0	0.0	0.38162307176391685	1.0	0.07749077490774908	0.09090909090909091	0.0	0.052809749492213946	0.0	0.009491525423728813	0.0	0.0	0.0	0.0	0.10210364289379169	0.0	0.0	0.0	0.0	0.03152364273204904	0.0	0.0	0.06662134602311352	0.04938271604938271	0.13508612873980055	0.44677966101694916	0.05062362435803375	0.07453874538745388	0.0	0.058078927773641105	0.0	0.1735345327916425	0.0	0.0	0.0	0.0	0.0	0.0	0.0	0.0	0.0	0.0	0.0	0.0	0.0	0.0	0.0	0.0	0.03997039230199852	0.05758582502768549	0.0	0.029149797570850202	0.0	0.0	0.0	0.06696878147029205	0.09010989010989011	0.0	0.0	0.0	0.0	0.05310531053105311	0.06403574087862993	0.052062204192021636	0.0	0.06532314107018763	0.0	0.0	0.0	0.0	0.0339409176618479	0.0	0.029826014913007456	0.019559902200488997	0.0	0.0	0.025677603423680456	0.06305084745762712	0.0	0.043654001616814875	0.08912510220768602	0.08845374746792707	0.0	0.0	0.08370837083708371	0.0	0.0	0.04879752519708612	0.06064690026954178	0.0	0.019302152932442463	0.0	0.0	0.0	0.08617482951022938	0.0872210953346856	0.0	0.0	0.036290322580645164	0.0	0.0	0.0	0.0	0.0	0.03731859018659295	0.0	0.0	0.03922622246104245	0.0	0.0	0.0	0.0	0.1695022054190296	0.0	0.17398373983739837	0.0	0.018533440773569703	0.0	0.018533440773569703	0.0	0.0	0.0	0.0	0.01611459265890779	0.0	0.0	0.0	0.0	0.0	0.0	0.0	0.0	0.0	0.0	0.17900403768506057	0.0	0.0	0.0	0.0	0.0	0.0	0.0	0.0	0.0	0.0	0.0	0.08161993769470405	0.0	0.0	0.0	0.0	0.0	0.0	0.0	0.0	0.0	0.0	0.0	0.0	0.0	0.0	0.0	0.0	0.0	0.0	0.0	0.0	0.04947773501924134	0.0	0.08254568367989919	0.0	0.015530047265361242	0.24518153294486777	0.0	0.05370219690805533	0.026262626262626262	0.0	0.07736625514403292	0.01348314606741573	0.0	0.0	0.04944649446494465	0.0928813559322034	0.07179866765358993	0.029190992493744787	0.055106539309331376	0.06684672518568535	0.06684672518568535	0.0	0.0	0.0	0.0	0.0	0.0	0.01862348178137652	0.14688346883468834	0.0	0.0	0.0	0.0	0.018533440773569703	0.0	0.0	0.12051517939282429	0.0	0.16519694297472076	0.04225352112676056	0.016682554814108675	0.11799867168474651	0.0	0.010520163646990065	0.00645682001614205	0.0	0.0	0.0	0.0	0.0	0.0	0.03549190535491906	0.02186234817813765	0.07567964731814843	0.036635006784260515	0.0	0.03708407416814834	0.0	0.0	0.0	0.0	0.0	0.0273972602739726	0.0	0.0	0.0	0.0	0.0	0.0	0.0	0.0	0.0	0.0	0.0400890868596882	0.0	0.09010989010989011	0.0	0.05650596163815448	0.0	0.0	0.0	0.0	0.0	0.0	0.0	0.024242424242424242	0.0	0.0	0.039140445126630855	0.0	0.14072372199885125	0.0	0.02186234817813765	0.0	0.05263157894736842	0.07409410492157924	0.0973017170891251	0.0	0.0	0.010332103321033211	0.0	0.0	0.0	0.0	0.0	0.0	0.0	0.14006832601268912	0.0	0.0	0.0	0.0	0.0	0.0	0.0	0.023008095440988495	0.050437467833247554
0.0	0.0	0.0	0.0	0.0	0.0	0.0	0.0	0.0	0.0	0.0	0.034394904458598725	0.07749077490774908	1.0	0.11983471074380166	0.0	0.0	0.0	0.0	0.0	0.0	0.0	0.0	0.0453857791225416	0.0	0.0	0.03305785123966942	0.0	0.0	0.0	0.03305785123966942	0.0	0.0	0.31092436974789917	0.07547169811320754	0.09239130434782608	0.13736263736263737	0.0	0.0	0.0	0.08029197080291971	0.0	0.0	0.0	0.0	0.0	0.0	0.0	0.0	0.0	0.0	0.0	0.0	0.0	0.0	0.0	0.0	0.0	0.0	0.0	0.0	0.0	0.0	0.0	0.09713024282560706	0.018970189701897018	0.0	0.0	0.0	0.0	0.2396694214876033	0.0	0.29577464788732394	0.0	0.0	0.0	0.0	0.05042016806722689	0.03305785123966942	0.0	0.0	0.0	0.0	0.0	0.0	0.03909373611728121	0.018867924528301886	0.0	0.0	0.18120805369127516	0.07728337236533958	0.0	0.0	0.19008264462809918	0.0	0.0	0.0	0.0	0.0	0.0	0.0	0.0	0.0	0.014198782961460446	0.3286384976525822	0.0	0.0	0.0	0.0	0.0	0.0	0.0	0.0	0.0	0.0	0.0	0.04700162074554295	0.0	0.0	0.0	0.0	0.075	0.0	0.277504105090312	0.0	0.026058631921824105	0.0	0.026058631921824105	0.0	0.0	0.0	0.0	0.0	0.0	0.0	0.0	0.0	0.0	0.0	0.0	0.0	0.0	0.0	0.09662398137369034	0.0	0.0	0.0	0.0	0.0	0.0	0.0	0.0	0.0	0.0	0.0	0.3128834355828221	0.0	0.0	0.0	0.0	0.0	0.0	0.0	0.0	0.0	0.0	0.0	0.0	0.0	0.0	0.0	0.0	0.0	0.0	0.0	0.0	0.0	0.0	0.1125	0.0	0.01873536299765808	0.032418952618453865	0.0	0.0	0.018648018648018648	0.0	0.0	0.0	0.0	0.0	0.038461538461538464	0.16037735849056603	0.1270718232044199	0.04895104895104895	0.01907356948228883	0.01639344262295082	0.01639344262295082	0.0	0.0	0.0	0.0	0.0	0.0	0.02631578947368421	0.047619047619047616	0.0	0.0	0.0	0.0	0.026058631921824105	0.0	0.0	0.26956521739130435	0.0	0.0633147113594041	0.07586206896551724	0.019034670292318152	0.02421084891204413	0.0	0.0	0.0	0.0	0.0	0.0	0.0	0.0	0.0	0.05311542390194075	0.03289473684210526	0.13896457765667575	0.0	0.0	0.05367126351099515	0.0	0.0	0.0	0.0	0.0	0.043922369765066395	0.0	0.0	0.0	0.0	0.0	0.0	0.0	0.0	0.0	0.0	0.0	0.0	0.018970189701897018	0.0	0.03686635944700461	0.0	0.0	0.0	0.05042016806722689	0.0	0.0	0.0	0.0	0.0	0.0	0.1242603550295858	0.0	0.09515260323159784	0.0	0.03289473684210526	0.0	0.10526315789473684	0.16366612111292964	0.12751677852348994	0.0	0.0	0.0	0.0	0.0	0.0	0.0	0.0	0.0	0.0	0.05063291139240506	0.0	0.0	0.0	0.0	0.0	0.0	0.0	0.0	0.0
0.0	0.0	0.0	0.0	0.0	0.0	0.0	0.0	0.0	0.0	0.0	0.051252408477842	0.09090909090909091	0.11983471074380166	1.0	0.0	0.0	0.0	0.0	0.0	0.0	0.0	0.0	0.06658130601792574	0.0	0.0	0.0	0.0	0.0	0.0	0.0	0.033210332103321034	0.07246376811594203	0.1340782122905028	0.11029411764705882	0.06557377049180328	0.08264462809917356	0.0	0.0	0.0	0.2245508982035928	0.0	0.0	0.0	0.0	0.0	0.0	0.0	0.0	0.0	0.0	0.0	0.0	0.0	0.0	0.0	0.0	0.0	0.0	0.0	0.04245283018867924	0.0	0.0	0.0	0.0900562851782364	0.034764826175869123	0.0	0.0	0.0	0.0	0.12154696132596685	0.0	0.06593406593406594	0.0	0.0	0.0	0.0	0.0	0.0	0.0	0.0	0.04390243902439024	0.02857142857142857	0.0	0.0	0.03808128890516294	0.03308823529411765	0.0	0.0	0.10526315789473684	0.06398537477148081	0.0	0.0	0.09944751381215469	0.0	0.0	0.01994570990204178	0.032816773017319965	0.0	0.0	0.0	0.0	0.0	0.02773246329526917	0.27472527472527475	0.0	0.0	0.0	0.0	0.0	0.0	0.0	0.0	0.0	0.0	0.0	0.04206241519674356	0.0	0.0	0.0	0.0	0.11	0.0	0.09190672153635117	0.0	0.04215456674473068	0.0	0.04215456674473068	0.0	0.0	0.0	0.0	0.024657534246575342	0.0	0.0	0.0	0.0	0.0	0.0	0.0	0.0	0.0	0.0	0.09736123748862602	0.0	0.0	0.0	0.0	0.0	0.0	0.0	0.0	0.0	0.0	0.0	0.11001642036124795	0.0	0.0	0.0	0.0	0.0	0.0	0.0	0.0	0.0	0.0	0.0	0.0	0.0	0.0	0.0	0.0	0.0	0.0	0.0	0.0	0.0	0.0	0.07333333333333333	0.0	0.03290676416819013	0.05639913232104121	0.0	0.07838479809976247	0.03278688524590164	0.0	0.0	0.0	0.0	0.0	0.049586776859504134	0.13602941176470587	0.37344398340248963	0.11822660098522167	0.055441478439425054	0.04936014625228519	0.04936014625228519	0.0	0.0	0.0	0.0	0.0	0.0	0.07075471698113207	0.08367626886145405	0.0	0.0	0.0	0.0	0.0702576112412178	0.0	0.0	0.22857142857142856	0.0	0.0791476407914764	0.07804878048780488	0.028053769725306838	0.040876302431204915	0.0	0.0	0.009389671361502348	0.0	0.0	0.0	0.0	0.0	0.0	0.10500410172272355	0.04716981132075472	0.12525667351129363	0.0	0.0	0.04046791021182422	0.0	0.0	0.0	0.0	0.0	0.04183757178014766	0.0	0.0	0.0	0.0	0.0	0.0	0.0	0.0	0.0	0.0	0.0	0.0	0.034764826175869123	0.0	0.023346303501945526	0.0	0.0	0.0	0.0	0.0	0.0	0.0	0.03278688524590164	0.0	0.0	0.06986899563318777	0.0	0.12259970457902511	0.0	0.04716981132075472	0.0	0.07075471698113207	0.1012311901504788	0.23444976076555024	0.0	0.0	0.0	0.0	0.0	0.0	0.0	0.0	0.0	0.0	0.06498194945848375	0.0	0.0	0.0	0.0	0.0	0.0	0.0	0.0	0.02313624678663239
0.0	0.0	0.0	0.0	0.0	0.005081874647092038	0.009373458312777503	0.0028169014084507044	0.0028169014084507044	0.010839020473705338	0.006856730422230242	0.0	0.0	0.0	0.0	1.0	0.0	0.0	0.0	0.0	0.0	0.0	0.003942181340341655	0.0	0.0	0.0	0.0	0.05686965274282838	0.0	0.06382978723404255	0.0	0.0	0.0	0.0	0.0	0.0	0.011994669035984007	0.0498238550578762	0.0	0.0	0.0	0.0017966223499820337	0.0	0.009642654566080544	0.0028169014084507044	0.008420009905894007	0.02264600715137068	0.05872952457051538	0.006587615283267457	0.0025243418680129825	0.0026338893766461808	0.009948834565093803	0.05331278890600925	0.0050224689399947136	0.008420009905894007	0.0	0.0	0.0	0.0	0.0	0.05967180507210343	0.0028169014084507044	0.009642654566080544	0.011530815109343936	0.0	0.0	0.0835405271009448	0.2933572710951526	0.554228855721393	0.0	0.0	0.0	0.0	0.0713224368499257	0.018189334435717238	0.0	0.0	0.0	0.0	0.0	0.0	0.0	0.0	0.0	0.0	0.004596191726854892	0.0	0.0	0.0	0.0	0.0	0.0053898670499461015	0.0	0.0	0.18564628341266934	0.09018648731274839	0.0	0.0	0.025186033199771037	0.0	0.0	0.006426099851705388	0.0	0.0	0.0	0.06382978723404255	0.12661039537983118	0.0	0.0021862702229995625	0.0074725274725274725	0.0	0.0	0.009948834565093803	0.03983572895277208	0.0	0.0	0.0015323322096230463	0.025186033199771037	0.008003201280512205	0.008003201280512205	0.009642654566080544	0.0	0.007525453740593183	0.0	0.0	0.0	0.0	0.0	0.0	0.0	0.0	0.0	0.0	0.0	0.0	0.0	0.032748924909030766	0.45403452428743474	0.0	0.0	0.0	0.0	0.007734173589229447	0.0	0.010123734533183352	0.0167427701674277	0.0035785288270377734	0.0019755037534571317	0.0017992083483267362	0.00684655658477648	0.0035785288270377734	0.004457652303120356	0.0035785288270377734	0.0035785288270377734	0.0019755037534571317	0.0	0.004440059200789344	0.019176987614862164	0.044314868804664724	0.02205513784461153	0.11895070104025328	0.01216764308246958	0.0	0.006759443339960238	0.0	0.014818140996856757	0.002190100744634253	0.003956043956043956	0.003956043956043956	0.002190100744634253	0.003956043956043956	0.007525453740593183	0.002190100744634253	0.003956043956043956	0.0	0.0	0.0	0.00558659217877095	0.0	0.02730251183108846	0.018777467039552537	0.0	0.008420009905894007	0.0	0.0	0.0	0.0	0.0	0.025666834423754403	0.005706612957368244	0.0	0.0	0.0	0.0	0.0	0.0	0.0	0.0	0.0	0.0	0.0	0.0	0.0	0.0	0.0	0.005206738131699847	0.07813446396123562	0.0	0.0	0.0	0.005704256252742431	0.0021862702229995625	0.0	0.008420009905894007	0.012572205232755691	0.0	0.012041744715012041	0.0	0.01588201928530913	0.0	0.0	0.0	0.006426099851705388	0.01581395348837209	0.11626168224299066	0.025186033199771037	0.005081874647092038	0.0	0.0	0.0	0.061470470068300524	0.002461841457410143	0.015526164462334674	0.0	0.0	0.0	0.0035785288270377734	0.0019755037534571317	0.012713403559752997	0.008305136880959704	0.004568991775814804	0.0	0.0	0.0	0.0	0.0	0.0	0.0	0.0	0.0	0.013325069724202046	0.0	0.004440059200789344	0.0	0.0034499753573188764	0.011066843736166445	0.008420009905894007	0.0	0.0	0.0	0.0	0.011150935882118677	0.0	0.0502283105022831	0.0	0.0026338893766461808	0.0	0.02729528535980149	0.0	0.18426334805299077	0.0	0.0	0.0	0.0	0.02168256721595837	0.0	0.0	0.0	0.019102621057307864	0.01925172539048311	0.005081874647092038	0.04039167686658507	0.02536051715564396	0.02665567463588898	0.007734173589229447	0.007734173589229447	0.004560656734569778	0.009771986970684038	0.012969737279680744	0.0	0.009771986970684038	0.01487603305785124	0.009629413481178874
0.09436274509803921	0.0	0.0	0.0	0.0	0.0	0.0	0.0	0.0	0.0	0.0	0.041178845377472746	0.052809749492213946	0.0	0.0	0.0	1.0	0.0	0.020618556701030927	0.0	0.0	0.0	0.0	0.08310249307479224	0.0	0.0	0.0	0.0	0.059602649006622516	0.0	0.0	0.08281573498964803	0.0	0.0	0.07422680412371134	0.0	0.0	0.0	0.11455847255369929	0.07398568019093078	0.07881773399014778	0.00985663082437276	0.0	0.0	0.0	0.0	0.0	0.0	0.0	0.0	0.0	0.0	0.0	0.0	0.0	0.0	0.0	0.0851063829787234	0.11300765155974102	0.0	0.0	0.0	0.0	0.0	0.0	0.08372093023255814	0.0	0.0	0.0	0.0	0.0	0.12410501193317422	0.0	0.0	0.11991434689507495	0.0	0.0	0.0	0.0	0.06629834254143646	0.0	0.0	0.0	0.0	0.0	0.0	0.09072164948453608	0.0	0.3879781420765027	0.0	0.0	0.0	0.0	0.0	0.0	0.0	0.032995875515560553	0.12972420837589377	0.0	0.03800475059382423	0.0	0.0	0.0	0.07942238267148015	0.0	0.0	0.0	0.07324516785350967	0.0	0.0	0.0	0.0	0.0	0.07643312101910828	0.0	0.0	0.04129793510324484	0.0	0.0	0.0	0.0	0.07393715341959335	0.01639344262295082	0.05373134328358209	0.0	0.0	0.06885245901639345	0.0	0.0	0.0	0.0	0.0	0.0	0.0	0.0	0.0	0.0	0.0	0.0	0.0	0.0	0.0	0.0	0.07339449541284404	0.0	0.10985915492957747	0.04684317718940937	0.03838383838383838	0.03411131059245961	0.06418219461697723	0.054989816700611	0.05722070844686648	0.054989816700611	0.04684317718940937	0.03838383838383838	0.0	0.0	0.0	0.0	0.0	0.0	0.0	0.0	0.014256619144602852	0.022950819672131147	0.021479713603818614	0.012702078521939953	0.013921113689095127	0.013921113689095127	0.012702078521939953	0.013921113689095127	0.01639344262295082	0.012702078521939953	0.013921113689095127	0.036619718309859155	0.0	0.0821917808219178	0.0	0.025878003696857672	0.0	0.0	0.055619930475086905	0.0	0.0	0.022448979591836733	0.055441478439425054	0.15774647887323945	0.02891566265060241	0.0	0.044481054365733116	0.0	0.0	0.0	0.0	0.08411214953271028	0.09836065573770492	0.09836065573770492	0.0891089108910891	0.0891089108910891	0.0	0.0	0.0	0.0	0.0	0.07164179104477612	0.0	0.0	0.0	0.0	0.0	0.0	0.0	0.0	0.0	0.0802675585284281	0.0	0.0	0.040490447676076416	0.0	0.01990049751243781	0.0	0.0	0.0	0.0	0.0	0.0	0.0	0.0	0.0	0.0	0.07430340557275542	0.0	0.0	0.0	0.13043478260869565	0.0	0.04684317718940937	0.03838383838383838	0.0	0.0	0.0	0.0	0.0	0.0	0.0	0.0	0.0	0.0	0.0	0.0855106888361045	0.0	0.08372093023255814	0.0	0.07303370786516854	0.0	0.0	0.0	0.0	0.0	0.0	0.0	0.036734693877551024	0.0	0.0	0.0	0.0	0.04854368932038835	0.0	0.0	0.0	0.0	0.0	0.0	0.0	0.0	0.023529411764705882	0.10743801652892562	0.0	0.021176470588235293	0.0	0.0	0.0	0.0	0.06347150259067358	0.0	0.0	0.0	0.0	0.0	0.0	0.0	0.03908794788273615	0.055632823365785816
0.08175182481751825	0.0	0.13043478260869565	0.0	0.0	0.0	0.0	0.0	0.0	0.0	0.0	0.0	0.0	0.0	0.0	0.0	0.0	1.0	0.14689265536723164	0.0	0.0	0.0	0.0	0.02030456852791878	0.05747126436781609	0.7241379310344828	0.0	0.0	0.02536997885835095	0.0	0.0	0.0	0.0	0.0	0.0	0.0	0.0	0.0	0.3333333333333333	0.0	0.0	0.0	0.07142857142857142	0.0	0.0	0.0	0.0	0.0	0.0	0.0	0.0	0.0	0.0	0.0	0.0	0.2631578947368421	0.2857142857142857	0.1643835616438356	0.1046808510638298	0.2777777777777778	0.0	0.0	0.0	0.0	0.04183757178014766	0.0	0.0	0.0	0.0	0.11409395973154363	0.0	0.0	0.0	0.0	0.0	0.0	0.28205128205128205	0.0	0.0	0.0	0.0	0.0	0.0	0.15517241379310345	0.0	0.0	0.0	0.0	0.0	0.0	0.0	0.0	0.0	0.0	0.0	0.0	0.0	0.0	0.0	0.12413793103448276	0.06976744186046512	0.0	0.2857142857142857	0.0	0.0	0.0	0.0	0.0	0.0	0.0	0.0	0.025210084033613446	0.0	0.0	0.45	0.2857142857142857	0.021937842778793418	0.0	0.0	0.0	0.0	0.0	0.0	0.0	0.0	0.0379746835443038	0.0	0.0379746835443038	0.0	0.0	0.09523809523809523	0.05263157894736842	0.0	0.0	0.0	0.2857142857142857	0.0	0.0	0.2857142857142857	0.1282051282051282	0.0	0.0	0.0	0.0	0.0	0.0	0.0	0.0	0.07042253521126761	0.0	0.08333333333333333	0.0	0.08333333333333333	0.0	0.0	0.0	0.0	0.08403361344537816	0.0	0.0	0.0	0.0	0.0	0.0	0.0	0.0	0.0	0.0	0.0	0.0	0.0	0.0	0.0	0.0	0.0	0.0	0.07604562737642585	0.0	0.0	0.0	0.0	0.0	0.0	0.0	0.0	0.0	0.0	0.0	0.0	0.025210084033613446	0.0	0.0	0.0	0.0	0.0	0.0	0.0	0.0	0.0	0.21348314606741572	0.25	0.2857142857142857	0.0	0.0	0.0	0.0	0.0	0.15789473684210525	0.0	0.0379746835443038	0.0	0.0	0.0	0.0	0.0	0.16363636363636364	0.0	0.0	0.0	0.0847457627118644	0.0423728813559322	0.0	0.0	0.0	0.0	0.0	0.0	0.0	0.042735042735042736	0.0	0.0	0.0	0.0	0.0	0.0	0.0	0.0	0.0	0.0	0.0	0.0	0.0	0.0	0.0	0.0	0.1282051282051282	0.11392405063291139	0.08275862068965517	0.22807017543859648	0.0	0.0	0.0	0.0	0.01549053356282272	0.0	0.0	0.0	0.0	0.0	0.0	0.13513513513513514	0.0	0.0	0.0	0.04477611940298507	0.0	0.0	0.0	0.042735042735042736	0.0	0.05128205128205128	0.0166358595194085	0.0	0.4899328859060403	0.0	0.1360544217687075	0.0	0.06976744186046512	0.0	0.0	0.0	0.0	0.0	0.0	0.0	0.0	0.0	0.0	0.0	0.09523809523809523	0.0	0.0	0.0
0.35460122699386504	0.0	0.0	0.0	0.0	0.0	0.0	0.0	0.0	0.0	0.0	0.008888888888888889	0.009491525423728813	0.0	0.0	0.0	0.020618556701030927	0.14689265536723164	1.0	0.0	0.0	0.0	0.0	0.04160887656033287	0.046052631578947366	0.11049723756906077	0.0	0.0	0.03648424543946932	0.0	0.0	0.04564315352697095	0.0	0.0	0.012396694214876033	0.0	0.0	0.0	0.14832535885167464	0.0	0.01644736842105263	0.0	0.0	0.0	0.0	0.0	0.0	0.0	0.0	0.0	0.0	0.0	0.0	0.0	0.0	0.1452513966480447	0.33557046979865773	0.2132701421800948	0.16224188790560473	0.16058394160583941	0.0	0.0	0.0	0.0	0.0	0.013986013986013986	0.0	0.0	0.0	0.08878504672897196	0.0	0.06220095693779904	0.0	0.0	0.03862660944206009	0.0	0.10989010989010989	0.0	0.0	0.01107011070110701	0.0	0.0	0.0	0.19889502762430938	0.0	0.0	0.07024793388429752	0.0	0.01643835616438356	0.0	0.0	0.0	0.0	0.0	0.0	0.0	0.0050043788314775425	0.012282497441146366	0.0	0.023809523809523808	0.052980132450331126	0.0	0.0	0.0325497287522604	0.0	0.0	0.0	0.012232415902140673	0.0	0.0	0.0	0.026694045174537988	0.0	0.01276595744680851	0.2620689655172414	0.174496644295302	0.059084194977843424	0.0	0.0	0.0	0.0	0.040740740740740744	0.0	0.008968609865470852	0.0	0.0	0.0	0.0	0.0	0.0	0.06711409395973154	0.0446927374301676	0.0	0.0	0.0	0.0	0.0	0.0	0.0	0.0	0.0	0.0	0.0	0.012257405515832482	0.0	0.0	0.0	0.0	0.0	0.0	0.0	0.0	0.0	0.0	0.0	0.0	0.0	0.0	0.0	0.0	0.0	0.0	0.0	0.0	0.0	0.0	0.0	0.0	0.0	0.0	0.0	0.0	0.0	0.0	0.0	0.0	0.31097560975609756	0.0	0.044444444444444446	0.0	0.0	0.01160092807424594	0.0	0.0	0.03067484662576687	0.0	0.10734463276836158	0.043478260869565216	0.0	0.026402640264026403	0.0	0.0	0.0	0.0	0.01405152224824356	0.02053388090349076	0.02053388090349076	0.0	0.0	0.09053497942386832	0.1694915254237288	0.14689265536723164	0.0	0.0	0.014947683109118086	0.0	0.0	0.0	0.0	0.0	0.0	0.0	0.0	0.0	0.01675041876046901	0.0	0.0	0.003996574364830145	0.0	0.31561461794019935	0.0	0.0	0.0	0.0	0.0	0.0	0.0	0.0	0.0	0.0	0.012409513960703205	0.0	0.0	0.0	0.0	0.0	0.0	0.0	0.0	0.0	0.0	0.0	0.0	0.0	0.0	0.0	0.0	0.0	0.055865921787709494	0.014285714285714285	0.0	0.013986013986013986	0.0	0.03656821378340366	0.0	0.0	0.0	0.0	0.0	0.0	0.0	0.0	0.0	0.0	0.0	0.0	0.006482982171799027	0.0	0.0	0.0	0.04395604395604396	0.0	0.0	0.09345794392523364	0.0	0.4339622641509434	0.0	0.052980132450331126	0.0	0.0	0.0	0.0	0.0	0.02204928664072633	0.0	0.0	0.0	0.0	0.0	0.0	0.0	0.006521739130434782	0.03064066852367688
0.034976152623211444	0.0	0.0	0.0	0.0	0.0	0.0	0.0	0.0	0.0	0.0	0.0	0.0	0.0	0.0	0.0	0.0	0.0	0.0	1.0	0.3194444444444444	0.0	0.0	0.0	0.0	0.0	0.0	0.0	0.0	0.0	0.0	0.0	0.09523809523809523	0.0	0.0	0.0	0.0	0.0	0.0	0.0	0.0	0.0	0.0	0.0	0.0	0.0	0.0	0.0	0.0	0.0	0.0	0.0	0.0	0.0	0.0	0.0	0.0	0.0	0.0	0.0	0.0	0.0	0.0	0.0	0.0	0.0	0.0	0.0	0.0	0.0	0.0	0.05172413793103448	0.0	0.0	0.0	0.0	0.0	0.0	0.0	0.0	0.0	0.0	0.0	0.0	0.0	0.0	0.0	0.10344827586206896	0.0	0.0	0.0	0.0	0.0	0.0	0.0	0.0	0.011068408916218294	0.0	0.0	0.0	0.0	0.0	0.0	0.0	0.0	0.0	0.0	0.0	0.0	0.0	0.0	0.0	0.0	0.0	0.0	0.0	0.0	0.0	0.0	0.0	0.0	0.0	0.0	0.0	0.0	0.0	0.0	0.0	0.0	0.0	0.0	0.0	0.0	0.0	0.0	0.0	0.0	0.0	0.0	0.0	0.0	0.0	0.0	0.0	0.0	0.0	0.0	0.0	0.0	0.0	0.0	0.0	0.0	0.0	0.0	0.0	0.0	0.0	0.0	0.0	0.0	0.0	0.0	0.0	0.0	0.0	0.0	0.0	0.0	0.0	0.0	0.0	0.0	0.0	0.0	0.0	0.02553191489361702	0.0	0.03389830508474576	0.0	0.0	0.0	0.0	0.0	0.039603960396039604	0.0	0.0	0.0	0.0	0.0	0.0	0.0	0.0	0.15	0.04149377593360996	0.03322259136212625	0.03322259136212625	0.0	0.0	0.0	0.0	0.0	0.0	0.06741573033707865	0.028985507246376812	0.0	0.0	0.0	0.0	0.0	0.0	0.0	0.0	0.0	0.0	0.0	0.0	0.0	0.0	0.028846153846153848	0.0	0.5348837209302325	0.0	0.0	0.0	0.0	0.0	0.0	0.0	0.0	0.0	0.0	0.0	0.0	0.0	0.0	0.0	0.0	0.0	0.0	0.0	0.0	0.0	0.0	0.0	0.0	0.0	0.0	0.0	0.0	0.0	0.0	0.0	0.030476190476190476	0.0	0.0	0.0	0.0	0.0	0.0	0.0	0.0	0.17535545023696683	0.0	0.0	0.0	0.0	0.0	0.0	0.0	0.0	0.0	0.0	0.0	0.0	0.0	0.0	0.0	0.0	0.0	0.0	0.0	0.0	0.0	0.0	0.0	0.0	0.0	0.0	0.0	0.0	0.0	0.0
0.03229813664596273	0.0	0.0	0.016494845360824743	0.0	0.0	0.0	0.0	0.0	0.0	0.0	0.0	0.0	0.0	0.0	0.0	0.0	0.0	0.0	0.3194444444444444	1.0	0.02145922746781116	0.0	0.016877637130801686	0.0	0.0	0.0	0.0	0.016863406408094434	0.0	0.0	0.025423728813559324	0.05813953488372093	0.0	0.0	0.0	0.0	0.022988505747126436	0.0	0.0392156862745098	0.0	0.015539305301645339	0.011111111111111112	0.0	0.0	0.0	0.012486992715920915	0.0	0.0	0.0	0.0	0.0	0.0	0.0	0.0	0.0	0.0	0.0	0.0	0.0	0.0	0.0	0.0	0.0	0.0	0.0	0.0	0.0	0.0	0.0	0.0	0.0392156862745098	0.0	0.0	0.0	0.0	0.0	0.0	0.0	0.05263157894736842	0.0	0.0	0.0	0.0	0.0	0.0	0.0	0.0547945205479452	0.0	0.0	0.06289308176100629	0.0	0.0	0.0	0.0	0.0	0.013142929356754707	0.0	0.0	0.0	0.0	0.0	0.0	0.0	0.0	0.0	0.0	0.0	0.0	0.0	0.08571428571428572	0.0880503144654088	0.0	0.0	0.0	0.0	0.0	0.0	0.0	0.0	0.0	0.0	0.02403846153846154	0.0	0.0	0.0	0.0	0.0	0.0	0.0	0.0	0.0	0.0	0.0	0.0	0.0	0.0	0.0	0.0	0.06779661016949153	0.0	0.0	0.0	0.0	0.0	0.0	0.020833333333333332	0.01859504132231405	0.016483516483516484	0.025423728813559324	0.0	0.0	0.0	0.020833333333333332	0.01859504132231405	0.0	0.0	0.0	0.0	0.0	0.0	0.0	0.2441860465116279	0.020833333333333332	0.0	0.029411764705882353	0.02014218009478673	0.02142857142857143	0.02142857142857143	0.02014218009478673	0.02142857142857143	0.02403846153846154	0.02014218009478673	0.02142857142857143	0.046511627906976744	0.0410958904109589	0.0804953560371517	0.0	0.03018867924528302	0.01486988847583643	0.0	0.009389671361502348	0.0	0.0	0.033402922755741124	0.03361344537815126	0.0	0.0	0.0	0.026845637583892617	0.07246376811594203	0.0	0.0	0.08333333333333333	0.03357314148681055	0.029350104821802937	0.029350104821802937	0.0	0.0	0.0	0.0	0.0	0.0	0.04519774011299435	0.027314112291350532	0.0	0.0	0.034482758620689655	0.0	0.0	0.0	0.0	0.0	0.0	0.0	0.0	0.0	0.0	0.0	0.08783783783783784	0.0	0.2988505747126437	0.0	0.0	0.0	0.0	0.0	0.0	0.0	0.0	0.009503695881731784	0.0	0.0	0.0	0.0	0.0	0.020833333333333332	0.01859504132231405	0.0	0.0	0.0	0.0273972602739726	0.0	0.0	0.0	0.0	0.0	0.0	0.0	0.0	0.0	0.0	0.0	0.05135520684736091	0.0	0.0	0.0	0.0	0.12790697674418605	0.12790697674418605	0.0	0.0	0.5819397993311036	0.03488372093023256	0.0	0.0	0.0	0.0	0.0	0.0	0.0	0.0	0.0	0.0	0.0	0.0	0.0	0.0	0.0	0.0	0.0	0.0	0.01694915254237288	0.0	0.0	0.0	0.0	0.0	0.0	0.0	0.0	0.0	0.02824858757062147
0.0	0.0	0.0	0.00822481151473612	0.0	0.0	0.0	0.0	0.0	0.0	0.0	0.0	0.0	0.0	0.0	0.0	0.0	0.0	0.0	0.0	0.02145922746781116	1.0	0.0	0.008415147265077139	0.0	0.0	0.0	0.0	0.0	0.0	0.0	0.012658227848101266	0.0	0.0	0.0	0.0	0.0	0.0	0.0	0.024390243902439025	0.0	0.004553734061930784	0.0	0.0	0.0	0.0	0.0	0.0	0.0	0.0	0.08279124778237729	0.0	0.0	0.0	0.0	0.0	0.0	0.0	0.0	0.0	0.0	0.0	0.0	0.0	0.0	0.0	0.0	0.0	0.0	0.0	0.0	0.0	0.0	0.0	0.11353711790393013	0.0	0.0	0.0	0.0	0.07865168539325842	0.0	0.0	0.0	0.0	0.0	0.0	0.0	0.0	0.0	0.0	0.008350730688935281	0.0	0.0	0.0	0.0	0.0	0.0	0.0	0.0	0.0	0.0	0.0	0.0	0.0	0.0	0.0	0.0	0.0	0.0	0.0	0.06382978723404255	0.09603340292275574	0.0	0.0	0.0	0.0	0.0	0.0	0.0	0.0	0.0	0.0	0.009569377990430622	0.0	0.0	0.0	0.0	0.0	0.0	0.0	0.0	0.14857142857142858	0.0	0.11486486486486487	0.0	0.0	0.0	0.0	0.0	0.0	0.0	0.0	0.0	0.0	0.06923076923076923	0.0	0.008298755186721992	0.006172839506172839	0.005474452554744526	0.012658227848101266	0.0	0.0	0.0	0.008298755186721992	0.006172839506172839	0.0	0.0	0.0	0.0	0.0	0.0	0.14705882352941177	0.028901734104046242	0.008298755186721992	0.0	0.014634146341463415	0.00589622641509434	0.0071090047393364926	0.0071090047393364926	0.00589622641509434	0.0071090047393364926	0.009569377990430622	0.00589622641509434	0.0071090047393364926	0.028901734104046242	0.02040816326530612	0.0	0.0	0.0	0.0	0.0	0.0	0.0	0.0	0.0	0.02092050209205021	0.0	0.0	0.0	0.016722408026755852	0.009615384615384616	0.0	0.0	0.0	0.0	0.0	0.0	0.0	0.0	0.0	0.0	0.0	0.0	0.0	0.0	0.0	0.0	0.0	0.0	0.0	0.0	0.0	0.0	0.0	0.0	0.0	0.0	0.0	0.0	0.0	0.0	0.0	0.0	0.0	0.0	0.0	0.0	0.0	0.0	0.0	0.0	0.0	0.0	0.0	0.0	0.0	0.008298755186721992	0.006172839506172839	0.0	0.0	0.0	0.0	0.0	0.1360544217687075	0.09569377990430622	0.20224719101123595	0.1615598885793872	0.0	0.0	0.0	0.0	0.0	0.0	0.01422475106685633	0.0	0.0	0.0	0.0	0.0	0.0	0.0	0.0	0.01	0.0	0.0	0.08279124778237729	0.0	0.0	0.0	0.0	0.0	0.0	0.0	0.0	0.0	0.0	0.0	0.0	0.0	0.0	0.0	0.0	0.0	0.0	0.0	0.0	0.0	0.0	0.0	0.0	0.0	0.0	0.0
0.0	0.0	0.0	0.0	0.0	0.09523809523809523	0.056962025316455694	0.06719367588932806	0.06719367588932806	0.009259259259259259	0.035856573705179286	0.0	0.0	0.0	0.0	0.003942181340341655	0.0	0.0	0.0	0.0	0.0	0.0	1.0	0.0	0.0	0.0	0.0	0.032679738562091505	0.0	0.009259259259259259	0.0	0.0	0.0	0.0	0.0	0.0	0.010752688172043012	0.032679738562091505	0.0	0.0	0.0	0.01782178217821782	0.0	0.152	0.06719367588932806	0.12101910828025478	0.055872291904218926	0.04367816091954023	0.09114927344782034	0.08059701492537313	0.005940594059405941	0.037749546279491834	0.0394842868654311	0.02384105960264901	0.12101910828025478	0.0	0.0	0.0	0.0	0.0	0.0	0.06719367588932806	0.144	0.08447488584474885	0.0	0.0	0.0	0.004945598417408506	0.0053285968028419185	0.0	0.0	0.0	0.0	0.0	0.0	0.0	0.0	0.0	0.0	0.0	0.0	0.0	0.0	0.0	0.0	0.32982917214191854	0.0	0.0	0.0	0.0	0.0	0.005940594059405941	0.0	0.0	0.016260162601626018	0.0430622009569378	0.0	0.0	0.0	0.0	0.0	0.047619047619047616	0.0	0.0	0.0	0.009259259259259259	0.03225806451612903	0.0	0.7480314960629921	0.746031746031746	0.0	0.0	0.020326678765880218	0.06220095693779904	0.0	0.0	0.0144	0.0	0.0	0.0	0.072	0.0	0.0481283422459893	0.0	0.0	0.0	0.0	0.0	0.0	0.0	0.0	0.0	0.0	0.0	0.0	0.0	0.033628318584070796	0.009259259259259259	0.0	0.0	0.0	0.0	0.005865102639296188	0.0	0.008403361344537815	0.09933774834437085	0.0273972602739726	0.020361990950226245	0.017857142857142856	0.04186046511627907	0.0273972602739726	0.03821656050955414	0.0273972602739726	0.0273972602739726	0.020361990950226245	0.0	0.0379746835443038	0.0	0.0	0.0	0.016574585635359115	0.01098901098901099	0.0	0.0410958904109589	0.0	0.08196721311475409	0.02368421052631579	0.031746031746031744	0.031746031746031744	0.02368421052631579	0.031746031746031744	0.0481283422459893	0.02368421052631579	0.031746031746031744	0.0	0.0	0.0	0.4105263157894737	0.0	0.12903225806451613	0.11264367816091954	0.0	0.12101910828025478	0.0	0.0	0.0	0.0	0.0	0.0196078431372549	0.032490974729241874	0.0	0.0	0.0	0.0	0.0	0.0	0.0	0.0	0.0	0.0	0.0	0.0	0.0	0.0	0.0	0.03916866506794564	0.15315315315315314	0.0	0.0	0.0	0.14511873350923482	0.18110236220472442	0.0	0.2484076433121019	0.04220183486238532	0.0	0.0531271015467384	0.0	0.0	0.0	0.0	0.0	0.047619047619047616	0.00974817221770918	0.02092050209205021	0.0	0.09523809523809523	0.0	0.0	0.0	0.023174971031286212	0.10410094637223975	0.009208103130755065	0.0	0.0	0.0	0.0273972602739726	0.020361990950226245	0.05226130653266332	0.006430868167202572	0.004761904761904762	0.0	0.0	0.0	0.0	0.0	0.0	0.0	0.0	0.0	0.22727272727272727	0.0	0.0379746835443038	0.0	0.03317535545023697	0.06417112299465241	0.05732484076433121	0.0	0.0	0.0	0.0	0.0	0.0	0.033112582781456956	0.0	0.005940594059405941	0.0	0.0670926517571885	0.0	0.009259259259259259	0.0	0.0	0.0	0.0	0.011869436201780416	0.0	0.0	0.0	0.053763440860215055	0.035175879396984924	0.09523809523809523	0.023696682464454975	0.019230769230769232	0.03616133518776078	0.005865102639296188	0.005865102639296188	0.004750593824228029	0.008	0.07308377896613191	0.0	0.008	0.03110599078341014	0.015015015015015015
0.10361216730038023	0.0	0.0	0.024628014366341714	0.0	0.0	0.0	0.0	0.0	0.0	0.0	0.09257375381485249	0.10210364289379169	0.0453857791225416	0.06658130601792574	0.0	0.08310249307479224	0.02030456852791878	0.04160887656033287	0.0	0.016877637130801686	0.008415147265077139	0.0	1.0	0.033271719038817	0.01335559265442404	0.0	0.0	0.08571428571428572	0.0	0.0	0.2726008344923505	0.06091370558375635	0.12710280373831775	0.15256588072122051	0.042105263157894736	0.06656580937972768	0.0	0.1099236641221374	0.0549618320610687	0.09940828402366864	0.005667506297229219	0.0	0.0	0.0	0.0	0.0	0.0	0.0	0.0	0.0	0.0	0.0	0.0	0.0	0.020168067226890758	0.022429906542056073	0.09104704097116843	0.100264850548619	0.07045009784735812	0.03993344425956739	0.0	0.0	0.0	0.03686635944700461	0.0915915915915916	0.0	0.0	0.0	0.039097744360902256	0.02411873840445269	0.09770992366412214	0.04426002766251729	0.0	0.09672830725462304	0.0	0.013311148086522463	0.0	0.0	0.07188703465982028	0.0	0.04088586030664395	0.03015075376884422	0.01335559265442404	0.0	0.018610061064262867	0.09986130374479889	0.0	0.07973421926910298	0.08067226890756303	0.04558011049723757	0.0	0.0	0.07421150278293136	0.0	0.0	0.05834765901506725	0.14334941419710545	0.0	0.030441400304414	0.04452690166975881	0.0	0.0	0.08734177215189873	0.06639004149377593	0.0	0.0	0.06597938144329897	0.0	0.0	0.03795066413662239	0.031767955801104975	0.0	0.06789250353606789	0.03795066413662239	0.022429906542056073	0.06236323851203501	0.0	0.0	0.0	0.0	0.09652509652509653	0.00904977375565611	0.10485651214128035	0.0	0.026490066225165563	0.0	0.026490066225165563	0.0	0.0	0.06728971962616823	0.040336134453781515	0.027675276752767528	0.0	0.0	0.0	0.0	0.0	0.0	0.0	0.0	0.0	0.0	0.0929112181693049	0.0	0.0	0.008253094910591471	0.006839945280437756	0.006305170239596469	0.011126564673157162	0.0	0.0	0.0	0.008253094910591471	0.006839945280437756	0.054707379134860054	0.0	0.0	0.0	0.0	0.0	0.0	0.02030456852791878	0.008253094910591471	0.0	0.012213740458015267	0.006726457399103139	0.0074962518740629685	0.0074962518740629685	0.006726457399103139	0.0074962518740629685	0.00904977375565611	0.006726457399103139	0.0074962518740629685	0.02030456852791878	0.014842300556586271	0.08734602463605823	0.0	0.08494208494208494	0.0	0.015193370165745856	0.10282074613284804	0.0	0.06521739130434782	0.03581267217630854	0.016597510373443983	0.11505922165820642	0.02457757296466974	0.0	0.042704626334519574	0.03479576399394856	0.0638002773925104	0.04552352048558422	0.029159519725557463	0.08734939759036145	0.09668508287292818	0.09668508287292818	0.0	0.0	0.03872752420470263	0.07445008460236886	0.02030456852791878	0.0	0.018302828618968387	0.08388520971302428	0.0	0.0	0.0	0.0	0.018211920529801324	0.0	0.0	0.04743833017077799	0.0	0.1354916067146283	0.04258943781942078	0.01646489104116223	0.06627724106942261	0.0	0.033373063170441	0.009950248756218905	0.0	0.0	0.0	0.0	0.0	0.0	0.03305785123966942	0.036605657237936774	0.043674698795180725	0.06662040249826509	0.0	0.030999741668819428	0.0	0.0	0.0	0.008253094910591471	0.006839945280437756	0.019707565162110616	0.0	0.0	0.0	0.0	0.0	0.0	0.0	0.0	0.0	0.06050420168067227	0.0730593607305936	0.0	0.0915915915915916	0.0	0.22362869198312235	0.0	0.0	0.0	0.0	0.0	0.0	0.0	0.03305785123966942	0.009467455621301775	0.0	0.03937007874015748	0.0	0.30679156908665106	0.0	0.036605657237936774	0.0	0.08319467554076539	0.05616740088105727	0.06890756302521009	0.012030075187969926	0.0	0.039334341906202726	0.0	0.04452690166975881	0.0	0.0	0.0	0.0	0.0	0.11507936507936507	0.0	0.0	0.0	0.0	0.0	0.0	0.0	0.04148660328435609	0.1130890052356021
0.028346456692913385	0.0	0.0	0.0	0.0	0.0	0.0	0.0	0.0	0.0	0.0	0.0	0.0	0.0	0.0	0.0	0.0	0.05747126436781609	0.046052631578947366	0.0	0.0	0.0	0.0	0.033271719038817	1.0	0.03296703296703297	0.0	0.0	0.0425531914893617	0.0	0.0	0.0	0.0	0.0	0.0	0.0	0.0	0.0	0.04201680672268908	0.0	0.0	0.0	0.0	0.0	0.0	0.0	0.0	0.0	0.0	0.0	0.0	0.0	0.0	0.0	0.0	0.056179775280898875	0.0847457627118644	0.04132231404958678	0.017435897435897435	0.3617021276595745	0.0	0.0	0.0	0.0	0.0	0.0	0.0	0.0	0.0	0.27419354838709675	0.0	0.0	0.0	0.0	0.0	0.0	0.03260869565217391	0.0	0.0	0.0	0.0	0.0	0.0	0.03296703296703297	0.0	0.0	0.0	0.0	0.0	0.0	0.0	0.0	0.0	0.0	0.0	0.0	0.0	0.0	0.0	0.0	0.3442622950819672	0.0	0.0	0.0	0.0	0.0	0.0	0.0	0.0	0.0	0.0	0.029315960912052116	0.0	0.0	0.16363636363636364	0.0847457627118644	0.028169014084507043	0.0	0.0	0.0	0.0	0.0	0.0	0.0	0.0	0.0	0.0	0.0	0.0	0.0	0.2542372881355932	0.10112359550561797	0.0	0.0	0.0	0.0	0.0	0.0	0.0	0.0	0.0	0.0	0.0	0.0	0.0	0.0	0.0	0.0	0.0	0.0	0.0	0.0	0.0	0.0	0.0	0.0	0.0	0.0	0.0	0.0	0.0	0.0	0.0	0.0	0.0	0.0	0.0	0.0	0.0	0.0	0.0	0.0	0.0	0.0	0.0	0.0	0.02100840336134454	0.0	0.0	0.0	0.0	0.0	0.0	0.0	0.0	0.0	0.0	0.0	0.0	0.04225352112676056	0.0	0.0	0.0	0.0	0.0	0.0	0.0	0.0	0.0	0.0718954248366013	0.21839080459770116	0.05747126436781609	0.0	0.0	0.0	0.0	0.0	0.0	0.0	0.0	0.0	0.0	0.0	0.0	0.0	0.0	0.0	0.0	0.0	0.023696682464454975	0.0	0.0	0.0	0.0	0.0	0.0	0.0	0.0	0.0	0.0	0.0	0.0	0.0	0.0	0.0	0.0	0.0	0.0	0.0	0.0	0.0	0.0	0.0	0.0	0.0	0.0	0.0	0.0	0.16853932584269662	0.0	0.0	0.0	0.0	0.0	0.0	0.0	0.0	0.0	0.0	0.0	0.0	0.0	0.0	0.0	0.0	0.0	0.0	0.0	0.0	0.0	0.09782608695652174	0.0	0.0	0.024193548387096774	0.0	0.040983606557377046	0.0	0.14754098360655737	0.0	0.0	0.0	0.0	0.0	0.0	0.0	0.0	0.0	0.0	0.0	0.0	0.0	0.0	0.0
0.06349206349206349	0.0	0.07563025210084033	0.0	0.0	0.0	0.0	0.0	0.0	0.0	0.0	0.0	0.0	0.0	0.0	0.0	0.0	0.7241379310344828	0.11049723756906077	0.0	0.0	0.0	0.0	0.01335559265442404	0.03296703296703297	1.0	0.0	0.0	0.016632016632016633	0.0	0.0	0.0	0.0	0.0	0.0	0.0	0.0	0.0	0.22972972972972974	0.0	0.0	0.0	0.04205607476635514	0.0	0.0	0.0	0.0	0.0	0.0	0.0	0.0	0.0	0.0	0.0	0.0	0.1864406779661017	0.20454545454545456	0.12	0.06213753106876554	0.23684210526315788	0.0	0.0	0.0	0.0	0.02186234817813765	0.0	0.0	0.0	0.0	0.0718954248366013	0.0	0.0	0.0	0.0	0.0	0.0	0.17355371900826447	0.0	0.0	0.0	0.0	0.0	0.0	0.1	0.0	0.0	0.0	0.0	0.0	0.0	0.0	0.0	0.0	0.0	0.0	0.0	0.0	0.0	0.0	0.08053691275167785	0.044444444444444446	0.0	0.20454545454545456	0.0	0.0	0.0	0.0	0.0	0.0	0.0	0.0	0.0136986301369863	0.0	0.0	0.35714285714285715	0.20454545454545456	0.014414414414414415	0.0	0.0	0.0	0.0	0.0	0.0	0.0	0.0	0.02040816326530612	0.0	0.02040816326530612	0.0	0.0	0.06818181818181818	0.03389830508474576	0.0	0.0	0.0	0.20454545454545456	0.0	0.0	0.20454545454545456	0.0743801652892562	0.0	0.0	0.0	0.0	0.0	0.0	0.0	0.0	0.041474654377880185	0.0	0.04891304347826087	0.0	0.04891304347826087	0.0	0.0	0.0	0.0	0.049315068493150684	0.0	0.0	0.0	0.0	0.0	0.0	0.0	0.0	0.0	0.0	0.0	0.0	0.0	0.0	0.0	0.0	0.0	0.0	0.052434456928838954	0.0	0.0	0.0	0.0	0.0	0.0	0.0	0.0	0.0	0.0	0.0	0.0	0.01652892561983471	0.0	0.0	0.0	0.0	0.0	0.0	0.0	0.0	0.0	0.14285714285714285	0.1896551724137931	0.20689655172413793	0.0	0.0	0.0	0.0	0.0	0.1016949152542373	0.0	0.02040816326530612	0.0	0.0	0.0	0.0	0.0	0.10526315789473684	0.0	0.0	0.0	0.058333333333333334	0.02459016393442623	0.0	0.0	0.0	0.0	0.0	0.0	0.0	0.024793388429752067	0.0	0.0	0.0	0.0	0.0	0.0	0.0	0.0	0.0	0.0	0.0	0.0	0.0	0.0	0.0	0.0	0.0743801652892562	0.061224489795918366	0.048582995951417005	0.15254237288135594	0.0	0.0	0.0	0.0	0.008488964346349746	0.0	0.0	0.0	0.0	0.0	0.0	0.0782608695652174	0.0	0.0	0.0	0.028985507246376812	0.0	0.0	0.0	0.024793388429752067	0.0	0.03305785123966942	0.009107468123861567	0.0	0.29411764705882354	0.0	0.09271523178807947	0.0	0.044444444444444446	0.0	0.0	0.0	0.0	0.0	0.0	0.0	0.0	0.0	0.0	0.0	0.06818181818181818	0.0	0.0	0.0
0.0	0.0	0.0	0.0	0.0	0.0	0.0	0.0	0.0	0.0	0.0	0.0	0.0	0.03305785123966942	0.0	0.0	0.0	0.0	0.0	0.0	0.0	0.0	0.0	0.0	0.0	0.0	1.0	0.0	0.0	0.0	0.06666666666666667	0.0	0.0	0.0	0.0	0.0	0.0	0.0	0.0	0.0	0.0	0.0	0.0	0.0	0.0	0.0	0.0	0.0	0.0	0.0	0.0	0.0	0.0	0.0	0.0	0.0	0.0	0.0	0.0	0.0	0.0	0.0	0.0	0.0	0.0	0.0	0.0	0.0	0.0	0.0	0.0	0.0	0.02631578947368421	0.0	0.0	0.0	0.0	0.10344827586206896	0.06666666666666667	0.0	0.0	0.0	0.0	0.0	0.0	0.0	0.0	0.0	0.0	0.0	0.0	0.0	0.0	0.0	0.0	0.0	0.0	0.0	0.0	0.0	0.0	0.0	0.0	0.0	0.02631578947368421	0.0	0.0	0.0	0.0	0.0	0.0	0.0	0.0	0.0	0.0	0.0	0.0	0.0	0.0	0.0	0.0	0.0	0.0	0.024640657084188913	0.0	0.0	0.0	0.0	0.0	0.0	0.0	0.0	0.0	0.0	0.0	0.0	0.0	0.0	0.0	0.0	0.0	0.0	0.0	0.0	0.0	0.0	0.0	0.0	0.0	0.0	0.0	0.0	0.0	0.0	0.0	0.021798365122615803	0.0	0.0	0.0	0.0	0.0	0.0	0.0	0.0	0.0	0.0	0.0	0.0	0.0	0.0	0.0	0.0	0.0	0.0	0.0	0.0	0.0	0.0	0.0	0.0	0.0	0.0	0.0	0.0	0.0	0.0	0.0	0.0	0.0	0.0	0.0	0.0	0.0	0.0	0.0	0.0	0.0	0.0	0.0	0.0	0.0	0.0	0.0	0.0	0.0	0.0	0.0	0.0	0.0	0.0	0.0	0.0	0.0	0.0	0.0	0.0	0.0	0.0	0.0	0.0	0.0	0.0	0.0	0.0	0.0	0.0	0.0	0.0	0.0	0.0	0.0	0.0	0.0	0.0	0.0	0.0	0.0	0.0	0.0	0.0	0.0	0.0	0.0	0.0	0.0	0.0	0.0	0.0	0.0	0.0	0.0	0.0	0.0	0.09073724007561437	0.0	0.0	0.0	0.10344827586206896	0.0	0.0	0.0	0.0	0.0	0.0	0.09259259259259259	0.0	0.0	0.0	0.0	0.0	0.0	0.0	0.0	0.0	0.0	0.0	0.0	0.0	0.0	0.0	0.0	0.0	0.0	0.0	0.0	0.0	0.0	0.0	0.0	0.0	0.0	0.0	0.0
0.0	0.0	0.0	0.0	0.0	0.056179775280898875	0.04132231404958678	0.05027932960893855	0.05027932960893855	0.027932960893854747	0.02336448598130841	0.0	0.0	0.0	0.0	0.05686965274282838	0.0	0.0	0.0	0.0	0.0	0.0	0.032679738562091505	0.0	0.0	0.0	0.0	1.0	0.0	0.07262569832402235	0.0	0.0	0.0	0.0	0.0	0.0	0.03355704697986577	0.06896551724137931	0.0	0.0	0.0	0.02088167053364269	0.0	0.06818181818181818	0.05027932960893855	0.05	0.037037037037037035	0.06371191135734072	0.03776683087027915	0.022170361726954493	0.027071369975389663	0.019520130134200894	0.04666056724611162	0.014684287812041116	0.05	0.0	0.0	0.0	0.0	0.0	0.07563025210084033	0.05027932960893855	0.06818181818181818	0.04120879120879121	0.0	0.0	0.12605042016806722	0.07068366164542295	0.09611451942740286	0.0	0.0	0.0	0.0	0.1	0.03529411764705882	0.0	0.0	0.0	0.0	0.0	0.0	0.0	0.0	0.0	0.0	0.0206341217916457	0.0	0.0	0.0	0.0	0.0	0.02088167053364269	0.0	0.0	0.20574162679425836	0.11392405063291139	0.0	0.0	0.06976744186046512	0.0	0.0	0.04564315352697095	0.0	0.0	0.0	0.07262569832402235	0.12751677852348994	0.0	0.029315960912052116	0.039473684210526314	0.0	0.0	0.019520130134200894	0.09302325581395349	0.0	0.0	0.016333938294010888	0.06976744186046512	0.016666666666666666	0.016666666666666666	0.06818181818181818	0.0	0.04	0.0	0.0	0.0	0.0	0.0	0.0	0.0	0.0	0.0	0.0	0.0	0.0	0.0	0.038696537678207736	0.13966480446927373	0.0	0.0	0.0	0.0	0.01644736842105263	0.0	0.024875621890547265	0.07017543859649122	0.027472527472527472	0.024456521739130436	0.020930232558139535	0.033707865168539325	0.027472527472527472	0.041666666666666664	0.027472527472527472	0.027472527472527472	0.024456521739130436	0.0	0.04132231404958678	0.036011080332409975	0.12195121951219512	0.05128205128205128	0.1111111111111111	0.034482758620689655	0.0	0.03296703296703297	0.0	0.0547945205479452	0.029411764705882353	0.03289473684210526	0.03289473684210526	0.029411764705882353	0.03289473684210526	0.04	0.029411764705882353	0.03289473684210526	0.0	0.0	0.0	0.024193548387096774	0.0	0.04265402843601896	0.04709141274238227	0.0	0.05	0.0	0.0	0.0	0.0	0.0	0.05172413793103448	0.025	0.0	0.0	0.0	0.0	0.0	0.0	0.0	0.0	0.0	0.0	0.0	0.0	0.0	0.0	0.0	0.019038984587488667	0.2702702702702703	0.0	0.0	0.0	0.036065573770491806	0.029315960912052116	0.0	0.05	0.036093418259023353	0.0	0.018670649738610903	0.0	0.045454545454545456	0.0	0.0	0.0	0.04564315352697095	0.0221606648199446	0.0891089108910891	0.06976744186046512	0.056179775280898875	0.0	0.0	0.0	0.0951048951048951	0.037037037037037035	0.020256304257957835	0.0	0.0	0.0	0.027472527472527472	0.024456521739130436	0.02833530106257379	0.01824817518248175	0.01618705035971223	0.0	0.0	0.0	0.0	0.0	0.0	0.0	0.0	0.0	0.025830258302583026	0.0	0.04132231404958678	0.0	0.03917525773195876	0.04666666666666667	0.05	0.0	0.0	0.0	0.0	0.02203856749311295	0.0	0.07017543859649122	0.0	0.027071369975389663	0.0	0.05439330543933055	0.0	0.13966480446927373	0.0	0.0	0.0	0.0	0.023333333333333334	0.0	0.0	0.0	0.04697986577181208	0.0295159386068477	0.056179775280898875	0.04597701149425287	0.05042016806722689	0.04961240310077519	0.01644736842105263	0.01644736842105263	0.016143497757847534	0.023474178403755867	0.026694045174537988	0.0	0.023474178403755867	0.02644836272040302	0.08108108108108109
0.09100642398286937	0.0	0.0	0.0	0.0	0.0	0.0	0.0	0.0	0.0	0.0	0.028750460744563215	0.03152364273204904	0.0	0.0	0.0	0.059602649006622516	0.02536997885835095	0.03648424543946932	0.0	0.016863406408094434	0.0	0.0	0.08571428571428572	0.0425531914893617	0.016632016632016633	0.0	0.0	1.0	0.0	0.0	0.04658901830282862	0.0	0.0	0.03980099502487562	0.0	0.0	0.06289308176100629	0.0893854748603352	0.0	0.04951856946354883	0.0	0.03587443946188341	0.0	0.0	0.0	0.03937653814602133	0.0	0.0	0.0	0.0	0.0	0.0	0.0	0.0	0.025157232704402517	0.02877697841726619	0.066543438077634	0.07784431137724551	0.0916030534351145	0.0	0.0	0.0	0.0	0.0	0.043795620437956206	0.0	0.0	0.0	0.04753199268738574	0.0	0.074487895716946	0.0	0.0	0.07521367521367521	0.0	0.016563146997929608	0.0	0.0	0.15431164901664146	0.0	0.0	0.0	0.016632016632016633	0.0	0.0	0.05306799336650083	0.0	0.049586776859504134	0.0	0.0	0.0	0.0	0.0	0.0	0.0	0.01878144214645053	0.03950617283950617	0.0	0.022263450834879406	0.057007125890736345	0.0	0.0	0.047619047619047616	0.0	0.0	0.0	0.03937653814602133	0.0	0.0	0.0	0.13696369636963696	0.0	0.04074702886247878	0.0488997555012225	0.02877697841726619	0.032663316582914576	0.0	0.0	0.0	0.0	0.042488619119878605	0.0	0.030456852791878174	0.0	0.0	0.0	0.0	0.0	0.0	0.08633093525179857	0.050314465408805034	0.0	0.0	0.0	0.0	0.0	0.0	0.0	0.020703933747412008	0.02158273381294964	0.0	0.0	0.03944124897288414	0.0	0.0	0.0	0.0	0.0	0.0	0.0	0.0	0.0	0.0	0.0	0.0	0.0	0.0	0.0	0.0	0.0	0.0	0.02959830866807611	0.0	0.0	0.0	0.0	0.0	0.0	0.0	0.0	0.0	0.0	0.0	0.0	0.0	0.08774193548387096	0.0	0.015174506828528073	0.044977511244377814	0.0	0.0672782874617737	0.0	0.0	0.011513157894736841	0.0	0.09302325581395349	0.1200750469043152	0.10062893081761007	0.03310344827586207	0.0	0.0	0.0	0.0	0.04395604395604396	0.0594059405940594	0.0594059405940594	0.0	0.0	0.04628099173553719	0.09302325581395349	0.02536997885835095	0.02158273381294964	0.0	0.04568527918781726	0.015065913370998116	0.0	0.0880503144654088	0.0	0.0	0.0	0.0	0.0	0.0	0.05027932960893855	0.0	0.0	0.016587082181452627	0.0	0.047156726768377254	0.0	0.0	0.0	0.0	0.0	0.0	0.0	0.0	0.0	0.0	0.07219917012448132	0.0	0.0	0.0	0.0	0.0	0.0	0.0	0.0	0.0	0.0	0.07125890736342043	0.02158273381294964	0.0	0.0	0.0	0.0	0.0	0.07547169811320754	0.06493506493506493	0.021601016518424398	0.043795620437956206	0.0	0.04819277108433735	0.0	0.0	0.0	0.0	0.10570824524312897	0.10570824524312897	0.0	0.0	0.059147180192572216	0.08879492600422834	0.0	0.0	0.024456521739130436	0.0	0.0	0.0	0.049689440993788817	0.006329113924050633	0.0	0.014625228519195612	0.0	0.03314917127071823	0.0	0.057007125890736345	0.0	0.0	0.0	0.0	0.049689440993788817	0.04157303370786517	0.0	0.0	0.0	0.0	0.025956284153005466	0.0	0.0	0.023099133782483156	0.14097968936678615
0.0	0.0	0.0	0.0	0.0	0.013157894736842105	0.02717391304347826	0.009836065573770493	0.009836065573770493	0.024793388429752067	0.018050541516245487	0.0	0.0	0.0	0.0	0.06382978723404255	0.0	0.0	0.0	0.0	0.0	0.0	0.009259259259259259	0.0	0.0	0.0	0.0	0.07262569832402235	0.0	1.0	0.0	0.0	0.0	0.0	0.0	0.0	0.02830188679245283	0.08379888268156424	0.0	0.0	0.0	0.005385996409335727	0.0	0.019867549668874173	0.009836065573770493	0.01639344262295082	0.039755351681957186	0.13347022587268995	0.012775842044134728	0.0063119927862939585	0.01567034242600116	0.01889976375295309	0.10631970260223049	0.012391573729863693	0.01639344262295082	0.0	0.0	0.0	0.0	0.0	0.038461538461538464	0.009836065573770493	0.019867549668874173	0.018367346938775512	0.0	0.0	0.04945054945054945	0.07802690582959641	0.08943089430894309	0.0	0.0	0.0	0.0	0.04371584699453552	0.04291845493562232	0.0	0.0	0.0	0.0	0.0	0.0	0.0	0.0	0.0	0.0	0.014050582095543959	0.0	0.0	0.0	0.0	0.0	0.01615798922800718	0.0	0.0	0.14705882352941177	0.08689248895434462	0.0	0.0	0.06711409395973154	0.0	0.0	0.013623978201634877	0.0	0.0	0.0	0.4049586776859504	0.09433962264150944	0.0	0.006928406466512702	0.013953488372093023	0.0	0.0	0.01889976375295309	0.05531914893617021	0.0	0.0	0.004431314623338257	0.06711409395973154	0.02880658436213992	0.02880658436213992	0.019867549668874173	0.0	0.014084507042253521	0.0	0.0	0.0	0.0	0.0	0.0	0.0	0.0	0.0	0.0	0.0	0.0	0.0	0.08589951377633712	0.14049586776859505	0.0	0.0	0.0	0.0	0.01634877384196185	0.0	0.022727272727272728	0.02824858757062147	0.00816326530612245	0.006072874493927126	0.00539568345323741	0.012448132780082987	0.00816326530612245	0.01092896174863388	0.00816326530612245	0.00816326530612245	0.006072874493927126	0.0	0.010869565217391304	0.12114989733059549	0.09655172413793103	0.05555555555555555	0.22705314009661837	0.028846153846153848	0.0	0.012244897959183673	0.0	0.023923444976076555	0.006944444444444444	0.009302325581395349	0.009302325581395349	0.006944444444444444	0.009302325581395349	0.014084507042253521	0.006944444444444444	0.009302325581395349	0.0	0.0	0.0	0.00964630225080386	0.0	0.043795620437956206	0.03490759753593429	0.0	0.01639344262295082	0.0	0.0	0.0	0.0	0.0	0.05027932960893855	0.009900990099009901	0.0	0.0	0.0	0.0	0.0	0.0	0.0	0.0	0.0	0.0	0.0	0.0	0.0	0.0	0.0	0.014022140221402213	0.12408759124087591	0.0	0.0	0.0	0.01160092807424594	0.006928406466512702	0.0	0.01639344262295082	0.018425460636515914	0.0	0.020741671904462602	0.0	0.052980132450331126	0.0	0.0	0.0	0.013623978201634877	0.02696629213483146	0.2	0.06711409395973154	0.013157894736842105	0.0	0.0	0.0	0.04963805584281282	0.008130081300813009	0.02565856996236743	0.0	0.0	0.0	0.00816326530612245	0.006072874493927126	0.025477707006369428	0.017804154302670624	0.013196480938416423	0.0	0.0	0.0	0.0	0.0	0.0	0.0	0.0	0.0	0.023952095808383235	0.0	0.010869565217391304	0.0	0.009497964721845319	0.018779342723004695	0.01639344262295082	0.0	0.0	0.0	0.0	0.032719836400818	0.0	0.0847457627118644	0.0	0.01567034242600116	0.0	0.052054794520547946	0.0	0.14049586776859505	0.0	0.0	0.0	0.0	0.03305785123966942	0.0	0.0	0.0	0.03773584905660377	0.03366696997270246	0.013157894736842105	0.06329113924050633	0.04945054945054945	0.03372243839169909	0.01634877384196185	0.01634877384196185	0.013167520117044623	0.021739130434782608	0.024469820554649267	0.0	0.021739130434782608	0.02282608695652174	0.013927576601671309
0.0	0.0	0.0	0.0	0.0	0.0	0.0	0.0	0.0	0.0	0.0	0.0	0.0	0.03305785123966942	0.0	0.0	0.0	0.0	0.0	0.0	0.0	0.0	0.0	0.0	0.0	0.0	0.06666666666666667	0.0	0.0	0.0	1.0	0.0	0.0	0.0	0.0	0.0	0.0	0.0	0.0	0.0	0.0	0.0	0.0	0.0	0.0	0.0	0.0	0.0	0.0	0.0	0.0	0.0	0.0	0.0	0.0	0.0	0.0	0.0	0.0	0.0	0.0	0.0	0.0	0.0	0.0	0.0	0.0	0.0	0.0	0.0	0.0	0.0	0.02631578947368421	0.0	0.0	0.0	0.0	0.3103448275862069	0.2	0.0	0.0	0.0	0.0	0.0	0.0	0.0	0.0	0.0	0.0	0.0	0.0	0.0	0.0	0.0	0.0	0.0	0.0	0.0	0.0	0.0	0.0	0.0	0.0	0.0	0.02631578947368421	0.0	0.0	0.0	0.0	0.0	0.0	0.0	0.0	0.0	0.0	0.0	0.0	0.0	0.0	0.0	0.0	0.0	0.0	0.024640657084188913	0.0	0.0	0.0	0.0	0.0	0.0	0.0	0.0	0.0	0.0	0.0	0.0	0.0	0.0	0.0	0.0	0.0	0.0	0.0	0.0	0.0	0.0	0.0	0.0	0.0	0.0	0.0	0.0	0.0	0.0	0.0	0.021798365122615803	0.0	0.0	0.0	0.0	0.0	0.0	0.0	0.0	0.0	0.0	0.0	0.0	0.0	0.0	0.0	0.0	0.0	0.0	0.0	0.0	0.0	0.0	0.0	0.0	0.0	0.0	0.0	0.0	0.0	0.0	0.0	0.0	0.0	0.0	0.0	0.0	0.0	0.0	0.0	0.0	0.0	0.0	0.0	0.0	0.0	0.0	0.0	0.0	0.0	0.0	0.0	0.0	0.0	0.0	0.0	0.0	0.0	0.0	0.0	0.0	0.0	0.0	0.0	0.0	0.0	0.0	0.0	0.0	0.0	0.0	0.0	0.0	0.0	0.0	0.0	0.0	0.0	0.0	0.0	0.0	0.0	0.0	0.0	0.0	0.0	0.0	0.0	0.0	0.0	0.0	0.0	0.0	0.0	0.0	0.0	0.0	0.0	0.030245746691871456	0.0	0.0	0.0	0.10344827586206896	0.0	0.0	0.0	0.0	0.0	0.0	0.09259259259259259	0.0	0.0	0.0	0.0	0.0	0.0	0.0	0.0	0.0	0.0	0.0	0.0	0.0	0.0	0.0	0.0	0.0	0.0	0.0	0.0	0.0	0.0	0.0	0.0	0.0	0.0	0.0	0.0
0.1070110701107011	0.0	0.0	0.03263086335825969	0.0	0.0	0.0	0.0	0.0	0.0	0.0	0.06394172399838122	0.06662134602311352	0.0	0.033210332103321034	0.0	0.08281573498964803	0.0	0.04564315352697095	0.0	0.025423728813559324	0.012658227848101266	0.0	0.2726008344923505	0.0	0.0	0.0	0.0	0.04658901830282862	0.0	0.0	1.0	0.10227272727272728	0.0	0.13278008298755187	0.0	0.0	0.0	0.09615384615384616	0.08653846153846154	0.066006600660066	0.008108108108108109	0.0	0.0	0.0	0.0	0.0	0.0	0.0	0.0	0.0	0.0	0.0	0.0	0.0	0.0	0.0	0.06666666666666667	0.0948429164196799	0.0	0.06629834254143646	0.0	0.0	0.0	0.0	0.06557377049180328	0.0	0.0	0.0	0.0	0.0	0.22115384615384615	0.0	0.0	0.10344827586206896	0.0	0.0	0.0	0.0	0.06666666666666667	0.0	0.06896551724137931	0.05027932960893855	0.0	0.0	0.0	0.1908713692946058	0.0	0.07713498622589532	0.0	0.012371134020618556	0.0	0.0	0.0	0.0	0.0	0.052275291462956	0.17266187050359713	0.0	0.03827751196172249	0.0	0.0	0.0	0.08711433756805807	0.0371900826446281	0.0	0.0	0.057318321392016376	0.0	0.0	0.06944444444444445	0.016494845360824743	0.0	0.05982905982905983	0.0	0.0	0.03259259259259259	0.0	0.0	0.0	0.0	0.08921933085501858	0.014150943396226415	0.041979010494752625	0.0	0.0	0.0	0.0	0.0	0.0	0.0	0.0	0.04950495049504951	0.0	0.0	0.0	0.0	0.0	0.0	0.0	0.0	0.0	0.0	0.057435897435897436	0.0	0.0	0.012295081967213115	0.01016260162601626	0.009025270758122744	0.016666666666666666	0.0	0.0	0.0	0.012295081967213115	0.01016260162601626	0.0	0.0	0.0	0.0	0.0	0.0	0.0	0.03409090909090909	0.012295081967213115	0.0	0.019230769230769232	0.010465116279069767	0.011682242990654205	0.011682242990654205	0.010465116279069767	0.011682242990654205	0.014150943396226415	0.010465116279069767	0.011682242990654205	0.03409090909090909	0.02666666666666667	0.14984709480122324	0.0	0.06319702602230483	0.0	0.0	0.08139534883720931	0.0	0.10863509749303621	0.0513347022587269	0.024793388429752067	0.20454545454545456	0.06796116504854369	0.0	0.019867549668874173	0.014218009478672985	0.0	0.0	0.0	0.06588235294117648	0.08247422680412371	0.08247422680412371	0.0	0.0	0.0	0.0	0.0	0.0	0.0	0.05997001499250375	0.0	0.0	0.0	0.0	0.0	0.0	0.0	0.0	0.0	0.06722689075630252	0.0	0.0	0.045779685264663805	0.0	0.04666666666666667	0.016483516483516484	0.0	0.0	0.0	0.0	0.0	0.0	0.0	0.0	0.0	0.058151609553478714	0.0	0.0	0.0	0.0	0.0	0.012295081967213115	0.01016260162601626	0.0	0.0	0.0	0.0	0.0	0.0	0.0	0.0	0.0	0.0	0.0	0.06698564593301436	0.0	0.06557377049180328	0.0	0.27080394922425954	0.0	0.0	0.0	0.0	0.0	0.0	0.0	0.049281314168377825	0.013201320132013201	0.0	0.0	0.0	0.03577235772357724	0.0	0.0	0.0	0.0	0.0	0.06741573033707865	0.0	0.0	0.052132701421800945	0.0	0.0	0.0	0.0	0.0	0.0	0.0	0.06631989596879063	0.0	0.0	0.0	0.0	0.0	0.0	0.0	0.030501089324618737	0.1452513966480447
0.06715328467153285	0.0	0.0	0.0	0.0	0.0	0.0	0.0	0.0	0.0	0.0	0.04334085778781038	0.04938271604938271	0.0	0.07246376811594203	0.0	0.0	0.0	0.0	0.09523809523809523	0.05813953488372093	0.0	0.0	0.06091370558375635	0.0	0.0	0.0	0.0	0.0	0.0	0.0	0.10227272727272728	1.0	0.0	0.13559322033898305	0.0	0.0	0.0	0.0	0.0	0.0	0.0	0.0	0.0	0.0	0.0	0.0	0.0	0.0	0.0	0.0	0.0	0.0	0.0	0.0	0.0	0.0	0.0	0.0	0.0	0.15384615384615385	0.0	0.0	0.0	0.0	0.0	0.0	0.0	0.0	0.0	0.0	0.041666666666666664	0.0	0.0	0.0	0.0	0.0	0.0	0.0	0.0	0.0	0.16363636363636364	0.13043478260869565	0.0	0.0	0.0	0.0	0.20930232558139536	0.0	0.0	0.0	0.0	0.0	0.0	0.0	0.0	0.15892420537897312	0.100418410041841	0.0	0.0	0.0	0.0	0.0	0.0	0.08426966292134831	0.0	0.0	0.0	0.0	0.0	0.0	0.0	0.0	0.0	0.0	0.0	0.0	0.0	0.0	0.0	0.0	0.0	0.0	0.0	0.0	0.0	0.0	0.0	0.0	0.0	0.0	0.0	0.15428571428571428	0.0	0.0	0.0	0.0	0.0	0.0	0.0	0.0	0.0	0.0	0.0	0.0	0.0	0.0	0.0	0.0	0.0	0.0	0.0	0.0	0.0	0.0	0.0	0.0	0.0	0.0	0.0	0.0	0.0	0.0	0.0	0.0	0.0	0.0	0.0	0.0	0.0	0.0	0.0	0.0	0.0	0.0	0.0	0.06844106463878327	0.0	0.02926829268292683	0.0	0.0	0.05737704918032787	0.0	0.22077922077922077	0.033426183844011144	0.0	0.0	0.0	0.0	0.0	0.0	0.0	0.0	0.1111111111111111	0.03367003367003367	0.028011204481792718	0.028011204481792718	0.0	0.0	0.0	0.0	0.0	0.0	0.05128205128205128	0.025974025974025976	0.0	0.0	0.0	0.0	0.0	0.0	0.0	0.0	0.0	0.0	0.0	0.0	0.042239356352665104	0.0	0.025423728813559324	0.0423728813559322	0.08771929824561403	0.0	0.0	0.0	0.0	0.0	0.0	0.0	0.0	0.0	0.0	0.0	0.0	0.0	0.0	0.0	0.0	0.0	0.0	0.0	0.0	0.0	0.0	0.0	0.0	0.0	0.0	0.0	0.0	0.0	0.0	0.0	0.027538726333907058	0.0	0.0	0.0	0.0	0.0	0.0	0.0	0.10027855153203342	0.029288702928870293	0.0	0.0	0.0	0.0	0.0	0.0	0.0	0.0	0.0	0.15789473684210525	0.0	0.0	0.0	0.0	0.0	0.0	0.0	0.0	0.0	0.0	0.0	0.0	0.0	0.0	0.0	0.0	0.0	0.0	0.0	0.061224489795918366
0.0	0.0	0.0	0.0	0.0	0.0	0.0	0.0	0.0	0.0	0.0	0.07465525439847837	0.13508612873980055	0.31092436974789917	0.1340782122905028	0.0	0.0	0.0	0.0	0.0	0.0	0.0	0.0	0.12710280373831775	0.0	0.0	0.0	0.0	0.0	0.0	0.0	0.0	0.0	1.0	0.2348993288590604	0.2975206611570248	0.3697478991596639	0.0	0.0	0.0	0.09004739336492891	0.0	0.0	0.0	0.0	0.0	0.0	0.0	0.0	0.0	0.0	0.0	0.0	0.0	0.0	0.0	0.0	0.0	0.0	0.0	0.0	0.0	0.0	0.0	0.14453477868112014	0.037037037037037035	0.0	0.0	0.0	0.0	0.10344827586206896	0.0	0.25333333333333335	0.0	0.0	0.0	0.0	0.0	0.0	0.0	0.0	0.0	0.0	0.0	0.0	0.13737836290784203	0.03355704697986577	0.0	0.0	0.5348837209302325	0.23588039867109634	0.0	0.0	0.7241379310344828	0.0	0.0	0.0	0.0	0.0	0.0	0.0	0.0	0.0	0.02452316076294278	0.24666666666666667	0.0	0.0	0.0	0.0	0.0	0.0	0.0	0.0	0.0	0.0	0.0	0.1364562118126273	0.0	0.0	0.0	0.0	0.062146892655367235	0.0	0.18840579710144928	0.0	0.055248618784530384	0.0	0.055248618784530384	0.0	0.0	0.0	0.0	0.0	0.0	0.0	0.0	0.0	0.0	0.0	0.0	0.0	0.0	0.0	0.20922570016474465	0.0	0.0	0.0	0.0	0.0	0.0	0.0	0.0	0.0	0.0	0.0	0.2396694214876033	0.0	0.0	0.0	0.0	0.0	0.0	0.0	0.0	0.0	0.0	0.0	0.0	0.0	0.0	0.0	0.0	0.0	0.0	0.0	0.0	0.0	0.0	0.2598870056497175	0.0	0.03322259136212625	0.09467455621301775	0.0	0.0	0.033003300330033	0.0	0.0	0.0	0.0	0.0	0.06722689075630252	0.30201342281879195	0.1864406779661017	0.1	0.03734439834024896	0.029900332225913623	0.029900332225913623	0.0	0.0	0.0	0.0	0.0	0.0	0.056179775280898875	0.031055900621118012	0.0	0.0	0.0	0.0	0.055248618784530384	0.0	0.0	0.23076923076923078	0.0	0.04866180048661801	0.14634146341463414	0.026251025430680888	0.08372598767669445	0.0	0.0	0.0	0.0	0.0	0.0	0.0	0.0	0.0	0.11004126547455295	0.06741573033707865	0.3029045643153527	0.0	0.0	0.13584212941716384	0.0	0.0	0.0	0.0	0.0	0.16368638239339753	0.0	0.0	0.0	0.0	0.0	0.0	0.0	0.0	0.0	0.0	0.0	0.0	0.037037037037037035	0.0	0.01904761904761905	0.0	0.0	0.0	0.0	0.0	0.0	0.0	0.0	0.0	0.0	0.11320754716981132	0.0	0.18329466357308585	0.0	0.06741573033707865	0.0	0.39325842696629215	0.18556701030927836	0.09302325581395349	0.0	0.0	0.0	0.0	0.0	0.0	0.0	0.0	0.0	0.0	0.037606837606837605	0.0	0.0	0.0	0.0	0.0	0.0	0.0	0.0	0.0
0.07975460122699386	0.0	0.0	0.0	0.0	0.0	0.0	0.0	0.0	0.0	0.0	0.3842424242424242	0.44677966101694916	0.07547169811320754	0.11029411764705882	0.0	0.07422680412371134	0.0	0.012396694214876033	0.0	0.0	0.0	0.0	0.15256588072122051	0.0	0.0	0.0	0.0	0.03980099502487562	0.0	0.0	0.13278008298755187	0.13559322033898305	0.2348993288590604	1.0	0.07009345794392523	0.10849056603773585	0.0	0.0861244019138756	0.0	0.09210526315789473	0.0	0.0	0.0	0.0	0.0	0.0	0.0	0.0	0.0	0.0	0.0	0.0	0.0	0.0	0.0	0.0	0.05687203791469194	0.08495575221238938	0.0	0.0989010989010989	0.0	0.0	0.0	0.05138607167004733	0.06293706293706294	0.0	0.0	0.0	0.0	0.019867549668874173	0.09569377990430622	0.06995884773662552	0.0	0.0944206008583691	0.0	0.0	0.0	0.0	0.04428044280442804	0.0	0.10285714285714286	0.08333333333333333	0.0	0.0	0.02890405459654757	0.0743801652892562	0.0	0.06575342465753424	0.13966480446927373	0.059548254620123205	0.0	0.0	0.1390728476821192	0.0	0.0	0.10021268610033779	0.12282497441146366	0.0	0.02857142857142857	0.0	0.0	0.0	0.06329113924050633	0.12757201646090535	0.0	0.0	0.04892966360856269	0.0	0.0	0.0	0.0	0.0	0.05106382978723404	0.0	0.0	0.04579025110782865	0.0	0.0	0.0	0.0	0.08148148148148149	0.0	0.10911808669656203	0.0	0.010899182561307902	0.0	0.010899182561307902	0.0	0.0	0.0	0.0	0.08852459016393442	0.0	0.0	0.0	0.0	0.0	0.0	0.0	0.0	0.0	0.0	0.09295199182839632	0.0	0.0	0.0	0.0	0.0	0.0	0.0	0.0	0.0	0.0	0.0	0.08196721311475409	0.0	0.0	0.0	0.0	0.0	0.0	0.0	0.0	0.0	0.0	0.0	0.0	0.0	0.0	0.0	0.0	0.0	0.0	0.0	0.0	0.06402439024390244	0.0	0.1111111111111111	0.0	0.008213552361396304	0.46867749419953597	0.0	0.14127423822714683	0.022494887525562373	0.0	0.12429378531073447	0.01932367149758454	0.0	0.0	0.02358490566037736	0.09917355371900827	0.061611374407582936	0.028901734104046242	0.06323185011709602	0.08008213552361396	0.08008213552361396	0.0	0.0	0.0	0.0	0.0	0.0	0.01098901098901099	0.06726457399103139	0.0	0.0	0.0	0.0	0.010899182561307902	0.0	0.0	0.06206896551724138	0.0	0.08375209380234507	0.05142857142857143	0.01257071024512885	0.3285755067085355	0.0	0.013289036544850499	0.0273224043715847	0.0	0.0	0.0	0.0	0.0	0.0	0.040036396724294813	0.016483516483516484	0.07259953161592506	0.04963805584281282	0.0	0.04379062606910708	0.0	0.0	0.0	0.0	0.0	0.03184713375796178	0.0	0.0	0.0	0.0	0.0	0.0	0.0	0.0	0.0	0.0	0.05714285714285714	0.0	0.06293706293706294	0.0	0.06188466947960619	0.0	0.0	0.0	0.0	0.0	0.0	0.0	0.0736196319018405	0.0	0.0	0.04522613065326633	0.0	0.08914100486223663	0.0	0.016483516483516484	0.0	0.07692307692307693	0.07153502235469449	0.12849162011173185	0.0	0.0	0.014150943396226415	0.0	0.0	0.0	0.0	0.0	0.0	0.0	0.06874189364461739	0.0	0.0	0.0	0.0	0.0	0.0	0.0	0.02608695652173913	0.08913649025069638
0.0	0.0	0.0	0.0	0.0	0.0	0.0	0.0	0.0	0.0	0.0	0.03258569614896318	0.05062362435803375	0.09239130434782608	0.06557377049180328	0.0	0.0	0.0	0.0	0.0	0.0	0.0	0.0	0.042105263157894736	0.0	0.0	0.0	0.0	0.0	0.0	0.0	0.0	0.0	0.2975206611570248	0.07009345794392523	1.0	0.13043478260869565	0.0	0.0	0.0	0.03985507246376811	0.0	0.0	0.0	0.0	0.0	0.0	0.0	0.0	0.0	0.0	0.0	0.0	0.0	0.0	0.0	0.0	0.0	0.0	0.0	0.0	0.0	0.0	0.0	0.4857351865398683	0.013404825737265416	0.0	0.0	0.0	0.0	0.032520325203252036	0.0	0.08372093023255814	0.0	0.0	0.0	0.0	0.0	0.0	0.0	0.0	0.0	0.0	0.0	0.0	0.035288928098809	0.014018691588785047	0.0	0.0	0.17218543046357615	0.07192575406032482	0.0	0.0	0.17886178861788618	0.0	0.0	0.0	0.0	0.0	0.0	0.0	0.0	0.0	0.01006036217303823	0.07906976744186046	0.0	0.0	0.0	0.0	0.0	0.0	0.0	0.0	0.0	0.0	0.0	0.043478260869565216	0.0	0.0	0.0	0.0	0.0371900826446281	0.0	0.08319738988580751	0.0	0.01929260450160772	0.0	0.01929260450160772	0.0	0.0	0.0	0.0	0.0	0.0	0.0	0.0	0.0	0.0	0.0	0.0	0.0	0.0	0.0	0.05420991926182238	0.0	0.0	0.0	0.0	0.0	0.0	0.0	0.0	0.0	0.0	0.0	0.09533468559837728	0.0	0.0	0.0	0.0	0.0	0.0	0.0	0.0	0.0	0.0	0.0	0.0	0.0	0.0	0.0	0.0	0.0	0.0	0.0	0.0	0.0	0.0	0.10743801652892562	0.0	0.013921113689095127	0.02977667493796526	0.0	0.0	0.013856812933025405	0.0	0.0	0.0	0.0	0.0	0.03260869565217391	0.11682242990654206	0.07650273224043716	0.041379310344827586	0.013477088948787063	0.01160092807424594	0.01160092807424594	0.0	0.0	0.0	0.0	0.0	0.0	0.01948051948051948	0.01794453507340946	0.0	0.0	0.0	0.0	0.01929260450160772	0.0	0.0	0.08547008547008547	0.0	0.029574861367837338	0.06802721088435375	0.016227180527383367	0.02165294297041781	0.0	0.0	0.0	0.0	0.0	0.0	0.0	0.0	0.0	0.0486322188449848	0.025974025974025976	0.0889487870619946	0.0	0.0	0.05038903297517599	0.0	0.0	0.0	0.0	0.0	0.03951367781155015	0.0	0.0	0.0	0.0	0.0	0.0	0.0	0.0	0.0	0.0	0.0	0.0	0.013404825737265416	0.0	0.00916030534351145	0.0	0.0	0.0	0.0	0.0	0.0	0.0	0.0	0.0	0.0	0.05847953216374269	0.0	0.06951871657754011	0.0	0.025974025974025976	0.0	0.09740259740259741	0.08130081300813008	0.039735099337748346	0.0	0.0	0.0	0.0	0.0	0.0	0.0	0.0	0.0	0.0	0.025174825174825177	0.0	0.0	0.0	0.0	0.0	0.0	0.0	0.0	0.0
0.0	0.0	0.0	0.0	0.0	0.01639344262295082	0.032467532467532464	0.012244897959183673	0.012244897959183673	0.02830188679245283	0.020242914979757085	0.04628450106157112	0.07453874538745388	0.13736263736263737	0.08264462809917356	0.011994669035984007	0.0	0.0	0.0	0.0	0.0	0.0	0.010752688172043012	0.06656580937972768	0.0	0.0	0.0	0.03355704697986577	0.0	0.02830188679245283	0.0	0.0	0.0	0.3697478991596639	0.10849056603773585	0.13043478260869565	1.0	0.10067114093959731	0.0	0.0	0.05474452554744526	0.006036217303822937	0.0	0.024793388429752067	0.012244897959183673	0.0196078431372549	0.04529616724738676	0.03044496487119438	0.014844804318488529	0.007077856420626896	0.01820633850303439	0.02056555269922879	0.03183673469387755	0.013386880856760375	0.0196078431372549	0.0	0.0	0.0	0.0	0.0	0.0	0.012244897959183673	0.024793388429752067	0.020930232558139535	0.08241353936718175	0.024390243902439025	0.0	0.01507537688442211	0.016216216216216217	0.0	0.049586776859504134	0.0	0.12206572769953052	0.0	0.0	0.0	0.0	0.0	0.0	0.0	0.0	0.0	0.0	0.0	0.0	0.3673922701021768	0.02358490566037736	0.0	0.0	0.22818791946308725	0.11007025761124122	0.018108651911468814	0.0	0.24793388429752067	0.049586776859504134	0.027463651050080775	0.0	0.0	0.0	0.0	0.0	0.016286644951140065	0.0	0.018255578093306288	0.11737089201877934	0.02830188679245283	0.01098901098901099	0.0	0.00804289544235925	0.016216216216216217	0.0	0.0	0.02056555269922879	0.06341463414634146	0.0	0.0	0.07455429497568881	0.0	0.0	0.0	0.024793388429752067	0.04583333333333333	0.01639344262295082	0.11001642036124795	0.0	0.03257328990228013	0.0	0.03257328990228013	0.0	0.0	0.0	0.0	0.0	0.0	0.0	0.0	0.02333931777378815	0.02830188679245283	0.0	0.0	0.0	0.0	0.017804154302670624	0.0919674039580908	0.02564102564102564	0.034013605442176874	0.009302325581395349	0.0069124423963133645	0.006048387096774193	0.014218009478672985	0.009302325581395349	0.013071895424836602	0.009302325581395349	0.009302325581395349	0.0069124423963133645	0.12883435582822086	0.012987012987012988	0.0	0.0	0.0	0.05084745762711865	0.033707865168539325	0.0	0.013953488372093023	0.0	0.027932960893854747	0.008064516129032258	0.010810810810810811	0.010810810810810811	0.008064516129032258	0.010810810810810811	0.01639344262295082	0.008064516129032258	0.010810810810810811	0.0	0.0	0.0	0.010676156583629894	0.14166666666666666	0.04918032786885246	0.23185011709601874	0.04987531172069826	0.0196078431372549	0.0	0.023310023310023312	0.0	0.0	0.0	0.06040268456375839	0.01098901098901099	0.04395604395604396	0.15566037735849056	0.09944751381215469	0.055944055944055944	0.02452316076294278	0.02107728337236534	0.02107728337236534	0.0	0.0	0.0	0.0	0.0	0.0	0.03289473684210526	0.024630541871921183	0.015384615384615385	0.1588785046728972	0.0	0.0	0.03257328990228013	0.013477088948787063	0.00804289544235925	0.10434782608695652	0.0196078431372549	0.05772811918063315	0.08275862068965517	0.07138001359619306	0.04137296965982225	0.0	0.0	0.0	0.0	0.016286644951140065	0.02962962962962963	0.06382978723404255	0.0	0.01639344262295082	0.06537282941777324	0.039473684210526314	0.1335149863760218	0.023612750885478158	0.009708737864077669	0.3440178904211703	0.0	0.0	0.0	0.009302325581395349	0.0069124423963133645	0.10112359550561797	0.019543973941368076	0.014469453376205787	0.0	0.0	0.0	0.0	0.0	0.0	0.0	0.0	0.0	0.02631578947368421	0.024390243902439025	0.012987012987012988	0.015360983102918587	0.011345218800648298	0.02185792349726776	0.0196078431372549	0.0	0.0	0.0	0.0	0.0	0.0	0.10204081632653061	0.07100591715976332	0.01820633850303439	0.09874326750448834	0.06229508196721312	0.039473684210526314	0.02830188679245283	0.1513157894736842	0.10801963993453355	0.053691275167785234	0.0	0.036036036036036036	0.0	0.0	0.0	0.04395604395604396	0.03779366700715015	0.01639344262295082	0.07246376811594203	0.05921052631578947	0.06751054852320675	0.017804154302670624	0.017804154302670624	0.014434643143544507	0.024390243902439025	0.027124773960216998	0.0	0.024390243902439025	0.02441860465116279	0.015197568389057751
0.0	0.0	0.0	0.0	0.0	0.056179775280898875	0.11570247933884298	0.05027932960893855	0.05027932960893855	0.08379888268156424	0.06542056074766354	0.0	0.0	0.0	0.0	0.0498238550578762	0.0	0.0	0.0	0.0	0.022988505747126436	0.0	0.032679738562091505	0.0	0.0	0.0	0.0	0.06896551724137931	0.06289308176100629	0.08379888268156424	0.0	0.0	0.0	0.0	0.0	0.0	0.10067114093959731	1.0	0.0	0.0	0.0	0.02088167053364269	0.04245283018867924	0.06818181818181818	0.05027932960893855	0.05	0.48148148148148145	0.08587257617728532	0.03776683087027915	0.022170361726954493	0.081214109926169	0.05205368035786905	0.0686184812442818	0.041116005873715125	0.05	0.0	0.0	0.0	0.0	0.0	0.0	0.05027932960893855	0.06818181818181818	0.04120879120879121	0.0	0.0	0.0	0.05909617612977984	0.05521472392638037	0.0	0.0	0.0	0.0	0.0	0.0	0.0	0.0	0.0	0.0	0.11538461538461539	0.0	0.0	0.0	0.0	0.0	0.05385002516356316	0.0	0.0	0.0	0.0	0.0	0.06264501160092807	0.0	0.0	0.10047846889952153	0.06329113924050633	0.0	0.0	0.0	0.0	0.0	0.04564315352697095	0.0	0.0	0.0	0.08379888268156424	0.03355704697986577	0.0	0.029315960912052116	0.039473684210526314	0.0	0.04986149584487535	0.05205368035786905	0.09302325581395349	0.0	0.0	0.016333938294010888	0.0	0.0	0.0	0.06818181818181818	0.0	0.04	0.0	0.0	0.0	0.0	0.0	0.0	0.0	0.0	0.0	0.0	0.0	0.0	0.0	0.06313645621181263	0.08379888268156424	0.0	0.03361344537815126	0.0	0.0	0.049342105263157895	0.0	0.07462686567164178	0.07017543859649122	0.027472527472527472	0.024456521739130436	0.020930232558139535	0.033707865168539325	0.027472527472527472	0.041666666666666664	0.027472527472527472	0.027472527472527472	0.024456521739130436	0.0	0.04132231404958678	0.0	0.0	0.0	0.125	0.10344827586206896	0.05263157894736842	0.03296703296703297	0.0	0.0547945205479452	0.029411764705882353	0.03289473684210526	0.03289473684210526	0.029411764705882353	0.03289473684210526	0.04	0.029411764705882353	0.03289473684210526	0.0	0.0	0.022641509433962263	0.024193548387096774	0.0	0.15639810426540285	0.09695290858725762	0.03260869565217391	0.05	0.0	0.0	0.0	0.0	0.0	0.15517241379310345	0.025	0.0	0.0	0.0	0.0	0.0	0.0	0.0	0.0	0.0	0.0	0.0	0.0	0.0	0.0	0.0	0.04986400725294651	0.2702702702702703	0.15517241379310345	0.0	0.0	0.036065573770491806	0.029315960912052116	0.0	0.05	0.036093418259023353	0.0	0.05153099327856609	0.0	0.0	0.025210084033613446	0.0	0.0	0.04564315352697095	0.0664819944598338	0.1188118811881188	0.0	0.056179775280898875	0.0	0.0	0.0	0.08251748251748252	0.037037037037037035	0.0607689127738735	0.0	0.0	0.0	0.027472527472527472	0.024456521739130436	0.0755608028335301	0.05474452554744526	0.048561151079136694	0.13636363636363635	0.0	0.0	0.0	0.0	0.0	0.0	0.0	0.0	0.06273062730627306	0.0	0.04132231404958678	0.0	0.03917525773195876	0.04666666666666667	0.05	0.0	0.19298245614035087	0.19298245614035087	0.0	0.0	0.012448132780082987	0.3684210526315789	0.0	0.081214109926169	0.0	0.15481171548117154	0.0	0.08379888268156424	0.0	0.0	0.0	0.0	0.07	0.0	0.0	0.0	0.11409395973154363	0.08618654073199528	0.056179775280898875	0.13793103448275862	0.7310924369747899	0.04961240310077519	0.049342105263157895	0.049342105263157895	0.0484304932735426	0.07042253521126761	0.06776180698151951	0.0	0.07042253521126761	0.0491183879093199	0.12837837837837837
0.17757009345794392	0.0	0.0	0.0	0.0	0.0	0.0	0.0	0.0	0.0	0.0	0.04353393085787452	0.058078927773641105	0.0	0.0	0.0	0.11455847255369929	0.3333333333333333	0.14832535885167464	0.0	0.0	0.0	0.0	0.1099236641221374	0.04201680672268908	0.22972972972972974	0.0	0.0	0.0893854748603352	0.0	0.0	0.09615384615384616	0.0	0.0	0.0861244019138756	0.0	0.0	0.0	1.0	0.0	0.08856088560885608	0.0	0.0	0.0	0.0	0.0	0.0	0.0	0.0	0.0	0.0	0.0	0.0	0.0	0.0	0.1643835616438356	0.20689655172413793	0.23595505617977527	0.22012578616352202	0.19230769230769232	0.0	0.0	0.0	0.0	0.0	0.09917355371900827	0.0	0.0	0.0	0.09392265193370165	0.0	0.14772727272727273	0.0	0.0	0.14	0.0	0.12080536912751678	0.0	0.0	0.07563025210084033	0.0	0.0	0.0	0.12162162162162163	0.0	0.0	0.10526315789473684	0.0	0.12040133779264214	0.0	0.0	0.0	0.0	0.0	0.0	0.0	0.03536503683858004	0.08520710059171598	0.0	0.04519774011299435	0.05084745762711865	0.0	0.0	0.09034907597535935	0.0	0.0	0.0	0.08480565371024736	0.0	0.0	0.0	0.021377672209026127	0.0	0.0891089108910891	0.32142857142857145	0.20689655172413793	0.03600654664484452	0.0	0.0	0.0	0.0	0.08438818565400844	0.0	0.05970149253731343	0.0	0.0	0.0	0.0	0.0	0.0	0.06896551724137931	0.0410958904109589	0.0	0.0	0.0	0.0	0.0	0.0	0.0	0.0	0.0	0.0	0.0	0.08500590318772137	0.0	0.0	0.0	0.0	0.0	0.0	0.0	0.0	0.0	0.0	0.0	0.0	0.0	0.0	0.0	0.0	0.0	0.0	0.0	0.0	0.0	0.0	0.0	0.0	0.0	0.0	0.0	0.0	0.0	0.0	0.0	0.0	0.15932203389830507	0.0	0.029535864978902954	0.0	0.0	0.06030150753768844	0.0	0.0	0.026004728132387706	0.0	0.19444444444444445	0.034482758620689655	0.0	0.022222222222222223	0.0	0.0	0.0	0.0	0.0997229916897507	0.11401425178147269	0.11401425178147269	0.0	0.0	0.09523809523809523	0.19444444444444445	0.16666666666666666	0.0	0.0	0.07960199004975124	0.0	0.0	0.0	0.0	0.0	0.0	0.0	0.0	0.0	0.0903954802259887	0.0	0.0	0.03519604816301328	0.0	0.09701492537313433	0.0	0.0	0.0	0.0	0.0	0.0	0.0	0.0	0.0	0.0	0.08622754491017964	0.0	0.0	0.0	0.0	0.0	0.0	0.0	0.0	0.0	0.0	0.0	0.0	0.0	0.0	0.0	0.0	0.0	0.0547945205479452	0.1016949152542373	0.0	0.09917355371900827	0.0	0.08062015503875969	0.0	0.0	0.0	0.0	0.0	0.0	0.0	0.0	0.0	0.0	0.0	0.0	0.0544464609800363	0.0	0.0	0.0	0.040268456375838924	0.0	0.0	0.23204419889502761	0.0	0.13966480446927373	0.0	0.05084745762711865	0.0	0.0	0.0	0.0	0.0	0.06950354609929078	0.0	0.0	0.0	0.0	0.0	0.0	0.0	0.04215456674473068	0.06134969325153374
0.0	0.0	0.0	0.05361131794489948	0.0	0.0	0.0	0.0	0.0	0.0	0.0	0.0	0.0	0.0	0.0	0.0	0.07398568019093078	0.0	0.0	0.0	0.0392156862745098	0.024390243902439025	0.0	0.0549618320610687	0.0	0.0	0.0	0.0	0.0	0.0	0.0	0.08653846153846154	0.0	0.0	0.0	0.0	0.0	0.0	0.0	1.0	0.0	0.08961303462321792	0.0	0.0	0.0	0.0	0.0	0.0	0.0	0.0	0.0	0.0	0.0	0.0	0.0	0.0	0.0	0.0	0.0	0.0	0.0	0.0	0.0	0.0	0.0	0.0	0.0	0.0	0.0	0.0	0.0	0.0	0.0	0.0	0.0	0.0	0.0	0.0	0.0	0.025210084033613446	0.0	0.0	0.0	0.0	0.0	0.0	0.0	0.0	0.06354515050167224	0.0	0.023752969121140142	0.0	0.0	0.0	0.0	0.0	0.0	0.0485207100591716	0.0	0.0	0.0	0.0	0.0	0.0	0.0	0.0	0.0	0.0	0.0	0.0	0.10714285714285714	0.028503562945368172	0.0	0.0	0.0	0.0	0.031096563011456628	0.0	0.0	0.0	0.0	0.0	0.15555555555555556	0.0	0.0	0.0	0.09243697478991597	0.0	0.0	0.0	0.0	0.0	0.0	0.0	0.0	0.0	0.0	0.0	0.0	0.0	0.0	0.0	0.0	0.0	0.0	0.1388888888888889	0.1650943396226415	0.1378504672897196	0.12040816326530612	0.22115384615384615	0.0660377358490566	0.07333333333333333	0.0660377358490566	0.1650943396226415	0.1378504672897196	0.0	0.0	0.0	0.0	0.0	0.0	0.0	0.05555555555555555	0.1320754716981132	0.09243697478991597	0.20454545454545456	0.12021857923497267	0.13186813186813187	0.13186813186813187	0.12021857923497267	0.13186813186813187	0.15555555555555556	0.12021857923497267	0.13186813186813187	0.3611111111111111	0.05084745762711865	0.0	0.0	0.0	0.0	0.0	0.0	0.0	0.0	0.0	0.18095238095238095	0.0	0.0	0.0	0.1259259259259259	0.027932960893854747	0.0	0.0	0.0	0.0	0.0	0.0	0.11864406779661017	0.11864406779661017	0.0	0.0	0.0	0.0	0.0	0.0	0.0	0.0	0.0	0.0	0.0	0.0	0.0	0.0	0.0	0.0	0.0	0.0	0.027168879283729547	0.0	0.0	0.0	0.0	0.0	0.0	0.0	0.0	0.0	0.0	0.0	0.0	0.0	0.0	0.0	0.0	0.1724137931034483	0.0	0.1650943396226415	0.1378504672897196	0.0	0.0	0.0	0.0	0.0	0.0	0.0	0.0	0.0	0.0	0.0	0.0	0.0	0.0	0.0	0.07441860465116279	0.0	0.0	0.0	0.0	0.0	0.0	0.0	0.04491725768321513	0.02214022140221402	0.0	0.0	0.0	0.0	0.0	0.0	0.0	0.0	0.0	0.0	0.0	0.0	0.0	0.13513513513513514	0.0	0.0782122905027933	0.0	0.0	0.0	0.0	0.0	0.0	0.0	0.0	0.0	0.0	0.0	0.0	0.0	0.0
0.13312034078807242	0.0	0.0	0.0	0.0	0.0	0.0	0.0	0.0	0.0	0.0	0.09217774513404334	0.1735345327916425	0.08029197080291971	0.2245508982035928	0.0	0.07881773399014778	0.0	0.01644736842105263	0.0	0.0	0.0	0.0	0.09940828402366864	0.0	0.0	0.0	0.0	0.04951856946354883	0.0	0.0	0.066006600660066	0.0	0.09004739336492891	0.09210526315789473	0.03985507246376811	0.05474452554744526	0.0	0.08856088560885608	0.0	1.0	0.0	0.0	0.0	0.0	0.0	0.0	0.0	0.0	0.0	0.0	0.0	0.0	0.0	0.0	0.0	0.0	0.06593406593406594	0.08763121862163396	0.0	0.0	0.0	0.0	0.0	0.0671685002895194	0.1717902350813743	0.0	0.0	0.0	0.0	0.07981220657276995	0.0959409594095941	0.04262295081967213	0.0	0.09491525423728814	0.0	0.0	0.0	0.0	0.05405405405405406	0.0	0.0	0.0	0.0	0.0	0.021426180113826583	0.09210526315789473	0.0	0.0736196319018405	0.07053941908713693	0.04091653027823241	0.0	0.0	0.06103286384976526	0.0	0.0	0.02938230383973289	0.05877551020408163	0.0	0.029411764705882353	0.0	0.0	0.0	0.15214180206794684	0.07213114754098361	0.0	0.0	0.05858421480878763	0.0	0.0	0.0	0.0	0.0	0.06060606060606061	0.0	0.0	0.03870162297128589	0.0	0.0	0.0	0.0	0.23493975903614459	0.0	0.19293820933165196	0.0	0.024439918533604887	0.0	0.024439918533604887	0.0	0.0	0.0	0.0	0.0	0.0	0.0	0.0	0.0	0.0	0.0	0.0	0.0	0.0	0.0	0.2273838630806846	0.0	0.0	0.0	0.0	0.0	0.0	0.0	0.0	0.0	0.0	0.0	0.0787518573551263	0.0	0.0	0.0	0.0	0.0	0.0	0.0	0.0	0.0	0.0	0.0	0.0	0.0	0.0	0.0	0.0	0.0	0.0	0.0	0.0	0.06923076923076923	0.0	0.07228915662650602	0.0	0.019639934533551555	0.11561866125760649	0.0	0.0	0.037520391517128875	0.0	0.11715481171548117	0.022304832713754646	0.0	0.0	0.032846715328467155	0.09868421052631579	0.5164835164835165	0.08085106382978724	0.09618874773139746	0.15875613747954173	0.15875613747954173	0.0	0.0	0.0	0.0	0.0	0.0	0.040983606557377046	0.2005044136191677	0.0	0.0	0.0	0.0	0.04073319755600815	0.0	0.0	0.16908212560386474	0.0	0.21359223300970873	0.05485232067510549	0.01957585644371941	0.04326081520380095	0.0	0.01652892561983471	0.0	0.0	0.0	0.0	0.0	0.0	0.0	0.06829992576095026	0.028688524590163935	0.0852994555353902	0.05925925925925926	0.0	0.02573852003509798	0.0	0.0	0.0	0.0	0.0	0.02301410541945063	0.0	0.0	0.0	0.0	0.0	0.0	0.0	0.0	0.0	0.0	0.0661764705882353	0.0	0.1717902350813743	0.0	0.07664670658682635	0.0	0.0	0.0	0.0	0.0	0.0	0.0	0.0	0.0	0.0	0.04980842911877394	0.0	0.18758434547908232	0.0	0.028688524590163935	0.0	0.040983606557377046	0.07547169811320754	0.0954356846473029	0.0	0.0	0.01824817518248175	0.0	0.0	0.0	0.0	0.0	0.0	0.0	0.17541899441340783	0.0	0.0	0.0	0.0	0.0	0.0	0.0	0.034482758620689655	0.047505938242280284
0.0	0.0	0.025404157043879907	0.04688463911165947	0.0	0.023872679045092837	0.015873015873015872	0.015873015873015872	0.015873015873015872	0.005385996409335727	0.011164274322169059	0.0	0.0	0.0	0.0	0.0017966223499820337	0.00985663082437276	0.0	0.0	0.0	0.015539305301645339	0.004553734061930784	0.01782178217821782	0.005667506297229219	0.0	0.0	0.0	0.02088167053364269	0.0	0.005385996409335727	0.0	0.008108108108108109	0.0	0.0	0.0	0.0	0.006036217303822937	0.02088167053364269	0.0	0.08961303462321792	0.0	1.0	0.01765650080256822	0.04	0.015873015873015872	0.03416856492027335	0.02040816326530612	0.014285714285714285	0.026812313803376366	0.11235059760956176	0.0024813895781637717	0.013517665130568356	0.015425888665325285	0.007954545454545454	0.03416856492027335	0.0	0.0	0.0	0.0	0.0	0.0	0.015873015873015872	0.04	0.028419182948490232	0.0	0.0	0.0	0.0023790642347343376	0.0029069767441860465	0.0	0.0	0.0	0.012522361359570662	0.0	0.0	0.0	0.0	0.0	0.0	0.007317073170731708	0.0	0.0	0.0	0.0	0.0	0.01329500538986705	0.0	0.0	0.003424657534246575	0.0	0.004464285714285714	0.0031746031746031746	0.0	0.0	0.011345218800648298	0.015957446808510637	0.0	0.003561887800534283	0.0	0.0	0.0	0.02727272727272727	0.0	0.0	0.0	0.005385996409335727	0.018108651911468814	0.0	0.011857707509881422	0.02982107355864811	0.045454545454545456	0.008035714285714285	0.013517665130568356	0.04604051565377532	0.0	0.0	0.01	0.0	0.07692307692307693	0.055456171735241505	0.04	0.0	0.22044088176352705	0.0	0.0	0.0	0.006631299734748011	0.0	0.0	0.0	0.0	0.0	0.0	0.0	0.0	0.0	0.011594202898550725	0.005385996409335727	0.0	0.0	0.0	0.0	0.0037174721189591076	0.0	0.004991680532445923	0.08313817330210772	0.08170515097690942	0.04938271604938271	0.04451510333863275	0.14774774774774774	0.023978685612788632	0.02619589977220957	0.023978685612788632	0.08170515097690942	0.04938271604938271	0.0	0.02040816326530612	0.0	0.0	0.0	0.01026694045174538	0.006134969325153374	0.01990632318501171	0.08880994671403197	0.01989389920424403	0.40325865580448067	0.3722772277227723	0.5606361829025845	0.27435387673956263	0.3722772277227723	0.27435387673956263	0.46092184368737477	0.3722772277227723	0.27435387673956263	0.2786885245901639	0.084	0.0	0.02158273381294964	0.0	0.040257648953301126	0.05	0.0	0.03416856492027335	0.0	0.0	0.05366726296958855	0.0	0.0	0.01160092807424594	0.09278350515463918	0.005030181086519115	0.0	0.0	0.0	0.0	0.0	0.0	0.012	0.012	0.0	0.0	0.0	0.0	0.0	0.0	0.012658227848101266	0.09510086455331412	0.0	0.0	0.0	0.023809523809523808	0.011857707509881422	0.0	0.03416856492027335	0.020895522388059702	0.0	0.012089810017271158	0.007905138339920948	0.0	0.0	0.0	0.0	0.02727272727272727	0.00675219446320054	0.014925373134328358	0.0	0.023872679045092837	0.023293172690763052	0.0	0.0	0.016172506738544475	0.013574660633484163	0.006531881804043546	0.0	0.022911051212938006	0.0	0.08170515097690942	0.04938271604938271	0.017670682730923693	0.004016064257028112	0.0026490066225165563	0.0	0.0	0.0	0.014028056112224449	0.0	0.0	0.0	0.0	0.0	0.022941970310391364	0.0	0.02040816326530612	0.010841836734693877	0.01698754246885617	0.14428857715430862	0.03416856492027335	0.0	0.0	0.0	0.04470588235294118	0.0026690391459074734	0.006607929515418502	0.02107728337236534	0.0	0.0024813895781637717	0.0	0.0228310502283105	0.0	0.005385996409335727	0.0	0.0	0.0	0.0	0.008760951188986232	0.0	0.01954022988505747	0.0	0.0613682092555332	0.013654618473895583	0.023872679045092837	0.016453382084095063	0.011441647597254004	0.02962085308056872	0.0037174721189591076	0.0037174721189591076	0.0026437541308658294	0.0048	0.02040816326530612	0.0	0.0048	0.02416918429003021	0.011378002528445006
0.0	0.0	0.06572769953051644	0.024268823895457373	0.0	0.0	0.0	0.0	0.0	0.0	0.0	0.0	0.0	0.0	0.0	0.0	0.0	0.07142857142857142	0.0	0.0	0.011111111111111112	0.0	0.0	0.0	0.0	0.04205607476635514	0.0	0.0	0.03587443946188341	0.0	0.0	0.0	0.0	0.0	0.0	0.0	0.0	0.04245283018867924	0.0	0.0	0.0	0.01765650080256822	1.0	0.0	0.0	0.0	0.0215633423180593	0.0	0.0	0.022562449637389202	0.0	0.0	0.0	0.0	0.0	0.014150943396226415	0.0	0.0	0.0	0.0	0.0	0.0	0.0	0.0	0.04655493482309125	0.0	0.0	0.0	0.0	0.0	0.0	0.0	0.021739130434782608	0.0	0.0	0.0	0.027906976744186046	0.0	0.0	0.06907894736842106	0.0	0.0	0.0	0.0	0.0	0.0	0.0	0.0	0.0	0.0	0.0	0.0	0.0	0.0	0.0	0.0	0.0	0.0	0.0	0.037037037037037035	0.0	0.0	0.08241758241758242	0.0	0.0	0.0	0.0	0.0	0.0	0.0	0.0	0.0216998191681736	0.0	0.0	0.0	0.0	0.0	0.0	0.03260869565217391	0.03260869565217391	0.0	0.0	0.0	0.0	0.0	0.006928406466512702	0.0	0.006928406466512702	0.0	0.0	0.0	0.0	0.0	0.0	0.0	0.08241758241758242	0.0	0.0	0.08241758241758242	0.04186046511627907	0.0	0.0	0.0	0.0	0.0	0.0	0.0	0.0	0.09646302250803858	0.0	0.1079136690647482	0.0	0.1079136690647482	0.0	0.0	0.0	0.0	0.0216998191681736	0.0	0.0	0.0	0.0	0.023809523809523808	0.0	0.0	0.0	0.0	0.0	0.0	0.0	0.0	0.0	0.0	0.0	0.0	0.0	0.013850415512465374	0.0	0.0	0.029315960912052116	0.0	0.01939655172413793	0.0	0.0	0.0	0.0	0.0	0.0	0.0	0.0	0.0	0.0	0.0	0.0	0.0	0.0	0.0	0.0	0.0	0.03260869565217391	0.0	0.023809523809523808	0.0	0.0	0.0	0.0	0.0	0.11320754716981132	0.0	0.006928406466512702	0.0	0.0	0.0	0.0	0.0	0.04326923076923077	0.0	0.0	0.0	0.014970059880239521	0.009259259259259259	0.0	0.0	0.0	0.0	0.0	0.0	0.020308692120227456	0.009302325581395349	0.0	0.01364877161055505	0.0	0.0	0.0	0.0	0.0	0.0	0.0	0.0	0.0	0.0	0.04891304347826087	0.0	0.0	0.12195121951219512	0.13953488372093023	0.10392609699769054	0.10743061772605192	0.04245283018867924	0.0	0.0	0.0	0.0	0.003861003861003861	0.0	0.02032520325203252	0.0	0.0	0.09047619047619047	0.09047619047619047	0.0861244019138756	0.0	0.005934718100890208	0.07142857142857142	0.01293103448275862	0.0	0.0	0.0	0.009302325581395349	0.0	0.0	0.004070556309362279	0.0	0.024291497975708502	0.0	0.0	0.0	0.0	0.0	0.0	0.0	0.0	0.027906976744186046	0.0	0.0	0.0	0.0	0.0	0.0	0.027472527472527472	0.0	0.0	0.06887755102040816
0.0	0.0	0.0	0.0	0.0	0.7377049180327869	0.40860215053763443	0.6097560975609756	0.6097560975609756	0.019867549668874173	0.20430107526881722	0.0	0.0	0.0	0.0	0.009642654566080544	0.0	0.0	0.0	0.0	0.0	0.0	0.152	0.0	0.0	0.0	0.0	0.06818181818181818	0.0	0.019867549668874173	0.0	0.0	0.0	0.0	0.0	0.0	0.024793388429752067	0.06818181818181818	0.0	0.0	0.0	0.04	0.0	1.0	0.6097560975609756	0.5652173913043478	0.2544570502431118	0.25245901639344265	0.38832997987927564	0.18926174496644296	0.017085427135678392	0.16465324384787472	0.1600407747196738	0.1216	0.5652173913043478	0.0	0.0	0.0	0.0	0.0	0.0	0.6097560975609756	0.2	0.275974025974026	0.0	0.0	0.0	0.011984021304926764	0.011547344110854504	0.0	0.0	0.0	0.0	0.0	0.0	0.0	0.0	0.0	0.0	0.0	0.0	0.0	0.0	0.0	0.0	0.0867838910947249	0.0	0.0	0.0	0.0	0.0	0.013333333333333334	0.0	0.0	0.027624309392265192	0.1710261569416499	0.0	0.0	0.0	0.0	0.0	0.11351351351351352	0.0	0.0	0.0	0.019867549668874173	0.0743801652892562	0.0	0.13147410358565736	0.1935483870967742	0.0	0.0	0.035794183445190156	0.09722222222222222	0.0	0.0	0.030303030303030304	0.0	0.0	0.0	0.2	0.0	0.09836065573770492	0.0	0.0	0.0	0.0	0.0	0.0	0.0	0.0	0.0	0.0	0.0	0.0	0.0	0.08505747126436781	0.019867549668874173	0.0	0.0	0.0	0.0	0.010869565217391304	0.0	0.017341040462427744	0.20930232558139536	0.05844155844155844	0.04807692307692308	0.040106951871657755	0.08	0.05844155844155844	0.09782608695652174	0.05844155844155844	0.05844155844155844	0.04807692307692308	0.0	0.0967741935483871	0.0	0.0	0.0	0.034482758620689655	0.02564102564102564	0.0	0.07792207792207792	0.0	0.15254237288135594	0.06	0.07258064516129033	0.07258064516129033	0.06	0.07258064516129033	0.09836065573770492	0.06	0.07258064516129033	0.0	0.0	0.0	0.10909090909090909	0.0	0.09289617486338798	0.12131147540983607	0.0	0.30434782608695654	0.0	0.0	0.0	0.0	0.0	0.045454545454545456	0.05660377358490566	0.0	0.0	0.0	0.0	0.0	0.0	0.0	0.0	0.0	0.0	0.0	0.0	0.0	0.0	0.0	0.18264379414732593	0.391304347826087	0.0	0.0	0.0	0.08433734939759036	0.13147410358565736	0.0	0.13043478260869565	0.05542168674698795	0.0	0.03178484107579462	0.0	0.0	0.0	0.0	0.0	0.11351351351351352	0.016477857878475798	0.034482758620689655	0.0	0.3442622950819672	0.0	0.0	0.0	0.03980099502487562	0.08021390374331551	0.015034168564920273	0.0	0.0	0.0	0.05844155844155844	0.04807692307692308	0.11972789115646258	0.012195121951219513	0.01	0.0	0.0	0.0	0.0	0.0	0.0	0.0	0.0	0.0	0.102880658436214	0.0	0.0967741935483871	0.0	0.08847184986595175	0.12295081967213115	0.13043478260869565	0.0	0.0	0.0	0.0	0.0	0.0	0.06976744186046512	0.0	0.017085427135678392	0.0	0.43169398907103823	0.0	0.019867549668874173	0.0	0.0	0.0	0.0	0.01838235294117647	0.0	0.0	0.0	0.10743801652892562	0.1945578231292517	0.7377049180327869	0.0410958904109589	0.04395604395604396	0.04753820033955857	0.010869565217391304	0.010869565217391304	0.009970089730807577	0.016216216216216217	0.05336426914153132	0.0	0.016216216216216217	0.044715447154471545	0.022388059701492536
0.0	0.0	0.0	0.0	0.0	0.744	0.3333333333333333	0.49206349206349204	0.49206349206349204	0.009836065573770493	0.168	0.0	0.0	0.0	0.0	0.0028169014084507044	0.0	0.0	0.0	0.0	0.0	0.0	0.06719367588932806	0.0	0.0	0.0	0.0	0.05027932960893855	0.0	0.009836065573770493	0.0	0.0	0.0	0.0	0.0	0.0	0.012244897959183673	0.05027932960893855	0.0	0.0	0.0	0.015873015873015872	0.0	0.6097560975609756	1.0	0.3155080213903743	0.18459069020866772	0.2077922077922078	0.3320079522862823	0.1318242343541944	0.004965243296921549	0.08366711170449488	0.11651469098277609	0.10031847133757962	0.3155080213903743	0.0	0.0	0.0	0.0	0.0	0.0	0.49206349206349204	0.12195121951219512	0.2315112540192926	0.0	0.0	0.0	0.003963011889035667	0.0045871559633027525	0.0	0.0	0.0	0.0	0.0	0.0	0.0	0.0	0.0	0.0	0.0	0.0	0.0	0.0	0.0	0.0	0.038873239436619716	0.0	0.0	0.0	0.0	0.0	0.005291005291005291	0.0	0.0	0.019178082191780823	0.08	0.0	0.0	0.0	0.0	0.0	0.06382978723404255	0.0	0.0	0.0	0.009836065573770493	0.036734693877551024	0.0	0.047244094488188976	0.10756972111553785	0.0	0.0	0.019581664441477527	0.0859106529209622	0.0	0.0	0.012048192771084338	0.0	0.0	0.0	0.12195121951219512	0.0	0.06072874493927125	0.0	0.0	0.0	0.0	0.0	0.0	0.0	0.0	0.0	0.0	0.0	0.0	0.0	0.0365296803652968	0.009836065573770493	0.0	0.0	0.0	0.0	0.005405405405405406	0.0	0.008595988538681949	0.15428571428571428	0.028938906752411574	0.01904761904761905	0.015915119363395226	0.04950495049504951	0.028938906752411574	0.0481283422459893	0.028938906752411574	0.028938906752411574	0.01904761904761905	0.0	0.047619047619047616	0.0	0.0	0.0	0.02127659574468085	0.012658227848101266	0.0	0.04823151125401929	0.0	0.11297071129707113	0.023715415019762844	0.035856573705179286	0.035856573705179286	0.023715415019762844	0.035856573705179286	0.06072874493927125	0.023715415019762844	0.035856573705179286	0.0	0.0	0.0	0.060948081264108354	0.0	0.06775067750677506	0.09090909090909091	0.0	0.18716577540106952	0.0	0.0	0.0	0.0	0.0	0.027932960893854747	0.0351288056206089	0.0	0.0	0.0	0.0	0.0	0.0	0.0	0.0	0.0	0.0	0.0	0.0	0.0	0.0	0.0	0.09127382146439318	0.3473684210526316	0.0	0.0	0.0	0.047619047619047616	0.047244094488188976	0.0	0.08021390374331551	0.03349282296650718	0.0	0.0170316301703163	0.0	0.0	0.0	0.0	0.0	0.06382978723404255	0.01023541453428864	0.02564102564102564	0.0	0.168	0.0	0.0	0.0	0.029556650246305417	0.031578947368421054	0.0095151789759855	0.0	0.0	0.0	0.028938906752411574	0.01904761904761905	0.0620782726045884	0.006060606060606061	0.003976143141153081	0.0	0.0	0.0	0.0	0.0	0.0	0.0	0.0	0.0	0.05930470347648262	0.0	0.047619047619047616	0.0	0.0395778364116095	0.08502024291497975	0.08021390374331551	0.0	0.0	0.0	0.0	0.0	0.0	0.05142857142857143	0.0	0.004965243296921549	0.0	0.1827956989247312	0.0	0.009836065573770493	0.0	0.0	0.0	0.0	0.012797074954296161	0.0	0.0	0.0	0.06938775510204082	0.13630229419703105	0.36	0.030508474576271188	0.02702702702702703	0.04222972972972973	0.005405405405405406	0.005405405405405406	0.003964321110009911	0.00804289544235925	0.03225806451612903	0.0	0.00804289544235925	0.032388663967611336	0.016697588126159554
0.0	0.0	0.0	0.0	0.0	0.3978494623655914	0.24	0.3155080213903743	0.3155080213903743	0.01639344262295082	0.13761467889908258	0.0	0.0	0.0	0.0	0.008420009905894007	0.0	0.0	0.0	0.0	0.0	0.0	0.12101910828025478	0.0	0.0	0.0	0.0	0.05	0.0	0.01639344262295082	0.0	0.0	0.0	0.0	0.0	0.0	0.0196078431372549	0.05	0.0	0.0	0.0	0.03416856492027335	0.0	0.5652173913043478	0.3155080213903743	1.0	0.16778523489932887	0.16531165311653118	0.2576	0.12485681557846506	0.013589128697042365	0.12203934162986753	0.1127141568981064	0.08708272859216255	0.3548387096774194	0.0	0.0	0.0	0.0	0.0	0.0	0.3155080213903743	0.13043478260869565	0.18548387096774194	0.0	0.0	0.0	0.010238907849829351	0.01006036217303823	0.0	0.0	0.0	0.0	0.0	0.0	0.0	0.0	0.0	0.0	0.0	0.0	0.0	0.0	0.0	0.0	0.07578008915304606	0.0	0.0	0.0	0.0	0.0	0.011389521640091117	0.0	0.0	0.023474178403755867	0.12299465240641712	0.0	0.0	0.0	0.0	0.0	0.08433734939759036	0.0	0.0	0.0	0.01639344262295082	0.058823529411764705	0.0	0.10476190476190476	0.15384615384615385	0.0	0.0	0.03211561621838619	0.07954545454545454	0.0	0.0	0.026833631484794274	0.0	0.0	0.0	0.13043478260869565	0.0	0.07792207792207792	0.0	0.0	0.0	0.0	0.0	0.0	0.0	0.0	0.0	0.0	0.0	0.0	0.0	0.07414829659318638	0.01639344262295082	0.0	0.0	0.0	0.0	0.00974025974025974	0.0	0.014634146341463415	0.15254237288135594	0.04838709677419355	0.0398936170212766	0.03424657534246575	0.06593406593406594	0.04838709677419355	0.07258064516129033	0.04838709677419355	0.04838709677419355	0.0398936170212766	0.0	0.072	0.0	0.0	0.0	0.02702702702702703	0.020134228187919462	0.0	0.06451612903225806	0.0	0.12	0.04777070063694268	0.057692307692307696	0.057692307692307696	0.04777070063694268	0.057692307692307696	0.07792207792207792	0.04777070063694268	0.057692307692307696	0.0	0.0	0.0	0.09523809523809523	0.0	0.07906976744186046	0.1002710027100271	0.0	0.22580645161290322	0.0	0.0	0.0	0.0	0.0	0.03333333333333333	0.04918032786885246	0.0	0.0	0.0	0.0	0.0	0.0	0.0	0.0	0.0	0.0	0.0	0.0	0.0	0.0	0.0	0.13315460232350312	0.23076923076923078	0.0	0.0	0.0	0.0670926517571885	0.10476190476190476	0.0	0.0967741935483871	0.04801670146137787	0.0	0.028782287822878228	0.0	0.0	0.0	0.0	0.0	0.08433734939759036	0.014558689717925387	0.02912621359223301	0.0	0.22580645161290322	0.0	0.0	0.0	0.03283173734610123	0.05976095617529881	0.01346389228886169	0.0	0.0	0.0	0.04838709677419355	0.0398936170212766	0.10196987253765932	0.01079136690647482	0.008865248226950355	0.0	0.0	0.0	0.0	0.0	0.0	0.0	0.0	0.0	0.09090909090909091	0.0	0.072	0.0	0.0658682634730539	0.09740259740259741	0.0967741935483871	0.0	0.0	0.0	0.0	0.0	0.0	0.05084745762711865	0.0	0.013589128697042365	0.0	0.2550607287449393	0.0	0.01639344262295082	0.0	0.0	0.0	0.0	0.01644736842105263	0.0	0.0	0.0	0.08496732026143791	0.12862108922363846	0.3978494623655914	0.033707865168539325	0.032520325203252036	0.042879019908116385	0.00974025974025974	0.00974025974025974	0.008841732979664015	0.013824884792626729	0.046464646464646465	0.0	0.013824884792626729	0.04114713216957606	0.02
0.0	0.0	0.0	0.0	0.0	0.28502415458937197	0.1829105473965287	0.18459069020866772	0.18459069020866772	0.039755351681957186	0.12221231043710973	0.0	0.0	0.0	0.0	0.02264600715137068	0.0	0.0	0.0	0.0	0.012486992715920915	0.0	0.055872291904218926	0.0	0.0	0.0	0.0	0.037037037037037035	0.03937653814602133	0.039755351681957186	0.0	0.0	0.0	0.0	0.0	0.0	0.04529616724738676	0.48148148148148145	0.0	0.0	0.0	0.02040816326530612	0.0215633423180593	0.2544570502431118	0.18459069020866772	0.16778523489932887	1.0	0.14488348530901723	0.23569794050343248	0.08021390374331551	0.032590051457975985	0.08364001338240214	0.21944035346097202	0.0842040565457898	0.16778523489932887	0.0	0.0	0.0	0.0	0.0	0.0	0.18459069020866772	0.06645056726094004	0.13595166163141995	0.0	0.0	0.0	0.026595744680851064	0.02654867256637168	0.0	0.0	0.0	0.0	0.0	0.0	0.0	0.0	0.0	0.0	0.07657247037374658	0.0	0.0	0.0	0.0	0.0	0.052840683353198255	0.0	0.0	0.0	0.0	0.0	0.029281277728482696	0.0	0.0	0.05722070844686648	0.08388037928519329	0.0	0.0	0.0	0.0	0.0	0.04685408299866131	0.0	0.0	0.0	0.039755351681957186	0.03368176538908246	0.0	0.04436860068259386	0.07903780068728522	0.0	0.0243161094224924	0.03813984610237538	0.06190975865687303	0.0	0.0	0.016825164594001463	0.0	0.0	0.0	0.06645056726094004	0.0	0.047398843930635835	0.0	0.0	0.0	0.0	0.0	0.0	0.0	0.0	0.0	0.0	0.0	0.0	0.0	0.05693664795509222	0.039755351681957186	0.0	0.016194331983805668	0.0	0.0	0.02633355840648211	0.0	0.03648269410664172	0.09015256588072122	0.02920443101711984	0.022977022977022976	0.020444444444444446	0.04196519959058342	0.02920443101711984	0.038926174496644296	0.02920443101711984	0.02920443101711984	0.022977022977022976	0.0	0.03871829105473965	0.0	0.0	0.0	0.06064209274673008	0.046153846153846156	0.027739251040221916	0.041289023162134945	0.0	0.07656065959952886	0.026225769669327253	0.033218785796105384	0.033218785796105384	0.026225769669327253	0.033218785796105384	0.047398843930635835	0.026225769669327253	0.033218785796105384	0.0	0.0	0.01509433962264151	0.05489260143198091	0.0	0.11632100991884581	0.08814589665653495	0.02072538860103627	0.11409395973154363	0.0	0.0	0.0	0.0	0.0	0.06995884773662552	0.03346938775510204	0.0	0.0	0.0	0.0	0.0	0.0	0.0	0.0	0.0	0.0	0.0	0.0	0.0	0.0	0.0	0.0847953216374269	0.13368983957219252	0.0823045267489712	0.0	0.0	0.04	0.04436860068259386	0.0	0.05503355704697987	0.03231151615575808	0.0	0.03740648379052369	0.0	0.0	0.016433853738701727	0.0	0.0	0.04685408299866131	0.037833827893175076	0.06989748369058714	0.0	0.09178743961352658	0.0	0.0	0.0	0.04285714285714286	0.03062583222370173	0.03560528992878942	0.0	0.0	0.0	0.02920443101711984	0.022977022977022976	0.0764388489208633	0.028655400440852314	0.023965141612200435	0.05834683954619125	0.0	0.0	0.0	0.0	0.0	0.0	0.0	0.0	0.07190511489992588	0.0	0.03871829105473965	0.0	0.034666666666666665	0.06127167630057803	0.05503355704697987	0.0	0.10540915395284327	0.10540915395284327	0.0	0.0	0.006509357200976403	0.18723994452149792	0.0	0.032590051457975985	0.0	0.1440107671601615	0.0	0.039755351681957186	0.0	0.0	0.0	0.0	0.043003412969283276	0.0	0.0	0.0	0.08013937282229965	0.11151079136690648	0.15619967793880837	0.07804370447450572	0.31713900134952766	0.037942122186495175	0.02633355840648211	0.02633355840648211	0.02391304347826087	0.03491495076096687	0.05084745762711865	0.0	0.03491495076096687	0.04263356718834323	0.09316770186335403
0.0	0.0	0.0	0.0	0.0	0.30944625407166126	0.19137466307277629	0.2077922077922078	0.2077922077922078	0.026694045174537988	0.12746858168761221	0.0	0.0	0.0	0.0	0.05872952457051538	0.0	0.0	0.0	0.0	0.0	0.0	0.04367816091954023	0.0	0.0	0.0	0.0	0.06371191135734072	0.0	0.13347022587268995	0.0	0.0	0.0	0.0	0.0	0.0	0.03044496487119438	0.08587257617728532	0.0	0.0	0.0	0.014285714285714285	0.0	0.25245901639344265	0.2077922077922078	0.16531165311653118	0.14488348530901723	1.0	0.1972318339100346	0.09237668161434978	0.017867435158501442	0.07663865546218487	0.17690599555884529	0.08765432098765433	0.16531165311653118	0.0	0.0	0.0	0.0	0.0	0.027247956403269755	0.2077922077922078	0.05573770491803279	0.15010141987829614	0.0	0.0	0.03814713896457766	0.07225691347011597	0.08414239482200647	0.0	0.0	0.0	0.0	0.032520325203252036	0.03411513859275053	0.0	0.0	0.0	0.0	0.0	0.0	0.0	0.0	0.0	0.0	0.0379544546544147	0.0	0.0	0.0	0.0	0.0	0.017857142857142856	0.0	0.0	0.14076782449725778	0.13196480938416422	0.0	0.0	0.132890365448505	0.0	0.0	0.03783783783783784	0.0	0.0	0.0	0.13347022587268995	0.10070257611241218	0.0	0.03211009174311927	0.06697459584295612	0.0	0.0	0.02823529411764706	0.05708245243128964	0.0	0.0	0.011764705882352941	0.132890365448505	0.044989775051124746	0.044989775051124746	0.05573770491803279	0.0	0.039627039627039624	0.0	0.0	0.0	0.0	0.0	0.0	0.0	0.0	0.0	0.0	0.0	0.0	0.0	0.1	0.13347022587268995	0.0	0.0	0.0	0.0	0.017639077340569877	0.0	0.02448210922787194	0.08123249299719888	0.02231237322515213	0.01609657947686117	0.014311270125223614	0.03505154639175258	0.02231237322515213	0.02981029810298103	0.02231237322515213	0.02231237322515213	0.01609657947686117	0.0	0.029649595687331536	0.0836734693877551	0.21843003412969283	0.11019283746556474	0.6211031175059952	0.031026252983293555	0.0	0.034482758620689655	0.0	0.0688836104513064	0.01839080459770115	0.025404157043879907	0.025404157043879907	0.01839080459770115	0.025404157043879907	0.039627039627039624	0.01839080459770115	0.025404157043879907	0.0	0.0	0.0	0.0464	0.0	0.07078039927404718	0.07346938775510205	0.0	0.1002710027100271	0.0	0.0	0.0	0.0	0.0	0.05263157894736842	0.027914614121510674	0.0	0.0	0.0	0.0	0.0	0.0	0.0	0.0	0.0	0.0	0.0	0.0	0.0	0.0	0.0	0.07714915503306392	0.1263537906137184	0.0	0.0	0.0	0.03225806451612903	0.03211009174311927	0.0	0.04607046070460705	0.02666666666666667	0.0	0.028177833437695678	0.0	0.09180327868852459	0.0	0.0	0.0	0.03783783783783784	0.028337061894108874	0.19324577861163228	0.053156146179401995	0.0749185667752443	0.0	0.0	0.0	0.04316546762589928	0.021505376344086023	0.026916524701873935	0.0	0.0	0.0	0.02231237322515213	0.01609657947686117	0.05972850678733032	0.019202363367799114	0.014598540145985401	0.0	0.0	0.0	0.0	0.0	0.0	0.0	0.0	0.0	0.05812220566318927	0.0	0.029649595687331536	0.0	0.02557200538358008	0.053613053613053616	0.04607046070460705	0.0	0.0	0.0	0.0	0.024390243902439025	0.0	0.08683473389355742	0.0	0.017867435158501442	0.0	0.13043478260869565	0.0	0.13347022587268995	0.0	0.0	0.0	0.0	0.03429355281207133	0.0	0.0	0.0	0.06323185011709602	0.1167420814479638	0.15309446254071662	0.0649895178197065	0.051771117166212535	0.03488372093023256	0.017639077340569877	0.017639077340569877	0.014566642388929352	0.023423423423423424	0.03896103896103896	0.0	0.023423423423423424	0.03466955579631636	0.015256588072122053
0.0	0.0	0.0	0.0	0.0	0.45708582834331335	0.2686804451510334	0.3320079522862823	0.3320079522862823	0.012775842044134728	0.16883116883116883	0.0	0.0	0.0	0.0	0.006587615283267457	0.0	0.0	0.0	0.0	0.0	0.0	0.09114927344782034	0.0	0.0	0.0	0.0	0.03776683087027915	0.0	0.012775842044134728	0.0	0.0	0.0	0.0	0.0	0.0	0.014844804318488529	0.03776683087027915	0.0	0.0	0.0	0.026812313803376366	0.0	0.38832997987927564	0.3320079522862823	0.2576	0.23569794050343248	0.1972318339100346	1.0	0.14171656686626746	0.009940357852882704	0.09967260822117134	0.16639741518578352	0.1121433311214333	0.2576	0.0	0.0	0.0	0.0	0.0	0.0	0.3320079522862823	0.09054325955734406	0.21420389461626574	0.0	0.0	0.0	0.007936507936507936	0.008014247551202136	0.0	0.0	0.0	0.0	0.0	0.0	0.0	0.0	0.0	0.0	0.0	0.0	0.0	0.0	0.0	0.0	0.06104523495827844	0.0	0.0	0.0	0.0	0.0	0.00893743793445879	0.0	0.0	0.019367991845056064	0.09832134292565947	0.0	0.0	0.0	0.0	0.0	0.06220095693779904	0.0	0.0	0.0	0.012775842044134728	0.044534412955465584	0.0	0.077733860342556	0.11819389110225764	0.0	0.0	0.02691887959257912	0.06602641056422569	0.0	0.0	0.02165196471531676	0.0	0.0	0.0	0.09054325955734406	0.0	0.06040268456375839	0.0	0.0	0.0	0.0	0.0	0.0	0.0	0.0	0.0	0.0	0.0	0.0	0.0	0.05944986690328305	0.012775842044134728	0.0	0.0	0.0	0.0	0.008082292432035268	0.0	0.011591148577449948	0.11480865224625623	0.037800687285223365	0.03064699205448354	0.026865671641791045	0.052508751458576426	0.037800687285223365	0.0528	0.037800687285223365	0.037800687285223365	0.03064699205448354	0.0	0.05246422893481717	0.0	0.0	0.0	0.020804438280166437	0.015172413793103448	0.0	0.05154639175257732	0.0	0.09465020576131687	0.035667107001321	0.043824701195219126	0.043824701195219126	0.035667107001321	0.043824701195219126	0.06040268456375839	0.035667107001321	0.043824701195219126	0.0	0.0	0.0	0.07827616534740545	0.0	0.06572295247724974	0.08189158016147635	0.0	0.168	0.0	0.0	0.0	0.0	0.0	0.024630541871921183	0.04072398190045249	0.0	0.0	0.0	0.0	0.0	0.0	0.0	0.0	0.0	0.0	0.0	0.0	0.0	0.0	0.0	0.10737179487179487	0.16099773242630386	0.0	0.0	0.0	0.051655629139072845	0.077733860342556	0.0	0.072	0.03955841766329347	0.0	0.02425876010781671	0.0	0.0	0.0	0.0	0.0	0.06220095693779904	0.012214983713355049	0.024134312696747113	0.0	0.1536926147704591	0.0	0.0	0.0	0.026744186046511628	0.042789223454833596	0.011443337024732374	0.0	0.0	0.0	0.037800687285223365	0.03064699205448354	0.08165322580645161	0.008863819500402902	0.007159904534606206	0.0	0.0	0.0	0.0	0.0	0.0	0.0	0.0	0.0	0.07567127746135069	0.0	0.05246422893481717	0.0	0.047619047619047616	0.07651006711409396	0.072	0.0	0.0	0.0	0.0	0.0	0.0	0.03826955074875208	0.0	0.009940357852882704	0.0	0.1781701444622793	0.0	0.012775842044134728	0.0	0.0	0.0	0.0	0.01412639405204461	0.0	0.0	0.0	0.06612685560053981	0.14516129032258066	0.2654690618762475	0.027348394768133173	0.024154589371980676	0.03832752613240418	0.008082292432035268	0.008082292432035268	0.007142857142857143	0.011033099297893681	0.03842716711349419	0.0	0.011033099297893681	0.0363531448355453	0.01730624529721595
0.0	0.0	0.032520325203252036	0.0525990099009901	0.0	0.21495327102803738	0.11516533637400228	0.1318242343541944	0.1318242343541944	0.0063119927862939585	0.08086469175340272	0.0	0.0	0.0	0.0	0.0025243418680129825	0.0	0.0	0.0	0.0	0.0	0.0	0.08059701492537313	0.0	0.0	0.0	0.0	0.022170361726954493	0.0	0.0063119927862939585	0.0	0.0	0.0	0.0	0.0	0.0	0.007077856420626896	0.022170361726954493	0.0	0.0	0.0	0.11235059760956176	0.022562449637389202	0.18926174496644296	0.1318242343541944	0.12485681557846506	0.08021390374331551	0.09237668161434978	0.14171656686626746	1.0	0.003491271820448878	0.05238828967642527	0.06056527590847914	0.05754985754985755	0.12485681557846506	0.0	0.0	0.0	0.0	0.0	0.0	0.1318242343541944	0.09261744966442953	0.1239964317573595	0.0	0.0	0.0	0.0031847133757961785	0.0036469730123997084	0.0	0.0	0.0	0.017969451931716084	0.0	0.0	0.0	0.0	0.0	0.0	0.0	0.0	0.0	0.0	0.0	0.0	0.05878110349801659	0.0	0.0	0.0	0.0	0.0	0.00398406374501992	0.0	0.0	0.012205044751830757	0.047364909939959975	0.0	0.0	0.0	0.0	0.0	0.030857142857142857	0.0	0.0	0.0	0.0063119927862939585	0.021233569261880688	0.0	0.05858987090367428	0.12487512487512488	0.0	0.0	0.015408320493066256	0.04717853839037928	0.0	0.0	0.010033444816053512	0.0	0.10062893081761007	0.07187780772686433	0.04429530201342282	0.0	0.03323262839879154	0.0	0.0	0.0	0.0	0.0	0.0	0.0	0.0	0.0	0.0	0.0	0.0	0.0	0.022545454545454546	0.0063119927862939585	0.0	0.0	0.0	0.0	0.00435052827843381	0.0	0.005847953216374269	0.06713780918727916	0.01873327386262266	0.013286093888396812	0.011971268954509178	0.02986425339366516	0.01873327386262266	0.024054982817869417	0.01873327386262266	0.01873327386262266	0.013286093888396812	0.0	0.02394526795895097	0.0	0.0	0.0	0.011351909184726523	0.007194244604316547	0.0	0.029438001784121322	0.0	0.05834186284544524	0.014925373134328358	0.02097902097902098	0.02097902097902098	0.014925373134328358	0.02097902097902098	0.03323262839879154	0.014925373134328358	0.02097902097902098	0.0	0.0	0.0	0.09025270758122744	0.0	0.17865804365400162	0.08520179372197309	0.0	0.07903780068728522	0.0	0.0	0.0	0.0	0.0	0.012835472578763127	0.024390243902439025	0.0	0.0	0.0	0.0	0.0	0.0	0.0	0.0	0.0	0.0	0.0	0.0	0.0	0.0	0.0	0.05481283422459893	0.09724238026124818	0.0	0.0	0.0	0.2023928215353938	0.05858987090367428	0.0	0.35853379152348225	0.03220973782771536	0.0	0.08083140877598152	0.0	0.0	0.0	0.0	0.0	0.030857142857142857	0.007452574525745257	0.01582014987510408	0.0	0.05473965287049399	0.03790322580645161	0.0	0.0	0.017148014440433214	0.14448236632536973	0.007176287051482059	0.0	0.0	0.0	0.01873327386262266	0.013286093888396812	0.036290322580645164	0.0047011417058428475	0.0033222591362126247	0.0	0.0	0.0	0.02014098690835851	0.0	0.0	0.0	0.0	0.0	0.08733920108327692	0.0	0.02394526795895097	0.0	0.02050113895216401	0.12588116817724068	0.037800687285223365	0.0	0.0	0.0	0.05207100591715976	0.0	0.0	0.02237926972909305	0.0	0.003491271820448878	0.0	0.0677382319173364	0.0	0.0063119927862939585	0.0	0.0	0.0	0.0	0.009416195856873822	0.0	0.0	0.0	0.03741152679474216	0.06129032258064516	0.1081441922563418	0.017447199265381085	0.012658227848101266	0.030303030303030304	0.00435052827843381	0.00435052827843381	0.0033156498673740055	0.005622489959839358	0.10460863204096561	0.0	0.005622489959839358	0.02574457344775366	0.012048192771084338
0.0	0.0	0.0	0.0	0.0	0.00897308075772682	0.12629070691024621	0.004965243296921549	0.004965243296921549	0.01567034242600116	0.009485771342985522	0.0	0.0	0.0	0.0	0.0026338893766461808	0.0	0.0	0.0	0.0	0.0	0.08279124778237729	0.005940594059405941	0.0	0.0	0.0	0.0	0.027071369975389663	0.0	0.01567034242600116	0.0	0.0	0.0	0.0	0.0	0.0	0.01820633850303439	0.081214109926169	0.0	0.0	0.0	0.0024813895781637717	0.0	0.017085427135678392	0.004965243296921549	0.013589128697042365	0.032590051457975985	0.017867435158501442	0.009940357852882704	0.003491271820448878	1.0	0.012727272727272728	0.023011707710940653	0.006301824212271974	0.013589128697042365	0.0	0.0	0.0	0.0	0.0	0.0	0.004965243296921549	0.017085427135678392	0.01659988551803091	0.0	0.0	0.0	0.004462072384729797	0.006675567423230975	0.0	0.0	0.0	0.0	0.0	0.07510599636583888	0.0	0.0	0.0	0.0	0.0	0.0	0.0	0.0	0.0	0.0	0.006145741878841089	0.0	0.0	0.0	0.0	0.0	0.007444168734491315	0.0	0.0	0.038206826286296486	0.018777467039552537	0.0	0.0	0.0	0.0	0.0	0.010358565737051793	0.0	0.0	0.0	0.01567034242600116	0.006068779501011463	0.0	0.0032916392363396972	0.0112806901128069	0.0	0.04380403458213256	0.012727272727272728	0.05818836232753449	0.0	0.0	0.002004008016032064	0.0	0.0	0.0	0.017085427135678392	0.0	0.011401743796109993	0.0	0.0	0.0	0.0	0.0	0.0	0.0	0.0	0.10172272354388844	0.0	0.0518444666001994	0.0	0.0	0.013747228381374724	0.01567034242600116	0.0	0.0	0.0	0.0	0.009915534337128168	0.0	0.09215376513954714	0.02743142144638404	0.005151688609044075	0.0028360748723766306	0.002486325211337643	0.009912536443148687	0.005151688609044075	0.007194244604316547	0.005151688609044075	0.005151688609044075	0.0028360748723766306	0.0	0.007148530579825258	0.0	0.0	0.0	0.035343035343035345	0.5589248793935218	0.0	0.009730967372638809	0.0	0.022618231665524333	0.0033003300330033004	0.005972130059721301	0.005972130059721301	0.0033003300330033004	0.005972130059721301	0.011401743796109993	0.0033003300330033004	0.005972130059721301	0.0	0.0	0.0	0.0074725274725274725	0.0	0.037897928246589184	0.027089337175792507	0.0	0.013589128697042365	0.0	0.0	0.0	0.0	0.0	0.04183757178014766	0.007688828584350972	0.0	0.0	0.0	0.0	0.0	0.0	0.0	0.0	0.0	0.0	0.0	0.0	0.0	0.0	0.0	0.006808169803764518	0.14609286523216308	0.0	0.0	0.0	0.008603573792190603	0.0032916392363396972	0.0	0.013589128697042365	0.017011494252873564	0.0	0.015156618390030314	0.0	0.0	0.0	0.0	0.0	0.010358565737051793	0.020757020757020756	0.0519140010487677	0.0	0.00897308075772682	0.0	0.0	0.0	0.01917489831493318	0.00395882818685669	0.01992619926199262	0.0	0.0	0.0	0.005151688609044075	0.0028360748723766306	0.017632241813602016	0.010873942811115585	0.005964214711729622	0.0	0.0	0.0763819095477387	0.05097250167672703	0.061142397425583264	0.04143426294820717	0.0	0.0	0.0	0.017486783245221633	0.0	0.007148530579825258	0.0	0.0055511498810467885	0.01676727028839705	0.013589128697042365	0.0	0.0	0.0	0.0	0.0	0.0	0.08229426433915212	0.0	0.4913907284768212	0.0	0.044105854049719326	0.0	0.01567034242600116	0.0	0.0	0.0	0.0	0.027870680044593088	0.0	0.0	0.0	0.053270397842211735	0.026700251889168764	0.00897308075772682	0.058823529411764705	0.04102976669348351	0.033786137234413094	0.009915534337128168	0.009915534337128168	0.005950019833399445	0.013533834586466165	0.017418490397498883	0.0	0.013533834586466165	0.018171329679838477	0.01241068070703272
0.020527175180779098	0.029977628635346757	0.0	0.007291928589388987	0.020734812659148782	0.11056620597414177	0.08643457382953182	0.08366711170449488	0.08366711170449488	0.08639892001349983	0.11100832562442182	0.0066923205621549275	0.0	0.0	0.0	0.009948834565093803	0.0	0.0	0.0	0.0	0.0	0.0	0.037749546279491834	0.0	0.0	0.0	0.0	0.019520130134200894	0.0	0.01889976375295309	0.0	0.0	0.0	0.0	0.0	0.0	0.02056555269922879	0.05205368035786905	0.0	0.0	0.0	0.013517665130568356	0.0	0.16465324384787472	0.08366711170449488	0.12203934162986753	0.08364001338240214	0.07663865546218487	0.09967260822117134	0.05238828967642527	0.012727272727272728	1.0	0.11245628194780737	0.0871915393654524	0.12203934162986753	0.0	0.0	0.0	0.0	0.0	0.0	0.08366711170449488	0.035794183445190156	0.08670907264814195	0.0	0.0	0.0	0.011667178385016887	0.012618296529968454	0.0	0.0	0.0	0.0	0.0	0.0	0.020734812659148782	0.0	0.0	0.0	0.0	0.020734812659148782	0.036258755665430575	0.022699635184434536	0.01616161616161616	0.04134453781512605	0.03496304718590108	0.0	0.0	0.0	0.0	0.0	0.11274961597542242	0.11397503020539669	0.0	0.03246955978769903	0.07160032059845044	0.008758833482631631	0.0	0.0	0.01588474325821943	0.0	0.027254509018036072	0.0	0.0	0.0	0.01889976375295309	0.02056555269922879	0.01906992305118769	0.030445813700616164	0.052420822715689847	0.0	0.0	0.43859649122807015	0.038527691778465774	0.0	0.0	0.01178045515394913	0.0	0.0	0.0	0.035794183445190156	0.0	0.02929329915781765	0.0	0.030347349177330896	0.0	0.0	0.0	0.017897091722595078	0.017897091722595078	0.0	0.0	0.0	0.0	0.05092383956737269	0.0	0.07439198855507868	0.01889976375295309	0.0	0.0	0.0	0.049870705578130774	0.07645722937168811	0.0	0.017840076457470534	0.052394596807204256	0.018747907599598258	0.014652014652014652	0.01353429713934174	0.02707275803722504	0.018747907599598258	0.022480931352870333	0.018747907599598258	0.018747907599598258	0.014652014652014652	0.0	0.022408963585434174	0.0	0.0	0.0	0.02981736861721953	0.020810107766629504	0.0	0.026782725142283227	0.0	0.047424972211930344	0.015970961887477313	0.02038587550054605	0.02038587550054605	0.015970961887477313	0.02038587550054605	0.02929329915781765	0.015970961887477313	0.02038587550054605	0.0	0.0	0.0	0.04096728307254623	0.0	0.0521901211556384	0.05243697478991596	0.0	0.07065435568044962	0.0	0.0	0.0	0.0	0.0	0.032533550223668155	0.023181686467690525	0.0	0.0	0.0	0.0	0.0	0.0	0.0	0.0	0.0	0.0	0.0	0.0	0.0	0.0	0.0	0.07225046829007226	0.06782854451248234	0.0	0.030347349177330896	0.0	0.024718284260268994	0.030445813700616164	0.0	0.03211561621838619	0.02225475841874085	0.0	0.024233784746970778	0.0	0.0	0.0	0.0	0.0	0.027254509018036072	0.6927238301325399	0.11947886876390212	0.0	0.05349977708426215	0.0	0.0	0.0	0.016210739614994935	0.01757890531362365	0.0918987341772152	0.019170753455193937	0.0	0.019170753455193937	0.018747907599598258	0.014652014652014652	0.10666666666666667	0.0561375235025517	0.03648468708388815	0.0	0.0	0.0	0.0	0.0	0.0	0.01901901901901902	0.0	0.0	0.04974317383076507	0.0	0.022408963585434174	0.0	0.019992003198720514	0.03808128890516294	0.03211561621838619	0.0	0.0	0.0	0.0	0.0	0.0	0.052394596807204256	0.0	0.012727272727272728	0.0	0.10132689987937274	0.0	0.01889976375295309	0.0	0.0	0.0	0.0	0.13660646146018826	0.0	0.0	0.0	0.04406904149834741	0.12589147286821706	0.11056620597414177	0.13958262059527882	0.03221908981071285	0.027243979567015325	0.07645722937168811	0.07645722937168811	0.11300186120712577	0.17156105100463678	0.031043403276803678	0.0	0.17156105100463678	0.0626726152538772	0.01231084893562452
0.019930244145490782	0.0	0.0	0.0	0.0	0.17969543147208122	0.12309074573225516	0.11651469098277609	0.11651469098277609	0.10037174721189591	0.13804713804713806	0.005610098176718092	0.0	0.0	0.0	0.05331278890600925	0.0	0.0	0.0	0.0	0.0	0.0	0.0394842868654311	0.0	0.0	0.0	0.0	0.04666056724611162	0.0	0.10631970260223049	0.0	0.0	0.0	0.0	0.0	0.0	0.03183673469387755	0.0686184812442818	0.0	0.0	0.0	0.015425888665325285	0.0	0.1600407747196738	0.11651469098277609	0.1127141568981064	0.21944035346097202	0.17690599555884529	0.16639741518578352	0.06056527590847914	0.023011707710940653	0.11245628194780737	1.0	0.06880964339527876	0.1127141568981064	0.0	0.0	0.0	0.0	0.0	0.01809954751131222	0.11651469098277609	0.0417940876656473	0.09948415622697127	0.0	0.0	0.025339366515837104	0.06300268096514745	0.07280647168637212	0.0	0.0	0.0	0.0	0.02164111812443643	0.061115355233002294	0.0	0.0	0.0	0.0	0.0	0.0	0.03714020427112349	0.02187784867821331	0.014532243415077202	0.011843079200592153	0.04098613251155624	0.0	0.0	0.0	0.0	0.0	0.022132796780684104	0.0	0.0	0.11399317406143344	0.1100864553314121	0.0	0.0	0.0328879753340185	0.0	0.0	0.0315031503150315	0.0	0.0	0.0	0.10631970260223049	0.07591836734693877	0.0	0.031375703942075624	0.05578011317704123	0.0	0.0	0.07586763518966909	0.044798785117691725	0.0	0.0	0.013287117273252455	0.0328879753340185	0.014825796886582653	0.014825796886582653	0.0417940876656473	0.0	0.03336045565500407	0.0	0.0	0.0	0.0	0.0	0.0163098878695209	0.0163098878695209	0.0	0.0	0.0	0.0	0.0	0.0	0.28988206083178153	0.10631970260223049	0.0	0.0	0.0	0.0	0.02113821138211382	0.0	0.02721563154221912	0.059907834101382486	0.021370670596904937	0.01684981684981685	0.01544660846205507	0.030574198359433258	0.021370670596904937	0.026149684400360685	0.021370670596904937	0.021370670596904937	0.01684981684981685	0.0	0.02605570530098832	0.025166543301258327	0.050156739811912224	0.02917046490428441	0.16182572614107885	0.03225806451612903	0.0	0.03021370670596905	0.0	0.05358615004122012	0.018533440773569703	0.023443815683104285	0.023443815683104285	0.018533440773569703	0.023443815683104285	0.03336045565500407	0.018533440773569703	0.023443815683104285	0.0	0.0	0.0	0.04256631708821715	0.0	0.06313645621181263	0.06439674315321983	0.0	0.07664562669071236	0.0	0.0	0.0	0.0	0.0	0.04666056724611162	0.025802391441157962	0.0	0.0	0.0	0.0	0.0	0.0	0.0	0.0	0.0	0.0	0.0	0.0	0.0	0.0	0.0	0.06697459584295612	0.08108108108108109	0.0	0.0	0.0	0.02824858757062147	0.031375703942075624	0.0	0.0369702434625789	0.024824952259707194	0.0	0.03048780487804878	0.0	0.024464831804281346	0.0	0.0	0.0	0.0315031503150315	0.10455607476635514	0.6033402922755741	0.08221993833504625	0.05786802030456853	0.0	0.0	0.0	0.034970238095238096	0.02062780269058296	0.10252923579004623	0.0	0.0	0.0	0.021370670596904937	0.01684981684981685	0.11720867208672087	0.022608695652173914	0.018954623779437105	0.0	0.0	0.0	0.0	0.0	0.0	0.0	0.0	0.0	0.056625802685347344	0.0	0.02605570530098832	0.0	0.02333931777378815	0.043124491456468676	0.0369702434625789	0.0	0.0	0.0	0.0	0.041328413284132844	0.0	0.06912442396313365	0.0	0.023011707710940653	0.0	0.0966576332429991	0.0	0.10631970260223049	0.0	0.0	0.0	0.0	0.10442864953526518	0.0	0.0	0.0	0.0563265306122449	0.14363143631436315	0.09847715736040609	0.15924528301886792	0.046153846153846156	0.030745179781136008	0.02113821138211382	0.02113821138211382	0.018922018348623854	0.02633355840648211	0.039301310043668124	0.0	0.02633355840648211	0.03563373928732522	0.014892443463872035
0.0	0.0368	0.0	0.00942951438000943	0.13735899137358992	0.14992025518341306	0.09840810419681621	0.10031847133757962	0.10031847133757962	0.012391573729863693	0.07753705815279362	0.0	0.0	0.0	0.0	0.0050224689399947136	0.0	0.0	0.0	0.0	0.0	0.0	0.02384105960264901	0.0	0.0	0.0	0.0	0.014684287812041116	0.0	0.012391573729863693	0.0	0.0	0.0	0.0	0.0	0.0	0.013386880856760375	0.041116005873715125	0.0	0.0	0.0	0.007954545454545454	0.0	0.1216	0.10031847133757962	0.08708272859216255	0.0842040565457898	0.08765432098765433	0.1121433311214333	0.05754985754985755	0.006301824212271974	0.0871915393654524	0.06880964339527876	1.0	0.08708272859216255	0.0	0.0	0.0	0.0	0.0	0.0	0.10031847133757962	0.0256	0.1070110701107011	0.0	0.0	0.0	0.006246450880181715	0.007462686567164179	0.0	0.0	0.0	0.0	0.0	0.0	0.07365627073656271	0.0	0.0	0.0	0.0	0.13735899137358992	0.0	0.0	0.0	0.18271604938271604	0.021940259053661114	0.0	0.0	0.0	0.0	0.0	0.06363636363636363	0.048034934497816595	0.0	0.025374855824682813	0.04890219560878244	0.061454098515647156	0.0	0.0	0.02288021534320323	0.0	0.01884057971014493	0.0	0.0	0.0	0.012391573729863693	0.013386880856760375	0.1272280270436386	0.017195767195767195	0.03718459495351926	0.0	0.0	0.05334900117508813	0.03278688524590164	0.0	0.0	0.007	0.0	0.0	0.0	0.0256	0.0	0.021361815754339118	0.0	0.19733333333333333	0.0	0.0	0.0	0.0	0.0	0.0	0.0	0.0	0.0	0.027375201288244767	0.0	0.02446808510638298	0.012391573729863693	0.0	0.0	0.0	0.3189771197846568	0.6991485335856197	0.0	0.011750881316098707	0.0413589364844904	0.012300123001230012	0.008567931456548347	0.007963594994311717	0.01987577639751553	0.012300123001230012	0.01451378809869376	0.012300123001230012	0.012300123001230012	0.008567931456548347	0.0	0.01447178002894356	0.0	0.0	0.0	0.021709633649932156	0.013531799729364006	0.0	0.01968019680196802	0.0	0.037786774628879895	0.009271523178807948	0.013280212483399735	0.013280212483399735	0.009271523178807948	0.013280212483399735	0.021361815754339118	0.009271523178807948	0.013280212483399735	0.0	0.0	0.0	0.02962962962962963	0.0	0.04133180252583238	0.040740740740740744	0.0	0.05224963715529753	0.0	0.0	0.0	0.0	0.0	0.023494860499265784	0.017222820236813777	0.0	0.0	0.0	0.0	0.0	0.0	0.0	0.0	0.0	0.0	0.0	0.0	0.0	0.0	0.0	0.049475262368815595	0.05695142378559464	0.0	0.19733333333333333	0.0	0.017241379310344827	0.017195767195767195	0.0	0.023222060957910014	0.016304347826086956	0.0	0.01743406347787215	0.0	0.0	0.0	0.0	0.0	0.01884057971014493	0.07117617364967188	0.032825322391559206	0.0	0.03508771929824561	0.0	0.0	0.0	0.012399256044637322	0.010115606936416185	0.01589561091340451	0.02711323763955343	0.0	0.02711323763955343	0.012300123001230012	0.008567931456548347	0.034383954154727794	0.08525576730190572	0.056716417910447764	0.0	0.0	0.0	0.0	0.0	0.0	0.12691600245248313	0.0	0.0	0.03632694248234107	0.0	0.01447178002894356	0.0	0.012292118582791034	0.029372496662216287	0.023222060957910014	0.0	0.0	0.0	0.0	0.0	0.0	0.0413589364844904	0.0	0.006301824212271974	0.0	0.06540697674418605	0.0	0.012391573729863693	0.0	0.0	0.0	0.0	0.08484270734032412	0.0	0.0	0.0	0.0321285140562249	0.07048710601719198	0.0733652312599681	0.03513174404015056	0.023289665211062592	0.02376599634369287	0.26773888363292336	0.26773888363292336	0.060109289617486336	0.09257142857142857	0.022435897435897436	0.0	0.09257142857142857	0.414320193081255	0.009606147934678195
0.0	0.0	0.0	0.0	0.0	0.3978494623655914	0.24	0.3155080213903743	0.3155080213903743	0.01639344262295082	0.13761467889908258	0.0	0.0	0.0	0.0	0.008420009905894007	0.0	0.0	0.0	0.0	0.0	0.0	0.12101910828025478	0.0	0.0	0.0	0.0	0.05	0.0	0.01639344262295082	0.0	0.0	0.0	0.0	0.0	0.0	0.0196078431372549	0.05	0.0	0.0	0.0	0.03416856492027335	0.0	0.5652173913043478	0.3155080213903743	0.3548387096774194	0.16778523489932887	0.16531165311653118	0.2576	0.12485681557846506	0.013589128697042365	0.12203934162986753	0.1127141568981064	0.08708272859216255	1.0	0.0	0.0	0.0	0.0	0.0	0.0	0.3155080213903743	0.13043478260869565	0.18548387096774194	0.0	0.0	0.0	0.010238907849829351	0.01006036217303823	0.0	0.0	0.0	0.0	0.0	0.0	0.0	0.0	0.0	0.0	0.0	0.0	0.0	0.0	0.0	0.0	0.07578008915304606	0.0	0.0	0.0	0.0	0.0	0.011389521640091117	0.0	0.0	0.023474178403755867	0.33689839572192515	0.0	0.0	0.0	0.0	0.0	0.08433734939759036	0.0	0.0	0.0	0.01639344262295082	0.058823529411764705	0.0	0.10476190476190476	0.15384615384615385	0.0	0.0	0.03211561621838619	0.07954545454545454	0.0	0.0	0.026833631484794274	0.0	0.0	0.0	0.13043478260869565	0.0	0.07792207792207792	0.0	0.0	0.0	0.0	0.0	0.0	0.0	0.0	0.0	0.0	0.0	0.0	0.0	0.07414829659318638	0.01639344262295082	0.0	0.0	0.0	0.0	0.00974025974025974	0.0	0.014634146341463415	0.15254237288135594	0.04838709677419355	0.0398936170212766	0.03424657534246575	0.06593406593406594	0.04838709677419355	0.07258064516129033	0.04838709677419355	0.04838709677419355	0.0398936170212766	0.0	0.072	0.0	0.0	0.0	0.02702702702702703	0.020134228187919462	0.0	0.06451612903225806	0.0	0.12	0.04777070063694268	0.057692307692307696	0.057692307692307696	0.04777070063694268	0.057692307692307696	0.07792207792207792	0.04777070063694268	0.057692307692307696	0.0	0.0	0.0	0.09523809523809523	0.0	0.07906976744186046	0.1002710027100271	0.0	0.22580645161290322	0.0	0.0	0.0	0.0	0.0	0.03333333333333333	0.04918032786885246	0.0	0.0	0.0	0.0	0.0	0.0	0.0	0.0	0.0	0.0	0.0	0.0	0.0	0.0	0.0	0.13315460232350312	0.23076923076923078	0.0	0.0	0.0	0.0670926517571885	0.10476190476190476	0.0	0.0967741935483871	0.04801670146137787	0.0	0.028782287822878228	0.0	0.0	0.0	0.0	0.0	0.08433734939759036	0.014558689717925387	0.02912621359223301	0.0	0.3978494623655914	0.0	0.0	0.0	0.03283173734610123	0.05976095617529881	0.01346389228886169	0.0	0.0	0.0	0.04838709677419355	0.0398936170212766	0.10196987253765932	0.01079136690647482	0.008865248226950355	0.0	0.0	0.0	0.0	0.0	0.0	0.0	0.0	0.0	0.09090909090909091	0.0	0.072	0.0	0.0658682634730539	0.09740259740259741	0.0967741935483871	0.0	0.0	0.0	0.0	0.0	0.0	0.05084745762711865	0.0	0.013589128697042365	0.0	0.4493927125506073	0.0	0.01639344262295082	0.0	0.0	0.0	0.0	0.01644736842105263	0.0	0.0	0.0	0.08496732026143791	0.12862108922363846	0.3978494623655914	0.033707865168539325	0.032520325203252036	0.042879019908116385	0.00974025974025974	0.00974025974025974	0.008841732979664015	0.013824884792626729	0.046464646464646465	0.0	0.013824884792626729	0.04114713216957606	0.02
0.08127721335268505	0.0	0.02564102564102564	0.0	0.0	0.0	0.0	0.0	0.0	0.0	0.0	0.0	0.0	0.0	0.0	0.0	0.0	0.2631578947368421	0.1452513966480447	0.0	0.0	0.0	0.0	0.020168067226890758	0.056179775280898875	0.1864406779661017	0.0	0.0	0.025157232704402517	0.0	0.0	0.0	0.0	0.0	0.0	0.0	0.0	0.0	0.1643835616438356	0.0	0.0	0.0	0.014150943396226415	0.0	0.0	0.0	0.0	0.0	0.0	0.0	0.0	0.0	0.0	0.0	0.0	1.0	0.27906976744186046	0.32432432432432434	0.10327455919395466	0.2702702702702703	0.0	0.0	0.0	0.0	0.007334963325183374	0.0	0.0	0.0	0.0	0.11258278145695365	0.0	0.0	0.0	0.0	0.0	0.0	0.17647058823529413	0.0	0.0	0.0	0.0	0.0	0.0	0.15254237288135594	0.0	0.0	0.0	0.0	0.0	0.0	0.0	0.0	0.0	0.0	0.0	0.0	0.0	0.0	0.0	0.027210884353741496	0.06818181818181818	0.0	0.06976744186046512	0.0	0.0	0.0	0.0	0.0	0.0	0.0	0.0	0.024930747922437674	0.0	0.0	0.43902439024390244	0.27906976744186046	0.021778584392014518	0.0	0.0	0.0	0.0	0.0	0.0	0.0	0.0	0.02074688796680498	0.0	0.02074688796680498	0.0	0.0	0.09302325581395349	0.05172413793103448	0.0	0.0	0.0	0.06976744186046512	0.0	0.0	0.06976744186046512	0.025210084033613446	0.0	0.0	0.0	0.0	0.0	0.0	0.0	0.0	0.013953488372093023	0.0	0.016483516483516484	0.0	0.016483516483516484	0.0	0.0	0.0	0.0	0.01662049861495845	0.0	0.0	0.0	0.0	0.0	0.0	0.0	0.0	0.0	0.0	0.0	0.0	0.0	0.0	0.0	0.0	0.0	0.0	0.07547169811320754	0.0	0.0	0.0	0.0	0.0	0.0	0.0	0.0	0.0	0.0	0.0	0.0	0.025	0.0	0.0	0.0	0.0	0.0	0.0	0.0	0.0	0.0	0.13333333333333333	0.24561403508771928	0.2631578947368421	0.0	0.0	0.0	0.0	0.0	0.034482758620689655	0.0	0.02074688796680498	0.0	0.0	0.0	0.0	0.0	0.03571428571428571	0.0	0.0	0.0	0.08403361344537816	0.025	0.0	0.0	0.0	0.0	0.0	0.0	0.0	0.025210084033613446	0.0	0.0	0.0	0.0	0.0	0.0	0.0	0.0	0.0	0.0	0.0	0.0	0.0	0.0	0.0	0.0	0.025210084033613446	0.02074688796680498	0.01637107776261937	0.10344827586206896	0.0	0.0	0.0	0.0	0.008547008547008548	0.0	0.0	0.0	0.0	0.0	0.0	0.02654867256637168	0.0	0.0	0.0	0.029411764705882353	0.0	0.0	0.0	0.025210084033613446	0.0	0.05042016806722689	0.009174311926605505	0.0	0.1390728476821192	0.0	0.1342281879194631	0.0	0.06818181818181818	0.0	0.0	0.0	0.0	0.0	0.0	0.0	0.0	0.0	0.0	0.0	0.20930232558139536	0.0	0.0	0.0
0.0890302066772655	0.0	0.0	0.0	0.0	0.0	0.0	0.0	0.0	0.0	0.0	0.0	0.0	0.0	0.0	0.0	0.0	0.2857142857142857	0.33557046979865773	0.0	0.0	0.0	0.0	0.022429906542056073	0.0847457627118644	0.20454545454545456	0.0	0.0	0.02877697841726619	0.0	0.0	0.0	0.0	0.0	0.0	0.0	0.0	0.0	0.20689655172413793	0.0	0.0	0.0	0.0	0.0	0.0	0.0	0.0	0.0	0.0	0.0	0.0	0.0	0.0	0.0	0.0	0.27906976744186046	1.0	0.4067796610169492	0.29758149316508936	0.45454545454545453	0.0	0.0	0.0	0.0	0.0	0.0	0.0	0.0	0.0	0.14049586776859505	0.0	0.0	0.0	0.0	0.0	0.0	0.20224719101123595	0.0	0.0	0.0	0.0	0.0	0.0	0.4772727272727273	0.0	0.0	0.0	0.0	0.0	0.0	0.0	0.0	0.0	0.0	0.0	0.0	0.0	0.0	0.0	0.0	0.10344827586206896	0.0	0.0	0.0	0.0	0.0	0.0	0.0	0.0	0.0	0.0	0.029900332225913623	0.0	0.0	0.6923076923076923	0.42857142857142855	0.024439918533604887	0.0	0.0	0.0	0.0	0.0	0.0	0.0	0.0	0.0	0.0	0.0	0.0	0.0	0.14285714285714285	0.06976744186046512	0.0	0.0	0.0	0.0	0.0	0.0	0.0	0.0	0.0	0.0	0.0	0.0	0.0	0.0	0.0	0.0	0.0	0.0	0.0	0.0	0.0	0.0	0.0	0.0	0.0	0.0	0.0	0.0	0.0	0.0	0.0	0.0	0.0	0.0	0.0	0.0	0.0	0.0	0.0	0.0	0.0	0.0	0.0	0.0	0.0851063829787234	0.0	0.0	0.0	0.0	0.0	0.0	0.0	0.0	0.0	0.0	0.0	0.0	0.02857142857142857	0.0	0.0	0.0	0.0	0.0	0.0	0.0	0.0	0.0	0.13333333333333333	0.3333333333333333	0.2857142857142857	0.0	0.0	0.0	0.0	0.0	0.0	0.0	0.0	0.0	0.0	0.0	0.0	0.0	0.0	0.0	0.0	0.0	0.09615384615384616	0.0	0.0	0.0	0.0	0.0	0.0	0.0	0.0	0.0	0.0	0.0	0.0	0.0	0.0	0.0	0.0	0.0	0.0	0.0	0.0	0.0	0.0	0.0	0.0	0.0	0.0	0.0	0.0	0.09302325581395349	0.0	0.0	0.0	0.0	0.0	0.0	0.0	0.0	0.0	0.0	0.0	0.0	0.0	0.0	0.0	0.0	0.0	0.0	0.0	0.0	0.0	0.06741573033707865	0.0	0.0	0.1487603305785124	0.0	0.16806722689075632	0.0	0.10344827586206896	0.0	0.0	0.0	0.0	0.0	0.0	0.0	0.0	0.0	0.0	0.0	0.0	0.0	0.0	0.0
0.16069057104913678	0.0	0.0	0.0	0.0	0.0	0.0	0.0	0.0	0.0	0.0	0.03317737133134836	0.03997039230199852	0.0	0.0	0.0	0.0851063829787234	0.1643835616438356	0.2132701421800948	0.0	0.0	0.0	0.0	0.09104704097116843	0.04132231404958678	0.12	0.0	0.0	0.066543438077634	0.0	0.0	0.06666666666666667	0.0	0.0	0.05687203791469194	0.0	0.0	0.0	0.23595505617977527	0.0	0.06593406593406594	0.0	0.0	0.0	0.0	0.0	0.0	0.0	0.0	0.0	0.0	0.0	0.0	0.0	0.0	0.32432432432432434	0.4067796610169492	1.0	0.2508638562543193	0.18867924528301888	0.0	0.0	0.0	0.0	0.0	0.0653950953678474	0.0	0.0	0.0	0.09289617486338798	0.0	0.11235955056179775	0.0	0.0	0.10891089108910891	0.0	0.11920529801324503	0.0	0.0	0.05	0.0	0.0	0.0	0.22666666666666666	0.0	0.0	0.07582938388625593	0.0	0.07920792079207921	0.0	0.0	0.0	0.0	0.0	0.0	0.0	0.022408963585434174	0.05627198124267292	0.0	0.0335195530726257	0.05	0.0	0.0	0.06517311608961303	0.0	0.0	0.0	0.056009334889148193	0.0	0.0	0.0	0.021176470588235293	0.0	0.058823529411764705	0.3157894736842105	0.2033898305084746	0.02926829268292683	0.0	0.0	0.0	0.0	0.058577405857740586	0.0	0.039538714991762765	0.0	0.0	0.0	0.0	0.0	0.0	0.06779661016949153	0.04054054054054054	0.0	0.0	0.0	0.0	0.0	0.0	0.0	0.0	0.0	0.0	0.0	0.056140350877192984	0.0	0.0	0.0	0.0	0.0	0.0	0.0	0.0	0.0	0.0	0.0	0.0	0.0	0.0	0.0	0.0	0.0	0.0	0.0	0.0	0.0	0.0	0.0	0.0	0.0	0.0	0.0	0.0	0.0	0.0	0.0	0.0	0.13804713804713806	0.0	0.02092050209205021	0.0	0.0	0.045	0.0	0.0	0.01639344262295082	0.0	0.1506849315068493	0.022727272727272728	0.0	0.022058823529411766	0.0	0.0	0.0	0.0	0.06575342465753424	0.08470588235294117	0.08470588235294117	0.0	0.0	0.09433962264150944	0.1917808219178082	0.1643835616438356	0.0	0.0	0.05930807248764415	0.0	0.0	0.0	0.0	0.0	0.0	0.0	0.0	0.0	0.06728971962616823	0.0	0.0	0.020276497695852536	0.0	0.08888888888888889	0.0	0.0	0.0	0.0	0.0	0.0	0.0	0.0	0.0	0.0	0.05693950177935943	0.0	0.0	0.0	0.0	0.0	0.0	0.0	0.0	0.0	0.0	0.0	0.0	0.0	0.0	0.0	0.0	0.0	0.05405405405405406	0.0670391061452514	0.0	0.0653950953678474	0.0	0.061633281972265024	0.0	0.0	0.0	0.0	0.0	0.0	0.0	0.0	0.0	0.0	0.0	0.0	0.032432432432432434	0.0	0.0	0.0	0.039735099337748346	0.0	0.0	0.09836065573770492	0.0	0.1270718232044199	0.0	0.05	0.0	0.0	0.0	0.0	0.0	0.05218617771509168	0.0	0.0	0.0	0.0	0.0	0.0	0.0	0.027972027972027972	0.042682926829268296
0.15336204041073204	0.0	0.0	0.0	0.0	0.0	0.0	0.0	0.0	0.0	0.0	0.04332129963898917	0.05758582502768549	0.0	0.0	0.0	0.11300765155974102	0.1046808510638298	0.16224188790560473	0.0	0.0	0.0	0.0	0.100264850548619	0.017435897435897435	0.06213753106876554	0.0	0.0	0.07784431137724551	0.0	0.0	0.0948429164196799	0.0	0.0	0.08495575221238938	0.0	0.0	0.0	0.22012578616352202	0.0	0.08763121862163396	0.0	0.0	0.0	0.0	0.0	0.0	0.0	0.0	0.0	0.0	0.0	0.0	0.0	0.0	0.10327455919395466	0.29758149316508936	0.2508638562543193	1.0	0.16023391812865498	0.0	0.0	0.0	0.0	0.0	0.0976271186440678	0.0	0.0	0.0	0.045547246770904146	0.0	0.1453529000698812	0.0	0.0	0.13801601971657423	0.0	0.06172839506172839	0.0	0.0	0.07472755578619616	0.0	0.0	0.0	0.14167357083678542	0.0	0.0	0.10383480825958702	0.0	0.11812961443806398	0.0	0.0	0.0	0.0	0.0	0.0	0.0	0.03514844894155239	0.0840630472854641	0.0	0.04447533009034051	0.025853154084798345	0.0	0.0	0.08929477422628107	0.0	0.0	0.0	0.08367228355607205	0.0	0.0	0.0	0.007615700058582308	0.0	0.08785845027455766	0.2383025027203482	0.12933753943217666	0.0263477908390758	0.0	0.0	0.0	0.0	0.08337675872850443	0.0	0.05913757700205339	0.0	0.0	0.0	0.0	0.0	0.0	0.04311251314405889	0.020990764063811923	0.0	0.0	0.0	0.0	0.0	0.0	0.0	0.0	0.0	0.0	0.0	0.08386721025043681	0.0	0.0	0.0	0.0	0.0	0.0	0.0	0.0	0.0	0.0	0.0	0.0	0.0	0.0	0.0	0.0	0.0	0.0	0.0	0.0	0.0	0.0	0.0	0.0	0.0	0.0	0.0	0.0	0.0	0.0	0.0	0.0	0.1288292068820814	0.0	0.02918186555497655	0.0	0.0	0.05986903648269411	0.0	0.0	0.02565597667638484	0.0	0.19063829787234043	0.03392226148409894	0.0	0.011452130096197893	0.0	0.0	0.0	0.0	0.09815950920245399	0.11247803163444639	0.11247803163444639	0.0	0.0	0.05343511450381679	0.13191489361702127	0.1046808510638298	0.0	0.0	0.07885010266940452	0.0	0.0	0.0	0.0	0.0	0.0	0.0	0.0	0.0	0.08942710759198882	0.0	0.0	0.03494788473329246	0.0	0.0641439778495616	0.0	0.0	0.0	0.0	0.0	0.0	0.0	0.0	0.0	0.0	0.08505611340815121	0.0	0.0	0.0	0.0	0.0	0.0	0.0	0.0	0.0	0.0	0.0	0.0	0.0	0.0	0.0	0.0	0.0	0.03442485306465155	0.10006949270326616	0.0	0.0976271186440678	0.0	0.07990779869381483	0.0	0.0	0.0	0.0	0.0	0.0	0.0	0.0	0.0	0.0	0.0	0.0	0.05388414907947912	0.0	0.0	0.0	0.0205761316872428	0.0	0.0	0.05098572399728076	0.0	0.09003436426116838	0.0	0.025853154084798345	0.0	0.0	0.0	0.0	0.0	0.06894125923320436	0.0	0.0	0.0	0.0	0.0	0.0	0.0	0.041872637394591454	0.06081337894336754
0.07933884297520662	0.0	0.0	0.0	0.0	0.0	0.0	0.0	0.0	0.0	0.0	0.0	0.0	0.0	0.0	0.0	0.0	0.2777777777777778	0.16058394160583941	0.0	0.0	0.0	0.0	0.07045009784735812	0.3617021276595745	0.23684210526315788	0.0	0.0	0.0916030534351145	0.0	0.0	0.0	0.0	0.0	0.0	0.0	0.0	0.0	0.19230769230769232	0.0	0.0	0.0	0.0	0.0	0.0	0.0	0.0	0.0	0.0	0.0	0.0	0.0	0.0	0.0	0.0	0.2702702702702703	0.45454545454545453	0.18867924528301888	0.16023391812865498	1.0	0.0	0.0	0.0	0.0	0.0	0.0	0.0	0.0	0.0	0.1743119266055046	0.0	0.0	0.0	0.0	0.0	0.0	0.23376623376623376	0.0	0.0	0.0	0.0	0.0	0.0	0.23684210526315788	0.0	0.0	0.0	0.0	0.0	0.0	0.0	0.0	0.0	0.0	0.0	0.0	0.0	0.0	0.0	0.0	0.391304347826087	0.0	0.0	0.0	0.0	0.0	0.0	0.0	0.0	0.0	0.0	0.11913357400722022	0.0	0.0	0.6	0.45454545454545453	0.07708779443254818	0.0	0.0	0.0	0.0	0.0	0.0	0.0	0.0	0.0	0.0	0.0	0.0	0.0	0.45454545454545453	0.24324324324324326	0.0	0.0	0.0	0.0	0.0	0.0	0.0	0.0	0.0	0.0	0.0	0.0	0.0	0.0	0.0	0.0	0.0	0.0	0.0	0.0	0.0	0.0	0.0	0.0	0.0	0.0	0.0	0.0	0.0	0.0	0.0	0.0	0.0	0.0	0.0	0.0	0.0	0.0	0.0	0.0	0.0	0.0	0.0	0.0	0.08968609865470852	0.0	0.0	0.0	0.0	0.0	0.0	0.0	0.0	0.0	0.0	0.0	0.0	0.09090909090909091	0.0	0.0	0.0	0.0	0.0	0.0	0.0	0.0	0.0	0.14492753623188406	0.3333333333333333	0.2777777777777778	0.0	0.0	0.0	0.0	0.0	0.0	0.0	0.0	0.0	0.0	0.0	0.0	0.0	0.0	0.0	0.0	0.0	0.10204081632653061	0.0	0.0	0.0	0.0	0.0	0.0	0.0	0.0	0.0	0.0	0.0	0.0	0.0	0.0	0.0	0.0	0.0	0.0	0.0	0.0	0.0	0.0	0.0	0.0	0.0	0.0	0.0	0.0	0.2702702702702703	0.0	0.0	0.0	0.0	0.0	0.0	0.0	0.0	0.0	0.0	0.0	0.0	0.0	0.0	0.0	0.0	0.0	0.0	0.0	0.0	0.0	0.23376623376623376	0.0	0.0	0.1651376146788991	0.0	0.18691588785046728	0.0	0.391304347826087	0.0	0.0	0.0	0.0	0.0	0.0	0.0	0.0	0.0	0.0	0.0	0.0	0.0	0.0	0.0
0.0	0.0	0.0	0.0	0.0	0.0	0.0	0.0	0.0	0.0	0.0	0.032214765100671144	0.029149797570850202	0.0	0.04245283018867924	0.05967180507210343	0.0	0.0	0.0	0.0	0.0	0.0	0.0	0.03993344425956739	0.0	0.0	0.0	0.07563025210084033	0.0	0.038461538461538464	0.0	0.06629834254143646	0.15384615384615385	0.0	0.0989010989010989	0.0	0.0	0.0	0.0	0.0	0.0	0.0	0.0	0.0	0.0	0.0	0.0	0.027247956403269755	0.0	0.0	0.0	0.0	0.01809954751131222	0.0	0.0	0.0	0.0	0.0	0.0	0.0	1.0	0.0	0.0	0.0	0.0	0.0	0.16393442622950818	0.07314285714285715	0.1292929292929293	0.0	0.0	0.0	0.0	0.13821138211382114	0.028901734104046242	0.0	0.0	0.0	0.0	0.0	0.0	0.10434782608695652	0.075	0.0	0.0	0.0	0.0	0.0	0.0	0.0	0.0	0.0	0.0	0.0	0.08018867924528301	0.03577817531305903	0.0308545428693303	0.06512890094979647	0.056179775280898875	0.0	0.0	0.0	0.0	0.0	0.04918032786885246	0.038461538461538464	0.07236842105263158	0.0	0.0	0.0	0.0	0.0	0.0	0.0	0.0	0.0	0.0	0.056179775280898875	0.01092896174863388	0.01092896174863388	0.0	0.0	0.0	0.0	0.0	0.0	0.0	0.0	0.0	0.0	0.0	0.0	0.08108108108108109	0.0	0.0	0.0	0.012072434607645875	0.15934065934065933	0.0	0.0	0.0	0.0	0.0	0.0	0.0	0.0	0.0	0.0	0.0	0.0	0.0	0.0	0.0	0.0	0.0	0.0	0.0	0.02997275204359673	0.10588235294117647	0.041666666666666664	0.061224489795918366	0.0	0.0	0.0	0.0	0.0	0.0	0.0	0.0	0.0	0.0	0.0	0.0	0.0	0.0	0.0	0.0	0.0	0.0	0.0	0.0	0.04043126684636118	0.0	0.16182572614107885	0.0	0.0	0.0	0.0	0.0	0.0	0.0	0.0	0.0	0.0	0.0	0.0	0.0	0.0	0.0	0.0	0.0	0.0	0.0	0.0	0.0	0.0	0.0	0.0	0.0	0.0	0.0	0.0	0.0	0.0	0.0	0.0	0.0	0.025802183261660602	0.03296703296703297	0.0	0.024390243902439025	0.0	0.0	0.0	0.04390243902439024	0.056179775280898875	0.0	0.0	0.0	0.0	0.07702888583218707	0.0	0.0	0.0	0.0	0.0	0.0	0.0	0.0	0.0	0.0	0.0	0.0	0.0	0.0	0.0	0.0	0.0	0.0	0.0	0.0	0.0	0.0	0.0	0.0	0.0	0.0	0.0	0.0	0.0	0.0	0.08130081300813008	0.0	0.0	0.0	0.0	0.0	0.0	0.0	0.09340659340659341	0.0	0.0	0.10084033613445378	0.0	0.0	0.0	0.0	0.0	0.0	0.0	0.0	0.0	0.0	0.0	0.0	0.0	0.0	0.0	0.0	0.0	0.0	0.0	0.04013377926421405
0.0	0.0	0.0	0.0	0.0	0.744	0.3333333333333333	0.49206349206349204	0.49206349206349204	0.009836065573770493	0.168	0.0	0.0	0.0	0.0	0.0028169014084507044	0.0	0.0	0.0	0.0	0.0	0.0	0.06719367588932806	0.0	0.0	0.0	0.0	0.05027932960893855	0.0	0.009836065573770493	0.0	0.0	0.0	0.0	0.0	0.0	0.012244897959183673	0.05027932960893855	0.0	0.0	0.0	0.015873015873015872	0.0	0.6097560975609756	0.49206349206349204	0.3155080213903743	0.18459069020866772	0.2077922077922078	0.3320079522862823	0.1318242343541944	0.004965243296921549	0.08366711170449488	0.11651469098277609	0.10031847133757962	0.3155080213903743	0.0	0.0	0.0	0.0	0.0	0.0	1.0	0.12195121951219512	0.2315112540192926	0.0	0.0	0.0	0.003963011889035667	0.0045871559633027525	0.0	0.0	0.0	0.0	0.0	0.0	0.0	0.0	0.0	0.0	0.0	0.0	0.0	0.0	0.0	0.0	0.038873239436619716	0.0	0.0	0.0	0.0	0.0	0.005291005291005291	0.0	0.0	0.019178082191780823	0.08	0.0	0.0	0.0	0.0	0.0	0.06382978723404255	0.0	0.0	0.0	0.009836065573770493	0.036734693877551024	0.0	0.047244094488188976	0.10756972111553785	0.0	0.0	0.019581664441477527	0.0859106529209622	0.0	0.0	0.012048192771084338	0.0	0.0	0.0	0.12195121951219512	0.0	0.06072874493927125	0.0	0.0	0.0	0.0	0.0	0.0	0.0	0.0	0.0	0.0	0.0	0.0	0.0	0.0365296803652968	0.009836065573770493	0.0	0.0	0.0	0.0	0.005405405405405406	0.0	0.008595988538681949	0.15428571428571428	0.028938906752411574	0.01904761904761905	0.015915119363395226	0.04950495049504951	0.028938906752411574	0.0481283422459893	0.028938906752411574	0.028938906752411574	0.01904761904761905	0.0	0.047619047619047616	0.0	0.0	0.0	0.02127659574468085	0.012658227848101266	0.0	0.04823151125401929	0.0	0.11297071129707113	0.023715415019762844	0.035856573705179286	0.035856573705179286	0.023715415019762844	0.035856573705179286	0.06072874493927125	0.023715415019762844	0.035856573705179286	0.0	0.0	0.0	0.060948081264108354	0.0	0.06775067750677506	0.09090909090909091	0.0	0.18716577540106952	0.0	0.0	0.0	0.0	0.0	0.027932960893854747	0.0351288056206089	0.0	0.0	0.0	0.0	0.0	0.0	0.0	0.0	0.0	0.0	0.0	0.0	0.0	0.0	0.0	0.09127382146439318	0.3473684210526316	0.0	0.0	0.0	0.047619047619047616	0.047244094488188976	0.0	0.08021390374331551	0.03349282296650718	0.0	0.0170316301703163	0.0	0.0	0.0	0.0	0.0	0.06382978723404255	0.01023541453428864	0.02564102564102564	0.0	0.168	0.0	0.0	0.0	0.029556650246305417	0.031578947368421054	0.0095151789759855	0.0	0.0	0.0	0.028938906752411574	0.01904761904761905	0.0620782726045884	0.006060606060606061	0.003976143141153081	0.0	0.0	0.0	0.0	0.0	0.0	0.0	0.0	0.0	0.05930470347648262	0.0	0.047619047619047616	0.0	0.0395778364116095	0.08502024291497975	0.08021390374331551	0.0	0.0	0.0	0.0	0.0	0.0	0.05142857142857143	0.0	0.004965243296921549	0.0	0.1827956989247312	0.0	0.009836065573770493	0.0	0.0	0.0	0.0	0.012797074954296161	0.0	0.0	0.0	0.06938775510204082	0.13630229419703105	0.36	0.030508474576271188	0.02702702702702703	0.04222972972972973	0.005405405405405406	0.005405405405405406	0.003964321110009911	0.00804289544235925	0.03225806451612903	0.0	0.00804289544235925	0.032388663967611336	0.016697588126159554
0.0	0.0	0.0	0.0	0.0	0.14754098360655737	0.08602150537634409	0.12195121951219512	0.12195121951219512	0.019867549668874173	0.043010752688172046	0.0	0.0	0.0	0.0	0.009642654566080544	0.0	0.0	0.0	0.0	0.0	0.0	0.144	0.0	0.0	0.0	0.0	0.06818181818181818	0.0	0.019867549668874173	0.0	0.0	0.0	0.0	0.0	0.0	0.024793388429752067	0.06818181818181818	0.0	0.0	0.0	0.04	0.0	0.2	0.12195121951219512	0.13043478260869565	0.06645056726094004	0.05573770491803279	0.09054325955734406	0.09261744966442953	0.017085427135678392	0.035794183445190156	0.0417940876656473	0.0256	0.13043478260869565	0.0	0.0	0.0	0.0	0.0	0.0	0.12195121951219512	1.0	0.1590909090909091	0.0	0.0	0.0	0.011984021304926764	0.011547344110854504	0.0	0.0	0.0	0.0	0.0	0.0	0.0	0.0	0.0	0.0	0.0	0.0	0.0	0.0	0.0	0.0	0.0822461712989223	0.0	0.0	0.0	0.0	0.0	0.013333333333333334	0.0	0.0	0.027624309392265192	0.04225352112676056	0.0	0.0	0.0	0.0	0.0	0.11351351351351352	0.0	0.0	0.0	0.019867549668874173	0.0743801652892562	0.0	0.12749003984063745	0.1774193548387097	0.0	0.0	0.035794183445190156	0.09722222222222222	0.0	0.0	0.030303030303030304	0.0	0.0	0.0	0.2	0.0	0.09836065573770492	0.0	0.0	0.0	0.0	0.0	0.0	0.0	0.0	0.0	0.0	0.0	0.0	0.0	0.03908045977011494	0.019867549668874173	0.0	0.0	0.0	0.0	0.010869565217391304	0.0	0.017341040462427744	0.20930232558139536	0.05844155844155844	0.04807692307692308	0.040106951871657755	0.08	0.05844155844155844	0.09782608695652174	0.05844155844155844	0.05844155844155844	0.04807692307692308	0.0	0.0967741935483871	0.0	0.0	0.0	0.034482758620689655	0.02564102564102564	0.0	0.07792207792207792	0.0	0.15254237288135594	0.06	0.07258064516129033	0.07258064516129033	0.06	0.07258064516129033	0.09836065573770492	0.06	0.07258064516129033	0.0	0.0	0.0	0.1	0.0	0.14754098360655737	0.12131147540983607	0.0	0.13043478260869565	0.0	0.0	0.0	0.0	0.0	0.045454545454545456	0.05660377358490566	0.0	0.0	0.0	0.0	0.0	0.0	0.0	0.0	0.0	0.0	0.0	0.0	0.0	0.0	0.0	0.03733602421796166	0.391304347826087	0.0	0.0	0.0	0.1646586345381526	0.12749003984063745	0.0	0.2608695652173913	0.05542168674698795	0.0	0.061124694376528114	0.0	0.0	0.0	0.0	0.0	0.11351351351351352	0.016477857878475798	0.034482758620689655	0.0	0.14754098360655737	0.0	0.0	0.0	0.03980099502487562	0.17647058823529413	0.015034168564920273	0.0	0.0	0.0	0.05844155844155844	0.04807692307692308	0.05442176870748299	0.012195121951219513	0.01	0.0	0.0	0.0	0.0	0.0	0.0	0.0	0.0	0.0	0.09465020576131687	0.0	0.0967741935483871	0.0	0.08847184986595175	0.12295081967213115	0.13043478260869565	0.0	0.0	0.0	0.0	0.0	0.0	0.06976744186046512	0.0	0.017085427135678392	0.0	0.10382513661202186	0.0	0.019867549668874173	0.0	0.0	0.0	0.0	0.01838235294117647	0.0	0.0	0.0	0.10743801652892562	0.047619047619047616	0.14754098360655737	0.0410958904109589	0.04395604395604396	0.04753820033955857	0.010869565217391304	0.010869565217391304	0.009970089730807577	0.016216216216216217	0.0951276102088167	0.0	0.016216216216216217	0.044715447154471545	0.022388059701492536
0.0	0.11363636363636363	0.0	0.0026899798251513113	0.01718213058419244	0.33225806451612905	0.19518716577540107	0.2315112540192926	0.2315112540192926	0.018367346938775512	0.13035714285714287	0.0	0.0	0.0	0.0	0.011530815109343936	0.0	0.0	0.0	0.0	0.0	0.0	0.08447488584474885	0.0	0.0	0.0	0.0	0.04120879120879121	0.0	0.018367346938775512	0.0	0.0	0.0	0.0	0.0	0.0	0.020930232558139535	0.04120879120879121	0.0	0.0	0.0	0.028419182948490232	0.0	0.275974025974026	0.2315112540192926	0.18548387096774194	0.13595166163141995	0.15010141987829614	0.21420389461626574	0.1239964317573595	0.01659988551803091	0.08670907264814195	0.09948415622697127	0.1070110701107011	0.18548387096774194	0.0	0.0	0.0	0.0	0.0	0.0	0.2315112540192926	0.1590909090909091	1.0	0.0	0.0	0.0	0.013309671694764862	0.01288244766505636	0.0	0.0	0.0	0.0	0.0	0.0	0.01718213058419244	0.0	0.0	0.0	0.0	0.01718213058419244	0.0	0.0	0.0	0.02434077079107505	0.05924453280318091	0.0	0.0	0.0	0.0	0.0	0.03019538188277087	0.03513513513513514	0.0	0.023636363636363636	0.072992700729927	0.005223230941425196	0.0	0.0	0.04929577464788732	0.0	0.058981233243967826	0.0	0.0	0.0	0.018367346938775512	0.044186046511627906	0.015105740181268883	0.07061503416856492	0.11238532110091744	0.0	0.0	0.03850016739203214	0.06512605042016807	0.0	0.0	0.02342606149341142	0.0	0.0	0.0	0.08116883116883117	0.0	0.05787037037037037	0.0	0.02771362586605081	0.0	0.0	0.0	0.0	0.0	0.0	0.0	0.0	0.0	0.029605263157894735	0.0	0.04173354735152488	0.018367346938775512	0.0	0.0	0.0	0.04929577464788732	0.04594594594594595	0.0	0.016853932584269662	0.10277777777777777	0.038306451612903226	0.032	0.028469750889679714	0.05122950819672131	0.038306451612903226	0.051075268817204304	0.038306451612903226	0.038306451612903226	0.032	0.0	0.05080213903743316	0.0	0.0	0.0	0.02619047619047619	0.02132701421800948	0.0	0.05040322580645161	0.0	0.08726415094339622	0.0365296803652968	0.04357798165137615	0.04357798165137615	0.0365296803652968	0.04357798165137615	0.05787037037037037	0.0365296803652968	0.04357798165137615	0.0	0.0	0.0	0.07802547770700637	0.0	0.08483754512635379	0.07707910750507099	0.0	0.12096774193548387	0.0	0.0	0.0	0.0	0.0	0.03021978021978022	0.04084967320261438	0.0	0.0	0.0	0.0	0.0	0.0	0.0	0.0	0.0	0.0	0.0	0.0	0.0	0.0	0.0	0.08119970738844184	0.1392857142857143	0.0	0.02771362586605081	0.0	0.07780320366132723	0.07061503416856492	0.0	0.11021505376344086	0.03980099502487562	0.0	0.038053649407361195	0.0	0.0	0.0	0.0	0.0	0.058981233243967826	0.034892353377876766	0.027985074626865673	0.0	0.1	0.0	0.0	0.0	0.030643513789581207	0.06933333333333333	0.015269765863590091	0.06774193548387097	0.0	0.06774193548387097	0.038306451612903226	0.032	0.0594059405940594	0.03529411764705882	0.023255813953488372	0.0	0.0	0.0	0.0	0.0	0.0	0.015045135406218655	0.0	0.0	0.07566765578635015	0.0	0.05080213903743316	0.0	0.04672897196261682	0.07175925925925926	0.06720430107526881	0.0	0.0	0.0	0.0	0.0	0.0	0.041666666666666664	0.0	0.01659988551803091	0.0	0.11859838274932614	0.0	0.018367346938775512	0.0	0.0	0.0	0.0	0.03278688524590164	0.0	0.0	0.0	0.06279069767441861	0.10891089108910891	0.1774193548387097	0.03125	0.02972972972972973	0.039897039897039896	0.04594594594594595	0.04594594594594595	0.028281363306744016	0.043010752688172046	0.05492730210016155	0.0	0.043010752688172046	0.05183585313174946	0.020718232044198894
0.0	0.0	0.012185215272136474	0.0	0.0	0.0	0.0	0.0	0.0	0.0	0.0	0.03114534494306765	0.06696878147029205	0.09713024282560706	0.0900562851782364	0.0	0.0	0.04183757178014766	0.0	0.0	0.0	0.0	0.0	0.03686635944700461	0.0	0.02186234817813765	0.0	0.0	0.0	0.0	0.0	0.0	0.0	0.14453477868112014	0.05138607167004733	0.4857351865398683	0.08241353936718175	0.0	0.0	0.0	0.0671685002895194	0.0	0.04655493482309125	0.0	0.0	0.0	0.0	0.0	0.0	0.0	0.0	0.0	0.0	0.0	0.0	0.007334963325183374	0.0	0.0	0.0	0.0	0.0	0.0	0.0	0.0	1.0	0.018991964937910884	0.0	0.0	0.0	0.0	0.07174887892376682	0.0	0.05933917734322319	0.0	0.0	0.0	0.012106537530266344	0.0	0.0	0.0	0.0	0.0	0.0	0.0	0.0	0.03188158269285511	0.018931710615280595	0.0	0.0	0.097799511002445	0.052525252525252523	0.0	0.0	0.09327354260089686	0.0	0.0	0.0	0.0	0.0	0.01998519615099926	0.0	0.0	0.04607046070460705	0.016079158936301793	0.08900876601483479	0.0	0.0	0.0	0.0	0.0	0.0	0.0	0.0	0.0	0.0	0.0	0.03753351206434316	0.0	0.0	0.0	0.0	0.06285355122564425	0.0	0.0897782585181179	0.0	0.024899598393574297	0.0	0.024899598393574297	0.0	0.0	0.0	0.0	0.0	0.0	0.0	0.04607046070460705	0.0	0.0	0.04607046070460705	0.012106537530266344	0.0	0.0	0.0	0.07449664429530202	0.0	0.0	0.0	0.0	0.04621072088724584	0.0	0.05030181086519115	0.0	0.05030181086519115	0.0	0.0	0.09819763828464885	0.0	0.010101010101010102	0.0	0.0	0.0	0.0	0.0	0.0	0.0	0.0	0.0	0.0	0.0	0.0	0.0	0.0	0.0	0.0	0.0	0.0	0.0	0.0	0.0754242614707731	0.0	0.018855218855218854	0.028635346756152126	0.0	0.0	0.01880456682337139	0.0	0.0	0.0	0.0	0.0	0.029433406916850625	0.11088573360378634	0.08856088560885608	0.03325020781379884	0.01904761904761905	0.017508417508417508	0.017508417508417508	0.0	0.0	0.01820633850303439	0.0	0.01394585726004922	0.0	0.022598870056497175	0.046511627906976744	0.0	0.0	0.022004889975550123	0.0	0.024899598393574297	0.0	0.0	0.13932172318973418	0.0	0.0563049853372434	0.0685383980181668	0.019029495718363463	0.02276243093922652	0.0	0.0	0.004022526146419952	0.0	0.0	0.0	0.0	0.0	0.0	0.03975155279503106	0.02986279257465698	0.09523809523809523	0.0	0.0	0.04258555133079848	0.0	0.0	0.0	0.0	0.0	0.034161490683229816	0.0	0.0	0.0	0.0	0.0	0.0	0.06053268765133172	0.03614457831325301	0.05013368983957219	0.022004889975550123	0.0	0.0	0.018991964937910884	0.0	0.01603724780134506	0.0	0.0	0.0	0.0	0.0	0.0	0.012345679012345678	0.0	0.0	0.0	0.04973221117061974	0.0	0.07679083094555873	0.0	0.02986279257465698	0.0	0.06133979015334948	0.0901241230437129	0.08475957620211899	0.010972933430870519	0.0	0.0	0.0	0.0	0.0	0.0	0.0	0.0	0.0	0.04870920603994155	0.0	0.0	0.0	0.0	0.0	0.015356820234869015	0.0	0.0	0.0
0.13815789473684212	0.0	0.0	0.0	0.0	0.0	0.0	0.0	0.0	0.0	0.0	0.17209302325581396	0.09010989010989011	0.018970189701897018	0.034764826175869123	0.0	0.08372093023255814	0.0	0.013986013986013986	0.0	0.0	0.0	0.0	0.0915915915915916	0.0	0.0	0.0	0.0	0.043795620437956206	0.0	0.0	0.06557377049180328	0.0	0.037037037037037035	0.06293706293706294	0.013404825737265416	0.024390243902439025	0.0	0.09917355371900827	0.0	0.1717902350813743	0.0	0.0	0.0	0.0	0.0	0.0	0.0	0.0	0.0	0.0	0.0	0.0	0.0	0.0	0.0	0.0	0.0653950953678474	0.0976271186440678	0.0	0.0	0.0	0.0	0.0	0.018991964937910884	1.0	0.0	0.0	0.0	0.0	0.020242914979757085	0.11019283746556474	0.01160092807424594	0.0	0.1070559610705596	0.0	0.0	0.0	0.0	0.049281314168377825	0.0	0.0	0.0	0.0	0.0	0.0035226772346983706	0.1794871794871795	0.0	0.07741935483870968	0.0429042904290429	0.023148148148148147	0.0	0.0	0.020242914979757085	0.0	0.0	0.022242817423540315	0.05536332179930796	0.0	0.03287671232876712	0.0	0.0	0.0	0.3815261044176707	0.016241299303944315	0.0	0.0	0.05510907003444317	0.0	0.0	0.0	0.0	0.0	0.05783132530120482	0.0	0.0	0.01929260450160772	0.0	0.0	0.0	0.0	0.13814432989690723	0.0	0.09446254071661238	0.0	0.028846153846153848	0.0	0.028846153846153848	0.0	0.0	0.0	0.0	0.0	0.0	0.0	0.0	0.0	0.0	0.0	0.0	0.0	0.0	0.0	0.12313003452243959	0.0	0.0	0.0	0.0	0.0	0.0	0.0	0.0	0.0	0.0	0.0	0.020242914979757085	0.0	0.0	0.0	0.0	0.0	0.0	0.0	0.0	0.0	0.0	0.0	0.0	0.0	0.0	0.0	0.0	0.0	0.0	0.0	0.0	0.06988352745424292	0.0	0.04742268041237113	0.0	0.006944444444444444	0.241635687732342	0.0	0.0	0.02304147465437788	0.0	0.14715719063545152	0.022284122562674095	0.0	0.0	0.024390243902439025	0.03496503496503497	0.035422343324250684	0.030927835051546393	0.06989247311827956	0.14351851851851852	0.14351851851851852	0.0	0.0	0.0	0.0	0.0	0.0	0.009708737864077669	0.11074918566775244	0.0	0.0	0.0	0.0	0.009615384615384616	0.0	0.0	0.07234042553191489	0.0	0.13468634686346864	0.0576271186440678	0.012153950033760972	0.02162656107219007	0.0	0.014625228519195612	0.0	0.0	0.0	0.0	0.0	0.0	0.0	0.01820020222446916	0.04854368932038835	0.021505376344086023	0.056009334889148193	0.0	0.0059193488716241215	0.0	0.0	0.0	0.0	0.0	0.003033367037411527	0.0	0.0	0.0	0.0	0.0	0.0	0.0	0.0	0.0	0.0	0.06575342465753424	0.0	0.48663101604278075	0.0	0.09298780487804878	0.0	0.0	0.0	0.0	0.0	0.0	0.0	0.0	0.0	0.0	0.04956268221574344	0.0	0.08185053380782918	0.0	0.04854368932038835	0.0	0.009708737864077669	0.03409090909090909	0.0297029702970297	0.0	0.0	0.016260162601626018	0.0	0.0	0.0	0.0	0.0	0.0	0.0	0.10614525139664804	0.0	0.0	0.0	0.0	0.0	0.0	0.0	0.027745664739884393	0.042232277526395176
0.0	0.0	0.0	0.0	0.0	0.0	0.0	0.0	0.0	0.0	0.0	0.0	0.0	0.0	0.0	0.0835405271009448	0.0	0.0	0.0	0.0	0.0	0.0	0.0	0.0	0.0	0.0	0.0	0.12605042016806722	0.0	0.04945054945054945	0.0	0.0	0.0	0.0	0.0	0.0	0.0	0.0	0.0	0.0	0.0	0.0	0.0	0.0	0.0	0.0	0.0	0.03814713896457766	0.0	0.0	0.0	0.0	0.025339366515837104	0.0	0.0	0.0	0.0	0.0	0.0	0.0	0.16393442622950818	0.0	0.0	0.0	0.0	0.0	1.0	0.15542857142857142	0.21818181818181817	0.0	0.0	0.0	0.0	0.2845528455284553	0.04046242774566474	0.0	0.0	0.0	0.0	0.0	0.0	0.0	0.0	0.0	0.0	0.0	0.0	0.0	0.0	0.0	0.0	0.0	0.0	0.0	0.10849056603773585	0.057245080500894455	0.0	0.0	0.07865168539325842	0.0	0.0	0.0	0.0	0.0	0.0	0.04945054945054945	0.1118421052631579	0.0	0.0	0.0	0.0	0.0	0.0	0.0	0.0	0.0	0.0	0.07865168539325842	0.02185792349726776	0.02185792349726776	0.0	0.0	0.0	0.0	0.0	0.0	0.0	0.0	0.0	0.0	0.0	0.0	0.0	0.0	0.0	0.0	0.02012072434607646	0.19230769230769232	0.0	0.0	0.0	0.0	0.0	0.0	0.0	0.0	0.0	0.0	0.0	0.0	0.0	0.0	0.0	0.0	0.0	0.0	0.0	0.04087193460490463	0.12941176470588237	0.058333333333333334	0.07482993197278912	0.0	0.0	0.0	0.0	0.0	0.0	0.0	0.0	0.0	0.0	0.0	0.0	0.0	0.0	0.0	0.0	0.0	0.0	0.0	0.0	0.0	0.0	0.0	0.0	0.0	0.0	0.0	0.0	0.0	0.0	0.0	0.0	0.0	0.0	0.0	0.0	0.0	0.0	0.0	0.0	0.0	0.0	0.0	0.0	0.0	0.0	0.0	0.0	0.0	0.0	0.0	0.0	0.0	0.0	0.0	0.0	0.0	0.054945054945054944	0.0	0.0	0.0	0.0	0.0	0.05365853658536585	0.07865168539325842	0.0	0.0	0.0	0.0	0.11004126547455295	0.0	0.0	0.0	0.0	0.0	0.0	0.0	0.0	0.0	0.0	0.0	0.0	0.0	0.0	0.0	0.0	0.0	0.0	0.0	0.0	0.0	0.0	0.0	0.0	0.0	0.0	0.0	0.0	0.0	0.0	0.02710027100271003	0.0	0.0	0.0	0.0	0.0	0.0	0.0	0.12637362637362637	0.0	0.0	0.0	0.0	0.0	0.0	0.0	0.0	0.0	0.0	0.0	0.0	0.0	0.0	0.0	0.0	0.0	0.0	0.0	0.0	0.0	0.0	0.0
0.0	0.0	0.0	0.0	0.0	0.006622516556291391	0.01245753114382786	0.003963011889035667	0.003963011889035667	0.013452914798206279	0.008764940239043825	0.0	0.0	0.0	0.0	0.2933572710951526	0.0	0.0	0.0	0.0	0.0	0.0	0.004945598417408506	0.0	0.0	0.0	0.0	0.07068366164542295	0.0	0.07802690582959641	0.0	0.0	0.0	0.0	0.0	0.0	0.01507537688442211	0.05909617612977984	0.0	0.0	0.0	0.0023790642347343376	0.0	0.011984021304926764	0.003963011889035667	0.010238907849829351	0.026595744680851064	0.07225691347011597	0.007936507936507936	0.0031847133757961785	0.004462072384729797	0.011667178385016887	0.06300268096514745	0.006246450880181715	0.010238907849829351	0.0	0.0	0.0	0.0	0.0	0.07314285714285715	0.003963011889035667	0.011984021304926764	0.013309671694764862	0.0	0.0	0.15542857142857142	1.0	0.6978939724037764	0.0	0.0	0.0	0.0	0.08646188850967008	0.022242817423540315	0.0	0.0	0.0	0.0	0.0	0.0	0.0	0.0	0.0	0.0	0.006104129263913824	0.0	0.0	0.0	0.0	0.0	0.007137192704203013	0.0	0.0	0.22267206477732793	0.1122923588039867	0.0	0.0	0.03230148048452221	0.0	0.0	0.007945516458569807	0.0	0.0	0.0	0.07802690582959641	0.1577889447236181	0.0	0.0029615004935834156	0.00893743793445879	0.0	0.0	0.011667178385016887	0.045078196872125116	0.0	0.0	0.001998667554963358	0.03230148048452221	0.010723860589812333	0.010723860589812333	0.011984021304926764	0.0	0.009009009009009009	0.0	0.0	0.0	0.0	0.0	0.0	0.0	0.0	0.0	0.0	0.0	0.0	0.0	0.041274438812454746	0.5551569506726457	0.0	0.0	0.0	0.0	0.009287925696594427	0.0	0.012468827930174564	0.019883040935672516	0.0044365572315882874	0.0026431718061674008	0.0023828435266084196	0.008100810081008101	0.0044365572315882874	0.005688282138794084	0.0044365572315882874	0.0044365572315882874	0.0026431718061674008	0.0	0.0056625141562853904	0.0231935771632471	0.055020632737276476	0.02768166089965398	0.14256410256410257	0.015321756894790603	0.0	0.007985803016858917	0.0	0.017293997965412006	0.002967359050445104	0.004965243296921549	0.004965243296921549	0.002967359050445104	0.004965243296921549	0.009009009009009009	0.002967359050445104	0.004965243296921549	0.0	0.0	0.0	0.006470165348670022	0.0	0.031375703942075624	0.02230151650312221	0.0	0.010238907849829351	0.0	0.0	0.0	0.0	0.0	0.031286210892236384	0.006622516556291391	0.0	0.0	0.0	0.0	0.0	0.0	0.0	0.0	0.0	0.0	0.0	0.0	0.0	0.0	0.0	0.006657789613848202	0.09352517985611511	0.0	0.0	0.0	0.006937561942517344	0.0029615004935834156	0.0	0.010238907849829351	0.014168530947054437	0.0	0.01380897583429229	0.0	0.02130492676431425	0.0	0.0	0.0	0.007945516458569807	0.018218623481781375	0.13504556752278377	0.03230148048452221	0.006622516556291391	0.0	0.0	0.0	0.07271095152603231	0.003389830508474576	0.01771837115324837	0.0	0.0	0.0	0.0044365572315882874	0.0026431718061674008	0.015248796147672551	0.010033444816053512	0.005956320317670417	0.0	0.0	0.0	0.0	0.0	0.0	0.0	0.0	0.0	0.015509103169251517	0.0	0.0056625141562853904	0.0	0.004524886877828055	0.013013013013013013	0.010238907849829351	0.0	0.0	0.0	0.0	0.014222222222222223	0.0	0.05964912280701754	0.0	0.004462072384729797	0.0	0.0330672748004561	0.0	0.22511210762331837	0.0	0.0	0.0	0.0	0.024390243902439025	0.0	0.0	0.0	0.023115577889447236	0.02247191011235955	0.006622516556291391	0.04657534246575343	0.030857142857142857	0.02901124925991711	0.009287925696594427	0.009287925696594427	0.0059445178335535	0.011990407673860911	0.01529497450837582	0.0	0.011990407673860911	0.01660795168595873	0.010739102969046115
0.0	0.0	0.0	0.0	0.0	0.006896551724137931	0.014028056112224449	0.0045871559633027525	0.0045871559633027525	0.014634146341463415	0.010218978102189781	0.0	0.0	0.0	0.0	0.554228855721393	0.0	0.0	0.0	0.0	0.0	0.0	0.0053285968028419185	0.0	0.0	0.0	0.0	0.09611451942740286	0.0	0.08943089430894309	0.0	0.0	0.0	0.0	0.0	0.0	0.016216216216216217	0.05521472392638037	0.0	0.0	0.0	0.0029069767441860465	0.0	0.011547344110854504	0.0045871559633027525	0.01006036217303823	0.02654867256637168	0.08414239482200647	0.008014247551202136	0.0036469730123997084	0.006675567423230975	0.012618296529968454	0.07280647168637212	0.007462686567164179	0.01006036217303823	0.0	0.0	0.0	0.0	0.0	0.1292929292929293	0.0045871559633027525	0.011547344110854504	0.01288244766505636	0.0	0.0	0.21818181818181817	0.6978939724037764	1.0	0.0	0.0	0.0	0.0	0.14084507042253522	0.03015075376884422	0.0	0.0	0.0	0.0	0.0	0.0	0.0	0.0	0.0	0.0	0.0076285240464344945	0.0	0.0	0.0	0.0	0.0	0.00872093023255814	0.0	0.0	0.25333333333333335	0.145679012345679	0.0	0.0	0.04195804195804196	0.0	0.0	0.008032128514056224	0.0	0.0	0.0	0.08943089430894309	0.1891891891891892	0.0	0.0035460992907801418	0.008912655971479501	0.0	0.0	0.012618296529968454	0.04159733777038269	0.0	0.0	0.0024752475247524753	0.04195804195804196	0.019448946515397084	0.019448946515397084	0.011547344110854504	0.0	0.008976660682226212	0.0	0.0	0.0	0.0	0.0	0.0	0.0	0.0	0.0	0.0	0.0	0.0	0.0	0.053475935828877004	0.6357723577235772	0.0	0.0	0.0	0.0	0.010404624277456647	0.0	0.013657056145675266	0.018556701030927835	0.004830917874396135	0.0032	0.002911208151382824	0.008156606851549755	0.004830917874396135	0.006036217303822937	0.004830917874396135	0.004830917874396135	0.0032	0.0	0.006012024048096192	0.030744336569579287	0.06175771971496437	0.03665987780040733	0.14862385321100918	0.016453382084095063	0.0	0.008051529790660225	0.0	0.01639344262295082	0.003552397868561279	0.0053475935828877	0.0053475935828877	0.003552397868561279	0.0053475935828877	0.008976660682226212	0.003552397868561279	0.0053475935828877	0.0	0.0	0.0	0.006640106241699867	0.0	0.030927835051546393	0.022653721682847898	0.0	0.01006036217303823	0.0	0.0	0.0	0.0	0.0	0.03067484662576687	0.0067842605156037995	0.0	0.0	0.0	0.0	0.0	0.0	0.0	0.0	0.0	0.0	0.0	0.0	0.0	0.0	0.0	0.008039579468150896	0.08148148148148149	0.0	0.0	0.0	0.0071174377224199285	0.0035460992907801418	0.0	0.01006036217303823	0.013736263736263736	0.0	0.01457096600107933	0.0	0.03233256351039261	0.0	0.0	0.0	0.008032128514056224	0.01878522229179712	0.14069591527987896	0.04195804195804196	0.006896551724137931	0.0	0.0	0.0	0.11879576891781937	0.004	0.018276762402088774	0.0	0.0	0.0	0.004830917874396135	0.0032	0.016164584864070537	0.011180124223602485	0.007380073800738007	0.0	0.0	0.0	0.0	0.0	0.0	0.0	0.0	0.0	0.016270337922403004	0.0	0.006012024048096192	0.0	0.005005005005005005	0.012567324955116697	0.01006036217303823	0.0	0.0	0.0	0.0	0.02258064516129032	0.0	0.05567010309278351	0.0	0.006675567423230975	0.0	0.03225806451612903	0.0	0.25853658536585367	0.0	0.0	0.0	0.0	0.024504084014002333	0.0	0.0	0.0	0.023423423423423424	0.022777369581190303	0.006896551724137931	0.04462809917355372	0.030303030303030304	0.02771618625277162	0.010404624277456647	0.010404624277456647	0.007366482504604052	0.013177159590043924	0.016129032258064516	0.0	0.013177159590043924	0.017126546146527116	0.01060070671378092
0.05533596837944664	0.0	0.0	0.0	0.0	0.0	0.0	0.0	0.0	0.0	0.0	0.0	0.0	0.0	0.0	0.0	0.0	0.11409395973154363	0.08878504672897196	0.0	0.0	0.0	0.0	0.039097744360902256	0.27419354838709675	0.0718954248366013	0.0	0.0	0.04753199268738574	0.0	0.0	0.0	0.0	0.0	0.0	0.0	0.0	0.0	0.09392265193370165	0.0	0.0	0.0	0.0	0.0	0.0	0.0	0.0	0.0	0.0	0.0	0.0	0.0	0.0	0.0	0.0	0.11258278145695365	0.14049586776859505	0.09289617486338798	0.045547246770904146	0.1743119266055046	0.0	0.0	0.0	0.0	0.0	0.0	0.0	0.0	0.0	1.0	0.0	0.0	0.0	0.0	0.0	0.0	0.07142857142857142	0.0	0.0	0.0	0.0	0.0	0.0	0.0718954248366013	0.0	0.0	0.0	0.0	0.0	0.0	0.0	0.0	0.0	0.0	0.0	0.0	0.0	0.0	0.0	0.0	0.2032520325203252	0.0	0.0	0.0	0.0	0.0	0.0	0.0	0.0	0.0	0.0	0.03944315545243619	0.0	0.0	0.24786324786324787	0.14049586776859505	0.03542673107890499	0.0	0.0	0.0	0.0	0.0	0.0	0.0	0.0	0.0	0.0	0.0	0.0	0.0	0.15702479338842976	0.08609271523178808	0.0	0.0	0.0	0.0	0.0	0.0	0.0	0.0	0.0	0.0	0.0	0.0	0.0	0.0	0.0	0.0	0.0	0.0	0.0	0.0	0.0	0.0	0.0	0.0	0.0	0.0	0.0	0.0	0.0	0.0	0.0	0.0	0.0	0.0	0.0	0.0	0.0	0.0	0.0	0.0	0.0	0.0	0.0	0.0	0.043333333333333335	0.0	0.0	0.0	0.0	0.0	0.0	0.0	0.0	0.0	0.0	0.0	0.0	0.04727272727272727	0.0	0.0	0.0	0.0	0.0	0.0	0.0	0.0	0.0	0.20930232558139536	0.4899328859060403	0.11409395973154363	0.0	0.0	0.0	0.0	0.0	0.0	0.0	0.0	0.0	0.0	0.0	0.0	0.0	0.0	0.0	0.0	0.0	0.047619047619047616	0.0	0.0	0.0	0.0	0.0	0.0	0.0	0.0	0.0	0.0	0.0	0.0	0.0	0.0	0.0	0.0	0.0	0.0	0.0	0.0	0.0	0.0	0.0	0.0	0.0	0.0	0.0	0.0	0.12582781456953643	0.0	0.0	0.0	0.0	0.0	0.0	0.0	0.0	0.0	0.0	0.0	0.0	0.0	0.0	0.0	0.0	0.0	0.0	0.0	0.0	0.0	0.08441558441558442	0.0	0.0	0.05913978494623656	0.0	0.07065217391304347	0.0	0.10569105691056911	0.0	0.0	0.0	0.0	0.0	0.0	0.0	0.0	0.0	0.0	0.0	0.0	0.0	0.0	0.0
0.0	0.0	0.0	0.0	0.0	0.0	0.0	0.0	0.0	0.0	0.0	0.010895310279488394	0.05310531053105311	0.2396694214876033	0.12154696132596685	0.0	0.0	0.0	0.0	0.0	0.0	0.0	0.0	0.02411873840445269	0.0	0.0	0.0	0.0	0.0	0.0	0.0	0.0	0.0	0.10344827586206896	0.019867549668874173	0.032520325203252036	0.049586776859504134	0.0	0.0	0.0	0.07981220657276995	0.0	0.0	0.0	0.0	0.0	0.0	0.0	0.0	0.0	0.0	0.0	0.0	0.0	0.0	0.0	0.0	0.0	0.0	0.0	0.0	0.0	0.0	0.0	0.07174887892376682	0.020242914979757085	0.0	0.0	0.0	0.0	1.0	0.0	0.02631578947368421	0.0	0.0	0.0	0.0	0.0	0.0	0.0	0.0	0.0	0.0	0.0	0.0	0.011344299489506523	0.019867549668874173	0.0	0.0	0.09090909090909091	0.04262295081967213	0.0	0.0	0.06666666666666667	0.0	0.0	0.0	0.0	0.0	0.0	0.0	0.0	0.0	0.013477088948787063	0.08552631578947369	0.0	0.0	0.0	0.0	0.0	0.0	0.0	0.0	0.0	0.0	0.0	0.01818181818181818	0.0	0.0	0.0	0.0	0.09497206703910614	0.0	0.059548254620123205	0.0	0.032432432432432434	0.0	0.032432432432432434	0.0	0.0	0.0	0.0	0.0	0.0	0.0	0.0	0.0	0.0	0.0	0.0	0.0	0.0	0.0	0.07967479674796749	0.0	0.0	0.0	0.0	0.0	0.0	0.0	0.0	0.0	0.0	0.0	0.07901907356948229	0.0	0.0	0.0	0.0	0.0	0.0	0.0	0.0	0.0	0.0	0.0	0.0	0.0	0.0	0.0	0.0	0.0	0.0	0.0	0.0	0.0	0.0	0.0446927374301676	0.0	0.019672131147540985	0.008823529411764706	0.0	0.0	0.019543973941368076	0.0	0.0	0.0	0.0	0.0	0.049586776859504134	0.11258278145695365	0.13333333333333333	0.07317073170731707	0.02040816326530612	0.01639344262295082	0.01639344262295082	0.0	0.0	0.0	0.0	0.0	0.0	0.03296703296703297	0.055441478439425054	0.0	0.0	0.0	0.0	0.032432432432432434	0.0	0.0	0.5555555555555556	0.0	0.07710843373493977	0.11904761904761904	0.019559902200488997	0.006126126126126126	0.0	0.0	0.0	0.0	0.0	0.0	0.0	0.0	0.0	0.0326530612244898	0.04395604395604396	0.11020408163265306	0.0	0.0	0.01275626423690205	0.0	0.0	0.0	0.0	0.0	0.012244897959183673	0.0	0.0	0.0	0.0	0.0	0.0	0.0	0.0	0.0	0.0	0.0	0.0	0.020242914979757085	0.0	0.011342155009451797	0.0	0.0	0.0	0.0	0.0	0.0	0.0	0.0	0.0	0.0	0.09259259259259259	0.0	0.052873563218390804	0.0	0.04395604395604396	0.0	0.03296703296703297	0.13496932515337423	0.20454545454545456	0.0	0.0	0.0	0.0	0.0	0.0	0.0	0.0	0.0	0.0	0.057724957555178265	0.0	0.0	0.0	0.0	0.0	0.0	0.0	0.0	0.0
0.17222963951935916	0.0	0.0	0.0	0.0	0.0	0.0	0.0	0.0	0.0	0.0	0.046948356807511735	0.06403574087862993	0.0	0.0	0.0	0.12410501193317422	0.0	0.06220095693779904	0.05172413793103448	0.0392156862745098	0.0	0.0	0.09770992366412214	0.0	0.0	0.0	0.0	0.074487895716946	0.0	0.0	0.22115384615384615	0.041666666666666664	0.0	0.09569377990430622	0.0	0.0	0.0	0.14772727272727273	0.0	0.0959409594095941	0.0	0.0	0.0	0.0	0.0	0.0	0.0	0.0	0.0	0.0	0.0	0.0	0.0	0.0	0.0	0.0	0.11235955056179775	0.1453529000698812	0.0	0.0	0.0	0.0	0.0	0.0	0.11019283746556474	0.0	0.0	0.0	0.0	0.0	1.0	0.0	0.0	0.15	0.0	0.0	0.0	0.0	0.08403361344537816	0.0	0.0	0.0	0.0	0.0	0.0	0.24880382775119617	0.03389830508474576	0.13377926421404682	0.0	0.0	0.0	0.0	0.0	0.0	0.0	0.045010046885465504	0.09467455621301775	0.0	0.05649717514124294	0.0	0.0	0.0	0.12320328542094455	0.0	0.0	0.0	0.09422850412249706	0.0	0.0	0.0	0.0	0.0	0.09900990099009901	0.0	0.0	0.0425531914893617	0.0	0.0	0.0	0.0	0.12658227848101267	0.0	0.06633499170812604	0.0	0.0	0.0	0.0	0.0	0.0	0.0	0.0	0.0	0.0	0.0	0.0	0.0	0.0	0.0	0.0	0.0	0.0	0.0	0.09445100354191263	0.0	0.0	0.0	0.0	0.0	0.0	0.0	0.0	0.0	0.0	0.0	0.0	0.0	0.0	0.0	0.0	0.0	0.0	0.0	0.0	0.0	0.0	0.0	0.0	0.0	0.0	0.0	0.0	0.0	0.0	0.0	0.0	0.2	0.0	0.1308016877637131	0.0	0.0	0.06532663316582915	0.0	0.0	0.20094562647754138	0.0	0.2916666666666667	0.09195402298850575	0.0	0.0	0.0	0.0	0.0	0.07142857142857142	0.12742382271468145	0.1377672209026128	0.1377672209026128	0.0	0.0	0.0	0.0	0.0	0.0	0.026845637583892617	0.10281923714759536	0.0	0.0	0.0	0.0	0.0	0.0	0.0	0.0	0.0	0.09792843691148775	0.0	0.0	0.040135844396418645	0.0	0.16417910447761194	0.0	0.0547945205479452	0.0	0.0	0.0	0.0	0.0	0.0	0.0	0.0	0.09580838323353294	0.0	0.0	0.0	0.0	0.0	0.0	0.0	0.0	0.0	0.0	0.0	0.0	0.0	0.0	0.0	0.0	0.0	0.0	0.11299435028248588	0.0	0.11019283746556474	0.0	0.24186046511627907	0.0	0.0	0.0	0.0	0.0	0.0	0.0	0.0	0.01845018450184502	0.0	0.0	0.0	0.06170598911070781	0.0	0.0	0.0	0.0	0.0	0.0	0.0	0.0	0.07262569832402235	0.0	0.0	0.0	0.0	0.0	0.0	0.0	0.08936170212765958	0.0	0.0	0.0	0.0	0.0	0.0	0.0	0.0468384074941452	0.09202453987730061
0.0	0.0	0.03314917127071823	0.020960108181203516	0.0	0.0	0.0	0.0	0.0	0.0	0.0	0.03428801936264623	0.052062204192021636	0.29577464788732394	0.06593406593406594	0.0	0.0	0.0	0.0	0.0	0.0	0.0	0.0	0.04426002766251729	0.0	0.0	0.02631578947368421	0.0	0.0	0.0	0.02631578947368421	0.0	0.0	0.25333333333333335	0.06995884773662552	0.08372093023255814	0.12206572769953052	0.0	0.0	0.0	0.04262295081967213	0.012522361359570662	0.021739130434782608	0.0	0.0	0.0	0.0	0.0	0.0	0.017969451931716084	0.0	0.0	0.0	0.0	0.0	0.0	0.0	0.0	0.0	0.0	0.0	0.0	0.0	0.0	0.05933917734322319	0.01160092807424594	0.0	0.0	0.0	0.0	0.02631578947368421	0.0	1.0	0.0	0.0	0.0	0.0	0.04	0.02631578947368421	0.0	0.0	0.0	0.0	0.0	0.0	0.03841536614645858	0.012345679012345678	0.0	0.0	0.15555555555555556	0.07157464212678936	0.0	0.0	0.15789473684210525	0.0	0.0	0.0	0.0	0.0	0.0	0.0	0.0	0.0	0.009009009009009009	0.2581967213114754	0.0	0.0	0.0	0.0	0.0	0.0	0.0	0.0	0.0	0.0	0.0	0.045655375552282766	0.0	0.028688524590163935	0.028688524590163935	0.0	0.033210332103321034	0.0	0.23099850968703428	0.0	0.016260162601626018	0.0	0.016260162601626018	0.0	0.0	0.0	0.0	0.0	0.0	0.0	0.0	0.0	0.0	0.0	0.0	0.0	0.0	0.0	0.05595116988809766	0.0	0.0	0.0	0.0	0.0	0.0	0.0	0.0	0.0	0.0	0.0	0.25226860254083483	0.0	0.0	0.0	0.0	0.0	0.0	0.0	0.0	0.0	0.0	0.0	0.0	0.0	0.0	0.0	0.0	0.0	0.0	0.0	0.0	0.0	0.0	0.1033210332103321	0.0	0.012269938650306749	0.032407407407407406	0.0	0.0	0.012219959266802444	0.0	0.0	0.0	0.0	0.0	0.028169014084507043	0.1111111111111111	0.07547169811320754	0.034482758620689655	0.011655011655011656	0.010224948875255624	0.010224948875255624	0.0	0.0	0.0	0.0	0.0	0.0	0.01639344262295082	0.01639344262295082	0.0	0.0	0.0	0.0	0.016260162601626018	0.0	0.0	0.0684931506849315	0.0	0.02671118530884808	0.056818181818181816	0.015047021943573668	0.024779265166619196	0.0	0.0	0.0	0.0	0.0	0.0	0.0	0.0	0.0	0.1242067089755213	0.02185792349726776	0.08624708624708624	0.0	0.0	0.05185943364039577	0.0	0.0	0.0	0.0	0.0	0.04261106074342702	0.0	0.0	0.0	0.0	0.0	0.018691588785046728	0.0	0.0	0.0	0.0	0.0	0.0	0.01160092807424594	0.0	0.030855539971949508	0.0	0.014018691588785047	0.0	0.04	0.0	0.0	0.05649717514124294	0.0	0.0	0.0	0.1	0.0	0.06946688206785137	0.0	0.02185792349726776	0.0	0.09289617486338798	0.08023774145616643	0.03333333333333333	0.0	0.0	0.0	0.0	0.0	0.0	0.0	0.0	0.0	0.0	0.02328589909443726	0.0	0.0	0.0	0.0	0.0	0.0	0.0	0.0	0.0
0.0	0.0	0.0	0.0	0.0	0.0	0.0	0.0	0.0	0.0	0.0	0.0	0.0	0.0	0.0	0.0713224368499257	0.0	0.0	0.0	0.0	0.0	0.0	0.0	0.0	0.0	0.0	0.0	0.1	0.0	0.04371584699453552	0.0	0.0	0.0	0.0	0.0	0.0	0.0	0.0	0.0	0.0	0.0	0.0	0.0	0.0	0.0	0.0	0.0	0.032520325203252036	0.0	0.0	0.0	0.0	0.02164111812443643	0.0	0.0	0.0	0.0	0.0	0.0	0.0	0.13821138211382114	0.0	0.0	0.0	0.0	0.0	0.2845528455284553	0.08646188850967008	0.14084507042253522	0.0	0.0	0.0	0.0	1.0	0.034482758620689655	0.0	0.0	0.0	0.0	0.0	0.0	0.0	0.0	0.0	0.0	0.0	0.0	0.0	0.0	0.0	0.0	0.0	0.0	0.0	0.09389671361502347	0.04634581105169341	0.0	0.0	0.06666666666666667	0.0	0.0	0.0	0.0	0.0	0.0	0.04371584699453552	0.0915032679738562	0.0	0.0	0.0	0.0	0.0	0.0	0.0	0.0	0.0	0.0	0.06666666666666667	0.016304347826086956	0.016304347826086956	0.0	0.0	0.0	0.0	0.0	0.0	0.0	0.0	0.0	0.0	0.0	0.0	0.0	0.0	0.0	0.0	0.01603206412825651	0.17486338797814208	0.0	0.0	0.0	0.0	0.0	0.0	0.0	0.0	0.0	0.0	0.0	0.0	0.0	0.0	0.0	0.0	0.0	0.0	0.0	0.03523035230352303	0.11627906976744186	0.049586776859504134	0.06756756756756757	0.0	0.0	0.0	0.0	0.0	0.0	0.0	0.0	0.0	0.0	0.0	0.0	0.0	0.0	0.0	0.0	0.0	0.0	0.0	0.0	0.0	0.0	0.0	0.0	0.0	0.0	0.0	0.0	0.0	0.0	0.0	0.0	0.0	0.0	0.0	0.0	0.0	0.0	0.0	0.0	0.0	0.0	0.0	0.0	0.0	0.0	0.0	0.0	0.0	0.0	0.0	0.0	0.0	0.0	0.0	0.0	0.0	0.043478260869565216	0.0	0.0	0.0	0.0	0.0	0.04854368932038835	0.06666666666666667	0.0	0.0	0.0	0.0	0.09302325581395349	0.0	0.0	0.0	0.0	0.0	0.0	0.0	0.0	0.0	0.0	0.0	0.0	0.0	0.0	0.0	0.0	0.0	0.0	0.0	0.0	0.0	0.0	0.0	0.0	0.0	0.0	0.0	0.0	0.0	0.0	0.0215633423180593	0.0	0.0	0.0	0.0	0.0	0.0	0.0	0.1092896174863388	0.0	0.0	0.0	0.0	0.0	0.0	0.0	0.0	0.0	0.0	0.0	0.0	0.0	0.0	0.0	0.0	0.0	0.0	0.0	0.0	0.0	0.0	0.0
0.10664993726474278	0.0	0.0	0.0	0.0	0.0	0.0	0.0	0.0	0.0	0.0	0.048380483804838045	0.06532314107018763	0.0	0.0	0.018189334435717238	0.11991434689507495	0.0	0.03862660944206009	0.0	0.0	0.11353711790393013	0.0	0.09672830725462304	0.0	0.0	0.0	0.03529411764705882	0.07521367521367521	0.04291845493562232	0.0	0.10344827586206896	0.0	0.0	0.0944206008583691	0.0	0.0	0.0	0.14	0.0	0.09491525423728814	0.0	0.0	0.0	0.0	0.0	0.0	0.03411513859275053	0.0	0.0	0.07510599636583888	0.0	0.061115355233002294	0.0	0.0	0.0	0.0	0.10891089108910891	0.13801601971657423	0.0	0.028901734104046242	0.0	0.0	0.0	0.0	0.1070559610705596	0.04046242774566474	0.022242817423540315	0.03015075376884422	0.0	0.0	0.15	0.0	0.034482758620689655	1.0	0.0	0.0	0.0	0.0	0.08396946564885496	0.0	0.0	0.0	0.0	0.0	0.0	0.11158798283261803	0.0	0.12680115273775217	0.0	0.0	0.0	0.0	0.0	0.03802281368821293	0.02118003025718608	0.04178876289973245	0.09351753453772582	0.05714285714285714	0.05970149253731343	0.0	0.0	0.0	0.09719626168224299	0.0	0.04291845493562232	0.03940886699507389	0.09312169312169312	0.0	0.0	0.0	0.0767590618336887	0.0	0.09734513274336283	0.0	0.0	0.027314112291350532	0.05714285714285714	0.021367521367521368	0.021367521367521368	0.0	0.09195402298850575	0.0	0.06758832565284179	0.0	0.0	0.0	0.0	0.0	0.0	0.0	0.1411764705882353	0.0	0.1048951048951049	0.0	0.0	0.05342237061769616	0.04291845493562232	0.0	0.0	0.0	0.0	0.0	0.09331919406150584	0.047058823529411764	0.0	0.0	0.0	0.0	0.0	0.0	0.0	0.0	0.0	0.0	0.0	0.0	0.03624733475479744	0.08823529411764706	0.04678362573099415	0.06060606060606061	0.1407035175879397	0.0	0.0	0.0	0.0	0.0	0.0	0.0	0.0	0.0	0.0	0.0	0.0	0.0	0.0	0.09717868338557993	0.0	0.0421455938697318	0.0	0.0	0.06635071090047394	0.0	0.0	0.040339702760084924	0.0	0.19047619047619047	0.050505050505050504	0.0	0.0	0.0	0.0	0.0	0.0	0.10757946210268948	0.11940298507462686	0.11940298507462686	0.0	0.0	0.0	0.0	0.0	0.0	0.0	0.08602150537634409	0.0	0.0	0.0	0.0	0.0	0.0	0.0	0.0	0.0	0.09671848013816926	0.0	0.0	0.0425531914893617	0.04225352112676056	0.03424657534246575	0.0	0.0	0.0	0.0	0.109375	0.17142857142857143	0.0	0.0	0.0	0.0	0.11600429645542427	0.0	0.0	0.0	0.0	0.0	0.0	0.0	0.0	0.0	0.0	0.0	0.0	0.1267605633802817	0.08823529411764706	0.10404624277456648	0.08595988538681948	0.0	0.0	0.10945273631840796	0.0	0.1070559610705596	0.0	0.08658008658008658	0.0	0.0	0.0	0.0	0.0	0.0	0.0	0.07643312101910828	0.0	0.0	0.0	0.07510599636583888	0.06343906510851419	0.0	0.0	0.04291845493562232	0.0	0.0	0.0	0.0	0.0	0.04433497536945813	0.0	0.0	0.0	0.0	0.0	0.0	0.0	0.07569721115537849	0.0	0.0	0.0	0.0	0.0	0.0	0.0	0.04878048780487805	0.06857142857142857
0.0	0.06639839034205232	0.0	0.006578947368421052	0.10875331564986737	0.0	0.0	0.0	0.0	0.0	0.0	0.0	0.0	0.0	0.0	0.0	0.0	0.0	0.0	0.0	0.0	0.0	0.0	0.0	0.0	0.0	0.0	0.0	0.0	0.0	0.0	0.0	0.0	0.0	0.0	0.0	0.0	0.0	0.0	0.0	0.0	0.0	0.0	0.0	0.0	0.0	0.0	0.0	0.0	0.0	0.0	0.020734812659148782	0.0	0.07365627073656271	0.0	0.0	0.0	0.0	0.0	0.0	0.0	0.0	0.0	0.01718213058419244	0.0	0.0	0.0	0.0	0.0	0.0	0.0	0.0	0.0	0.0	0.0	1.0	0.0	0.0	0.0	0.0	0.10875331564986737	0.0	0.0	0.0	0.14186851211072665	0.0	0.0	0.0	0.0	0.0	0.0	0.03277060575968222	0.07890499194847021	0.0	0.0	0.0	0.032518175809649705	0.0	0.0	0.0286493860845839	0.0	0.0	0.0	0.0	0.0	0.0	0.0	0.09382151029748284	0.0	0.0	0.0	0.0	0.020734812659148782	0.0	0.0	0.0	0.0	0.0	0.0	0.0	0.0	0.0	0.0	0.0	0.1646586345381526	0.0	0.0	0.0	0.0	0.0	0.0	0.0	0.0	0.0	0.04703476482617587	0.0	0.0	0.0	0.0	0.0	0.0	0.27967257844474763	0.13299044819985306	0.0	0.0	0.0	0.0	0.0	0.0	0.0	0.0	0.0	0.0	0.0	0.0	0.0	0.0	0.0	0.0	0.0	0.0	0.0	0.0	0.0	0.0	0.0	0.0	0.0	0.0	0.0	0.0	0.0	0.0	0.0	0.0	0.0	0.0	0.0	0.0	0.0	0.0	0.0	0.0	0.0	0.0	0.0	0.0	0.0	0.0	0.0	0.0	0.0	0.0	0.0	0.0	0.0	0.0	0.0	0.0	0.0	0.0	0.0	0.0	0.0	0.0	0.0	0.0	0.0	0.1646586345381526	0.0	0.0	0.0	0.0	0.0	0.0	0.0	0.0	0.0	0.0	0.0	0.0	0.0	0.0	0.035830618892508145	0.0	0.0	0.0	0.0	0.0	0.0	0.0	0.0	0.0	0.041916167664670656	0.0	0.041916167664670656	0.0	0.0	0.0	0.05076551168412571	0.0294351630867144	0.0	0.0	0.0	0.0	0.0	0.0	0.09339407744874716	0.0	0.0	0.0	0.0	0.0	0.0	0.0	0.0	0.0	0.0	0.0	0.0	0.0	0.0	0.0	0.0	0.0	0.0	0.0	0.0	0.0	0.0	0.0	0.0	0.0	0.0	0.03494423791821561	0.0	0.0	0.0	0.0	0.0	0.0	0.0	0.0	0.0	0.13299044819985306	0.2387950036737693	0.03333333333333333	0.05315947843530592	0.0	0.0	0.05315947843530592	0.06405077899596076	0.0
0.06330935251798561	0.0	0.05	0.0	0.0	0.0	0.0	0.0	0.0	0.0	0.0	0.0	0.0	0.0	0.0	0.0	0.0	0.28205128205128205	0.10989010989010989	0.0	0.0	0.0	0.0	0.013311148086522463	0.03260869565217391	0.17355371900826447	0.0	0.0	0.016563146997929608	0.0	0.0	0.0	0.0	0.0	0.0	0.0	0.0	0.0	0.12080536912751678	0.0	0.0	0.0	0.027906976744186046	0.0	0.0	0.0	0.0	0.0	0.0	0.0	0.0	0.0	0.0	0.0	0.0	0.17647058823529413	0.20224719101123595	0.11920529801324503	0.06172839506172839	0.23376623376623376	0.0	0.0	0.0	0.0	0.012106537530266344	0.0	0.0	0.0	0.0	0.07142857142857142	0.0	0.0	0.0	0.0	0.0	0.0	1.0	0.0	0.0	0.0	0.0	0.0	0.0	0.09917355371900827	0.0	0.0	0.0	0.0	0.0	0.0	0.0	0.0	0.0	0.0	0.0	0.0	0.0	0.0	0.0	0.06	0.04395604395604396	0.0	0.16853932584269662	0.0	0.0	0.0	0.0	0.0	0.0	0.0	0.0	0.013623978201634877	0.0	0.0	0.35294117647058826	0.20224719101123595	0.01436265709156194	0.0	0.0	0.0	0.0	0.0	0.0	0.0	0.0	0.012145748987854251	0.0	0.012145748987854251	0.0	0.0	0.06741573033707865	0.03361344537815126	0.0	0.0	0.0	0.16853932584269662	0.0	0.0	0.16853932584269662	0.04918032786885246	0.0	0.0	0.0	0.0	0.0	0.0	0.0	0.0	0.027522935779816515	0.0	0.032432432432432434	0.0	0.032432432432432434	0.0	0.0	0.0	0.0	0.0326975476839237	0.0	0.0	0.0	0.0	0.0	0.0	0.0	0.0	0.0	0.0	0.0	0.0	0.0	0.0	0.0	0.0	0.0	0.0	0.05223880597014925	0.0	0.0	0.0	0.0	0.0	0.0	0.0	0.0	0.0	0.0	0.0	0.0	0.01646090534979424	0.0	0.0	0.0	0.0	0.0	0.0	0.0	0.0	0.0	0.12568306010928962	0.18803418803418803	0.19658119658119658	0.0	0.0	0.0	0.0	0.0	0.07563025210084033	0.0	0.012145748987854251	0.0	0.0	0.0	0.0	0.0	0.0782608695652174	0.0	0.0	0.0	0.058091286307053944	0.016260162601626018	0.0	0.0	0.0	0.0	0.0	0.0	0.0	0.01639344262295082	0.0	0.0	0.0	0.0	0.0	0.0	0.0	0.0	0.0	0.0	0.0	0.0	0.0	0.0	0.0	0.0	0.04918032786885246	0.03643724696356275	0.032214765100671144	0.12605042016806722	0.0	0.0	0.0	0.0	0.005076142131979695	0.0	0.0	0.0	0.0	0.0	0.0	0.05172413793103448	0.0	0.0	0.0	0.02158273381294964	0.0	0.0	0.0	0.01639344262295082	0.0	0.03278688524590164	0.0054446460980036296	0.0	0.11688311688311688	0.0	0.09210526315789473	0.0	0.04395604395604396	0.0	0.0	0.0	0.0	0.0	0.0	0.0	0.0	0.0	0.0	0.0	0.056179775280898875	0.0	0.0	0.0
0.0	0.0	0.0	0.0	0.0	0.0	0.0	0.0	0.0	0.0	0.0	0.0	0.0	0.05042016806722689	0.0	0.0	0.0	0.0	0.0	0.0	0.0	0.0	0.0	0.0	0.0	0.0	0.10344827586206896	0.0	0.0	0.0	0.3103448275862069	0.0	0.0	0.0	0.0	0.0	0.0	0.0	0.0	0.0	0.0	0.0	0.0	0.0	0.0	0.0	0.0	0.0	0.0	0.0	0.0	0.0	0.0	0.0	0.0	0.0	0.0	0.0	0.0	0.0	0.0	0.0	0.0	0.0	0.0	0.0	0.0	0.0	0.0	0.0	0.0	0.0	0.04	0.0	0.0	0.0	0.0	1.0	0.7241379310344828	0.0	0.0	0.0	0.0	0.0	0.0	0.0	0.0	0.0	0.0	0.0	0.0	0.0	0.0	0.0	0.0	0.0	0.0	0.0	0.0	0.0	0.0	0.0	0.0	0.0	0.04	0.0	0.0	0.0	0.0	0.0	0.0	0.0	0.0	0.0	0.0	0.0	0.0	0.0	0.0	0.0	0.0	0.0	0.0	0.033126293995859216	0.0	0.0	0.0	0.0	0.0	0.0	0.0	0.0	0.0	0.0	0.0	0.0	0.0	0.0	0.0	0.0	0.0	0.0	0.0	0.0	0.0	0.0	0.0	0.0	0.0	0.0	0.0	0.0	0.0	0.0	0.0	0.03305785123966942	0.0	0.0	0.0	0.0	0.0	0.0	0.0	0.0	0.0	0.0	0.0	0.0	0.0	0.0	0.0	0.0	0.0	0.0	0.0	0.0	0.0	0.0	0.0	0.0	0.0	0.0	0.0	0.0	0.0	0.0	0.0	0.0	0.0	0.0	0.0	0.0	0.0	0.0	0.0	0.0	0.0	0.0	0.0	0.0	0.0	0.0	0.0	0.0	0.0	0.0	0.0	0.0	0.0	0.0	0.0	0.0	0.0	0.0	0.0	0.0	0.0	0.0	0.0	0.0	0.0	0.0	0.0	0.0	0.0	0.0	0.0	0.0	0.0	0.0	0.0	0.0	0.0	0.0	0.0	0.0	0.0	0.0	0.0	0.0	0.0	0.0	0.0	0.0	0.0	0.0	0.0	0.0	0.0	0.0	0.0	0.0	0.0	0.0380952380952381	0.0	0.0	0.0	0.14285714285714285	0.0	0.0	0.0	0.0	0.0	0.0	0.11320754716981132	0.0	0.0	0.0	0.0	0.0	0.0	0.0	0.0	0.0	0.0	0.0	0.0	0.0	0.0	0.0	0.0	0.0	0.0	0.0	0.0	0.0	0.0	0.0	0.0	0.0	0.0	0.0	0.0
0.0	0.0	0.0	0.0	0.0	0.0	0.0	0.0	0.0	0.0	0.0	0.0	0.0	0.03305785123966942	0.0	0.0	0.0	0.0	0.0	0.0	0.0	0.0	0.0	0.0	0.0	0.0	0.06666666666666667	0.0	0.0	0.0	0.2	0.0	0.0	0.0	0.0	0.0	0.0	0.0	0.0	0.0	0.0	0.0	0.0	0.0	0.0	0.0	0.0	0.0	0.0	0.0	0.0	0.0	0.0	0.0	0.0	0.0	0.0	0.0	0.0	0.0	0.0	0.0	0.0	0.0	0.0	0.0	0.0	0.0	0.0	0.0	0.0	0.0	0.02631578947368421	0.0	0.0	0.0	0.0	0.7241379310344828	1.0	0.0	0.0	0.0	0.0	0.0	0.0	0.0	0.0	0.0	0.0	0.0	0.0	0.0	0.0	0.0	0.0	0.0	0.0	0.0	0.0	0.0	0.0	0.0	0.0	0.0	0.02631578947368421	0.0	0.0	0.0	0.0	0.0	0.0	0.0	0.0	0.0	0.0	0.0	0.0	0.0	0.0	0.0	0.0	0.0	0.0	0.024640657084188913	0.0	0.0	0.0	0.0	0.0	0.0	0.0	0.0	0.0	0.0	0.0	0.0	0.0	0.0	0.0	0.0	0.0	0.0	0.0	0.0	0.0	0.0	0.0	0.0	0.0	0.0	0.0	0.0	0.0	0.0	0.0	0.021798365122615803	0.0	0.0	0.0	0.0	0.0	0.0	0.0	0.0	0.0	0.0	0.0	0.0	0.0	0.0	0.0	0.0	0.0	0.0	0.0	0.0	0.0	0.0	0.0	0.0	0.0	0.0	0.0	0.0	0.0	0.0	0.0	0.0	0.0	0.0	0.0	0.0	0.0	0.0	0.0	0.0	0.0	0.0	0.0	0.0	0.0	0.0	0.0	0.0	0.0	0.0	0.0	0.0	0.0	0.0	0.0	0.0	0.0	0.0	0.0	0.0	0.0	0.0	0.0	0.0	0.0	0.0	0.0	0.0	0.0	0.0	0.0	0.0	0.0	0.0	0.0	0.0	0.0	0.0	0.0	0.0	0.0	0.0	0.0	0.0	0.0	0.0	0.0	0.0	0.0	0.0	0.0	0.0	0.0	0.0	0.0	0.0	0.0	0.030245746691871456	0.0	0.0	0.0	0.10344827586206896	0.0	0.0	0.0	0.0	0.0	0.0	0.09259259259259259	0.0	0.0	0.0	0.0	0.0	0.0	0.0	0.0	0.0	0.0	0.0	0.0	0.0	0.0	0.0	0.0	0.0	0.0	0.0	0.0	0.0	0.0	0.0	0.0	0.0	0.0	0.0	0.0
0.07445589919816724	0.0	0.0	0.01005656819610308	0.0	0.0	0.0	0.0	0.0	0.0	0.0	0.03010420686993439	0.0339409176618479	0.0	0.0	0.0	0.06629834254143646	0.0	0.01107011070110701	0.0	0.05263157894736842	0.07865168539325842	0.0	0.07188703465982028	0.0	0.0	0.0	0.0	0.15431164901664146	0.0	0.0	0.06666666666666667	0.0	0.0	0.04428044280442804	0.0	0.0	0.11538461538461539	0.07563025210084033	0.025210084033613446	0.05405405405405406	0.007317073170731708	0.06907894736842106	0.0	0.0	0.0	0.07657247037374658	0.0	0.0	0.0	0.0	0.0	0.0	0.0	0.0	0.0	0.0	0.05	0.07472755578619616	0.0	0.0	0.0	0.0	0.0	0.0	0.049281314168377825	0.0	0.0	0.0	0.0	0.0	0.08403361344537816	0.0	0.0	0.08396946564885496	0.0	0.0	0.0	0.0	1.0	0.0	0.0	0.0	0.0	0.0	0.0	0.05904059040590406	0.0	0.05673758865248227	0.0	0.011009174311926606	0.0	0.0	0.0	0.0	0.0	0.019865200425682867	0.04391582799634035	0.0	0.02510460251046025	0.0	0.0	0.0	0.05237315875613748	0.0	0.0	0.0	0.04375569735642662	0.0	0.0	0.05747126436781609	0.09174311926605505	0.0	0.045454545454545456	0.0	0.0	0.00816326530612245	0.0	0.0	0.0	0.0	0.046822742474916385	0.012396694214876033	0.033012379642365884	0.0	0.0	0.0	0.0	0.0	0.0	0.0	0.0	0.0	0.0	0.0	0.0	0.0	0.0	0.0	0.037914691943127965	0.0	0.0	0.0	0.043835616438356165	0.0	0.0	0.010948905109489052	0.009057971014492754	0.008143322475570033	0.014814814814814815	0.0	0.0	0.0	0.010948905109489052	0.009057971014492754	0.0	0.0	0.0	0.0	0.0	0.0	0.0	0.07766990291262135	0.010948905109489052	0.0	0.01680672268907563	0.009183673469387756	0.010245901639344262	0.010245901639344262	0.009183673469387756	0.010245901639344262	0.012396694214876033	0.009183673469387756	0.010245901639344262	0.02912621359223301	0.022222222222222223	0.08683473389355742	0.0	0.016722408026755852	0.07920792079207921	0.0	0.09130434782608696	0.0	0.0	0.012797074954296161	0.022058823529411766	0.10679611650485436	0.01694915254237288	0.0	0.018072289156626505	0.012448132780082987	0.0	0.0	0.0	0.049484536082474224	0.06605504587155964	0.06605504587155964	0.0	0.0	0.0	0.0	0.0	0.0	0.0	0.04951856946354883	0.0	0.0	0.14423076923076922	0.0	0.0	0.0	0.0	0.0	0.0	0.0549618320610687	0.0	0.0	0.017670682730923693	0.0	0.04242424242424243	0.0	0.0	0.0	0.0	0.0	0.0	0.0	0.0	0.0	0.0	0.11357340720221606	0.0	0.0	0.0	0.0	0.0	0.010948905109489052	0.009057971014492754	0.0	0.0	0.0	0.13333333333333333	0.0	0.0	0.0	0.0	0.0	0.0	0.0	0.0502092050209205	0.0	0.049281314168377825	0.0	0.06762028608582575	0.0	0.0	0.0	0.0	0.1650485436893204	0.1650485436893204	0.0	0.0	0.03303303303303303	0.14563106796116504	0.0	0.0	0.02666666666666667	0.0	0.0	0.0	0.0	0.0	0.0	0.0	0.0	0.012448132780082987	0.0	0.0	0.0	0.0	0.0	0.0	0.0995260663507109	0.04463208685162847	0.0	0.0	0.0	0.0	0.0	0.0	0.0	0.024539877300613498	0.2268041237113402
0.0	0.06639839034205232	0.0	0.006578947368421052	0.23607427055702918	0.0	0.0	0.0	0.0	0.0	0.0	0.0	0.0	0.0	0.0	0.0	0.0	0.0	0.0	0.0	0.0	0.0	0.0	0.0	0.0	0.0	0.0	0.0	0.0	0.0	0.0	0.0	0.0	0.0	0.0	0.0	0.0	0.0	0.0	0.0	0.0	0.0	0.0	0.0	0.0	0.0	0.0	0.0	0.0	0.0	0.0	0.020734812659148782	0.0	0.13735899137358992	0.0	0.0	0.0	0.0	0.0	0.0	0.0	0.0	0.0	0.01718213058419244	0.0	0.0	0.0	0.0	0.0	0.0	0.0	0.0	0.0	0.0	0.0	0.10875331564986737	0.0	0.0	0.0	0.0	1.0	0.0	0.0	0.0	0.3079584775086505	0.0	0.0	0.0	0.0	0.0	0.0	0.03277060575968222	0.07890499194847021	0.0	0.0	0.0	0.07058823529411765	0.0	0.0	0.0286493860845839	0.0	0.0	0.0	0.0	0.0	0.0	0.0	0.2036613272311213	0.0	0.0	0.0	0.0	0.020734812659148782	0.0	0.0	0.0	0.0	0.0	0.0	0.0	0.0	0.0	0.0	0.0	0.357429718875502	0.0	0.0	0.0	0.0	0.0	0.0	0.0	0.0	0.0	0.04703476482617587	0.0	0.0	0.0	0.0	0.0	0.0	0.607094133697135	0.2387950036737693	0.0	0.0	0.0	0.0	0.0	0.0	0.0	0.0	0.0	0.0	0.0	0.0	0.0	0.0	0.0	0.0	0.0	0.0	0.0	0.0	0.0	0.0	0.0	0.0	0.0	0.0	0.0	0.0	0.0	0.0	0.0	0.0	0.0	0.0	0.0	0.0	0.0	0.0	0.0	0.0	0.0	0.0	0.0	0.0	0.0	0.0	0.0	0.0	0.0	0.0	0.0	0.0	0.0	0.0	0.0	0.0	0.0	0.0	0.0	0.0	0.0	0.0	0.0	0.0	0.0	0.357429718875502	0.0	0.0	0.0	0.0	0.0	0.0	0.0	0.0	0.0	0.0	0.0	0.0	0.0	0.0	0.035830618892508145	0.0	0.0	0.0	0.0	0.0	0.0	0.0	0.0	0.0	0.041916167664670656	0.0	0.041916167664670656	0.0	0.0	0.0	0.05076551168412571	0.0294351630867144	0.0	0.0	0.0	0.0	0.0	0.0	0.20273348519362186	0.0	0.0	0.0	0.0	0.0	0.0	0.0	0.0	0.0	0.0	0.0	0.0	0.0	0.0	0.0	0.0	0.0	0.0	0.0	0.0	0.0	0.0	0.0	0.0	0.0	0.0	0.03494423791821561	0.0	0.0	0.0	0.0	0.0	0.0	0.0	0.0	0.0	0.13299044819985306	0.13299044819985306	0.03333333333333333	0.05315947843530592	0.0	0.0	0.05315947843530592	0.11944604731679169	0.0
0.04698972099853157	0.0	0.0	0.0	0.0	0.0	0.0	0.0	0.0	0.08	0.05238095238095238	0.050747621205256006	0.029826014913007456	0.0	0.04390243902439024	0.0	0.0	0.0	0.0	0.0	0.0	0.0	0.0	0.04088586030664395	0.0	0.0	0.0	0.0	0.0	0.0	0.0	0.06896551724137931	0.16363636363636364	0.0	0.10285714285714286	0.0	0.0	0.0	0.0	0.0	0.0	0.0	0.0	0.0	0.0	0.0	0.0	0.0	0.0	0.0	0.0	0.036258755665430575	0.03714020427112349	0.0	0.0	0.0	0.0	0.0	0.0	0.0	0.10434782608695652	0.0	0.0	0.0	0.0	0.0	0.0	0.0	0.0	0.0	0.0	0.0	0.0	0.0	0.0	0.0	0.0	0.0	0.0	0.0	0.0	1.0	0.7168141592920354	0.2631578947368421	0.16997167138810199	0.0	0.0	0.0	0.0	0.0	0.0	0.0	0.0	0.0	0.0	0.0	0.03135385059962433	0.06770098730606489	0.0	0.0	0.0	0.0	0.0	0.0	0.05113636363636364	0.0	0.0	0.0	0.0	0.0	0.0	0.0	0.036258755665430575	0.0	0.0	0.0	0.0	0.0	0.0	0.0	0.0	0.0	0.0	0.0	0.0	0.0	0.0	0.0	0.11904761904761904	0.11904761904761904	0.0	0.0	0.08771929824561403	0.0	0.0	0.0	0.037267080745341616	0.0	0.0	0.0	0.0	0.0	0.0	0.0	0.0	0.0	0.0	0.0	0.0	0.0	0.0	0.0	0.0	0.0	0.0	0.0	0.0	0.0	0.0	0.0	0.0	0.0	0.0	0.0	0.0	0.0	0.0	0.0	0.0	0.0	0.0	0.0	0.0	0.0	0.0	0.0	0.0	0.0	0.0	0.0	0.0	0.04120879120879121	0.0	0.2599118942731278	0.0	0.0	0.0	0.0	0.0	0.0	0.0	0.0	0.0	0.0	0.0	0.0	0.0	0.0	0.0	0.0	0.0	0.0	0.0	0.0	0.0	0.0	0.0	0.0	0.0	0.0	0.0	0.0	0.0	0.0	0.0	0.0	0.0	0.0262891809908999	0.0	0.0	0.02586206896551724	0.0	0.0	0.05248359887535145	0.06060606060606061	0.0	0.0	0.0	0.0	0.0	0.0	0.0	0.05362379555927943	0.0	0.0	0.0	0.0	0.0	0.05776173285198556	0.0	0.0	0.0	0.0	0.0	0.0	0.0	0.0	0.0	0.0	0.0	0.0	0.0	0.0	0.0	0.0	0.0	0.0	0.0	0.0	0.0	0.0	0.0676056338028169	0.0	0.0	0.0	0.0	0.0	0.0	0.0	0.0	0.0	0.0	0.10714285714285714	0.0	0.0472972972972973	0.0	0.0	0.0	0.0	0.05776173285198556	0.0	0.09411764705882353	0.0	0.0	0.0	0.0	0.0	0.0	0.0	0.0	0.0	0.0	0.0410958904109589
0.03473227206946455	0.0	0.0	0.0	0.0	0.0	0.0	0.0	0.0	0.05555555555555555	0.03255813953488372	0.03771890435563539	0.019559902200488997	0.0	0.02857142857142857	0.0	0.0	0.0	0.0	0.0	0.0	0.0	0.0	0.03015075376884422	0.0	0.0	0.0	0.0	0.0	0.0	0.0	0.05027932960893855	0.13043478260869565	0.0	0.08333333333333333	0.0	0.0	0.0	0.0	0.0	0.0	0.0	0.0	0.0	0.0	0.0	0.0	0.0	0.0	0.0	0.0	0.022699635184434536	0.02187784867821331	0.0	0.0	0.0	0.0	0.0	0.0	0.0	0.075	0.0	0.0	0.0	0.0	0.0	0.0	0.0	0.0	0.0	0.0	0.0	0.0	0.0	0.0	0.0	0.0	0.0	0.0	0.0	0.0	0.7168141592920354	1.0	0.15126050420168066	0.09917355371900827	0.0	0.0	0.0	0.0	0.0	0.0	0.0	0.0	0.0	0.0	0.0	0.0241394086559063	0.04938271604938271	0.0	0.0	0.0	0.0	0.0	0.0	0.03314917127071823	0.0	0.0	0.0	0.0	0.0	0.0	0.0	0.022699635184434536	0.0	0.0	0.0	0.0	0.0	0.0	0.0	0.0	0.0	0.0	0.0	0.0	0.0	0.0	0.0	0.06741573033707865	0.06741573033707865	0.0	0.0	0.049723756906077346	0.0	0.0	0.0	0.02028397565922921	0.0	0.0	0.0	0.0	0.0	0.0	0.0	0.0	0.0	0.0	0.0	0.0	0.0	0.0	0.0	0.0	0.0	0.0	0.0	0.0	0.0	0.0	0.0	0.0	0.0	0.0	0.0	0.0	0.0	0.0	0.0	0.0	0.0	0.0	0.0	0.0	0.0	0.0	0.0	0.0	0.0	0.0	0.0	0.0	0.032520325203252036	0.0	0.189873417721519	0.0	0.0	0.0	0.0	0.0	0.0	0.0	0.0	0.0	0.0	0.0	0.0	0.0	0.0	0.0	0.0	0.0	0.0	0.0	0.0	0.0	0.0	0.0	0.0	0.0	0.0	0.0	0.0	0.0	0.0	0.0	0.0	0.0	0.017958097771865647	0.0	0.0	0.01652892561983471	0.0	0.0	0.03679852805887764	0.03940886699507389	0.0	0.0	0.0	0.0	0.0	0.0	0.0	0.03955500618046971	0.0	0.0	0.0	0.0	0.0	0.03760282021151586	0.0	0.0	0.0	0.0	0.0	0.0	0.0	0.0	0.0	0.0	0.0	0.0	0.0	0.0	0.0	0.0	0.0	0.0	0.0	0.0	0.0	0.0	0.049315068493150684	0.0	0.0	0.0	0.0	0.0	0.0	0.0	0.0	0.0	0.0	0.07692307692307693	0.0	0.03322259136212625	0.0	0.0	0.0	0.0	0.03760282021151586	0.0	0.06857142857142857	0.0	0.0	0.0	0.0	0.0	0.0	0.0	0.0	0.0	0.0	0.030303030303030304
0.09235209235209235	0.0	0.0	0.0	0.0	0.0	0.0	0.0	0.0	0.04419889502762431	0.023148148148148147	0.007171671896010758	0.0	0.0	0.0	0.0	0.0	0.15517241379310345	0.19889502762430938	0.0	0.0	0.0	0.0	0.01335559265442404	0.03296703296703297	0.1	0.0	0.0	0.016632016632016633	0.0	0.0	0.0	0.0	0.0	0.0	0.0	0.0	0.0	0.12162162162162163	0.0	0.0	0.0	0.0	0.0	0.0	0.0	0.0	0.0	0.0	0.0	0.0	0.01616161616161616	0.014532243415077202	0.0	0.0	0.15254237288135594	0.4772727272727273	0.22666666666666666	0.14167357083678542	0.23684210526315788	0.0	0.0	0.0	0.0	0.0	0.0	0.0	0.0	0.0	0.0718954248366013	0.0	0.0	0.0	0.0	0.0	0.0	0.09917355371900827	0.0	0.0	0.0	0.0	0.2631578947368421	0.15126050420168066	1.0	0.15342465753424658	0.0	0.0	0.0	0.0	0.0	0.0	0.0	0.0	0.0	0.0	0.0	0.0	0.0	0.0	0.0	0.044444444444444446	0.0	0.0	0.0	0.0	0.0	0.0	0.0	0.0	0.0	0.0	0.0136986301369863	0.01616161616161616	0.0	0.35714285714285715	0.20454545454545456	0.014414414414414415	0.0	0.0	0.0	0.0	0.0	0.0	0.0	0.0	0.0	0.0	0.0	0.044444444444444446	0.044444444444444446	0.06818181818181818	0.03389830508474576	0.0	0.0	0.0	0.0	0.012121212121212121	0.0	0.0	0.0	0.0	0.0	0.0	0.0	0.0	0.0	0.0	0.0	0.0	0.0	0.0	0.0	0.0	0.0	0.0	0.0	0.0	0.0	0.0	0.0	0.0	0.0	0.0	0.0	0.0	0.0	0.0	0.0	0.0	0.0	0.0	0.0	0.0	0.0	0.0	0.0	0.052434456928838954	0.0	0.0	0.0	0.0	0.0	0.0	0.0	0.0	0.0	0.0	0.0	0.0	0.01652892561983471	0.0	0.0	0.0	0.0	0.0	0.0	0.0	0.0	0.0	0.07692307692307693	0.1896551724137931	0.15517241379310345	0.0	0.0	0.0	0.0	0.0	0.0	0.0	0.0	0.0	0.0	0.0	0.0	0.0	0.0	0.0	0.0	0.0	0.058333333333333334	0.0	0.0	0.0	0.02933088909257562	0.029411764705882353	0.0	0.0	0.0	0.0	0.0	0.0	0.0	0.03285420944558522	0.0	0.0	0.0	0.0	0.0	0.028070175438596492	0.0	0.0	0.0	0.0	0.0	0.0	0.0	0.0	0.0	0.05084745762711865	0.0	0.0	0.0	0.0	0.0	0.0	0.0	0.0	0.0	0.0	0.0	0.0	0.0	0.0	0.0	0.0	0.0	0.0	0.0	0.0	0.0	0.03305785123966942	0.0	0.0	0.0784313725490196	0.026490066225165563	0.09271523178807947	0.0	0.044444444444444446	0.0	0.028070175438596492	0.0	0.056818181818181816	0.0	0.0	0.0	0.0	0.0	0.0	0.0	0.0	0.0	0.0	0.0
0.02444987775061125	0.06885245901639345	0.0	0.010803511141120865	0.3079584775086505	0.0	0.0	0.0	0.0	0.03285420944558522	0.017953321364452424	0.006449012494961709	0.0	0.0	0.0	0.0	0.0	0.0	0.0	0.0	0.0	0.0	0.0	0.0	0.0	0.0	0.0	0.0	0.0	0.0	0.0	0.0	0.0	0.0	0.0	0.0	0.0	0.0	0.0	0.0	0.0	0.0	0.0	0.0	0.0	0.0	0.0	0.0	0.0	0.0	0.0	0.04134453781512605	0.011843079200592153	0.18271604938271604	0.0	0.0	0.0	0.0	0.0	0.0	0.0	0.0	0.0	0.02434077079107505	0.0	0.0	0.0	0.0	0.0	0.0	0.0	0.0	0.0	0.0	0.0	0.14186851211072665	0.0	0.0	0.0	0.0	0.3079584775086505	0.16997167138810199	0.09917355371900827	0.15342465753424658	1.0	0.0	0.0	0.0	0.0	0.0	0.0	0.04107142857142857	0.08446866485013624	0.0	0.0	0.0	0.11101409504802295	0.0	0.0	0.03546099290780142	0.0	0.0	0.0	0.0	0.0	0.0	0.0	0.270516717325228	0.0	0.0	0.0	0.0	0.04134453781512605	0.0	0.0	0.0	0.0	0.0	0.0	0.0	0.0	0.0	0.0	0.0	0.413953488372093	0.0	0.0	0.0	0.02622950819672131	0.02622950819672131	0.0	0.0	0.0	0.0	0.04983388704318937	0.0	0.00967741935483871	0.0	0.0	0.0	0.0	0.6312056737588653	0.2808683853459973	0.0	0.0	0.0	0.0	0.0	0.0	0.0	0.0	0.0	0.0	0.0	0.0	0.0	0.0	0.0	0.0	0.0	0.0	0.0	0.0	0.0	0.0	0.0	0.0	0.0	0.0	0.0	0.0	0.0	0.0	0.0	0.0	0.0	0.0	0.0	0.0	0.0	0.0	0.0	0.0	0.0	0.0	0.0	0.0	0.0	0.0	0.0	0.0	0.0	0.0	0.0	0.0	0.0	0.0	0.0	0.0	0.0	0.0	0.0	0.0	0.0	0.0	0.0	0.0	0.0	0.413953488372093	0.0	0.0	0.0	0.0	0.0	0.0	0.0	0.0	0.0	0.0	0.0	0.0	0.0	0.0	0.06636838180462341	0.0225140712945591	0.0	0.0	0.0	0.0	0.0	0.0	0.0	0.027257240204429302	0.048859934853420196	0.0	0.048859934853420196	0.0	0.0	0.02171945701357466	0.05465288035450517	0.035036496350364967	0.0	0.0	0.0	0.0	0.0	0.0	0.2694248234106963	0.0	0.0	0.0	0.0	0.0	0.0	0.0	0.0	0.0	0.0	0.0	0.0	0.0	0.0	0.0	0.0	0.0	0.0	0.0	0.0	0.0	0.0	0.0	0.0	0.0	0.0	0.06172839506172839	0.0	0.0	0.0	0.0	0.02171945701357466	0.0	0.041928721174004195	0.0	0.0	0.15061058344640435	0.15061058344640435	0.04005826656955572	0.05945945945945946	0.0	0.0	0.05945945945945946	0.16034669555796316	0.0
0.0	0.0	0.0	0.0	0.0	0.054771315640880856	0.040947212629501725	0.038873239436619716	0.038873239436619716	0.014050582095543959	0.029953085528690002	0.019255222524977293	0.025677603423680456	0.03909373611728121	0.03808128890516294	0.004596191726854892	0.0	0.0	0.0	0.0	0.0	0.0	0.32982917214191854	0.018610061064262867	0.0	0.0	0.0	0.0206341217916457	0.0	0.014050582095543959	0.0	0.0	0.0	0.13737836290784203	0.02890405459654757	0.035288928098809	0.3673922701021768	0.05385002516356316	0.0	0.0	0.021426180113826583	0.01329500538986705	0.0	0.0867838910947249	0.038873239436619716	0.07578008915304606	0.052840683353198255	0.0379544546544147	0.06104523495827844	0.05878110349801659	0.006145741878841089	0.03496304718590108	0.04098613251155624	0.021940259053661114	0.07578008915304606	0.0	0.0	0.0	0.0	0.0	0.0	0.038873239436619716	0.0822461712989223	0.05924453280318091	0.03188158269285511	0.0035226772346983706	0.0	0.006104129263913824	0.0076285240464344945	0.0	0.011344299489506523	0.0	0.03841536614645858	0.0	0.0	0.0	0.0	0.0	0.0	0.0	0.0	0.0	0.0	0.0	0.0	1.0	0.004817342432757929	0.0	0.0	0.0805234021137393	0.030363563723531762	0.008264462809917356	0.0	0.07260351673284175	0.03039179787623581	0.04127178232956282	0.0	0.0	0.0	0.0	0.0	0.030153237765694514	0.0	0.0028912179255511385	0.035214085634253704	0.014050582095543959	0.021768103065304308	0.0	0.2470485351989506	0.49626373626373627	0.0	0.0	0.02131893121091529	0.043121149897330596	0.0	0.0	0.029727244866687097	0.0	0.0	0.0	0.041406693136698806	0.022099447513812154	0.03231518370960602	0.04828226555246054	0.0	0.005931784478497282	0.0	0.005931784478497282	0.0	0.0	0.0	0.0	0.0	0.0	0.0	0.0	0.0314257360238174	0.014050582095543959	0.0	0.0	0.0	0.0	0.010025780578630765	0.01830481496219658	0.013123359580052493	0.061390157280568236	0.0194831013916501	0.014618727775582773	0.013314141777617848	0.029399919452275474	0.0194831013916501	0.02426944031698861	0.0194831013916501	0.0194831013916501	0.014618727775582773	0.05089058524173028	0.024173655648741982	0.0	0.0	0.0	0.02668475802804161	0.015772870662460567	0.0	0.029025844930417495	0.0	0.05433318365514145	0.016206745510293472	0.021538461538461538	0.021538461538461538	0.016206745510293472	0.021538461538461538	0.03231518370960602	0.016206745510293472	0.021538461538461538	0.0	0.0	0.0	0.30791981597108115	0.058931860036832415	0.10593374590462322	0.13543747502996403	0.011991006744941295	0.07578008915304606	0.0	0.0047789725209080045	0.0	0.0	0.0	0.029693004529441368	0.02450486740516952	0.015992892047978675	0.061019670814933764	0.03923316986179224	0.018566271273852502	0.003535130357931949	0.0031961646024770275	0.0031961646024770275	0.0	0.0	0.0	0.0	0.0	0.0	0.005967180507210343	0.009904054472299598	0.03215926493108729	0.08298001211387038	0.0	0.0	0.005931784478497282	0.09697235629662132	0.12111937035417578	0.03965014577259475	0.15502724120851907	0.04926945293917771	0.034782608695652174	0.07305325127107305	0.005667816658452439	0.0	0.0	0.0	0.0	0.030153237765694514	0.018294573643410854	0.04	0.0	0.054771315640880856	0.02615328732292045	0.009945300845350571	0.03711886875828546	0.016472478907191643	0.0654849827671098	0.08453133985048879	0.0	0.0	0.0	0.0194831013916501	0.014618727775582773	0.05557573556120596	0.01076591817902184	0.007005787389582699	0.0	0.0	0.0	0.0	0.0	0.0	0.0	0.0	0.0	0.17942361326309267	0.0035226772346983706	0.024173655648741982	0.00353045013239188	0.021192705766387383	0.04293935369632581	0.03615651312530956	0.0	0.0	0.0	0.0	0.0	0.0	0.05428716387620497	0.031672100605496044	0.006145741878841089	0.03572609990076083	0.05905707196029777	0.009945300845350571	0.014050582095543959	0.03580308304326206	0.04692806421735103	0.018117765475591345	0.0	0.023995374385660597	0.0	0.0	0.0	0.043980453131941356	0.03814021067925899	0.054771315640880856	0.04365565075479396	0.029338637493784188	0.04534212695795548	0.010025780578630765	0.010025780578630765	0.006993006993006993	0.012667390517553384	0.0608579980046558	0.0	0.012667390517553384	0.02809917355371901	0.011963816749343449
0.12147239263803682	0.0	0.0	0.0	0.0	0.0	0.0	0.0	0.0	0.0	0.0	0.0795959595959596	0.06305084745762712	0.018867924528301886	0.03308823529411765	0.0	0.09072164948453608	0.0	0.07024793388429752	0.0	0.0	0.0	0.0	0.09986130374479889	0.0	0.0	0.0	0.0	0.05306799336650083	0.0	0.0	0.1908713692946058	0.0	0.03355704697986577	0.0743801652892562	0.014018691588785047	0.02358490566037736	0.0	0.10526315789473684	0.0	0.09210526315789473	0.0	0.0	0.0	0.0	0.0	0.0	0.0	0.0	0.0	0.0	0.0	0.0	0.0	0.0	0.0	0.0	0.07582938388625593	0.10383480825958702	0.0	0.0	0.0	0.0	0.0	0.018931710615280595	0.1794871794871795	0.0	0.0	0.0	0.0	0.019867549668874173	0.24880382775119617	0.012345679012345678	0.0	0.11158798283261803	0.0	0.0	0.0	0.0	0.05904059040590406	0.0	0.0	0.0	0.0	0.0	0.004817342432757929	1.0	0.0	0.08767123287671233	0.03910614525139665	0.022587268993839837	0.0	0.0	0.019867549668874173	0.0	0.0	0.02902539722256975	0.06550665301944729	0.0	0.047619047619047616	0.0	0.0	0.0	0.2766726943942134	0.01646090534979424	0.0	0.0	0.0652395514780836	0.0	0.0	0.0	0.0	0.0	0.06808510638297872	0.0	0.0	0.060561299852289516	0.0	0.0	0.0	0.0	0.14074074074074075	0.0	0.06427503736920777	0.0	0.0326975476839237	0.0	0.0326975476839237	0.0	0.0	0.0	0.0	0.0	0.0	0.0	0.0	0.0	0.0	0.0	0.0	0.0	0.0	0.0	0.07865168539325842	0.0	0.0	0.0	0.0	0.0	0.0	0.0	0.0	0.0	0.0	0.0	0.020036429872495445	0.0	0.0	0.0	0.0	0.0	0.0	0.0	0.0	0.0	0.0	0.0	0.0	0.0	0.0	0.0	0.0	0.0	0.0	0.0	0.0	0.1676829268292683	0.0	0.1111111111111111	0.0	0.008213552361396304	0.10440835266821345	0.0	0.0	0.08384458077709611	0.0	0.5084745762711864	0.0966183574879227	0.0	0.0	0.02358490566037736	0.03305785123966942	0.03317535545023697	0.028901734104046242	0.08196721311475409	0.09650924024640657	0.09650924024640657	0.0	0.0	0.0	0.0	0.0	0.0	0.01098901098901099	0.07922272047832586	0.0	0.0	0.0	0.0	0.010899182561307902	0.0	0.0	0.06206896551724138	0.0	0.09715242881072027	0.05142857142857143	0.01257071024512885	0.030545246931201826	0.0	0.0664451827242525	0.0	0.0	0.0	0.0	0.0	0.0	0.0	0.018198362147406732	0.04945054945054945	0.02107728337236534	0.06618407445708377	0.0	0.006842285323297981	0.0	0.0	0.0	0.0	0.0	0.004549590536851683	0.0	0.0	0.0	0.0	0.0	0.0	0.0	0.0	0.0	0.0	0.0761904761904762	0.0	0.1794871794871795	0.0	0.14064697609001406	0.0	0.0	0.0	0.0	0.0	0.0	0.0	0.0	0.0	0.0	0.04522613065326633	0.0	0.06645056726094004	0.0	0.04945054945054945	0.0	0.01098901098901099	0.03576751117734724	0.027932960893854747	0.0	0.0	0.08018867924528301	0.0	0.0	0.0	0.0	0.0	0.0	0.0	0.10246433203631647	0.0	0.0	0.0	0.0	0.0	0.0	0.0	0.034782608695652174	0.08356545961002786
0.10426540284360189	0.0	0.0	0.0	0.0	0.0	0.0	0.0	0.0	0.0	0.0	0.0	0.0	0.0	0.0	0.0	0.0	0.0	0.0	0.10344827586206896	0.0547945205479452	0.0	0.0	0.0	0.0	0.0	0.0	0.0	0.0	0.0	0.0	0.0	0.20930232558139536	0.0	0.0	0.0	0.0	0.0	0.0	0.0	0.0	0.0	0.0	0.0	0.0	0.0	0.0	0.0	0.0	0.0	0.0	0.0	0.0	0.0	0.0	0.0	0.0	0.0	0.0	0.0	0.0	0.0	0.0	0.0	0.0	0.0	0.0	0.0	0.0	0.0	0.0	0.03389830508474576	0.0	0.0	0.0	0.0	0.0	0.0	0.0	0.0	0.0	0.0	0.0	0.0	0.0	0.0	0.0	1.0	0.0	0.0	0.0	0.0	0.0	0.0	0.0	0.0	0.018357044515832952	0.0	0.0	0.0	0.0	0.0	0.0	0.0	0.0	0.0	0.0	0.0	0.0	0.0	0.0	0.0	0.0	0.0	0.0	0.0	0.0	0.0	0.0	0.0	0.0	0.0	0.0	0.0	0.0	0.0	0.0	0.0	0.0	0.0	0.0	0.0	0.0	0.0	0.0	0.0	0.0	0.0	0.0	0.0	0.0	0.0	0.0	0.0	0.0	0.0	0.0	0.0	0.0	0.0	0.0	0.0	0.0	0.0	0.0	0.0	0.0	0.0	0.0	0.0	0.0	0.0	0.0	0.0	0.0	0.0	0.0	0.0	0.0	0.0	0.0	0.0	0.0	0.0	0.0	0.0	0.11814345991561181	0.0	0.0223463687150838	0.0	0.0	0.0	0.0	0.0	0.026058631921824105	0.0	0.0	0.0	0.0	0.0	0.0	0.0	0.0	0.12195121951219512	0.024489795918367346	0.019672131147540985	0.019672131147540985	0.0	0.0	0.0	0.0	0.0	0.0	0.04395604395604396	0.02053388090349076	0.0	0.0	0.0	0.0	0.0	0.0	0.0	0.0	0.0	0.0	0.0	0.0	0.0	0.0	0.01904761904761905	0.0	0.09090909090909091	0.0	0.0	0.0	0.0	0.0	0.0	0.0	0.0	0.0	0.0	0.0	0.0	0.0	0.0	0.0	0.0	0.0	0.0	0.0	0.0	0.0	0.0	0.0	0.0	0.0	0.0	0.0	0.0	0.0	0.0	0.0	0.022684310018903593	0.0	0.0	0.0	0.0	0.0	0.0	0.0	0.0	0.023474178403755867	0.0	0.0	0.0	0.0	0.0	0.0	0.0	0.0	0.0	0.0	0.0	0.0	0.0	0.0	0.0	0.0	0.0	0.0	0.0	0.0	0.0	0.0	0.0	0.0	0.0	0.0	0.0	0.0	0.0	0.0
0.09339080459770115	0.0	0.0	0.0	0.0	0.0	0.0	0.0	0.0	0.0	0.0	0.0348681269557443	0.043654001616814875	0.0	0.0	0.0	0.3879781420765027	0.0	0.01643835616438356	0.0	0.0	0.0	0.0	0.07973421926910298	0.0	0.0	0.0	0.0	0.049586776859504134	0.0	0.0	0.07713498622589532	0.0	0.0	0.06575342465753424	0.0	0.0	0.0	0.12040133779264214	0.06354515050167224	0.0736196319018405	0.003424657534246575	0.0	0.0	0.0	0.0	0.0	0.0	0.0	0.0	0.0	0.0	0.0	0.0	0.0	0.0	0.0	0.07920792079207921	0.11812961443806398	0.0	0.0	0.0	0.0	0.0	0.0	0.07741935483870968	0.0	0.0	0.0	0.0	0.0	0.13377926421404682	0.0	0.0	0.12680115273775217	0.0	0.0	0.0	0.0	0.05673758865248227	0.0	0.0	0.0	0.0	0.0	0.0	0.08767123287671233	0.0	1.0	0.0	0.0	0.0	0.0	0.0	0.0	0.0	0.02386024712398807	0.10690121786197564	0.0	0.03986710963455149	0.0	0.0	0.0	0.07373271889400922	0.0	0.0	0.0	0.06460296096904442	0.0	0.0	0.0	0.0	0.0	0.06837606837606838	0.0	0.0	0.021505376344086023	0.0	0.0	0.0	0.0	0.0665083135391924	0.009771986970684038	0.04363636363636364	0.0	0.0	0.04864864864864865	0.0	0.0	0.0	0.0	0.0	0.0	0.0	0.0	0.0	0.0	0.0	0.0	0.0	0.0	0.0	0.0	0.06477732793522267	0.0	0.1148936170212766	0.029649595687331536	0.018666666666666668	0.016018306636155607	0.05234159779614325	0.04043126684636118	0.03643724696356275	0.04043126684636118	0.029649595687331536	0.018666666666666668	0.0	0.0	0.0	0.0	0.0	0.0	0.0	0.0	0.008086253369272238	0.016216216216216217	0.016722408026755852	0.004792332268370607	0.006430868167202572	0.006430868167202572	0.004792332268370607	0.006430868167202572	0.009771986970684038	0.004792332268370607	0.006430868167202572	0.03829787234042553	0.0	0.0782122905027933	0.0	0.023752969121140142	0.0	0.0	0.04845222072678331	0.0	0.0	0.01891891891891892	0.04087193460490463	0.18723404255319148	0.02711864406779661	0.0	0.030800821355236138	0.0	0.0	0.0	0.0	0.07792207792207792	0.09782608695652174	0.09782608695652174	0.08196721311475409	0.08196721311475409	0.0	0.0	0.0	0.0	0.0	0.06545454545454546	0.0	0.0	0.0	0.0	0.0	0.0	0.0	0.0	0.0	0.07531380753138076	0.0	0.0	0.02576808721506442	0.0	0.016563146997929608	0.0	0.0	0.0	0.0	0.0	0.0	0.0	0.0	0.0	0.0	0.06584362139917696	0.0	0.0	0.0	0.15083798882681565	0.0	0.029649595687331536	0.018666666666666668	0.0	0.0	0.0	0.0	0.0	0.0	0.0	0.0	0.0	0.0	0.0	0.07973421926910298	0.0	0.07741935483870968	0.0	0.06756756756756757	0.0	0.0	0.0	0.0	0.0	0.0	0.0	0.016216216216216217	0.0	0.0	0.0	0.0	0.03614457831325301	0.0	0.0	0.0	0.0	0.0	0.0	0.0	0.0	0.019672131147540985	0.1111111111111111	0.0	0.01639344262295082	0.0	0.0	0.0	0.0	0.05674846625766871	0.0	0.0	0.0	0.0	0.0	0.0	0.0	0.0299625468164794	0.04674457429048414
0.0	0.0	0.0	0.0	0.0	0.0	0.0	0.0	0.0	0.0	0.0	0.05263157894736842	0.08912510220768602	0.18120805369127516	0.10526315789473684	0.0	0.0	0.0	0.0	0.0	0.0	0.0	0.0	0.08067226890756303	0.0	0.0	0.0	0.0	0.0	0.0	0.0	0.0	0.0	0.5348837209302325	0.13966480446927373	0.17218543046357615	0.22818791946308725	0.0	0.0	0.0	0.07053941908713693	0.0	0.0	0.0	0.0	0.0	0.0	0.0	0.0	0.0	0.0	0.0	0.0	0.0	0.0	0.0	0.0	0.0	0.0	0.0	0.0	0.0	0.0	0.0	0.097799511002445	0.0429042904290429	0.0	0.0	0.0	0.0	0.09090909090909091	0.0	0.15555555555555556	0.0	0.0	0.0	0.0	0.0	0.0	0.0	0.0	0.0	0.0	0.0	0.0	0.0805234021137393	0.03910614525139665	0.0	0.0	1.0	0.14127423822714683	0.0	0.0	0.36363636363636365	0.0	0.0	0.0	0.0	0.0	0.0	0.0	0.0	0.0	0.03044496487119438	0.15	0.0	0.0	0.0	0.0	0.0	0.0	0.0	0.0	0.0	0.0	0.0	0.0852994555353902	0.0	0.0	0.0	0.0	0.06280193236714976	0.0	0.13075506445672191	0.0	0.058091286307053944	0.0	0.058091286307053944	0.0	0.0	0.0	0.0	0.0	0.0	0.0	0.0	0.0	0.0	0.0	0.0	0.0	0.0	0.0	0.11966987620357634	0.0	0.0	0.0	0.0	0.0	0.0	0.0	0.0	0.0	0.0	0.0	0.15839243498817968	0.0	0.0	0.0	0.0	0.0	0.0	0.0	0.0	0.0	0.0	0.0	0.0	0.0	0.0	0.0	0.0	0.0	0.0	0.0	0.0	0.0	0.0	0.17391304347826086	0.0	0.038781163434903045	0.059782608695652176	0.0	0.0	0.03856749311294766	0.0	0.0	0.0	0.0	0.0	0.06711409395973154	0.19553072625698323	0.13513513513513514	0.09090909090909091	0.04318936877076412	0.036011080332409975	0.036011080332409975	0.0	0.0	0.0	0.0	0.0	0.0	0.058823529411764705	0.034990791896869246	0.0	0.0	0.0	0.0	0.058091286307053944	0.0	0.0	0.17073170731707318	0.0	0.050955414012738856	0.3392857142857143	0.029873039581777446	0.05035011670556852	0.0	0.0	0.0	0.0	0.0	0.0	0.0	0.0	0.0	0.14167650531286896	0.06722689075630252	0.1760797342192691	0.0	0.0	0.08929309632079371	0.0	0.0	0.0	0.0	0.0	0.09327036599763873	0.0	0.0	0.0	0.0	0.0	0.0	0.0	0.0	0.0	0.0	0.0	0.0	0.0429042904290429	0.0	0.023931623931623933	0.0	0.0	0.0	0.0	0.0	0.0	0.0	0.0	0.0	0.0	0.10294117647058823	0.0	0.12016293279022404	0.0	0.06722689075630252	0.0	0.21008403361344538	0.12844036697247707	0.08620689655172414	0.0	0.0	0.0	0.0	0.0	0.0	0.0	0.0	0.0	0.0	0.040310077519379844	0.0	0.0	0.0	0.0	0.0	0.0	0.0	0.0	0.0
0.0	0.0	0.0	0.008102633355840648	0.0	0.0	0.0	0.0	0.0	0.0	0.0	0.05602579604997985	0.08845374746792707	0.07728337236533958	0.06398537477148081	0.0	0.0	0.0	0.0	0.0	0.06289308176100629	0.008350730688935281	0.0	0.04558011049723757	0.0	0.0	0.0	0.0	0.0	0.0	0.0	0.012371134020618556	0.0	0.23588039867109634	0.059548254620123205	0.07192575406032482	0.11007025761124122	0.0	0.0	0.023752969121140142	0.04091653027823241	0.004464285714285714	0.0	0.0	0.0	0.0	0.0	0.0	0.0	0.0	0.0	0.0	0.0	0.0	0.0	0.0	0.0	0.0	0.0	0.0	0.0	0.0	0.0	0.0	0.052525252525252523	0.023148148148148147	0.0	0.0	0.0	0.0	0.04262295081967213	0.0	0.07157464212678936	0.0	0.0	0.0	0.0	0.0	0.0	0.011009174311926606	0.0	0.0	0.0	0.0	0.0	0.030363563723531762	0.022587268993839837	0.0	0.0	0.14127423822714683	1.0	0.0	0.0	0.14098360655737704	0.0	0.0	0.0	0.0	0.0	0.0	0.0	0.0	0.0	0.017985611510791366	0.06748466257668712	0.0	0.0	0.0	0.0	0.0	0.06143344709897611	0.036734693877551024	0.0	0.0	0.0	0.0	0.03823529411764706	0.0	0.0	0.0	0.0	0.0423572744014733	0.009324009324009324	0.0744047619047619	0.0	0.02972972972972973	0.0	0.02972972972972973	0.0	0.0	0.0	0.0	0.0	0.0	0.0	0.0	0.0	0.0	0.0	0.0	0.0	0.0	0.0	0.04568527918781726	0.0	0.0	0.008113590263691683	0.006036217303822937	0.005366726296958855	0.012371134020618556	0.0	0.0	0.0	0.008113590263691683	0.006036217303822937	0.08333333333333333	0.0	0.0	0.0	0.0	0.0	0.0	0.08403361344537816	0.008113590263691683	0.0	0.014251781472684086	0.005747126436781609	0.006928406466512702	0.006928406466512702	0.005747126436781609	0.006928406466512702	0.009324009324009324	0.005747126436781609	0.006928406466512702	0.028011204481792718	0.019672131147540985	0.0	0.0	0.09392265193370165	0.0	0.022448979591836733	0.026589595375722544	0.0	0.0	0.022357723577235773	0.02044989775051125	0.0	0.0	0.0	0.016420361247947456	0.25526932084309134	0.10061601642710473	0.07294117647058823	0.04871060171919771	0.023255813953488372	0.02040816326530612	0.02040816326530612	0.0	0.0	0.0	0.0	0.0	0.0	0.02997275204359673	0.023809523809523808	0.0	0.0	0.0	0.0	0.02972972972972973	0.0	0.0	0.08532423208191127	0.0	0.035	0.0708215297450425	0.021289918597370068	0.01906116642958748	0.0	0.0	0.0	0.0	0.0	0.0	0.0	0.0	0.0	0.048868778280542986	0.035422343324250684	0.07441860465116279	0.0	0.0	0.04497444633730835	0.0	0.0	0.0	0.008113590263691683	0.006036217303822937	0.0334841628959276	0.0	0.0	0.0	0.0	0.0	0.0	0.0	0.0	0.0	0.0	0.0	0.0	0.023148148148148147	0.0	0.029411764705882353	0.0	0.0	0.0	0.0	0.0	0.0	0.0	0.0	0.029459901800327332	0.0	0.06234413965087282	0.0	0.06129032258064516	0.0	0.035422343324250684	0.0	0.07901907356948229	0.07270029673590504	0.04709141274238227	0.0	0.0	0.0	0.0	0.0	0.0	0.0	0.0	0.0	0.0	0.029715762273901807	0.0	0.0	0.0	0.0	0.0	0.0	0.0	0.0	0.0
0.0	0.048	0.0	0.011104256631708822	0.03277060575968222	0.007957559681697613	0.015873015873015872	0.005291005291005291	0.005291005291005291	0.01615798922800718	0.011164274322169059	0.0	0.0	0.0	0.0	0.0053898670499461015	0.0	0.0	0.0	0.0	0.0	0.0	0.005940594059405941	0.0	0.0	0.0	0.0	0.02088167053364269	0.0	0.01615798922800718	0.0	0.0	0.0	0.0	0.0	0.0	0.018108651911468814	0.06264501160092807	0.0	0.0	0.0	0.0031746031746031746	0.0	0.013333333333333334	0.005291005291005291	0.011389521640091117	0.029281277728482696	0.017857142857142856	0.00893743793445879	0.00398406374501992	0.007444168734491315	0.11274961597542242	0.022132796780684104	0.06363636363636363	0.011389521640091117	0.0	0.0	0.0	0.0	0.0	0.0	0.005291005291005291	0.013333333333333334	0.03019538188277087	0.0	0.0	0.0	0.007137192704203013	0.00872093023255814	0.0	0.0	0.0	0.0	0.0	0.0	0.03277060575968222	0.0	0.0	0.0	0.0	0.03277060575968222	0.0	0.0	0.0	0.04107142857142857	0.008264462809917356	0.0	0.0	0.0	0.0	0.0	1.0	0.17848970251716248	0.0	0.03403565640194489	0.018617021276595744	0.012358633554856011	0.0	0.0	0.02434077079107505	0.0	0.00909090909090909	0.0	0.0	0.0	0.01615798922800718	0.006036217303822937	0.029281277728482696	0.003952569169960474	0.009940357852882704	0.0	0.0	0.11274961597542242	0.04604051565377532	0.0	0.0	0.0026666666666666666	0.0	0.0	0.0	0.013333333333333334	0.0	0.01002004008016032	0.0	0.046	0.0	0.0	0.0	0.0	0.0	0.0	0.0	0.0	0.0	0.08086253369272237	0.0	0.014492753623188406	0.01615798922800718	0.0	0.0	0.0	0.07302231237322515	0.10532837670384139	0.0	0.014975041597337771	0.02107728337236534	0.0053285968028419185	0.003527336860670194	0.003179650238473768	0.009009009009009009	0.0053285968028419185	0.00683371298405467	0.0053285968028419185	0.0053285968028419185	0.003527336860670194	0.0	0.006802721088435374	0.0	0.0	0.0	0.030800821355236138	0.018404907975460124	0.0	0.008880994671403197	0.0	0.018329938900203666	0.0039603960396039604	0.005964214711729622	0.005964214711729622	0.0039603960396039604	0.005964214711729622	0.01002004008016032	0.0039603960396039604	0.005964214711729622	0.0	0.0	0.0	0.007194244604316547	0.0	0.033816425120772944	0.025	0.0	0.011389521640091117	0.0	0.0	0.0	0.0	0.0	0.03480278422273782	0.007363770250368188	0.0	0.0	0.0	0.0	0.0	0.0	0.0	0.0	0.0	0.0	0.0	0.0	0.0	0.0	0.0	0.008660892738174551	0.09510086455331412	0.0	0.046	0.0	0.007936507936507936	0.003952569169960474	0.0	0.011389521640091117	0.014925373134328358	0.0	0.015544041450777202	0.0	0.0	0.0	0.0	0.0	0.00909090909090909	0.17893315327481432	0.04477611940298507	0.0	0.007957559681697613	0.0	0.0	0.0	0.016172506738544475	0.004524886877828055	0.019595645412130637	0.03183023872679045	0.0	0.03183023872679045	0.0053285968028419185	0.003527336860670194	0.017670682730923693	0.08165997322623829	0.051655629139072845	0.0	0.0	0.0	0.0	0.0	0.0	0.029177718832891247	0.0	0.0	0.017543859649122806	0.0	0.006802721088435374	0.0	0.0056625141562853904	0.014028056112224449	0.011389521640091117	0.0	0.0	0.0	0.0	0.0	0.0	0.06323185011709602	0.0	0.007444168734491315	0.0	0.0365296803652968	0.0	0.01615798922800718	0.0	0.0	0.0	0.0	0.08135168961201501	0.0	0.0	0.0	0.026156941649899398	0.024899598393574297	0.007957559681697613	0.04936014625228519	0.034324942791762014	0.02962085308056872	0.10532837670384139	0.10532837670384139	0.4500991407799075	0.744	0.01749271137026239	0.0	0.2832	0.06747230614300101	0.011378002528445006
0.0	0.12087912087912088	0.0	0.027530364372469637	0.07890499194847021	0.0	0.0	0.0	0.0	0.0	0.0	0.0	0.0	0.0	0.0	0.0	0.0	0.0	0.0	0.0	0.0	0.0	0.0	0.0	0.0	0.0	0.0	0.0	0.0	0.0	0.0	0.0	0.0	0.0	0.0	0.0	0.0	0.0	0.0	0.0	0.0	0.0	0.0	0.0	0.0	0.0	0.0	0.0	0.0	0.0	0.0	0.11397503020539669	0.0	0.048034934497816595	0.0	0.0	0.0	0.0	0.0	0.0	0.0	0.0	0.0	0.03513513513513514	0.0	0.0	0.0	0.0	0.0	0.0	0.0	0.0	0.0	0.0	0.0	0.07890499194847021	0.0	0.0	0.0	0.0	0.07890499194847021	0.0	0.0	0.0	0.08446866485013624	0.0	0.0	0.0	0.0	0.0	0.0	0.17848970251716248	1.0	0.0	0.0	0.0	0.024171761694867056	0.0	0.0	0.05333333333333334	0.0	0.0	0.0	0.0	0.0	0.0	0.0	0.06612685560053981	0.0	0.0	0.0	0.0	0.11397503020539669	0.0	0.0	0.0	0.0	0.0	0.0	0.0	0.0	0.0	0.0	0.0	0.10097719869706841	0.0	0.0	0.0	0.0	0.0	0.0	0.0	0.0	0.0	0.21348314606741572	0.0	0.0	0.0	0.0	0.0	0.0	0.14666666666666667	0.0781758957654723	0.0	0.0	0.0	0.0	0.0	0.0	0.0	0.0	0.0	0.0	0.0	0.0	0.0	0.0	0.0	0.0	0.0	0.0	0.0	0.0	0.0	0.0	0.0	0.0	0.0	0.0	0.0	0.0	0.0	0.0	0.0	0.0	0.0	0.0	0.0	0.0	0.0	0.0	0.0	0.0	0.0	0.0	0.0	0.0	0.0	0.0	0.0	0.0	0.0	0.0	0.0	0.0	0.0	0.0	0.0	0.0	0.0	0.0	0.0	0.0	0.0	0.0	0.0	0.0	0.0	0.10097719869706841	0.0	0.0	0.0	0.0	0.0	0.0	0.0	0.0	0.0	0.0	0.0	0.0	0.0	0.0	0.15251141552511416	0.0	0.0	0.0	0.0	0.0	0.0	0.0	0.0	0.0	0.08695652173913043	0.0	0.08695652173913043	0.0	0.0	0.0	0.06498194945848375	0.04448398576512456	0.0	0.0	0.0	0.0	0.0	0.0	0.06577181208053691	0.0	0.0	0.0	0.0	0.0	0.0	0.0	0.0	0.0	0.0	0.0	0.0	0.0	0.0	0.0	0.0	0.0	0.0	0.0	0.0	0.0	0.0	0.0	0.0	0.0	0.0	0.0462046204620462	0.0	0.0	0.0	0.0	0.0	0.0	0.0	0.0	0.0	0.0781758957654723	0.0781758957654723	0.16415261756876665	0.22685185185185186	0.0	0.0	0.22685185185185186	0.04125	0.0
0.0	0.0	0.0	0.0	0.0	0.0	0.0	0.0	0.0	0.0	0.0	0.04784462340123164	0.08370837083708371	0.19008264462809918	0.09944751381215469	0.0	0.0	0.0	0.0	0.0	0.0	0.0	0.0	0.07421150278293136	0.0	0.0	0.0	0.0	0.0	0.0	0.0	0.0	0.0	0.7241379310344828	0.1390728476821192	0.17886178861788618	0.24793388429752067	0.0	0.0	0.0	0.06103286384976526	0.0	0.0	0.0	0.0	0.0	0.0	0.0	0.0	0.0	0.0	0.0	0.0	0.0	0.0	0.0	0.0	0.0	0.0	0.0	0.0	0.0	0.0	0.0	0.09327354260089686	0.020242914979757085	0.0	0.0	0.0	0.0	0.06666666666666667	0.0	0.15789473684210525	0.0	0.0	0.0	0.0	0.0	0.0	0.0	0.0	0.0	0.0	0.0	0.0	0.07260351673284175	0.019867549668874173	0.0	0.0	0.36363636363636365	0.14098360655737704	0.0	0.0	1.0	0.0	0.0	0.0	0.0	0.0	0.0	0.0	0.0	0.0	0.013477088948787063	0.1513157894736842	0.0	0.0	0.0	0.0	0.0	0.0	0.0	0.0	0.0	0.0	0.0	0.07878787878787878	0.0	0.0	0.0	0.0	0.05027932960893855	0.0	0.1293634496919918	0.0	0.032432432432432434	0.0	0.032432432432432434	0.0	0.0	0.0	0.0	0.0	0.0	0.0	0.0	0.0	0.0	0.0	0.0	0.0	0.0	0.0	0.23252032520325203	0.0	0.0	0.0	0.0	0.0	0.0	0.0	0.0	0.0	0.0	0.0	0.16076294277929154	0.0	0.0	0.0	0.0	0.0	0.0	0.0	0.0	0.0	0.0	0.0	0.0	0.0	0.0	0.0	0.0	0.0	0.0	0.0	0.0	0.0	0.0	0.1787709497206704	0.0	0.019672131147540985	0.052941176470588235	0.0	0.0	0.019543973941368076	0.0	0.0	0.0	0.0	0.0	0.049586776859504134	0.2052980132450331	0.13333333333333333	0.07317073170731707	0.02040816326530612	0.01639344262295082	0.01639344262295082	0.0	0.0	0.0	0.0	0.0	0.0	0.03296703296703297	0.022587268993839837	0.0	0.0	0.0	0.0	0.032432432432432434	0.0	0.0	0.18518518518518517	0.0	0.03855421686746988	0.11904761904761904	0.019559902200488997	0.04288288288288288	0.0	0.0	0.0	0.0	0.0	0.0	0.0	0.0	0.0	0.0761904761904762	0.04395604395604396	0.1836734693877551	0.0	0.0	0.08382687927107062	0.0	0.0	0.0	0.0	0.0	0.08571428571428572	0.0	0.0	0.0	0.0	0.0	0.0	0.0	0.0	0.0	0.0	0.0	0.0	0.020242914979757085	0.0	0.011342155009451797	0.0	0.0	0.0	0.0	0.0	0.0	0.0	0.0	0.0	0.0	0.09259259259259259	0.0	0.11724137931034483	0.0	0.04395604395604396	0.0	0.23076923076923078	0.12678936605316973	0.06818181818181818	0.0	0.0	0.0	0.0	0.0	0.0	0.0	0.0	0.0	0.0	0.030560271646859084	0.0	0.0	0.0	0.0	0.0	0.0	0.0	0.0	0.0
0.0	0.0	0.0	0.0	0.0	0.02197802197802198	0.0514018691588785	0.019178082191780823	0.019178082191780823	0.04411764705882353	0.035830618892508145	0.0	0.0	0.0	0.0	0.18564628341266934	0.0	0.0	0.0	0.0	0.0	0.0	0.016260162601626018	0.0	0.0	0.0	0.0	0.20574162679425836	0.0	0.14705882352941177	0.0	0.0	0.0	0.0	0.0	0.0	0.049586776859504134	0.10047846889952153	0.0	0.0	0.0	0.011345218800648298	0.0	0.027624309392265192	0.019178082191780823	0.023474178403755867	0.05722070844686648	0.14076782449725778	0.019367991845056064	0.012205044751830757	0.038206826286296486	0.03246955978769903	0.11399317406143344	0.025374855824682813	0.023474178403755867	0.0	0.0	0.0	0.0	0.0	0.08018867924528301	0.019178082191780823	0.027624309392265192	0.023636363636363636	0.0	0.0	0.10849056603773585	0.22267206477732793	0.25333333333333335	0.0	0.0	0.0	0.0	0.09389671361502347	0.03802281368821293	0.0	0.0	0.0	0.0	0.0	0.0	0.0	0.0	0.0	0.0	0.03039179787623581	0.0	0.0	0.0	0.0	0.0	0.03403565640194489	0.0	0.0	1.0	0.6156968876860622	0.0	0.0	0.055865921787709494	0.0	0.0	0.02107728337236534	0.0	0.0	0.0	0.14705882352941177	0.2727272727272727	0.0	0.014198782961460446	0.02040816326530612	0.0	0.0	0.03246955978769903	0.05660377358490566	0.0	0.0	0.009497964721845319	0.055865921787709494	0.02564102564102564	0.02564102564102564	0.027624309392265192	0.0	0.0205761316872428	0.0	0.0	0.0	0.0	0.0	0.0	0.0	0.0	0.0	0.0	0.0	0.0	0.0	0.09601181683899557	0.38235294117647056	0.0	0.0	0.0	0.0	0.030226700251889168	0.0	0.08163265306122448	0.033816425120772944	0.014545454545454545	0.01263537906137184	0.011363636363636364	0.01845018450184502	0.014545454545454545	0.018779342723004695	0.014545454545454545	0.014545454545454545	0.01263537906137184	0.0	0.018691588785046728	0.038391224862888484	0.08	0.047619047619047616	0.22362869198312235	0.05042016806722689	0.0	0.01818181818181818	0.0	0.029288702928870293	0.014227642276422764	0.0163265306122449	0.0163265306122449	0.014227642276422764	0.0163265306122449	0.0205761316872428	0.014227642276422764	0.0163265306122449	0.0	0.0	0.0	0.01466275659824047	0.0	0.05921052631578947	0.05301645338208409	0.0	0.023474178403755867	0.0	0.0	0.0	0.0	0.0	0.14832535885167464	0.015015015015015015	0.0	0.0	0.0	0.0	0.0	0.0	0.0	0.0	0.0	0.0	0.0	0.0	0.0	0.0	0.0	0.05355932203389831	0.11377245508982035	0.0	0.0	0.0	0.018329938900203666	0.014198782961460446	0.0	0.023474178403755867	0.0228310502283105	0.0	0.03331385154880187	0.0	0.04419889502762431	0.0	0.0	0.0	0.02107728337236534	0.041237113402061855	0.2	0.055865921787709494	0.02197802197802198	0.0	0.0	0.0	0.08831646734130635	0.016317016317016316	0.038887132469174836	0.0	0.0	0.0	0.014545454545454545	0.01263537906137184	0.04265791632485644	0.0326975476839237	0.02830188679245283	0.0	0.0	0.0	0.0	0.0	0.0	0.0	0.0	0.0	0.038461538461538464	0.0	0.018691588785046728	0.0	0.01750291715285881	0.024691358024691357	0.023474178403755867	0.0	0.0	0.0	0.0	0.029143897996357013	0.0	0.10144927536231885	0.0	0.038206826286296486	0.0	0.14823529411764705	0.0	0.38235294117647056	0.0	0.0	0.0	0.0	0.04580152671755725	0.0	0.0	0.0	0.05785123966942149	0.08941755537325677	0.02197802197802198	0.13857677902621723	0.07075471698113207	0.036101083032490974	0.030226700251889168	0.030226700251889168	0.02824478816408877	0.0392156862745098	0.04011887072808321	0.0	0.0392156862745098	0.0336734693877551	0.017994858611825194
0.0	0.0	0.0	0.0	0.0	0.11022044088176353	0.08703374777975133	0.08	0.08	0.025036818851251842	0.06542056074766354	0.0	0.0	0.0	0.0	0.09018648731274839	0.0	0.0	0.0	0.0	0.0	0.0	0.0430622009569378	0.0	0.0	0.0	0.0	0.11392405063291139	0.0	0.08689248895434462	0.0	0.0	0.0	0.0	0.0	0.0	0.027463651050080775	0.06329113924050633	0.0	0.0	0.0	0.015957446808510637	0.0	0.1710261569416499	0.08	0.12299465240641712	0.08388037928519329	0.13196480938416422	0.09832134292565947	0.047364909939959975	0.018777467039552537	0.07160032059845044	0.1100864553314121	0.04890219560878244	0.33689839572192515	0.0	0.0	0.0	0.0	0.0	0.03577817531305903	0.08	0.04225352112676056	0.072992700729927	0.0	0.0	0.057245080500894455	0.1122923588039867	0.145679012345679	0.0	0.0	0.0	0.0	0.04634581105169341	0.02118003025718608	0.0	0.0	0.0	0.0	0.0	0.0	0.0	0.0	0.0	0.0	0.04127178232956282	0.0	0.0	0.0	0.0	0.0	0.018617021276595744	0.0	0.0	0.6156968876860622	1.0	0.0	0.0	0.028397565922920892	0.0	0.0	0.03202846975088968	0.0	0.0	0.0	0.08689248895434462	0.16962843295638125	0.0	0.03503184713375796	0.0592	0.0	0.0	0.028853860539674057	0.04360902255639098	0.0	0.0	0.013761467889908258	0.028397565922920892	0.011747430249632892	0.011747430249632892	0.04225352112676056	0.0	0.033816425120772944	0.0	0.0	0.0	0.0	0.0	0.0	0.0	0.0	0.0	0.0	0.0	0.0	0.0	0.07635467980295567	0.22827687776141384	0.0	0.0	0.0	0.0	0.01829924650161464	0.0	0.04564315352697095	0.060109289617486336	0.021897810218978103	0.01741654571843251	0.015978695073235686	0.0310192023633678	0.021897810218978103	0.026737967914438502	0.021897810218978103	0.021897810218978103	0.01741654571843251	0.0	0.02664298401420959	0.021994134897360705	0.04536082474226804	0.025225225225225224	0.13957307060755336	0.027823240589198037	0.0	0.030656934306569343	0.0	0.053833605220228384	0.019138755980861243	0.024	0.024	0.019138755980861243	0.024	0.033816425120772944	0.019138755980861243	0.024	0.0	0.0	0.0	0.04528763769889841	0.0	0.06056527590847914	0.06158357771260997	0.0	0.08021390374331551	0.0	0.0	0.0	0.0	0.0	0.08499095840867993	0.026217228464419477	0.0	0.0	0.0	0.0	0.0	0.0	0.0	0.0	0.0	0.0	0.0	0.0	0.0	0.0	0.0	0.0830945558739255	0.07889125799573561	0.0	0.0	0.0	0.02875399361022364	0.03503184713375796	0.0	0.0374331550802139	0.025252525252525252	0.0	0.028773346794548207	0.0	0.02012072434607646	0.0	0.0	0.0	0.03202846975088968	0.02666666666666667	0.13379310344827586	0.028397565922920892	0.11022044088176353	0.0	0.0	0.0	0.04863669859985262	0.02127659574468085	0.025654874426140967	0.0	0.0	0.0	0.021897810218978103	0.01741654571843251	0.0577568838146407	0.019562715765247412	0.01596351197263398	0.0	0.0	0.0	0.0	0.0	0.0	0.0	0.0	0.0	0.056778679026651215	0.0	0.02664298401420959	0.0	0.023957409050576754	0.043478260869565216	0.0374331550802139	0.0	0.0	0.0	0.0	0.014619883040935672	0.0	0.06375227686703097	0.0	0.018777467039552537	0.0	0.20357142857142857	0.0	0.22827687776141384	0.0	0.0	0.0	0.0	0.031487513572204126	0.0	0.0	0.0	0.05331179321486268	0.0893216924110141	0.11022044088176353	0.08819133034379671	0.04114490161001789	0.030020703933747412	0.01829924650161464	0.01829924650161464	0.01593625498007968	0.022757697456492636	0.03712871287128713	0.0	0.022757697456492636	0.034080717488789235	0.014238773274917854
0.06540738652382296	0.017439192290041303	0.0	0.0021953896816684962	0.07058823529411765	0.0	0.0	0.0	0.0	0.0	0.0	0.07025176520932887	0.04879752519708612	0.0	0.01994570990204178	0.0	0.032995875515560553	0.0	0.0050043788314775425	0.011068408916218294	0.013142929356754707	0.0	0.0	0.05834765901506725	0.0	0.0	0.0	0.0	0.01878144214645053	0.0	0.0	0.052275291462956	0.15892420537897312	0.0	0.10021268610033779	0.0	0.0	0.0	0.03536503683858004	0.0	0.02938230383973289	0.0	0.0	0.0	0.0	0.0	0.0	0.0	0.0	0.0	0.0	0.008758833482631631	0.0	0.061454098515647156	0.0	0.0	0.0	0.022408963585434174	0.03514844894155239	0.0	0.0308545428693303	0.0	0.0	0.005223230941425196	0.0	0.022242817423540315	0.0	0.0	0.0	0.0	0.0	0.045010046885465504	0.0	0.0	0.04178876289973245	0.032518175809649705	0.0	0.0	0.0	0.019865200425682867	0.07058823529411765	0.03135385059962433	0.0241394086559063	0.0	0.11101409504802295	0.0	0.02902539722256975	0.018357044515832952	0.02386024712398807	0.0	0.0	0.012358633554856011	0.024171761694867056	0.0	0.0	0.0	1.0	0.04795117698343505	0.0	0.02058548322416789	0.0	0.0	0.0	0.027150380339379755	0.021101261081283556	0.0	0.0	0.18272218769422002	0.0	0.0	0.0	0.0	0.008758833482631631	0.02131709173962695	0.0	0.0	0.004194191045402118	0.0	0.0	0.0	0.0	0.023693875133278048	0.0	0.017734614166578698	0.11808411834947592	0.0	0.0	0.0	0.0	0.0	0.0	0.0	0.022100289590001525	0.0	0.011990776325903152	0.0	0.0	0.0	0.0	0.0	0.0	0.2141424943189413	0.11227859501651156	0.020903322135125045	0.0	0.0	0.0	0.0	0.0	0.0	0.0	0.0	0.0	0.0	0.0	0.0	0.0	0.0	0.0	0.0	0.0	0.0	0.0	0.0	0.0	0.0	0.0	0.0	0.0	0.0	0.0	0.0	0.0	0.0	0.0	0.0	0.04610951008645533	0.0	0.013268570074635706	0.0	0.0	0.11191794499410003	0.0	0.04808103866457412	0.010954811402962778	0.0	0.04717388177764994	0.007533970133189829	0.0	0.0	0.0	0.0	0.0	0.01974161707069241	0.02547432665516784	0.0359236622177872	0.0359236622177872	0.0	0.0	0.0	0.0	0.0	0.0	0.005687473339968719	0.0337802174601499	0.0	0.0	0.0	0.11808411834947592	0.0	0.0	0.0	0.0	0.0	0.029672923457345173	0.0	0.0	0.04035229621641053	0.0	0.010741859684457872	0.012909632571996028	0.014889047959914102	0.0	0.015854560828665046	0.0	0.0	0.0	0.0	0.0	0.0	0.021028914757791964	0.0	0.0	0.010071722875019075	0.0	0.010071722875019075	0.0	0.0	0.0	0.024177441395984444	0.013156520831157982	0.0	0.0	0.0	0.0	0.0	0.0	0.06624488276888724	0.0	0.022456890790001335	0.0	0.022242817423540315	0.0	0.03751656641859517	0.0	0.0	0.0	0.0	0.0	0.0	0.0	0.02701356902776049	0.006232609905397885	0.0	0.0	0.0	0.013249420337860219	0.0	0.0	0.0	0.0	0.0	0.03106657122405154	0.0	0.016718702789807634	0.005324104884866232	0.0	0.0	0.0	0.0	0.0	0.0	0.0	0.0264359996112353	0.06424497148003602	0.06424497148003602	0.014808634894149547	0.02178751317793136	0.0	0.0	0.02178751317793136	0.07124814911593066	0.042270653826659906
0.07931665649786455	0.0	0.0	0.0	0.0	0.0	0.0	0.0	0.0	0.0	0.0	0.06038647342995169	0.06064690026954178	0.0	0.032816773017319965	0.0	0.12972420837589377	0.0	0.012282497441146366	0.0	0.0	0.0	0.0	0.14334941419710545	0.0	0.0	0.0	0.0	0.03950617283950617	0.0	0.0	0.17266187050359713	0.100418410041841	0.0	0.12282497441146366	0.0	0.0	0.0	0.08520710059171598	0.0485207100591716	0.05877551020408163	0.003561887800534283	0.0	0.0	0.0	0.0	0.0	0.0	0.0	0.0	0.0	0.0	0.0	0.0	0.0	0.0	0.0	0.05627198124267292	0.0840630472854641	0.0	0.06512890094979647	0.0	0.0	0.0	0.0	0.05536332179930796	0.0	0.0	0.0	0.0	0.0	0.09467455621301775	0.0	0.0	0.09351753453772582	0.0	0.0	0.0	0.0	0.04391582799634035	0.0	0.06770098730606489	0.04938271604938271	0.0	0.0	0.0	0.06550665301944729	0.0	0.10690121786197564	0.0	0.0	0.0	0.0	0.0	0.0	0.0	0.04795117698343505	1.0	0.0	0.028268551236749116	0.0	0.0	0.0	0.05739910313901345	0.03669724770642202	0.0	0.0	0.048484848484848485	0.0	0.0	0.0	0.0	0.0	0.0505795574288725	0.0	0.0	0.019809244314013204	0.0	0.0	0.0	0.0	0.051423324150596875	0.008130081300813009	0.035634743875278395	0.0	0.0	0.03403565640194489	0.0	0.0	0.0	0.0	0.0	0.048465266558966075	0.0	0.0	0.0	0.0	0.0	0.0	0.0	0.0	0.0	0.0	0.048582995951417005	0.0	0.0794979079497908	0.025278058645096056	0.017051153460381142	0.015165031222123104	0.0421377183967112	0.05358948432760364	0.02834008097165992	0.05358948432760364	0.025278058645096056	0.017051153460381142	0.0	0.0	0.0	0.0	0.0	0.0	0.0	0.0	0.007077856420626896	0.011345218800648298	0.01301775147928994	0.004581901489117984	0.005753739930955121	0.005753739930955121	0.004581901489117984	0.005753739930955121	0.008130081300813009	0.004581901489117984	0.005753739930955121	0.026499302649930265	0.0	0.0635881907645723	0.0	0.018365472910927456	0.0	0.0	0.07616849394114253	0.0	0.106703146374829	0.014184397163120567	0.03363914373088685	0.12273361227336123	0.019115890083632018	0.0	0.02702702702702703	0.0	0.0	0.0	0.0	0.055619930475086905	0.07324516785350967	0.07324516785350967	0.11256117455138662	0.11256117455138662	0.0	0.0	0.0	0.0	0.0	0.053452115812917596	0.0	0.0	0.0	0.0	0.0	0.0	0.0	0.0	0.0	0.059850374064837904	0.0	0.0	0.0448736154501562	0.0	0.013190436933223413	0.016194331983805668	0.0	0.0	0.0	0.0	0.0	0.0	0.0	0.0	0.0	0.04918032786885246	0.0	0.0	0.0	0.09421487603305785	0.0	0.025278058645096056	0.017051153460381142	0.0	0.0	0.0	0.0	0.0	0.0	0.0	0.0	0.0	0.0	0.0	0.05653710247349823	0.0	0.05536332179930796	0.0	0.055904961565338925	0.0	0.0	0.0	0.0	0.0	0.0	0.0	0.14893617021276595	0.0	0.0	0.0	0.0	0.028962188254223652	0.0	0.0	0.0	0.0	0.0	0.06620689655172414	0.0	0.0	0.014002333722287048	0.07776261937244201	0.0	0.012835472578763127	0.0	0.0	0.0	0.0	0.04771115409413282	0.0	0.0	0.0	0.0	0.0	0.0	0.0	0.025959978366684695	0.11626297577854672
0.0	0.0	0.0	0.0	0.0	0.0	0.0	0.0	0.0	0.0	0.0	0.0	0.0	0.0	0.0	0.025186033199771037	0.0	0.0	0.0	0.0	0.0	0.0	0.0	0.0	0.0	0.0	0.0	0.06976744186046512	0.0	0.06711409395973154	0.0	0.0	0.0	0.0	0.0	0.0	0.0	0.0	0.0	0.0	0.0	0.0	0.0	0.0	0.0	0.0	0.0	0.132890365448505	0.0	0.0	0.0	0.0	0.0328879753340185	0.0	0.0	0.0	0.0	0.0	0.0	0.0	0.056179775280898875	0.0	0.0	0.0	0.0	0.0	0.07865168539325842	0.03230148048452221	0.04195804195804196	0.0	0.0	0.0	0.0	0.06666666666666667	0.05714285714285714	0.0	0.0	0.0	0.0	0.0	0.0	0.0	0.0	0.0	0.0	0.0	0.0	0.0	0.0	0.0	0.0	0.0	0.0	0.0	0.055865921787709494	0.028397565922920892	0.0	0.0	1.0	0.0	0.0	0.0	0.0	0.0	0.0	0.06711409395973154	0.06722689075630252	0.0	0.0	0.0	0.0	0.0	0.0	0.0	0.0	0.0	0.0	0.42857142857142855	0.1	0.1	0.0	0.0	0.0	0.0	0.0	0.0	0.0	0.0	0.0	0.0	0.0	0.0	0.0	0.0	0.0	0.0	0.027842227378190254	0.06711409395973154	0.0	0.0	0.0	0.0	0.0	0.0	0.0	0.0	0.0	0.0	0.0	0.0	0.0	0.0	0.0	0.0	0.0	0.0	0.0	0.16279069767441862	0.6923076923076923	0.27586206896551724	0.24561403508771928	0.0	0.0	0.0	0.0	0.0	0.0	0.0	0.0	0.0	0.0	0.0	0.0	0.0	0.0	0.0	0.0	0.0	0.0	0.0	0.0	0.0	0.0	0.0	0.0	0.0	0.0	0.0	0.0	0.0	0.0	0.0	0.0	0.0	0.0	0.0	0.0	0.0	0.0	0.0	0.0	0.0	0.0	0.0	0.0	0.0	0.0	0.0	0.0	0.0	0.0	0.0	0.0	0.0	0.0	0.0	0.0	0.0	0.7241379310344828	0.0	0.0	0.0	0.0	0.0	0.06976744186046512	0.14285714285714285	0.0	0.0	0.0	0.0	0.03361344537815126	0.0	0.0	0.0	0.0	0.0	0.0	0.0	0.0	0.0	0.0	0.0	0.0	0.0	0.0	0.0	0.0	0.0	0.0	0.0	0.0	0.0	0.0	0.0	0.0	0.0	0.0	0.0	0.0	0.0	0.0	0.039603960396039604	0.0	0.0	0.0	0.0	0.0	0.0	0.0	0.06711409395973154	0.0	0.0	0.0	0.0	0.0	0.0	0.0	0.0	0.0	0.0	0.0	0.0	0.0	0.0	0.0	0.0	0.0	0.0	0.0	0.0	0.0	0.0	0.0
0.03861517976031957	0.17647058823529413	0.060810810810810814	0.004454342984409799	0.0286493860845839	0.0	0.0	0.0	0.0	0.0	0.0	0.014486578610992756	0.019302152932442463	0.0	0.0	0.0	0.03800475059382423	0.12413793103448276	0.023809523809523808	0.0	0.0	0.0	0.0	0.030441400304414	0.0	0.08053691275167785	0.0	0.0	0.022263450834879406	0.0	0.0	0.03827751196172249	0.0	0.0	0.02857142857142857	0.0	0.0	0.0	0.04519774011299435	0.0	0.029411764705882353	0.0	0.037037037037037035	0.0	0.0	0.0	0.0	0.0	0.0	0.0	0.0	0.01588474325821943	0.0	0.02288021534320323	0.0	0.027210884353741496	0.0	0.0335195530726257	0.04447533009034051	0.0	0.0	0.0	0.0	0.04929577464788732	0.01998519615099926	0.03287671232876712	0.0	0.0	0.0	0.0	0.0	0.05649717514124294	0.0	0.0	0.05970149253731343	0.0286493860845839	0.06	0.0	0.0	0.02510460251046025	0.0286493860845839	0.0	0.0	0.0	0.03546099290780142	0.0	0.047619047619047616	0.0	0.03986710963455149	0.0	0.0	0.02434077079107505	0.05333333333333334	0.0	0.0	0.0	0.02058548322416789	0.028268551236749116	0.0	1.0	0.0	0.0	0.15384615384615385	0.032719836400818	0.0	0.0	0.0	0.05275498241500586	0.0	0.0	0.0	0.0	0.01588474325821943	0.029556650246305417	0.0	0.0	0.01631321370309951	0.0	0.0	0.0	0.0	0.03361344537815126	0.0	0.019834710743801654	0.04132231404958678	0.0165016501650165	0.0	0.0165016501650165	0.0	0.0	0.0	0.0	0.0	0.0	0.042735042735042736	0.15384615384615385	0.0	0.0	0.15384615384615385	0.06	0.0	0.06741573033707865	0.041791044776119404	0.0282021151586369	0.0	0.0	0.0	0.0	0.036585365853658534	0.0	0.04225352112676056	0.0	0.04225352112676056	0.0	0.0	0.0	0.0	0.0425531914893617	0.0	0.0	0.0	0.0	0.0	0.0	0.0	0.0	0.0	0.0	0.0	0.0	0.0	0.0	0.0	0.0	0.0	0.0	0.037162162162162164	0.0	0.029411764705882353	0.0	0.0	0.020050125313283207	0.0	0.0	0.02588235294117647	0.0	0.08275862068965517	0.03428571428571429	0.0	0.0	0.0	0.0	0.0	0.0	0.03305785123966942	0.037825059101654845	0.037825059101654845	0.0	0.0	0.05687203791469194	0.0	0.041379310344827586	0.0	0.0	0.026446280991735537	0.0	0.0	0.08163265306122448	0.04132231404958678	0.0165016501650165	0.0	0.0	0.0	0.0	0.0300187617260788	0.08391608391608392	0.0	0.011703110563597166	0.0	0.022304832713754646	0.019867549668874173	0.0	0.0	0.02568351284175642	0.0	0.0	0.0	0.0	0.02	0.0	0.028605482717520857	0.0	0.0	0.11666666666666667	0.0	0.11666666666666667	0.0	0.0	0.0	0.02622950819672131	0.014563106796116505	0.0	0.0	0.0	0.0	0.06	0.04950495049504951	0.06651108518086347	0.08163265306122448	0.033707865168539325	0.0	0.03287671232876712	0.0	0.03863987635239567	0.0	0.0	0.0	0.0	0.0	0.0	0.0625	0.0	0.0	0.0	0.023952095808383235	0.0	0.018083182640144666	0.0	0.02	0.0	0.0	0.008237232289950576	0.0	0.04945054945054945	0.01812688821752266	0.027777777777777776	0.0	0.0	0.0	0.0	0.0	0.0	0.0	0.024045261669024046	0.041791044776119404	0.041791044776119404	0.023405972558514933	0.036885245901639344	0.0	0.05128205128205128	0.036885245901639344	0.03387850467289719	0.024464831804281346
0.0315955766192733	0.0	0.0	0.0	0.0	0.0	0.0	0.0	0.0	0.0	0.0	0.0	0.0	0.0	0.0	0.0	0.0	0.06976744186046512	0.052980132450331126	0.0	0.0	0.0	0.0	0.04452690166975881	0.3442622950819672	0.044444444444444446	0.0	0.0	0.057007125890736345	0.0	0.0	0.0	0.0	0.0	0.0	0.0	0.0	0.0	0.05084745762711865	0.0	0.0	0.0	0.0	0.0	0.0	0.0	0.0	0.0	0.0	0.0	0.0	0.0	0.0	0.0	0.0	0.06818181818181818	0.10344827586206896	0.05	0.025853154084798345	0.391304347826087	0.0	0.0	0.0	0.0	0.0	0.0	0.0	0.0	0.0	0.2032520325203252	0.0	0.0	0.0	0.0	0.0	0.0	0.04395604395604396	0.0	0.0	0.0	0.0	0.0	0.0	0.044444444444444446	0.0	0.0	0.0	0.0	0.0	0.0	0.0	0.0	0.0	0.0	0.0	0.0	0.0	0.0	0.0	0.0	1.0	0.0	0.0	0.0	0.0	0.0	0.0	0.0	0.0	0.0	0.0	0.04918032786885246	0.0	0.0	0.18518518518518517	0.10344827586206896	0.04040404040404041	0.0	0.0	0.0	0.0	0.0	0.0	0.0	0.0	0.0	0.0	0.0	0.0	0.0	0.3103448275862069	0.13636363636363635	0.0	0.0	0.0	0.0	0.0	0.0	0.0	0.0	0.0	0.0	0.0	0.0	0.0	0.0	0.0	0.0	0.0	0.0	0.0	0.0	0.0	0.0	0.0	0.0	0.0	0.0	0.0	0.0	0.0	0.0	0.0	0.0	0.0	0.0	0.0	0.0	0.0	0.0	0.0	0.0	0.0	0.0	0.0	0.0	0.02531645569620253	0.0	0.0	0.0	0.0	0.0	0.0	0.0	0.0	0.0	0.0	0.0	0.0	0.05660377358490566	0.0	0.0	0.0	0.0	0.0	0.0	0.0	0.0	0.0	0.09210526315789473	0.2558139534883721	0.06976744186046512	0.0	0.0	0.0	0.0	0.0	0.0	0.0	0.0	0.0	0.0	0.0	0.0	0.0	0.0	0.0	0.0	0.0	0.02857142857142857	0.0	0.0	0.0	0.0	0.0	0.0	0.0	0.0	0.0	0.0	0.0	0.0	0.0	0.0	0.0	0.0	0.0	0.0	0.0	0.0	0.0	0.0	0.0	0.0	0.0	0.0	0.0	0.0	0.20454545454545456	0.0	0.0	0.0	0.0	0.0	0.0	0.0	0.0	0.0	0.0	0.0	0.0	0.0	0.0	0.0	0.0	0.0	0.0	0.0	0.0	0.0	0.13186813186813187	0.0	0.0	0.032520325203252036	0.0	0.049586776859504134	0.0	0.2	0.0	0.0	0.0	0.0	0.0	0.0	0.0	0.0	0.0	0.0	0.0	0.0	0.0	0.0	0.0
0.0	0.0	0.0	0.0	0.0	0.08021390374331551	0.05179282868525897	0.06382978723404255	0.06382978723404255	0.013623978201634877	0.029748283752860413	0.0	0.0	0.0	0.0	0.006426099851705388	0.0	0.0	0.0	0.0	0.0	0.0	0.047619047619047616	0.0	0.0	0.0	0.0	0.04564315352697095	0.0	0.013623978201634877	0.0	0.0	0.0	0.0	0.0	0.0	0.016286644951140065	0.04564315352697095	0.0	0.0	0.0	0.02727272727272727	0.0	0.11351351351351352	0.06382978723404255	0.08433734939759036	0.04685408299866131	0.03783783783783784	0.06220095693779904	0.030857142857142857	0.010358565737051793	0.027254509018036072	0.0315031503150315	0.01884057971014493	0.08433734939759036	0.0	0.0	0.0	0.0	0.0	0.0	0.06382978723404255	0.11351351351351352	0.058981233243967826	0.0	0.0	0.0	0.007945516458569807	0.008032128514056224	0.0	0.0	0.0	0.0	0.0	0.0	0.0	0.0	0.0	0.0	0.0	0.0	0.0	0.0	0.0	0.0	0.030153237765694514	0.0	0.0	0.0	0.0	0.0	0.00909090909090909	0.0	0.0	0.02107728337236534	0.03202846975088968	0.0	0.0	0.0	0.0	0.0	1.0	0.0	0.0	0.0	0.013623978201634877	0.19218241042345277	0.0	0.0379746835443038	0.0670926517571885	0.0	0.0	0.027254509018036072	0.0764872521246459	0.0	0.0	0.02142857142857143	0.0	0.0	0.0	0.11351351351351352	0.0	0.06796116504854369	0.0	0.0	0.0	0.0	0.0	0.0	0.0	0.0	0.0	0.0	0.0	0.0	0.0	0.028	0.013623978201634877	0.0	0.0	0.0	0.0	0.008103727714748784	0.0	0.012165450121654502	0.13924050632911392	0.040214477211796246	0.03183023872679045	0.02733485193621868	0.057534246575342465	0.040214477211796246	0.060240963855421686	0.040214477211796246	0.040214477211796246	0.03183023872679045	0.0	0.2350597609561753	0.0	0.0	0.0	0.02356902356902357	0.016722408026755852	0.0	0.10991957104557641	0.0	0.10963455149501661	0.0380952380952381	0.04792332268370607	0.04792332268370607	0.0380952380952381	0.04792332268370607	0.06796116504854369	0.0380952380952381	0.04792332268370607	0.0	0.0	0.0	0.041584158415841586	0.0	0.07192575406032482	0.0918918918918919	0.0	0.08433734939759036	0.0	0.0	0.0	0.0	0.0	0.029045643153526972	0.04294478527607362	0.0	0.0	0.0	0.0	0.0	0.0	0.0	0.0	0.0	0.0	0.0	0.0	0.0	0.0	0.0	0.027653880463871544	0.2229299363057325	0.0	0.0	0.0	0.05732484076433121	0.0379746835443038	0.0	0.08433734939759036	0.041666666666666664	0.0	0.02431834929992631	0.0	0.0	0.0	0.0	0.0	0.36	0.012715712988192553	0.026634382566585957	0.0	0.08021390374331551	0.0	0.0	0.0	0.030013642564802184	0.047619047619047616	0.011812627291242363	0.0	0.0	0.0	0.040214477211796246	0.03183023872679045	0.03930635838150289	0.008976660682226212	0.007079646017699115	0.0	0.0	0.0	0.0	0.0	0.0	0.0	0.0	0.0	0.041742286751361164	0.0	0.2350597609561753	0.0	0.268389662027833	0.255663430420712	0.42168674698795183	0.0	0.0	0.0	0.0	0.0	0.0	0.046413502109704644	0.0	0.010358565737051793	0.0	0.06451612903225806	0.0	0.013623978201634877	0.0	0.0	0.0	0.0	0.014778325123152709	0.0	0.0	0.0	0.0749185667752443	0.03352601156069364	0.08021390374331551	0.03081232492997199	0.02834008097165992	0.04128440366972477	0.008103727714748784	0.008103727714748784	0.00706090026478376	0.011494252873563218	0.04032258064516129	0.0	0.011494252873563218	0.037359900373599	0.018302828618968387
0.0	0.0	0.1724137931034483	0.0	0.0	0.0	0.0	0.0	0.0	0.0	0.0	0.0	0.0	0.0	0.0	0.0	0.0	0.2857142857142857	0.0	0.0	0.0	0.0	0.0	0.0	0.0	0.20454545454545456	0.0	0.0	0.0	0.0	0.0	0.0	0.0	0.0	0.0	0.0	0.0	0.0	0.0	0.0	0.0	0.0	0.08241758241758242	0.0	0.0	0.0	0.0	0.0	0.0	0.0	0.0	0.0	0.0	0.0	0.0	0.06976744186046512	0.0	0.0	0.0	0.0	0.0	0.0	0.0	0.0	0.04607046070460705	0.0	0.0	0.0	0.0	0.0	0.0	0.0	0.0	0.0	0.0	0.0	0.16853932584269662	0.0	0.0	0.0	0.0	0.0	0.0	0.0	0.0	0.0	0.0	0.0	0.0	0.0	0.0	0.0	0.0	0.0	0.0	0.0	0.0	0.0	0.0	0.15384615384615385	0.0	0.0	1.0	0.0	0.0	0.0	0.0	0.0	0.0	0.0	0.0	0.0	0.0	0.0	0.0	0.0	0.0	0.0	0.0	0.0	0.0	0.0	0.0	0.0	0.0	0.049723756906077346	0.0	0.049723756906077346	0.0	0.0	0.0	0.0	0.0	0.0	0.0	0.42857142857142855	0.0	0.0	0.42857142857142855	0.39325842696629215	0.0	0.0	0.0	0.0	0.0	0.0	0.0	0.0	0.08108108108108109	0.0	0.09868421052631579	0.0	0.09868421052631579	0.0	0.0	0.0	0.0	0.23255813953488372	0.0	0.0	0.0	0.0	0.0	0.0	0.0	0.0	0.0	0.0	0.0	0.0	0.0	0.0	0.0	0.0	0.0	0.0	0.0	0.0	0.0	0.0	0.0	0.0	0.0	0.0	0.0	0.0	0.0	0.0	0.0	0.0	0.0	0.0	0.0	0.0	0.0	0.0	0.0	0.0	0.0	0.12	0.0	0.09523809523809523	0.0	0.0	0.0	0.0	0.0	0.4883720930232558	0.0	0.049723756906077346	0.0	0.0	0.0	0.0	0.0	0.21951219512195122	0.0	0.0	0.0	0.0	0.05555555555555555	0.0	0.0	0.0	0.0	0.0	0.0	0.0	0.056179775280898875	0.0	0.0	0.0	0.0	0.0	0.0	0.0	0.0	0.0	0.0	0.0	0.0	0.0	0.0	0.0	0.0	0.16853932584269662	0.14917127071823205	0.09787928221859707	0.20930232558139536	0.0	0.0	0.0	0.0	0.017142857142857144	0.0	0.0	0.0	0.0	0.0	0.0	0.18072289156626506	0.0	0.0	0.0	0.05660377358490566	0.0	0.0	0.0	0.056179775280898875	0.0	0.0	0.018556701030927835	0.0	0.12396694214876033	0.0	0.0	0.0	0.0	0.0	0.0	0.0	0.0	0.0	0.0	0.0	0.0	0.0	0.0	0.0	0.14285714285714285	0.0	0.0	0.0
0.1436651583710407	0.0	0.0	0.0	0.0	0.0	0.0	0.0	0.0	0.0	0.0	0.1618828932261768	0.08617482951022938	0.014198782961460446	0.02773246329526917	0.0	0.07942238267148015	0.0	0.0325497287522604	0.0	0.0	0.0	0.0	0.08734177215189873	0.0	0.0	0.0	0.0	0.047619047619047616	0.0	0.0	0.08711433756805807	0.0	0.02452316076294278	0.06329113924050633	0.01006036217303823	0.018255578093306288	0.0	0.09034907597535935	0.0	0.15214180206794684	0.0	0.0	0.0	0.0	0.0	0.0	0.0	0.0	0.0	0.0	0.0	0.0	0.0	0.0	0.0	0.0	0.06517311608961303	0.08929477422628107	0.0	0.0	0.0	0.0	0.0	0.016079158936301793	0.3815261044176707	0.0	0.0	0.0	0.0	0.013477088948787063	0.12320328542094455	0.009009009009009009	0.0	0.09719626168224299	0.0	0.0	0.0	0.0	0.05237315875613748	0.0	0.0	0.0	0.0	0.0	0.0028912179255511385	0.2766726943942134	0.0	0.07373271889400922	0.03044496487119438	0.017985611510791366	0.0	0.0	0.013477088948787063	0.0	0.0	0.027150380339379755	0.05739910313901345	0.0	0.032719836400818	0.0	0.0	0.0	1.0	0.012612612612612612	0.0	0.0	0.05719392314566577	0.0	0.0	0.0	0.0	0.0	0.059369202226345084	0.0	0.0	0.032171581769437	0.0	0.0	0.0	0.0	0.14285714285714285	0.0	0.08943089430894309	0.0	0.020642201834862386	0.0	0.020642201834862386	0.0	0.0	0.0	0.0	0.0	0.0	0.0	0.0	0.0	0.0	0.0	0.0	0.0	0.0	0.0	0.11011638316920322	0.0	0.0	0.0	0.0	0.0	0.0	0.0	0.0	0.0	0.0	0.0	0.016181229773462782	0.0	0.0	0.0	0.0	0.0	0.0	0.0	0.0	0.0	0.0	0.0	0.0	0.0	0.0	0.0	0.0	0.0	0.0	0.0	0.0	0.0910344827586207	0.0	0.07060755336617405	0.0	0.00539568345323741	0.21804511278195488	0.0	0.0	0.043010752688172046	0.0	0.35933806146572106	0.049689440993788817	0.0	0.0	0.018255578093306288	0.027124773960216998	0.026476578411405296	0.021686746987951807	0.06854838709677419	0.12589928057553956	0.12589928057553956	0.0	0.0	0.0	0.0	0.0	0.0	0.006928406466512702	0.10298102981029811	0.0	0.0	0.0	0.0	0.006880733944954129	0.0	0.0	0.04735376044568245	0.0	0.12162162162162163	0.0405727923627685	0.010410641989589358	0.027255887801005556	0.0	0.03576751117734724	0.0	0.0	0.0	0.0	0.0	0.0	0.0	0.014551333872271624	0.03464203233256351	0.016129032258064516	0.0579185520361991	0.0	0.005001562988433885	0.0	0.0	0.0	0.0	0.0	0.002425222312045271	0.0	0.0	0.0	0.0	0.0	0.0	0.0	0.0	0.0	0.0	0.065439672801636	0.0	0.3815261044176707	0.0	0.10384615384615385	0.0	0.0	0.0	0.0	0.0	0.0	0.0	0.0	0.0	0.0	0.03640256959314775	0.0	0.07871720116618076	0.0	0.03464203233256351	0.0	0.006928406466512702	0.02837837837837838	0.02107728337236534	0.0	0.0	0.036511156186612576	0.0	0.0	0.0	0.0	0.0	0.0	0.0	0.10714285714285714	0.0	0.0	0.0	0.0	0.0	0.0	0.0	0.032355915065722954	0.060991105463786534
0.0	0.0	0.0	0.0	0.0	0.0	0.0	0.0	0.0	0.0	0.0	0.05687777329568374	0.0872210953346856	0.3286384976525822	0.27472527472527475	0.0	0.0	0.0	0.0	0.0	0.0	0.0	0.0	0.06639004149377593	0.0	0.0	0.02631578947368421	0.0	0.0	0.0	0.02631578947368421	0.0371900826446281	0.08426966292134831	0.24666666666666667	0.12757201646090535	0.07906976744186046	0.11737089201877934	0.0	0.0	0.0	0.07213114754098361	0.0	0.0	0.0	0.0	0.0	0.0	0.0	0.0	0.0	0.0	0.0	0.0	0.0	0.0	0.0	0.0	0.0	0.0	0.0	0.04918032786885246	0.0	0.0	0.0	0.08900876601483479	0.016241299303944315	0.0	0.0	0.0	0.0	0.08552631578947369	0.0	0.2581967213114754	0.0	0.0	0.0	0.0	0.04	0.02631578947368421	0.0	0.0	0.05113636363636364	0.03314917127071823	0.0	0.0	0.035214085634253704	0.01646090534979424	0.0	0.0	0.15	0.06748466257668712	0.0	0.0	0.1513157894736842	0.0	0.0	0.021101261081283556	0.03669724770642202	0.0	0.0	0.0	0.0	0.0	0.012612612612612612	1.0	0.0	0.0	0.0	0.0	0.0	0.0	0.0	0.0	0.0	0.0	0.0	0.042709867452135494	0.0	0.0	0.0	0.0	0.06642066420664207	0.0	0.2518628912071535	0.0	0.02168021680216802	0.0	0.02168021680216802	0.0	0.0	0.0	0.0	0.029315960912052116	0.0	0.0	0.0	0.0	0.0	0.0	0.0	0.0	0.0	0.0	0.0844354018311292	0.0	0.0	0.0	0.0	0.0	0.0	0.0	0.0	0.0	0.0	0.0	0.2776769509981851	0.0	0.0	0.0	0.0	0.0	0.0	0.0	0.0	0.0	0.0	0.0	0.0	0.0	0.0	0.0	0.0	0.0	0.0	0.0	0.0	0.0	0.0	0.0996309963099631	0.0	0.016359918200409	0.05787037037037037	0.0	0.09090909090909091	0.016293279022403257	0.0	0.0	0.0	0.0	0.0	0.03286384976525822	0.13991769547325103	0.10849056603773585	0.040229885057471264	0.016317016317016316	0.014314928425357873	0.014314928425357873	0.0	0.0	0.0	0.0	0.0	0.0	0.02185792349726776	0.043219076005961254	0.0	0.0	0.0	0.0	0.02168021680216802	0.0	0.0	0.21232876712328766	0.0	0.05676126878130217	0.0625	0.01755485893416928	0.03788094559954429	0.0	0.0	0.010869565217391304	0.0	0.0	0.0	0.0	0.0	0.0	0.0471441523118767	0.0273224043715847	0.11888111888111888	0.0	0.0	0.04912998976458546	0.0	0.0	0.0	0.0	0.0	0.038984587488667274	0.0	0.0	0.0	0.0	0.0	0.0	0.0	0.0	0.0	0.0	0.0	0.0	0.016241299303944315	0.0	0.033660589060308554	0.0	0.0	0.0	0.04	0.0	0.0	0.0	0.03665987780040733	0.0	0.0	0.105	0.0	0.08562197092084006	0.0	0.0273224043715847	0.0	0.08743169398907104	0.10104011887072809	0.2222222222222222	0.0	0.0	0.0	0.0	0.0	0.0	0.0	0.0	0.0	0.0	0.04657179818887452	0.0	0.0	0.0	0.0	0.0	0.0	0.0	0.0	0.025
0.0	0.0	0.0	0.0	0.0	0.013157894736842105	0.02717391304347826	0.009836065573770493	0.009836065573770493	0.024793388429752067	0.018050541516245487	0.0	0.0	0.0	0.0	0.06382978723404255	0.0	0.0	0.0	0.0	0.0	0.0	0.009259259259259259	0.0	0.0	0.0	0.0	0.07262569832402235	0.0	0.4049586776859504	0.0	0.0	0.0	0.0	0.0	0.0	0.02830188679245283	0.08379888268156424	0.0	0.0	0.0	0.005385996409335727	0.0	0.019867549668874173	0.009836065573770493	0.01639344262295082	0.039755351681957186	0.13347022587268995	0.012775842044134728	0.0063119927862939585	0.01567034242600116	0.01889976375295309	0.10631970260223049	0.012391573729863693	0.01639344262295082	0.0	0.0	0.0	0.0	0.0	0.038461538461538464	0.009836065573770493	0.019867549668874173	0.018367346938775512	0.0	0.0	0.04945054945054945	0.07802690582959641	0.08943089430894309	0.0	0.0	0.0	0.0	0.04371584699453552	0.04291845493562232	0.0	0.0	0.0	0.0	0.0	0.0	0.0	0.0	0.0	0.0	0.014050582095543959	0.0	0.0	0.0	0.0	0.0	0.01615798922800718	0.0	0.0	0.14705882352941177	0.08689248895434462	0.0	0.0	0.06711409395973154	0.0	0.0	0.013623978201634877	0.0	0.0	0.0	1.0	0.09433962264150944	0.0	0.006928406466512702	0.013953488372093023	0.0	0.0	0.01889976375295309	0.05531914893617021	0.0	0.0	0.004431314623338257	0.06711409395973154	0.02880658436213992	0.02880658436213992	0.019867549668874173	0.0	0.014084507042253521	0.0	0.0	0.0	0.0	0.0	0.0	0.0	0.0	0.0	0.0	0.0	0.0	0.0	0.08589951377633712	0.14049586776859505	0.0	0.0	0.0	0.0	0.01634877384196185	0.0	0.022727272727272728	0.02824858757062147	0.00816326530612245	0.006072874493927126	0.00539568345323741	0.012448132780082987	0.00816326530612245	0.01092896174863388	0.00816326530612245	0.00816326530612245	0.006072874493927126	0.0	0.010869565217391304	0.08008213552361396	0.09655172413793103	0.05555555555555555	0.22705314009661837	0.028846153846153848	0.0	0.012244897959183673	0.0	0.023923444976076555	0.006944444444444444	0.009302325581395349	0.009302325581395349	0.006944444444444444	0.009302325581395349	0.014084507042253521	0.006944444444444444	0.009302325581395349	0.0	0.0	0.0	0.00964630225080386	0.0	0.043795620437956206	0.03490759753593429	0.0	0.01639344262295082	0.0	0.0	0.0	0.0	0.0	0.05027932960893855	0.009900990099009901	0.0	0.0	0.0	0.0	0.0	0.0	0.0	0.0	0.0	0.0	0.0	0.0	0.0	0.0	0.0	0.014022140221402213	0.12408759124087591	0.0	0.0	0.0	0.01160092807424594	0.006928406466512702	0.0	0.01639344262295082	0.018425460636515914	0.0	0.020741671904462602	0.0	0.052980132450331126	0.0	0.0	0.0	0.013623978201634877	0.02696629213483146	0.2	0.06711409395973154	0.013157894736842105	0.0	0.0	0.0	0.04963805584281282	0.008130081300813009	0.02565856996236743	0.0	0.0	0.0	0.00816326530612245	0.006072874493927126	0.025477707006369428	0.017804154302670624	0.013196480938416423	0.0	0.0	0.0	0.0	0.0	0.0	0.0	0.0	0.0	0.023952095808383235	0.0	0.010869565217391304	0.0	0.009497964721845319	0.018779342723004695	0.01639344262295082	0.0	0.0	0.0	0.0	0.032719836400818	0.0	0.0847457627118644	0.0	0.01567034242600116	0.0	0.052054794520547946	0.0	0.14049586776859505	0.0	0.0	0.0	0.0	0.03305785123966942	0.0	0.0	0.0	0.03773584905660377	0.03366696997270246	0.013157894736842105	0.06329113924050633	0.04945054945054945	0.03372243839169909	0.01634877384196185	0.01634877384196185	0.013167520117044623	0.021739130434782608	0.024469820554649267	0.0	0.021739130434782608	0.02282608695652174	0.013927576601671309
0.0	0.0	0.0	0.0	0.0	0.04918032786885246	0.032467532467532464	0.036734693877551024	0.036734693877551024	0.009433962264150943	0.020242914979757085	0.0	0.0	0.0	0.0	0.12661039537983118	0.0	0.0	0.0	0.0	0.0	0.0	0.03225806451612903	0.0	0.0	0.0	0.0	0.12751677852348994	0.0	0.09433962264150944	0.0	0.0	0.0	0.0	0.0	0.0	0.01098901098901099	0.03355704697986577	0.0	0.0	0.0	0.018108651911468814	0.0	0.0743801652892562	0.036734693877551024	0.058823529411764705	0.03368176538908246	0.10070257611241218	0.044534412955465584	0.021233569261880688	0.006068779501011463	0.02056555269922879	0.07591836734693877	0.013386880856760375	0.058823529411764705	0.0	0.0	0.0	0.0	0.0	0.07236842105263158	0.036734693877551024	0.0743801652892562	0.044186046511627906	0.0	0.0	0.1118421052631579	0.1577889447236181	0.1891891891891892	0.0	0.0	0.0	0.0	0.0915032679738562	0.03940886699507389	0.0	0.0	0.0	0.0	0.0	0.0	0.0	0.0	0.0	0.0	0.021768103065304308	0.0	0.0	0.0	0.0	0.0	0.006036217303822937	0.0	0.0	0.2727272727272727	0.16962843295638125	0.0	0.0	0.06722689075630252	0.0	0.0	0.19218241042345277	0.0	0.0	0.0	0.09433962264150944	1.0	0.0	0.024128686327077747	0.04864864864864865	0.0	0.0	0.02056555269922879	0.06341463414634146	0.0	0.0	0.014586709886547812	0.06722689075630252	0.023474178403755867	0.023474178403755867	0.0743801652892562	0.0	0.04918032786885246	0.0	0.0	0.0	0.0	0.0	0.0	0.0	0.0	0.0	0.0	0.0	0.0	0.0	0.06283662477558348	0.3018867924528302	0.0	0.0	0.0	0.0	0.005934718100890208	0.0	0.008547008547008548	0.10204081632653061	0.027906976744186046	0.020737327188940093	0.018145161290322582	0.04265402843601896	0.027906976744186046	0.0392156862745098	0.027906976744186046	0.027906976744186046	0.020737327188940093	0.0	0.09090909090909091	0.03981264637002342	0.10434782608695652	0.05333333333333334	0.15254237288135594	0.011235955056179775	0.0	0.07906976744186046	0.0	0.08379888268156424	0.024193548387096774	0.032432432432432434	0.032432432432432434	0.024193548387096774	0.032432432432432434	0.04918032786885246	0.024193548387096774	0.032432432432432434	0.0	0.0	0.0	0.03202846975088968	0.0	0.05737704918032787	0.07259953161592506	0.0	0.058823529411764705	0.0	0.0	0.0	0.0	0.0	0.020134228187919462	0.03296703296703297	0.0	0.0	0.0	0.0	0.0	0.0	0.0	0.0	0.0	0.0	0.0	0.0	0.0	0.0	0.0	0.020242914979757085	0.1588785046728972	0.0	0.0	0.0	0.04043126684636118	0.024128686327077747	0.0	0.058823529411764705	0.03165735567970205	0.0	0.018354860639021073	0.0	0.049586776859504134	0.0	0.0	0.0	0.19218241042345277	0.009876543209876543	0.12340425531914893	0.06722689075630252	0.04918032786885246	0.0	0.0	0.0	0.0755608028335301	0.02912621359223301	0.009317927692881103	0.0	0.0	0.0	0.027906976744186046	0.020737327188940093	0.028600612870275793	0.006514657980456026	0.00482315112540193	0.0	0.0	0.0	0.0	0.0	0.0	0.0	0.0	0.0	0.03289473684210526	0.0	0.09090909090909091	0.0	0.14424635332252836	0.1092896174863388	0.24183006535947713	0.0	0.0	0.0	0.0	0.027972027972027972	0.0	0.034013605442176874	0.0	0.006068779501011463	0.0	0.04262295081967213	0.0	0.3018867924528302	0.0	0.0	0.0	0.0	0.012012012012012012	0.0	0.0	0.0	0.054945054945054944	0.02349336057201226	0.04918032786885246	0.024154589371980676	0.019736842105263157	0.03656821378340366	0.005934718100890208	0.005934718100890208	0.0048115477145148355	0.008130081300813009	0.03074141048824593	0.0	0.008130081300813009	0.031395348837209305	0.015197568389057751
0.07912355447352404	0.05348460291734198	0.0	0.006048387096774193	0.2036613272311213	0.0	0.0	0.0	0.0	0.0	0.0	0.03135048231511254	0.036290322580645164	0.0	0.0	0.0	0.07324516785350967	0.0	0.012232415902140673	0.0	0.0	0.0	0.0	0.06597938144329897	0.0	0.0	0.0	0.0	0.03937653814602133	0.0	0.0	0.057318321392016376	0.0	0.0	0.04892966360856269	0.0	0.0	0.0	0.08480565371024736	0.0	0.05858421480878763	0.0	0.0	0.0	0.0	0.0	0.0	0.0	0.0	0.0	0.0	0.01906992305118769	0.0	0.1272280270436386	0.0	0.0	0.0	0.056009334889148193	0.08367228355607205	0.0	0.0	0.0	0.0	0.015105740181268883	0.0	0.05510907003444317	0.0	0.0	0.0	0.0	0.0	0.09422850412249706	0.0	0.0	0.09312169312169312	0.09382151029748284	0.0	0.0	0.0	0.04375569735642662	0.2036613272311213	0.0	0.0	0.0	0.270516717325228	0.0	0.0652395514780836	0.0	0.06460296096904442	0.0	0.0	0.029281277728482696	0.06612685560053981	0.0	0.0	0.0	0.18272218769422002	0.048484848484848485	0.0	0.05275498241500586	0.0	0.0	0.0	0.05719392314566577	0.0	0.0	0.0	1.0	0.0	0.0	0.0	0.0	0.01906992305118769	0.05036726128016789	0.0	0.0	0.008778346744696415	0.0	0.0	0.0	0.0	0.05123513266239707	0.0	0.03552923760177646	0.3079584775086505	0.0	0.0	0.0	0.0	0.0	0.0	0.0	0.0	0.0	0.03776683087027915	0.0	0.0	0.0	0.0	0.0	0.0	0.5216881594372802	0.21944632005401757	0.04838709677419355	0.0	0.0	0.0	0.0	0.0	0.0	0.0	0.0	0.0	0.0	0.0	0.0	0.0	0.0	0.0	0.0	0.0	0.0	0.0	0.0	0.0	0.0	0.0	0.0	0.0	0.0	0.0	0.0	0.0	0.0	0.0	0.0	0.06339622641509433	0.0	0.018298261665141813	0.0	0.0	0.04145077720207254	0.0	0.0	0.014127144298688193	0.0	0.12205270457697642	0.019024970273483946	0.0	0.0	0.0	0.0	0.0	0.0	0.05536332179930796	0.0729483282674772	0.0729483282674772	0.0	0.0	0.0	0.0	0.0	0.0	0.0	0.053293856402664694	0.0	0.0	0.0	0.3079584775086505	0.0	0.0	0.0	0.0	0.0	0.05965202982601491	0.0	0.0	0.018702181921224144	0.0	0.01314708299096138	0.0	0.0	0.0	0.032640949554896145	0.0	0.0	0.0	0.0	0.0	0.0	0.04897959183673469	0.0	0.0	0.033816425120772944	0.0	0.033816425120772944	0.0	0.0	0.0	0.046289493019838354	0.026870007262164125	0.0	0.0	0.0	0.0	0.0	0.0	0.17835671342685372	0.0	0.05627198124267292	0.0	0.05510907003444317	0.0	0.05574912891986063	0.0	0.0	0.0	0.0	0.0	0.0	0.0	0.0	0.0	0.0	0.0	0.0	0.028869286287089013	0.0	0.0	0.0	0.0	0.0	0.0	0.0	0.032081911262798635	0.013937282229965157	0.0	0.0	0.0	0.0	0.0	0.0	0.0	0.047588424437299034	0.12221471978392978	0.12221471978392978	0.030434782608695653	0.047448522829006266	0.0	0.0	0.047448522829006266	0.13761467889908258	0.03864734299516908
0.0	0.0	0.0	0.0	0.0	0.07509881422924901	0.04100946372239748	0.047244094488188976	0.047244094488188976	0.006928406466512702	0.02584493041749503	0.0	0.0	0.0	0.0	0.0021862702229995625	0.0	0.0	0.0	0.0	0.0	0.0	0.7480314960629921	0.0	0.0	0.0	0.0	0.029315960912052116	0.0	0.006928406466512702	0.0	0.0	0.0	0.0	0.0	0.0	0.00804289544235925	0.029315960912052116	0.0	0.0	0.0	0.011857707509881422	0.0	0.13147410358565736	0.047244094488188976	0.10476190476190476	0.04436860068259386	0.03211009174311927	0.077733860342556	0.05858987090367428	0.0032916392363396972	0.030445813700616164	0.031375703942075624	0.017195767195767195	0.10476190476190476	0.0	0.0	0.0	0.0	0.0	0.0	0.047244094488188976	0.12749003984063745	0.07061503416856492	0.0	0.0	0.0	0.0029615004935834156	0.0035460992907801418	0.0	0.0	0.0	0.0	0.0	0.0	0.0	0.0	0.0	0.0	0.0	0.0	0.0	0.0	0.0	0.0	0.2470485351989506	0.0	0.0	0.0	0.0	0.0	0.003952569169960474	0.0	0.0	0.014198782961460446	0.03503184713375796	0.0	0.0	0.0	0.0	0.0	0.0379746835443038	0.0	0.0	0.0	0.006928406466512702	0.024128686327077747	0.0	1.0	0.6200527704485488	0.0	0.0	0.01594780717651323	0.059665871121718374	0.0	0.0	0.009584664536741214	0.0	0.0	0.0	0.05976095617529881	0.0	0.04	0.0	0.0	0.0	0.0	0.0	0.0	0.0	0.0	0.0	0.0	0.0	0.0	0.0	0.024734982332155476	0.006928406466512702	0.0	0.0	0.0	0.0	0.004392386530014641	0.0	0.006289308176100629	0.0891089108910891	0.02050113895216401	0.013544018058690745	0.011881188118811881	0.03480278422273782	0.02050113895216401	0.02857142857142857	0.02050113895216401	0.02050113895216401	0.013544018058690745	0.0	0.028391167192429023	0.0	0.0	0.0	0.013774104683195593	0.00821917808219178	0.0	0.03416856492027335	0.0	0.07356948228882834	0.015748031496062992	0.023746701846965697	0.023746701846965697	0.015748031496062992	0.023746701846965697	0.04	0.015748031496062992	0.023746701846965697	0.0	0.0	0.0	0.3274956217162872	0.0	0.11066398390342053	0.10321100917431193	0.0	0.10476190476190476	0.0	0.0	0.0	0.0	0.0	0.016286644951140065	0.02702702702702703	0.0	0.0	0.0	0.0	0.0	0.0	0.0	0.0	0.0	0.0	0.0	0.0	0.0	0.0	0.0	0.03112529928172386	0.14798206278026907	0.0	0.0	0.0	0.12105263157894737	0.12041884816753927	0.0	0.21904761904761905	0.0347985347985348	0.0	0.0409670920080591	0.0	0.0	0.0	0.0	0.0	0.0379746835443038	0.008110300081103	0.018789144050104383	0.0	0.07509881422924901	0.0	0.0	0.0	0.020809248554913295	0.07547169811320754	0.007723427730783376	0.0	0.0	0.0	0.02050113895216401	0.013544018058690745	0.04212637913741224	0.004815409309791332	0.003169572107765452	0.0	0.0	0.0	0.0	0.0	0.0	0.0	0.0	0.0	0.18962722852512157	0.0	0.028391167192429023	0.0	0.023622047244094488	0.056	0.047619047619047616	0.0	0.0	0.0	0.0	0.0	0.0	0.0297029702970297	0.0	0.0032916392363396972	0.0	0.050955414012738856	0.0	0.006928406466512702	0.0	0.0	0.0	0.0	0.01037037037037037	0.0	0.0	0.0	0.045576407506702415	0.025075225677031094	0.07509881422924901	0.02127659574468085	0.01597444089456869	0.034722222222222224	0.004392386530014641	0.004392386530014641	0.0031620553359683794	0.005988023952095809	0.05693950177935943	0.0	0.005988023952095809	0.02761795166858458	0.013493253373313344
0.0	0.0	0.0	0.0	0.0	0.136	0.08917197452229299	0.10756972111553785	0.10756972111553785	0.013953488372093023	0.056	0.0	0.0	0.0	0.0	0.0074725274725274725	0.0	0.0	0.0	0.0	0.0	0.0	0.746031746031746	0.0	0.0	0.0	0.0	0.039473684210526314	0.0	0.013953488372093023	0.0	0.0	0.0	0.0	0.0	0.0	0.016216216216216217	0.039473684210526314	0.0	0.0	0.0	0.02982107355864811	0.0	0.1935483870967742	0.10756972111553785	0.15384615384615385	0.07903780068728522	0.06697459584295612	0.11819389110225764	0.12487512487512488	0.0112806901128069	0.052420822715689847	0.05578011317704123	0.03718459495351926	0.15384615384615385	0.0	0.0	0.0	0.0	0.0	0.0	0.10756972111553785	0.1774193548387097	0.11238532110091744	0.0	0.0	0.0	0.00893743793445879	0.008912655971479501	0.0	0.0	0.0	0.0	0.0	0.0	0.0	0.0	0.0	0.0	0.0	0.0	0.0	0.0	0.0	0.0	0.49626373626373627	0.0	0.0	0.0	0.0	0.0	0.009940357852882704	0.0	0.0	0.02040816326530612	0.0592	0.0	0.0	0.0	0.0	0.0	0.0670926517571885	0.0	0.0	0.0	0.013953488372093023	0.04864864864864865	0.0	0.6200527704485488	1.0	0.0	0.0	0.029122679286494358	0.0673076923076923	0.0	0.0	0.024077046548956663	0.0	0.0	0.0	0.0967741935483871	0.0	0.06451612903225806	0.0	0.0	0.0	0.0	0.0	0.0	0.0	0.0	0.0	0.0	0.0	0.0	0.0	0.05150976909413854	0.013953488372093023	0.0	0.0	0.0	0.0	0.008823529411764706	0.0	0.012658227848101266	0.12	0.04128440366972477	0.03409090909090909	0.029880478087649404	0.056074766355140186	0.04128440366972477	0.057692307692307696	0.04128440366972477	0.04128440366972477	0.03409090909090909	0.0	0.05732484076433121	0.0	0.0	0.0	0.022222222222222223	0.016574585635359115	0.0	0.05504587155963303	0.0	0.0989010989010989	0.03968253968253968	0.047872340425531915	0.047872340425531915	0.03968253968253968	0.047872340425531915	0.06451612903225806	0.03968253968253968	0.047872340425531915	0.0	0.0	0.0	0.5774647887323944	0.0	0.1659919028340081	0.13163972286374134	0.0	0.15384615384615385	0.0	0.0	0.0	0.0	0.0	0.02631578947368421	0.043478260869565216	0.0	0.0	0.0	0.0	0.0	0.0	0.0	0.0	0.0	0.0	0.0	0.0	0.0	0.0	0.0	0.05533279871692061	0.16363636363636364	0.0	0.0	0.0	0.19363395225464192	0.3034300791556728	0.0	0.3076923076923077	0.0570902394106814	0.0	0.07754551584625759	0.0	0.0	0.0	0.0	0.0	0.0670926517571885	0.013039934800325998	0.025210084033613446	0.0	0.136	0.0	0.0	0.0	0.027939464493597205	0.1619047619047619	0.012190616919098634	0.0	0.0	0.0	0.04128440366972477	0.03409090909090909	0.07265388496468214	0.00967741935483871	0.007961783439490446	0.0	0.0	0.0	0.0	0.0	0.0	0.0	0.0	0.0	0.30293159609120524	0.0	0.05732484076433121	0.0	0.05246422893481717	0.08064516129032258	0.07692307692307693	0.0	0.0	0.0	0.0	0.0	0.0	0.04	0.0	0.0112806901128069	0.0	0.09967845659163987	0.0	0.013953488372093023	0.0	0.0	0.0	0.0	0.01488095238095238	0.0	0.0	0.0	0.07027027027027027	0.055499495459132187	0.136	0.02857142857142857	0.025806451612903226	0.03905160390516039	0.008823529411764706	0.008823529411764706	0.007942811755361398	0.012048192771084338	0.10554561717352415	0.0	0.012048192771084338	0.03810623556581986	0.018072289156626505
0.0	0.0	0.0	0.03679852805887764	0.0	0.0	0.0	0.0	0.0	0.0	0.0	0.0	0.0	0.0	0.0	0.0	0.0	0.0	0.0	0.0	0.08571428571428572	0.06382978723404255	0.0	0.03795066413662239	0.0	0.0	0.0	0.0	0.0	0.0	0.0	0.06944444444444445	0.0	0.0	0.0	0.0	0.0	0.0	0.0	0.10714285714285714	0.0	0.045454545454545456	0.0	0.0	0.0	0.0	0.0	0.0	0.0	0.0	0.0	0.0	0.0	0.0	0.0	0.0	0.0	0.0	0.0	0.0	0.0	0.0	0.0	0.0	0.0	0.0	0.0	0.0	0.0	0.0	0.0	0.0	0.0	0.0	0.0	0.0	0.0	0.0	0.0	0.05747126436781609	0.0	0.0	0.0	0.0	0.0	0.0	0.0	0.0	0.0	0.0	0.06143344709897611	0.0	0.0	0.0	0.0	0.0	0.0	0.0	0.0	0.0	0.0	0.0	0.0	0.0	0.0	0.0	0.0	0.0	0.0	0.0	1.0	0.06825938566552901	0.0	0.0	0.0	0.0	0.0	0.0	0.0	0.0	0.0	0.0	0.07758620689655173	0.0	0.0	0.0	0.0	0.0	0.0	0.0	0.0	0.0	0.0	0.0	0.0	0.0	0.0	0.0	0.0	0.0	0.0	0.0	0.0	0.0	0.0	0.0	0.060810810810810814	0.056666666666666664	0.04696132596685083	0.06944444444444445	0.0	0.0	0.0	0.060810810810810814	0.056666666666666664	0.0	0.0	0.0	0.0	0.0	0.0	0.0	0.15	0.060810810810810814	0.0	0.08928571428571429	0.06932773109243698	0.07203389830508475	0.07203389830508475	0.06932773109243698	0.07203389830508475	0.07758620689655173	0.06932773109243698	0.07203389830508475	0.15	0.18518518518518517	0.0	0.0	0.0	0.0	0.0	0.0	0.0	0.0	0.0	0.0821917808219178	0.0	0.0	0.0	0.05825242718446602	0.0782608695652174	0.0	0.0	0.0	0.0	0.0	0.0	0.0	0.0	0.0	0.0	0.0	0.0	0.0	0.0	0.0	0.0	0.0	0.0	0.0	0.0	0.0	0.0	0.0	0.0	0.0	0.0	0.0	0.0	0.0	0.0	0.0	0.0	0.0	0.0	0.0	0.0	0.0	0.0	0.0	0.0	0.0	0.0	0.0	0.0	0.0	0.060810810810810814	0.056666666666666664	0.0	0.0	0.0	0.0	0.0	0.0	0.0	0.0	0.0	0.0	0.0	0.0	0.0	0.0	0.0	0.04642166344294004	0.0	0.0	0.0	0.0	0.0	0.0	0.0	0.0	0.04830917874396135	0.0	0.0	0.0	0.0	0.0	0.0	0.0	0.0	0.0	0.0	0.0	0.0	0.0	0.0	0.0	0.0	0.0	0.0	0.0	0.0	0.0	0.0	0.0	0.0	0.0	0.0	0.0	0.0	0.0	0.0
0.02078239608801956	0.0	0.0	0.010803511141120865	0.0	0.0	0.0	0.0	0.0	0.0	0.0	0.0	0.0	0.0	0.0	0.0	0.0	0.025210084033613446	0.026694045174537988	0.0	0.0880503144654088	0.09603340292275574	0.0	0.031767955801104975	0.029315960912052116	0.0136986301369863	0.0	0.0	0.13696369636963696	0.0	0.0	0.016494845360824743	0.0	0.0	0.0	0.0	0.0	0.04986149584487535	0.021377672209026127	0.028503562945368172	0.0	0.008035714285714285	0.0216998191681736	0.0	0.0	0.0	0.0243161094224924	0.0	0.0	0.0	0.04380403458213256	0.0	0.0	0.0	0.0	0.024930747922437674	0.029900332225913623	0.021176470588235293	0.007615700058582308	0.11913357400722022	0.0	0.0	0.0	0.0	0.0	0.0	0.0	0.0	0.0	0.03944315545243619	0.0	0.0	0.0	0.0	0.0767590618336887	0.0	0.013623978201634877	0.0	0.0	0.09174311926605505	0.0	0.0	0.0	0.0136986301369863	0.0	0.0	0.0	0.0	0.0	0.0	0.036734693877551024	0.0	0.0	0.0	0.0	0.0	0.0	0.0	0.0	0.0	0.04918032786885246	0.0	0.0	0.0	0.0	0.0	0.0	0.0	0.0	0.0	0.06825938566552901	1.0	0.0	0.0	0.05802047781569966	0.029900332225913623	0.016176470588235296	0.0	0.0	0.0	0.0	0.0	0.013986013986013986	0.0	0.0	0.0	0.0	0.0	0.0	0.0	0.08970099667774087	0.14127423822714683	0.0	0.13680781758957655	0.0	0.0	0.0	0.0	0.0	0.01634877384196185	0.0	0.0	0.0	0.0	0.03766478342749529	0.0	0.012170385395537525	0.01006036217303823	0.008944543828264758	0.016494845360824743	0.0	0.0	0.0	0.012170385395537525	0.01006036217303823	0.0	0.0	0.0	0.0	0.0	0.0	0.10501193317422435	0.12885154061624648	0.012170385395537525	0.0	0.019002375296912115	0.010344827586206896	0.011547344110854504	0.011547344110854504	0.010344827586206896	0.011547344110854504	0.013986013986013986	0.010344827586206896	0.011547344110854504	0.03361344537815126	0.02622950819672131	0.028831562974203338	0.0	0.0	0.032667876588021776	0.0	0.020809248554913295	0.0	0.0	0.0	0.024539877300613498	0.0	0.0	0.0	0.04433497536945813	0.04215456674473068	0.0	0.0	0.0	0.0	0.0	0.0	0.0	0.0	0.03885480572597137	0.09803921568627451	0.025210084033613446	0.0	0.0	0.0	0.0	0.0	0.08310249307479224	0.0	0.0	0.0	0.0	0.0	0.0	0.0	0.0	0.0	0.0	0.0	0.03140495867768595	0.0	0.0	0.0	0.0	0.0	0.0	0.0	0.0	0.0	0.0	0.015416238437821172	0.0	0.0	0.0	0.0	0.0	0.012170385395537525	0.01006036217303823	0.0	0.0	0.0	0.05901639344262295	0.0	0.07868852459016394	0.055944055944055944	0.0653950953678474	0.04864864864864865	0.0	0.07479224376731301	0.0	0.0	0.0	0.0	0.01680672268907563	0.0	0.0	0.0	0.0	0.10644257703081232	0.10644257703081232	0.0	0.0	0.04582651391162029	0.08403361344537816	0.0	0.04380403458213256	0.0	0.0	0.0	0.0	0.04087193460490463	0.0	0.0	0.01160092807424594	0.0	0.02107728337236534	0.0	0.04918032786885246	0.0	0.0	0.0	0.0	0.0326975476839237	0.0	0.0	0.0	0.0	0.0	0.0	0.0	0.0	0.0	0.07489597780859916
0.020527175180779098	0.029977628635346757	0.0	0.007291928589388987	0.020734812659148782	0.024966562639322336	0.028811524609843937	0.019581664441477527	0.019581664441477527	0.08639892001349983	0.0666049953746531	0.0066923205621549275	0.0	0.0	0.0	0.009948834565093803	0.0	0.0	0.0	0.0	0.0	0.0	0.020326678765880218	0.0	0.0	0.0	0.0	0.019520130134200894	0.0	0.01889976375295309	0.0	0.0	0.0	0.0	0.0	0.0	0.02056555269922879	0.05205368035786905	0.0	0.0	0.0	0.013517665130568356	0.0	0.035794183445190156	0.019581664441477527	0.03211561621838619	0.03813984610237538	0.02823529411764706	0.02691887959257912	0.015408320493066256	0.012727272727272728	0.43859649122807015	0.07586763518966909	0.05334900117508813	0.03211561621838619	0.0	0.0	0.0	0.0	0.0	0.0	0.019581664441477527	0.035794183445190156	0.03850016739203214	0.0	0.0	0.0	0.011667178385016887	0.012618296529968454	0.0	0.0	0.0	0.0	0.0	0.0	0.020734812659148782	0.0	0.0	0.0	0.0	0.020734812659148782	0.036258755665430575	0.022699635184434536	0.01616161616161616	0.04134453781512605	0.02131893121091529	0.0	0.0	0.0	0.0	0.0	0.11274961597542242	0.11397503020539669	0.0	0.03246955978769903	0.028853860539674057	0.008758833482631631	0.0	0.0	0.01588474325821943	0.0	0.027254509018036072	0.0	0.0	0.0	0.01889976375295309	0.02056555269922879	0.01906992305118769	0.01594780717651323	0.029122679286494358	0.0	0.0	1.0	0.038527691778465774	0.0	0.0	0.01178045515394913	0.0	0.0	0.0	0.035794183445190156	0.0	0.02929329915781765	0.0	0.030347349177330896	0.0	0.0	0.0	0.017897091722595078	0.017897091722595078	0.0	0.0	0.0	0.0	0.05092383956737269	0.0	0.06065808297567954	0.01889976375295309	0.0	0.0	0.0	0.049870705578130774	0.07645722937168811	0.0	0.017840076457470534	0.052394596807204256	0.018747907599598258	0.014652014652014652	0.01353429713934174	0.02707275803722504	0.018747907599598258	0.022480931352870333	0.018747907599598258	0.018747907599598258	0.014652014652014652	0.0	0.022408963585434174	0.0	0.0	0.0	0.02981736861721953	0.020810107766629504	0.0	0.026782725142283227	0.0	0.047424972211930344	0.015970961887477313	0.02038587550054605	0.02038587550054605	0.015970961887477313	0.02038587550054605	0.02929329915781765	0.015970961887477313	0.02038587550054605	0.0	0.0	0.0	0.02275960170697013	0.0	0.0521901211556384	0.05243697478991596	0.0	0.03211561621838619	0.0	0.0	0.0	0.0	0.0	0.032533550223668155	0.023181686467690525	0.0	0.0	0.0	0.0	0.0	0.0	0.0	0.0	0.0	0.0	0.0	0.0	0.0	0.0	0.0	0.020872357506020872	0.06782854451248234	0.0	0.030347349177330896	0.0	0.024718284260268994	0.01594780717651323	0.0	0.03211561621838619	0.02225475841874085	0.0	0.024233784746970778	0.0	0.0	0.0	0.0	0.0	0.027254509018036072	0.6927238301325399	0.11947886876390212	0.0	0.024966562639322336	0.0	0.0	0.0	0.016210739614994935	0.01757890531362365	0.0918987341772152	0.019170753455193937	0.0	0.019170753455193937	0.018747907599598258	0.014652014652014652	0.08682170542635659	0.0561375235025517	0.03648468708388815	0.0	0.0	0.0	0.0	0.0	0.0	0.01901901901901902	0.0	0.0	0.032441200324412	0.0	0.022408963585434174	0.0	0.019992003198720514	0.03808128890516294	0.03211561621838619	0.0	0.0	0.0	0.0	0.0	0.0	0.052394596807204256	0.0	0.012727272727272728	0.0	0.04342581423401689	0.0	0.01889976375295309	0.0	0.0	0.0	0.0	0.13660646146018826	0.0	0.0	0.0	0.04406904149834741	0.08868217054263566	0.024966562639322336	0.13958262059527882	0.03221908981071285	0.027243979567015325	0.07645722937168811	0.07645722937168811	0.11300186120712577	0.17156105100463678	0.031043403276803678	0.0	0.17156105100463678	0.0626726152538772	0.01231084893562452
0.08114856429463171	0.0	0.0	0.0	0.0	0.0896551724137931	0.07344632768361582	0.0859106529209622	0.0859106529209622	0.05531914893617021	0.04814814814814815	0.031875766244380876	0.03731859018659295	0.0	0.0	0.03983572895277208	0.07643312101910828	0.0	0.01276595744680851	0.0	0.0	0.0	0.06220095693779904	0.06789250353606789	0.0	0.0	0.0	0.09302325581395349	0.04074702886247878	0.05531914893617021	0.0	0.05982905982905983	0.0	0.0	0.05106382978723404	0.0	0.06341463414634146	0.09302325581395349	0.0891089108910891	0.0	0.06060606060606061	0.04604051565377532	0.0	0.09722222222222222	0.0859106529209622	0.07954545454545454	0.06190975865687303	0.05708245243128964	0.06602641056422569	0.04717853839037928	0.05818836232753449	0.038527691778465774	0.044798785117691725	0.03278688524590164	0.07954545454545454	0.0	0.0	0.058823529411764705	0.08785845027455766	0.0	0.0	0.0859106529209622	0.09722222222222222	0.06512605042016807	0.0	0.05783132530120482	0.0	0.045078196872125116	0.04159733777038269	0.0	0.0	0.09900990099009901	0.0	0.0	0.09734513274336283	0.0	0.0	0.0	0.0	0.045454545454545456	0.0	0.0	0.0	0.0	0.0	0.043121149897330596	0.06808510638297872	0.0	0.06837606837606838	0.0	0.0	0.04604051565377532	0.0	0.0	0.05660377358490566	0.04360902255639098	0.02131709173962695	0.0505795574288725	0.0	0.029556650246305417	0.0	0.0764872521246459	0.0	0.059369202226345084	0.0	0.05531914893617021	0.06341463414634146	0.05036726128016789	0.059665871121718374	0.0673076923076923	0.0	0.0	0.038527691778465774	1.0	0.0	0.0	0.04675716440422323	0.0	0.0	0.0	0.09722222222222222	0.053231939163498096	0.06796116504854369	0.0366412213740458	0.0	0.0	0.0	0.0	0.0	0.0	0.0	0.0	0.0	0.0	0.0	0.0	0.04477611940298507	0.05531914893617021	0.0	0.0	0.0	0.0	0.03611111111111111	0.050473186119873815	0.05058365758754864	0.09411764705882353	0.0546218487394958	0.052083333333333336	0.046125461254612546	0.05982905982905983	0.0546218487394958	0.07386363636363637	0.0546218487394958	0.0546218487394958	0.052083333333333336	0.0	0.07344632768361582	0.0	0.0	0.0	0.07	0.06467661691542288	0.0	0.058823529411764705	0.0	0.07920792079207921	0.05980861244019139	0.0625	0.0625	0.05980861244019139	0.0625	0.06796116504854369	0.05980861244019139	0.0625	0.0	0.0	0.06542056074766354	0.046052631578947366	0.019011406844106463	0.06367041198501873	0.06976744186046512	0.04245283018867924	0.07954545454545454	0.0	0.014736842105263158	0.0	0.12941176470588237	0.02	0.08139534883720931	0.0472972972972973	0.0	0.0	0.0	0.0	0.05811138014527845	0.07610993657505286	0.07610993657505286	0.0	0.0	0.0	0.0	0.0	0.0	0.0	0.0549618320610687	0.039939713639788994	0.2153846153846154	0.0	0.0	0.0	0.06474820143884892	0.059665871121718374	0.0	0.07954545454545454	0.2281303602058319	0.0	0.036468330134357005	0.019147084421235857	0.0	0.013605442176870748	0.0	0.0	0.0764872521246459	0.04284621270084162	0.06201550387596899	0.0	0.0896551724137931	0.0	0.0	0.0	0.25559105431309903	0.07042253521126761	0.0394140216253924	0.0	0.0	0.0	0.0546218487394958	0.052083333333333336	0.05228758169934641	0.03939393939393939	0.0374251497005988	0.0	0.0	0.0	0.0	0.0	0.0	0.0	0.0	0.059113300492610835	0.045871559633027525	0.05783132530120482	0.07344632768361582	0.05738880918220947	0.07193229901269393	0.07281553398058252	0.07954545454545454	0.0	0.0	0.0	0.0	0.0	0.0	0.09411764705882353	0.0	0.05818836232753449	0.029850746268656716	0.08262108262108261	0.0	0.05531914893617021	0.0	0.0	0.0	0.0	0.042134831460674156	0.014634146341463415	0.0	0.0	0.07317073170731707	0.05322128851540616	0.0896551724137931	0.06956521739130435	0.08	0.2813738441215324	0.03611111111111111	0.03611111111111111	0.037341299477221805	0.048327137546468404	0.048414023372287146	0.0	0.048327137546468404	0.13796909492273732	0.08522727272727272
0.1288244766505636	0.0	0.0	0.0	0.0	0.0	0.0	0.0	0.0	0.0	0.0	0.0	0.0	0.0	0.0	0.0	0.0	0.45	0.2620689655172414	0.0	0.0	0.0	0.0	0.03795066413662239	0.16363636363636364	0.35714285714285715	0.0	0.0	0.0488997555012225	0.0	0.0	0.0	0.0	0.0	0.0	0.0	0.0	0.0	0.32142857142857145	0.0	0.0	0.0	0.0	0.0	0.0	0.0	0.0	0.0	0.0	0.0	0.0	0.0	0.0	0.0	0.0	0.43902439024390244	0.6923076923076923	0.3157894736842105	0.2383025027203482	0.6	0.0	0.0	0.0	0.0	0.0	0.0	0.0	0.0	0.0	0.24786324786324787	0.0	0.0	0.0	0.0	0.0	0.0	0.35294117647058826	0.0	0.0	0.0	0.0	0.0	0.0	0.35714285714285715	0.0	0.0	0.0	0.0	0.0	0.0	0.0	0.0	0.0	0.0	0.0	0.0	0.0	0.0	0.0	0.0	0.18518518518518517	0.0	0.0	0.0	0.0	0.0	0.0	0.0	0.0	0.0	0.0	0.05802047781569966	0.0	0.0	1.0	0.6923076923076923	0.041407867494824016	0.0	0.0	0.0	0.0	0.0	0.0	0.0	0.0	0.0	0.0	0.0	0.0	0.0	0.23076923076923078	0.12195121951219512	0.0	0.0	0.0	0.0	0.0	0.0	0.0	0.0	0.0	0.0	0.0	0.0	0.0	0.0	0.0	0.0	0.0	0.0	0.0	0.0	0.0	0.0	0.0	0.0	0.0	0.0	0.0	0.0	0.0	0.0	0.0	0.0	0.0	0.0	0.0	0.0	0.0	0.0	0.0	0.0	0.0	0.0	0.0	0.0	0.13852813852813853	0.0	0.0	0.0	0.0	0.0	0.0	0.0	0.0	0.0	0.0	0.0	0.0	0.04854368932038835	0.0	0.0	0.0	0.0	0.0	0.0	0.0	0.0	0.0	0.2191780821917808	0.5	0.45	0.0	0.0	0.0	0.0	0.0	0.0	0.0	0.0	0.0	0.0	0.0	0.0	0.0	0.0	0.0	0.0	0.0	0.1568627450980392	0.0	0.0	0.0	0.0	0.0	0.0	0.0	0.0	0.0	0.0	0.0	0.0	0.0	0.0	0.0	0.0	0.0	0.0	0.0	0.0	0.0	0.0	0.0	0.0	0.0	0.0	0.0	0.0	0.14634146341463414	0.0	0.0	0.0	0.0	0.0	0.0	0.0	0.0	0.0	0.0	0.0	0.0	0.0	0.0	0.0	0.0	0.0	0.0	0.0	0.0	0.0	0.11764705882352941	0.0	0.0	0.2564102564102564	0.0	0.2782608695652174	0.0	0.18518518518518517	0.0	0.0	0.0	0.0	0.0	0.0	0.0	0.0	0.0	0.0	0.0	0.0	0.0	0.0	0.0
0.0890302066772655	0.0	0.0	0.0	0.0	0.0	0.0	0.0	0.0	0.0	0.0	0.0	0.0	0.0	0.0	0.0	0.0	0.2857142857142857	0.174496644295302	0.0	0.0	0.0	0.0	0.022429906542056073	0.0847457627118644	0.20454545454545456	0.0	0.0	0.02877697841726619	0.0	0.0	0.0	0.0	0.0	0.0	0.0	0.0	0.0	0.20689655172413793	0.0	0.0	0.0	0.0	0.0	0.0	0.0	0.0	0.0	0.0	0.0	0.0	0.0	0.0	0.0	0.0	0.27906976744186046	0.42857142857142855	0.2033898305084746	0.12933753943217666	0.45454545454545453	0.0	0.0	0.0	0.0	0.0	0.0	0.0	0.0	0.0	0.14049586776859505	0.0	0.0	0.0	0.0	0.0	0.0	0.20224719101123595	0.0	0.0	0.0	0.0	0.0	0.0	0.20454545454545456	0.0	0.0	0.0	0.0	0.0	0.0	0.0	0.0	0.0	0.0	0.0	0.0	0.0	0.0	0.0	0.0	0.10344827586206896	0.0	0.0	0.0	0.0	0.0	0.0	0.0	0.0	0.0	0.0	0.029900332225913623	0.0	0.0	0.6923076923076923	1.0	0.024439918533604887	0.0	0.0	0.0	0.0	0.0	0.0	0.0	0.0	0.0	0.0	0.0	0.0	0.0	0.14285714285714285	0.06976744186046512	0.0	0.0	0.0	0.0	0.0	0.0	0.0	0.0	0.0	0.0	0.0	0.0	0.0	0.0	0.0	0.0	0.0	0.0	0.0	0.0	0.0	0.0	0.0	0.0	0.0	0.0	0.0	0.0	0.0	0.0	0.0	0.0	0.0	0.0	0.0	0.0	0.0	0.0	0.0	0.0	0.0	0.0	0.0	0.0	0.0851063829787234	0.0	0.0	0.0	0.0	0.0	0.0	0.0	0.0	0.0	0.0	0.0	0.0	0.02857142857142857	0.0	0.0	0.0	0.0	0.0	0.0	0.0	0.0	0.0	0.13333333333333333	0.3333333333333333	0.2857142857142857	0.0	0.0	0.0	0.0	0.0	0.0	0.0	0.0	0.0	0.0	0.0	0.0	0.0	0.0	0.0	0.0	0.0	0.09615384615384616	0.0	0.0	0.0	0.0	0.0	0.0	0.0	0.0	0.0	0.0	0.0	0.0	0.0	0.0	0.0	0.0	0.0	0.0	0.0	0.0	0.0	0.0	0.0	0.0	0.0	0.0	0.0	0.0	0.09302325581395349	0.0	0.0	0.0	0.0	0.0	0.0	0.0	0.0	0.0	0.0	0.0	0.0	0.0	0.0	0.0	0.0	0.0	0.0	0.0	0.0	0.0	0.06741573033707865	0.0	0.0	0.1487603305785124	0.0	0.16806722689075632	0.0	0.10344827586206896	0.0	0.0	0.0	0.0	0.0	0.0	0.0	0.0	0.0	0.0	0.0	0.0	0.0	0.0	0.0
0.0763888888888889	0.0	0.0	0.0	0.0	0.018108651911468814	0.012477718360071301	0.012048192771084338	0.012048192771084338	0.004431314623338257	0.009370816599732263	0.031108004194337645	0.03922622246104245	0.04700162074554295	0.04206241519674356	0.0015323322096230463	0.04129793510324484	0.021937842778793418	0.059084194977843424	0.0	0.0	0.0	0.0144	0.06236323851203501	0.028169014084507043	0.014414414414414415	0.0	0.016333938294010888	0.032663316582914576	0.004431314623338257	0.0	0.03259259259259259	0.0	0.1364562118126273	0.04579025110782865	0.043478260869565216	0.07455429497568881	0.016333938294010888	0.03600654664484452	0.031096563011456628	0.03870162297128589	0.01	0.0	0.030303030303030304	0.012048192771084338	0.026833631484794274	0.016825164594001463	0.011764705882352941	0.02165196471531676	0.010033444816053512	0.002004008016032064	0.01178045515394913	0.013287117273252455	0.007	0.026833631484794274	0.021778584392014518	0.024439918533604887	0.02926829268292683	0.0263477908390758	0.07708779443254818	0.0	0.012048192771084338	0.030303030303030304	0.02342606149341142	0.03753351206434316	0.01929260450160772	0.0	0.001998667554963358	0.0024752475247524753	0.03542673107890499	0.01818181818181818	0.0425531914893617	0.045655375552282766	0.0	0.027314112291350532	0.0	0.01436265709156194	0.0	0.0	0.00816326530612245	0.0	0.0	0.0	0.014414414414414415	0.0	0.029727244866687097	0.060561299852289516	0.0	0.021505376344086023	0.0852994555353902	0.03823529411764706	0.0026666666666666666	0.0	0.07878787878787878	0.009497964721845319	0.013761467889908258	0.004194191045402118	0.019809244314013204	0.0	0.01631321370309951	0.04040404040404041	0.02142857142857143	0.0	0.032171581769437	0.042709867452135494	0.004431314623338257	0.014586709886547812	0.008778346744696415	0.009584664536741214	0.024077046548956663	0.0	0.016176470588235296	0.01178045515394913	0.04675716440422323	0.041407867494824016	0.024439918533604887	1.0	0.0	0.0	0.0	0.030303030303030304	0.12141882673942701	0.029079159935379646	0.060324825986078884	0.0	0.0125	0.018108651911468814	0.0125	0.0	0.0	0.06517311608961303	0.036297640653357534	0.0	0.0	0.0	0.0	0.009876543209876543	0.004431314623338257	0.0	0.0	0.0	0.0	0.003236245954692557	0.035897435897435895	0.004160887656033287	0.09872029250457039	0.029282576866764276	0.018922852983988356	0.017356475300400534	0.05037037037037037	0.03513909224011713	0.03220035778175313	0.03513909224011713	0.029282576866764276	0.018922852983988356	0.05660377358490566	0.016042780748663103	0.0	0.0	0.0	0.008237232289950576	0.0049261083743842365	0.0	0.02635431918008785	0.006036217303822937	0.05237315875613748	0.012	0.01765650080256822	0.01765650080256822	0.012	0.01765650080256822	0.029079159935379646	0.012	0.01765650080256822	0.016453382084095063	0.0	0.06595995288574794	0.018404907975460124	0.16234652114597545	0.033738191632928474	0.08088235294117647	0.027488151658767772	0.026833631484794274	0.0	0.06744868035190615	0.022091310751104567	0.06946983546617916	0.029654036243822075	0.009074410163339383	0.1376720901126408	0.02106969205834684	0.06646971935007386	0.04390243902439024	0.02411873840445269	0.01935483870967742	0.023529411764705882	0.023529411764705882	0.030303030303030304	0.030303030303030304	0.035346097201767304	0.07312614259597806	0.021937842778793418	0.0	0.012567324955116697	0.025522041763341066	0.010913268236645606	0.07066381156316917	0.0	0.0	0.0125	0.019230769230769232	0.009584664536741214	0.043478260869565216	0.026833631484794274	0.05189873417721519	0.03867403314917127	0.023773394031360646	0.01801169590643275	0.0	0.052830188679245285	0.0	0.0	0.02142857142857143	0.005810575246949448	0.012448132780082987	0.0	0.018108651911468814	0.030976430976430977	0.01615798922800718	0.04516129032258064	0.022172949002217297	0.010676156583629894	0.03707713125845737	0.0	0.054989816700611	0.0	0.029282576866764276	0.018922852983988356	0.03434343434343434	0.0034602076124567475	0.002285714285714286	0.0	0.0	0.0	0.0	0.0	0.0	0.0	0.05807622504537205	0.009787928221859706	0.019744483159117306	0.01929260450160772	0.016042780748663103	0.03650442477876106	0.013357079252003561	0.06623586429725363	0.026833631484794274	0.0	0.0	0.0	0.0	0.008797653958944282	0.0	0.016453382084095063	0.03553299492385787	0.002004008016032064	0.04691358024691358	0.017921146953405017	0.01615798922800718	0.004431314623338257	0.0807899461400359	0.052083333333333336	0.023593466424682397	0.01288244766505636	0.007616974972796518	0.05834683954619125	0.04864864864864865	0.04040404040404041	0.03565640194489465	0.011447811447811448	0.018108651911468814	0.013493253373313344	0.008976660682226212	0.08817427385892117	0.003236245954692557	0.003236245954692557	0.0022818026240730175	0.004026845637583893	0.017369727047146403	0.0	0.004026845637583893	0.026954177897574125	0.03402854006586169
0.0	0.0	0.0	0.0	0.0	0.0	0.0	0.0	0.0	0.0	0.0	0.0	0.0	0.0	0.0	0.025186033199771037	0.0	0.0	0.0	0.0	0.0	0.0	0.0	0.0	0.0	0.0	0.0	0.06976744186046512	0.0	0.06711409395973154	0.0	0.0	0.0	0.0	0.0	0.0	0.0	0.0	0.0	0.0	0.0	0.0	0.0	0.0	0.0	0.0	0.0	0.132890365448505	0.0	0.0	0.0	0.0	0.0328879753340185	0.0	0.0	0.0	0.0	0.0	0.0	0.0	0.056179775280898875	0.0	0.0	0.0	0.0	0.0	0.07865168539325842	0.03230148048452221	0.04195804195804196	0.0	0.0	0.0	0.0	0.06666666666666667	0.05714285714285714	0.0	0.0	0.0	0.0	0.0	0.0	0.0	0.0	0.0	0.0	0.0	0.0	0.0	0.0	0.0	0.0	0.0	0.0	0.0	0.055865921787709494	0.028397565922920892	0.0	0.0	0.42857142857142855	0.0	0.0	0.0	0.0	0.0	0.0	0.06711409395973154	0.06722689075630252	0.0	0.0	0.0	0.0	0.0	0.0	0.0	0.0	0.0	0.0	1.0	0.23333333333333334	0.23333333333333334	0.0	0.0	0.0	0.0	0.0	0.0	0.0	0.0	0.0	0.0	0.0	0.0	0.0	0.0	0.0	0.0	0.027842227378190254	0.06711409395973154	0.0	0.0	0.0	0.0	0.0	0.0	0.0	0.0	0.0	0.0	0.0	0.0	0.0	0.0	0.0	0.0	0.0	0.0	0.0	0.16279069767441862	0.6923076923076923	0.27586206896551724	0.24561403508771928	0.0	0.0	0.0	0.0	0.0	0.0	0.0	0.0	0.0	0.0	0.0	0.0	0.0	0.0	0.0	0.0	0.0	0.0	0.0	0.0	0.0	0.0	0.0	0.0	0.0	0.0	0.0	0.0	0.0	0.0	0.0	0.0	0.0	0.0	0.0	0.0	0.0	0.0	0.0	0.0	0.0	0.0	0.0	0.0	0.0	0.0	0.0	0.0	0.0	0.0	0.0	0.0	0.0	0.0	0.0	0.0	0.0	0.3103448275862069	0.0	0.0	0.0	0.0	0.0	0.06976744186046512	0.14285714285714285	0.0	0.0	0.0	0.0	0.03361344537815126	0.0	0.0	0.0	0.0	0.0	0.0	0.0	0.0	0.0	0.0	0.0	0.0	0.0	0.0	0.0	0.0	0.0	0.0	0.0	0.0	0.0	0.0	0.0	0.0	0.0	0.0	0.0	0.0	0.0	0.0	0.039603960396039604	0.0	0.0	0.0	0.0	0.0	0.0	0.0	0.06711409395973154	0.0	0.0	0.0	0.0	0.0	0.0	0.0	0.0	0.0	0.0	0.0	0.0	0.0	0.0	0.0	0.0	0.0	0.0	0.0	0.0	0.0	0.0	0.0
0.0	0.0	0.049723756906077346	0.11426639621365788	0.0	0.0	0.0	0.0	0.0	0.0	0.0	0.0	0.0	0.0	0.0	0.008003201280512205	0.0	0.0	0.0	0.0	0.0	0.0	0.0	0.0	0.0	0.0	0.0	0.016666666666666666	0.0	0.02880658436213992	0.0	0.0	0.0	0.0	0.0	0.0	0.0	0.0	0.0	0.0	0.0	0.07692307692307693	0.03260869565217391	0.0	0.0	0.0	0.0	0.044989775051124746	0.0	0.10062893081761007	0.0	0.0	0.014825796886582653	0.0	0.0	0.0	0.0	0.0	0.0	0.0	0.01092896174863388	0.0	0.0	0.0	0.0	0.0	0.02185792349726776	0.010723860589812333	0.019448946515397084	0.0	0.0	0.0	0.028688524590163935	0.016304347826086956	0.021367521367521368	0.0	0.0	0.0	0.0	0.0	0.0	0.0	0.0	0.0	0.0	0.0	0.0	0.0	0.0	0.0	0.0	0.0	0.0	0.0	0.02564102564102564	0.011747430249632892	0.0	0.0	0.1	0.0	0.0	0.0	0.0	0.0	0.0	0.02880658436213992	0.023474178403755867	0.0	0.0	0.0	0.0	0.0	0.0	0.0	0.0	0.0	0.0	0.23333333333333334	1.0	0.3770491803278688	0.0	0.0	0.0	0.0	0.0	0.0	0.0	0.0	0.0	0.0	0.0	0.0	0.0	0.0	0.0	0.0	0.009693053311793215	0.02880658436213992	0.0	0.0	0.0	0.0	0.0	0.0	0.0	0.0	0.0	0.0	0.0	0.0	0.0	0.0	0.0	0.0	0.0	0.0	0.0	0.06339468302658487	0.18493150684931506	0.08287292817679558	0.09134615384615384	0.0	0.0	0.0	0.0	0.0	0.0	0.0	0.0	0.0	0.0	0.0	0.0	0.0	0.0	0.0	0.0	0.0	0.0	0.0	0.0	0.0	0.0	0.0	0.0	0.0	0.0	0.0	0.0	0.0	0.0	0.0	0.0	0.0	0.0	0.0	0.0	0.0	0.0	0.0	0.0	0.0	0.0	0.0	0.0	0.0	0.0	0.0	0.0	0.0	0.0	0.0	0.0	0.0	0.0	0.0	0.0	0.0	0.05921052631578947	0.0	0.0	0.0	0.0	0.0	0.03383458646616541	0.03333333333333333	0.0	0.04986400725294651	0.0	0.0	0.008238928939237899	0.0	0.0	0.0	0.0	0.0	0.0	0.0	0.0	0.0	0.0	0.0	0.0	0.0	0.03271028037383177	0.0	0.0	0.0	0.0	0.0	0.0	0.0	0.0	0.0	0.0	0.102803738317757	0.0	0.0	0.0	0.0	0.07344632768361582	0.012219959266802444	0.0	0.0	0.0	0.0	0.0	0.0	0.0	0.02880658436213992	0.0	0.0	0.0	0.0	0.0	0.0	0.0	0.0	0.0	0.0	0.0	0.0	0.0	0.0	0.0	0.0	0.0	0.0	0.0	0.0	0.0	0.0	0.0
0.0	0.0	0.049723756906077346	0.12778904665314403	0.0	0.0	0.0	0.0	0.0	0.0	0.0	0.0	0.0	0.0	0.0	0.008003201280512205	0.0	0.0	0.0	0.0	0.0	0.0	0.0	0.0	0.0	0.0	0.0	0.016666666666666666	0.0	0.02880658436213992	0.0	0.0	0.0	0.0	0.0	0.0	0.0	0.0	0.0	0.0	0.0	0.055456171735241505	0.03260869565217391	0.0	0.0	0.0	0.0	0.044989775051124746	0.0	0.07187780772686433	0.0	0.0	0.014825796886582653	0.0	0.0	0.0	0.0	0.0	0.0	0.0	0.01092896174863388	0.0	0.0	0.0	0.0	0.0	0.02185792349726776	0.010723860589812333	0.019448946515397084	0.0	0.0	0.0	0.028688524590163935	0.016304347826086956	0.021367521367521368	0.0	0.0	0.0	0.0	0.0	0.0	0.0	0.0	0.0	0.0	0.0	0.0	0.0	0.0	0.0	0.0	0.0	0.0	0.0	0.02564102564102564	0.011747430249632892	0.0	0.0	0.1	0.0	0.0	0.0	0.0	0.0	0.0	0.02880658436213992	0.023474178403755867	0.0	0.0	0.0	0.0	0.0	0.0	0.0	0.0	0.0	0.0	0.23333333333333334	0.3770491803278688	1.0	0.0	0.0	0.0	0.0	0.0	0.0	0.0	0.0	0.0	0.0	0.0	0.0	0.0	0.0	0.0	0.0	0.009693053311793215	0.02880658436213992	0.0	0.0	0.0	0.0	0.0	0.0	0.0	0.0	0.0	0.0	0.0	0.0	0.0	0.0	0.0	0.0	0.0	0.0	0.0	0.06339468302658487	0.18493150684931506	0.08287292817679558	0.09134615384615384	0.0	0.0	0.0	0.0	0.0	0.0	0.0	0.0	0.0	0.0	0.0	0.0	0.0	0.0	0.0	0.0	0.0	0.0	0.0	0.0	0.0	0.0	0.0	0.0	0.0	0.0	0.0	0.0	0.0	0.0	0.0	0.0	0.0	0.0	0.0	0.0	0.0	0.0	0.0	0.0	0.0	0.0	0.0	0.0	0.0	0.0	0.0	0.0	0.0	0.0	0.0	0.0	0.0	0.0	0.0	0.0	0.0	0.05921052631578947	0.0	0.0	0.0	0.0	0.0	0.03383458646616541	0.03333333333333333	0.0	0.06799637352674524	0.0	0.0	0.008238928939237899	0.0	0.0	0.0	0.0	0.0	0.0	0.0	0.0	0.0	0.0	0.0	0.0	0.0	0.03271028037383177	0.0	0.0	0.0	0.0	0.0	0.0	0.0	0.0	0.0	0.0	0.06542056074766354	0.0	0.0	0.0	0.0	0.07344632768361582	0.012219959266802444	0.0	0.0	0.0	0.0	0.0	0.0	0.0	0.02880658436213992	0.0	0.0	0.0	0.0	0.0	0.0	0.0	0.0	0.0	0.0	0.0	0.0	0.0	0.0	0.0	0.0	0.0	0.0	0.0	0.0	0.0	0.0	0.0
0.0	0.0	0.0	0.0	0.0	0.14754098360655737	0.08602150537634409	0.12195121951219512	0.12195121951219512	0.019867549668874173	0.043010752688172046	0.0	0.0	0.0	0.0	0.009642654566080544	0.0	0.0	0.0	0.0	0.0	0.0	0.072	0.0	0.0	0.0	0.0	0.06818181818181818	0.0	0.019867549668874173	0.0	0.0	0.0	0.0	0.0	0.0	0.024793388429752067	0.06818181818181818	0.0	0.0	0.0	0.04	0.0	0.2	0.12195121951219512	0.13043478260869565	0.06645056726094004	0.05573770491803279	0.09054325955734406	0.04429530201342282	0.017085427135678392	0.035794183445190156	0.0417940876656473	0.0256	0.13043478260869565	0.0	0.0	0.0	0.0	0.0	0.0	0.12195121951219512	0.2	0.08116883116883117	0.0	0.0	0.0	0.011984021304926764	0.011547344110854504	0.0	0.0	0.0	0.0	0.0	0.0	0.0	0.0	0.0	0.0	0.0	0.0	0.0	0.0	0.0	0.0	0.041406693136698806	0.0	0.0	0.0	0.0	0.0	0.013333333333333334	0.0	0.0	0.027624309392265192	0.04225352112676056	0.0	0.0	0.0	0.0	0.0	0.11351351351351352	0.0	0.0	0.0	0.019867549668874173	0.0743801652892562	0.0	0.05976095617529881	0.0967741935483871	0.0	0.0	0.035794183445190156	0.09722222222222222	0.0	0.0	0.030303030303030304	0.0	0.0	0.0	1.0	0.0	0.09836065573770492	0.0	0.0	0.0	0.0	0.0	0.0	0.0	0.0	0.0	0.0	0.0	0.0	0.0	0.03908045977011494	0.019867549668874173	0.0	0.0	0.0	0.0	0.010869565217391304	0.0	0.017341040462427744	0.20930232558139536	0.05844155844155844	0.04807692307692308	0.040106951871657755	0.08	0.05844155844155844	0.09782608695652174	0.05844155844155844	0.05844155844155844	0.04807692307692308	0.0	0.0967741935483871	0.0	0.0	0.0	0.034482758620689655	0.02564102564102564	0.0	0.07792207792207792	0.0	0.15254237288135594	0.06	0.07258064516129033	0.07258064516129033	0.06	0.07258064516129033	0.09836065573770492	0.06	0.07258064516129033	0.0	0.0	0.0	0.05454545454545454	0.0	0.09289617486338798	0.12131147540983607	0.0	0.13043478260869565	0.0	0.0	0.0	0.0	0.0	0.045454545454545456	0.05660377358490566	0.0	0.0	0.0	0.0	0.0	0.0	0.0	0.0	0.0	0.0	0.0	0.0	0.0	0.0	0.0	0.03733602421796166	0.391304347826087	0.0	0.0	0.0	0.08433734939759036	0.05976095617529881	0.0	0.13043478260869565	0.05542168674698795	0.0	0.03178484107579462	0.0	0.0	0.0	0.0	0.0	0.11351351351351352	0.016477857878475798	0.034482758620689655	0.0	0.14754098360655737	0.0	0.0	0.0	0.03980099502487562	0.08021390374331551	0.015034168564920273	0.0	0.0	0.0	0.05844155844155844	0.04807692307692308	0.05442176870748299	0.012195121951219513	0.01	0.0	0.0	0.0	0.0	0.0	0.0	0.0	0.0	0.0	0.053497942386831275	0.0	0.0967741935483871	0.0	0.08847184986595175	0.12295081967213115	0.13043478260869565	0.0	0.0	0.0	0.0	0.0	0.0	0.06976744186046512	0.0	0.017085427135678392	0.0	0.10382513661202186	0.0	0.019867549668874173	0.0	0.0	0.0	0.0	0.01838235294117647	0.0	0.0	0.0	0.2396694214876033	0.047619047619047616	0.14754098360655737	0.0410958904109589	0.04395604395604396	0.04753820033955857	0.010869565217391304	0.010869565217391304	0.009970089730807577	0.016216216216216217	0.05336426914153132	0.0	0.016216216216216217	0.08807588075880758	0.022388059701492536
0.09988518943742825	0.0	0.0	0.0	0.0	0.0	0.0	0.0	0.0	0.0	0.0	0.06841901816776189	0.1695022054190296	0.075	0.11	0.0	0.07393715341959335	0.0	0.040740740740740744	0.0	0.0	0.0	0.0	0.09652509652509653	0.0	0.0	0.0	0.0	0.042488619119878605	0.0	0.0	0.08921933085501858	0.0	0.062146892655367235	0.08148148148148149	0.0371900826446281	0.04583333333333333	0.0	0.08438818565400844	0.0	0.23493975903614459	0.0	0.0	0.0	0.0	0.0	0.0	0.0	0.0	0.0	0.0	0.0	0.0	0.0	0.0	0.0	0.0	0.058577405857740586	0.08337675872850443	0.0	0.0	0.0	0.0	0.0	0.06285355122564425	0.13814432989690723	0.0	0.0	0.0	0.0	0.09497206703910614	0.12658227848101267	0.033210332103321034	0.0	0.09195402298850575	0.0	0.0	0.0	0.0	0.046822742474916385	0.0	0.0	0.0	0.0	0.0	0.022099447513812154	0.14074074074074075	0.0	0.0665083135391924	0.06280193236714976	0.0423572744014733	0.0	0.0	0.05027932960893855	0.0	0.0	0.023693875133278048	0.051423324150596875	0.0	0.03361344537815126	0.0	0.0	0.0	0.14285714285714285	0.06642066420664207	0.0	0.0	0.05123513266239707	0.0	0.0	0.0	0.0	0.0	0.053231939163498096	0.0	0.0	0.12141882673942701	0.0	0.0	0.0	0.0	1.0	0.0	0.18068965517241378	0.0	0.037825059101654845	0.0	0.037825059101654845	0.0	0.0	0.0	0.0	0.0	0.0	0.0	0.0	0.0	0.0	0.0	0.0	0.0	0.0	0.0	0.23189734188817598	0.0	0.0	0.0	0.0	0.0	0.0	0.0	0.0	0.0	0.0	0.0	0.06446280991735537	0.0	0.0	0.0	0.0	0.0	0.0	0.0	0.0	0.0	0.0	0.0	0.0	0.0	0.0	0.0	0.0	0.0	0.0	0.0	0.0	0.09269662921348315	0.0	0.2080536912751678	0.0	0.029465930018416207	0.08714596949891068	0.0	0.0	0.14862385321100918	0.0	0.17560975609756097	0.059574468085106386	0.0	0.0	0.04583333333333333	0.08148148148148149	0.11297071129707113	0.1044776119402985	0.10144927536231885	0.11233885819521179	0.11233885819521179	0.0	0.0	0.0	0.0	0.0	0.0	0.05714285714285714	0.2082758620689655	0.0	0.0	0.0	0.0	0.09456264775413711	0.0	0.0	0.2023121387283237	0.0	0.22358346094946402	0.07389162561576355	0.025836758661186142	0.03729541185940435	0.0	0.0425531914893617	0.0	0.0	0.0	0.0	0.0	0.0	0.0	0.03633360858794385	0.04285714285714286	0.07660455486542443	0.051899907321594066	0.0	0.021607880521131235	0.0	0.0	0.0	0.0	0.0	0.023947151114781174	0.0	0.0	0.0	0.0	0.0	0.0	0.0	0.0	0.0	0.0	0.058823529411764705	0.0	0.13814432989690723	0.0	0.09908735332464146	0.0	0.0	0.0	0.0	0.0	0.0	0.0	0.0	0.0	0.0	0.06607929515418502	0.0	0.15304606240713226	0.0	0.04285714285714286	0.0	0.0380952380952381	0.06052269601100413	0.1111111111111111	0.0	0.0	0.04583333333333333	0.0	0.0	0.0	0.0	0.0	0.0	0.0	0.24062877871825877	0.0	0.0	0.0	0.0	0.0	0.0	0.0	0.028688524590163935	0.06201550387596899
0.0	0.0	0.0	0.008830022075055188	0.0	0.07317073170731707	0.05161290322580645	0.06072874493927125	0.06072874493927125	0.014084507042253521	0.03225806451612903	0.0	0.0	0.0	0.0	0.007525453740593183	0.01639344262295082	0.0	0.0	0.0	0.02403846153846154	0.009569377990430622	0.0481283422459893	0.00904977375565611	0.0	0.0	0.0	0.04	0.0	0.014084507042253521	0.0	0.014150943396226415	0.0	0.0	0.0	0.0	0.01639344262295082	0.04	0.0	0.15555555555555556	0.0	0.22044088176352705	0.0	0.09836065573770492	0.06072874493927125	0.07792207792207792	0.047398843930635835	0.039627039627039624	0.06040268456375839	0.03323262839879154	0.011401743796109993	0.02929329915781765	0.03336045565500407	0.021361815754339118	0.07792207792207792	0.0	0.0	0.0	0.0	0.0	0.0	0.06072874493927125	0.09836065573770492	0.05787037037037037	0.0	0.0	0.0	0.009009009009009009	0.008976660682226212	0.0	0.0	0.0	0.0	0.0	0.0	0.0	0.0	0.0	0.0	0.012396694214876033	0.0	0.0	0.0	0.0	0.0	0.03231518370960602	0.0	0.0	0.009771986970684038	0.0	0.009324009324009324	0.01002004008016032	0.0	0.0	0.0205761316872428	0.033816425120772944	0.0	0.008130081300813009	0.0	0.0	0.0	0.06796116504854369	0.0	0.0	0.0	0.014084507042253521	0.04918032786885246	0.0	0.04	0.06451612903225806	0.07758620689655173	0.013986013986013986	0.02929329915781765	0.06796116504854369	0.0	0.0	0.029079159935379646	0.0	0.0	0.0	0.09836065573770492	0.0	1.0	0.0	0.0	0.0	0.016260162601626018	0.0	0.0	0.0	0.0	0.0	0.0	0.0	0.0	0.0	0.03041144901610018	0.014084507042253521	0.0	0.0	0.0	0.0	0.008875739644970414	0.0	0.01276595744680851	0.1554054054054054	0.17592592592592593	0.13302752293577982	0.11646586345381527	0.2641509433962264	0.05555555555555555	0.07142857142857142	0.05555555555555555	0.17592592592592593	0.13302752293577982	0.0	0.05806451612903226	0.0	0.0	0.0	0.02247191011235955	0.01675977653631285	0.033783783783783786	0.18518518518518517	0.04878048780487805	0.7333333333333333	0.29411764705882354	0.3548387096774194	0.3548387096774194	0.29411764705882354	0.3548387096774194	0.4782608695652174	0.29411764705882354	0.3548387096774194	0.47297297297297297	0.1721311475409836	0.0	0.0425531914893617	0.0	0.06938775510204082	0.08624708624708624	0.0	0.07792207792207792	0.0	0.0	0.08411214953271028	0.0	0.0	0.02666666666666667	0.15328467153284672	0.01092896174863388	0.0	0.0	0.0	0.0	0.0	0.0	0.02459016393442623	0.02459016393442623	0.0	0.0	0.0	0.0	0.0	0.0	0.02986279257465698	0.16666666666666666	0.0	0.0	0.0	0.05630026809651475	0.04	0.0	0.07792207792207792	0.04267161410018553	0.0	0.026440677966101694	0.01467441149495567	0.0	0.0	0.0	0.0	0.06796116504854369	0.013125512715340444	0.025423728813559324	0.0	0.07317073170731707	0.0	0.0	0.0	0.0282021151586369	0.04823151125401929	0.012263099219620958	0.0	0.041666666666666664	0.0	0.17592592592592593	0.13302752293577982	0.04069175991861648	0.00974025974025974	0.008012820512820512	0.0	0.0	0.0	0.0	0.0	0.0	0.0	0.0	0.0	0.04262295081967213	0.0	0.05806451612903226	0.015313935681470138	0.05314009661835749	0.08152173913043478	0.07792207792207792	0.0	0.0	0.0	0.0	0.0069605568445475635	0.01090909090909091	0.04054054054054054	0.0	0.011401743796109993	0.0	0.06188925081433225	0.0	0.014084507042253521	0.0	0.0	0.0	0.0	0.014970059880239521	0.0	0.03289473684210526	0.0	0.12021857923497267	0.03560528992878942	0.07317073170731707	0.028846153846153848	0.026143790849673203	0.03927068723702665	0.008875739644970414	0.008875739644970414	0.007993605115907274	0.012145748987854251	0.04144144144144144	0.0	0.012145748987854251	0.0382830626450116	0.01818181818181818
0.065	0.0	0.0	0.0	0.0	0.0	0.0	0.0	0.0	0.0	0.0	0.08471001757469244	0.17398373983739837	0.277504105090312	0.09190672153635117	0.0	0.05373134328358209	0.0	0.008968609865470852	0.0	0.0	0.0	0.0	0.10485651214128035	0.0	0.0	0.024640657084188913	0.0	0.030456852791878174	0.0	0.024640657084188913	0.041979010494752625	0.0	0.18840579710144928	0.10911808669656203	0.08319738988580751	0.11001642036124795	0.0	0.05970149253731343	0.0	0.19293820933165196	0.0	0.0	0.0	0.0	0.0	0.0	0.0	0.0	0.0	0.0	0.0	0.0	0.0	0.0	0.0	0.0	0.039538714991762765	0.05913757700205339	0.0	0.0	0.0	0.0	0.0	0.0897782585181179	0.09446254071661238	0.0	0.0	0.0	0.0	0.059548254620123205	0.06633499170812604	0.23099850968703428	0.0	0.06758832565284179	0.0	0.0	0.033126293995859216	0.024640657084188913	0.033012379642365884	0.0	0.0	0.0	0.0	0.0	0.04828226555246054	0.06427503736920777	0.0	0.04363636363636364	0.13075506445672191	0.0744047619047619	0.0	0.0	0.1293634496919918	0.0	0.0	0.017734614166578698	0.035634743875278395	0.0	0.019834710743801654	0.0	0.0	0.0	0.08943089430894309	0.2518628912071535	0.0	0.0	0.03552923760177646	0.0	0.0	0.0	0.0	0.0	0.0366412213740458	0.0	0.0	0.060324825986078884	0.0	0.0	0.0	0.0	0.18068965517241378	0.0	1.0	0.0	0.019927536231884056	0.0	0.019927536231884056	0.0	0.0	0.0	0.0	0.0	0.0	0.0	0.0	0.0	0.0	0.0	0.0	0.0	0.0	0.0	0.21719792438843588	0.0	0.0	0.0	0.0	0.0	0.0	0.0	0.0	0.0	0.0	0.0	0.2970027247956403	0.0	0.0	0.0	0.0	0.0	0.0	0.0	0.0	0.0	0.0	0.0	0.0	0.0	0.0	0.0	0.0	0.0	0.0	0.0	0.0	0.04994054696789536	0.0	0.11172413793103449	0.0	0.01636904761904762	0.09837631327602674	0.0	0.0	0.026706231454005934	0.0	0.08163265306122448	0.01335559265442404	0.0	0.0	0.027914614121510674	0.20478325859491778	0.09060955518945635	0.032015065913371	0.05555555555555555	0.06845238095238096	0.06845238095238096	0.0	0.0	0.0	0.0	0.0	0.0	0.020036429872495445	0.15456674473067916	0.0	0.0	0.0	0.0	0.019927536231884056	0.0	0.0	0.1368421052631579	0.0	0.17519181585677748	0.04672897196261682	0.017338092809790925	0.05020032995522036	0.0	0.010165184243964422	0.0	0.0	0.0	0.0	0.0	0.0	0.0	0.047651463580667124	0.023679417122040074	0.16993464052287582	0.03590127150336574	0.0	0.057876057876057874	0.0	0.0	0.0	0.0	0.0	0.05241660993873383	0.0	0.0	0.0	0.0	0.0	0.0	0.0	0.0	0.0	0.0	0.03966942148760331	0.0	0.09446254071661238	0.0	0.07924107142857142	0.0	0.0	0.0	0.033126293995859216	0.0	0.0	0.0	0.0	0.0	0.0	0.08404802744425385	0.0	0.16957605985037408	0.0	0.023679417122040074	0.0	0.08925318761384335	0.16004672897196262	0.07550644567219153	0.0	0.0	0.009852216748768473	0.0	0.0	0.0	0.0	0.0	0.0	0.0	0.14644351464435146	0.0	0.0	0.0	0.0	0.0	0.0	0.0	0.02171945701357466	0.031007751937984496
0.0	0.08571428571428572	0.0	0.011756061719324026	0.357429718875502	0.0	0.0	0.0	0.0	0.0	0.0	0.0	0.0	0.0	0.0	0.0	0.0	0.0	0.0	0.0	0.0	0.0	0.0	0.0	0.0	0.0	0.0	0.0	0.0	0.0	0.0	0.0	0.0	0.0	0.0	0.0	0.0	0.0	0.0	0.0	0.0	0.0	0.0	0.0	0.0	0.0	0.0	0.0	0.0	0.0	0.0	0.030347349177330896	0.0	0.19733333333333333	0.0	0.0	0.0	0.0	0.0	0.0	0.0	0.0	0.0	0.02771362586605081	0.0	0.0	0.0	0.0	0.0	0.0	0.0	0.0	0.0	0.0	0.0	0.1646586345381526	0.0	0.0	0.0	0.0	0.357429718875502	0.0	0.0	0.0	0.413953488372093	0.0	0.0	0.0	0.0	0.0	0.0	0.046	0.10097719869706841	0.0	0.0	0.0	0.11808411834947592	0.0	0.0	0.04132231404958678	0.0	0.0	0.0	0.0	0.0	0.0	0.0	0.3079584775086505	0.0	0.0	0.0	0.0	0.030347349177330896	0.0	0.0	0.0	0.0	0.0	0.0	0.0	0.0	0.0	0.0	0.0	1.0	0.0	0.0	0.0	0.0	0.0	0.0	0.0	0.0	0.0	0.06224066390041494	0.0	0.0	0.0	0.0	0.0	0.0	0.7355371900826446	0.30576070901033975	0.0	0.0	0.0	0.0	0.0	0.0	0.0	0.0	0.0	0.0	0.0	0.0	0.0	0.0	0.0	0.0	0.0	0.0	0.0	0.0	0.0	0.0	0.0	0.0	0.0	0.0	0.0	0.0	0.0	0.0	0.0	0.0	0.0	0.0	0.0	0.0	0.0	0.0	0.0	0.0	0.0	0.0	0.0	0.0	0.0	0.0	0.0	0.0	0.0	0.0	0.0	0.0	0.0	0.0	0.0	0.0	0.0	0.0	0.0	0.0	0.0	0.0	0.0	0.0	0.0	0.4810810810810811	0.0	0.0	0.0	0.0	0.0	0.0	0.0	0.0	0.0	0.0	0.0	0.0	0.0	0.0	0.04668304668304668	0.0	0.0	0.0	0.0	0.0	0.0	0.0	0.0	0.0	0.06072874493927125	0.0	0.06072874493927125	0.0	0.0	0.0	0.059967585089141004	0.0384	0.0	0.0	0.0	0.0	0.0	0.0	0.3065442020665901	0.0	0.0	0.0	0.0	0.0	0.0	0.0	0.0	0.0	0.0	0.0	0.0	0.0	0.0	0.0	0.0	0.0	0.0	0.0	0.0	0.0	0.0	0.0	0.0	0.0	0.0	0.043348281016442454	0.0	0.0	0.0	0.0	0.0	0.0	0.0	0.0	0.0	0.16395864106351551	0.16395864106351551	0.04389465283320032	0.06666666666666667	0.0	0.0	0.06666666666666667	0.17149478563151796	0.0
0.0	0.0	0.012345679012345678	0.0	0.0	0.0	0.0	0.0	0.0	0.0	0.0	0.013833110218652387	0.018533440773569703	0.026058631921824105	0.04215456674473068	0.0	0.0	0.0379746835443038	0.0	0.0	0.0	0.0	0.0	0.026490066225165563	0.0	0.02040816326530612	0.0	0.0	0.0	0.0	0.0	0.0	0.0	0.055248618784530384	0.010899182561307902	0.01929260450160772	0.03257328990228013	0.0	0.0	0.0	0.024439918533604887	0.0	0.006928406466512702	0.0	0.0	0.0	0.0	0.0	0.0	0.0	0.0	0.0	0.0	0.0	0.0	0.02074688796680498	0.0	0.0	0.0	0.0	0.0	0.0	0.0	0.0	0.024899598393574297	0.028846153846153848	0.0	0.0	0.0	0.0	0.032432432432432434	0.0	0.016260162601626018	0.0	0.0	0.0	0.012145748987854251	0.0	0.0	0.0	0.0	0.0	0.0	0.0	0.0	0.005931784478497282	0.0326975476839237	0.0	0.0	0.058091286307053944	0.02972972972972973	0.0	0.0	0.032432432432432434	0.0	0.0	0.0	0.0	0.0	0.0165016501650165	0.0	0.0	0.049723756906077346	0.020642201834862386	0.02168021680216802	0.0	0.0	0.0	0.0	0.0	0.0	0.0	0.0	0.0	0.0	0.0	0.0125	0.0	0.0	0.0	0.0	0.037825059101654845	0.0	0.019927536231884056	0.0	1.0	0.0	0.488	0.0	0.0	0.0	0.0	0.0	0.0	0.0	0.049723756906077346	0.0	0.0	0.049723756906077346	0.012145748987854251	0.0	0.0	0.0	0.0174496644295302	0.0	0.0	0.0	0.0	0.00683371298405467	0.0	0.00804289544235925	0.0	0.00804289544235925	0.0	0.0	0.02546296296296296	0.0	0.008108108108108109	0.0	0.0	0.0	0.0	0.0	0.0	0.0	0.0	0.0	0.0	0.0	0.0	0.0	0.0	0.0	0.0	0.0	0.0	0.0	0.0	0.03309692671394799	0.0	0.010810810810810811	0.013422818791946308	0.0	0.0	0.010752688172043012	0.0	0.0	0.0	0.0	0.0	0.03257328990228013	0.043596730245231606	0.04590163934426229	0.043668122270742356	0.00967741935483871	0.008108108108108109	0.008108108108108109	0.0	0.0	0.013550135501355014	0.0	0.11392405063291139	0.0	0.016194331983805668	0.016304347826086956	0.0	0.0	0.02074688796680498	0.0	0.072	0.0	0.0	0.10404624277456648	0.0	0.029166666666666667	0.09871244635193133	0.014738393515106854	0.0029654036243822075	0.0	0.0	0.03614457831325301	0.0	0.0	0.0	0.0	0.0	0.0	0.023121387283236993	0.15789473684210525	0.02903225806451613	0.0	0.0	0.008146639511201629	0.0	0.0	0.0	0.0	0.0	0.005780346820809248	0.0	0.0	0.0	0.0	0.0	0.0	0.012145748987854251	0.008	0.007989347536617843	0.02074688796680498	0.0	0.0	0.028846153846153848	0.0	0.04377104377104377	0.0	0.0	0.0	0.0	0.0	0.0	0.01276595744680851	0.0	0.0	0.0	0.18861209964412812	0.0	0.03	0.0	0.15789473684210525	0.0	0.016194331983805668	0.06859205776173286	0.04149377593360996	0.00964630225080386	0.0	0.0	0.0	0.0	0.0	0.0	0.0	0.0	0.0	0.024464831804281346	0.0	0.0	0.0	0.0	0.0	0.049723756906077346	0.0	0.0	0.0
0.0	0.0	0.0	0.0	0.0	0.0	0.0	0.0	0.0	0.0	0.0	0.0	0.0	0.0	0.0	0.0	0.06885245901639345	0.0	0.0	0.0	0.0	0.0	0.0	0.0	0.0	0.0	0.0	0.0	0.0	0.0	0.0	0.0	0.0	0.0	0.0	0.0	0.0	0.0	0.0	0.09243697478991597	0.0	0.006631299734748011	0.0	0.0	0.0	0.0	0.0	0.0	0.0	0.0	0.0	0.0	0.0	0.0	0.0	0.0	0.0	0.0	0.0	0.0	0.0	0.0	0.0	0.0	0.0	0.0	0.0	0.0	0.0	0.0	0.0	0.0	0.0	0.0	0.0	0.0	0.0	0.0	0.0	0.0	0.0	0.0	0.0	0.0	0.0	0.0	0.0	0.0	0.04864864864864865	0.0	0.0	0.0	0.0	0.0	0.0	0.0	0.0	0.03403565640194489	0.0	0.0	0.0	0.0	0.0	0.0	0.0	0.0	0.0	0.0	0.0	0.0	0.0	0.0	0.0	0.0	0.0	0.0	0.018108651911468814	0.0	0.0	0.0	0.0	0.0	0.016260162601626018	0.0	0.0	0.0	1.0	0.0	0.0	0.0	0.0	0.0	0.0	0.0	0.0	0.0	0.0	0.0	0.0	0.0	0.0	0.0	0.0	0.0	0.0	0.1724137931034483	0.04516129032258064	0.03184713375796178	0.026595744680851064	0.0728476821192053	0.05806451612903226	0.06451612903225806	0.05806451612903226	0.04516129032258064	0.03184713375796178	0.0	0.0	0.0	0.0	0.0	0.0	0.0	0.0	0.012903225806451613	0.03225806451612903	0.025210084033613446	0.00992063492063492	0.012	0.012	0.00992063492063492	0.012	0.016260162601626018	0.00992063492063492	0.012	0.05747126436781609	0.0	0.0	0.0	0.0	0.0	0.0	0.0	0.0	0.0	0.0	0.058823529411764705	0.0	0.0	0.0	0.04225352112676056	0.0	0.0	0.0	0.0	0.0	0.0	0.0	0.14754098360655737	0.14754098360655737	0.0	0.0	0.0	0.0	0.0	0.0	0.0	0.0	0.0	0.0	0.0	0.0	0.0	0.0	0.0	0.0	0.0	0.0	0.005749191519942508	0.0	0.0	0.0	0.0	0.0	0.0	0.0	0.0	0.0	0.0	0.0	0.0	0.0	0.0	0.0	0.0	0.2542372881355932	0.0	0.04516129032258064	0.03184713375796178	0.0	0.0	0.0	0.0	0.0	0.0	0.0	0.0	0.0	0.0	0.0	0.0	0.0	0.0	0.0	0.0	0.0	0.0	0.0	0.0	0.0	0.0	0.0	0.02912621359223301	0.0	0.0	0.0	0.0	0.0	0.0	0.0	0.0	0.0	0.0	0.0	0.0	0.0	0.0	0.16483516483516483	0.0	0.02459016393442623	0.0	0.0	0.0	0.0	0.0	0.0	0.0	0.0	0.0	0.0	0.0	0.0	0.0	0.0
0.0	0.0	0.012345679012345678	0.0	0.0	0.0	0.0	0.0	0.0	0.0	0.0	0.013833110218652387	0.018533440773569703	0.026058631921824105	0.04215456674473068	0.0	0.0	0.0379746835443038	0.0	0.0	0.0	0.0	0.0	0.026490066225165563	0.0	0.02040816326530612	0.0	0.0	0.0	0.0	0.0	0.0	0.0	0.055248618784530384	0.010899182561307902	0.01929260450160772	0.03257328990228013	0.0	0.0	0.0	0.024439918533604887	0.0	0.006928406466512702	0.0	0.0	0.0	0.0	0.0	0.0	0.0	0.0	0.0	0.0	0.0	0.0	0.02074688796680498	0.0	0.0	0.0	0.0	0.0	0.0	0.0	0.0	0.024899598393574297	0.028846153846153848	0.0	0.0	0.0	0.0	0.032432432432432434	0.0	0.016260162601626018	0.0	0.0	0.0	0.012145748987854251	0.0	0.0	0.0	0.0	0.0	0.0	0.0	0.0	0.005931784478497282	0.0326975476839237	0.0	0.0	0.058091286307053944	0.02972972972972973	0.0	0.0	0.032432432432432434	0.0	0.0	0.0	0.0	0.0	0.0165016501650165	0.0	0.0	0.049723756906077346	0.020642201834862386	0.02168021680216802	0.0	0.0	0.0	0.0	0.0	0.0	0.0	0.0	0.0	0.0	0.0	0.0125	0.0	0.0	0.0	0.0	0.037825059101654845	0.0	0.019927536231884056	0.0	0.488	0.0	1.0	0.0	0.0	0.0	0.0	0.0	0.0	0.0	0.049723756906077346	0.0	0.0	0.049723756906077346	0.012145748987854251	0.0	0.0	0.0	0.0174496644295302	0.0	0.0	0.0	0.0	0.00683371298405467	0.0	0.00804289544235925	0.0	0.00804289544235925	0.0	0.0	0.02546296296296296	0.0	0.008108108108108109	0.0	0.0	0.0	0.0	0.0	0.0	0.0	0.0	0.0	0.0	0.0	0.0	0.0	0.0	0.0	0.0	0.0	0.0	0.0	0.0	0.03309692671394799	0.0	0.010810810810810811	0.013422818791946308	0.0	0.0	0.010752688172043012	0.0	0.0	0.0	0.0	0.0	0.03257328990228013	0.043596730245231606	0.04590163934426229	0.043668122270742356	0.00967741935483871	0.008108108108108109	0.008108108108108109	0.0	0.0	0.013550135501355014	0.0	0.11392405063291139	0.0	0.016194331983805668	0.016304347826086956	0.0	0.0	0.02074688796680498	0.0	0.072	0.0	0.0	0.10404624277456648	0.0	0.029166666666666667	0.09871244635193133	0.014738393515106854	0.0029654036243822075	0.0	0.0	0.03614457831325301	0.0	0.0	0.0	0.0	0.0	0.0	0.023121387283236993	0.15789473684210525	0.02903225806451613	0.0	0.0	0.008146639511201629	0.0	0.0	0.0	0.0	0.0	0.005780346820809248	0.0	0.0	0.0	0.0	0.0	0.0	0.012145748987854251	0.008	0.007989347536617843	0.02074688796680498	0.0	0.0	0.028846153846153848	0.0	0.04377104377104377	0.0	0.0	0.0	0.0	0.0	0.0	0.01276595744680851	0.0	0.0	0.0	0.18861209964412812	0.0	0.03	0.0	0.15789473684210525	0.0	0.016194331983805668	0.06859205776173286	0.04149377593360996	0.00964630225080386	0.0	0.0	0.0	0.0	0.0	0.0	0.0	0.0	0.0	0.024464831804281346	0.0	0.0	0.0	0.0	0.0	0.049723756906077346	0.0	0.0	0.0
0.0315955766192733	0.0	0.0	0.0	0.0	0.0	0.0	0.0	0.0	0.052980132450331126	0.026881720430107527	0.007579346281383231	0.0	0.0	0.0	0.0	0.0	0.0	0.0	0.0	0.0	0.0	0.0	0.0	0.0	0.0	0.0	0.0	0.0	0.0	0.0	0.0	0.0	0.0	0.0	0.0	0.0	0.0	0.0	0.0	0.0	0.0	0.0	0.0	0.0	0.0	0.0	0.0	0.0	0.0	0.0	0.017897091722595078	0.0163098878695209	0.0	0.0	0.0	0.0	0.0	0.0	0.0	0.0	0.0	0.0	0.0	0.0	0.0	0.0	0.0	0.0	0.0	0.0	0.0	0.0	0.0	0.0	0.0	0.0	0.0	0.0	0.0	0.0	0.11904761904761904	0.06741573033707865	0.044444444444444446	0.02622950819672131	0.0	0.0	0.0	0.0	0.0	0.0	0.0	0.0	0.0	0.0	0.0	0.0	0.0	0.0	0.0	0.0	0.0	0.0	0.0	0.0	0.0	0.0	0.0	0.0	0.0	0.0	0.0	0.017897091722595078	0.0	0.0	0.0	0.0	0.0	0.0	0.0	0.0	0.0	0.0	0.0	0.0	0.0	0.0	0.0	1.0	0.4666666666666667	0.0	0.0	0.0	0.0	0.0	0.0	0.013793103448275862	0.0	0.0	0.0	0.0	0.0	0.0	0.0	0.0	0.0	0.0	0.0	0.0	0.0	0.0	0.0	0.0	0.0	0.0	0.0	0.0	0.0	0.0	0.0	0.0	0.0	0.0	0.0	0.0	0.0	0.0	0.0	0.0	0.0	0.0	0.0	0.0	0.0	0.0	0.0	0.0	0.0	0.0	0.0	0.0	0.0	0.0	0.0	0.0	0.0	0.0	0.0	0.0	0.0	0.0	0.0	0.0	0.0	0.0	0.0	0.0	0.0	0.0	0.0	0.0	0.0	0.0	0.0	0.0	0.0	0.0	0.0	0.0	0.0	0.0	0.0	0.0	0.0	0.0	0.0	0.0	0.0	0.0	0.0	0.0	0.0	0.0	0.032955715756951595	0.034482758620689655	0.0	0.0	0.0	0.0	0.0	0.0	0.0	0.03644646924829157	0.0	0.0	0.0	0.0	0.0	0.0326530612244898	0.0	0.0	0.0	0.0	0.0	0.0	0.0	0.0	0.0	0.0	0.0	0.0	0.0	0.0	0.0	0.0	0.0	0.0	0.0	0.0	0.0	0.0	0.0	0.0	0.0	0.0	0.0	0.0	0.0	0.0	0.0	0.0	0.0	0.0	0.0	0.029411764705882353	0.0	0.0	0.0	0.0	0.0326530612244898	0.0	0.0684931506849315	0.0	0.0	0.0	0.0	0.0	0.0	0.0	0.0	0.0	0.0	0.0
0.0315955766192733	0.0	0.0	0.0	0.0	0.0	0.0	0.0	0.0	0.052980132450331126	0.026881720430107527	0.007579346281383231	0.0	0.0	0.0	0.0	0.0	0.0	0.0	0.0	0.0	0.0	0.0	0.0	0.0	0.0	0.0	0.0	0.0	0.0	0.0	0.0	0.0	0.0	0.0	0.0	0.0	0.0	0.0	0.0	0.0	0.0	0.0	0.0	0.0	0.0	0.0	0.0	0.0	0.0	0.0	0.017897091722595078	0.0163098878695209	0.0	0.0	0.0	0.0	0.0	0.0	0.0	0.0	0.0	0.0	0.0	0.0	0.0	0.0	0.0	0.0	0.0	0.0	0.0	0.0	0.0	0.0	0.0	0.0	0.0	0.0	0.0	0.0	0.11904761904761904	0.06741573033707865	0.044444444444444446	0.02622950819672131	0.0	0.0	0.0	0.0	0.0	0.0	0.0	0.0	0.0	0.0	0.0	0.0	0.0	0.0	0.0	0.0	0.0	0.0	0.0	0.0	0.0	0.0	0.0	0.0	0.0	0.0	0.0	0.017897091722595078	0.0	0.0	0.0	0.0	0.0	0.0	0.0	0.0	0.0	0.0	0.0	0.0	0.0	0.0	0.0	0.4666666666666667	1.0	0.0	0.0	0.0	0.0	0.0	0.0	0.013793103448275862	0.0	0.0	0.0	0.0	0.0	0.0	0.0	0.0	0.0	0.0	0.0	0.0	0.0	0.0	0.0	0.0	0.0	0.0	0.0	0.0	0.0	0.0	0.0	0.0	0.0	0.0	0.0	0.0	0.0	0.0	0.0	0.0	0.0	0.0	0.0	0.0	0.0	0.0	0.0	0.0	0.0	0.0	0.0	0.0	0.0	0.0	0.0	0.0	0.0	0.0	0.0	0.0	0.0	0.0	0.0	0.0	0.0	0.0	0.0	0.0	0.0	0.0	0.0	0.0	0.0	0.0	0.0	0.0	0.0	0.0	0.0	0.0	0.0	0.0	0.0	0.0	0.0	0.0	0.0	0.0	0.0	0.0	0.0	0.0	0.0	0.0	0.032955715756951595	0.034482758620689655	0.0	0.0	0.0	0.0	0.0	0.0	0.0	0.03644646924829157	0.0	0.0	0.0	0.0	0.0	0.0326530612244898	0.0	0.0	0.0	0.0	0.0	0.0	0.0	0.0	0.0	0.0	0.0	0.0	0.0	0.0	0.0	0.0	0.0	0.0	0.0	0.0	0.0	0.0	0.0	0.0	0.0	0.0	0.0	0.0	0.0	0.0	0.0	0.0	0.0	0.0	0.0	0.029411764705882353	0.0	0.0	0.0	0.0	0.0326530612244898	0.0	0.0684931506849315	0.0	0.0	0.0	0.0	0.0	0.0	0.0	0.0	0.0	0.0	0.0
0.03815580286168521	0.0	0.0	0.0	0.0	0.0	0.0	0.0	0.0	0.0	0.0	0.0	0.0	0.0	0.0	0.0	0.0	0.09523809523809523	0.06711409395973154	0.0	0.0	0.0	0.0	0.06728971962616823	0.2542372881355932	0.06818181818181818	0.0	0.0	0.08633093525179857	0.0	0.0	0.0	0.0	0.0	0.0	0.0	0.0	0.0	0.06896551724137931	0.0	0.0	0.0	0.0	0.0	0.0	0.0	0.0	0.0	0.0	0.0	0.0	0.0	0.0	0.0	0.0	0.09302325581395349	0.14285714285714285	0.06779661016949153	0.04311251314405889	0.45454545454545453	0.0	0.0	0.0	0.0	0.0	0.0	0.0	0.0	0.0	0.15702479338842976	0.0	0.0	0.0	0.0	0.0	0.0	0.06741573033707865	0.0	0.0	0.0	0.0	0.0	0.0	0.06818181818181818	0.0	0.0	0.0	0.0	0.0	0.0	0.0	0.0	0.0	0.0	0.0	0.0	0.0	0.0	0.0	0.0	0.3103448275862069	0.0	0.0	0.0	0.0	0.0	0.0	0.0	0.0	0.0	0.0	0.08970099667774087	0.0	0.0	0.23076923076923078	0.14285714285714285	0.06517311608961303	0.0	0.0	0.0	0.0	0.0	0.0	0.0	0.0	0.0	0.0	0.0	0.0	0.0	1.0	0.4883720930232558	0.0	0.0	0.0	0.0	0.0	0.0	0.0	0.0	0.0	0.0	0.0	0.0	0.0	0.0	0.0	0.0	0.0	0.0	0.0	0.0	0.0	0.0	0.0	0.0	0.0	0.0	0.0	0.0	0.0	0.0	0.0	0.0	0.0	0.0	0.0	0.0	0.0	0.0	0.0	0.0	0.0	0.0	0.0	0.0	0.03404255319148936	0.0	0.0	0.0	0.0	0.0	0.0	0.0	0.0	0.0	0.0	0.0	0.0	0.08571428571428572	0.0	0.0	0.0	0.0	0.0	0.0	0.0	0.0	0.0	0.13333333333333333	0.3333333333333333	0.09523809523809523	0.0	0.0	0.0	0.0	0.0	0.0	0.0	0.0	0.0	0.0	0.0	0.0	0.0	0.0	0.0	0.0	0.0	0.038461538461538464	0.0	0.0	0.0	0.0	0.0	0.0	0.0	0.0	0.0	0.0	0.0	0.0	0.0	0.0	0.0	0.0	0.0	0.0	0.0	0.0	0.0	0.0	0.0	0.0	0.0	0.0	0.0	0.0	0.27906976744186046	0.0	0.0	0.0	0.0	0.0	0.0	0.0	0.0	0.0	0.0	0.0	0.0	0.0	0.0	0.0	0.0	0.0	0.0	0.0	0.0	0.0	0.20224719101123595	0.0	0.0	0.049586776859504134	0.0	0.06722689075630252	0.0	0.3103448275862069	0.0	0.0	0.0	0.0	0.0	0.0	0.0	0.0	0.0	0.0	0.0	0.0	0.0	0.0	0.0
0.02902757619738752	0.0	0.0	0.0	0.0	0.0	0.0	0.0	0.0	0.0	0.0	0.0	0.0	0.0	0.0	0.0	0.0	0.05263157894736842	0.0446927374301676	0.0	0.0	0.14857142857142858	0.0	0.040336134453781515	0.10112359550561797	0.03389830508474576	0.0	0.0	0.050314465408805034	0.0	0.0	0.0	0.0	0.0	0.0	0.0	0.0	0.0	0.0410958904109589	0.0	0.0	0.0	0.0	0.0	0.0	0.0	0.0	0.0	0.0	0.0	0.10172272354388844	0.0	0.0	0.0	0.0	0.05172413793103448	0.06976744186046512	0.04054054054054054	0.020990764063811923	0.24324324324324326	0.0	0.0	0.0	0.0	0.0	0.0	0.0	0.0	0.0	0.08609271523178808	0.0	0.0	0.0	0.0	0.1411764705882353	0.0	0.03361344537815126	0.0	0.0	0.0	0.0	0.0	0.0	0.03389830508474576	0.0	0.0	0.0	0.0	0.0	0.0	0.0	0.0	0.0	0.0	0.0	0.0	0.0	0.0	0.0	0.0	0.13636363636363635	0.0	0.0	0.0	0.0	0.0	0.0	0.0	0.0	0.0	0.0	0.14127423822714683	0.0	0.0	0.12195121951219512	0.06976744186046512	0.036297640653357534	0.0	0.0	0.0	0.0	0.0	0.0	0.0	0.0	0.0	0.0	0.0	0.0	0.0	0.4883720930232558	1.0	0.0	0.16853932584269662	0.0	0.0	0.0	0.0	0.0	0.0	0.0	0.0	0.0	0.0	0.05970149253731343	0.0	0.0	0.0	0.0	0.0	0.0	0.0	0.0	0.0	0.0	0.0	0.0	0.0	0.0	0.0	0.0	0.19310344827586207	0.0	0.0	0.0	0.0	0.0	0.0	0.0	0.0	0.0	0.0	0.0	0.0	0.0	0.0	0.022641509433962263	0.0	0.0	0.0	0.0	0.0	0.0	0.0	0.0	0.0	0.0	0.0	0.0	0.05	0.0	0.0	0.0	0.0	0.0	0.0	0.0	0.0	0.0	0.07777777777777778	0.19298245614035087	0.05263157894736842	0.0	0.0	0.0	0.0	0.0	0.0	0.0	0.0	0.0	0.0	0.0	0.0	0.0	0.0	0.0	0.0	0.0	0.025210084033613446	0.0	0.0	0.0	0.0	0.0	0.0	0.0	0.0	0.0	0.0	0.0	0.0	0.0	0.0	0.0	0.0	0.0	0.0	0.0	0.0	0.0	0.0	0.0	0.4772727272727273	0.12	0.15126050420168066	0.12448132780082988	0.0	0.15517241379310345	0.0	0.0	0.0	0.0	0.0	0.0	0.0	0.0	0.0	0.0	0.0	0.0	0.0	0.0	0.0	0.0	0.10172272354388844	0.0	0.0	0.0	0.0	0.10084033613445378	0.0	0.0	0.026490066225165563	0.0	0.040268456375838924	0.0	0.13636363636363635	0.0	0.0	0.0	0.0	0.0	0.0	0.0	0.0	0.0	0.0	0.0	0.0	0.0	0.0	0.0
0.0	0.0	0.0	0.0	0.0	0.0	0.0	0.0	0.0	0.0	0.0	0.02550779404818139	0.01611459265890779	0.0	0.024657534246575342	0.0	0.0	0.0	0.0	0.0	0.0	0.0	0.0	0.027675276752767528	0.0	0.0	0.0	0.0	0.0	0.0	0.0	0.04950495049504951	0.15428571428571428	0.0	0.08852459016393442	0.0	0.0	0.0	0.0	0.0	0.0	0.0	0.0	0.0	0.0	0.0	0.0	0.0	0.0	0.0	0.0	0.0	0.0	0.0	0.0	0.0	0.0	0.0	0.0	0.0	0.08108108108108109	0.0	0.0	0.0	0.0	0.0	0.0	0.0	0.0	0.0	0.0	0.0	0.0	0.0	0.0	0.0	0.0	0.0	0.0	0.0	0.0	0.08771929824561403	0.049723756906077346	0.0	0.0	0.0	0.0	0.0	0.0	0.0	0.0	0.0	0.0	0.0	0.0	0.0	0.022100289590001525	0.048465266558966075	0.0	0.0	0.0	0.0	0.0	0.0	0.029315960912052116	0.0	0.0	0.0	0.0	0.0	0.0	0.0	0.0	0.0	0.0	0.0	0.0	0.0	0.0	0.0	0.0	0.0	0.0	0.0	0.0	0.0	0.0	0.0	0.0	0.0	0.0	0.0	1.0	0.0	0.0	0.0	0.0	0.0	0.0	0.0	0.0	0.0	0.0	0.0	0.0	0.0	0.0	0.0	0.0	0.0	0.0	0.0	0.0	0.0	0.0	0.0	0.0	0.0	0.0	0.0	0.0	0.0	0.0	0.0	0.0	0.0	0.0	0.0	0.0	0.0	0.0	0.0	0.0	0.0	0.0	0.0	0.0	0.0	0.0	0.0	0.0	0.03074670571010249	0.0	0.16483516483516483	0.0	0.0	0.0	0.0	0.0	0.0	0.0	0.0	0.0	0.0	0.0	0.0	0.0	0.0	0.0	0.0	0.0	0.0	0.0	0.0	0.0	0.0	0.0	0.0	0.0	0.0	0.0	0.0	0.0	0.0	0.0	0.0	0.0	0.023681377825618945	0.0	0.0	0.016042780748663103	0.0	0.0	0.0	0.0	0.0	0.0	0.0	0.0	0.0	0.0	0.0	0.0	0.0	0.0	0.0	0.0	0.0	0.0	0.0	0.0	0.0	0.0	0.0	0.0	0.0	0.0	0.0	0.0	0.0	0.0	0.0	0.0	0.0	0.0	0.0	0.0	0.0	0.0	0.0	0.0	0.11290322580645161	0.0	0.0	0.0	0.0	0.0	0.0	0.0	0.0	0.0	0.0	0.08379888268156424	0.0	0.0	0.0	0.0	0.0	0.0	0.0	0.0	0.0	0.0	0.0	0.0	0.0	0.0	0.0	0.0	0.0	0.0	0.0	0.027829313543599257
0.0	0.0	0.0	0.0	0.0	0.0	0.0	0.0	0.0	0.0	0.0	0.0	0.0	0.0	0.0	0.0	0.0	0.0	0.0	0.0	0.0	0.11486486486486487	0.0	0.0	0.0	0.0	0.0	0.0	0.0	0.0	0.0	0.0	0.0	0.0	0.0	0.0	0.0	0.0	0.0	0.0	0.0	0.0	0.0	0.0	0.0	0.0	0.0	0.0	0.0	0.0	0.0518444666001994	0.0	0.0	0.0	0.0	0.0	0.0	0.0	0.0	0.0	0.0	0.0	0.0	0.0	0.0	0.0	0.0	0.0	0.0	0.0	0.0	0.0	0.0	0.0	0.1048951048951049	0.0	0.0	0.0	0.0	0.0	0.0	0.0	0.0	0.0	0.0	0.0	0.0	0.0	0.0	0.0	0.0	0.0	0.0	0.0	0.0	0.0	0.0	0.0	0.0	0.0	0.0	0.0	0.0	0.0	0.0	0.0	0.0	0.0	0.0	0.0	0.0	0.13680781758957655	0.0	0.0	0.0	0.0	0.0	0.0	0.0	0.0	0.0	0.0	0.0	0.0	0.0	0.0	0.0	0.0	0.0	0.0	0.0	0.16853932584269662	0.0	1.0	0.0	0.0	0.0	0.0	0.0	0.0	0.0	0.0	0.0	0.0	0.05172413793103448	0.0	0.0	0.0	0.0	0.0	0.0	0.0	0.0	0.0	0.0	0.0	0.0	0.0	0.0	0.0	0.0	0.16101694915254236	0.0	0.0	0.0	0.0	0.0	0.0	0.0	0.0	0.0	0.0	0.0	0.0	0.0	0.0	0.0	0.0	0.0	0.0	0.0	0.0	0.0	0.0	0.0	0.0	0.0	0.0	0.0	0.0	0.0	0.0	0.0	0.0	0.0	0.0	0.0	0.0	0.0	0.0	0.0	0.0	0.0	0.0	0.0	0.0	0.0	0.0	0.0	0.0	0.0	0.0	0.0	0.0	0.0	0.0	0.0	0.0	0.0	0.0	0.0	0.0	0.0	0.0	0.0	0.0	0.0	0.0	0.0	0.0	0.0	0.0	0.0	0.0	0.0	0.0	0.0	0.0	0.0	0.0	0.0	0.0	0.0	0.14754098360655737	0.07317073170731707	0.09782608695652174	0.06417112299465241	0.0	0.0	0.0	0.0	0.0	0.0	0.0	0.0	0.0	0.0	0.0	0.0	0.0	0.0	0.0	0.0	0.0	0.0	0.0518444666001994	0.0	0.0	0.0	0.0	0.0	0.0	0.0	0.0	0.0	0.0	0.0	0.0	0.0	0.0	0.0	0.0	0.0	0.0	0.0	0.0	0.0	0.0	0.0	0.0	0.0	0.0	0.0
0.0	0.10344827586206896	0.0	0.04895738893925657	0.04703476482617587	0.0	0.0	0.0	0.0	0.0	0.0	0.0	0.0	0.0	0.0	0.0	0.0	0.0	0.0	0.0	0.0	0.0	0.0	0.0	0.0	0.0	0.0	0.0	0.0	0.0	0.0	0.0	0.0	0.0	0.0	0.0	0.0	0.0	0.0	0.0	0.0	0.0	0.0	0.0	0.0	0.0	0.0	0.0	0.0	0.0	0.0	0.05092383956737269	0.0	0.027375201288244767	0.0	0.0	0.0	0.0	0.0	0.0	0.0	0.0	0.0	0.029605263157894735	0.0	0.0	0.0	0.0	0.0	0.0	0.0	0.0	0.0	0.0	0.0	0.04703476482617587	0.0	0.0	0.0	0.0	0.04703476482617587	0.0	0.0	0.0	0.04983388704318937	0.0	0.0	0.0	0.0	0.0	0.0	0.08086253369272237	0.21348314606741572	0.0	0.0	0.0	0.011990776325903152	0.0	0.0	0.042735042735042736	0.0	0.0	0.0	0.0	0.0	0.0	0.0	0.03776683087027915	0.0	0.0	0.0	0.0	0.05092383956737269	0.0	0.0	0.0	0.0	0.0	0.0	0.0	0.0	0.0	0.0	0.0	0.06224066390041494	0.0	0.0	0.0	0.0	0.0	0.0	0.0	0.0	0.0	1.0	0.0	0.0	0.0	0.0	0.0	0.0	0.09401709401709402	0.04744525547445255	0.0	0.0	0.0	0.0	0.0	0.0	0.0	0.0	0.0	0.0	0.0	0.0	0.0	0.0	0.0	0.0	0.0	0.0	0.0	0.0	0.0	0.0	0.0	0.0	0.0	0.0	0.0	0.0	0.0	0.0	0.0	0.0	0.0	0.0	0.0	0.0	0.0	0.0	0.0	0.0	0.0	0.0	0.0	0.0	0.0	0.0	0.0	0.0	0.0	0.0	0.0	0.0	0.0	0.0	0.0	0.0	0.0	0.0	0.0	0.0	0.0	0.0	0.0	0.0	0.0	0.06224066390041494	0.0	0.0	0.0	0.0	0.0	0.0	0.0	0.0	0.0	0.0	0.0	0.0	0.0	0.0	0.06749740394600208	0.0	0.0	0.0	0.0	0.0	0.0	0.0	0.0	0.0	0.0847457627118644	0.0	0.0847457627118644	0.0	0.0	0.0	0.0942622950819672	0.07056451612903226	0.0	0.0	0.0	0.0	0.0	0.0	0.037520391517128875	0.0	0.0	0.0	0.0	0.0	0.0	0.0	0.0	0.0	0.0	0.0	0.0	0.0	0.0	0.0	0.0	0.0	0.0	0.0	0.0	0.0	0.0	0.0	0.0	0.0	0.0	0.07037037037037037	0.0	0.0	0.0	0.0	0.0	0.0	0.0	0.0	0.0	0.04744525547445255	0.04744525547445255	0.06733668341708543	0.09836065573770492	0.0	0.0	0.09836065573770492	0.02316076294277929	0.0
0.0	0.0	0.40229885057471265	0.0	0.0	0.0	0.0	0.0	0.0	0.0	0.0	0.0	0.0	0.0	0.0	0.0	0.0	0.2857142857142857	0.0	0.0	0.0	0.0	0.0	0.0	0.0	0.20454545454545456	0.0	0.0	0.0	0.0	0.0	0.0	0.0	0.0	0.0	0.0	0.0	0.0	0.0	0.0	0.0	0.0	0.08241758241758242	0.0	0.0	0.0	0.0	0.0	0.0	0.0	0.0	0.0	0.0	0.0	0.0	0.06976744186046512	0.0	0.0	0.0	0.0	0.0	0.0	0.0	0.0	0.04607046070460705	0.0	0.0	0.0	0.0	0.0	0.0	0.0	0.0	0.0	0.0	0.0	0.16853932584269662	0.0	0.0	0.0	0.0	0.0	0.0	0.0	0.0	0.0	0.0	0.0	0.0	0.0	0.0	0.0	0.0	0.0	0.0	0.0	0.0	0.0	0.0	0.15384615384615385	0.0	0.0	0.42857142857142855	0.0	0.0	0.0	0.0	0.0	0.0	0.0	0.0	0.0	0.0	0.0	0.0	0.0	0.0	0.0	0.0	0.0	0.0	0.0	0.0	0.0	0.0	0.049723756906077346	0.0	0.049723756906077346	0.0	0.0	0.0	0.0	0.0	0.0	0.0	1.0	0.0	0.0	0.42857142857142855	0.16853932584269662	0.0	0.0	0.0	0.0	0.0	0.0	0.0	0.0	0.08108108108108109	0.0	0.09868421052631579	0.0	0.09868421052631579	0.0	0.0	0.0	0.0	0.09966777408637874	0.0	0.0	0.0	0.0	0.0	0.0	0.0	0.0	0.0	0.0	0.0	0.0	0.0	0.0	0.0	0.0	0.0	0.0	0.0	0.0	0.0	0.0	0.0	0.0	0.0	0.0	0.0	0.0	0.0	0.0	0.0	0.0	0.0	0.0	0.0	0.0	0.0	0.0	0.0	0.0	0.0	0.12	0.0	0.09523809523809523	0.0	0.0	0.0	0.0	0.0	0.20930232558139536	0.0	0.049723756906077346	0.0	0.0	0.0	0.0	0.0	0.5121951219512195	0.0	0.0	0.0	0.0	0.05555555555555555	0.0	0.0	0.0	0.0	0.0	0.0	0.0	0.056179775280898875	0.0	0.0	0.0	0.0	0.0	0.0	0.0	0.0	0.0	0.0	0.0	0.0	0.0	0.0	0.0	0.0	0.16853932584269662	0.14917127071823205	0.09787928221859707	0.20930232558139536	0.0	0.0	0.0	0.0	0.017142857142857144	0.0	0.0	0.0	0.0	0.0	0.0	0.42168674698795183	0.0	0.0	0.0	0.05660377358490566	0.0	0.0	0.0	0.056179775280898875	0.0	0.0	0.018556701030927835	0.0	0.12396694214876033	0.0	0.0	0.0	0.0	0.0	0.0	0.0	0.0	0.0	0.0	0.0	0.0	0.0	0.0	0.0	0.14285714285714285	0.0	0.0	0.0
0.0189873417721519	0.0	0.0	0.0	0.0	0.05263157894736842	0.04590818363273453	0.0365296803652968	0.0365296803652968	0.08265802269043761	0.06841339155749636	0.004377964246625319	0.0	0.0	0.0	0.032748924909030766	0.0	0.0	0.0	0.0	0.0	0.0	0.033628318584070796	0.0	0.0	0.0	0.0	0.038696537678207736	0.0	0.08589951377633712	0.0	0.0	0.0	0.0	0.0	0.0	0.02333931777378815	0.06313645621181263	0.0	0.0	0.0	0.011594202898550725	0.0	0.08505747126436781	0.0365296803652968	0.07414829659318638	0.05693664795509222	0.1	0.05944986690328305	0.022545454545454546	0.013747228381374724	0.07439198855507868	0.28988206083178153	0.02446808510638298	0.07414829659318638	0.0	0.0	0.0	0.0	0.0	0.012072434607645875	0.0365296803652968	0.03908045977011494	0.04173354735152488	0.0	0.0	0.02012072434607646	0.041274438812454746	0.053475935828877004	0.0	0.0	0.0	0.0	0.01603206412825651	0.05342237061769616	0.0	0.0	0.0	0.0	0.0	0.0	0.037267080745341616	0.02028397565922921	0.012121212121212121	0.00967741935483871	0.0314257360238174	0.0	0.0	0.0	0.0	0.0	0.014492753623188406	0.0	0.0	0.09601181683899557	0.07635467980295567	0.0	0.0	0.027842227378190254	0.0	0.0	0.028	0.0	0.0	0.0	0.08589951377633712	0.06283662477558348	0.0	0.024734982332155476	0.05150976909413854	0.0	0.0	0.06065808297567954	0.04477611940298507	0.0	0.0	0.009876543209876543	0.027842227378190254	0.009693053311793215	0.009693053311793215	0.03908045977011494	0.0	0.03041144901610018	0.0	0.0	0.0	0.0	0.0	0.013793103448275862	0.013793103448275862	0.0	0.0	0.0	0.0	0.0	0.0	1.0	0.08589951377633712	0.0	0.0	0.0	0.0	0.014994232987312572	0.0	0.019667170953101363	0.059548254620123205	0.01765650080256822	0.012759170653907496	0.011611030478955007	0.027642276422764227	0.01765650080256822	0.022044088176352707	0.01765650080256822	0.01765650080256822	0.012759170653907496	0.0	0.021956087824351298	0.020967741935483872	0.04728132387706856	0.02434077079107505	0.14442413162705667	0.023679417122040074	0.0	0.027287319422150885	0.0	0.05263157894736842	0.01415929203539823	0.019538188277087035	0.019538188277087035	0.01415929203539823	0.019538188277087035	0.03041144901610018	0.01415929203539823	0.019538188277087035	0.0	0.0	0.0	0.038410596026490065	0.0	0.05726872246696035	0.05806451612903226	0.0	0.12224448897795591	0.0	0.0	0.0	0.0	0.0	0.038696537678207736	0.023004059539918808	0.0	0.0	0.0	0.0	0.0	0.0	0.0	0.0	0.0	0.0	0.0	0.0	0.0	0.0	0.0	0.0351634793337446	0.085995085995086	0.0	0.0	0.0	0.024822695035460994	0.024734982332155476	0.0	0.03406813627254509	0.021917808219178082	0.0	0.024232633279483037	0.0	0.01839080459770115	0.0	0.0	0.0	0.028	0.09119300437226734	0.5444947209653092	0.07424593967517401	0.05263157894736842	0.0	0.0	0.0	0.027575020275750203	0.01593625498007968	0.09001447178002894	0.0	0.0	0.0	0.01765650080256822	0.012759170653907496	0.13333333333333333	0.0161090458488228	0.012269938650306749	0.0	0.0	0.0	0.0	0.0	0.0	0.0	0.0	0.0	0.04868913857677903	0.0	0.021956087824351298	0.0	0.018943170488534396	0.04114490161001789	0.03406813627254509	0.0	0.0	0.0	0.0	0.03215434083601286	0.0	0.06365503080082136	0.0	0.013747228381374724	0.0	0.0642570281124498	0.0	0.08589951377633712	0.0	0.0	0.0	0.0	0.0919674039580908	0.0	0.0	0.0	0.04847396768402154	0.09157509157509157	0.05263157894736842	0.14662273476112025	0.03822937625754527	0.029867256637168143	0.014994232987312572	0.014994232987312572	0.01224739742804654	0.01897810218978102	0.032171581769437	0.0	0.01897810218978102	0.030389363722697058	0.012925969447708578
0.0	0.0	0.0	0.0	0.0	0.013157894736842105	0.02717391304347826	0.009836065573770493	0.009836065573770493	0.024793388429752067	0.018050541516245487	0.0	0.0	0.0	0.0	0.45403452428743474	0.0	0.0	0.0	0.0	0.0	0.0	0.009259259259259259	0.0	0.0	0.0	0.0	0.13966480446927373	0.0	0.14049586776859505	0.0	0.0	0.0	0.0	0.0	0.0	0.02830188679245283	0.08379888268156424	0.0	0.0	0.0	0.005385996409335727	0.0	0.019867549668874173	0.009836065573770493	0.01639344262295082	0.039755351681957186	0.13347022587268995	0.012775842044134728	0.0063119927862939585	0.01567034242600116	0.01889976375295309	0.10631970260223049	0.012391573729863693	0.01639344262295082	0.0	0.0	0.0	0.0	0.0	0.15934065934065933	0.009836065573770493	0.019867549668874173	0.018367346938775512	0.0	0.0	0.19230769230769232	0.5551569506726457	0.6357723577235772	0.0	0.0	0.0	0.0	0.17486338797814208	0.04291845493562232	0.0	0.0	0.0	0.0	0.0	0.0	0.0	0.0	0.0	0.0	0.014050582095543959	0.0	0.0	0.0	0.0	0.0	0.01615798922800718	0.0	0.0	0.38235294117647056	0.22827687776141384	0.0	0.0	0.06711409395973154	0.0	0.0	0.013623978201634877	0.0	0.0	0.0	0.14049586776859505	0.3018867924528302	0.0	0.006928406466512702	0.013953488372093023	0.0	0.0	0.01889976375295309	0.05531914893617021	0.0	0.0	0.004431314623338257	0.06711409395973154	0.02880658436213992	0.02880658436213992	0.019867549668874173	0.0	0.014084507042253521	0.0	0.0	0.0	0.0	0.0	0.0	0.0	0.0	0.0	0.0	0.0	0.0	0.0	0.08589951377633712	1.0	0.0	0.0	0.0	0.0	0.01634877384196185	0.0	0.022727272727272728	0.02824858757062147	0.00816326530612245	0.006072874493927126	0.00539568345323741	0.012448132780082987	0.00816326530612245	0.01092896174863388	0.00816326530612245	0.00816326530612245	0.006072874493927126	0.0	0.010869565217391304	0.043121149897330596	0.09655172413793103	0.05555555555555555	0.22705314009661837	0.028846153846153848	0.0	0.012244897959183673	0.0	0.023923444976076555	0.006944444444444444	0.009302325581395349	0.009302325581395349	0.006944444444444444	0.009302325581395349	0.014084507042253521	0.006944444444444444	0.009302325581395349	0.0	0.0	0.0	0.00964630225080386	0.0	0.043795620437956206	0.03490759753593429	0.0	0.01639344262295082	0.0	0.0	0.0	0.0	0.0	0.05027932960893855	0.009900990099009901	0.0	0.0	0.0	0.0	0.0	0.0	0.0	0.0	0.0	0.0	0.0	0.0	0.0	0.0	0.0	0.014022140221402213	0.12408759124087591	0.0	0.0	0.0	0.01160092807424594	0.006928406466512702	0.0	0.01639344262295082	0.018425460636515914	0.0	0.020741671904462602	0.0	0.052980132450331126	0.0	0.0	0.0	0.013623978201634877	0.02696629213483146	0.2	0.06711409395973154	0.013157894736842105	0.0	0.0	0.0	0.140641158221303	0.008130081300813009	0.02565856996236743	0.0	0.0	0.0	0.00816326530612245	0.006072874493927126	0.025477707006369428	0.017804154302670624	0.013196480938416423	0.0	0.0	0.0	0.0	0.0	0.0	0.0	0.0	0.0	0.023952095808383235	0.0	0.010869565217391304	0.0	0.009497964721845319	0.018779342723004695	0.01639344262295082	0.0	0.0	0.0	0.0	0.032719836400818	0.0	0.0847457627118644	0.0	0.01567034242600116	0.0	0.052054794520547946	0.0	0.4049586776859504	0.0	0.0	0.0	0.0	0.03305785123966942	0.0	0.0	0.0	0.03773584905660377	0.03366696997270246	0.013157894736842105	0.06329113924050633	0.04945054945054945	0.03372243839169909	0.01634877384196185	0.01634877384196185	0.013167520117044623	0.021739130434782608	0.024469820554649267	0.0	0.021739130434782608	0.02282608695652174	0.013927576601671309
0.0	0.0	0.1724137931034483	0.0	0.0	0.0	0.0	0.0	0.0	0.0	0.0	0.0	0.0	0.0	0.0	0.0	0.0	0.2857142857142857	0.0	0.0	0.0	0.0	0.0	0.0	0.0	0.20454545454545456	0.0	0.0	0.0	0.0	0.0	0.0	0.0	0.0	0.0	0.0	0.0	0.0	0.0	0.0	0.0	0.0	0.08241758241758242	0.0	0.0	0.0	0.0	0.0	0.0	0.0	0.0	0.0	0.0	0.0	0.0	0.06976744186046512	0.0	0.0	0.0	0.0	0.0	0.0	0.0	0.0	0.04607046070460705	0.0	0.0	0.0	0.0	0.0	0.0	0.0	0.0	0.0	0.0	0.0	0.16853932584269662	0.0	0.0	0.0	0.0	0.0	0.0	0.0	0.0	0.0	0.0	0.0	0.0	0.0	0.0	0.0	0.0	0.0	0.0	0.0	0.0	0.0	0.0	0.15384615384615385	0.0	0.0	0.42857142857142855	0.0	0.0	0.0	0.0	0.0	0.0	0.0	0.0	0.0	0.0	0.0	0.0	0.0	0.0	0.0	0.0	0.0	0.0	0.0	0.0	0.0	0.0	0.049723756906077346	0.0	0.049723756906077346	0.0	0.0	0.0	0.0	0.0	0.0	0.0	0.42857142857142855	0.0	0.0	1.0	0.16853932584269662	0.0	0.0	0.0	0.0	0.0	0.0	0.0	0.0	0.08108108108108109	0.0	0.09868421052631579	0.0	0.09868421052631579	0.0	0.0	0.0	0.0	0.09966777408637874	0.0	0.0	0.0	0.0	0.0	0.0	0.0	0.0	0.0	0.0	0.0	0.0	0.0	0.0	0.0	0.0	0.0	0.0	0.0	0.0	0.0	0.0	0.0	0.0	0.0	0.0	0.0	0.0	0.0	0.0	0.0	0.0	0.0	0.0	0.0	0.0	0.0	0.0	0.0	0.0	0.0	0.25333333333333335	0.0	0.09523809523809523	0.0	0.0	0.0	0.0	0.0	0.20930232558139536	0.0	0.049723756906077346	0.0	0.0	0.0	0.0	0.0	0.21951219512195122	0.0	0.0	0.0	0.0	0.05555555555555555	0.0	0.0	0.0	0.0	0.0	0.0	0.0	0.056179775280898875	0.0	0.0	0.0	0.0	0.0	0.0	0.0	0.0	0.0	0.0	0.0	0.0	0.0	0.0	0.0	0.0	0.16853932584269662	0.14917127071823205	0.09787928221859707	0.20930232558139536	0.0	0.0	0.0	0.0	0.017142857142857144	0.0	0.0	0.0	0.0	0.0	0.0	0.18072289156626506	0.0	0.0	0.0	0.05660377358490566	0.0	0.0	0.0	0.056179775280898875	0.0	0.0	0.018556701030927835	0.0	0.12396694214876033	0.0	0.0	0.0	0.0	0.0	0.0	0.0	0.0	0.0	0.0	0.0	0.0	0.0	0.0	0.0	0.14285714285714285	0.0	0.0	0.0
0.0	0.0	0.05	0.0	0.0	0.0	0.0	0.0	0.0	0.0	0.0	0.0	0.0	0.0	0.0	0.0	0.0	0.1282051282051282	0.0	0.0	0.06779661016949153	0.0	0.0	0.0	0.0	0.0743801652892562	0.0	0.0	0.020703933747412008	0.0	0.0	0.0	0.0	0.0	0.0	0.0	0.0	0.03361344537815126	0.0	0.0	0.0	0.0	0.04186046511627907	0.0	0.0	0.0	0.016194331983805668	0.0	0.0	0.0	0.0	0.0	0.0	0.0	0.0	0.025210084033613446	0.0	0.0	0.0	0.0	0.0	0.0	0.0	0.0	0.012106537530266344	0.0	0.0	0.0	0.0	0.0	0.0	0.0	0.0	0.0	0.0	0.0	0.04918032786885246	0.0	0.0	0.037914691943127965	0.0	0.0	0.0	0.0	0.0	0.0	0.0	0.0	0.0	0.0	0.0	0.0	0.0	0.0	0.0	0.0	0.0	0.0	0.0	0.06	0.0	0.0	0.39325842696629215	0.0	0.0	0.0	0.0	0.0	0.0	0.0	0.0	0.01634877384196185	0.0	0.0	0.0	0.0	0.0	0.0	0.0	0.0	0.0	0.0	0.0	0.0	0.0	0.012145748987854251	0.0	0.012145748987854251	0.0	0.0	0.0	0.0	0.0	0.0	0.0	0.16853932584269662	0.0	0.0	0.16853932584269662	1.0	0.0	0.0	0.0	0.0	0.0	0.0	0.0	0.0	0.027522935779816515	0.0	0.032432432432432434	0.0	0.032432432432432434	0.0	0.0	0.0	0.0	0.07629427792915532	0.0	0.0	0.0	0.0	0.15384615384615385	0.0	0.0	0.0	0.0	0.0	0.0	0.0	0.0	0.0	0.0	0.0	0.0	0.0	0.06716417910447761	0.0	0.0	0.018691588785046728	0.0	0.01078167115902965	0.0	0.0	0.0	0.0	0.0	0.0	0.0	0.0	0.0	0.0	0.0	0.0	0.0	0.0	0.0	0.0	0.0	0.04918032786885246	0.0	0.042735042735042736	0.0	0.0	0.0	0.0	0.0	0.226890756302521	0.0	0.012145748987854251	0.0	0.0	0.0	0.0	0.0	0.0782608695652174	0.0	0.0	0.0	0.07468879668049792	0.016260162601626018	0.0	0.0	0.0	0.0	0.0	0.0	0.0	0.01639344262295082	0.0	0.012379642365887207	0.0	0.0	0.0	0.0	0.0	0.0	0.0	0.0	0.0	0.0	0.04395604395604396	0.0	0.0	0.0	0.04918032786885246	0.03643724696356275	0.032214765100671144	0.07563025210084033	0.0	0.0	0.0	0.0	0.005076142131979695	0.0	0.0	0.0	0.0	0.18803418803418803	0.18803418803418803	0.05172413793103448	0.0	0.036885245901639344	0.05128205128205128	0.02158273381294964	0.0	0.0	0.0	0.01639344262295082	0.0	0.0	0.0054446460980036296	0.0	0.03896103896103896	0.0	0.0	0.0	0.0	0.0	0.0	0.0	0.0	0.02459016393442623	0.0	0.0	0.0	0.0	0.0	0.0	0.056179775280898875	0.0	0.0	0.033444816053511704
0.0	0.0	0.0	0.0	0.0	0.0	0.0	0.0	0.0	0.0	0.0	0.0	0.0	0.0	0.0	0.0	0.0	0.0	0.0	0.0	0.0	0.0	0.0	0.0	0.0	0.0	0.0	0.0	0.02158273381294964	0.0	0.0	0.0	0.0	0.0	0.0	0.0	0.0	0.0	0.0	0.0	0.0	0.0	0.0	0.0	0.0	0.0	0.0	0.0	0.0	0.0	0.0	0.0	0.0	0.0	0.0	0.0	0.0	0.0	0.0	0.0	0.0	0.0	0.0	0.0	0.0	0.0	0.0	0.0	0.0	0.0	0.0	0.0	0.0	0.0	0.0	0.0	0.0	0.0	0.0	0.0	0.0	0.0	0.0	0.0	0.0	0.0	0.0	0.0	0.0	0.0	0.0	0.0	0.0	0.0	0.0	0.0	0.0	0.0	0.0	0.0	0.0	0.0	0.0	0.0	0.0	0.0	0.0	0.0	0.0	0.0	0.0	0.0	0.0	0.0	0.0	0.0	0.0	0.0	0.0	0.0	0.0	0.0	0.0	0.0	0.0	0.0	0.0	0.0	0.0	0.0	0.0	0.0	0.0	0.0	0.0	0.0	0.0	0.0	0.0	0.0	1.0	0.0	0.0	0.0	0.0	0.0	0.0	0.0	0.0	0.0	0.0	0.0	0.0	0.0	0.0	0.0	0.0	0.0	0.0	0.0	0.0	0.0	0.0	0.0	0.0	0.0	0.0	0.0	0.0	0.0	0.0	0.0	0.0	0.0	0.0	0.0	0.0	0.0	0.0	0.0	0.0	0.0	0.0	0.0	0.0	0.0	0.0	0.0	0.0	0.0	0.0	0.0	0.0	0.0	0.0	0.0	0.0	0.0	0.0	0.0	0.0	0.0	0.14285714285714285	0.0	0.0	0.0	0.0	0.0	0.0	0.0	0.0	0.0	0.0	0.0	0.0	0.0	0.0	0.0	0.0	0.0	0.0	0.0	0.0	0.0	0.0	0.0	0.0	0.0	0.0	0.0	0.0	0.0	0.0	0.0	0.0	0.0	0.0	0.0	0.0	0.0	0.0	0.0	0.14285714285714285	0.0	0.0	0.0	0.0	0.0	0.0	0.07692307692307693	0.04979253112033195	0.0	0.0	0.0	0.0	0.0	0.0	0.0	0.0	0.0	0.0	0.0	0.02843601895734597	0.0	0.0	0.0	0.0	0.0	0.0	0.0	0.0	0.024742268041237112	0.0	0.0	0.0	0.0	0.0	0.0	0.0	0.0	0.0	0.0	0.0	0.0	0.0	0.0	0.0	0.0	0.03747072599531616	0.0	0.0	0.0	0.0
0.0	0.12605042016806722	0.0	0.022271714922048998	0.607094133697135	0.0	0.0	0.0	0.0	0.0	0.0	0.0	0.0	0.0	0.0	0.0	0.0	0.0	0.0	0.0	0.0	0.0	0.0	0.0	0.0	0.0	0.0	0.0	0.0	0.0	0.0	0.0	0.0	0.0	0.0	0.0	0.0	0.0	0.0	0.0	0.0	0.0	0.0	0.0	0.0	0.0	0.0	0.0	0.0	0.0	0.0	0.049870705578130774	0.0	0.3189771197846568	0.0	0.0	0.0	0.0	0.0	0.0	0.0	0.0	0.0	0.04929577464788732	0.0	0.0	0.0	0.0	0.0	0.0	0.0	0.0	0.0	0.0	0.0	0.27967257844474763	0.0	0.0	0.0	0.0	0.607094133697135	0.0	0.0	0.0	0.6312056737588653	0.0	0.0	0.0	0.0	0.0	0.0	0.07302231237322515	0.14666666666666667	0.0	0.0	0.0	0.2141424943189413	0.0	0.0	0.06741573033707865	0.0	0.0	0.0	0.0	0.0	0.0	0.0	0.5216881594372802	0.0	0.0	0.0	0.0	0.049870705578130774	0.0	0.0	0.0	0.0	0.0	0.0	0.0	0.0	0.0	0.0	0.0	0.7355371900826446	0.0	0.0	0.0	0.0	0.0	0.0	0.0	0.0	0.0	0.09401709401709402	0.0	0.0	0.0	0.0	0.0	0.0	1.0	0.4417910447761194	0.0	0.0	0.0	0.0	0.0	0.0	0.0	0.0	0.0	0.0	0.0	0.0	0.0	0.0	0.0	0.0	0.0	0.0	0.0	0.0	0.0	0.0	0.0	0.0	0.0	0.0	0.0	0.0	0.0	0.0	0.0	0.0	0.0	0.0	0.0	0.0	0.0	0.0	0.0	0.0	0.0	0.0	0.0	0.0	0.0	0.0	0.0	0.0	0.0	0.0	0.0	0.0	0.0	0.0	0.0	0.0	0.0	0.0	0.0	0.0	0.0	0.0	0.0	0.0	0.0	0.7355371900826446	0.0	0.0	0.0	0.0	0.0	0.0	0.0	0.0	0.0	0.0	0.0	0.0	0.0	0.0	0.0687655343827672	0.0	0.0	0.0	0.0	0.0	0.0	0.0	0.0	0.0	0.1	0.0	0.1	0.0	0.0	0.0	0.07868852459016394	0.05663430420711974	0.0	0.0	0.0	0.0	0.0	0.0	0.5192532088681447	0.0	0.0	0.0	0.0	0.0	0.0	0.0	0.0	0.0	0.0	0.0	0.0	0.0	0.0	0.0	0.0	0.0	0.0	0.0	0.0	0.0	0.0	0.0	0.0	0.0	0.0	0.06042296072507553	0.0	0.0	0.0	0.0	0.0	0.0	0.0	0.0	0.0	0.22686567164179106	0.22686567164179106	0.06537530266343826	0.0942622950819672	0.0	0.0	0.0942622950819672	0.27686915887850466	0.0
0.0	0.06159420289855073	0.0	0.019240506329113925	0.2387950036737693	0.007220216606498195	0.016181229773462782	0.005405405405405406	0.005405405405405406	0.01634877384196185	0.012437810945273632	0.0	0.0	0.0	0.0	0.007734173589229447	0.0	0.0	0.0	0.0	0.0	0.0	0.005865102639296188	0.0	0.0	0.0	0.0	0.01644736842105263	0.0	0.01634877384196185	0.0	0.0	0.0	0.0	0.0	0.0	0.017804154302670624	0.049342105263157895	0.0	0.0	0.0	0.0037174721189591076	0.0	0.010869565217391304	0.005405405405405406	0.00974025974025974	0.02633355840648211	0.017639077340569877	0.008082292432035268	0.00435052827843381	0.009915534337128168	0.07645722937168811	0.02113821138211382	0.6991485335856197	0.00974025974025974	0.0	0.0	0.0	0.0	0.0	0.0	0.005405405405405406	0.010869565217391304	0.04594594594594595	0.0	0.0	0.0	0.009287925696594427	0.010404624277456647	0.0	0.0	0.0	0.0	0.0	0.0	0.13299044819985306	0.0	0.0	0.0	0.0	0.2387950036737693	0.0	0.0	0.0	0.2808683853459973	0.010025780578630765	0.0	0.0	0.0	0.0	0.0	0.10532837670384139	0.0781758957654723	0.0	0.030226700251889168	0.01829924650161464	0.11227859501651156	0.0	0.0	0.041791044776119404	0.0	0.008103727714748784	0.0	0.0	0.0	0.01634877384196185	0.005934718100890208	0.21944632005401757	0.004392386530014641	0.008823529411764706	0.0	0.0	0.07645722937168811	0.03611111111111111	0.0	0.0	0.003236245954692557	0.0	0.0	0.0	0.010869565217391304	0.0	0.008875739644970414	0.0	0.30576070901033975	0.0	0.0	0.0	0.0	0.0	0.0	0.0	0.0	0.0	0.04744525547445255	0.0	0.014994232987312572	0.01634877384196185	0.0	0.0	0.0	0.4417910447761194	1.0	0.0	0.015424164524421594	0.016556291390728478	0.005405405405405406	0.004032258064516129	0.0037220843672456576	0.00819672131147541	0.005405405405405406	0.006493506493506494	0.005405405405405406	0.005405405405405406	0.004032258064516129	0.0	0.006472491909385114	0.0	0.0	0.0	0.02710843373493976	0.018018018018018018	0.0	0.008108108108108109	0.0	0.014970059880239521	0.004398826979472141	0.0058823529411764705	0.0058823529411764705	0.004398826979472141	0.0058823529411764705	0.008875739644970414	0.004398826979472141	0.0058823529411764705	0.0	0.0	0.0	0.006880733944954129	0.0	0.03007518796992481	0.023066485753052916	0.0	0.00974025974025974	0.0	0.0	0.0	0.0	0.0	0.029605263157894735	0.007009345794392523	0.0	0.0	0.0	0.0	0.0	0.0	0.0	0.0	0.0	0.0	0.0	0.0	0.0	0.0	0.0	0.010242587601078167	0.0648854961832061	0.0	0.30576070901033975	0.0	0.007342143906020558	0.004392386530014641	0.0	0.00974025974025974	0.012987012987012988	0.0	0.015781922525107604	0.0	0.0	0.0	0.0	0.0	0.008103727714748784	0.10408719346049046	0.038461538461538464	0.0	0.007220216606498195	0.0	0.0	0.0	0.013633265167007498	0.004846526655896607	0.01911802192199847	0.05054151624548736	0.0	0.05054151624548736	0.005405405405405406	0.004032258064516129	0.017510944340212633	0.12121212121212122	0.09012875536480687	0.0	0.0	0.0	0.0	0.0	0.0	0.21885521885521886	0.0	0.0	0.017429193899782137	0.0	0.006472491909385114	0.0	0.005658852061438965	0.011834319526627219	0.00974025974025974	0.0	0.0	0.0	0.0	0.0	0.0	0.04966887417218543	0.0	0.009915534337128168	0.0	0.030894308943089432	0.0	0.01634877384196185	0.0	0.0	0.0	0.0	0.11885245901639344	0.0	0.0	0.0	0.02373887240356083	0.023139462163852407	0.007220216606498195	0.04143646408839779	0.029315960912052116	0.025465230166503428	0.3821138211382114	0.3821138211382114	0.09587573647562936	0.1371571072319202	0.01738122827346466	0.0	0.1371571072319202	0.6410256410256411	0.010330578512396695
0.07921998781230957	0.0	0.0	0.0	0.0	0.0	0.0	0.0	0.0	0.0	0.0	0.07481898632341111	0.17900403768506057	0.09662398137369034	0.09736123748862602	0.0	0.07339449541284404	0.0	0.012257405515832482	0.0	0.0	0.0	0.0	0.0929112181693049	0.0	0.0	0.0	0.0	0.03944124897288414	0.0	0.0	0.057435897435897436	0.0	0.20922570016474465	0.09295199182839632	0.05420991926182238	0.0919674039580908	0.0	0.08500590318772137	0.0	0.2273838630806846	0.0	0.0	0.0	0.0	0.0	0.0	0.0	0.0	0.0	0.0	0.0	0.0	0.0	0.0	0.0	0.0	0.056140350877192984	0.08386721025043681	0.0	0.0	0.0	0.0	0.0	0.07449664429530202	0.12313003452243959	0.0	0.0	0.0	0.0	0.07967479674796749	0.09445100354191263	0.05595116988809766	0.0	0.09331919406150584	0.0	0.0	0.0	0.0	0.043835616438356165	0.0	0.0	0.0	0.0	0.0	0.01830481496219658	0.07865168539325842	0.0	0.06477732793522267	0.11966987620357634	0.04568527918781726	0.0	0.0	0.23252032520325203	0.0	0.0	0.020903322135125045	0.048582995951417005	0.0	0.0282021151586369	0.0	0.0	0.0	0.11011638316920322	0.0844354018311292	0.0	0.0	0.04838709677419355	0.0	0.0	0.0	0.0	0.0	0.050473186119873815	0.0	0.0	0.035897435897435895	0.0	0.0	0.0	0.0	0.23189734188817598	0.0	0.21719792438843588	0.0	0.0174496644295302	0.0	0.0174496644295302	0.0	0.0	0.0	0.0	0.0	0.0	0.0	0.0	0.0	0.0	0.0	0.0	0.0	0.0	0.0	1.0	0.0	0.0	0.0	0.0	0.0	0.0	0.0	0.0	0.0	0.0	0.0	0.09828674481514878	0.0	0.0	0.0	0.0	0.0	0.0	0.0	0.0	0.0	0.0	0.0	0.0	0.0	0.0	0.0	0.0	0.0	0.0	0.0	0.0	0.06349206349206349	0.0	0.09807516040329972	0.0	0.013197969543147208	0.08703170028818444	0.0	0.0	0.027300303336703743	0.0	0.12239221140472879	0.01907032181168057	0.0	0.0	0.02910360884749709	0.11746680286006128	0.09707602339181287	0.03556187766714083	0.06820809248554913	0.08426395939086294	0.08426395939086294	0.0	0.0	0.0	0.0	0.0	0.0	0.017591339648173207	0.18902891030392885	0.0	0.0	0.0	0.0	0.0174496644295302	0.0	0.0	0.20473773265651438	0.0	0.21991701244813278	0.057665260196905765	0.015605493133583021	0.02921985815602837	0.0	0.01316872427983539	0.0	0.0	0.0	0.0	0.0	0.0	0.0	0.03873873873873874	0.023004059539918808	0.09364161849710982	0.049079754601226995	0.0	0.03463497453310696	0.0	0.0	0.0	0.0	0.0	0.01981981981981982	0.0	0.0	0.0	0.0	0.0	0.0	0.0	0.0	0.0	0.0	0.0564042303172738	0.0	0.12313003452243959	0.0	0.06489881367759945	0.0	0.0	0.0	0.0	0.0	0.0	0.0	0.0	0.0	0.0	0.05080545229244114	0.0	0.1742971887550201	0.0	0.023004059539918808	0.0	0.058186738836265225	0.08499630450849963	0.10041265474552957	0.0	0.0	0.013969732246798603	0.0	0.0	0.0	0.0	0.0	0.0	0.0	0.17450096587250483	0.0	0.0	0.0	0.0	0.0	0.0	0.0	0.02593192868719611	0.038700760193503804
0.0	0.0	0.0	0.0	0.0	0.011494252873563218	0.024271844660194174	0.008595988538681949	0.008595988538681949	0.022727272727272728	0.016722408026755852	0.0	0.0	0.0	0.0	0.010123734533183352	0.0	0.0	0.0	0.0	0.0	0.06923076923076923	0.008403361344537815	0.0	0.0	0.0	0.0	0.024875621890547265	0.0	0.022727272727272728	0.0	0.0	0.0	0.0	0.0	0.0	0.02564102564102564	0.07462686567164178	0.0	0.0	0.0	0.004991680532445923	0.0	0.017341040462427744	0.008595988538681949	0.014634146341463415	0.03648269410664172	0.02448210922787194	0.011591148577449948	0.005847953216374269	0.09215376513954714	0.017840076457470534	0.02721563154221912	0.011750881316098707	0.014634146341463415	0.0	0.0	0.0	0.0	0.0	0.0	0.008595988538681949	0.017341040462427744	0.016853932584269662	0.0	0.0	0.0	0.012468827930174564	0.013657056145675266	0.0	0.0	0.0	0.0	0.0	0.047058823529411764	0.0	0.0	0.0	0.0	0.0	0.0	0.0	0.0	0.0	0.0	0.013123359580052493	0.0	0.0	0.0	0.0	0.0	0.014975041597337771	0.0	0.0	0.08163265306122448	0.04564315352697095	0.0	0.0	0.0	0.0	0.0	0.012165450121654502	0.0	0.0	0.0	0.022727272727272728	0.008547008547008548	0.0	0.006289308176100629	0.012658227848101266	0.0	0.03766478342749529	0.017840076457470534	0.05058365758754864	0.0	0.0	0.004160887656033287	0.0	0.0	0.0	0.017341040462427744	0.0	0.01276595744680851	0.0	0.0	0.0	0.0	0.0	0.0	0.0	0.0	0.05970149253731343	0.0	0.05172413793103448	0.0	0.0	0.019667170953101363	0.022727272727272728	0.0	0.0	0.0	0.0	0.015424164524421594	0.0	1.0	0.02512562814070352	0.00749063670411985	0.0055762081784386614	0.005	0.011406844106463879	0.00749063670411985	0.00975609756097561	0.00749063670411985	0.00749063670411985	0.0055762081784386614	0.0	0.009708737864077669	0.0	0.0	0.0	0.039301310043668124	0.16521739130434782	0.0	0.011235955056179775	0.0	0.021645021645021644	0.0063025210084033615	0.008438818565400843	0.008438818565400843	0.0063025210084033615	0.008438818565400843	0.01276595744680851	0.0063025210084033615	0.008438818565400843	0.0	0.0	0.0	0.009009009009009009	0.0	0.04054054054054054	0.032015065913371	0.0	0.014634146341463415	0.0	0.0	0.0	0.0	0.0	0.1044776119402985	0.009230769230769232	0.0	0.0	0.0	0.0	0.0	0.0	0.0	0.0	0.0	0.0	0.0	0.0	0.0	0.0	0.0	0.11295911295911296	0.1069182389937107	0.0	0.0	0.0	0.010526315789473684	0.006289308176100629	0.0	0.014634146341463415	0.0171606864274571	0.0	0.08874329958308518	0.0	0.0	0.0	0.0	0.0	0.012165450121654502	0.025298664792691498	0.05226480836236934	0.0	0.011494252873563218	0.0	0.0	0.0	0.018957345971563982	0.007263922518159807	0.02420135527589545	0.0	0.0	0.0	0.00749063670411985	0.0055762081784386614	0.02358887952822241	0.016713091922005572	0.012396694214876033	0.0	0.0	0.057803468208092484	0.0425531914893617	0.049019607843137254	0.043795620437956206	0.0	0.0	0.0	0.02247191011235955	0.0	0.009708737864077669	0.0	0.008484848484848486	0.01702127659574468	0.014634146341463415	0.0	0.0	0.0	0.0	0.0	0.0	0.07537688442211055	0.0	0.09215376513954714	0.0	0.10513447432762836	0.0	0.022727272727272728	0.0	0.0	0.0	0.0	0.03116883116883117	0.0	0.0	0.0	0.03418803418803419	0.05812973883740522	0.011494252873563218	0.10424710424710425	0.04411764705882353	0.03190184049079755	0.015424164524421594	0.015424164524421594	0.012371134020618556	0.020134228187919462	0.0228310502283105	0.0	0.020134228187919462	0.021784232365145227	0.013123359580052493
0.0	0.0	0.0	0.0	0.0	0.1724137931034483	0.11764705882352941	0.15428571428571428	0.15428571428571428	0.02824858757062147	0.0660377358490566	0.0	0.0	0.0	0.0	0.0167427701674277	0.10985915492957747	0.0	0.0	0.0	0.0	0.0	0.09933774834437085	0.0	0.0	0.0	0.0	0.07017543859649122	0.0	0.02824858757062147	0.0	0.0	0.0	0.0	0.0	0.0	0.034013605442176874	0.07017543859649122	0.0	0.1388888888888889	0.0	0.08313817330210772	0.0	0.20930232558139536	0.15428571428571428	0.15254237288135594	0.09015256588072122	0.08123249299719888	0.11480865224625623	0.06713780918727916	0.02743142144638404	0.052394596807204256	0.059907834101382486	0.0413589364844904	0.15254237288135594	0.0	0.0	0.0	0.0	0.0	0.0	0.15428571428571428	0.20930232558139536	0.10277777777777777	0.0	0.0	0.0	0.019883040935672516	0.018556701030927835	0.0	0.0	0.0	0.0	0.0	0.0	0.0	0.0	0.0	0.0	0.0	0.0	0.0	0.0	0.0	0.0	0.061390157280568236	0.0	0.0	0.1148936170212766	0.0	0.0	0.02107728337236534	0.0	0.0	0.033816425120772944	0.060109289617486336	0.0	0.0794979079497908	0.0	0.0	0.0	0.13924050632911392	0.0	0.0	0.0	0.02824858757062147	0.10204081632653061	0.0	0.0891089108910891	0.12	0.0	0.0	0.052394596807204256	0.09411764705882353	0.0	0.0	0.09872029250457039	0.0	0.0	0.0	0.20930232558139536	0.0	0.1554054054054054	0.0	0.0	0.0	0.1724137931034483	0.0	0.0	0.0	0.0	0.0	0.0	0.0	0.0	0.0	0.059548254620123205	0.02824858757062147	0.0	0.0	0.0	0.0	0.016556291390728478	0.0	0.02512562814070352	1.0	0.39444444444444443	0.3489010989010989	0.2981220657276995	0.48863636363636365	0.40555555555555556	0.5932203389830508	0.40555555555555556	0.39444444444444443	0.3489010989010989	0.0	0.12605042016806722	0.0	0.0	0.0	0.04225352112676056	0.03496503496503497	0.0	0.12777777777777777	0.05747126436781609	0.20833333333333334	0.11754966887417219	0.13	0.13	0.11754966887417219	0.13	0.1554054054054054	0.11754966887417219	0.13	0.07142857142857142	0.0	0.0	0.07317073170731707	0.0	0.11004784688995216	0.13725490196078433	0.0	0.15254237288135594	0.0	0.0	0.10112359550561797	0.0	0.0	0.05263157894736842	0.15126050420168066	0.0	0.0	0.0	0.0	0.0	0.0	0.0	0.20930232558139536	0.20930232558139536	0.0	0.0	0.0	0.0	0.0	0.0	0.05570776255707763	0.2777777777777778	0.0	0.0	0.0	0.10963455149501661	0.0891089108910891	0.0	0.15254237288135594	0.07494646680942184	0.0	0.0473328324567994	0.01340931947703654	0.0	0.0	0.0	0.0	0.13924050632911392	0.022325581395348838	0.04	0.0	0.1724137931034483	0.0	0.0	0.0	0.04526166902404526	0.11297071129707113	0.02039117769454848	0.0	0.2857142857142857	0.0	0.39444444444444443	0.3489010989010989	0.07628128724672228	0.01838235294117647	0.016304347826086956	0.0	0.0	0.0	0.0	0.0	0.0	0.0	0.0	0.0	0.07063197026022305	0.0	0.12605042016806722	0.0	0.11949685534591195	0.14189189189189189	0.15254237288135594	0.0	0.0	0.0	0.0	0.07520891364902507	0.0	0.07142857142857142	0.0	0.02743142144638404	0.0	0.13191489361702127	0.0	0.02824858757062147	0.0	0.0	0.0	0.0	0.02348993288590604	0.0	0.20689655172413793	0.0	0.17006802721088435	0.07032181168057211	0.1724137931034483	0.046511627906976744	0.05128205128205128	0.0499219968798752	0.016556291390728478	0.016556291390728478	0.016260162601626018	0.023696682464454975	0.07246376811594203	0.0	0.023696682464454975	0.056962025316455694	0.027210884353741496
0.0	0.0	0.0	0.008069939475453935	0.0	0.03870967741935484	0.026737967914438502	0.028938906752411574	0.028938906752411574	0.00816326530612245	0.017857142857142856	0.0	0.0	0.0	0.0	0.0035785288270377734	0.04684317718940937	0.0	0.0	0.0	0.020833333333333332	0.008298755186721992	0.0273972602739726	0.008253094910591471	0.0	0.0	0.0	0.027472527472527472	0.0	0.00816326530612245	0.0	0.012295081967213115	0.0	0.0	0.0	0.0	0.009302325581395349	0.027472527472527472	0.0	0.1650943396226415	0.0	0.08170515097690942	0.0	0.05844155844155844	0.028938906752411574	0.04838709677419355	0.02920443101711984	0.02231237322515213	0.037800687285223365	0.01873327386262266	0.005151688609044075	0.018747907599598258	0.021370670596904937	0.012300123001230012	0.04838709677419355	0.0	0.0	0.0	0.0	0.0	0.0	0.028938906752411574	0.05844155844155844	0.038306451612903226	0.0	0.0	0.0	0.0044365572315882874	0.004830917874396135	0.0	0.0	0.0	0.0	0.0	0.0	0.0	0.0	0.0	0.0	0.010948905109489052	0.0	0.0	0.0	0.0	0.0	0.0194831013916501	0.0	0.0	0.029649595687331536	0.0	0.008113590263691683	0.0053285968028419185	0.0	0.0	0.014545454545454545	0.021897810218978103	0.0	0.025278058645096056	0.0	0.0	0.0	0.040214477211796246	0.0	0.0	0.0	0.00816326530612245	0.027906976744186046	0.0	0.02050113895216401	0.04128440366972477	0.060810810810810814	0.012170385395537525	0.018747907599598258	0.0546218487394958	0.0	0.0	0.029282576866764276	0.0	0.0	0.0	0.05844155844155844	0.0	0.17592592592592593	0.0	0.0	0.0	0.04516129032258064	0.0	0.0	0.0	0.0	0.0	0.0	0.0	0.0	0.0	0.01765650080256822	0.00816326530612245	0.0	0.0	0.0	0.0	0.005405405405405406	0.0	0.00749063670411985	0.39444444444444443	1.0	0.36	0.6619217081850534	0.7377049180327869	0.12903225806451613	0.15591397849462366	0.12903225806451613	0.4838709677419355	0.36	0.0	0.03208556149732621	0.0	0.0	0.0	0.014285714285714285	0.009478672985781991	0.027777777777777776	0.1532258064516129	0.04516129032258064	0.27358490566037735	0.1050228310502283	0.12844036697247707	0.12844036697247707	0.1050228310502283	0.12844036697247707	0.17592592592592593	0.1050228310502283	0.12844036697247707	0.39444444444444443	0.13636363636363635	0.0	0.028662420382165606	0.0	0.05054151624548736	0.06288032454361055	0.0	0.04838709677419355	0.0	0.0	0.1016260162601626	0.0	0.0	0.016483516483516484	0.1503267973856209	0.009302325581395349	0.0	0.0	0.0	0.0	0.0	0.0	0.06493506493506493	0.06493506493506493	0.0	0.0	0.0	0.0	0.0	0.0	0.018288222384784197	0.12142857142857143	0.0	0.0	0.0	0.034324942791762014	0.02050113895216401	0.0	0.04838709677419355	0.028192371475953566	0.0	0.01684341859014348	0.01587751630280692	0.0	0.0	0.0	0.0	0.040214477211796246	0.008908685968819599	0.018656716417910446	0.0	0.03870967741935484	0.0	0.0	0.0	0.020429009193054137	0.024	0.00848320325755005	0.0	0.10526315789473684	0.0	0.4838709677419355	0.36	0.025202520252025202	0.0058823529411764705	0.00436046511627907	0.0	0.0	0.0	0.0	0.0	0.0	0.0	0.0	0.0	0.02967359050445104	0.0	0.03208556149732621	0.01394700139470014	0.028037383177570093	0.05555555555555555	0.04838709677419355	0.0	0.0	0.0	0.0	0.022222222222222223	0.009771986970684038	0.027777777777777776	0.0	0.005151688609044075	0.0	0.03504043126684636	0.0	0.00816326530612245	0.0	0.0	0.0	0.0	0.01092896174863388	0.0	0.08695652173913043	0.0	0.09302325581395349	0.020702070207020702	0.03870967741935484	0.020833333333333332	0.016216216216216217	0.03346203346203346	0.005405405405405406	0.005405405405405406	0.00435097897026831	0.007168458781362007	0.027463651050080775	0.0	0.007168458781362007	0.029157667386609073	0.013812154696132596
0.0	0.0	0.0	0.006688963210702341	0.0	0.028662420382165606	0.018518518518518517	0.01904761904761905	0.01904761904761905	0.006072874493927126	0.012411347517730497	0.0	0.0	0.0	0.0	0.0019755037534571317	0.03838383838383838	0.0	0.0	0.0	0.01859504132231405	0.006172839506172839	0.020361990950226245	0.006839945280437756	0.0	0.0	0.0	0.024456521739130436	0.0	0.006072874493927126	0.0	0.01016260162601626	0.0	0.0	0.0	0.0	0.0069124423963133645	0.024456521739130436	0.0	0.1378504672897196	0.0	0.04938271604938271	0.0	0.04807692307692308	0.01904761904761905	0.0398936170212766	0.022977022977022976	0.01609657947686117	0.03064699205448354	0.013286093888396812	0.0028360748723766306	0.014652014652014652	0.01684981684981685	0.008567931456548347	0.0398936170212766	0.0	0.0	0.0	0.0	0.0	0.0	0.01904761904761905	0.04807692307692308	0.032	0.0	0.0	0.0	0.0026431718061674008	0.0032	0.0	0.0	0.0	0.0	0.0	0.0	0.0	0.0	0.0	0.0	0.009057971014492754	0.0	0.0	0.0	0.0	0.0	0.014618727775582773	0.0	0.0	0.018666666666666668	0.0	0.006036217303822937	0.003527336860670194	0.0	0.0	0.01263537906137184	0.01741654571843251	0.0	0.017051153460381142	0.0	0.0	0.0	0.03183023872679045	0.0	0.0	0.0	0.006072874493927126	0.020737327188940093	0.0	0.013544018058690745	0.03409090909090909	0.056666666666666664	0.01006036217303823	0.014652014652014652	0.052083333333333336	0.0	0.0	0.018922852983988356	0.0	0.0	0.0	0.04807692307692308	0.0	0.13302752293577982	0.0	0.0	0.0	0.03184713375796178	0.0	0.0	0.0	0.0	0.0	0.0	0.0	0.0	0.0	0.012759170653907496	0.006072874493927126	0.0	0.0	0.0	0.0	0.004032258064516129	0.0	0.0055762081784386614	0.3489010989010989	0.36	1.0	0.21201413427561838	0.6097560975609756	0.098	0.11436170212765957	0.098	0.744	0.49206349206349204	0.0	0.023809523809523808	0.0	0.0	0.0	0.01179245283018868	0.007042253521126761	0.024725274725274724	0.116	0.03184713375796178	0.22897196261682243	0.06334841628959276	0.08636363636363636	0.08636363636363636	0.06334841628959276	0.08636363636363636	0.13302752293577982	0.06334841628959276	0.08636363636363636	0.3489010989010989	0.11217948717948718	0.0	0.023734177215189875	0.0	0.044802867383512544	0.056338028169014086	0.0	0.0398936170212766	0.0	0.0	0.08669354838709678	0.0	0.0	0.01358695652173913	0.1266233766233766	0.0069124423963133645	0.0	0.0	0.0	0.0	0.0	0.0	0.05128205128205128	0.05128205128205128	0.0	0.0	0.0	0.0	0.0	0.0	0.013818181818181818	0.11619718309859155	0.0	0.0	0.0	0.027210884353741496	0.013544018058690745	0.0	0.0398936170212766	0.023064250411861616	0.0	0.01303538175046555	0.011289867344058707	0.0	0.0	0.0	0.0	0.03183023872679045	0.007380073800738007	0.016666666666666666	0.0	0.028662420382165606	0.0	0.0	0.0	0.0182370820668693	0.0158311345646438	0.007087411407357408	0.0	0.09090909090909091	0.0	0.36	0.23809523809523808	0.01966041108132261	0.0043859649122807015	0.002890173410404624	0.0	0.0	0.0	0.0	0.0	0.0	0.0	0.0	0.0	0.025073746312684365	0.0	0.023809523809523808	0.012482662968099861	0.019815059445178335	0.0481651376146789	0.0398936170212766	0.0	0.0	0.0	0.0	0.014028056112224449	0.008090614886731391	0.024725274725274724	0.0	0.0028360748723766306	0.0	0.02666666666666667	0.0	0.006072874493927126	0.0	0.0	0.0	0.0	0.009510869565217392	0.0	0.07526881720430108	0.0	0.07603686635944701	0.01519213583556747	0.028662420382165606	0.01859504132231405	0.013368983957219251	0.03201024327784891	0.004032258064516129	0.004032258064516129	0.002883922134102379	0.005338078291814947	0.02247191011235955	0.0	0.005338078291814947	0.025806451612903226	0.012362637362637362
0.0	0.0	0.027777777777777776	0.006176652254478073	0.0	0.023936170212765957	0.015909090909090907	0.015915119363395226	0.015915119363395226	0.00539568345323741	0.011182108626198083	0.0	0.0	0.0	0.0	0.0017992083483267362	0.03411131059245961	0.07042253521126761	0.0	0.0	0.016483516483516484	0.005474452554744526	0.017857142857142856	0.006305170239596469	0.0	0.041474654377880185	0.0	0.020930232558139535	0.0	0.00539568345323741	0.0	0.009025270758122744	0.0	0.0	0.0	0.0	0.006048387096774193	0.020930232558139535	0.0	0.12040816326530612	0.0	0.04451510333863275	0.09646302250803858	0.040106951871657755	0.015915119363395226	0.03424657534246575	0.020444444444444446	0.014311270125223614	0.026865671641791045	0.011971268954509178	0.002486325211337643	0.01353429713934174	0.01544660846205507	0.007963594994311717	0.03424657534246575	0.013953488372093023	0.0	0.0	0.0	0.0	0.0	0.015915119363395226	0.040106951871657755	0.028469750889679714	0.04621072088724584	0.0	0.0	0.0023828435266084196	0.002911208151382824	0.0	0.0	0.0	0.0	0.0	0.0	0.0	0.027522935779816515	0.0	0.0	0.008143322475570033	0.0	0.0	0.0	0.0	0.0	0.013314141777617848	0.0	0.0	0.016018306636155607	0.0	0.005366726296958855	0.003179650238473768	0.0	0.0	0.011363636363636364	0.015978695073235686	0.0	0.015165031222123104	0.0	0.036585365853658534	0.0	0.02733485193621868	0.08108108108108109	0.0	0.0	0.00539568345323741	0.018145161290322582	0.0	0.011881188118811881	0.029880478087649404	0.04696132596685083	0.008944543828264758	0.01353429713934174	0.046125461254612546	0.0	0.0	0.017356475300400534	0.0	0.0	0.0	0.040106951871657755	0.0	0.11646586345381527	0.0	0.0	0.00683371298405467	0.026595744680851064	0.00683371298405467	0.0	0.0	0.0	0.0	0.0	0.0	0.0	0.08108108108108109	0.011611030478955007	0.00539568345323741	0.08108108108108109	0.027522935779816515	0.0	0.0	0.0037220843672456576	0.0	0.005	0.2981220657276995	0.6619217081850534	0.21201413427561838	1.0	0.5415162454873647	0.19395017793594305	0.09817351598173515	0.19395017793594305	0.3202846975088968	0.21201413427561838	0.0	0.020454545454545454	0.02146690518783542	0.0	0.0	0.0102880658436214	0.006147540983606557	0.02112676056338028	0.10320284697508897	0.026595744680851064	0.2	0.05555555555555555	0.07569721115537849	0.07569721115537849	0.05555555555555555	0.07569721115537849	0.11646586345381527	0.05555555555555555	0.07569721115537849	0.2981220657276995	0.09358288770053476	0.0	0.021613832853025938	0.0	0.04032258064516129	0.05008944543828265	0.0	0.03424657534246575	0.0	0.0	0.07706093189964158	0.0	0.0	0.011627906976744186	0.11504424778761062	0.006048387096774193	0.0	0.0	0.0	0.0	0.0	0.0	0.0427807486631016	0.0427807486631016	0.03225806451612903	0.0	0.023474178403755867	0.0	0.0	0.0	0.012675116744496331	0.0953757225433526	0.04186046511627907	0.0	0.00683371298405467	0.02385685884691849	0.011881188118811881	0.0	0.03424657534246575	0.02092675635276532	0.04265402843601896	0.012103746397694525	0.010551305724083356	0.0	0.0	0.0091324200913242	0.0	0.02733485193621868	0.0067613252197430695	0.014950166112956811	0.0	0.023936170212765957	0.0	0.009174311926605505	0.0	0.016201620162016202	0.013605442176870748	0.006540018685767673	0.0	0.07567567567567568	0.0	0.3202846975088968	0.21201413427561838	0.017699115044247787	0.004021447721179625	0.002652519893899204	0.0	0.0	0.0	0.0	0.13761467889908258	0.10250569476082004	0.10628875110717449	0.04186046511627907	0.0	0.022972972972972974	0.0	0.020454545454545454	0.01532567049808429	0.0170261066969353	0.04216867469879518	0.03424657534246575	0.0	0.0	0.0	0.02830188679245283	0.012477718360071301	0.007352941176470588	0.02112676056338028	0.01276595744680851	0.002486325211337643	0.0	0.02288329519450801	0.009174311926605505	0.00539568345323741	0.0	0.004037685060565276	0.0	0.024	0.008771929824561403	0.0	0.06451612903225806	0.0	0.06653225806451613	0.013676588897827836	0.023936170212765957	0.016483516483516484	0.011467889908256881	0.02965599051008304	0.0037220843672456576	0.0037220843672456576	0.0026472534745201853	0.004807692307692308	0.020437956204379562	0.02702702702702703	0.004807692307692308	0.024193548387096774	0.01139240506329114
0.0	0.0	0.0	0.010876954452753228	0.0	0.059602649006622516	0.04371584699453552	0.04950495049504951	0.04950495049504951	0.012448132780082987	0.028985507246376812	0.0	0.0	0.0	0.0	0.00684655658477648	0.06418219461697723	0.0	0.0	0.0	0.025423728813559324	0.012658227848101266	0.04186046511627907	0.011126564673157162	0.0	0.0	0.0	0.033707865168539325	0.0	0.012448132780082987	0.0	0.016666666666666666	0.0	0.0	0.0	0.0	0.014218009478672985	0.033707865168539325	0.0	0.22115384615384615	0.0	0.14774774774774774	0.0	0.08	0.04950495049504951	0.06593406593406594	0.04196519959058342	0.03505154639175258	0.052508751458576426	0.02986425339366516	0.009912536443148687	0.02707275803722504	0.030574198359433258	0.01987577639751553	0.06593406593406594	0.0	0.0	0.0	0.0	0.0	0.0	0.04950495049504951	0.08	0.05122950819672131	0.0	0.0	0.0	0.008100810081008101	0.008156606851549755	0.0	0.0	0.0	0.0	0.0	0.0	0.0	0.0	0.0	0.0	0.014814814814814815	0.0	0.0	0.0	0.0	0.0	0.029399919452275474	0.0	0.0	0.05234159779614325	0.0	0.012371134020618556	0.009009009009009009	0.0	0.0	0.01845018450184502	0.0310192023633678	0.0	0.0421377183967112	0.0	0.0	0.0	0.057534246575342465	0.0	0.0	0.0	0.012448132780082987	0.04265402843601896	0.0	0.03480278422273782	0.056074766355140186	0.06944444444444445	0.016494845360824743	0.02707275803722504	0.05982905982905983	0.0	0.0	0.05037037037037037	0.0	0.0	0.0	0.08	0.0	0.2641509433962264	0.0	0.0	0.0	0.0728476821192053	0.0	0.0	0.0	0.0	0.0	0.0	0.0	0.0	0.0	0.027642276422764227	0.012448132780082987	0.0	0.0	0.0	0.0	0.00819672131147541	0.0	0.011406844106463879	0.48863636363636365	0.7377049180327869	0.6097560975609756	0.5415162454873647	1.0	0.19262295081967212	0.24175824175824176	0.19262295081967212	0.7377049180327869	0.6097560975609756	0.0	0.04918032786885246	0.0	0.0	0.0	0.019417475728155338	0.014492753623188406	0.03409090909090909	0.22950819672131148	0.0728476821192053	0.36538461538461536	0.19069767441860466	0.21495327102803738	0.21495327102803738	0.19069767441860466	0.21495327102803738	0.2641509433962264	0.19069767441860466	0.21495327102803738	0.48863636363636365	0.18666666666666668	0.0	0.03870967741935484	0.0	0.06227106227106227	0.07628865979381444	0.0	0.06593406593406594	0.0	0.0	0.1322314049586777	0.0	0.0	0.02247191011235955	0.1986754966887417	0.014218009478672985	0.0	0.0	0.0	0.0	0.0	0.0	0.09333333333333334	0.09333333333333334	0.0	0.0	0.0	0.0	0.0	0.0	0.027387120651369355	0.1323529411764706	0.0	0.0	0.0	0.04895104895104895	0.03480278422273782	0.0	0.06593406593406594	0.03865546218487395	0.0	0.024574669187145556	0.025178826895565092	0.0	0.0	0.0	0.0	0.057534246575342465	0.012021036814425245	0.022727272727272728	0.0	0.059602649006622516	0.0	0.0	0.0	0.024922118380062305	0.04087193460490463	0.011320754716981131	0.0	0.13513513513513514	0.0	0.7377049180327869	0.6097560975609756	0.0365296803652968	0.008928571428571428	0.007352941176470588	0.0	0.0	0.0	0.0	0.0	0.0	0.0	0.0	0.0	0.03903903903903904	0.0	0.04918032786885246	0.01692524682651622	0.045020463847203276	0.07075471698113207	0.06593406593406594	0.0	0.0	0.0	0.0	0.039014373716632446	0.013201320132013201	0.03409090909090909	0.0	0.009912536443148687	0.0	0.05234159779614325	0.0	0.012448132780082987	0.0	0.0	0.0	0.0	0.013812154696132596	0.0	0.1111111111111111	0.0	0.12796208530805686	0.0319634703196347	0.059602649006622516	0.025423728813559324	0.022099447513812154	0.036410923276983094	0.00819672131147541	0.00819672131147541	0.007336757153338224	0.01090909090909091	0.03764320785597381	0.0	0.01090909090909091	0.03594771241830065	0.01675977653631285
0.0	0.0	0.03278688524590164	0.0	0.0	0.03870967741935484	0.026737967914438502	0.028938906752411574	0.028938906752411574	0.00816326530612245	0.017857142857142856	0.0	0.0	0.0	0.0	0.0035785288270377734	0.054989816700611	0.08333333333333333	0.0	0.0	0.0	0.0	0.0273972602739726	0.0	0.0	0.04891304347826087	0.0	0.027472527472527472	0.0	0.00816326530612245	0.0	0.0	0.0	0.0	0.0	0.0	0.009302325581395349	0.027472527472527472	0.0	0.0660377358490566	0.0	0.023978685612788632	0.1079136690647482	0.05844155844155844	0.028938906752411574	0.04838709677419355	0.02920443101711984	0.02231237322515213	0.037800687285223365	0.01873327386262266	0.005151688609044075	0.018747907599598258	0.021370670596904937	0.012300123001230012	0.04838709677419355	0.016483516483516484	0.0	0.0	0.0	0.0	0.0	0.028938906752411574	0.05844155844155844	0.038306451612903226	0.05030181086519115	0.0	0.0	0.0044365572315882874	0.004830917874396135	0.0	0.0	0.0	0.0	0.0	0.0	0.0	0.032432432432432434	0.0	0.0	0.0	0.0	0.0	0.0	0.0	0.0	0.0194831013916501	0.0	0.0	0.04043126684636118	0.0	0.0	0.0053285968028419185	0.0	0.0	0.014545454545454545	0.021897810218978103	0.0	0.05358948432760364	0.0	0.04225352112676056	0.0	0.040214477211796246	0.09868421052631579	0.0	0.0	0.00816326530612245	0.027906976744186046	0.0	0.02050113895216401	0.04128440366972477	0.0	0.0	0.018747907599598258	0.0546218487394958	0.0	0.0	0.03513909224011713	0.0	0.0	0.0	0.05844155844155844	0.0	0.05555555555555555	0.0	0.0	0.00804289544235925	0.05806451612903226	0.00804289544235925	0.0	0.0	0.0	0.0	0.0	0.0	0.0	0.09868421052631579	0.01765650080256822	0.00816326530612245	0.09868421052631579	0.032432432432432434	0.0	0.0	0.005405405405405406	0.0	0.00749063670411985	0.40555555555555556	0.12903225806451613	0.098	0.19395017793594305	0.19262295081967212	1.0	0.3387096774193548	0.41935483870967744	0.12903225806451613	0.098	0.0	0.03208556149732621	0.02434077079107505	0.0	0.0	0.014285714285714285	0.009478672985781991	0.0	0.04838709677419355	0.01935483870967742	0.08962264150943396	0.030821917808219176	0.0389908256880734	0.0389908256880734	0.030821917808219176	0.0389908256880734	0.05555555555555555	0.030821917808219176	0.0389908256880734	0.03333333333333333	0.0	0.0	0.028662420382165606	0.0	0.05054151624548736	0.06288032454361055	0.0	0.04838709677419355	0.0	0.0	0.04878048780487805	0.0	0.0	0.016483516483516484	0.06862745098039216	0.0	0.0	0.0	0.0	0.0	0.0	0.0	0.15584415584415584	0.3116883116883117	0.036585365853658534	0.0	0.027777777777777776	0.0	0.0	0.0	0.018288222384784197	0.12142857142857143	0.04945054945054945	0.0	0.00804289544235925	0.034324942791762014	0.02050113895216401	0.0	0.04838709677419355	0.028192371475953566	0.05056179775280899	0.01684341859014348	0.006804649844060108	0.0	0.0	0.010752688172043012	0.0	0.040214477211796246	0.008908685968819599	0.018656716417910446	0.0	0.03870967741935484	0.0	0.010810810810810811	0.0	0.020429009193054137	0.024	0.00848320325755005	0.0	0.11842105263157894	0.0	0.12903225806451613	0.098	0.025202520252025202	0.0058823529411764705	0.00436046511627907	0.0	0.0	0.0	0.0	0.16216216216216217	0.12064343163538874	0.12036108324974924	0.04945054945054945	0.0	0.02967359050445104	0.0	0.03208556149732621	0.0041841004184100415	0.028037383177570093	0.05555555555555555	0.04838709677419355	0.0	0.0	0.0	0.0335195530726257	0.05454545454545454	0.0	0.027777777777777776	0.01485148514851485	0.005151688609044075	0.0	0.03504043126684636	0.010810810810810811	0.00816326530612245	0.0	0.004431314623338257	0.0	0.027649769585253458	0.01092896174863388	0.0	0.09782608695652174	0.0	0.06511627906976744	0.020702070207020702	0.03870967741935484	0.020833333333333332	0.016216216216216217	0.03346203346203346	0.005405405405405406	0.005405405405405406	0.00435097897026831	0.007168458781362007	0.027463651050080775	0.03289473684210526	0.007168458781362007	0.029157667386609073	0.013812154696132596
0.0	0.0	0.0	0.0	0.0	0.06451612903225806	0.04	0.0481283422459893	0.0481283422459893	0.01092896174863388	0.022935779816513763	0.0	0.0	0.0	0.0	0.004457652303120356	0.05722070844686648	0.0	0.0	0.0	0.0	0.0	0.03821656050955414	0.0	0.0	0.0	0.0	0.041666666666666664	0.0	0.01092896174863388	0.0	0.0	0.0	0.0	0.0	0.0	0.013071895424836602	0.041666666666666664	0.0	0.07333333333333333	0.0	0.02619589977220957	0.0	0.09782608695652174	0.0481283422459893	0.07258064516129033	0.038926174496644296	0.02981029810298103	0.0528	0.024054982817869417	0.007194244604316547	0.022480931352870333	0.026149684400360685	0.01451378809869376	0.07258064516129033	0.0	0.0	0.0	0.0	0.0	0.0	0.0481283422459893	0.09782608695652174	0.051075268817204304	0.0	0.0	0.0	0.005688282138794084	0.006036217303822937	0.0	0.0	0.0	0.0	0.0	0.0	0.0	0.0	0.0	0.0	0.0	0.0	0.0	0.0	0.0	0.0	0.02426944031698861	0.0	0.0	0.03643724696356275	0.0	0.0	0.00683371298405467	0.0	0.0	0.018779342723004695	0.026737967914438502	0.0	0.02834008097165992	0.0	0.0	0.0	0.060240963855421686	0.0	0.0	0.0	0.01092896174863388	0.0392156862745098	0.0	0.02857142857142857	0.057692307692307696	0.0	0.0	0.022480931352870333	0.07386363636363637	0.0	0.0	0.03220035778175313	0.0	0.0	0.0	0.09782608695652174	0.0	0.07142857142857142	0.0	0.0	0.0	0.06451612903225806	0.0	0.0	0.0	0.0	0.0	0.0	0.0	0.0	0.0	0.022044088176352707	0.01092896174863388	0.0	0.0	0.0	0.0	0.006493506493506494	0.0	0.00975609756097561	0.5932203389830508	0.15591397849462366	0.11436170212765957	0.09817351598173515	0.24175824175824176	0.3387096774193548	1.0	0.3387096774193548	0.15591397849462366	0.11436170212765957	0.0	0.048	0.0	0.0	0.0	0.02027027027027027	0.013422818791946308	0.0	0.05913978494623656	0.021505376344086023	0.12	0.03662420382165605	0.04807692307692308	0.04807692307692308	0.03662420382165605	0.04807692307692308	0.07142857142857142	0.03662420382165605	0.04807692307692308	0.0423728813559322	0.0	0.0	0.03571428571428571	0.0	0.06511627906976744	0.08401084010840108	0.0	0.07258064516129033	0.0	0.0	0.04891304347826087	0.0	0.0	0.025	0.07377049180327869	0.0	0.0	0.0	0.0	0.0	0.0	0.0	0.09782608695652174	0.09782608695652174	0.0	0.0	0.0	0.0	0.0	0.0	0.022341376228775692	0.21794871794871795	0.0	0.0	0.0	0.04792332268370607	0.02857142857142857	0.0	0.07258064516129033	0.03549060542797495	0.0	0.01992619926199262	0.005278785879247773	0.0	0.0	0.0	0.0	0.060240963855421686	0.01091901728844404	0.024271844660194174	0.0	0.06451612903225806	0.0	0.0	0.0	0.027359781121751026	0.035856573705179286	0.010199918400652794	0.0	0.16666666666666666	0.0	0.15591397849462366	0.11436170212765957	0.03244495944380069	0.007194244604316547	0.005319148936170213	0.0	0.0	0.0	0.0	0.0	0.0	0.0	0.0	0.0	0.03636363636363636	0.0	0.048	0.0	0.041916167664670656	0.07792207792207792	0.07258064516129033	0.0	0.0	0.0	0.0	0.02425876010781671	0.0	0.0423728813559322	0.0	0.007194244604316547	0.0	0.05263157894736842	0.0	0.01092896174863388	0.0	0.0	0.0	0.0	0.013157894736842105	0.0	0.12295081967213115	0.0	0.08496732026143791	0.026651216685979143	0.06451612903225806	0.028089887640449437	0.024390243902439025	0.039816232771822356	0.006493506493506494	0.006493506493506494	0.005305039787798408	0.009216589861751152	0.03434343434343434	0.0	0.009216589861751152	0.03366583541147132	0.016666666666666666
0.0	0.0	0.03278688524590164	0.0	0.0	0.03870967741935484	0.026737967914438502	0.028938906752411574	0.028938906752411574	0.00816326530612245	0.017857142857142856	0.0	0.0	0.0	0.0	0.0035785288270377734	0.054989816700611	0.08333333333333333	0.0	0.0	0.0	0.0	0.0273972602739726	0.0	0.0	0.04891304347826087	0.0	0.027472527472527472	0.0	0.00816326530612245	0.0	0.0	0.0	0.0	0.0	0.0	0.009302325581395349	0.027472527472527472	0.0	0.0660377358490566	0.0	0.023978685612788632	0.1079136690647482	0.05844155844155844	0.028938906752411574	0.04838709677419355	0.02920443101711984	0.02231237322515213	0.037800687285223365	0.01873327386262266	0.005151688609044075	0.018747907599598258	0.021370670596904937	0.012300123001230012	0.04838709677419355	0.016483516483516484	0.0	0.0	0.0	0.0	0.0	0.028938906752411574	0.05844155844155844	0.038306451612903226	0.05030181086519115	0.0	0.0	0.0044365572315882874	0.004830917874396135	0.0	0.0	0.0	0.0	0.0	0.0	0.0	0.032432432432432434	0.0	0.0	0.0	0.0	0.0	0.0	0.0	0.0	0.0194831013916501	0.0	0.0	0.04043126684636118	0.0	0.0	0.0053285968028419185	0.0	0.0	0.014545454545454545	0.021897810218978103	0.0	0.05358948432760364	0.0	0.04225352112676056	0.0	0.040214477211796246	0.09868421052631579	0.0	0.0	0.00816326530612245	0.027906976744186046	0.0	0.02050113895216401	0.04128440366972477	0.0	0.0	0.018747907599598258	0.0546218487394958	0.0	0.0	0.03513909224011713	0.0	0.0	0.0	0.05844155844155844	0.0	0.05555555555555555	0.0	0.0	0.00804289544235925	0.05806451612903226	0.00804289544235925	0.0	0.0	0.0	0.0	0.0	0.0	0.0	0.09868421052631579	0.01765650080256822	0.00816326530612245	0.09868421052631579	0.032432432432432434	0.0	0.0	0.005405405405405406	0.0	0.00749063670411985	0.40555555555555556	0.12903225806451613	0.098	0.19395017793594305	0.19262295081967212	0.41935483870967744	0.3387096774193548	1.0	0.12903225806451613	0.098	0.0	0.03208556149732621	0.02434077079107505	0.0	0.0	0.014285714285714285	0.009478672985781991	0.0	0.04838709677419355	0.01935483870967742	0.08962264150943396	0.030821917808219176	0.0389908256880734	0.0389908256880734	0.030821917808219176	0.0389908256880734	0.05555555555555555	0.030821917808219176	0.0389908256880734	0.03333333333333333	0.0	0.0	0.028662420382165606	0.0	0.05054151624548736	0.06288032454361055	0.0	0.04838709677419355	0.0	0.0	0.04878048780487805	0.0	0.0	0.016483516483516484	0.06862745098039216	0.0	0.0	0.0	0.0	0.0	0.0	0.0	0.15584415584415584	0.15584415584415584	0.036585365853658534	0.0	0.027777777777777776	0.0	0.0	0.0	0.018288222384784197	0.12142857142857143	0.04945054945054945	0.0	0.00804289544235925	0.034324942791762014	0.02050113895216401	0.0	0.04838709677419355	0.028192371475953566	0.05056179775280899	0.01684341859014348	0.006804649844060108	0.0	0.0	0.010752688172043012	0.0	0.040214477211796246	0.008908685968819599	0.018656716417910446	0.0	0.03870967741935484	0.0	0.010810810810810811	0.0	0.020429009193054137	0.024	0.00848320325755005	0.0	0.11842105263157894	0.0	0.12903225806451613	0.098	0.025202520252025202	0.0058823529411764705	0.00436046511627907	0.0	0.0	0.0	0.0	0.16216216216216217	0.12064343163538874	0.12036108324974924	0.04945054945054945	0.0	0.02967359050445104	0.0	0.03208556149732621	0.0041841004184100415	0.028037383177570093	0.05555555555555555	0.04838709677419355	0.0	0.0	0.0	0.0335195530726257	0.05454545454545454	0.0	0.027777777777777776	0.01485148514851485	0.005151688609044075	0.0	0.03504043126684636	0.010810810810810811	0.00816326530612245	0.0	0.004431314623338257	0.0	0.027649769585253458	0.01092896174863388	0.0	0.09782608695652174	0.0	0.06511627906976744	0.020702070207020702	0.03870967741935484	0.020833333333333332	0.016216216216216217	0.03346203346203346	0.005405405405405406	0.005405405405405406	0.00435097897026831	0.007168458781362007	0.027463651050080775	0.03289473684210526	0.007168458781362007	0.029157667386609073	0.013812154696132596
0.0	0.0	0.0	0.008069939475453935	0.0	0.03870967741935484	0.026737967914438502	0.028938906752411574	0.028938906752411574	0.00816326530612245	0.017857142857142856	0.0	0.0	0.0	0.0	0.0035785288270377734	0.04684317718940937	0.0	0.0	0.0	0.020833333333333332	0.008298755186721992	0.0273972602739726	0.008253094910591471	0.0	0.0	0.0	0.027472527472527472	0.0	0.00816326530612245	0.0	0.012295081967213115	0.0	0.0	0.0	0.0	0.009302325581395349	0.027472527472527472	0.0	0.1650943396226415	0.0	0.08170515097690942	0.0	0.05844155844155844	0.028938906752411574	0.04838709677419355	0.02920443101711984	0.02231237322515213	0.037800687285223365	0.01873327386262266	0.005151688609044075	0.018747907599598258	0.021370670596904937	0.012300123001230012	0.04838709677419355	0.0	0.0	0.0	0.0	0.0	0.0	0.028938906752411574	0.05844155844155844	0.038306451612903226	0.0	0.0	0.0	0.0044365572315882874	0.004830917874396135	0.0	0.0	0.0	0.0	0.0	0.0	0.0	0.0	0.0	0.0	0.010948905109489052	0.0	0.0	0.0	0.0	0.0	0.0194831013916501	0.0	0.0	0.029649595687331536	0.0	0.008113590263691683	0.0053285968028419185	0.0	0.0	0.014545454545454545	0.021897810218978103	0.0	0.025278058645096056	0.0	0.0	0.0	0.040214477211796246	0.0	0.0	0.0	0.00816326530612245	0.027906976744186046	0.0	0.02050113895216401	0.04128440366972477	0.060810810810810814	0.012170385395537525	0.018747907599598258	0.0546218487394958	0.0	0.0	0.029282576866764276	0.0	0.0	0.0	0.05844155844155844	0.0	0.17592592592592593	0.0	0.0	0.0	0.04516129032258064	0.0	0.0	0.0	0.0	0.0	0.0	0.0	0.0	0.0	0.01765650080256822	0.00816326530612245	0.0	0.0	0.0	0.0	0.005405405405405406	0.0	0.00749063670411985	0.39444444444444443	0.4838709677419355	0.744	0.3202846975088968	0.7377049180327869	0.12903225806451613	0.15591397849462366	0.12903225806451613	1.0	0.744	0.0	0.03208556149732621	0.0	0.0	0.0	0.014285714285714285	0.009478672985781991	0.027777777777777776	0.1532258064516129	0.04516129032258064	0.27358490566037735	0.1050228310502283	0.12844036697247707	0.12844036697247707	0.1050228310502283	0.12844036697247707	0.17592592592592593	0.1050228310502283	0.12844036697247707	0.39444444444444443	0.13636363636363635	0.0	0.028662420382165606	0.0	0.05054151624548736	0.06288032454361055	0.0	0.04838709677419355	0.0	0.0	0.1016260162601626	0.0	0.0	0.016483516483516484	0.1503267973856209	0.009302325581395349	0.0	0.0	0.0	0.0	0.0	0.0	0.06493506493506493	0.06493506493506493	0.0	0.0	0.0	0.0	0.0	0.0	0.018288222384784197	0.12142857142857143	0.0	0.0	0.0	0.034324942791762014	0.02050113895216401	0.0	0.04838709677419355	0.028192371475953566	0.0	0.01684341859014348	0.01587751630280692	0.0	0.0	0.0	0.0	0.040214477211796246	0.008908685968819599	0.018656716417910446	0.0	0.03870967741935484	0.0	0.0	0.0	0.020429009193054137	0.024	0.00848320325755005	0.0	0.10526315789473684	0.0	0.4838709677419355	0.36	0.025202520252025202	0.0058823529411764705	0.00436046511627907	0.0	0.0	0.0	0.0	0.0	0.0	0.0	0.0	0.0	0.02967359050445104	0.0	0.03208556149732621	0.01394700139470014	0.028037383177570093	0.05555555555555555	0.04838709677419355	0.0	0.0	0.0	0.0	0.022222222222222223	0.009771986970684038	0.027777777777777776	0.0	0.005151688609044075	0.0	0.03504043126684636	0.0	0.00816326530612245	0.0	0.0	0.0	0.0	0.01092896174863388	0.0	0.08695652173913043	0.0	0.09302325581395349	0.020702070207020702	0.03870967741935484	0.020833333333333332	0.016216216216216217	0.03346203346203346	0.005405405405405406	0.005405405405405406	0.00435097897026831	0.007168458781362007	0.027463651050080775	0.0	0.007168458781362007	0.029157667386609073	0.013812154696132596
0.0	0.0	0.0	0.006688963210702341	0.0	0.028662420382165606	0.018518518518518517	0.01904761904761905	0.01904761904761905	0.006072874493927126	0.012411347517730497	0.0	0.0	0.0	0.0	0.0019755037534571317	0.03838383838383838	0.0	0.0	0.0	0.01859504132231405	0.006172839506172839	0.020361990950226245	0.006839945280437756	0.0	0.0	0.0	0.024456521739130436	0.0	0.006072874493927126	0.0	0.01016260162601626	0.0	0.0	0.0	0.0	0.0069124423963133645	0.024456521739130436	0.0	0.1378504672897196	0.0	0.04938271604938271	0.0	0.04807692307692308	0.01904761904761905	0.0398936170212766	0.022977022977022976	0.01609657947686117	0.03064699205448354	0.013286093888396812	0.0028360748723766306	0.014652014652014652	0.01684981684981685	0.008567931456548347	0.0398936170212766	0.0	0.0	0.0	0.0	0.0	0.0	0.01904761904761905	0.04807692307692308	0.032	0.0	0.0	0.0	0.0026431718061674008	0.0032	0.0	0.0	0.0	0.0	0.0	0.0	0.0	0.0	0.0	0.0	0.009057971014492754	0.0	0.0	0.0	0.0	0.0	0.014618727775582773	0.0	0.0	0.018666666666666668	0.0	0.006036217303822937	0.003527336860670194	0.0	0.0	0.01263537906137184	0.01741654571843251	0.0	0.017051153460381142	0.0	0.0	0.0	0.03183023872679045	0.0	0.0	0.0	0.006072874493927126	0.020737327188940093	0.0	0.013544018058690745	0.03409090909090909	0.056666666666666664	0.01006036217303823	0.014652014652014652	0.052083333333333336	0.0	0.0	0.018922852983988356	0.0	0.0	0.0	0.04807692307692308	0.0	0.13302752293577982	0.0	0.0	0.0	0.03184713375796178	0.0	0.0	0.0	0.0	0.0	0.0	0.0	0.0	0.0	0.012759170653907496	0.006072874493927126	0.0	0.0	0.0	0.0	0.004032258064516129	0.0	0.0055762081784386614	0.3489010989010989	0.36	0.49206349206349204	0.21201413427561838	0.6097560975609756	0.098	0.11436170212765957	0.098	0.744	1.0	0.0	0.023809523809523808	0.0	0.0	0.0	0.01179245283018868	0.007042253521126761	0.024725274725274724	0.116	0.03184713375796178	0.22897196261682243	0.06334841628959276	0.08636363636363636	0.08636363636363636	0.06334841628959276	0.08636363636363636	0.13302752293577982	0.06334841628959276	0.08636363636363636	0.3489010989010989	0.11217948717948718	0.0	0.023734177215189875	0.0	0.044802867383512544	0.056338028169014086	0.0	0.0398936170212766	0.0	0.0	0.08669354838709678	0.0	0.0	0.01358695652173913	0.1266233766233766	0.0069124423963133645	0.0	0.0	0.0	0.0	0.0	0.0	0.05128205128205128	0.05128205128205128	0.0	0.0	0.0	0.0	0.0	0.0	0.013818181818181818	0.11619718309859155	0.0	0.0	0.0	0.027210884353741496	0.013544018058690745	0.0	0.0398936170212766	0.023064250411861616	0.0	0.01303538175046555	0.011289867344058707	0.0	0.0	0.0	0.0	0.03183023872679045	0.007380073800738007	0.016666666666666666	0.0	0.028662420382165606	0.0	0.0	0.0	0.0182370820668693	0.0158311345646438	0.007087411407357408	0.0	0.09090909090909091	0.0	0.36	0.23809523809523808	0.01966041108132261	0.0043859649122807015	0.002890173410404624	0.0	0.0	0.0	0.0	0.0	0.0	0.0	0.0	0.0	0.025073746312684365	0.0	0.023809523809523808	0.012482662968099861	0.019815059445178335	0.0481651376146789	0.0398936170212766	0.0	0.0	0.0	0.0	0.014028056112224449	0.008090614886731391	0.024725274725274724	0.0	0.0028360748723766306	0.0	0.02666666666666667	0.0	0.006072874493927126	0.0	0.0	0.0	0.0	0.009510869565217392	0.0	0.07526881720430108	0.0	0.07603686635944701	0.01519213583556747	0.028662420382165606	0.01859504132231405	0.013368983957219251	0.03201024327784891	0.004032258064516129	0.004032258064516129	0.002883922134102379	0.005338078291814947	0.02247191011235955	0.0	0.005338078291814947	0.025806451612903226	0.012362637362637362
0.0	0.0	0.0	0.0	0.0	0.0	0.0	0.0	0.0	0.0	0.0	0.04107485604606526	0.08161993769470405	0.3128834355828221	0.11001642036124795	0.0	0.0	0.0	0.0	0.0	0.0	0.0	0.0	0.054707379134860054	0.0	0.0	0.021798365122615803	0.0	0.0	0.0	0.021798365122615803	0.0	0.0	0.2396694214876033	0.08196721311475409	0.09533468559837728	0.12883435582822086	0.0	0.0	0.0	0.0787518573551263	0.0	0.0	0.0	0.0	0.0	0.0	0.0	0.0	0.0	0.0	0.0	0.0	0.0	0.0	0.0	0.0	0.0	0.0	0.0	0.0	0.0	0.0	0.0	0.09819763828464885	0.020242914979757085	0.0	0.0	0.0	0.0	0.07901907356948229	0.0	0.25226860254083483	0.0	0.0	0.0	0.0	0.03305785123966942	0.021798365122615803	0.0	0.0	0.0	0.0	0.0	0.0	0.05089058524173028	0.020036429872495445	0.0	0.0	0.15839243498817968	0.08333333333333333	0.0	0.0	0.16076294277929154	0.0	0.0	0.0	0.0	0.0	0.0	0.0	0.0	0.0	0.016181229773462782	0.2776769509981851	0.0	0.0	0.0	0.0	0.0	0.0	0.0	0.0	0.0	0.0	0.0	0.05660377358490566	0.0	0.0	0.0	0.0	0.06446280991735537	0.0	0.2970027247956403	0.0	0.02546296296296296	0.0	0.02546296296296296	0.0	0.0	0.0	0.0	0.0	0.0	0.0	0.0	0.0	0.0	0.0	0.0	0.0	0.0	0.0	0.09828674481514878	0.0	0.0	0.0	0.0	0.0	0.0	0.0	0.0	0.0	0.0	0.0	1.0	0.0	0.0	0.0	0.0	0.0	0.0	0.0	0.0	0.0	0.0	0.0	0.0	0.0	0.0	0.0	0.0	0.0	0.0	0.0	0.0	0.0	0.0	0.11074380165289256	0.0	0.019927536231884056	0.042071197411003236	0.0	0.0	0.019855595667870037	0.0	0.0	0.0	0.0	0.0	0.034764826175869123	0.29326047358834245	0.11293634496919917	0.0413625304136253	0.02032520325203252	0.018115942028985508	0.018115942028985508	0.0	0.0	0.0	0.0	0.0	0.0	0.02564102564102564	0.043596730245231606	0.0	0.0	0.0	0.0	0.02546296296296296	0.0	0.0	0.18309859154929578	0.0	0.055891238670694864	0.060240963855421686	0.019755955839628123	0.03481264948179644	0.0	0.0	0.0	0.0	0.0	0.0	0.0	0.0	0.0	0.05695687550854353	0.030303030303030304	0.3902439024390244	0.0	0.0	0.06157712849513038	0.0	0.0	0.0	0.0	0.0	0.05614320585842148	0.0	0.0	0.0	0.0	0.0	0.0	0.0	0.0	0.0	0.0	0.0	0.0	0.020242914979757085	0.0	0.03479381443298969	0.0	0.0	0.0	0.03305785123966942	0.0	0.0	0.0	0.0	0.0	0.0	0.09719222462203024	0.0	0.0967741935483871	0.0	0.030303030303030304	0.0	0.1048951048951049	0.17527173913043478	0.21040189125295508	0.0	0.0	0.0	0.0	0.0	0.0	0.0	0.0	0.0	0.0	0.04665071770334928	0.0	0.0	0.0	0.0	0.0	0.0	0.0	0.0	0.0
0.0	0.0	0.0	0.0	0.0	0.06382978723404255	0.03968253968253968	0.047619047619047616	0.047619047619047616	0.010869565217391304	0.0228310502283105	0.0	0.0	0.0	0.0	0.004440059200789344	0.0	0.0	0.0	0.0	0.0	0.0	0.0379746835443038	0.0	0.0	0.0	0.0	0.04132231404958678	0.0	0.010869565217391304	0.0	0.0	0.0	0.0	0.0	0.0	0.012987012987012988	0.04132231404958678	0.0	0.0	0.0	0.02040816326530612	0.0	0.0967741935483871	0.047619047619047616	0.072	0.03871829105473965	0.029649595687331536	0.05246422893481717	0.02394526795895097	0.007148530579825258	0.022408963585434174	0.02605570530098832	0.01447178002894356	0.072	0.0	0.0	0.0	0.0	0.0	0.0	0.047619047619047616	0.0967741935483871	0.05080213903743316	0.0	0.0	0.0	0.0056625141562853904	0.006012024048096192	0.0	0.0	0.0	0.0	0.0	0.0	0.0	0.0	0.0	0.0	0.0	0.0	0.0	0.0	0.0	0.0	0.024173655648741982	0.0	0.0	0.0	0.0	0.0	0.006802721088435374	0.0	0.0	0.018691588785046728	0.02664298401420959	0.0	0.0	0.0	0.0	0.0	0.2350597609561753	0.0	0.0	0.0	0.010869565217391304	0.09090909090909091	0.0	0.028391167192429023	0.05732484076433121	0.0	0.0	0.022408963585434174	0.07344632768361582	0.0	0.0	0.016042780748663103	0.0	0.0	0.0	0.0967741935483871	0.0	0.05806451612903226	0.0	0.0	0.0	0.0	0.0	0.0	0.0	0.0	0.0	0.0	0.0	0.0	0.0	0.021956087824351298	0.010869565217391304	0.0	0.0	0.0	0.0	0.006472491909385114	0.0	0.009708737864077669	0.12605042016806722	0.03208556149732621	0.023809523809523808	0.020454545454545454	0.04918032786885246	0.03208556149732621	0.048	0.03208556149732621	0.03208556149732621	0.023809523809523808	0.0	1.0	0.0	0.0	0.0	0.020134228187919462	0.013333333333333334	0.0	0.09090909090909091	0.0	0.09933774834437085	0.028481012658227847	0.03821656050955414	0.03821656050955414	0.028481012658227847	0.03821656050955414	0.05806451612903226	0.028481012658227847	0.03821656050955414	0.0	0.0	0.0	0.03557312252964427	0.0	0.06481481481481481	0.08355795148247978	0.0	0.072	0.0	0.0	0.0	0.0	0.0	0.024793388429752067	0.036734693877551024	0.0	0.0	0.0	0.0	0.0	0.0	0.0	0.0	0.0	0.0	0.0	0.0	0.0	0.0	0.0	0.02226179875333927	0.21518987341772153	0.0	0.0	0.0	0.047619047619047616	0.028391167192429023	0.0	0.072	0.035343035343035345	0.0	0.019867549668874173	0.0	0.0	0.0	0.0	0.0	0.2350597609561753	0.010879419764279238	0.024154589371980676	0.0	0.06382978723404255	0.0	0.0	0.0	0.027210884353741496	0.03557312252964427	0.010166734444896299	0.0	0.0	0.0	0.03208556149732621	0.023809523809523808	0.03229527104959631	0.007168458781362007	0.00530035335689046	0.0	0.0	0.0	0.0	0.0	0.0	0.0	0.0	0.0	0.036231884057971016	0.0	0.1746031746031746	0.0	0.1603960396039604	0.2064516129032258	0.264	0.0	0.0	0.0	0.0	0.0	0.0	0.04201680672268908	0.0	0.007148530579825258	0.0	0.05220883534136546	0.0	0.010869565217391304	0.0	0.0	0.0	0.0	0.013114754098360656	0.0	0.0	0.0	0.06493506493506493	0.0265282583621684	0.06382978723404255	0.027932960893854747	0.024193548387096774	0.03969465648854962	0.006472491909385114	0.006472491909385114	0.0052863436123348016	0.009174311926605505	0.03420523138832998	0.0	0.009174311926605505	0.033582089552238806	0.016611295681063124
0.0	0.0	0.03305785123966942	0.0	0.0	0.0	0.0	0.0	0.0	0.0	0.0	0.0	0.0	0.0	0.0	0.019176987614862164	0.0	0.08403361344537816	0.0	0.0	0.0	0.0	0.0	0.0	0.0	0.049315068493150684	0.0	0.036011080332409975	0.0	0.12114989733059549	0.0	0.0	0.0	0.0	0.0	0.0	0.0	0.0	0.0	0.0	0.0	0.0	0.0216998191681736	0.0	0.0	0.0	0.0	0.0836734693877551	0.0	0.0	0.0	0.0	0.025166543301258327	0.0	0.0	0.01662049861495845	0.0	0.0	0.0	0.0	0.02997275204359673	0.0	0.0	0.0	0.010101010101010102	0.0	0.04087193460490463	0.0231935771632471	0.030744336569579287	0.0	0.0	0.0	0.0	0.03523035230352303	0.03624733475479744	0.0	0.0326975476839237	0.0	0.0	0.0	0.0	0.0	0.0	0.0	0.0	0.0	0.0	0.0	0.0	0.0	0.0	0.0	0.0	0.0	0.038391224862888484	0.021994134897360705	0.0	0.0	0.16279069767441862	0.0425531914893617	0.0	0.0	0.23255813953488372	0.0	0.0	0.08008213552361396	0.03981264637002342	0.0	0.0	0.0	0.0	0.0	0.0	0.0	0.0	0.0	0.0	0.16279069767441862	0.06339468302658487	0.06339468302658487	0.0	0.0	0.0	0.0	0.0	0.008108108108108109	0.0	0.008108108108108109	0.0	0.0	0.0	0.0	0.0	0.0	0.0	0.09966777408637874	0.020967741935483872	0.043121149897330596	0.09966777408637874	0.07629427792915532	0.0	0.0	0.0	0.0	0.0	0.0	0.0	0.0	0.02146690518783542	0.0	0.02434077079107505	0.0	0.02434077079107505	0.0	0.0	0.0	0.0	1.0	0.24914675767918087	0.1349862258953168	0.1366906474820144	0.0	0.0	0.0	0.0	0.0	0.0	0.0	0.0	0.0	0.0	0.0	0.0	0.0	0.0	0.0	0.0	0.0	0.0	0.0	0.0	0.0	0.0	0.0	0.0	0.0	0.0	0.0	0.0	0.0	0.0	0.0	0.0	0.0	0.0	0.0	0.0	0.0	0.0	0.03680981595092025	0.0	0.028011204481792718	0.0	0.0	0.0	0.0	0.0	0.11634349030470914	0.0	0.008108108108108109	0.0	0.0	0.0	0.0	0.0	0.05099150141643059	0.0	0.0	0.12131147540983607	0.0	0.01084010840108401	0.0	0.0	0.0	0.04690431519699812	0.05647840531561462	0.0	0.0	0.010899182561307902	0.0	0.022610483042137718	0.0	0.0	0.0	0.0	0.0	0.0	0.0	0.0	0.0	0.0	0.0	0.0	0.0	0.0	0.0326975476839237	0.024324324324324326	0.024217961654894045	0.04986149584487535	0.0	0.0	0.0	0.0	0.004201680672268907	0.0	0.0	0.0	0.0	0.0	0.0	0.03380281690140845	0.026422764227642278	0.0	0.0	0.014962593516209476	0.0	0.0	0.0	0.010899182561307902	0.043121149897330596	0.0	0.004451038575667656	0.0	0.027842227378190254	0.0	0.0	0.0	0.0	0.0	0.0	0.0	0.0	0.0	0.0	0.0	0.0	0.0	0.0	0.0	0.03322259136212625	0.0	0.0	0.0
0.0	0.0	0.0	0.0	0.0	0.0	0.0	0.0	0.0	0.0	0.0	0.0	0.0	0.0	0.0	0.044314868804664724	0.0	0.0	0.0	0.0	0.0	0.0	0.0	0.0	0.0	0.0	0.0	0.12195121951219512	0.0	0.09655172413793103	0.0	0.0	0.0	0.0	0.0	0.0	0.0	0.0	0.0	0.0	0.0	0.0	0.0	0.0	0.0	0.0	0.0	0.21843003412969283	0.0	0.0	0.0	0.0	0.050156739811912224	0.0	0.0	0.0	0.0	0.0	0.0	0.0	0.10588235294117647	0.0	0.0	0.0	0.0	0.0	0.12941176470588237	0.055020632737276476	0.06175771971496437	0.0	0.0	0.0	0.0	0.11627906976744186	0.08823529411764706	0.0	0.0	0.0	0.0	0.0	0.0	0.0	0.0	0.0	0.0	0.0	0.0	0.0	0.0	0.0	0.0	0.0	0.0	0.0	0.08	0.04536082474226804	0.0	0.0	0.6923076923076923	0.0	0.0	0.0	0.0	0.0	0.0	0.09655172413793103	0.10434782608695652	0.0	0.0	0.0	0.0	0.0	0.0	0.0	0.0	0.0	0.0	0.6923076923076923	0.18493150684931506	0.18493150684931506	0.0	0.0	0.0	0.0	0.0	0.0	0.0	0.0	0.0	0.0	0.0	0.0	0.0	0.0	0.0	0.0	0.04728132387706856	0.09655172413793103	0.0	0.0	0.0	0.0	0.0	0.0	0.0	0.0	0.0	0.0	0.0	0.0	0.0	0.0	0.0	0.0	0.0	0.0	0.0	0.24914675767918087	1.0	0.43373493975903615	0.36363636363636365	0.0	0.0	0.0	0.0	0.0	0.0	0.0	0.0	0.0	0.0	0.0	0.0	0.0	0.0	0.0	0.0	0.0	0.0	0.0	0.0	0.0	0.0	0.0	0.0	0.0	0.0	0.0	0.0	0.0	0.0	0.0	0.0	0.0	0.0	0.0	0.0	0.0	0.0	0.0	0.0	0.0	0.0	0.0	0.0	0.0	0.0	0.0	0.0	0.0	0.0	0.0	0.0	0.0	0.0	0.0	0.0	0.0	0.5555555555555556	0.0	0.0	0.0	0.0	0.0	0.09523809523809523	0.23076923076923078	0.0	0.0	0.0	0.0	0.06217616580310881	0.0	0.0	0.0	0.0	0.0	0.0	0.0	0.0	0.0	0.0	0.0	0.0	0.0	0.0	0.0	0.0	0.0	0.0	0.0	0.0	0.0	0.0	0.0	0.0	0.0	0.0	0.0	0.0	0.0	0.0	0.06779661016949153	0.0	0.0	0.0	0.0	0.0	0.0	0.0	0.09655172413793103	0.0	0.0	0.0	0.0	0.0	0.0	0.0	0.0	0.0	0.0	0.0	0.0	0.0	0.0	0.0	0.0	0.0	0.0	0.0	0.0	0.0	0.0	0.0
0.0	0.0	0.0	0.0	0.0	0.0	0.0	0.0	0.0	0.0	0.0	0.0	0.0	0.0	0.0	0.02205513784461153	0.0	0.0	0.0	0.0	0.0	0.0	0.0	0.0	0.0	0.0	0.0	0.05128205128205128	0.0	0.05555555555555555	0.0	0.0	0.0	0.0	0.0	0.0	0.0	0.0	0.0	0.0	0.0	0.0	0.0	0.0	0.0	0.0	0.0	0.11019283746556474	0.0	0.0	0.0	0.0	0.02917046490428441	0.0	0.0	0.0	0.0	0.0	0.0	0.0	0.041666666666666664	0.0	0.0	0.0	0.0	0.0	0.058333333333333334	0.02768166089965398	0.03665987780040733	0.0	0.0	0.0	0.0	0.049586776859504134	0.04678362573099415	0.0	0.0	0.0	0.0	0.0	0.0	0.0	0.0	0.0	0.0	0.0	0.0	0.0	0.0	0.0	0.0	0.0	0.0	0.0	0.047619047619047616	0.025225225225225224	0.0	0.0	0.27586206896551724	0.0	0.0	0.0	0.0	0.0	0.0	0.05555555555555555	0.05333333333333334	0.0	0.0	0.0	0.0	0.0	0.0	0.0	0.0	0.0	0.0	0.27586206896551724	0.08287292817679558	0.08287292817679558	0.0	0.0	0.0	0.0	0.0	0.0	0.0	0.0	0.0	0.0	0.0	0.0	0.0	0.0	0.0	0.0	0.02434077079107505	0.05555555555555555	0.0	0.0	0.0	0.0	0.0	0.0	0.0	0.0	0.0	0.0	0.0	0.0	0.0	0.0	0.0	0.0	0.0	0.0	0.0	0.1349862258953168	0.43373493975903615	1.0	0.19310344827586207	0.0	0.0	0.0	0.0	0.0	0.0	0.0	0.0	0.0	0.0	0.0	0.0	0.0	0.0	0.0	0.0	0.0	0.0	0.0	0.0	0.0	0.0	0.0	0.0	0.0	0.0	0.0	0.0	0.0	0.0	0.0	0.0	0.0	0.0	0.0	0.0	0.0	0.0	0.0	0.0	0.0	0.0	0.0	0.0	0.0	0.0	0.0	0.0	0.0	0.0	0.0	0.0	0.0	0.0	0.0	0.0	0.0	0.20224719101123595	0.0	0.0	0.0	0.0	0.0	0.059113300492610835	0.09195402298850575	0.0	0.0	0.0	0.0	0.027816411682892908	0.0	0.0	0.0	0.0	0.0	0.0	0.0	0.0	0.0	0.0	0.0	0.0	0.0	0.0	0.0	0.0	0.0	0.0	0.0	0.0	0.0	0.0	0.0	0.0	0.0	0.0	0.0	0.0	0.0	0.0	0.03287671232876712	0.0	0.0	0.0	0.0	0.0	0.0	0.0	0.05555555555555555	0.0	0.0	0.0	0.0	0.0	0.0	0.0	0.0	0.0	0.0	0.0	0.0	0.0	0.0	0.0	0.0	0.0	0.0	0.0	0.0	0.0	0.0	0.0
0.0	0.0	0.0	0.0	0.0	0.02564102564102564	0.053691275167785234	0.02127659574468085	0.02127659574468085	0.043478260869565216	0.03305785123966942	0.0	0.0	0.0	0.0	0.11895070104025328	0.0	0.0	0.0	0.0	0.0	0.0	0.016574585635359115	0.0	0.0	0.0	0.0	0.1111111111111111	0.0	0.22705314009661837	0.0	0.0	0.0	0.0	0.0	0.0	0.05084745762711865	0.125	0.0	0.0	0.0	0.01026694045174538	0.0	0.034482758620689655	0.02127659574468085	0.02702702702702703	0.06064209274673008	0.6211031175059952	0.020804438280166437	0.011351909184726523	0.035343035343035345	0.02981736861721953	0.16182572614107885	0.021709633649932156	0.02702702702702703	0.0	0.0	0.0	0.0	0.0	0.061224489795918366	0.02127659574468085	0.034482758620689655	0.02619047619047619	0.0	0.0	0.07482993197278912	0.14256410256410257	0.14862385321100918	0.0	0.0	0.0	0.0	0.06756756756756757	0.06060606060606061	0.0	0.0	0.0	0.0	0.0	0.0	0.0	0.0	0.0	0.0	0.02668475802804161	0.0	0.0	0.0	0.0	0.0	0.030800821355236138	0.0	0.0	0.22362869198312235	0.13957307060755336	0.0	0.0	0.24561403508771928	0.0	0.0	0.02356902356902357	0.0	0.0	0.0	0.22705314009661837	0.15254237288135594	0.0	0.013774104683195593	0.022222222222222223	0.0	0.0	0.02981736861721953	0.07	0.0	0.0	0.008237232289950576	0.24561403508771928	0.09134615384615384	0.09134615384615384	0.034482758620689655	0.0	0.02247191011235955	0.0	0.0	0.0	0.0	0.0	0.0	0.0	0.0	0.0	0.0	0.0	0.0	0.0	0.14442413162705667	0.22705314009661837	0.0	0.0	0.0	0.0	0.02710843373493976	0.0	0.039301310043668124	0.04225352112676056	0.014285714285714285	0.01179245283018868	0.0102880658436214	0.019417475728155338	0.014285714285714285	0.02027027027027027	0.014285714285714285	0.014285714285714285	0.01179245283018868	0.0	0.020134228187919462	0.1366906474820144	0.36363636363636365	0.19310344827586207	1.0	0.05202312138728324	0.0	0.01904761904761905	0.0	0.034482758620689655	0.013812154696132596	0.016666666666666666	0.016666666666666666	0.013812154696132596	0.016666666666666666	0.02247191011235955	0.013812154696132596	0.016666666666666666	0.0	0.0	0.0	0.014492753623188406	0.0	0.06276150627615062	0.05515587529976019	0.0	0.02702702702702703	0.0	0.0	0.0	0.0	0.0	0.08333333333333333	0.014925373134328358	0.0	0.0	0.0	0.0	0.0	0.0	0.0	0.0	0.0	0.0	0.0	0.0	0.0	0.0	0.0	0.02551440329218107	0.17647058823529413	0.0	0.0	0.0	0.019390581717451522	0.013774104683195593	0.0	0.02702702702702703	0.024667931688804556	0.0	0.031013094417643005	0.0	0.1896551724137931	0.0	0.0	0.0	0.02356902356902357	0.0401673640167364	0.28695652173913044	0.10526315789473684	0.02564102564102564	0.0	0.0	0.0	0.07255139056831923	0.016722408026755852	0.03745743473325766	0.0	0.0	0.0	0.014285714285714285	0.01179245283018868	0.04171011470281543	0.029801324503311258	0.024509803921568627	0.0	0.0	0.0	0.0	0.0	0.0	0.0	0.0	0.0	0.03678929765886288	0.0	0.020134228187919462	0.0	0.018425460636515914	0.028089887640449437	0.02702702702702703	0.0	0.0	0.0	0.0	0.0477326968973747	0.0	0.1267605633802817	0.0	0.035343035343035345	0.0	0.0847457627118644	0.0	0.22705314009661837	0.0	0.0	0.0	0.0	0.04573170731707317	0.0	0.0	0.0	0.062146892655367235	0.051094890510948905	0.02564102564102564	0.0891089108910891	0.08163265306122448	0.039942938659058486	0.02710843373493976	0.02710843373493976	0.02444987775061125	0.03734439834024896	0.03867403314917127	0.0	0.03734439834024896	0.03176470588235294	0.018518518518518517
0.0	0.0	0.0	0.0	0.0	0.01694915254237288	0.31333333333333335	0.012658227848101266	0.012658227848101266	0.028846153846153848	0.0205761316872428	0.0	0.0	0.0	0.0	0.01216764308246958	0.0	0.0	0.0	0.0	0.0	0.14705882352941177	0.01098901098901099	0.0	0.0	0.0	0.0	0.034482758620689655	0.0	0.028846153846153848	0.0	0.0	0.0	0.0	0.0	0.0	0.033707865168539325	0.10344827586206896	0.0	0.0	0.0	0.006134969325153374	0.0	0.02564102564102564	0.012658227848101266	0.020134228187919462	0.046153846153846156	0.031026252983293555	0.015172413793103448	0.007194244604316547	0.5589248793935218	0.020810107766629504	0.03225806451612903	0.013531799729364006	0.020134228187919462	0.0	0.0	0.0	0.0	0.0	0.0	0.012658227848101266	0.02564102564102564	0.02132701421800948	0.0	0.0	0.0	0.015321756894790603	0.016453382084095063	0.0	0.0	0.0	0.0	0.0	0.1407035175879397	0.0	0.0	0.0	0.0	0.0	0.0	0.0	0.0	0.0	0.0	0.015772870662460567	0.0	0.0	0.0	0.0	0.0	0.018404907975460124	0.0	0.0	0.05042016806722689	0.027823240589198037	0.0	0.0	0.0	0.0	0.0	0.016722408026755852	0.0	0.0	0.0	0.028846153846153848	0.011235955056179775	0.0	0.00821917808219178	0.016574585635359115	0.0	0.10501193317422435	0.020810107766629504	0.06467661691542288	0.0	0.0	0.0049261083743842365	0.0	0.0	0.0	0.02564102564102564	0.0	0.01675977653631285	0.0	0.0	0.0	0.0	0.0	0.0	0.0	0.0	0.19310344827586207	0.0	0.16101694915254236	0.0	0.0	0.023679417122040074	0.028846153846153848	0.0	0.0	0.0	0.0	0.018018018018018018	0.0	0.16521739130434782	0.03496503496503497	0.009478672985781991	0.007042253521126761	0.006147540983606557	0.014492753623188406	0.009478672985781991	0.013422818791946308	0.009478672985781991	0.009478672985781991	0.007042253521126761	0.0	0.013333333333333334	0.0	0.0	0.0	0.05202312138728324	1.0	0.0	0.014218009478672985	0.0	0.02857142857142857	0.008241758241758242	0.011049723756906077	0.011049723756906077	0.008241758241758242	0.011049723756906077	0.01675977653631285	0.008241758241758242	0.011049723756906077	0.0	0.0	0.0	0.010830324909747292	0.0	0.05	0.0405727923627685	0.0	0.020134228187919462	0.0	0.0	0.0	0.0	0.0	0.06206896551724138	0.011152416356877323	0.0	0.0	0.0	0.0	0.0	0.0	0.0	0.0	0.0	0.0	0.0	0.0	0.0	0.0	0.0	0.015586546349466776	0.1650485436893204	0.0	0.0	0.0	0.013774104683195593	0.00821917808219178	0.0	0.020134228187919462	0.020793950850661626	0.0	0.02268041237113402	0.0	0.0	0.0	0.0	0.0	0.016722408026755852	0.030025020850708923	0.06493506493506493	0.0	0.01694915254237288	0.0	0.0	0.0	0.024067388688327317	0.009966777408637873	0.02829121086382497	0.0	0.0	0.0	0.009478672985781991	0.007042253521126761	0.029075804776739357	0.019801980198019802	0.014657980456026058	0.0	0.0	0.18803418803418803	0.12290502793296089	0.14864864864864866	0.12709030100334448	0.0	0.0	0.0	0.02666666666666667	0.0	0.013333333333333334	0.0	0.011647254575707155	0.0223463687150838	0.020134228187919462	0.0	0.0	0.0	0.0	0.0	0.0	0.1048951048951049	0.0	0.5589248793935218	0.0	0.06397306397306397	0.0	0.028846153846153848	0.0	0.0	0.0	0.0	0.0364741641337386	0.0	0.0	0.0	0.0898876404494382	0.03842159916926272	0.01694915254237288	0.07389162561576355	0.060810810810810814	0.03698435277382646	0.018018018018018018	0.018018018018018018	0.01462225832656377	0.024793388429752067	0.027522935779816515	0.0	0.024793388429752067	0.02464788732394366	0.015384615384615385
0.0	0.0	0.0	0.019753086419753086	0.0	0.0	0.0	0.0	0.0	0.0	0.0	0.0	0.0	0.0	0.0	0.0	0.0	0.0	0.0	0.0	0.2441860465116279	0.028901734104046242	0.0	0.02030456852791878	0.0	0.0	0.0	0.0	0.02959830866807611	0.0	0.0	0.03409090909090909	0.0	0.0	0.0	0.0	0.0	0.05263157894736842	0.0	0.05555555555555555	0.0	0.01990632318501171	0.023809523809523808	0.0	0.0	0.0	0.027739251040221916	0.0	0.0	0.0	0.0	0.0	0.0	0.0	0.0	0.0	0.0	0.0	0.0	0.0	0.0	0.0	0.0	0.0	0.0	0.0	0.0	0.0	0.0	0.0	0.0	0.0	0.0	0.0	0.0	0.0	0.0	0.0	0.0	0.07766990291262135	0.0	0.0	0.0	0.0	0.0	0.0	0.0	0.0	0.0	0.0	0.08403361344537816	0.0	0.0	0.0	0.0	0.0	0.0	0.0	0.0	0.0	0.0	0.0	0.0	0.0	0.0	0.0	0.0	0.0	0.0	0.0	0.15	0.12885154061624648	0.0	0.0	0.0	0.0	0.0	0.0	0.0	0.0	0.0	0.0	0.033783783783783786	0.0	0.0	0.0	0.0	0.0	0.0	0.0	0.0	0.0	0.0	0.0	0.0	0.0	0.0	0.0	0.0	0.15384615384615385	0.0	0.0	0.0	0.0	0.0	0.0	0.027777777777777776	0.024725274725274724	0.02112676056338028	0.03409090909090909	0.0	0.0	0.0	0.027777777777777776	0.024725274725274724	0.0	0.0	0.0	0.0	0.0	0.0	0.0	1.0	0.027777777777777776	0.0	0.041666666666666664	0.028145695364238412	0.03	0.03	0.028145695364238412	0.03	0.033783783783783786	0.028145695364238412	0.03	0.07142857142857142	0.06976744186046512	0.09125475285171103	0.0	0.0	0.028708133971291867	0.0	0.01639344262295082	0.0	0.0	0.0	0.0449438202247191	0.0	0.0	0.0	0.03361344537815126	0.10204081632653061	0.0	0.0	0.0	0.0	0.0	0.0	0.0	0.0	0.0	0.0	0.0	0.0	0.0	0.0	0.0	0.0	0.07017543859649122	0.0	0.0	0.0	0.0	0.0	0.0	0.0	0.0	0.0	0.0	0.0	0.1016949152542373	0.0	0.0	0.0	0.0	0.0	0.0	0.0	0.0	0.0	0.0	0.024045261669024046	0.0	0.0	0.0	0.0	0.0	0.027777777777777776	0.024725274725274724	0.0	0.0	0.0	0.06976744186046512	0.0	0.0	0.0	0.0	0.0	0.0	0.0	0.0	0.0	0.0	0.0	0.027538726333907058	0.0	0.0	0.0	0.0	0.25	0.25	0.0	0.0	0.13807531380753138	0.07142857142857142	0.0	0.0	0.0	0.0	0.0	0.0	0.0	0.0	0.0	0.0	0.0	0.0	0.0	0.0	0.0	0.0	0.0	0.0	0.042735042735042736	0.0	0.0	0.0	0.0	0.0	0.0	0.0	0.0	0.0	0.04081632653061224
0.0	0.0	0.0	0.008069939475453935	0.0	0.05806451612903226	0.0427807486631016	0.04823151125401929	0.04823151125401929	0.012244897959183673	0.02857142857142857	0.0	0.0	0.0	0.0	0.006759443339960238	0.014256619144602852	0.0	0.0	0.0	0.020833333333333332	0.008298755186721992	0.0410958904109589	0.008253094910591471	0.0	0.0	0.0	0.03296703296703297	0.0	0.012244897959183673	0.0	0.012295081967213115	0.0	0.0	0.0	0.0	0.013953488372093023	0.03296703296703297	0.0	0.1320754716981132	0.0	0.08880994671403197	0.0	0.07792207792207792	0.04823151125401929	0.06451612903225806	0.041289023162134945	0.034482758620689655	0.05154639175257732	0.029438001784121322	0.009730967372638809	0.026782725142283227	0.03021370670596905	0.01968019680196802	0.06451612903225806	0.0	0.0	0.0	0.0	0.0	0.0	0.04823151125401929	0.07792207792207792	0.05040322580645161	0.0	0.0	0.0	0.007985803016858917	0.008051529790660225	0.0	0.0	0.0	0.0	0.0	0.0	0.0	0.0	0.0	0.0	0.010948905109489052	0.0	0.0	0.0	0.0	0.0	0.029025844930417495	0.0	0.0	0.008086253369272238	0.0	0.008113590263691683	0.008880994671403197	0.0	0.0	0.01818181818181818	0.030656934306569343	0.0	0.007077856420626896	0.0	0.0	0.0	0.10991957104557641	0.0	0.0	0.0	0.012244897959183673	0.07906976744186046	0.0	0.03416856492027335	0.05504587155963303	0.060810810810810814	0.012170385395537525	0.026782725142283227	0.058823529411764705	0.0	0.0	0.02635431918008785	0.0	0.0	0.0	0.07792207792207792	0.0	0.18518518518518517	0.0	0.0	0.0	0.012903225806451613	0.0	0.0	0.0	0.0	0.0	0.0	0.0	0.0	0.0	0.027287319422150885	0.012244897959183673	0.0	0.0	0.0	0.0	0.008108108108108109	0.0	0.011235955056179775	0.12777777777777777	0.1532258064516129	0.116	0.10320284697508897	0.22950819672131148	0.04838709677419355	0.05913978494623656	0.04838709677419355	0.1532258064516129	0.116	0.0	0.09090909090909091	0.0	0.0	0.0	0.01904761904761905	0.014218009478672985	0.027777777777777776	1.0	0.03870967741935484	0.2830188679245283	0.1141552511415525	0.13761467889908258	0.13761467889908258	0.1141552511415525	0.13761467889908258	0.18518518518518517	0.1141552511415525	0.13761467889908258	0.3888888888888889	0.13636363636363635	0.0	0.03821656050955414	0.0	0.061371841155234655	0.07505070993914807	0.0	0.06451612903225806	0.0	0.0	0.07317073170731707	0.0	0.0	0.02197802197802198	0.13725490196078433	0.009302325581395349	0.0	0.0	0.0	0.0	0.0	0.0	0.01948051948051948	0.01948051948051948	0.0	0.0	0.0	0.0	0.0	0.0	0.027066569129480616	0.12857142857142856	0.0	0.0	0.0	0.04805491990846682	0.03416856492027335	0.0	0.06451612903225806	0.03814262023217247	0.0	0.024329382407985028	0.013609299688120215	0.0	0.0	0.0	0.0	0.10991957104557641	0.011878247958426132	0.022388059701492536	0.0	0.05806451612903226	0.0	0.0	0.0	0.024514811031664963	0.04	0.011197828299966068	0.0	0.03289473684210526	0.0	0.1532258064516129	0.116	0.036003600360036005	0.008823529411764706	0.007267441860465116	0.0	0.0	0.0	0.0	0.0	0.0	0.0	0.0	0.0	0.03857566765578635	0.0	0.09090909090909091	0.01394700139470014	0.0814419225634179	0.10648148148148148	0.12903225806451613	0.0	0.0	0.0	0.0	0.006060606060606061	0.009771986970684038	0.03333333333333333	0.0	0.009730967372638809	0.0	0.05121293800539083	0.0	0.012244897959183673	0.0	0.0	0.0	0.0	0.01366120218579235	0.0	0.02717391304347826	0.0	0.10232558139534884	0.0315031503150315	0.05806451612903226	0.025	0.021621621621621623	0.036036036036036036	0.008108108108108109	0.008108108108108109	0.007251631617113851	0.010752688172043012	0.03715670436187399	0.0	0.010752688172043012	0.035637149028077755	0.016574585635359115
0.0	0.0	0.0	0.0	0.0	0.0	0.0	0.0	0.0	0.0	0.0	0.0	0.0	0.0	0.0	0.0	0.022950819672131147	0.0	0.0	0.0	0.0	0.0	0.0	0.0	0.0	0.0	0.0	0.0	0.0	0.0	0.0	0.0	0.0	0.0	0.0	0.0	0.0	0.0	0.0	0.09243697478991597	0.0	0.01989389920424403	0.0	0.0	0.0	0.0	0.0	0.0	0.0	0.0	0.0	0.0	0.0	0.0	0.0	0.0	0.0	0.0	0.0	0.0	0.0	0.0	0.0	0.0	0.0	0.0	0.0	0.0	0.0	0.0	0.0	0.0	0.0	0.0	0.0	0.0	0.0	0.0	0.0	0.0	0.0	0.0	0.0	0.0	0.0	0.0	0.0	0.0	0.016216216216216217	0.0	0.0	0.0	0.0	0.0	0.0	0.0	0.0	0.011345218800648298	0.0	0.0	0.0	0.0	0.0	0.0	0.0	0.0	0.0	0.0	0.0	0.0	0.0	0.0	0.0	0.0	0.0	0.0	0.006036217303822937	0.0	0.0	0.0	0.0	0.0	0.04878048780487805	0.0	0.0	0.0	0.03225806451612903	0.0	0.0	0.0	0.0	0.0	0.0	0.0	0.0	0.0	0.0	0.0	0.0	0.0	0.0	0.0	0.0	0.0	0.0	0.05747126436781609	0.04516129032258064	0.03184713375796178	0.026595744680851064	0.0728476821192053	0.01935483870967742	0.021505376344086023	0.01935483870967742	0.04516129032258064	0.03184713375796178	0.0	0.0	0.0	0.0	0.0	0.0	0.0	0.0	0.03870967741935484	1.0	0.07563025210084033	0.02976190476190476	0.036	0.036	0.02976190476190476	0.036	0.04878048780487805	0.02976190476190476	0.036	0.1724137931034483	0.0	0.0	0.0	0.0	0.0	0.0	0.0	0.0	0.0	0.0	0.0196078431372549	0.0	0.0	0.0	0.014084507042253521	0.0	0.0	0.0	0.0	0.0	0.0	0.0	0.04918032786885246	0.04918032786885246	0.0	0.0	0.0	0.0	0.0	0.0	0.0	0.0	0.0	0.0	0.0	0.0	0.0	0.0	0.0	0.0	0.0	0.0	0.08623787279913762	0.0	0.0	0.0	0.0	0.0	0.0	0.0	0.0	0.0	0.0	0.0	0.0	0.0	0.0	0.0	0.0	0.0847457627118644	0.0	0.04516129032258064	0.03184713375796178	0.0	0.0	0.0	0.0	0.0	0.0	0.0	0.0	0.0	0.0	0.0	0.0	0.0	0.0	0.0	0.0	0.0	0.0	0.0	0.0	0.0	0.0	0.0	0.009708737864077669	0.0	0.0	0.0	0.0	0.0	0.0	0.0	0.0	0.0	0.0	0.0	0.0	0.0	0.0	0.054945054945054944	0.0	0.07377049180327869	0.0	0.0	0.0	0.0	0.0	0.0	0.0	0.0	0.0	0.0	0.0	0.0	0.0	0.0
0.0	0.0	0.0	0.011913626209977662	0.0	0.12605042016806722	0.09271523178807947	0.11297071129707113	0.11297071129707113	0.023923444976076555	0.05737704918032787	0.0	0.0	0.0	0.0	0.014818140996856757	0.021479713603818614	0.0	0.0	0.0	0.029411764705882353	0.014634146341463415	0.08196721311475409	0.012213740458015267	0.0	0.0	0.0	0.0547945205479452	0.0	0.023923444976076555	0.0	0.019230769230769232	0.0	0.0	0.0	0.0	0.027932960893854747	0.0547945205479452	0.0	0.20454545454545456	0.0	0.40325865580448067	0.0	0.15254237288135594	0.11297071129707113	0.12	0.07656065959952886	0.0688836104513064	0.09465020576131687	0.05834186284544524	0.022618231665524333	0.047424972211930344	0.05358615004122012	0.037786774628879895	0.12	0.0	0.0	0.0	0.0	0.0	0.0	0.11297071129707113	0.15254237288135594	0.08726415094339622	0.0	0.0	0.0	0.017293997965412006	0.01639344262295082	0.0	0.0	0.0	0.0	0.0	0.0	0.0	0.0	0.0	0.0	0.01680672268907563	0.0	0.0	0.0	0.0	0.0	0.05433318365514145	0.0	0.0	0.016722408026755852	0.0	0.014251781472684086	0.018329938900203666	0.0	0.0	0.029288702928870293	0.053833605220228384	0.0	0.01301775147928994	0.0	0.0	0.0	0.10963455149501661	0.0	0.0	0.0	0.023923444976076555	0.08379888268156424	0.0	0.07356948228882834	0.0989010989010989	0.08928571428571429	0.019002375296912115	0.047424972211930344	0.07920792079207921	0.0	0.0	0.05237315875613748	0.0	0.0	0.0	0.15254237288135594	0.0	0.7333333333333333	0.0	0.0	0.0	0.025210084033613446	0.0	0.0	0.0	0.0	0.0	0.0	0.0	0.0	0.0	0.05263157894736842	0.023923444976076555	0.0	0.0	0.0	0.0	0.014970059880239521	0.0	0.021645021645021644	0.20833333333333334	0.27358490566037735	0.22897196261682243	0.2	0.36538461538461536	0.08962264150943396	0.12	0.08962264150943396	0.27358490566037735	0.22897196261682243	0.0	0.09933774834437085	0.0	0.0	0.0	0.034482758620689655	0.02857142857142857	0.041666666666666664	0.2830188679245283	0.07563025210084033	1.0	0.5409836065573771	0.6043956043956044	0.6043956043956044	0.5409836065573771	0.6043956043956044	0.7333333333333333	0.5409836065573771	0.6043956043956044	0.5833333333333334	0.23728813559322035	0.0	0.06474820143884892	0.0	0.0954356846473029	0.1163895486935867	0.0	0.12	0.0	0.0	0.10476190476190476	0.0	0.0	0.0410958904109589	0.2074074074074074	0.01675977653631285	0.0	0.0	0.0	0.0	0.0	0.0	0.03389830508474576	0.03389830508474576	0.0	0.0	0.0	0.0	0.0	0.0	0.04987735077677841	0.19230769230769232	0.0	0.0	0.0	0.09041095890410959	0.07356948228882834	0.0	0.12	0.06591337099811675	0.0	0.04318026045236463	0.022229083050324176	0.0	0.0	0.0	0.0	0.10963455149501661	0.0199501246882793	0.034482758620689655	0.0	0.12605042016806722	0.0	0.0	0.0	0.03832335329341317	0.0891089108910891	0.018427980443775856	0.0	0.05172413793103448	0.0	0.27358490566037735	0.22897196261682243	0.06618407445708377	0.01644736842105263	0.01461038961038961	0.0	0.0	0.0	0.0	0.0	0.0	0.0	0.0	0.0	0.06312292358803986	0.0	0.09933774834437085	0.018604651162790697	0.09421487603305785	0.11666666666666667	0.12	0.0	0.0	0.0	0.0	0.01182033096926714	0.014760147601476014	0.05555555555555555	0.0	0.022618231665524333	0.0	0.10367892976588629	0.0	0.023923444976076555	0.0	0.0	0.0	0.0	0.021212121212121213	0.0	0.04054054054054054	0.0	0.17318435754189945	0.06101344364012409	0.12605042016806722	0.0392156862745098	0.040268456375838924	0.04539007092198582	0.014970059880239521	0.014970059880239521	0.014574898785425101	0.0205761316872428	0.06398537477148081	0.0	0.0205761316872428	0.05269320843091335	0.024539877300613498
0.0	0.0	0.0	0.006564551422319475	0.0	0.03571428571428571	0.022151898734177215	0.023715415019762844	0.023715415019762844	0.006944444444444444	0.013944223107569721	0.0	0.0	0.0	0.0	0.002190100744634253	0.012702078521939953	0.0	0.0	0.0	0.02014218009478673	0.00589622641509434	0.02368421052631579	0.006726457399103139	0.0	0.0	0.0	0.029411764705882353	0.0	0.006944444444444444	0.0	0.010465116279069767	0.0	0.0	0.0	0.0	0.008064516129032258	0.029411764705882353	0.0	0.12021857923497267	0.0	0.3722772277227723	0.0	0.06	0.023715415019762844	0.04777070063694268	0.026225769669327253	0.01839080459770115	0.035667107001321	0.014925373134328358	0.0033003300330033004	0.015970961887477313	0.018533440773569703	0.009271523178807948	0.04777070063694268	0.0	0.0	0.0	0.0	0.0	0.0	0.023715415019762844	0.06	0.0365296803652968	0.0	0.0	0.0	0.002967359050445104	0.003552397868561279	0.0	0.0	0.0	0.0	0.0	0.0	0.0	0.0	0.0	0.0	0.009183673469387756	0.0	0.0	0.0	0.0	0.0	0.016206745510293472	0.0	0.0	0.004792332268370607	0.0	0.005747126436781609	0.0039603960396039604	0.0	0.0	0.014227642276422764	0.019138755980861243	0.0	0.004581901489117984	0.0	0.0	0.0	0.0380952380952381	0.0	0.0	0.0	0.006944444444444444	0.024193548387096774	0.0	0.015748031496062992	0.03968253968253968	0.06932773109243698	0.010344827586206896	0.015970961887477313	0.05980861244019139	0.0	0.0	0.012	0.0	0.0	0.0	0.06	0.0	0.29411764705882354	0.0	0.0	0.0	0.00992063492063492	0.0	0.0	0.0	0.0	0.0	0.0	0.0	0.0	0.0	0.01415929203539823	0.006944444444444444	0.0	0.0	0.0	0.0	0.004398826979472141	0.0	0.0063025210084033615	0.11754966887417219	0.1050228310502283	0.06334841628959276	0.05555555555555555	0.19069767441860466	0.030821917808219176	0.03662420382165605	0.030821917808219176	0.1050228310502283	0.06334841628959276	0.0	0.028481012658227847	0.0	0.0	0.0	0.013812154696132596	0.008241758241758242	0.028145695364238412	0.1141552511415525	0.02976190476190476	0.5409836065573771	1.0	0.746031746031746	0.36507936507936506	0.49473684210526314	0.36507936507936506	0.6149732620320856	0.49473684210526314	0.36507936507936506	0.39403973509933776	0.126	0.0	0.02631578947368421	0.0	0.05040322580645161	0.06436781609195402	0.0	0.04777070063694268	0.0	0.0	0.06912442396313365	0.0	0.0	0.016339869281045753	0.11371841155234658	0.006720430107526882	0.0	0.0	0.0	0.0	0.0	0.0	0.018	0.018	0.0	0.0	0.0	0.0	0.0	0.0	0.015187849720223821	0.14864864864864866	0.0	0.0	0.0	0.0316622691292876	0.015748031496062992	0.0	0.04777070063694268	0.025688073394495414	0.0	0.014122394082044385	0.009104704097116844	0.0	0.0	0.0	0.0	0.0380952380952381	0.008123476848090982	0.01882845188284519	0.0	0.03571428571428571	0.0	0.0	0.0	0.02085747392815759	0.01892744479495268	0.0077348066298342545	0.0	0.034552845528455285	0.0	0.1050228310502283	0.06334841628959276	0.022110552763819097	0.00482315112540193	0.0031746031746031746	0.0	0.0	0.0	0.0	0.0	0.0	0.0	0.0	0.0	0.027597402597402596	0.0	0.028481012658227847	0.012898330804248861	0.023696682464454975	0.05614973262032086	0.04777070063694268	0.0	0.0	0.0	0.0	0.003432494279176201	0.008093525179856115	0.029801324503311258	0.0	0.0033003300330033004	0.0	0.03194888178913738	0.0	0.006944444444444444	0.0	0.0	0.0	0.0	0.010385756676557863	0.0	0.027419354838709678	0.0	0.08198924731182795	0.017085427135678392	0.03571428571428571	0.02132701421800948	0.016025641025641024	0.03477051460361613	0.004398826979472141	0.004398826979472141	0.003167062549485352	0.006	0.024955436720142603	0.0	0.006	0.027649769585253458	0.013513513513513514
0.0	0.0	0.0	0.0073152889539136795	0.0	0.048	0.03184713375796178	0.035856573705179286	0.035856573705179286	0.009302325581395349	0.02	0.0	0.0	0.0	0.0	0.003956043956043956	0.013921113689095127	0.0	0.0	0.0	0.02142857142857143	0.0071090047393364926	0.031746031746031744	0.0074962518740629685	0.0	0.0	0.0	0.03289473684210526	0.0	0.009302325581395349	0.0	0.011682242990654205	0.0	0.0	0.0	0.0	0.010810810810810811	0.03289473684210526	0.0	0.13186813186813187	0.0	0.5606361829025845	0.0	0.07258064516129033	0.035856573705179286	0.057692307692307696	0.033218785796105384	0.025404157043879907	0.043824701195219126	0.02097902097902098	0.005972130059721301	0.02038587550054605	0.023443815683104285	0.013280212483399735	0.057692307692307696	0.0	0.0	0.0	0.0	0.0	0.0	0.035856573705179286	0.07258064516129033	0.04357798165137615	0.0	0.0	0.0	0.004965243296921549	0.0053475935828877	0.0	0.0	0.0	0.0	0.0	0.0	0.0	0.0	0.0	0.0	0.010245901639344262	0.0	0.0	0.0	0.0	0.0	0.021538461538461538	0.0	0.0	0.006430868167202572	0.0	0.006928406466512702	0.005964214711729622	0.0	0.0	0.0163265306122449	0.024	0.0	0.005753739930955121	0.0	0.0	0.0	0.04792332268370607	0.0	0.0	0.0	0.009302325581395349	0.032432432432432434	0.0	0.023746701846965697	0.047872340425531915	0.07203389830508475	0.011547344110854504	0.02038587550054605	0.0625	0.0	0.0	0.01765650080256822	0.0	0.0	0.0	0.07258064516129033	0.0	0.3548387096774194	0.0	0.0	0.0	0.012	0.0	0.0	0.0	0.0	0.0	0.0	0.0	0.0	0.0	0.019538188277087035	0.009302325581395349	0.0	0.0	0.0	0.0	0.0058823529411764705	0.0	0.008438818565400843	0.13	0.12844036697247707	0.08636363636363636	0.07569721115537849	0.21495327102803738	0.0389908256880734	0.04807692307692308	0.0389908256880734	0.12844036697247707	0.08636363636363636	0.0	0.03821656050955414	0.0	0.0	0.0	0.016666666666666666	0.011049723756906077	0.03	0.13761467889908258	0.036	0.6043956043956044	0.746031746031746	1.0	0.48936170212765956	0.746031746031746	0.48936170212765956	0.7419354838709677	0.746031746031746	0.48936170212765956	0.42	0.14112903225806453	0.0	0.03169014084507042	0.0	0.05668016194331984	0.07159353348729793	0.0	0.057692307692307696	0.0	0.0	0.07407407407407407	0.0	0.0	0.019736842105263157	0.12681159420289856	0.008108108108108109	0.0	0.0	0.0	0.0	0.0	0.0	0.020161290322580645	0.020161290322580645	0.0	0.0	0.0	0.0	0.0	0.0	0.020048115477145148	0.15454545454545454	0.0	0.0	0.0	0.03978779840848806	0.023746701846965697	0.0	0.057692307692307696	0.03130755064456722	0.0	0.01820633850303439	0.010952236081533314	0.0	0.0	0.0	0.0	0.04792332268370607	0.009779951100244499	0.02100840336134454	0.0	0.048	0.0	0.0	0.0	0.023282887077997673	0.02857142857142857	0.009235315847801994	0.0	0.036885245901639344	0.0	0.12844036697247707	0.08636363636363636	0.028254288597376387	0.0064516129032258064	0.004777070063694267	0.0	0.0	0.0	0.0	0.0	0.0	0.0	0.0	0.0	0.03257328990228013	0.0	0.03821656050955414	0.0136986301369863	0.033386327503974564	0.06451612903225806	0.057692307692307696	0.0	0.0	0.0	0.0	0.004597701149425287	0.009025270758122744	0.03333333333333333	0.0	0.005972130059721301	0.0	0.04180064308681672	0.0	0.009302325581395349	0.0	0.0	0.0	0.0	0.011904761904761904	0.0	0.02922077922077922	0.0	0.0945945945945946	0.02320887991927346	0.048	0.023809523809523808	0.01935483870967742	0.03626220362622036	0.0058823529411764705	0.0058823529411764705	0.004765687053216839	0.008032128514056224	0.03041144901610018	0.0	0.008032128514056224	0.03117782909930716	0.015060240963855422
0.0	0.0	0.0	0.0073152889539136795	0.0	0.048	0.03184713375796178	0.035856573705179286	0.035856573705179286	0.009302325581395349	0.02	0.0	0.0	0.0	0.0	0.003956043956043956	0.013921113689095127	0.0	0.0	0.0	0.02142857142857143	0.0071090047393364926	0.031746031746031744	0.0074962518740629685	0.0	0.0	0.0	0.03289473684210526	0.0	0.009302325581395349	0.0	0.011682242990654205	0.0	0.0	0.0	0.0	0.010810810810810811	0.03289473684210526	0.0	0.13186813186813187	0.0	0.27435387673956263	0.0	0.07258064516129033	0.035856573705179286	0.057692307692307696	0.033218785796105384	0.025404157043879907	0.043824701195219126	0.02097902097902098	0.005972130059721301	0.02038587550054605	0.023443815683104285	0.013280212483399735	0.057692307692307696	0.0	0.0	0.0	0.0	0.0	0.0	0.035856573705179286	0.07258064516129033	0.04357798165137615	0.0	0.0	0.0	0.004965243296921549	0.0053475935828877	0.0	0.0	0.0	0.0	0.0	0.0	0.0	0.0	0.0	0.0	0.010245901639344262	0.0	0.0	0.0	0.0	0.0	0.021538461538461538	0.0	0.0	0.006430868167202572	0.0	0.006928406466512702	0.005964214711729622	0.0	0.0	0.0163265306122449	0.024	0.0	0.005753739930955121	0.0	0.0	0.0	0.04792332268370607	0.0	0.0	0.0	0.009302325581395349	0.032432432432432434	0.0	0.023746701846965697	0.047872340425531915	0.07203389830508475	0.011547344110854504	0.02038587550054605	0.0625	0.0	0.0	0.01765650080256822	0.0	0.0	0.0	0.07258064516129033	0.0	0.3548387096774194	0.0	0.0	0.0	0.012	0.0	0.0	0.0	0.0	0.0	0.0	0.0	0.0	0.0	0.019538188277087035	0.009302325581395349	0.0	0.0	0.0	0.0	0.0058823529411764705	0.0	0.008438818565400843	0.13	0.12844036697247707	0.08636363636363636	0.07569721115537849	0.21495327102803738	0.0389908256880734	0.04807692307692308	0.0389908256880734	0.12844036697247707	0.08636363636363636	0.0	0.03821656050955414	0.0	0.0	0.0	0.016666666666666666	0.011049723756906077	0.03	0.13761467889908258	0.036	0.6043956043956044	0.36507936507936506	0.48936170212765956	1.0	0.36507936507936506	0.48936170212765956	0.7419354838709677	0.36507936507936506	0.48936170212765956	0.42	0.14112903225806453	0.0	0.03169014084507042	0.0	0.05668016194331984	0.07159353348729793	0.0	0.057692307692307696	0.0	0.0	0.07407407407407407	0.0	0.0	0.019736842105263157	0.12681159420289856	0.008108108108108109	0.0	0.0	0.0	0.0	0.0	0.0	0.020161290322580645	0.020161290322580645	0.0	0.0	0.0	0.0	0.0	0.0	0.020048115477145148	0.15454545454545454	0.0	0.0	0.0	0.03978779840848806	0.023746701846965697	0.0	0.057692307692307696	0.03130755064456722	0.0	0.01820633850303439	0.010952236081533314	0.0	0.0	0.0	0.0	0.04792332268370607	0.009779951100244499	0.02100840336134454	0.0	0.048	0.0	0.0	0.0	0.023282887077997673	0.02857142857142857	0.009235315847801994	0.0	0.036885245901639344	0.0	0.12844036697247707	0.08636363636363636	0.028254288597376387	0.0064516129032258064	0.004777070063694267	0.0	0.0	0.0	0.0	0.0	0.0	0.0	0.0	0.0	0.03257328990228013	0.0	0.03821656050955414	0.0136986301369863	0.033386327503974564	0.06451612903225806	0.057692307692307696	0.0	0.0	0.0	0.0	0.004597701149425287	0.009025270758122744	0.03333333333333333	0.0	0.005972130059721301	0.0	0.04180064308681672	0.0	0.009302325581395349	0.0	0.0	0.0	0.0	0.011904761904761904	0.0	0.02922077922077922	0.0	0.0945945945945946	0.02320887991927346	0.048	0.023809523809523808	0.01935483870967742	0.03626220362622036	0.0058823529411764705	0.0058823529411764705	0.004765687053216839	0.008032128514056224	0.03041144901610018	0.0	0.008032128514056224	0.03117782909930716	0.015060240963855422
0.0	0.0	0.0	0.006564551422319475	0.0	0.03571428571428571	0.022151898734177215	0.023715415019762844	0.023715415019762844	0.006944444444444444	0.013944223107569721	0.0	0.0	0.0	0.0	0.002190100744634253	0.012702078521939953	0.0	0.0	0.0	0.02014218009478673	0.00589622641509434	0.02368421052631579	0.006726457399103139	0.0	0.0	0.0	0.029411764705882353	0.0	0.006944444444444444	0.0	0.010465116279069767	0.0	0.0	0.0	0.0	0.008064516129032258	0.029411764705882353	0.0	0.12021857923497267	0.0	0.3722772277227723	0.0	0.06	0.023715415019762844	0.04777070063694268	0.026225769669327253	0.01839080459770115	0.035667107001321	0.014925373134328358	0.0033003300330033004	0.015970961887477313	0.018533440773569703	0.009271523178807948	0.04777070063694268	0.0	0.0	0.0	0.0	0.0	0.0	0.023715415019762844	0.06	0.0365296803652968	0.0	0.0	0.0	0.002967359050445104	0.003552397868561279	0.0	0.0	0.0	0.0	0.0	0.0	0.0	0.0	0.0	0.0	0.009183673469387756	0.0	0.0	0.0	0.0	0.0	0.016206745510293472	0.0	0.0	0.004792332268370607	0.0	0.005747126436781609	0.0039603960396039604	0.0	0.0	0.014227642276422764	0.019138755980861243	0.0	0.004581901489117984	0.0	0.0	0.0	0.0380952380952381	0.0	0.0	0.0	0.006944444444444444	0.024193548387096774	0.0	0.015748031496062992	0.03968253968253968	0.06932773109243698	0.010344827586206896	0.015970961887477313	0.05980861244019139	0.0	0.0	0.012	0.0	0.0	0.0	0.06	0.0	0.29411764705882354	0.0	0.0	0.0	0.00992063492063492	0.0	0.0	0.0	0.0	0.0	0.0	0.0	0.0	0.0	0.01415929203539823	0.006944444444444444	0.0	0.0	0.0	0.0	0.004398826979472141	0.0	0.0063025210084033615	0.11754966887417219	0.1050228310502283	0.06334841628959276	0.05555555555555555	0.19069767441860466	0.030821917808219176	0.03662420382165605	0.030821917808219176	0.1050228310502283	0.06334841628959276	0.0	0.028481012658227847	0.0	0.0	0.0	0.013812154696132596	0.008241758241758242	0.028145695364238412	0.1141552511415525	0.02976190476190476	0.5409836065573771	0.49473684210526314	0.746031746031746	0.36507936507936506	1.0	0.36507936507936506	0.6149732620320856	0.49473684210526314	0.36507936507936506	0.39403973509933776	0.126	0.0	0.02631578947368421	0.0	0.05040322580645161	0.06436781609195402	0.0	0.04777070063694268	0.0	0.0	0.06912442396313365	0.0	0.0	0.016339869281045753	0.11371841155234658	0.006720430107526882	0.0	0.0	0.0	0.0	0.0	0.0	0.018	0.018	0.0	0.0	0.0	0.0	0.0	0.0	0.015187849720223821	0.14864864864864866	0.0	0.0	0.0	0.0316622691292876	0.015748031496062992	0.0	0.04777070063694268	0.025688073394495414	0.0	0.014122394082044385	0.009104704097116844	0.0	0.0	0.0	0.0	0.0380952380952381	0.008123476848090982	0.01882845188284519	0.0	0.03571428571428571	0.0	0.0	0.0	0.02085747392815759	0.01892744479495268	0.0077348066298342545	0.0	0.034552845528455285	0.0	0.1050228310502283	0.06334841628959276	0.022110552763819097	0.00482315112540193	0.0031746031746031746	0.0	0.0	0.0	0.0	0.0	0.0	0.0	0.0	0.0	0.027597402597402596	0.0	0.028481012658227847	0.012898330804248861	0.023696682464454975	0.05614973262032086	0.04777070063694268	0.0	0.0	0.0	0.0	0.003432494279176201	0.008093525179856115	0.029801324503311258	0.0	0.0033003300330033004	0.0	0.03194888178913738	0.0	0.006944444444444444	0.0	0.0	0.0	0.0	0.010385756676557863	0.0	0.027419354838709678	0.0	0.08198924731182795	0.017085427135678392	0.03571428571428571	0.02132701421800948	0.016025641025641024	0.03477051460361613	0.004398826979472141	0.004398826979472141	0.003167062549485352	0.006	0.024955436720142603	0.0	0.006	0.027649769585253458	0.013513513513513514
0.0	0.0	0.0	0.0073152889539136795	0.0	0.048	0.03184713375796178	0.035856573705179286	0.035856573705179286	0.009302325581395349	0.02	0.0	0.0	0.0	0.0	0.003956043956043956	0.013921113689095127	0.0	0.0	0.0	0.02142857142857143	0.0071090047393364926	0.031746031746031744	0.0074962518740629685	0.0	0.0	0.0	0.03289473684210526	0.0	0.009302325581395349	0.0	0.011682242990654205	0.0	0.0	0.0	0.0	0.010810810810810811	0.03289473684210526	0.0	0.13186813186813187	0.0	0.27435387673956263	0.0	0.07258064516129033	0.035856573705179286	0.057692307692307696	0.033218785796105384	0.025404157043879907	0.043824701195219126	0.02097902097902098	0.005972130059721301	0.02038587550054605	0.023443815683104285	0.013280212483399735	0.057692307692307696	0.0	0.0	0.0	0.0	0.0	0.0	0.035856573705179286	0.07258064516129033	0.04357798165137615	0.0	0.0	0.0	0.004965243296921549	0.0053475935828877	0.0	0.0	0.0	0.0	0.0	0.0	0.0	0.0	0.0	0.0	0.010245901639344262	0.0	0.0	0.0	0.0	0.0	0.021538461538461538	0.0	0.0	0.006430868167202572	0.0	0.006928406466512702	0.005964214711729622	0.0	0.0	0.0163265306122449	0.024	0.0	0.005753739930955121	0.0	0.0	0.0	0.04792332268370607	0.0	0.0	0.0	0.009302325581395349	0.032432432432432434	0.0	0.023746701846965697	0.047872340425531915	0.07203389830508475	0.011547344110854504	0.02038587550054605	0.0625	0.0	0.0	0.01765650080256822	0.0	0.0	0.0	0.07258064516129033	0.0	0.3548387096774194	0.0	0.0	0.0	0.012	0.0	0.0	0.0	0.0	0.0	0.0	0.0	0.0	0.0	0.019538188277087035	0.009302325581395349	0.0	0.0	0.0	0.0	0.0058823529411764705	0.0	0.008438818565400843	0.13	0.12844036697247707	0.08636363636363636	0.07569721115537849	0.21495327102803738	0.0389908256880734	0.04807692307692308	0.0389908256880734	0.12844036697247707	0.08636363636363636	0.0	0.03821656050955414	0.0	0.0	0.0	0.016666666666666666	0.011049723756906077	0.03	0.13761467889908258	0.036	0.6043956043956044	0.36507936507936506	0.48936170212765956	0.48936170212765956	0.36507936507936506	1.0	0.7419354838709677	0.36507936507936506	0.48936170212765956	0.42	0.14112903225806453	0.0	0.03169014084507042	0.0	0.05668016194331984	0.07159353348729793	0.0	0.057692307692307696	0.0	0.0	0.07407407407407407	0.0	0.0	0.019736842105263157	0.12681159420289856	0.008108108108108109	0.0	0.0	0.0	0.0	0.0	0.0	0.020161290322580645	0.020161290322580645	0.0	0.0	0.0	0.0	0.0	0.0	0.020048115477145148	0.15454545454545454	0.0	0.0	0.0	0.03978779840848806	0.023746701846965697	0.0	0.057692307692307696	0.03130755064456722	0.0	0.01820633850303439	0.010952236081533314	0.0	0.0	0.0	0.0	0.04792332268370607	0.009779951100244499	0.02100840336134454	0.0	0.048	0.0	0.0	0.0	0.023282887077997673	0.02857142857142857	0.009235315847801994	0.0	0.036885245901639344	0.0	0.12844036697247707	0.08636363636363636	0.028254288597376387	0.0064516129032258064	0.004777070063694267	0.0	0.0	0.0	0.0	0.0	0.0	0.0	0.0	0.0	0.03257328990228013	0.0	0.03821656050955414	0.0136986301369863	0.033386327503974564	0.06451612903225806	0.057692307692307696	0.0	0.0	0.0	0.0	0.004597701149425287	0.009025270758122744	0.03333333333333333	0.0	0.005972130059721301	0.0	0.04180064308681672	0.0	0.009302325581395349	0.0	0.0	0.0	0.0	0.011904761904761904	0.0	0.02922077922077922	0.0	0.0945945945945946	0.02320887991927346	0.048	0.023809523809523808	0.01935483870967742	0.03626220362622036	0.0058823529411764705	0.0058823529411764705	0.004765687053216839	0.008032128514056224	0.03041144901610018	0.0	0.008032128514056224	0.03117782909930716	0.015060240963855422
0.0	0.0	0.0	0.008830022075055188	0.0	0.07317073170731707	0.05161290322580645	0.06072874493927125	0.06072874493927125	0.014084507042253521	0.03225806451612903	0.0	0.0	0.0	0.0	0.007525453740593183	0.01639344262295082	0.0	0.0	0.0	0.02403846153846154	0.009569377990430622	0.0481283422459893	0.00904977375565611	0.0	0.0	0.0	0.04	0.0	0.014084507042253521	0.0	0.014150943396226415	0.0	0.0	0.0	0.0	0.01639344262295082	0.04	0.0	0.15555555555555556	0.0	0.46092184368737477	0.0	0.09836065573770492	0.06072874493927125	0.07792207792207792	0.047398843930635835	0.039627039627039624	0.06040268456375839	0.03323262839879154	0.011401743796109993	0.02929329915781765	0.03336045565500407	0.021361815754339118	0.07792207792207792	0.0	0.0	0.0	0.0	0.0	0.0	0.06072874493927125	0.09836065573770492	0.05787037037037037	0.0	0.0	0.0	0.009009009009009009	0.008976660682226212	0.0	0.0	0.0	0.0	0.0	0.0	0.0	0.0	0.0	0.0	0.012396694214876033	0.0	0.0	0.0	0.0	0.0	0.03231518370960602	0.0	0.0	0.009771986970684038	0.0	0.009324009324009324	0.01002004008016032	0.0	0.0	0.0205761316872428	0.033816425120772944	0.0	0.008130081300813009	0.0	0.0	0.0	0.06796116504854369	0.0	0.0	0.0	0.014084507042253521	0.04918032786885246	0.0	0.04	0.06451612903225806	0.07758620689655173	0.013986013986013986	0.02929329915781765	0.06796116504854369	0.0	0.0	0.029079159935379646	0.0	0.0	0.0	0.09836065573770492	0.0	0.4782608695652174	0.0	0.0	0.0	0.016260162601626018	0.0	0.0	0.0	0.0	0.0	0.0	0.0	0.0	0.0	0.03041144901610018	0.014084507042253521	0.0	0.0	0.0	0.0	0.008875739644970414	0.0	0.01276595744680851	0.1554054054054054	0.17592592592592593	0.13302752293577982	0.11646586345381527	0.2641509433962264	0.05555555555555555	0.07142857142857142	0.05555555555555555	0.17592592592592593	0.13302752293577982	0.0	0.05806451612903226	0.0	0.0	0.0	0.02247191011235955	0.01675977653631285	0.033783783783783786	0.18518518518518517	0.04878048780487805	0.7333333333333333	0.6149732620320856	0.7419354838709677	0.7419354838709677	0.6149732620320856	0.7419354838709677	1.0	0.6149732620320856	0.7419354838709677	0.47297297297297297	0.1721311475409836	0.0	0.0425531914893617	0.0	0.06938775510204082	0.08624708624708624	0.0	0.07792207792207792	0.0	0.0	0.08411214953271028	0.0	0.0	0.02666666666666667	0.15328467153284672	0.01092896174863388	0.0	0.0	0.0	0.0	0.0	0.0	0.02459016393442623	0.02459016393442623	0.0	0.0	0.0	0.0	0.0	0.0	0.02986279257465698	0.16666666666666666	0.0	0.0	0.0	0.05630026809651475	0.04	0.0	0.07792207792207792	0.04267161410018553	0.0	0.026440677966101694	0.01467441149495567	0.0	0.0	0.0	0.0	0.06796116504854369	0.013125512715340444	0.025423728813559324	0.0	0.07317073170731707	0.0	0.0	0.0	0.0282021151586369	0.04823151125401929	0.012263099219620958	0.0	0.041666666666666664	0.0	0.17592592592592593	0.13302752293577982	0.04069175991861648	0.00974025974025974	0.008012820512820512	0.0	0.0	0.0	0.0	0.0	0.0	0.0	0.0	0.0	0.04262295081967213	0.0	0.05806451612903226	0.015313935681470138	0.05314009661835749	0.08152173913043478	0.07792207792207792	0.0	0.0	0.0	0.0	0.0069605568445475635	0.01090909090909091	0.04054054054054054	0.0	0.011401743796109993	0.0	0.06188925081433225	0.0	0.014084507042253521	0.0	0.0	0.0	0.0	0.014970059880239521	0.0	0.03289473684210526	0.0	0.12021857923497267	0.03560528992878942	0.07317073170731707	0.028846153846153848	0.026143790849673203	0.03927068723702665	0.008875739644970414	0.008875739644970414	0.007993605115907274	0.012145748987854251	0.04144144144144144	0.0	0.012145748987854251	0.0382830626450116	0.01818181818181818
0.0	0.0	0.0	0.006564551422319475	0.0	0.03571428571428571	0.022151898734177215	0.023715415019762844	0.023715415019762844	0.006944444444444444	0.013944223107569721	0.0	0.0	0.0	0.0	0.002190100744634253	0.012702078521939953	0.0	0.0	0.0	0.02014218009478673	0.00589622641509434	0.02368421052631579	0.006726457399103139	0.0	0.0	0.0	0.029411764705882353	0.0	0.006944444444444444	0.0	0.010465116279069767	0.0	0.0	0.0	0.0	0.008064516129032258	0.029411764705882353	0.0	0.12021857923497267	0.0	0.3722772277227723	0.0	0.06	0.023715415019762844	0.04777070063694268	0.026225769669327253	0.01839080459770115	0.035667107001321	0.014925373134328358	0.0033003300330033004	0.015970961887477313	0.018533440773569703	0.009271523178807948	0.04777070063694268	0.0	0.0	0.0	0.0	0.0	0.0	0.023715415019762844	0.06	0.0365296803652968	0.0	0.0	0.0	0.002967359050445104	0.003552397868561279	0.0	0.0	0.0	0.0	0.0	0.0	0.0	0.0	0.0	0.0	0.009183673469387756	0.0	0.0	0.0	0.0	0.0	0.016206745510293472	0.0	0.0	0.004792332268370607	0.0	0.005747126436781609	0.0039603960396039604	0.0	0.0	0.014227642276422764	0.019138755980861243	0.0	0.004581901489117984	0.0	0.0	0.0	0.0380952380952381	0.0	0.0	0.0	0.006944444444444444	0.024193548387096774	0.0	0.015748031496062992	0.03968253968253968	0.06932773109243698	0.010344827586206896	0.015970961887477313	0.05980861244019139	0.0	0.0	0.012	0.0	0.0	0.0	0.06	0.0	0.29411764705882354	0.0	0.0	0.0	0.00992063492063492	0.0	0.0	0.0	0.0	0.0	0.0	0.0	0.0	0.0	0.01415929203539823	0.006944444444444444	0.0	0.0	0.0	0.0	0.004398826979472141	0.0	0.0063025210084033615	0.11754966887417219	0.1050228310502283	0.06334841628959276	0.05555555555555555	0.19069767441860466	0.030821917808219176	0.03662420382165605	0.030821917808219176	0.1050228310502283	0.06334841628959276	0.0	0.028481012658227847	0.0	0.0	0.0	0.013812154696132596	0.008241758241758242	0.028145695364238412	0.1141552511415525	0.02976190476190476	0.5409836065573771	0.49473684210526314	0.746031746031746	0.36507936507936506	0.49473684210526314	0.36507936507936506	0.6149732620320856	1.0	0.36507936507936506	0.39403973509933776	0.126	0.0	0.02631578947368421	0.0	0.05040322580645161	0.06436781609195402	0.0	0.04777070063694268	0.0	0.0	0.06912442396313365	0.0	0.0	0.016339869281045753	0.11371841155234658	0.006720430107526882	0.0	0.0	0.0	0.0	0.0	0.0	0.018	0.018	0.0	0.0	0.0	0.0	0.0	0.0	0.015187849720223821	0.14864864864864866	0.0	0.0	0.0	0.0316622691292876	0.015748031496062992	0.0	0.04777070063694268	0.025688073394495414	0.0	0.014122394082044385	0.009104704097116844	0.0	0.0	0.0	0.0	0.0380952380952381	0.008123476848090982	0.01882845188284519	0.0	0.03571428571428571	0.0	0.0	0.0	0.02085747392815759	0.01892744479495268	0.0077348066298342545	0.0	0.034552845528455285	0.0	0.1050228310502283	0.06334841628959276	0.022110552763819097	0.00482315112540193	0.0031746031746031746	0.0	0.0	0.0	0.0	0.0	0.0	0.0	0.0	0.0	0.027597402597402596	0.0	0.028481012658227847	0.012898330804248861	0.023696682464454975	0.05614973262032086	0.04777070063694268	0.0	0.0	0.0	0.0	0.003432494279176201	0.008093525179856115	0.029801324503311258	0.0	0.0033003300330033004	0.0	0.03194888178913738	0.0	0.006944444444444444	0.0	0.0	0.0	0.0	0.010385756676557863	0.0	0.027419354838709678	0.0	0.08198924731182795	0.017085427135678392	0.03571428571428571	0.02132701421800948	0.016025641025641024	0.03477051460361613	0.004398826979472141	0.004398826979472141	0.003167062549485352	0.006	0.024955436720142603	0.0	0.006	0.027649769585253458	0.013513513513513514
0.0	0.0	0.0	0.0073152889539136795	0.0	0.048	0.03184713375796178	0.035856573705179286	0.035856573705179286	0.009302325581395349	0.02	0.0	0.0	0.0	0.0	0.003956043956043956	0.013921113689095127	0.0	0.0	0.0	0.02142857142857143	0.0071090047393364926	0.031746031746031744	0.0074962518740629685	0.0	0.0	0.0	0.03289473684210526	0.0	0.009302325581395349	0.0	0.011682242990654205	0.0	0.0	0.0	0.0	0.010810810810810811	0.03289473684210526	0.0	0.13186813186813187	0.0	0.27435387673956263	0.0	0.07258064516129033	0.035856573705179286	0.057692307692307696	0.033218785796105384	0.025404157043879907	0.043824701195219126	0.02097902097902098	0.005972130059721301	0.02038587550054605	0.023443815683104285	0.013280212483399735	0.057692307692307696	0.0	0.0	0.0	0.0	0.0	0.0	0.035856573705179286	0.07258064516129033	0.04357798165137615	0.0	0.0	0.0	0.004965243296921549	0.0053475935828877	0.0	0.0	0.0	0.0	0.0	0.0	0.0	0.0	0.0	0.0	0.010245901639344262	0.0	0.0	0.0	0.0	0.0	0.021538461538461538	0.0	0.0	0.006430868167202572	0.0	0.006928406466512702	0.005964214711729622	0.0	0.0	0.0163265306122449	0.024	0.0	0.005753739930955121	0.0	0.0	0.0	0.04792332268370607	0.0	0.0	0.0	0.009302325581395349	0.032432432432432434	0.0	0.023746701846965697	0.047872340425531915	0.07203389830508475	0.011547344110854504	0.02038587550054605	0.0625	0.0	0.0	0.01765650080256822	0.0	0.0	0.0	0.07258064516129033	0.0	0.3548387096774194	0.0	0.0	0.0	0.012	0.0	0.0	0.0	0.0	0.0	0.0	0.0	0.0	0.0	0.019538188277087035	0.009302325581395349	0.0	0.0	0.0	0.0	0.0058823529411764705	0.0	0.008438818565400843	0.13	0.12844036697247707	0.08636363636363636	0.07569721115537849	0.21495327102803738	0.0389908256880734	0.04807692307692308	0.0389908256880734	0.12844036697247707	0.08636363636363636	0.0	0.03821656050955414	0.0	0.0	0.0	0.016666666666666666	0.011049723756906077	0.03	0.13761467889908258	0.036	0.6043956043956044	0.36507936507936506	0.48936170212765956	0.48936170212765956	0.36507936507936506	0.48936170212765956	0.7419354838709677	0.36507936507936506	1.0	0.42	0.14112903225806453	0.0	0.03169014084507042	0.0	0.05668016194331984	0.07159353348729793	0.0	0.057692307692307696	0.0	0.0	0.07407407407407407	0.0	0.0	0.019736842105263157	0.12681159420289856	0.008108108108108109	0.0	0.0	0.0	0.0	0.0	0.0	0.020161290322580645	0.020161290322580645	0.0	0.0	0.0	0.0	0.0	0.0	0.020048115477145148	0.15454545454545454	0.0	0.0	0.0	0.03978779840848806	0.023746701846965697	0.0	0.057692307692307696	0.03130755064456722	0.0	0.01820633850303439	0.010952236081533314	0.0	0.0	0.0	0.0	0.04792332268370607	0.009779951100244499	0.02100840336134454	0.0	0.048	0.0	0.0	0.0	0.023282887077997673	0.02857142857142857	0.009235315847801994	0.0	0.036885245901639344	0.0	0.12844036697247707	0.08636363636363636	0.028254288597376387	0.0064516129032258064	0.004777070063694267	0.0	0.0	0.0	0.0	0.0	0.0	0.0	0.0	0.0	0.03257328990228013	0.0	0.03821656050955414	0.0136986301369863	0.033386327503974564	0.06451612903225806	0.057692307692307696	0.0	0.0	0.0	0.0	0.004597701149425287	0.009025270758122744	0.03333333333333333	0.0	0.005972130059721301	0.0	0.04180064308681672	0.0	0.009302325581395349	0.0	0.0	0.0	0.0	0.011904761904761904	0.0	0.02922077922077922	0.0	0.0945945945945946	0.02320887991927346	0.048	0.023809523809523808	0.01935483870967742	0.03626220362622036	0.0058823529411764705	0.0058823529411764705	0.004765687053216839	0.008032128514056224	0.03041144901610018	0.0	0.008032128514056224	0.03117782909930716	0.015060240963855422
0.0	0.0	0.0	0.019753086419753086	0.0	0.0	0.0	0.0	0.0	0.0	0.0	0.0	0.0	0.0	0.0	0.0	0.036619718309859155	0.0	0.0	0.0	0.046511627906976744	0.028901734104046242	0.0	0.02030456852791878	0.0	0.0	0.0	0.0	0.0	0.0	0.0	0.03409090909090909	0.0	0.0	0.0	0.0	0.0	0.0	0.0	0.3611111111111111	0.0	0.2786885245901639	0.0	0.0	0.0	0.0	0.0	0.0	0.0	0.0	0.0	0.0	0.0	0.0	0.0	0.0	0.0	0.0	0.0	0.0	0.0	0.0	0.0	0.0	0.0	0.0	0.0	0.0	0.0	0.0	0.0	0.0	0.0	0.0	0.0	0.0	0.0	0.0	0.0	0.02912621359223301	0.0	0.0	0.0	0.0	0.0	0.0	0.0	0.0	0.03829787234042553	0.0	0.028011204481792718	0.0	0.0	0.0	0.0	0.0	0.0	0.026499302649930265	0.0	0.0	0.0	0.0	0.0	0.0	0.0	0.0	0.0	0.0	0.0	0.0	0.15	0.03361344537815126	0.0	0.0	0.0	0.0	0.016453382084095063	0.0	0.0	0.0	0.0	0.0	0.47297297297297297	0.0	0.0	0.0	0.05747126436781609	0.0	0.0	0.0	0.0	0.0	0.0	0.0	0.0	0.0	0.0	0.0	0.0	0.0	0.0	0.0	0.0	0.0	0.0	0.07142857142857142	0.39444444444444443	0.3489010989010989	0.2981220657276995	0.48863636363636365	0.03333333333333333	0.0423728813559322	0.03333333333333333	0.39444444444444443	0.3489010989010989	0.0	0.0	0.0	0.0	0.0	0.0	0.0	0.07142857142857142	0.3888888888888889	0.1724137931034483	0.5833333333333334	0.39403973509933776	0.42	0.42	0.39403973509933776	0.42	0.47297297297297297	0.39403973509933776	0.42	1.0	0.4883720930232558	0.0	0.0	0.0	0.0	0.0	0.0	0.0	0.0	0.0	0.16853932584269662	0.0	0.0	0.0	0.226890756302521	0.034013605442176874	0.0	0.0	0.0	0.0	0.0	0.0	0.06976744186046512	0.06976744186046512	0.0	0.0	0.0	0.0	0.0	0.0	0.0	0.0	0.0	0.0	0.0	0.0	0.0	0.0	0.0	0.0	0.0	0.0	0.04022795843110962	0.0	0.0	0.0	0.0	0.0	0.0	0.0	0.0	0.0	0.0	0.0	0.0	0.0	0.0	0.0	0.0	0.09523809523809523	0.0	0.39444444444444443	0.3489010989010989	0.0	0.0	0.0	0.0	0.0	0.0	0.0	0.0	0.0	0.0	0.0	0.0	0.0	0.0	0.0	0.027538726333907058	0.0	0.0	0.0	0.0	0.0	0.0	0.0	0.025069637883008356	0.02510460251046025	0.0	0.0	0.0	0.0	0.0	0.0	0.0	0.0	0.0	0.0	0.0	0.0	0.0	0.06896551724137931	0.0	0.12244897959183673	0.0	0.0	0.0	0.0	0.0	0.0	0.0	0.0	0.0	0.0	0.0	0.0	0.0	0.0
0.0	0.0	0.0	0.0144014401440144	0.0	0.0	0.0	0.0	0.0	0.0	0.0	0.0	0.0	0.0	0.0	0.0	0.0	0.0	0.0	0.0	0.0410958904109589	0.02040816326530612	0.0	0.014842300556586271	0.0	0.0	0.0	0.0	0.0	0.0	0.0	0.02666666666666667	0.0	0.0	0.0	0.0	0.0	0.0	0.0	0.05084745762711865	0.0	0.084	0.0	0.0	0.0	0.0	0.0	0.0	0.0	0.0	0.0	0.0	0.0	0.0	0.0	0.0	0.0	0.0	0.0	0.0	0.0	0.0	0.0	0.0	0.0	0.0	0.0	0.0	0.0	0.0	0.0	0.0	0.0	0.0	0.0	0.0	0.0	0.0	0.0	0.022222222222222223	0.0	0.0	0.0	0.0	0.0	0.0	0.0	0.0	0.0	0.0	0.019672131147540985	0.0	0.0	0.0	0.0	0.0	0.0	0.0	0.0	0.0	0.0	0.0	0.0	0.0	0.0	0.0	0.0	0.0	0.0	0.0	0.18518518518518517	0.02622950819672131	0.0	0.0	0.0	0.0	0.0	0.0	0.0	0.0	0.0	0.0	0.1721311475409836	0.0	0.0	0.0	0.0	0.0	0.0	0.0	0.0	0.0	0.0	0.0	0.0	0.0	0.0	0.0	0.0	0.0	0.0	0.0	0.0	0.0	0.0	0.0	0.13636363636363635	0.11217948717948718	0.09358288770053476	0.18666666666666668	0.0	0.0	0.0	0.13636363636363635	0.11217948717948718	0.0	0.0	0.0	0.0	0.0	0.0	0.0	0.06976744186046512	0.13636363636363635	0.0	0.23728813559322035	0.126	0.14112903225806453	0.14112903225806453	0.126	0.14112903225806453	0.1721311475409836	0.126	0.14112903225806453	0.4883720930232558	1.0	0.0	0.0	0.0	0.0	0.0	0.0	0.0	0.0	0.0	0.11842105263157894	0.0	0.0	0.0	0.16037735849056603	0.024793388429752067	0.0	0.0	0.0	0.0	0.0	0.0	0.0	0.0	0.0	0.0	0.0	0.0	0.0	0.0	0.0	0.0	0.0	0.0	0.0	0.0	0.0	0.0	0.0	0.0	0.0	0.0	0.0	0.0	0.0	0.0	0.0	0.0	0.0	0.0	0.0	0.0	0.0	0.0	0.0	0.0	0.0	0.0	0.0	0.0	0.0	0.13636363636363635	0.11217948717948718	0.0	0.0	0.0	0.0	0.0	0.0	0.0	0.0	0.0	0.0	0.0	0.0	0.0	0.0	0.0	0.022684310018903593	0.0	0.0	0.0	0.0	0.0	0.0	0.0	0.0	0.018779342723004695	0.0	0.0	0.0	0.0	0.0	0.0	0.0	0.0	0.0	0.0	0.0	0.0	0.0	0.0	0.0	0.0	0.0	0.0	0.0	0.0	0.0	0.0	0.0	0.0	0.0	0.0	0.0	0.0	0.0	0.0
0.41641337386018235	0.0	0.0	0.0	0.0	0.0	0.0	0.0	0.0	0.0	0.0	0.04043987229514012	0.04947773501924134	0.0	0.0	0.0	0.0821917808219178	0.07604562737642585	0.31097560975609756	0.02553191489361702	0.0804953560371517	0.0	0.0	0.08734602463605823	0.02100840336134454	0.052434456928838954	0.0	0.0	0.08774193548387096	0.0	0.0	0.14984709480122324	0.06844106463878327	0.0	0.06402439024390244	0.0	0.0	0.022641509433962263	0.15932203389830507	0.0	0.06923076923076923	0.0	0.013850415512465374	0.0	0.0	0.0	0.01509433962264151	0.0	0.0	0.0	0.0	0.0	0.0	0.0	0.0	0.07547169811320754	0.0851063829787234	0.13804713804713806	0.1288292068820814	0.08968609865470852	0.0	0.0	0.0	0.0	0.0	0.06988352745424292	0.0	0.0	0.0	0.043333333333333335	0.0	0.2	0.0	0.0	0.09717868338557993	0.0	0.05223880597014925	0.0	0.0	0.08683473389355742	0.0	0.0	0.0	0.052434456928838954	0.0	0.0	0.1676829268292683	0.11814345991561181	0.0782122905027933	0.0	0.0	0.0	0.0	0.0	0.0	0.0	0.04610951008645533	0.0635881907645723	0.0	0.037162162162162164	0.02531645569620253	0.0	0.0	0.0910344827586207	0.0	0.0	0.0	0.06339622641509433	0.0	0.0	0.0	0.028831562974203338	0.0	0.06542056074766354	0.13852813852813853	0.0851063829787234	0.06595995288574794	0.0	0.0	0.0	0.0	0.09269662921348315	0.0	0.04994054696789536	0.0	0.0	0.0	0.0	0.0	0.0	0.03404255319148936	0.022641509433962263	0.0	0.0	0.0	0.0	0.0	0.0	0.0	0.06716417910447761	0.0	0.0	0.0	0.06349206349206349	0.0	0.0	0.0	0.0	0.0	0.0	0.0	0.0	0.0	0.0	0.0	0.0	0.0	0.0	0.0	0.0	0.0	0.0	0.09125475285171103	0.0	0.0	0.0	0.0	0.0	0.0	0.0	0.0	0.0	0.0	0.0	0.0	0.0	1.0	0.0	0.07303370786516854	0.016666666666666666	0.0	0.06382978723404255	0.0	0.0	0.06505295007564296	0.0	0.17110266159695817	0.06484641638225255	0.0	0.015424164524421594	0.0	0.0	0.0	0.03861003861003861	0.08013355592654424	0.09104704097116843	0.09104704097116843	0.0	0.0	0.0486322188449848	0.09125475285171103	0.07604562737642585	0.0	0.014925373134328358	0.07609988109393578	0.0	0.0	0.03018867924528302	0.0	0.0	0.0	0.0	0.0	0.0	0.07022106631989597	0.0	0.0	0.0329277022190408	0.0	0.3281653746770026	0.0	0.03018867924528302	0.0	0.0	0.0	0.0	0.0	0.0	0.0	0.0	0.07704042715484363	0.0	0.0	0.0	0.0	0.0	0.0	0.0	0.0	0.0	0.0	0.02531645569620253	0.0	0.0	0.0	0.0	0.0	0.0	0.03018867924528302	0.07094594594594594	0.0	0.06988352745424292	0.0	0.10192525481313704	0.0	0.0	0.0	0.0	0.10646387832699619	0.10646387832699619	0.0	0.0	0.05128205128205128	0.030418250950570342	0.0	0.0	0.045627376425855515	0.0	0.0	0.0	0.022388059701492536	0.0	0.0	0.04666666666666667	0.0	0.3221476510067114	0.0	0.02531645569620253	0.0	0.0	0.0	0.0	0.018656716417910446	0.07317073170731707	0.0	0.0	0.0	0.0	0.0	0.0	0.0	0.038461538461538464	0.10112359550561797
0.0	0.0	0.0	0.0	0.0	0.07692307692307693	0.05533596837944664	0.060948081264108354	0.060948081264108354	0.00964630225080386	0.04046242774566474	0.0	0.0	0.0	0.0	0.00558659217877095	0.0	0.0	0.0	0.0	0.0	0.0	0.4105263157894737	0.0	0.0	0.0	0.0	0.024193548387096774	0.0	0.00964630225080386	0.0	0.0	0.0	0.0	0.0	0.0	0.010676156583629894	0.024193548387096774	0.0	0.0	0.0	0.02158273381294964	0.0	0.10909090909090909	0.060948081264108354	0.09523809523809523	0.05489260143198091	0.0464	0.07827616534740545	0.09025270758122744	0.0074725274725274725	0.04096728307254623	0.04256631708821715	0.02962962962962963	0.09523809523809523	0.0	0.0	0.0	0.0	0.0	0.0	0.060948081264108354	0.1	0.07802547770700637	0.0	0.0	0.0	0.006470165348670022	0.006640106241699867	0.0	0.0	0.0	0.0	0.0	0.0	0.0	0.0	0.0	0.0	0.0	0.0	0.0	0.0	0.0	0.0	0.30791981597108115	0.0	0.0	0.0	0.0	0.0	0.007194244604316547	0.0	0.0	0.01466275659824047	0.04528763769889841	0.0	0.0	0.0	0.0	0.0	0.041584158415841586	0.0	0.0	0.0	0.00964630225080386	0.03202846975088968	0.0	0.3274956217162872	0.5774647887323944	0.0	0.0	0.02275960170697013	0.046052631578947366	0.0	0.0	0.018404907975460124	0.0	0.0	0.0	0.05454545454545454	0.0	0.0425531914893617	0.0	0.0	0.0	0.0	0.0	0.0	0.0	0.0	0.0	0.0	0.0	0.0	0.0	0.038410596026490065	0.00964630225080386	0.0	0.0	0.0	0.0	0.006880733944954129	0.0	0.009009009009009009	0.07317073170731707	0.028662420382165606	0.023734177215189875	0.021613832853025938	0.03870967741935484	0.028662420382165606	0.03571428571428571	0.028662420382165606	0.028662420382165606	0.023734177215189875	0.0	0.03557312252964427	0.0	0.0	0.0	0.014492753623188406	0.010830324909747292	0.0	0.03821656050955414	0.0	0.06474820143884892	0.02631578947368421	0.03169014084507042	0.03169014084507042	0.02631578947368421	0.03169014084507042	0.0425531914893617	0.02631578947368421	0.03169014084507042	0.0	0.0	0.0	1.0	0.0	0.119533527696793	0.0912	0.0	0.09523809523809523	0.0	0.0	0.0	0.0	0.0	0.016129032258064516	0.03225806451612903	0.0	0.0	0.0	0.0	0.0	0.0	0.0	0.0	0.0	0.0	0.0	0.0	0.0	0.0	0.0	0.04230533415082771	0.08737864077669903	0.0	0.0	0.0	0.1282952548330404	0.3274956217162872	0.0	0.19047619047619047	0.04217687074829932	0.0	0.061596143545795394	0.0	0.0	0.0	0.0	0.0	0.041584158415841586	0.009931719428926133	0.017964071856287425	0.0	0.07692307692307693	0.0	0.0	0.0	0.019308125502815767	0.10059171597633136	0.009496402877697842	0.0	0.0	0.0	0.028662420382165606	0.023734177215189875	0.05236363636363636	0.007389162561576354	0.006097560975609756	0.0	0.0	0.0	0.0	0.0	0.0	0.0	0.0	0.0	0.23076923076923078	0.0	0.03557312252964427	0.0	0.03257650542941757	0.05319148936170213	0.047619047619047616	0.0	0.0	0.0	0.0	0.0	0.0	0.024390243902439025	0.0	0.0074725274725274725	0.0	0.061630218687872766	0.0	0.00964630225080386	0.0	0.0	0.0	0.0	0.011574074074074073	0.0	0.0	0.0	0.046263345195729534	0.04	0.07692307692307693	0.0196078431372549	0.01593625498007968	0.030803080308030802	0.006880733944954129	0.006880733944954129	0.006086427267194157	0.008695652173913044	0.07856191744340879	0.0	0.008695652173913044	0.031190926275992438	0.014018691588785047
0.15958668197474168	0.0	0.0	0.0	0.0	0.0	0.0	0.0	0.0	0.0	0.0	0.05682257441051411	0.08254568367989919	0.1125	0.07333333333333333	0.0	0.025878003696857672	0.0	0.044444444444444446	0.03389830508474576	0.03018867924528302	0.0	0.0	0.08494208494208494	0.0	0.0	0.0	0.0	0.015174506828528073	0.0	0.0	0.06319702602230483	0.02926829268292683	0.2598870056497175	0.1111111111111111	0.10743801652892562	0.14166666666666666	0.0	0.029535864978902954	0.0	0.07228915662650602	0.0	0.0	0.0	0.0	0.0	0.0	0.0	0.0	0.0	0.0	0.0	0.0	0.0	0.0	0.0	0.0	0.02092050209205021	0.02918186555497655	0.0	0.0	0.0	0.0	0.0	0.0754242614707731	0.04742268041237113	0.0	0.0	0.0	0.0	0.0446927374301676	0.1308016877637131	0.1033210332103321	0.0	0.0421455938697318	0.0	0.0	0.0	0.0	0.016722408026755852	0.0	0.0	0.0	0.0	0.0	0.058931860036832415	0.1111111111111111	0.0223463687150838	0.023752969121140142	0.17391304347826086	0.09392265193370165	0.0	0.0	0.1787709497206704	0.0	0.0	0.013268570074635706	0.018365472910927456	0.0	0.029411764705882353	0.0	0.0	0.0	0.07060755336617405	0.0996309963099631	0.0	0.0	0.018298261665141813	0.0	0.0	0.0	0.0	0.0	0.019011406844106463	0.0	0.0	0.16234652114597545	0.0	0.0	0.0	0.0	0.2080536912751678	0.0	0.11172413793103449	0.0	0.03309692671394799	0.0	0.03309692671394799	0.0	0.0	0.0	0.0	0.0	0.0	0.0	0.0	0.0	0.0	0.0	0.0	0.0	0.0	0.0	0.09807516040329972	0.0	0.0	0.0	0.0	0.0	0.0	0.0	0.0	0.0	0.0	0.0	0.11074380165289256	0.0	0.0	0.0	0.0	0.0	0.0	0.0	0.0	0.0	0.0	0.0	0.0	0.0	0.0	0.0	0.0	0.0	0.0	0.0	0.0	0.07303370786516854	0.0	1.0	0.0	0.02578268876611418	0.06318082788671024	0.0	0.0	0.3688073394495413	0.0	0.12195121951219512	0.06382978723404255	0.0	0.0	0.041666666666666664	0.12962962962962962	0.08368200836820083	0.09950248756218906	0.060041407867494824	0.06077348066298342	0.06077348066298342	0.0	0.0	0.0	0.0	0.0	0.0	0.05238095238095238	0.05931034482758621	0.0	0.0	0.0	0.0	0.03309692671394799	0.0	0.0	0.08092485549132948	0.0	0.05819295558958652	0.06896551724137931	0.023487962419260128	0.04856452911188624	0.0	0.10638297872340426	0.0	0.03864734299516908	0.0	0.0	0.0	0.0	0.0	0.05945499587118084	0.0380952380952381	0.10973084886128365	0.018535681186283594	0.0	0.06863679694947569	0.0	0.0	0.0	0.0	0.0	0.06523534269199009	0.0	0.0	0.0	0.0	0.0	0.0	0.0	0.0	0.0	0.0	0.02100840336134454	0.0	0.04742268041237113	0.0	0.14602346805736635	0.0	0.0	0.0	0.0	0.0	0.0	0.0	0.0	0.015060240963855422	0.0	0.06167400881057269	0.0	0.09955423476968796	0.0	0.0380952380952381	0.0	0.11904761904761904	0.09628610729023383	0.04830917874396135	0.0	0.0	0.05	0.0	0.0	0.0	0.0	0.0	0.0	0.0	0.21160822249093109	0.0	0.0	0.0	0.0	0.0	0.0	0.0	0.010245901639344262	0.04392764857881137
0.0	0.0	0.0	0.0	0.0	0.07608695652173914	0.08333333333333333	0.06775067750677506	0.06775067750677506	0.043795620437956206	0.05825242718446602	0.0	0.0	0.0	0.0	0.02730251183108846	0.0	0.0	0.0	0.0	0.01486988847583643	0.0	0.12903225806451613	0.0	0.0	0.0	0.0	0.04265402843601896	0.044977511244377814	0.043795620437956206	0.0	0.0	0.0	0.0	0.0	0.0	0.04918032786885246	0.15639810426540285	0.0	0.0	0.0	0.040257648953301126	0.029315960912052116	0.09289617486338798	0.06775067750677506	0.07906976744186046	0.11632100991884581	0.07078039927404718	0.06572295247724974	0.17865804365400162	0.037897928246589184	0.0521901211556384	0.06313645621181263	0.04133180252583238	0.07906976744186046	0.0	0.0	0.0	0.0	0.0	0.0	0.06775067750677506	0.14754098360655737	0.08483754512635379	0.0	0.0	0.0	0.031375703942075624	0.030927835051546393	0.0	0.0	0.0	0.0	0.0	0.0	0.0	0.0	0.0	0.0	0.07920792079207921	0.0	0.0	0.0	0.0	0.0	0.10593374590462322	0.0	0.0	0.0	0.0	0.0	0.033816425120772944	0.0	0.0	0.05921052631578947	0.06056527590847914	0.0	0.0	0.0	0.0	0.0	0.07192575406032482	0.0	0.0	0.0	0.043795620437956206	0.05737704918032787	0.0	0.11066398390342053	0.1659919028340081	0.0	0.032667876588021776	0.0521901211556384	0.06367041198501873	0.0	0.0	0.033738191632928474	0.0	0.0	0.0	0.09289617486338798	0.0	0.06938775510204082	0.0	0.0	0.0	0.0	0.0	0.0	0.0	0.0	0.0	0.0	0.0	0.0	0.0	0.05726872246696035	0.043795620437956206	0.0	0.018691588785046728	0.0	0.0	0.03007518796992481	0.0	0.04054054054054054	0.11004784688995216	0.05054151624548736	0.044802867383512544	0.04032258064516129	0.06227106227106227	0.05054151624548736	0.06511627906976744	0.05054151624548736	0.05054151624548736	0.044802867383512544	0.0	0.06481481481481481	0.0	0.0	0.0	0.06276150627615062	0.05	0.028708133971291867	0.061371841155234655	0.0	0.0954356846473029	0.05040322580645161	0.05668016194331984	0.05668016194331984	0.05040322580645161	0.05668016194331984	0.06938775510204082	0.05040322580645161	0.05668016194331984	0.0	0.0	0.016666666666666666	0.119533527696793	0.0	1.0	0.1397459165154265	0.02591792656587473	0.07906976744186046	0.0	0.0	0.0	0.0	0.0	0.07109004739336493	0.050746268656716415	0.0	0.0	0.0	0.0	0.0	0.0	0.0	0.0	0.0	0.0	0.0	0.0	0.0	0.0	0.0	0.05057316250842886	0.1242603550295858	0.08530805687203792	0.0	0.0	0.296969696969697	0.11066398390342053	0.0	0.4697674418604651	0.06202723146747353	0.0	0.15066899360093078	0.0	0.0	0.018018018018018018	0.0	0.0	0.07192575406032482	0.04101161995898838	0.0707070707070707	0.0	0.07608695652173914	0.0	0.0	0.0	0.057534246575342465	0.2517321016166282	0.038691412393834536	0.0	0.0	0.0	0.05054151624548736	0.044802867383512544	0.06845965770171149	0.032520325203252036	0.028150134048257374	0.06557377049180328	0.0	0.0	0.0	0.0	0.0	0.0	0.0	0.0	0.13114754098360656	0.0	0.06481481481481481	0.0	0.06127167630057803	0.08163265306122448	0.07906976744186046	0.0	0.10526315789473684	0.10526315789473684	0.0	0.0	0.008928571428571428	0.41626794258373206	0.0	0.037897928246589184	0.0	0.1048951048951049	0.0	0.043795620437956206	0.0	0.0	0.0	0.0	0.04556962025316456	0.0	0.0	0.0	0.09836065573770492	0.07090464547677261	0.07608695652173914	0.07806691449814127	0.11214953271028037	0.0407185628742515	0.03007518796992481	0.03007518796992481	0.028093645484949834	0.03896103896103896	0.43870014771048743	0.0	0.03896103896103896	0.05386178861788618	0.09974424552429667
0.0	0.0	0.0	0.0	0.0	0.10097719869706841	0.0889487870619946	0.09090909090909091	0.09090909090909091	0.03490759753593429	0.059245960502693	0.007658202337767029	0.015530047265361242	0.01873536299765808	0.03290676416819013	0.018777467039552537	0.0	0.0	0.0	0.0	0.0	0.0	0.11264367816091954	0.015193370165745856	0.0	0.0	0.0	0.04709141274238227	0.0	0.03490759753593429	0.0	0.0	0.0	0.03322259136212625	0.008213552361396304	0.013921113689095127	0.23185011709601874	0.09695290858725762	0.0	0.0	0.019639934533551555	0.05	0.0	0.12131147540983607	0.09090909090909091	0.1002710027100271	0.08814589665653495	0.07346938775510205	0.08189158016147635	0.08520179372197309	0.027089337175792507	0.05243697478991596	0.06439674315321983	0.040740740740740744	0.1002710027100271	0.0	0.0	0.0	0.0	0.0	0.0	0.09090909090909091	0.12131147540983607	0.07707910750507099	0.018855218855218854	0.006944444444444444	0.0	0.02230151650312221	0.022653721682847898	0.0	0.019672131147540985	0.0	0.012269938650306749	0.0	0.0	0.0	0.0	0.0	0.0	0.0	0.0	0.0	0.0	0.0	0.0	0.13543747502996403	0.008213552361396304	0.0	0.0	0.038781163434903045	0.022448979591836733	0.025	0.0	0.019672131147540985	0.05301645338208409	0.06158357771260997	0.0	0.0	0.0	0.0	0.0	0.0918918918918919	0.0	0.00539568345323741	0.016359918200409	0.03490759753593429	0.07259953161592506	0.0	0.10321100917431193	0.13163972286374134	0.0	0.0	0.05243697478991596	0.06976744186046512	0.0	0.0	0.08088235294117647	0.0	0.0	0.0	0.12131147540983607	0.029465930018416207	0.08624708624708624	0.01636904761904762	0.0	0.010810810810810811	0.0	0.010810810810810811	0.0	0.0	0.0	0.0	0.0	0.0	0.0	0.0	0.05806451612903226	0.03490759753593429	0.0	0.0	0.0	0.0	0.023066485753052916	0.013197969543147208	0.032015065913371	0.13725490196078433	0.06288032454361055	0.056338028169014086	0.05008944543828265	0.07628865979381444	0.06288032454361055	0.08401084010840108	0.06288032454361055	0.06288032454361055	0.056338028169014086	0.019927536231884056	0.08355795148247978	0.0	0.0	0.0	0.05515587529976019	0.0405727923627685	0.0	0.07505070993914807	0.0	0.1163895486935867	0.06436781609195402	0.07159353348729793	0.07159353348729793	0.06436781609195402	0.07159353348729793	0.08624708624708624	0.06436781609195402	0.07159353348729793	0.0	0.0	0.0	0.0912	0.02578268876611418	0.1397459165154265	1.0	0.004624277456647399	0.1002710027100271	0.0	0.008130081300813009	0.0	0.0	0.0	0.06371191135734072	0.060755336617405585	0.0234192037470726	0.03285420944558522	0.03294117647058824	0.02865329512893983	0.0069767441860465115	0.006122448979591836	0.006122448979591836	0.0	0.0	0.0	0.0	0.0	0.0	0.010899182561307902	0.013392857142857142	0.050698016164584865	0.148014440433213	0.0	0.0	0.010810810810810811	0.1336405529953917	0.10321100917431193	0.06143344709897611	0.16531165311653118	0.11666666666666667	0.05099150141643059	0.10832811521603006	0.0025604551920341396	0.0	0.0	0.0	0.0	0.0918918918918919	0.0343027591349739	0.06566604127579738	0.0	0.10097719869706841	0.01809954751131222	0.01634877384196185	0.020930232558139535	0.03494347379239465	0.12365591397849462	0.08006814310051108	0.0	0.0	0.0	0.06288032454361055	0.056338028169014086	0.0751131221719457	0.025110782865583457	0.020437956204379562	0.0	0.0	0.0	0.0	0.0	0.0	0.0	0.0	0.0	0.09687034277198212	0.006944444444444444	0.08355795148247978	0.0056022408963585435	0.07940780619111709	0.17482517482517482	0.1002710027100271	0.0	0.0	0.0	0.0	0.0	0.0	0.09803921568627451	0.04488778054862843	0.027089337175792507	0.014516129032258065	0.11413043478260869	0.01634877384196185	0.03490759753593429	0.010899182561307902	0.02373887240356083	0.027700831024930747	0.0	0.039780521262002745	0.0	0.0	0.0	0.1053864168618267	0.07330316742081448	0.10097719869706841	0.07337526205450734	0.06267029972752043	0.06330749354005168	0.023066485753052916	0.023066485753052916	0.02039329934450109	0.03063063063063063	0.09740259740259741	0.0	0.03063063063063063	0.05417118093174431	0.023578363384188627
0.0980720871751886	0.0	0.0	0.0	0.0	0.0	0.0	0.0	0.0	0.0	0.0	0.34138037759207673	0.24518153294486777	0.032418952618453865	0.05639913232104121	0.0	0.055619930475086905	0.0	0.01160092807424594	0.0	0.009389671361502348	0.0	0.0	0.10282074613284804	0.0	0.0	0.0	0.0	0.0672782874617737	0.0	0.0	0.08139534883720931	0.05737704918032787	0.09467455621301775	0.46867749419953597	0.02977667493796526	0.04987531172069826	0.03260869565217391	0.06030150753768844	0.0	0.11561866125760649	0.0	0.01939655172413793	0.0	0.0	0.0	0.02072538860103627	0.0	0.0	0.0	0.0	0.0	0.0	0.0	0.0	0.0	0.0	0.045	0.05986903648269411	0.0	0.04043126684636118	0.0	0.0	0.0	0.028635346756152126	0.241635687732342	0.0	0.0	0.0	0.0	0.008823529411764706	0.06532663316582915	0.032407407407407406	0.0	0.06635071090047394	0.0	0.0	0.0	0.0	0.09130434782608696	0.0	0.04120879120879121	0.032520325203252036	0.0	0.0	0.011991006744941295	0.10440835266821345	0.0	0.04845222072678331	0.059782608695652176	0.026589595375722544	0.0	0.0	0.052941176470588235	0.0	0.0	0.11191794499410003	0.07616849394114253	0.0	0.020050125313283207	0.0	0.0	0.0	0.21804511278195488	0.05787037037037037	0.0	0.0	0.04145077720207254	0.0	0.0	0.0	0.020809248554913295	0.0	0.04245283018867924	0.0	0.0	0.027488151658767772	0.0	0.0	0.0	0.0	0.08714596949891068	0.0	0.09837631327602674	0.0	0.013422818791946308	0.0	0.013422818791946308	0.0	0.0	0.0	0.0	0.03074670571010249	0.0	0.0	0.0	0.0	0.0	0.0	0.01078167115902965	0.0	0.0	0.0	0.08703170028818444	0.0	0.0	0.0	0.0	0.0	0.0	0.0	0.0	0.0	0.0	0.0	0.042071197411003236	0.0	0.0	0.0	0.0	0.0	0.0	0.01639344262295082	0.0	0.0	0.0	0.0	0.0	0.0	0.0	0.0	0.0	0.0	0.0	0.0	0.0	0.06382978723404255	0.0	0.06318082788671024	0.02591792656587473	0.004624277456647399	1.0	0.0	0.06089309878213803	0.01730103806228374	0.0	0.07650273224043716	0.015151515151515152	0.0	0.0	0.012468827930174564	0.048723897911832945	0.03	0.013812154696132596	0.0484472049689441	0.08670520231213873	0.08670520231213873	0.0	0.0	0.0	0.0	0.0	0.0	0.005390835579514825	0.07736389684813753	0.0	0.0	0.04891304347826087	0.0	0.005369127516778523	0.0	0.0	0.02694610778443114	0.0	0.0882051282051282	0.024725274725274724	0.008521516829995739	0.16570289132602192	0.0	0.024489795918367346	0.010752688172043012	0.0	0.0	0.0	0.0	0.0	0.0	0.0215633423180593	0.0215633423180593	0.031055900621118012	0.057457922228670924	0.0	0.023449830890642617	0.0	0.0	0.0	0.0	0.0	0.012398921832884097	0.0	0.0	0.03529411764705882	0.0	0.0	0.0	0.0	0.0	0.0	0.0	0.045112781954887216	0.0	0.241635687732342	0.0	0.06795224977043159	0.0	0.0	0.0	0.0	0.060109289617486336	0.060109289617486336	0.0	0.03460207612456748	0.006085192697768763	0.04918032786885246	0.023195876288659795	0.0	0.0814070351758794	0.0	0.0215633423180593	0.0	0.029649595687331536	0.04575786463298379	0.05434782608695652	0.0	0.0	0.012468827930174564	0.0	0.0	0.0	0.0	0.0	0.0	0.02425876010781671	0.07745865970409051	0.0	0.0	0.0	0.0	0.0	0.0	0.0	0.02773497688751926	0.11861313868613138
0.0	0.0	0.0	0.0	0.0	0.22580645161290322	0.144	0.18716577540106952	0.18716577540106952	0.01639344262295082	0.08256880733944955	0.0	0.0	0.0	0.0	0.008420009905894007	0.0	0.0	0.0	0.0	0.0	0.0	0.12101910828025478	0.0	0.0	0.0	0.0	0.05	0.0	0.01639344262295082	0.0	0.0	0.0	0.0	0.0	0.0	0.0196078431372549	0.05	0.0	0.0	0.0	0.03416856492027335	0.0	0.30434782608695654	0.18716577540106952	0.22580645161290322	0.11409395973154363	0.1002710027100271	0.168	0.07903780068728522	0.013589128697042365	0.07065435568044962	0.07664562669071236	0.05224963715529753	0.22580645161290322	0.0	0.0	0.0	0.0	0.0	0.0	0.18716577540106952	0.13043478260869565	0.12096774193548387	0.0	0.0	0.0	0.010238907849829351	0.01006036217303823	0.0	0.0	0.0	0.0	0.0	0.0	0.0	0.0	0.0	0.0	0.0	0.0	0.0	0.0	0.0	0.0	0.07578008915304606	0.0	0.0	0.0	0.0	0.0	0.011389521640091117	0.0	0.0	0.023474178403755867	0.08021390374331551	0.0	0.0	0.0	0.0	0.0	0.08433734939759036	0.0	0.0	0.0	0.01639344262295082	0.058823529411764705	0.0	0.10476190476190476	0.15384615384615385	0.0	0.0	0.03211561621838619	0.07954545454545454	0.0	0.0	0.026833631484794274	0.0	0.0	0.0	0.13043478260869565	0.0	0.07792207792207792	0.0	0.0	0.0	0.0	0.0	0.0	0.0	0.0	0.0	0.0	0.0	0.0	0.0	0.12224448897795591	0.01639344262295082	0.0	0.0	0.0	0.0	0.00974025974025974	0.0	0.014634146341463415	0.15254237288135594	0.04838709677419355	0.0398936170212766	0.03424657534246575	0.06593406593406594	0.04838709677419355	0.07258064516129033	0.04838709677419355	0.04838709677419355	0.0398936170212766	0.0	0.072	0.0	0.0	0.0	0.02702702702702703	0.020134228187919462	0.0	0.06451612903225806	0.0	0.12	0.04777070063694268	0.057692307692307696	0.057692307692307696	0.04777070063694268	0.057692307692307696	0.07792207792207792	0.04777070063694268	0.057692307692307696	0.0	0.0	0.0	0.09523809523809523	0.0	0.07906976744186046	0.1002710027100271	0.0	1.0	0.0	0.0	0.0	0.0	0.0	0.03333333333333333	0.04918032786885246	0.0	0.0	0.0	0.0	0.0	0.0	0.0	0.0	0.0	0.0	0.0	0.0	0.0	0.0	0.0	0.07596067917783736	0.23076923076923078	0.0	0.0	0.0	0.0670926517571885	0.10476190476190476	0.0	0.0967741935483871	0.04801670146137787	0.0	0.028782287822878228	0.0	0.0	0.0	0.0	0.0	0.08433734939759036	0.014558689717925387	0.02912621359223301	0.0	0.22580645161290322	0.0	0.0	0.0	0.03283173734610123	0.05976095617529881	0.01346389228886169	0.0	0.0	0.0	0.04838709677419355	0.0398936170212766	0.1761297798377752	0.01079136690647482	0.008865248226950355	0.0	0.0	0.0	0.0	0.0	0.0	0.0	0.0	0.0	0.09090909090909091	0.0	0.072	0.0	0.0658682634730539	0.09740259740259741	0.0967741935483871	0.0	0.0	0.0	0.0	0.0	0.0	0.05084745762711865	0.0	0.013589128697042365	0.0	0.15789473684210525	0.0	0.01639344262295082	0.0	0.0	0.0	0.0	0.01644736842105263	0.0	0.0	0.0	0.08496732026143791	0.08227114716106605	0.22580645161290322	0.033707865168539325	0.032520325203252036	0.042879019908116385	0.00974025974025974	0.00974025974025974	0.008841732979664015	0.013824884792626729	0.046464646464646465	0.0	0.013824884792626729	0.04114713216957606	0.02
0.0	0.0	0.0	0.0	0.0	0.0	0.0	0.0	0.0	0.0	0.0	0.04576043068640646	0.05370219690805533	0.0	0.07838479809976247	0.0	0.0	0.0	0.0	0.0	0.0	0.0	0.0	0.06521739130434782	0.0	0.0	0.0	0.0	0.0	0.0	0.0	0.10863509749303621	0.22077922077922077	0.0	0.14127423822714683	0.0	0.0	0.0	0.0	0.0	0.0	0.0	0.0	0.0	0.0	0.0	0.0	0.0	0.0	0.0	0.0	0.0	0.0	0.0	0.0	0.0	0.0	0.0	0.0	0.0	0.16182572614107885	0.0	0.0	0.0	0.0	0.0	0.0	0.0	0.0	0.0	0.0	0.0	0.0	0.0	0.0	0.0	0.0	0.0	0.0	0.0	0.0	0.2599118942731278	0.189873417721519	0.0	0.0	0.0	0.0	0.0	0.0	0.0	0.0	0.0	0.0	0.0	0.0	0.0	0.04808103866457412	0.106703146374829	0.0	0.0	0.0	0.0	0.0	0.0	0.09090909090909091	0.0	0.0	0.0	0.0	0.0	0.0	0.0	0.0	0.0	0.0	0.0	0.0	0.0	0.0	0.0	0.0	0.0	0.0	0.0	0.0	0.0	0.0	0.0	0.0	0.0	0.0	0.0	0.16483516483516483	0.0	0.0	0.0	0.0	0.0	0.0	0.0	0.0	0.0	0.0	0.0	0.0	0.0	0.0	0.0	0.0	0.0	0.0	0.0	0.0	0.0	0.0	0.0	0.0	0.0	0.0	0.0	0.0	0.0	0.0	0.0	0.0	0.0	0.0	0.0	0.0	0.0	0.0	0.0	0.0	0.0	0.0	0.0	0.0	0.0	0.0	0.0	0.0	0.06089309878213803	0.0	1.0	0.0	0.0	0.0	0.0	0.0	0.0	0.0	0.0	0.0	0.0	0.0	0.0	0.0	0.0	0.0	0.0	0.0	0.0	0.0	0.0	0.0	0.0	0.0	0.0	0.0	0.0	0.0	0.0	0.0	0.0	0.0	0.0	0.0	0.04583194951843241	0.0	0.0	0.04526748971193416	0.0	0.0	0.0	0.0	0.0	0.0	0.0	0.0	0.0	0.0	0.0	0.0	0.0	0.0	0.0	0.0	0.0	0.0	0.0	0.0	0.0	0.0	0.0	0.0	0.0	0.0	0.0	0.0	0.0	0.0	0.0	0.0	0.0	0.0	0.0	0.0	0.0	0.0	0.0	0.0	0.10655737704918032	0.0	0.0	0.0	0.0	0.0	0.0	0.0	0.0	0.0	0.0	0.16595744680851063	0.0	0.0	0.0	0.0	0.0	0.0	0.0	0.0	0.0	0.0	0.0	0.0	0.0	0.0	0.0	0.0	0.0	0.0	0.0	0.06554621848739496
0.1	0.0	0.0	0.0	0.0	0.0	0.0	0.0	0.0	0.0	0.0	0.017303822937625755	0.026262626262626262	0.018648018648018648	0.03278688524590164	0.0	0.022448979591836733	0.0	0.03067484662576687	0.039603960396039604	0.033402922755741124	0.0	0.0	0.03581267217630854	0.0	0.0	0.0	0.0	0.011513157894736841	0.0	0.0	0.0513347022587269	0.033426183844011144	0.033003300330033	0.022494887525562373	0.013856812933025405	0.023310023310023312	0.0	0.026004728132387706	0.0	0.037520391517128875	0.0	0.0	0.0	0.0	0.0	0.0	0.0	0.0	0.0	0.0	0.0	0.0	0.0	0.0	0.0	0.0	0.01639344262295082	0.02565597667638484	0.0	0.0	0.0	0.0	0.0	0.01880456682337139	0.02304147465437788	0.0	0.0	0.0	0.0	0.019543973941368076	0.20094562647754138	0.012219959266802444	0.0	0.040339702760084924	0.0	0.0	0.0	0.0	0.012797074954296161	0.0	0.0	0.0	0.0	0.0	0.0047789725209080045	0.08384458077709611	0.026058631921824105	0.01891891891891892	0.03856749311294766	0.022357723577235773	0.0	0.0	0.019543973941368076	0.0	0.0	0.010954811402962778	0.014184397163120567	0.0	0.02588235294117647	0.0	0.0	0.0	0.043010752688172046	0.016293279022403257	0.0	0.0	0.014127144298688193	0.0	0.0	0.0	0.0	0.0	0.014736842105263158	0.0	0.0	0.06744868035190615	0.0	0.0	0.0	0.0	0.14862385321100918	0.0	0.026706231454005934	0.0	0.010752688172043012	0.0	0.010752688172043012	0.0	0.0	0.0	0.0	0.0	0.0	0.0	0.0	0.0	0.0	0.0	0.0	0.0	0.0	0.0	0.027300303336703743	0.0	0.0	0.0	0.0	0.0	0.0	0.0	0.0	0.0	0.0	0.0	0.019855595667870037	0.0	0.0	0.0	0.0	0.0	0.0	0.0	0.0	0.0	0.0	0.0	0.0	0.0	0.0	0.0	0.0	0.0	0.0	0.0	0.0	0.06505295007564296	0.0	0.3688073394495413	0.0	0.008130081300813009	0.01730103806228374	0.0	0.0	1.0	0.0	0.11420612813370473	0.050119331742243436	0.0	0.0	0.023310023310023312	0.032719836400818	0.03278688524590164	0.08547008547008547	0.037037037037037035	0.04065040650406504	0.04065040650406504	0.0	0.0	0.0	0.0	0.0	0.0	0.032520325203252036	0.04451038575667656	0.0	0.0	0.0	0.0	0.010752688172043012	0.0	0.0	0.061016949152542375	0.0	0.04152823920265781	0.05070422535211268	0.012492192379762648	0.007663922793074085	0.0	0.20593080724876442	0.0	0.0440771349862259	0.0	0.0	0.0	0.0	0.0	0.018034265103697024	0.016260162601626018	0.020833333333333332	0.014329580348004094	0.0	0.0067957866123003734	0.0	0.0	0.0	0.0	0.0	0.004508566275924256	0.0	0.0	0.0	0.0	0.0	0.0	0.0	0.0	0.0	0.0	0.01647058823529412	0.0	0.02304147465437788	0.0	0.2639664804469274	0.0	0.0	0.0	0.0	0.0	0.0	0.0	0.0	0.01631321370309951	0.0	0.04466501240694789	0.0	0.022508038585209004	0.0	0.016260162601626018	0.0	0.01084010840108401	0.023668639053254437	0.027548209366391185	0.0	0.0	0.03496503496503497	0.0	0.0	0.0	0.0	0.0	0.0	0.0	0.19072164948453607	0.0	0.0	0.0	0.0	0.0	0.0	0.0	0.0075675675675675675	0.034578146611341634
0.0	0.0	0.0	0.016227180527383367	0.0	0.0	0.0	0.0	0.0	0.0	0.0	0.0	0.0	0.0	0.0	0.0	0.055441478439425054	0.0	0.0	0.0	0.03361344537815126	0.02092050209205021	0.0	0.016597510373443983	0.0	0.0	0.0	0.0	0.0	0.0	0.0	0.024793388429752067	0.0	0.0	0.0	0.0	0.0	0.0	0.0	0.18095238095238095	0.0	0.05366726296958855	0.0	0.0	0.0	0.0	0.0	0.0	0.0	0.0	0.0	0.0	0.0	0.0	0.0	0.0	0.0	0.0	0.0	0.0	0.0	0.0	0.0	0.0	0.0	0.0	0.0	0.0	0.0	0.0	0.0	0.0	0.0	0.0	0.0	0.0	0.0	0.0	0.0	0.022058823529411766	0.0	0.0	0.0	0.0	0.0	0.0	0.0	0.0	0.04087193460490463	0.0	0.02044989775051125	0.0	0.0	0.0	0.0	0.0	0.0	0.03363914373088685	0.0	0.0	0.0	0.0	0.0	0.0	0.0	0.0	0.0	0.0	0.0	0.0	0.0821917808219178	0.024539877300613498	0.0	0.0	0.0	0.0	0.022091310751104567	0.0	0.0	0.0	0.0	0.0	0.08411214953271028	0.0	0.0	0.0	0.058823529411764705	0.0	0.0	0.0	0.0	0.0	0.0	0.0	0.0	0.0	0.0	0.0	0.0	0.0	0.0	0.0	0.0	0.0	0.0	0.10112359550561797	0.1016260162601626	0.08669354838709678	0.07706093189964158	0.1322314049586777	0.04878048780487805	0.04891304347826087	0.04878048780487805	0.1016260162601626	0.08669354838709678	0.0	0.0	0.0	0.0	0.0	0.0	0.0	0.0449438202247191	0.07317073170731707	0.0196078431372549	0.10476190476190476	0.06912442396313365	0.07407407407407407	0.07407407407407407	0.06912442396313365	0.07407407407407407	0.08411214953271028	0.06912442396313365	0.07407407407407407	0.16853932584269662	0.11842105263157894	0.0	0.0	0.0	0.0	0.0	0.0	0.0	0.0	0.0	1.0	0.0	0.0	0.0	0.2631578947368421	0.023474178403755867	0.0	0.0	0.0	0.0	0.0	0.0	0.07894736842105263	0.07894736842105263	0.0	0.0	0.0	0.0	0.0	0.0	0.0	0.0	0.0	0.0	0.0	0.0	0.0	0.0	0.0	0.0	0.0	0.0	0.006835659356308744	0.0	0.0	0.0	0.0	0.0	0.0	0.0	0.0	0.0	0.0	0.0	0.0	0.0	0.0	0.0	0.0	0.12	0.0	0.1016260162601626	0.08669354838709678	0.0	0.0	0.0	0.0	0.0	0.0	0.0	0.0	0.0	0.0	0.0	0.0	0.0	0.0	0.0	0.02244039270687237	0.0	0.0	0.0	0.0	0.0	0.0	0.0	0.03054989816700611	0.019672131147540985	0.0	0.0	0.0	0.0	0.0	0.0	0.0	0.0	0.0	0.0	0.0	0.0	0.0	0.0989010989010989	0.0	0.018779342723004695	0.0	0.0	0.0	0.0	0.0	0.0	0.0	0.0	0.0	0.0	0.0	0.0	0.0	0.0
0.16204379562043797	0.0	0.0	0.0	0.0	0.0	0.0	0.0	0.0	0.0	0.0	0.05327313769751693	0.07736625514403292	0.0	0.0	0.0	0.15774647887323945	0.0	0.10734463276836158	0.0	0.0	0.0	0.0	0.11505922165820642	0.0	0.0	0.0	0.0	0.09302325581395349	0.0	0.0	0.20454545454545456	0.0	0.0	0.12429378531073447	0.0	0.0	0.0	0.19444444444444445	0.0	0.11715481171548117	0.0	0.0	0.0	0.0	0.0	0.0	0.0	0.0	0.0	0.0	0.0	0.0	0.0	0.0	0.0	0.0	0.1506849315068493	0.19063829787234043	0.0	0.0	0.0	0.0	0.0	0.0	0.14715719063545152	0.0	0.0	0.0	0.0	0.0	0.2916666666666667	0.0	0.0	0.19047619047619047	0.0	0.0	0.0	0.0	0.10679611650485436	0.0	0.0	0.0	0.0	0.0	0.0	0.5084745762711864	0.0	0.18723404255319148	0.0	0.0	0.0	0.0	0.0	0.0	0.0	0.04717388177764994	0.12273361227336123	0.0	0.08275862068965517	0.0	0.0	0.0	0.35933806146572106	0.0	0.0	0.0	0.12205270457697642	0.0	0.0	0.0	0.0	0.0	0.12941176470588237	0.0	0.0	0.06946983546617916	0.0	0.0	0.0	0.0	0.17560975609756097	0.0	0.08163265306122448	0.0	0.0	0.0	0.0	0.0	0.0	0.0	0.0	0.0	0.0	0.0	0.0	0.0	0.0	0.0	0.0	0.0	0.0	0.0	0.12239221140472879	0.0	0.0	0.0	0.0	0.0	0.0	0.0	0.0	0.0	0.0	0.0	0.0	0.0	0.0	0.0	0.0	0.0	0.0	0.0	0.0	0.0	0.0	0.0	0.0	0.0	0.0	0.0	0.0	0.0	0.0	0.0	0.0	0.17110266159695817	0.0	0.12195121951219512	0.0	0.0	0.07650273224043716	0.0	0.0	0.11420612813370473	0.0	1.0	0.15492957746478872	0.0	0.0	0.0	0.0	0.0	0.0	0.14814814814814814	0.1568627450980392	0.1568627450980392	0.0	0.0	0.0	0.0	0.0	0.0	0.0	0.1038961038961039	0.0	0.0	0.0	0.0	0.0	0.0	0.0	0.0	0.0	0.11991434689507495	0.0	0.0	0.04894401609118337	0.0	0.09322033898305085	0.0	0.0	0.0	0.0	0.0	0.0	0.0	0.0	0.0	0.0	0.12446958981612447	0.0	0.0	0.0	0.0	0.0	0.0	0.0	0.0	0.0	0.0	0.0	0.0	0.0	0.0	0.0	0.0	0.0	0.0	0.15172413793103448	0.0	0.14715719063545152	0.0	0.14457831325301204	0.0	0.0	0.0	0.0	0.0	0.0	0.0	0.0	0.0	0.0	0.0	0.0	0.07802874743326489	0.0	0.0	0.0	0.0	0.0	0.0	0.0	0.0	0.1292517006802721	0.0	0.0	0.0	0.0	0.0	0.0	0.0	0.11700468018720749	0.0	0.0	0.0	0.0	0.0	0.0	0.0	0.05569620253164557	0.12244897959183673
0.05771812080536913	0.0	0.0	0.0	0.0	0.0	0.0	0.0	0.0	0.0	0.0	0.01113490364025696	0.01348314606741573	0.0	0.0	0.0	0.02891566265060241	0.0	0.043478260869565216	0.0	0.0	0.0	0.0	0.02457757296466974	0.0	0.0	0.0	0.0	0.1200750469043152	0.0	0.0	0.06796116504854369	0.0	0.0	0.01932367149758454	0.0	0.0	0.0	0.034482758620689655	0.0	0.022304832713754646	0.0	0.0	0.0	0.0	0.0	0.0	0.0	0.0	0.0	0.0	0.0	0.0	0.0	0.0	0.0	0.0	0.022727272727272728	0.03392226148409894	0.0	0.0	0.0	0.0	0.0	0.0	0.022284122562674095	0.0	0.0	0.0	0.0	0.0	0.09195402298850575	0.0	0.0	0.050505050505050504	0.0	0.0	0.0	0.0	0.01694915254237288	0.0	0.0	0.0	0.0	0.0	0.0	0.0966183574879227	0.0	0.02711864406779661	0.0	0.0	0.0	0.0	0.0	0.0	0.0	0.007533970133189829	0.019115890083632018	0.0	0.03428571428571429	0.0	0.0	0.0	0.049689440993788817	0.0	0.0	0.0	0.019024970273483946	0.0	0.0	0.0	0.0	0.0	0.02	0.0	0.0	0.029654036243822075	0.0	0.0	0.0	0.0	0.059574468085106386	0.0	0.01335559265442404	0.0	0.0	0.0	0.0	0.0	0.0	0.0	0.0	0.0	0.0	0.0	0.0	0.0	0.0	0.0	0.0	0.0	0.0	0.0	0.01907032181168057	0.0	0.0	0.0	0.0	0.0	0.0	0.0	0.0	0.0	0.0	0.0	0.0	0.0	0.0	0.0	0.0	0.0	0.0	0.0	0.0	0.0	0.0	0.0	0.0	0.0	0.0	0.0	0.0	0.0	0.0	0.0	0.0	0.06484641638225255	0.0	0.06382978723404255	0.0	0.0	0.015151515151515152	0.0	0.0	0.050119331742243436	0.0	0.15492957746478872	1.0	0.19444444444444445	0.0	0.0	0.0	0.0	0.0	0.022408963585434174	0.02877697841726619	0.02877697841726619	0.0	0.0	0.0	0.0	0.0	0.0	0.0	0.02003338898163606	0.03292181069958848	0.0	0.0	0.0	0.0	0.0	0.0	0.0	0.0	0.022770398481973434	0.0	0.0	0.006825938566552901	0.0	0.045112781954887216	0.0	0.0	0.0	0.0	0.0	0.0	0.0	0.0	0.0	0.0	0.019347037484885126	0.0	0.0	0.0	0.0	0.0	0.0	0.0	0.0	0.0	0.0	0.0	0.0	0.0	0.0	0.0	0.0	0.0	0.0	0.022857142857142857	0.0	0.022284122562674095	0.0	0.0499219968798752	0.0	0.0	0.0	0.0	0.0	0.0	0.0	0.0	0.07063197026022305	0.0	0.0	0.0	0.010968921389396709	0.0	0.0	0.0	0.0	0.0	0.0	0.0	0.0	0.05084745762711865	0.0	0.0	0.0	0.0	0.0	0.0	0.0	0.03281027104136947	0.0	0.0	0.0	0.0	0.0	0.0	0.0	0.009411764705882352	0.043209876543209874
0.0	0.0	0.0	0.0	0.0	0.033707865168539325	0.06611570247933884	0.027932960893854747	0.027932960893854747	0.05027932960893855	0.037383177570093455	0.0	0.0	0.0	0.0	0.025666834423754403	0.0	0.0	0.0	0.0	0.0	0.0	0.0196078431372549	0.0	0.0	0.0	0.0	0.05172413793103448	0.10062893081761007	0.05027932960893855	0.0	0.0	0.0	0.0	0.0	0.0	0.06040268456375839	0.15517241379310345	0.0	0.0	0.0	0.01160092807424594	0.0	0.045454545454545456	0.027932960893854747	0.03333333333333333	0.06995884773662552	0.05263157894736842	0.024630541871921183	0.012835472578763127	0.04183757178014766	0.032533550223668155	0.04666056724611162	0.023494860499265784	0.03333333333333333	0.0	0.0	0.0	0.0	0.0	0.0	0.027932960893854747	0.045454545454545456	0.03021978021978022	0.0	0.0	0.0	0.031286210892236384	0.03067484662576687	0.0	0.0	0.0	0.0	0.0	0.0	0.0	0.0	0.0	0.0	0.0	0.0	0.0	0.0	0.0	0.0	0.029693004529441368	0.0	0.0	0.0	0.0	0.0	0.03480278422273782	0.0	0.0	0.14832535885167464	0.08499095840867993	0.0	0.0	0.0	0.0	0.0	0.029045643153526972	0.0	0.0	0.0	0.05027932960893855	0.020134228187919462	0.0	0.016286644951140065	0.02631578947368421	0.0	0.0	0.032533550223668155	0.08139534883720931	0.0	0.0	0.009074410163339383	0.0	0.0	0.0	0.045454545454545456	0.0	0.02666666666666667	0.0	0.0	0.0	0.0	0.0	0.0	0.0	0.0	0.0	0.0	0.0	0.0	0.0	0.038696537678207736	0.05027932960893855	0.0	0.0	0.0	0.0	0.029605263157894735	0.0	0.1044776119402985	0.05263157894736842	0.016483516483516484	0.01358695652173913	0.011627906976744186	0.02247191011235955	0.016483516483516484	0.025	0.016483516483516484	0.016483516483516484	0.01358695652173913	0.0	0.024793388429752067	0.0	0.0	0.0	0.08333333333333333	0.06206896551724138	0.0	0.02197802197802198	0.0	0.0410958904109589	0.016339869281045753	0.019736842105263157	0.019736842105263157	0.016339869281045753	0.019736842105263157	0.02666666666666667	0.016339869281045753	0.019736842105263157	0.0	0.0	0.0	0.016129032258064516	0.0	0.07109004739336493	0.06371191135734072	0.0	0.03333333333333333	0.0	0.0	0.0	0.0	0.19444444444444445	1.0	0.016666666666666666	0.0	0.0	0.0	0.0	0.0	0.0	0.0	0.0	0.0	0.0	0.0	0.0	0.0	0.0	0.0	0.08250226654578423	0.24324324324324326	0.0	0.0	0.0	0.022950819672131147	0.016286644951140065	0.0	0.03333333333333333	0.027600849256900213	0.0	0.033607169529499624	0.0	0.0	0.0	0.0	0.0	0.029045643153526972	0.0443213296398892	0.0891089108910891	0.0	0.033707865168539325	0.0	0.0	0.0	0.033566433566433566	0.0205761316872428	0.040926002480363786	0.0	0.0	0.0	0.016483516483516484	0.01358695652173913	0.047225501770956316	0.032846715328467155	0.02697841726618705	0.0	0.0	0.0	0.0	0.0	0.0	0.0	0.0	0.0	0.04059040590405904	0.0	0.024793388429752067	0.0	0.02268041237113402	0.03333333333333333	0.03333333333333333	0.0	0.0	0.0	0.0	0.0	0.06224066390041494	0.15789473684210525	0.0	0.04183757178014766	0.0	0.2384937238493724	0.0	0.05027932960893855	0.0	0.0	0.0	0.0	0.05	0.0	0.0	0.0	0.0738255033557047	0.11452184179456906	0.033707865168539325	0.19540229885057472	0.10084033613445378	0.043410852713178294	0.029605263157894735	0.029605263157894735	0.026905829596412557	0.04225352112676056	0.043121149897330596	0.0	0.04225352112676056	0.03400503778337532	0.02027027027027027
0.021344717182497332	0.0	0.0	0.013961605584642234	0.0	0.04225352112676056	0.0326530612244898	0.0351288056206089	0.0351288056206089	0.009900990099009901	0.023668639053254437	0.0	0.0	0.0	0.0	0.005706612957368244	0.044481054365733116	0.025210084033613446	0.026402640264026403	0.0	0.026845637583892617	0.016722408026755852	0.032490974729241874	0.042704626334519574	0.04225352112676056	0.01652892561983471	0.0	0.025	0.03310344827586207	0.009900990099009901	0.0	0.019867549668874173	0.0	0.0	0.0	0.0	0.01098901098901099	0.025	0.022222222222222223	0.1259259259259259	0.0	0.09278350515463918	0.0	0.05660377358490566	0.0351288056206089	0.04918032786885246	0.03346938775510204	0.027914614121510674	0.04072398190045249	0.024390243902439025	0.007688828584350972	0.023181686467690525	0.025802391441157962	0.017222820236813777	0.04918032786885246	0.025	0.02857142857142857	0.022058823529411766	0.011452130096197893	0.09090909090909091	0.0	0.0351288056206089	0.05660377358490566	0.04084967320261438	0.0	0.0	0.0	0.006622516556291391	0.0067842605156037995	0.04727272727272727	0.0	0.0	0.0	0.0	0.0	0.0	0.01646090534979424	0.0	0.0	0.018072289156626505	0.0	0.0	0.0	0.01652892561983471	0.0	0.02450486740516952	0.0	0.0	0.030800821355236138	0.0	0.016420361247947456	0.007363770250368188	0.0	0.0	0.015015015015015015	0.026217228464419477	0.0	0.02702702702702703	0.0	0.0	0.05660377358490566	0.04294478527607362	0.0	0.0	0.0	0.009900990099009901	0.03296703296703297	0.0	0.02702702702702703	0.043478260869565216	0.05825242718446602	0.04433497536945813	0.023181686467690525	0.0472972972972973	0.04854368932038835	0.02857142857142857	0.1376720901126408	0.0	0.0	0.0	0.05660377358490566	0.0	0.15328467153284672	0.0	0.0	0.0	0.04225352112676056	0.0	0.0	0.0	0.08571428571428572	0.05	0.0	0.0	0.0	0.0	0.023004059539918808	0.009900990099009901	0.0	0.0	0.0	0.0	0.007009345794392523	0.0	0.009230769230769232	0.15126050420168066	0.1503267973856209	0.1266233766233766	0.11504424778761062	0.1986754966887417	0.06862745098039216	0.07377049180327869	0.06862745098039216	0.1503267973856209	0.1266233766233766	0.0	0.036734693877551024	0.0	0.0	0.0	0.014925373134328358	0.011152416356877323	0.03361344537815126	0.13725490196078433	0.014084507042253521	0.2074074074074074	0.11371841155234658	0.12681159420289856	0.12681159420289856	0.11371841155234658	0.12681159420289856	0.15328467153284672	0.11371841155234658	0.12681159420289856	0.226890756302521	0.16037735849056603	0.015424164524421594	0.03225806451612903	0.0	0.050746268656716415	0.060755336617405585	0.0	0.04918032786885246	0.0	0.0	0.2631578947368421	0.0	0.0	0.016666666666666666	1.0	0.018315018315018316	0.0	0.0	0.0	0.0	0.0	0.0	0.05660377358490566	0.05660377358490566	0.046052631578947366	0.09243697478991597	0.025210084033613446	0.0	0.0	0.0	0.023139462163852407	0.09090909090909091	0.0	0.0	0.0	0.0379746835443038	0.02702702702702703	0.0	0.04918032786885246	0.031988873435326845	0.0	0.02125340599455041	0.00601353044349787	0.0	0.016574585635359115	0.0	0.0	0.04294478527607362	0.01013299556681444	0.018404907975460124	0.0	0.04225352112676056	0.0	0.0	0.0	0.01981833195706028	0.03054989816700611	0.009674582233948988	0.0	0.08571428571428572	0.0	0.1503267973856209	0.1266233766233766	0.029784065524944156	0.007537688442211055	0.006218905472636816	0.0	0.0	0.0	0.0	0.0	0.0	0.0	0.075	0.0	0.03291139240506329	0.0	0.036734693877551024	0.01920768307322929	0.03363914373088685	0.05474452554744526	0.04918032786885246	0.0	0.0	0.0	0.0	0.024549918166939442	0.01643835616438356	0.025210084033613446	0.0	0.007688828584350972	0.0	0.039014373716632446	0.0	0.009900990099009901	0.04938271604938271	0.0	0.0	0.014545454545454545	0.01179245283018868	0.02197802197802198	0.0743801652892562	0.05660377358490566	0.06227106227106227	0.026061057334326135	0.04225352112676056	0.020134228187919462	0.01646090534979424	0.03135498320268757	0.007009345794392523	0.007009345794392523	0.006207324643078833	0.008902077151335312	0.031292517006802724	0.0	0.008902077151335312	0.03166986564299424	0.014285714285714285
0.0	0.0	0.0	0.008856088560885609	0.0	0.0	0.0	0.0	0.0	0.0	0.0	0.0267515923566879	0.04944649446494465	0.038461538461538464	0.049586776859504134	0.0	0.0	0.0	0.0	0.0	0.07246376811594203	0.009615384615384616	0.0	0.03479576399394856	0.0	0.0	0.0	0.0	0.0	0.0	0.0	0.014218009478672985	0.0	0.06722689075630252	0.02358490566037736	0.03260869565217391	0.04395604395604396	0.0	0.0	0.027932960893854747	0.032846715328467155	0.005030181086519115	0.0	0.0	0.0	0.0	0.0	0.0	0.0	0.0	0.0	0.0	0.0	0.0	0.0	0.0	0.0	0.0	0.0	0.0	0.0	0.0	0.0	0.0	0.029433406916850625	0.024390243902439025	0.0	0.0	0.0	0.0	0.049586776859504134	0.0	0.028169014084507043	0.0	0.0	0.0	0.0	0.0	0.0	0.012448132780082987	0.0	0.0	0.0	0.0	0.0	0.015992892047978675	0.02358490566037736	0.0	0.0	0.06711409395973154	0.25526932084309134	0.0	0.0	0.049586776859504134	0.0	0.0	0.0	0.0	0.0	0.0	0.0	0.0	0.0	0.018255578093306288	0.03286384976525822	0.0	0.0	0.0	0.0	0.0	0.0782608695652174	0.04215456674473068	0.0	0.0	0.0	0.0	0.02106969205834684	0.0	0.0	0.0	0.0	0.04583333333333333	0.01092896174863388	0.027914614121510674	0.0	0.03257328990228013	0.0	0.03257328990228013	0.0	0.0	0.0	0.0	0.0	0.0	0.0	0.0	0.0	0.0	0.0	0.0	0.0	0.0	0.0	0.02910360884749709	0.0	0.0	0.009302325581395349	0.0069124423963133645	0.006048387096774193	0.014218009478672985	0.0	0.0	0.0	0.009302325581395349	0.0069124423963133645	0.034764826175869123	0.0	0.0	0.0	0.0	0.0	0.0	0.10204081632653061	0.009302325581395349	0.0	0.01675977653631285	0.006720430107526882	0.008108108108108109	0.008108108108108109	0.006720430107526882	0.008108108108108109	0.01092896174863388	0.006720430107526882	0.008108108108108109	0.034013605442176874	0.024793388429752067	0.0	0.0	0.041666666666666664	0.0	0.0234192037470726	0.012468827930174564	0.0	0.0	0.023310023310023312	0.023474178403755867	0.0	0.0	0.0	0.018315018315018316	1.0	0.05188679245283019	0.055248618784530384	0.055944055944055944	0.02452316076294278	0.02107728337236534	0.02107728337236534	0.0	0.0	0.0	0.0	0.0	0.0	0.03289473684210526	0.024630541871921183	0.0	0.0	0.0	0.0	0.03257328990228013	0.0	0.0	0.10434782608695652	0.0	0.037243947858473	0.08275862068965517	0.021753908905506457	0.010113392583512106	0.0	0.0	0.0	0.0	0.0	0.0	0.0	0.0	0.0	0.03268641470888662	0.039473684210526314	0.04087193460490463	0.0	0.0	0.016399552739470743	0.0	0.0	0.0	0.009302325581395349	0.0069124423963133645	0.017364657814096015	0.0	0.0	0.0	0.0	0.0	0.0	0.0	0.0	0.0	0.0	0.0	0.0	0.024390243902439025	0.0	0.030721966205837174	0.0	0.0	0.0	0.0	0.0	0.0	0.0	0.0	0.032846715328467155	0.0	0.07100591715976332	0.0	0.026929982046678635	0.0	0.039473684210526314	0.0	0.03289473684210526	0.03600654664484452	0.053691275167785234	0.0	0.0	0.0	0.0	0.0	0.0	0.0	0.0	0.0	0.0	0.030942334739803096	0.0	0.0	0.0	0.0	0.0	0.0	0.0	0.0	0.0
0.0	0.0	0.0	0.0	0.0	0.0	0.0	0.0	0.0	0.0	0.0	0.04565656565656566	0.0928813559322034	0.16037735849056603	0.13602941176470587	0.0	0.0	0.0	0.0	0.0	0.0	0.0	0.0	0.0638002773925104	0.0	0.0	0.0	0.0	0.0	0.0	0.0	0.0	0.0	0.30201342281879195	0.09917355371900827	0.11682242990654206	0.15566037735849056	0.0	0.0	0.0	0.09868421052631579	0.0	0.0	0.0	0.0	0.0	0.0	0.0	0.0	0.0	0.0	0.0	0.0	0.0	0.0	0.0	0.0	0.0	0.0	0.0	0.0	0.0	0.0	0.0	0.11088573360378634	0.03496503496503497	0.0	0.0	0.0	0.0	0.11258278145695365	0.0	0.1111111111111111	0.0	0.0	0.0	0.0	0.0	0.0	0.0	0.0	0.0	0.0	0.0	0.0	0.061019670814933764	0.03305785123966942	0.0	0.0	0.19553072625698323	0.10061601642710473	0.0	0.0	0.2052980132450331	0.0	0.0	0.0	0.0	0.0	0.0	0.0	0.0	0.0	0.027124773960216998	0.13991769547325103	0.0	0.0	0.0	0.0	0.0	0.0	0.0	0.0	0.0	0.0	0.0	0.06646971935007386	0.0	0.0	0.0	0.0	0.08148148148148149	0.0	0.20478325859491778	0.0	0.043596730245231606	0.0	0.043596730245231606	0.0	0.0	0.0	0.0	0.0	0.0	0.0	0.0	0.0	0.0	0.0	0.0	0.0	0.0	0.0	0.11746680286006128	0.0	0.0	0.0	0.0	0.0	0.0	0.0	0.0	0.0	0.0	0.0	0.29326047358834245	0.0	0.0	0.0	0.0	0.0	0.0	0.0	0.0	0.0	0.0	0.0	0.0	0.0	0.0	0.0	0.0	0.0	0.0	0.0	0.0	0.0	0.0	0.12962962962962962	0.0	0.03285420944558522	0.048723897911832945	0.0	0.0	0.032719836400818	0.0	0.0	0.0	0.0	0.0	0.05188679245283019	1.0	0.14691943127962084	0.06358381502890173	0.0351288056206089	0.030800821355236138	0.030800821355236138	0.0	0.0	0.0	0.0	0.0	0.0	0.04395604395604396	0.05530642750373692	0.0	0.0	0.0	0.0	0.043596730245231606	0.0	0.0	0.2413793103448276	0.0	0.07035175879396985	0.08571428571428572	0.02765556253928347	0.04082215244076506	0.0	0.0	0.0	0.0	0.0	0.0	0.0	0.0	0.0	0.07643312101910828	0.04945054945054945	0.3442622950819672	0.0	0.0	0.07115976736229901	0.0	0.0	0.0	0.0	0.0	0.06824385805277525	0.0	0.0	0.0	0.0	0.0	0.0	0.0	0.0	0.0	0.0	0.0	0.0	0.03496503496503497	0.0	0.02250351617440225	0.0	0.0	0.0	0.0	0.0	0.0	0.0	0.0	0.0	0.0	0.07537688442211055	0.0	0.11183144246353323	0.0	0.04945054945054945	0.0	0.13186813186813187	0.22056631892697467	0.26256983240223464	0.0	0.0	0.0	0.0	0.0	0.0	0.0	0.0	0.0	0.0	0.057068741893644616	0.0	0.0	0.0	0.0	0.0	0.0	0.0	0.0	0.0
0.0	0.0	0.0	0.0	0.0	0.0	0.0	0.0	0.0	0.0	0.0	0.027647809442790303	0.07179866765358993	0.1270718232044199	0.37344398340248963	0.0	0.0	0.0	0.0	0.0	0.0	0.0	0.0	0.04552352048558422	0.0	0.0	0.0	0.0	0.0	0.0	0.0	0.0	0.0	0.1864406779661017	0.061611374407582936	0.07650273224043716	0.09944751381215469	0.0	0.0	0.0	0.5164835164835165	0.0	0.0	0.0	0.0	0.0	0.0	0.0	0.0	0.0	0.0	0.0	0.0	0.0	0.0	0.0	0.0	0.0	0.0	0.0	0.0	0.0	0.0	0.0	0.08856088560885608	0.035422343324250684	0.0	0.0	0.0	0.0	0.13333333333333333	0.0	0.07547169811320754	0.0	0.0	0.0	0.0	0.0	0.0	0.0	0.0	0.0	0.0	0.0	0.0	0.03923316986179224	0.03317535545023697	0.0	0.0	0.13513513513513514	0.07294117647058823	0.0	0.0	0.13333333333333333	0.0	0.0	0.0	0.0	0.0	0.0	0.0	0.0	0.0	0.026476578411405296	0.10849056603773585	0.0	0.0	0.0	0.0	0.0	0.0	0.0	0.0	0.0	0.0	0.0	0.04390243902439024	0.0	0.0	0.0	0.0	0.11297071129707113	0.0	0.09060955518945635	0.0	0.04590163934426229	0.0	0.04590163934426229	0.0	0.0	0.0	0.0	0.0	0.0	0.0	0.0	0.0	0.0	0.0	0.0	0.0	0.0	0.0	0.09707602339181287	0.0	0.0	0.0	0.0	0.0	0.0	0.0	0.0	0.0	0.0	0.0	0.11293634496919917	0.0	0.0	0.0	0.0	0.0	0.0	0.0	0.0	0.0	0.0	0.0	0.0	0.0	0.0	0.0	0.0	0.0	0.0	0.0	0.0	0.0	0.0	0.08368200836820083	0.0	0.03294117647058824	0.03	0.0	0.0	0.03278688524590164	0.0	0.0	0.0	0.0	0.0	0.055248618784530384	0.14691943127962084	1.0	0.15492957746478872	0.06301369863013699	0.05411764705882353	0.05411764705882353	0.0	0.0	0.0	0.0	0.0	0.0	0.08609271523178808	0.08072487644151564	0.0	0.0	0.0	0.0	0.08524590163934426	0.0	0.0	0.2982456140350877	0.0	0.07476635514018691	0.09722222222222222	0.027266530334014997	0.025499231950844855	0.0	0.0	0.0	0.0	0.0	0.0	0.0	0.0	0.0	0.12307692307692308	0.052980132450331126	0.13424657534246576	0.0	0.0	0.041869158878504675	0.0	0.0	0.0	0.0	0.0	0.0441025641025641	0.0	0.0	0.0	0.0	0.0	0.0	0.0	0.0	0.0	0.0	0.0	0.0	0.035422343324250684	0.0	0.02157164869029276	0.0	0.0	0.0	0.0	0.0	0.0	0.0	0.0	0.0	0.0	0.08333333333333333	0.0	0.12792792792792793	0.0	0.052980132450331126	0.0	0.08609271523178808	0.10180623973727422	0.14864864864864866	0.0	0.0	0.0	0.0	0.0	0.0	0.0	0.0	0.0	0.0	0.05923836389280677	0.0	0.0	0.0	0.0	0.0	0.0	0.0	0.0	0.0
0.04431314623338257	0.0	0.0	0.0	0.0	0.0	0.0	0.0	0.0	0.0	0.0	0.01409731696225557	0.029190992493744787	0.04895104895104895	0.11822660098522167	0.0	0.0	0.0	0.0	0.15	0.08333333333333333	0.0	0.0	0.029159519725557463	0.0	0.0	0.0	0.0	0.0	0.0	0.0	0.0	0.1111111111111111	0.1	0.028901734104046242	0.041379310344827586	0.055944055944055944	0.0	0.0	0.0	0.08085106382978724	0.0	0.0	0.0	0.0	0.0	0.0	0.0	0.0	0.0	0.0	0.0	0.0	0.0	0.0	0.0	0.0	0.0	0.0	0.0	0.0	0.0	0.0	0.0	0.03325020781379884	0.030927835051546393	0.0	0.0	0.0	0.0	0.07317073170731707	0.07142857142857142	0.034482758620689655	0.0	0.0	0.0	0.0	0.0	0.0	0.0	0.0	0.0	0.0	0.0	0.0	0.018566271273852502	0.028901734104046242	0.12195121951219512	0.0	0.09090909090909091	0.04871060171919771	0.0	0.0	0.07317073170731707	0.0	0.0	0.01974161707069241	0.0	0.0	0.0	0.0	0.0	0.0	0.021686746987951807	0.040229885057471264	0.0	0.0	0.0	0.0	0.0	0.0	0.0	0.0	0.0	0.0	0.0	0.02411873840445269	0.0	0.0	0.0	0.0	0.1044776119402985	0.0	0.032015065913371	0.0	0.043668122270742356	0.0	0.043668122270742356	0.0	0.0	0.0	0.0	0.0	0.0	0.0	0.0	0.0	0.0	0.0	0.0	0.0	0.0	0.0	0.03556187766714083	0.0	0.0	0.0	0.0	0.0	0.0	0.0	0.0	0.0	0.0	0.0	0.0413625304136253	0.0	0.0	0.0	0.0	0.0	0.0	0.0	0.0	0.0	0.0	0.0	0.0	0.0	0.0	0.0	0.0	0.0	0.0	0.0	0.0	0.03861003861003861	0.0	0.09950248756218906	0.0	0.02865329512893983	0.013812154696132596	0.0	0.0	0.08547008547008547	0.0	0.0	0.0	0.0	0.0	0.055944055944055944	0.06358381502890173	0.15492957746478872	1.0	0.40484429065743943	0.335243553008596	0.335243553008596	0.0	0.0	0.0	0.0	0.0	0.0	0.5752212389380531	0.2768361581920904	0.0	0.0	0.0	0.0	0.13100436681222707	0.0	0.0	0.15789473684210525	0.0	0.04357298474945534	0.11320754716981132	0.024334600760456272	0.011182649949169773	0.0	0.04310344827586207	0.0	0.12727272727272726	0.0	0.0	0.0	0.0	0.0	0.038882138517618466	0.05309734513274336	0.05190311418685121	0.0	0.0	0.018557570645297342	0.0	0.0	0.0	0.0	0.0	0.020656136087484813	0.0	0.0	0.0	0.0	0.0	0.0	0.0	0.0	0.0	0.0	0.0	0.0	0.030927835051546393	0.0	0.059336823734729496	0.0	0.0	0.0	0.0	0.0	0.0	0.0	0.0	0.04680851063829787	0.0	0.09230769230769231	0.0	0.031315240083507306	0.0	0.05309734513274336	0.0	0.04424778761061947	0.04127579737335835	0.07272727272727272	0.0	0.0	0.0	0.0	0.0	0.0	0.0	0.0	0.0	0.0	0.03475513428120063	0.0	0.0	0.0	0.0	0.0	0.0	0.0	0.0	0.0
0.10686015831134564	0.0	0.0	0.0	0.0	0.0	0.0	0.0	0.0	0.0	0.0	0.04023718763235917	0.055106539309331376	0.01907356948228883	0.055441478439425054	0.0	0.08411214953271028	0.0	0.01405152224824356	0.04149377593360996	0.03357314148681055	0.0	0.0	0.08734939759036145	0.0	0.0	0.0	0.0	0.04395604395604396	0.0	0.0	0.06588235294117648	0.03367003367003367	0.03734439834024896	0.06323185011709602	0.013477088948787063	0.02452316076294278	0.0	0.0997229916897507	0.0	0.09618874773139746	0.0	0.0	0.0	0.0	0.0	0.0	0.0	0.0	0.0	0.0	0.0	0.0	0.0	0.0	0.0	0.0	0.06575342465753424	0.09815950920245399	0.0	0.0	0.0	0.0	0.0	0.01904761904761905	0.06989247311827956	0.0	0.0	0.0	0.0	0.02040816326530612	0.12742382271468145	0.011655011655011656	0.0	0.10757946210268948	0.0	0.0	0.0	0.0	0.049484536082474224	0.0	0.0	0.0	0.0	0.0	0.003535130357931949	0.08196721311475409	0.024489795918367346	0.07792207792207792	0.04318936877076412	0.023255813953488372	0.0	0.0	0.02040816326530612	0.0	0.0	0.02547432665516784	0.055619930475086905	0.0	0.03305785123966942	0.0	0.0	0.0	0.06854838709677419	0.016317016317016316	0.0	0.0	0.05536332179930796	0.0	0.0	0.0	0.0	0.0	0.05811138014527845	0.0	0.0	0.01935483870967742	0.0	0.0	0.0	0.0	0.10144927536231885	0.0	0.05555555555555555	0.0	0.00967741935483871	0.0	0.00967741935483871	0.0	0.0	0.0	0.0	0.0	0.0	0.0	0.0	0.0	0.0	0.0	0.0	0.0	0.0	0.0	0.06820809248554913	0.0	0.0	0.0	0.0	0.0	0.0	0.0	0.0	0.0	0.0	0.0	0.02032520325203252	0.0	0.0	0.0	0.0	0.0	0.0	0.0	0.0	0.0	0.0	0.0	0.0	0.0	0.0	0.0	0.0	0.0	0.0	0.0	0.0	0.08013355592654424	0.0	0.060041407867494824	0.0	0.0069767441860465115	0.0484472049689441	0.0	0.0	0.037037037037037035	0.0	0.14814814814814814	0.022408963585434174	0.0	0.0	0.02452316076294278	0.0351288056206089	0.06301369863013699	0.40484429065743943	1.0	0.4418604651162791	0.4418604651162791	0.0	0.0	0.0	0.0	0.0	0.0	0.1270358306188925	0.35947712418300654	0.0	0.0	0.0	0.0	0.02903225806451613	0.0	0.0	0.07296137339055794	0.0	0.09074074074074075	0.05802047781569966	0.012186865267433988	0.0216793893129771	0.0	0.025688073394495414	0.0	0.046511627906976744	0.0	0.0	0.0	0.0	0.0	0.018274111675126905	0.016286644951140065	0.021621621621621623	0.05627198124267292	0.0	0.005936920222634508	0.0	0.0	0.0	0.0	0.0	0.003045685279187817	0.0	0.0	0.0	0.0	0.0	0.0	0.0	0.0	0.0	0.0	0.06611570247933884	0.0	0.06989247311827956	0.0	0.08103975535168195	0.0	0.0	0.0	0.0	0.0	0.0	0.0	0.0	0.014519056261343012	0.0	0.04985337243401759	0.0	0.04642857142857143	0.0	0.016286644951140065	0.0	0.009771986970684038	0.024429967426710098	0.029900332225913623	0.0	0.0	0.01634877384196185	0.0	0.0	0.0	0.0	0.0	0.0	0.0	0.07282913165266107	0.0	0.0	0.0	0.0	0.0	0.0	0.0	0.027809965237543453	0.04236006051437216
0.17237163814180928	0.0	0.0	0.0	0.0	0.0	0.0	0.0	0.0	0.0	0.0	0.06731156791616284	0.06684672518568535	0.01639344262295082	0.04936014625228519	0.0	0.09836065573770492	0.0	0.02053388090349076	0.03322259136212625	0.029350104821802937	0.0	0.0	0.09668508287292818	0.0	0.0	0.0	0.0	0.0594059405940594	0.0	0.0	0.08247422680412371	0.028011204481792718	0.029900332225913623	0.08008213552361396	0.01160092807424594	0.02107728337236534	0.0	0.11401425178147269	0.0	0.15875613747954173	0.0	0.0	0.0	0.0	0.0	0.0	0.0	0.0	0.0	0.0	0.0	0.0	0.0	0.0	0.0	0.0	0.08470588235294117	0.11247803163444639	0.0	0.0	0.0	0.0	0.0	0.017508417508417508	0.14351851851851852	0.0	0.0	0.0	0.0	0.01639344262295082	0.1377672209026128	0.010224948875255624	0.0	0.11940298507462686	0.0	0.0	0.0	0.0	0.06605504587155964	0.0	0.0	0.0	0.0	0.0	0.0031961646024770275	0.09650924024640657	0.019672131147540985	0.09782608695652174	0.036011080332409975	0.02040816326530612	0.0	0.0	0.01639344262295082	0.0	0.0	0.0359236622177872	0.07324516785350967	0.0	0.037825059101654845	0.0	0.0	0.0	0.12589928057553956	0.014314928425357873	0.0	0.0	0.0729483282674772	0.0	0.0	0.0	0.0	0.0	0.07610993657505286	0.0	0.0	0.023529411764705882	0.0	0.0	0.0	0.0	0.11233885819521179	0.0	0.06845238095238096	0.0	0.008108108108108109	0.0	0.008108108108108109	0.0	0.0	0.0	0.0	0.0	0.0	0.0	0.0	0.0	0.0	0.0	0.0	0.0	0.0	0.0	0.08426395939086294	0.0	0.0	0.0	0.0	0.0	0.0	0.0	0.0	0.0	0.0	0.0	0.018115942028985508	0.0	0.0	0.0	0.0	0.0	0.0	0.0	0.0	0.0	0.0	0.0	0.0	0.0	0.0	0.0	0.0	0.0	0.0	0.0	0.0	0.09104704097116843	0.0	0.06077348066298342	0.0	0.006122448979591836	0.08670520231213873	0.0	0.0	0.04065040650406504	0.0	0.1568627450980392	0.02877697841726619	0.0	0.0	0.02107728337236534	0.030800821355236138	0.05411764705882353	0.335243553008596	0.4418604651162791	1.0	0.4775510204081633	0.0	0.0	0.0	0.0	0.0	0.0	0.10626702997275204	0.34523809523809523	0.0	0.0	0.0	0.0	0.024324324324324326	0.0	0.0	0.05802047781569966	0.0	0.10166666666666667	0.04815864022662889	0.011271133375078271	0.033854907539118066	0.0	0.02975206611570248	0.0	0.038781163434903045	0.0	0.0	0.0	0.0	0.0	0.016289592760180997	0.013623978201634877	0.018604651162790697	0.07399794450154162	0.0	0.00545144804088586	0.0	0.0	0.0	0.0	0.0	0.0027149321266968325	0.0	0.0	0.0	0.0	0.0	0.0	0.0	0.0	0.0	0.0	0.0851063829787234	0.0	0.14351851851851852	0.0	0.09103641456582633	0.0	0.0	0.0	0.0	0.0	0.0	0.0	0.0	0.01309328968903437	0.0	0.04239401496259352	0.0	0.06129032258064516	0.0	0.013623978201634877	0.0	0.008174386920980926	0.02225519287833828	0.024930747922437674	0.0	0.0	0.0234192037470726	0.0	0.0	0.0	0.0	0.0	0.0	0.0	0.082687338501292	0.0	0.0	0.0	0.0	0.0	0.0	0.0	0.0390032502708559	0.05547850208044383
0.17237163814180928	0.0	0.0	0.0	0.0	0.0	0.0	0.0	0.0	0.0	0.0	0.06731156791616284	0.06684672518568535	0.01639344262295082	0.04936014625228519	0.0	0.09836065573770492	0.0	0.02053388090349076	0.03322259136212625	0.029350104821802937	0.0	0.0	0.09668508287292818	0.0	0.0	0.0	0.0	0.0594059405940594	0.0	0.0	0.08247422680412371	0.028011204481792718	0.029900332225913623	0.08008213552361396	0.01160092807424594	0.02107728337236534	0.0	0.11401425178147269	0.0	0.15875613747954173	0.0	0.0	0.0	0.0	0.0	0.0	0.0	0.0	0.0	0.0	0.0	0.0	0.0	0.0	0.0	0.0	0.08470588235294117	0.11247803163444639	0.0	0.0	0.0	0.0	0.0	0.017508417508417508	0.14351851851851852	0.0	0.0	0.0	0.0	0.01639344262295082	0.1377672209026128	0.010224948875255624	0.0	0.11940298507462686	0.0	0.0	0.0	0.0	0.06605504587155964	0.0	0.0	0.0	0.0	0.0	0.0031961646024770275	0.09650924024640657	0.019672131147540985	0.09782608695652174	0.036011080332409975	0.02040816326530612	0.0	0.0	0.01639344262295082	0.0	0.0	0.0359236622177872	0.07324516785350967	0.0	0.037825059101654845	0.0	0.0	0.0	0.12589928057553956	0.014314928425357873	0.0	0.0	0.0729483282674772	0.0	0.0	0.0	0.0	0.0	0.07610993657505286	0.0	0.0	0.023529411764705882	0.0	0.0	0.0	0.0	0.11233885819521179	0.0	0.06845238095238096	0.0	0.008108108108108109	0.0	0.008108108108108109	0.0	0.0	0.0	0.0	0.0	0.0	0.0	0.0	0.0	0.0	0.0	0.0	0.0	0.0	0.0	0.08426395939086294	0.0	0.0	0.0	0.0	0.0	0.0	0.0	0.0	0.0	0.0	0.0	0.018115942028985508	0.0	0.0	0.0	0.0	0.0	0.0	0.0	0.0	0.0	0.0	0.0	0.0	0.0	0.0	0.0	0.0	0.0	0.0	0.0	0.0	0.09104704097116843	0.0	0.06077348066298342	0.0	0.006122448979591836	0.08670520231213873	0.0	0.0	0.04065040650406504	0.0	0.1568627450980392	0.02877697841726619	0.0	0.0	0.02107728337236534	0.030800821355236138	0.05411764705882353	0.335243553008596	0.4418604651162791	0.4775510204081633	1.0	0.0	0.0	0.0	0.0	0.0	0.0	0.10626702997275204	0.34523809523809523	0.0	0.0	0.0	0.0	0.024324324324324326	0.0	0.0	0.05802047781569966	0.0	0.10166666666666667	0.04815864022662889	0.011271133375078271	0.033854907539118066	0.0	0.02975206611570248	0.0	0.038781163434903045	0.0	0.0	0.0	0.0	0.0	0.016289592760180997	0.013623978201634877	0.018604651162790697	0.07399794450154162	0.0	0.00545144804088586	0.0	0.0	0.0	0.0	0.0	0.0027149321266968325	0.0	0.0	0.0	0.0	0.0	0.0	0.0	0.0	0.0	0.0	0.0851063829787234	0.0	0.14351851851851852	0.0	0.09103641456582633	0.0	0.0	0.0	0.0	0.0	0.0	0.0	0.0	0.01309328968903437	0.0	0.04239401496259352	0.0	0.06129032258064516	0.0	0.013623978201634877	0.0	0.008174386920980926	0.02225519287833828	0.024930747922437674	0.0	0.0	0.0234192037470726	0.0	0.0	0.0	0.0	0.0	0.0	0.0	0.082687338501292	0.0	0.0	0.0	0.0	0.0	0.0	0.0	0.0390032502708559	0.05547850208044383
0.0	0.0	0.0	0.0	0.0	0.0	0.0	0.0	0.0	0.0	0.0	0.0	0.0	0.0	0.0	0.0	0.0891089108910891	0.0	0.0	0.0	0.0	0.0	0.0	0.0	0.0	0.0	0.0	0.0	0.0	0.0	0.0	0.0	0.0	0.0	0.0	0.0	0.0	0.0	0.0	0.11864406779661017	0.0	0.012	0.0	0.0	0.0	0.0	0.0	0.0	0.0	0.0	0.0	0.0	0.0	0.0	0.0	0.0	0.0	0.0	0.0	0.0	0.0	0.0	0.0	0.0	0.0	0.0	0.0	0.0	0.0	0.0	0.0	0.0	0.0	0.0	0.0	0.0	0.0	0.0	0.0	0.0	0.0	0.0	0.0	0.0	0.0	0.0	0.0	0.0	0.08196721311475409	0.0	0.0	0.0	0.0	0.0	0.0	0.0	0.0	0.11256117455138662	0.0	0.0	0.0	0.0	0.0	0.0	0.0	0.0	0.0	0.0	0.0	0.0	0.0	0.0	0.0	0.0	0.0	0.0	0.030303030303030304	0.0	0.0	0.0	0.0	0.0	0.02459016393442623	0.0	0.0	0.0	0.14754098360655737	0.0	0.0	0.0	0.0	0.0	0.0	0.0	0.0	0.0	0.0	0.0	0.0	0.0	0.0	0.0	0.0	0.0	0.0	0.20930232558139536	0.06493506493506493	0.05128205128205128	0.0427807486631016	0.09333333333333334	0.15584415584415584	0.09782608695652174	0.15584415584415584	0.06493506493506493	0.05128205128205128	0.0	0.0	0.0	0.0	0.0	0.0	0.0	0.0	0.01948051948051948	0.04918032786885246	0.03389830508474576	0.018	0.020161290322580645	0.020161290322580645	0.018	0.020161290322580645	0.02459016393442623	0.018	0.020161290322580645	0.06976744186046512	0.0	0.0	0.0	0.0	0.0	0.0	0.0	0.0	0.0	0.0	0.07894736842105263	0.0	0.0	0.0	0.05660377358490566	0.0	0.0	0.0	0.0	0.0	0.0	0.0	1.0	0.4666666666666667	0.0	0.0	0.0	0.0	0.0	0.0	0.0	0.0	0.0	0.0	0.0	0.0	0.0	0.0	0.0	0.0	0.0	0.0	0.008648648648648649	0.0	0.0	0.0	0.0	0.0	0.0	0.0	0.0	0.0	0.0	0.0	0.0	0.0	0.0	0.0	0.0	0.3103448275862069	0.0	0.06493506493506493	0.05128205128205128	0.0	0.0	0.0	0.0	0.0	0.0	0.0	0.0	0.0	0.0	0.0	0.0	0.0	0.0	0.0	0.0	0.0	0.0	0.0	0.0	0.0	0.0	0.0	0.11400651465798045	0.0	0.0	0.0	0.0	0.0	0.0	0.0	0.0	0.0	0.0	0.0	0.0	0.0	0.0	0.2	0.0	0.03305785123966942	0.0	0.0	0.0	0.0	0.0	0.0	0.0	0.0	0.0	0.0	0.0	0.0	0.0	0.0
0.0	0.0	0.0	0.0	0.0	0.0	0.0	0.0	0.0	0.0	0.0	0.0	0.0	0.0	0.0	0.0	0.0891089108910891	0.0	0.0	0.0	0.0	0.0	0.0	0.0	0.0	0.0	0.0	0.0	0.0	0.0	0.0	0.0	0.0	0.0	0.0	0.0	0.0	0.0	0.0	0.11864406779661017	0.0	0.012	0.0	0.0	0.0	0.0	0.0	0.0	0.0	0.0	0.0	0.0	0.0	0.0	0.0	0.0	0.0	0.0	0.0	0.0	0.0	0.0	0.0	0.0	0.0	0.0	0.0	0.0	0.0	0.0	0.0	0.0	0.0	0.0	0.0	0.0	0.0	0.0	0.0	0.0	0.0	0.0	0.0	0.0	0.0	0.0	0.0	0.0	0.08196721311475409	0.0	0.0	0.0	0.0	0.0	0.0	0.0	0.0	0.11256117455138662	0.0	0.0	0.0	0.0	0.0	0.0	0.0	0.0	0.0	0.0	0.0	0.0	0.0	0.0	0.0	0.0	0.0	0.0	0.030303030303030304	0.0	0.0	0.0	0.0	0.0	0.02459016393442623	0.0	0.0	0.0	0.14754098360655737	0.0	0.0	0.0	0.0	0.0	0.0	0.0	0.0	0.0	0.0	0.0	0.0	0.0	0.0	0.0	0.0	0.0	0.0	0.20930232558139536	0.06493506493506493	0.05128205128205128	0.0427807486631016	0.09333333333333334	0.3116883116883117	0.09782608695652174	0.15584415584415584	0.06493506493506493	0.05128205128205128	0.0	0.0	0.0	0.0	0.0	0.0	0.0	0.0	0.01948051948051948	0.04918032786885246	0.03389830508474576	0.018	0.020161290322580645	0.020161290322580645	0.018	0.020161290322580645	0.02459016393442623	0.018	0.020161290322580645	0.06976744186046512	0.0	0.0	0.0	0.0	0.0	0.0	0.0	0.0	0.0	0.0	0.07894736842105263	0.0	0.0	0.0	0.05660377358490566	0.0	0.0	0.0	0.0	0.0	0.0	0.0	0.4666666666666667	1.0	0.0	0.0	0.0	0.0	0.0	0.0	0.0	0.0	0.0	0.0	0.0	0.0	0.0	0.0	0.0	0.0	0.0	0.0	0.008648648648648649	0.0	0.0	0.0	0.0	0.0	0.0	0.0	0.0	0.0	0.0	0.0	0.0	0.0	0.0	0.0	0.0	0.3103448275862069	0.0	0.06493506493506493	0.05128205128205128	0.0	0.0	0.0	0.0	0.0	0.0	0.0	0.0	0.0	0.0	0.0	0.0	0.0	0.0	0.0	0.0	0.0	0.0	0.0	0.0	0.0	0.0	0.0	0.11400651465798045	0.0	0.0	0.0	0.0	0.0	0.0	0.0	0.0	0.0	0.0	0.0	0.0	0.0	0.0	0.2	0.0	0.03305785123966942	0.0	0.0	0.0	0.0	0.0	0.0	0.0	0.0	0.0	0.0	0.0	0.0	0.0	0.0
0.0587515299877601	0.0	0.049723756906077346	0.0	0.0	0.0	0.0	0.0	0.0	0.0	0.0	0.0	0.0	0.0	0.0	0.0	0.0	0.21348314606741572	0.09053497942386832	0.0	0.0	0.0	0.0	0.03872752420470263	0.0718954248366013	0.14285714285714285	0.0	0.0	0.04628099173553719	0.0	0.0	0.0	0.0	0.0	0.0	0.0	0.0	0.0	0.09523809523809523	0.0	0.0	0.0	0.03260869565217391	0.0	0.0	0.0	0.0	0.0	0.0	0.0	0.0	0.0	0.0	0.0	0.0	0.13333333333333333	0.13333333333333333	0.09433962264150944	0.05343511450381679	0.14492753623188406	0.0	0.0	0.0	0.0	0.01820633850303439	0.0	0.0	0.0	0.0	0.20930232558139536	0.0	0.0	0.0	0.0	0.0	0.0	0.12568306010928962	0.0	0.0	0.0	0.0	0.0	0.0	0.07692307692307693	0.0	0.0	0.0	0.0	0.0	0.0	0.0	0.0	0.0	0.0	0.0	0.0	0.0	0.0	0.0	0.05687203791469194	0.09210526315789473	0.0	0.12	0.0	0.0	0.0	0.0	0.0	0.0	0.0	0.0	0.03885480572597137	0.0	0.0	0.2191780821917808	0.13333333333333333	0.035346097201767304	0.0	0.0	0.0	0.0	0.0	0.0	0.0	0.0	0.013550135501355014	0.0	0.013550135501355014	0.0	0.0	0.13333333333333333	0.07777777777777778	0.0	0.0	0.0	0.12	0.0	0.0	0.25333333333333335	0.04918032786885246	0.0	0.0	0.0	0.0	0.0	0.0	0.0	0.0	0.03225806451612903	0.0	0.036585365853658534	0.0	0.036585365853658534	0.0	0.0	0.0	0.0	0.03680981595092025	0.0	0.0	0.0	0.0	0.0	0.0	0.0	0.0	0.0	0.0	0.0	0.0	0.0	0.0	0.0	0.0	0.0	0.0	0.0486322188449848	0.0	0.0	0.0	0.0	0.0	0.0	0.0	0.0	0.0	0.0	0.0	0.0	0.046052631578947366	0.0	0.0	0.0	0.0	0.0	0.0	0.0	0.0	0.0	1.0	0.47191011235955055	0.14606741573033707	0.0	0.0	0.0	0.0	0.0	0.06666666666666667	0.0	0.013550135501355014	0.0	0.0	0.0	0.0	0.0	0.06818181818181818	0.0	0.0	0.0	0.052980132450331126	0.016304347826086956	0.0	0.0	0.0	0.0	0.0	0.0	0.0	0.01639344262295082	0.0	0.0	0.0	0.0	0.0	0.0	0.0	0.0	0.0	0.0	0.0	0.0	0.0	0.0	0.0	0.0	0.04918032786885246	0.04065040650406504	0.03640040444893832	0.17777777777777778	0.0	0.0	0.0	0.0	0.0070126227208976155	0.0	0.0	0.0	0.0	0.0	0.0	0.05084745762711865	0.0	0.0	0.0	0.02	0.0	0.0	0.0	0.01639344262295082	0.0	0.07650273224043716	0.007429420505200594	0.0	0.10697674418604651	0.0	0.07511737089201878	0.0	0.09210526315789473	0.0	0.0	0.0	0.0	0.0	0.0	0.0	0.0	0.0	0.0	0.0	0.04	0.0	0.0	0.0
0.09343065693430656	0.0	0.0	0.0	0.0	0.0	0.0	0.0	0.0	0.0	0.0	0.0	0.0	0.0	0.0	0.0	0.0	0.25	0.1694915254237288	0.0	0.0	0.0	0.0	0.07445008460236886	0.21839080459770116	0.1896551724137931	0.0	0.0	0.09302325581395349	0.0	0.0	0.0	0.0	0.0	0.0	0.0	0.0	0.0	0.19444444444444445	0.0	0.0	0.0	0.0	0.0	0.0	0.0	0.0	0.0	0.0	0.0	0.0	0.0	0.0	0.0	0.0	0.24561403508771928	0.3333333333333333	0.1917808219178082	0.13191489361702127	0.3333333333333333	0.0	0.0	0.0	0.0	0.0	0.0	0.0	0.0	0.0	0.4899328859060403	0.0	0.0	0.0	0.0	0.0	0.0	0.18803418803418803	0.0	0.0	0.0	0.0	0.0	0.0	0.1896551724137931	0.0	0.0	0.0	0.0	0.0	0.0	0.0	0.0	0.0	0.0	0.0	0.0	0.0	0.0	0.0	0.0	0.2558139534883721	0.0	0.0	0.0	0.0	0.0	0.0	0.0	0.0	0.0	0.0	0.09803921568627451	0.0	0.0	0.5	0.3333333333333333	0.07312614259597806	0.0	0.0	0.0	0.0	0.0	0.0	0.0	0.0	0.0	0.0	0.0	0.0	0.0	0.3333333333333333	0.19298245614035087	0.0	0.0	0.0	0.0	0.0	0.0	0.0	0.0	0.0	0.0	0.0	0.0	0.0	0.0	0.0	0.0	0.0	0.0	0.0	0.0	0.0	0.0	0.0	0.0	0.0	0.0	0.0	0.0	0.0	0.0	0.0	0.0	0.0	0.0	0.0	0.0	0.0	0.0	0.0	0.0	0.0	0.0	0.0	0.0	0.09125475285171103	0.0	0.0	0.0	0.0	0.0	0.0	0.0	0.0	0.0	0.0	0.0	0.0	0.09243697478991597	0.0	0.0	0.0	0.0	0.0	0.0	0.0	0.0	0.0	0.47191011235955055	1.0	0.25	0.0	0.0	0.0	0.0	0.0	0.0	0.0	0.0	0.0	0.0	0.0	0.0	0.0	0.0	0.0	0.0	0.0	0.1016949152542373	0.0	0.0	0.0	0.0	0.0	0.0	0.0	0.0	0.0	0.0	0.0	0.0	0.0	0.0	0.0	0.0	0.0	0.0	0.0	0.0	0.0	0.0	0.0	0.0	0.0	0.0	0.0	0.0	0.24561403508771928	0.0	0.0	0.0	0.0	0.0	0.0	0.0	0.0	0.0	0.0	0.0	0.0	0.0	0.0	0.0	0.0	0.0	0.0	0.0	0.0	0.0	0.18803418803418803	0.0	0.0	0.1476510067114094	0.0	0.16326530612244897	0.0	0.2558139534883721	0.0	0.0	0.0	0.0	0.0	0.0	0.0	0.0	0.0	0.0	0.0	0.0	0.0	0.0	0.0
0.08175182481751825	0.0	0.043478260869565216	0.0	0.0	0.0	0.0	0.0	0.0	0.0	0.0	0.0	0.0	0.0	0.0	0.0	0.0	0.2857142857142857	0.14689265536723164	0.0	0.0	0.0	0.0	0.02030456852791878	0.05747126436781609	0.20689655172413793	0.0	0.0	0.02536997885835095	0.0	0.0	0.0	0.0	0.0	0.0	0.0	0.0	0.0	0.16666666666666666	0.0	0.0	0.0	0.023809523809523808	0.0	0.0	0.0	0.0	0.0	0.0	0.0	0.0	0.0	0.0	0.0	0.0	0.2631578947368421	0.2857142857142857	0.1643835616438356	0.1046808510638298	0.2777777777777778	0.0	0.0	0.0	0.0	0.01394585726004922	0.0	0.0	0.0	0.0	0.11409395973154363	0.0	0.0	0.0	0.0	0.0	0.0	0.19658119658119658	0.0	0.0	0.0	0.0	0.0	0.0	0.15517241379310345	0.0	0.0	0.0	0.0	0.0	0.0	0.0	0.0	0.0	0.0	0.0	0.0	0.0	0.0	0.0	0.041379310344827586	0.06976744186046512	0.0	0.09523809523809523	0.0	0.0	0.0	0.0	0.0	0.0	0.0	0.0	0.025210084033613446	0.0	0.0	0.45	0.2857142857142857	0.021937842778793418	0.0	0.0	0.0	0.0	0.0	0.0	0.0	0.0	0.11392405063291139	0.0	0.11392405063291139	0.0	0.0	0.09523809523809523	0.05263157894736842	0.0	0.0	0.0	0.09523809523809523	0.0	0.0	0.09523809523809523	0.042735042735042736	0.0	0.0	0.0	0.0	0.0	0.0	0.0	0.0	0.023474178403755867	0.0	0.027777777777777776	0.0	0.027777777777777776	0.0	0.0	0.0	0.0	0.028011204481792718	0.0	0.0	0.0	0.0	0.0	0.0	0.0	0.0	0.0	0.0	0.0	0.0	0.0	0.0	0.0	0.0	0.0	0.0	0.07604562737642585	0.0	0.0	0.0	0.0	0.0	0.0	0.0	0.0	0.0	0.0	0.0	0.0	0.025210084033613446	0.0	0.0	0.0	0.0	0.0	0.0	0.0	0.0	0.0	0.14606741573033707	0.25	1.0	0.0	0.0	0.0	0.0	0.0	0.05263157894736842	0.0	0.11392405063291139	0.0	0.0	0.0	0.0	0.0	0.05454545454545454	0.0	0.0	0.0	0.0847457627118644	0.1271186440677966	0.0	0.0	0.0	0.0	0.0	0.0	0.0	0.1282051282051282	0.0	0.0	0.0	0.0	0.0	0.0	0.0	0.0	0.0	0.0	0.0	0.0	0.0	0.0	0.0	0.0	0.042735042735042736	0.0379746835443038	0.027586206896551724	0.12280701754385964	0.0	0.0	0.0	0.0	0.04647160068846816	0.0	0.0	0.0	0.0	0.0	0.0	0.04504504504504504	0.0	0.0	0.0	0.13432835820895522	0.0	0.0	0.0	0.1282051282051282	0.0	0.05128205128205128	0.04990757855822551	0.0	0.15436241610738255	0.0	0.1360544217687075	0.0	0.06976744186046512	0.0	0.0	0.0	0.0	0.0	0.0	0.0	0.0	0.0	0.0	0.0	0.09523809523809523	0.0	0.0	0.0
0.0	0.0	0.0	0.0	0.0	0.0	0.0	0.0	0.0	0.0	0.0	0.0	0.0	0.0	0.0	0.0	0.0	0.0	0.0	0.0	0.0	0.0	0.0	0.0	0.0	0.0	0.0	0.0	0.02158273381294964	0.0	0.0	0.0	0.0	0.0	0.0	0.0	0.0	0.0	0.0	0.0	0.0	0.0	0.0	0.0	0.0	0.0	0.0	0.0	0.0	0.0	0.0	0.0	0.0	0.0	0.0	0.0	0.0	0.0	0.0	0.0	0.0	0.0	0.0	0.0	0.0	0.0	0.0	0.0	0.0	0.0	0.0	0.0	0.0	0.0	0.0	0.0	0.0	0.0	0.0	0.0	0.0	0.0	0.0	0.0	0.0	0.0	0.0	0.0	0.0	0.0	0.0	0.0	0.0	0.0	0.0	0.0	0.0	0.0	0.0	0.0	0.0	0.0	0.0	0.0	0.0	0.0	0.0	0.0	0.0	0.0	0.0	0.0	0.0	0.0	0.0	0.0	0.0	0.0	0.0	0.0	0.0	0.0	0.0	0.0	0.0	0.0	0.0	0.0	0.0	0.0	0.0	0.0	0.0	0.0	0.0	0.0	0.0	0.0	0.0	0.0	0.14285714285714285	0.0	0.0	0.0	0.0	0.0	0.0	0.0	0.0	0.0	0.0	0.0	0.0	0.0	0.0	0.0	0.0	0.0	0.0	0.0	0.0	0.0	0.0	0.0	0.0	0.0	0.0	0.0	0.0	0.0	0.0	0.0	0.0	0.0	0.0	0.0	0.0	0.0	0.0	0.0	0.0	0.0	0.0	0.0	0.0	0.0	0.0	0.0	0.0	0.0	0.0	0.0	0.0	0.0	0.0	0.0	0.0	0.0	0.0	0.0	0.0	0.0	1.0	0.0	0.0	0.0	0.0	0.0	0.0	0.0	0.0	0.0	0.0	0.0	0.0	0.0	0.0	0.0	0.0	0.0	0.0	0.0	0.0	0.0	0.0	0.0	0.0	0.0	0.0	0.0	0.0	0.0	0.0	0.0	0.0	0.0	0.0	0.0	0.0	0.0	0.0	0.0	0.14285714285714285	0.0	0.0	0.0	0.0	0.0	0.0	0.07692307692307693	0.04979253112033195	0.0	0.0	0.0	0.0	0.0	0.0	0.0	0.0	0.0	0.0	0.0	0.02843601895734597	0.0	0.0	0.0	0.0	0.0	0.0	0.0	0.0	0.024742268041237112	0.0	0.0	0.0	0.0	0.0	0.0	0.0	0.0	0.0	0.0	0.0	0.0	0.0	0.0	0.0	0.0	0.03747072599531616	0.0	0.0	0.0	0.0
0.025899280575539568	0.0	0.0	0.0	0.0	0.0	0.0	0.0	0.0	0.0	0.0	0.008501118568232663	0.01862348178137652	0.02631578947368421	0.07075471698113207	0.0	0.0	0.0	0.0	0.06741573033707865	0.04519774011299435	0.0	0.0	0.018302828618968387	0.0	0.0	0.0	0.0	0.0	0.0	0.0	0.0	0.05128205128205128	0.056179775280898875	0.01098901098901099	0.01948051948051948	0.03289473684210526	0.0	0.0	0.0	0.040983606557377046	0.0	0.0	0.0	0.0	0.0	0.0	0.0	0.0	0.0	0.0	0.0	0.0	0.0	0.0	0.0	0.0	0.0	0.0	0.0	0.0	0.0	0.0	0.0	0.022598870056497175	0.009708737864077669	0.0	0.0	0.0	0.0	0.03296703296703297	0.026845637583892617	0.01639344262295082	0.0	0.0	0.0	0.0	0.0	0.0	0.0	0.0	0.0	0.0	0.0	0.0	0.005967180507210343	0.01098901098901099	0.04395604395604396	0.0	0.058823529411764705	0.02997275204359673	0.0	0.0	0.03296703296703297	0.0	0.0	0.005687473339968719	0.0	0.0	0.0	0.0	0.0	0.0	0.006928406466512702	0.02185792349726776	0.0	0.0	0.0	0.0	0.0	0.0	0.0	0.0	0.0	0.0	0.0	0.012567324955116697	0.0	0.0	0.0	0.0	0.05714285714285714	0.0	0.020036429872495445	0.0	0.016194331983805668	0.0	0.016194331983805668	0.0	0.0	0.0	0.0	0.0	0.0	0.0	0.0	0.0	0.0	0.0	0.0	0.0	0.0	0.0	0.017591339648173207	0.0	0.0	0.0	0.0	0.0	0.0	0.0	0.0	0.0	0.0	0.0	0.02564102564102564	0.0	0.0	0.0	0.0	0.0	0.0	0.0	0.0	0.0	0.0	0.0	0.0	0.0	0.0	0.0	0.0	0.0	0.0	0.0	0.0	0.014925373134328358	0.0	0.05238095238095238	0.0	0.010899182561307902	0.005390835579514825	0.0	0.0	0.032520325203252036	0.0	0.0	0.0	0.0	0.0	0.03289473684210526	0.04395604395604396	0.08609271523178808	0.5752212389380531	0.1270358306188925	0.10626702997275204	0.10626702997275204	0.0	0.0	0.0	0.0	0.0	0.0	1.0	0.12568306010928962	0.0	0.0	0.0	0.0	0.048582995951417005	0.0	0.0	0.10588235294117647	0.0	0.029350104821802937	0.0782608695652174	0.014803849000740192	0.0029771749917300696	0.0	0.016597510373443983	0.0	0.06722689075630252	0.0	0.0	0.0	0.0	0.0	0.023282887077997673	0.02459016393442623	0.029315960912052116	0.0	0.0	0.008186655751125664	0.0	0.0	0.0	0.0	0.0	0.005820721769499418	0.0	0.0	0.0	0.0	0.0	0.0	0.0	0.0	0.0	0.0	0.0	0.0	0.009708737864077669	0.0	0.02707275803722504	0.0	0.0	0.0	0.0	0.0	0.0	0.0	0.0	0.020491803278688523	0.0	0.06474820143884892	0.0	0.018108651911468814	0.0	0.02459016393442623	0.0	0.01639344262295082	0.029038112522686024	0.04201680672268908	0.0	0.0	0.0	0.0	0.0	0.0	0.0	0.0	0.0	0.0	0.02457757296466974	0.0	0.0	0.0	0.0	0.0	0.0	0.0	0.0	0.0
0.097	0.0	0.0	0.0	0.0	0.0	0.0	0.0	0.0	0.0	0.0	0.06291739894551845	0.14688346883468834	0.047619047619047616	0.08367626886145405	0.0	0.07164179104477612	0.0	0.014947683109118086	0.028985507246376812	0.027314112291350532	0.0	0.0	0.08388520971302428	0.0	0.0	0.0	0.0	0.04568527918781726	0.0	0.0	0.05997001499250375	0.025974025974025976	0.031055900621118012	0.06726457399103139	0.01794453507340946	0.024630541871921183	0.0	0.07960199004975124	0.0	0.2005044136191677	0.0	0.0	0.0	0.0	0.0	0.0	0.0	0.0	0.0	0.0	0.0	0.0	0.0	0.0	0.0	0.0	0.05930807248764415	0.07885010266940452	0.0	0.0	0.0	0.0	0.0	0.046511627906976744	0.11074918566775244	0.0	0.0	0.0	0.0	0.055441478439425054	0.10281923714759536	0.01639344262295082	0.0	0.08602150537634409	0.0	0.0	0.0	0.0	0.04951856946354883	0.0	0.0	0.0	0.0	0.0	0.009904054472299598	0.07922272047832586	0.02053388090349076	0.06545454545454546	0.034990791896869246	0.023809523809523808	0.0	0.0	0.022587268993839837	0.0	0.0	0.0337802174601499	0.053452115812917596	0.0	0.026446280991735537	0.0	0.0	0.0	0.10298102981029811	0.043219076005961254	0.0	0.0	0.053293856402664694	0.0	0.0	0.0	0.0	0.0	0.0549618320610687	0.0	0.0	0.025522041763341066	0.0	0.0	0.0	0.0	0.2082758620689655	0.0	0.15456674473067916	0.0	0.016304347826086956	0.0	0.016304347826086956	0.0	0.0	0.0	0.0	0.0	0.0	0.0	0.0	0.0	0.0	0.0	0.0	0.0	0.0	0.0	0.18902891030392885	0.0	0.0	0.0	0.0	0.0	0.0	0.0	0.0	0.0	0.0	0.0	0.043596730245231606	0.0	0.0	0.0	0.0	0.0	0.0	0.0	0.0	0.0	0.0	0.0	0.0	0.0	0.0	0.0	0.0	0.0	0.0	0.0	0.0	0.07609988109393578	0.0	0.05931034482758621	0.0	0.013392857142857142	0.07736389684813753	0.0	0.0	0.04451038575667656	0.0	0.1038961038961039	0.02003338898163606	0.0	0.0	0.024630541871921183	0.05530642750373692	0.08072487644151564	0.2768361581920904	0.35947712418300654	0.34523809523809523	0.34523809523809523	0.0	0.0	0.0	0.0	0.0	0.0	0.12568306010928962	1.0	0.0	0.0	0.0	0.0	0.034420289855072464	0.0	0.0	0.13263157894736843	0.0	0.18797953964194372	0.04299065420560748	0.015298317185109638	0.033702568937072824	0.0	0.02795425667090216	0.0	0.03314917127071823	0.0	0.0	0.0	0.0	0.0	0.02042205582028591	0.020036429872495445	0.049019607843137254	0.05385190725504862	0.0	0.01092001092001092	0.0	0.0	0.0	0.0	0.0	0.010211027910142955	0.0	0.0	0.0	0.0	0.0	0.0	0.0	0.0	0.0	0.0	0.05950413223140496	0.0	0.11074918566775244	0.0	0.08370535714285714	0.0	0.0	0.0	0.0	0.0	0.0	0.0	0.0	0.015132408575031526	0.0	0.03945111492281304	0.0	0.12967581047381546	0.0	0.020036429872495445	0.0	0.01639344262295082	0.04322429906542056	0.0718232044198895	0.0	0.0	0.016420361247947456	0.0	0.0	0.0	0.0	0.0	0.0	0.0	0.15690376569037656	0.0	0.0	0.0	0.0	0.0	0.0	0.0	0.03257918552036199	0.044296788482835
0.0	0.0	0.0	0.0	0.0	0.12160804020100502	0.0881567230632235	0.09127382146439318	0.09127382146439318	0.014022140221402213	0.06622073578595318	0.0	0.0	0.0	0.0	0.005206738131699847	0.0	0.0	0.0	0.0	0.0	0.0	0.03916866506794564	0.0	0.0	0.0	0.0	0.019038984587488667	0.015065913370998116	0.014022140221402213	0.0	0.0	0.0	0.0	0.0	0.0	0.015384615384615385	0.04986400725294651	0.0	0.0	0.0	0.012658227848101266	0.0	0.18264379414732593	0.09127382146439318	0.13315460232350312	0.0847953216374269	0.07714915503306392	0.10737179487179487	0.05481283422459893	0.006808169803764518	0.07225046829007226	0.06697459584295612	0.049475262368815595	0.13315460232350312	0.0	0.0	0.0	0.0	0.0	0.0	0.09127382146439318	0.03733602421796166	0.08119970738844184	0.0	0.0	0.0	0.006657789613848202	0.008039579468150896	0.0	0.0	0.0	0.0	0.0	0.0	0.0	0.0	0.0	0.0	0.0	0.0	0.0	0.0	0.0	0.0	0.03215926493108729	0.0	0.0	0.0	0.0	0.0	0.008660892738174551	0.0	0.0	0.05355932203389831	0.0830945558739255	0.0	0.0	0.0	0.0	0.0	0.027653880463871544	0.0	0.0	0.0	0.014022140221402213	0.020242914979757085	0.0	0.03112529928172386	0.05533279871692061	0.0	0.0	0.020872357506020872	0.039939713639788994	0.0	0.0	0.010913268236645606	0.0	0.0	0.0	0.03733602421796166	0.0	0.02986279257465698	0.0	0.0	0.0	0.0	0.0	0.0	0.0	0.0	0.0	0.0	0.0	0.0	0.0	0.0351634793337446	0.014022140221402213	0.0	0.0	0.0	0.0	0.010242587601078167	0.0	0.11295911295911296	0.05570776255707763	0.018288222384784197	0.013818181818181818	0.012675116744496331	0.027387120651369355	0.018288222384784197	0.022341376228775692	0.018288222384784197	0.018288222384784197	0.013818181818181818	0.0	0.02226179875333927	0.0	0.0	0.0	0.02551440329218107	0.015586546349466776	0.0	0.027066569129480616	0.0	0.04987735077677841	0.015187849720223821	0.020048115477145148	0.020048115477145148	0.015187849720223821	0.020048115477145148	0.02986279257465698	0.015187849720223821	0.020048115477145148	0.0	0.0	0.0	0.04230533415082771	0.0	0.05057316250842886	0.050698016164584865	0.0	0.07596067917783736	0.0	0.0	0.0	0.0	0.03292181069958848	0.08250226654578423	0.023139462163852407	0.0	0.0	0.0	0.0	0.0	0.0	0.0	0.0	0.0	0.0	0.0	0.0	0.0	0.0	0.0	1.0	0.07379679144385026	0.0	0.0	0.0	0.024819855884707767	0.03112529928172386	0.0	0.03306523681858802	0.022137887413029727	0.0	0.057633973710819006	0.0	0.0	0.0	0.0	0.0	0.027653880463871544	0.018002322880371662	0.03800967519004837	0.0	0.05728643216080402	0.0	0.0	0.0	0.0155096011816839	0.016888888888888887	0.017581823099810656	0.0	0.0	0.0	0.018288222384784197	0.013818181818181818	0.0477792732166891	0.01095100864553314	0.0074243289548829245	0.0	0.0	0.0	0.0	0.0	0.0	0.0	0.0	0.0	0.0481717933836332	0.0	0.02226179875333927	0.0	0.019572953736654804	0.03954802259887006	0.03306523681858802	0.0	0.0	0.0	0.0	0.0	0.007485963817841547	0.0502283105022831	0.0	0.006808169803764518	0.0	0.1369740376007162	0.0	0.014022140221402213	0.0	0.0	0.0	0.0	0.023382272974442633	0.0	0.0	0.0	0.04129554655870445	0.08209959623149395	0.12160804020100502	0.06816479400749063	0.02780269058295964	0.027475375842405392	0.010242587601078167	0.010242587601078167	0.007411630558722919	0.012743125419181758	0.027898326100433975	0.0	0.012743125419181758	0.027391109115401886	0.01151947339550192
0.0	0.0	0.0	0.0	0.0	0.3617021276595745	0.21518987341772153	0.3473684210526316	0.3473684210526316	0.12408759124087591	0.09883720930232558	0.0	0.0	0.0	0.0	0.07813446396123562	0.0	0.0	0.0	0.0	0.0	0.0	0.15315315315315314	0.0	0.0	0.0	0.0	0.2702702702702703	0.0	0.12408759124087591	0.0	0.0	0.0	0.0	0.0	0.0	0.1588785046728972	0.2702702702702703	0.0	0.0	0.0	0.09510086455331412	0.0	0.391304347826087	0.3473684210526316	0.23076923076923078	0.13368983957219252	0.1263537906137184	0.16099773242630386	0.09724238026124818	0.14609286523216308	0.06782854451248234	0.08108108108108109	0.05695142378559464	0.23076923076923078	0.0	0.0	0.0	0.0	0.0	0.0	0.3473684210526316	0.391304347826087	0.1392857142857143	0.0	0.0	0.0	0.09352517985611511	0.08148148148148149	0.0	0.0	0.0	0.0	0.0	0.0	0.0	0.0	0.0	0.0	0.0	0.0	0.0	0.0	0.0	0.0	0.08298001211387038	0.0	0.0	0.0	0.0	0.0	0.09510086455331412	0.0	0.0	0.11377245508982035	0.07889125799573561	0.0	0.0	0.0	0.0	0.0	0.2229299363057325	0.0	0.0	0.0	0.12408759124087591	0.1588785046728972	0.0	0.14798206278026907	0.16363636363636364	0.0	0.0	0.06782854451248234	0.2153846153846154	0.0	0.0	0.07066381156316917	0.0	0.0	0.0	0.391304347826087	0.0	0.16666666666666666	0.0	0.0	0.0	0.0	0.0	0.0	0.0	0.0	0.0	0.0	0.0	0.0	0.0	0.085995085995086	0.12408759124087591	0.0	0.0	0.0	0.0	0.0648854961832061	0.0	0.1069182389937107	0.2777777777777778	0.12142857142857143	0.11619718309859155	0.0953757225433526	0.1323529411764706	0.12142857142857143	0.21794871794871795	0.12142857142857143	0.12142857142857143	0.11619718309859155	0.0	0.21518987341772153	0.0	0.0	0.0	0.17647058823529413	0.1650485436893204	0.0	0.12857142857142856	0.0	0.19230769230769232	0.14864864864864866	0.15454545454545454	0.15454545454545454	0.14864864864864866	0.15454545454545454	0.16666666666666666	0.14864864864864866	0.15454545454545454	0.0	0.0	0.0	0.08737864077669903	0.0	0.1242603550295858	0.148014440433213	0.0	0.23076923076923078	0.0	0.0	0.0	0.0	0.0	0.24324324324324326	0.09090909090909091	0.0	0.0	0.0	0.0	0.0	0.0	0.0	0.0	0.0	0.0	0.0	0.0	0.0	0.0	0.0	0.07379679144385026	1.0	0.0	0.0	0.0	0.1583710407239819	0.14798206278026907	0.0	0.23076923076923078	0.10594315245478036	0.0	0.0623398804440649	0.0	0.0	0.0	0.0	0.0	0.2229299363057325	0.07868852459016394	0.125	0.0	0.3617021276595745	0.0	0.0	0.0	0.14625228519195613	0.20754716981132076	0.06961113778204513	0.0	0.0	0.0	0.12142857142857143	0.11619718309859155	0.10603829160530191	0.07327586206896551	0.06991525423728813	0.0	0.0	0.0	0.0	0.0	0.0	0.0	0.0	0.0	0.08296943231441048	0.0	0.21518987341772153	0.0	0.2113564668769716	0.17592592592592593	0.23076923076923078	0.0	0.0	0.0	0.0	0.0	0.0	0.2777777777777778	0.0	0.14609286523216308	0.0	0.23870967741935484	0.0	0.12408759124087591	0.0	0.0	0.0	0.0	0.07364341085271318	0.0	0.0	0.0	0.17757009345794392	0.10751104565537556	0.3617021276595745	0.15151515151515152	0.23376623376623376	0.09982174688057041	0.0648854961832061	0.0648854961832061	0.06969376979936642	0.09941520467836257	0.09181141439205956	0.0	0.09941520467836257	0.06338028169014084	0.07874015748031496
0.0	0.0	0.07692307692307693	0.0	0.0	0.0	0.0	0.0	0.0	0.0	0.0	0.0	0.0	0.0	0.0	0.0	0.0	0.15789473684210525	0.0	0.0	0.034482758620689655	0.0	0.0	0.0	0.0	0.1016949152542373	0.0	0.0	0.0880503144654088	0.0	0.0	0.0	0.0	0.0	0.0	0.0	0.0	0.15517241379310345	0.0	0.0	0.0	0.0	0.11320754716981132	0.0	0.0	0.0	0.0823045267489712	0.0	0.0	0.0	0.0	0.0	0.0	0.0	0.0	0.034482758620689655	0.0	0.0	0.0	0.0	0.0	0.0	0.0	0.0	0.022004889975550123	0.0	0.0	0.0	0.0	0.0	0.0	0.0	0.0	0.0	0.0	0.0	0.07563025210084033	0.0	0.0	0.14423076923076922	0.0	0.0	0.0	0.0	0.0	0.0	0.0	0.0	0.0	0.0	0.0	0.0	0.0	0.0	0.0	0.0	0.0	0.0	0.0	0.08163265306122448	0.0	0.0	0.4883720930232558	0.0	0.0	0.0	0.0	0.0	0.0	0.0	0.0	0.08310249307479224	0.0	0.0	0.0	0.0	0.0	0.0	0.0	0.0	0.0	0.0	0.0	0.0	0.0	0.02074688796680498	0.0	0.02074688796680498	0.0	0.0	0.0	0.0	0.0	0.0	0.0	0.20930232558139536	0.0	0.0	0.20930232558139536	0.226890756302521	0.0	0.0	0.0	0.0	0.0	0.0	0.0	0.0	0.04186046511627907	0.0	0.04945054945054945	0.0	0.04945054945054945	0.0	0.0	0.0	0.0	0.11634349030470914	0.0	0.0	0.0	0.0	0.07017543859649122	0.0	0.0	0.0	0.0	0.0	0.0	0.0	0.0	0.0	0.0	0.0	0.0	0.0	0.03018867924528302	0.0	0.0	0.08530805687203792	0.0	0.04891304347826087	0.0	0.0	0.0	0.0	0.0	0.0	0.0	0.0	0.0	0.0	0.0	0.0	0.0	0.0	0.0	0.0	0.0	0.06666666666666667	0.0	0.05263157894736842	0.0	0.0	0.0	0.0	0.0	1.0	0.0	0.02074688796680498	0.0	0.0	0.0	0.0	0.0	0.10714285714285714	0.0	0.0	0.0	0.03361344537815126	0.025	0.0	0.0	0.0	0.0	0.0	0.0	0.0	0.025210084033613446	0.0	0.07132867132867132	0.0	0.0	0.0	0.0	0.0	0.0	0.0	0.0	0.0	0.0	0.20454545454545456	0.0	0.0	0.0	0.07563025210084033	0.06224066390041494	0.04911323328785812	0.10344827586206896	0.0	0.0	0.0	0.0	0.008547008547008548	0.0	0.0	0.0	0.0	0.24561403508771928	0.24561403508771928	0.07964601769911504	0.0	0.02074688796680498	0.21052631578947367	0.029411764705882353	0.0	0.0	0.0	0.025210084033613446	0.0	0.0	0.009174311926605505	0.0	0.059602649006622516	0.0	0.0	0.0	0.0	0.0	0.0	0.0	0.0	0.12605042016806722	0.0	0.0	0.0	0.0	0.0	0.0	0.06976744186046512	0.0	0.0	0.12162162162162163
0.0	0.08571428571428572	0.0	0.011756061719324026	0.357429718875502	0.0	0.0	0.0	0.0	0.0	0.0	0.0	0.0	0.0	0.0	0.0	0.0	0.0	0.0	0.0	0.0	0.0	0.0	0.0	0.0	0.0	0.0	0.0	0.0	0.0	0.0	0.0	0.0	0.0	0.0	0.0	0.0	0.0	0.0	0.0	0.0	0.0	0.0	0.0	0.0	0.0	0.0	0.0	0.0	0.0	0.0	0.030347349177330896	0.0	0.19733333333333333	0.0	0.0	0.0	0.0	0.0	0.0	0.0	0.0	0.0	0.02771362586605081	0.0	0.0	0.0	0.0	0.0	0.0	0.0	0.0	0.0	0.0	0.0	0.1646586345381526	0.0	0.0	0.0	0.0	0.357429718875502	0.0	0.0	0.0	0.413953488372093	0.0	0.0	0.0	0.0	0.0	0.0	0.046	0.10097719869706841	0.0	0.0	0.0	0.11808411834947592	0.0	0.0	0.04132231404958678	0.0	0.0	0.0	0.0	0.0	0.0	0.0	0.3079584775086505	0.0	0.0	0.0	0.0	0.030347349177330896	0.0	0.0	0.0	0.0	0.0	0.0	0.0	0.0	0.0	0.0	0.0	0.4810810810810811	0.0	0.0	0.0	0.0	0.0	0.0	0.0	0.0	0.0	0.06224066390041494	0.0	0.0	0.0	0.0	0.0	0.0	0.7355371900826446	0.30576070901033975	0.0	0.0	0.0	0.0	0.0	0.0	0.0	0.0	0.0	0.0	0.0	0.0	0.0	0.0	0.0	0.0	0.0	0.0	0.0	0.0	0.0	0.0	0.0	0.0	0.0	0.0	0.0	0.0	0.0	0.0	0.0	0.0	0.0	0.0	0.0	0.0	0.0	0.0	0.0	0.0	0.0	0.0	0.0	0.0	0.0	0.0	0.0	0.0	0.0	0.0	0.0	0.0	0.0	0.0	0.0	0.0	0.0	0.0	0.0	0.0	0.0	0.0	0.0	0.0	0.0	1.0	0.0	0.0	0.0	0.0	0.0	0.0	0.0	0.0	0.0	0.0	0.0	0.0	0.0	0.0	0.04668304668304668	0.0	0.0	0.0	0.0	0.0	0.0	0.0	0.0	0.0	0.06072874493927125	0.0	0.06072874493927125	0.0	0.0	0.0	0.059967585089141004	0.0384	0.0	0.0	0.0	0.0	0.0	0.0	0.3065442020665901	0.0	0.0	0.0	0.0	0.0	0.0	0.0	0.0	0.0	0.0	0.0	0.0	0.0	0.0	0.0	0.0	0.0	0.0	0.0	0.0	0.0	0.0	0.0	0.0	0.0	0.0	0.043348281016442454	0.0	0.0	0.0	0.0	0.0	0.0	0.0	0.0	0.0	0.16395864106351551	0.16395864106351551	0.04389465283320032	0.06666666666666667	0.0	0.0	0.06666666666666667	0.17149478563151796	0.0
0.0	0.0	0.012345679012345678	0.0	0.0	0.0	0.0	0.0	0.0	0.0	0.0	0.008478357875948238	0.018533440773569703	0.026058631921824105	0.0702576112412178	0.0	0.0	0.0379746835443038	0.0	0.0	0.0	0.0	0.0	0.018211920529801324	0.0	0.02040816326530612	0.0	0.0	0.0	0.0	0.0	0.0	0.0	0.055248618784530384	0.010899182561307902	0.01929260450160772	0.03257328990228013	0.0	0.0	0.0	0.04073319755600815	0.0	0.006928406466512702	0.0	0.0	0.0	0.0	0.0	0.0	0.0	0.0	0.0	0.0	0.0	0.0	0.02074688796680498	0.0	0.0	0.0	0.0	0.0	0.0	0.0	0.0	0.024899598393574297	0.009615384615384616	0.0	0.0	0.0	0.0	0.032432432432432434	0.0	0.016260162601626018	0.0	0.0	0.0	0.012145748987854251	0.0	0.0	0.0	0.0	0.0	0.0	0.0	0.0	0.005931784478497282	0.010899182561307902	0.0	0.0	0.058091286307053944	0.02972972972972973	0.0	0.0	0.032432432432432434	0.0	0.0	0.0	0.0	0.0	0.0165016501650165	0.0	0.0	0.049723756906077346	0.006880733944954129	0.02168021680216802	0.0	0.0	0.0	0.0	0.0	0.0	0.0	0.0	0.0	0.0	0.0	0.0125	0.0	0.0	0.0	0.0	0.09456264775413711	0.0	0.019927536231884056	0.0	0.072	0.0	0.072	0.0	0.0	0.0	0.0	0.0	0.0	0.0	0.049723756906077346	0.0	0.0	0.049723756906077346	0.012145748987854251	0.0	0.0	0.0	0.0174496644295302	0.0	0.0	0.0	0.0	0.00683371298405467	0.0	0.00804289544235925	0.0	0.00804289544235925	0.0	0.0	0.02546296296296296	0.0	0.008108108108108109	0.0	0.0	0.0	0.0	0.0	0.0	0.0	0.0	0.0	0.0	0.0	0.0	0.0	0.0	0.0	0.0	0.0	0.0	0.0	0.0	0.03309692671394799	0.0	0.010810810810810811	0.005369127516778523	0.0	0.0	0.010752688172043012	0.0	0.0	0.0	0.0	0.0	0.03257328990228013	0.043596730245231606	0.08524590163934426	0.13100436681222707	0.02903225806451613	0.024324324324324326	0.024324324324324326	0.0	0.0	0.013550135501355014	0.0	0.11392405063291139	0.0	0.048582995951417005	0.034420289855072464	0.0	0.0	0.02074688796680498	0.0	1.0	0.0	0.0	0.10404624277456648	0.0	0.029166666666666667	0.09871244635193133	0.014738393515106854	0.0029654036243822075	0.0	0.0	0.03614457831325301	0.0	0.0	0.0	0.0	0.0	0.0	0.023121387283236993	0.10931174089068826	0.02903225806451613	0.0	0.0	0.008146639511201629	0.0	0.0	0.0	0.0	0.0	0.005780346820809248	0.0	0.0	0.0	0.0	0.0	0.0	0.012145748987854251	0.008	0.007989347536617843	0.02074688796680498	0.0	0.0	0.009615384615384616	0.0	0.030303030303030304	0.0	0.0	0.0	0.0	0.0	0.0	0.01276595744680851	0.0	0.0	0.0	0.18861209964412812	0.0	0.018	0.0	0.10931174089068826	0.0	0.016194331983805668	0.05415162454873646	0.04149377593360996	0.00964630225080386	0.0	0.0	0.0	0.0	0.0	0.0	0.0	0.0	0.0	0.024464831804281346	0.0	0.0	0.0	0.0	0.0	0.049723756906077346	0.0	0.0	0.0
0.0	0.0	0.0	0.0	0.0	0.05976095617529881	0.04126984126984127	0.047619047619047616	0.047619047619047616	0.01160092807424594	0.02594810379241517	0.0	0.0	0.0	0.0	0.005704256252742431	0.0	0.0	0.0	0.0	0.0	0.0	0.14511873350923482	0.0	0.0	0.0	0.0	0.036065573770491806	0.0	0.01160092807424594	0.0	0.0	0.0	0.0	0.0	0.0	0.013477088948787063	0.036065573770491806	0.0	0.0	0.0	0.023809523809523808	0.0	0.08433734939759036	0.047619047619047616	0.0670926517571885	0.04	0.03225806451612903	0.051655629139072845	0.2023928215353938	0.008603573792190603	0.024718284260268994	0.02824858757062147	0.017241379310344827	0.0670926517571885	0.0	0.0	0.0	0.0	0.0	0.0	0.047619047619047616	0.1646586345381526	0.07780320366132723	0.0	0.0	0.0	0.006937561942517344	0.0071174377224199285	0.0	0.0	0.0	0.0	0.0	0.0	0.0	0.0	0.0	0.0	0.0	0.0	0.0	0.0	0.0	0.0	0.09697235629662132	0.0	0.0	0.0	0.0	0.0	0.007936507936507936	0.0	0.0	0.018329938900203666	0.02875399361022364	0.0	0.0	0.0	0.0	0.0	0.05732484076433121	0.0	0.0	0.0	0.01160092807424594	0.04043126684636118	0.0	0.12105263157894737	0.19363395225464192	0.0	0.0	0.024718284260268994	0.06474820143884892	0.0	0.0	0.019230769230769232	0.0	0.0	0.0	0.08433734939759036	0.0	0.05630026809651475	0.0	0.0	0.0	0.0	0.0	0.0	0.0	0.0	0.0	0.0	0.0	0.0	0.0	0.024822695035460994	0.01160092807424594	0.0	0.0	0.0	0.0	0.007342143906020558	0.0	0.010526315789473684	0.10963455149501661	0.034324942791762014	0.027210884353741496	0.02385685884691849	0.04895104895104895	0.034324942791762014	0.04792332268370607	0.034324942791762014	0.034324942791762014	0.027210884353741496	0.0	0.047619047619047616	0.0	0.0	0.0	0.019390581717451522	0.013774104683195593	0.0	0.04805491990846682	0.0	0.09041095890410959	0.0316622691292876	0.03978779840848806	0.03978779840848806	0.0316622691292876	0.03978779840848806	0.05630026809651475	0.0316622691292876	0.03978779840848806	0.0	0.0	0.0	0.1282952548330404	0.0	0.296969696969697	0.1336405529953917	0.0	0.0670926517571885	0.0	0.0	0.0	0.0	0.0	0.022950819672131147	0.0379746835443038	0.0	0.0	0.0	0.0	0.0	0.0	0.0	0.0	0.0	0.0	0.0	0.0	0.0	0.0	0.0	0.024819855884707767	0.1583710407239819	0.0	0.0	0.0	1.0	0.12105263157894737	0.0	0.6166134185303515	0.08823529411764706	0.0	0.38585858585858585	0.0	0.0	0.0	0.0	0.0	0.05732484076433121	0.011391375101708706	0.023060796645702306	0.0	0.05976095617529881	0.0	0.0	0.0	0.025551684088269456	0.31645569620253167	0.010697159719660641	0.0	0.0	0.0	0.034324942791762014	0.027210884353741496	0.03423967774420947	0.008051529790660225	0.006359300476947536	0.0	0.0	0.0	0.0	0.0	0.0	0.0	0.0	0.0	0.12195121951219512	0.0	0.047619047619047616	0.0	0.042789223454833596	0.07238605898123325	0.0670926517571885	0.0	0.0	0.0	0.0	0.0	0.0	0.036544850498338874	0.0	0.008603573792190603	0.0	0.05128205128205128	0.0	0.01160092807424594	0.0	0.0	0.0	0.0	0.01337295690936107	0.0	0.0	0.0	0.06199460916442048	0.02920443101711984	0.05976095617529881	0.026128266033254157	0.022508038585209004	0.037604456824512536	0.007342143906020558	0.007342143906020558	0.006344171292624901	0.01002004008016032	0.19285714285714287	0.0	0.01002004008016032	0.03460207612456748	0.016541353383458645
0.0	0.0	0.0	0.0	0.0	0.07509881422924901	0.04100946372239748	0.047244094488188976	0.047244094488188976	0.006928406466512702	0.02584493041749503	0.0	0.0	0.0	0.0	0.0021862702229995625	0.0	0.0	0.0	0.0	0.0	0.0	0.18110236220472442	0.0	0.0	0.0	0.0	0.029315960912052116	0.0	0.006928406466512702	0.0	0.0	0.0	0.0	0.0	0.0	0.00804289544235925	0.029315960912052116	0.0	0.0	0.0	0.011857707509881422	0.0	0.13147410358565736	0.047244094488188976	0.10476190476190476	0.04436860068259386	0.03211009174311927	0.077733860342556	0.05858987090367428	0.0032916392363396972	0.030445813700616164	0.031375703942075624	0.017195767195767195	0.10476190476190476	0.0	0.0	0.0	0.0	0.0	0.0	0.047244094488188976	0.12749003984063745	0.07061503416856492	0.0	0.0	0.0	0.0029615004935834156	0.0035460992907801418	0.0	0.0	0.0	0.0	0.0	0.0	0.0	0.0	0.0	0.0	0.0	0.0	0.0	0.0	0.0	0.0	0.12111937035417578	0.0	0.0	0.0	0.0	0.0	0.003952569169960474	0.0	0.0	0.014198782961460446	0.03503184713375796	0.0	0.0	0.0	0.0	0.0	0.0379746835443038	0.0	0.0	0.0	0.006928406466512702	0.024128686327077747	0.0	0.12041884816753927	0.3034300791556728	0.0	0.0	0.01594780717651323	0.059665871121718374	0.0	0.0	0.009584664536741214	0.0	0.0	0.0	0.05976095617529881	0.0	0.04	0.0	0.0	0.0	0.0	0.0	0.0	0.0	0.0	0.0	0.0	0.0	0.0	0.0	0.024734982332155476	0.006928406466512702	0.0	0.0	0.0	0.0	0.004392386530014641	0.0	0.006289308176100629	0.0891089108910891	0.02050113895216401	0.013544018058690745	0.011881188118811881	0.03480278422273782	0.02050113895216401	0.02857142857142857	0.02050113895216401	0.02050113895216401	0.013544018058690745	0.0	0.028391167192429023	0.0	0.0	0.0	0.013774104683195593	0.00821917808219178	0.0	0.03416856492027335	0.0	0.07356948228882834	0.015748031496062992	0.023746701846965697	0.023746701846965697	0.015748031496062992	0.023746701846965697	0.04	0.015748031496062992	0.023746701846965697	0.0	0.0	0.0	0.3274956217162872	0.0	0.11066398390342053	0.10321100917431193	0.0	0.10476190476190476	0.0	0.0	0.0	0.0	0.0	0.016286644951140065	0.02702702702702703	0.0	0.0	0.0	0.0	0.0	0.0	0.0	0.0	0.0	0.0	0.0	0.0	0.0	0.0	0.0	0.03112529928172386	0.14798206278026907	0.0	0.0	0.0	0.12105263157894737	1.0	0.0	0.21904761904761905	0.0347985347985348	0.0	0.0409670920080591	0.0	0.0	0.0	0.0	0.0	0.0379746835443038	0.008110300081103	0.018789144050104383	0.0	0.07509881422924901	0.0	0.0	0.0	0.020809248554913295	0.07547169811320754	0.007723427730783376	0.0	0.0	0.0	0.02050113895216401	0.013544018058690745	0.04212637913741224	0.004815409309791332	0.003169572107765452	0.0	0.0	0.0	0.0	0.0	0.0	0.0	0.0	0.0	0.18962722852512157	0.0	0.028391167192429023	0.0	0.023622047244094488	0.056	0.047619047619047616	0.0	0.0	0.0	0.0	0.0	0.0	0.0297029702970297	0.0	0.0032916392363396972	0.0	0.050955414012738856	0.0	0.006928406466512702	0.0	0.0	0.0	0.0	0.01037037037037037	0.0	0.0	0.0	0.045576407506702415	0.025075225677031094	0.07509881422924901	0.02127659574468085	0.01597444089456869	0.034722222222222224	0.004392386530014641	0.004392386530014641	0.0031620553359683794	0.005988023952095809	0.05693950177935943	0.0	0.005988023952095809	0.02761795166858458	0.013493253373313344
0.0	0.0	0.0	0.0	0.0	0.0	0.0	0.0	0.0	0.0	0.0	0.022520364159080018	0.12051517939282429	0.26956521739130435	0.22857142857142856	0.0	0.0	0.0	0.0	0.0	0.0	0.0	0.0	0.04743833017077799	0.0	0.0	0.0	0.0	0.0	0.0	0.0	0.0	0.0	0.23076923076923078	0.06206896551724138	0.08547008547008547	0.10434782608695652	0.0	0.0	0.0	0.16908212560386474	0.0	0.0	0.0	0.0	0.0	0.0	0.0	0.0	0.0	0.0	0.0	0.0	0.0	0.0	0.0	0.0	0.0	0.0	0.0	0.0	0.0	0.0	0.0	0.13932172318973418	0.07234042553191489	0.0	0.0	0.0	0.0	0.5555555555555556	0.0	0.0684931506849315	0.0	0.0	0.0	0.0	0.0	0.0	0.0	0.0	0.0	0.0	0.0	0.0	0.03965014577259475	0.06206896551724138	0.0	0.0	0.17073170731707318	0.08532423208191127	0.0	0.0	0.18518518518518517	0.0	0.0	0.0	0.0	0.0	0.0	0.0	0.0	0.0	0.04735376044568245	0.21232876712328766	0.0	0.0	0.0	0.0	0.0	0.0	0.0	0.0	0.0	0.0	0.0	0.043478260869565216	0.0	0.0	0.0	0.0	0.2023121387283237	0.0	0.1368421052631579	0.0	0.10404624277456648	0.0	0.10404624277456648	0.0	0.0	0.0	0.0	0.0	0.0	0.0	0.0	0.0	0.0	0.0	0.0	0.0	0.0	0.0	0.20473773265651438	0.0	0.0	0.0	0.0	0.0	0.0	0.0	0.0	0.0	0.0	0.0	0.18309859154929578	0.0	0.0	0.0	0.0	0.0	0.0	0.0	0.0	0.0	0.0	0.0	0.0	0.0	0.0	0.0	0.0	0.0	0.0	0.0	0.0	0.0	0.0	0.08092485549132948	0.0	0.06143344709897611	0.02694610778443114	0.0	0.0	0.061016949152542375	0.0	0.0	0.0	0.0	0.0	0.10434782608695652	0.2413793103448276	0.2982456140350877	0.15789473684210525	0.07296137339055794	0.05802047781569966	0.05802047781569966	0.0	0.0	0.0	0.0	0.0	0.0	0.10588235294117647	0.13263157894736843	0.0	0.0	0.0	0.0	0.10404624277456648	0.0	0.0	1.0	0.0	0.1687344913151365	0.20512820512820512	0.0399002493765586	0.023835716905023837	0.0	0.0	0.0	0.0	0.0	0.0	0.0	0.0	0.0	0.06751054852320675	0.11764705882352941	0.2703862660944206	0.0	0.0	0.035398230088495575	0.0	0.0	0.0	0.0	0.0	0.046413502109704644	0.0	0.0	0.0	0.0	0.0	0.0	0.0	0.0	0.0	0.0	0.0	0.0	0.07234042553191489	0.0	0.03481624758220503	0.0	0.0	0.0	0.0	0.0	0.0	0.0	0.0	0.0	0.0	0.1568627450980392	0.0	0.13947990543735225	0.0	0.11764705882352941	0.0	0.10588235294117647	0.14675052410901468	0.43902439024390244	0.0	0.0	0.0	0.0	0.0	0.0	0.0	0.0	0.0	0.0	0.12131715771230503	0.0	0.0	0.0	0.0	0.0	0.0	0.0	0.0	0.0
0.0	0.0	0.0	0.0	0.0	0.0967741935483871	0.064	0.08021390374331551	0.08021390374331551	0.01639344262295082	0.03669724770642202	0.0	0.0	0.0	0.0	0.008420009905894007	0.0	0.0	0.0	0.0	0.0	0.0	0.2484076433121019	0.0	0.0	0.0	0.0	0.05	0.0	0.01639344262295082	0.0	0.0	0.0	0.0	0.0	0.0	0.0196078431372549	0.05	0.0	0.0	0.0	0.03416856492027335	0.0	0.13043478260869565	0.08021390374331551	0.0967741935483871	0.05503355704697987	0.04607046070460705	0.072	0.35853379152348225	0.013589128697042365	0.03211561621838619	0.0369702434625789	0.023222060957910014	0.0967741935483871	0.0	0.0	0.0	0.0	0.0	0.0	0.08021390374331551	0.2608695652173913	0.11021505376344086	0.0	0.0	0.0	0.010238907849829351	0.01006036217303823	0.0	0.0	0.0	0.0	0.0	0.0	0.0	0.0	0.0	0.0	0.0	0.0	0.0	0.0	0.0	0.0	0.15502724120851907	0.0	0.0	0.0	0.0	0.0	0.011389521640091117	0.0	0.0	0.023474178403755867	0.0374331550802139	0.0	0.0	0.0	0.0	0.0	0.08433734939759036	0.0	0.0	0.0	0.01639344262295082	0.058823529411764705	0.0	0.21904761904761905	0.3076923076923077	0.0	0.0	0.03211561621838619	0.07954545454545454	0.0	0.0	0.026833631484794274	0.0	0.0	0.0	0.13043478260869565	0.0	0.07792207792207792	0.0	0.0	0.0	0.0	0.0	0.0	0.0	0.0	0.0	0.0	0.0	0.0	0.0	0.03406813627254509	0.01639344262295082	0.0	0.0	0.0	0.0	0.00974025974025974	0.0	0.014634146341463415	0.15254237288135594	0.04838709677419355	0.0398936170212766	0.03424657534246575	0.06593406593406594	0.04838709677419355	0.07258064516129033	0.04838709677419355	0.04838709677419355	0.0398936170212766	0.0	0.072	0.0	0.0	0.0	0.02702702702702703	0.020134228187919462	0.0	0.06451612903225806	0.0	0.12	0.04777070063694268	0.057692307692307696	0.057692307692307696	0.04777070063694268	0.057692307692307696	0.07792207792207792	0.04777070063694268	0.057692307692307696	0.0	0.0	0.0	0.19047619047619047	0.0	0.4697674418604651	0.16531165311653118	0.0	0.0967741935483871	0.0	0.0	0.0	0.0	0.0	0.03333333333333333	0.04918032786885246	0.0	0.0	0.0	0.0	0.0	0.0	0.0	0.0	0.0	0.0	0.0	0.0	0.0	0.0	0.0	0.03306523681858802	0.23076923076923078	0.0	0.0	0.0	0.6166134185303515	0.21904761904761905	0.0	1.0	0.07306889352818371	0.0	0.23837638376383763	0.0	0.0	0.0	0.0	0.0	0.08433734939759036	0.014558689717925387	0.02912621359223301	0.0	0.0967741935483871	0.0	0.0	0.0	0.03283173734610123	0.6175298804780877	0.01346389228886169	0.0	0.0	0.0	0.04838709677419355	0.0398936170212766	0.046349942062572425	0.01079136690647482	0.008865248226950355	0.0	0.0	0.0	0.0	0.0	0.0	0.0	0.0	0.0	0.1781818181818182	0.0	0.072	0.0	0.0658682634730539	0.09740259740259741	0.0967741935483871	0.0	0.0	0.0	0.0	0.0	0.0	0.05084745762711865	0.0	0.013589128697042365	0.0	0.07692307692307693	0.0	0.01639344262295082	0.0	0.0	0.0	0.0	0.01644736842105263	0.0	0.0	0.0	0.08496732026143791	0.04055619930475087	0.0967741935483871	0.033707865168539325	0.032520325203252036	0.042879019908116385	0.00974025974025974	0.00974025974025974	0.008841732979664015	0.013824884792626729	0.3292929292929293	0.0	0.013824884792626729	0.04114713216957606	0.02
0.08297413793103449	0.0	0.0	0.0	0.0	0.0407673860911271	0.031185031185031187	0.03349282296650718	0.03349282296650718	0.018425460636515914	0.022488755622188907	0.06997408367271381	0.16519694297472076	0.0633147113594041	0.0791476407914764	0.012572205232755691	0.0802675585284281	0.0	0.01675041876046901	0.0	0.0	0.0	0.04220183486238532	0.1354916067146283	0.0	0.0	0.0	0.036093418259023353	0.05027932960893855	0.018425460636515914	0.0	0.06722689075630252	0.0	0.04866180048661801	0.08375209380234507	0.029574861367837338	0.05772811918063315	0.036093418259023353	0.0903954802259887	0.0	0.21359223300970873	0.020895522388059702	0.0	0.05542168674698795	0.03349282296650718	0.04801670146137787	0.03231151615575808	0.02666666666666667	0.03955841766329347	0.03220973782771536	0.017011494252873564	0.02225475841874085	0.024824952259707194	0.016304347826086956	0.04801670146137787	0.0	0.0	0.06728971962616823	0.08942710759198882	0.0	0.0	0.03349282296650718	0.05542168674698795	0.03980099502487562	0.0563049853372434	0.13468634686346864	0.0	0.014168530947054437	0.013736263736263736	0.0	0.07710843373493977	0.09792843691148775	0.02671118530884808	0.0	0.09671848013816926	0.0	0.0	0.0	0.0	0.0549618320610687	0.0	0.0	0.0	0.0	0.0	0.04926945293917771	0.09715242881072027	0.0	0.07531380753138076	0.050955414012738856	0.035	0.014925373134328358	0.0	0.03855421686746988	0.0228310502283105	0.025252525252525252	0.029672923457345173	0.059850374064837904	0.0	0.0300187617260788	0.0	0.041666666666666664	0.0	0.12162162162162163	0.05676126878130217	0.018425460636515914	0.03165735567970205	0.05965202982601491	0.0347985347985348	0.0570902394106814	0.0	0.0	0.02225475841874085	0.2281303602058319	0.0	0.0	0.05189873417721519	0.0	0.0	0.0	0.05542168674698795	0.22358346094946402	0.04267161410018553	0.17519181585677748	0.0	0.029166666666666667	0.0	0.029166666666666667	0.0	0.0	0.0	0.0	0.0	0.0	0.0	0.0	0.021917808219178082	0.018425460636515914	0.0	0.0	0.0	0.0	0.012987012987012988	0.21991701244813278	0.0171606864274571	0.07494646680942184	0.028192371475953566	0.023064250411861616	0.02092675635276532	0.03865546218487395	0.028192371475953566	0.03549060542797495	0.028192371475953566	0.028192371475953566	0.023064250411861616	0.055891238670694864	0.035343035343035345	0.0	0.0	0.0	0.024667931688804556	0.020793950850661626	0.0	0.03814262023217247	0.0	0.06591337099811675	0.025688073394495414	0.03130755064456722	0.03130755064456722	0.025688073394495414	0.03130755064456722	0.04267161410018553	0.025688073394495414	0.03130755064456722	0.0	0.0	0.07022106631989597	0.04217687074829932	0.05819295558958652	0.06202723146747353	0.11666666666666667	0.0882051282051282	0.04801670146137787	0.0	0.04152823920265781	0.0	0.11991434689507495	0.022770398481973434	0.027600849256900213	0.031988873435326845	0.037243947858473	0.07035175879396985	0.07476635514018691	0.04357298474945534	0.09074074074074075	0.10166666666666667	0.10166666666666667	0.0	0.0	0.0	0.0	0.0	0.0	0.029350104821802937	0.18797953964194372	0.022137887413029727	0.10594315245478036	0.0	0.0	0.029166666666666667	0.08823529411764706	0.0347985347985348	0.1687344913151365	0.07306889352818371	1.0	0.06047516198704104	0.06439185470555861	0.04121365360303413	0.0	0.016783216783216783	0.0	0.0	0.041666666666666664	0.016655989750160152	0.026438569206842923	0.0	0.0407673860911271	0.03018867924528302	0.033542976939203356	0.06481481481481481	0.1961441743503772	0.04149377593360996	0.03348148148148148	0.0	0.0	0.0	0.028192371475953566	0.023064250411861616	0.047547169811320754	0.01397712833545108	0.012578616352201259	0.0	0.0	0.0	0.0	0.0	0.0	0.0	0.0	0.0675422138836773	0.04225352112676056	0.13468634686346864	0.035343035343035345	0.08009708737864078	0.032191069574247146	0.05380333951762523	0.04801670146137787	0.0	0.0	0.0	0.0	0.0	0.0	0.03640256959314775	0.0547945205479452	0.017011494252873564	0.14931506849315068	0.03765690376569038	0.033542976939203356	0.018425460636515914	0.029350104821802937	0.05357142857142857	0.09341825902335456	0.0	0.017878426698450536	0.0186219739292365	0.0	0.0	0.04655493482309125	0.02490566037735849	0.0407673860911271	0.028960817717206135	0.027253668763102725	0.3212669683257919	0.012987012987012988	0.012987012987012988	0.012554927809165096	0.016541353383458645	0.03856749311294766	0.0	0.016541353383458645	0.12778315585672798	0.06859205776173286
0.0	0.0	0.18584070796460178	0.0	0.0	0.0	0.0	0.0	0.0	0.0	0.0	0.021295876755777075	0.04225352112676056	0.07586206896551724	0.07804878048780488	0.0	0.0	0.16363636363636364	0.0	0.0	0.0	0.0	0.0	0.04258943781942078	0.0	0.10526315789473684	0.0	0.0	0.0	0.0	0.0	0.0	0.0	0.14634146341463414	0.05142857142857143	0.06802721088435375	0.08275862068965517	0.0	0.0	0.0	0.05485232067510549	0.0	0.04326923076923077	0.0	0.0	0.0	0.0	0.0	0.0	0.0	0.0	0.0	0.0	0.0	0.0	0.03571428571428571	0.0	0.0	0.0	0.0	0.0	0.0	0.0	0.0	0.0685383980181668	0.0576271186440678	0.0	0.0	0.0	0.0	0.11904761904761904	0.0	0.056818181818181816	0.0	0.0	0.0	0.0782608695652174	0.0	0.0	0.0	0.0	0.0	0.0	0.0	0.0	0.034782608695652174	0.05142857142857143	0.0	0.0	0.3392857142857143	0.0708215297450425	0.0	0.0	0.11904761904761904	0.0	0.0	0.0	0.0	0.0	0.08391608391608392	0.0	0.0	0.21951219512195122	0.0405727923627685	0.0625	0.0	0.0	0.0	0.0	0.0	0.0	0.0	0.0	0.0	0.0	0.0	0.03867403314917127	0.0	0.0	0.0	0.0	0.07389162561576355	0.0	0.04672897196261682	0.0	0.09871244635193133	0.0	0.09871244635193133	0.0	0.0	0.0	0.0	0.0	0.0	0.0	0.5121951219512195	0.0	0.0	0.21951219512195122	0.0782608695652174	0.0	0.0	0.0	0.057665260196905765	0.0	0.0	0.0	0.0	0.04265402843601896	0.0	0.05056179775280899	0.0	0.05056179775280899	0.0	0.0	0.060240963855421686	0.0	0.05099150141643059	0.0	0.0	0.0	0.0	0.0	0.0	0.0	0.0	0.0	0.0	0.0	0.0	0.0	0.0	0.0	0.0	0.0	0.0	0.0	0.0	0.06896551724137931	0.0	0.05099150141643059	0.024725274725274724	0.0	0.0	0.05070422535211268	0.0	0.0	0.0	0.0	0.0	0.08275862068965517	0.08571428571428572	0.09722222222222222	0.11320754716981132	0.05802047781569966	0.04815864022662889	0.04815864022662889	0.0	0.0	0.06818181818181818	0.0	0.05454545454545454	0.0	0.0782608695652174	0.04299065420560748	0.0	0.0	0.10714285714285714	0.0	0.09871244635193133	0.0	0.0	0.20512820512820512	0.0	0.06047516198704104	1.0	0.036281179138321996	0.021907650825749917	0.0	0.0	0.02586206896551724	0.0	0.0	0.0	0.0	0.0	0.0	0.15403128760529483	0.11304347826086956	0.07849829351535836	0.0	0.0	0.031839128613322165	0.0	0.0	0.0	0.0	0.0	0.039711191335740074	0.0	0.0	0.0	0.0	0.0	0.0	0.0782608695652174	0.06437768240343347	0.0502092050209205	0.10714285714285714	0.0	0.0	0.0576271186440678	0.0	0.03986135181975736	0.0	0.0	0.0	0.0	0.0	0.0	0.1926605504587156	0.0	0.0	0.0	0.15151515151515152	0.0	0.047619047619047616	0.0	0.11304347826086956	0.0	0.0782608695652174	0.06517690875232775	0.10714285714285714	0.061224489795918366	0.0	0.0	0.0	0.0	0.0	0.0	0.0	0.0	0.0	0.04709576138147567	0.0	0.0	0.0	0.0	0.0	0.07317073170731707	0.0	0.0	0.0
0.0	0.0	0.0	0.0	0.0	0.021933387489845652	0.02869757174392936	0.0170316301703163	0.0170316301703163	0.020741671904462602	0.022530329289428077	0.010006455777921239	0.016682554814108675	0.019034670292318152	0.028053769725306838	0.012041744715012041	0.0	0.0	0.0	0.0	0.0	0.0	0.0531271015467384	0.01646489104116223	0.0	0.0	0.0	0.018670649738610903	0.0	0.020741671904462602	0.0	0.0	0.0	0.026251025430680888	0.01257071024512885	0.016227180527383367	0.07138001359619306	0.05153099327856609	0.0	0.0	0.01957585644371941	0.012089810017271158	0.0	0.03178484107579462	0.0170316301703163	0.028782287822878228	0.03740648379052369	0.028177833437695678	0.02425876010781671	0.08083140877598152	0.015156618390030314	0.024233784746970778	0.03048780487804878	0.01743406347787215	0.028782287822878228	0.0	0.0	0.0	0.0	0.0	0.0	0.0170316301703163	0.061124694376528114	0.038053649407361195	0.019029495718363463	0.012153950033760972	0.0	0.01380897583429229	0.01457096600107933	0.0	0.019559902200488997	0.0	0.015047021943573668	0.0	0.0	0.0	0.0	0.0	0.0	0.0	0.0	0.0	0.0	0.0	0.0	0.07305325127107305	0.01257071024512885	0.0	0.0	0.029873039581777446	0.021289918597370068	0.015544041450777202	0.0	0.019559902200488997	0.03331385154880187	0.028773346794548207	0.0	0.0	0.0	0.0	0.0	0.02431834929992631	0.0	0.010410641989589358	0.01755485893416928	0.020741671904462602	0.018354860639021073	0.0	0.0409670920080591	0.07754551584625759	0.0	0.0	0.024233784746970778	0.036468330134357005	0.0	0.0	0.023773394031360646	0.0	0.0	0.0	0.03178484107579462	0.025836758661186142	0.026440677966101694	0.017338092809790925	0.0	0.014738393515106854	0.0	0.014738393515106854	0.0	0.0	0.0	0.0	0.0	0.0	0.0	0.0	0.024232633279483037	0.020741671904462602	0.0	0.0	0.0	0.0	0.015781922525107604	0.015605493133583021	0.08874329958308518	0.0473328324567994	0.01684341859014348	0.01303538175046555	0.012103746397694525	0.024574669187145556	0.01684341859014348	0.01992619926199262	0.01684341859014348	0.01684341859014348	0.01303538175046555	0.019755955839628123	0.019867549668874173	0.0	0.0	0.0	0.031013094417643005	0.02268041237113402	0.0	0.024329382407985028	0.0	0.04318026045236463	0.014122394082044385	0.01820633850303439	0.01820633850303439	0.014122394082044385	0.01820633850303439	0.026440677966101694	0.014122394082044385	0.01820633850303439	0.0	0.0	0.0	0.061596143545795394	0.023487962419260128	0.15066899360093078	0.10832811521603006	0.008521516829995739	0.028782287822878228	0.0	0.012492192379762648	0.0	0.0	0.0	0.033607169529499624	0.02125340599455041	0.021753908905506457	0.02765556253928347	0.027266530334014997	0.024334600760456272	0.012186865267433988	0.011271133375078271	0.011271133375078271	0.0	0.0	0.0	0.0	0.0	0.0	0.014803849000740192	0.015298317185109638	0.057633973710819006	0.0623398804440649	0.0	0.0	0.014738393515106854	0.38585858585858585	0.0409670920080591	0.0399002493765586	0.23837638376383763	0.06439185470555861	0.036281179138321996	1.0	0.006948831332912192	0.0	0.0	0.0	0.0	0.02431834929992631	0.022982635342185902	0.040998217468805706	0.0	0.021933387489845652	0.018583042973286876	0.01776461880088823	0.020311442112389978	0.015723270440251572	0.10066127847171198	0.045334612616934514	0.0	0.0	0.0	0.01684341859014348	0.01303538175046555	0.03948896631823461	0.0167427701674277	0.013588324106693507	0.0	0.0	0.0	0.0	0.0	0.0	0.0	0.0	0.0	0.0709545686574783	0.012153950033760972	0.019867549668874173	0.009779951100244499	0.01764705882352941	0.03457627118644068	0.028782287822878228	0.0	0.0	0.0	0.0	0.0	0.0	0.051840721262208865	0.03382663847780127	0.015156618390030314	0.01615508885298869	0.04212860310421286	0.01776461880088823	0.020741671904462602	0.014803849000740192	0.042748091603053436	0.02389843166542196	0.0	0.02746987951807229	0.0	0.0	0.0	0.04282800815771584	0.0313588850174216	0.021933387489845652	0.04392106938255888	0.033308660251665435	0.046651270207852195	0.015781922525107604	0.015781922525107604	0.013567839195979899	0.01910828025477707	0.09356408869659276	0.0	0.01910828025477707	0.029638652050345108	0.012141816415735794
0.047648643049513155	0.0	0.0	0.0	0.0	0.0	0.0	0.0	0.0	0.0	0.0	0.17139788246125517	0.11799867168474651	0.02421084891204413	0.040876302431204915	0.0	0.040490447676076416	0.0	0.003996574364830145	0.0	0.0	0.0	0.0	0.06627724106942261	0.0	0.0	0.0	0.0	0.016587082181452627	0.0	0.0	0.045779685264663805	0.042239356352665104	0.08372598767669445	0.3285755067085355	0.02165294297041781	0.04137296965982225	0.0	0.03519604816301328	0.027168879283729547	0.04326081520380095	0.007905138339920948	0.0	0.0	0.0	0.0	0.0	0.0	0.0	0.0	0.0	0.0	0.0	0.0	0.0	0.0	0.0	0.020276497695852536	0.03494788473329246	0.0	0.025802183261660602	0.0	0.0	0.0	0.02276243093922652	0.02162656107219007	0.0	0.0	0.0	0.0	0.006126126126126126	0.040135844396418645	0.024779265166619196	0.0	0.0425531914893617	0.0	0.0	0.0	0.0	0.017670682730923693	0.0	0.0262891809908999	0.017958097771865647	0.0	0.0	0.005667816658452439	0.030545246931201826	0.0	0.02576808721506442	0.05035011670556852	0.01906116642958748	0.0	0.0	0.04288288288288288	0.0	0.0	0.04035229621641053	0.0448736154501562	0.0	0.011703110563597166	0.0	0.0	0.0	0.027255887801005556	0.03788094559954429	0.0	0.0	0.018702181921224144	0.0	0.0	0.0	0.0	0.0	0.019147084421235857	0.0	0.0	0.01801169590643275	0.0	0.0	0.0	0.0	0.03729541185940435	0.01467441149495567	0.05020032995522036	0.0	0.0029654036243822075	0.005749191519942508	0.0029654036243822075	0.0	0.0	0.0	0.0	0.023681377825618945	0.0	0.0	0.0	0.0	0.0	0.0	0.0	0.0	0.0	0.0	0.02921985815602837	0.0	0.01340931947703654	0.01587751630280692	0.011289867344058707	0.010551305724083356	0.025178826895565092	0.006804649844060108	0.005278785879247773	0.006804649844060108	0.01587751630280692	0.011289867344058707	0.03481264948179644	0.0	0.0	0.0	0.0	0.0	0.0	0.0	0.013609299688120215	0.08623787279913762	0.022229083050324176	0.009104704097116844	0.010952236081533314	0.010952236081533314	0.009104704097116844	0.010952236081533314	0.01467441149495567	0.009104704097116844	0.010952236081533314	0.04022795843110962	0.0	0.0329277022190408	0.0	0.04856452911188624	0.0	0.0025604551920341396	0.16570289132602192	0.0	0.04583194951843241	0.007663922793074085	0.006835659356308744	0.04894401609118337	0.006825938566552901	0.0	0.00601353044349787	0.010113392583512106	0.04082215244076506	0.025499231950844855	0.011182649949169773	0.0216793893129771	0.033854907539118066	0.033854907539118066	0.008648648648648649	0.008648648648648649	0.0	0.0	0.0	0.0	0.0029771749917300696	0.033702568937072824	0.0	0.0	0.0	0.0	0.0029654036243822075	0.0	0.0	0.023835716905023837	0.0	0.04121365360303413	0.021907650825749917	0.006948831332912192	1.0	0.0	0.005534591194968554	0.0059386341141537445	0.0	0.0	0.0	0.0	0.0	0.0	0.017795484727755644	0.005623552762156798	0.022900763358778626	0.018851756640959727	0.0	0.017594654788418707	0.0	0.014498006524102935	0.0	0.01587751630280692	0.011289867344058707	0.005577689243027889	0.0	0.0	0.0	0.0	0.0	0.0	0.0	0.0	0.0	0.0	0.020326455189405606	0.0	0.02162656107219007	0.0	0.031512128768986625	0.0	0.0	0.0	0.0	0.0	0.0	0.0	0.06869145614533069	0.0	0.0	0.0205761316872428	0.0	0.03494423791821561	0.0	0.005623552762156798	0.0	0.020840224942110488	0.03363914373088685	0.03701233744581527	0.0	0.0	0.004290530186944529	0.013266998341625208	0.0	0.022065583818571866	0.0	0.0	0.0	0.0	0.03762631692109224	0.0	0.0	0.0	0.0	0.0	0.0	0.0	0.012578616352201259	0.03604415408875873
0.0	0.0	0.0	0.0	0.0	0.0	0.0	0.0	0.0	0.0	0.0	0.0	0.0	0.0	0.0	0.01588201928530913	0.0	0.0	0.0	0.0	0.0	0.0	0.0	0.0	0.0	0.0	0.0	0.045454545454545456	0.0	0.052980132450331126	0.0	0.0	0.0	0.0	0.0	0.0	0.0	0.0	0.0	0.0	0.0	0.0	0.0	0.0	0.0	0.0	0.0	0.09180327868852459	0.0	0.0	0.0	0.0	0.024464831804281346	0.0	0.0	0.0	0.0	0.0	0.0	0.0	0.03296703296703297	0.0	0.0	0.0	0.0	0.0	0.054945054945054944	0.02130492676431425	0.03233256351039261	0.0	0.0	0.0	0.0	0.043478260869565216	0.04225352112676056	0.0	0.0	0.0	0.0	0.0	0.0	0.0	0.0	0.0	0.0	0.0	0.0	0.0	0.0	0.0	0.0	0.0	0.0	0.0	0.04419889502762431	0.02012072434607646	0.0	0.0	0.7241379310344828	0.0	0.0	0.0	0.0	0.0	0.0	0.052980132450331126	0.049586776859504134	0.0	0.0	0.0	0.0	0.0	0.0	0.0	0.0	0.0	0.0	0.3103448275862069	0.05921052631578947	0.05921052631578947	0.0	0.0	0.0	0.0	0.0	0.0	0.0	0.0	0.0	0.0	0.0	0.0	0.0	0.0	0.0	0.0	0.01839080459770115	0.052980132450331126	0.0	0.0	0.0	0.0	0.0	0.0	0.0	0.0	0.0	0.0	0.0	0.0	0.0	0.0	0.0	0.0	0.0	0.0	0.0	0.12131147540983607	0.5555555555555556	0.20224719101123595	0.1896551724137931	0.0	0.0	0.0	0.0	0.0	0.0	0.0	0.0	0.0	0.0	0.0	0.0	0.0	0.0	0.0	0.0	0.0	0.0	0.0	0.0	0.0	0.0	0.0	0.0	0.0	0.0	0.0	0.0	0.0	0.0	0.0	0.0	0.0	0.0	0.0	0.0	0.0	0.0	0.0	0.0	0.0	0.0	0.0	0.0	0.0	0.0	0.0	0.0	0.0	0.0	0.0	0.0	0.0	0.0	0.0	0.0	0.0	1.0	0.0	0.0	0.0	0.0	0.0	0.05747126436781609	0.10344827586206896	0.0	0.0	0.0	0.0	0.01990049751243781	0.0	0.0	0.0	0.0	0.0	0.0	0.0	0.0	0.0	0.0	0.0	0.0	0.0	0.0	0.0	0.0	0.0	0.0	0.0	0.0	0.0	0.0	0.0	0.0	0.0	0.0	0.0	0.0	0.0	0.0	0.026058631921824105	0.0	0.0	0.0	0.0	0.0	0.0	0.0	0.052980132450331126	0.0	0.0	0.0	0.0	0.0	0.0	0.0	0.0	0.0	0.0	0.0	0.0	0.0	0.0	0.0	0.0	0.0	0.0	0.0	0.0	0.0	0.0	0.0
0.3483386923901393	0.0	0.0	0.0	0.0	0.0	0.0	0.0	0.0	0.0	0.0	0.009590556990040576	0.010520163646990065	0.0	0.0	0.0	0.01990049751243781	0.0847457627118644	0.31561461794019935	0.028846153846153848	0.08783783783783784	0.0	0.0	0.033373063170441	0.023696682464454975	0.058333333333333334	0.0	0.0	0.047156726768377254	0.0	0.0	0.04666666666666667	0.025423728813559324	0.0	0.013289036544850499	0.0	0.0	0.025210084033613446	0.09701492537313433	0.0	0.01652892561983471	0.0	0.014970059880239521	0.0	0.0	0.0	0.016433853738701727	0.0	0.0	0.0	0.0	0.0	0.0	0.0	0.0	0.08403361344537816	0.09615384615384616	0.08888888888888889	0.0641439778495616	0.10204081632653061	0.0	0.0	0.0	0.0	0.0	0.014625228519195612	0.0	0.0	0.0	0.047619047619047616	0.0	0.16417910447761194	0.0	0.0	0.03424657534246575	0.0	0.058091286307053944	0.0	0.0	0.04242424242424243	0.0	0.0	0.0	0.058333333333333334	0.0	0.0	0.0664451827242525	0.01904761904761905	0.016563146997929608	0.0	0.0	0.0	0.0	0.0	0.0	0.0	0.010741859684457872	0.013190436933223413	0.0	0.022304832713754646	0.02857142857142857	0.0	0.0	0.03576751117734724	0.0	0.0	0.0	0.01314708299096138	0.0	0.0	0.0	0.03140495867768595	0.0	0.013605442176870748	0.1568627450980392	0.09615384615384616	0.052830188679245285	0.0	0.0	0.0	0.0	0.0425531914893617	0.0	0.010165184243964422	0.0	0.0	0.0	0.0	0.0	0.0	0.038461538461538464	0.025210084033613446	0.0	0.0	0.0	0.0	0.0	0.0	0.0	0.07468879668049792	0.0	0.0	0.0	0.01316872427983539	0.0	0.0	0.0	0.0	0.0	0.0	0.0	0.0	0.0	0.0	0.0	0.0	0.0	0.0	0.0	0.0	0.0	0.0	0.1016949152542373	0.0	0.0	0.0	0.0	0.0	0.0	0.0	0.0	0.0	0.0	0.0	0.0	0.0	0.3281653746770026	0.0	0.10638297872340426	0.018018018018018018	0.0	0.024489795918367346	0.0	0.0	0.20593080724876442	0.0	0.09322033898305085	0.045112781954887216	0.0	0.016574585635359115	0.0	0.0	0.0	0.04310344827586207	0.025688073394495414	0.02975206611570248	0.02975206611570248	0.0	0.0	0.052980132450331126	0.1016949152542373	0.0847457627118644	0.0	0.016597510373443983	0.02795425667090216	0.0	0.0	0.03361344537815126	0.0	0.0	0.0	0.0	0.0	0.0	0.016783216783216783	0.0	0.0	0.005534591194968554	0.0	1.0	0.0	0.03361344537815126	0.0	0.0	0.0	0.0	0.0	0.0	0.0	0.0	0.02743142144638404	0.0	0.0	0.0	0.0	0.0	0.0	0.0	0.0	0.0	0.0	0.02857142857142857	0.0	0.0	0.0	0.0	0.0	0.0	0.03361344537815126	0.01486988847583643	0.0	0.014625228519195612	0.0	0.22677925211097708	0.0	0.0	0.0	0.0	0.11864406779661017	0.11864406779661017	0.0	0.0	0.05509641873278237	0.03389830508474576	0.0	0.0	0.00816326530612245	0.0	0.0	0.0	0.024896265560165973	0.0	0.0	0.05128205128205128	0.0	0.3284132841328413	0.0	0.02857142857142857	0.0	0.0	0.0	0.0	0.02074688796680498	0.025871766029246346	0.0	0.0	0.0	0.0	0.0	0.0	0.0	0.007707129094412331	0.06220095693779904
0.0	0.0	0.01652892561983471	0.0	0.0	0.0	0.0	0.0	0.0	0.0	0.0	0.008932559178204555	0.00645682001614205	0.0	0.009389671361502348	0.0	0.0	0.0423728813559322	0.0	0.0	0.0	0.0	0.0	0.009950248756218905	0.0	0.02459016393442623	0.0	0.0	0.0	0.0	0.0	0.016483516483516484	0.0423728813559322	0.0	0.0273224043715847	0.0	0.0	0.0	0.0	0.0	0.0	0.0	0.009259259259259259	0.0	0.0	0.0	0.0	0.0	0.0	0.0	0.0	0.0	0.0	0.0	0.0	0.025	0.0	0.0	0.0	0.0	0.024390243902439025	0.0	0.0	0.0	0.004022526146419952	0.0	0.0	0.0	0.0	0.0	0.0	0.0	0.0	0.0	0.0	0.0	0.016260162601626018	0.0	0.0	0.0	0.0	0.02586206896551724	0.01652892561983471	0.0	0.0	0.0	0.0	0.0	0.0	0.0	0.0	0.0	0.0	0.0	0.0	0.0	0.012909632571996028	0.016194331983805668	0.0	0.019867549668874173	0.0	0.0	0.05555555555555555	0.0	0.010869565217391304	0.0	0.0	0.0	0.0	0.0	0.0	0.0	0.0	0.0	0.0	0.0	0.0	0.0	0.0	0.0	0.0	0.0	0.0	0.0	0.0	0.03614457831325301	0.0	0.03614457831325301	0.0	0.0	0.0	0.0	0.016042780748663103	0.0	0.0	0.05555555555555555	0.0	0.0	0.05555555555555555	0.016260162601626018	0.0	0.0	0.0	0.0	0.0	0.0	0.0	0.0	0.0091324200913242	0.0	0.010752688172043012	0.0	0.010752688172043012	0.0	0.0	0.0	0.0	0.01084010840108401	0.0	0.0	0.0	0.0	0.0	0.0	0.0	0.0	0.0	0.0	0.0	0.0	0.0	0.0	0.0	0.0	0.0	0.0	0.0	0.0	0.0	0.0	0.0	0.010752688172043012	0.0	0.04526748971193416	0.0	0.0	0.0	0.0	0.0	0.0	0.0	0.0	0.0	0.0	0.0	0.0	0.0	0.0	0.0	0.016304347826086956	0.0	0.1271186440677966	0.0	0.0	0.0	0.0	0.0	0.025	0.0	0.03614457831325301	0.0	0.0	0.0	0.0	0.0	0.02586206896551724	0.0	0.0059386341141537445	0.0	0.0	1.0	0.0	0.0	0.0	0.0	0.0	0.0	0.0	0.04878048780487805	0.0	0.0	0.0	0.0	0.0	0.0	0.0	0.0	0.0	0.0	0.0	0.0	0.0	0.0	0.0	0.0	0.016260162601626018	0.012048192771084338	0.010680907877169559	0.025	0.0	0.0	0.0	0.0	0.01517706576728499	0.0	0.0	0.0	0.0	0.0	0.0	0.017094017094017096	0.016172506738544475	0.0	0.0	0.06428571428571428	0.0	0.0	0.0	0.04878048780487805	0.0	0.0	0.0162748643761302	0.025	0.012903225806451613	0.0	0.0	0.0	0.0	0.0	0.0	0.0	0.0	0.0	0.0	0.0	0.0	0.0	0.0	0.0	0.05555555555555555	0.0	0.0	0.01
0.03773584905660377	0.0	0.0	0.0	0.0	0.0	0.0	0.0	0.0	0.0	0.0	0.0	0.0	0.0	0.0	0.0	0.0	0.0	0.0	0.5348837209302325	0.2988505747126437	0.0	0.0	0.0	0.0	0.0	0.0	0.0	0.0	0.0	0.0	0.0	0.08771929824561403	0.0	0.0	0.0	0.0	0.0	0.0	0.0	0.0	0.0	0.0	0.0	0.0	0.0	0.0	0.0	0.0	0.0	0.0	0.0	0.0	0.0	0.0	0.0	0.0	0.0	0.0	0.0	0.0	0.0	0.0	0.0	0.0	0.0	0.0	0.0	0.0	0.0	0.0	0.0547945205479452	0.0	0.0	0.0	0.0	0.0	0.0	0.0	0.0	0.0	0.0	0.0	0.0	0.0	0.0	0.0	0.09090909090909091	0.0	0.0	0.0	0.0	0.0	0.0	0.0	0.0	0.014889047959914102	0.0	0.0	0.0	0.0	0.0	0.0	0.0	0.0	0.0	0.0	0.0	0.0	0.0	0.0	0.0	0.0	0.0	0.0	0.0	0.0	0.0	0.0	0.0	0.0	0.0	0.0	0.0	0.0	0.0	0.0	0.0	0.0	0.0	0.0	0.0	0.0	0.0	0.0	0.0	0.0	0.0	0.0	0.0	0.0	0.0	0.0	0.0	0.0	0.0	0.0	0.0	0.0	0.0	0.0	0.0	0.0	0.0	0.0	0.0	0.0	0.0	0.0	0.0	0.0	0.0	0.0	0.0	0.0	0.0	0.0	0.0	0.0	0.0	0.0	0.0	0.0	0.0	0.0	0.0	0.03018867924528302	0.0	0.03864734299516908	0.0	0.0	0.0	0.0	0.0	0.0440771349862259	0.0	0.0	0.0	0.0	0.0	0.0	0.0	0.0	0.12727272727272726	0.046511627906976744	0.038781163434903045	0.038781163434903045	0.0	0.0	0.0	0.0	0.0	0.0	0.06722689075630252	0.03314917127071823	0.0	0.0	0.0	0.0	0.0	0.0	0.0	0.0	0.0	0.0	0.0	0.0	0.0	0.0	0.03361344537815126	0.0	1.0	0.0	0.0	0.0	0.0	0.0	0.0	0.0	0.0	0.0	0.0	0.0	0.0	0.0	0.0	0.0	0.0	0.0	0.0	0.0	0.0	0.0	0.0	0.0	0.0	0.0	0.0	0.0	0.0	0.0	0.0	0.0	0.03418803418803419	0.0	0.0	0.0	0.0	0.0	0.0	0.0	0.0	0.16182572614107885	0.0	0.0	0.0	0.0	0.0	0.0	0.0	0.0	0.0	0.0	0.0	0.0	0.0	0.0	0.0	0.0	0.0	0.0	0.0	0.0	0.0	0.0	0.0	0.0	0.0	0.0	0.0	0.0	0.0	0.0
0.0	0.0	0.0	0.0	0.0	0.08021390374331551	0.05179282868525897	0.06382978723404255	0.06382978723404255	0.013623978201634877	0.029748283752860413	0.0	0.0	0.0	0.0	0.006426099851705388	0.0	0.0	0.0	0.0	0.0	0.0	0.047619047619047616	0.0	0.0	0.0	0.0	0.04564315352697095	0.0	0.013623978201634877	0.0	0.0	0.0	0.0	0.0	0.0	0.016286644951140065	0.04564315352697095	0.0	0.0	0.0	0.02727272727272727	0.0	0.11351351351351352	0.06382978723404255	0.08433734939759036	0.04685408299866131	0.03783783783783784	0.06220095693779904	0.030857142857142857	0.010358565737051793	0.027254509018036072	0.0315031503150315	0.01884057971014493	0.08433734939759036	0.0	0.0	0.0	0.0	0.0	0.0	0.06382978723404255	0.11351351351351352	0.058981233243967826	0.0	0.0	0.0	0.007945516458569807	0.008032128514056224	0.0	0.0	0.0	0.0	0.0	0.0	0.0	0.0	0.0	0.0	0.0	0.0	0.0	0.0	0.0	0.0	0.030153237765694514	0.0	0.0	0.0	0.0	0.0	0.00909090909090909	0.0	0.0	0.02107728337236534	0.03202846975088968	0.0	0.0	0.0	0.0	0.0	0.36	0.0	0.0	0.0	0.013623978201634877	0.19218241042345277	0.0	0.0379746835443038	0.0670926517571885	0.0	0.0	0.027254509018036072	0.0764872521246459	0.0	0.0	0.02142857142857143	0.0	0.0	0.0	0.11351351351351352	0.0	0.06796116504854369	0.0	0.0	0.0	0.0	0.0	0.0	0.0	0.0	0.0	0.0	0.0	0.0	0.0	0.028	0.013623978201634877	0.0	0.0	0.0	0.0	0.008103727714748784	0.0	0.012165450121654502	0.13924050632911392	0.040214477211796246	0.03183023872679045	0.02733485193621868	0.057534246575342465	0.040214477211796246	0.060240963855421686	0.040214477211796246	0.040214477211796246	0.03183023872679045	0.0	0.2350597609561753	0.0	0.0	0.0	0.02356902356902357	0.016722408026755852	0.0	0.10991957104557641	0.0	0.10963455149501661	0.0380952380952381	0.04792332268370607	0.04792332268370607	0.0380952380952381	0.04792332268370607	0.06796116504854369	0.0380952380952381	0.04792332268370607	0.0	0.0	0.0	0.041584158415841586	0.0	0.07192575406032482	0.0918918918918919	0.0	0.08433734939759036	0.0	0.0	0.0	0.0	0.0	0.029045643153526972	0.04294478527607362	0.0	0.0	0.0	0.0	0.0	0.0	0.0	0.0	0.0	0.0	0.0	0.0	0.0	0.0	0.0	0.027653880463871544	0.2229299363057325	0.0	0.0	0.0	0.05732484076433121	0.0379746835443038	0.0	0.08433734939759036	0.041666666666666664	0.0	0.02431834929992631	0.0	0.0	0.0	0.0	0.0	1.0	0.012715712988192553	0.026634382566585957	0.0	0.08021390374331551	0.0	0.0	0.0	0.030013642564802184	0.047619047619047616	0.011812627291242363	0.0	0.0	0.0	0.040214477211796246	0.03183023872679045	0.03930635838150289	0.008976660682226212	0.007079646017699115	0.0	0.0	0.0	0.0	0.0	0.0	0.0	0.0	0.0	0.041742286751361164	0.0	0.2350597609561753	0.0	0.7455268389662028	0.255663430420712	0.42168674698795183	0.0	0.0	0.0	0.0	0.0	0.0	0.046413502109704644	0.0	0.010358565737051793	0.0	0.06451612903225806	0.0	0.013623978201634877	0.0	0.0	0.0	0.0	0.014778325123152709	0.0	0.0	0.0	0.0749185667752443	0.03352601156069364	0.08021390374331551	0.03081232492997199	0.02834008097165992	0.04128440366972477	0.008103727714748784	0.008103727714748784	0.00706090026478376	0.011494252873563218	0.04032258064516129	0.0	0.011494252873563218	0.037359900373599	0.018302828618968387
0.028042063094641963	0.044284243048403706	0.0	0.01248642779587405	0.035830618892508145	0.012307692307692308	0.02901178603807797	0.01023541453428864	0.01023541453428864	0.1348314606741573	0.10033898305084746	0.011259676284306826	0.0	0.0	0.0	0.01581395348837209	0.0	0.0	0.0	0.0	0.0	0.0	0.00974817221770918	0.0	0.0	0.0	0.0	0.0221606648199446	0.0	0.02696629213483146	0.0	0.0	0.0	0.0	0.0	0.0	0.02962962962962963	0.0664819944598338	0.0	0.0	0.0	0.00675219446320054	0.0	0.016477857878475798	0.01023541453428864	0.014558689717925387	0.037833827893175076	0.028337061894108874	0.012214983713355049	0.007452574525745257	0.020757020757020756	0.6927238301325399	0.10455607476635514	0.07117617364967188	0.014558689717925387	0.0	0.0	0.0	0.0	0.0	0.0	0.01023541453428864	0.016477857878475798	0.034892353377876766	0.0	0.0	0.0	0.018218623481781375	0.01878522229179712	0.0	0.0	0.0	0.0	0.0	0.0	0.035830618892508145	0.0	0.0	0.0	0.0	0.035830618892508145	0.05248359887535145	0.03679852805887764	0.02933088909257562	0.06636838180462341	0.018294573643410854	0.0	0.0	0.0	0.0	0.0	0.17893315327481432	0.15251141552511416	0.0	0.041237113402061855	0.02666666666666667	0.015854560828665046	0.0	0.0	0.02568351284175642	0.0	0.012715712988192553	0.0	0.0	0.0	0.02696629213483146	0.009876543209876543	0.032640949554896145	0.008110300081103	0.013039934800325998	0.0	0.0	0.6927238301325399	0.04284621270084162	0.0	0.0	0.005810575246949448	0.0	0.0	0.0	0.016477857878475798	0.0	0.013125512715340444	0.0	0.04668304668304668	0.0	0.0	0.0	0.032955715756951595	0.032955715756951595	0.0	0.0	0.0	0.0	0.06749740394600208	0.0	0.09119300437226734	0.02696629213483146	0.0	0.0	0.0	0.0687655343827672	0.10408719346049046	0.0	0.025298664792691498	0.022325581395348838	0.008908685968819599	0.007380073800738007	0.0067613252197430695	0.012021036814425245	0.008908685968819599	0.01091901728844404	0.008908685968819599	0.008908685968819599	0.007380073800738007	0.0	0.010879419764279238	0.0	0.0	0.0	0.0401673640167364	0.030025020850708923	0.0	0.011878247958426132	0.0	0.0199501246882793	0.008123476848090982	0.009779951100244499	0.009779951100244499	0.008123476848090982	0.009779951100244499	0.013125512715340444	0.008123476848090982	0.009779951100244499	0.0	0.0	0.0	0.009931719428926133	0.0	0.04101161995898838	0.0343027591349739	0.0	0.014558689717925387	0.0	0.0	0.0	0.0	0.0	0.0443213296398892	0.01013299556681444	0.0	0.0	0.0	0.0	0.0	0.0	0.0	0.0	0.0	0.0	0.0	0.0	0.0	0.0	0.0	0.018002322880371662	0.07868852459016394	0.0	0.04668304668304668	0.0	0.011391375101708706	0.008110300081103	0.0	0.014558689717925387	0.016655989750160152	0.0	0.022982635342185902	0.0	0.0	0.0	0.0	0.0	0.012715712988192553	1.0	0.16818500350385424	0.0	0.012307692307692308	0.0	0.0	0.0	0.017991004497751123	0.00904977375565611	0.12770030079299974	0.031794871794871796	0.0	0.031794871794871796	0.008908685968819599	0.007380073800738007	0.12005457025920874	0.07521865889212828	0.053726169844020795	0.0	0.0	0.0	0.0	0.0	0.0	0.03254437869822485	0.0	0.0	0.025836758661186142	0.0	0.010879419764279238	0.0	0.009963768115942028	0.016406890894175553	0.014558689717925387	0.0	0.0	0.0	0.0	0.0	0.0	0.06697674418604652	0.0	0.020757020757020756	0.0	0.04557885141294439	0.0	0.02696629213483146	0.0	0.0	0.0	0.0	0.1896646509070918	0.0	0.0	0.0	0.03621399176954732	0.126193724420191	0.012307692307692308	0.19467680608365018	0.043835616438356165	0.029334730225248823	0.10408719346049046	0.10408719346049046	0.1695501730103806	0.24405166553365057	0.026365348399246705	0.0	0.24405166553365057	0.07385591300407793	0.013311148086522463
0.027874564459930314	0.0	0.0	0.0	0.0	0.02857142857142857	0.06763285024154589	0.02564102564102564	0.02564102564102564	0.18490566037735848	0.13666666666666666	0.009349435138293729	0.0	0.0	0.0	0.11626168224299066	0.0	0.0	0.0	0.0	0.0	0.0	0.02092050209205021	0.0	0.0	0.0	0.0	0.0891089108910891	0.0	0.2	0.0	0.0	0.0	0.0	0.0	0.0	0.06382978723404255	0.1188118811881188	0.0	0.0	0.0	0.014925373134328358	0.0	0.034482758620689655	0.02564102564102564	0.02912621359223301	0.06989748369058714	0.19324577861163228	0.024134312696747113	0.01582014987510408	0.0519140010487677	0.11947886876390212	0.6033402922755741	0.032825322391559206	0.02912621359223301	0.0	0.0	0.0	0.0	0.0	0.04390243902439024	0.02564102564102564	0.034482758620689655	0.027985074626865673	0.0	0.0	0.05365853658536585	0.13504556752278377	0.14069591527987896	0.0	0.0	0.0	0.0	0.04854368932038835	0.109375	0.0	0.0	0.0	0.0	0.0	0.0	0.06060606060606061	0.03940886699507389	0.029411764705882353	0.0225140712945591	0.04	0.0	0.0	0.0	0.0	0.0	0.04477611940298507	0.0	0.0	0.2	0.13379310344827586	0.0	0.0	0.06976744186046512	0.0	0.0	0.026634382566585957	0.0	0.0	0.0	0.2	0.12340425531914893	0.0	0.018789144050104383	0.025210084033613446	0.0	0.0	0.11947886876390212	0.06201550387596899	0.0	0.0	0.012448132780082987	0.06976744186046512	0.03383458646616541	0.03383458646616541	0.034482758620689655	0.0	0.025423728813559324	0.0	0.0	0.0	0.0	0.0	0.034482758620689655	0.034482758620689655	0.0	0.0	0.0	0.0	0.0	0.0	0.5444947209653092	0.2	0.0	0.0	0.0	0.0	0.038461538461538464	0.0	0.05226480836236934	0.04	0.018656716417910446	0.016666666666666666	0.014950166112956811	0.022727272727272728	0.018656716417910446	0.024271844660194174	0.018656716417910446	0.018656716417910446	0.016666666666666666	0.0	0.024154589371980676	0.04690431519699812	0.09523809523809523	0.059113300492610835	0.28695652173913044	0.06493506493506493	0.0	0.022388059701492536	0.0	0.034482758620689655	0.01882845188284519	0.02100840336134454	0.02100840336134454	0.01882845188284519	0.02100840336134454	0.025423728813559324	0.01882845188284519	0.02100840336134454	0.0	0.0	0.0	0.017964071856287425	0.0	0.0707070707070707	0.06566604127579738	0.0	0.02912621359223301	0.0	0.0	0.0	0.0	0.0	0.0891089108910891	0.018404907975460124	0.0	0.0	0.0	0.0	0.0	0.0	0.0	0.0	0.0	0.0	0.0	0.0	0.0	0.0	0.0	0.03800967519004837	0.125	0.0	0.0	0.0	0.023060796645702306	0.018789144050104383	0.0	0.02912621359223301	0.026438569206842923	0.0	0.040998217468805706	0.0	0.05747126436781609	0.0	0.0	0.0	0.026634382566585957	0.16818500350385424	1.0	0.16279069767441862	0.02857142857142857	0.0	0.0	0.0	0.06421152030217187	0.021686746987951807	0.16060508529127776	0.0	0.0	0.0	0.018656716417910446	0.016666666666666666	0.16120906801007556	0.041666666666666664	0.03708791208791209	0.0	0.0	0.0	0.0	0.0	0.0	0.0	0.0	0.0	0.047619047619047616	0.0	0.024154589371980676	0.0	0.022919179734620022	0.029661016949152543	0.02912621359223301	0.0	0.0	0.0	0.0	0.08224299065420561	0.0	0.12	0.0	0.0519140010487677	0.0	0.09002433090024331	0.0	0.2	0.0	0.0	0.0	0.0	0.16321243523316062	0.0	0.0	0.0	0.07234042553191489	0.16876574307304787	0.02857142857142857	0.26153846153846155	0.08780487804878048	0.03916768665850673	0.038461538461538464	0.038461538461538464	0.037011651816312545	0.05016722408026756	0.05007587253414264	0.0	0.05016722408026756	0.040372670807453416	0.020942408376963352
0.0	0.0	0.0	0.0	0.0	0.0	0.0	0.0	0.0	0.0	0.0	0.0	0.0	0.0	0.0	0.025186033199771037	0.0	0.0	0.0	0.0	0.0	0.0	0.0	0.0	0.0	0.0	0.0	0.06976744186046512	0.0	0.06711409395973154	0.0	0.0	0.0	0.0	0.0	0.0	0.0	0.0	0.0	0.0	0.0	0.0	0.0	0.0	0.0	0.0	0.0	0.053156146179401995	0.0	0.0	0.0	0.0	0.08221993833504625	0.0	0.0	0.0	0.0	0.0	0.0	0.0	0.056179775280898875	0.0	0.0	0.0	0.0	0.0	0.07865168539325842	0.03230148048452221	0.04195804195804196	0.0	0.0	0.0	0.0	0.06666666666666667	0.17142857142857143	0.0	0.0	0.0	0.0	0.0	0.0	0.0	0.0	0.0	0.0	0.0	0.0	0.0	0.0	0.0	0.0	0.0	0.0	0.0	0.055865921787709494	0.028397565922920892	0.0	0.0	0.14285714285714285	0.0	0.0	0.0	0.0	0.0	0.0	0.06711409395973154	0.06722689075630252	0.0	0.0	0.0	0.0	0.0	0.0	0.0	0.0	0.0	0.0	0.14285714285714285	0.03333333333333333	0.03333333333333333	0.0	0.0	0.0	0.0	0.0	0.0	0.0	0.0	0.0	0.0	0.0	0.0	0.0	0.0	0.0	0.0	0.07424593967517401	0.06711409395973154	0.0	0.0	0.0	0.0	0.0	0.0	0.0	0.0	0.0	0.0	0.0	0.0	0.0	0.0	0.0	0.0	0.0	0.0	0.0	0.05647840531561462	0.23076923076923078	0.09195402298850575	0.10526315789473684	0.0	0.0	0.0	0.0	0.0	0.0	0.0	0.0	0.0	0.0	0.0	0.0	0.0	0.0	0.0	0.0	0.0	0.0	0.0	0.0	0.0	0.0	0.0	0.0	0.0	0.0	0.0	0.0	0.0	0.0	0.0	0.0	0.0	0.0	0.0	0.0	0.0	0.0	0.0	0.0	0.0	0.0	0.0	0.0	0.0	0.0	0.0	0.0	0.0	0.0	0.0	0.0	0.0	0.0	0.0	0.0	0.0	0.10344827586206896	0.0	0.0	0.0	0.0	0.0	0.16279069767441862	1.0	0.0	0.0	0.0	0.0	0.03361344537815126	0.0	0.0	0.0	0.0	0.0	0.0	0.0	0.0	0.0	0.0	0.0	0.0	0.0	0.0	0.0	0.0	0.0	0.0	0.0	0.0	0.0	0.0	0.0	0.0	0.0	0.0	0.0	0.0	0.0	0.0	0.1188118811881188	0.0	0.0	0.0	0.0	0.0	0.0	0.0	0.06711409395973154	0.0	0.0	0.0	0.0	0.0	0.0	0.0	0.0	0.0	0.0	0.0	0.0	0.0	0.0	0.0	0.0	0.0	0.0	0.0	0.0	0.0	0.0	0.0
0.0	0.0	0.0	0.0	0.0	0.22580645161290322	0.11702127659574468	0.168	0.168	0.013157894736842105	0.058823529411764705	0.0	0.0	0.0	0.0	0.005081874647092038	0.0	0.0	0.0	0.0	0.0	0.0	0.09523809523809523	0.0	0.0	0.0	0.0	0.056179775280898875	0.0	0.013157894736842105	0.0	0.0	0.0	0.0	0.0	0.0	0.01639344262295082	0.056179775280898875	0.0	0.0	0.0	0.023872679045092837	0.0	0.3442622950819672	0.168	0.22580645161290322	0.09178743961352658	0.0749185667752443	0.1536926147704591	0.05473965287049399	0.00897308075772682	0.05349977708426215	0.05786802030456853	0.03508771929824561	0.3978494623655914	0.0	0.0	0.0	0.0	0.0	0.0	0.168	0.14754098360655737	0.1	0.0	0.0	0.0	0.006622516556291391	0.006896551724137931	0.0	0.0	0.0	0.0	0.0	0.0	0.0	0.0	0.0	0.0	0.0	0.0	0.0	0.0	0.0	0.0	0.054771315640880856	0.0	0.0	0.0	0.0	0.0	0.007957559681697613	0.0	0.0	0.02197802197802198	0.11022044088176353	0.0	0.0	0.0	0.0	0.0	0.08021390374331551	0.0	0.0	0.0	0.013157894736842105	0.04918032786885246	0.0	0.07509881422924901	0.136	0.0	0.0	0.024966562639322336	0.0896551724137931	0.0	0.0	0.018108651911468814	0.0	0.0	0.0	0.14754098360655737	0.0	0.07317073170731707	0.0	0.0	0.0	0.0	0.0	0.0	0.0	0.0	0.0	0.0	0.0	0.0	0.0	0.05263157894736842	0.013157894736842105	0.0	0.0	0.0	0.0	0.007220216606498195	0.0	0.011494252873563218	0.1724137931034483	0.03870967741935484	0.028662420382165606	0.023936170212765957	0.059602649006622516	0.03870967741935484	0.06451612903225806	0.03870967741935484	0.03870967741935484	0.028662420382165606	0.0	0.06382978723404255	0.0	0.0	0.0	0.02564102564102564	0.01694915254237288	0.0	0.05806451612903226	0.0	0.12605042016806722	0.03571428571428571	0.048	0.048	0.03571428571428571	0.048	0.07317073170731707	0.03571428571428571	0.048	0.0	0.0	0.0	0.07692307692307693	0.0	0.07608695652173914	0.10097719869706841	0.0	0.22580645161290322	0.0	0.0	0.0	0.0	0.0	0.033707865168539325	0.04225352112676056	0.0	0.0	0.0	0.0	0.0	0.0	0.0	0.0	0.0	0.0	0.0	0.0	0.0	0.0	0.0	0.05728643216080402	0.3617021276595745	0.0	0.0	0.0	0.05976095617529881	0.07509881422924901	0.0	0.0967741935483871	0.0407673860911271	0.0	0.021933387489845652	0.0	0.0	0.0	0.0	0.0	0.08021390374331551	0.012307692307692308	0.02857142857142857	0.0	1.0	0.0	0.0	0.0	0.032948929159802305	0.047619047619047616	0.011348161597821153	0.0	0.0	0.0	0.03870967741935484	0.028662420382165606	0.08119079837618404	0.008097165991902834	0.00597609561752988	0.0	0.0	0.0	0.0	0.0	0.0	0.0	0.0	0.0	0.07377049180327869	0.0	0.06382978723404255	0.0	0.05570291777188329	0.0975609756097561	0.0967741935483871	0.0	0.0	0.0	0.0	0.0	0.0	0.05747126436781609	0.0	0.00897308075772682	0.0	0.13513513513513514	0.0	0.013157894736842105	0.0	0.0	0.0	0.0	0.014652014652014652	0.0	0.0	0.0	0.08196721311475409	0.058186738836265225	0.22580645161290322	0.034013605442176874	0.03260869565217391	0.043993231810490696	0.007220216606498195	0.007220216606498195	0.005958291956305859	0.010752688172043012	0.03926096997690531	0.0	0.010752688172043012	0.03648648648648649	0.01858736059479554
0.0	0.0	0.02937720329024677	0.052303860523038606	0.0	0.0	0.0	0.0	0.0	0.0	0.0	0.021872601688411358	0.03549190535491906	0.05311542390194075	0.10500410172272355	0.0	0.0	0.0	0.0	0.0	0.0	0.0	0.0	0.03305785123966942	0.0	0.0	0.0	0.0	0.0	0.0	0.0	0.0	0.0	0.11004126547455295	0.040036396724294813	0.0486322188449848	0.06537282941777324	0.0	0.0	0.0	0.06829992576095026	0.023293172690763052	0.020308692120227456	0.0	0.0	0.0	0.0	0.0	0.0	0.03790322580645161	0.0	0.0	0.0	0.0	0.0	0.0	0.0	0.0	0.0	0.0	0.0	0.0	0.0	0.0	0.03975155279503106	0.01820020222446916	0.0	0.0	0.0	0.0	0.0326530612244898	0.0	0.1242067089755213	0.0	0.0	0.0	0.0	0.0	0.0	0.0	0.0	0.0	0.0	0.0	0.0	0.02615328732292045	0.018198362147406732	0.0	0.0	0.14167650531286896	0.048868778280542986	0.0	0.0	0.0761904761904762	0.0	0.0	0.0	0.0	0.0	0.0	0.0	0.0	0.0	0.014551333872271624	0.0471441523118767	0.0	0.0	0.0	0.0	0.0	0.0	0.0	0.0	0.0	0.0	0.0	0.030976430976430977	0.0	0.04986400725294651	0.06799637352674524	0.0	0.03633360858794385	0.0	0.047651463580667124	0.0	0.023121387283236993	0.0	0.023121387283236993	0.0	0.0	0.0	0.0	0.0	0.0	0.0	0.0	0.0	0.0	0.0	0.0	0.0	0.0	0.0	0.03873873873873874	0.0	0.0	0.0	0.0	0.0	0.0	0.0	0.0	0.0	0.0	0.0	0.05695687550854353	0.0	0.0	0.0	0.0	0.0	0.0	0.0	0.0	0.0	0.0	0.0	0.0	0.0	0.0	0.0	0.0	0.0	0.0	0.0	0.0	0.0	0.0	0.05945499587118084	0.0	0.01809954751131222	0.0215633423180593	0.0	0.0	0.018034265103697024	0.0	0.0	0.0	0.0	0.0	0.03268641470888662	0.07643312101910828	0.12307692307692308	0.038882138517618466	0.018274111675126905	0.016289592760180997	0.016289592760180997	0.0	0.0	0.0	0.0	0.0	0.0	0.023282887077997673	0.02042205582028591	0.0	0.0	0.0	0.0	0.023121387283236993	0.0	0.0	0.06751054852320675	0.0	0.03018867924528302	0.15403128760529483	0.018583042973286876	0.017795484727755644	0.0	0.0	0.0	0.0	0.0	0.0	0.0	0.0	0.0	1.0	0.027939464493597205	0.05888324873096447	0.0	0.0	0.030141287284144426	0.0	0.0	0.0	0.0	0.0	0.028455284552845527	0.0	0.0	0.0	0.0	0.0	0.017293997965412006	0.0	0.0	0.0	0.0	0.0	0.0	0.01820020222446916	0.0	0.0128783000643915	0.0	0.023397761953204477	0.0	0.0	0.0	0.0	0.04910179640718563	0.0	0.0	0.0	0.05177993527508091	0.0	0.06886446886446887	0.0	0.027939464493597205	0.0	0.051222351571594875	0.05702647657841141	0.03778040141676505	0.0	0.0	0.0	0.0	0.0	0.0	0.0	0.0	0.0	0.0	0.02630005977286312	0.0	0.0	0.0	0.0	0.0	0.0	0.0	0.0	0.0
0.0	0.0	0.016666666666666666	0.0	0.0	0.0	0.0	0.0	0.0	0.0	0.0	0.01923937360178971	0.02186234817813765	0.03289473684210526	0.04716981132075472	0.0	0.0	0.042735042735042736	0.0	0.0	0.0	0.0	0.0	0.036605657237936774	0.0	0.024793388429752067	0.0	0.0	0.0	0.0	0.0	0.0	0.0	0.06741573033707865	0.016483516483516484	0.025974025974025976	0.039473684210526314	0.0	0.0	0.0	0.028688524590163935	0.0	0.009302325581395349	0.0	0.0	0.0	0.0	0.0	0.0	0.0	0.0	0.0	0.0	0.0	0.0	0.025210084033613446	0.0	0.0	0.0	0.0	0.0	0.0	0.0	0.0	0.02986279257465698	0.04854368932038835	0.0	0.0	0.0	0.0	0.04395604395604396	0.0	0.02185792349726776	0.0	0.0	0.0	0.01639344262295082	0.0	0.0	0.0	0.0	0.0	0.0	0.0	0.0	0.009945300845350571	0.04945054945054945	0.0	0.0	0.06722689075630252	0.035422343324250684	0.0	0.0	0.04395604395604396	0.0	0.0	0.0	0.0	0.0	0.02	0.0	0.0	0.056179775280898875	0.03464203233256351	0.0273224043715847	0.0	0.0	0.0	0.0	0.0	0.0	0.0	0.0	0.0	0.0	0.0	0.01615798922800718	0.0	0.0	0.0	0.0	0.04285714285714286	0.0	0.023679417122040074	0.0	0.15789473684210525	0.0	0.15789473684210525	0.0	0.0	0.0	0.0	0.0	0.0	0.0	0.056179775280898875	0.0	0.0	0.056179775280898875	0.01639344262295082	0.0	0.0	0.0	0.023004059539918808	0.0	0.0	0.0	0.0	0.009174311926605505	0.0	0.010810810810810811	0.0	0.010810810810810811	0.0	0.0	0.030303030303030304	0.0	0.010899182561307902	0.0	0.0	0.0	0.0	0.0	0.0	0.0	0.0	0.0	0.0	0.0	0.0	0.0	0.0	0.0	0.0	0.0	0.0	0.0	0.0	0.0380952380952381	0.0	0.01634877384196185	0.0215633423180593	0.0	0.0	0.016260162601626018	0.0	0.0	0.0	0.0	0.0	0.039473684210526314	0.04945054945054945	0.052980132450331126	0.05309734513274336	0.016286644951140065	0.013623978201634877	0.013623978201634877	0.0	0.0	0.01639344262295082	0.0	0.1282051282051282	0.0	0.02459016393442623	0.020036429872495445	0.0	0.0	0.025210084033613446	0.0	0.10931174089068826	0.0	0.0	0.11764705882352941	0.0	0.033542976939203356	0.11304347826086956	0.01776461880088823	0.005623552762156798	0.0	0.0	0.04878048780487805	0.0	0.0	0.0	0.0	0.0	0.0	0.027939464493597205	1.0	0.035830618892508145	0.0	0.0	0.011461318051575931	0.0	0.0	0.0	0.0	0.0	0.010477299185098952	0.0	0.0	0.0	0.0	0.0	0.0	0.01639344262295082	0.012145748987854251	0.010738255033557046	0.025210084033613446	0.0	0.0	0.04854368932038835	0.0	0.06598984771573604	0.0	0.0	0.0	0.0	0.0	0.0	0.017241379310344827	0.0	0.0	0.0	0.22302158273381295	0.0	0.04225352112676056	0.0	0.21311475409836064	0.0	0.02459016393442623	0.17967332123411978	0.05042016806722689	0.012987012987012988	0.0	0.0	0.0	0.0	0.0	0.0	0.0	0.0	0.0	0.027649769585253458	0.0	0.0	0.0	0.0	0.0	0.056179775280898875	0.0	0.0	0.0
0.0	0.0	0.0	0.0	0.0	0.0	0.0	0.0	0.0	0.0	0.0	0.033460398136382886	0.07567964731814843	0.13896457765667575	0.12525667351129363	0.0	0.0	0.0	0.0	0.0	0.0	0.0	0.0	0.043674698795180725	0.0	0.0	0.0	0.0	0.0	0.0	0.0	0.0	0.0	0.3029045643153527	0.07259953161592506	0.0889487870619946	0.1335149863760218	0.0	0.0	0.0	0.0852994555353902	0.0	0.0	0.0	0.0	0.0	0.0	0.0	0.0	0.0	0.0	0.0	0.0	0.0	0.0	0.0	0.0	0.0	0.0	0.0	0.0	0.0	0.0	0.0	0.09523809523809523	0.021505376344086023	0.0	0.0	0.0	0.0	0.11020408163265306	0.0	0.08624708624708624	0.0	0.0	0.0	0.0	0.0	0.0	0.0	0.0	0.0	0.0	0.0	0.0	0.03711886875828546	0.02107728337236534	0.0	0.0	0.1760797342192691	0.07441860465116279	0.0	0.0	0.1836734693877551	0.0	0.0	0.0	0.0	0.0	0.0	0.0	0.0	0.0	0.016129032258064516	0.11888111888111888	0.0	0.0	0.0	0.0	0.0	0.0	0.0	0.0	0.0	0.0	0.0	0.04516129032258064	0.0	0.0	0.0	0.0	0.07660455486542443	0.0	0.16993464052287582	0.0	0.02903225806451613	0.0	0.02903225806451613	0.0	0.0	0.0	0.0	0.0	0.0	0.0	0.0	0.0	0.0	0.0	0.0	0.0	0.0	0.0	0.09364161849710982	0.0	0.0	0.0	0.0	0.0	0.0	0.0	0.0	0.0	0.0	0.0	0.3902439024390244	0.0	0.0	0.0	0.0	0.0	0.0	0.0	0.0	0.0	0.0	0.0	0.0	0.0	0.0	0.0	0.0	0.0	0.0	0.0	0.0	0.0	0.0	0.10973084886128365	0.0	0.020930232558139535	0.031055900621118012	0.0	0.0	0.020833333333333332	0.0	0.0	0.0	0.0	0.0	0.04087193460490463	0.3442622950819672	0.13424657534246576	0.05190311418685121	0.021621621621621623	0.018604651162790697	0.018604651162790697	0.0	0.0	0.0	0.0	0.0	0.0	0.029315960912052116	0.049019607843137254	0.0	0.0	0.0	0.0	0.02903225806451613	0.0	0.0	0.2703862660944206	0.0	0.06481481481481481	0.07849829351535836	0.020311442112389978	0.022900763358778626	0.0	0.0	0.0	0.0	0.0	0.0	0.0	0.0	0.0	0.05888324873096447	0.035830618892508145	1.0	0.0	0.0	0.05194805194805195	0.0	0.0	0.0	0.0	0.0	0.0416243654822335	0.0	0.0	0.0	0.0	0.0	0.0	0.0	0.0	0.0	0.0	0.0	0.0	0.021505376344086023	0.0	0.013761467889908258	0.0	0.0	0.0	0.0	0.0	0.0	0.0	0.0	0.0	0.0	0.06744868035190615	0.0	0.09285714285714286	0.0	0.035830618892508145	0.0	0.10097719869706841	0.18729641693811075	0.28903654485049834	0.0	0.0	0.0	0.0	0.0	0.0	0.0	0.0	0.0	0.0	0.05182072829131653	0.0	0.0	0.0	0.0	0.0	0.0	0.0	0.0	0.0
0.0798035604665439	0.0	0.0	0.0	0.0	0.032948929159802305	0.027210884353741496	0.029556650246305417	0.029556650246305417	0.020682523267838676	0.018066847335140017	0.03152789005658852	0.036635006784260515	0.0	0.0	0.061470470068300524	0.07430340557275542	0.0	0.012409513960703205	0.0	0.009503695881731784	0.0	0.023174971031286212	0.06662040249826509	0.0	0.0	0.0	0.0951048951048951	0.07219917012448132	0.04963805584281282	0.0	0.058151609553478714	0.0	0.0	0.04963805584281282	0.0	0.023612750885478158	0.08251748251748252	0.08622754491017964	0.0	0.05925925925925926	0.016172506738544475	0.01364877161055505	0.03980099502487562	0.029556650246305417	0.03283173734610123	0.04285714285714286	0.04316546762589928	0.026744186046511628	0.017148014440433214	0.01917489831493318	0.016210739614994935	0.034970238095238096	0.012399256044637322	0.03283173734610123	0.0	0.0	0.05693950177935943	0.08505611340815121	0.0	0.07702888583218707	0.029556650246305417	0.03980099502487562	0.030643513789581207	0.0	0.056009334889148193	0.11004126547455295	0.07271095152603231	0.11879576891781937	0.0	0.0	0.09580838323353294	0.0	0.09302325581395349	0.11600429645542427	0.0	0.0	0.0	0.0	0.11357340720221606	0.0	0.0	0.0	0.0	0.0	0.016472478907191643	0.06618407445708377	0.0	0.06584362139917696	0.0	0.0	0.016172506738544475	0.0	0.0	0.08831646734130635	0.04863669859985262	0.021028914757791964	0.04918032786885246	0.03361344537815126	0.028605482717520857	0.0	0.030013642564802184	0.0	0.0579185520361991	0.0	0.04963805584281282	0.0755608028335301	0.04897959183673469	0.020809248554913295	0.027939464493597205	0.0	0.015416238437821172	0.016210739614994935	0.25559105431309903	0.0	0.0	0.022172949002217297	0.03361344537815126	0.008238928939237899	0.008238928939237899	0.03980099502487562	0.051899907321594066	0.0282021151586369	0.03590127150336574	0.0	0.0	0.0	0.0	0.0	0.0	0.0	0.0	0.0	0.0	0.0	0.0	0.027575020275750203	0.140641158221303	0.0	0.012379642365887207	0.0	0.0	0.013633265167007498	0.049079754601226995	0.018957345971563982	0.04526166902404526	0.020429009193054137	0.0182370820668693	0.016201620162016202	0.024922118380062305	0.020429009193054137	0.027359781121751026	0.020429009193054137	0.020429009193054137	0.0182370820668693	0.0	0.027210884353741496	0.022610483042137718	0.06217616580310881	0.027816411682892908	0.07255139056831923	0.024067388688327317	0.024045261669024046	0.024514811031664963	0.0	0.03832335329341317	0.02085747392815759	0.023282887077997673	0.023282887077997673	0.02085747392815759	0.023282887077997673	0.0282021151586369	0.02085747392815759	0.023282887077997673	0.0	0.0	0.07704042715484363	0.019308125502815767	0.018535681186283594	0.057534246575342465	0.03494347379239465	0.057457922228670924	0.03283173734610123	0.0	0.014329580348004094	0.0	0.12446958981612447	0.019347037484885126	0.033566433566433566	0.01981833195706028	0.0	0.0	0.0	0.0	0.05627198124267292	0.07399794450154162	0.07399794450154162	0.0	0.0	0.0	0.0	0.0	0.0	0.0	0.05385190725504862	0.0155096011816839	0.14625228519195613	0.07132867132867132	0.0	0.0	0.025551684088269456	0.020809248554913295	0.0	0.03283173734610123	0.1961441743503772	0.0	0.015723270440251572	0.018851756640959727	0.01990049751243781	0.02743142144638404	0.0	0.0	0.030013642564802184	0.017991004497751123	0.06421152030217187	0.03361344537815126	0.032948929159802305	0.0	0.0	0.0	1.0	0.024423337856173677	0.016775077028414926	0.0	0.0	0.0	0.020429009193054137	0.0182370820668693	0.02185792349726776	0.014847809948032665	0.013206162876008804	0.04477611940298507	0.0	0.0	0.0	0.0	0.0	0.0	0.0	0.057210965435041714	0.020973782771535582	0.056009334889148193	0.027210884353741496	0.05629838142153413	0.025815217391304348	0.03290246768507638	0.03283173734610123	0.0	0.09476661951909476	0.09476661951909476	0.0	0.012282497441146366	0.00411522633744856	0.1173974540311174	0.0	0.01917489831493318	0.029197080291970802	0.03566529492455418	0.0	0.09100310237849017	0.0	0.0	0.0	0.0	0.019297036526533425	0.014167650531286895	0.0	0.0	0.03305785123966942	0.022768670309653915	0.032948929159802305	0.0337909186906019	0.05364511691884457	0.17261518494484102	0.013633265167007498	0.013633265167007498	0.013177159590043924	0.01813236627379873	0.02122448979591837	0.0	0.01813236627379873	0.11854268624252311	0.1554006968641115
0.0	0.0	0.0	0.0	0.0	0.047619047619047616	0.02766798418972332	0.031578947368421054	0.031578947368421054	0.008130081300813009	0.015945330296127564	0.0	0.0	0.0	0.0	0.002461841457410143	0.0	0.0	0.0	0.0	0.0	0.0	0.10410094637223975	0.0	0.0	0.0	0.0	0.037037037037037035	0.0	0.008130081300813009	0.0	0.0	0.0	0.0	0.0	0.0	0.009708737864077669	0.037037037037037035	0.0	0.0	0.0	0.013574660633484163	0.0	0.08021390374331551	0.031578947368421054	0.05976095617529881	0.03062583222370173	0.021505376344086023	0.042789223454833596	0.14448236632536973	0.00395882818685669	0.01757890531362365	0.02062780269058296	0.010115606936416185	0.05976095617529881	0.0	0.0	0.0	0.0	0.0	0.0	0.031578947368421054	0.17647058823529413	0.06933333333333333	0.0	0.0	0.0	0.003389830508474576	0.004	0.0	0.0	0.0	0.0	0.0	0.0	0.0	0.0	0.0	0.0	0.0	0.0	0.0	0.0	0.0	0.0	0.0654849827671098	0.0	0.0	0.0	0.0	0.0	0.004524886877828055	0.0	0.0	0.016317016317016316	0.02127659574468085	0.0	0.0	0.0	0.0	0.0	0.047619047619047616	0.0	0.0	0.0	0.008130081300813009	0.02912621359223301	0.0	0.07547169811320754	0.1619047619047619	0.0	0.0	0.01757890531362365	0.07042253521126761	0.0	0.0	0.010676156583629894	0.0	0.0	0.0	0.08021390374331551	0.0	0.04823151125401929	0.0	0.0	0.0	0.0	0.0	0.0	0.0	0.0	0.0	0.0	0.0	0.0	0.0	0.01593625498007968	0.008130081300813009	0.0	0.0	0.0	0.0	0.004846526655896607	0.0	0.007263922518159807	0.11297071129707113	0.024	0.0158311345646438	0.013605442176870748	0.04087193460490463	0.024	0.035856573705179286	0.024	0.024	0.0158311345646438	0.0	0.03557312252964427	0.0	0.0	0.0	0.016722408026755852	0.009966777408637873	0.0	0.04	0.0	0.0891089108910891	0.01892744479495268	0.02857142857142857	0.02857142857142857	0.01892744479495268	0.02857142857142857	0.04823151125401929	0.01892744479495268	0.02857142857142857	0.0	0.0	0.0	0.10059171597633136	0.0	0.2517321016166282	0.12365591397849462	0.0	0.05976095617529881	0.0	0.0	0.0	0.0	0.0	0.0205761316872428	0.03054989816700611	0.0	0.0	0.0	0.0	0.0	0.0	0.0	0.0	0.0	0.0	0.0	0.0	0.0	0.0	0.0	0.016888888888888887	0.20754716981132076	0.0	0.0	0.0	0.31645569620253167	0.07547169811320754	0.0	0.6175298804780877	0.04149377593360996	0.0	0.10066127847171198	0.0	0.0	0.0	0.0	0.0	0.047619047619047616	0.00904977375565611	0.021686746987951807	0.0	0.047619047619047616	0.0	0.0	0.0	0.024423337856173677	1.0	0.008526187576126675	0.0	0.0	0.0	0.024	0.0158311345646438	0.02531645569620253	0.005366726296958855	0.003527336860670194	0.0	0.0	0.0	0.0	0.0	0.0	0.0	0.0	0.0	0.09584086799276673	0.0	0.03557312252964427	0.0	0.029585798816568046	0.06752411575562701	0.05976095617529881	0.0	0.0	0.0	0.0	0.0	0.0	0.03765690376569038	0.0	0.00395882818685669	0.0	0.04	0.0	0.008130081300813009	0.0	0.0	0.0	0.0	0.011456628477905073	0.0	0.0	0.0	0.05501618122977346	0.019562715765247412	0.047619047619047616	0.025069637883008356	0.020080321285140562	0.038109756097560975	0.004846526655896607	0.004846526655896607	0.003518029903254178	0.006864988558352402	0.14056224899598393	0.0	0.006864988558352402	0.02981366459627329	0.014925373134328358
0.030138921591711797	0.0	0.0	0.0	0.0	0.011348161597821153	0.027246848312322082	0.0095151789759855	0.0095151789759855	0.12966130687649674	0.09834530128004995	0.04076132726966481	0.03708407416814834	0.05367126351099515	0.04046791021182422	0.015526164462334674	0.0	0.0	0.0	0.0	0.0	0.0	0.009208103130755065	0.030999741668819428	0.0	0.0	0.0	0.020256304257957835	0.0	0.02565856996236743	0.0	0.0	0.0	0.13584212941716384	0.04379062606910708	0.05038903297517599	0.3440178904211703	0.0607689127738735	0.0	0.0	0.02573852003509798	0.006531881804043546	0.0	0.015034168564920273	0.0095151789759855	0.01346389228886169	0.03560528992878942	0.026916524701873935	0.011443337024732374	0.007176287051482059	0.01992619926199262	0.0918987341772152	0.10252923579004623	0.01589561091340451	0.01346389228886169	0.0	0.0	0.0	0.0	0.0	0.0	0.0095151789759855	0.015034168564920273	0.015269765863590091	0.04258555133079848	0.0059193488716241215	0.0	0.01771837115324837	0.018276762402088774	0.0	0.01275626423690205	0.0	0.05185943364039577	0.0	0.0	0.0	0.0	0.0	0.0	0.0	0.0	0.05362379555927943	0.03955500618046971	0.03285420944558522	0.027257240204429302	0.08453133985048879	0.006842285323297981	0.0	0.0	0.08929309632079371	0.04497444633730835	0.019595645412130637	0.0	0.08382687927107062	0.038887132469174836	0.025654874426140967	0.0	0.0	0.0	0.0	0.0	0.011812627291242363	0.0	0.005001562988433885	0.04912998976458546	0.02565856996236743	0.009317927692881103	0.0	0.007723427730783376	0.012190616919098634	0.0	0.0	0.0918987341772152	0.0394140216253924	0.0	0.0	0.03707713125845737	0.0	0.0	0.0	0.015034168564920273	0.021607880521131235	0.012263099219620958	0.057876057876057874	0.0	0.008146639511201629	0.0	0.008146639511201629	0.03644646924829157	0.03644646924829157	0.0	0.0	0.0	0.0	0.0	0.0	0.09001447178002894	0.02565856996236743	0.0	0.0	0.0	0.0	0.01911802192199847	0.03463497453310696	0.02420135527589545	0.02039117769454848	0.00848320325755005	0.007087411407357408	0.006540018685767673	0.011320754716981131	0.00848320325755005	0.010199918400652794	0.00848320325755005	0.00848320325755005	0.007087411407357408	0.06157712849513038	0.010166734444896299	0.0	0.0	0.0	0.03745743473325766	0.02829121086382497	0.0	0.011197828299966068	0.0	0.018427980443775856	0.0077348066298342545	0.009235315847801994	0.009235315847801994	0.0077348066298342545	0.009235315847801994	0.012263099219620958	0.0077348066298342545	0.009235315847801994	0.0	0.0	0.0	0.009496402877697842	0.06863679694947569	0.038691412393834536	0.08006814310051108	0.023449830890642617	0.01346389228886169	0.0	0.0067957866123003734	0.0	0.0	0.0	0.040926002480363786	0.009674582233948988	0.016399552739470743	0.07115976736229901	0.041869158878504675	0.018557570645297342	0.005936920222634508	0.00545144804088586	0.00545144804088586	0.0	0.0	0.0	0.0	0.0	0.0	0.008186655751125664	0.01092001092001092	0.017581823099810656	0.06961113778204513	0.0	0.0	0.008146639511201629	0.010697159719660641	0.007723427730783376	0.035398230088495575	0.01346389228886169	0.03348148148148148	0.031839128613322165	0.045334612616934514	0.017594654788418707	0.0	0.0	0.0	0.0	0.011812627291242363	0.12770030079299974	0.16060508529127776	0.0	0.011348161597821153	0.030141287284144426	0.011461318051575931	0.05194805194805195	0.016775077028414926	0.008526187576126675	1.0	0.0	0.0	0.0	0.00848320325755005	0.007087411407357408	0.47001569858712716	0.020363833831115938	0.016958277254374158	0.0	0.0	0.0	0.0	0.0	0.0	0.0	0.0	0.0	0.02487018311013938	0.0059193488716241215	0.010166734444896299	0.0052205690420255805	0.009345794392523364	0.015235971757710888	0.01346389228886169	0.0	0.0	0.0	0.0	0.0	0.0	0.06117353308364544	0.029468786351298952	0.01992619926199262	0.04746743849493488	0.042092357989374746	0.011461318051575931	0.02565856996236743	0.052394596807204256	0.056660310542086624	0.018189334435717238	0.0	0.1261886404523259	0.0	0.0	0.0	0.033917256802087216	0.12213500784929357	0.011348161597821153	0.1841831425598335	0.040523945968072045	0.04446082043723901	0.01911802192199847	0.01911802192199847	0.016930932545014783	0.023474178403755867	0.025298051759232335	0.0	0.023474178403755867	0.023784015427469468	0.012697590049235553
0.0	0.3442622950819672	0.0	0.0053811659192825115	0.041916167664670656	0.0	0.0	0.0	0.0	0.0	0.0	0.0	0.0	0.0	0.0	0.0	0.0	0.0	0.0	0.0	0.0	0.0	0.0	0.0	0.0	0.0	0.0	0.0	0.0	0.0	0.0	0.0	0.0	0.0	0.0	0.0	0.0	0.0	0.0	0.0	0.0	0.0	0.0	0.0	0.0	0.0	0.0	0.0	0.0	0.0	0.0	0.019170753455193937	0.0	0.02711323763955343	0.0	0.0	0.0	0.0	0.0	0.0	0.0	0.0	0.0	0.06774193548387097	0.0	0.0	0.0	0.0	0.0	0.0	0.0	0.0	0.0	0.0	0.0	0.041916167664670656	0.0	0.0	0.0	0.0	0.041916167664670656	0.0	0.0	0.0	0.048859934853420196	0.0	0.0	0.0	0.0	0.0	0.0	0.03183023872679045	0.08695652173913043	0.0	0.0	0.0	0.010071722875019075	0.0	0.0	0.11666666666666667	0.0	0.0	0.0	0.0	0.0	0.0	0.0	0.033816425120772944	0.0	0.0	0.0	0.0	0.019170753455193937	0.0	0.0	0.0	0.0	0.0	0.0	0.0	0.0	0.0	0.0	0.0	0.06072874493927125	0.0	0.0	0.0	0.0	0.0	0.0	0.0	0.0	0.0	0.0847457627118644	0.0	0.0	0.0	0.0	0.0	0.0	0.1	0.05054151624548736	0.0	0.0	0.0	0.0	0.0	0.0	0.0	0.0	0.0	0.0	0.0	0.0	0.0	0.0	0.0	0.0	0.0	0.0	0.0	0.0	0.0	0.0	0.0	0.0	0.0	0.0	0.0	0.0	0.0	0.0	0.0	0.0	0.0	0.0	0.0	0.0	0.0	0.0	0.0	0.0	0.0	0.0	0.0	0.0	0.0	0.0	0.0	0.0	0.0	0.0	0.0	0.0	0.0	0.0	0.0	0.0	0.0	0.0	0.0	0.0	0.0	0.0	0.0	0.0	0.0	0.06072874493927125	0.0	0.0	0.0	0.0	0.0	0.0	0.0	0.0	0.0	0.0	0.0	0.0	0.0	0.0	0.031794871794871796	0.0	0.0	0.0	0.0	0.0	0.0	0.0	0.0	0.0	1.0	0.0	0.22580645161290322	0.0	0.0	0.0	0.032388663967611336	0.017928286852589643	0.0	0.0	0.0	0.0	0.0	0.0	0.0336	0.0	0.0	0.0	0.0	0.0	0.0	0.0	0.0	0.0	0.0	0.0	0.0	0.0	0.0	0.0	0.0	0.0	0.0	0.0	0.0	0.0	0.0	0.0	0.0	0.0	0.0	0.02197802197802198	0.0	0.0	0.0	0.0	0.0	0.0	0.0	0.0	0.0	0.05054151624548736	0.05054151624548736	0.028798411122144985	0.04838709677419355	0.0	0.0	0.04838709677419355	0.022972972972972974	0.0
0.0	0.0	0.0	0.0	0.0	0.0	0.0	0.0	0.0	0.0	0.0	0.0	0.0	0.0	0.0	0.0	0.13043478260869565	0.0	0.0	0.0	0.0	0.0	0.0	0.0	0.0	0.0	0.0	0.0	0.0	0.0	0.0	0.0	0.0	0.0	0.0	0.0	0.0	0.0	0.0	0.1724137931034483	0.0	0.022911051212938006	0.0	0.0	0.0	0.0	0.0	0.0	0.0	0.0	0.0	0.0	0.0	0.0	0.0	0.0	0.0	0.0	0.0	0.0	0.0	0.0	0.0	0.0	0.0	0.0	0.0	0.0	0.0	0.0	0.0	0.0	0.0	0.0	0.0	0.0	0.0	0.0	0.0	0.0	0.0	0.0	0.0	0.0	0.0	0.0	0.0	0.0	0.15083798882681565	0.0	0.0	0.0	0.0	0.0	0.0	0.0	0.0	0.09421487603305785	0.0	0.0	0.0	0.0	0.0	0.0	0.0	0.0	0.0	0.0	0.0	0.0	0.0	0.0	0.0	0.0	0.0	0.0	0.054989816700611	0.0	0.0	0.0	0.0	0.0	0.041666666666666664	0.0	0.0	0.0	0.2542372881355932	0.0	0.0	0.0	0.0	0.0	0.0	0.0	0.0	0.0	0.0	0.0	0.0	0.0	0.0	0.0	0.0	0.0	0.0	0.2857142857142857	0.10526315789473684	0.09090909090909091	0.07567567567567568	0.13513513513513514	0.11842105263157894	0.16666666666666666	0.11842105263157894	0.10526315789473684	0.09090909090909091	0.0	0.0	0.0	0.0	0.0	0.0	0.0	0.0	0.03289473684210526	0.0847457627118644	0.05172413793103448	0.034552845528455285	0.036885245901639344	0.036885245901639344	0.034552845528455285	0.036885245901639344	0.041666666666666664	0.034552845528455285	0.036885245901639344	0.09523809523809523	0.0	0.0	0.0	0.0	0.0	0.0	0.0	0.0	0.0	0.0	0.12	0.0	0.0	0.0	0.08571428571428572	0.0	0.0	0.0	0.0	0.0	0.0	0.0	0.3103448275862069	0.3103448275862069	0.0	0.0	0.0	0.0	0.0	0.0	0.0	0.0	0.0	0.0	0.0	0.0	0.0	0.0	0.0	0.0	0.0	0.0	0.014498006524102935	0.0	0.0	0.0	0.0	0.0	0.0	0.0	0.0	0.0	0.0	0.0	0.0	0.0	0.0	0.0	0.0	1.0	0.0	0.10526315789473684	0.09090909090909091	0.0	0.0	0.0	0.0	0.0	0.0	0.0	0.0	0.0	0.0	0.0	0.0	0.0	0.0	0.0	0.0	0.0	0.0	0.0	0.0	0.0	0.0	0.0	0.0891089108910891	0.0	0.0	0.0	0.0	0.0	0.0	0.0	0.0	0.0	0.0	0.0	0.0	0.0	0.0	0.2727272727272727	0.0	0.05042016806722689	0.0	0.0	0.0	0.0	0.0	0.0	0.0	0.0	0.0	0.0	0.0	0.0	0.0	0.0
0.0	0.3442622950819672	0.0	0.0053811659192825115	0.041916167664670656	0.0	0.0	0.0	0.0	0.0	0.0	0.0	0.0	0.0	0.0	0.0	0.0	0.0	0.0	0.0	0.0	0.0	0.0	0.0	0.0	0.0	0.0	0.0	0.0	0.0	0.0	0.0	0.0	0.0	0.0	0.0	0.0	0.0	0.0	0.0	0.0	0.0	0.0	0.0	0.0	0.0	0.0	0.0	0.0	0.0	0.0	0.019170753455193937	0.0	0.02711323763955343	0.0	0.0	0.0	0.0	0.0	0.0	0.0	0.0	0.0	0.06774193548387097	0.0	0.0	0.0	0.0	0.0	0.0	0.0	0.0	0.0	0.0	0.0	0.041916167664670656	0.0	0.0	0.0	0.0	0.041916167664670656	0.0	0.0	0.0	0.048859934853420196	0.0	0.0	0.0	0.0	0.0	0.0	0.03183023872679045	0.08695652173913043	0.0	0.0	0.0	0.010071722875019075	0.0	0.0	0.11666666666666667	0.0	0.0	0.0	0.0	0.0	0.0	0.0	0.033816425120772944	0.0	0.0	0.0	0.0	0.019170753455193937	0.0	0.0	0.0	0.0	0.0	0.0	0.0	0.0	0.0	0.0	0.0	0.06072874493927125	0.0	0.0	0.0	0.0	0.0	0.0	0.0	0.0	0.0	0.0847457627118644	0.0	0.0	0.0	0.0	0.0	0.0	0.1	0.05054151624548736	0.0	0.0	0.0	0.0	0.0	0.0	0.0	0.0	0.0	0.0	0.0	0.0	0.0	0.0	0.0	0.0	0.0	0.0	0.0	0.0	0.0	0.0	0.0	0.0	0.0	0.0	0.0	0.0	0.0	0.0	0.0	0.0	0.0	0.0	0.0	0.0	0.0	0.0	0.0	0.0	0.0	0.0	0.0	0.0	0.0	0.0	0.0	0.0	0.0	0.0	0.0	0.0	0.0	0.0	0.0	0.0	0.0	0.0	0.0	0.0	0.0	0.0	0.0	0.0	0.0	0.06072874493927125	0.0	0.0	0.0	0.0	0.0	0.0	0.0	0.0	0.0	0.0	0.0	0.0	0.0	0.0	0.031794871794871796	0.0	0.0	0.0	0.0	0.0	0.0	0.0	0.0	0.0	0.22580645161290322	0.0	1.0	0.0	0.0	0.0	0.032388663967611336	0.017928286852589643	0.0	0.0	0.0	0.0	0.0	0.0	0.0336	0.0	0.0	0.0	0.0	0.0	0.0	0.0	0.0	0.0	0.0	0.0	0.0	0.0	0.0	0.0	0.0	0.0	0.0	0.0	0.0	0.0	0.0	0.0	0.0	0.0	0.0	0.02197802197802198	0.0	0.0	0.0	0.0	0.0	0.0	0.0	0.0	0.0	0.05054151624548736	0.05054151624548736	0.028798411122144985	0.04838709677419355	0.0	0.0	0.04838709677419355	0.022972972972972974	0.0
0.0	0.0	0.0	0.008069939475453935	0.0	0.03870967741935484	0.026737967914438502	0.028938906752411574	0.028938906752411574	0.00816326530612245	0.017857142857142856	0.0	0.0	0.0	0.0	0.0035785288270377734	0.04684317718940937	0.0	0.0	0.0	0.020833333333333332	0.008298755186721992	0.0273972602739726	0.008253094910591471	0.0	0.0	0.0	0.027472527472527472	0.0	0.00816326530612245	0.0	0.012295081967213115	0.0	0.0	0.0	0.0	0.009302325581395349	0.027472527472527472	0.0	0.1650943396226415	0.0	0.08170515097690942	0.0	0.05844155844155844	0.028938906752411574	0.04838709677419355	0.02920443101711984	0.02231237322515213	0.037800687285223365	0.01873327386262266	0.005151688609044075	0.018747907599598258	0.021370670596904937	0.012300123001230012	0.04838709677419355	0.0	0.0	0.0	0.0	0.0	0.0	0.028938906752411574	0.05844155844155844	0.038306451612903226	0.0	0.0	0.0	0.0044365572315882874	0.004830917874396135	0.0	0.0	0.0	0.0	0.0	0.0	0.0	0.0	0.0	0.0	0.010948905109489052	0.0	0.0	0.0	0.0	0.0	0.0194831013916501	0.0	0.0	0.029649595687331536	0.0	0.008113590263691683	0.0053285968028419185	0.0	0.0	0.014545454545454545	0.021897810218978103	0.0	0.025278058645096056	0.0	0.0	0.0	0.040214477211796246	0.0	0.0	0.0	0.00816326530612245	0.027906976744186046	0.0	0.02050113895216401	0.04128440366972477	0.060810810810810814	0.012170385395537525	0.018747907599598258	0.0546218487394958	0.0	0.0	0.029282576866764276	0.0	0.0	0.0	0.05844155844155844	0.0	0.17592592592592593	0.0	0.0	0.0	0.04516129032258064	0.0	0.0	0.0	0.0	0.0	0.0	0.0	0.0	0.0	0.01765650080256822	0.00816326530612245	0.0	0.0	0.0	0.0	0.005405405405405406	0.0	0.00749063670411985	0.39444444444444443	0.4838709677419355	0.36	0.3202846975088968	0.7377049180327869	0.12903225806451613	0.15591397849462366	0.12903225806451613	0.4838709677419355	0.36	0.0	0.03208556149732621	0.0	0.0	0.0	0.014285714285714285	0.009478672985781991	0.027777777777777776	0.1532258064516129	0.04516129032258064	0.27358490566037735	0.1050228310502283	0.12844036697247707	0.12844036697247707	0.1050228310502283	0.12844036697247707	0.17592592592592593	0.1050228310502283	0.12844036697247707	0.39444444444444443	0.13636363636363635	0.0	0.028662420382165606	0.0	0.05054151624548736	0.06288032454361055	0.0	0.04838709677419355	0.0	0.0	0.1016260162601626	0.0	0.0	0.016483516483516484	0.1503267973856209	0.009302325581395349	0.0	0.0	0.0	0.0	0.0	0.0	0.06493506493506493	0.06493506493506493	0.0	0.0	0.0	0.0	0.0	0.0	0.018288222384784197	0.12142857142857143	0.0	0.0	0.0	0.034324942791762014	0.02050113895216401	0.0	0.04838709677419355	0.028192371475953566	0.0	0.01684341859014348	0.01587751630280692	0.0	0.0	0.0	0.0	0.040214477211796246	0.008908685968819599	0.018656716417910446	0.0	0.03870967741935484	0.0	0.0	0.0	0.020429009193054137	0.024	0.00848320325755005	0.0	0.10526315789473684	0.0	1.0	0.744	0.025202520252025202	0.0058823529411764705	0.00436046511627907	0.0	0.0	0.0	0.0	0.0	0.0	0.0	0.0	0.0	0.02967359050445104	0.0	0.03208556149732621	0.01394700139470014	0.028037383177570093	0.05555555555555555	0.04838709677419355	0.0	0.0	0.0	0.0	0.022222222222222223	0.009771986970684038	0.027777777777777776	0.0	0.005151688609044075	0.0	0.03504043126684636	0.0	0.00816326530612245	0.0	0.0	0.0	0.0	0.01092896174863388	0.0	0.08695652173913043	0.0	0.09302325581395349	0.020702070207020702	0.03870967741935484	0.020833333333333332	0.016216216216216217	0.03346203346203346	0.005405405405405406	0.005405405405405406	0.00435097897026831	0.007168458781362007	0.027463651050080775	0.0	0.007168458781362007	0.029157667386609073	0.013812154696132596
0.0	0.0	0.0	0.006688963210702341	0.0	0.028662420382165606	0.018518518518518517	0.01904761904761905	0.01904761904761905	0.006072874493927126	0.012411347517730497	0.0	0.0	0.0	0.0	0.0019755037534571317	0.03838383838383838	0.0	0.0	0.0	0.01859504132231405	0.006172839506172839	0.020361990950226245	0.006839945280437756	0.0	0.0	0.0	0.024456521739130436	0.0	0.006072874493927126	0.0	0.01016260162601626	0.0	0.0	0.0	0.0	0.0069124423963133645	0.024456521739130436	0.0	0.1378504672897196	0.0	0.04938271604938271	0.0	0.04807692307692308	0.01904761904761905	0.0398936170212766	0.022977022977022976	0.01609657947686117	0.03064699205448354	0.013286093888396812	0.0028360748723766306	0.014652014652014652	0.01684981684981685	0.008567931456548347	0.0398936170212766	0.0	0.0	0.0	0.0	0.0	0.0	0.01904761904761905	0.04807692307692308	0.032	0.0	0.0	0.0	0.0026431718061674008	0.0032	0.0	0.0	0.0	0.0	0.0	0.0	0.0	0.0	0.0	0.0	0.009057971014492754	0.0	0.0	0.0	0.0	0.0	0.014618727775582773	0.0	0.0	0.018666666666666668	0.0	0.006036217303822937	0.003527336860670194	0.0	0.0	0.01263537906137184	0.01741654571843251	0.0	0.017051153460381142	0.0	0.0	0.0	0.03183023872679045	0.0	0.0	0.0	0.006072874493927126	0.020737327188940093	0.0	0.013544018058690745	0.03409090909090909	0.056666666666666664	0.01006036217303823	0.014652014652014652	0.052083333333333336	0.0	0.0	0.018922852983988356	0.0	0.0	0.0	0.04807692307692308	0.0	0.13302752293577982	0.0	0.0	0.0	0.03184713375796178	0.0	0.0	0.0	0.0	0.0	0.0	0.0	0.0	0.0	0.012759170653907496	0.006072874493927126	0.0	0.0	0.0	0.0	0.004032258064516129	0.0	0.0055762081784386614	0.3489010989010989	0.36	0.23809523809523808	0.21201413427561838	0.6097560975609756	0.098	0.11436170212765957	0.098	0.36	0.23809523809523808	0.0	0.023809523809523808	0.0	0.0	0.0	0.01179245283018868	0.007042253521126761	0.024725274725274724	0.116	0.03184713375796178	0.22897196261682243	0.06334841628959276	0.08636363636363636	0.08636363636363636	0.06334841628959276	0.08636363636363636	0.13302752293577982	0.06334841628959276	0.08636363636363636	0.3489010989010989	0.11217948717948718	0.0	0.023734177215189875	0.0	0.044802867383512544	0.056338028169014086	0.0	0.0398936170212766	0.0	0.0	0.08669354838709678	0.0	0.0	0.01358695652173913	0.1266233766233766	0.0069124423963133645	0.0	0.0	0.0	0.0	0.0	0.0	0.05128205128205128	0.05128205128205128	0.0	0.0	0.0	0.0	0.0	0.0	0.013818181818181818	0.11619718309859155	0.0	0.0	0.0	0.027210884353741496	0.013544018058690745	0.0	0.0398936170212766	0.023064250411861616	0.0	0.01303538175046555	0.011289867344058707	0.0	0.0	0.0	0.0	0.03183023872679045	0.007380073800738007	0.016666666666666666	0.0	0.028662420382165606	0.0	0.0	0.0	0.0182370820668693	0.0158311345646438	0.007087411407357408	0.0	0.09090909090909091	0.0	0.744	1.0	0.01966041108132261	0.0043859649122807015	0.002890173410404624	0.0	0.0	0.0	0.0	0.0	0.0	0.0	0.0	0.0	0.025073746312684365	0.0	0.023809523809523808	0.012482662968099861	0.019815059445178335	0.0481651376146789	0.0398936170212766	0.0	0.0	0.0	0.0	0.014028056112224449	0.008090614886731391	0.024725274725274724	0.0	0.0028360748723766306	0.0	0.02666666666666667	0.0	0.006072874493927126	0.0	0.0	0.0	0.0	0.009510869565217392	0.0	0.07526881720430108	0.0	0.07603686635944701	0.01519213583556747	0.028662420382165606	0.01859504132231405	0.013368983957219251	0.03201024327784891	0.004032258064516129	0.004032258064516129	0.002883922134102379	0.005338078291814947	0.02247191011235955	0.0	0.005338078291814947	0.025806451612903226	0.012362637362637362
0.027257240204429302	0.0	0.0	0.0	0.0	0.08119079837618404	0.06920415224913495	0.0620782726045884	0.0620782726045884	0.12010919017288443	0.10976594027441484	0.02916346891788181	0.0273972602739726	0.043922369765066395	0.04183757178014766	0.012713403559752997	0.0	0.0	0.0	0.0	0.0	0.0	0.05226130653266332	0.019707565162110616	0.0	0.0	0.0	0.02833530106257379	0.0	0.025477707006369428	0.0	0.0	0.0	0.16368638239339753	0.03184713375796178	0.03951367781155015	0.10112359550561797	0.0755608028335301	0.0	0.0	0.02301410541945063	0.017670682730923693	0.0	0.11972789115646258	0.0620782726045884	0.10196987253765932	0.0764388489208633	0.05972850678733032	0.08165322580645161	0.036290322580645164	0.017632241813602016	0.10666666666666667	0.11720867208672087	0.034383954154727794	0.10196987253765932	0.0	0.0	0.0	0.0	0.0	0.0	0.0620782726045884	0.05442176870748299	0.0594059405940594	0.034161490683229816	0.003033367037411527	0.0	0.015248796147672551	0.016164584864070537	0.0	0.012244897959183673	0.0	0.04261106074342702	0.0	0.0	0.0	0.0	0.0	0.0	0.0	0.0	0.05776173285198556	0.03760282021151586	0.028070175438596492	0.02171945701357466	0.05557573556120596	0.004549590536851683	0.0	0.0	0.09327036599763873	0.0334841628959276	0.017670682730923693	0.0	0.08571428571428572	0.04265791632485644	0.0577568838146407	0.0	0.0	0.0	0.0	0.0	0.03930635838150289	0.0	0.002425222312045271	0.038984587488667274	0.025477707006369428	0.028600612870275793	0.0	0.04212637913741224	0.07265388496468214	0.0	0.0	0.08682170542635659	0.05228758169934641	0.0	0.0	0.03434343434343434	0.0	0.0	0.0	0.05442176870748299	0.023947151114781174	0.04069175991861648	0.05241660993873383	0.0	0.005780346820809248	0.0	0.005780346820809248	0.0326530612244898	0.0326530612244898	0.0	0.0	0.0	0.0	0.0	0.0	0.13333333333333333	0.025477707006369428	0.0	0.0	0.0	0.0	0.017510944340212633	0.01981981981981982	0.02358887952822241	0.07628128724672228	0.025202520252025202	0.01966041108132261	0.017699115044247787	0.0365296803652968	0.025202520252025202	0.03244495944380069	0.025202520252025202	0.025202520252025202	0.01966041108132261	0.05614320585842148	0.03229527104959631	0.0	0.0	0.0	0.04171011470281543	0.029075804776739357	0.0	0.036003600360036005	0.0	0.06618407445708377	0.022110552763819097	0.028254288597376387	0.028254288597376387	0.022110552763819097	0.028254288597376387	0.04069175991861648	0.022110552763819097	0.028254288597376387	0.0	0.0	0.0	0.05236363636363636	0.06523534269199009	0.06845965770171149	0.0751131221719457	0.012398921832884097	0.1761297798377752	0.0	0.004508566275924256	0.0	0.0	0.0	0.047225501770956316	0.029784065524944156	0.017364657814096015	0.06824385805277525	0.0441025641025641	0.020656136087484813	0.003045685279187817	0.0027149321266968325	0.0027149321266968325	0.0	0.0	0.0	0.0	0.0	0.0	0.005820721769499418	0.010211027910142955	0.0477792732166891	0.10603829160530191	0.0	0.0	0.005780346820809248	0.03423967774420947	0.04212637913741224	0.046413502109704644	0.046349942062572425	0.047547169811320754	0.039711191335740074	0.03948896631823461	0.005577689243027889	0.0	0.0	0.0	0.0	0.03930635838150289	0.12005457025920874	0.16120906801007556	0.0	0.08119079837618404	0.028455284552845527	0.010477299185098952	0.0416243654822335	0.02185792349726776	0.02531645569620253	0.47001569858712716	0.0	0.0	0.0	0.025202520252025202	0.01966041108132261	1.0	0.018931710615280595	0.01471571906354515	0.0	0.0	0.0	0.0	0.0	0.0	0.0	0.0	0.0	0.0627130197682345	0.003033367037411527	0.03229527104959631	0.003219575016097875	0.02880184331797235	0.052899287894201424	0.046349942062572425	0.0	0.0	0.0	0.0	0.0	0.0	0.07628128724672228	0.03559870550161812	0.017632241813602016	0.03882783882783883	0.09059233449477352	0.010477299185098952	0.025477707006369428	0.04074505238649592	0.05091649694501019	0.020070838252656435	0.0	0.11876184459886292	0.0	0.0	0.0	0.06128702757916241	0.13577235772357724	0.08119079837618404	0.1927710843373494	0.046565774155995346	0.05080693365212194	0.017510944340212633	0.017510944340212633	0.014686248331108143	0.022672064777327937	0.0397936624907885	0.0	0.022672064777327937	0.035514967021816335	0.015315890236119975
0.0	0.036585365853658534	0.0	0.026954177897574125	0.05076551168412571	0.008097165991902834	0.017921146953405017	0.006060606060606061	0.006060606060606061	0.017804154302670624	0.013440860215053764	0.0	0.0	0.0	0.0	0.008305136880959704	0.0	0.0	0.0	0.0	0.0	0.0	0.006430868167202572	0.0	0.0	0.0	0.0	0.01824817518248175	0.0	0.017804154302670624	0.0	0.0	0.0	0.0	0.0	0.0	0.019543973941368076	0.05474452554744526	0.0	0.0	0.0	0.004016064257028112	0.0	0.012195121951219513	0.006060606060606061	0.01079136690647482	0.028655400440852314	0.019202363367799114	0.008863819500402902	0.0047011417058428475	0.010873942811115585	0.0561375235025517	0.022608695652173914	0.08525576730190572	0.01079136690647482	0.0	0.0	0.0	0.0	0.0	0.0	0.006060606060606061	0.012195121951219513	0.03529411764705882	0.0	0.0	0.0	0.010033444816053512	0.011180124223602485	0.0	0.0	0.0	0.0	0.0	0.0	0.05076551168412571	0.0	0.0	0.0	0.0	0.05076551168412571	0.0	0.0	0.0	0.05465288035450517	0.01076591817902184	0.0	0.0	0.0	0.0	0.0	0.08165997322623829	0.06498194945848375	0.0	0.0326975476839237	0.019562715765247412	0.024177441395984444	0.0	0.0	0.02622950819672131	0.0	0.008976660682226212	0.0	0.0	0.0	0.017804154302670624	0.006514657980456026	0.046289493019838354	0.004815409309791332	0.00967741935483871	0.0	0.0	0.0561375235025517	0.03939393939393939	0.0	0.0	0.0034602076124567475	0.0	0.0	0.0	0.012195121951219513	0.0	0.00974025974025974	0.0	0.059967585089141004	0.0	0.0	0.0	0.0	0.0	0.0	0.0	0.0	0.0	0.0942622950819672	0.0	0.0161090458488228	0.017804154302670624	0.0	0.0	0.0	0.07868852459016394	0.12121212121212122	0.0	0.016713091922005572	0.01838235294117647	0.0058823529411764705	0.0043859649122807015	0.004021447721179625	0.008928571428571428	0.0058823529411764705	0.007194244604316547	0.0058823529411764705	0.0058823529411764705	0.0043859649122807015	0.0	0.007168458781362007	0.0	0.0	0.0	0.029801324503311258	0.019801980198019802	0.0	0.008823529411764706	0.0	0.01644736842105263	0.00482315112540193	0.0064516129032258064	0.0064516129032258064	0.00482315112540193	0.0064516129032258064	0.00974025974025974	0.00482315112540193	0.0064516129032258064	0.0	0.0	0.0	0.007389162561576354	0.0	0.032520325203252036	0.025110782865583457	0.0	0.01079136690647482	0.0	0.0	0.0	0.0	0.0	0.032846715328467155	0.007537688442211055	0.0	0.0	0.0	0.0	0.0	0.0	0.0	0.0	0.0	0.0	0.0	0.0	0.0	0.0	0.0	0.01095100864553314	0.07327586206896551	0.0	0.059967585089141004	0.0	0.008051529790660225	0.004815409309791332	0.0	0.01079136690647482	0.01397712833545108	0.0	0.0167427701674277	0.0	0.0	0.0	0.0	0.0	0.008976660682226212	0.07521865889212828	0.041666666666666664	0.0	0.008097165991902834	0.0	0.0	0.0	0.014847809948032665	0.005366726296958855	0.020363833831115938	0.032388663967611336	0.0	0.032388663967611336	0.0058823529411764705	0.0043859649122807015	0.018931710615280595	1.0	0.7431192660550459	0.0	0.0	0.0	0.0	0.0	0.0	0.046153846153846156	0.0	0.0	0.018648018648018648	0.0	0.007168458781362007	0.0	0.006266786034019696	0.012987012987012988	0.01079136690647482	0.0	0.0	0.0	0.0	0.0	0.0	0.05514705882352941	0.0	0.010873942811115585	0.0	0.03423423423423423	0.0	0.017804154302670624	0.0	0.0	0.0	0.0	0.36681222707423583	0.0	0.0	0.0	0.026058631921824105	0.025016903313049357	0.008097165991902834	0.045180722891566265	0.032490974729241874	0.027055150884495317	0.12121212121212122	0.12121212121212122	0.07384087006296508	0.10512129380053908	0.0186799501867995	0.0	0.10512129380053908	0.08648648648648649	0.011013215859030838
0.0	0.022	0.0	0.014965259219668627	0.0294351630867144	0.00597609561752988	0.012367491166077738	0.003976143141153081	0.003976143141153081	0.013196480938416423	0.009308510638297872	0.0	0.0	0.0	0.0	0.004568991775814804	0.0	0.0	0.0	0.0	0.0	0.0	0.004761904761904762	0.0	0.0	0.0	0.0	0.01618705035971223	0.0	0.013196480938416423	0.0	0.0	0.0	0.0	0.0	0.0	0.014469453376205787	0.048561151079136694	0.0	0.0	0.0	0.0026490066225165563	0.0	0.01	0.003976143141153081	0.008865248226950355	0.023965141612200435	0.014598540145985401	0.007159904534606206	0.0033222591362126247	0.005964214711729622	0.03648468708388815	0.018954623779437105	0.056716417910447764	0.008865248226950355	0.0	0.0	0.0	0.0	0.0	0.0	0.003976143141153081	0.01	0.023255813953488372	0.0	0.0	0.0	0.005956320317670417	0.007380073800738007	0.0	0.0	0.0	0.0	0.0	0.0	0.0294351630867144	0.0	0.0	0.0	0.0	0.0294351630867144	0.0	0.0	0.0	0.035036496350364967	0.007005787389582699	0.0	0.0	0.0	0.0	0.0	0.051655629139072845	0.04448398576512456	0.0	0.02830188679245283	0.01596351197263398	0.013156520831157982	0.0	0.0	0.014563106796116505	0.0	0.007079646017699115	0.0	0.0	0.0	0.013196480938416423	0.00482315112540193	0.026870007262164125	0.003169572107765452	0.007961783439490446	0.0	0.0	0.03648468708388815	0.0374251497005988	0.0	0.0	0.002285714285714286	0.0	0.0	0.0	0.01	0.0	0.008012820512820512	0.0	0.0384	0.0	0.0	0.0	0.0	0.0	0.0	0.0	0.0	0.0	0.07056451612903226	0.0	0.012269938650306749	0.013196480938416423	0.0	0.0	0.0	0.05663430420711974	0.09012875536480687	0.0	0.012396694214876033	0.016304347826086956	0.00436046511627907	0.002890173410404624	0.002652519893899204	0.007352941176470588	0.00436046511627907	0.005319148936170213	0.00436046511627907	0.00436046511627907	0.002890173410404624	0.0	0.00530035335689046	0.0	0.0	0.0	0.024509803921568627	0.014657980456026058	0.0	0.007267441860465116	0.0	0.01461038961038961	0.0031746031746031746	0.004777070063694267	0.004777070063694267	0.0031746031746031746	0.004777070063694267	0.008012820512820512	0.0031746031746031746	0.004777070063694267	0.0	0.0	0.0	0.006097560975609756	0.0	0.028150134048257374	0.020437956204379562	0.0	0.008865248226950355	0.0	0.0	0.0	0.0	0.0	0.02697841726618705	0.006218905472636816	0.0	0.0	0.0	0.0	0.0	0.0	0.0	0.0	0.0	0.0	0.0	0.0	0.0	0.0	0.0	0.0074243289548829245	0.06991525423728813	0.0	0.0384	0.0	0.006359300476947536	0.003169572107765452	0.0	0.008865248226950355	0.012578616352201259	0.0	0.013588324106693507	0.0	0.0	0.0	0.0	0.0	0.007079646017699115	0.053726169844020795	0.03708791208791209	0.0	0.00597609561752988	0.0	0.0	0.0	0.013206162876008804	0.003527336860670194	0.016958277254374158	0.017928286852589643	0.0	0.017928286852589643	0.00436046511627907	0.002890173410404624	0.01471571906354515	0.7431192660550459	1.0	0.0	0.0	0.0	0.0	0.0	0.0	0.026792179580014484	0.0	0.0	0.015011547344110854	0.0	0.00530035335689046	0.0	0.00441306266548985	0.011217948717948718	0.008865248226950355	0.0	0.0	0.0	0.0	0.0	0.0	0.04891304347826087	0.0	0.005964214711729622	0.0	0.028419182948490232	0.0	0.013196480938416423	0.0	0.0	0.0	0.0	0.2683982683982684	0.0	0.0	0.0	0.02090032154340836	0.02073578595317726	0.00597609561752988	0.04017857142857143	0.026690391459074734	0.025799793601651185	0.09012875536480687	0.09012875536480687	0.04821327283040272	0.07466666666666667	0.014796547472256474	0.0	0.07466666666666667	0.06082289803220036	0.009825327510917031
0.0	0.0	0.0	0.0	0.0	0.0	0.0	0.0	0.0	0.0	0.0	0.0	0.0	0.0	0.0	0.0	0.0	0.0	0.0	0.0	0.0273972602739726	0.0	0.0	0.0	0.0	0.0	0.0	0.0	0.07125890736342043	0.0	0.0	0.0	0.0	0.0	0.0	0.0	0.0	0.13636363636363635	0.0	0.0	0.0	0.0	0.04891304347826087	0.0	0.0	0.0	0.05834683954619125	0.0	0.0	0.0	0.0	0.0	0.0	0.0	0.0	0.0	0.0	0.0	0.0	0.0	0.0	0.0	0.0	0.0	0.0	0.0	0.0	0.0	0.0	0.0	0.0	0.0	0.0	0.0	0.0	0.0	0.0	0.0	0.0	0.13333333333333333	0.0	0.0	0.0	0.0	0.0	0.0	0.0	0.0	0.0	0.0	0.0	0.0	0.0	0.0	0.0	0.0	0.0	0.0	0.0	0.0	0.0	0.0	0.0	0.0	0.0	0.0	0.0	0.0	0.0	0.0	0.0	0.05901639344262295	0.0	0.0	0.0	0.0	0.0	0.0	0.0	0.0	0.0	0.0	0.0	0.0	0.0	0.0	0.0	0.0	0.0	0.0	0.0	0.0	0.0	0.0	0.0	0.0	0.0	0.0	0.0	0.04395604395604396	0.0	0.0	0.0	0.0	0.0	0.0	0.0	0.0	0.0	0.0	0.0	0.0	0.0	0.0	0.0	0.0	0.0	0.0	0.0	0.0	0.0	0.0	0.06976744186046512	0.0	0.0	0.0	0.0	0.0	0.0	0.0	0.0	0.0	0.0	0.0	0.0	0.0	0.02531645569620253	0.0	0.0	0.06557377049180328	0.0	0.03529411764705882	0.0	0.0	0.0	0.0	0.0	0.0	0.0	0.0	0.0	0.0	0.0	0.0	0.0	0.0	0.0	0.0	0.0	0.0	0.0	0.0	0.0	0.0	0.0	0.0	0.0	0.20454545454545456	0.0	0.0	0.0	0.0	0.0	0.0	0.0	0.0	0.0	0.0	0.0	0.02857142857142857	0.0	0.0	0.0	0.0	0.0	0.0	0.0	0.0	0.0	0.0	0.04477611940298507	0.0	0.0	0.0	0.0	0.0	0.0	0.0	0.0	0.0	0.0	1.0	0.0	0.0	0.0	0.0	0.0	0.0	0.0	0.0	0.0	0.0	0.0	0.0	0.0	0.0	0.0	0.0	0.2558139534883721	0.2558139534883721	0.0	0.0	0.014084507042253521	0.20930232558139536	0.0	0.0	0.0	0.0	0.0	0.0	0.0	0.0	0.0	0.0	0.0	0.0	0.0	0.0	0.0	0.0	0.0	0.0	0.0989010989010989	0.0	0.0	0.0	0.0	0.0	0.0	0.0	0.0	0.0	0.11194029850746269
0.0	0.0	0.0	0.0	0.0	0.0	0.0	0.0	0.0	0.0	0.0	0.0	0.0	0.0	0.0	0.0	0.0	0.0	0.0	0.0	0.0	0.0	0.0	0.0	0.0	0.0	0.0	0.0	0.02158273381294964	0.0	0.0	0.0	0.0	0.0	0.0	0.0	0.0	0.0	0.0	0.0	0.0	0.0	0.0	0.0	0.0	0.0	0.0	0.0	0.0	0.0	0.0	0.0	0.0	0.0	0.0	0.0	0.0	0.0	0.0	0.0	0.0	0.0	0.0	0.0	0.0	0.0	0.0	0.0	0.0	0.0	0.0	0.0	0.0	0.0	0.0	0.0	0.0	0.0	0.0	0.0	0.0	0.0	0.0	0.0	0.0	0.0	0.0	0.0	0.0	0.0	0.0	0.0	0.0	0.0	0.0	0.0	0.0	0.0	0.0	0.0	0.0	0.0	0.0	0.0	0.0	0.0	0.0	0.0	0.0	0.0	0.0	0.0	0.0	0.0	0.0	0.0	0.0	0.0	0.0	0.0	0.0	0.0	0.0	0.0	0.0	0.0	0.0	0.0	0.0	0.0	0.0	0.0	0.0	0.0	0.0	0.0	0.0	0.0	0.0	0.0	0.14285714285714285	0.0	0.0	0.0	0.0	0.0	0.0	0.0	0.0	0.0	0.0	0.0	0.0	0.0	0.0	0.0	0.0	0.0	0.0	0.0	0.0	0.0	0.0	0.0	0.0	0.0	0.0	0.0	0.0	0.0	0.0	0.0	0.0	0.0	0.0	0.0	0.0	0.0	0.0	0.0	0.0	0.0	0.0	0.0	0.0	0.0	0.0	0.0	0.0	0.0	0.0	0.0	0.0	0.0	0.0	0.0	0.0	0.0	0.0	0.0	0.0	0.0	0.14285714285714285	0.0	0.0	0.0	0.0	0.0	0.0	0.0	0.0	0.0	0.0	0.0	0.0	0.0	0.0	0.0	0.0	0.0	0.0	0.0	0.0	0.0	0.0	0.0	0.0	0.0	0.0	0.0	0.0	0.0	0.0	0.0	0.0	0.0	0.0	0.0	0.0	0.0	0.0	0.0	1.0	0.0	0.0	0.0	0.0	0.0	0.0	0.07692307692307693	0.04979253112033195	0.0	0.0	0.0	0.0	0.0	0.0	0.0	0.0	0.0	0.0	0.0	0.02843601895734597	0.0	0.0	0.0	0.0	0.0	0.0	0.0	0.0	0.024742268041237112	0.0	0.0	0.0	0.0	0.0	0.0	0.0	0.0	0.0	0.0	0.0	0.0	0.0	0.0	0.0	0.0	0.03747072599531616	0.0	0.0	0.0	0.0
0.0	0.0	0.0	0.0	0.0	0.0	0.0	0.0	0.0	0.0	0.0	0.0	0.0	0.0	0.0	0.0	0.0	0.0	0.0	0.0	0.0	0.1360544217687075	0.0	0.0	0.0	0.0	0.0	0.0	0.0	0.0	0.0	0.0	0.0	0.0	0.0	0.0	0.0	0.0	0.0	0.0	0.0	0.0	0.0	0.0	0.0	0.0	0.0	0.0	0.0	0.0	0.0763819095477387	0.0	0.0	0.0	0.0	0.0	0.0	0.0	0.0	0.0	0.0	0.0	0.0	0.0	0.0	0.0	0.0	0.0	0.0	0.0	0.0	0.0	0.0	0.0	0.1267605633802817	0.0	0.0	0.0	0.0	0.0	0.0	0.0	0.0	0.0	0.0	0.0	0.0	0.0	0.0	0.0	0.0	0.0	0.0	0.0	0.0	0.0	0.0	0.0	0.0	0.0	0.0	0.0	0.0	0.0	0.0	0.0	0.0	0.0	0.0	0.0	0.0	0.07868852459016394	0.0	0.0	0.0	0.0	0.0	0.0	0.0	0.0	0.0	0.0	0.0	0.0	0.0	0.0	0.0	0.0	0.0	0.0	0.0	0.4772727272727273	0.0	0.14754098360655737	0.0	0.0	0.0	0.0	0.0	0.0	0.0	0.0	0.0	0.0	0.057803468208092484	0.0	0.0	0.0	0.0	0.0	0.0	0.0	0.0	0.0	0.0	0.0	0.0	0.0	0.0	0.0	0.0	0.18803418803418803	0.0	0.0	0.0	0.0	0.0	0.0	0.0	0.0	0.0	0.0	0.0	0.0	0.0	0.0	0.0	0.0	0.0	0.0	0.0	0.0	0.0	0.0	0.0	0.0	0.0	0.0	0.0	0.0	0.0	0.0	0.0	0.0	0.0	0.0	0.0	0.0	0.0	0.0	0.0	0.0	0.0	0.0	0.0	0.0	0.0	0.0	0.0	0.0	0.0	0.0	0.0	0.0	0.0	0.0	0.0	0.0	0.0	0.0	0.0	0.0	0.0	0.0	0.0	0.0	0.0	0.0	0.0	0.0	0.0	0.0	0.0	0.0	0.0	0.0	0.0	0.0	0.0	0.0	0.0	0.0	0.0	1.0	0.09836065573770492	0.13186813186813187	0.0972972972972973	0.0	0.0	0.0	0.0	0.0	0.0	0.0	0.0	0.0	0.0	0.0	0.0	0.0	0.0	0.0	0.0	0.0	0.0	0.0763819095477387	0.0	0.0	0.0	0.0	0.0	0.0	0.0	0.0	0.0	0.0	0.0	0.0	0.0	0.0	0.0	0.0	0.0	0.0	0.0	0.0	0.0	0.0	0.0	0.0	0.0	0.0	0.0
0.0	0.0	0.039735099337748346	0.022810890360559236	0.0	0.0	0.0	0.0	0.0	0.0	0.0	0.0	0.0	0.0	0.0	0.0	0.0	0.0	0.0	0.0	0.0	0.09569377990430622	0.0	0.0	0.0	0.0	0.0	0.0	0.0	0.0	0.0	0.0	0.0	0.0	0.0	0.0	0.0	0.0	0.0	0.0	0.0	0.014028056112224449	0.12195121951219512	0.0	0.0	0.0	0.0	0.0	0.0	0.02014098690835851	0.05097250167672703	0.0	0.0	0.0	0.0	0.0	0.0	0.0	0.0	0.0	0.0	0.0	0.0	0.0	0.0	0.0	0.0	0.0	0.0	0.0	0.0	0.0	0.018691588785046728	0.0	0.08823529411764706	0.0	0.0	0.0	0.0	0.0	0.0	0.0	0.0	0.0	0.0	0.0	0.0	0.0	0.0	0.0	0.0	0.0	0.0	0.0	0.0	0.0	0.0	0.0	0.0	0.0	0.0	0.0	0.0	0.0	0.0	0.0	0.0	0.0	0.0	0.0	0.0	0.055944055944055944	0.0	0.0	0.0	0.0	0.0	0.0	0.03271028037383177	0.03271028037383177	0.0	0.0	0.0	0.0	0.0	0.0	0.0	0.0	0.0	0.0	0.0	0.12	0.0	0.07317073170731707	0.0	0.0	0.0	0.0	0.0	0.0	0.0	0.0	0.0	0.0	0.0425531914893617	0.0	0.0	0.0	0.0	0.0	0.0	0.0	0.0	0.0	0.0	0.0	0.0	0.0	0.0	0.0	0.0	0.12290502793296089	0.0	0.0	0.0	0.0	0.0	0.0	0.0	0.0	0.0	0.0	0.0	0.0	0.0	0.0	0.0	0.0	0.0	0.0	0.0	0.0	0.0	0.0	0.0	0.0	0.0	0.0	0.0	0.0	0.0	0.0	0.0	0.0	0.0	0.0	0.0	0.0	0.0	0.0	0.0	0.0	0.0	0.0	0.0	0.0	0.0	0.0	0.0	0.0	0.0	0.0	0.0	0.0	0.0	0.0	0.0	0.0	0.0	0.0	0.0	0.0	0.0	0.0	0.0	0.0	0.0	0.017293997965412006	0.0	0.0	0.0	0.0	0.0	0.0	0.0	0.0	0.0	0.0	0.0	0.0	0.0	0.0	0.0	0.09836065573770492	1.0	0.0784313725490196	0.05825242718446602	0.0	0.0	0.0	0.0	0.0	0.0	0.0	0.0	0.016304347826086956	0.0	0.0	0.0	0.0	0.06802721088435375	0.0	0.0	0.0	0.0	0.05097250167672703	0.0	0.0	0.0	0.0	0.0	0.0	0.0	0.0	0.0	0.0	0.0	0.0	0.0	0.0	0.0	0.0	0.0	0.0	0.0	0.0	0.0	0.0	0.0	0.0	0.0	0.0	0.0
0.0	0.0	0.05	0.0	0.0	0.0	0.0	0.0	0.0	0.0	0.0	0.0	0.0	0.0	0.0	0.0	0.0	0.1282051282051282	0.0	0.0	0.0	0.20224719101123595	0.0	0.0	0.0	0.0743801652892562	0.0	0.0	0.0	0.0	0.0	0.0	0.0	0.0	0.0	0.0	0.0	0.0	0.0	0.0	0.0	0.0	0.13953488372093023	0.0	0.0	0.0	0.0	0.0	0.0	0.0	0.061142397425583264	0.0	0.0	0.0	0.0	0.025210084033613446	0.0	0.0	0.0	0.0	0.0	0.0	0.0	0.0	0.06053268765133172	0.0	0.0	0.0	0.0	0.0	0.0	0.0	0.0	0.0	0.10404624277456648	0.0	0.04918032786885246	0.0	0.0	0.0	0.0	0.0	0.0	0.0	0.0	0.0	0.0	0.0	0.0	0.0	0.0	0.0	0.0	0.0	0.0	0.0	0.0	0.0	0.0	0.06	0.0	0.0	0.16853932584269662	0.0	0.0	0.0	0.0	0.0	0.0	0.0	0.0	0.0653950953678474	0.0	0.0	0.0	0.0	0.0	0.0	0.0	0.0	0.0	0.0	0.0	0.0	0.0	0.012145748987854251	0.0	0.012145748987854251	0.0	0.0	0.0	0.15126050420168066	0.0	0.09782608695652174	0.0	0.16853932584269662	0.0	0.0	0.16853932584269662	0.04918032786885246	0.0	0.0	0.0	0.0	0.049019607843137254	0.0	0.0	0.0	0.13761467889908258	0.0	0.16216216216216217	0.0	0.16216216216216217	0.0	0.0	0.0	0.0	0.0326975476839237	0.0	0.0	0.0	0.14864864864864866	0.0	0.0	0.0	0.0	0.0	0.0	0.0	0.0	0.0	0.0	0.0	0.0	0.0	0.0	0.0	0.0	0.0	0.0	0.0	0.0	0.0	0.0	0.0	0.0	0.0	0.0	0.0	0.0	0.0	0.0	0.0	0.0	0.0	0.0	0.0	0.0	0.0	0.04918032786885246	0.0	0.042735042735042736	0.0	0.0	0.0	0.0	0.0	0.07563025210084033	0.0	0.012145748987854251	0.0	0.0	0.0	0.0	0.0	0.0782608695652174	0.0	0.0	0.0	0.0	0.016260162601626018	0.0	0.0	0.0	0.0	0.0	0.0	0.0	0.01639344262295082	0.0	0.0	0.0	0.0	0.0	0.0	0.0	0.0	0.0	0.0	0.0	0.0	0.0	0.0	0.13186813186813187	0.0784313725490196	1.0	0.7408906882591093	0.1610738255033557	0.07563025210084033	0.0	0.0	0.0	0.0	0.005076142131979695	0.0	0.0	0.0	0.0	0.0	0.0	0.05172413793103448	0.0	0.0	0.0	0.02158273381294964	0.061142397425583264	0.0	0.0	0.01639344262295082	0.0	0.0	0.0054446460980036296	0.0	0.03896103896103896	0.0	0.0	0.0	0.0	0.0	0.0	0.0	0.0	0.0	0.0	0.0	0.0	0.0	0.0	0.0	0.056179775280898875	0.0	0.0	0.0
0.0	0.0	0.037037037037037035	0.0	0.0	0.0	0.0	0.0	0.0	0.0	0.0	0.0	0.0	0.0	0.0	0.0	0.0	0.11392405063291139	0.0	0.0	0.0	0.1615598885793872	0.0	0.0	0.0	0.061224489795918366	0.0	0.0	0.0	0.0	0.0	0.0	0.0	0.0	0.0	0.0	0.0	0.0	0.0	0.0	0.0	0.0	0.10392609699769054	0.0	0.0	0.0	0.0	0.0	0.0	0.0	0.04143426294820717	0.0	0.0	0.0	0.0	0.02074688796680498	0.0	0.0	0.0	0.0	0.0	0.0	0.0	0.0	0.03614457831325301	0.0	0.0	0.0	0.0	0.0	0.0	0.0	0.0	0.0	0.08595988538681948	0.0	0.03643724696356275	0.0	0.0	0.0	0.0	0.0	0.0	0.0	0.0	0.0	0.0	0.0	0.0	0.0	0.0	0.0	0.0	0.0	0.0	0.0	0.0	0.0	0.0	0.04950495049504951	0.0	0.0	0.14917127071823205	0.0	0.0	0.0	0.0	0.0	0.0	0.0	0.0	0.04864864864864865	0.0	0.0	0.0	0.0	0.0	0.0	0.0	0.0	0.0	0.0	0.0	0.0	0.0	0.008	0.0	0.008	0.0	0.0	0.0	0.12448132780082988	0.0	0.06417112299465241	0.0	0.14917127071823205	0.0	0.0	0.14917127071823205	0.03643724696356275	0.0	0.0	0.0	0.0	0.043795620437956206	0.0	0.0	0.0	0.10250569476082004	0.0	0.12064343163538874	0.0	0.12064343163538874	0.0	0.0	0.0	0.0	0.024324324324324326	0.0	0.0	0.0	0.12709030100334448	0.0	0.0	0.0	0.0	0.0	0.0	0.0	0.0	0.0	0.0	0.0	0.0	0.0	0.0	0.0	0.0	0.0	0.0	0.0	0.0	0.0	0.0	0.0	0.0	0.0	0.0	0.0	0.0	0.0	0.0	0.0	0.0	0.0	0.0	0.0	0.0	0.0	0.04065040650406504	0.0	0.0379746835443038	0.0	0.0	0.0	0.0	0.0	0.06224066390041494	0.0	0.008	0.0	0.0	0.0	0.0	0.0	0.06437768240343347	0.0	0.0	0.0	0.0	0.012048192771084338	0.0	0.0	0.0	0.0	0.0	0.0	0.0	0.012145748987854251	0.0	0.0	0.0	0.0	0.0	0.0	0.0	0.0	0.0	0.0	0.0	0.0	0.0	0.0	0.0972972972972973	0.05825242718446602	0.7408906882591093	1.0	0.11984021304926765	0.06224066390041494	0.0	0.0	0.0	0.0	0.003367003367003367	0.0	0.0	0.0	0.0	0.0	0.0	0.03829787234042553	0.0	0.0	0.0	0.017793594306049824	0.04143426294820717	0.0	0.0	0.012145748987854251	0.0	0.0	0.0036101083032490976	0.0	0.028938906752411574	0.0	0.0	0.0	0.0	0.0	0.0	0.0	0.0	0.0	0.0	0.0	0.0	0.0	0.0	0.0	0.049723756906077346	0.0	0.0	0.0
0.0	0.05314009661835749	0.032564450474898234	0.006032171581769437	0.4214123006833713	0.0	0.0	0.0	0.0	0.0	0.0	0.0	0.0	0.0	0.0	0.0	0.0	0.08275862068965517	0.0	0.0	0.0	0.0	0.0	0.0	0.0	0.048582995951417005	0.0	0.0	0.0	0.0	0.0	0.0	0.0	0.0	0.0	0.0	0.0	0.0	0.0	0.0	0.0	0.0	0.10743061772605192	0.0	0.0	0.0	0.0	0.0	0.0	0.0	0.0	0.01901901901901902	0.0	0.12691600245248313	0.0	0.01637107776261937	0.0	0.0	0.0	0.0	0.0	0.0	0.0	0.015045135406218655	0.05013368983957219	0.0	0.0	0.0	0.0	0.0	0.0	0.0	0.0	0.0	0.0	0.09339407744874716	0.032214765100671144	0.0	0.0	0.0	0.20273348519362186	0.0	0.0	0.0	0.2694248234106963	0.0	0.0	0.0	0.0	0.0	0.0	0.029177718832891247	0.06577181208053691	0.0	0.0	0.0	0.06624488276888724	0.0	0.0	0.06651108518086347	0.0	0.0	0.09787928221859707	0.0	0.0	0.0	0.0	0.17835671342685372	0.0	0.0	0.0	0.0	0.01901901901901902	0.0	0.0	0.0	0.0	0.0	0.0	0.0	0.0	0.0	0.0	0.0	0.3065442020665901	0.007989347536617843	0.0	0.007989347536617843	0.0	0.0	0.0	0.0	0.0	0.0	0.037520391517128875	0.09787928221859707	0.0	0.0	0.09787928221859707	0.032214765100671144	0.0	0.5192532088681447	0.21885521885521886	0.0	0.0	0.0	0.0	0.0	0.10628875110717449	0.0	0.12036108324974924	0.0	0.12036108324974924	0.0	0.0	0.0	0.0	0.024217961654894045	0.0	0.0	0.0	0.0	0.0	0.0	0.0	0.0	0.0	0.0	0.0	0.0	0.0	0.0	0.0	0.0	0.0	0.0	0.0	0.0	0.0	0.0	0.0	0.0	0.0	0.0	0.0	0.0	0.0	0.0	0.0	0.0	0.0	0.0	0.0	0.0	0.0	0.0	0.0	0.0	0.0	0.03640040444893832	0.0	0.027586206896551724	0.0	0.0	0.0	0.0	0.0	0.04911323328785812	0.3065442020665901	0.007989347536617843	0.0	0.0	0.0	0.0	0.0	0.0502092050209205	0.0	0.0	0.0	0.0	0.010680907877169559	0.0	0.0	0.03254437869822485	0.0	0.0	0.0	0.0	0.010738255033557046	0.0	0.0	0.0	0.0	0.0336	0.0	0.0336	0.0	0.0	0.0	0.046153846153846156	0.026792179580014484	0.0	0.0	0.0	0.0	0.1610738255033557	0.11984021304926765	1.0	0.04911323328785812	0.0	0.0	0.0	0.0	0.004169562195969423	0.0	0.0	0.0	0.0	0.0	0.0	0.033287101248266296	0.0	0.0	0.0	0.014760147601476014	0.0	0.0	0.0	0.010738255033557046	0.0	0.0	0.004415011037527594	0.0	0.027491408934707903	0.031994554118447927	0.0	0.0	0.0	0.0	0.0	0.0	0.0	0.0	0.0	0.12188552188552189	0.12188552188552189	0.030346820809248554	0.04727921498661909	0.0	0.03262642740619902	0.04727921498661909	0.11147011308562198	0.0
0.03483309143686502	0.0	0.07692307692307693	0.0	0.0	0.0	0.0	0.0	0.0	0.0	0.0	0.0	0.0	0.0	0.0	0.0	0.0	0.22807017543859648	0.055865921787709494	0.0	0.0	0.0	0.0	0.06050420168067227	0.16853932584269662	0.15254237288135594	0.0	0.0	0.07547169811320754	0.0	0.0	0.0	0.0	0.0	0.0	0.0	0.0	0.0	0.0547945205479452	0.0	0.0	0.0	0.04245283018867924	0.0	0.0	0.0	0.0	0.0	0.0	0.0	0.0	0.0	0.0	0.0	0.0	0.10344827586206896	0.09302325581395349	0.05405405405405406	0.03442485306465155	0.2702702702702703	0.0	0.0	0.0	0.0	0.022004889975550123	0.0	0.0	0.0	0.0	0.12582781456953643	0.0	0.0	0.0	0.0	0.0	0.0	0.12605042016806722	0.0	0.0	0.0	0.0	0.0	0.0	0.05084745762711865	0.0	0.0	0.0	0.0	0.0	0.0	0.0	0.0	0.0	0.0	0.0	0.0	0.0	0.0	0.0	0.08163265306122448	0.20454545454545456	0.0	0.20930232558139536	0.0	0.0	0.0	0.0	0.0	0.0	0.0	0.0	0.07479224376731301	0.0	0.0	0.14634146341463414	0.09302325581395349	0.05807622504537205	0.0	0.0	0.0	0.0	0.0	0.0	0.0	0.0	0.02074688796680498	0.0	0.02074688796680498	0.0	0.0	0.27906976744186046	0.15517241379310345	0.0	0.0	0.0	0.20930232558139536	0.0	0.0	0.20930232558139536	0.07563025210084033	0.0	0.0	0.0	0.0	0.0	0.0	0.0	0.0	0.04186046511627907	0.0	0.04945054945054945	0.0	0.04945054945054945	0.0	0.0	0.0	0.0	0.04986149584487535	0.0	0.0	0.0	0.0	0.0	0.0	0.0	0.0	0.0	0.0	0.0	0.0	0.0	0.0	0.0	0.0	0.0	0.0	0.03018867924528302	0.0	0.0	0.0	0.0	0.0	0.0	0.0	0.0	0.0	0.0	0.0	0.0	0.075	0.0	0.0	0.0	0.0	0.0	0.0	0.0	0.0	0.0	0.17777777777777778	0.24561403508771928	0.12280701754385964	0.0	0.0	0.0	0.0	0.0	0.10344827586206896	0.0	0.02074688796680498	0.0	0.0	0.0	0.0	0.0	0.10714285714285714	0.0	0.0	0.0	0.03361344537815126	0.025	0.0	0.0	0.0	0.0	0.0	0.0	0.0	0.025210084033613446	0.0	0.0	0.0	0.0	0.0	0.0	0.0	0.0	0.0	0.0	0.0	0.0	0.0	0.0	0.0	0.0	0.07563025210084033	0.06224066390041494	0.04911323328785812	1.0	0.0	0.0	0.0	0.0	0.008547008547008548	0.0	0.0	0.0	0.0	0.0	0.0	0.07964601769911504	0.0	0.0	0.0	0.029411764705882353	0.0	0.0	0.0	0.025210084033613446	0.0	0.15126050420168066	0.009174311926605505	0.0	0.09933774834437085	0.0	0.053691275167785234	0.0	0.20454545454545456	0.0	0.0	0.0	0.0	0.0	0.0	0.0	0.0	0.0	0.0	0.0	0.06976744186046512	0.0	0.0	0.0
0.08655126498002663	0.0	0.0	0.0	0.0	0.0	0.0	0.0	0.0	0.0	0.0	0.033233915636983385	0.0400890868596882	0.0	0.0	0.0	0.0855106888361045	0.0	0.014285714285714285	0.0	0.0	0.0	0.0	0.0730593607305936	0.0	0.0	0.0	0.0	0.06493506493506493	0.0	0.0	0.06698564593301436	0.0	0.0	0.05714285714285714	0.0	0.0	0.0	0.1016949152542373	0.0	0.0661764705882353	0.0	0.0	0.0	0.0	0.0	0.0	0.0	0.0	0.0	0.0	0.0	0.0	0.0	0.0	0.0	0.0	0.0670391061452514	0.10006949270326616	0.0	0.0	0.0	0.0	0.0	0.0	0.06575342465753424	0.0	0.0	0.0	0.0	0.0	0.11299435028248588	0.0	0.0	0.10945273631840796	0.0	0.0	0.0	0.0	0.0502092050209205	0.0	0.0	0.0	0.0	0.0	0.0	0.0761904761904762	0.0	0.07973421926910298	0.0	0.0	0.0	0.0	0.0	0.0	0.0	0.022456890790001335	0.05653710247349823	0.0	0.033707865168539325	0.0	0.0	0.0	0.065439672801636	0.0	0.0	0.0	0.05627198124267292	0.0	0.0	0.0	0.0	0.0	0.059113300492610835	0.0	0.0	0.009787928221859706	0.0	0.0	0.0	0.0	0.058823529411764705	0.0	0.03966942148760331	0.0	0.0	0.0	0.0	0.0	0.0	0.0	0.0	0.0	0.0	0.0	0.0	0.0	0.0	0.0	0.0	0.07692307692307693	0.0	0.0	0.0564042303172738	0.0	0.0	0.0	0.0	0.0	0.0	0.0	0.0	0.0	0.0	0.0	0.0	0.0	0.0	0.0	0.0	0.0	0.0	0.0	0.0	0.0	0.0	0.0	0.0	0.0	0.0	0.0	0.0	0.0	0.0	0.0	0.0	0.07094594594594594	0.0	0.02100840336134454	0.0	0.0	0.045112781954887216	0.0	0.0	0.01647058823529412	0.0	0.15172413793103448	0.022857142857142857	0.0	0.0	0.0	0.0	0.0	0.0	0.06611570247933884	0.0851063829787234	0.0851063829787234	0.0	0.0	0.0	0.0	0.0	0.07692307692307693	0.0	0.05950413223140496	0.0	0.0	0.0	0.0	0.0	0.0	0.0	0.0	0.0	0.0675422138836773	0.0	0.0	0.020326455189405606	0.0	0.01486988847583643	0.0	0.0	0.0	0.0	0.0	0.0	0.0	0.0	0.0	0.0	0.057210965435041714	0.0	0.0	0.0	0.0	0.0	0.0	0.0	0.0	0.0	0.0	0.0	0.07692307692307693	0.0	0.0	0.0	0.0	0.0	0.0	1.0	0.11589403973509933	0.06575342465753424	0.0	0.061823802163833076	0.0	0.0	0.0	0.0	0.0	0.0	0.0	0.0	0.025735294117647058	0.0	0.0	0.0	0.0325497287522604	0.0	0.0	0.0	0.0	0.023064250411861616	0.0	0.0	0.0	0.016666666666666666	0.0	0.0	0.0	0.0	0.0	0.0	0.0	0.05233380480905234	0.0	0.0	0.0	0.0	0.03278688524590164	0.0	0.0	0.028037383177570093	0.04281345565749235
0.0	0.0	0.0	0.0	0.0	0.07377049180327869	0.06521739130434782	0.05930470347648262	0.05930470347648262	0.023952095808383235	0.04878048780487805	0.0	0.0	0.0	0.0	0.013325069724202046	0.0	0.0	0.0	0.0	0.0	0.0	0.22727272727272727	0.0	0.0	0.0	0.0	0.025830258302583026	0.021601016518424398	0.023952095808383235	0.0	0.0	0.0	0.0	0.0	0.0	0.02631578947368421	0.06273062730627306	0.0	0.0	0.0	0.022941970310391364	0.0	0.102880658436214	0.05930470347648262	0.09090909090909091	0.07190511489992588	0.05812220566318927	0.07567127746135069	0.08733920108327692	0.017486783245221633	0.04974317383076507	0.056625802685347344	0.03632694248234107	0.09090909090909091	0.0	0.0	0.0	0.0	0.0	0.0	0.05930470347648262	0.09465020576131687	0.07566765578635015	0.0	0.0	0.0	0.015509103169251517	0.016270337922403004	0.0	0.0	0.0	0.0	0.0	0.0	0.0	0.0	0.0	0.0	0.0	0.0	0.0	0.0	0.0	0.0	0.17942361326309267	0.0	0.0	0.0	0.0	0.0	0.017543859649122806	0.0	0.0	0.038461538461538464	0.056778679026651215	0.0	0.0	0.0	0.0	0.0	0.041742286751361164	0.0	0.0	0.0	0.023952095808383235	0.03289473684210526	0.0	0.18962722852512157	0.30293159609120524	0.0	0.0	0.032441200324412	0.045871559633027525	0.0	0.0	0.019744483159117306	0.0	0.0	0.0	0.053497942386831275	0.0	0.04262295081967213	0.0	0.0	0.0	0.0	0.0	0.0	0.0	0.0	0.0	0.0	0.0	0.0	0.0	0.04868913857677903	0.023952095808383235	0.0	0.0	0.04979253112033195	0.0	0.017429193899782137	0.0	0.02247191011235955	0.07063197026022305	0.02967359050445104	0.025073746312684365	0.022972972972972974	0.03903903903903904	0.02967359050445104	0.03636363636363636	0.02967359050445104	0.02967359050445104	0.025073746312684365	0.0	0.036231884057971016	0.0	0.0	0.0	0.03678929765886288	0.02666666666666667	0.0	0.03857566765578635	0.0	0.06312292358803986	0.027597402597402596	0.03257328990228013	0.03257328990228013	0.027597402597402596	0.03257328990228013	0.04262295081967213	0.027597402597402596	0.03257328990228013	0.0	0.0	0.0	0.23076923076923078	0.0	0.13114754098360656	0.09687034277198212	0.0	0.09090909090909091	0.0	0.0	0.0	0.0	0.0	0.04059040590405904	0.03291139240506329	0.0	0.0	0.0	0.0	0.0	0.0	0.0	0.0	0.0	0.0	0.0	0.0	0.04979253112033195	0.0	0.0	0.0481717933836332	0.08296943231441048	0.0	0.0	0.0	0.12195121951219512	0.18962722852512157	0.0	0.1781818181818182	0.04225352112676056	0.0	0.0709545686574783	0.0	0.0	0.0	0.0	0.0	0.041742286751361164	0.025836758661186142	0.047619047619047616	0.0	0.07377049180327869	0.0	0.0	0.0	0.020973782771535582	0.09584086799276673	0.02487018311013938	0.0	0.0	0.0	0.02967359050445104	0.025073746312684365	0.0627130197682345	0.018648018648018648	0.015011547344110854	0.0	0.04979253112033195	0.0	0.0	0.0	0.0	0.0	0.0	0.11589403973509933	1.0	0.0	0.036231884057971016	0.0	0.0334841628959276	0.05245901639344262	0.04727272727272727	0.0	0.0	0.0	0.0	0.0	0.025252525252525252	0.06319702602230483	0.0	0.017486783245221633	0.0	0.08196721311475409	0.0	0.023952095808383235	0.0	0.023391812865497075	0.0	0.0	0.03076923076923077	0.0	0.0	0.0	0.05921052631578947	0.05657805044308112	0.07377049180327869	0.05167173252279635	0.040145985401459854	0.031413612565445025	0.017429193899782137	0.017429193899782137	0.014985590778097982	0.021739130434782608	0.15683814303638646	0.0	0.021739130434782608	0.03713768115942029	0.015521064301552107
0.13815789473684212	0.0	0.0	0.0	0.0	0.0	0.0	0.0	0.0	0.0	0.0	0.17209302325581396	0.09010989010989011	0.018970189701897018	0.034764826175869123	0.0	0.08372093023255814	0.0	0.013986013986013986	0.0	0.0	0.0	0.0	0.0915915915915916	0.0	0.0	0.0	0.0	0.043795620437956206	0.0	0.0	0.06557377049180328	0.0	0.037037037037037035	0.06293706293706294	0.013404825737265416	0.024390243902439025	0.0	0.09917355371900827	0.0	0.1717902350813743	0.0	0.0	0.0	0.0	0.0	0.0	0.0	0.0	0.0	0.0	0.0	0.0	0.0	0.0	0.0	0.0	0.0653950953678474	0.0976271186440678	0.0	0.0	0.0	0.0	0.0	0.018991964937910884	0.48663101604278075	0.0	0.0	0.0	0.0	0.020242914979757085	0.11019283746556474	0.01160092807424594	0.0	0.1070559610705596	0.0	0.0	0.0	0.0	0.049281314168377825	0.0	0.0	0.0	0.0	0.0	0.0035226772346983706	0.1794871794871795	0.0	0.07741935483870968	0.0429042904290429	0.023148148148148147	0.0	0.0	0.020242914979757085	0.0	0.0	0.022242817423540315	0.05536332179930796	0.0	0.03287671232876712	0.0	0.0	0.0	0.3815261044176707	0.016241299303944315	0.0	0.0	0.05510907003444317	0.0	0.0	0.0	0.0	0.0	0.05783132530120482	0.0	0.0	0.01929260450160772	0.0	0.0	0.0	0.0	0.13814432989690723	0.0	0.09446254071661238	0.0	0.028846153846153848	0.0	0.028846153846153848	0.0	0.0	0.0	0.0	0.0	0.0	0.0	0.0	0.0	0.0	0.0	0.0	0.0	0.0	0.0	0.12313003452243959	0.0	0.0	0.0	0.0	0.0	0.0	0.0	0.0	0.0	0.0	0.0	0.020242914979757085	0.0	0.0	0.0	0.0	0.0	0.0	0.0	0.0	0.0	0.0	0.0	0.0	0.0	0.0	0.0	0.0	0.0	0.0	0.0	0.0	0.06988352745424292	0.0	0.04742268041237113	0.0	0.006944444444444444	0.241635687732342	0.0	0.0	0.02304147465437788	0.0	0.14715719063545152	0.022284122562674095	0.0	0.0	0.024390243902439025	0.03496503496503497	0.035422343324250684	0.030927835051546393	0.06989247311827956	0.14351851851851852	0.14351851851851852	0.0	0.0	0.0	0.0	0.0	0.0	0.009708737864077669	0.11074918566775244	0.0	0.0	0.0	0.0	0.009615384615384616	0.0	0.0	0.07234042553191489	0.0	0.13468634686346864	0.0576271186440678	0.012153950033760972	0.02162656107219007	0.0	0.014625228519195612	0.0	0.0	0.0	0.0	0.0	0.0	0.0	0.01820020222446916	0.04854368932038835	0.021505376344086023	0.056009334889148193	0.0	0.0059193488716241215	0.0	0.0	0.0	0.0	0.0	0.003033367037411527	0.0	0.0	0.0	0.0	0.0	0.0	0.0	0.0	0.0	0.0	0.06575342465753424	0.0	1.0	0.0	0.09298780487804878	0.0	0.0	0.0	0.0	0.0	0.0	0.0	0.0	0.0	0.0	0.04956268221574344	0.0	0.08185053380782918	0.0	0.04854368932038835	0.0	0.009708737864077669	0.03409090909090909	0.0297029702970297	0.0	0.0	0.016260162601626018	0.0	0.0	0.0	0.0	0.0	0.0	0.0	0.10614525139664804	0.0	0.0	0.0	0.0	0.0	0.0	0.0	0.027745664739884393	0.042232277526395176
0.0	0.0	0.0	0.0	0.0	0.06382978723404255	0.03968253968253968	0.047619047619047616	0.047619047619047616	0.010869565217391304	0.0228310502283105	0.0	0.0	0.0	0.0	0.004440059200789344	0.0	0.0	0.0	0.0	0.0	0.0	0.0379746835443038	0.0	0.0	0.0	0.0	0.04132231404958678	0.0	0.010869565217391304	0.0	0.0	0.0	0.0	0.0	0.0	0.012987012987012988	0.04132231404958678	0.0	0.0	0.0	0.02040816326530612	0.0	0.0967741935483871	0.047619047619047616	0.072	0.03871829105473965	0.029649595687331536	0.05246422893481717	0.02394526795895097	0.007148530579825258	0.022408963585434174	0.02605570530098832	0.01447178002894356	0.072	0.0	0.0	0.0	0.0	0.0	0.0	0.047619047619047616	0.0967741935483871	0.05080213903743316	0.0	0.0	0.0	0.0056625141562853904	0.006012024048096192	0.0	0.0	0.0	0.0	0.0	0.0	0.0	0.0	0.0	0.0	0.0	0.0	0.0	0.0	0.0	0.0	0.024173655648741982	0.0	0.0	0.0	0.0	0.0	0.006802721088435374	0.0	0.0	0.018691588785046728	0.02664298401420959	0.0	0.0	0.0	0.0	0.0	0.2350597609561753	0.0	0.0	0.0	0.010869565217391304	0.09090909090909091	0.0	0.028391167192429023	0.05732484076433121	0.0	0.0	0.022408963585434174	0.07344632768361582	0.0	0.0	0.016042780748663103	0.0	0.0	0.0	0.0967741935483871	0.0	0.05806451612903226	0.0	0.0	0.0	0.0	0.0	0.0	0.0	0.0	0.0	0.0	0.0	0.0	0.0	0.021956087824351298	0.010869565217391304	0.0	0.0	0.0	0.0	0.006472491909385114	0.0	0.009708737864077669	0.12605042016806722	0.03208556149732621	0.023809523809523808	0.020454545454545454	0.04918032786885246	0.03208556149732621	0.048	0.03208556149732621	0.03208556149732621	0.023809523809523808	0.0	0.1746031746031746	0.0	0.0	0.0	0.020134228187919462	0.013333333333333334	0.0	0.09090909090909091	0.0	0.09933774834437085	0.028481012658227847	0.03821656050955414	0.03821656050955414	0.028481012658227847	0.03821656050955414	0.05806451612903226	0.028481012658227847	0.03821656050955414	0.0	0.0	0.0	0.03557312252964427	0.0	0.06481481481481481	0.08355795148247978	0.0	0.072	0.0	0.0	0.0	0.0	0.0	0.024793388429752067	0.036734693877551024	0.0	0.0	0.0	0.0	0.0	0.0	0.0	0.0	0.0	0.0	0.0	0.0	0.0	0.0	0.0	0.02226179875333927	0.21518987341772153	0.0	0.0	0.0	0.047619047619047616	0.028391167192429023	0.0	0.072	0.035343035343035345	0.0	0.019867549668874173	0.0	0.0	0.0	0.0	0.0	0.2350597609561753	0.010879419764279238	0.024154589371980676	0.0	0.06382978723404255	0.0	0.0	0.0	0.027210884353741496	0.03557312252964427	0.010166734444896299	0.0	0.0	0.0	0.03208556149732621	0.023809523809523808	0.03229527104959631	0.007168458781362007	0.00530035335689046	0.0	0.0	0.0	0.0	0.0	0.0	0.0	0.0	0.0	0.036231884057971016	0.0	1.0	0.0	0.1603960396039604	0.2064516129032258	0.264	0.0	0.0	0.0	0.0	0.0	0.0	0.04201680672268908	0.0	0.007148530579825258	0.0	0.05220883534136546	0.0	0.010869565217391304	0.0	0.0	0.0	0.0	0.013114754098360656	0.0	0.0	0.0	0.06493506493506493	0.0265282583621684	0.06382978723404255	0.027932960893854747	0.024193548387096774	0.03969465648854962	0.006472491909385114	0.006472491909385114	0.0052863436123348016	0.009174311926605505	0.03420523138832998	0.0	0.009174311926605505	0.033582089552238806	0.016611295681063124
0.15451055662188098	0.0	0.005110732538330494	0.03732503888024884	0.0	0.0	0.0	0.0	0.0	0.0	0.0	0.05633321952884943	0.05650596163815448	0.03686635944700461	0.023346303501945526	0.0	0.07303370786516854	0.01549053356282272	0.03656821378340366	0.030476190476190476	0.05135520684736091	0.01422475106685633	0.0	0.22362869198312235	0.0	0.008488964346349746	0.09073724007561437	0.0	0.04819277108433735	0.0	0.030245746691871456	0.27080394922425954	0.027538726333907058	0.01904761904761905	0.06188466947960619	0.00916030534351145	0.015360983102918587	0.0	0.08062015503875969	0.07441860465116279	0.07664670658682635	0.010841836734693877	0.003861003861003861	0.0	0.0	0.0	0.0	0.0	0.0	0.0	0.0	0.0	0.0	0.0	0.0	0.008547008547008548	0.0	0.061633281972265024	0.07990779869381483	0.0	0.0	0.0	0.0	0.0	0.01603724780134506	0.09298780487804878	0.0	0.0	0.0	0.0	0.011342155009451797	0.24186046511627907	0.030855539971949508	0.0	0.08658008658008658	0.0	0.005076142131979695	0.0380952380952381	0.030245746691871456	0.06762028608582575	0.0	0.0	0.0	0.0	0.0	0.00353045013239188	0.14064697609001406	0.022684310018903593	0.06756756756756757	0.023931623931623933	0.029411764705882353	0.0	0.0	0.011342155009451797	0.0	0.0	0.03751656641859517	0.055904961565338925	0.0	0.03863987635239567	0.0	0.0	0.017142857142857144	0.10384615384615385	0.033660589060308554	0.0	0.0	0.05574912891986063	0.0	0.0	0.04642166344294004	0.01680672268907563	0.0	0.05738880918220947	0.0	0.0	0.03650442477876106	0.0	0.0	0.0	0.0	0.09908735332464146	0.015313935681470138	0.07924107142857142	0.0	0.04377104377104377	0.0	0.04377104377104377	0.0	0.0	0.0	0.0	0.0	0.0	0.0	0.017142857142857144	0.0	0.0	0.017142857142857144	0.005076142131979695	0.0	0.0	0.0	0.06489881367759945	0.0	0.0	0.01394700139470014	0.012482662968099861	0.01532567049808429	0.01692524682651622	0.0041841004184100415	0.0	0.0041841004184100415	0.01394700139470014	0.012482662968099861	0.03479381443298969	0.0	0.004201680672268907	0.0	0.0	0.0	0.0	0.027538726333907058	0.01394700139470014	0.0	0.018604651162790697	0.012898330804248861	0.0136986301369863	0.0136986301369863	0.012898330804248861	0.0136986301369863	0.015313935681470138	0.012898330804248861	0.0136986301369863	0.027538726333907058	0.022684310018903593	0.10192525481313704	0.0	0.14602346805736635	0.0	0.0056022408963585435	0.06795224977043159	0.0	0.0	0.2639664804469274	0.02244039270687237	0.14457831325301204	0.0499219968798752	0.0	0.01920768307322929	0.030721966205837174	0.02250351617440225	0.02157164869029276	0.059336823734729496	0.08103975535168195	0.09103641456582633	0.09103641456582633	0.0	0.0	0.0070126227208976155	0.0	0.04647160068846816	0.0	0.02707275803722504	0.08370535714285714	0.0	0.0	0.008547008547008548	0.0	0.030303030303030304	0.0	0.0	0.03481624758220503	0.0	0.08009708737864078	0.03986135181975736	0.009779951100244499	0.031512128768986625	0.0	0.22677925211097708	0.01517706576728499	0.03418803418803419	0.0	0.0	0.0	0.0	0.0	0.0128783000643915	0.06598984771573604	0.013761467889908258	0.05629838142153413	0.0	0.0052205690420255805	0.0	0.0	0.0	0.01394700139470014	0.012482662968099861	0.003219575016097875	0.0	0.0	0.0	0.0	0.0	0.0	0.005076142131979695	0.003367003367003367	0.004169562195969423	0.008547008547008548	0.061823802163833076	0.0	0.09298780487804878	0.0	1.0	0.0	0.0	0.0	0.0380952380952381	0.0	0.0	0.0051813471502590676	0.0	0.031137724550898204	0.0	0.1296	0.0	0.058056872037914695	0.0	0.06598984771573604	0.0	0.00676818950930626	0.042316258351893093	0.017094017094017096	0.004580152671755725	0.0	0.039938556067588324	0.0	0.0	0.0	0.0	0.0	0.0	0.0	0.07915831663326653	0.0	0.0	0.0	0.0	0.0	0.017142857142857144	0.0	0.03487358326068003	0.06349206349206349
0.0	0.0	0.0	0.0	0.0	0.05570291777188329	0.033663366336633666	0.0395778364116095	0.0395778364116095	0.009497964721845319	0.019384264538198404	0.0	0.0	0.0	0.0	0.0034499753573188764	0.0	0.0	0.0	0.0	0.0	0.0	0.03317535545023697	0.0	0.0	0.0	0.0	0.03917525773195876	0.0	0.009497964721845319	0.0	0.0	0.0	0.0	0.0	0.0	0.011345218800648298	0.03917525773195876	0.0	0.0	0.0	0.01698754246885617	0.0	0.08847184986595175	0.0395778364116095	0.0658682634730539	0.034666666666666665	0.02557200538358008	0.047619047619047616	0.02050113895216401	0.0055511498810467885	0.019992003198720514	0.02333931777378815	0.012292118582791034	0.0658682634730539	0.0	0.0	0.0	0.0	0.0	0.0	0.0395778364116095	0.08847184986595175	0.04672897196261682	0.0	0.0	0.0	0.004524886877828055	0.005005005005005005	0.0	0.0	0.0	0.0	0.0	0.0	0.0	0.0	0.0	0.0	0.0	0.0	0.0	0.0	0.0	0.0	0.021192705766387383	0.0	0.0	0.0	0.0	0.0	0.0056625141562853904	0.0	0.0	0.01750291715285881	0.023957409050576754	0.0	0.0	0.0	0.0	0.0	0.268389662027833	0.0	0.0	0.0	0.009497964721845319	0.14424635332252836	0.0	0.023622047244094488	0.05246422893481717	0.0	0.0	0.019992003198720514	0.07193229901269393	0.0	0.0	0.013357079252003561	0.0	0.0	0.0	0.08847184986595175	0.0	0.05314009661835749	0.0	0.0	0.0	0.0	0.0	0.0	0.0	0.0	0.0	0.0	0.0	0.0	0.0	0.018943170488534396	0.009497964721845319	0.0	0.0	0.0	0.0	0.005658852061438965	0.0	0.008484848484848486	0.11949685534591195	0.028037383177570093	0.019815059445178335	0.0170261066969353	0.045020463847203276	0.028037383177570093	0.041916167664670656	0.028037383177570093	0.028037383177570093	0.019815059445178335	0.0	0.1603960396039604	0.0	0.0	0.0	0.018425460636515914	0.011647254575707155	0.0	0.0814419225634179	0.0	0.09421487603305785	0.023696682464454975	0.033386327503974564	0.033386327503974564	0.023696682464454975	0.033386327503974564	0.05314009661835749	0.023696682464454975	0.033386327503974564	0.0	0.0	0.0	0.03257650542941757	0.0	0.06127167630057803	0.07940780619111709	0.0	0.0658682634730539	0.0	0.0	0.0	0.0	0.0	0.02268041237113402	0.03363914373088685	0.0	0.0	0.0	0.0	0.0	0.0	0.0	0.0	0.0	0.0	0.0	0.0	0.0	0.0	0.0	0.019572953736654804	0.2113564668769716	0.0	0.0	0.0	0.042789223454833596	0.023622047244094488	0.0	0.0658682634730539	0.032191069574247146	0.0	0.01764705882352941	0.0	0.0	0.0	0.0	0.0	0.7455268389662028	0.009963768115942028	0.022919179734620022	0.0	0.05570291777188329	0.0	0.0	0.0	0.025815217391304348	0.029585798816568046	0.009345794392523364	0.0	0.0	0.0	0.028037383177570093	0.019815059445178335	0.02880184331797235	0.006266786034019696	0.00441306266548985	0.0	0.0	0.0	0.0	0.0	0.0	0.0	0.0	0.0	0.0334841628959276	0.0	0.1603960396039604	0.0	1.0	0.19484702093397746	0.32934131736526945	0.0	0.0	0.0	0.0	0.0	0.0	0.039832285115303984	0.0	0.0055511498810467885	0.0	0.04609218436873747	0.0	0.009497964721845319	0.0	0.0	0.0	0.0	0.012285012285012284	0.0	0.0	0.0	0.059967585089141004	0.02304147465437788	0.05570291777188329	0.026499302649930265	0.022132796780684104	0.038901601830663615	0.005658852061438965	0.005658852061438965	0.0044014084507042256	0.008018327605956471	0.031155778894472363	0.0	0.008018327605956471	0.031696706028589185	0.015767634854771784
0.0	0.0	0.033112582781456956	0.044885945548197206	0.0	0.0975609756097561	0.07096774193548387	0.08502024291497975	0.08502024291497975	0.018779342723004695	0.04435483870967742	0.0	0.0	0.0	0.0	0.011066843736166445	0.0	0.0	0.0	0.0	0.0	0.0	0.06417112299465241	0.0	0.0	0.0	0.0	0.04666666666666667	0.0	0.018779342723004695	0.0	0.0	0.0	0.0	0.0	0.0	0.02185792349726776	0.04666666666666667	0.0	0.0	0.0	0.14428857715430862	0.02032520325203252	0.12295081967213115	0.08502024291497975	0.09740259740259741	0.06127167630057803	0.053613053613053616	0.07651006711409396	0.12588116817724068	0.01676727028839705	0.03808128890516294	0.043124491456468676	0.029372496662216287	0.09740259740259741	0.0	0.0	0.0	0.0	0.0	0.0	0.08502024291497975	0.12295081967213115	0.07175925925925926	0.0	0.0	0.0	0.013013013013013013	0.012567324955116697	0.0	0.0	0.0	0.014018691588785047	0.0	0.0	0.0	0.0	0.0	0.0	0.0	0.0	0.0	0.0	0.0	0.0	0.04293935369632581	0.0	0.0	0.0	0.0	0.0	0.014028056112224449	0.0	0.0	0.024691358024691357	0.043478260869565216	0.0	0.0	0.0	0.0	0.0	0.255663430420712	0.0	0.0	0.0	0.018779342723004695	0.1092896174863388	0.0	0.056	0.08064516129032258	0.0	0.0	0.03808128890516294	0.07281553398058252	0.0	0.0	0.06623586429725363	0.0	0.102803738317757	0.06542056074766354	0.12295081967213115	0.0	0.08152173913043478	0.0	0.0	0.0	0.0	0.0	0.0	0.0	0.0	0.0	0.0	0.0	0.0	0.0	0.04114490161001789	0.018779342723004695	0.0	0.0	0.0	0.0	0.011834319526627219	0.0	0.01702127659574468	0.14189189189189189	0.05555555555555555	0.0481651376146789	0.04216867469879518	0.07075471698113207	0.05555555555555555	0.07792207792207792	0.05555555555555555	0.05555555555555555	0.0481651376146789	0.0	0.2064516129032258	0.0	0.0	0.0	0.028089887640449437	0.0223463687150838	0.0	0.10648148148148148	0.0	0.11666666666666667	0.05614973262032086	0.06451612903225806	0.06451612903225806	0.05614973262032086	0.06451612903225806	0.08152173913043478	0.05614973262032086	0.06451612903225806	0.0	0.0	0.0	0.05319148936170213	0.0	0.08163265306122448	0.17482517482517482	0.0	0.09740259740259741	0.0	0.0	0.0	0.0	0.0	0.03333333333333333	0.05474452554744526	0.0	0.0	0.0	0.0	0.0	0.0	0.0	0.0	0.0	0.0	0.0	0.0	0.0	0.0	0.0	0.03954802259887006	0.17592592592592593	0.0	0.0	0.0	0.07238605898123325	0.056	0.0	0.09740259740259741	0.05380333951762523	0.0	0.03457627118644068	0.0	0.0	0.0	0.0	0.0	0.255663430420712	0.016406890894175553	0.029661016949152543	0.0	0.0975609756097561	0.023397761953204477	0.0	0.0	0.03290246768507638	0.06752411575562701	0.015235971757710888	0.0	0.0	0.0	0.05555555555555555	0.0481651376146789	0.052899287894201424	0.012987012987012988	0.011217948717948718	0.0	0.0	0.0	0.016304347826086956	0.0	0.0	0.0	0.0	0.0	0.05245901639344262	0.0	0.2064516129032258	0.0	0.19484702093397746	1.0	0.2792207792207792	0.0	0.0	0.0	0.061224489795918366	0.0	0.0	0.0472972972972973	0.0	0.01676727028839705	0.0	0.08143322475570032	0.0	0.018779342723004695	0.0	0.0	0.0	0.0	0.017964071856287425	0.0	0.0	0.0	0.08743169398907104	0.04781281790437437	0.0975609756097561	0.03365384615384615	0.032679738562091505	0.04207573632538569	0.011834319526627219	0.011834319526627219	0.011191047162270184	0.016194331983805668	0.05225225225225225	0.0	0.016194331983805668	0.04524361948955916	0.021212121212121213
0.0	0.0	0.0	0.0	0.0	0.0967741935483871	0.064	0.08021390374331551	0.08021390374331551	0.01639344262295082	0.03669724770642202	0.0	0.0	0.0	0.0	0.008420009905894007	0.0	0.0	0.0	0.0	0.0	0.0	0.05732484076433121	0.0	0.0	0.0	0.0	0.05	0.0	0.01639344262295082	0.0	0.0	0.0	0.0	0.0	0.0	0.0196078431372549	0.05	0.0	0.0	0.0	0.03416856492027335	0.0	0.13043478260869565	0.08021390374331551	0.0967741935483871	0.05503355704697987	0.04607046070460705	0.072	0.037800687285223365	0.013589128697042365	0.03211561621838619	0.0369702434625789	0.023222060957910014	0.0967741935483871	0.0	0.0	0.0	0.0	0.0	0.0	0.08021390374331551	0.13043478260869565	0.06720430107526881	0.0	0.0	0.0	0.010238907849829351	0.01006036217303823	0.0	0.0	0.0	0.0	0.0	0.0	0.0	0.0	0.0	0.0	0.0	0.0	0.0	0.0	0.0	0.0	0.03615651312530956	0.0	0.0	0.0	0.0	0.0	0.011389521640091117	0.0	0.0	0.023474178403755867	0.0374331550802139	0.0	0.0	0.0	0.0	0.0	0.42168674698795183	0.0	0.0	0.0	0.01639344262295082	0.24183006535947713	0.0	0.047619047619047616	0.07692307692307693	0.0	0.0	0.03211561621838619	0.07954545454545454	0.0	0.0	0.026833631484794274	0.0	0.0	0.0	0.13043478260869565	0.0	0.07792207792207792	0.0	0.0	0.0	0.0	0.0	0.0	0.0	0.0	0.0	0.0	0.0	0.0	0.0	0.03406813627254509	0.01639344262295082	0.0	0.0	0.0	0.0	0.00974025974025974	0.0	0.014634146341463415	0.15254237288135594	0.04838709677419355	0.0398936170212766	0.03424657534246575	0.06593406593406594	0.04838709677419355	0.07258064516129033	0.04838709677419355	0.04838709677419355	0.0398936170212766	0.0	0.264	0.0	0.0	0.0	0.02702702702702703	0.020134228187919462	0.0	0.12903225806451613	0.0	0.12	0.04777070063694268	0.057692307692307696	0.057692307692307696	0.04777070063694268	0.057692307692307696	0.07792207792207792	0.04777070063694268	0.057692307692307696	0.0	0.0	0.0	0.047619047619047616	0.0	0.07906976744186046	0.1002710027100271	0.0	0.0967741935483871	0.0	0.0	0.0	0.0	0.0	0.03333333333333333	0.04918032786885246	0.0	0.0	0.0	0.0	0.0	0.0	0.0	0.0	0.0	0.0	0.0	0.0	0.0	0.0	0.0	0.03306523681858802	0.23076923076923078	0.0	0.0	0.0	0.0670926517571885	0.047619047619047616	0.0	0.0967741935483871	0.04801670146137787	0.0	0.028782287822878228	0.0	0.0	0.0	0.0	0.0	0.42168674698795183	0.014558689717925387	0.02912621359223301	0.0	0.0967741935483871	0.0	0.0	0.0	0.03283173734610123	0.05976095617529881	0.01346389228886169	0.0	0.0	0.0	0.04838709677419355	0.0398936170212766	0.046349942062572425	0.01079136690647482	0.008865248226950355	0.0	0.0	0.0	0.0	0.0	0.0	0.0	0.0	0.0	0.04727272727272727	0.0	0.264	0.0	0.32934131736526945	0.2792207792207792	1.0	0.0	0.0	0.0	0.0	0.0	0.0	0.05084745762711865	0.0	0.013589128697042365	0.0	0.07692307692307693	0.0	0.01639344262295082	0.0	0.0	0.0	0.0	0.01644736842105263	0.0	0.0	0.0	0.08496732026143791	0.04055619930475087	0.0967741935483871	0.033707865168539325	0.032520325203252036	0.042879019908116385	0.00974025974025974	0.00974025974025974	0.008841732979664015	0.013824884792626729	0.046464646464646465	0.0	0.013824884792626729	0.04114713216957606	0.02
0.0	0.0	0.0	0.0	0.0	0.0	0.0	0.0	0.0	0.0	0.0	0.0	0.0	0.05042016806722689	0.0	0.0	0.0	0.0	0.0	0.0	0.0	0.0	0.0	0.0	0.0	0.0	0.10344827586206896	0.0	0.0	0.0	0.10344827586206896	0.0	0.0	0.0	0.0	0.0	0.0	0.0	0.0	0.0	0.0	0.0	0.0	0.0	0.0	0.0	0.0	0.0	0.0	0.0	0.0	0.0	0.0	0.0	0.0	0.0	0.0	0.0	0.0	0.0	0.0	0.0	0.0	0.0	0.0	0.0	0.0	0.0	0.0	0.0	0.0	0.0	0.04	0.0	0.0	0.0	0.0	0.14285714285714285	0.10344827586206896	0.0	0.0	0.0	0.0	0.0	0.0	0.0	0.0	0.0	0.0	0.0	0.0	0.0	0.0	0.0	0.0	0.0	0.0	0.0	0.0	0.0	0.0	0.0	0.0	0.0	0.04	0.0	0.0	0.0	0.0	0.0	0.0	0.0	0.0	0.0	0.0	0.0	0.0	0.0	0.0	0.0	0.0	0.0	0.0	0.033126293995859216	0.0	0.0	0.0	0.0	0.0	0.0	0.0	0.0	0.0	0.0	0.0	0.0	0.0	0.0	0.0	0.0	0.0	0.0	0.0	0.0	0.0	0.0	0.0	0.0	0.0	0.0	0.0	0.0	0.0	0.0	0.0	0.03305785123966942	0.0	0.0	0.0	0.0	0.0	0.0	0.0	0.0	0.0	0.0	0.0	0.0	0.0	0.0	0.0	0.0	0.0	0.0	0.0	0.0	0.0	0.0	0.0	0.0	0.0	0.0	0.0	0.0	0.0	0.0	0.0	0.0	0.0	0.0	0.0	0.0	0.0	0.0	0.0	0.0	0.0	0.0	0.0	0.0	0.0	0.0	0.0	0.0	0.0	0.0	0.0	0.0	0.0	0.0	0.0	0.0	0.0	0.0	0.0	0.0	0.0	0.0	0.0	0.0	0.0	0.0	0.0	0.0	0.0	0.0	0.0	0.0	0.0	0.0	0.0	0.0	0.0	0.0	0.0	0.0	0.0	0.0	0.0	0.0	0.0	0.0	0.0	0.0	0.0	0.0	0.0	0.0	0.0	0.0	0.0	0.0	0.0	0.0380952380952381	0.0	0.0	0.0	1.0	0.0	0.0	0.0	0.0	0.0	0.0	0.11320754716981132	0.0	0.0	0.0	0.0	0.0	0.0	0.0	0.0	0.0	0.0	0.0	0.0	0.0	0.0	0.0	0.0	0.0	0.0	0.0	0.0	0.0	0.0	0.0	0.0	0.0	0.0	0.0	0.0
0.0	0.0	0.0	0.0	0.0	0.0	0.0	0.0	0.0	0.0	0.0	0.0	0.0	0.0	0.0	0.0	0.0	0.0	0.0	0.0	0.12790697674418605	0.0	0.0	0.0	0.0	0.0	0.0	0.0	0.10570824524312897	0.0	0.0	0.0	0.0	0.0	0.0	0.0	0.0	0.19298245614035087	0.0	0.0	0.0	0.0	0.09047619047619047	0.0	0.0	0.0	0.10540915395284327	0.0	0.0	0.0	0.0	0.0	0.0	0.0	0.0	0.0	0.0	0.0	0.0	0.0	0.0	0.0	0.0	0.0	0.0	0.0	0.0	0.0	0.0	0.0	0.0	0.0	0.0	0.0	0.0	0.0	0.0	0.0	0.0	0.1650485436893204	0.0	0.0	0.0	0.0	0.0	0.0	0.0	0.0	0.0	0.0	0.0	0.0	0.0	0.0	0.0	0.0	0.0	0.0	0.0	0.0	0.0	0.0	0.0	0.0	0.0	0.0	0.0	0.0	0.0	0.0	0.0	0.10644257703081232	0.0	0.0	0.0	0.0	0.0	0.0	0.0	0.0	0.0	0.0	0.0	0.0	0.0	0.0	0.0	0.0	0.0	0.0	0.0	0.0	0.0	0.0	0.0	0.0	0.0	0.0	0.0	0.18803418803418803	0.0	0.0	0.0	0.0	0.0	0.0	0.0	0.0	0.0	0.0	0.0	0.0	0.0	0.0	0.0	0.0	0.0	0.0	0.0	0.0	0.0	0.0	0.25	0.0	0.0	0.0	0.0	0.0	0.0	0.0	0.0	0.0	0.0	0.0	0.0	0.0	0.10646387832699619	0.0	0.0	0.10526315789473684	0.0	0.060109289617486336	0.0	0.0	0.0	0.0	0.0	0.0	0.0	0.0	0.0	0.0	0.0	0.0	0.0	0.0	0.0	0.0	0.0	0.0	0.0	0.0	0.0	0.0	0.0	0.0	0.0	0.24561403508771928	0.0	0.0	0.0	0.0	0.0	0.0	0.0	0.0	0.0	0.0	0.0	0.11864406779661017	0.0	0.0	0.0	0.0	0.0	0.0	0.0	0.0	0.0	0.0	0.09476661951909476	0.0	0.0	0.0	0.0	0.0	0.0	0.0	0.0	0.0	0.0	0.2558139534883721	0.0	0.0	0.0	0.0	0.0	0.0	0.0	0.0	0.0	0.0	0.0	0.0	0.0	0.0	0.0	0.0	1.0	0.42857142857142855	0.0	0.0	0.0794979079497908	0.25	0.0	0.0	0.0	0.0	0.0	0.0	0.0	0.0	0.0	0.0	0.0	0.0	0.0	0.0	0.0	0.0	0.0	0.0	0.1623931623931624	0.0	0.0	0.0	0.0	0.0	0.0	0.0	0.0	0.0	0.1360544217687075
0.0	0.0	0.0	0.0	0.0	0.0	0.0	0.0	0.0	0.0	0.0	0.0	0.0	0.0	0.0	0.0	0.0	0.0	0.0	0.0	0.12790697674418605	0.0	0.0	0.0	0.0	0.0	0.0	0.0	0.10570824524312897	0.0	0.0	0.0	0.0	0.0	0.0	0.0	0.0	0.19298245614035087	0.0	0.0	0.0	0.0	0.09047619047619047	0.0	0.0	0.0	0.10540915395284327	0.0	0.0	0.0	0.0	0.0	0.0	0.0	0.0	0.0	0.0	0.0	0.0	0.0	0.0	0.0	0.0	0.0	0.0	0.0	0.0	0.0	0.0	0.0	0.0	0.0	0.0	0.0	0.0	0.0	0.0	0.0	0.0	0.1650485436893204	0.0	0.0	0.0	0.0	0.0	0.0	0.0	0.0	0.0	0.0	0.0	0.0	0.0	0.0	0.0	0.0	0.0	0.0	0.0	0.0	0.0	0.0	0.0	0.0	0.0	0.0	0.0	0.0	0.0	0.0	0.0	0.10644257703081232	0.0	0.0	0.0	0.0	0.0	0.0	0.0	0.0	0.0	0.0	0.0	0.0	0.0	0.0	0.0	0.0	0.0	0.0	0.0	0.0	0.0	0.0	0.0	0.0	0.0	0.0	0.0	0.18803418803418803	0.0	0.0	0.0	0.0	0.0	0.0	0.0	0.0	0.0	0.0	0.0	0.0	0.0	0.0	0.0	0.0	0.0	0.0	0.0	0.0	0.0	0.0	0.25	0.0	0.0	0.0	0.0	0.0	0.0	0.0	0.0	0.0	0.0	0.0	0.0	0.0	0.10646387832699619	0.0	0.0	0.10526315789473684	0.0	0.060109289617486336	0.0	0.0	0.0	0.0	0.0	0.0	0.0	0.0	0.0	0.0	0.0	0.0	0.0	0.0	0.0	0.0	0.0	0.0	0.0	0.0	0.0	0.0	0.0	0.0	0.0	0.24561403508771928	0.0	0.0	0.0	0.0	0.0	0.0	0.0	0.0	0.0	0.0	0.0	0.11864406779661017	0.0	0.0	0.0	0.0	0.0	0.0	0.0	0.0	0.0	0.0	0.09476661951909476	0.0	0.0	0.0	0.0	0.0	0.0	0.0	0.0	0.0	0.0	0.2558139534883721	0.0	0.0	0.0	0.0	0.0	0.0	0.0	0.0	0.0	0.0	0.0	0.0	0.0	0.0	0.0	0.0	0.42857142857142855	1.0	0.0	0.0	0.0794979079497908	0.25	0.0	0.0	0.0	0.0	0.0	0.0	0.0	0.0	0.0	0.0	0.0	0.0	0.0	0.0	0.0	0.0	0.0	0.0	0.1623931623931624	0.0	0.0	0.0	0.0	0.0	0.0	0.0	0.0	0.0	0.1360544217687075
0.0	0.0	0.22807017543859648	0.04541701073492981	0.0	0.0	0.0	0.0	0.0	0.0	0.0	0.0	0.0	0.0	0.0	0.0	0.0	0.13513513513513514	0.0	0.0	0.0	0.0	0.0	0.0	0.0	0.0782608695652174	0.0	0.0	0.0	0.0	0.0	0.0	0.0	0.0	0.0	0.0	0.0	0.0	0.0	0.0	0.0	0.04470588235294118	0.0861244019138756	0.0	0.0	0.0	0.0	0.0	0.0	0.05207100591715976	0.0	0.0	0.0	0.0	0.0	0.02654867256637168	0.0	0.0	0.0	0.0	0.0	0.0	0.0	0.0	0.012345679012345678	0.0	0.0	0.0	0.0	0.0	0.0	0.0	0.05649717514124294	0.0	0.0	0.0	0.05172413793103448	0.0	0.0	0.0	0.0	0.0	0.0	0.0	0.0	0.0	0.0	0.0	0.0	0.0	0.0	0.0	0.0	0.0	0.0	0.0	0.0	0.0	0.0	0.0625	0.0	0.0	0.18072289156626506	0.0	0.0	0.0	0.0	0.0	0.0	0.0	0.0	0.0	0.0	0.0	0.0	0.0	0.0	0.0	0.07344632768361582	0.07344632768361582	0.0	0.0	0.0	0.0	0.0	0.01276595744680851	0.0	0.01276595744680851	0.0	0.0	0.0	0.0	0.0	0.0	0.0	0.42168674698795183	0.0	0.0	0.18072289156626506	0.05172413793103448	0.0	0.0	0.0	0.0	0.0	0.0	0.0	0.0	0.02830188679245283	0.0	0.0335195530726257	0.0	0.0335195530726257	0.0	0.0	0.0	0.0	0.03380281690140845	0.0	0.0	0.0	0.0	0.0	0.0	0.0	0.0	0.0	0.0	0.0	0.0	0.0	0.0	0.0	0.0	0.0	0.0	0.0	0.0	0.0	0.0	0.0	0.0	0.0	0.0	0.0	0.0	0.0	0.0	0.0	0.0	0.0	0.0	0.0	0.0	0.0	0.0	0.0	0.0	0.0	0.05084745762711865	0.0	0.04504504504504504	0.0	0.0	0.0	0.0	0.0	0.07964601769911504	0.0	0.01276595744680851	0.0	0.0	0.0	0.0	0.0	0.1926605504587156	0.0	0.0	0.0	0.0	0.017094017094017096	0.0	0.0	0.0	0.0	0.0	0.0	0.04910179640718563	0.017241379310344827	0.0	0.0	0.0	0.0	0.0	0.0	0.0	0.0	0.0	0.0	0.0	0.0	0.0	0.0	0.0	0.06802721088435375	0.05172413793103448	0.03829787234042553	0.033287101248266296	0.07964601769911504	0.0	0.0	0.0	0.0	0.0051813471502590676	0.0	0.061224489795918366	0.0	0.0	0.0	0.0	1.0	0.0	0.0	0.0	0.022556390977443608	0.0	0.0	0.0	0.017241379310344827	0.0	0.0	0.0055658627087198514	0.0	0.04054054054054054	0.0	0.0	0.0	0.0	0.0	0.0	0.0	0.0	0.0	0.0	0.0	0.0	0.0	0.0	0.0	0.060240963855421686	0.0	0.0	0.0
0.0	0.0	0.0	0.0	0.0	0.0	0.0	0.0	0.0	0.0	0.0	0.0289738430583501	0.024242424242424242	0.0	0.03278688524590164	0.011150935882118677	0.036734693877551024	0.0	0.0	0.0	0.0	0.0	0.0	0.03305785123966942	0.0	0.0	0.0	0.02203856749311295	0.0	0.032719836400818	0.0	0.049281314168377825	0.10027855153203342	0.0	0.0736196319018405	0.0	0.0	0.0	0.0	0.04491725768321513	0.0	0.0026690391459074734	0.0	0.0	0.0	0.0	0.0	0.024390243902439025	0.0	0.0	0.0	0.0	0.041328413284132844	0.0	0.0	0.0	0.0	0.0	0.0	0.0	0.08130081300813008	0.0	0.0	0.0	0.0	0.0	0.02710027100271003	0.014222222222222223	0.02258064516129032	0.0	0.0	0.0	0.0	0.0215633423180593	0.07643312101910828	0.0	0.0	0.0	0.0	0.0	0.0	0.0676056338028169	0.049315068493150684	0.0	0.0	0.0	0.0	0.0	0.016216216216216217	0.0	0.0	0.0	0.0	0.0	0.029143897996357013	0.014619883040935672	0.02701356902776049	0.14893617021276595	0.039603960396039604	0.0	0.0	0.0	0.0	0.0	0.03665987780040733	0.032719836400818	0.027972027972027972	0.0	0.0	0.0	0.0	0.0	0.0	0.0	0.0	0.0	0.008797653958944282	0.039603960396039604	0.012219959266802444	0.012219959266802444	0.0	0.0	0.0069605568445475635	0.0	0.0	0.0	0.02912621359223301	0.0	0.0	0.0	0.0	0.0	0.11290322580645161	0.0	0.0	0.0	0.03215434083601286	0.032719836400818	0.0	0.0	0.0	0.0	0.0	0.0	0.0	0.07520891364902507	0.022222222222222223	0.014028056112224449	0.012477718360071301	0.039014373716632446	0.05454545454545454	0.02425876010781671	0.05454545454545454	0.022222222222222223	0.014028056112224449	0.0	0.0	0.026422764227642278	0.06779661016949153	0.03287671232876712	0.0477326968973747	0.0	0.0	0.006060606060606061	0.009708737864077669	0.01182033096926714	0.003432494279176201	0.004597701149425287	0.004597701149425287	0.003432494279176201	0.004597701149425287	0.0069605568445475635	0.003432494279176201	0.004597701149425287	0.025069637883008356	0.0	0.0	0.0	0.0	0.0	0.0	0.03460207612456748	0.0	0.10655737704918032	0.0	0.03054989816700611	0.0	0.0	0.0	0.024549918166939442	0.0	0.0	0.0	0.0	0.0	0.0	0.0	0.11400651465798045	0.11400651465798045	0.0	0.0	0.0	0.0	0.0	0.0	0.0	0.0	0.0	0.0	0.0	0.0	0.0	0.0	0.0	0.0	0.0	0.0	0.06869145614533069	0.026058631921824105	0.0	0.016172506738544475	0.0	0.0	0.0	0.08224299065420561	0.1188118811881188	0.0	0.0	0.0	0.0	0.012282497441146366	0.0	0.0	0.0	0.0891089108910891	0.0	0.022222222222222223	0.014028056112224449	0.0	0.0	0.0	0.0	0.0	0.0	0.0	0.0	0.0	0.0	0.0	0.0	0.0	0.0	0.0	0.0	0.0	0.0	0.0	0.0	0.0	0.0	0.0	1.0	0.0	0.0	0.0	0.0	0.0	0.0	0.0	0.032719836400818	0.0	0.0	0.06611570247933884	0.0	0.0	0.0	0.07356948228882834	0.0	0.011655011655011656	0.0	0.0	0.0	0.0	0.0	0.0	0.0	0.0	0.0	0.0	0.0	0.0	0.0	0.03319502074688797
0.021299254526091587	0.0	0.0	0.009286128845037725	0.0	0.0	0.0	0.0	0.0	0.0	0.0	0.0	0.0	0.0	0.0	0.0	0.0	0.0	0.0	0.17535545023696683	0.5819397993311036	0.01	0.0	0.009467455621301775	0.0	0.0	0.0	0.0	0.059147180192572216	0.0	0.0	0.013201320132013201	0.029288702928870293	0.0	0.0	0.0	0.0	0.012448132780082987	0.0	0.02214022140221402	0.0	0.006607929515418502	0.005934718100890208	0.0	0.0	0.0	0.006509357200976403	0.0	0.0	0.0	0.0	0.0	0.0	0.0	0.0	0.0	0.0	0.0	0.0	0.0	0.0	0.0	0.0	0.0	0.0	0.0	0.0	0.0	0.0	0.0	0.0	0.01845018450184502	0.0	0.0	0.0	0.0	0.0	0.0	0.0	0.03303303303303303	0.0	0.0	0.0	0.0	0.0	0.0	0.0	0.023474178403755867	0.0	0.0	0.029459901800327332	0.0	0.0	0.0	0.0	0.0	0.006232609905397885	0.0	0.0	0.0	0.0	0.0	0.0	0.0	0.0	0.0	0.0	0.0	0.0	0.0	0.04830917874396135	0.04582651391162029	0.0	0.0	0.0	0.0	0.0	0.0	0.0	0.0	0.0	0.0	0.01090909090909091	0.0	0.0	0.0	0.0	0.0	0.0	0.0	0.0	0.0	0.0	0.0	0.0	0.0	0.0	0.0	0.0	0.036885245901639344	0.02843601895734597	0.0	0.0	0.0	0.0	0.0	0.009771986970684038	0.008090614886731391	0.007352941176470588	0.013201320132013201	0.0	0.0	0.0	0.009771986970684038	0.008090614886731391	0.0	0.0	0.0	0.0	0.0	0.0	0.0	0.13807531380753138	0.009771986970684038	0.0	0.014760147601476014	0.008093525179856115	0.009025270758122744	0.009025270758122744	0.008093525179856115	0.009025270758122744	0.01090909090909091	0.008093525179856115	0.009025270758122744	0.02510460251046025	0.018779342723004695	0.05128205128205128	0.0	0.015060240963855422	0.008928571428571428	0.0	0.006085192697768763	0.0	0.0	0.01631321370309951	0.019672131147540985	0.0	0.07063197026022305	0.06224066390041494	0.01643835616438356	0.032846715328467155	0.0	0.0	0.04680851063829787	0.014519056261343012	0.01309328968903437	0.01309328968903437	0.0	0.0	0.0	0.0	0.0	0.02843601895734597	0.020491803278688523	0.015132408575031526	0.007485963817841547	0.0	0.02074688796680498	0.0	0.0	0.0	0.0	0.0	0.0	0.0	0.0	0.0	0.0	0.0	0.05509641873278237	0.0	0.16182572614107885	0.0	0.0	0.0	0.0	0.0	0.0	0.0	0.0	0.00411522633744856	0.0	0.0	0.0	0.0	0.0	0.009771986970684038	0.008090614886731391	0.0	0.0	0.0	0.014084507042253521	0.02843601895734597	0.0	0.0	0.0	0.0	0.0	0.0	0.025735294117647058	0.025252525252525252	0.0	0.0	0.031137724550898204	0.0	0.0	0.0	0.0	0.0794979079497908	0.0794979079497908	0.0	0.0	1.0	0.02092050209205021	0.0	0.0	0.0	0.0	0.0	0.0	0.0	0.010062893081761006	0.0	0.0	0.0	0.0	0.0	0.0	0.0	0.0	0.0	0.0	0.00819672131147541	0.0	0.0	0.0	0.0	0.0	0.016282225237449117	0.0	0.0	0.0	0.021377672209026127
0.0	0.0	0.0	0.0	0.0	0.05747126436781609	0.11764705882352941	0.05142857142857143	0.05142857142857143	0.0847457627118644	0.0660377358490566	0.0	0.0	0.0	0.0	0.0502283105022831	0.0	0.0	0.0	0.0	0.03488372093023256	0.0	0.033112582781456956	0.0	0.0	0.0	0.0	0.07017543859649122	0.08879492600422834	0.0847457627118644	0.0	0.0	0.0	0.0	0.0	0.0	0.10204081632653061	0.3684210526315789	0.0	0.0	0.0	0.02107728337236534	0.07142857142857142	0.06976744186046512	0.05142857142857143	0.05084745762711865	0.18723994452149792	0.08683473389355742	0.03826955074875208	0.02237926972909305	0.08229426433915212	0.052394596807204256	0.06912442396313365	0.0413589364844904	0.05084745762711865	0.0	0.0	0.0	0.0	0.0	0.0	0.05142857142857143	0.06976744186046512	0.041666666666666664	0.0	0.0	0.0	0.05964912280701754	0.05567010309278351	0.0	0.0	0.0	0.0	0.0	0.0	0.0	0.0	0.0	0.0	0.14563106796116504	0.0	0.0	0.0	0.0	0.0	0.05428716387620497	0.0	0.0	0.0	0.0	0.0	0.06323185011709602	0.0	0.0	0.10144927536231885	0.06375227686703097	0.0	0.0	0.0	0.0	0.0	0.046413502109704644	0.0	0.0	0.0	0.0847457627118644	0.034013605442176874	0.0	0.0297029702970297	0.04	0.0	0.08403361344537816	0.052394596807204256	0.09411764705882353	0.0	0.0	0.016453382084095063	0.0	0.0	0.0	0.06976744186046512	0.0	0.04054054054054054	0.0	0.0	0.0	0.0	0.0	0.0	0.0	0.0	0.0	0.0	0.0	0.0	0.0	0.06365503080082136	0.0847457627118644	0.0	0.05128205128205128	0.0	0.0	0.04966887417218543	0.0	0.07537688442211055	0.07142857142857142	0.027777777777777776	0.024725274725274724	0.02112676056338028	0.03409090909090909	0.027777777777777776	0.0423728813559322	0.027777777777777776	0.027777777777777776	0.024725274725274724	0.0	0.04201680672268908	0.0	0.0	0.0	0.1267605633802817	0.1048951048951049	0.07142857142857142	0.03333333333333333	0.0	0.05555555555555555	0.029801324503311258	0.03333333333333333	0.03333333333333333	0.029801324503311258	0.03333333333333333	0.04054054054054054	0.029801324503311258	0.03333333333333333	0.0	0.0	0.030418250950570342	0.024390243902439025	0.0	0.41626794258373206	0.09803921568627451	0.04918032786885246	0.05084745762711865	0.0	0.0	0.0	0.0	0.0	0.15789473684210525	0.025210084033613446	0.0	0.0	0.0	0.0	0.0	0.0	0.0	0.0	0.0	0.0	0.0	0.0	0.0	0.0	0.0	0.0502283105022831	0.2777777777777778	0.21052631578947367	0.0	0.0	0.036544850498338874	0.0297029702970297	0.0	0.05084745762711865	0.03640256959314775	0.0	0.051840721262208865	0.0	0.0	0.03389830508474576	0.0	0.0	0.046413502109704644	0.06697674418604652	0.12	0.0	0.05747126436781609	0.0	0.0	0.0	0.1173974540311174	0.03765690376569038	0.06117353308364544	0.0	0.0	0.0	0.027777777777777776	0.024725274725274724	0.07628128724672228	0.05514705882352941	0.04891304347826087	0.20930232558139536	0.0	0.0	0.0	0.0	0.0	0.0	0.0	0.0	0.06319702602230483	0.0	0.04201680672268908	0.0	0.039832285115303984	0.0472972972972973	0.05084745762711865	0.0	0.25	0.25	0.0	0.0	0.02092050209205021	1.0	0.0	0.08229426433915212	0.0	0.1574468085106383	0.0	0.0847457627118644	0.0	0.0	0.0	0.0	0.07046979865771812	0.0	0.0	0.0	0.11564625850340136	0.08700834326579261	0.05747126436781609	0.13953488372093023	0.28205128205128205	0.0499219968798752	0.04966887417218543	0.04966887417218543	0.04878048780487805	0.07109004739336493	0.06832298136645963	0.0	0.07109004739336493	0.049367088607594936	0.14965986394557823
0.0	0.0	0.021897810218978103	0.0	0.0	0.0	0.0	0.0	0.0	0.0	0.0	0.02040816326530612	0.039140445126630855	0.1242603550295858	0.06986899563318777	0.0	0.0	0.04477611940298507	0.0	0.0	0.0	0.0	0.0	0.03937007874015748	0.0	0.028985507246376812	0.09259259259259259	0.0	0.0	0.0	0.09259259259259259	0.0	0.0	0.11320754716981132	0.04522613065326633	0.05847953216374269	0.07100591715976332	0.0	0.0	0.0	0.04980842911877394	0.0	0.01293103448275862	0.0	0.0	0.0	0.0	0.0	0.0	0.0	0.0	0.0	0.0	0.0	0.0	0.029411764705882353	0.0	0.0	0.0	0.0	0.0	0.0	0.0	0.0	0.04973221117061974	0.04956268221574344	0.0	0.0	0.0	0.0	0.09259259259259259	0.0	0.1	0.0	0.0	0.0	0.02158273381294964	0.11320754716981132	0.09259259259259259	0.0	0.0	0.0	0.0	0.0	0.0	0.031672100605496044	0.04522613065326633	0.0	0.0	0.10294117647058823	0.06234413965087282	0.0	0.0	0.09259259259259259	0.0	0.0	0.0	0.0	0.0	0.023952095808383235	0.0	0.0	0.05660377358490566	0.03640256959314775	0.105	0.0	0.0	0.0	0.0	0.0	0.0	0.0	0.0	0.0	0.0	0.0	0.03553299492385787	0.0	0.0	0.0	0.0	0.06607929515418502	0.0	0.08404802744425385	0.0	0.18861209964412812	0.0	0.18861209964412812	0.0	0.0	0.0	0.0	0.0	0.0	0.0	0.05660377358490566	0.0	0.0	0.05660377358490566	0.02158273381294964	0.0	0.0	0.0	0.05080545229244114	0.0	0.0	0.0	0.0	0.01276595744680851	0.0	0.01485148514851485	0.0	0.01485148514851485	0.0	0.0	0.09719222462203024	0.0	0.014962593516209476	0.0	0.0	0.0	0.0	0.0	0.0	0.0	0.0	0.0	0.0	0.0	0.0	0.0	0.0	0.0	0.0	0.0	0.0	0.0	0.0	0.06167400881057269	0.0	0.04488778054862843	0.023195876288659795	0.0	0.0	0.04466501240694789	0.0	0.0	0.0	0.0	0.0	0.07100591715976332	0.07537688442211055	0.08333333333333333	0.09230769230769231	0.04985337243401759	0.04239401496259352	0.04239401496259352	0.0	0.0	0.02	0.0	0.13432835820895522	0.0	0.06474820143884892	0.03945111492281304	0.0	0.0	0.029411764705882353	0.0	0.18861209964412812	0.0	0.0	0.1568627450980392	0.0	0.0547945205479452	0.15151515151515152	0.03382663847780127	0.0205761316872428	0.0	0.0	0.06428571428571428	0.0	0.0	0.0	0.0	0.0	0.0	0.05177993527508091	0.22302158273381295	0.06744868035190615	0.0	0.0	0.029468786351298952	0.0	0.0	0.0	0.0	0.0	0.03559870550161812	0.0	0.0	0.0	0.0	0.0	0.0	0.02158273381294964	0.017793594306049824	0.014760147601476014	0.029411764705882353	0.0	0.0	0.04956268221574344	0.0	0.1296	0.0	0.0	0.0	0.11320754716981132	0.0	0.0	0.022556390977443608	0.0	0.0	0.0	1.0	0.0	0.04331450094161959	0.0	0.22302158273381295	0.0	0.06474820143884892	0.1111111111111111	0.08823529411764706	0.017543859649122806	0.0	0.0	0.0	0.0	0.0	0.0	0.0	0.0	0.0	0.043795620437956206	0.0	0.0	0.0	0.0	0.0	0.05660377358490566	0.0	0.0	0.0
0.0	0.0	0.0	0.0	0.0	0.00897308075772682	0.12629070691024621	0.004965243296921549	0.004965243296921549	0.01567034242600116	0.009485771342985522	0.0	0.0	0.0	0.0	0.0026338893766461808	0.0	0.0	0.0	0.0	0.0	0.08279124778237729	0.005940594059405941	0.0	0.0	0.0	0.0	0.027071369975389663	0.0	0.01567034242600116	0.0	0.0	0.0	0.0	0.0	0.0	0.01820633850303439	0.081214109926169	0.0	0.0	0.0	0.0024813895781637717	0.0	0.017085427135678392	0.004965243296921549	0.013589128697042365	0.032590051457975985	0.017867435158501442	0.009940357852882704	0.003491271820448878	0.4913907284768212	0.012727272727272728	0.023011707710940653	0.006301824212271974	0.013589128697042365	0.0	0.0	0.0	0.0	0.0	0.0	0.004965243296921549	0.017085427135678392	0.01659988551803091	0.0	0.0	0.0	0.004462072384729797	0.006675567423230975	0.0	0.0	0.0	0.0	0.0	0.07510599636583888	0.0	0.0	0.0	0.0	0.0	0.0	0.0	0.0	0.0	0.0	0.006145741878841089	0.0	0.0	0.0	0.0	0.0	0.007444168734491315	0.0	0.0	0.038206826286296486	0.018777467039552537	0.0	0.0	0.0	0.0	0.0	0.010358565737051793	0.0	0.0	0.0	0.01567034242600116	0.006068779501011463	0.0	0.0032916392363396972	0.0112806901128069	0.0	0.04380403458213256	0.012727272727272728	0.05818836232753449	0.0	0.0	0.002004008016032064	0.0	0.0	0.0	0.017085427135678392	0.0	0.011401743796109993	0.0	0.0	0.0	0.0	0.0	0.0	0.0	0.0	0.10172272354388844	0.0	0.0518444666001994	0.0	0.0	0.013747228381374724	0.01567034242600116	0.0	0.0	0.0	0.0	0.009915534337128168	0.0	0.09215376513954714	0.02743142144638404	0.005151688609044075	0.0028360748723766306	0.002486325211337643	0.009912536443148687	0.005151688609044075	0.007194244604316547	0.005151688609044075	0.005151688609044075	0.0028360748723766306	0.0	0.007148530579825258	0.0	0.0	0.0	0.035343035343035345	0.5589248793935218	0.0	0.009730967372638809	0.0	0.022618231665524333	0.0033003300330033004	0.005972130059721301	0.005972130059721301	0.0033003300330033004	0.005972130059721301	0.011401743796109993	0.0033003300330033004	0.005972130059721301	0.0	0.0	0.0	0.0074725274725274725	0.0	0.037897928246589184	0.027089337175792507	0.0	0.013589128697042365	0.0	0.0	0.0	0.0	0.0	0.04183757178014766	0.007688828584350972	0.0	0.0	0.0	0.0	0.0	0.0	0.0	0.0	0.0	0.0	0.0	0.0	0.0	0.0	0.0	0.006808169803764518	0.14609286523216308	0.0	0.0	0.0	0.008603573792190603	0.0032916392363396972	0.0	0.013589128697042365	0.017011494252873564	0.0	0.015156618390030314	0.0	0.0	0.0	0.0	0.0	0.010358565737051793	0.020757020757020756	0.0519140010487677	0.0	0.00897308075772682	0.0	0.0	0.0	0.01917489831493318	0.00395882818685669	0.01992619926199262	0.0	0.0	0.0	0.005151688609044075	0.0028360748723766306	0.017632241813602016	0.010873942811115585	0.005964214711729622	0.0	0.0	0.0763819095477387	0.05097250167672703	0.061142397425583264	0.04143426294820717	0.0	0.0	0.0	0.017486783245221633	0.0	0.007148530579825258	0.0	0.0055511498810467885	0.01676727028839705	0.013589128697042365	0.0	0.0	0.0	0.0	0.0	0.0	0.08229426433915212	0.0	1.0	0.0	0.044105854049719326	0.0	0.01567034242600116	0.0	0.0	0.0	0.0	0.027870680044593088	0.0	0.0	0.0	0.053270397842211735	0.026700251889168764	0.00897308075772682	0.058823529411764705	0.04102976669348351	0.033786137234413094	0.009915534337128168	0.009915534337128168	0.005950019833399445	0.013533834586466165	0.017418490397498883	0.0	0.013533834586466165	0.018171329679838477	0.01241068070703272
0.06223628691983123	0.0	0.0	0.0	0.0	0.0	0.0	0.0	0.0	0.0	0.0	0.07187157971543233	0.14072372199885125	0.09515260323159784	0.12259970457902511	0.0	0.04854368932038835	0.0	0.006482982171799027	0.0	0.0	0.0	0.0	0.30679156908665106	0.0	0.0	0.0	0.0	0.024456521739130436	0.0	0.0	0.03577235772357724	0.0	0.18329466357308585	0.08914100486223663	0.06951871657754011	0.09874326750448834	0.0	0.0544464609800363	0.0	0.18758434547908232	0.0	0.0	0.0	0.0	0.0	0.0	0.0	0.0	0.0	0.0	0.0	0.0	0.0	0.0	0.0	0.0	0.032432432432432434	0.05388414907947912	0.0	0.0	0.0	0.0	0.0	0.07679083094555873	0.08185053380782918	0.0	0.0	0.0	0.0	0.052873563218390804	0.06170598911070781	0.06946688206785137	0.0	0.06343906510851419	0.0	0.0	0.0	0.0	0.02666666666666667	0.0	0.0	0.0	0.0	0.0	0.03572609990076083	0.06645056726094004	0.0	0.03614457831325301	0.12016293279022404	0.06129032258064516	0.0	0.0	0.11724137931034483	0.0	0.0	0.013249420337860219	0.028962188254223652	0.0	0.018083182640144666	0.0	0.0	0.0	0.07871720116618076	0.08562197092084006	0.0	0.0	0.028869286287089013	0.0	0.0	0.0	0.0	0.0	0.029850746268656716	0.0	0.0	0.04691358024691358	0.0	0.0	0.0	0.0	0.15304606240713226	0.0	0.16957605985037408	0.0	0.03	0.0	0.03	0.0	0.0	0.0	0.0	0.0	0.0	0.0	0.0	0.0	0.0	0.0	0.0	0.0	0.0	0.0	0.1742971887550201	0.0	0.0	0.0	0.0	0.0	0.0	0.0	0.0	0.0	0.0	0.0	0.0967741935483871	0.0	0.0	0.0	0.0	0.0	0.0	0.0	0.0	0.0	0.0	0.0	0.0	0.0	0.0	0.0	0.0	0.0	0.0	0.0	0.0	0.045627376425855515	0.0	0.09955423476968796	0.0	0.014516129032258065	0.0814070351758794	0.0	0.0	0.022508038585209004	0.0	0.07802874743326489	0.010968921389396709	0.0	0.0	0.026929982046678635	0.11183144246353323	0.12792792792792793	0.031315240083507306	0.04642857142857143	0.06129032258064516	0.06129032258064516	0.0	0.0	0.0	0.0	0.0	0.0	0.018108651911468814	0.12967581047381546	0.0	0.0	0.0	0.0	0.018	0.0	0.0	0.13947990543735225	0.0	0.14931506849315068	0.047619047619047616	0.01615508885298869	0.03494423791821561	0.0	0.00816326530612245	0.0	0.0	0.0	0.0	0.0	0.0	0.0	0.06886446886446887	0.04225352112676056	0.09285714285714286	0.029197080291970802	0.0	0.04746743849493488	0.0	0.0	0.0	0.0	0.0	0.03882783882783883	0.0	0.0	0.0	0.0	0.0	0.0	0.0	0.0	0.0	0.0	0.0325497287522604	0.0	0.08185053380782918	0.0	0.058056872037914695	0.0	0.0	0.0	0.0	0.0	0.0	0.0	0.0	0.0	0.0	0.04331450094161959	0.0	1.0	0.0	0.04225352112676056	0.0	0.0744466800804829	0.09328358208955224	0.07128309572301425	0.0	0.0	0.00718132854578097	0.0	0.0	0.0	0.0	0.0	0.0	0.0	0.12389380530973451	0.0	0.0	0.0	0.0	0.0	0.0	0.0	0.017094017094017096	0.025851938895417155
0.0	0.0	0.0	0.0	0.0	0.2648648648648649	0.18072289156626506	0.1827956989247312	0.1827956989247312	0.052054794520547946	0.10344827586206896	0.0	0.0	0.0	0.0	0.02729528535980149	0.0	0.0	0.0	0.0	0.0	0.0	0.0670926517571885	0.0	0.0	0.0	0.0	0.05439330543933055	0.0	0.052054794520547946	0.0	0.0	0.0	0.0	0.0	0.0	0.06229508196721312	0.15481171548117154	0.0	0.0	0.0	0.0228310502283105	0.0	0.43169398907103823	0.1827956989247312	0.2550607287449393	0.1440107671601615	0.13043478260869565	0.1781701444622793	0.0677382319173364	0.044105854049719326	0.10132689987937274	0.0966576332429991	0.06540697674418605	0.4493927125506073	0.0	0.0	0.0	0.0	0.0	0.0	0.1827956989247312	0.10382513661202186	0.11859838274932614	0.0	0.0	0.0	0.0330672748004561	0.03225806451612903	0.0	0.0	0.0	0.0	0.0	0.0	0.0	0.0	0.0	0.0	0.0	0.0	0.0	0.0	0.0	0.0	0.05905707196029777	0.0	0.0	0.0	0.0	0.0	0.0365296803652968	0.0	0.0	0.14823529411764705	0.20357142857142857	0.0	0.0	0.0	0.0	0.0	0.06451612903225806	0.0	0.0	0.0	0.052054794520547946	0.04262295081967213	0.0	0.050955414012738856	0.09967845659163987	0.0	0.0	0.04342581423401689	0.08262108262108261	0.0	0.0	0.017921146953405017	0.0	0.0	0.0	0.10382513661202186	0.0	0.06188925081433225	0.0	0.0	0.0	0.0	0.0	0.0	0.0	0.0	0.0	0.0	0.0	0.0	0.0	0.0642570281124498	0.052054794520547946	0.0	0.0	0.0	0.0	0.030894308943089432	0.0	0.10513447432762836	0.13191489361702127	0.03504043126684636	0.02666666666666667	0.02288329519450801	0.05234159779614325	0.03504043126684636	0.05263157894736842	0.03504043126684636	0.03504043126684636	0.02666666666666667	0.0	0.05220883534136546	0.0	0.0	0.0	0.0847457627118644	0.06397306397306397	0.0	0.05121293800539083	0.0	0.10367892976588629	0.03194888178913738	0.04180064308681672	0.04180064308681672	0.03194888178913738	0.04180064308681672	0.06188925081433225	0.03194888178913738	0.04180064308681672	0.0	0.0	0.0	0.061630218687872766	0.0	0.1048951048951049	0.11413043478260869	0.0	0.15789473684210525	0.0	0.0	0.0	0.0	0.0	0.2384937238493724	0.039014373716632446	0.0	0.0	0.0	0.0	0.0	0.0	0.0	0.0	0.0	0.0	0.0	0.0	0.0	0.0	0.0	0.1369740376007162	0.23870967741935484	0.0	0.0	0.0	0.05128205128205128	0.050955414012738856	0.0	0.07692307692307693	0.03765690376569038	0.0	0.04212860310421286	0.0	0.0	0.0	0.0	0.0	0.06451612903225806	0.04557885141294439	0.09002433090024331	0.0	0.13513513513513514	0.0	0.0	0.0	0.03566529492455418	0.04	0.042092357989374746	0.0	0.0	0.0	0.03504043126684636	0.02666666666666667	0.09059233449477352	0.03423423423423423	0.028419182948490232	0.0	0.0	0.0	0.0	0.0	0.0	0.0	0.0	0.0	0.08196721311475409	0.0	0.05220883534136546	0.0	0.04609218436873747	0.08143322475570032	0.07692307692307693	0.0	0.0	0.0	0.0	0.0	0.0	0.1574468085106383	0.0	0.044105854049719326	0.0	1.0	0.0	0.052054794520547946	0.0	0.0	0.0	0.0	0.051070840197693576	0.0	0.0	0.0	0.10819672131147541	0.16376306620209058	0.2648648648648649	0.19436619718309858	0.10204081632653061	0.04447852760736196	0.030894308943089432	0.030894308943089432	0.0283436669619132	0.04387990762124711	0.06072874493927125	0.0	0.04387990762124711	0.04744069912609238	0.021702838063439065
0.0	0.0	0.016666666666666666	0.0	0.0	0.0	0.0	0.0	0.0	0.0	0.0	0.01923937360178971	0.02186234817813765	0.03289473684210526	0.04716981132075472	0.0	0.0	0.042735042735042736	0.0	0.0	0.0	0.0	0.0	0.036605657237936774	0.0	0.024793388429752067	0.0	0.0	0.0	0.0	0.0	0.0	0.0	0.06741573033707865	0.016483516483516484	0.025974025974025976	0.039473684210526314	0.0	0.0	0.0	0.028688524590163935	0.0	0.009302325581395349	0.0	0.0	0.0	0.0	0.0	0.0	0.0	0.0	0.0	0.0	0.0	0.0	0.025210084033613446	0.0	0.0	0.0	0.0	0.0	0.0	0.0	0.0	0.02986279257465698	0.04854368932038835	0.0	0.0	0.0	0.0	0.04395604395604396	0.0	0.02185792349726776	0.0	0.0	0.0	0.01639344262295082	0.0	0.0	0.0	0.0	0.0	0.0	0.0	0.0	0.009945300845350571	0.04945054945054945	0.0	0.0	0.06722689075630252	0.035422343324250684	0.0	0.0	0.04395604395604396	0.0	0.0	0.0	0.0	0.0	0.02	0.0	0.0	0.056179775280898875	0.03464203233256351	0.0273224043715847	0.0	0.0	0.0	0.0	0.0	0.0	0.0	0.0	0.0	0.0	0.0	0.01615798922800718	0.0	0.0	0.0	0.0	0.04285714285714286	0.0	0.023679417122040074	0.0	0.15789473684210525	0.0	0.15789473684210525	0.0	0.0	0.0	0.0	0.0	0.0	0.0	0.056179775280898875	0.0	0.0	0.056179775280898875	0.01639344262295082	0.0	0.0	0.0	0.023004059539918808	0.0	0.0	0.0	0.0	0.009174311926605505	0.0	0.010810810810810811	0.0	0.010810810810810811	0.0	0.0	0.030303030303030304	0.0	0.010899182561307902	0.0	0.0	0.0	0.0	0.0	0.0	0.0	0.0	0.0	0.0	0.0	0.0	0.0	0.0	0.0	0.0	0.0	0.0	0.0	0.0	0.0380952380952381	0.0	0.01634877384196185	0.0215633423180593	0.0	0.0	0.016260162601626018	0.0	0.0	0.0	0.0	0.0	0.039473684210526314	0.04945054945054945	0.052980132450331126	0.05309734513274336	0.016286644951140065	0.013623978201634877	0.013623978201634877	0.0	0.0	0.01639344262295082	0.0	0.1282051282051282	0.0	0.02459016393442623	0.020036429872495445	0.0	0.0	0.025210084033613446	0.0	0.10931174089068826	0.0	0.0	0.11764705882352941	0.0	0.033542976939203356	0.11304347826086956	0.01776461880088823	0.005623552762156798	0.0	0.0	0.04878048780487805	0.0	0.0	0.0	0.0	0.0	0.0	0.027939464493597205	0.21311475409836064	0.035830618892508145	0.0	0.0	0.011461318051575931	0.0	0.0	0.0	0.0	0.0	0.010477299185098952	0.0	0.0	0.0	0.0	0.0	0.0	0.01639344262295082	0.012145748987854251	0.010738255033557046	0.025210084033613446	0.0	0.0	0.04854368932038835	0.0	0.06598984771573604	0.0	0.0	0.0	0.0	0.0	0.0	0.017241379310344827	0.0	0.0	0.0	0.22302158273381295	0.0	0.04225352112676056	0.0	1.0	0.0	0.02459016393442623	0.0925589836660617	0.05042016806722689	0.012987012987012988	0.0	0.0	0.0	0.0	0.0	0.0	0.0	0.0	0.0	0.027649769585253458	0.0	0.0	0.0	0.0	0.0	0.056179775280898875	0.0	0.0	0.0
0.0	0.0	0.0	0.0	0.0	0.013157894736842105	0.02717391304347826	0.009836065573770493	0.009836065573770493	0.024793388429752067	0.018050541516245487	0.0	0.0	0.0	0.0	0.18426334805299077	0.0	0.0	0.0	0.0	0.0	0.0	0.009259259259259259	0.0	0.0	0.0	0.0	0.13966480446927373	0.0	0.14049586776859505	0.0	0.0	0.0	0.0	0.0	0.0	0.02830188679245283	0.08379888268156424	0.0	0.0	0.0	0.005385996409335727	0.0	0.019867549668874173	0.009836065573770493	0.01639344262295082	0.039755351681957186	0.13347022587268995	0.012775842044134728	0.0063119927862939585	0.01567034242600116	0.01889976375295309	0.10631970260223049	0.012391573729863693	0.01639344262295082	0.0	0.0	0.0	0.0	0.0	0.09340659340659341	0.009836065573770493	0.019867549668874173	0.018367346938775512	0.0	0.0	0.12637362637362637	0.22511210762331837	0.25853658536585367	0.0	0.0	0.0	0.0	0.1092896174863388	0.04291845493562232	0.0	0.0	0.0	0.0	0.0	0.0	0.0	0.0	0.0	0.0	0.014050582095543959	0.0	0.0	0.0	0.0	0.0	0.01615798922800718	0.0	0.0	0.38235294117647056	0.22827687776141384	0.0	0.0	0.06711409395973154	0.0	0.0	0.013623978201634877	0.0	0.0	0.0	0.14049586776859505	0.3018867924528302	0.0	0.006928406466512702	0.013953488372093023	0.0	0.0	0.01889976375295309	0.05531914893617021	0.0	0.0	0.004431314623338257	0.06711409395973154	0.02880658436213992	0.02880658436213992	0.019867549668874173	0.0	0.014084507042253521	0.0	0.0	0.0	0.0	0.0	0.0	0.0	0.0	0.0	0.0	0.0	0.0	0.0	0.08589951377633712	0.4049586776859504	0.0	0.0	0.0	0.0	0.01634877384196185	0.0	0.022727272727272728	0.02824858757062147	0.00816326530612245	0.006072874493927126	0.00539568345323741	0.012448132780082987	0.00816326530612245	0.01092896174863388	0.00816326530612245	0.00816326530612245	0.006072874493927126	0.0	0.010869565217391304	0.043121149897330596	0.09655172413793103	0.05555555555555555	0.22705314009661837	0.028846153846153848	0.0	0.012244897959183673	0.0	0.023923444976076555	0.006944444444444444	0.009302325581395349	0.009302325581395349	0.006944444444444444	0.009302325581395349	0.014084507042253521	0.006944444444444444	0.009302325581395349	0.0	0.0	0.0	0.00964630225080386	0.0	0.043795620437956206	0.03490759753593429	0.0	0.01639344262295082	0.0	0.0	0.0	0.0	0.0	0.05027932960893855	0.009900990099009901	0.0	0.0	0.0	0.0	0.0	0.0	0.0	0.0	0.0	0.0	0.0	0.0	0.0	0.0	0.0	0.014022140221402213	0.12408759124087591	0.0	0.0	0.0	0.01160092807424594	0.006928406466512702	0.0	0.01639344262295082	0.018425460636515914	0.0	0.020741671904462602	0.0	0.052980132450331126	0.0	0.0	0.0	0.013623978201634877	0.02696629213483146	0.2	0.06711409395973154	0.013157894736842105	0.0	0.0	0.0	0.09100310237849017	0.008130081300813009	0.02565856996236743	0.0	0.0	0.0	0.00816326530612245	0.006072874493927126	0.025477707006369428	0.017804154302670624	0.013196480938416423	0.0	0.0	0.0	0.0	0.0	0.0	0.0	0.0	0.0	0.023952095808383235	0.0	0.010869565217391304	0.0	0.009497964721845319	0.018779342723004695	0.01639344262295082	0.0	0.0	0.0	0.0	0.032719836400818	0.0	0.0847457627118644	0.0	0.01567034242600116	0.0	0.052054794520547946	0.0	1.0	0.0	0.0	0.0	0.0	0.03305785123966942	0.0	0.0	0.0	0.03773584905660377	0.03366696997270246	0.013157894736842105	0.06329113924050633	0.04945054945054945	0.03372243839169909	0.01634877384196185	0.01634877384196185	0.013167520117044623	0.021739130434782608	0.024469820554649267	0.0	0.021739130434782608	0.02282608695652174	0.013927576601671309
0.02877697841726619	0.0	0.0	0.0	0.0	0.0	0.0	0.0	0.0	0.0	0.0	0.032662192393736016	0.05263157894736842	0.10526315789473684	0.07075471698113207	0.0	0.0	0.05128205128205128	0.04395604395604396	0.0	0.0	0.0	0.0	0.08319467554076539	0.09782608695652174	0.03305785123966942	0.0	0.0	0.049689440993788817	0.0	0.0	0.0	0.0	0.39325842696629215	0.07692307692307693	0.09740259740259741	0.1513157894736842	0.0	0.040268456375838924	0.0	0.040983606557377046	0.0	0.0	0.0	0.0	0.0	0.0	0.0	0.0	0.0	0.0	0.0	0.0	0.0	0.0	0.05042016806722689	0.06741573033707865	0.039735099337748346	0.0205761316872428	0.23376623376623376	0.0	0.0	0.0	0.0	0.06133979015334948	0.009708737864077669	0.0	0.0	0.0	0.08441558441558442	0.03296703296703297	0.0	0.09289617486338798	0.0	0.0	0.0	0.03278688524590164	0.0	0.0	0.0	0.0	0.0	0.0	0.03305785123966942	0.0	0.03580308304326206	0.01098901098901099	0.0	0.0	0.21008403361344538	0.07901907356948229	0.0	0.0	0.23076923076923078	0.0	0.0	0.0	0.0	0.0	0.0	0.13186813186813187	0.0	0.0	0.006928406466512702	0.08743169398907104	0.0	0.0	0.0	0.0	0.0	0.0	0.04087193460490463	0.0	0.0	0.11764705882352941	0.06741573033707865	0.0807899461400359	0.0	0.0	0.0	0.0	0.0380952380952381	0.0	0.08925318761384335	0.0	0.016194331983805668	0.0	0.016194331983805668	0.0	0.0	0.20224719101123595	0.10084033613445378	0.0	0.0	0.0	0.0	0.0	0.0	0.0	0.0	0.0	0.0	0.0	0.058186738836265225	0.0	0.0	0.0	0.0	0.0	0.0	0.0	0.0	0.0	0.0	0.0	0.1048951048951049	0.0	0.0	0.0	0.0	0.0	0.0	0.0	0.0	0.0	0.0	0.0	0.0	0.0	0.0	0.0	0.0	0.0	0.0	0.0	0.0	0.022388059701492536	0.0	0.11904761904761904	0.0	0.010899182561307902	0.029649595687331536	0.0	0.0	0.01084010840108401	0.0	0.0	0.0	0.0	0.04938271604938271	0.03289473684210526	0.13186813186813187	0.08609271523178808	0.04424778761061947	0.009771986970684038	0.008174386920980926	0.008174386920980926	0.0	0.0	0.07650273224043716	0.18803418803418803	0.05128205128205128	0.0	0.01639344262295082	0.01639344262295082	0.0	0.0	0.0	0.0	0.016194331983805668	0.0	0.0	0.10588235294117647	0.0	0.029350104821802937	0.0782608695652174	0.014803849000740192	0.020840224942110488	0.0	0.024896265560165973	0.0	0.0	0.0	0.0	0.0	0.0	0.0	0.051222351571594875	0.02459016393442623	0.10097719869706841	0.0	0.0	0.052394596807204256	0.0	0.0	0.0	0.0	0.0	0.04074505238649592	0.0	0.0	0.0	0.0	0.0	0.0	0.0	0.0	0.0	0.15126050420168066	0.0	0.0	0.009708737864077669	0.0	0.00676818950930626	0.0	0.0	0.0	0.0	0.0	0.0	0.0	0.0	0.0	0.0	0.06474820143884892	0.0	0.0744466800804829	0.0	0.02459016393442623	0.0	1.0	0.08711433756805807	0.04201680672268908	0.025974025974025976	0.0	0.039473684210526314	0.0	0.13186813186813187	0.0	0.0	0.0	0.0	0.0	0.02457757296466974	0.0	0.0	0.0	0.0	0.0	0.0	0.0	0.0	0.0
0.0	0.0	0.005484460694698354	0.0	0.0	0.0	0.0	0.0	0.0	0.0	0.0	0.04387504387504387	0.07409410492157924	0.16366612111292964	0.1012311901504788	0.0	0.0	0.0166358595194085	0.0	0.0	0.0	0.0	0.0	0.05616740088105727	0.0	0.009107468123861567	0.0	0.0	0.006329113924050633	0.0	0.0	0.0	0.0	0.18556701030927836	0.07153502235469449	0.08130081300813008	0.10801963993453355	0.0	0.0	0.0	0.07547169811320754	0.0	0.004070556309362279	0.0	0.0	0.0	0.0	0.0	0.0	0.0	0.0	0.0	0.0	0.0	0.0	0.009174311926605505	0.0	0.0	0.0	0.0	0.0	0.0	0.0	0.0	0.0901241230437129	0.03409090909090909	0.0	0.0	0.0	0.0	0.13496932515337423	0.0	0.08023774145616643	0.0	0.0	0.0	0.0054446460980036296	0.0	0.0	0.0	0.0	0.0	0.0	0.0	0.0	0.04692806421735103	0.03576751117734724	0.0	0.0	0.12844036697247707	0.07270029673590504	0.0	0.0	0.12678936605316973	0.0	0.0	0.0	0.0	0.0	0.008237232289950576	0.0	0.0	0.018556701030927835	0.02837837837837838	0.10104011887072809	0.0	0.0	0.0	0.0	0.0	0.0	0.0	0.0	0.0	0.0	0.0	0.052083333333333336	0.0	0.0	0.0	0.0	0.06052269601100413	0.0	0.16004672897196262	0.0	0.06859205776173286	0.0	0.06859205776173286	0.0	0.0	0.0	0.0	0.0	0.0	0.0	0.018556701030927835	0.0	0.0	0.018556701030927835	0.0054446460980036296	0.024742268041237112	0.0	0.0	0.08499630450849963	0.0	0.0	0.0	0.0	0.004037685060565276	0.0	0.004431314623338257	0.0	0.004431314623338257	0.0	0.0	0.17527173913043478	0.0	0.004451038575667656	0.0	0.0	0.0	0.0	0.0	0.0	0.0	0.0	0.0	0.0	0.0	0.0	0.0	0.0	0.0	0.0	0.0	0.0	0.0	0.0	0.09628610729023383	0.0	0.02373887240356083	0.04575786463298379	0.0	0.0	0.023668639053254437	0.0	0.0	0.0	0.0	0.0	0.03600654664484452	0.22056631892697467	0.10180623973727422	0.04127579737335835	0.024429967426710098	0.02225519287833828	0.02225519287833828	0.0	0.0	0.007429420505200594	0.0	0.04990757855822551	0.024742268041237112	0.029038112522686024	0.04322429906542056	0.0	0.0	0.009174311926605505	0.0	0.05415162454873646	0.0	0.0	0.14675052410901468	0.0	0.05357142857142857	0.06517690875232775	0.042748091603053436	0.03363914373088685	0.0	0.0	0.0162748643761302	0.0	0.0	0.0	0.0	0.0	0.0	0.05702647657841141	0.17967332123411978	0.18729641693811075	0.0	0.0	0.056660310542086624	0.0	0.0	0.0	0.0	0.0	0.05091649694501019	0.0	0.0	0.0	0.024742268041237112	0.0	0.0	0.0054446460980036296	0.0036101083032490976	0.004415011037527594	0.009174311926605505	0.023064250411861616	0.023391812865497075	0.03409090909090909	0.0	0.042316258351893093	0.0	0.0	0.0	0.0	0.0	0.0	0.0055658627087198514	0.0	0.010062893081761006	0.0	0.1111111111111111	0.0	0.09328358208955224	0.0	0.0925589836660617	0.0	0.08711433756805807	1.0	0.08440366972477065	0.004878048780487805	0.0	0.0	0.0	0.0	0.0	0.0	0.0	0.0	0.0	0.04592901878914405	0.0	0.0	0.0	0.0	0.015	0.018556701030927835	0.0	0.0	0.0
0.0	0.0	0.0	0.0	0.0	0.0	0.0	0.0	0.0	0.0	0.0	0.04633378317588844	0.0973017170891251	0.12751677852348994	0.23444976076555024	0.0	0.0	0.0	0.0	0.0	0.0	0.0	0.0	0.06890756302521009	0.0	0.0	0.0	0.0	0.0	0.0	0.0	0.06741573033707865	0.15789473684210525	0.09302325581395349	0.12849162011173185	0.039735099337748346	0.053691275167785234	0.0	0.0	0.0	0.0954356846473029	0.0	0.0	0.0	0.0	0.0	0.0	0.0	0.0	0.0	0.0	0.0	0.0	0.0	0.0	0.0	0.0	0.0	0.0	0.0	0.10084033613445378	0.0	0.0	0.0	0.08475957620211899	0.0297029702970297	0.0	0.0	0.0	0.0	0.20454545454545456	0.0	0.03333333333333333	0.0	0.0	0.0	0.0	0.0	0.0	0.0	0.0	0.10714285714285714	0.07692307692307693	0.0	0.0	0.018117765475591345	0.027932960893854747	0.0	0.0	0.08620689655172414	0.04709141274238227	0.0	0.0	0.06818181818181818	0.0	0.0	0.03106657122405154	0.06620689655172414	0.0	0.0	0.0	0.0	0.0	0.02107728337236534	0.2222222222222222	0.0	0.0	0.0	0.0	0.0	0.0	0.0	0.0	0.0	0.0	0.0	0.023593466424682397	0.0	0.0	0.0	0.0	0.1111111111111111	0.0	0.07550644567219153	0.0	0.04149377593360996	0.0	0.04149377593360996	0.0	0.0	0.0	0.0	0.08379888268156424	0.0	0.0	0.0	0.0	0.0	0.0	0.0	0.0	0.0	0.0	0.10041265474552957	0.0	0.0	0.0	0.0	0.0	0.0	0.0	0.0	0.0	0.0	0.0	0.21040189125295508	0.0	0.0	0.0	0.0	0.0	0.0	0.0	0.0	0.0	0.0	0.0	0.0	0.0	0.0	0.0	0.0	0.0	0.0	0.0	0.0	0.0	0.0	0.04830917874396135	0.0	0.027700831024930747	0.05434782608695652	0.0	0.16595744680851063	0.027548209366391185	0.0	0.0	0.0	0.0	0.0	0.053691275167785234	0.26256983240223464	0.14864864864864866	0.07272727272727272	0.029900332225913623	0.024930747922437674	0.024930747922437674	0.0	0.0	0.0	0.0	0.0	0.0	0.04201680672268908	0.0718232044198895	0.0	0.0	0.0	0.0	0.04149377593360996	0.0	0.0	0.43902439024390244	0.0	0.09341825902335456	0.10714285714285714	0.02389843166542196	0.03701233744581527	0.0	0.0	0.025	0.0	0.0	0.0	0.0	0.0	0.0	0.03778040141676505	0.05042016806722689	0.28903654485049834	0.0	0.0	0.018189334435717238	0.0	0.0	0.0	0.0	0.0	0.020070838252656435	0.0	0.0	0.0	0.0	0.0	0.0	0.0	0.0	0.0	0.0	0.0	0.0	0.0297029702970297	0.0	0.017094017094017096	0.0	0.0	0.0	0.0	0.0	0.0	0.0	0.06611570247933884	0.0	0.0	0.08823529411764706	0.0	0.07128309572301425	0.0	0.05042016806722689	0.0	0.04201680672268908	0.08440366972477065	1.0	0.0	0.0	0.0	0.0	0.0	0.0	0.0	0.0	0.0	0.0	0.07131782945736434	0.0	0.0	0.0	0.0	0.0	0.0	0.0	0.0	0.04054054054054054
0.057971014492753624	0.0	0.039473684210526314	0.0	0.0	0.0	0.0	0.0	0.0	0.0	0.0	0.0	0.0	0.0	0.0	0.0	0.0	0.4899328859060403	0.09345794392523364	0.0	0.0	0.0	0.0	0.012030075187969926	0.024193548387096774	0.29411764705882354	0.0	0.0	0.014625228519195612	0.0	0.0	0.0	0.0	0.0	0.0	0.0	0.0	0.0	0.23204419889502761	0.0	0.0	0.0	0.024291497975708502	0.0	0.0	0.0	0.0	0.0	0.0	0.0	0.0	0.0	0.0	0.0	0.0	0.1390728476821192	0.1487603305785124	0.09836065573770492	0.05098572399728076	0.1651376146788991	0.0	0.0	0.0	0.0	0.010972933430870519	0.0	0.0	0.0	0.0	0.05913978494623656	0.0	0.0	0.0	0.0	0.0	0.0	0.11688311688311688	0.0	0.0	0.0	0.0	0.0	0.0	0.0784313725490196	0.0	0.0	0.0	0.0	0.0	0.0	0.0	0.0	0.0	0.0	0.0	0.0	0.0	0.0	0.0	0.04945054945054945	0.032520325203252036	0.0	0.12396694214876033	0.0	0.0	0.0	0.0	0.0	0.0	0.0	0.0	0.01160092807424594	0.0	0.0	0.2564102564102564	0.1487603305785124	0.01288244766505636	0.0	0.0	0.0	0.0	0.0	0.0	0.0	0.0	0.00964630225080386	0.0	0.00964630225080386	0.0	0.0	0.049586776859504134	0.026490066225165563	0.0	0.0	0.0	0.12396694214876033	0.0	0.0	0.12396694214876033	0.03896103896103896	0.0	0.0	0.0	0.0	0.0	0.0	0.0	0.0	0.024	0.0	0.027649769585253458	0.0	0.027649769585253458	0.0	0.0	0.0	0.0	0.027842227378190254	0.0	0.0	0.0	0.0	0.0	0.0	0.0	0.0	0.0	0.0	0.0	0.0	0.0	0.0	0.0	0.0	0.0	0.0	0.04666666666666667	0.0	0.0	0.0	0.0	0.0	0.0	0.0	0.0	0.0	0.0	0.0	0.0	0.014545454545454545	0.0	0.0	0.0	0.0	0.0	0.0	0.0	0.0	0.0	0.10697674418604651	0.1476510067114094	0.15436241610738255	0.0	0.0	0.0	0.0	0.0	0.059602649006622516	0.0	0.00964630225080386	0.0	0.0	0.0	0.0	0.0	0.061224489795918366	0.0	0.0	0.0	0.05128205128205128	0.012903225806451613	0.0	0.0	0.0	0.0	0.0	0.0	0.0	0.012987012987012988	0.0	0.0	0.0	0.0	0.0	0.0	0.0	0.0	0.0	0.0	0.0	0.0	0.0	0.0	0.0	0.0	0.03896103896103896	0.028938906752411574	0.027491408934707903	0.09933774834437085	0.0	0.0	0.0	0.0	0.004580152671755725	0.0	0.0	0.0	0.0	0.0	0.0	0.04054054054054054	0.0	0.0	0.0	0.017543859649122806	0.0	0.0	0.0	0.012987012987012988	0.0	0.025974025974025976	0.004878048780487805	0.0	1.0	0.0	0.07608695652173914	0.0	0.032520325203252036	0.0	0.0	0.0	0.0	0.0	0.0	0.0	0.0	0.0	0.0	0.0	0.04132231404958678	0.0	0.0	0.0
0.026490066225165563	0.025735294117647058	0.0	0.017355793772332824	0.03494423791821561	0.014652014652014652	0.036065573770491806	0.012797074954296161	0.012797074954296161	0.1322314049586777	0.10050251256281408	0.010814464346062858	0.0	0.0	0.0	0.02168256721595837	0.0	0.0	0.0	0.0	0.0	0.0	0.011869436201780416	0.0	0.0	0.0	0.0	0.023333333333333334	0.0	0.03305785123966942	0.0	0.0	0.0	0.0	0.0	0.0	0.036036036036036036	0.07	0.0	0.0	0.0	0.008760951188986232	0.0	0.01838235294117647	0.012797074954296161	0.01644736842105263	0.043003412969283276	0.03429355281207133	0.01412639405204461	0.009416195856873822	0.027870680044593088	0.13660646146018826	0.10442864953526518	0.08484270734032412	0.01644736842105263	0.0	0.0	0.0	0.0	0.0	0.0	0.012797074954296161	0.01838235294117647	0.03278688524590164	0.0	0.0	0.0	0.024390243902439025	0.024504084014002333	0.0	0.0	0.0	0.0	0.0	0.0	0.03494423791821561	0.0	0.0	0.0	0.0	0.03494423791821561	0.0472972972972973	0.03322259136212625	0.026490066225165563	0.06172839506172839	0.023995374385660597	0.0	0.0	0.0	0.0	0.0	0.08135168961201501	0.0462046204620462	0.0	0.04580152671755725	0.031487513572204126	0.016718702789807634	0.0	0.0	0.01812688821752266	0.0	0.014778325123152709	0.0	0.0	0.0	0.03305785123966942	0.012012012012012012	0.032081911262798635	0.01037037037037037	0.01488095238095238	0.0	0.0	0.13660646146018826	0.042134831460674156	0.0	0.0	0.007616974972796518	0.0	0.0	0.0	0.01838235294117647	0.0	0.014970059880239521	0.0	0.043348281016442454	0.0	0.0	0.0	0.029411764705882353	0.029411764705882353	0.0	0.0	0.0	0.0	0.07037037037037037	0.0	0.0919674039580908	0.03305785123966942	0.0	0.0	0.0	0.06042296072507553	0.11885245901639344	0.0	0.03116883116883117	0.02348993288590604	0.01092896174863388	0.009510869565217392	0.008771929824561403	0.013812154696132596	0.01092896174863388	0.013157894736842105	0.01092896174863388	0.01092896174863388	0.009510869565217392	0.0	0.013114754098360656	0.0	0.0	0.0	0.04573170731707317	0.0364741641337386	0.0	0.01366120218579235	0.0	0.021212121212121213	0.010385756676557863	0.011904761904761904	0.011904761904761904	0.010385756676557863	0.011904761904761904	0.014970059880239521	0.010385756676557863	0.011904761904761904	0.0	0.0	0.0	0.011574074074074073	0.0	0.04556962025316456	0.039780521262002745	0.0	0.01644736842105263	0.0	0.0	0.0	0.0	0.0	0.05	0.01179245283018868	0.0	0.0	0.0	0.0	0.0	0.0	0.0	0.0	0.0	0.0	0.0	0.0	0.0	0.0	0.0	0.023382272974442633	0.07364341085271318	0.0	0.043348281016442454	0.0	0.01337295690936107	0.01037037037037037	0.0	0.01644736842105263	0.017878426698450536	0.0	0.02746987951807229	0.0	0.0	0.0	0.0	0.0	0.014778325123152709	0.1896646509070918	0.16321243523316062	0.0	0.014652014652014652	0.0	0.0	0.0	0.019297036526533425	0.011456628477905073	0.1261886404523259	0.02197802197802198	0.0	0.02197802197802198	0.01092896174863388	0.009510869565217392	0.11876184459886292	0.36681222707423583	0.2683982683982684	0.0	0.0	0.0	0.0	0.0	0.0	0.031994554118447927	0.0	0.0	0.03076923076923077	0.0	0.013114754098360656	0.0	0.012285012285012284	0.017964071856287425	0.01644736842105263	0.0	0.0	0.0	0.0	0.0	0.0	0.07046979865771812	0.0	0.027870680044593088	0.0	0.051070840197693576	0.0	0.03305785123966942	0.0	0.0	0.0	0.0	1.0	0.0	0.0	0.0	0.042042042042042045	0.1244472520530638	0.014652014652014652	0.1871508379888268	0.04950495049504951	0.029615004935834157	0.11885245901639344	0.11885245901639344	0.07401404646137223	0.10327455919395466	0.031578947368421054	0.0	0.10327455919395466	0.08605851979345955	0.014583333333333334
0.36688741721854307	0.0	0.0	0.0	0.0	0.0	0.0	0.0	0.0	0.0	0.0	0.009341825902335456	0.010332103321033211	0.0	0.0	0.0	0.023529411764705882	0.1360544217687075	0.4339622641509434	0.0	0.0	0.0	0.0	0.039334341906202726	0.040983606557377046	0.09271523178807947	0.0	0.0	0.03314917127071823	0.0	0.0	0.052132701421800945	0.0	0.0	0.014150943396226415	0.0	0.0	0.0	0.13966480446927373	0.0	0.01824817518248175	0.0	0.0	0.0	0.0	0.0	0.0	0.0	0.0	0.0	0.0	0.0	0.0	0.0	0.0	0.1342281879194631	0.16806722689075632	0.1270718232044199	0.09003436426116838	0.18691588785046728	0.0	0.0	0.0	0.0	0.0	0.016260162601626018	0.0	0.0	0.0	0.07065217391304347	0.0	0.07262569832402235	0.0	0.0	0.04433497536945813	0.0	0.09210526315789473	0.0	0.0	0.012448132780082987	0.0	0.0	0.0	0.09271523178807947	0.0	0.0	0.08018867924528301	0.0	0.019672131147540985	0.0	0.0	0.0	0.0	0.0	0.0	0.0	0.005324104884866232	0.014002333722287048	0.0	0.027777777777777776	0.049586776859504134	0.0	0.0	0.036511156186612576	0.0	0.0	0.0	0.013937282229965157	0.0	0.0	0.0	0.02107728337236534	0.0	0.014634146341463415	0.2782608695652174	0.16806722689075632	0.05834683954619125	0.0	0.0	0.0	0.0	0.04583333333333333	0.0	0.009852216748768473	0.0	0.0	0.0	0.0	0.0	0.0	0.06722689075630252	0.040268456375838924	0.0	0.0	0.0	0.0	0.0	0.0	0.0	0.0	0.0	0.0	0.0	0.013969732246798603	0.0	0.0	0.0	0.0	0.0	0.0	0.0	0.0	0.0	0.0	0.0	0.0	0.0	0.0	0.0	0.0	0.0	0.0	0.0	0.0	0.0	0.0	0.0	0.0	0.0	0.0	0.0	0.0	0.0	0.0	0.0	0.0	0.3221476510067114	0.0	0.05	0.0	0.0	0.012468827930174564	0.0	0.0	0.03496503496503497	0.0	0.1292517006802721	0.05084745762711865	0.0	0.02197802197802198	0.0	0.0	0.0	0.0	0.01634877384196185	0.0234192037470726	0.0234192037470726	0.0	0.0	0.07511737089201878	0.16326530612244897	0.1360544217687075	0.0	0.0	0.016420361247947456	0.0	0.0	0.0	0.0	0.0	0.0	0.0	0.0	0.0	0.0186219739292365	0.0	0.0	0.004290530186944529	0.0	0.3284132841328413	0.0	0.0	0.0	0.0	0.0	0.0	0.0	0.0	0.0	0.0	0.014167650531286895	0.0	0.0	0.0	0.0	0.0	0.0	0.0	0.0	0.0	0.0	0.0	0.0	0.0	0.0	0.0	0.0	0.0	0.053691275167785234	0.016666666666666666	0.0	0.016260162601626018	0.0	0.039938556067588324	0.0	0.0	0.0	0.0	0.0	0.0	0.0	0.0	0.0	0.0	0.0	0.0	0.00718132854578097	0.0	0.0	0.0	0.039473684210526314	0.0	0.0	0.07608695652173914	0.0	1.0	0.0	0.049586776859504134	0.0	0.0	0.0	0.0	0.0	0.02390998593530239	0.0	0.0	0.0	0.0	0.0	0.0	0.0	0.0069767441860465115	0.03343465045592705
0.0	0.0	0.0	0.0	0.0	0.0	0.0	0.0	0.0	0.0	0.0	0.0	0.0	0.0	0.0	0.0	0.10743801652892562	0.0	0.0	0.0	0.0	0.0	0.0	0.0	0.0	0.0	0.0	0.0	0.0	0.0	0.0	0.0	0.0	0.0	0.0	0.0	0.0	0.0	0.0	0.13513513513513514	0.0	0.01954022988505747	0.0	0.0	0.0	0.0	0.0	0.0	0.0	0.0	0.0	0.0	0.0	0.0	0.0	0.0	0.0	0.0	0.0	0.0	0.0	0.0	0.0	0.0	0.0	0.0	0.0	0.0	0.0	0.0	0.0	0.0	0.0	0.0	0.0	0.0	0.0	0.0	0.0	0.0	0.0	0.0	0.0	0.0	0.0	0.0	0.0	0.0	0.1111111111111111	0.0	0.0	0.0	0.0	0.0	0.0	0.0	0.0	0.07776261937244201	0.0	0.0	0.0	0.0	0.0	0.0	0.0	0.0	0.0	0.0	0.0	0.0	0.0	0.0	0.0	0.0	0.0	0.0	0.04864864864864865	0.0	0.0	0.0	0.0	0.0	0.03289473684210526	0.0	0.0	0.0	0.16483516483516483	0.0	0.0	0.0	0.0	0.0	0.0	0.0	0.0	0.0	0.0	0.0	0.0	0.0	0.0	0.0	0.0	0.0	0.0	0.20689655172413793	0.08695652173913043	0.07526881720430108	0.06451612903225806	0.1111111111111111	0.09782608695652174	0.12295081967213115	0.09782608695652174	0.08695652173913043	0.07526881720430108	0.0	0.0	0.0	0.0	0.0	0.0	0.0	0.0	0.02717391304347826	0.054945054945054944	0.04054054054054054	0.027419354838709678	0.02922077922077922	0.02922077922077922	0.027419354838709678	0.02922077922077922	0.03289473684210526	0.027419354838709678	0.02922077922077922	0.06896551724137931	0.0	0.0	0.0	0.0	0.0	0.0	0.0	0.0	0.0	0.0	0.0989010989010989	0.0	0.0	0.0	0.0743801652892562	0.0	0.0	0.0	0.0	0.0	0.0	0.0	0.2	0.2	0.0	0.0	0.0	0.0	0.0	0.0	0.0	0.0	0.0	0.0	0.0	0.0	0.0	0.0	0.0	0.0	0.0	0.0	0.013266998341625208	0.0	0.0	0.0	0.0	0.0	0.0	0.0	0.0	0.0	0.0	0.0	0.0	0.0	0.0	0.0	0.0	0.2727272727272727	0.0	0.08695652173913043	0.07526881720430108	0.0	0.0	0.0	0.0	0.0	0.0	0.0	0.0	0.0	0.0	0.0	0.0	0.0	0.0	0.0	0.0	0.0	0.0	0.0	0.0	0.0	0.0	0.0	0.07356948228882834	0.0	0.0	0.0	0.0	0.0	0.0	0.0	0.0	0.0	0.0	0.0	0.0	0.0	0.0	1.0	0.0	0.039735099337748346	0.0	0.0	0.0	0.0	0.0	0.0	0.0	0.0	0.0	0.0	0.0	0.0	0.0	0.0
0.0315955766192733	0.0	0.0	0.0	0.0	0.0	0.0	0.0	0.0	0.0	0.0	0.0	0.0	0.0	0.0	0.0	0.0	0.06976744186046512	0.052980132450331126	0.0	0.0	0.0	0.0	0.04452690166975881	0.14754098360655737	0.044444444444444446	0.0	0.0	0.057007125890736345	0.0	0.0	0.0	0.0	0.0	0.0	0.0	0.0	0.0	0.05084745762711865	0.0	0.0	0.0	0.0	0.0	0.0	0.0	0.0	0.0	0.0	0.0	0.0	0.0	0.0	0.0	0.0	0.06818181818181818	0.10344827586206896	0.05	0.025853154084798345	0.391304347826087	0.0	0.0	0.0	0.0	0.0	0.0	0.0	0.0	0.0	0.10569105691056911	0.0	0.0	0.0	0.0	0.0	0.0	0.04395604395604396	0.0	0.0	0.0	0.0	0.0	0.0	0.044444444444444446	0.0	0.0	0.0	0.0	0.0	0.0	0.0	0.0	0.0	0.0	0.0	0.0	0.0	0.0	0.0	0.0	0.2	0.0	0.0	0.0	0.0	0.0	0.0	0.0	0.0	0.0	0.0	0.04918032786885246	0.0	0.0	0.18518518518518517	0.10344827586206896	0.04040404040404041	0.0	0.0	0.0	0.0	0.0	0.0	0.0	0.0	0.0	0.0	0.0	0.0	0.0	0.3103448275862069	0.13636363636363635	0.0	0.0	0.0	0.0	0.0	0.0	0.0	0.0	0.0	0.0	0.0	0.0	0.0	0.0	0.0	0.0	0.0	0.0	0.0	0.0	0.0	0.0	0.0	0.0	0.0	0.0	0.0	0.0	0.0	0.0	0.0	0.0	0.0	0.0	0.0	0.0	0.0	0.0	0.0	0.0	0.0	0.0	0.0	0.0	0.02531645569620253	0.0	0.0	0.0	0.0	0.0	0.0	0.0	0.0	0.0	0.0	0.0	0.0	0.05660377358490566	0.0	0.0	0.0	0.0	0.0	0.0	0.0	0.0	0.0	0.09210526315789473	0.2558139534883721	0.06976744186046512	0.0	0.0	0.0	0.0	0.0	0.0	0.0	0.0	0.0	0.0	0.0	0.0	0.0	0.0	0.0	0.0	0.0	0.02857142857142857	0.0	0.0	0.0	0.0	0.0	0.0	0.0	0.0	0.0	0.0	0.0	0.0	0.0	0.0	0.0	0.0	0.0	0.0	0.0	0.0	0.0	0.0	0.0	0.0	0.0	0.0	0.0	0.0	0.20454545454545456	0.0	0.0	0.0	0.0	0.0	0.0	0.0	0.0	0.0	0.0	0.0	0.0	0.0	0.0	0.0	0.0	0.0	0.0	0.0	0.0	0.0	0.13186813186813187	0.0	0.0	0.032520325203252036	0.0	0.049586776859504134	0.0	1.0	0.0	0.0	0.0	0.0	0.0	0.0	0.0	0.0	0.0	0.0	0.0	0.0	0.0	0.0	0.0
0.0	0.0	0.0	0.0	0.0	0.08196721311475409	0.11688311688311688	0.06938775510204082	0.06938775510204082	0.03773584905660377	0.048582995951417005	0.0	0.0	0.0	0.0	0.019102621057307864	0.021176470588235293	0.0	0.0	0.0	0.0	0.0	0.053763440860215055	0.0	0.0	0.0	0.0	0.04697986577181208	0.0	0.03773584905660377	0.0	0.0	0.0	0.0	0.0	0.0	0.04395604395604396	0.11409395973154363	0.0	0.0782122905027933	0.0	0.0613682092555332	0.0	0.10743801652892562	0.06938775510204082	0.08496732026143791	0.08013937282229965	0.06323185011709602	0.06612685560053981	0.03741152679474216	0.053270397842211735	0.04406904149834741	0.0563265306122449	0.0321285140562249	0.08496732026143791	0.0	0.0	0.0	0.0	0.0	0.0	0.06938775510204082	0.10743801652892562	0.06279069767441861	0.0	0.0	0.0	0.023115577889447236	0.023423423423423424	0.0	0.0	0.0	0.0	0.0	0.0	0.0	0.0	0.0	0.0	0.0	0.0	0.0	0.0	0.0	0.0	0.043980453131941356	0.0	0.0	0.01639344262295082	0.0	0.0	0.026156941649899398	0.0	0.0	0.05785123966942149	0.05331179321486268	0.0	0.012835472578763127	0.0	0.0	0.0	0.0749185667752443	0.0	0.0	0.0	0.03773584905660377	0.054945054945054944	0.0	0.045576407506702415	0.07027027027027027	0.0	0.0	0.04406904149834741	0.07317073170731707	0.0	0.0	0.03565640194489465	0.0	0.0	0.0	0.2396694214876033	0.0	0.12021857923497267	0.0	0.0	0.0	0.02459016393442623	0.0	0.0	0.0	0.0	0.0	0.0	0.0	0.0	0.0	0.04847396768402154	0.03773584905660377	0.0	0.0	0.0	0.0	0.02373887240356083	0.0	0.03418803418803419	0.17006802721088435	0.09302325581395349	0.07603686635944701	0.06653225806451613	0.12796208530805686	0.06511627906976744	0.08496732026143791	0.06511627906976744	0.09302325581395349	0.07603686635944701	0.0	0.06493506493506493	0.0	0.0	0.0	0.062146892655367235	0.0898876404494382	0.0	0.10232558139534884	0.07377049180327869	0.17318435754189945	0.08198924731182795	0.0945945945945946	0.0945945945945946	0.08198924731182795	0.0945945945945946	0.12021857923497267	0.08198924731182795	0.0945945945945946	0.12244897959183673	0.0	0.0	0.046263345195729534	0.0	0.09836065573770492	0.1053864168618267	0.0	0.08496732026143791	0.0	0.0	0.018779342723004695	0.0	0.0	0.0738255033557047	0.06227106227106227	0.0	0.0	0.0	0.0	0.0	0.0	0.0	0.03305785123966942	0.03305785123966942	0.0	0.0	0.0	0.0	0.0	0.0	0.04129554655870445	0.17757009345794392	0.0	0.0	0.0	0.06199460916442048	0.045576407506702415	0.0	0.08496732026143791	0.04655493482309125	0.0	0.04282800815771584	0.022065583818571866	0.0	0.0	0.0	0.0	0.0749185667752443	0.03621399176954732	0.07234042553191489	0.0	0.08196721311475409	0.0	0.0	0.0	0.03305785123966942	0.05501618122977346	0.033917256802087216	0.0	0.05042016806722689	0.0	0.09302325581395349	0.07603686635944701	0.06128702757916241	0.026058631921824105	0.02090032154340836	0.0	0.0	0.0	0.0	0.0	0.0	0.0	0.0	0.0	0.05921052631578947	0.0	0.06493506493506493	0.0	0.059967585089141004	0.08743169398907104	0.08496732026143791	0.0	0.0	0.0	0.0	0.011655011655011656	0.0	0.11564625850340136	0.0	0.053270397842211735	0.0	0.10819672131147541	0.0	0.03773584905660377	0.0	0.0	0.0	0.0	0.042042042042042045	0.0	0.039735099337748346	0.0	1.0	0.06435137895812053	0.08196721311475409	0.0821256038647343	0.07236842105263158	0.04219409282700422	0.02373887240356083	0.02373887240356083	0.020850040096230954	0.032520325203252036	0.059674502712477394	0.0	0.032520325203252036	0.08488372093023255	0.02127659574468085
0.027257240204429302	0.0	0.0	0.0	0.0	0.22056833558863329	0.14186851211072665	0.13630229419703105	0.13630229419703105	0.12829845313921748	0.1606133979015335	0.00920951650038373	0.0	0.0	0.0	0.01925172539048311	0.0	0.0	0.0	0.0	0.0	0.0	0.035175879396984924	0.0	0.0	0.0	0.0	0.0295159386068477	0.0	0.03366696997270246	0.0	0.0	0.0	0.0	0.0	0.0	0.03779366700715015	0.08618654073199528	0.0	0.0	0.0	0.013654618473895583	0.0	0.1945578231292517	0.13630229419703105	0.12862108922363846	0.11151079136690648	0.1167420814479638	0.14516129032258066	0.06129032258064516	0.026700251889168764	0.12589147286821706	0.14363143631436315	0.07048710601719198	0.12862108922363846	0.0	0.0	0.0	0.0	0.0	0.0	0.13630229419703105	0.047619047619047616	0.10891089108910891	0.0	0.0	0.0	0.02247191011235955	0.022777369581190303	0.0	0.0	0.0	0.0	0.0	0.0	0.0	0.0	0.0	0.0	0.0	0.0	0.05776173285198556	0.03760282021151586	0.028070175438596492	0.02171945701357466	0.03814021067925899	0.0	0.0	0.0	0.0	0.0	0.024899598393574297	0.0	0.0	0.08941755537325677	0.0893216924110141	0.0	0.0	0.0	0.0	0.0	0.03352601156069364	0.0	0.0	0.0	0.03366696997270246	0.02349336057201226	0.0	0.025075225677031094	0.055499495459132187	0.0	0.0	0.08868217054263566	0.05322128851540616	0.0	0.0	0.011447811447811448	0.0	0.0	0.0	0.047619047619047616	0.0	0.03560528992878942	0.0	0.0	0.0	0.0	0.0	0.0326530612244898	0.0326530612244898	0.0	0.0	0.0	0.0	0.0	0.0	0.09157509157509157	0.03366696997270246	0.0	0.0	0.0	0.0	0.023139462163852407	0.0	0.05812973883740522	0.07032181168057211	0.020702070207020702	0.01519213583556747	0.013676588897827836	0.0319634703196347	0.020702070207020702	0.026651216685979143	0.020702070207020702	0.020702070207020702	0.01519213583556747	0.0	0.0265282583621684	0.0	0.0	0.0	0.051094890510948905	0.03842159916926272	0.0	0.0315031503150315	0.0	0.06101344364012409	0.017085427135678392	0.02320887991927346	0.02320887991927346	0.017085427135678392	0.02320887991927346	0.03560528992878942	0.017085427135678392	0.02320887991927346	0.0	0.0	0.0	0.04	0.0	0.07090464547677261	0.07330316742081448	0.0	0.08227114716106605	0.0	0.0	0.0	0.0	0.0	0.11452184179456906	0.026061057334326135	0.0	0.0	0.0	0.0	0.0	0.0	0.0	0.0	0.0	0.0	0.0	0.0	0.0	0.0	0.0	0.08209959623149395	0.10751104565537556	0.0	0.0	0.0	0.02920443101711984	0.025075225677031094	0.0	0.04055619930475087	0.02490566037735849	0.0	0.0313588850174216	0.0	0.0	0.0	0.0	0.0	0.03352601156069364	0.126193724420191	0.16876574307304787	0.0	0.058186738836265225	0.0	0.0	0.0	0.022768670309653915	0.019562715765247412	0.12213500784929357	0.0	0.0	0.0	0.020702070207020702	0.01519213583556747	0.13577235772357724	0.025016903313049357	0.02073578595317726	0.0	0.0	0.0	0.0	0.0	0.0	0.0	0.0	0.0	0.05657805044308112	0.0	0.0265282583621684	0.0	0.02304147465437788	0.04781281790437437	0.04055619930475087	0.0	0.0	0.0	0.0	0.0	0.0	0.08700834326579261	0.0	0.026700251889168764	0.0	0.16376306620209058	0.0	0.03366696997270246	0.0	0.0	0.0	0.0	0.1244472520530638	0.0	0.0	0.0	0.06435137895812053	1.0	0.11231393775372124	0.6459684893419834	0.0570430733410943	0.03407053197848177	0.023139462163852407	0.023139462163852407	0.02069425901201602	0.029959514170040485	0.04200442151805453	0.0	0.029959514170040485	0.037037037037037035	0.01595405232929164
0.0	0.0	0.0	0.0	0.0	0.4838709677419355	0.24468085106382978	0.36	0.36	0.013157894736842105	0.12299465240641712	0.0	0.0	0.0	0.0	0.005081874647092038	0.0	0.0	0.0	0.0	0.0	0.0	0.09523809523809523	0.0	0.0	0.0	0.0	0.056179775280898875	0.0	0.013157894736842105	0.0	0.0	0.0	0.0	0.0	0.0	0.01639344262295082	0.056179775280898875	0.0	0.0	0.0	0.023872679045092837	0.0	0.7377049180327869	0.36	0.3978494623655914	0.15619967793880837	0.15309446254071662	0.2654690618762475	0.1081441922563418	0.00897308075772682	0.11056620597414177	0.09847715736040609	0.0733652312599681	0.3978494623655914	0.0	0.0	0.0	0.0	0.0	0.0	0.36	0.14754098360655737	0.1774193548387097	0.0	0.0	0.0	0.006622516556291391	0.006896551724137931	0.0	0.0	0.0	0.0	0.0	0.0	0.0	0.0	0.0	0.0	0.0	0.0	0.0	0.0	0.0	0.0	0.054771315640880856	0.0	0.0	0.0	0.0	0.0	0.007957559681697613	0.0	0.0	0.02197802197802198	0.11022044088176353	0.0	0.0	0.0	0.0	0.0	0.08021390374331551	0.0	0.0	0.0	0.013157894736842105	0.04918032786885246	0.0	0.07509881422924901	0.136	0.0	0.0	0.024966562639322336	0.0896551724137931	0.0	0.0	0.018108651911468814	0.0	0.0	0.0	0.14754098360655737	0.0	0.07317073170731707	0.0	0.0	0.0	0.0	0.0	0.0	0.0	0.0	0.0	0.0	0.0	0.0	0.0	0.05263157894736842	0.013157894736842105	0.0	0.0	0.0	0.0	0.007220216606498195	0.0	0.011494252873563218	0.1724137931034483	0.03870967741935484	0.028662420382165606	0.023936170212765957	0.059602649006622516	0.03870967741935484	0.06451612903225806	0.03870967741935484	0.03870967741935484	0.028662420382165606	0.0	0.06382978723404255	0.0	0.0	0.0	0.02564102564102564	0.01694915254237288	0.0	0.05806451612903226	0.0	0.12605042016806722	0.03571428571428571	0.048	0.048	0.03571428571428571	0.048	0.07317073170731707	0.03571428571428571	0.048	0.0	0.0	0.0	0.07692307692307693	0.0	0.07608695652173914	0.10097719869706841	0.0	0.22580645161290322	0.0	0.0	0.0	0.0	0.0	0.033707865168539325	0.04225352112676056	0.0	0.0	0.0	0.0	0.0	0.0	0.0	0.0	0.0	0.0	0.0	0.0	0.0	0.0	0.0	0.12160804020100502	0.3617021276595745	0.0	0.0	0.0	0.05976095617529881	0.07509881422924901	0.0	0.0967741935483871	0.0407673860911271	0.0	0.021933387489845652	0.0	0.0	0.0	0.0	0.0	0.08021390374331551	0.012307692307692308	0.02857142857142857	0.0	0.22580645161290322	0.0	0.0	0.0	0.032948929159802305	0.047619047619047616	0.011348161597821153	0.0	0.0	0.0	0.03870967741935484	0.028662420382165606	0.08119079837618404	0.008097165991902834	0.00597609561752988	0.0	0.0	0.0	0.0	0.0	0.0	0.0	0.0	0.0	0.07377049180327869	0.0	0.06382978723404255	0.0	0.05570291777188329	0.0975609756097561	0.0967741935483871	0.0	0.0	0.0	0.0	0.0	0.0	0.05747126436781609	0.0	0.00897308075772682	0.0	0.2648648648648649	0.0	0.013157894736842105	0.0	0.0	0.0	0.0	0.014652014652014652	0.0	0.0	0.0	0.08196721311475409	0.11231393775372124	1.0	0.034013605442176874	0.03260869565217391	0.043993231810490696	0.007220216606498195	0.007220216606498195	0.005958291956305859	0.010752688172043012	0.03926096997690531	0.0	0.010752688172043012	0.03648648648648649	0.01858736059479554
0.03975155279503106	0.0	0.0	0.0	0.0	0.034013605442176874	0.0782122905027933	0.030508474576271188	0.030508474576271188	0.22362869198312235	0.16544117647058823	0.016293279022403257	0.0	0.0	0.0	0.04039167686658507	0.0	0.0	0.0	0.0	0.0	0.0	0.023696682464454975	0.0	0.0	0.0	0.0	0.04597701149425287	0.0	0.06329113924050633	0.0	0.0	0.0	0.0	0.0	0.0	0.07246376811594203	0.13793103448275862	0.0	0.0	0.0	0.016453382084095063	0.0	0.0410958904109589	0.030508474576271188	0.033707865168539325	0.07804370447450572	0.0649895178197065	0.027348394768133173	0.017447199265381085	0.058823529411764705	0.13958262059527882	0.15924528301886792	0.03513174404015056	0.033707865168539325	0.0	0.0	0.0	0.0	0.0	0.0	0.030508474576271188	0.0410958904109589	0.03125	0.0	0.0	0.0	0.04657534246575343	0.04462809917355372	0.0	0.0	0.0	0.0	0.0	0.0	0.0	0.0	0.0	0.0	0.0	0.0	0.09411764705882353	0.06857142857142857	0.056818181818181816	0.041928721174004195	0.04365565075479396	0.0	0.0	0.0	0.0	0.0	0.04936014625228519	0.0	0.0	0.13857677902621723	0.08819133034379671	0.0	0.0	0.0	0.0	0.0	0.03081232492997199	0.0	0.0	0.0	0.06329113924050633	0.024154589371980676	0.0	0.02127659574468085	0.02857142857142857	0.0	0.0	0.13958262059527882	0.06956521739130435	0.0	0.0	0.013493253373313344	0.0	0.0	0.0	0.0410958904109589	0.0	0.028846153846153848	0.0	0.0	0.0	0.0	0.0	0.0684931506849315	0.0684931506849315	0.0	0.0	0.0	0.0	0.0	0.0	0.14662273476112025	0.06329113924050633	0.0	0.0	0.0	0.0	0.04143646408839779	0.0	0.10424710424710425	0.046511627906976744	0.020833333333333332	0.01859504132231405	0.016483516483516484	0.025423728813559324	0.020833333333333332	0.028089887640449437	0.020833333333333332	0.020833333333333332	0.01859504132231405	0.0	0.027932960893854747	0.0	0.0	0.0	0.0891089108910891	0.07389162561576355	0.0	0.025	0.0	0.0392156862745098	0.02132701421800948	0.023809523809523808	0.023809523809523808	0.02132701421800948	0.023809523809523808	0.028846153846153848	0.02132701421800948	0.023809523809523808	0.0	0.0	0.0	0.0196078431372549	0.0	0.07806691449814127	0.07337526205450734	0.0	0.033707865168539325	0.0	0.0	0.0	0.0	0.0	0.19540229885057472	0.020134228187919462	0.0	0.0	0.0	0.0	0.0	0.0	0.0	0.0	0.0	0.0	0.0	0.0	0.0	0.0	0.0	0.06816479400749063	0.15151515151515152	0.0	0.0	0.0	0.026128266033254157	0.02127659574468085	0.0	0.033707865168539325	0.028960817717206135	0.0	0.04392106938255888	0.0	0.0	0.0	0.0	0.0	0.03081232492997199	0.19467680608365018	0.26153846153846155	0.0	0.034013605442176874	0.0	0.0	0.0	0.0337909186906019	0.025069637883008356	0.1841831425598335	0.0	0.0	0.0	0.020833333333333332	0.01859504132231405	0.1927710843373494	0.045180722891566265	0.04017857142857143	0.0	0.0	0.0	0.0	0.0	0.0	0.0	0.0	0.0	0.05167173252279635	0.0	0.027932960893854747	0.0	0.026499302649930265	0.03365384615384615	0.033707865168539325	0.0	0.0	0.0	0.0	0.0	0.0	0.13953488372093023	0.0	0.058823529411764705	0.0	0.19436619718309858	0.0	0.06329113924050633	0.0	0.0	0.0	0.0	0.1871508379888268	0.0	0.0	0.0	0.0821256038647343	0.6459684893419834	0.034013605442176874	1.0	0.1016949152542373	0.04204993429697766	0.04143646408839779	0.04143646408839779	0.0400890868596882	0.055350553505535055	0.05472636815920398	0.0	0.055350553505535055	0.04285714285714286	0.022598870056497175
0.0	0.0	0.0	0.0	0.0	0.03260869565217391	0.06451612903225806	0.02702702702702703	0.02702702702702703	0.04945054945054945	0.03686635944700461	0.0	0.0	0.0	0.0	0.02536051715564396	0.0	0.0	0.0	0.0	0.01694915254237288	0.0	0.019230769230769232	0.0	0.0	0.0	0.0	0.05042016806722689	0.049689440993788817	0.04945054945054945	0.0	0.0	0.0	0.0	0.0	0.0	0.05921052631578947	0.7310924369747899	0.0	0.0	0.0	0.011441647597254004	0.027906976744186046	0.04395604395604396	0.02702702702702703	0.032520325203252036	0.31713900134952766	0.051771117166212535	0.024154589371980676	0.012658227848101266	0.04102976669348351	0.03221908981071285	0.046153846153846156	0.023289665211062592	0.032520325203252036	0.0	0.0	0.0	0.0	0.0	0.0	0.02702702702702703	0.04395604395604396	0.02972972972972973	0.0	0.0	0.0	0.030857142857142857	0.030303030303030304	0.0	0.0	0.0	0.0	0.0	0.0	0.0	0.0	0.0	0.0	0.0995260663507109	0.0	0.0	0.0	0.0	0.0	0.029338637493784188	0.0	0.0	0.0	0.0	0.0	0.034324942791762014	0.0	0.0	0.07075471698113207	0.04114490161001789	0.0	0.0	0.0	0.0	0.0	0.02834008097165992	0.0	0.0	0.0	0.04945054945054945	0.019736842105263157	0.0	0.01597444089456869	0.025806451612903226	0.0	0.0326975476839237	0.03221908981071285	0.08	0.0	0.0	0.008976660682226212	0.0	0.0	0.0	0.04395604395604396	0.0	0.026143790849673203	0.0	0.0	0.0	0.0	0.0	0.0	0.0	0.0	0.0	0.0	0.0	0.0	0.0	0.03822937625754527	0.04945054945054945	0.0	0.02459016393442623	0.0	0.0	0.029315960912052116	0.0	0.04411764705882353	0.05128205128205128	0.016216216216216217	0.013368983957219251	0.011467889908256881	0.022099447513812154	0.016216216216216217	0.024390243902439025	0.016216216216216217	0.016216216216216217	0.013368983957219251	0.0	0.024193548387096774	0.0	0.0	0.0	0.08163265306122448	0.060810810810810814	0.042735042735042736	0.021621621621621623	0.0	0.040268456375838924	0.016025641025641024	0.01935483870967742	0.01935483870967742	0.016025641025641024	0.01935483870967742	0.026143790849673203	0.016025641025641024	0.01935483870967742	0.0	0.0	0.018656716417910446	0.01593625498007968	0.0	0.11214953271028037	0.06267029972752043	0.02425876010781671	0.032520325203252036	0.0	0.0	0.0	0.0	0.0	0.10084033613445378	0.01646090534979424	0.0	0.0	0.0	0.0	0.0	0.0	0.0	0.0	0.0	0.0	0.0	0.0	0.0	0.0	0.0	0.02780269058295964	0.23376623376623376	0.12605042016806722	0.0	0.0	0.022508038585209004	0.01597444089456869	0.0	0.032520325203252036	0.027253668763102725	0.0	0.033308660251665435	0.0	0.0	0.02074688796680498	0.0	0.0	0.02834008097165992	0.043835616438356165	0.08780487804878048	0.0	0.03260869565217391	0.0	0.0	0.0	0.05364511691884457	0.020080321285140562	0.040523945968072045	0.0	0.0	0.0	0.016216216216216217	0.013368983957219251	0.046565774155995346	0.032490974729241874	0.026690391459074734	0.0989010989010989	0.0	0.0	0.0	0.0	0.0	0.0	0.0	0.0	0.040145985401459854	0.0	0.024193548387096774	0.0	0.022132796780684104	0.032679738562091505	0.032520325203252036	0.0	0.1623931623931624	0.1623931623931624	0.0	0.0	0.00819672131147541	0.28205128205128205	0.0	0.04102976669348351	0.0	0.10204081632653061	0.0	0.04945054945054945	0.0	0.0	0.0	0.0	0.04950495049504951	0.0	0.0	0.0	0.07236842105263158	0.0570430733410943	0.03260869565217391	0.1016949152542373	1.0	0.043010752688172046	0.029315960912052116	0.029315960912052116	0.026619343389529725	0.041666666666666664	0.04259634888438134	0.0	0.041666666666666664	0.03375	0.11036789297658862
0.08166969147005444	0.0	0.0	0.0	0.0	0.043993231810490696	0.03969465648854962	0.04222972972972973	0.04222972972972973	0.03372243839169909	0.030915576694411414	0.06395539521154477	0.14006832601268912	0.05063291139240506	0.06498194945848375	0.02665567463588898	0.06347150259067358	0.0	0.02204928664072633	0.0	0.0	0.0	0.03616133518776078	0.11507936507936507	0.0	0.0	0.0	0.04961240310077519	0.04157303370786517	0.03372243839169909	0.0	0.06631989596879063	0.0	0.037606837606837605	0.06874189364461739	0.025174825174825177	0.06751054852320675	0.04961240310077519	0.06950354609929078	0.0	0.17541899441340783	0.02962085308056872	0.0	0.04753820033955857	0.04222972972972973	0.042879019908116385	0.037942122186495175	0.03488372093023256	0.03832752613240418	0.030303030303030304	0.033786137234413094	0.027243979567015325	0.030745179781136008	0.02376599634369287	0.042879019908116385	0.0	0.0	0.05218617771509168	0.06894125923320436	0.0	0.0	0.04222972972972973	0.04753820033955857	0.039897039897039896	0.04870920603994155	0.10614525139664804	0.0	0.02901124925991711	0.02771618625277162	0.0	0.057724957555178265	0.08936170212765958	0.02328589909443726	0.0	0.07569721115537849	0.0	0.0	0.0	0.0	0.04463208685162847	0.0	0.0	0.0	0.0	0.0	0.04534212695795548	0.10246433203631647	0.0	0.05674846625766871	0.040310077519379844	0.029715762273901807	0.02962085308056872	0.0	0.030560271646859084	0.036101083032490974	0.030020703933747412	0.0264359996112353	0.04771115409413282	0.0	0.024045261669024046	0.0	0.04128440366972477	0.0	0.10714285714285714	0.04657179818887452	0.03372243839169909	0.03656821378340366	0.047588424437299034	0.034722222222222224	0.03905160390516039	0.0	0.0	0.027243979567015325	0.2813738441215324	0.0	0.0	0.08817427385892117	0.0	0.0	0.0	0.04753820033955857	0.24062877871825877	0.03927068723702665	0.14644351464435146	0.0	0.024464831804281346	0.0	0.024464831804281346	0.0	0.0	0.0	0.0	0.0	0.0	0.0	0.0	0.029867256637168143	0.03372243839169909	0.0	0.0	0.0	0.0	0.025465230166503428	0.17450096587250483	0.03190184049079755	0.0499219968798752	0.03346203346203346	0.03201024327784891	0.02965599051008304	0.036410923276983094	0.03346203346203346	0.039816232771822356	0.03346203346203346	0.03346203346203346	0.03201024327784891	0.04665071770334928	0.03969465648854962	0.0	0.0	0.0	0.039942938659058486	0.03698435277382646	0.0	0.036036036036036036	0.0	0.04539007092198582	0.03477051460361613	0.03626220362622036	0.03626220362622036	0.03477051460361613	0.03626220362622036	0.03927068723702665	0.03477051460361613	0.03626220362622036	0.0	0.0	0.07317073170731707	0.030803080308030802	0.21160822249093109	0.0407185628742515	0.06330749354005168	0.07745865970409051	0.042879019908116385	0.0	0.19072164948453607	0.0	0.11700468018720749	0.03281027104136947	0.043410852713178294	0.03135498320268757	0.030942334739803096	0.057068741893644616	0.05923836389280677	0.03475513428120063	0.07282913165266107	0.082687338501292	0.082687338501292	0.0	0.0	0.0	0.0	0.0	0.0	0.02457757296466974	0.15690376569037656	0.027475375842405392	0.09982174688057041	0.0	0.0	0.024464831804281346	0.037604456824512536	0.034722222222222224	0.12131715771230503	0.042879019908116385	0.3212669683257919	0.04709576138147567	0.046651270207852195	0.03762631692109224	0.0	0.025871766029246346	0.0	0.0	0.04128440366972477	0.029334730225248823	0.03916768665850673	0.0	0.043993231810490696	0.02630005977286312	0.027649769585253458	0.05182072829131653	0.17261518494484102	0.038109756097560975	0.04446082043723901	0.0	0.0	0.0	0.03346203346203346	0.03201024327784891	0.05080693365212194	0.027055150884495317	0.025799793601651185	0.0	0.0	0.0	0.0	0.0	0.0	0.0	0.0	0.05233380480905234	0.031413612565445025	0.10614525139664804	0.03969465648854962	0.07915831663326653	0.038901601830663615	0.04207573632538569	0.042879019908116385	0.0	0.0	0.0	0.0	0.0	0.0	0.0499219968798752	0.043795620437956206	0.033786137234413094	0.12389380530973451	0.04447852760736196	0.027649769585253458	0.03372243839169909	0.02457757296466974	0.04592901878914405	0.07131782945736434	0.0	0.029615004935834157	0.02390998593530239	0.0	0.0	0.04219409282700422	0.03407053197848177	0.043993231810490696	0.04204993429697766	0.043010752688172046	1.0	0.025465230166503428	0.025465230166503428	0.02575991756826378	0.03098927294398093	0.03222222222222222	0.0	0.03098927294398093	0.11433305716652858	0.08258706467661692
0.0	0.06159420289855073	0.0	0.019240506329113925	0.13299044819985306	0.007220216606498195	0.016181229773462782	0.005405405405405406	0.005405405405405406	0.01634877384196185	0.012437810945273632	0.0	0.0	0.0	0.0	0.007734173589229447	0.0	0.0	0.0	0.0	0.0	0.0	0.005865102639296188	0.0	0.0	0.0	0.0	0.01644736842105263	0.0	0.01634877384196185	0.0	0.0	0.0	0.0	0.0	0.0	0.017804154302670624	0.049342105263157895	0.0	0.0	0.0	0.0037174721189591076	0.0	0.010869565217391304	0.005405405405405406	0.00974025974025974	0.02633355840648211	0.017639077340569877	0.008082292432035268	0.00435052827843381	0.009915534337128168	0.07645722937168811	0.02113821138211382	0.26773888363292336	0.00974025974025974	0.0	0.0	0.0	0.0	0.0	0.0	0.005405405405405406	0.010869565217391304	0.04594594594594595	0.0	0.0	0.0	0.009287925696594427	0.010404624277456647	0.0	0.0	0.0	0.0	0.0	0.0	0.13299044819985306	0.0	0.0	0.0	0.0	0.13299044819985306	0.0	0.0	0.0	0.15061058344640435	0.010025780578630765	0.0	0.0	0.0	0.0	0.0	0.10532837670384139	0.0781758957654723	0.0	0.030226700251889168	0.01829924650161464	0.06424497148003602	0.0	0.0	0.041791044776119404	0.0	0.008103727714748784	0.0	0.0	0.0	0.01634877384196185	0.005934718100890208	0.12221471978392978	0.004392386530014641	0.008823529411764706	0.0	0.0	0.07645722937168811	0.03611111111111111	0.0	0.0	0.003236245954692557	0.0	0.0	0.0	0.010869565217391304	0.0	0.008875739644970414	0.0	0.16395864106351551	0.0	0.0	0.0	0.0	0.0	0.0	0.0	0.0	0.0	0.04744525547445255	0.0	0.014994232987312572	0.01634877384196185	0.0	0.0	0.0	0.22686567164179106	0.3821138211382114	0.0	0.015424164524421594	0.016556291390728478	0.005405405405405406	0.004032258064516129	0.0037220843672456576	0.00819672131147541	0.005405405405405406	0.006493506493506494	0.005405405405405406	0.005405405405405406	0.004032258064516129	0.0	0.006472491909385114	0.0	0.0	0.0	0.02710843373493976	0.018018018018018018	0.0	0.008108108108108109	0.0	0.014970059880239521	0.004398826979472141	0.0058823529411764705	0.0058823529411764705	0.004398826979472141	0.0058823529411764705	0.008875739644970414	0.004398826979472141	0.0058823529411764705	0.0	0.0	0.0	0.006880733944954129	0.0	0.03007518796992481	0.023066485753052916	0.0	0.00974025974025974	0.0	0.0	0.0	0.0	0.0	0.029605263157894735	0.007009345794392523	0.0	0.0	0.0	0.0	0.0	0.0	0.0	0.0	0.0	0.0	0.0	0.0	0.0	0.0	0.0	0.010242587601078167	0.0648854961832061	0.0	0.16395864106351551	0.0	0.007342143906020558	0.004392386530014641	0.0	0.00974025974025974	0.012987012987012988	0.0	0.015781922525107604	0.0	0.0	0.0	0.0	0.0	0.008103727714748784	0.10408719346049046	0.038461538461538464	0.0	0.007220216606498195	0.0	0.0	0.0	0.013633265167007498	0.004846526655896607	0.01911802192199847	0.05054151624548736	0.0	0.05054151624548736	0.005405405405405406	0.004032258064516129	0.017510944340212633	0.12121212121212122	0.09012875536480687	0.0	0.0	0.0	0.0	0.0	0.0	0.12188552188552189	0.0	0.0	0.017429193899782137	0.0	0.006472491909385114	0.0	0.005658852061438965	0.011834319526627219	0.00974025974025974	0.0	0.0	0.0	0.0	0.0	0.0	0.04966887417218543	0.0	0.009915534337128168	0.0	0.030894308943089432	0.0	0.01634877384196185	0.0	0.0	0.0	0.0	0.11885245901639344	0.0	0.0	0.0	0.02373887240356083	0.023139462163852407	0.007220216606498195	0.04143646408839779	0.029315960912052116	0.025465230166503428	1.0	0.3821138211382114	0.09587573647562936	0.1371571072319202	0.01738122827346466	0.0	0.1371571072319202	0.2512820512820513	0.010330578512396695
0.0	0.06159420289855073	0.0	0.019240506329113925	0.13299044819985306	0.007220216606498195	0.016181229773462782	0.005405405405405406	0.005405405405405406	0.01634877384196185	0.012437810945273632	0.0	0.0	0.0	0.0	0.007734173589229447	0.0	0.0	0.0	0.0	0.0	0.0	0.005865102639296188	0.0	0.0	0.0	0.0	0.01644736842105263	0.0	0.01634877384196185	0.0	0.0	0.0	0.0	0.0	0.0	0.017804154302670624	0.049342105263157895	0.0	0.0	0.0	0.0037174721189591076	0.0	0.010869565217391304	0.005405405405405406	0.00974025974025974	0.02633355840648211	0.017639077340569877	0.008082292432035268	0.00435052827843381	0.009915534337128168	0.07645722937168811	0.02113821138211382	0.26773888363292336	0.00974025974025974	0.0	0.0	0.0	0.0	0.0	0.0	0.005405405405405406	0.010869565217391304	0.04594594594594595	0.0	0.0	0.0	0.009287925696594427	0.010404624277456647	0.0	0.0	0.0	0.0	0.0	0.0	0.2387950036737693	0.0	0.0	0.0	0.0	0.13299044819985306	0.0	0.0	0.0	0.15061058344640435	0.010025780578630765	0.0	0.0	0.0	0.0	0.0	0.10532837670384139	0.0781758957654723	0.0	0.030226700251889168	0.01829924650161464	0.06424497148003602	0.0	0.0	0.041791044776119404	0.0	0.008103727714748784	0.0	0.0	0.0	0.01634877384196185	0.005934718100890208	0.12221471978392978	0.004392386530014641	0.008823529411764706	0.0	0.0	0.07645722937168811	0.03611111111111111	0.0	0.0	0.003236245954692557	0.0	0.0	0.0	0.010869565217391304	0.0	0.008875739644970414	0.0	0.16395864106351551	0.0	0.0	0.0	0.0	0.0	0.0	0.0	0.0	0.0	0.04744525547445255	0.0	0.014994232987312572	0.01634877384196185	0.0	0.0	0.0	0.22686567164179106	0.3821138211382114	0.0	0.015424164524421594	0.016556291390728478	0.005405405405405406	0.004032258064516129	0.0037220843672456576	0.00819672131147541	0.005405405405405406	0.006493506493506494	0.005405405405405406	0.005405405405405406	0.004032258064516129	0.0	0.006472491909385114	0.0	0.0	0.0	0.02710843373493976	0.018018018018018018	0.0	0.008108108108108109	0.0	0.014970059880239521	0.004398826979472141	0.0058823529411764705	0.0058823529411764705	0.004398826979472141	0.0058823529411764705	0.008875739644970414	0.004398826979472141	0.0058823529411764705	0.0	0.0	0.0	0.006880733944954129	0.0	0.03007518796992481	0.023066485753052916	0.0	0.00974025974025974	0.0	0.0	0.0	0.0	0.0	0.029605263157894735	0.007009345794392523	0.0	0.0	0.0	0.0	0.0	0.0	0.0	0.0	0.0	0.0	0.0	0.0	0.0	0.0	0.0	0.010242587601078167	0.0648854961832061	0.0	0.16395864106351551	0.0	0.007342143906020558	0.004392386530014641	0.0	0.00974025974025974	0.012987012987012988	0.0	0.015781922525107604	0.0	0.0	0.0	0.0	0.0	0.008103727714748784	0.10408719346049046	0.038461538461538464	0.0	0.007220216606498195	0.0	0.0	0.0	0.013633265167007498	0.004846526655896607	0.01911802192199847	0.05054151624548736	0.0	0.05054151624548736	0.005405405405405406	0.004032258064516129	0.017510944340212633	0.12121212121212122	0.09012875536480687	0.0	0.0	0.0	0.0	0.0	0.0	0.12188552188552189	0.0	0.0	0.017429193899782137	0.0	0.006472491909385114	0.0	0.005658852061438965	0.011834319526627219	0.00974025974025974	0.0	0.0	0.0	0.0	0.0	0.0	0.04966887417218543	0.0	0.009915534337128168	0.0	0.030894308943089432	0.0	0.01634877384196185	0.0	0.0	0.0	0.0	0.11885245901639344	0.0	0.0	0.0	0.02373887240356083	0.023139462163852407	0.007220216606498195	0.04143646408839779	0.029315960912052116	0.025465230166503428	0.3821138211382114	1.0	0.09587573647562936	0.1371571072319202	0.01738122827346466	0.0	0.1371571072319202	0.2512820512820513	0.010330578512396695
0.0	0.040877367896311065	0.0	0.013340448239060833	0.03333333333333333	0.005958291956305859	0.012334801762114538	0.003964321110009911	0.003964321110009911	0.013167520117044623	0.0092899800928998	0.0	0.0	0.0	0.0	0.004560656734569778	0.0	0.0	0.0	0.0	0.0	0.0	0.004750593824228029	0.0	0.0	0.0	0.0	0.016143497757847534	0.0	0.013167520117044623	0.0	0.0	0.0	0.0	0.0	0.0	0.014434643143544507	0.0484304932735426	0.0	0.0	0.0	0.0026437541308658294	0.0	0.009970089730807577	0.003964321110009911	0.008841732979664015	0.02391304347826087	0.014566642388929352	0.007142857142857143	0.0033156498673740055	0.005950019833399445	0.11300186120712577	0.018922018348623854	0.060109289617486336	0.008841732979664015	0.0	0.0	0.0	0.0	0.0	0.0	0.003964321110009911	0.009970089730807577	0.028281363306744016	0.0	0.0	0.0	0.0059445178335535	0.007366482504604052	0.0	0.0	0.0	0.0	0.0	0.0	0.03333333333333333	0.0	0.0	0.0	0.0	0.03333333333333333	0.0	0.0	0.0	0.04005826656955572	0.006993006993006993	0.0	0.0	0.0	0.0	0.0	0.4500991407799075	0.16415261756876665	0.0	0.02824478816408877	0.01593625498007968	0.014808634894149547	0.0	0.0	0.023405972558514933	0.0	0.00706090026478376	0.0	0.0	0.0	0.013167520117044623	0.0048115477145148355	0.030434782608695653	0.0031620553359683794	0.007942811755361398	0.0	0.0	0.11300186120712577	0.037341299477221805	0.0	0.0	0.0022818026240730175	0.0	0.0	0.0	0.009970089730807577	0.0	0.007993605115907274	0.0	0.04389465283320032	0.0	0.0	0.0	0.0	0.0	0.0	0.0	0.0	0.0	0.06733668341708543	0.0	0.01224739742804654	0.013167520117044623	0.0	0.0	0.0	0.06537530266343826	0.09587573647562936	0.0	0.012371134020618556	0.016260162601626018	0.00435097897026831	0.002883922134102379	0.0026472534745201853	0.007336757153338224	0.00435097897026831	0.005305039787798408	0.00435097897026831	0.00435097897026831	0.002883922134102379	0.0	0.0052863436123348016	0.0	0.0	0.0	0.02444987775061125	0.01462225832656377	0.0	0.007251631617113851	0.0	0.014574898785425101	0.003167062549485352	0.004765687053216839	0.004765687053216839	0.003167062549485352	0.004765687053216839	0.007993605115907274	0.003167062549485352	0.004765687053216839	0.0	0.0	0.0	0.006086427267194157	0.0	0.028093645484949834	0.02039329934450109	0.0	0.008841732979664015	0.0	0.0	0.0	0.0	0.0	0.026905829596412557	0.006207324643078833	0.0	0.0	0.0	0.0	0.0	0.0	0.0	0.0	0.0	0.0	0.0	0.0	0.0	0.0	0.0	0.007411630558722919	0.06969376979936642	0.0	0.04389465283320032	0.0	0.006344171292624901	0.0031620553359683794	0.0	0.008841732979664015	0.012554927809165096	0.0	0.013567839195979899	0.0	0.0	0.0	0.0	0.0	0.00706090026478376	0.1695501730103806	0.037011651816312545	0.0	0.005958291956305859	0.0	0.0	0.0	0.013177159590043924	0.003518029903254178	0.016930932545014783	0.028798411122144985	0.0	0.028798411122144985	0.00435097897026831	0.002883922134102379	0.014686248331108143	0.07384087006296508	0.04821327283040272	0.0	0.0	0.0	0.0	0.0	0.0	0.030346820809248554	0.0	0.0	0.014985590778097982	0.0	0.0052863436123348016	0.0	0.0044014084507042256	0.011191047162270184	0.008841732979664015	0.0	0.0	0.0	0.0	0.0	0.0	0.04878048780487805	0.0	0.005950019833399445	0.0	0.0283436669619132	0.0	0.013167520117044623	0.0	0.0	0.0	0.0	0.07401404646137223	0.0	0.0	0.0	0.020850040096230954	0.02069425901201602	0.005958291956305859	0.0400890868596882	0.026619343389529725	0.02575991756826378	0.09587573647562936	0.09587573647562936	1.0	0.6593479707252162	0.014769230769230769	0.0	0.25482368596141053	0.06386779812416257	0.009809264305177113
0.0	0.06486486486486487	0.0	0.0186219739292365	0.05315947843530592	0.010752688172043012	0.022935779816513763	0.00804289544235925	0.00804289544235925	0.021739130434782608	0.01607717041800643	0.0	0.0	0.0	0.0	0.009771986970684038	0.0	0.0	0.0	0.0	0.0	0.0	0.008	0.0	0.0	0.0	0.0	0.023474178403755867	0.0	0.021739130434782608	0.0	0.0	0.0	0.0	0.0	0.0	0.024390243902439025	0.07042253521126761	0.0	0.0	0.0	0.0048	0.0	0.016216216216216217	0.00804289544235925	0.013824884792626729	0.03491495076096687	0.023423423423423424	0.011033099297893681	0.005622489959839358	0.013533834586466165	0.17156105100463678	0.02633355840648211	0.09257142857142857	0.013824884792626729	0.0	0.0	0.0	0.0	0.0	0.0	0.00804289544235925	0.016216216216216217	0.043010752688172046	0.0	0.0	0.0	0.011990407673860911	0.013177159590043924	0.0	0.0	0.0	0.0	0.0	0.0	0.05315947843530592	0.0	0.0	0.0	0.0	0.05315947843530592	0.0	0.0	0.0	0.05945945945945946	0.012667390517553384	0.0	0.0	0.0	0.0	0.0	0.744	0.22685185185185186	0.0	0.0392156862745098	0.022757697456492636	0.02178751317793136	0.0	0.0	0.036885245901639344	0.0	0.011494252873563218	0.0	0.0	0.0	0.021739130434782608	0.008130081300813009	0.047448522829006266	0.005988023952095809	0.012048192771084338	0.0	0.0	0.17156105100463678	0.048327137546468404	0.0	0.0	0.004026845637583893	0.0	0.0	0.0	0.016216216216216217	0.0	0.012145748987854251	0.0	0.06666666666666667	0.0	0.0	0.0	0.0	0.0	0.0	0.0	0.0	0.0	0.09836065573770492	0.0	0.01897810218978102	0.021739130434782608	0.0	0.0	0.0	0.0942622950819672	0.1371571072319202	0.0	0.020134228187919462	0.023696682464454975	0.007168458781362007	0.005338078291814947	0.004807692307692308	0.01090909090909091	0.007168458781362007	0.009216589861751152	0.007168458781362007	0.007168458781362007	0.005338078291814947	0.0	0.009174311926605505	0.0	0.0	0.0	0.03734439834024896	0.024793388429752067	0.0	0.010752688172043012	0.0	0.0205761316872428	0.006	0.008032128514056224	0.008032128514056224	0.006	0.008032128514056224	0.012145748987854251	0.006	0.008032128514056224	0.0	0.0	0.0	0.008695652173913044	0.0	0.03896103896103896	0.03063063063063063	0.0	0.013824884792626729	0.0	0.0	0.0	0.0	0.0	0.04225352112676056	0.008902077151335312	0.0	0.0	0.0	0.0	0.0	0.0	0.0	0.0	0.0	0.0	0.0	0.0	0.0	0.0	0.0	0.012743125419181758	0.09941520467836257	0.0	0.06666666666666667	0.0	0.01002004008016032	0.005988023952095809	0.0	0.013824884792626729	0.016541353383458645	0.0	0.01910828025477707	0.0	0.0	0.0	0.0	0.0	0.011494252873563218	0.24405166553365057	0.05016722408026756	0.0	0.010752688172043012	0.0	0.0	0.0	0.01813236627379873	0.006864988558352402	0.023474178403755867	0.04838709677419355	0.0	0.04838709677419355	0.007168458781362007	0.005338078291814947	0.022672064777327937	0.10512129380053908	0.07466666666666667	0.0	0.0	0.0	0.0	0.0	0.0	0.04727921498661909	0.0	0.0	0.021739130434782608	0.0	0.009174311926605505	0.0	0.008018327605956471	0.016194331983805668	0.013824884792626729	0.0	0.0	0.0	0.0	0.0	0.0	0.07109004739336493	0.0	0.013533834586466165	0.0	0.04387990762124711	0.0	0.021739130434782608	0.0	0.0	0.0	0.0	0.10327455919395466	0.0	0.0	0.0	0.032520325203252036	0.029959514170040485	0.010752688172043012	0.055350553505535055	0.041666666666666664	0.03098927294398093	0.1371571072319202	0.1371571072319202	0.6593479707252162	1.0	0.022026431718061675	0.0	0.38064516129032255	0.0931174089068826	0.01272264631043257
0.0	0.0	0.0	0.0	0.0	0.03926096997690531	0.04225352112676056	0.03225806451612903	0.03225806451612903	0.024469820554649267	0.03074670571010249	0.0	0.0	0.0	0.0	0.012969737279680744	0.0	0.0	0.0	0.0	0.0	0.0	0.07308377896613191	0.0	0.0	0.0	0.0	0.026694045174537988	0.025956284153005466	0.024469820554649267	0.0	0.0	0.0	0.0	0.0	0.0	0.027124773960216998	0.06776180698151951	0.0	0.0	0.0	0.02040816326530612	0.0	0.05336426914153132	0.03225806451612903	0.046464646464646465	0.05084745762711865	0.03896103896103896	0.03842716711349419	0.10460863204096561	0.017418490397498883	0.031043403276803678	0.039301310043668124	0.022435897435897436	0.046464646464646465	0.0	0.0	0.0	0.0	0.0	0.0	0.03225806451612903	0.0951276102088167	0.05492730210016155	0.0	0.0	0.0	0.01529497450837582	0.016129032258064516	0.0	0.0	0.0	0.0	0.0	0.0	0.0	0.0	0.0	0.0	0.0	0.0	0.0	0.0	0.0	0.0	0.0608579980046558	0.0	0.0	0.0	0.0	0.0	0.01749271137026239	0.0	0.0	0.04011887072808321	0.03712871287128713	0.0	0.0	0.0	0.0	0.0	0.04032258064516129	0.0	0.0	0.0	0.024469820554649267	0.03074141048824593	0.0	0.05693950177935943	0.10554561717352415	0.0	0.0	0.031043403276803678	0.048414023372287146	0.0	0.0	0.017369727047146403	0.0	0.0	0.0	0.05336426914153132	0.0	0.04144144144144144	0.0	0.0	0.0	0.0	0.0	0.0	0.0	0.0	0.0	0.0	0.0	0.0	0.0	0.032171581769437	0.024469820554649267	0.0	0.0	0.03747072599531616	0.0	0.01738122827346466	0.0	0.0228310502283105	0.07246376811594203	0.027463651050080775	0.02247191011235955	0.020437956204379562	0.03764320785597381	0.027463651050080775	0.03434343434343434	0.027463651050080775	0.027463651050080775	0.02247191011235955	0.0	0.03420523138832998	0.0	0.0	0.0	0.03867403314917127	0.027522935779816515	0.0	0.03715670436187399	0.0	0.06398537477148081	0.024955436720142603	0.03041144901610018	0.03041144901610018	0.024955436720142603	0.03041144901610018	0.04144144144144144	0.024955436720142603	0.03041144901610018	0.0	0.0	0.0	0.07856191744340879	0.0	0.43870014771048743	0.09740259740259741	0.0	0.046464646464646465	0.0	0.0	0.0	0.0	0.0	0.043121149897330596	0.031292517006802724	0.0	0.0	0.0	0.0	0.0	0.0	0.0	0.0	0.0	0.0	0.0	0.0	0.03747072599531616	0.0	0.0	0.027898326100433975	0.09181141439205956	0.0	0.0	0.0	0.19285714285714287	0.05693950177935943	0.0	0.3292929292929293	0.03856749311294766	0.0	0.09356408869659276	0.0	0.0	0.0	0.0	0.0	0.04032258064516129	0.026365348399246705	0.05007587253414264	0.0	0.03926096997690531	0.0	0.0	0.0	0.02122448979591837	0.14056224899598393	0.025298051759232335	0.0	0.0	0.0	0.027463651050080775	0.02247191011235955	0.0397936624907885	0.0186799501867995	0.014796547472256474	0.0	0.03747072599531616	0.0	0.0	0.0	0.0	0.0	0.0	0.03278688524590164	0.15683814303638646	0.0	0.03420523138832998	0.0	0.031155778894472363	0.05225225225225225	0.046464646464646465	0.0	0.0	0.0	0.0	0.0	0.016282225237449117	0.06832298136645963	0.0	0.017418490397498883	0.0	0.06072874493927125	0.0	0.024469820554649267	0.0	0.015	0.0	0.0	0.031578947368421054	0.0	0.0	0.0	0.059674502712477394	0.04200442151805453	0.03926096997690531	0.05472636815920398	0.04259634888438134	0.03222222222222222	0.01738122827346466	0.01738122827346466	0.014769230769230769	0.022026431718061675	1.0	0.0	0.022026431718061675	0.03622497616777884	0.015348288075560802
0.0	0.0	0.05747126436781609	0.0	0.0	0.0	0.0	0.0	0.0	0.0	0.0	0.0	0.0	0.0	0.0	0.0	0.0	0.09523809523809523	0.0	0.0	0.0	0.0	0.0	0.0	0.0	0.06818181818181818	0.0	0.0	0.0	0.0	0.0	0.0	0.0	0.0	0.0	0.0	0.0	0.0	0.0	0.0	0.0	0.0	0.027472527472527472	0.0	0.0	0.0	0.0	0.0	0.0	0.0	0.0	0.0	0.0	0.0	0.0	0.20930232558139536	0.0	0.0	0.0	0.0	0.0	0.0	0.0	0.0	0.015356820234869015	0.0	0.0	0.0	0.0	0.0	0.0	0.0	0.0	0.0	0.0	0.0	0.056179775280898875	0.0	0.0	0.0	0.0	0.0	0.0	0.0	0.0	0.0	0.0	0.0	0.0	0.0	0.0	0.0	0.0	0.0	0.0	0.0	0.0	0.0	0.0	0.05128205128205128	0.0	0.0	0.14285714285714285	0.0	0.0	0.0	0.0	0.0	0.0	0.0	0.0	0.0	0.0	0.0	0.0	0.0	0.0	0.0	0.0	0.0	0.0	0.0	0.0	0.0	0.0	0.049723756906077346	0.0	0.049723756906077346	0.0	0.0	0.0	0.0	0.0	0.0	0.0	0.14285714285714285	0.0	0.0	0.14285714285714285	0.056179775280898875	0.0	0.0	0.0	0.0	0.0	0.0	0.0	0.0	0.02702702702702703	0.0	0.03289473684210526	0.0	0.03289473684210526	0.0	0.0	0.0	0.0	0.03322259136212625	0.0	0.0	0.0	0.0	0.0	0.0	0.0	0.0	0.0	0.0	0.0	0.0	0.0	0.0	0.0	0.0	0.0	0.0	0.0	0.0	0.0	0.0	0.0	0.0	0.0	0.0	0.0	0.0	0.0	0.0	0.0	0.0	0.0	0.0	0.0	0.0	0.0	0.0	0.0	0.0	0.0	0.04	0.0	0.09523809523809523	0.0	0.0	0.0	0.0	0.0	0.06976744186046512	0.0	0.049723756906077346	0.0	0.0	0.0	0.0	0.0	0.07317073170731707	0.0	0.0	0.0	0.0	0.05555555555555555	0.0	0.0	0.0	0.0	0.0	0.0	0.0	0.056179775280898875	0.0	0.0	0.0	0.0	0.0	0.0	0.0	0.0	0.0	0.0	0.0	0.0	0.0	0.0	0.0	0.0	0.056179775280898875	0.049723756906077346	0.03262642740619902	0.06976744186046512	0.0	0.0	0.0	0.0	0.017142857142857144	0.0	0.0	0.0	0.0	0.0	0.0	0.060240963855421686	0.0	0.0	0.0	0.05660377358490566	0.0	0.0	0.0	0.056179775280898875	0.0	0.0	0.018556701030927835	0.0	0.04132231404958678	0.0	0.0	0.0	0.0	0.0	0.0	0.0	0.0	0.0	0.0	0.0	0.0	0.0	0.0	0.0	1.0	0.0	0.0	0.0
0.0	0.06486486486486487	0.0	0.0186219739292365	0.05315947843530592	0.010752688172043012	0.022935779816513763	0.00804289544235925	0.00804289544235925	0.021739130434782608	0.01607717041800643	0.0	0.0	0.0	0.0	0.009771986970684038	0.0	0.0	0.0	0.0	0.0	0.0	0.008	0.0	0.0	0.0	0.0	0.023474178403755867	0.0	0.021739130434782608	0.0	0.0	0.0	0.0	0.0	0.0	0.024390243902439025	0.07042253521126761	0.0	0.0	0.0	0.0048	0.0	0.016216216216216217	0.00804289544235925	0.013824884792626729	0.03491495076096687	0.023423423423423424	0.011033099297893681	0.005622489959839358	0.013533834586466165	0.17156105100463678	0.02633355840648211	0.09257142857142857	0.013824884792626729	0.0	0.0	0.0	0.0	0.0	0.0	0.00804289544235925	0.016216216216216217	0.043010752688172046	0.0	0.0	0.0	0.011990407673860911	0.013177159590043924	0.0	0.0	0.0	0.0	0.0	0.0	0.05315947843530592	0.0	0.0	0.0	0.0	0.05315947843530592	0.0	0.0	0.0	0.05945945945945946	0.012667390517553384	0.0	0.0	0.0	0.0	0.0	0.2832	0.22685185185185186	0.0	0.0392156862745098	0.022757697456492636	0.02178751317793136	0.0	0.0	0.036885245901639344	0.0	0.011494252873563218	0.0	0.0	0.0	0.021739130434782608	0.008130081300813009	0.047448522829006266	0.005988023952095809	0.012048192771084338	0.0	0.0	0.17156105100463678	0.048327137546468404	0.0	0.0	0.004026845637583893	0.0	0.0	0.0	0.016216216216216217	0.0	0.012145748987854251	0.0	0.06666666666666667	0.0	0.0	0.0	0.0	0.0	0.0	0.0	0.0	0.0	0.09836065573770492	0.0	0.01897810218978102	0.021739130434782608	0.0	0.0	0.0	0.0942622950819672	0.1371571072319202	0.0	0.020134228187919462	0.023696682464454975	0.007168458781362007	0.005338078291814947	0.004807692307692308	0.01090909090909091	0.007168458781362007	0.009216589861751152	0.007168458781362007	0.007168458781362007	0.005338078291814947	0.0	0.009174311926605505	0.0	0.0	0.0	0.03734439834024896	0.024793388429752067	0.0	0.010752688172043012	0.0	0.0205761316872428	0.006	0.008032128514056224	0.008032128514056224	0.006	0.008032128514056224	0.012145748987854251	0.006	0.008032128514056224	0.0	0.0	0.0	0.008695652173913044	0.0	0.03896103896103896	0.03063063063063063	0.0	0.013824884792626729	0.0	0.0	0.0	0.0	0.0	0.04225352112676056	0.008902077151335312	0.0	0.0	0.0	0.0	0.0	0.0	0.0	0.0	0.0	0.0	0.0	0.0	0.0	0.0	0.0	0.012743125419181758	0.09941520467836257	0.0	0.06666666666666667	0.0	0.01002004008016032	0.005988023952095809	0.0	0.013824884792626729	0.016541353383458645	0.0	0.01910828025477707	0.0	0.0	0.0	0.0	0.0	0.011494252873563218	0.24405166553365057	0.05016722408026756	0.0	0.010752688172043012	0.0	0.0	0.0	0.01813236627379873	0.006864988558352402	0.023474178403755867	0.04838709677419355	0.0	0.04838709677419355	0.007168458781362007	0.005338078291814947	0.022672064777327937	0.10512129380053908	0.07466666666666667	0.0	0.0	0.0	0.0	0.0	0.0	0.04727921498661909	0.0	0.0	0.021739130434782608	0.0	0.009174311926605505	0.0	0.008018327605956471	0.016194331983805668	0.013824884792626729	0.0	0.0	0.0	0.0	0.0	0.0	0.07109004739336493	0.0	0.013533834586466165	0.0	0.04387990762124711	0.0	0.021739130434782608	0.0	0.0	0.0	0.0	0.10327455919395466	0.0	0.0	0.0	0.032520325203252036	0.029959514170040485	0.010752688172043012	0.055350553505535055	0.041666666666666664	0.03098927294398093	0.1371571072319202	0.1371571072319202	0.25482368596141053	0.38064516129032255	0.022026431718061675	0.0	1.0	0.0931174089068826	0.01272264631043257
0.05195843325339728	0.03116531165311653	0.0	0.008521516829995739	0.11944604731679169	0.03648648648648649	0.036069651741293535	0.032388663967611336	0.032388663967611336	0.02282608695652174	0.029292929292929294	0.023304451747833882	0.023008095440988495	0.0	0.0	0.01487603305785124	0.03908794788273615	0.0	0.006521739130434782	0.0	0.0	0.0	0.03110599078341014	0.04148660328435609	0.0	0.0	0.0	0.02644836272040302	0.023099133782483156	0.02282608695652174	0.0	0.030501089324618737	0.0	0.0	0.02608695652173913	0.0	0.02441860465116279	0.0491183879093199	0.04215456674473068	0.0	0.034482758620689655	0.02416918429003021	0.0	0.044715447154471545	0.032388663967611336	0.04114713216957606	0.04263356718834323	0.03466955579631636	0.0363531448355453	0.02574457344775366	0.018171329679838477	0.0626726152538772	0.03563373928732522	0.414320193081255	0.04114713216957606	0.0	0.0	0.027972027972027972	0.041872637394591454	0.0	0.0	0.032388663967611336	0.044715447154471545	0.05183585313174946	0.0	0.027745664739884393	0.0	0.01660795168595873	0.017126546146527116	0.0	0.0	0.0468384074941452	0.0	0.0	0.04878048780487805	0.06405077899596076	0.0	0.0	0.0	0.024539877300613498	0.11944604731679169	0.0	0.0	0.0	0.16034669555796316	0.02809917355371901	0.034782608695652174	0.0	0.0299625468164794	0.0	0.0	0.06747230614300101	0.04125	0.0	0.0336734693877551	0.034080717488789235	0.07124814911593066	0.025959978366684695	0.0	0.03387850467289719	0.0	0.037359900373599	0.0	0.032355915065722954	0.0	0.02282608695652174	0.031395348837209305	0.13761467889908258	0.02761795166858458	0.03810623556581986	0.0	0.0	0.0626726152538772	0.13796909492273732	0.0	0.0	0.026954177897574125	0.0	0.0	0.0	0.08807588075880758	0.028688524590163935	0.0382830626450116	0.02171945701357466	0.17149478563151796	0.0	0.0	0.0	0.0	0.0	0.0	0.0	0.0	0.0	0.02316076294277929	0.0	0.030389363722697058	0.02282608695652174	0.0	0.0	0.0	0.27686915887850466	0.6410256410256411	0.02593192868719611	0.021784232365145227	0.056962025316455694	0.029157667386609073	0.025806451612903226	0.024193548387096774	0.03594771241830065	0.029157667386609073	0.03366583541147132	0.029157667386609073	0.029157667386609073	0.025806451612903226	0.0	0.033582089552238806	0.0	0.0	0.0	0.03176470588235294	0.02464788732394366	0.0	0.035637149028077755	0.0	0.05269320843091335	0.027649769585253458	0.03117782909930716	0.03117782909930716	0.027649769585253458	0.03117782909930716	0.0382830626450116	0.027649769585253458	0.03117782909930716	0.0	0.0	0.038461538461538464	0.031190926275992438	0.010245901639344262	0.05386178861788618	0.05417118093174431	0.02773497688751926	0.04114713216957606	0.0	0.0075675675675675675	0.0	0.05569620253164557	0.009411764705882352	0.03400503778337532	0.03166986564299424	0.0	0.0	0.0	0.0	0.027809965237543453	0.0390032502708559	0.0390032502708559	0.0	0.0	0.0	0.0	0.0	0.0	0.0	0.03257918552036199	0.027391109115401886	0.06338028169014084	0.0	0.17149478563151796	0.0	0.03460207612456748	0.02761795166858458	0.0	0.04114713216957606	0.12778315585672798	0.0	0.029638652050345108	0.012578616352201259	0.0	0.007707129094412331	0.0	0.0	0.037359900373599	0.07385591300407793	0.040372670807453416	0.0	0.03648648648648649	0.0	0.0	0.0	0.11854268624252311	0.02981366459627329	0.023784015427469468	0.022972972972972974	0.0	0.022972972972972974	0.029157667386609073	0.025806451612903226	0.035514967021816335	0.08648648648648649	0.06082289803220036	0.0	0.0	0.0	0.0	0.0	0.0	0.11147011308562198	0.0	0.028037383177570093	0.03713768115942029	0.027745664739884393	0.033582089552238806	0.03487358326068003	0.031696706028589185	0.04524361948955916	0.04114713216957606	0.0	0.0	0.0	0.0	0.0	0.0	0.049367088607594936	0.0	0.018171329679838477	0.017094017094017096	0.04744069912609238	0.0	0.02282608695652174	0.0	0.0	0.0	0.0	0.08605851979345955	0.0069767441860465115	0.0	0.0	0.08488372093023255	0.037037037037037035	0.03648648648648649	0.04285714285714286	0.03375	0.11433305716652858	0.2512820512820513	0.2512820512820513	0.06386779812416257	0.0931174089068826	0.03622497616777884	0.0	0.0931174089068826	1.0	0.04246100519930676
0.08293612964728313	0.0	0.0	0.0	0.0	0.01858736059479554	0.016611295681063124	0.016697588126159554	0.016697588126159554	0.013927576601671309	0.012690355329949238	0.05368671423717295	0.050437467833247554	0.0	0.02313624678663239	0.009629413481178874	0.055632823365785816	0.0	0.03064066852367688	0.0	0.02824858757062147	0.0	0.015015015015015015	0.1130890052356021	0.0	0.0	0.0	0.08108108108108109	0.14097968936678615	0.013927576601671309	0.0	0.1452513966480447	0.061224489795918366	0.0	0.08913649025069638	0.0	0.015197568389057751	0.12837837837837837	0.06134969325153374	0.0	0.047505938242280284	0.011378002528445006	0.06887755102040816	0.022388059701492536	0.016697588126159554	0.02	0.09316770186335403	0.015256588072122053	0.01730624529721595	0.012048192771084338	0.01241068070703272	0.01231084893562452	0.014892443463872035	0.009606147934678195	0.02	0.0	0.0	0.042682926829268296	0.06081337894336754	0.0	0.04013377926421405	0.016697588126159554	0.022388059701492536	0.020718232044198894	0.0	0.042232277526395176	0.0	0.010739102969046115	0.01060070671378092	0.0	0.0	0.09202453987730061	0.0	0.0	0.06857142857142857	0.0	0.0	0.0	0.0	0.2268041237113402	0.0	0.0410958904109589	0.030303030303030304	0.0	0.0	0.011963816749343449	0.08356545961002786	0.0	0.04674457429048414	0.0	0.0	0.011378002528445006	0.0	0.0	0.017994858611825194	0.014238773274917854	0.042270653826659906	0.11626297577854672	0.0	0.024464831804281346	0.0	0.018302828618968387	0.0	0.060991105463786534	0.025	0.013927576601671309	0.015197568389057751	0.03864734299516908	0.013493253373313344	0.018072289156626505	0.0	0.07489597780859916	0.01231084893562452	0.08522727272727272	0.0	0.0	0.03402854006586169	0.0	0.0	0.0	0.022388059701492536	0.06201550387596899	0.01818181818181818	0.031007751937984496	0.0	0.0	0.0	0.0	0.0	0.0	0.0	0.0	0.027829313543599257	0.0	0.0	0.0	0.012925969447708578	0.013927576601671309	0.0	0.033444816053511704	0.0	0.0	0.010330578512396695	0.038700760193503804	0.013123359580052493	0.027210884353741496	0.013812154696132596	0.012362637362637362	0.01139240506329114	0.01675977653631285	0.013812154696132596	0.016666666666666666	0.013812154696132596	0.013812154696132596	0.012362637362637362	0.0	0.016611295681063124	0.0	0.0	0.0	0.018518518518518517	0.015384615384615385	0.04081632653061224	0.016574585635359115	0.0	0.024539877300613498	0.013513513513513514	0.015060240963855422	0.015060240963855422	0.013513513513513514	0.015060240963855422	0.01818181818181818	0.013513513513513514	0.015060240963855422	0.0	0.0	0.10112359550561797	0.014018691588785047	0.04392764857881137	0.09974424552429667	0.023578363384188627	0.11861313868613138	0.02	0.06554621848739496	0.034578146611341634	0.0	0.12244897959183673	0.043209876543209874	0.02027027027027027	0.014285714285714285	0.0	0.0	0.0	0.0	0.04236006051437216	0.05547850208044383	0.05547850208044383	0.0	0.0	0.0	0.0	0.0	0.0	0.0	0.044296788482835	0.01151947339550192	0.07874015748031496	0.12162162162162163	0.0	0.0	0.016541353383458645	0.013493253373313344	0.0	0.02	0.06859205776173286	0.0	0.012141816415735794	0.03604415408875873	0.0	0.06220095693779904	0.01	0.0	0.018302828618968387	0.013311148086522463	0.020942408376963352	0.0	0.01858736059479554	0.0	0.0	0.0	0.1554006968641115	0.014925373134328358	0.012697590049235553	0.0	0.0	0.0	0.013812154696132596	0.012362637362637362	0.015315890236119975	0.011013215859030838	0.009825327510917031	0.11194029850746269	0.0	0.0	0.0	0.0	0.0	0.0	0.0	0.04281345565749235	0.015521064301552107	0.042232277526395176	0.016611295681063124	0.06349206349206349	0.015767634854771784	0.021212121212121213	0.02	0.0	0.1360544217687075	0.1360544217687075	0.0	0.03319502074688797	0.021377672209026127	0.14965986394557823	0.0	0.01241068070703272	0.025851938895417155	0.021702838063439065	0.0	0.013927576601671309	0.0	0.0	0.04054054054054054	0.0	0.014583333333333334	0.03343465045592705	0.0	0.0	0.02127659574468085	0.01595405232929164	0.01858736059479554	0.022598870056497175	0.11036789297658862	0.08258706467661692	0.010330578512396695	0.010330578512396695	0.009809264305177113	0.01272264631043257	0.015348288075560802	0.0	0.01272264631043257	0.04246100519930676	1.0
