2006	25	0
104	150	0
1135	259	1
721	188	0
1382	186	0
802	245	1
1594	102	0
939	251	0
159	25	0
1937	220	1
2217	271	0
660	84	0
1471	105	0
1776	274	0
433	91	0
1066	77	1
367	34	1
200	183	0
706	236	0
1258	89	0
627	168	0
332	59	0
1535	246	0
2224	56	0
1933	11	0
557	37	0
1468	53	0
127	26	1
1751	297	0
1745	29	0
95	130	0
929	95	0
295	58	0
136	266	0
1266	36	0
2045	173	0
799	1	0
1633	170	0
782	198	0
571	34	1
1976	241	0
867	166	0
683	34	1
236	191	0
635	256	0
1938	56	0
1744	276	0
2188	60	0
2224	288	0
2079	240	0
286	286	0
896	53	1
937	105	0
224	230	0
2279	269	0
2058	227	1
838	103	0
1872	15	0
1111	27	0
1331	165	0
1460	232	0
1718	92	0
1960	282	0
30	7	1
2212	175	0
719	40	0
346	39	0
1952	191	0
98	244	1
1623	170	0
950	269	0
266	18	0
921	229	0
1390	114	0
1680	185	0
1556	256	0
610	277	0
1859	238	0
1026	131	0
2102	155	0
1579	173	0
500	116	0
2076	27	0
2232	232	0
2103	190	0
1459	165	0
754	140	0
1496	17	0
150	19	1
1117	212	0
694	162	0
1240	276	0
545	244	0
2262	190	0
573	218	1
396	277	0
1006	62	0
1777	137	0
1474	232	0
711	114	0
146	113	0
721	98	0
2260	42	0
232	190	0
1227	21	0
266	146	0
1901	33	0
1185	39	0
6	91	1
134	194	1
617	63	0
1094	62	0
2021	298	0
469	233	0
725	74	0
308	109	0
987	254	0
305	141	0
831	51	0
1603	111	0
681	48	1
1885	181	0
2083	5	0
1096	209	0
1288	292	0
1996	142	1
2225	32	0
1417	16	0
305	196	0
2066	1	0
893	159	0
495	255	0
1685	255	0
1257	187	0
1784	95	0
841	16	0
718	205	0
493	50	1
726	148	0
574	242	0
482	190	0
1796	20	0
1208	128	0
1384	26	1
369	62	0
1857	95	0
1210	56	0
1449	192	0
351	6	1
1156	269	0
909	195	0
284	272	0
143	102	0
1962	53	0
978	19	0
2205	49	0
471	30	0
1665	210	1
1863	52	0
593	254	0
1473	119	0
494	116	0
1901	112	0
657	187	0
634	217	1
44	187	0
1150	43	0
2312	138	0
716	177	0
1429	166	0
1377	234	0
1968	142	1
1495	181	0
1698	189	0
398	30	0
1150	31	0
1395	44	0
1861	223	0
671	211	1
316	251	0
1495	138	1
2027	280	0
1803	65	0
810	269	0
1011	154	0
1867	69	0
373	292	0
0	53	0
2221	191	0
1294	289	0
1380	36	0
923	107	0
146	98	0
671	127	1
1797	45	0
465	12	0
605	141	0
951	262	0
1910	112	0
186	102	0
271	126	0
96	244	1
1578	201	0
1877	78	0
1263	207	0
258	299	0
130	112	0
209	6	1
704	34	1
1049	213	0
2055	75	0
780	142	0
2014	226	1
1834	73	0
1266	4	0
1838	3	0
806	11	0
2156	44	0
1072	53	0
1178	111	0
553	34	1
345	229	0
293	112	0
929	185	0
210	255	0
1948	32	0
1501	22	0
1843	245	0
1854	276	0
819	197	0
1914	261	0
736	79	0
321	6	1
358	127	0
1182	163	0
1085	9	0
844	166	0
930	93	0
996	59	0
1511	240	0
1913	249	0
1733	90	0
1081	77	1
1136	10	0
1020	226	1
586	122	0
91	226	1
55	39	0
2068	245	0
2003	184	0
1222	155	0
198	193	0
562	208	0
1519	9	0
50	252	1
2142	240	0
348	261	0
1801	194	1
743	6	0
376	18	0
2159	226	0
292	234	0
1948	203	0
909	154	0
1678	228	0
2053	193	0
434	141	0
985	223	0
1219	103	0
1006	248	0
86	238	0
2167	238	0
1813	97	0
1333	273	0
7	257	0
1739	100	0
686	77	0
2011	140	0
424	204	0
917	135	0
1668	226	0
1195	123	0
1966	142	1
1663	259	0
1133	27	0
82	50	1
1020	135	0
567	34	1
898	103	0
106	217	1
870	59	0
1820	12	0
776	94	1
1935	92	0
1106	1	0
1088	93	0
1392	79	0
1159	144	0
206	163	0
1468	116	1
620	89	0
2271	144	0
921	53	1
1205	91	1
1779	261	0
2059	277	0
192	172	0
1127	77	1
1948	49	0
1246	255	0
269	136	0
646	34	1
1742	181	0
1427	273	0
163	271	0
193	237	0
1209	129	0
907	206	0
576	296	0
676	262	0
1699	207	0
1352	123	0
1463	266	0
1007	38	0
1921	52	0
65	247	0
30	44	1
727	218	1
797	252	0
1892	255	0
1133	161	0
153	19	1
1850	211	1
371	161	0
432	156	0
2119	99	0
1105	247	0
109	55	1
498	175	0
775	260	0
1719	121	0
2225	284	0
2088	13	0
1656	138	0
90	220	0
1371	109	0
934	112	0
1620	288	1
2163	267	0
2320	205	0
680	116	0
1040	153	0
426	252	0
1193	10	0
774	48	1
33	116	1
196	17	0
2309	42	0
403	289	0
644	231	0
1878	207	0
400	80	0
186	38	0
218	111	0
1619	276	0
8	187	0
2073	76	0
2286	230	0
695	29	0
1817	294	0
432	140	0
1222	282	0
1261	55	0
1961	215	0
1325	235	0
655	34	1
2238	27	0
1290	187	0
74	151	0
1654	274	1
687	220	0
670	157	0
58	39	0
478	111	0
2129	244	1
2284	299	0
1794	230	0
913	195	0
1274	106	0
111	48	1
179	90	0
1263	211	0
934	173	0
1034	77	1
1734	231	0
500	48	1
1135	93	0
311	6	1
1072	159	0
2128	235	0
683	142	0
1095	164	0
2150	25	0
2007	76	0
1854	58	0
643	49	0
939	118	0
282	102	0
180	11	0
150	257	0
479	25	0
2251	145	0
1278	228	0
1346	4	0
1812	66	0
2122	70	0
443	264	0
1427	61	0
804	103	0
1517	114	0
2267	226	0
1267	26	0
605	94	0
689	251	0
882	266	0
735	204	0
643	111	1
858	76	1
1895	169	0
2241	60	0
827	262	0
1739	165	0
535	50	1
61	125	0
527	258	0
737	240	0
1515	256	0
103	211	1
1448	36	0
1273	276	0
1663	122	0
1940	166	0
1046	46	0
645	48	1
1805	194	1
2013	51	0
809	232	0
41	66	1
62	50	1
1347	168	0
213	6	1
198	92	0
1228	139	0
135	8	1
825	261	0
1118	89	0
2258	231	0
645	7	0
2068	283	0
1092	77	1
1707	87	0
539	124	0
1387	274	0
369	93	0
1459	127	0
1456	233	0
413	134	0
1541	79	0
1773	86	1
1331	46	0
74	82	0
117	26	0
1327	224	0
716	207	0
1467	147	0
2212	90	0
139	262	0
1662	15	0
1954	214	0
2126	289	0
2120	133	0
1541	95	0
47	26	1
694	114	0
59	34	1
64	50	1
1614	276	0
894	144	0
1820	261	0
1493	137	1
372	177	0
465	94	1
1957	175	0
1242	272	0
2307	268	0
2190	160	0
2068	24	0
1314	258	0
122	86	0
1331	287	0
498	112	0
742	200	0
486	106	0
1897	207	0
2057	29	0
1920	139	0
36	171	0
1115	39	0
439	177	0
466	174	1
806	238	0
485	219	0
1370	188	0
205	181	0
2080	95	0
304	8	0
2175	219	0
778	127	0
801	172	0
1231	142	0
1154	213	0
326	228	0
1375	100	0
16	32	1
56	13	1
1277	36	0
2158	179	0
1872	195	0
800	49	1
1257	9	0
1112	266	0
604	149	0
1389	42	0
880	20	0
2203	253	1
160	6	1
1363	39	0
986	274	0
646	219	0
1954	166	0
554	34	1
10	92	0
956	166	0
570	29	0
867	231	0
569	149	0
357	88	0
556	36	0
1154	273	0
1740	75	0
994	124	0
995	145	0
2290	243	0
2180	25	0
994	41	0
682	119	0
461	34	1
2226	103	0
300	82	0
1080	75	0
1046	140	0
1081	187	0
1975	298	0
721	177	0
1779	274	0
902	196	0
130	208	0
32	276	1
1724	121	0
1037	139	0
2269	44	1
2019	4	0
1673	57	0
954	26	1
97	27	0
2028	37	0
1814	143	0
456	269	0
20	11	1
691	9	0
423	104	0
517	50	1
845	213	0
1388	243	0
798	150	0
1882	101	0
953	69	0
1847	240	0
501	8	0
1904	101	0
1275	202	0
617	162	0
56	123	1
58	26	1
1806	283	0
817	40	0
1489	0	0
2124	240	1
333	2	0
389	225	0
818	205	0
1186	163	0
661	217	0
483	90	0
1972	265	0
2144	288	0
549	50	1
93	69	0
2006	15	0
648	50	1
2221	126	0
1048	176	0
2107	140	0
679	127	0
1782	170	0
1253	37	0
128	8	1
1377	190	0
1708	174	1
470	245	0
1526	2	0
342	186	0
990	64	0
1444	251	0
700	272	0
1271	272	0
2147	78	0
1766	57	0
1300	171	0
1313	130	0
302	259	0
2171	268	0
1897	133	0
777	222	0
1441	227	0
1423	49	0
296	211	0
591	109	0
2243	229	0
193	159	0
2020	146	0
1766	218	0
1171	12	0
2281	271	0
844	277	0
838	280	0
1328	230	0
1124	142	1
1776	140	0
686	48	1
492	30	0
91	191	0
429	201	0
1993	257	0
627	61	1
453	50	1
867	242	0
1815	264	0
383	99	0
1511	283	0
2222	66	0
922	107	0
459	44	0
1096	85	0
965	64	1
603	115	0
1113	131	0
780	69	0
2007	64	0
1066	68	0
790	224	0
2179	150	0
1696	180	0
2281	272	0
1315	237	0
411	49	0
367	159	1
468	130	0
1636	34	0
2229	269	1
500	230	0
898	86	0
1434	280	0
1772	288	0
1179	285	0
892	162	0
964	258	0
2157	160	0
1601	75	0
1224	184	0
555	18	0
55	98	0
113	145	1
118	234	0
1206	293	0
1546	110	0
2137	0	0
1980	98	0
358	72	1
658	9	0
1511	38	0
1560	15	0
1824	122	0
1479	280	0
569	150	0
2307	26	0
376	286	0
1851	17	0
188	293	0
747	208	0
1273	165	0
32	48	1
532	237	0
1660	80	0
508	34	1
778	137	0
1596	188	0
67	7	1
460	48	1
2303	227	0
1715	275	0
1092	265	0
1899	218	1
1351	183	0
1944	108	0
1010	63	0
1288	68	0
889	90	0
556	288	1
1359	101	0
1419	96	0
168	293	0
2262	165	0
856	50	1
1401	96	0
1452	194	0
1053	260	0
1177	273	0
590	142	0
2012	235	0
1286	94	1
586	296	0
2062	84	0
539	131	0
930	131	0
1382	199	0
1830	45	0
105	142	1
827	118	0
1228	114	0
412	31	1
1811	198	1
156	286	1
298	74	0
1849	198	0
1341	78	0
571	3	0
1640	156	0
45	142	1
2069	22	0
914	53	1
392	150	0
258	25	0
1863	263	0
381	153	0
2053	19	0
755	238	0
83	70	0
287	3	0
710	48	1
388	96	0
296	25	0
1294	5	0
1810	184	0
2229	64	0
1097	77	1
493	177	0
434	138	1
1481	85	0
474	7	0
1444	132	1
83	279	1
1339	234	0
262	87	0
6	113	0
2197	251	1
1629	34	0
2310	14	0
769	194	0
1276	139	0
1764	157	0
2303	196	0
809	297	0
1832	207	1
116	286	1
114	116	0
2081	165	1
758	273	0
988	145	0
2324	236	0
369	91	0
478	133	0
1186	110	0
2186	245	1
307	275	0
788	49	1
201	123	1
780	184	0
1366	26	1
814	263	0
1354	199	0
492	25	0
1011	141	0
674	24	0
2091	276	0
605	218	1
1996	269	0
192	6	1
1404	218	1
699	222	0
1107	14	0
1200	44	0
450	286	0
1138	154	0
823	271	0
196	19	0
2229	3	0
1107	134	0
523	34	1
1313	14	0
368	91	0
633	80	0
32	49	1
1323	94	1
1577	114	0
1579	71	1
1201	53	0
862	110	1
999	72	1
939	295	0
1062	105	0
1272	238	0
1470	283	0
161	141	0
261	129	0
1894	44	0
877	77	1
1201	193	0
1767	109	0
675	101	0
1899	133	0
1627	275	0
1493	262	0
436	69	0
1163	210	0
1713	205	0
2310	288	1
108	281	0
1471	205	0
588	176	0
2123	253	0
1363	176	0
1706	278	0
671	174	0
2161	244	1
705	34	1
939	142	0
1664	145	0
2010	192	0
2103	169	0
90	41	0
1909	50	0
983	271	0
1075	74	0
2021	288	1
1028	39	0
443	249	0
903	281	0
406	30	1
1150	188	0
308	6	1
290	85	0
2150	245	0
364	120	0
2003	10	0
384	225	0
1358	247	0
2326	80	0
822	152	0
1399	270	0
1115	77	1
1173	269	0
1305	149	0
2304	26	0
490	14	0
1573	119	0
2266	43	0
1925	150	0
1389	38	0
1308	102	0
380	139	0
2215	284	0
424	86	1
161	6	1
1143	87	1
738	48	1
1150	162	0
1747	290	0
1931	278	0
330	260	0
1528	287	0
1524	288	0
2220	217	1
225	6	1
238	6	1
1527	0	0
56	238	0
2052	168	0
2049	139	0
1536	85	0
1443	38	0
1012	91	1
672	127	1
480	90	0
1109	199	0
2317	101	0
397	59	0
699	286	0
1731	100	0
481	167	0
1650	273	0
1491	269	0
2113	262	0
1218	51	0
384	21	1
887	54	0
1762	267	0
1635	128	0
856	45	0
519	34	1
1653	275	0
1792	275	0
471	253	0
1672	267	0
689	289	0
391	27	1
1004	54	0
1410	281	0
5	194	0
1111	216	0
880	69	0
1740	268	0
1992	201	0
1115	276	0
2087	196	0
1556	138	1
659	231	0
1635	47	0
553	298	0
2287	8	0
441	197	0
896	277	0
2231	194	0
113	8	1
489	56	0
141	161	0
437	262	0
846	187	0
1018	210	0
2285	152	0
1309	268	0
1249	167	0
673	272	0
1560	120	0
1101	124	0
851	50	1
2181	218	0
585	34	1
1553	126	0
1766	165	0
938	178	0
1628	57	0
1413	75	0
355	26	0
361	108	0
1070	254	0
204	193	0
1045	172	0
1574	55	0
827	47	0
23	40	0
2125	243	0
2068	55	0
313	32	0
1349	215	0
835	142	1
479	80	0
1110	6	0
1470	248	0
336	148	0
617	252	0
337	235	0
2135	244	1
1760	290	1
187	176	0
1787	9	0
94	280	0
1051	201	0
204	33	0
1790	284	0
815	74	0
344	25	0
2020	291	0
433	248	0
479	50	1
1692	9	0
1282	20	0
1219	30	0
646	170	0
722	244	1
464	196	0
113	293	0
1067	225	0
632	161	0
519	180	0
1974	19	0
1907	241	0
856	145	0
1772	113	0
1752	85	0
2310	161	0
1299	111	1
1253	273	0
2311	37	0
1086	151	0
928	276	0
1732	174	1
256	133	0
1143	215	0
803	50	1
1467	4	0
8	73	0
2308	272	0
440	119	0
2074	57	0
1172	229	0
1923	184	0
1503	260	0
1605	21	0
1931	220	1
2000	191	0
287	145	1
1582	145	1
68	226	1
32	40	1
1880	158	0
2046	293	0
79	241	0
318	150	0
1961	82	0
711	36	0
85	38	0
114	226	0
1309	29	0
203	43	0
1413	26	1
59	265	0
1191	100	0
820	10	0
1202	91	1
2275	286	0
259	119	0
136	6	1
1220	93	0
317	6	1
843	201	0
1617	167	0
369	48	1
1318	166	0
670	183	0
1356	100	0
1358	40	0
706	100	0
2004	225	1
1842	48	0
20	147	0
2126	137	0
268	210	0
345	8	1
372	69	0
921	160	0
2197	129	0
1625	116	1
1430	272	0
486	241	0
815	50	1
1867	211	1
2057	137	0
1323	217	0
386	271	0
569	49	0
445	40	1
666	53	0
1370	20	0
1998	142	1
1158	116	1
1991	192	0
1627	43	0
1805	160	0
1182	288	1
1384	282	0
1693	115	0
1669	278	0
169	178	0
98	52	0
940	136	0
250	255	0
17	77	0
2111	87	0
514	1	0
2175	50	0
776	104	0
13	258	0
854	163	0
618	212	0
424	235	0
94	104	0
1790	135	0
1996	208	0
1393	41	0
826	218	1
2113	243	0
428	18	0
1007	26	0
214	187	0
705	4	0
1248	213	0
904	174	0
1378	26	1
145	153	0
1205	154	0
765	40	0
1513	11	0
1236	74	0
1476	134	1
175	130	0
1875	147	0
1358	259	0
880	106	0
1804	194	1
274	65	0
876	132	0
1150	66	0
392	265	0
765	88	0
866	187	0
81	165	0
386	230	0
1276	42	0
889	255	0
113	77	1
1227	58	0
640	80	0
816	85	0
251	232	0
872	218	1
2249	273	1
61	278	0
616	132	0
206	6	1
1570	94	0
56	169	0
1031	276	0
1378	60	0
2164	81	0
1110	68	0
1606	156	0
1248	0	0
2055	125	0
971	66	1
760	103	0
960	91	0
1537	47	0
2266	42	0
8	245	1
975	38	0
1122	105	1
778	176	0
1761	189	0
1847	96	0
601	47	0
789	49	1
166	128	0
146	160	0
1082	177	0
1732	208	0
434	240	0
1136	121	0
24	34	0
935	188	0
1311	230	0
974	134	0
1144	292	0
666	40	0
2178	290	0
2132	110	0
139	170	0
1596	1	0
95	64	0
1166	10	0
945	182	0
1537	222	0
1138	3	0
1699	24	0
877	90	0
1147	243	0
1844	138	0
434	258	0
14	104	0
20	5	1
2180	215	0
1249	26	0
1844	127	0
1463	48	0
887	280	0
1719	174	1
1273	144	0
263	242	0
146	293	0
1508	100	0
35	201	0
463	9	0
2003	140	0
1928	91	0
1033	242	1
1108	265	0
1326	78	0
118	17	1
634	218	1
2004	232	0
98	223	0
1623	116	1
52	30	0
1766	95	0
2297	240	0
1400	228	0
543	12	0
83	107	0
1590	145	1
188	205	0
297	136	0
2310	217	0
9	139	1
1197	118	0
605	119	0
538	200	0
1884	11	0
784	212	0
886	26	0
1650	172	0
132	221	0
1107	245	0
1475	212	0
569	36	0
553	214	0
2093	238	0
1953	251	0
72	244	1
2321	62	0
1410	44	0
1344	196	0
1359	297	0
1376	185	0
282	189	0
641	53	0
258	6	1
1179	9	0
417	179	1
2229	190	0
1241	148	1
1035	27	0
922	53	1
1892	14	0
30	26	1
1879	211	1
2021	150	0
480	255	0
852	5	0
2167	114	0
121	68	0
428	200	0
1250	257	0
1195	288	1
1005	114	0
1640	148	0
510	48	1
1469	103	0
1030	265	0
848	66	0
1073	77	1
650	12	0
865	50	1
1130	206	0
2309	209	0
149	281	0
2305	246	0
14	139	1
1331	128	0
428	279	0
2228	264	0
1528	139	0
1365	33	0
1367	26	1
1304	6	0
2231	208	0
473	45	0
1342	292	0
2171	73	0
185	239	0
1588	145	1
1117	77	1
1800	188	0
1101	77	1
2109	165	1
1435	199	1
305	95	0
1792	160	0
1387	26	1
73	250	0
1816	100	0
605	132	1
2125	214	0
554	218	1
396	162	0
140	244	0
955	73	0
1002	178	0
1353	228	0
1036	236	0
741	235	0
2313	213	0
66	174	0
1232	91	1
1486	103	0
412	288	0
1407	37	0
2236	254	0
1431	93	0
1113	88	0
2131	271	0
202	53	0
2203	177	0
632	276	0
2278	299	0
1442	255	0
788	181	0
863	36	0
611	156	0
1738	282	0
615	222	0
1902	211	0
615	159	0
2114	106	0
546	259	0
1866	279	0
467	54	0
712	146	0
1635	4	0
404	175	0
1121	218	1
1808	157	0
31	66	0
531	34	1
531	71	0
410	73	0
807	104	0
1865	211	1
1320	154	0
603	176	0
1302	112	1
25	6	0
509	34	1
1885	102	0
905	27	0
1594	260	0
837	76	1
107	112	0
36	146	0
1206	209	0
2187	135	0
1773	247	0
1130	202	0
867	101	0
1663	287	0
14	299	0
1720	251	0
2135	296	0
2182	258	0
1590	123	0
1598	145	1
839	171	0
2071	48	0
2324	190	0
872	151	0
95	11	0
1343	105	0
761	83	0
2310	156	0
416	32	1
571	39	0
53	254	0
1678	201	0
1988	53	0
1939	218	0
1386	159	0
403	28	1
1048	166	0
287	62	0
1991	27	0
1378	240	0
1172	90	1
177	29	0
498	48	1
674	219	0
708	299	0
1369	239	0
694	248	0
1438	112	0
725	72	0
1204	148	0
1336	66	0
1234	148	1
1334	221	0
1645	67	0
1833	26	0
207	220	0
727	53	0
900	88	1
2272	55	0
1466	253	0
1350	94	1
438	192	0
1571	81	0
703	48	1
21	75	0
1746	69	0
625	142	0
2011	172	0
26	30	0
830	27	0
1074	286	0
704	48	1
789	218	0
2287	288	1
487	268	0
492	157	0
9	48	1
1025	70	0
1386	212	0
1352	261	0
2212	260	1
738	63	0
826	24	0
135	65	0
763	178	0
62	7	1
687	258	0
327	220	1
956	218	0
832	86	0
540	280	0
524	3	0
695	34	1
1434	146	0
374	286	0
1094	227	0
1979	71	0
2018	114	0
1460	16	0
752	84	0
1335	81	0
564	7	0
1083	117	0
1097	171	0
1041	60	0
301	60	0
1205	170	0
1349	214	0
624	200	0
709	34	1
937	195	0
767	299	0
2060	71	0
1349	249	0
1934	217	0
1142	85	1
785	207	0
467	99	0
968	168	0
726	44	1
1120	210	0
585	94	0
174	241	0
1376	160	0
197	261	0
2109	242	0
683	119	0
1608	148	1
1096	108	0
283	92	0
1019	273	0
2006	14	0
471	268	0
1249	133	0
1648	72	0
170	79	0
60	244	1
51	5	1
1145	88	1
65	60	0
1255	79	0
158	122	0
2070	27	0
512	34	1
1662	45	0
2011	263	0
1758	205	0
1968	202	0
1621	116	1
894	134	1
1340	150	0
1265	247	0
1788	265	0
534	209	0
701	47	0
604	290	0
1883	96	0
467	190	0
305	251	0
727	44	1
1644	64	0
698	246	0
95	125	0
511	285	0
390	203	0
815	29	0
1155	88	1
358	290	0
692	34	1
1255	148	0
1388	229	0
904	6	0
615	172	0
2294	221	0
56	292	0
491	38	0
126	189	0
1331	12	0
1273	202	0
2227	3	0
1433	35	0
767	17	0
1761	182	1
73	244	1
651	26	0
1016	105	0
748	261	0
1984	142	1
2172	68	0
736	68	0
505	81	0
1807	233	0
1862	36	0
2193	94	0
1932	247	0
1669	31	0
797	92	0
1059	54	0
1246	100	1
415	195	0
394	89	0
916	272	0
1491	284	0
447	40	1
110	135	0
636	34	1
1994	128	0
1112	179	0
2286	90	0
1449	47	0
1013	170	0
1672	268	0
1178	240	0
183	201	0
1147	255	0
2162	244	1
1617	85	0
50	220	1
371	198	0
2241	273	1
2006	78	0
936	138	0
1748	92	0
1240	288	1
1784	289	0
897	241	0
424	82	0
1483	158	0
1146	50	0
979	123	0
103	217	1
199	45	0
949	131	0
575	246	0
1974	236	0
1911	154	0
1429	226	0
2030	110	0
565	210	0
317	109	0
349	6	1
656	129	0
662	153	0
922	222	0
1396	264	0
721	60	0
1617	149	1
883	151	0
1291	149	0
1337	174	0
629	148	0
687	99	0
423	150	0
1500	66	0
821	154	0
1942	293	0
1028	78	0
473	140	0
418	89	0
217	51	0
157	148	1
1246	77	0
873	218	1
1482	173	0
1100	145	0
1478	116	1
1210	137	0
870	189	0
1835	255	0
844	77	1
2011	268	0
1690	25	0
444	200	0
2129	22	0
1963	208	0
209	193	0
1248	79	0
1193	252	0
2105	82	0
586	133	0
1961	221	0
969	207	0
327	119	0
1542	6	0
187	97	0
2113	40	0
1020	211	0
1736	194	0
569	155	0
1745	249	0
1061	159	0
1188	9	0
470	288	0
2192	198	0
156	8	1
900	215	0
938	229	0
720	20	0
522	18	0
1809	160	0
680	68	0
1460	229	0
1301	247	0
247	151	0
693	42	0
1241	187	0
1990	229	0
600	244	0
2031	232	0
486	155	0
264	38	0
2077	114	0
1642	66	0
2030	77	0
475	50	1
841	142	1
711	98	0
1429	181	0
25	283	0
1784	188	0
1015	25	0
969	200	0
270	213	0
1892	179	1
953	191	0
482	13	0
1337	256	0
1031	169	0
1083	124	0
1495	85	0
814	189	0
2095	165	1
1900	244	0
1	280	0
521	227	1
178	6	1
603	100	0
1571	223	0
2058	206	0
1624	116	1
2161	5	0
64	78	0
1946	220	1
1158	57	0
951	100	0
934	70	0
12	233	0
634	132	1
2117	69	0
1342	102	0
302	206	0
893	217	0
707	109	0
1024	50	0
2066	262	0
876	94	1
1000	23	0
1714	175	0
50	97	0
634	94	1
1050	44	0
2012	226	1
493	43	0
1739	209	0
156	215	1
1264	170	0
1697	173	1
410	66	0
1097	58	0
2267	29	0
431	77	1
47	109	1
775	280	0
2314	291	1
453	155	0
1561	138	1
1467	202	0
901	53	1
2317	272	0
173	6	1
891	277	0
1753	163	0
1644	249	0
1250	10	0
1098	94	0
1062	263	0
1928	117	0
416	122	0
63	7	1
1148	174	0
472	297	0
1219	177	0
1745	205	0
239	6	1
124	0	0
1606	188	0
2033	225	0
2248	248	0
1073	120	0
120	164	0
1543	61	0
2085	172	0
461	224	0
1803	7	0
282	77	0
795	48	1
1598	240	0
2116	229	0
1270	124	0
2108	259	0
2211	27	0
974	279	0
1601	230	1
1240	100	0
82	84	0
1781	141	0
654	210	0
993	218	1
592	279	0
32	211	1
1083	11	1
385	132	0
895	200	0
387	218	0
2027	64	0
2271	29	0
340	210	0
113	133	0
264	180	0
634	294	0
1934	68	0
1785	284	0
70	265	0
103	31	0
1401	131	0
1037	213	0
1878	258	0
501	244	0
1214	91	1
2202	262	0
2254	137	0
1680	13	0
1923	202	0
44	113	0
719	50	1
2326	17	0
1036	40	0
1946	4	0
1556	195	0
1338	147	0
1314	181	0
1625	8	0
1137	83	1
2103	60	0
1858	68	0
587	190	0
2072	94	0
1946	246	0
1638	109	0
136	213	0
31	155	0
110	164	0
435	142	0
810	180	0
1888	288	0
808	53	0
242	143	0
2307	285	0
267	6	1
104	205	0
291	142	0
404	28	1
147	86	0
32	266	1
1455	121	0
547	240	0
858	244	0
561	142	1
1933	46	0
2203	182	0
1077	141	0
776	138	0
448	242	0
2280	140	0
1952	242	0
1047	226	0
2237	131	0
2058	162	0
33	237	0
1104	77	1
2229	122	0
135	269	0
1540	47	0
2054	195	0
1074	117	0
1840	211	1
1791	121	0
430	7	0
1236	168	0
1712	181	0
1714	286	0
104	244	1
2160	195	0
305	298	0
1938	45	0
2001	278	0
1173	77	0
146	108	0
1432	11	1
698	248	0
2016	226	1
710	28	0
1399	190	0
1698	173	1
2041	227	1
1926	238	0
1355	30	0
294	6	1
669	60	0
754	254	0
2260	196	0
880	41	0
2304	295	0
2233	163	0
1485	139	1
2047	54	0
418	157	0
557	194	0
1050	34	0
20	165	0
547	140	0
1272	142	1
2241	195	0
1758	80	0
2099	82	0
1604	62	0
1021	264	0
2142	204	0
608	230	0
50	86	1
2137	118	0
292	94	0
38	135	0
870	44	0
542	137	0
1067	17	0
800	174	0
1854	211	1
602	22	0
257	147	0
503	241	0
1771	63	0
1400	177	0
2287	118	0
1640	203	0
174	237	0
767	128	0
1339	45	0
872	238	0
1606	60	0
2188	205	0
1	204	0
2192	244	0
1302	259	0
857	174	1
1060	184	0
770	279	0
960	178	0
266	93	0
876	19	0
1566	290	0
851	235	0
557	38	0
118	160	0
850	175	0
178	166	0
686	50	1
504	21	0
264	6	1
1651	79	0
286	235	0
1802	69	0
846	121	0
1133	12	0
466	103	0
200	163	0
2066	141	0
361	235	0
1292	4	0
239	22	0
1523	139	1
698	104	0
798	133	0
1211	231	0
550	93	0
632	78	0
793	267	0
817	182	0
3	8	0
111	50	1
1817	203	0
1426	37	0
1768	86	1
1755	104	0
2067	28	0
1872	235	0
337	178	0
1060	244	0
792	204	0
838	45	0
2087	34	0
2326	250	0
1779	76	0
1169	75	0
1323	77	0
1879	86	0
976	212	0
1649	5	0
1247	278	0
1728	271	0
406	192	0
974	210	1
1933	44	0
1451	113	0
140	85	0
1719	204	0
2236	40	0
387	176	0
1186	91	1
2164	206	0
1503	155	0
1	66	0
1486	105	0
2142	195	0
671	19	0
837	50	1
1979	271	0
877	174	1
463	244	1
1551	138	1
113	82	0
1817	271	0
255	249	0
729	136	0
405	201	0
1972	190	0
814	202	0
520	204	0
1692	172	1
841	50	1
822	218	1
262	178	0
1501	139	1
104	266	0
303	109	0
759	35	0
1021	276	0
711	289	0
1214	100	0
2122	134	0
1666	83	0
2214	208	0
259	68	0
2299	226	0
1120	219	0
814	52	0
829	281	0
96	291	0
667	149	0
821	218	1
1746	194	0
617	28	0
1336	204	0
2296	164	0
700	172	0
2220	23	0
181	98	0
526	200	0
2209	186	0
1460	274	0
486	103	0
1354	221	0
1631	291	0
372	21	0
1861	177	0
706	214	0
780	41	0
1218	158	0
46	227	1
1030	113	0
2189	69	0
2250	178	0
608	240	0
111	114	0
899	100	0
1962	1	0
981	82	0
1703	141	0
2180	111	0
1908	100	0
1247	15	0
73	184	0
1199	136	0
861	260	0
2043	280	0
984	122	0
379	106	0
2199	207	0
681	87	0
1801	41	0
214	129	0
832	285	0
2327	151	0
1090	131	0
2013	225	0
1707	209	0
732	288	1
1435	272	0
125	80	0
1822	130	0
1537	114	0
2289	160	0
1893	198	0
2265	188	0
580	255	0
450	39	0
735	45	1
2109	119	0
1324	179	0
2071	79	0
2219	280	0
576	291	0
1215	190	0
445	154	0
382	297	0
1041	77	1
368	50	1
673	172	0
637	282	0
1961	252	0
677	240	0
2239	282	0
8	4	1
224	6	1
1479	64	0
2028	65	0
1607	198	0
1418	78	0
879	89	0
1427	78	0
802	37	0
2134	299	0
2083	88	0
1898	196	0
188	103	0
2021	155	0
251	270	0
543	246	0
1807	167	0
1970	255	0
1691	22	0
627	134	0
1825	205	1
1014	56	0
1649	66	0
892	53	1
66	50	1
923	53	1
1418	38	0
743	272	0
343	91	1
1283	47	0
644	193	0
134	106	0
278	172	0
513	92	0
275	68	0
888	250	0
2265	214	0
1179	7	0
744	17	0
2147	202	0
316	272	0
1418	26	1
30	15	0
340	275	0
1823	197	0
1197	187	0
2187	245	1
1900	269	0
740	129	0
784	110	1
1098	159	0
1710	257	0
2168	29	0
875	76	1
756	165	0
1601	88	0
1533	223	0
259	173	0
152	194	0
39	288	0
1620	107	0
1171	90	1
2084	174	0
2061	146	0
1132	78	1
2004	77	0
973	18	0
1298	109	1
2139	66	0
1358	260	0
2218	216	0
204	150	0
2001	19	0
1525	136	0
1968	46	0
33	297	0
1541	106	0
1762	130	0
1132	89	0
1212	137	0
700	72	0
257	72	0
406	135	0
17	109	0
1209	140	0
605	34	1
2322	114	0
1439	94	0
1058	263	0
1621	117	0
1160	158	0
919	182	0
1866	87	0
274	77	0
726	183	0
1513	191	0
464	109	0
1937	131	0
1162	194	0
1844	6	0
1051	52	0
1366	69	0
15	125	0
2014	127	0
1725	174	1
707	158	0
614	154	0
16	140	0
374	40	0
783	158	0
698	86	0
890	260	0
1652	9	0
321	210	0
871	128	0
2112	67	0
1313	199	0
2314	6	0
187	127	0
2237	107	0
274	167	0
1909	78	0
1796	188	0
999	99	0
139	47	0
1640	99	0
1017	294	0
1918	190	0
2232	99	0
1773	158	0
459	43	0
490	129	0
2100	81	0
21	16	0
67	273	0
1894	26	0
537	292	0
709	41	0
629	34	1
321	281	1
20	288	1
9	33	0
1435	19	0
1726	174	1
59	162	0
434	50	1
1125	4	0
22	212	0
1292	33	0
204	85	0
2191	27	0
2233	236	0
280	248	0
586	245	0
2319	95	0
2283	286	1
1063	167	0
1965	244	1
2002	19	0
810	274	0
1836	11	0
384	113	0
608	210	0
196	6	1
1535	298	0
1751	287	0
1571	49	0
278	241	0
438	40	1
2100	49	0
246	287	0
1445	128	0
201	62	0
602	254	0
1661	0	0
1999	9	0
1842	211	1
93	252	0
133	18	1
353	293	0
1374	210	0
50	91	1
1734	245	0
1707	13	0
736	109	0
866	216	0
47	7	1
628	153	0
990	86	0
1783	86	1
1507	274	0
1660	157	1
1393	203	0
1798	221	0
809	162	0
2328	175	0
863	122	0
1785	86	1
1994	60	0
284	74	0
830	226	0
2315	28	0
1899	254	0
37	20	0
2181	180	0
58	35	0
1318	125	0
387	27	1
184	123	0
490	144	0
334	181	0
50	132	1
1138	135	0
486	62	0
664	264	0
605	281	0
658	272	0
20	34	1
1456	90	0
1187	117	0
1235	288	1
585	113	0
1289	12	0
537	253	0
111	68	0
2024	196	0
1016	210	0
1749	178	1
2256	185	0
1981	139	0
968	105	0
571	246	0
1187	165	0
1336	209	0
591	189	0
120	97	0
1977	15	0
2309	114	0
467	262	0
1029	106	0
1512	275	0
680	23	0
1931	102	0
957	212	0
716	55	0
214	228	0
82	48	0
68	132	1
1925	231	0
2137	275	0
628	44	1
1216	86	0
205	243	0
179	221	0
1892	269	0
515	76	1
275	64	0
16	13	0
1844	82	0
1396	238	0
2268	294	0
276	176	0
1079	134	0
929	201	0
964	256	0
1173	90	1
135	99	1
426	115	0
129	249	0
764	269	0
1368	124	0
919	265	0
59	24	0
454	0	0
634	26	1
1169	15	0
1045	87	0
2180	154	0
1098	49	0
156	139	0
918	269	0
1412	22	0
948	189	0
1940	228	0
845	127	0
1128	164	0
169	6	1
1775	100	0
234	205	0
1513	255	0
1715	78	0
1838	57	0
1057	180	0
250	19	0
2014	288	0
277	228	0
1874	133	0
433	285	0
1754	144	0
90	0	0
867	87	0
1391	227	0
1380	131	0
460	284	0
838	142	1
50	113	0
1151	235	0
1091	15	0
1261	40	0
311	178	0
836	277	0
498	165	0
1756	12	0
56	31	0
674	167	0
1915	3	0
1997	125	0
686	188	0
1023	277	0
1281	177	0
410	210	0
1364	116	0
1519	45	0
487	2	0
2013	111	0
28	269	0
623	89	0
1511	105	0
1480	93	0
1647	255	0
1701	269	0
304	78	0
1341	8	0
1862	128	0
1372	17	0
1417	26	1
1509	176	0
2057	223	0
892	225	0
1666	160	1
672	36	0
1305	239	0
417	136	0
1299	5	0
2274	54	0
104	43	1
1828	182	0
1406	151	0
1146	71	0
404	143	0
1132	201	0
1372	52	0
634	240	0
812	266	0
1307	158	0
948	61	1
1504	0	0
597	43	0
990	46	0
2057	61	0
351	16	0
101	185	0
1955	132	1
1815	190	0
1610	92	0
1199	260	0
1558	3	0
1887	211	1
1078	2	0
1627	40	0
1606	293	0
2281	92	0
13	184	0
169	280	0
1787	8	0
803	210	0
2173	213	0
1728	146	0
1108	250	0
1029	274	0
1846	79	0
1306	90	0
293	6	1
1087	77	1
366	61	1
2138	61	0
2092	148	0
250	7	0
510	110	0
1529	85	0
1187	238	0
248	229	0
1803	189	0
581	202	0
725	24	0
1850	74	0
1021	126	0
667	245	0
1485	253	0
830	76	1
892	242	0
2282	235	0
1326	29	0
1668	161	1
1061	178	0
1357	294	0
847	292	0
442	239	0
1457	258	0
423	282	0
151	188	0
1839	9	0
981	295	0
239	131	0
805	118	0
1748	296	0
366	232	0
165	233	0
14	34	1
31	150	0
1565	165	0
1273	42	0
1266	98	0
945	295	0
1954	220	0
1463	157	0
2073	110	0
547	133	0
1851	211	1
2135	159	0
1398	262	0
775	269	0
1533	185	0
2225	166	0
475	69	0
141	131	0
1393	287	0
2130	244	1
372	194	0
1058	198	1
688	161	0
1904	163	0
2146	185	0
721	176	0
1309	18	0
90	7	1
1235	271	0
1008	76	1
170	188	0
1883	284	0
888	111	0
553	138	0
366	170	0
106	102	0
2030	150	0
1533	199	0
844	226	1
2086	143	0
310	62	0
689	70	0
1398	26	1
1517	138	1
1745	174	1
524	34	1
2201	107	0
382	237	0
2249	250	0
2216	1	0
812	76	1
1280	137	0
1030	165	0
911	2	0
860	50	1
2115	299	0
159	208	0
2220	299	0
2	2	1
1156	198	0
587	234	0
104	6	1
894	79	0
1934	44	0
965	172	0
1791	83	0
445	101	0
576	277	0
2133	39	0
1688	115	0
585	44	1
1674	292	0
1324	66	0
1768	191	0
1993	296	0
1917	218	1
647	202	0
2328	245	0
255	145	0
2078	33	0
1632	173	0
20	262	0
1221	217	0
1228	32	0
1292	54	0
1152	90	0
238	182	1
932	134	0
1295	171	0
2076	242	0
862	27	0
1498	156	0
1134	17	0
1369	18	0
1220	0	0
509	76	0
916	282	0
411	254	0
400	131	0
914	99	0
937	193	0
433	39	1
572	268	0
976	99	0
945	39	0
1132	142	0
1208	153	0
198	232	0
1211	91	1
271	55	0
1118	11	0
1410	70	0
1449	199	0
1871	201	0
504	23	0
1078	3	0
1400	287	0
696	264	0
1420	173	0
376	25	0
2170	256	0
614	159	1
1234	3	0
248	280	0
534	290	0
285	190	0
1311	36	0
1643	285	0
2270	61	0
692	116	0
1276	114	0
926	94	0
816	106	0
1815	47	0
1815	220	0
2236	140	0
679	243	0
1761	127	0
903	118	0
373	86	0
295	91	0
840	41	0
274	6	1
595	158	0
1602	175	0
1597	298	0
145	19	1
1959	174	0
1410	294	0
1689	74	0
2231	146	0
79	21	0
801	207	0
32	138	1
849	225	0
1855	292	0
103	218	1
779	92	0
595	66	0
380	56	0
1869	213	0
344	17	0
755	176	0
283	213	0
1412	238	0
1212	151	0
1912	219	0
1403	218	1
347	185	0
884	24	0
190	6	1
60	286	0
1163	89	0
1619	250	0
903	247	0
874	72	0
549	202	0
790	84	0
2081	15	0
1002	250	0
1558	264	0
1338	94	1
2263	279	1
2006	110	0
1811	200	0
71	50	1
2239	14	0
1	79	0
1505	44	0
1159	88	1
2135	202	0
2004	133	0
1516	138	1
987	123	0
1883	151	0
1266	83	0
250	296	0
207	267	0
227	224	0
1012	138	1
1293	136	0
780	274	0
1766	193	0
1201	211	0
207	140	0
996	28	0
2228	21	0
1863	179	0
506	66	0
1268	66	0
1720	261	0
1235	182	0
2273	117	0
1767	120	0
828	208	0
1503	138	1
1040	77	1
1676	139	0
354	136	0
335	214	0
1142	37	0
951	92	0
2215	80	0
1807	21	0
1693	156	1
916	94	0
2270	74	0
2255	140	0
1982	142	1
1516	149	0
491	282	0
2021	226	1
675	158	0
927	217	0
1013	106	0
494	48	1
40	185	0
215	6	1
1152	153	0
1425	26	1
1814	5	0
498	50	1
1681	125	0
316	11	0
1031	60	0
1719	262	0
1133	20	0
289	299	0
642	61	0
1883	211	1
2249	5	0
533	261	0
2230	133	0
1378	221	0
485	38	0
1198	88	0
2085	165	1
974	274	0
1918	274	0
331	127	0
318	265	0
1209	72	0
308	288	1
1732	195	0
387	226	0
1051	77	1
262	68	0
1924	4	0
424	239	0
265	298	0
673	15	0
984	123	0
1417	185	0
155	152	0
2169	202	0
1615	114	0
886	214	1
2039	253	0
759	203	0
180	6	1
647	272	0
2030	72	0
547	91	0
1965	110	0
1242	256	0
2051	108	0
2135	122	0
1385	179	0
476	208	0
1145	228	0
1511	255	0
505	275	0
1322	94	1
387	188	0
332	221	0
159	128	0
517	231	0
1214	231	0
211	172	0
128	286	0
80	244	1
1217	91	1
422	34	1
1250	241	0
427	32	1
1765	32	0
2298	47	0
1342	254	0
836	266	0
701	222	0
1609	243	0
621	142	1
222	76	0
526	280	0
492	286	0
68	231	0
650	147	0
1854	210	0
1723	76	0
2053	263	0
1366	196	0
1933	286	0
2066	10	0
1879	63	0
2185	92	0
115	182	0
1806	214	0
1541	181	0
562	34	1
114	43	0
960	116	0
1791	109	0
587	49	0
1901	233	0
337	266	0
282	6	1
241	59	0
1727	174	1
1177	298	0
1339	39	0
2031	52	0
225	130	0
91	38	0
475	14	0
1541	225	0
1556	237	0
1654	66	0
553	155	0
155	131	0
2171	85	0
2157	51	0
1467	151	0
1538	200	0
2039	159	0
693	10	0
1062	161	0
1656	96	0
110	165	1
339	68	0
703	259	0
439	40	1
1623	53	0
591	123	0
1896	218	1
0	77	0
1436	2	0
253	71	0
630	34	1
553	211	0
1059	77	1
1179	200	0
699	206	0
1646	58	1
2061	12	0
431	86	0
2054	288	0
2151	171	0
1689	21	0
969	65	1
226	6	1
1976	259	0
1091	255	0
21	132	1
1527	127	0
1111	176	0
1150	220	0
1045	218	0
1868	241	0
792	57	0
2235	194	0
675	133	0
663	243	0
1745	30	0
1708	27	0
2292	205	0
1131	84	0
181	166	0
1361	210	0
929	240	0
2244	115	0
584	135	0
87	19	0
379	120	0
2147	179	0
294	2	0
1990	249	0
473	200	0
546	104	0
1701	42	0
371	284	0
93	277	0
1769	217	1
2010	200	0
1618	130	0
1847	203	0
33	142	1
1536	24	0
990	61	0
268	89	0
1683	139	1
1180	295	0
1381	140	0
26	133	0
973	278	0
1935	89	0
1701	3	0
59	281	0
597	142	1
1931	29	0
1819	226	0
647	184	0
218	109	0
2252	180	0
215	87	0
146	143	0
175	6	1
787	62	0
1421	26	1
2001	206	0
993	181	0
1977	138	0
735	286	0
1049	184	0
276	181	0
835	22	0
1732	241	0
1201	105	0
650	132	0
2049	271	0
2114	80	0
2042	242	0
2285	132	0
764	44	0
1805	117	0
869	163	0
1460	30	0
176	138	1
2307	252	0
1414	42	0
1907	218	1
704	276	0
1890	41	0
315	294	0
1768	262	0
1320	244	0
757	48	1
792	126	0
35	140	0
2041	152	0
443	296	0
651	243	0
565	107	0
352	73	0
1268	173	0
1474	116	1
576	139	0
1335	280	0
81	0	0
576	193	0
1570	254	0
1300	58	0
2308	98	0
1738	129	0
1645	257	0
1041	139	0
1143	224	0
1567	34	1
1913	200	0
1200	213	0
1143	240	0
399	65	0
978	100	0
702	241	0
1861	282	0
309	221	0
165	67	0
1467	191	0
1857	264	0
1676	127	0
1752	116	0
589	117	0
1946	29	0
1581	143	0
2214	49	0
728	54	0
789	106	0
1996	182	0
866	65	0
392	75	0
298	236	0
2192	260	0
1912	218	1
468	34	1
1010	76	1
472	113	0
2319	47	0
1439	44	0
635	216	0
2032	104	0
806	50	1
786	34	0
1824	238	0
676	178	0
1102	263	0
1302	160	0
866	237	0
164	245	0
2030	18	0
599	84	0
177	5	0
382	25	1
305	6	1
1910	42	0
2058	57	0
1596	124	0
931	191	0
2183	245	1
952	218	0
2228	287	0
1934	136	0
1110	129	0
216	74	0
530	242	0
203	6	1
1008	43	0
1936	78	0
20	286	1
200	140	0
1349	124	0
2098	143	0
1666	111	0
2269	151	0
797	218	1
1020	141	0
1220	291	1
54	290	0
1396	127	0
83	218	1
1041	49	0
1819	146	1
1984	80	0
245	129	0
281	6	1
1316	147	0
1189	156	0
1767	62	0
385	190	0
1098	77	1
2027	208	0
801	49	1
2090	39	0
529	293	0
783	29	0
1075	233	0
1059	170	0
2254	3	0
1826	164	0
601	171	0
505	149	0
476	50	1
56	62	0
1690	139	1
43	161	0
1366	113	0
644	249	0
1259	43	0
1265	41	0
2303	272	0
260	6	1
723	263	0
1976	191	0
1126	5	0
2178	197	0
1942	220	1
151	247	0
103	173	1
2211	37	0
2143	177	0
1743	282	0
1929	220	1
1306	194	0
526	71	0
2284	254	0
980	20	0
14	284	0
499	213	0
1551	247	0
661	244	0
588	34	1
928	227	1
2089	220	0
988	167	0
1167	249	0
1190	140	0
1387	202	0
1184	256	0
378	159	0
413	64	0
1941	269	0
2115	267	0
593	213	0
217	171	0
1716	198	0
1115	275	0
686	230	0
234	277	0
1260	8	0
1438	30	0
554	68	0
1672	168	0
819	215	0
372	233	0
2245	273	1
828	276	0
372	279	0
1936	38	0
827	50	1
2025	34	0
1863	45	0
487	186	0
888	7	0
694	50	0
1063	251	0
60	257	0
1467	0	0
867	123	0
558	71	0
1619	298	0
2270	70	0
246	73	0
963	249	0
453	249	0
1003	187	0
1459	18	0
2007	106	0
1118	226	0
67	191	0
612	28	0
804	132	1
1065	77	1
1996	88	0
1111	82	0
1237	22	0
1514	32	0
1709	218	1
746	48	1
21	288	1
587	34	1
832	50	1
2028	68	0
1819	293	0
1162	100	0
972	21	0
1028	52	0
817	11	0
795	261	0
295	276	0
1010	227	0
683	38	0
247	40	0
1847	295	0
1144	247	0
311	88	0
1779	209	0
895	104	0
802	121	0
1085	77	1
177	91	0
500	100	0
1204	232	0
1949	291	0
1159	260	0
460	30	0
1869	34	0
1174	14	0
1953	114	0
120	0	0
1485	113	0
814	194	0
773	299	1
140	233	0
1487	238	0
2309	298	0
665	5	0
1542	233	0
574	111	0
118	120	0
48	282	0
2210	122	0
980	112	0
2215	146	0
1525	218	1
2237	178	0
2087	118	0
1377	19	0
109	280	0
59	226	1
1015	299	0
1057	254	1
214	84	0
596	34	1
1204	288	1
1822	172	0
1748	257	0
2178	77	0
366	20	1
158	233	0
52	138	0
1791	86	1
86	60	0
1517	12	0
1141	36	0
307	60	0
854	222	0
1916	76	0
268	115	0
1275	6	0
2139	155	0
157	194	1
1960	11	0
1458	154	0
496	43	0
677	86	0
83	175	1
466	121	0
643	174	1
1339	19	0
1419	97	0
1445	23	0
82	96	0
32	165	1
515	94	0
30	297	1
95	82	0
994	278	0
513	34	1
2224	215	0
329	103	0
579	34	1
454	13	0
1590	113	0
1827	77	0
2020	39	0
2273	295	0
1681	180	0
1909	19	0
2196	148	0
1349	0	0
18	4	1
1266	7	0
291	195	0
1522	30	0
431	256	0
1220	91	1
2104	210	0
375	157	0
2154	181	0
1803	15	0
1233	54	0
1523	282	0
2229	159	0
885	176	0
2047	182	0
1899	88	0
1744	156	0
2326	233	0
847	94	1
1263	42	0
841	240	0
976	278	0
967	245	0
1163	262	0
487	35	0
1504	291	0
562	134	0
634	9	0
1978	142	1
924	144	0
2291	91	0
1133	80	0
1066	245	0
1887	295	0
1201	214	0
852	111	0
554	201	0
2241	19	0
2015	169	0
241	2	0
263	202	0
104	138	1
1733	174	1
1226	91	1
346	90	0
1645	207	0
2169	244	1
1259	100	0
1449	290	0
791	109	1
166	218	1
1198	77	0
770	40	0
472	100	0
1900	217	0
1502	107	0
1538	116	0
837	181	0
1563	210	0
1481	252	0
1281	7	0
1513	190	0
700	32	0
606	217	0
830	85	0
1177	103	0
295	26	0
836	158	0
898	183	0
221	80	0
5	237	0
1359	129	0
581	160	0
1131	269	0
1597	47	0
1808	274	0
533	92	0
904	295	0
1399	283	0
464	244	1
1245	93	1
2187	260	0
800	234	0
1373	201	0
701	34	1
5	95	0
505	47	0
825	50	1
1888	228	0
2268	153	0
228	209	0
1040	210	0
1100	49	0
756	146	0
296	139	0
2062	228	1
960	207	0
458	10	0
1451	143	0
235	6	1
871	76	1
1517	134	0
1467	176	1
1010	118	0
1124	102	0
1163	116	1
1459	162	0
788	92	0
1839	14	0
1814	109	0
1379	17	0
167	222	0
2123	16	0
591	168	0
2198	28	0
1084	264	0
317	73	0
105	76	0
1266	199	0
64	234	0
473	2	0
1976	80	0
149	255	0
1197	199	0
123	141	0
1409	91	0
1358	193	0
871	2	0
1618	169	0
1444	16	0
1879	13	0
2150	244	1
2192	12	0
386	135	1
2084	201	0
1192	88	0
556	34	1
1032	283	0
2078	263	0
1073	298	0
670	53	0
1574	252	0
216	6	1
123	33	0
435	237	0
429	64	0
2186	182	0
868	299	0
2128	183	0
459	289	0
859	142	1
1314	142	0
92	18	0
675	166	0
1356	30	0
1804	117	0
1332	255	0
2051	227	1
1965	232	0
1532	292	0
104	255	0
1829	36	0
2082	264	0
1677	296	0
1355	233	0
1693	249	1
613	7	0
104	3	0
182	20	0
1587	127	0
365	19	1
1388	287	0
1335	171	0
725	296	1
1639	75	0
2150	132	0
1552	160	0
2160	254	0
65	122	0
429	154	0
1880	248	0
1596	70	0
672	79	0
1448	128	0
847	43	0
1243	108	0
975	47	0
1196	139	0
1821	253	0
1999	295	0
1137	35	0
1267	2	0
542	48	1
1114	202	0
1974	208	0
1983	122	0
1667	32	0
807	98	0
1810	228	0
1541	165	0
380	296	0
537	32	0
22	48	0
35	270	0
916	96	0
2006	260	0
1326	257	0
1748	56	0
1239	288	1
2173	244	1
2084	135	0
1384	19	0
408	209	0
166	34	1
398	219	0
735	114	0
2241	260	0
569	29	0
2162	219	0
520	110	0
1616	149	1
1288	129	0
758	282	0
1090	274	0
1563	153	0
1148	197	0
1737	246	0
332	6	1
174	95	0
450	265	0
1395	272	0
1318	19	0
1673	41	0
246	187	0
2044	121	0
1857	271	0
822	216	0
708	34	1
2307	0	0
1533	242	0
1002	53	0
830	229	0
1925	75	0
542	280	0
2119	243	0
1521	33	0
2146	52	0
260	259	0
942	226	0
1769	131	0
1346	204	0
1311	62	0
1961	89	0
1530	138	1
1680	140	0
2292	106	0
421	193	0
851	110	0
423	207	1
1275	105	1
1766	54	0
1952	88	0
877	50	1
900	194	0
2297	109	0
2242	196	0
734	157	0
1330	134	0
103	267	1
425	45	0
572	130	0
256	48	0
2307	255	0
292	143	0
270	245	0
1409	62	0
760	240	0
2049	227	1
1859	291	0
260	206	0
2209	78	0
1147	31	0
1721	59	0
1860	211	1
1151	219	0
994	52	0
825	146	0
134	22	0
408	29	0
1432	51	0
1769	171	0
368	121	1
227	207	0
996	260	0
1863	41	0
220	6	1
709	67	0
911	72	0
1807	294	0
800	33	0
1242	58	0
219	251	0
1275	104	0
837	9	0
1662	256	0
611	275	0
546	52	0
812	10	0
1632	190	0
2110	114	0
2165	180	0
1972	278	0
1624	100	0
1020	180	0
749	271	0
2070	61	0
1050	24	0
1918	70	0
78	55	1
1145	0	0
1533	29	0
255	62	0
388	191	0
1596	95	0
1636	116	1
1237	227	0
905	63	0
284	255	0
2048	241	0
991	280	1
495	70	0
589	5	0
694	133	0
13	94	0
610	105	1
276	184	0
1374	26	1
639	29	0
668	120	0
846	62	0
293	174	0
663	240	0
1070	0	0
2248	3	0
2222	4	0
112	158	0
409	250	0
1310	66	0
911	137	0
1049	159	0
1624	219	0
856	240	0
1628	143	0
1813	174	0
2255	240	0
2282	81	0
2017	114	0
129	240	0
1291	91	0
1509	161	0
920	126	0
589	34	1
400	84	0
2313	282	0
278	33	0
2086	12	0
1133	85	0
552	251	0
446	77	0
1647	239	0
189	293	0
403	48	1
55	5	1
1841	91	0
770	42	0
1373	295	0
494	7	0
423	136	0
1939	298	0
1308	36	0
653	268	0
420	140	0
103	128	1
1161	71	0
1157	84	0
36	209	0
121	174	1
277	179	0
1323	251	0
2172	37	0
769	172	0
1236	278	0
2255	202	0
1331	272	0
709	50	1
1374	134	0
175	57	0
1024	77	1
1014	286	0
321	171	0
865	73	0
2084	200	0
1378	244	1
1959	223	1
97	7	1
2115	54	0
1383	270	0
82	7	1
1230	91	1
1063	198	0
268	120	0
1421	73	0
1376	171	0
776	90	0
920	39	0
623	101	0
1953	132	1
289	204	0
3	3	1
2156	224	0
790	193	0
1057	277	0
1334	171	0
1110	77	1
1587	145	1
1748	103	0
422	209	0
1877	30	0
2022	220	0
658	22	0
1100	96	0
1107	79	0
694	70	0
640	227	1
503	181	0
2063	189	0
590	270	0
53	92	0
1882	185	0
1524	57	0
869	85	0
1626	228	0
814	101	0
234	210	0
1451	40	0
422	261	0
110	244	1
2029	38	0
2107	26	0
107	208	0
891	85	0
2223	126	0
235	78	0
150	153	0
1540	232	0
299	6	1
1023	206	0
874	122	0
1838	211	1
1396	26	1
2020	50	0
1514	138	1
1458	117	0
2311	5	0
297	178	0
1836	211	1
1912	209	0
639	282	0
825	249	0
626	198	0
1548	244	0
92	7	1
1739	226	1
1395	40	0
2271	228	0
699	34	1
2297	210	0
998	20	0
1441	51	0
2029	165	0
1048	37	0
2128	50	0
343	13	1
2095	198	0
63	50	1
56	247	0
17	275	0
2328	298	1
1855	57	0
932	55	1
1431	187	0
635	175	0
683	214	0
2324	56	0
1000	230	0
2260	299	0
333	126	0
2262	79	0
2014	63	0
1390	153	0
2164	199	0
2229	83	0
378	219	0
1510	207	0
915	162	0
886	205	0
1812	83	0
73	50	1
585	162	1
1601	104	0
1092	133	0
18	5	1
708	117	0
1059	109	0
2236	182	0
910	191	0
1708	70	0
1688	250	0
1000	119	0
2323	229	0
582	72	1
1375	67	0
1756	255	0
587	259	0
32	21	1
1562	108	0
1581	208	0
421	260	0
2249	269	0
347	6	1
615	287	0
1212	184	0
1280	289	0
834	97	0
2324	229	0
1908	52	0
2089	169	0
751	48	1
441	170	0
1935	272	0
234	219	0
642	251	0
789	17	0
56	19	1
2295	280	0
520	216	0
102	208	0
541	50	1
824	279	0
79	7	1
1411	26	1
1021	272	0
1049	24	0
1228	13	0
179	165	1
1439	89	0
2123	240	1
2189	14	0
665	246	0
1395	182	0
310	72	0
475	155	0
549	128	0
490	24	0
2	36	0
1004	73	1
1558	214	0
463	167	0
656	34	1
947	294	0
1605	28	0
211	144	0
1153	88	1
1676	122	0
172	242	0
1610	264	0
398	138	1
2178	78	0
998	94	0
1658	51	1
741	184	0
1227	288	1
2184	14	0
1800	194	1
621	20	0
617	140	0
776	64	1
99	233	0
50	7	1
533	186	0
405	73	0
641	287	0
105	279	0
507	96	0
977	100	0
1392	172	0
1184	139	0
926	19	0
179	89	0
1420	197	0
1609	279	0
830	50	1
1759	288	1
465	239	0
224	114	0
1949	102	0
1004	2	0
1020	7	0
1854	135	0
1137	50	0
649	126	0
1518	138	1
2046	69	0
370	170	0
2048	186	0
1339	153	0
1515	197	0
1323	7	0
1770	86	1
779	76	0
872	292	0
1742	57	0
1196	12	0
394	251	0
2155	199	0
1537	293	0
484	19	0
1166	110	0
1330	94	1
947	237	0
2146	16	0
135	177	0
452	61	0
421	9	0
293	84	0
482	199	0
2029	30	0
567	184	0
2283	192	0
2253	110	0
158	82	0
807	231	0
1077	111	0
2215	265	1
416	255	0
907	73	0
305	61	0
75	271	0
1658	227	0
1300	111	1
1430	182	0
2194	55	0
1845	25	0
476	249	0
2094	165	1
928	9	0
447	233	0
755	290	0
1254	189	0
2310	298	0
869	47	0
960	64	1
96	272	0
1942	215	0
1439	133	0
670	34	1
201	133	0
1277	107	1
937	242	0
150	125	0
3	170	0
745	48	1
799	104	0
1033	250	1
617	138	1
83	48	1
1755	55	0
20	170	0
679	50	1
226	58	0
1438	133	0
1504	276	0
908	248	0
968	293	0
517	281	0
1051	105	0
1588	242	0
2318	229	0
358	271	0
2283	282	0
1807	1	0
1515	299	0
1510	153	0
2090	81	0
86	125	0
1116	269	0
1246	97	0
1927	145	0
1600	231	0
786	20	0
890	46	0
1137	109	0
1435	270	0
607	34	1
1188	137	0
372	77	0
327	126	0
1478	90	0
345	204	0
2234	261	0
1652	156	1
1729	125	0
725	234	0
301	119	0
1466	3	0
2192	143	0
2033	7	0
1306	148	0
58	86	1
529	205	0
653	118	0
2304	149	0
1897	180	0
798	131	0
849	45	0
1403	57	0
1064	4	0
1872	213	0
363	183	0
1197	154	0
1550	138	1
1659	57	0
1565	20	0
1091	135	0
1400	25	0
1071	87	0
1913	263	0
614	235	0
939	269	0
140	112	0
748	260	0
1213	120	0
1390	27	0
415	189	0
108	24	0
543	88	0
1429	23	0
1898	235	0
713	89	0
443	163	0
369	159	0
1034	137	0
989	273	0
731	291	0
1989	71	0
886	11	0
2050	87	0
1957	144	0
2019	215	0
845	293	0
1347	94	1
1686	167	0
1272	210	0
430	225	0
657	98	0
1547	64	0
1022	158	0
1976	268	0
875	79	0
242	24	0
694	63	0
1804	290	0
23	129	0
1999	86	0
1994	167	0
577	250	0
98	112	0
1014	48	0
2026	207	0
2217	122	0
802	50	1
2184	212	0
1746	39	0
2121	84	0
443	253	0
287	280	0
2311	288	1
735	138	0
696	196	0
1012	31	0
2141	163	0
472	54	0
521	52	0
494	52	0
732	50	1
1002	293	0
1711	174	1
1975	111	0
324	158	0
1221	169	0
254	173	0
1113	172	0
251	204	0
1063	46	0
1324	26	0
98	281	0
2069	128	0
2255	292	0
138	19	1
1313	118	1
1851	225	0
223	6	1
870	276	0
241	271	0
1026	174	1
398	16	0
537	2	0
1804	113	0
1930	182	0
1230	163	0
1338	5	0
1561	75	0
635	37	0
800	218	1
97	273	0
367	96	0
836	111	0
593	175	0
1765	298	0
2066	165	1
625	184	0
1568	85	0
800	77	0
299	80	0
1680	127	0
1916	182	0
1312	155	0
638	158	0
2189	167	0
1284	127	0
2114	105	0
42	5	1
2095	205	0
1644	267	0
541	139	0
113	266	0
173	16	0
684	50	1
1597	90	0
791	230	0
2113	23	0
706	188	0
1873	81	0
1170	116	0
189	274	0
1420	26	1
848	163	0
1493	43	0
1058	277	0
461	111	0
579	218	1
8	154	0
1238	91	1
750	282	0
2089	57	0
2126	149	0
1625	89	0
409	210	0
703	50	1
88	74	0
1317	28	0
2001	239	0
2007	19	0
51	267	0
1286	110	1
455	77	1
1968	67	0
845	218	1
1183	2	0
1689	139	1
1015	148	0
786	74	0
1027	104	0
520	34	1
707	47	0
1767	121	0
1646	114	0
348	275	0
1011	211	0
20	241	0
733	288	1
234	6	1
1508	138	1
2063	119	0
912	116	1
37	280	0
462	58	0
1298	229	0
2319	77	0
2236	260	0
59	173	0
1957	284	0
1261	132	0
2062	163	0
526	14	0
1023	75	1
2172	159	0
1089	126	0
2005	225	1
4	288	0
964	53	0
502	121	0
32	74	0
1633	190	0
722	46	0
1276	292	0
854	118	0
1905	188	0
199	297	0
2281	295	0
2265	162	0
835	243	0
1120	200	0
1349	94	1
1834	88	0
865	173	0
831	2	0
2021	299	0
1942	103	0
852	14	0
1436	276	0
1818	62	0
350	47	0
1684	145	0
1175	90	1
2326	21	0
157	225	0
251	126	0
1152	162	0
1036	176	0
1938	198	0
1096	94	0
1167	24	0
1728	174	1
1443	146	0
11	178	1
1418	203	0
1034	119	0
2225	177	0
1380	18	0
610	34	1
1439	67	0
505	39	0
1572	143	0
384	277	0
1972	200	0
20	142	0
1665	74	0
1543	142	0
1994	182	0
210	6	1
915	72	0
593	197	0
165	273	0
757	170	0
1259	99	1
1966	122	0
1284	289	0
1045	101	0
1892	215	0
1117	168	0
261	125	0
621	297	0
702	48	1
166	26	1
2279	60	0
546	170	0
1736	218	0
1866	256	0
50	288	1
687	107	0
2083	237	0
1477	239	0
12	276	0
1756	19	0
1782	236	0
804	299	0
1686	40	0
1304	87	0
371	151	0
1002	162	0
1001	17	0
598	122	0
780	273	0
928	286	0
2079	137	0
1685	178	0
913	201	0
1184	122	0
1328	137	0
1734	86	0
170	91	1
784	290	0
1085	103	0
1847	18	0
712	272	0
2084	28	0
1091	77	1
1715	256	0
1256	294	0
909	119	0
639	227	1
224	157	0
1405	276	0
1503	89	0
1766	249	0
353	107	0
1791	118	0
939	4	0
59	128	1
1553	190	0
798	125	0
824	115	0
253	45	0
1929	246	0
1906	218	1
414	32	1
143	283	0
351	21	0
793	94	0
1461	264	0
1961	85	0
1954	224	0
1188	105	0
2022	204	0
1913	140	0
2241	223	0
2006	122	0
396	21	0
214	50	0
4	123	0
545	27	0
142	6	1
1150	141	0
1556	296	0
1985	76	0
1312	99	0
805	8	0
1132	280	0
947	194	0
1606	14	0
242	241	0
456	1	0
1161	202	0
581	184	0
1743	64	0
2144	148	0
1181	245	0
2275	25	0
364	221	0
1220	98	0
561	244	0
957	175	0
785	12	0
1694	59	0
708	88	0
1383	33	0
679	106	0
1805	11	0
527	12	0
653	286	0
640	10	0
2007	226	1
2287	253	0
1919	208	0
1419	76	0
1676	61	0
1925	84	0
546	107	0
506	161	0
265	172	0
1591	32	0
446	286	0
497	34	1
762	185	0
1363	33	0
997	179	0
114	127	0
2212	292	0
2014	220	0
927	191	0
71	248	0
655	204	0
1489	84	0
2075	22	0
690	77	0
7	139	0
1411	215	0
141	133	0
786	73	0
535	48	1
1782	86	1
970	65	1
662	276	0
14	66	1
1369	229	0
534	252	0
906	283	0
903	38	0
914	179	0
552	272	0
1555	267	0
629	35	0
1510	245	0
1162	261	0
972	10	0
1021	231	0
1375	212	0
722	44	1
1953	266	0
2050	232	0
1634	286	0
495	229	0
1178	185	0
25	270	0
2072	165	1
1499	137	0
601	219	0
1791	114	0
1132	248	0
316	187	0
2231	57	0
359	244	0
632	164	0
1267	195	0
1248	260	0
328	276	0
1430	262	0
141	167	0
86	244	1
1759	246	0
2094	30	0
1973	161	0
469	153	0
2170	297	0
352	236	0
645	45	1
942	56	0
1513	53	0
482	71	0
1826	299	0
1404	209	0
343	9	0
514	215	0
1270	195	0
195	253	0
746	22	0
2275	85	0
1126	275	0
171	283	0
512	224	0
404	141	0
2117	255	0
1364	149	0
981	97	0
528	218	0
700	50	1
294	104	0
2059	157	0
1655	156	1
426	189	0
2321	295	1
455	40	0
1948	35	0
1940	250	0
1908	252	0
1952	2	0
1883	241	0
1676	169	1
76	71	0
1038	180	0
718	42	0
1204	201	0
1928	247	0
2189	123	0
581	101	0
713	272	0
1817	252	0
961	167	0
1739	152	0
1294	97	0
1488	183	0
1340	32	0
2073	240	0
911	53	1
1703	177	0
642	223	0
1024	174	1
483	279	0
397	76	1
838	274	0
1840	101	0
685	50	1
1264	144	0
103	39	1
421	133	0
53	21	0
2316	263	0
981	175	0
893	187	0
61	97	0
47	86	1
941	257	0
1422	161	0
2121	80	0
779	279	0
643	46	0
1035	30	0
121	234	0
533	97	0
47	190	0
129	149	0
1576	64	0
895	269	0
959	162	0
840	115	0
1359	62	0
32	218	1
1508	126	0
2287	79	0
1224	62	0
786	190	0
392	30	0
623	11	0
1144	259	0
598	142	1
389	282	0
132	146	0
1950	265	0
861	76	1
414	265	0
1700	181	0
506	294	0
2087	174	0
2054	33	0
1263	264	0
131	211	1
1487	13	0
294	253	0
293	129	0
2041	19	0
909	85	0
88	50	1
581	62	0
2011	166	0
1418	291	0
1613	3	0
2182	264	0
1660	158	1
1537	138	1
431	129	0
1741	61	0
412	222	0
1537	7	0
974	160	0
429	109	0
276	55	0
188	109	0
1980	296	0
54	279	0
310	39	0
854	167	0
352	168	0
1766	186	1
729	265	0
30	105	0
1619	18	0
615	175	0
621	278	0
1010	249	0
906	274	0
135	19	1
1722	84	0
848	255	0
1054	43	0
44	134	0
2301	2	0
1459	130	0
725	208	0
1985	142	1
1715	96	0
1007	218	1
167	108	0
2079	178	0
59	9	1
722	35	0
2305	155	0
2159	129	0
2145	262	0
119	101	0
2247	190	0
360	223	0
465	174	1
2258	279	0
127	91	1
244	197	0
49	275	0
230	190	0
2180	9	0
2277	33	0
2191	52	0
135	243	1
371	98	0
1497	46	0
655	69	0
847	129	0
770	107	0
1387	119	0
986	220	0
704	50	1
1784	86	1
432	219	0
1617	202	0
953	120	0
165	6	1
608	169	0
995	92	0
1027	120	0
785	60	0
1256	96	0
2240	38	0
103	50	1
1126	183	0
1938	123	0
1696	62	0
1789	128	0
734	45	1
928	53	1
1974	142	1
847	197	0
120	126	0
1585	96	0
20	132	1
824	50	1
402	101	0
394	123	0
1090	99	0
1342	94	1
1264	48	0
472	255	0
1409	206	0
381	25	1
2053	116	0
1907	86	0
199	103	0
2063	6	0
2154	4	0
279	97	0
1877	207	0
89	41	0
1259	121	0
966	97	0
928	106	0
176	86	0
1645	80	0
1869	78	0
2118	104	0
1319	277	0
1048	178	0
1727	18	0
1075	168	0
25	291	0
914	75	0
1710	284	0
1324	273	0
440	261	0
1364	11	0
45	59	0
912	53	1
1200	1	0
609	10	0
1027	261	0
2221	189	0
1036	280	0
1812	198	1
1092	120	0
1437	10	0
1002	94	0
2134	208	0
65	244	1
1554	251	0
1716	255	0
520	125	0
2071	262	0
1969	78	0
2110	56	0
935	181	0
1868	177	0
1166	142	0
1900	73	0
960	206	0
1976	220	0
2103	111	0
311	113	0
855	18	0
946	90	0
546	264	0
2052	156	0
1964	49	0
1418	110	0
1027	239	0
1817	199	1
2219	176	0
8	134	0
263	249	0
610	95	0
366	125	0
1494	53	0
2265	19	0
2055	107	0
425	203	0
1732	267	0
326	92	0
2052	174	0
1603	101	0
16	5	1
1203	91	1
2155	215	0
1163	83	0
854	131	0
1699	173	1
2305	252	0
860	85	0
83	173	0
1878	251	0
2300	117	0
768	44	0
644	55	0
2034	94	0
482	72	0
51	157	0
763	51	0
199	171	0
503	147	0
2164	172	0
1830	194	0
824	131	0
1416	277	0
1075	64	0
543	299	0
793	285	0
1733	275	0
2125	272	0
1190	142	0
581	34	1
1116	116	0
732	66	0
938	95	0
1898	218	1
163	208	0
1332	242	0
2143	147	0
1814	63	0
110	50	1
1341	189	0
20	91	1
2004	36	0
624	215	0
420	268	0
1428	193	0
1486	171	0
1018	186	0
2328	6	0
2127	102	0
453	221	0
1421	161	0
1616	242	0
837	102	0
2042	229	0
1423	184	0
43	100	0
66	138	1
777	49	0
1580	260	0
1535	48	0
1407	231	0
1848	24	0
742	48	1
518	34	1
1427	0	0
1805	268	0
626	298	0
562	105	1
1215	123	0
2054	227	1
72	67	0
1638	268	0
2282	44	1
66	7	1
707	34	1
2059	227	1
461	226	0
1294	262	0
1414	26	1
894	49	0
70	220	0
1908	83	0
867	142	1
1556	125	0
2139	244	1
2098	247	0
1618	19	0
603	231	0
1577	102	0
757	227	0
1354	20	0
1733	75	0
1686	68	0
479	150	0
1652	204	0
1102	129	0
219	33	0
415	252	0
1730	37	0
258	225	0
164	50	0
318	6	1
305	131	0
32	126	0
849	218	1
500	182	0
2164	51	0
1178	14	0
676	226	1
691	219	0
594	121	0
409	230	0
2147	75	0
1310	227	0
132	93	0
557	232	0
1059	264	0
613	198	0
313	280	0
475	103	0
838	50	1
1078	203	0
1418	127	0
1543	257	0
1007	80	0
2097	274	0
832	265	0
2103	260	1
2298	3	0
134	144	0
1333	124	0
1376	26	1
2270	172	0
1484	135	1
271	96	0
948	162	0
1387	251	0
289	4	0
617	154	0
1443	226	0
2156	78	0
477	23	0
2056	176	0
1699	131	0
66	56	0
652	135	0
1168	165	1
1255	174	0
437	284	0
2252	236	0
1354	178	0
2317	271	0
1814	97	0
1207	91	1
1218	78	0
1565	210	0
1937	98	0
598	163	0
369	164	0
2272	89	0
1688	225	0
2221	107	0
1241	91	1
1467	3	0
481	8	0
637	34	1
1149	88	1
2323	9	0
153	207	0
844	161	0
1290	13	0
2255	188	0
1123	187	0
376	260	0
452	211	0
1867	74	0
2285	92	0
1830	48	0
375	284	0
1646	127	0
2034	190	0
1183	126	0
1066	90	0
1056	204	0
836	50	1
1477	223	0
739	237	0
1659	183	0
1242	139	0
1854	81	0
1071	65	0
1827	206	1
862	219	0
1310	260	0
135	41	0
935	102	0
870	285	0
33	91	1
1898	206	0
102	7	1
332	288	1
1556	105	0
1330	152	0
1794	254	0
1044	133	0
720	41	0
353	149	0
510	34	1
1314	299	0
280	77	1
2092	139	0
598	96	0
1358	51	0
605	165	1
70	133	0
1897	155	0
1272	58	0
851	285	1
1072	122	0
1553	138	1
1359	262	0
923	183	0
625	60	0
558	64	0
239	165	1
185	41	0
1933	249	0
519	52	0
1442	216	0
1426	15	0
373	274	0
1574	170	0
474	72	0
1181	91	1
1664	226	0
2210	230	0
630	146	0
464	205	0
209	230	0
1947	127	0
44	129	0
1951	65	0
927	250	0
1526	218	1
988	242	0
2314	254	0
1566	34	1
1917	176	0
39	64	1
549	192	0
9	4	1
2075	165	1
1794	278	0
144	235	0
2268	152	0
405	110	0
2081	85	0
232	75	0
2118	136	0
650	97	0
628	97	0
448	132	1
1162	186	0
597	273	0
2131	287	0
2039	296	0
1238	287	0
441	261	0
812	109	1
1820	116	0
578	30	0
47	181	0
1469	134	1
739	272	0
1686	12	0
1880	237	0
397	127	0
1170	90	1
462	51	0
1546	297	0
2216	27	0
30	240	0
1687	25	0
1688	110	0
766	123	0
1142	293	0
1398	10	0
865	108	0
284	77	1
1344	132	1
827	89	0
49	13	0
781	282	0
2219	287	0
1796	130	0
1695	215	0
1648	168	0
1936	27	0
1647	204	0
1153	36	0
1298	55	0
407	47	0
926	211	0
1590	108	0
504	239	0
1981	252	0
25	108	0
290	248	0
857	267	0
634	111	1
2207	295	0
1944	220	1
2265	101	0
2319	207	0
436	161	0
1491	0	0
2049	41	0
538	163	0
1000	72	1
1491	271	0
1996	236	0
1739	183	0
1075	68	0
2174	251	0
1349	40	0
198	285	0
737	89	0
59	199	0
1847	237	0
180	243	1
167	107	0
1483	286	0
1243	9	0
32	44	1
1916	218	1
913	185	0
2327	134	0
1373	90	0
1144	11	0
367	285	1
330	226	0
828	78	0
1157	273	0
746	5	0
541	48	1
650	164	0
2078	145	0
1310	92	0
280	138	1
1799	294	0
1829	207	1
1427	141	0
901	216	0
589	94	0
1154	87	0
2121	213	0
1781	124	0
1339	272	0
760	293	0
910	58	0
594	208	0
620	188	0
1597	131	0
784	167	0
1450	202	0
875	50	1
727	89	0
1781	171	0
202	179	0
181	34	0
2250	63	0
670	29	0
256	79	0
900	120	0
1508	74	0
66	84	1
1518	4	0
236	6	1
952	294	0
1854	202	0
2167	244	1
1307	111	0
918	280	0
1551	4	0
1469	116	1
1271	241	0
1535	105	0
931	0	0
1452	196	0
1561	256	0
774	203	0
609	263	0
1745	262	0
33	253	1
1626	6	0
2013	7	0
1456	46	0
67	82	0
242	89	0
1551	176	0
2009	226	1
997	69	0
1470	84	0
280	219	0
1582	94	0
1468	38	0
1992	245	0
748	241	0
1349	168	0
585	218	1
520	298	0
843	275	0
1602	118	0
144	19	1
1032	83	0
251	216	0
1379	231	0
1475	260	0
222	13	0
272	6	1
2155	256	0
383	111	0
1383	229	0
817	0	0
1918	253	0
41	198	1
1354	58	0
2219	39	0
1000	149	0
1546	114	0
1489	62	0
1528	138	1
1010	261	0
1629	201	0
689	34	1
1261	152	0
626	179	0
1510	147	0
92	156	0
1955	258	0
945	227	1
371	251	0
228	2	0
1078	139	0
420	170	0
137	19	1
1	23	0
321	94	0
842	139	0
1381	15	0
570	34	1
637	186	0
1586	201	0
1374	206	0
2187	56	0
80	117	0
505	35	0
504	50	1
408	253	0
1285	81	0
2113	282	0
2102	134	0
325	77	1
1016	61	0
1069	133	0
861	110	0
260	61	0
939	285	0
1323	72	0
163	143	0
2076	65	0
2008	125	0
614	84	0
721	44	1
837	188	0
597	34	1
521	198	0
808	286	0
1687	12	0
2186	71	0
987	53	0
411	14	0
858	257	0
1273	198	0
972	248	0
875	16	0
559	146	0
1075	77	1
1187	99	0
157	63	1
11	188	0
831	272	0
875	244	1
1256	286	0
57	28	0
1693	151	0
1267	298	0
2013	131	0
1150	93	0
607	218	1
151	246	0
667	82	0
183	162	0
8	132	1
712	12	0
1570	238	0
41	281	1
112	156	0
2194	297	0
1539	293	0
130	167	0
1908	219	0
1546	257	0
1764	155	0
2289	288	1
2097	33	0
1044	118	0
1722	33	0
2022	133	0
2104	165	1
1720	171	0
2180	244	1
354	260	0
371	219	0
122	218	0
471	289	0
36	150	0
1874	226	1
1721	174	1
138	6	1
1340	87	0
1292	109	1
1538	138	1
2028	197	0
1105	119	0
1812	214	0
1979	159	0
1972	142	1
250	206	0
281	168	0
1100	286	0
1402	163	0
1999	226	0
251	6	1
836	169	0
1526	247	0
537	115	0
966	148	0
1895	234	0
1878	72	0
1169	296	0
2096	34	0
1147	220	0
177	213	0
2032	96	0
983	125	0
202	127	0
1903	140	0
1421	243	0
2243	178	0
284	184	0
86	187	0
393	27	1
901	145	0
500	292	0
1036	77	1
1182	46	0
1202	123	0
677	228	0
1215	264	0
122	205	0
2236	105	0
48	266	1
1807	208	0
1169	8	1
172	7	0
1179	299	0
1777	75	0
574	34	1
2258	149	0
429	207	0
404	237	0
2210	178	0
325	53	1
1525	138	1
2323	10	0
961	64	1
798	64	0
2122	25	0
1486	149	0
1979	84	0
1773	284	0
1498	65	0
2064	298	0
2251	240	0
115	21	0
1834	209	1
625	103	0
2134	35	0
995	183	0
1250	292	0
2037	227	1
2163	217	0
2257	109	0
640	34	1
14	11	0
1345	90	0
125	110	0
1581	14	0
325	105	1
87	104	0
317	168	0
1737	159	0
1664	199	0
1080	146	0
745	264	0
1384	86	0
468	298	0
197	63	0
386	34	1
810	185	1
1707	253	0
2010	17	0
1531	72	0
219	6	1
1040	298	0
817	128	0
784	48	1
1076	77	1
916	2	0
975	0	0
1798	154	0
1358	218	1
912	278	0
104	27	1
409	267	0
1088	110	0
243	62	0
2075	243	0
910	49	0
980	179	0
906	197	0
2027	234	0
646	156	0
1954	92	0
366	1	0
1469	205	0
1071	25	0
254	251	0
521	48	1
245	42	0
521	84	0
1518	220	0
2042	236	0
2160	244	1
1382	26	1
1923	192	0
1295	69	0
109	50	1
262	173	0
2067	80	0
2181	94	0
47	5	1
733	32	0
1640	241	0
770	48	1
1308	115	1
2294	193	0
685	48	1
1428	11	1
1578	71	1
215	114	0
1513	1	0
1571	10	0
834	50	1
1018	26	1
320	159	1
1066	277	0
597	269	0
139	99	0
136	63	1
1079	258	0
2170	103	0
1219	257	0
1225	287	0
94	203	0
420	93	0
995	192	0
460	50	1
2051	214	0
1591	235	0
140	123	1
1046	109	0
1236	164	0
570	53	0
1294	123	0
634	77	1
2235	254	0
2196	248	1
373	141	0
531	45	0
1611	85	0
398	111	0
1479	116	1
337	91	1
1655	96	0
73	217	0
2250	47	0
1094	175	0
403	50	1
1454	82	0
535	299	0
1655	274	1
1463	40	0
1758	151	0
1400	286	0
1698	153	0
1751	152	0
509	178	0
2307	280	0
452	128	0
1164	282	0
1479	134	1
1996	282	0
1283	248	0
344	68	0
353	81	0
1431	261	0
1936	248	0
901	79	0
1889	212	1
1602	217	0
1706	162	0
58	185	1
1170	154	0
459	103	0
604	129	0
574	178	0
167	6	1
1696	152	0
1303	10	0
621	218	1
1266	35	0
2281	44	1
1447	66	0
1898	26	0
398	0	0
788	2	0
1245	269	0
2137	102	0
1731	174	1
32	76	1
515	123	0
1821	161	0
652	72	0
1181	171	0
1875	132	0
32	223	1
529	22	0
204	24	0
686	45	0
139	19	1
357	41	0
1702	5	0
816	61	1
55	112	0
574	11	0
545	271	0
654	126	0
1332	26	0
2072	209	0
1482	149	0
2009	156	0
924	295	0
2110	152	0
1737	219	0
639	156	0
755	213	0
1878	288	0
333	6	1
149	250	0
2036	136	0
638	138	0
2145	154	0
146	122	0
1769	127	0
864	31	0
86	249	0
1666	144	0
1245	165	1
1378	181	0
2309	165	0
1402	122	0
423	48	1
599	112	0
947	266	0
2057	122	0
2261	137	0
1034	149	0
279	218	0
2023	14	0
41	42	1
239	168	0
1315	138	0
1067	64	0
466	77	1
601	34	1
116	139	1
495	180	0
399	28	1
661	173	0
1681	167	0
1897	37	0
1386	172	0
1380	287	0
2095	14	0
1700	180	0
1964	86	0
931	118	0
1467	134	1
908	97	0
1218	251	0
1195	175	0
1513	197	0
467	98	0
515	139	1
58	18	0
499	180	0
754	176	0
1020	250	0
1001	161	0
1159	116	1
1441	130	1
2298	93	0
123	197	0
1618	273	0
130	144	0
609	7	0
1995	142	1
1229	262	0
583	34	1
657	155	0
1935	238	0
1767	212	0
1218	100	0
40	179	0
316	263	0
183	6	1
1763	167	0
1748	131	0
336	215	0
1198	270	0
903	92	0
2260	138	0
1136	267	0
292	6	1
314	177	0
2200	229	0
934	17	0
1245	3	0
1980	99	0
2112	234	1
1007	208	1
1686	220	0
2323	265	0
602	14	0
1203	40	0
137	33	0
519	205	0
705	13	0
884	48	0
72	7	1
158	6	1
879	255	0
1705	202	0
999	79	0
1464	116	0
1046	20	0
1490	135	1
1409	48	0
2208	85	0
16	57	0
646	37	0
1643	181	0
1687	77	0
208	138	0
328	6	1
1806	141	0
970	269	0
58	64	1
1332	195	0
279	219	0
1509	185	0
717	267	0
1088	278	0
80	14	0
2306	229	0
2169	110	0
870	133	0
1468	212	0
1628	233	0
100	50	1
673	34	1
85	30	0
96	32	0
832	12	0
814	59	0
580	117	0
1391	8	0
1302	148	0
1774	103	0
161	280	0
1390	271	0
856	174	1
1448	95	0
2180	30	0
576	185	0
1972	92	0
1466	136	0
656	279	0
1847	211	1
1410	271	0
1570	148	0
658	51	0
1243	269	0
2237	91	0
1239	296	0
200	34	0
129	200	0
716	4	0
503	278	0
1912	296	0
2185	36	0
383	25	1
469	286	0
627	189	0
1629	253	0
985	214	0
1787	38	0
422	217	0
2186	279	0
1711	1	0
323	254	0
714	46	0
1051	131	0
465	11	0
1168	144	0
287	96	0
153	93	0
1870	25	0
981	84	0
1256	213	0
169	297	0
1938	161	0
655	18	0
1699	220	0
708	54	0
1379	26	1
47	138	1
237	15	0
521	290	0
99	154	0
1091	206	0
2129	159	0
1007	110	1
1341	233	0
583	225	0
2100	278	0
875	227	1
962	208	0
271	95	0
1996	99	0
993	105	1
2185	68	0
68	31	0
820	50	1
1404	268	0
510	201	0
1019	4	0
1775	21	0
1026	105	1
2094	193	0
340	232	0
229	6	1
1730	64	0
1375	285	0
70	152	0
1033	9	0
2131	115	0
1917	147	0
1231	57	0
1740	226	1
139	6	1
1255	41	0
137	8	1
911	116	1
480	257	0
2047	112	0
2011	18	0
991	205	0
1754	188	0
15	4	1
277	65	0
622	255	0
2056	294	0
1844	114	0
1236	264	0
2260	172	0
1489	139	0
432	238	0
626	194	0
188	194	0
2159	68	0
424	101	0
1667	121	0
380	80	0
948	221	0
806	281	0
1014	132	0
1117	101	0
551	38	0
1990	166	0
2291	254	0
59	6	0
2181	131	0
1626	254	0
2199	265	0
1136	94	0
1374	288	0
1248	222	0
2210	299	0
1227	249	0
1398	136	0
226	180	0
1524	95	0
515	89	0
1408	114	0
732	275	0
1599	85	0
129	97	0
829	35	0
236	15	0
2255	157	0
921	238	0
1530	24	0
954	72	1
813	169	0
1053	173	0
685	53	0
324	178	0
1837	297	0
1032	165	0
1641	284	0
338	107	0
1821	150	0
71	7	1
299	61	0
1016	86	0
2139	182	0
1757	103	0
1738	174	1
2127	189	0
1420	254	0
1218	62	0
415	32	1
1509	282	0
1639	43	0
1291	236	0
441	92	0
470	281	0
2205	211	0
651	128	0
1381	146	0
98	155	0
219	177	0
1620	266	0
1357	141	0
1159	28	0
1491	103	0
188	276	0
1617	114	1
1364	242	0
1741	174	1
1193	131	0
825	21	0
2005	103	0
1595	3	0
1598	267	1
1430	58	0
1412	164	0
507	129	0
894	298	0
1350	20	0
1857	82	0
1588	202	0
299	152	0
1307	64	0
2005	192	0
1553	192	0
1714	109	0
2147	113	0
1504	23	0
1373	243	0
1587	159	0
1725	132	0
2275	123	0
1074	228	0
1797	72	0
2126	51	0
225	215	0
648	188	0
1264	243	0
1361	20	0
1348	146	0
1595	299	0
1417	204	0
795	107	0
1125	77	1
807	135	0
519	60	0
677	180	0
1951	299	0
24	27	0
45	218	0
1859	297	0
1601	278	0
905	53	1
1319	174	1
1829	225	1
1227	91	1
1974	162	0
1326	285	0
6	137	0
1402	61	0
2272	44	1
59	295	0
1027	151	0
828	52	0
1871	258	0
963	7	0
1640	102	0
2139	57	0
1125	192	0
2111	6	0
105	164	0
850	76	1
562	215	0
74	5	0
1878	210	0
1295	215	0
1987	287	0
1773	81	0
1562	63	0
252	239	0
621	72	1
1863	267	0
844	50	1
14	222	0
2073	101	0
1102	216	0
408	263	0
478	135	0
2118	250	0
1226	57	0
939	156	0
733	197	0
1931	35	0
2011	164	0
1927	80	0
1101	160	0
643	26	1
1688	259	0
1948	18	0
2278	137	0
629	77	1
1118	25	0
1134	170	0
26	80	0
1244	235	0
2183	197	0
780	59	0
509	115	0
2188	100	0
1887	93	0
373	197	0
1858	267	0
529	65	0
1208	111	0
2176	171	0
1175	152	0
30	256	0
844	172	1
908	53	1
502	34	1
743	136	0
1600	163	0
2042	293	0
719	232	0
1316	40	0
947	179	0
1280	26	0
487	111	0
1864	211	1
1686	213	0
1123	218	1
691	213	0
745	286	0
1266	197	0
1533	118	0
261	246	0
2143	164	0
1578	173	0
1834	91	0
619	191	0
961	59	0
1090	21	0
243	22	0
1566	244	1
1075	241	0
2095	67	0
2054	64	0
452	123	0
41	258	0
388	41	0
978	39	0
625	132	1
252	234	0
1188	95	0
1014	75	1
468	218	1
1622	275	0
435	16	0
153	43	0
718	34	1
694	189	0
269	6	1
2018	63	0
818	49	1
34	174	0
994	39	0
623	18	0
1279	93	0
344	117	0
666	152	0
448	93	0
733	195	0
1743	176	0
2086	92	0
769	48	1
560	173	0
2110	253	0
2218	265	1
47	32	1
1943	41	0
1053	149	0
106	7	1
1121	68	0
1119	194	0
924	291	0
879	147	0
424	125	0
1706	40	0
1053	184	0
1186	12	0
1025	98	0
936	182	0
1954	50	0
566	34	1
19	259	0
2311	139	0
2101	18	0
2323	133	0
506	287	0
1949	226	0
50	157	1
1423	26	1
562	146	0
1689	31	0
1754	108	0
1937	105	0
1387	150	0
1088	247	0
1043	214	0
661	36	0
1010	139	0
2083	173	0
1660	178	0
348	158	0
2030	133	0
2118	18	0
2163	244	1
2229	43	0
359	194	0
1756	290	1
485	183	0
1560	40	0
261	73	0
734	213	0
728	246	0
2132	297	0
1992	264	0
141	123	1
313	65	0
566	5	0
2137	25	0
1770	190	0
154	84	0
2061	46	0
716	160	0
1756	49	0
107	146	0
2288	206	0
1404	46	0
1695	289	0
972	295	0
1809	77	0
786	126	0
1141	129	0
419	48	1
1593	145	1
1675	281	0
2325	158	0
980	66	1
875	51	0
1188	37	0
2200	21	0
2278	7	0
948	101	0
887	202	0
1270	127	0
1049	166	0
901	116	1
2227	142	0
803	263	0
1715	46	0
170	288	1
538	292	0
1039	104	0
474	16	0
20	44	1
2322	277	0
1430	88	0
69	7	1
343	69	1
1105	77	1
218	204	0
1820	177	0
488	256	0
464	239	0
2058	208	0
1835	260	0
653	72	0
1474	100	0
451	245	0
821	213	0
647	44	1
965	152	0
2140	213	0
656	120	0
853	164	0
1026	48	0
661	34	1
145	274	0
1918	251	0
1501	0	0
590	290	0
1540	138	1
564	81	0
717	166	0
1336	243	0
794	48	1
1761	5	0
506	102	0
769	299	0
274	195	0
946	61	1
556	208	0
2198	237	0
1397	45	0
647	37	0
454	160	0
427	135	0
448	40	1
2257	118	0
1483	206	1
215	148	0
1228	120	0
86	186	0
627	34	1
2045	227	1
1222	250	0
772	99	0
449	40	1
501	218	0
2273	44	1
521	138	0
450	271	0
115	77	0
1993	146	0
845	90	0
475	35	0
531	190	0
1423	260	0
753	29	0
956	149	0
1794	86	1
2029	252	0
740	273	0
1760	272	0
1007	77	1
840	237	0
1422	149	0
1995	112	0
2122	235	0
2106	138	0
334	256	0
1919	218	1
657	166	0
405	29	1
711	80	0
883	53	1
777	190	0
1682	242	0
2141	120	0
1401	209	0
735	289	0
2152	2	0
1873	220	0
2087	284	0
502	119	1
1156	29	0
1080	252	0
1869	58	0
995	78	0
262	118	0
1737	297	0
96	7	1
944	104	0
1074	204	0
824	258	0
1616	289	0
2153	115	0
121	50	1
454	84	0
402	79	0
1786	110	0
1067	30	0
1799	8	0
705	53	1
1307	171	0
254	99	0
1458	172	0
18	245	0
583	114	0
1734	128	0
2257	222	0
307	96	0
55	183	0
2001	168	0
1965	272	0
1776	232	0
2306	288	1
144	41	0
152	37	0
1408	147	0
2042	204	0
1140	34	0
1480	67	0
1789	127	0
654	34	1
428	250	0
384	276	0
1646	141	0
2116	43	0
2233	270	1
1303	113	1
1955	23	0
1269	202	0
1882	208	0
464	229	0
1339	146	0
1404	242	0
310	296	0
1961	223	1
1337	94	1
1672	143	0
1658	58	0
1893	230	0
1997	33	0
864	76	1
464	141	0
445	226	0
102	17	0
243	209	0
416	137	0
1799	253	0
2153	246	0
1706	34	0
1438	297	0
120	295	0
805	144	0
1719	133	0
642	89	0
713	34	1
714	216	0
1332	202	0
1841	134	0
1809	215	0
1543	139	1
727	222	0
356	136	0
1134	244	0
1710	250	0
518	292	0
201	66	0
1012	193	0
1708	15	0
1511	96	0
983	142	0
30	103	0
2225	65	0
206	157	0
445	180	0
573	136	0
330	115	0
1755	51	0
579	76	0
949	61	1
1279	196	0
247	29	0
551	135	0
754	297	0
2088	193	0
1725	50	0
1834	247	0
619	34	1
1581	121	0
2287	294	0
18	226	0
1151	262	0
1219	116	1
871	290	0
508	288	0
1623	83	0
15	5	1
77	50	1
1627	273	0
746	276	0
99	203	0
716	189	0
2008	91	0
1041	248	0
1548	41	0
817	262	0
418	266	0
1743	298	0
778	88	0
1461	202	0
606	87	0
622	34	1
454	281	0
38	297	0
1994	289	0
1132	144	0
30	33	1
919	170	0
1131	77	1
2116	10	0
707	211	1
2249	110	0
1460	4	0
1097	96	0
2054	56	0
1012	244	1
2007	149	0
1635	71	0
2255	131	0
2127	218	0
601	297	0
1660	286	0
403	201	0
1029	270	0
2042	59	0
505	252	0
591	34	1
1865	81	0
747	224	0
1717	174	1
2022	56	0
1276	62	0
2245	177	0
617	34	1
1246	263	0
2161	133	0
2130	171	0
1885	211	1
67	50	1
991	134	0
1128	77	1
1793	73	0
1332	132	0
2052	274	0
1668	4	0
597	105	1
431	246	0
2123	86	0
223	83	0
1377	152	0
271	6	1
699	144	0
1525	186	0
1862	89	0
634	171	0
16	183	0
1	147	0
2095	143	0
1429	48	0
344	123	0
1279	109	1
402	32	0
804	218	1
1673	170	0
1151	29	0
1809	4	0
1116	275	0
975	232	0
32	43	1
300	154	0
945	61	1
292	55	0
431	93	0
1874	167	0
134	6	1
1000	219	0
2111	165	1
558	134	0
874	50	1
2071	96	0
1351	202	0
1070	77	1
288	135	0
1273	105	1
1958	85	0
2001	111	0
2012	59	0
847	128	0
1787	52	0
1968	55	0
513	146	0
1262	179	0
1231	152	0
1615	148	1
1098	286	0
804	171	0
77	82	0
164	6	1
0	25	0
1877	97	0
1560	178	0
940	211	1
1645	73	0
1361	114	0
1795	283	0
712	34	1
2279	25	0
966	271	0
802	139	1
1316	130	0
1323	191	0
2089	104	0
454	43	1
838	250	0
1687	123	0
1612	153	0
92	89	0
445	104	0
1194	212	0
939	204	0
381	223	0
1300	212	0
295	159	0
353	180	0
492	45	0
1896	181	0
1144	191	0
52	21	0
1371	224	0
18	151	0
45	202	0
1910	272	0
465	153	0
2209	149	0
1342	193	0
73	54	0
2314	88	0
348	6	1
1758	290	1
579	213	0
232	6	1
1878	94	0
1322	113	0
1461	69	0
1510	35	0
973	159	0
1676	163	0
1581	186	0
2255	274	1
551	292	0
1282	230	0
1220	62	0
983	241	0
1660	110	0
1254	160	0
1180	86	0
829	73	0
1510	138	1
564	121	0
2112	126	0
338	243	0
1196	91	1
1704	181	0
743	174	1
991	72	0
2098	260	0
1495	75	0
2195	60	0
1042	257	0
969	279	0
260	102	0
240	130	0
1523	270	0
1056	181	0
1794	214	0
2327	198	0
727	247	0
424	48	1
1490	83	0
304	118	0
232	282	0
945	58	0
960	257	0
218	205	0
204	189	0
925	55	0
460	44	1
90	120	0
1509	136	0
2083	127	0
1629	87	0
438	292	0
522	30	0
67	134	0
1778	112	0
1598	185	0
1957	211	0
732	246	1
671	297	0
1777	167	0
90	244	1
1278	164	0
1054	87	0
2247	59	0
633	55	0
1084	31	0
1037	274	0
1852	24	0
160	165	1
1027	174	1
1158	154	0
1345	62	0
186	6	1
1700	224	0
890	251	0
954	65	0
2036	121	0
869	215	0
900	53	1
1997	135	0
1323	133	0
228	53	0
257	78	0
1528	75	0
1296	17	0
1062	90	0
217	273	0
1694	56	0
31	216	0
1958	48	0
124	189	0
1771	86	1
950	126	0
964	238	0
320	53	1
739	48	1
494	93	0
347	167	0
596	154	0
173	43	0
132	44	0
476	64	0
744	196	0
1265	51	0
1385	108	0
1179	240	0
832	243	0
871	77	1
180	288	1
1152	279	0
363	87	0
750	200	0
627	7	0
476	100	0
362	64	0
2228	273	0
1956	150	0
544	123	0
2164	232	0
2088	98	0
480	48	1
2002	85	0
1203	195	0
1537	120	0
1888	135	0
275	79	0
2165	248	0
1978	19	0
134	241	0
356	73	0
1859	243	0
787	41	0
1403	145	0
1464	225	0
480	250	0
755	212	0
2104	260	0
889	288	1
882	159	0
491	248	0
214	119	0
1486	139	1
134	250	0
2312	75	0
2086	285	0
509	290	0
1442	156	0
1724	281	0
521	224	0
813	174	1
552	161	0
1957	177	0
586	41	0
1144	165	0
283	11	0
215	33	0
212	42	0
476	298	0
661	199	0
1059	274	0
873	279	0
285	194	0
473	34	1
1183	61	0
400	28	1
927	53	1
76	290	0
1312	10	0
1889	150	0
1088	15	0
780	104	0
2006	196	0
643	10	0
2122	252	0
183	67	0
1112	156	0
705	288	0
1139	104	0
2162	201	0
1082	49	0
253	260	0
1372	12	0
1583	104	0
1779	277	0
1002	207	0
94	48	1
45	34	1
1309	25	0
1947	126	0
1533	123	0
163	6	1
1833	110	0
1006	76	1
1549	60	0
40	2	0
2248	167	0
1839	211	1
953	26	1
163	27	0
1668	158	0
852	104	0
364	230	0
1756	133	0
467	142	1
632	137	0
30	48	1
1334	94	1
1136	73	0
677	17	0
644	177	0
2194	0	0
475	96	0
570	60	0
1736	52	0
1789	86	1
525	290	0
258	255	0
1003	203	0
1115	40	0
478	269	0
1922	152	0
1919	274	0
2169	258	0
2058	65	0
1145	187	0
1190	80	0
1304	139	1
1693	45	0
936	156	0
2240	283	0
1055	26	0
1669	179	0
1428	111	0
784	57	0
1786	158	0
2096	216	0
316	225	0
400	79	1
924	123	0
336	293	0
635	34	1
423	61	1
1124	268	0
1523	211	0
1129	27	0
1083	49	1
984	119	0
1617	30	0
1941	207	0
1680	153	0
1633	1	0
933	110	0
537	258	0
2117	73	0
1796	266	0
1000	175	0
1807	195	1
370	215	0
107	195	0
2299	8	0
1723	18	0
1710	291	0
2204	12	0
268	137	0
436	50	1
1576	107	0
1509	184	0
2172	189	0
2154	5	0
201	110	0
1683	192	0
361	104	0
61	248	0
1792	62	0
2229	158	0
929	55	1
552	133	0
456	219	0
371	89	0
252	233	0
712	64	0
1442	59	0
1913	134	0
874	286	0
1159	249	0
2157	244	1
2205	112	0
1438	211	1
186	224	0
951	179	0
2072	49	0
2256	183	0
222	80	0
378	151	0
365	123	1
1573	227	0
1737	121	0
816	50	1
1290	117	0
2094	182	0
1932	295	0
1802	181	0
1718	184	0
776	95	0
1967	233	0
475	48	1
172	136	0
1309	81	0
1135	121	0
1034	121	0
1880	62	0
756	240	0
1678	12	0
344	103	0
1613	148	1
1429	87	0
1547	138	1
972	176	0
68	34	1
1548	28	0
1305	23	0
2182	223	0
2155	156	0
367	84	0
676	203	0
10	294	0
786	237	0
1949	220	1
1385	180	0
520	103	0
579	137	0
2138	180	0
1338	157	0
1168	15	0
2327	83	0
601	33	0
1078	144	0
40	177	0
853	174	1
630	174	1
547	241	0
959	117	0
332	276	0
585	106	0
1494	36	0
1276	105	1
2178	217	0
2146	294	0
1202	293	0
403	124	1
2115	147	0
1424	35	0
105	61	1
2119	170	0
663	157	0
1847	190	0
719	77	1
267	176	0
2251	272	0
732	65	0
2085	253	0
1194	287	0
255	261	0
1845	16	0
1408	121	0
1667	26	0
925	197	0
483	124	0
732	256	0
1656	103	0
1644	244	0
79	138	1
484	226	0
2136	209	0
1068	216	0
111	47	0
404	267	0
2022	270	0
2245	206	0
1614	42	0
448	169	0
1523	138	1
2143	246	0
146	142	0
174	6	1
689	250	0
1700	173	1
467	105	1
489	149	0
203	145	0
870	39	0
82	244	1
1645	89	0
1756	52	0
1758	22	0
664	37	0
1500	267	0
1682	42	0
1328	247	0
605	235	0
1941	281	0
1015	287	0
1393	274	0
732	74	0
1840	6	0
419	85	0
2094	292	0
999	257	0
1613	169	0
131	240	0
1852	85	0
543	267	0
1816	5	0
2133	2	0
828	32	0
467	215	0
1878	98	0
710	34	1
776	48	1
4	3	1
432	223	0
380	1	0
1273	236	0
796	50	1
740	191	0
1338	155	0
910	194	1
238	257	0
1290	229	0
1708	165	0
316	293	0
2310	91	0
2292	266	0
876	292	0
873	100	0
2206	279	0
1248	95	1
1821	163	0
9	282	0
1561	268	0
2048	148	0
2104	291	0
547	34	1
878	97	0
2253	274	1
342	6	1
587	296	0
408	1	0
255	4	0
218	80	0
1904	199	0
1883	129	0
493	48	1
2117	239	0
885	46	0
800	48	1
1005	76	1
1201	169	0
1428	231	0
1594	179	0
2241	268	0
2240	26	0
551	34	1
2286	92	0
773	111	0
1604	121	0
1260	245	0
1745	170	0
367	48	1
436	191	0
819	217	0
1686	26	0
626	34	1
732	45	1
329	11	0
342	179	0
1808	252	0
979	292	0
363	203	0
274	0	0
157	50	0
124	266	0
406	271	0
1038	17	0
1249	144	0
247	106	0
2250	120	0
64	31	0
859	235	0
610	283	0
264	215	0
1772	187	0
1706	285	0
382	278	0
1496	46	0
1416	82	0
2046	227	1
729	84	0
60	124	0
51	151	0
360	6	1
2290	22	0
587	230	0
1552	138	1
241	62	0
741	48	1
1185	111	0
1331	56	0
2166	207	0
392	27	1
1564	33	0
726	24	0
244	236	0
413	154	0
2302	288	1
1659	48	0
116	0	0
1378	99	0
66	34	1
2077	241	0
38	186	0
2144	248	0
1174	229	0
469	178	0
2202	267	1
123	49	0
580	97	0
1345	233	1
1359	237	0
775	171	0
2217	134	0
2306	284	0
509	109	0
405	25	0
1741	218	1
1065	221	0
1529	274	0
284	69	0
1928	74	0
1482	252	0
1722	177	0
318	100	0
1213	200	0
464	130	0
2280	9	0
1114	87	0
540	105	0
1945	19	0
1614	279	0
1169	38	0
1376	135	0
1498	137	0
586	199	0
1948	8	0
1629	35	0
785	110	0
2330	54	0
178	123	1
200	66	0
663	53	0
1164	265	0
1073	132	1
336	79	0
1189	91	1
1632	116	1
2133	149	0
174	196	0
2135	127	0
977	66	1
596	179	0
1429	38	0
430	263	0
124	57	0
1656	156	1
1103	77	1
2251	48	0
38	122	0
1845	149	0
612	203	0
1653	164	0
743	146	0
400	74	0
105	129	0
1460	119	0
1278	18	0
1936	264	0
2046	265	0
101	226	1
594	110	0
1351	144	0
258	4	0
1335	67	0
106	212	1
941	115	0
2235	264	0
1966	167	0
2292	165	0
1731	232	0
343	99	1
1244	10	0
2094	253	0
648	147	0
1650	248	0
1157	27	0
2292	92	0
2201	93	0
2312	64	0
659	124	0
98	209	0
18	79	0
259	105	0
658	159	0
2169	20	0
1797	180	0
1134	241	0
1797	191	1
378	20	0
934	82	0
476	180	0
812	119	0
2059	165	0
1918	18	0
231	205	0
99	244	1
2055	183	0
823	218	1
1305	293	0
1103	231	0
2118	83	0
437	175	1
572	76	1
30	50	1
1462	203	0
2034	101	0
1666	6	0
2108	18	0
2009	198	0
181	6	1
2016	252	0
23	250	0
127	174	1
1641	252	0
1799	90	0
1079	169	0
771	187	0
1623	287	0
1074	77	1
95	106	0
983	107	0
127	145	0
1201	118	0
1623	115	0
528	224	0
1635	120	0
673	170	0
42	45	0
580	172	0
1774	0	0
2096	274	0
984	203	0
1996	164	0
1343	288	0
1236	139	1
2105	279	0
597	173	0
1191	264	0
1946	2	0
2077	177	0
682	138	0
1665	80	0
503	34	1
2198	148	0
751	207	0
1306	163	0
1055	208	1
979	221	0
1520	177	0
1793	94	0
672	268	0
1368	283	0
440	58	0
2001	98	0
1361	63	0
100	246	0
1371	53	0
1341	293	0
2018	226	1
866	76	1
1297	134	0
136	19	1
1708	268	0
70	129	0
83	247	0
2175	91	0
2171	232	0
650	7	0
1592	239	0
230	239	0
712	284	0
2202	44	0
735	267	0
1520	227	0
31	252	1
969	141	0
659	9	0
222	96	0
1031	76	0
1006	51	0
942	59	1
2262	255	0
1873	211	1
1032	242	1
946	282	0
1344	291	0
1235	5	0
1801	131	0
944	171	0
2212	82	0
1951	222	1
588	83	0
1068	179	0
794	190	0
952	183	0
196	51	0
1798	78	0
159	105	0
1346	111	0
1602	23	0
829	130	0
21	34	1
205	104	0
1513	186	0
2195	19	0
60	186	0
1428	105	0
1103	250	0
5	114	0
265	84	0
2236	34	0
1115	200	0
959	262	0
1245	92	0
917	130	0
1065	67	0
2200	107	0
686	220	0
1989	247	0
50	50	1
330	273	0
802	142	1
1056	240	0
1044	211	0
468	240	0
624	118	0
366	272	0
787	77	0
609	218	1
1658	279	0
724	268	0
1614	58	0
321	66	0
446	40	1
1028	107	0
1055	77	1
117	108	0
25	208	0
1617	16	0
547	85	0
1583	79	0
1565	70	0
1307	88	0
1223	240	0
1958	181	0
1730	147	0
1749	41	0
2267	44	1
755	284	0
797	113	0
1030	198	0
2216	28	0
1258	36	0
769	94	0
732	286	1
68	181	0
2111	222	0
1961	289	0
1105	240	0
124	4	0
991	69	1
2071	298	0
2132	82	0
2257	146	0
1029	27	0
1900	75	0
952	35	0
1873	184	0
191	0	0
2323	268	0
1779	85	0
2133	111	0
1457	132	1
937	262	0
15	66	1
1210	101	0
703	27	0
1749	75	0
966	91	0
1082	111	0
2277	254	0
850	150	0
197	189	0
423	138	1
494	92	0
118	121	0
2144	244	1
2319	202	0
166	18	0
2113	238	0
433	64	0
746	188	0
1054	289	0
2254	205	0
686	34	1
1939	176	0
2118	266	0
1802	138	0
1163	68	0
2127	252	0
737	58	0
363	251	0
1428	102	0
1586	176	0
557	101	0
226	192	0
778	198	0
1602	248	0
800	207	0
789	130	0
2107	86	0
1657	51	1
1952	84	0
1765	261	0
2028	54	0
821	50	1
2154	277	0
106	50	1
2303	212	0
245	254	0
1026	77	1
2006	247	1
1251	207	0
30	5	1
951	174	0
988	63	0
1022	75	1
907	202	0
924	20	0
1425	89	0
362	6	1
129	34	1
763	90	0
1397	298	0
579	149	0
1130	77	1
1767	237	0
2044	219	0
652	16	0
742	268	0
1799	194	0
2271	138	0
50	236	0
2244	155	0
2007	290	0
95	91	0
1091	261	0
0	181	0
1467	287	0
433	172	0
1199	267	0
501	96	0
201	235	0
1041	61	0
744	161	0
1183	213	0
1033	245	0
794	49	1
127	49	0
1564	123	0
353	6	1
1853	286	0
994	156	0
1959	66	0
2084	60	0
2149	97	0
2207	159	0
2320	183	0
385	250	0
1934	206	0
2019	25	0
284	286	0
147	84	0
2280	186	0
1350	69	0
858	167	0
1638	118	0
1174	76	0
759	48	1
550	54	0
1879	77	0
597	16	0
1809	84	0
2091	42	0
169	34	0
377	284	0
2109	62	0
441	253	0
745	75	0
1526	217	0
245	266	0
793	0	0
2285	250	0
2026	69	0
58	46	0
2273	161	0
774	128	0
465	34	1
2292	233	0
2131	250	0
2305	244	0
320	46	0
1327	141	0
2042	53	0
457	192	0
1961	153	0
1343	55	0
1280	59	0
851	9	0
1080	61	0
474	37	0
798	210	0
634	175	1
134	178	0
325	288	1
1756	104	0
2182	73	0
933	289	0
1162	124	0
2157	76	0
2053	276	0
724	44	1
2037	125	0
1617	111	0
406	84	0
495	95	0
238	62	0
1245	268	0
1544	20	0
83	244	1
1840	237	0
2301	200	0
535	143	0
604	80	0
2304	268	0
78	204	0
1716	174	1
659	15	0
1726	76	0
88	34	1
2077	206	0
322	6	1
2217	191	0
812	159	0
2151	175	0
1048	143	0
1854	259	0
913	200	0
410	28	0
869	34	0
153	162	0
1780	75	0
1932	65	0
340	6	1
778	67	0
307	156	0
1183	274	0
1870	211	1
1152	46	0
1870	245	0
2297	261	0
1994	51	0
1993	216	0
1835	20	0
843	56	0
1602	191	0
1947	185	0
578	34	1
292	46	0
423	278	0
102	50	1
2249	272	0
2108	298	0
369	136	0
292	180	0
890	164	0
1133	56	1
691	281	0
1266	102	1
1706	258	0
1192	30	0
1032	179	0
2096	92	0
1161	116	1
529	199	0
680	40	0
1321	64	0
1393	245	0
994	253	0
1036	19	0
1153	126	0
2235	112	0
1342	104	0
2318	292	1
566	239	0
36	40	0
67	154	0
1503	207	0
1903	216	0
1214	39	0
1744	288	0
805	218	1
1776	169	0
604	39	0
771	130	0
1775	86	1
1017	241	0
215	131	0
2149	244	1
336	75	0
1502	295	0
738	186	0
382	171	0
741	97	0
374	248	0
769	234	0
1305	260	0
1550	22	0
414	147	0
982	178	0
2153	129	0
19	60	0
2330	298	1
619	205	0
1710	261	0
1861	95	0
329	165	1
1636	18	0
2286	158	0
1747	241	0
502	146	0
513	250	0
2027	160	0
1784	272	0
1852	274	0
1115	0	0
888	258	0
974	56	0
1767	123	0
1074	201	0
2032	9	0
708	64	0
2010	227	0
1669	252	0
1641	151	1
913	162	0
936	185	0
1096	222	0
102	275	0
1665	60	0
301	299	0
1838	120	0
1229	75	0
403	160	0
21	45	1
607	203	0
45	296	0
398	5	0
594	6	0
797	215	0
2026	71	0
2022	138	0
166	39	1
102	244	1
2098	59	0
540	251	0
918	97	0
625	239	0
684	225	0
1311	115	1
926	53	1
444	73	0
562	216	0
801	139	1
2210	244	0
887	134	1
1072	185	0
1267	103	1
1127	161	0
1604	110	0
111	251	0
665	208	0
2137	50	0
2203	227	0
2017	226	1
1791	166	0
1044	77	1
1535	138	1
99	74	0
859	211	1
1720	202	0
2073	135	0
271	41	0
1554	65	0
1632	43	0
865	60	0
1594	145	1
470	263	0
1272	105	1
42	282	0
564	236	0
529	48	1
2081	172	0
366	149	0
1217	17	0
54	39	0
580	50	1
1303	173	0
1858	233	0
1477	182	0
1705	236	0
221	6	1
425	128	0
282	99	0
1567	179	0
559	139	0
2153	62	0
1747	257	0
316	152	0
1163	172	0
417	4	0
2036	29	0
855	109	0
1527	218	1
2000	225	1
423	47	0
1422	141	0
985	255	0
1498	139	1
864	66	0
1787	180	0
1556	147	0
280	140	0
284	165	0
252	250	0
1751	247	0
1140	105	0
2290	266	0
364	6	1
1336	68	0
121	198	0
1585	66	0
821	7	0
76	50	1
1402	140	0
2239	178	0
857	24	0
192	210	0
2201	267	1
648	134	0
95	70	0
662	192	0
1331	23	0
773	63	0
140	258	0
185	89	0
1401	73	0
104	99	1
1648	296	0
208	6	1
254	4	0
983	132	0
1294	225	0
1344	103	0
418	132	0
1840	299	0
614	108	0
863	174	1
2160	117	0
1099	240	0
1975	9	0
797	214	0
335	141	0
2251	283	0
1188	221	0
1954	132	1
676	223	0
1795	281	0
1470	154	0
158	196	0
323	159	0
457	73	0
1483	141	0
1157	136	0
787	66	0
1833	236	0
978	213	0
1661	67	0
1328	58	0
1504	2	0
1875	204	0
1059	2	0
79	77	0
166	257	1
2218	73	0
941	253	0
630	258	0
1486	153	0
1984	109	0
707	261	0
938	48	0
273	6	1
2196	82	0
1448	170	0
660	66	0
1454	40	0
546	46	0
242	32	0
81	50	1
141	75	0
2115	9	0
145	163	0
1378	289	0
115	190	0
1345	238	0
27	32	0
491	34	1
973	235	0
1998	173	0
2017	69	0
1132	282	0
2272	189	0
1625	291	0
2053	7	0
2037	72	0
2307	184	0
1910	111	0
1821	189	0
598	70	0
526	34	1
14	18	0
588	116	0
1417	233	0
2176	247	0
362	288	0
337	288	1
662	270	0
699	263	0
852	219	0
1704	183	0
353	250	0
549	20	0
2203	157	0
1372	26	1
711	8	0
1851	160	0
1437	108	0
910	170	0
92	244	1
1698	61	0
1684	87	0
1661	149	0
1591	169	0
463	116	0
2172	204	0
1117	292	0
286	6	1
1666	89	0
1604	42	0
1168	30	0
375	236	0
367	279	0
108	137	0
299	13	0
1620	251	0
328	152	0
1233	36	0
320	6	1
467	77	1
1225	91	1
1290	110	1
1442	183	0
1663	294	0
498	180	0
1053	61	0
1945	74	0
617	269	0
520	181	0
1304	2	0
1262	281	0
1841	164	0
116	194	0
418	32	1
1110	229	0
1654	166	0
401	99	0
1481	225	0
1509	212	0
1099	122	0
234	120	0
1809	196	1
1775	233	0
1111	122	0
2292	288	1
1681	70	0
1207	251	0
1171	18	0
412	134	0
2234	47	0
1297	109	1
1051	200	0
629	258	0
2188	216	0
115	152	0
1432	113	0
1856	58	0
1452	138	0
412	62	0
728	44	1
1152	219	0
2244	210	0
73	24	0
122	105	0
1637	247	0
2210	282	0
2109	78	0
2154	218	0
710	8	0
88	237	0
600	225	0
2324	40	0
348	122	0
1480	116	1
309	230	0
2110	77	0
2185	150	0
646	234	0
1618	31	0
1953	136	0
8	231	1
2148	245	0
692	246	0
203	296	0
338	6	1
2243	170	0
981	113	0
1042	277	0
895	160	0
806	111	0
575	35	0
1945	117	0
1731	140	0
1230	160	0
1813	155	0
1873	240	0
2069	273	0
2281	128	0
1988	96	0
1847	122	0
622	199	0
1627	126	0
724	246	0
895	48	0
998	141	0
637	125	0
698	100	0
585	259	0
1602	38	0
2110	30	0
385	21	1
857	78	0
392	273	0
334	259	0
2138	271	0
215	44	0
787	192	0
914	250	0
1568	75	0
2075	33	0
1555	109	0
1144	148	0
827	254	0
1723	59	0
2050	65	0
406	134	1
1046	44	0
144	5	0
1476	271	0
775	293	0
446	62	0
482	70	0
1570	0	0
1120	260	0
634	108	1
1923	190	0
517	248	0
326	190	0
659	55	0
1041	188	0
1394	140	0
1145	280	0
1492	249	0
1430	297	0
1887	202	0
828	292	0
826	108	0
1839	282	0
611	192	0
202	95	0
631	85	0
1922	40	0
1899	62	0
233	64	0
267	108	0
106	252	0
335	123	0
1186	165	1
1536	30	0
1817	187	0
12	4	1
1996	204	0
894	270	0
1233	272	0
510	50	1
1196	146	0
2230	56	0
134	280	0
1081	232	0
111	34	1
1360	242	0
2315	204	0
1449	123	0
1207	201	0
147	19	1
193	6	1
1616	211	0
1659	218	1
1093	16	0
838	29	0
1300	68	0
1997	107	0
2104	200	0
1180	298	0
1802	298	0
1624	136	0
454	90	0
1735	22	0
443	268	0
871	251	0
267	205	0
2218	48	0
1913	172	0
1430	137	0
841	221	0
1416	37	0
613	218	1
1147	97	0
2241	95	0
1977	293	0
1052	57	0
1533	254	0
637	291	0
1943	30	0
627	211	0
57	287	0
633	273	0
67	142	0
248	82	0
2204	22	0
97	244	1
13	76	0
1538	45	0
723	82	0
1664	160	1
1635	234	0
1827	61	0
363	39	0
1088	77	1
2315	270	0
932	119	0
1875	27	0
2330	7	0
1185	91	1
641	218	1
2330	97	0
282	143	0
285	6	1
2116	46	0
597	224	0
138	194	1
2145	292	0
1165	126	0
722	101	0
1665	195	0
1814	94	0
1548	263	0
2005	247	1
2142	96	0
1078	192	0
1300	167	0
47	244	1
532	108	0
485	130	0
2125	140	0
1485	285	0
1348	94	1
1513	288	0
784	279	0
2109	116	0
825	23	0
592	227	0
1472	146	0
2032	248	0
363	229	0
2018	196	0
1552	8	0
134	53	1
787	139	0
239	267	0
2176	228	0
13	46	0
113	117	0
80	295	0
756	294	0
551	92	0
2303	17	0
187	86	0
2235	196	0
1701	238	0
1632	277	0
1925	220	1
277	167	0
1232	92	0
1015	4	0
1653	121	0
1192	84	0
887	194	1
1234	21	0
1503	229	0
1081	10	0
2300	83	0
1502	294	0
2196	282	0
768	287	0
1340	119	0
2305	192	0
914	119	0
1893	263	0
536	283	0
32	86	1
1515	229	0
1558	152	0
1722	277	0
377	58	0
287	6	1
61	244	1
2275	165	0
1123	77	1
609	34	1
911	259	0
717	74	0
2132	32	0
328	28	1
50	177	1
78	191	0
242	245	0
876	231	0
1799	265	0
1401	242	0
1835	195	0
418	253	0
1683	57	0
1108	169	0
290	56	0
180	96	0
1490	195	0
1810	174	0
309	104	0
160	121	0
2129	77	0
926	136	0
214	18	0
926	91	1
1142	42	0
2119	216	1
1627	39	0
693	246	0
131	246	0
2034	26	0
1649	219	0
1040	10	0
392	3	0
1525	274	0
1057	132	1
1546	138	1
54	289	0
303	11	0
482	137	0
2296	200	0
480	34	1
1726	155	0
2100	128	0
614	226	0
1816	143	0
2038	272	0
316	71	0
849	50	1
976	81	0
1645	224	0
1569	108	0
1588	216	0
201	214	0
114	8	1
1317	274	0
860	103	0
143	157	0
1219	169	0
533	124	0
2122	296	0
1847	40	0
1099	252	0
62	18	0
132	88	0
295	19	0
2195	293	0
1306	173	0
587	213	0
135	198	0
1696	19	0
502	199	0
2113	180	0
607	77	1
959	170	0
1904	210	0
386	240	0
1616	262	0
1381	222	0
293	30	0
1908	118	0
1659	273	1
112	183	1
2232	267	0
1430	193	0
2286	287	1
419	161	0
505	204	0
2324	118	0
2123	224	0
2038	142	0
613	57	0
1512	184	0
77	7	1
2030	98	0
235	281	0
1048	77	1
81	65	0
483	76	1
154	56	0
1983	142	1
648	128	0
712	145	0
1669	173	0
777	123	0
619	97	0
1058	255	0
610	284	0
2083	129	0
1345	94	1
91	89	0
2247	273	1
96	160	0
1782	148	0
1813	232	0
1317	289	0
95	49	1
1037	272	0
10	12	0
485	34	1
625	34	1
1416	112	0
507	34	1
734	201	0
1056	140	0
608	65	0
1376	37	0
105	155	1
601	46	0
1260	279	0
2010	173	0
1353	212	0
1569	34	1
2140	158	0
166	99	0
232	253	0
797	49	1
1538	6	0
15	265	0
483	4	0
570	36	0
679	48	1
496	18	0
1239	67	0
2211	258	1
90	33	0
5	210	0
494	188	0
904	298	0
1780	274	0
814	50	1
173	225	0
717	154	0
223	60	0
2148	244	1
2038	227	1
678	239	0
1252	6	0
680	105	0
1298	290	0
1195	229	0
953	33	0
2296	156	0
67	226	1
511	48	1
1585	139	0
1552	133	0
982	191	0
1147	68	0
1358	97	0
465	138	1
1712	236	0
1325	275	0
1816	50	0
460	132	1
802	106	0
1684	23	0
449	259	0
1520	138	1
1668	13	0
1505	59	0
180	231	0
2041	162	0
2161	117	0
1508	151	0
1473	295	0
2261	112	1
2105	33	0
2029	160	0
646	14	0
110	7	1
1798	183	0
1394	105	0
1022	271	0
925	111	0
1334	96	0
711	19	0
2325	93	0
307	6	1
291	295	0
588	37	0
1564	115	0
1465	35	0
472	298	0
2213	198	0
2014	260	0
2045	66	0
1975	207	0
1431	95	0
160	299	0
137	108	0
2192	228	0
1552	212	0
1241	1	0
201	44	0
897	295	0
1824	76	0
1128	175	0
67	216	0
567	171	0
118	76	0
1858	297	0
133	282	0
68	237	0
1826	71	0
179	290	0
1125	10	0
759	34	0
1602	231	0
503	140	0
1683	155	0
91	212	0
1828	206	1
1649	288	1
2192	148	0
129	132	0
2235	86	0
1642	34	0
1401	158	0
710	207	0
350	100	0
1559	153	0
1432	239	0
1219	288	1
392	146	0
766	48	1
594	29	0
2060	130	0
2322	249	0
1643	146	0
1114	110	0
2095	4	0
1781	49	0
1385	68	0
603	99	0
1575	243	0
371	299	0
632	271	0
1653	60	0
1802	199	0
1814	172	0
1878	272	0
1354	289	0
679	154	0
297	274	0
2046	297	0
48	129	0
2126	170	0
752	143	0
1023	224	0
2275	76	0
1991	86	0
577	174	0
1544	205	0
1459	23	0
1226	14	0
10	178	1
351	220	0
693	13	0
31	262	0
726	60	0
1910	89	0
1108	129	0
2277	44	1
1353	216	0
547	48	1
225	258	0
2137	249	0
1154	118	0
2118	33	0
94	67	0
1809	158	0
126	60	0
826	38	0
1166	14	0
1503	139	1
316	50	0
797	295	0
217	107	0
1250	134	1
1780	45	0
283	143	0
530	174	1
1444	19	0
1347	178	0
503	183	0
592	120	0
1808	195	1
2086	165	1
1109	122	0
371	132	0
1335	92	0
2142	154	0
113	167	0
561	109	0
1114	77	1
1354	161	0
2	108	0
1309	119	0
839	160	0
990	68	1
99	112	0
1261	28	0
1776	240	0
449	186	0
1136	116	1
757	203	0
551	212	0
645	241	0
1860	88	0
383	9	0
682	50	1
1653	103	0
103	263	0
473	105	1
2283	50	0
486	20	0
2105	192	0
47	199	1
1408	109	0
2170	7	0
2191	246	1
1107	64	0
1428	297	0
2266	185	0
1859	77	0
1596	166	0
874	126	0
943	108	0
630	77	1
2219	32	0
1792	274	0
1230	288	1
1250	114	0
721	115	0
2014	9	0
1149	222	0
881	255	0
427	152	0
1672	218	0
1883	248	0
1203	110	0
1224	148	0
2079	268	0
1456	98	0
1923	219	1
2039	227	1
350	108	0
2070	16	0
2232	289	0
429	77	0
54	115	0
720	127	0
2276	253	0
700	110	0
1019	104	0
1244	280	0
976	203	0
332	181	0
1250	57	0
1274	235	0
634	44	1
1951	49	0
1320	181	0
159	49	0
915	56	0
1586	246	0
249	17	0
1506	289	0
1149	67	0
1660	114	0
280	166	0
1224	209	0
1601	237	0
55	9	0
1786	280	0
1248	293	0
313	260	0
542	54	0
2275	54	0
94	159	0
2021	233	0
2090	213	0
474	8	0
2045	44	0
1386	29	0
1048	89	0
788	55	0
668	34	1
24	181	0
2085	105	0
1123	39	0
386	87	0
2001	176	0
36	74	0
452	277	0
1471	233	0
1207	4	0
295	243	0
1245	158	0
1291	30	0
2216	140	0
364	148	0
458	31	0
86	176	0
357	268	0
2177	189	0
490	70	0
521	61	0
2124	199	0
250	182	0
475	34	1
1700	163	0
926	45	0
2208	164	0
201	55	0
1627	44	0
530	265	0
187	6	1
1932	118	0
1186	185	0
405	222	0
1396	53	0
635	88	0
185	102	0
2025	3	0
1523	226	1
799	164	0
21	11	1
1720	123	0
1685	168	0
1461	279	0
705	141	0
265	6	1
1516	275	0
1768	179	0
1183	91	1
218	58	0
153	78	0
801	50	1
1134	121	0
1203	58	0
509	173	0
863	114	0
2244	75	0
1547	249	0
1136	195	0
218	91	0
1221	288	1
1644	76	0
1841	174	0
2185	209	0
908	127	0
1063	162	0
2063	74	0
2045	64	0
1258	199	1
525	209	0
61	202	0
461	90	0
820	111	0
1043	0	0
1751	263	0
1880	211	1
378	36	0
646	288	0
1878	211	1
74	50	1
1706	95	0
1552	55	0
616	253	0
372	149	0
1413	125	0
647	24	0
392	254	1
263	207	0
546	255	0
2167	15	0
536	226	0
295	220	0
222	271	0
496	42	0
2300	207	0
133	115	0
840	271	0
1432	42	0
127	79	1
366	116	0
438	230	0
1926	299	0
472	257	0
592	55	0
583	289	0
2216	187	0
1451	144	0
1742	200	0
611	72	1
1851	193	0
1179	91	1
906	146	0
1436	52	0
47	76	1
1856	292	0
663	79	0
1126	149	0
121	103	0
1594	233	0
1245	41	0
1060	226	0
284	112	0
269	72	0
111	138	1
921	148	0
465	126	0
128	123	1
1171	288	0
68	23	0
333	230	0
876	138	1
792	223	0
2192	72	1
331	109	0
2087	151	0
1912	40	0
1207	232	0
783	153	0
2033	116	0
828	269	0
33	50	1
1400	254	0
1360	26	1
1700	33	0
1665	191	0
2204	137	0
1168	129	0
528	78	0
1471	204	0
894	200	0
1654	134	0
1717	215	0
1690	30	0
1124	200	0
1572	227	1
256	100	0
1677	85	0
1666	27	0
652	157	0
913	43	0
1928	88	0
1828	44	0
661	283	0
1607	92	0
458	113	0
1664	103	0
213	260	0
926	210	1
1487	139	1
751	222	0
17	214	0
1197	135	0
1969	179	0
1023	105	0
1066	275	0
1678	114	0
1402	105	0
1434	47	0
621	103	0
2040	227	1
982	126	0
429	32	1
101	58	0
1844	291	0
539	34	1
532	99	0
204	116	0
284	163	0
1889	84	0
535	34	1
83	34	1
1855	5	0
2206	143	0
719	53	0
120	218	1
668	242	0
10	272	0
2105	109	0
1900	52	0
1543	261	0
614	68	0
1790	28	0
667	34	1
2031	123	0
80	149	0
47	44	1
2078	147	0
689	86	0
529	31	0
1876	241	0
1925	265	0
2105	131	0
599	288	0
1864	60	0
1353	42	0
1464	234	0
691	91	0
311	175	0
24	5	1
976	113	0
248	255	0
1256	8	1
754	258	0
276	109	0
1026	186	0
1671	166	1
1345	47	0
1345	235	0
1531	138	1
1517	225	0
677	251	0
993	94	0
438	244	1
1695	173	1
2021	64	0
326	121	0
430	48	0
1019	180	0
127	22	0
785	246	0
222	129	0
1263	243	0
216	3	0
2085	54	0
1290	197	0
1358	174	1
401	257	0
777	48	1
1849	44	0
1089	237	0
875	47	0
451	143	0
682	95	0
881	104	0
875	115	0
320	12	0
601	202	1
235	253	0
1801	268	0
1634	237	0
506	79	0
187	261	0
32	58	1
2323	76	0
610	140	0
1634	295	0
798	181	0
1114	118	0
1137	139	0
1580	199	0
1536	169	0
1839	176	0
132	154	0
1331	166	0
495	34	1
1302	164	0
1156	254	0
2265	297	1
2129	296	0
843	77	1
804	208	0
188	162	0
687	224	0
65	248	0
731	73	0
862	244	0
1959	262	0
2047	3	0
1053	139	0
1052	59	0
261	6	1
1849	4	0
550	50	1
447	91	0
112	171	0
2016	268	0
406	53	1
1502	138	1
1538	248	0
1218	277	0
750	133	0
883	150	0
1932	250	0
2055	227	1
2144	34	0
2000	88	0
1338	229	0
484	120	0
1774	132	0
25	76	0
667	85	0
950	172	0
1539	199	0
1303	108	0
664	279	0
828	53	0
388	283	0
1774	86	1
990	283	0
91	138	0
1776	86	1
2073	165	1
1536	292	0
416	270	0
1906	167	0
1262	69	0
1997	62	0
818	132	1
2260	16	0
691	13	0
2286	202	0
867	177	0
1396	191	0
296	6	1
1382	211	0
2087	109	0
1809	83	0
325	145	1
1280	46	0
1257	172	0
1011	45	0
45	197	0
970	5	0
427	10	0
1889	126	0
523	236	0
2328	56	0
190	84	0
543	238	0
103	138	1
1724	22	0
2201	222	0
1801	7	0
613	199	0
659	143	0
1479	185	0
1581	265	0
1703	124	0
1108	270	0
1916	176	0
1549	257	0
2075	230	0
880	260	0
1771	193	0
1002	51	0
623	115	0
2098	165	1
1323	253	0
889	54	0
2303	288	1
114	20	0
1196	136	0
1062	29	0
11	268	0
883	78	0
903	163	0
2063	39	0
1150	88	1
2041	25	0
1568	213	0
1163	150	0
374	98	0
2100	226	0
950	259	0
1165	195	0
867	77	0
954	189	0
1815	165	0
449	227	1
10	288	0
95	165	1
844	227	1
2096	50	0
1605	147	1
2070	187	0
2205	37	0
2329	4	0
175	158	0
1145	125	0
182	6	1
2023	133	0
563	77	1
163	285	0
1876	88	0
929	84	0
1563	284	0
410	252	0
60	245	0
1781	86	1
2329	298	1
544	34	1
908	223	0
2260	39	0
1501	250	0
1702	43	0
727	246	0
1581	294	0
1465	263	0
983	199	0
700	73	0
700	48	1
2134	246	0
62	244	1
192	81	0
874	204	0
364	167	0
866	95	0
297	288	0
1336	205	0
1751	170	0
1297	10	0
2209	26	0
1635	201	0
1508	102	0
1918	216	0
397	3	0
759	250	0
167	150	0
2183	120	0
2255	150	0
1177	278	0
1358	30	0
556	132	0
1780	93	0
816	100	0
2292	194	0
524	191	0
853	50	1
1907	16	0
1106	210	0
1974	10	0
221	247	0
775	199	0
1911	201	0
1209	91	1
527	71	0
127	178	1
45	188	0
2060	102	0
1035	260	0
1171	143	0
1937	279	0
228	88	0
1909	214	0
44	7	0
161	275	0
1862	97	0
1384	80	0
1146	239	0
191	113	0
840	7	0
273	61	0
1847	164	0
1873	176	0
1968	26	0
167	203	0
1316	170	0
579	80	0
373	139	0
124	226	0
603	57	0
814	1	0
660	44	0
500	154	0
2286	262	0
2001	280	0
1574	283	0
595	225	0
1386	30	0
2245	18	0
1090	188	0
817	142	1
1926	158	0
1671	108	0
419	45	0
1035	115	0
1760	118	0
1533	278	0
1247	95	0
1797	100	0
474	100	0
2205	82	0
226	93	0
976	133	0
703	261	0
2161	15	0
1807	172	0
1775	81	0
972	211	0
594	237	0
1291	119	0
1348	6	0
638	227	1
859	217	0
885	112	0
247	6	1
1193	59	0
70	7	1
411	18	0
1337	59	0
1871	211	1
432	208	0
1977	22	0
1610	5	0
870	33	0
141	138	0
1692	119	0
1683	185	0
1449	160	0
56	269	0
1615	2	0
1022	232	0
2085	223	0
284	82	0
301	96	0
1633	130	0
2068	17	0
748	13	0
32	289	1
1424	90	0
1683	224	0
2057	193	0
1631	70	0
516	37	0
124	277	0
854	50	1
121	11	1
1502	139	1
2117	79	0
1200	228	0
491	292	0
396	151	0
1859	94	0
1354	27	0
767	89	0
407	168	1
1476	93	0
847	178	0
1392	26	1
1148	264	0
1425	117	0
1931	19	0
942	229	0
1962	144	0
782	142	0
32	109	1
1610	158	0
173	294	0
2190	22	0
600	168	0
1651	236	0
835	32	0
727	157	0
2242	145	0
1530	39	0
1106	15	0
713	154	0
930	70	0
1366	233	0
564	197	0
2228	268	1
2316	291	1
911	239	0
440	108	0
258	185	0
23	4	1
2225	105	0
1224	143	0
865	76	1
934	130	0
1138	275	0
1844	279	0
689	69	0
1295	172	0
1806	253	0
664	100	0
1723	37	0
1762	184	1
1637	179	0
1220	264	0
150	108	0
1136	82	1
1831	202	0
2188	44	0
1745	49	0
1770	77	0
609	113	0
60	169	0
1726	124	0
2037	273	0
843	214	0
1862	85	0
1910	218	1
1143	161	0
198	222	0
883	52	1
46	248	0
2329	244	0
1863	119	0
2233	203	0
1603	121	0
1128	274	0
2028	27	0
1080	288	0
1730	174	1
382	84	0
439	207	0
1545	22	0
1202	190	0
2282	98	0
644	269	0
722	216	0
2189	287	0
1875	102	0
662	62	0
1403	93	0
1185	188	0
483	48	1
2263	276	0
1070	175	0
220	231	0
95	156	0
1261	26	0
95	224	0
307	134	0
1746	60	0
2163	21	0
1721	261	0
930	289	0
487	84	0
1729	223	0
2311	221	0
715	34	1
2152	189	0
654	173	0
973	181	0
2237	76	0
868	23	0
93	244	1
645	34	1
321	42	1
285	230	0
118	135	1
580	33	0
91	296	0
794	167	0
1743	50	0
848	175	1
187	107	0
1410	29	0
2268	168	0
2050	261	0
244	8	0
900	62	0
662	257	0
1178	207	0
107	126	0
175	5	0
1230	90	0
128	6	1
255	33	0
136	96	0
497	176	0
1921	12	0
1881	12	0
2316	81	0
1685	96	0
454	140	0
630	93	0
502	117	1
1474	122	0
1046	222	0
2299	55	0
1192	0	0
771	48	1
367	132	1
783	132	0
1740	174	1
1357	111	0
1674	200	0
1269	94	0
2204	182	0
2026	173	0
1284	179	0
1987	86	0
1123	76	0
1377	100	0
1413	260	0
1881	198	0
1421	139	0
331	9	0
1916	142	0
701	10	0
1678	258	0
923	114	0
1052	147	0
1698	156	0
600	34	1
1007	165	0
1259	19	0
1681	291	0
1847	161	0
320	207	1
91	117	0
1269	105	1
136	284	0
1985	297	0
1778	86	1
978	226	1
84	78	0
1969	115	0
1201	91	1
2298	8	0
2209	44	0
703	287	0
2059	94	0
2251	273	1
672	41	0
194	76	0
1810	49	0
888	1	0
790	185	0
2029	183	0
900	155	0
655	285	0
664	186	0
1994	67	0
1591	272	0
85	7	1
2251	104	0
1191	181	0
2036	227	1
536	10	0
1579	49	0
774	82	0
2002	225	1
2083	165	1
1512	175	0
1070	252	0
1431	65	0
1805	111	0
180	10	0
1034	93	0
886	150	0
1028	105	1
147	70	0
1728	171	0
729	209	0
2105	210	0
1486	135	1
2228	261	0
1044	137	0
975	73	0
134	18	1
2264	279	1
1021	155	0
2285	286	1
793	22	0
1064	14	0
233	20	0
1335	46	0
195	6	1
1861	211	1
3	24	0
1258	286	0
304	111	0
2059	144	0
1694	206	1
2321	206	0
2107	56	0
322	121	0
367	33	0
1949	268	0
1319	3	0
1676	86	0
1147	88	1
517	117	0
2197	228	0
1891	72	0
655	186	0
1262	23	0
1568	169	0
955	64	0
2236	178	0
1165	116	1
612	6	0
91	34	1
1434	270	0
137	165	1
43	194	0
2155	147	0
642	232	0
696	34	1
181	279	0
989	295	0
167	133	0
739	174	0
1986	208	0
1019	26	1
240	171	0
1055	267	0
1553	31	0
293	44	0
982	147	0
834	255	0
2250	140	0
282	251	0
1207	273	0
300	79	0
558	34	1
2307	133	0
1094	275	0
738	71	0
1503	128	0
2110	144	0
1237	125	0
1879	136	0
1474	77	0
638	132	1
1894	210	0
1682	91	0
108	72	0
620	120	0
676	34	1
251	196	0
848	73	0
822	215	0
680	144	0
282	186	0
557	34	1
1486	133	0
470	161	0
938	58	1
2028	46	0
736	2	0
19	4	1
1877	168	0
910	53	1
271	29	0
469	34	1
29	139	0
1052	77	1
202	254	0
34	154	0
1301	292	0
1462	132	1
685	141	0
1043	197	0
1209	173	0
1248	157	0
1260	100	1
309	2	0
444	40	1
47	198	1
1948	220	1
185	272	0
792	49	1
38	192	0
1302	41	0
212	102	0
596	256	0
1928	172	0
436	138	1
127	72	1
2040	36	0
379	164	0
1901	120	0
1543	138	1
1955	225	0
2049	259	0
1734	12	0
2219	265	1
1867	16	0
683	48	1
796	25	0
317	46	0
2044	5	0
2023	226	1
1030	77	1
817	50	1
277	44	0
1020	75	1
2159	272	0
1061	183	0
1658	232	0
1295	228	0
1017	51	0
2270	78	0
1444	195	0
480	242	0
215	199	0
1976	60	0
2099	165	1
1334	285	0
647	50	1
676	63	0
1594	125	0
1807	29	0
1894	173	0
570	258	0
1781	174	0
579	196	0
2168	102	0
778	86	0
886	53	1
1548	138	1
418	233	0
1102	77	1
247	144	0
1227	257	0
559	73	0
208	140	0
153	168	0
1274	116	0
2024	247	0
1830	247	0
2083	101	0
960	78	0
1254	231	0
1434	32	0
2001	70	0
1985	132	0
1999	242	0
648	195	0
127	50	1
1052	217	0
1946	41	0
1094	183	0
2283	19	0
671	206	0
148	178	0
291	130	0
2140	147	0
457	197	0
1892	2	0
1537	177	0
603	240	0
573	160	0
2084	165	1
1398	109	0
1391	26	1
831	138	0
1348	83	0
856	132	0
95	276	1
1355	254	0
432	38	1
1229	161	0
1994	142	1
65	238	0
2323	62	0
572	3	0
1375	26	1
2088	177	0
1388	142	0
737	221	0
1569	181	0
2001	66	0
1879	222	0
168	166	0
426	180	0
275	273	0
1007	6	0
1879	219	0
1512	138	1
86	259	0
1478	58	0
1473	136	0
1207	36	0
644	60	0
1718	174	1
941	16	0
1490	282	0
1138	66	0
943	61	1
95	50	1
831	42	0
2135	37	0
608	124	0
1304	206	1
914	153	0
1877	139	0
1016	24	0
531	13	0
669	118	0
324	28	0
1701	83	0
1123	47	0
240	82	0
2001	79	0
1131	263	0
1719	240	0
619	261	0
1618	227	0
1952	106	0
1265	238	0
476	252	0
706	86	0
1883	72	0
2246	271	0
849	264	0
1721	50	0
2149	58	0
2169	36	0
1958	177	0
1375	128	0
577	11	0
58	141	0
1581	243	0
2207	232	0
714	96	0
32	50	1
1659	125	0
754	238	0
519	286	0
1141	220	0
123	109	0
1767	269	0
2186	172	0
684	160	0
545	135	0
1903	194	0
2027	224	0
1069	125	0
1549	272	0
373	182	0
1582	108	0
951	104	0
543	34	1
1580	256	0
1886	183	0
1913	2	0
814	285	1
1976	205	0
478	227	0
1408	181	0
1299	210	0
860	174	0
614	245	0
1406	108	0
349	251	0
130	14	1
2271	195	0
1777	126	0
1526	81	0
959	187	0
111	7	1
304	6	1
1918	249	0
1927	220	1
549	177	0
1146	92	0
1003	50	0
449	291	0
229	131	0
986	279	0
32	198	1
250	45	0
2312	206	0
1611	224	0
671	210	0
655	155	0
2190	262	0
423	175	0
103	94	1
2195	201	0
821	28	0
1325	144	0
1581	67	0
688	281	0
1059	291	0
312	277	0
1424	59	0
190	16	0
180	7	0
2242	91	0
1300	245	0
81	7	1
983	115	0
1966	91	0
1970	111	0
1375	174	0
1867	143	0
1774	46	0
437	218	1
440	32	0
1832	43	0
847	50	1
1219	91	1
2037	203	0
1597	219	1
2016	267	0
1900	218	1
538	246	0
1972	67	0
2027	261	0
178	16	0
1326	33	0
1372	166	0
1221	1	0
384	97	0
964	127	0
493	242	0
472	184	0
1159	274	0
1334	51	0
2088	165	1
2276	31	0
1549	297	1
862	196	0
1376	231	0
1853	207	0
1846	187	0
33	277	0
2097	90	0
1826	197	0
30	46	0
995	214	0
392	138	1
52	266	0
208	26	0
261	81	0
1015	211	0
1078	36	0
1110	142	0
1786	277	0
333	267	0
2261	294	0
981	138	0
2282	273	0
2085	25	0
1476	257	0
2163	135	0
2126	18	0
327	52	0
1582	161	0
103	48	1
801	273	0
463	285	0
263	165	1
573	101	0
1271	114	0
902	53	1
54	12	0
2086	257	0
2087	0	0
1703	277	0
2233	255	0
1148	114	0
1221	152	0
1608	97	0
1858	283	0
1644	276	0
634	185	1
1335	94	1
2306	273	0
239	280	1
982	63	0
815	216	0
1228	288	1
1153	263	0
1837	22	0
370	113	0
300	16	0
8	298	0
1324	205	0
1460	214	0
497	228	0
998	67	0
35	5	1
1280	109	1
2178	291	0
577	152	0
480	50	1
381	118	0
663	36	0
652	280	0
155	227	0
989	217	0
33	108	1
1831	207	1
1909	144	0
1245	35	0
516	132	1
895	202	0
2130	162	0
1213	282	0
1417	119	0
993	172	0
1613	271	0
726	150	0
1506	46	0
1295	118	0
2275	3	0
84	244	1
1623	199	0
938	194	0
1745	268	0
2238	273	1
2303	283	0
1781	233	0
1619	116	1
1782	265	0
640	125	0
1062	205	0
2066	54	0
1905	225	1
1131	248	0
1543	202	0
2208	294	0
2219	33	0
1620	75	0
1045	288	0
1064	77	1
487	288	0
929	169	0
1811	248	0
748	233	0
2317	283	0
590	118	0
2020	158	0
663	35	0
2297	34	0
1920	218	1
1086	57	0
1916	166	0
1286	217	0
1119	261	0
1631	40	0
962	152	0
1397	244	1
1771	276	0
1441	23	0
217	129	0
1236	118	0
57	34	0
410	56	0
797	0	0
47	11	1
66	236	0
1276	186	0
1480	232	0
1657	104	0
2290	197	0
633	162	0
761	48	1
168	225	0
1422	241	0
76	7	1
1450	208	0
1512	49	0
1283	61	0
522	178	0
375	172	0
1996	69	0
1726	185	0
390	298	0
1403	289	0
166	156	0
1748	290	0
113	276	0
419	75	0
827	235	0
58	72	1
472	142	1
1955	278	0
1221	91	1
1703	174	1
361	49	0
1430	11	1
2277	230	0
1405	109	0
1200	206	0
559	291	0
815	94	1
906	53	1
1154	202	0
1869	183	0
295	6	1
499	250	0
1109	245	0
1821	90	0
1357	201	0
1759	24	0
2009	34	0
964	64	1
127	165	1
1782	266	0
1980	221	0
1688	118	0
574	55	0
1675	139	0
1128	142	1
1829	45	0
686	96	0
1454	132	1
535	47	0
22	75	0
1729	89	0
2107	281	0
574	9	0
1520	142	0
1593	51	0
1879	186	0
1513	164	0
312	165	1
2288	34	0
2036	47	0
2109	299	0
947	251	0
436	40	1
1840	92	0
285	176	0
623	22	0
2024	200	0
574	275	0
2198	142	0
2169	53	0
1263	91	0
1674	255	0
658	87	0
2305	205	0
32	226	1
2247	6	0
814	100	0
47	132	1
840	227	0
659	85	0
1454	218	0
1265	249	0
1605	101	0
932	136	0
2129	200	0
1571	212	0
921	71	0
1027	142	1
419	152	0
400	73	0
973	30	0
237	5	0
911	134	1
456	148	0
1977	4	0
1221	14	0
1307	114	1
992	39	0
1164	27	0
1511	88	0
1292	174	0
1301	193	0
1410	177	0
611	116	0
2142	261	0
181	66	1
105	276	0
1651	41	0
874	218	1
511	50	1
605	43	0
947	61	1
752	166	0
124	194	0
958	165	0
829	50	1
1030	190	0
914	212	0
27	31	0
394	8	0
2203	211	0
1253	191	0
598	34	1
960	278	0
1253	289	0
634	58	1
1514	200	0
1845	93	0
2200	133	0
596	131	0
2022	18	0
1131	123	0
2093	17	0
892	134	1
765	7	0
437	42	1
707	142	1
1354	215	0
1461	277	0
312	6	1
2100	188	0
935	204	0
2216	107	0
1050	254	0
206	255	0
1311	235	0
44	175	0
2070	263	0
1927	198	0
318	273	0
669	9	0
126	1	0
2	138	0
973	44	0
1347	164	0
2227	63	0
1503	7	0
918	166	0
259	176	0
1121	96	0
483	34	1
620	100	0
1800	59	0
11	251	0
371	235	0
1704	122	0
1281	118	0
307	39	0
1595	273	1
1937	62	0
555	85	0
1972	24	0
2308	157	0
1871	130	0
1523	214	0
563	255	0
681	241	0
1063	77	1
383	135	0
95	6	1
832	244	1
1487	74	0
150	241	0
1493	0	0
1320	148	0
752	48	1
59	12	0
478	224	0
853	75	0
488	21	0
248	154	0
1708	30	0
598	183	0
407	8	0
2086	37	0
1125	189	0
212	147	0
2030	180	0
156	53	1
75	244	1
1848	209	0
1443	161	0
294	163	0
1229	288	1
1405	292	0
1624	68	0
1171	136	0
1504	264	0
382	90	1
1019	95	0
2222	267	1
2247	280	0
1916	24	0
58	94	0
975	293	0
1383	295	0
1485	2	0
135	165	1
1801	216	0
134	243	1
85	204	0
512	236	0
1201	189	0
924	209	0
2312	249	0
1120	105	1
1555	83	0
143	266	0
169	263	0
403	34	1
501	10	0
2170	244	1
473	279	0
582	137	0
1511	197	0
255	65	0
2257	39	0
322	45	0
470	6	0
1452	211	0
14	285	0
2118	216	1
2246	89	0
75	7	1
1527	129	0
252	6	1
51	86	0
832	136	0
59	139	1
1556	248	0
1086	261	0
257	193	0
650	200	0
201	6	1
1259	194	0
972	207	0
1627	288	0
1101	182	0
493	165	0
1105	221	0
128	298	0
1588	88	0
1503	61	0
1879	19	0
1662	118	0
1642	105	0
740	43	0
1244	210	0
752	178	0
151	28	0
1001	254	0
1381	26	1
1458	280	0
956	171	0
508	5	0
2213	261	1
550	142	0
1131	140	0
1662	159	1
1141	196	0
1078	35	0
144	269	0
1213	205	0
319	6	1
1904	218	1
2067	165	1
1529	219	0
338	9	0
852	113	0
469	120	0
285	86	0
1193	253	0
1667	210	1
749	106	0
1618	289	0
367	116	0
1903	132	0
1761	93	0
1997	149	0
1332	109	0
1157	88	1
1100	81	0
1615	42	0
684	48	1
1327	150	0
1964	142	1
2297	31	0
988	66	1
747	293	0
98	183	0
189	299	0
1419	162	0
748	196	0
994	152	0
392	25	0
64	229	0
2209	29	0
1558	186	0
486	124	0
1507	33	0
939	146	0
860	218	1
1162	240	0
813	7	0
235	86	0
951	171	0
168	49	0
643	105	1
1372	111	0
1458	200	0
1766	227	0
2127	51	0
1557	133	0
451	152	0
1522	179	0
430	3	0
806	153	0
292	198	0
1086	186	0
296	243	0
2063	123	0
114	60	0
140	188	0
771	202	0
47	112	1
795	218	1
261	270	0
510	223	0
2205	133	0
745	107	0
89	155	0
208	235	0
2177	162	0
200	205	0
1441	289	0
1208	56	0
1785	266	1
2000	183	0
1459	250	0
2075	152	0
181	62	0
567	43	0
2313	187	0
2097	49	0
872	50	1
2134	294	0
1326	175	0
209	99	1
1731	296	0
1646	102	0
1830	143	0
782	209	0
1983	256	0
2026	79	0
1142	273	1
1878	129	0
1310	261	0
2144	27	0
260	91	0
357	105	0
1415	224	0
160	2	0
1967	157	0
873	50	1
1287	110	1
1277	297	0
1029	127	0
1163	88	1
470	34	1
1019	139	0
512	61	0
1345	110	0
601	227	1
636	277	0
921	41	0
1475	291	1
903	116	1
1406	244	1
1832	17	0
823	50	1
572	52	0
1774	80	0
1164	170	0
2064	147	0
1126	77	1
1032	250	1
973	217	0
335	6	1
227	140	0
155	82	0
431	221	1
1661	161	0
510	59	0
1077	21	0
367	185	1
1084	77	1
2293	220	0
58	138	1
2158	244	1
850	207	0
636	124	0
1737	296	0
2236	49	1
828	293	0
2041	158	0
2152	99	0
2049	78	0
1863	207	0
493	34	1
1262	178	1
490	34	1
2032	242	0
1992	216	0
399	152	0
385	225	0
119	15	0
2290	118	0
358	13	0
578	129	0
263	174	0
249	6	1
1881	131	0
964	14	0
2019	1	0
1361	42	0
204	142	0
575	34	1
1198	115	0
1460	150	0
1746	11	0
1951	253	0
1507	82	0
2178	199	0
1671	146	0
1019	17	0
48	226	0
1996	196	0
918	39	0
2074	123	0
1922	271	0
70	101	0
103	153	0
1905	128	0
1466	79	0
1441	75	0
2267	180	0
468	68	0
1552	204	0
1850	47	0
1357	42	0
440	217	0
371	79	0
1398	291	0
1736	174	1
506	168	0
1133	280	1
2208	257	1
1911	233	0
286	221	0
1869	200	0
1240	22	0
261	22	0
282	7	0
728	0	0
773	48	1
372	241	0
515	252	0
1577	132	1
637	171	0
1972	290	0
1972	221	0
1541	138	1
1842	276	0
478	212	0
1471	116	1
632	133	0
1415	273	0
357	87	0
1819	203	0
181	90	0
1849	183	0
177	30	0
1637	268	0
594	174	1
2319	147	0
2206	256	1
637	72	0
2016	241	0
484	33	0
499	135	0
1007	86	1
2241	259	0
270	219	0
2104	295	0
2107	295	0
1742	249	0
324	6	1
858	169	0
1021	109	0
1559	245	0
1349	297	0
796	186	0
1111	225	0
268	177	0
139	243	1
1780	181	0
661	287	0
181	200	0
103	7	1
1989	268	0
379	246	0
1466	97	0
1802	198	0
2250	37	0
1314	191	0
501	48	1
708	214	0
12	50	0
443	20	0
987	218	1
1126	218	1
1635	139	0
1516	219	0
230	6	1
2201	62	0
906	259	0
30	11	1
1342	68	0
771	184	0
2071	237	0
2259	249	0
1588	199	0
354	243	1
2206	100	0
494	275	0
1465	132	1
676	25	0
929	104	0
2138	97	0
184	39	0
983	25	0
1225	1	0
135	129	0
1849	211	1
2099	144	0
638	243	0
770	76	0
864	50	1
2193	72	1
546	144	0
1096	204	0
1048	185	0
167	53	0
525	34	1
1874	283	0
2041	231	0
1881	104	0
2025	29	0
1326	47	0
926	88	0
685	19	0
95	272	1
442	24	0
1555	259	0
782	48	1
2049	169	0
2165	277	0
1785	180	0
46	145	0
1758	227	0
1724	174	1
2143	15	0
1318	289	0
521	50	1
1780	193	0
1632	237	0
126	143	0
1752	48	0
155	117	0
874	82	0
1784	295	0
1381	129	0
116	127	0
864	92	0
1543	107	0
576	138	0
1700	167	0
1717	286	0
583	85	0
1000	205	0
2003	247	1
388	91	0
2237	13	0
299	164	0
396	7	0
2117	139	0
1531	207	0
471	34	1
1756	282	0
352	6	1
1519	2	0
1495	198	0
443	40	1
1179	92	0
187	50	0
1310	90	0
1342	58	0
672	34	1
1324	160	0
1842	286	0
843	172	1
212	264	0
563	145	0
109	48	1
1846	289	0
946	64	0
360	230	0
1492	136	1
2061	171	0
616	58	0
420	34	1
1441	110	0
761	147	0
1762	77	0
2041	299	0
116	215	0
102	250	0
1897	218	1
369	88	0
1265	165	0
30	132	1
1337	142	1
428	255	0
1894	8	0
1903	190	0
1290	177	0
1730	84	0
1042	50	0
1184	38	0
2110	8	0
2105	230	0
2115	251	0
923	117	0
2048	227	1
121	142	1
547	50	1
425	135	0
1460	226	0
1041	235	0
396	211	0
1644	83	0
1706	152	0
1140	83	1
996	279	0
1614	63	0
49	188	0
996	227	0
1786	15	0
1573	226	0
1642	260	0
1234	50	0
799	218	1
590	137	0
1465	52	0
1649	111	0
1400	263	0
1607	148	1
1634	246	0
1471	134	1
442	173	0
381	18	0
2081	293	0
1406	179	0
32	108	1
215	112	0
2072	192	0
1682	100	0
1725	49	0
29	253	0
292	187	0
1943	258	0
1871	288	0
492	34	1
525	105	0
1025	174	1
236	199	0
1651	116	0
920	257	0
937	136	0
1403	26	1
2204	127	0
1064	180	0
596	9	0
1153	77	0
764	168	0
1637	150	1
1176	98	0
1277	142	0
413	31	1
195	118	0
1759	206	1
2099	199	0
1288	248	0
56	6	1
60	292	0
1886	231	0
338	248	0
393	7	0
1991	145	0
1068	77	1
1477	208	0
1794	61	0
1088	291	0
2024	267	0
1906	154	0
448	48	0
200	288	0
801	108	1
800	97	0
446	227	1
1690	193	0
908	211	0
1536	140	0
1519	138	1
525	91	0
1917	40	0
988	169	0
1603	179	0
1512	123	0
1563	196	0
1673	166	0
447	271	0
569	224	0
1539	229	0
634	174	1
1647	156	1
603	190	0
611	203	0
42	166	0
1452	155	0
878	57	0
884	101	0
1057	24	0
1542	174	1
1116	86	0
1	15	0
533	34	1
903	81	0
1329	22	0
1983	169	0
1798	79	0
1673	106	0
1345	220	0
2191	82	0
613	51	0
2003	55	0
1394	75	0
2202	253	1
603	34	1
2016	66	0
1262	132	0
1142	222	0
2143	188	0
139	165	1
814	169	0
1908	223	1
801	245	1
1097	87	0
2185	91	0
839	218	0
1163	144	0
623	195	0
1893	287	0
604	132	0
2266	269	0
868	162	0
2136	280	0
1171	201	0
1380	26	1
754	52	0
1214	145	0
2234	163	0
1244	216	0
1021	102	0
463	8	0
392	289	0
2201	253	1
839	15	0
1992	246	0
1767	268	0
2112	147	0
1948	34	0
135	233	0
599	231	0
248	211	0
915	141	0
1106	77	1
1846	120	0
564	149	0
740	48	1
2019	216	0
1025	13	0
858	50	1
684	55	0
1724	225	0
1728	47	0
1444	134	0
491	160	0
432	167	0
492	299	0
360	123	0
224	116	0
381	222	0
1521	180	0
702	158	0
1881	211	1
2201	225	0
437	4	0
1257	99	0
345	6	1
494	204	0
76	173	0
68	35	0
2193	26	0
1835	197	0
1457	1	0
650	243	0
2012	20	0
80	182	0
1874	24	0
1885	253	0
77	244	1
614	33	0
925	158	0
1264	178	0
1727	73	0
1439	73	0
1795	296	0
862	109	1
561	48	0
1841	241	0
2102	145	0
1320	295	0
1499	144	0
2148	287	0
1494	63	0
833	58	0
1519	59	0
1396	232	0
2065	165	1
2205	298	0
637	218	1
1997	180	0
95	185	0
1737	174	1
848	239	0
1844	200	0
1128	37	0
1745	218	1
2138	205	0
659	245	1
1360	288	0
1147	40	0
409	73	0
1296	235	0
2205	118	0
147	269	0
794	267	0
1681	170	1
2155	293	0
327	138	1
1041	260	0
339	143	0
2275	34	0
787	210	0
1063	112	0
1129	77	1
1021	21	0
1149	166	0
351	11	0
1485	144	0
1319	37	0
1623	8	0
1255	94	0
940	46	0
1560	297	0
1165	5	0
728	262	0
1334	256	0
432	177	0
901	49	0
1360	11	0
903	100	0
1440	251	0
1169	125	0
947	74	0
2011	122	0
1850	234	0
465	236	0
1077	217	0
446	25	0
1156	266	0
1959	253	0
659	8	0
2197	119	0
1690	263	0
14	111	0
1363	104	0
283	39	0
1330	186	0
534	57	0
1980	31	0
1966	250	0
1131	42	0
1202	219	0
771	17	0
1232	266	0
1990	12	0
1855	211	1
680	174	0
2080	295	0
1080	261	0
946	227	1
2130	50	0
247	216	0
1808	118	0
2306	157	0
2041	259	0
441	213	0
1426	192	0
255	58	0
419	50	1
1880	54	0
2175	96	0
1034	280	0
1724	72	0
1875	194	0
65	105	0
99	193	0
553	60	0
176	240	0
147	163	0
158	110	0
144	81	0
1625	168	0
344	132	0
866	265	0
2096	160	0
1254	224	0
1979	102	0
587	201	0
997	72	1
427	178	0
1728	188	0
878	58	0
1781	80	0
49	5	1
1736	299	0
1862	200	0
1853	167	0
1177	265	0
2308	61	0
217	266	0
446	198	0
2199	12	0
1924	1	0
1277	249	0
32	284	1
436	165	0
1880	49	0
1962	216	0
127	187	0
466	29	0
1125	241	0
2182	74	0
1943	220	1
412	0	0
1117	160	0
1015	244	0
1265	16	0
2192	14	0
2002	247	1
1009	142	0
1519	256	0
1081	147	0
6	293	0
1690	191	0
1362	208	0
1144	42	0
679	203	0
392	238	0
1415	201	0
1761	54	0
2269	54	0
1499	42	0
685	34	1
755	53	0
1988	282	0
2082	140	0
1581	231	0
968	285	0
1074	59	0
1618	198	0
84	113	0
126	112	0
1352	233	0
596	77	1
189	87	0
1083	161	0
1100	93	0
772	22	0
1408	134	0
350	199	0
1549	142	1
1922	2	0
1768	235	0
613	12	0
506	53	0
176	30	0
2215	36	0
1856	211	1
875	158	0
631	189	0
1206	123	0
1934	254	0
87	244	1
1164	54	0
1336	97	0
288	6	1
960	242	0
1333	294	0
1928	220	1
462	267	0
579	136	0
1360	150	0
893	167	0
2221	149	0
789	148	0
2204	72	0
2124	144	0
1317	264	0
1936	92	0
1686	210	0
2225	267	1
718	212	0
2270	289	0
2312	55	0
1194	203	0
872	169	0
404	167	0
1654	67	0
121	222	0
289	274	0
880	68	0
1732	14	0
1916	67	0
361	179	0
1894	185	0
444	212	0
1669	35	0
2092	275	0
380	13	0
1859	223	0
2112	85	0
969	62	0
1234	170	0
1472	76	0
82	144	0
1524	86	0
1161	88	1
1558	138	1
1282	176	0
599	287	0
64	60	0
830	74	0
53	279	0
2210	115	0
835	244	1
1054	144	0
1517	215	0
1931	24	0
2045	156	0
987	297	0
1376	56	0
1292	230	0
483	77	1
17	224	0
857	60	0
1840	128	0
2013	245	0
588	13	0
934	8	0
541	34	1
1999	152	1
62	47	0
920	77	0
667	77	0
2086	239	0
903	296	0
1668	221	0
88	185	0
1680	257	0
230	109	0
1126	289	0
186	168	0
1744	150	0
1390	274	0
1401	59	0
1706	174	1
723	138	0
1264	139	0
1013	75	1
2298	110	0
2256	192	0
111	226	1
302	6	1
1866	298	0
320	226	1
679	45	0
323	276	0
164	140	0
1636	31	0
1176	208	0
1383	4	0
649	55	0
422	284	0
1936	224	0
30	244	1
107	22	0
1064	156	0
1838	131	0
133	123	1
1291	93	0
532	34	1
1038	77	1
458	34	1
860	140	0
1217	200	0
1929	191	0
1335	74	0
1311	100	0
1024	204	0
1658	29	0
1836	93	0
1637	252	0
2114	234	1
437	206	0
1889	193	0
1131	91	0
43	184	0
1356	96	0
1960	36	0
321	64	1
144	64	0
1762	125	0
1296	248	0
819	113	0
1789	142	1
119	10	1
572	81	0
1854	70	0
1514	241	0
223	14	0
561	99	0
991	250	0
999	141	0
2198	99	0
177	62	0
1304	132	0
1660	27	0
2064	290	0
1715	101	0
2158	127	0
944	160	0
2153	244	1
410	9	0
8	7	1
874	267	0
693	237	0
1583	101	0
1007	277	0
538	11	0
2327	196	0
1570	255	0
1235	255	0
2257	180	0
2080	165	1
1055	199	0
944	184	0
448	140	0
669	110	0
68	234	0
613	34	1
1412	26	1
1286	220	0
1489	195	0
1777	86	1
1496	82	0
96	296	0
944	140	0
1	27	0
1434	15	0
1243	246	0
2169	279	0
84	211	0
277	6	1
2316	174	0
366	230	0
841	110	0
1266	72	0
99	242	0
1089	263	0
1359	45	0
1773	82	0
1630	23	0
2047	111	0
1926	162	0
2238	102	0
1901	265	0
1173	132	0
314	288	1
95	48	1
1631	229	0
781	82	0
660	149	0
1774	228	0
2223	59	0
531	177	0
417	96	1
1765	74	0
561	34	1
724	45	0
786	213	0
479	244	0
1697	124	0
160	50	0
2063	194	0
1369	144	0
2064	15	0
1577	216	0
251	201	0
1217	135	0
858	116	0
369	138	1
2290	153	0
779	206	0
1032	131	0
494	236	0
89	57	0
341	6	1
1085	140	0
1807	241	0
465	110	1
626	271	0
609	3	0
1616	42	0
1013	41	0
909	157	0
1959	122	0
1589	3	0
1439	109	0
905	228	0
138	279	0
110	97	0
1438	151	0
749	211	1
1800	147	0
1739	288	0
496	34	1
42	289	0
1954	182	0
2057	227	1
1265	102	1
1369	266	0
1892	92	0
150	254	0
1646	214	0
1351	96	0
1116	184	0
2197	150	0
1684	232	0
531	62	0
1184	151	0
964	196	0
2128	244	1
820	14	0
374	62	0
277	134	0
524	58	0
1679	126	0
1843	233	0
1701	281	0
2231	270	1
825	61	1
492	16	0
1452	188	0
1153	179	0
1154	116	0
931	55	1
1605	130	0
1531	218	1
437	77	1
471	198	0
46	31	0
1798	191	1
1253	97	1
1677	169	1
601	178	0
214	281	0
873	231	0
1234	22	0
1915	152	0
1639	267	0
1801	97	0
339	33	0
1935	49	0
1555	118	0
1231	27	0
1327	153	0
1918	64	0
1447	72	0
1673	122	0
1784	46	0
917	53	1
235	218	0
501	298	0
909	243	0
488	48	0
961	206	0
1492	172	1
255	133	0
653	20	0
1971	142	1
1147	125	0
1123	195	0
960	115	0
1549	236	0
858	247	0
2079	63	0
1116	77	1
956	184	0
1673	34	0
411	15	0
258	280	0
1452	140	0
1883	279	0
2273	21	0
2303	151	0
1358	49	0
1153	103	0
1273	140	0
840	50	1
307	165	1
2101	254	0
1900	136	0
701	91	0
1920	264	0
1398	245	0
32	5	1
780	251	0
2170	174	0
1852	181	0
1793	66	0
67	3	0
399	23	0
1177	125	0
1603	148	0
1615	106	0
678	50	1
1408	59	0
2232	215	0
760	95	0
1446	161	0
120	282	0
69	192	0
954	46	0
2094	25	0
2019	226	1
2142	244	1
647	34	1
1965	63	0
1748	218	1
844	219	0
848	97	0
1779	284	0
963	43	0
1272	139	0
103	123	0
989	160	0
103	174	1
221	181	0
43	237	0
1914	52	0
1423	216	0
783	83	0
1663	91	0
1014	143	0
313	103	0
985	66	1
2161	116	0
1358	288	0
42	251	0
257	85	0
1988	142	1
1879	82	0
1934	210	0
736	108	0
2091	36	0
607	105	1
1607	131	0
1139	83	1
295	34	0
1564	184	0
50	99	0
1950	258	0
680	48	1
1571	133	0
1029	77	1
371	210	0
1220	180	0
778	240	0
980	283	0
714	43	0
1933	220	1
1051	48	0
1047	176	0
731	45	1
1542	275	0
1008	58	0
1652	213	0
2200	54	0
2073	46	0
1090	77	1
1882	221	0
1816	157	0
2066	234	0
1273	201	0
140	6	1
339	166	0
1419	93	0
169	91	0
1702	174	1
956	91	0
462	126	0
995	158	0
65	7	1
518	30	0
922	95	0
618	34	1
368	94	0
368	185	1
1633	247	0
1441	44	0
1156	255	0
554	50	1
1802	292	0
1672	169	1
1486	163	0
1019	152	0
1975	272	0
552	211	0
468	224	0
1644	153	1
1749	176	0
491	171	0
479	223	0
2059	197	0
2031	10	0
311	42	0
1191	225	0
1712	234	0
1001	72	1
1882	214	0
101	50	1
782	177	0
149	52	0
1557	219	0
1930	220	1
796	153	0
1155	67	0
1298	44	0
806	280	0
1090	292	0
682	180	0
1681	197	0
992	34	0
205	164	0
1737	10	0
1879	5	0
1345	157	1
1354	72	0
2202	93	0
145	70	0
1053	225	0
438	70	0
1614	153	0
1935	220	1
100	244	1
826	50	1
1518	117	0
1831	236	0
1317	18	0
1785	235	0
694	112	0
1799	150	0
768	206	0
1446	156	0
172	164	0
1506	98	0
1295	168	0
523	147	0
1653	32	0
1360	95	0
1761	110	0
248	103	0
50	151	0
1715	154	0
1738	245	0
176	49	0
1841	24	0
500	19	0
1378	64	0
2096	2	0
1845	198	0
2254	52	0
1408	12	0
339	192	0
665	164	0
1660	190	0
634	138	1
240	187	0
609	210	0
491	159	0
393	142	0
391	128	0
835	159	0
2253	0	0
1658	277	0
1334	176	0
537	144	0
696	250	0
1865	234	0
1465	50	0
1217	102	0
965	7	0
155	234	0
829	158	0
768	295	0
1309	239	0
1610	148	1
377	59	0
2198	222	0
1314	19	0
506	228	0
407	291	1
369	170	0
1868	152	0
327	219	1
1532	125	0
262	256	0
1475	134	1
1189	89	0
533	25	0
852	55	0
51	50	1
1626	123	0
2223	96	0
1868	56	0
1563	34	1
2100	183	0
2299	123	0
1206	15	0
695	47	0
1438	203	0
811	184	0
453	76	1
323	222	0
2185	55	0
581	178	0
338	142	0
1000	122	0
598	178	0
1858	211	1
202	116	0
423	34	1
1320	90	0
156	196	0
2112	57	0
202	6	1
197	203	0
1424	26	1
2269	11	0
249	104	0
1590	40	0
1158	109	0
248	153	0
157	208	0
1971	33	0
1405	26	1
1981	263	0
2126	118	0
922	159	0
546	48	1
2111	257	0
7	236	0
438	50	1
57	123	1
1490	140	0
1475	47	0
1209	277	0
2061	178	0
387	237	0
1541	215	0
634	109	1
2012	259	0
75	50	1
1651	156	1
1198	81	0
312	123	0
662	286	0
1019	75	1
2080	244	0
1588	246	0
1082	74	0
2227	267	1
1411	181	0
754	63	0
2070	8	0
533	257	0
1160	215	0
2140	101	0
1145	298	0
113	76	1
1350	241	0
1347	5	0
1210	218	0
2151	196	0
369	120	0
1447	34	0
1102	227	0
1642	191	0
1558	102	0
124	11	1
1890	151	0
500	261	0
937	58	1
1876	135	0
2008	202	0
1674	208	0
1426	228	0
330	64	0
2122	157	0
1817	273	1
1763	199	0
1873	268	0
2194	278	0
1332	175	0
966	103	0
1147	6	0
623	136	0
1003	71	0
143	6	1
2064	198	0
496	209	0
2189	249	0
276	21	0
1979	259	0
38	5	1
1616	46	0
402	188	0
171	124	0
1848	148	0
801	48	1
1417	106	0
46	173	0
1162	106	0
367	50	1
2015	97	0
1203	11	0
1427	221	0
51	48	1
1096	22	0
1250	173	0
183	298	0
561	174	1
2293	50	0
783	130	0
1171	125	0
1298	201	0
416	179	1
2008	50	0
994	72	1
200	123	0
1742	261	0
2169	184	0
1738	168	0
314	91	1
981	215	0
1047	70	0
1081	289	0
620	91	0
1766	291	0
1089	52	0
1152	88	1
788	197	0
352	115	0
547	10	0
1601	145	1
1377	96	0
1996	278	0
845	18	0
71	255	1
1559	287	0
1964	6	0
2207	257	1
511	83	0
1549	63	0
1483	9	0
1497	138	1
321	86	1
196	190	0
318	91	0
1230	148	0
1892	159	0
1436	86	1
1194	91	1
2059	297	0
194	53	0
2214	217	0
411	30	1
1911	171	0
672	50	1
479	286	0
1756	146	0
977	275	0
48	235	0
1573	48	0
791	42	0
131	286	0
1281	106	0
2190	111	0
2258	196	0
2213	126	0
2125	257	0
388	22	0
2120	88	0
1789	277	0
1860	154	0
2021	227	0
1417	68	0
1759	66	0
430	32	1
1551	115	0
2207	130	0
228	59	0
1581	175	0
2199	174	0
587	249	0
1097	76	0
162	21	0
2220	12	0
2230	161	0
648	201	0
280	143	0
1823	8	0
1495	226	0
844	201	0
1868	237	0
2090	75	0
2174	100	0
1807	25	0
641	132	1
1589	147	0
517	95	0
336	41	0
1605	141	0
246	296	0
1362	120	0
1044	275	0
1915	218	1
642	37	0
734	74	0
1816	199	1
641	28	0
551	133	0
218	51	0
1289	44	0
954	101	0
1646	163	0
873	20	0
122	261	0
990	202	0
1771	99	0
1788	227	0
1425	182	0
1234	94	0
676	61	1
2268	44	1
67	88	1
2293	86	0
778	141	0
1995	34	0
1014	229	0
2003	33	0
411	73	0
644	293	0
307	201	0
976	66	1
907	53	1
2041	267	0
1375	186	0
1440	188	0
1176	231	0
2245	28	0
1978	124	0
1138	222	0
236	113	0
2224	267	1
1099	9	0
2279	252	0
638	222	0
1351	94	1
2056	193	0
144	265	0
407	167	1
9	50	1
473	236	0
127	131	0
67	260	0
695	22	0
480	256	0
711	198	0
945	138	0
2323	297	1
666	51	0
1546	50	0
1215	116	1
1946	284	0
1790	205	0
105	217	1
1118	282	0
2035	132	0
1220	148	1
73	106	0
1042	29	0
245	6	1
1182	220	1
1128	38	0
1043	179	0
1826	143	0
2134	159	0
19	69	0
1787	86	1
1152	50	0
1518	216	0
94	218	0
1431	11	1
1270	30	0
2147	237	0
744	220	0
81	269	0
1832	174	0
1557	138	1
431	37	1
1761	119	0
1200	51	0
50	104	0
932	185	0
69	229	0
1705	13	0
873	53	0
994	66	0
248	0	0
993	194	0
630	289	0
47	260	0
1130	18	0
48	163	1
1293	39	0
678	185	0
1428	199	0
172	6	1
1214	286	0
1474	185	0
1090	221	0
36	60	0
2306	48	0
43	78	0
1248	164	0
2212	252	0
2239	11	0
1282	213	0
1352	270	0
2114	100	0
1262	142	0
497	82	0
1843	16	0
1064	41	0
354	37	0
1556	78	0
1648	155	0
1657	162	0
13	178	1
829	134	0
1592	86	0
1929	260	0
311	294	0
2025	226	1
975	202	0
1412	44	0
1239	195	0
870	178	0
1411	115	0
628	169	0
440	162	0
32	124	1
676	189	0
537	248	0
2232	94	0
1145	261	0
2270	199	0
2227	119	0
945	27	0
2266	158	0
269	246	0
802	165	1
819	234	0
194	204	0
1447	279	0
2145	268	0
293	284	0
490	30	0
489	266	0
78	93	0
1885	175	0
1652	212	0
783	48	1
1294	109	1
762	233	0
1534	138	1
896	243	0
2258	112	1
1136	288	1
1938	84	0
704	135	0
1148	213	0
2177	244	1
990	236	0
1443	197	0
1006	243	0
860	207	0
29	201	0
1030	292	0
2064	233	0
257	111	0
462	11	0
222	115	0
473	8	0
2321	154	0
686	261	0
2104	153	0
1673	169	1
1438	160	0
1996	109	0
263	104	0
1003	10	0
1012	75	1
1601	54	0
716	219	0
170	76	0
1132	122	0
507	20	0
1214	81	0
1629	248	0
236	43	0
999	256	0
2279	298	0
1643	13	0
937	157	0
2180	46	0
586	12	0
505	60	0
1678	285	0
809	54	0
564	193	0
1513	75	0
1986	225	0
2055	71	0
1042	98	0
1677	30	0
2271	88	0
1101	218	0
1283	287	0
900	142	0
1881	222	0
2279	119	0
161	44	0
2064	230	1
1550	173	0
82	87	0
1401	26	1
1942	226	0
1670	165	1
706	34	1
1993	51	0
380	113	0
1045	121	0
1509	182	0
1918	275	0
1563	216	0
652	278	0
700	34	1
2050	227	1
9	245	1
530	98	0
1432	40	0
1432	255	0
1848	9	0
470	69	0
1083	207	1
11	291	0
614	142	1
134	165	1
1240	91	1
689	32	0
821	49	0
1955	231	0
77	71	0
110	232	0
1128	122	0
404	156	0
2243	16	0
207	71	0
738	215	0
357	154	0
848	50	1
679	159	0
630	257	0
620	75	0
1206	261	0
1903	218	1
586	111	0
512	39	0
524	157	0
717	137	0
660	54	0
273	261	0
1352	272	0
1216	241	0
2123	130	0
549	91	0
1433	70	0
1421	198	0
917	44	0
2133	172	0
656	271	0
1610	72	0
619	277	0
918	233	0
1720	299	0
80	59	0
1160	116	1
1756	92	0
1905	260	0
2148	82	0
886	259	0
1260	205	0
1940	220	1
472	34	1
157	274	1
2043	269	0
2126	104	0
1499	73	0
1067	269	0
1570	34	1
998	77	1
2186	287	0
431	132	1
1222	231	0
1513	138	1
127	34	1
784	230	0
1777	158	0
1290	16	0
1376	33	0
1085	202	0
1109	139	0
1071	228	0
993	77	1
1523	174	1
449	34	1
2242	240	0
2128	289	0
2083	189	0
745	170	0
390	184	0
477	12	0
83	178	1
1452	189	0
1859	89	0
293	93	0
32	73	1
796	4	0
2271	192	0
1888	211	1
2159	244	1
2313	256	0
978	299	0
504	125	0
146	171	0
705	48	1
456	48	1
897	216	0
334	133	0
1081	184	0
1680	0	0
216	299	0
311	23	0
1602	173	0
2019	11	0
2308	245	0
1512	260	0
416	177	1
1958	130	0
1525	37	0
1378	47	0
2265	275	0
58	36	1
1900	293	0
908	85	0
2028	227	1
160	183	0
695	0	0
2122	111	0
530	110	1
394	253	0
1277	205	0
70	94	0
589	216	0
1802	38	0
1807	229	0
1797	67	0
1543	253	0
924	160	0
755	48	1
1986	113	0
2107	238	0
805	188	0
829	247	0
967	64	1
71	81	0
333	200	0
2159	51	0
1401	63	0
509	118	0
688	154	0
659	252	0
1747	177	1
1742	255	0
2083	179	0
990	69	0
760	177	0
1057	20	0
1726	92	0
1011	40	0
560	174	1
333	145	0
2091	88	0
1713	237	0
682	289	0
1575	239	0
786	159	0
231	68	0
1057	158	0
1300	273	0
626	174	0
656	151	0
93	119	0
966	64	1
1726	9	0
831	142	1
1719	185	0
1178	97	0
381	289	0
839	211	0
1326	94	1
60	269	0
949	202	0
659	176	0
2326	62	0
158	146	0
733	38	0
452	250	0
1280	254	0
2234	42	0
420	253	0
1165	82	0
1046	157	0
1268	105	1
648	34	1
192	297	0
321	77	1
1884	211	1
1577	225	0
362	210	0
1354	125	1
1205	223	0
1058	77	1
536	158	0
598	5	0
574	261	0
44	26	1
1255	275	0
1969	142	1
1633	116	1
2067	148	0
1447	187	0
1896	55	0
2080	66	0
1659	267	1
1165	88	1
1468	78	0
1223	19	0
1116	287	0
1249	72	0
1863	47	0
2264	162	0
358	190	0
1008	256	0
516	63	0
869	93	0
2256	275	1
403	190	0
2117	235	1
757	151	0
2078	241	0
278	39	0
717	92	0
181	77	1
440	40	1
167	15	0
1865	85	0
2309	244	0
205	187	0
1435	196	0
5	3	1
435	290	0
504	48	1
1490	271	0
1475	84	0
937	234	0
592	218	1
988	5	0
863	252	0
271	73	0
1242	288	1
1470	134	1
2201	0	0
1796	189	0
1916	22	0
1131	285	0
1609	148	1
817	84	0
1106	276	0
363	6	1
99	270	0
434	40	1
2047	227	1
2184	204	0
630	59	0
244	107	0
871	50	1
1524	8	0
188	153	0
1378	233	0
396	17	0
2133	281	0
1317	127	0
1109	47	0
2033	165	0
1070	285	0
1105	237	0
1249	77	0
2182	46	0
1260	50	0
1296	217	0
2295	290	0
1876	121	0
819	147	0
0	0	1
1496	138	1
186	174	0
1034	150	0
1410	98	0
837	77	0
2017	115	0
775	119	0
869	102	0
1892	115	0
2240	239	0
1250	70	0
2045	271	0
1874	225	0
864	77	1
1076	244	0
1198	54	0
907	63	0
599	16	0
1819	248	0
509	198	0
323	100	0
1061	7	0
1534	290	0
98	293	0
742	128	0
999	234	0
207	56	0
37	209	0
791	156	0
747	231	0
472	221	0
605	176	0
662	290	0
1190	41	0
188	53	0
915	47	0
2248	262	0
1501	173	0
1431	132	0
80	129	0
140	19	1
1955	221	0
1283	108	0
751	94	0
1346	289	0
2182	54	0
883	163	0
998	128	0
560	266	0
1023	189	0
1565	134	0
1760	285	0
444	42	0
103	142	1
825	30	0
285	14	0
1411	68	0
1621	38	0
484	236	0
572	115	0
1216	116	1
2136	268	0
1852	77	0
1638	284	0
886	160	0
914	164	0
16	92	0
1010	270	0
363	255	0
1027	298	0
1324	237	0
2322	295	1
2063	130	0
598	77	1
1614	195	0
218	84	0
2036	204	0
542	88	0
266	195	0
1979	216	0
271	227	0
883	118	0
1336	261	0
743	48	1
173	67	0
1501	59	0
783	50	1
1210	27	0
1599	247	0
514	77	0
68	26	0
746	140	0
2190	123	0
1447	142	0
668	86	0
844	132	1
1046	246	0
1385	249	0
580	44	0
1665	196	0
1486	180	0
920	48	0
751	103	0
421	201	0
1485	206	0
2224	271	0
2311	34	0
1089	90	0
1119	67	0
2078	204	0
156	288	1
1824	26	0
1735	262	0
510	142	0
1867	36	0
32	142	1
2002	156	0
345	274	0
2294	299	0
846	27	0
1113	252	0
2199	284	0
796	77	1
474	22	0
1012	220	0
2206	96	0
1253	117	0
286	199	1
942	124	0
641	227	1
2176	274	0
2308	136	0
1617	41	0
839	289	0
497	48	1
689	50	1
500	210	0
2198	293	0
605	159	0
1667	152	0
1213	220	1
1764	222	0
51	62	0
1469	22	0
292	181	0
1490	158	0
109	244	1
170	58	0
422	37	0
2272	162	0
1218	170	0
541	166	0
601	230	0
391	273	0
876	235	0
1334	148	0
691	218	0
1787	142	1
1746	201	0
778	154	0
1653	274	1
1444	136	0
415	178	0
1136	293	0
545	198	0
994	59	0
1850	6	0
130	12	0
386	26	1
1911	0	0
1255	17	0
812	57	0
1813	132	0
1630	52	0
86	50	1
1493	108	0
45	215	0
840	259	0
1223	59	0
731	140	0
106	259	0
1992	151	0
1846	211	1
1014	175	0
67	146	0
1301	216	0
470	223	0
1212	91	1
1805	161	0
49	49	0
2254	118	0
1273	203	0
209	215	0
693	264	0
226	245	0
1006	282	0
351	249	0
954	219	1
1585	145	1
1207	5	0
975	144	0
375	162	0
1747	152	0
42	8	0
1782	278	0
168	145	1
223	194	0
196	84	0
1476	40	0
1629	165	0
888	53	1
2149	72	0
1550	53	0
1027	77	1
2238	16	0
1637	189	0
2316	23	0
446	174	1
495	176	0
1109	77	1
1952	96	0
1894	218	1
920	53	1
935	255	0
489	116	0
1133	143	0
240	47	0
682	23	0
2225	68	0
277	56	0
2299	103	0
494	268	0
1606	292	0
2290	258	0
2062	237	0
816	158	0
881	76	1
551	31	0
608	34	1
1806	112	0
822	29	0
317	270	0
1618	291	1
786	44	0
156	194	1
626	92	0
1579	114	0
1128	53	0
1409	26	1
1037	188	0
1580	141	0
1029	142	1
1574	288	0
2028	95	0
2052	133	0
865	139	0
1143	70	0
741	214	0
177	113	1
1819	15	0
808	20	0
439	289	0
1896	85	0
390	27	1
252	28	0
1966	144	0
2197	277	0
1126	106	0
111	264	0
1224	91	1
332	116	0
274	71	0
2113	5	0
775	49	0
1808	197	0
2139	24	0
383	205	0
864	216	0
1020	70	0
940	138	0
113	44	0
1575	9	0
1395	242	0
854	166	0
46	152	0
1512	242	0
140	166	0
2311	283	0
1445	132	1
1386	144	0
824	79	0
184	46	0
48	5	1
1871	178	0
194	299	0
2275	59	0
1087	110	0
548	197	0
934	88	0
1411	173	0
2183	96	0
516	248	0
1231	28	0
1681	249	0
634	79	0
316	296	0
1408	91	0
1709	237	0
425	36	1
1759	290	0
0	8	0
947	76	0
1243	135	0
133	155	0
2279	51	0
2173	120	0
1539	138	1
515	34	1
1780	82	0
1140	162	0
888	210	0
416	70	0
1568	116	0
1671	227	0
614	34	1
1493	299	0
1284	65	0
948	288	0
2058	209	0
1687	64	0
1025	255	0
963	54	0
1425	232	0
708	226	0
1192	272	0
670	181	0
501	34	1
180	88	0
880	174	1
2122	190	0
2096	165	1
470	50	1
1120	256	0
1789	12	0
47	102	1
2153	187	0
1703	76	0
1921	146	0
1998	4	0
344	6	1
510	94	1
1065	171	0
1856	248	0
1291	148	0
1062	108	0
959	245	0
32	177	1
513	74	1
1067	20	0
1435	102	0
1149	247	0
1654	60	0
43	91	0
1924	127	0
1349	128	1
1215	194	1
1520	16	0
47	48	1
549	224	0
115	139	1
95	34	1
1274	16	0
594	34	1
608	198	0
1575	15	0
2012	173	0
97	148	0
459	142	1
1648	167	0
1515	17	0
1261	128	0
1645	163	0
618	213	0
245	284	0
397	274	0
146	150	0
72	50	1
564	90	0
303	154	0
630	65	0
360	165	0
814	55	0
1133	297	0
1045	157	0
2163	250	0
2070	211	0
953	58	1
1435	120	0
2011	222	0
2020	171	0
1777	290	0
1866	269	0
1206	90	0
1310	128	0
1452	64	0
379	172	0
721	208	0
1338	137	0
1005	299	0
2202	174	0
1908	218	1
355	187	0
1324	198	0
715	139	1
1817	95	0
793	2	0
537	167	0
2139	207	0
1536	235	0
923	94	0
982	82	0
29	22	0
1002	200	0
735	271	0
467	34	1
1478	134	1
888	225	0
50	226	1
825	37	0
304	288	0
516	249	0
1638	150	1
2219	22	0
821	2	0
1924	40	0
524	218	0
632	177	0
994	286	0
1637	216	0
1104	34	0
692	184	0
1566	86	1
703	76	0
1321	68	0
1798	28	0
834	142	1
791	294	0
709	88	0
1285	110	1
975	194	0
1825	227	0
1490	53	0
1734	81	0
2193	191	0
2012	212	0
1360	135	0
678	240	0
540	34	1
2138	8	0
853	223	0
1180	170	0
588	285	0
1257	122	0
1806	296	0
2025	72	0
214	266	0
120	59	0
1243	262	0
336	27	0
2028	241	0
545	18	0
742	257	0
1231	165	0
2186	233	0
625	90	0
2144	26	0
2000	92	0
855	76	1
2002	140	0
2319	72	1
2029	3	0
447	262	0
242	49	0
589	279	0
583	294	0
2253	287	0
2299	160	0
497	260	0
609	177	0
348	163	0
574	265	0
1028	54	0
579	269	0
2001	90	0
2308	253	0
463	222	0
104	77	1
197	43	0
2288	288	1
552	115	0
1942	189	0
387	76	0
2264	234	0
1329	94	1
69	249	0
693	164	0
72	130	0
2143	10	0
2100	298	0
1713	185	0
2102	165	1
893	275	0
1055	299	0
2247	289	0
699	248	0
78	97	0
1406	13	0
1902	7	0
656	219	0
839	174	1
135	6	1
559	34	1
1473	288	0
789	48	1
1370	81	0
2275	29	0
378	112	0
2039	141	0
1381	217	0
2078	165	1
1907	198	0
2200	216	0
2079	165	1
279	149	0
809	142	1
1682	139	1
2071	165	1
1707	179	0
1388	112	0
636	50	0
148	212	0
2230	10	0
2288	39	0
1938	31	0
1503	12	0
986	163	0
1667	65	0
1440	207	0
1561	283	0
1174	286	0
1357	225	0
2	156	0
1281	103	0
884	65	0
389	209	0
204	293	0
1269	216	0
2130	205	0
844	129	0
1571	158	0
2245	268	0
2025	189	0
1813	68	0
159	77	0
919	195	0
1897	298	0
612	295	0
158	53	1
14	169	1
1341	62	0
2195	273	0
1727	57	0
1576	69	0
399	154	0
550	39	0
2238	37	0
748	48	1
790	65	0
1361	284	0
253	236	0
2269	77	0
285	45	0
762	6	0
423	5	0
150	199	0
626	201	0
724	254	0
512	0	0
555	34	1
2312	20	0
178	243	1
2026	117	0
1688	282	0
1208	266	0
2308	62	0
2202	121	0
932	131	0
1568	24	0
894	175	0
402	82	0
940	58	1
1627	221	0
832	224	0
136	119	0
2328	215	0
388	125	0
1384	224	0
2323	77	0
1263	109	0
1618	156	0
1351	169	0
1553	264	0
717	174	1
1259	34	0
1115	49	0
1684	139	1
238	13	0
1429	201	0
1368	24	0
1509	100	0
176	182	0
620	239	0
1212	9	0
542	65	0
1535	80	0
559	225	0
1789	5	0
11	147	0
1818	296	0
436	215	0
2035	243	0
956	220	0
228	6	1
460	183	0
1595	23	0
1445	208	0
1785	148	0
2006	225	1
767	53	0
1526	246	0
1	293	0
1845	247	0
0	55	0
2066	172	0
1321	94	1
1491	135	1
2327	199	0
1861	71	0
339	193	0
1372	202	0
694	84	0
1801	222	0
912	71	0
996	210	1
97	26	1
2165	149	0
1285	104	0
693	90	0
2055	98	0
708	50	1
359	225	0
1306	55	0
111	18	0
634	48	1
15	45	0
2038	285	0
112	254	0
1524	254	0
51	112	0
24	194	0
2179	43	0
1509	205	0
1541	38	0
1614	269	0
1586	110	0
1997	138	0
943	261	0
646	90	0
1818	11	0
1563	87	0
1101	43	0
2167	113	0
1923	29	0
54	110	0
2206	132	0
263	280	1
70	50	1
463	270	0
1125	196	0
605	285	0
1077	222	0
601	51	0
283	243	0
1137	279	0
620	113	0
407	290	0
1306	261	0
421	91	0
1272	145	0
1937	269	0
1792	294	0
481	78	0
2166	178	0
1582	12	0
85	244	1
418	85	0
2167	177	0
1254	97	1
481	99	0
685	24	0
1094	211	0
2042	215	0
319	180	0
925	138	1
1685	139	1
367	240	0
868	76	1
1472	13	0
641	73	0
2007	131	0
917	167	0
745	106	0
860	133	0
539	102	0
1832	275	0
1032	77	1
373	170	0
1549	27	0
1964	212	0
810	192	0
1210	288	1
124	206	0
1972	159	0
647	192	0
1527	138	1
1843	174	0
634	72	1
971	78	0
1452	132	1
268	6	1
925	87	0
1508	116	0
132	73	0
1151	286	0
1450	46	0
1242	4	0
94	244	1
356	224	0
2176	172	0
130	58	0
900	21	0
1333	68	0
422	90	0
735	29	0
1670	86	1
1627	114	0
2149	186	0
910	71	0
2030	89	0
795	237	1
2015	226	1
2173	116	0
1586	130	0
1808	59	0
1740	104	0
850	20	0
558	287	0
646	228	0
379	93	0
355	184	0
1683	95	0
2182	40	0
963	29	0
618	138	0
1597	145	1
2278	92	0
1479	297	0
711	34	1
1630	181	0
1675	77	0
452	117	0
2056	159	0
995	72	1
1949	204	0
530	34	1
246	266	0
1722	14	0
103	53	1
1713	174	1
852	54	0
2007	276	0
1396	277	0
869	160	0
307	298	0
1135	224	0
1364	125	0
885	219	0
1390	77	0
164	57	0
1395	180	0
1253	181	0
2280	228	0
1554	138	1
32	64	1
542	253	0
1105	230	0
2199	54	0
2207	124	0
1482	134	1
198	112	0
1124	32	0
1812	267	0
1658	221	0
1010	27	0
1790	131	0
1487	290	0
1473	134	1
1144	260	0
185	284	0
675	174	1
316	174	0
1989	149	0
107	7	1
913	103	1
704	243	0
861	164	0
514	185	0
695	74	0
896	20	0
766	25	0
2061	207	0
2029	164	0
1281	166	0
2240	156	0
1420	231	0
1086	108	0
1122	122	0
1808	3	0
1758	32	0
322	20	0
1440	75	0
437	32	0
774	261	0
803	213	0
851	185	1
371	2	1
324	134	0
1663	44	0
114	132	0
1243	46	0
1046	239	0
854	217	0
2326	298	1
1607	191	0
467	218	1
594	94	0
67	10	0
2295	3	0
141	284	0
1118	127	0
383	177	0
1188	252	0
1605	148	0
384	81	0
1748	199	0
1280	175	0
2029	18	0
1947	171	0
397	113	0
2047	71	0
638	181	0
1976	75	0
105	7	1
359	91	0
510	181	0
1383	26	1
710	174	1
1363	77	0
323	92	0
1554	295	0
1365	26	1
1595	91	0
1078	26	0
1377	28	0
1591	293	0
2295	272	0
2057	220	0
1640	119	0
1634	113	0
629	142	1
1414	238	0
685	287	0
1776	256	0
1183	18	0
653	80	0
1786	224	0
162	6	1
2132	65	0
2159	291	0
1112	50	0
32	185	1
1207	224	0
2032	129	0
2174	34	0
1022	43	0
156	109	0
1443	131	1
210	91	0
396	28	1
666	228	0
860	12	0
1064	127	0
460	264	0
887	49	0
2042	21	0
412	105	0
1388	28	0
1991	169	0
132	16	1
438	187	0
621	105	1
1094	181	0
1242	250	0
1848	125	0
2021	284	0
1137	147	0
414	53	0
1838	9	0
1897	153	0
1429	223	0
1631	223	0
658	148	0
1786	257	0
1575	202	0
1578	76	0
1376	165	0
2156	56	0
1456	198	0
1706	51	0
1303	142	0
2286	59	0
1847	141	0
1885	180	0
2057	39	0
1141	233	0
456	50	1
742	186	0
1267	253	0
1455	134	0
576	143	0
2244	72	0
636	86	0
287	79	0
95	8	1
2318	31	0
295	61	0
2197	262	0
181	46	0
278	6	1
761	179	0
1769	5	0
836	76	1
1116	268	0
156	233	0
40	123	0
1634	105	0
136	257	1
267	226	0
2043	227	1
2162	38	0
1270	248	0
841	195	0
412	264	0
1079	77	1
1939	111	0
1700	79	0
907	231	0
1738	0	0
1079	100	0
1720	174	1
1512	254	0
1129	163	0
1076	217	0
321	254	1
1653	279	0
26	126	0
305	18	0
12	191	0
2137	257	0
2062	129	0
2266	279	0
413	153	0
1597	94	0
142	123	1
2171	190	0
193	71	0
1611	167	0
1984	151	0
767	183	0
212	141	0
1321	157	0
815	244	1
769	125	0
938	37	0
333	75	0
1105	148	0
642	195	0
758	255	0
557	238	0
2124	153	0
725	139	0
2299	251	0
47	263	0
1068	33	0
605	244	0
983	260	0
1439	37	0
703	45	0
234	34	0
1572	90	0
996	72	1
1828	114	0
175	237	0
1133	117	0
264	182	1
1609	110	0
1632	5	0
136	243	1
726	281	0
1860	79	0
571	166	0
47	118	1
556	50	1
690	18	0
213	290	0
176	6	1
1306	84	0
2006	129	0
1525	134	0
616	195	0
820	282	0
2237	16	0
1827	2	0
386	127	0
955	197	0
1202	68	0
1326	4	0
145	166	0
698	225	0
82	59	0
1099	146	0
416	100	0
2315	37	0
2030	192	0
899	113	0
1320	168	0
2262	118	0
1065	92	0
1780	44	0
1898	39	0
1939	261	0
1382	179	0
1019	122	0
2109	209	0
1657	83	0
1214	6	0
906	276	0
2237	273	1
338	103	0
1982	138	0
2026	226	1
1121	201	0
756	30	0
830	19	0
381	161	0
2004	298	0
964	286	0
1913	218	1
952	116	0
1000	20	0
1152	161	0
2226	162	0
1481	116	1
635	211	1
815	165	1
1494	3	0
748	123	0
1680	55	0
189	6	1
1613	280	0
757	169	0
2012	171	0
428	159	1
1194	54	0
2094	78	0
1863	211	1
9	244	0
1662	265	0
2143	293	0
1924	161	0
1042	219	0
1058	178	0
113	50	1
20	27	0
767	40	0
579	185	0
222	171	0
517	48	1
1364	237	0
471	244	0
59	61	1
1438	218	0
1756	243	0
94	248	0
1864	268	0
730	45	1
1525	142	0
2213	187	0
608	176	0
32	244	1
641	129	0
2197	276	0
47	191	0
2028	251	0
1663	194	0
1600	293	0
1345	281	0
730	125	0
582	19	0
1617	84	0
1209	1	0
1803	278	0
1425	102	0
9	145	1
1840	280	0
1568	262	0
417	15	0
733	43	0
477	126	0
582	26	0
1248	286	0
1687	275	0
783	244	1
507	153	0
1155	190	0
1529	148	0
1595	89	0
236	165	0
398	284	0
519	231	0
1792	248	0
961	98	0
1054	0	0
1522	44	0
1293	109	1
1735	227	0
1147	18	0
389	19	0
214	75	0
576	7	0
2082	27	0
1415	12	0
103	278	1
1681	158	0
566	279	0
48	76	1
998	260	0
2108	165	1
2254	75	0
2328	82	0
190	10	0
1701	46	0
1933	70	0
660	266	0
1869	167	0
587	284	0
88	210	0
491	73	0
71	45	1
1850	275	0
1437	180	0
562	77	1
1560	244	0
1292	108	0
2072	15	0
2096	237	0
1769	23	0
839	148	0
1663	159	1
2210	82	0
1000	136	0
1257	137	0
2284	114	0
204	124	0
1631	93	0
2231	172	0
154	191	0
432	252	0
900	225	0
2163	251	0
276	87	0
695	296	0
816	266	0
2075	215	0
2284	160	0
18	41	0
718	180	0
1079	71	0
2206	265	0
1412	21	0
857	197	0
289	105	0
1113	66	0
750	252	0
180	240	0
66	281	0
580	230	0
1208	225	1
1339	241	0
1702	141	0
576	34	1
140	66	0
514	34	1
60	7	1
1532	138	1
1315	175	0
1590	188	0
68	36	0
222	216	0
1381	76	0
585	213	0
2027	227	1
313	165	1
1636	191	0
800	138	1
902	56	0
991	110	0
1640	229	0
1667	215	0
148	19	1
931	93	0
2257	273	0
953	163	0
386	206	0
489	20	0
69	50	1
1140	195	0
2242	274	1
2151	189	0
301	243	0
1352	94	1
1228	147	0
978	267	0
43	164	0
1536	250	0
1439	71	0
688	48	1
1876	211	1
1729	80	0
343	8	1
1364	259	0
2016	40	0
306	173	0
143	292	0
411	53	1
1410	110	0
1485	135	1
1031	123	0
2095	137	0
630	105	1
1684	137	0
566	177	0
980	59	0
1488	272	0
134	287	0
919	174	0
979	66	1
292	110	0
2290	288	1
643	34	1
1263	102	1
976	274	0
1522	51	0
436	174	1
1894	15	0
1648	12	0
474	208	0
140	145	0
516	2	0
1289	107	0
895	253	0
110	48	1
2058	53	0
1729	247	0
363	195	0
972	18	0
1271	151	0
2249	191	0
1634	80	0
310	24	0
2185	245	1
2228	237	0
402	174	0
589	64	0
1486	7	0
177	246	0
1330	133	0
1381	287	0
488	257	0
1818	196	0
1325	94	1
810	50	1
2128	0	0
1074	168	0
677	27	0
931	152	0
2139	21	0
1260	56	0
1066	69	0
43	5	1
1489	135	1
562	63	0
1330	139	0
986	70	0
1121	102	0
526	143	0
733	175	0
945	106	0
785	48	1
701	48	1
1804	63	0
952	277	0
1151	88	1
1676	152	0
983	137	0
1608	179	0
316	199	0
1780	59	0
74	226	1
374	24	1
389	43	0
2082	165	1
1940	112	0
1050	223	0
789	191	0
1079	214	0
823	142	1
997	208	0
2144	137	0
2169	234	0
740	50	1
1050	39	0
251	142	0
1524	286	0
783	174	1
920	212	0
106	226	1
325	51	0
886	207	0
1151	160	0
2231	27	0
171	126	0
1354	173	0
1700	206	0
949	154	0
1690	130	0
306	35	0
2090	42	0
1982	275	0
1972	264	0
2099	163	0
1882	42	0
1659	299	0
1426	290	0
1601	164	0
1011	24	0
1204	111	0
1169	124	0
1383	97	0
803	83	0
1293	64	0
365	16	0
152	195	0
1067	77	1
548	119	0
681	34	1
1618	94	0
2270	278	0
1626	170	0
11	125	0
1645	170	0
359	45	0
115	155	0
1527	194	0
860	238	0
32	267	1
835	71	0
1768	131	0
1671	215	0
1877	71	0
2074	69	0
1640	151	0
457	153	0
1626	209	0
103	165	1
1082	250	0
48	132	1
126	224	0
2318	173	0
1377	143	0
54	35	0
1873	206	0
2003	5	0
1266	221	0
2154	268	0
676	269	0
2309	254	0
2183	153	0
1674	283	0
1455	88	0
619	16	0
1499	81	0
1833	38	0
753	252	0
1990	160	0
1271	152	0
87	92	0
2226	176	0
1873	139	0
1289	110	1
793	196	0
494	34	1
257	99	0
85	50	1
619	100	0
386	278	0
2104	145	0
2161	19	0
1134	80	1
1306	141	0
2216	283	0
2181	15	0
249	215	1
2084	58	0
361	203	0
599	111	0
902	88	1
13	239	0
1505	220	0
753	172	0
939	77	0
9	34	1
737	87	0
228	219	0
1785	8	0
788	46	0
598	138	0
359	270	0
1672	184	0
621	34	1
578	105	0
1989	182	0
925	113	0
2052	227	1
2013	103	0
1221	11	0
1279	51	0
729	55	0
462	34	1
0	149	0
19	290	0
1798	57	0
1807	114	0
662	20	0
910	176	1
372	8	0
1885	270	0
1924	242	0
855	50	1
1740	261	0
1980	283	0
880	50	1
1332	249	0
530	285	0
2163	147	0
1150	268	0
2061	211	0
974	27	0
112	180	0
406	102	0
321	212	0
1635	212	0
294	200	0
840	174	0
539	48	1
1754	212	0
277	123	0
2214	263	1
2091	165	1
1232	59	0
54	21	0
2325	222	0
1861	295	0
1576	268	1
199	26	0
545	50	1
1605	162	0
760	80	0
1855	92	0
136	277	0
1996	35	0
1818	48	0
1511	109	0
49	202	0
2089	77	0
2049	145	0
878	76	1
1243	93	1
1778	49	0
2026	202	0
991	45	0
1270	203	0
320	222	1
844	94	1
1058	47	0
2103	294	0
2049	70	0
2049	83	0
1432	279	0
1174	146	0
1773	253	0
371	52	0
306	18	0
1302	147	0
350	54	0
1344	269	0
878	287	0
1752	178	1
87	162	0
2156	50	0
782	295	0
1675	44	0
1513	145	0
2127	68	0
2121	198	0
1574	52	0
2143	244	1
774	200	0
1990	118	0
1886	292	0
1026	142	1
2141	78	0
973	66	1
272	29	0
522	120	0
2157	26	0
800	239	0
1677	39	0
2118	239	0
2109	216	0
1533	138	1
1492	184	0
1834	214	0
1841	299	0
87	29	0
579	49	0
1300	279	0
2307	125	0
74	185	0
248	282	0
270	33	0
1060	86	0
1972	240	0
2198	86	0
566	6	0
603	83	0
1594	79	0
1599	231	0
2062	44	0
1672	206	0
1974	97	0
1121	296	0
537	124	0
611	218	1
623	198	0
1669	174	1
1716	222	0
1016	59	0
1527	244	0
243	165	0
1648	156	1
2207	156	0
21	246	1
474	27	0
1406	236	0
2285	182	0
1338	259	0
1394	157	0
785	39	0
1775	281	0
2319	119	0
147	50	0
2168	127	0
1601	233	0
1725	14	0
1118	77	1
266	268	0
614	105	1
1681	141	0
1620	241	0
1202	276	0
310	60	0
110	221	1
554	48	1
984	165	0
938	266	0
1671	203	0
2310	193	0
1258	229	0
893	146	0
713	278	0
493	20	0
301	238	0
2007	273	0
2268	227	0
1067	172	0
2326	284	0
543	203	0
1622	190	0
1057	58	0
620	190	0
1945	85	0
2255	73	0
766	228	0
1462	119	0
263	264	0
1023	57	0
2209	62	0
68	46	0
2157	123	0
1763	49	0
847	101	0
903	280	0
2045	97	0
522	34	1
697	132	0
2182	142	0
313	150	0
375	272	0
1938	97	0
1970	17	0
1411	39	0
920	223	0
1632	267	1
1902	73	0
184	132	1
2072	179	0
1435	167	0
1366	277	0
2205	162	0
335	19	0
2168	35	0
1255	83	0
573	132	0
780	7	0
1698	208	0
1889	273	0
1051	84	0
186	264	0
1433	148	0
2271	214	0
807	47	0
1033	43	0
2329	150	0
424	136	0
37	143	0
1575	36	0
185	179	0
176	34	1
479	119	0
290	215	0
1800	248	0
955	143	0
812	292	0
694	216	0
1618	232	0
1904	7	0
154	19	1
1103	247	0
1780	37	0
2315	34	0
1274	218	1
227	292	0
659	34	1
1673	145	0
1571	257	0
1896	93	0
1963	190	0
263	232	0
1406	26	1
1524	155	0
1762	266	0
1768	79	0
325	50	1
549	64	0
1146	256	0
43	52	0
67	145	0
1635	272	0
907	259	0
978	0	0
676	244	1
717	177	0
787	135	0
2239	273	1
1319	56	0
1598	283	0
1859	118	0
169	287	0
1416	26	1
47	207	1
1202	16	0
982	74	0
1979	142	1
512	190	0
1688	104	0
1792	156	0
949	34	0
599	283	0
863	255	0
2169	105	0
332	298	0
330	6	1
930	236	0
1702	285	0
1351	275	0
367	142	1
368	78	0
722	63	0
732	185	1
1255	97	1
1565	84	0
878	157	0
964	107	0
1685	44	0
198	37	0
2305	288	1
2060	268	0
690	34	1
1027	117	0
1292	90	0
2013	110	0
1626	149	0
2196	257	0
1663	234	0
1256	183	0
679	83	0
219	242	0
698	211	0
2136	244	1
1481	126	0
420	130	0
2234	142	0
1048	87	0
1460	177	0
1159	1	0
149	226	0
714	11	1
1199	237	0
279	6	1
1573	142	1
1528	20	0
211	145	0
566	21	0
1537	29	0
173	56	0
1734	278	0
595	72	1
253	114	0
66	93	0
734	177	0
1331	2	0
2193	150	0
1080	77	1
1019	138	1
314	193	0
1244	90	0
2032	227	1
2249	218	0
372	203	0
2164	123	0
354	6	1
1239	91	1
775	288	0
1720	169	0
1846	135	0
813	172	0
382	77	0
1027	105	1
492	122	0
2005	221	0
886	88	1
325	287	1
636	143	0
1231	288	1
729	215	0
555	259	0
1769	264	0
780	280	0
1007	76	1
1291	218	0
1096	77	1
1763	90	0
1658	287	0
2177	47	0
2245	169	0
532	240	0
1731	130	0
1798	69	0
1555	106	0
280	192	0
599	233	0
1661	258	0
1617	161	0
59	62	0
501	50	1
320	247	1
748	139	0
2178	149	0
863	50	1
1752	26	0
1911	174	0
1520	258	0
1886	242	0
1407	26	1
1138	19	0
1837	190	0
1501	234	0
1666	210	1
1022	235	0
1884	140	0
1676	44	0
1066	291	0
139	8	1
528	226	0
517	256	0
1365	50	0
1052	47	0
794	200	0
892	159	0
505	45	0
2144	32	0
548	34	1
582	174	1
905	97	0
566	287	0
818	50	1
2227	211	0
1627	116	1
844	102	0
1297	79	0
28	5	1
1248	269	0
1748	256	0
1616	245	0
86	74	0
1069	146	0
151	11	0
1665	259	0
1899	89	0
917	24	0
2192	43	0
1841	122	0
1234	172	0
893	263	0
106	2	0
786	48	1
1700	102	0
1394	106	0
1436	128	1
1887	194	0
2112	9	0
1661	88	0
1926	107	0
811	50	1
561	277	0
652	34	1
2168	183	0
45	124	1
513	45	0
1359	171	0
2230	283	0
1132	230	0
1481	195	0
663	32	0
2011	49	0
291	158	0
1302	200	0
771	31	0
1631	257	0
386	21	1
911	240	0
946	81	0
1993	219	0
1615	1	0
85	116	0
656	118	0
1614	220	0
118	152	0
1715	278	0
883	197	0
1642	87	0
1314	276	0
1634	116	1
104	34	1
85	280	0
769	93	0
737	117	0
320	134	1
556	38	0
1918	107	0
819	174	1
1580	144	1
164	58	0
147	281	0
1828	185	0
661	43	0
667	184	0
418	112	1
1942	42	0
1007	186	0
146	19	1
467	10	0
1519	275	0
1179	64	0
2306	227	0
59	283	0
1024	123	0
1247	42	0
1024	39	0
449	181	0
1839	290	0
1719	106	0
1597	167	0
206	66	0
1541	194	0
1848	120	0
528	48	1
2228	47	0
1928	184	0
2317	11	0
2083	253	0
1263	150	0
463	33	0
1437	39	0
1902	292	0
80	146	0
2134	10	0
1356	189	0
750	199	0
2141	124	0
299	151	0
958	183	1
2106	83	0
895	67	0
2222	138	0
1070	213	0
1109	181	0
2234	222	0
1905	218	1
1294	245	0
1870	33	0
1812	244	0
2062	218	0
593	29	0
158	7	0
772	121	0
1740	229	0
1131	264	1
884	88	1
1267	101	0
959	109	0
1071	247	0
422	51	0
176	175	0
2179	232	0
255	165	0
2053	25	0
2002	74	0
271	98	0
356	245	0
353	281	0
2298	288	1
1956	132	1
1596	171	0
887	76	0
1949	250	0
1358	26	1
715	77	1
99	100	0
569	140	0
66	163	0
2187	224	0
1221	227	1
840	164	0
1055	146	0
328	167	0
719	24	0
2134	276	0
1436	243	0
14	227	1
708	18	0
1171	3	0
565	230	0
634	223	1
1319	65	0
772	13	0
1938	8	0
1223	202	0
395	29	0
1721	182	0
1799	198	1
1960	223	1
1565	50	0
1437	129	1
1438	181	0
2239	264	0
1712	4	0
686	174	0
1231	91	1
1845	80	0
372	2	1
1549	293	0
182	208	0
1769	60	0
2233	185	0
1681	274	0
33	205	0
1795	144	0
78	50	1
60	268	0
1981	257	0
1352	230	0
1899	114	0
293	103	0
1218	272	0
644	34	1
1285	11	0
1706	215	0
1552	42	0
2298	280	0
516	50	1
2047	29	0
689	167	0
733	71	0
1412	227	0
1542	153	0
369	34	1
369	82	0
2312	59	0
1612	148	1
1751	229	0
1447	13	0
1945	185	0
1195	91	1
473	225	0
61	50	1
1510	194	0
1888	194	0
602	284	0
47	158	0
87	188	0
2134	115	0
1087	3	0
118	92	0
1975	269	0
1866	110	0
1262	166	0
259	289	0
157	42	0
319	141	0
555	255	0
202	207	0
1959	293	0
259	107	0
1124	77	1
1734	293	0
1725	148	0
1929	202	0
1103	97	0
424	35	1
285	298	0
1983	51	0
1855	241	0
66	134	0
2050	292	0
1812	203	0
282	10	0
699	291	0
227	24	0
2271	208	0
57	215	0
1548	59	0
1589	70	0
2202	131	0
1223	161	0
63	153	0
645	260	0
2000	117	0
407	30	1
1003	292	0
1718	272	0
627	299	0
706	248	0
1459	169	1
1613	185	0
245	150	0
154	66	0
1560	112	0
375	264	0
1654	238	0
309	90	0
1855	279	0
8	218	1
138	165	1
108	292	0
1003	207	0
1041	38	0
124	139	0
2319	196	0
1296	144	0
2134	189	0
1773	24	0
1007	20	0
627	266	1
187	98	0
463	37	0
77	110	0
950	101	0
421	4	0
263	11	0
1375	93	0
168	18	0
206	212	0
955	237	0
2226	106	0
1197	91	1
41	165	0
800	185	0
1435	2	0
448	185	0
1786	86	1
442	73	0
1770	258	0
828	214	0
2120	10	0
641	34	1
374	229	0
955	164	0
1016	130	0
300	6	1
1757	182	1
1694	114	1
1156	17	0
1022	84	0
313	236	0
403	108	1
2086	191	0
1884	189	0
1809	269	0
787	137	0
1412	182	0
2089	296	0
91	7	1
600	182	0
513	248	0
908	64	0
245	177	0
947	35	0
298	6	1
2205	231	0
1860	152	0
1260	141	0
1589	224	0
2121	268	0
45	36	0
2056	227	1
2097	165	1
1891	206	1
200	233	0
1061	0	0
666	61	0
642	166	0
1327	94	1
1885	70	0
1088	138	0
2071	275	0
2152	292	0
554	69	0
79	293	0
241	127	0
337	6	1
1274	270	0
2315	247	0
2191	146	0
449	214	0
1536	138	1
844	76	1
331	282	0
184	6	1
2289	252	0
1413	227	0
1857	290	0
1707	174	1
223	210	0
96	260	0
2215	194	0
2072	67	0
552	209	0
1183	168	0
884	53	1
988	150	0
2132	154	0
119	17	1
1124	16	0
202	93	0
499	138	0
1410	113	0
1467	29	0
1598	289	0
365	158	0
573	49	0
1285	109	1
89	59	0
197	157	0
335	10	0
1236	271	0
1921	218	1
2305	294	0
921	179	0
1007	210	0
1674	55	0
1681	207	0
227	291	0
1761	117	0
1795	40	0
215	43	0
1693	33	0
1941	217	0
1573	133	0
319	297	0
282	97	0
1087	239	0
931	88	0
585	77	1
396	33	0
292	114	0
370	40	0
704	222	0
968	246	0
1374	238	0
343	165	1
233	6	1
122	275	0
345	177	0
1870	99	0
985	129	0
276	279	0
978	66	1
912	151	0
1429	85	0
161	25	0
823	76	0
449	48	1
2230	106	0
285	266	0
804	50	1
380	25	1
154	283	0
1904	144	0
1312	118	1
2151	91	0
706	64	0
587	114	0
1939	170	0
383	104	1
1591	133	0
188	6	1
919	259	0
373	116	0
231	118	0
983	42	0
1056	30	0
1926	196	0
68	276	0
2158	260	0
230	154	0
1752	5	0
190	167	0
2294	283	0
947	280	0
2193	284	0
706	25	0
1373	286	0
1278	298	0
751	142	0
2294	19	0
740	246	0
1016	99	0
2182	215	0
1875	282	0
1222	91	1
809	95	0
2243	206	0
111	74	0
1469	11	0
671	34	1
2053	209	0
1078	20	0
1411	214	0
1264	73	0
1751	219	0
2259	255	0
2143	60	0
2122	283	0
1195	56	0
1430	180	0
1462	212	0
88	7	1
1131	208	0
876	287	0
724	111	0
1301	111	1
2197	140	0
1686	147	0
295	72	0
2300	44	0
839	236	0
1032	135	0
738	170	0
467	186	0
2224	109	0
1580	153	0
1473	32	0
253	167	0
1321	52	0
50	187	0
746	228	0
248	6	1
1989	146	0
1568	57	0
793	29	0
237	94	0
716	266	0
2140	113	0
1315	122	1
1549	14	0
1478	163	0
1078	27	0
1253	296	0
801	138	1
1014	91	0
2188	149	0
2274	94	0
1266	237	0
212	11	0
237	6	1
339	159	0
1122	28	0
1006	72	0
2123	227	0
483	54	0
1497	139	1
908	299	0
402	114	0
1934	94	0
232	256	0
322	278	0
2129	251	0
30	292	0
1802	188	0
599	142	1
983	4	0
1220	237	0
1931	282	0
1345	259	0
1596	84	0
1520	273	0
238	165	1
807	208	0
1960	205	0
32	91	1
357	81	0
818	245	0
1639	251	0
807	250	0
32	7	1
2110	287	0
1435	229	0
695	138	0
399	50	0
123	265	0
1361	109	0
253	3	0
1437	259	0
593	108	0
1865	30	0
116	74	0
1988	210	0
726	55	0
1361	12	0
1921	273	0
176	257	1
1748	24	0
17	4	1
420	277	0
1214	248	0
1605	146	1
890	170	0
2176	244	1
900	71	0
233	256	0
2288	207	0
440	171	0
1598	294	0
335	71	0
1529	15	0
1471	69	0
1640	209	0
1033	77	1
1223	288	1
1348	299	0
2271	124	0
23	21	0
2312	198	0
783	68	0
1488	133	0
420	219	0
2287	86	0
1498	22	0
1831	290	0
891	138	0
1543	109	0
497	29	0
2288	280	0
93	191	0
1091	57	0
408	188	0
2308	94	0
740	147	0
1190	16	0
1315	84	0
442	295	0
59	65	0
384	26	1
1272	183	0
367	171	0
2023	35	0
1394	48	0
1640	150	1
1064	95	0
638	218	1
1050	272	0
766	31	0
306	236	0
1438	190	0
1732	283	0
591	194	0
437	50	1
2215	216	0
1696	259	0
1906	261	0
1090	47	0
561	72	1
385	167	0
935	58	1
317	189	0
932	244	1
1199	91	1
1137	161	0
1224	56	0
305	90	0
852	229	0
598	31	0
2001	159	0
2037	61	0
2238	30	0
1583	50	0
58	44	1
1935	253	0
814	63	0
8	50	1
2290	97	0
1342	174	0
1523	64	0
1634	101	0
1825	72	0
2234	195	0
507	72	0
925	88	1
1154	234	0
1652	184	0
1637	83	0
12	56	0
159	165	1
1425	113	0
1082	102	0
2095	167	0
215	38	0
739	274	0
1265	226	0
540	278	0
429	62	0
799	48	1
1323	145	0
2040	267	0
1922	48	0
1568	147	0
835	174	1
1713	228	0
2253	209	0
81	60	0
1880	3	0
2325	242	0
1656	274	1
1908	97	0
315	236	0
991	80	0
566	49	0
829	265	0
361	6	1
1721	4	0
674	64	0
123	220	0
1332	169	0
829	218	1
1113	110	0
1020	273	0
1668	112	0
983	59	0
1340	94	1
2278	256	0
1954	14	0
548	225	0
2071	104	0
1393	289	0
912	193	0
876	212	0
697	34	1
943	197	0
1969	95	0
802	48	1
960	202	0
1893	226	1
2025	200	0
1762	172	0
1817	209	0
1948	195	0
511	113	1
937	150	0
679	24	0
1333	14	0
1288	215	0
2275	294	0
842	273	0
1481	100	0
1104	212	0
572	71	0
2327	211	0
636	239	0
635	173	0
742	281	0
349	2	0
1322	30	0
678	48	1
2149	22	0
1468	194	1
1449	2	0
318	145	1
1205	134	0
901	271	0
1333	34	0
2010	229	0
1010	220	0
93	7	1
1134	288	0
1319	195	0
133	125	0
1297	111	0
1344	227	0
1629	127	0
757	92	0
563	174	1
938	276	0
2070	165	1
1041	36	0
1099	286	0
2189	95	0
1698	22	0
2106	165	1
372	3	0
335	52	0
1083	197	0
2316	157	0
2213	164	0
1332	122	0
1908	13	0
2022	10	0
864	89	0
2257	279	1
1383	182	0
843	76	1
1477	137	0
1168	289	0
129	220	0
1869	15	0
1444	264	0
1819	254	0
803	180	0
1341	260	0
594	175	0
137	219	0
217	191	0
19	212	0
861	16	0
1664	210	1
938	67	0
2240	155	0
1858	31	0
2069	6	0
1156	154	0
127	244	1
1157	100	0
199	32	0
1830	12	0
156	243	1
214	107	0
2303	199	0
1573	249	0
1053	285	0
417	120	1
266	218	0
2090	116	0
2233	79	0
1729	179	0
1815	114	0
1247	87	0
1254	126	0
2329	215	0
210	145	1
1871	158	0
1674	79	0
1942	214	0
1569	97	0
203	214	0
2218	14	0
742	149	0
1343	94	1
373	24	1
1236	49	0
1528	42	0
459	250	0
1007	209	0
84	50	1
685	121	0
1589	77	0
1188	251	0
265	27	0
1119	162	0
1702	178	0
957	272	0
1890	27	0
1422	299	0
638	211	0
1993	142	1
1100	170	0
94	32	0
2180	1	0
754	269	0
32	228	0
497	247	0
438	90	0
173	114	0
846	35	0
32	22	1
737	47	1
43	36	0
844	220	0
575	152	0
882	46	0
1842	79	0
2046	131	0
1999	268	0
611	194	0
1305	114	1
1322	275	0
1466	108	0
1562	223	0
1220	116	1
47	77	1
1814	177	0
2234	167	0
145	212	0
112	107	0
468	110	0
2310	229	0
1403	66	0
1376	131	0
441	40	1
2042	78	0
838	4	0
2078	115	0
803	20	0
731	37	0
400	118	0
1315	123	0
1404	26	1
2068	209	0
1989	132	0
2199	220	0
1066	32	0
871	218	1
245	5	0
1056	15	0
694	225	0
1074	214	0
2173	203	0
105	40	1
707	50	1
128	194	0
21	6	1
40	73	0
1620	116	1
249	201	0
83	249	0
1218	8	0
53	87	0
535	218	0
1468	40	0
1822	298	0
2107	284	0
1810	289	0
2182	89	0
1721	186	0
1388	127	0
1351	40	0
1255	192	1
99	47	0
568	32	0
367	286	0
1435	293	0
1692	249	0
1895	56	0
124	96	0
974	66	1
1076	104	0
2244	93	0
1655	13	0
1880	143	0
205	6	1
1708	138	0
1106	20	0
1765	186	1
1452	46	0
1103	211	0
1578	133	0
1434	276	0
39	21	0
811	49	0
655	106	0
1417	51	0
1581	145	1
1778	61	0
1318	123	1
1161	156	0
381	284	0
1103	9	0
1151	239	0
133	264	0
1262	110	0
2156	20	0
981	144	0
706	51	0
920	134	0
705	12	0
1284	110	1
1456	268	0
1430	158	0
661	239	0
302	201	0
378	25	1
927	228	0
1174	90	1
2060	253	1
2111	44	0
1064	245	0
1243	231	0
1010	235	0
2196	2	0
994	179	0
705	77	0
131	47	1
462	281	0
702	18	0
2010	32	0
1137	201	0
108	98	0
1131	4	0
1127	230	0
2151	244	1
1924	34	0
200	99	0
149	95	0
1143	124	0
2037	25	0
866	50	1
30	77	1
595	144	0
724	221	0
2007	240	0
1622	134	0
1679	106	0
266	124	0
1893	218	1
2204	56	0
2114	291	0
1347	221	0
2214	152	0
402	268	0
1448	34	0
349	27	0
2090	125	0
308	250	0
919	44	0
683	50	1
38	202	0
219	59	0
480	60	0
1007	298	0
1403	138	1
1705	84	0
103	86	1
537	231	0
1708	103	0
1906	294	0
1095	171	0
435	100	0
972	66	1
680	50	1
23	286	0
2219	72	0
298	265	0
468	226	1
2137	244	1
638	171	0
212	87	0
2263	208	0
2104	212	0
756	43	0
70	51	0
1348	55	0
950	61	1
293	256	0
611	35	0
1089	123	0
725	245	0
1033	40	0
2018	164	0
882	51	1
1213	284	0
803	295	0
833	218	1
1471	280	0
1152	292	0
999	203	0
1659	157	1
1156	258	0
286	38	0
267	145	0
163	175	0
279	184	0
215	68	0
687	239	0
641	108	0
1068	192	0
843	249	0
774	250	0
1837	260	0
597	59	0
412	293	0
0	196	0
1056	170	0
2005	276	0
606	34	1
684	123	0
2131	74	0
92	129	0
851	101	0
2042	227	1
722	40	0
1656	279	0
1849	77	0
1434	107	0
1400	225	0
2315	212	0
1635	175	0
1413	88	0
1862	289	0
1282	144	0
1263	244	0
77	223	0
2039	196	0
995	177	0
1917	8	0
1794	248	0
650	130	0
897	10	0
1275	63	0
140	192	0
1284	150	0
669	109	0
1024	270	0
1054	45	0
946	55	0
1830	18	0
789	242	0
1636	141	0
622	137	0
1919	163	0
269	54	0
194	6	1
448	198	0
148	232	0
1120	289	0
1754	116	0
1289	214	0
383	116	0
1361	147	0
1452	249	0
876	198	0
1068	239	0
1592	122	0
1276	289	0
1743	174	1
528	34	1
1277	39	0
634	142	1
1377	26	1
1715	133	0
899	211	0
643	242	0
697	15	0
2174	32	0
68	94	0
1182	195	0
1451	132	1
449	50	1
580	34	1
1130	158	0
266	6	1
956	58	0
1094	17	0
288	106	0
2027	65	0
641	17	0
1315	53	0
1126	161	0
1060	16	0
95	61	0
612	34	1
867	54	0
1054	29	0
1347	73	0
1251	120	0
816	201	0
857	72	0
127	93	1
681	178	0
905	290	0
571	132	1
1886	211	1
1307	35	0
582	126	0
728	288	0
2034	193	0
2120	68	0
18	7	0
1587	278	0
1990	142	1
193	279	0
181	165	1
1599	237	0
459	0	0
234	237	0
374	189	0
2052	199	0
830	99	0
175	30	0
1477	207	0
617	54	0
1911	283	0
2125	52	0
897	53	1
1241	128	0
1412	55	0
68	7	1
1643	151	1
634	50	1
1614	148	1
143	232	0
1918	281	0
163	161	0
131	170	0
542	256	0
669	44	0
210	165	1
1125	265	0
309	291	0
90	50	1
658	246	0
1826	116	0
2158	56	0
2067	225	0
500	34	1
740	62	0
2096	190	0
263	56	1
1227	248	0
270	6	1
1274	107	0
2101	60	0
1435	127	1
1896	112	0
537	251	0
673	50	1
1355	2	0
1806	271	0
536	34	1
1711	89	0
2296	288	1
160	49	1
1924	220	1
178	288	1
1072	193	0
1016	175	0
2274	131	0
1926	160	0
216	232	0
190	214	0
163	192	0
557	33	0
2004	263	0
445	34	1
1390	26	1
1467	100	0
2234	271	1
31	58	1
895	56	0
819	154	0
1	29	0
1404	189	0
1126	142	1
117	247	0
1880	228	0
1742	223	0
1996	141	0
69	109	1
1231	289	0
161	28	0
1149	202	0
847	60	0
1779	53	0
1868	49	0
463	78	0
722	156	0
291	6	1
593	239	0
796	48	1
1443	125	0
1713	105	0
2139	233	0
2026	177	0
1216	291	0
1440	242	0
473	7	0
1322	82	0
2320	167	0
2063	2	0
1309	192	0
2146	84	0
2221	31	0
1036	37	0
2042	240	0
2225	128	0
1327	103	0
425	119	0
51	215	0
2302	33	0
2172	237	0
1612	9	0
1836	10	0
1100	20	0
1860	17	0
290	240	0
1376	100	0
1204	136	0
1688	129	0
2258	144	0
965	268	0
635	165	0
1231	188	0
194	219	0
1837	211	1
484	34	1
644	4	0
1131	280	0
428	285	1
915	294	0
1452	151	0
1757	186	0
763	173	0
357	225	0
2217	233	0
1201	159	0
512	115	0
205	128	0
2025	219	0
1642	247	0
1006	171	0
417	126	0
1336	253	0
768	127	0
726	179	0
816	242	0
659	90	0
809	86	1
2160	28	0
2247	239	0
403	272	0
1476	279	0
2310	258	0
1077	142	1
1215	57	0
1829	3	0
266	97	0
530	94	1
894	26	0
106	86	1
881	77	1
1302	263	0
1376	13	0
2140	121	0
829	159	0
1274	105	1
1170	149	0
1849	108	0
2103	45	0
325	86	1
2061	4	0
1555	258	0
2032	183	0
1148	127	0
9	26	1
1662	67	0
1057	250	0
211	138	0
2259	112	1
210	277	1
572	142	0
1505	138	1
328	85	0
357	165	1
166	50	1
535	223	1
90	27	0
1479	58	0
1104	26	0
1266	170	0
103	182	1
1581	77	0
480	130	0
6	3	1
2265	4	0
2067	157	0
2229	212	0
2082	269	0
877	33	0
1123	144	0
199	14	0
180	123	1
604	298	0
1571	145	0
1500	140	0
1401	236	0
386	217	0
1728	108	1
749	48	1
2035	47	0
2207	57	0
814	36	0
480	103	0
168	180	0
391	214	0
311	284	0
2000	219	0
413	135	0
2115	173	0
97	13	0
534	239	0
1008	280	0
894	53	1
1172	46	0
2284	134	0
1114	129	0
967	227	1
94	44	1
210	197	1
1569	93	0
1171	32	0
2227	175	0
2024	108	0
1154	174	0
1489	292	0
2020	267	0
449	36	0
1035	70	0
639	34	1
2205	256	1
1715	174	1
164	36	0
627	198	0
149	34	1
1505	240	0
616	235	0
1990	78	0
1641	276	0
1293	21	0
565	61	1
501	102	0
58	132	1
801	169	0
1821	297	0
1091	44	0
853	151	0
1957	110	0
318	218	1
282	79	0
611	31	0
660	89	0
420	24	0
2199	241	0
732	285	1
874	158	0
736	101	0
1342	100	0
564	34	1
1119	19	0
179	243	1
719	43	0
1684	228	0
1583	286	0
66	20	0
1237	98	1
560	142	1
1376	118	0
1536	190	0
1693	193	0
482	127	0
1744	260	0
1065	266	0
1136	88	1
1858	6	0
197	81	0
2226	232	0
1914	100	0
75	268	0
1689	45	0
941	58	1
558	7	0
2102	260	0
669	98	0
1039	228	0
826	159	0
1827	19	0
1134	265	0
386	62	0
695	257	0
81	52	0
576	178	0
203	225	0
287	257	0
2206	126	0
2247	180	0
1899	160	0
2105	165	1
1723	174	1
140	171	0
2031	68	0
397	28	1
1278	237	0
934	251	0
280	26	1
848	231	0
1800	257	0
1122	255	0
295	182	0
839	142	1
979	27	0
1539	99	0
1378	130	0
1724	215	0
23	180	0
1333	167	0
1339	110	0
904	8	0
453	43	1
310	41	0
2150	140	0
713	261	0
2047	170	0
807	144	0
1066	21	0
732	91	1
127	219	1
917	286	0
2033	223	0
1042	77	1
999	36	0
363	133	0
1070	289	0
1420	17	0
1482	262	0
982	2	0
178	186	0
57	155	0
935	61	0
803	189	0
1329	208	0
400	224	0
323	9	0
702	238	0
378	145	0
2115	244	0
2044	37	0
40	141	0
1214	189	0
1161	123	0
265	169	0
908	202	0
1029	276	0
1819	32	0
990	276	0
1962	253	0
1643	96	0
2205	249	0
80	180	0
421	34	1
369	50	1
1104	152	0
1308	97	0
185	287	1
1480	205	0
782	293	0
1116	151	0
849	34	0
706	89	0
2026	179	0
2035	231	0
1319	133	0
1320	279	0
765	195	0
118	249	0
629	183	0
200	176	0
613	72	1
588	224	0
961	38	0
2194	264	0
1370	175	0
96	48	1
2242	0	0
1631	15	0
793	49	1
2084	39	0
901	109	0
689	284	0
63	254	0
2260	112	1
205	165	1
1047	120	0
895	113	0
1067	7	0
341	285	0
1830	270	0
1617	81	0
2133	22	0
216	240	0
1656	267	0
1371	144	0
122	11	1
1602	247	0
369	191	1
1033	53	0
2049	162	0
1954	217	0
340	283	0
1087	272	0
1705	232	0
2073	89	0
1608	154	0
1273	12	0
2281	184	0
1929	100	0
1728	205	0
2117	204	0
1762	140	0
370	118	0
1434	30	0
1260	162	0
1274	130	0
1212	96	0
2294	288	1
1991	142	1
1509	138	1
1133	238	0
736	121	0
950	277	0
1601	64	0
919	53	1
2302	41	0
1529	126	0
65	132	0
635	77	1
1066	269	0
1830	214	0
679	130	0
2023	91	0
59	142	1
436	244	1
880	115	0
48	275	0
1814	139	0
1833	209	1
197	48	0
1436	11	0
707	48	1
1963	281	0
2317	292	1
1563	156	0
1152	56	0
1952	83	0
1020	167	0
1742	174	1
2207	169	0
1116	53	0
561	231	0
1438	71	0
286	203	0
2025	78	0
535	293	0
1505	105	0
199	34	0
840	205	0
1164	149	0
1057	183	0
2022	151	0
831	35	0
321	82	0
1428	2	0
2320	299	0
379	25	1
48	210	0
1133	233	0
721	146	0
1793	114	0
1391	221	0
1967	67	0
558	111	0
1424	207	0
1804	136	0
1725	26	0
1599	289	0
756	258	0
1433	11	1
197	285	0
1137	239	0
1390	112	0
913	46	0
1941	268	0
651	34	1
1980	142	1
680	109	0
240	269	0
1063	139	1
1471	51	0
312	294	0
1764	51	0
339	282	0
2086	95	0
1981	142	1
990	146	0
874	253	0
1075	154	0
66	288	0
1771	78	0
523	67	0
2179	70	0
246	97	0
569	34	1
739	58	0
1782	264	0
1291	213	0
151	52	0
954	47	0
2304	282	0
1717	66	0
1088	170	0
70	127	0
473	195	0
1446	129	0
1261	20	0
474	34	1
295	147	0
261	147	0
1971	77	0
1376	7	0
553	81	0
2194	47	0
2271	44	1
1462	62	0
1062	173	0
1087	155	0
1992	224	0
583	8	0
819	258	0
716	0	0
1416	166	0
924	21	0
2281	281	0
7	3	1
832	76	1
1999	147	0
2139	30	0
700	219	0
811	105	0
1091	61	0
2165	220	0
558	42	0
2156	244	1
1941	0	0
1263	25	0
1159	117	0
1182	206	1
1684	258	0
358	261	0
220	222	0
1662	86	0
96	53	0
844	174	1
34	57	0
2160	275	0
1127	46	0
792	193	0
2068	198	0
2254	274	1
233	116	0
702	99	0
1124	141	0
175	100	0
1663	222	0
1939	143	0
1296	109	1
974	264	0
207	32	0
1661	92	0
1154	144	0
896	87	0
674	34	1
191	257	0
60	281	0
2183	62	0
1433	243	0
1374	186	0
1442	161	0
1969	119	0
1767	187	1
1649	156	1
596	196	0
786	244	0
557	50	0
270	275	0
747	46	0
1745	231	0
1804	47	0
888	194	1
410	30	1
369	73	0
1341	94	1
32	34	1
553	290	0
535	93	0
1797	264	0
1366	242	0
1743	183	0
1767	173	0
2244	142	0
188	145	0
971	98	0
2019	59	0
895	53	1
602	39	0
131	15	1
1142	28	0
1440	130	1
2040	238	0
1576	213	0
1770	147	0
2271	200	0
1871	176	0
1171	145	1
583	63	0
1740	120	0
652	9	0
184	159	0
1569	276	0
1931	74	0
2307	291	0
25	277	0
1639	243	0
1369	23	0
2294	17	0
1006	77	1
1110	43	0
627	139	1
309	0	0
586	225	0
135	123	1
811	174	1
1582	125	0
254	122	0
2116	149	0
1145	235	0
1259	132	0
1386	12	0
493	128	0
1854	23	0
363	182	1
2230	278	0
2327	298	1
1111	77	1
2165	228	0
73	100	0
514	190	0
1794	129	0
2203	153	0
21	4	1
862	218	1
1393	9	0
1295	109	1
550	48	1
1357	103	0
1722	174	1
453	133	0
1388	238	0
910	295	0
307	2	0
1127	99	0
1011	75	1
819	75	0
1086	207	0
1846	246	0
884	114	0
1506	136	0
2018	258	0
1292	214	0
1109	283	0
23	61	0
1095	223	0
2146	244	1
614	174	0
2217	113	0
705	50	1
209	11	0
1764	246	0
2189	158	0
1040	295	0
1042	142	0
334	6	1
2048	294	0
1358	38	0
893	245	0
2246	184	0
752	82	0
622	251	0
1369	114	0
1617	272	0
687	34	1
2202	250	0
2083	82	0
966	192	0
1916	206	0
1824	13	0
1688	11	0
2126	111	0
1199	259	0
853	86	0
985	119	0
80	119	0
1363	253	0
1343	248	0
1327	188	0
1215	91	1
365	134	0
794	67	0
2101	122	0
346	65	0
1044	169	0
691	21	0
583	131	0
2180	180	0
588	198	0
2102	216	0
1983	246	0
1264	228	0
495	50	1
737	95	0
1178	187	0
640	82	0
1691	139	1
104	139	1
1406	25	0
833	201	0
1936	58	0
1611	116	0
1549	148	0
436	216	0
320	275	0
672	87	0
1596	277	0
833	258	0
1897	18	0
329	182	1
95	274	0
1925	264	0
2178	54	0
1931	8	0
887	7	0
1529	138	1
92	101	0
1886	97	0
2203	264	0
1772	45	0
1798	295	0
234	103	0
131	194	0
944	275	0
2087	188	0
813	292	0
1893	296	0
1645	299	0
1112	47	0
1399	26	1
641	18	0
821	86	0
374	126	0
327	91	1
962	81	0
998	246	0
984	111	0
532	39	0
459	50	1
856	6	0
2008	226	1
2240	269	0
1440	113	0
61	7	1
2047	51	0
1165	28	0
1231	5	0
729	296	0
729	45	1
2293	74	0
1141	215	0
2271	67	0
313	126	0
137	6	1
1311	239	0
1374	104	0
899	154	0
1870	19	0
553	252	0
315	253	0
1684	142	0
1108	128	0
595	235	0
1427	79	0
1164	37	0
2201	287	0
2318	216	0
434	21	0
306	0	0
2226	270	0
193	200	0
1187	91	1
1093	200	0
939	58	1
680	115	0
1010	252	0
1178	79	0
2116	201	0
285	97	0
1429	11	1
1345	28	0
1495	212	0
558	94	0
2229	91	0
681	38	0
1979	145	0
2013	226	1
1149	154	0
1631	116	1
2066	242	0
642	283	0
2244	15	0
1665	64	0
76	56	0
1910	245	0
1696	5	0
1842	135	0
1381	255	0
1449	69	0
834	240	0
2194	267	0
2051	20	0
2209	289	0
653	34	1
2204	254	1
2049	73	0
2247	261	0
438	267	0
383	112	0
905	105	0
924	53	1
1241	95	0
79	139	0
1901	130	0
852	182	0
1459	132	1
499	163	0
2071	108	0
1065	69	0
336	239	0
279	132	0
1669	152	0
1736	92	0
1333	94	1
493	6	0
1124	210	0
438	105	0
2005	274	0
2128	82	0
887	84	0
464	171	0
1212	56	0
666	35	0
1817	83	0
1070	51	0
700	177	0
250	208	0
797	50	1
364	168	0
412	207	0
582	34	1
749	295	1
1670	158	0
1931	257	0
966	48	0
1862	115	0
1534	168	0
459	151	0
1206	91	1
79	55	1
577	216	0
1307	59	0
1965	142	1
320	299	0
142	289	0
410	22	0
40	215	0
1792	3	0
1808	179	0
1094	77	1
1536	45	0
920	290	0
1413	196	0
1824	247	0
1661	8	0
561	17	0
2232	33	0
2010	253	0
419	77	1
105	75	0
829	17	0
578	80	0
2235	272	1
1692	112	0
1880	160	0
1801	54	0
980	138	0
2269	67	0
1302	251	0
1138	173	0
1027	217	0
853	170	0
2171	107	0
49	119	0
87	50	1
179	187	0
1926	138	0
55	271	0
520	129	0
1628	114	0
1384	189	0
112	206	0
260	58	0
1993	63	0
1551	210	0
1661	68	0
1861	7	0
852	135	0
1423	282	0
235	9	0
1574	222	0
1146	170	0
1015	107	0
2069	170	0
1072	33	0
673	94	0
1763	133	0
1131	275	0
2168	157	0
1560	52	0
1252	212	0
1400	174	0
189	227	1
1581	266	0
696	123	0
332	265	0
646	226	0
118	93	0
407	180	0
1292	59	0
1708	224	0
1057	285	0
750	12	0
438	77	1
825	76	1
1331	94	1
2299	98	0
915	53	1
861	209	0
28	204	0
157	243	1
1806	135	0
2287	299	0
157	83	0
1914	207	0
1865	176	0
1303	82	0
990	136	0
1820	31	0
1700	277	0
790	202	0
79	50	1
712	210	0
2234	291	0
1764	9	0
103	49	1
1094	133	0
2085	63	0
1553	170	0
1362	26	1
473	50	1
1	82	0
2238	279	0
419	53	0
1009	85	0
407	121	0
2190	243	1
273	272	0
46	17	0
1952	109	0
662	156	0
677	148	0
1826	16	0
879	173	0
2266	283	1
1707	19	0
1810	96	0
178	8	1
1221	98	0
1544	100	0
929	76	0
230	63	0
1728	263	0
1611	183	0
147	233	0
781	120	0
909	215	0
1306	114	1
923	43	0
428	50	1
1545	138	1
31	85	0
1838	290	0
374	290	0
872	76	0
1119	175	0
2031	286	0
1038	82	0
260	47	0
1267	266	0
1352	279	0
292	194	0
936	267	1
539	50	1
440	167	0
669	180	0
424	69	0
1153	158	0
1097	195	0
877	26	1
1616	114	1
2247	177	0
1870	184	0
256	116	0
940	112	0
747	48	1
1286	135	0
164	260	0
1148	113	0
2077	207	0
1654	58	0
2043	9	0
2269	111	0
85	274	0
455	199	0
671	31	0
1319	160	0
399	206	1
1507	22	0
1937	183	0
1707	93	0
1310	231	0
426	34	0
1670	188	0
200	219	0
860	298	0
2239	275	0
274	271	0
161	165	1
1801	139	0
566	166	0
2058	108	0
438	239	0
1805	104	0
2318	23	0
1388	26	1
1573	34	0
649	155	0
1754	263	0
212	295	0
1808	272	0
796	228	0
527	111	0
707	254	0
464	181	0
58	7	1
1319	167	0
515	48	1
1826	117	0
148	54	0
1679	169	1
616	299	0
1559	267	0
2092	191	0
0	159	0
1774	85	0
1830	95	0
898	53	1
129	59	0
87	142	1
2168	131	0
702	146	0
1310	194	0
1239	101	0
69	146	0
1412	123	0
718	53	0
596	17	0
2117	10	0
1387	2	0
275	6	1
1750	222	0
1173	153	0
1373	268	0
211	182	0
2223	267	1
32	94	1
1564	238	0
531	289	0
1636	156	0
1958	249	0
2042	71	0
778	156	0
1039	77	1
243	11	0
1654	155	0
2129	88	0
1315	206	0
2068	214	0
417	275	0
1807	64	0
580	282	0
1544	138	1
1753	286	0
774	233	0
2058	184	0
1803	185	0
1231	246	0
910	244	0
1150	164	0
2076	165	1
1654	156	1
504	42	0
484	258	0
175	137	0
1918	161	0
637	134	0
1366	202	0
1473	12	0
1518	175	0
1053	226	0
1405	29	0
1985	193	0
854	160	0
598	116	0
1587	256	0
533	294	0
1491	123	0
1720	97	0
438	78	0
1446	183	0
754	48	1
787	49	1
903	89	0
1853	103	0
1991	227	0
765	231	0
1232	90	0
1282	43	0
1190	285	0
1483	100	0
1591	28	0
507	230	0
235	132	0
1964	14	0
546	74	0
368	285	1
4	277	0
1737	290	0
1450	13	0
781	238	0
2011	66	0
2080	68	0
431	289	0
128	243	1
340	220	0
507	44	0
965	297	0
604	226	0
1800	195	0
715	118	0
806	22	0
919	260	0
760	229	0
2004	83	0
2155	291	0
386	73	0
343	6	1
956	90	0
1430	241	0
1787	22	0
1417	237	0
329	119	0
1272	199	0
678	154	0
125	289	0
456	159	0
2009	227	1
255	225	0
456	6	0
438	165	0
1056	115	0
212	205	0
2129	276	0
157	178	0
1028	296	0
129	20	0
1470	116	1
433	6	0
2083	203	0
2099	277	0
716	174	1
1136	138	1
2315	17	0
1235	91	1
355	245	0
135	288	1
1174	15	0
1160	94	0
1639	207	1
2128	112	0
1868	211	1
622	93	0
229	171	0
26	18	0
156	123	1
481	43	0
1448	55	0
972	125	0
221	65	0
103	295	0
183	273	1
276	41	0
1422	222	0
1119	77	1
2104	100	0
1448	177	0
1092	182	0
2273	277	0
1623	167	0
2288	247	0
2284	44	0
1334	296	0
1670	126	0
1559	292	0
205	168	0
1731	107	0
785	68	0
35	283	0
2021	246	0
1752	254	0
1943	285	0
326	240	0
165	4	0
1710	192	0
1964	221	0
1780	258	0
5	296	0
456	34	1
657	147	0
1633	260	0
1820	292	0
1572	224	0
495	48	1
1701	170	0
1325	141	0
1747	204	0
1338	130	0
914	154	0
145	273	0
921	136	0
906	104	0
2107	13	0
1411	252	0
1270	133	0
719	41	0
646	65	0
2077	133	0
170	273	1
2049	223	0
16	108	0
46	268	0
906	2	0
1554	111	0
216	27	0
1907	206	0
1244	93	1
1337	56	0
2299	288	1
1050	77	1
1231	11	0
335	264	0
1990	40	0
1385	200	0
17	296	0
403	66	1
682	34	1
2094	268	0
896	46	0
730	105	0
1723	215	0
2055	27	0
1902	232	0
959	164	0
886	124	0
773	142	1
48	14	1
16	160	0
368	171	0
2148	283	0
694	170	0
2077	44	0
4	247	0
65	174	0
1397	141	0
1300	283	0
89	33	0
1551	259	0
225	175	0
1068	232	0
2014	90	0
34	5	1
1038	101	0
918	47	0
40	5	1
85	6	0
820	146	0
568	175	0
780	265	0
2117	129	0
283	56	0
1156	40	0
1853	221	0
545	10	0
730	16	0
1562	198	0
658	47	0
1286	79	0
17	178	1
158	8	1
2271	28	0
1860	186	0
1332	198	0
202	139	0
1233	173	0
2132	232	0
1160	86	0
204	140	0
1727	185	0
1088	37	0
1531	184	0
1034	245	0
1908	224	0
409	49	0
1831	270	0
1440	203	0
1317	100	0
380	93	0
405	237	0
519	4	0
543	50	0
1916	151	0
455	143	0
436	298	0
438	34	1
1957	107	0
357	33	0
2107	165	1
129	117	0
668	167	0
2196	17	0
1819	23	0
555	248	0
489	102	0
1009	101	0
250	108	0
59	73	1
460	230	0
956	62	1
32	121	1
814	218	0
877	61	0
874	61	0
919	272	0
1333	59	0
191	6	1
705	254	0
859	11	0
626	48	1
1516	262	0
211	6	1
1657	177	0
804	164	0
815	113	0
1928	63	0
231	89	0
1018	226	1
1056	187	0
1444	58	0
641	254	0
78	91	0
1859	95	0
417	223	0
655	250	0
45	184	0
236	46	0
2037	187	0
1242	260	0
2066	46	0
77	253	0
1964	125	0
1979	12	0
1063	0	0
2280	44	1
2197	278	0
750	48	1
274	237	0
1928	183	0
631	174	0
1674	169	1
1182	250	0
306	204	0
1771	217	0
245	49	0
1324	246	0
1949	134	0
455	34	1
3	82	0
1136	259	1
2005	3	0
716	46	0
699	207	0
527	82	0
869	3	0
733	287	0
1013	155	0
1932	153	0
1426	26	1
2224	212	0
793	16	0
1283	297	0
2323	29	0
1883	78	0
423	269	0
2187	202	0
510	282	0
314	241	0
323	104	0
628	34	1
367	121	1
81	187	0
1057	205	0
173	28	0
1902	259	0
499	34	1
591	182	0
68	88	1
1421	219	0
645	50	1
1576	230	0
527	24	0
684	34	1
2235	118	0
1875	139	0
1563	43	0
1551	8	0
894	247	0
856	264	0
152	19	1
683	1	0
684	212	0
677	37	0
874	8	0
40	83	0
2324	17	0
1918	229	0
2180	175	0
800	116	0
486	34	1
1602	35	0
2175	129	0
1867	83	0
1476	116	1
1510	77	0
947	93	0
1108	77	1
400	78	0
1886	229	0
1238	57	0
50	142	1
248	138	0
2090	274	0
577	271	0
2008	103	0
869	143	0
1595	145	1
8	244	1
1905	163	0
2292	34	0
351	253	0
762	48	1
925	289	0
1861	219	0
1651	56	0
2024	162	0
348	184	0
1850	263	0
1796	190	1
226	66	0
303	128	0
292	271	0
1488	186	0
585	134	0
929	15	0
78	175	0
836	144	0
2036	293	0
1888	64	0
1610	151	0
1919	133	0
1865	218	0
2175	94	0
1607	255	0
1136	74	0
536	102	0
751	228	0
1704	41	0
1786	74	0
2170	177	0
984	11	0
662	118	0
695	207	0
1165	11	0
678	92	0
1008	27	0
929	108	0
2031	227	1
52	116	0
225	135	0
1723	34	0
1648	142	0
683	220	0
1148	245	0
1474	190	0
2081	112	0
110	191	0
260	109	0
358	44	1
417	90	0
2273	169	0
130	294	0
1327	253	0
405	285	0
1440	51	0
1770	111	0
473	243	0
310	182	0
654	6	0
92	209	0
2055	69	0
1886	228	0
33	285	1
1246	49	0
311	220	0
1058	149	0
1792	80	0
949	140	0
1807	95	0
794	120	0
1204	98	0
2256	69	0
1601	168	0
650	75	0
730	188	0
1562	56	0
1902	218	1
105	50	1
1056	77	1
1092	40	0
1130	42	0
2157	234	0
2153	63	0
133	252	0
10	57	0
2308	214	0
87	148	0
155	116	0
61	169	0
1754	178	1
971	217	0
201	243	1
609	111	0
1769	50	0
1210	91	1
658	31	0
1399	42	0
1507	138	1
441	187	0
2028	191	0
11	5	0
58	244	1
1842	280	0
1202	130	0
543	175	0
637	3	0
754	198	0
1534	129	0
308	53	1
620	72	0
969	94	0
1466	164	0
1012	265	0
542	259	0
1050	79	0
355	2	0
2003	225	1
2011	201	0
1900	121	0
1945	258	0
314	76	0
1788	229	0
1108	34	0
745	238	0
1524	176	0
37	5	1
61	217	0
949	27	0
623	253	0
2020	5	0
1369	126	0
371	4	0
992	70	1
360	277	0
458	192	0
802	242	0
1879	67	0
1944	166	0
336	81	0
1002	42	0
430	64	1
1431	194	0
708	49	1
2127	2	0
268	282	0
1465	114	0
414	15	0
1727	68	0
1193	91	1
876	50	1
1433	286	0
1190	105	0
2280	65	0
2107	117	0
1640	158	0
1290	124	0
673	48	1
2141	211	0
2135	298	0
1083	109	1
313	94	0
954	58	1
1580	9	0
748	45	0
1471	48	0
1338	282	0
838	263	0
1499	138	1
888	292	0
638	34	1
1049	112	0
1234	179	0
1498	196	0
1904	38	0
1554	8	0
207	117	0
1205	108	0
1675	167	0
1906	198	0
807	138	1
1786	240	0
602	218	0
554	243	0
934	91	0
683	213	0
1069	56	0
336	74	0
2218	49	0
1536	135	0
437	154	0
402	99	0
816	28	0
979	233	0
547	176	0
223	94	0
2124	280	0
30	62	1
202	286	0
395	195	0
1346	63	0
691	0	0
635	248	0
118	215	0
1464	9	0
2220	90	0
1003	72	0
2208	236	0
1432	162	0
1933	89	0
1990	294	0
230	281	0
1818	252	0
225	40	0
960	0	0
2276	265	0
826	62	0
1081	111	0
1664	255	0
1219	5	0
1714	174	1
1417	79	0
466	138	1
359	6	1
941	251	0
1197	177	0
634	106	1
912	203	0
459	86	1
810	285	1
789	75	1
1367	63	0
1178	28	0
162	106	0
351	255	0
186	253	0
501	254	0
903	53	1
1119	76	0
892	61	0
36	195	0
1570	289	0
318	50	1
703	34	1
1107	293	0
53	212	0
1123	104	0
1003	73	1
1854	68	0
473	65	0
1653	238	0
768	57	0
1215	282	1
166	4	0
1510	255	0
1168	137	0
525	81	0
1796	38	0
1070	99	0
1839	164	0
642	169	0
281	198	0
47	34	1
198	8	1
2219	203	0
1236	13	0
218	4	0
2308	101	0
551	120	0
1252	79	0
1382	233	0
413	94	0
1661	156	0
1012	289	0
1836	139	0
1325	43	0
320	165	1
480	56	0
705	94	0
1457	134	0
2014	159	0
26	5	1
3	289	0
127	76	1
838	173	0
1698	51	0
1929	208	0
453	169	0
1479	80	0
738	230	0
785	49	1
558	255	0
608	139	0
45	110	0
402	76	0
154	131	0
1704	51	0
1687	207	0
556	120	0
561	4	0
1167	246	0
1164	88	1
477	143	0
572	191	0
260	32	0
1909	111	0
337	244	0
1185	256	0
1959	88	0
1731	127	0
1528	131	0
15	151	0
1233	13	0
401	227	0
487	34	1
1951	277	0
2229	105	0
434	103	0
1473	116	1
1737	187	0
1028	142	1
1997	66	0
235	178	0
1842	198	0
246	40	0
2001	127	0
1804	42	0
1110	120	0
2110	127	0
187	74	0
1050	19	0
947	202	0
47	159	1
1822	201	1
2280	117	0
1302	138	0
260	107	0
1386	100	0
1583	267	0
394	233	0
621	44	0
634	295	0
126	12	1
109	7	1
389	27	1
1487	135	1
1369	268	0
1427	11	1
1653	156	1
1412	267	0
1974	122	0
1386	56	0
484	267	0
822	42	0
2291	5	0
1776	199	0
2006	296	0
294	269	0
1570	126	0
491	194	0
1359	108	0
1145	212	0
1631	283	0
1969	171	0
74	116	0
1090	81	0
623	73	0
1357	45	0
1083	264	0
982	28	0
1738	239	0
1751	178	1
1127	259	0
1022	278	0
924	99	0
2165	255	0
1289	86	0
620	281	0
1653	154	0
1003	16	0
20	4	1
33	157	0
1976	142	1
554	72	1
1528	115	0
44	5	1
1840	230	0
1297	102	0
29	40	0
959	230	0
1379	2	0
164	108	0
492	117	0
1141	206	0
86	207	0
1289	225	0
664	8	0
76	137	0
440	102	0
147	174	0
12	178	1
832	20	0
460	115	0
1103	83	0
1573	58	0
618	286	0
2128	46	0
639	109	0
645	102	0
1946	143	0
1194	215	0
360	81	0
93	50	1
496	74	0
670	184	0
1052	149	0
1535	189	0
917	120	0
1360	130	0
954	174	1
2127	244	1
2053	204	0
62	25	0
2267	294	0
1441	190	0
740	108	0
607	122	0
519	243	0
543	181	0
1535	23	0
687	86	1
1494	107	0
2244	31	0
900	54	1
1675	169	1
83	131	0
493	81	0
98	7	1
926	227	1
2211	111	0
421	207	0
507	54	0
2009	54	0
2016	151	0
300	245	0
24	197	0
563	289	0
1957	223	1
2249	153	0
69	28	1
2015	253	0
1650	112	0
689	155	0
1464	274	0
1818	273	1
1793	172	0
1596	145	1
1597	7	0
2048	27	0
1415	38	0
58	50	1
1752	107	0
512	185	0
158	288	1
1221	170	0
2044	157	0
779	149	0
591	56	0
1252	90	0
2132	182	0
2035	255	0
665	239	0
237	218	0
1223	91	1
37	241	0
420	290	0
170	259	0
1239	46	0
511	72	0
1018	75	1
1892	110	0
69	132	1
1744	44	0
1435	172	0
581	232	0
2116	80	0
20	161	0
2287	29	0
2259	9	0
2176	223	0
1908	117	0
1420	207	1
1813	198	1
316	6	1
586	242	0
798	48	1
1235	164	0
148	248	0
1735	174	1
472	252	0
723	230	0
2185	240	0
1153	279	0
1151	265	0
48	233	0
1207	207	0
665	200	0
1113	299	0
1003	1	0
1049	198	0
1897	287	0
1076	5	0
243	255	0
321	174	0
1136	231	0
143	69	1
463	34	1
1385	26	1
1372	257	0
1347	39	0
1681	229	0
1093	265	0
843	58	0
992	243	0
415	254	0
364	104	0
1538	88	0
225	217	0
2321	97	0
2274	91	0
821	191	0
806	99	0
164	277	0
1512	202	0
1683	149	0
1891	288	0
684	167	0
1464	135	0
434	15	0
1019	63	0
1149	284	0
1616	81	0
1418	145	0
1291	166	0
1496	102	0
412	34	0
2260	246	0
303	216	0
1809	100	0
1043	104	0
221	220	0
1337	192	0
1028	174	1
20	210	0
1977	63	0
2178	193	0
601	197	0
1093	180	0
2255	83	0
894	203	0
2131	93	0
1994	169	0
1087	241	0
1713	161	0
1707	7	0
2169	249	0
881	84	0
1277	42	0
260	177	0
2207	259	0
693	34	1
815	200	0
1427	231	0
671	48	1
1317	123	1
1766	15	0
2220	116	0
549	117	0
2053	178	0
1394	101	0
1227	291	0
1463	102	0
1100	222	0
374	293	0
1919	164	0
2320	231	0
733	286	1
1173	125	0
1279	239	0
1048	91	0
1811	38	0
2150	179	0
309	125	0
1097	293	0
1838	166	0
1793	86	1
1586	228	0
250	6	1
1499	168	0
1739	82	0
1869	259	0
1921	29	0
2053	194	0
1307	294	0
868	77	1
1295	268	0
2065	18	0
1209	194	0
2131	244	1
299	208	0
775	166	0
437	109	0
2152	244	1
850	50	1
1415	150	0
305	287	0
1476	198	0
1709	174	1
1337	54	0
395	39	0
917	81	0
513	218	1
2261	15	0
1391	66	0
813	71	0
1840	180	0
1329	66	0
1122	199	0
1444	109	0
1826	206	1
555	16	0
20	96	0
1255	140	0
622	296	0
716	24	0
2020	55	0
605	177	0
251	94	0
1696	185	0
2073	233	0
498	26	0
1151	57	0
91	48	1
226	256	0
1880	171	0
1191	91	1
446	273	0
787	136	0
247	101	0
279	285	0
708	48	1
63	296	0
1690	290	0
687	209	0
1773	243	0
904	116	1
1262	101	1
549	25	0
905	298	0
150	244	0
1056	144	0
2077	225	0
1566	49	0
1170	26	0
1364	131	0
1482	275	0
390	55	0
1154	159	0
222	209	0
1542	138	1
161	261	0
318	34	1
1268	236	0
59	93	0
1063	49	0
2062	232	0
197	26	0
516	17	0
1304	131	1
870	25	0
452	91	0
444	3	0
2328	138	0
2239	41	0
412	291	0
56	8	1
584	251	0
1159	174	0
1184	91	1
677	83	0
446	298	0
850	73	0
356	8	0
1797	153	0
60	50	1
764	198	0
1514	253	0
1004	18	0
254	260	0
2240	37	0
1697	51	0
469	119	0
948	164	0
1886	257	0
1584	163	0
119	131	0
1019	132	1
939	218	0
1355	263	0
2115	235	1
184	157	0
287	16	0
692	17	0
424	210	0
542	232	0
1465	148	0
600	47	0
413	29	0
1313	230	0
2016	11	0
2060	207	0
638	117	0
1754	272	0
377	194	0
1034	162	0
1027	22	0
1414	169	0
1599	52	0
2124	28	0
456	152	0
2085	98	0
725	155	0
913	277	0
455	94	1
838	242	0
872	99	0
922	240	0
1938	297	0
1550	164	0
1880	207	0
1439	130	1
1689	44	0
991	242	0
2299	102	0
325	24	0
1294	251	0
1908	17	0
1669	181	0
109	150	0
228	4	0
2237	67	0
1751	28	0
48	87	0
2004	257	0
2183	165	0
223	44	0
1903	1	0
189	242	0
2244	253	0
59	198	0
1825	180	0
324	131	0
1219	241	0
1041	265	0
765	80	0
1890	212	1
513	50	1
701	232	0
1332	45	0
905	51	0
112	7	1
48	99	0
1196	188	0
2278	44	1
177	182	0
2175	92	0
257	47	0
2245	135	0
2301	77	0
1328	149	0
1062	86	0
219	148	0
807	50	1
1618	240	0
1126	179	0
2142	297	0
1482	60	0
857	179	0
127	125	0
126	49	0
657	4	0
870	76	1
2003	217	0
1573	180	0
988	270	0
556	76	1
2000	8	0
2080	27	0
2260	12	0
839	129	0
116	84	0
1110	60	0
1507	291	0
736	46	1
1748	191	0
1568	266	0
1243	210	0
13	84	0
1293	120	0
2077	165	1
712	269	0
96	77	1
2232	246	0
2281	191	0
759	64	0
136	42	0
1158	29	0
1980	42	0
282	8	1
971	13	0
1669	92	0
624	34	1
1203	192	0
283	242	0
332	215	0
460	66	0
651	67	0
1952	223	1
1487	130	0
78	138	1
2178	128	0
1284	291	0
275	285	0
292	76	0
259	6	1
1041	217	0
280	91	1
805	35	0
1341	125	0
504	90	0
72	183	0
749	169	0
1003	151	0
713	25	0
460	57	0
1984	18	0
858	162	0
1253	251	0
1391	249	0
1656	78	0
1669	132	1
1444	80	0
563	34	1
448	137	0
1415	246	0
30	140	0
1309	115	1
210	8	1
1587	62	0
527	129	0
1342	108	0
709	120	0
2210	271	0
1994	43	0
1069	77	1
162	293	0
1421	0	0
1755	103	0
633	277	0
1655	71	0
1583	165	0
1835	24	0
410	61	0
1900	219	0
1577	20	0
1402	144	0
1376	242	0
1765	236	0
1135	79	0
469	137	0
116	150	0
13	62	0
647	188	0
675	34	1
2323	47	0
809	50	1
1547	262	0
61	53	0
1128	257	0
1225	71	0
1910	88	0
1723	139	0
36	130	0
2153	180	0
102	63	0
1004	1	0
147	63	0
76	221	0
1017	280	0
1033	204	0
796	68	0
2218	156	0
1402	141	0
1289	128	0
2128	249	0
770	189	0
1218	91	1
1238	88	0
1204	97	0
319	212	0
2243	273	1
2288	159	0
805	115	0
1748	85	0
1624	58	0
1490	46	0
199	189	0
1969	190	0
1438	82	0
1544	260	0
1643	34	0
1247	222	0
383	64	0
670	36	0
1051	251	0
1678	137	0
2184	267	0
135	63	0
1196	242	0
51	197	0
1998	254	0
946	291	0
1208	194	0
808	245	0
2108	202	0
1486	187	0
1468	134	1
678	167	0
121	262	0
1139	58	0
57	6	1
2152	29	0
2059	247	0
881	143	0
1267	250	0
929	120	0
1964	171	0
333	43	0
765	266	0
672	255	0
283	6	1
1457	229	0
972	135	0
998	8	0
671	50	1
581	253	0
1106	209	0
1237	44	0
824	73	0
32	155	1
423	3	0
11	228	0
657	213	0
1949	111	0
652	179	0
824	76	1
129	14	1
2103	39	0
664	180	0
642	222	0
335	136	0
1097	270	0
1090	197	0
646	23	0
954	216	1
1787	47	0
557	75	0
2172	99	0
1142	47	0
553	139	0
573	34	1
1434	143	0
787	140	0
1361	26	1
97	109	1
252	263	1
791	49	1
831	135	0
467	249	0
862	45	0
2087	217	0
1990	32	0
849	219	0
460	142	1
2192	24	0
205	79	0
561	135	0
339	295	0
1713	279	0
991	217	0
339	177	0
768	294	0
1399	220	0
1817	72	0
1196	73	0
548	41	0
333	278	0
1232	109	0
1141	55	1
1607	238	0
1026	259	0
1028	298	0
1512	219	0
179	146	0
442	194	0
886	2	0
893	280	0
1419	135	0
1009	76	1
2294	265	0
1589	19	0
4	31	0
2259	109	0
1012	101	0
2194	221	0
491	267	0
1056	218	0
179	6	1
2058	163	0
2093	263	0
2085	295	0
1955	28	0
2280	30	0
1115	266	0
465	88	0
319	178	0
1477	75	0
859	287	0
1475	62	0
2267	151	0
2287	21	0
1936	220	1
388	239	0
479	157	0
761	65	0
2170	8	0
1117	147	0
1172	246	0
398	267	0
1386	26	1
879	274	0
775	48	1
62	296	0
2235	74	0
979	210	0
240	48	0
482	132	0
669	61	0
2194	11	0
2159	49	0
6	130	0
198	93	0
1580	99	0
159	6	1
645	56	0
2175	180	0
658	0	0
341	81	0
1910	163	0
1291	36	0
676	284	0
1369	287	0
1234	288	1
1464	132	1
1646	148	0
1709	87	0
1232	220	0
142	280	0
313	262	0
582	158	0
1369	155	0
294	144	0
2083	201	0
1605	222	0
64	191	0
1833	74	0
1986	291	0
2038	8	0
383	119	0
867	216	0
2022	226	1
1942	196	0
2219	267	0
1356	199	0
2028	133	0
1288	281	0
1402	26	1
305	78	0
1035	270	0
2250	192	0
640	218	1
1971	21	0
136	8	1
1268	193	0
1147	276	0
2004	247	1
615	239	0
1903	251	0
421	231	0
825	46	0
847	142	1
1606	168	0
88	232	0
861	50	1
640	251	0
1794	100	0
1676	187	0
2069	160	0
1692	262	0
933	114	0
2313	48	0
2310	26	0
1104	69	0
590	276	0
240	16	0
2224	241	0
1141	73	0
1231	250	0
435	9	0
1529	133	0
2313	165	0
296	266	0
1544	265	0
769	258	0
2055	50	0
1674	112	0
315	6	1
649	196	0
954	138	1
504	26	1
1623	50	0
1122	92	0
50	218	1
1517	100	0
332	169	0
548	50	1
1515	228	0
286	16	0
461	219	0
1049	77	1
612	3	0
300	117	0
1451	208	0
282	272	0
1627	244	0
1675	12	0
714	34	1
514	272	0
369	285	1
1605	297	0
265	51	0
1337	43	0
47	226	1
430	224	0
565	183	0
1559	138	1
2327	154	0
559	116	0
1866	29	0
608	181	0
1158	87	0
2145	144	0
1505	286	0
401	21	0
1631	60	0
1654	108	0
1219	227	0
1011	197	0
432	202	0
1977	29	0
2129	272	0
1813	267	0
44	1	0
1939	95	0
797	254	0
874	134	0
2121	96	0
1756	134	0
2060	227	1
1040	57	0
668	228	0
1889	114	0
62	199	0
1729	216	0
1056	143	0
1867	35	0
1357	258	0
2243	191	0
2228	195	0
128	288	1
984	4	0
717	79	0
1476	205	0
566	8	0
1612	23	0
984	263	0
314	88	1
2279	213	0
2230	297	0
1148	170	0
2081	284	0
171	219	0
50	34	1
125	11	1
2185	48	0
1307	236	0
919	289	0
151	211	0
1721	115	0
2174	244	1
1571	140	1
2082	214	0
1301	235	0
1940	86	0
2128	228	0
1098	130	0
78	7	1
1557	165	0
69	226	1
2127	207	0
110	49	1
993	72	1
2053	73	0
190	19	0
293	183	0
589	24	0
2328	136	0
1252	205	0
219	52	0
536	276	0
1089	249	0
1356	125	1
718	131	0
938	18	0
1671	197	0
94	28	0
195	264	0
103	139	1
238	181	0
1511	102	0
33	5	1
1702	36	0
904	88	1
2302	299	0
1754	290	0
538	210	0
1036	82	0
631	165	0
167	8	0
818	84	0
2174	62	0
511	212	0
689	48	1
2266	276	0
889	20	0
2291	200	0
153	21	0
1111	46	0
1166	292	0
2011	58	0
2254	106	0
1435	226	0
152	235	0
191	56	0
1529	45	0
2242	206	0
308	54	0
57	19	1
375	270	0
5	218	0
1925	262	0
1834	46	0
1033	86	1
309	132	0
286	260	0
35	291	0
1170	92	0
1257	181	0
582	209	0
764	48	1
1947	50	0
304	47	0
385	255	0
782	64	0
653	62	0
270	148	0
1738	24	0
87	121	0
322	226	0
997	97	0
2073	144	0
1699	158	0
123	253	0
530	77	1
296	17	0
131	199	0
1261	267	0
1716	93	0
1413	56	0
1756	219	0
419	246	0
893	15	0
400	197	0
812	227	0
665	18	0
387	75	0
1746	193	0
582	105	1
1485	256	0
1743	195	0
511	176	0
191	64	0
1084	208	0
1567	64	0
1722	224	0
2122	240	1
92	22	0
986	66	1
1520	151	0
157	150	0
1197	32	0
1265	261	0
738	65	0
910	115	0
30	76	1
412	138	0
1962	223	1
864	208	0
30	61	0
676	173	1
582	12	0
292	293	0
2293	175	0
651	62	0
671	123	0
800	181	0
327	34	0
65	50	1
971	280	0
282	265	0
1911	102	0
18	293	0
1588	240	0
2205	144	0
1210	116	0
568	17	0
379	236	0
393	176	0
1626	116	1
1585	275	0
1849	296	0
184	100	0
2143	7	0
1727	147	0
1138	83	1
1642	223	0
595	258	0
1866	46	0
1019	202	0
1328	118	0
1726	122	0
1562	207	0
1498	138	1
1291	209	0
1494	138	1
526	50	1
1938	261	0
918	53	1
2297	95	0
1109	289	0
1563	33	0
660	123	0
1709	124	0
912	33	0
639	291	0
1159	257	0
560	234	0
1113	211	0
1355	259	0
15	124	0
1565	95	0
1809	293	0
150	24	0
751	227	0
703	115	0
1183	203	0
29	81	0
2099	113	0
646	7	0
678	297	0
95	253	0
1531	195	0
353	18	0
194	88	0
1756	281	0
242	6	1
2074	265	0
1669	151	0
45	206	0
353	89	0
37	219	0
1704	273	0
647	39	0
1490	111	0
1113	200	0
447	134	0
1701	173	1
1967	111	0
1564	34	1
1033	142	1
1290	171	0
1118	218	0
472	50	1
508	60	1
326	6	1
1112	286	0
321	53	0
140	154	0
479	48	1
160	142	1
2293	5	0
1346	94	1
639	132	1
461	221	0
1122	79	0
801	123	0
367	22	1
303	6	1
1621	261	0
1364	66	0
1072	26	1
1031	133	0
940	104	0
13	4	1
1142	232	0
1169	133	0
2222	223	0
550	34	1
2233	298	0
1084	196	0
2269	202	0
1709	277	0
556	9	0
1113	77	1
1240	186	0
1574	124	0
753	79	0
945	235	0
1340	199	0
794	82	0
341	114	0
665	179	0
1211	172	0
2	9	0
2308	288	1
1665	53	0
470	75	0
1922	219	1
1129	282	0
1392	161	0
1629	116	1
1233	45	0
881	50	1
1480	239	0
1263	88	0
1981	277	0
258	145	0
1985	146	0
2004	178	0
1579	196	0
1992	4	0
696	4	0
940	200	0
1210	32	0
1870	59	0
231	241	0
1827	56	0
79	100	0
593	113	0
2122	208	0
47	222	0
272	20	0
2161	211	0
736	83	0
1149	10	0
2210	253	0
2128	222	0
291	202	0
1491	285	0
1062	30	0
1386	167	0
2173	101	0
929	294	0
1793	282	0
2276	60	0
1644	220	0
1765	75	0
1047	179	0
2328	33	0
2206	179	0
358	126	0
979	280	0
96	154	0
1012	102	0
369	185	1
1123	116	0
1255	272	0
672	54	0
136	274	1
1215	105	0
993	173	0
2020	168	0
1695	293	0
64	233	0
686	245	0
2197	188	0
2300	288	1
907	7	0
155	165	1
2221	290	0
1803	19	0
1754	30	0
1566	252	0
1752	214	0
1964	93	0
1304	98	0
628	3	0
253	227	0
25	70	0
1881	38	0
121	244	1
1861	231	0
1637	155	0
21	222	0
591	136	0
850	210	0
49	55	0
1451	65	0
1056	277	0
739	207	0
1465	275	0
1471	34	0
1218	215	0
115	286	1
941	30	0
1742	202	0
541	178	0
275	46	0
369	4	0
1538	165	0
1102	290	0
802	209	0
2114	218	0
1787	273	0
1026	258	0
631	34	1
1251	88	1
238	290	0
775	203	0
1492	188	0
52	5	1
1102	295	0
1851	61	0
968	64	1
1924	205	0
2216	112	0
720	276	0
358	180	0
1338	60	0
1585	247	0
353	119	0
1322	192	0
1763	186	1
203	95	0
1306	92	0
438	76	1
1542	22	0
434	244	1
648	103	0
1055	93	0
1243	138	0
2121	295	0
1749	84	0
2186	133	0
2023	219	0
1286	207	0
928	161	0
411	38	0
2173	56	0
1859	9	0
1584	78	0
1716	226	0
841	256	0
1076	116	0
835	138	1
808	50	1
1134	196	0
2313	214	0
84	201	0
2279	20	0
1771	173	0
383	273	1
1534	61	0
1704	33	0
689	45	1
1999	13	0
1447	26	0
1237	274	0
1717	201	0
59	43	0
1618	175	0
981	66	1
377	288	0
1269	296	0
2297	288	1
382	115	0
1876	49	0
658	211	0
1011	247	0
2046	271	0
1153	213	0
1271	145	0
548	48	1
483	22	0
528	50	1
26	210	0
2	192	0
1975	155	0
909	269	0
641	256	0
831	55	0
1131	200	0
338	30	0
1325	54	0
758	210	0
1172	19	0
575	110	1
113	6	1
310	73	0
1380	221	0
291	150	0
1185	288	1
1235	235	0
711	238	0
1101	290	0
1759	182	1
1788	137	0
69	88	1
2183	157	0
2029	227	1
1955	137	0
76	244	1
990	194	0
1082	144	0
1603	186	0
2018	201	0
1118	50	0
969	183	0
2120	22	0
1821	43	0
54	293	0
1960	185	0
538	34	1
1795	120	0
1800	28	0
1688	148	0
2131	151	0
170	179	0
1540	1	0
1819	10	0
1366	32	0
180	216	0
595	270	0
1358	196	0
301	6	1
2114	241	0
419	82	0
1209	137	0
1086	188	0
85	267	0
1085	39	0
1847	256	0
1629	90	0
2030	32	0
1898	14	0
96	134	0
356	6	1
624	60	0
902	149	0
1288	9	0
1138	242	0
954	86	0
1102	149	0
327	86	0
1247	93	1
1288	95	0
1905	173	0
2228	242	0
824	235	0
973	143	0
722	45	1
200	227	0
911	82	0
32	145	1
936	58	1
388	127	0
1031	132	1
1092	273	0
801	51	0
1430	59	0
963	216	0
125	246	0
74	224	0
58	48	1
684	211	0
1513	158	0
42	284	0
1045	77	1
643	48	1
889	53	1
572	220	0
1008	77	1
1036	135	0
1950	220	1
91	30	0
2226	267	1
1612	94	0
1473	129	0
802	61	0
253	6	1
1903	262	0
1202	90	0
559	1	0
2047	231	0
1221	247	0
2059	285	0
546	34	1
756	132	1
1234	163	0
1054	77	1
1562	138	1
938	236	0
1208	177	0
1235	106	0
1142	214	0
1137	11	0
1561	280	0
1758	275	0
1248	180	0
1319	223	0
1320	94	1
437	94	1
115	46	0
1249	241	0
479	34	1
1764	186	1
2098	225	0
1127	24	0
2261	32	0
211	54	0
2029	240	0
1986	92	0
1956	37	0
2178	244	1
1192	91	1
1894	21	0
1790	24	0
546	213	0
100	164	0
95	118	1
1247	145	0
238	101	0
812	128	0
483	194	0
2286	220	0
905	4	0
719	227	0
975	221	0
1819	58	0
447	61	0
1486	144	0
2096	30	0
2259	159	0
1954	8	0
21	286	1
2167	11	0
139	272	0
1281	135	0
716	149	0
2056	247	0
1697	291	0
734	87	0
457	86	1
1648	286	0
984	66	1
2275	52	0
1126	245	0
2024	249	0
1664	254	0
2128	154	0
845	207	0
1503	108	0
1829	147	0
2246	13	0
1154	88	1
765	48	1
1769	86	1
866	200	0
1773	9	0
13	292	0
1774	202	0
576	46	0
790	110	0
107	296	0
2042	41	0
2183	169	0
183	95	0
2304	288	1
9	57	0
1993	118	0
2050	265	0
1451	71	0
1136	209	0
502	17	0
291	7	0
519	100	0
1567	74	0
679	34	1
1534	42	0
1887	151	0
1196	141	0
930	55	1
617	22	0
1213	91	1
2314	28	0
2157	108	0
1505	96	0
347	204	0
1372	35	0
1527	27	0
289	226	0
1097	129	0
786	43	0
343	19	1
1587	80	0
785	50	1
672	77	0
2250	273	1
798	35	0
1314	9	0
1161	298	0
1206	89	0
1843	211	1
1276	150	0
1957	16	0
575	50	1
329	6	1
1043	37	0
2305	297	0
357	274	0
589	222	0
1225	283	0
794	79	0
1422	162	0
343	217	0
915	166	0
1435	282	0
466	143	0
414	269	0
1961	242	0
674	174	1
863	68	0
394	109	0
625	257	0
954	75	1
1602	171	0
323	68	0
131	76	0
426	80	0
1735	82	0
231	26	0
1287	264	0
363	100	0
1718	127	0
346	6	1
306	6	1
2069	165	1
90	280	0
331	242	0
2070	65	0
689	174	0
2020	104	0
701	204	0
1381	254	0
1569	101	0
1125	105	1
1078	136	0
1037	7	0
586	37	0
380	83	0
1213	290	0
564	73	0
796	111	0
783	241	0
1104	48	0
751	270	0
2043	125	0
891	53	1
439	15	0
50	64	1
435	178	1
663	115	0
793	51	0
321	146	0
1903	283	0
1008	41	0
1327	278	0
1737	118	0
1837	209	0
1334	66	0
1608	192	0
582	198	0
1752	95	0
1828	207	0
1677	261	0
1895	123	0
834	119	0
745	223	0
1330	70	0
1192	292	0
46	93	0
334	213	0
1046	119	0
337	63	0
953	253	0
1929	238	0
647	124	0
59	244	1
220	195	0
785	205	0
2253	25	0
168	234	0
2146	67	0
1592	30	0
190	179	0
2131	19	0
2056	264	0
186	134	0
1688	91	0
534	204	0
2329	167	0
449	216	0
1190	187	0
39	294	0
2122	272	0
1680	180	0
1946	6	0
1054	296	0
499	219	0
347	179	0
1871	100	0
1432	188	0
2325	112	0
1970	142	1
1672	26	0
1735	128	0
171	180	0
478	237	0
839	86	1
2014	296	0
1557	254	0
1349	108	0
1629	212	0
745	298	0
1340	97	0
646	48	1
1688	141	0
476	48	1
1217	150	0
40	248	0
131	32	1
667	229	0
246	116	0
592	34	1
334	141	0
2079	52	0
1124	218	1
2276	167	0
1704	156	0
2166	244	1
2056	152	0
467	232	0
778	48	1
982	182	0
181	226	0
1640	173	0
1553	298	0
648	166	0
1302	289	0
1883	271	0
812	239	0
1014	5	0
2197	288	0
788	48	1
1327	54	0
1481	104	0
892	139	0
2086	146	0
1948	31	0
1174	8	0
2200	31	0
1947	114	0
2217	132	0
2326	254	0
1063	189	0
1636	71	0
1841	104	0
458	106	0
2320	104	0
1621	11	0
1719	253	0
1562	116	0
286	59	0
846	240	0
245	107	0
2264	283	0
1497	15	0
1448	268	0
1754	141	0
394	28	1
1213	189	0
2138	56	0
898	241	0
1116	241	0
2210	258	1
939	107	0
1266	74	0
1339	33	0
1810	198	1
1641	257	0
1717	272	0
1219	55	0
1018	216	0
471	155	0
102	1	0
821	78	0
1779	244	0
1718	80	0
904	23	0
553	166	0
1779	137	0
1537	162	0
1935	223	0
2151	25	0
176	246	0
1134	263	0
1192	55	0
576	279	0
627	188	0
1796	297	0
479	159	0
818	97	0
47	164	1
1690	101	0
524	238	0
852	235	0
1576	7	0
2022	238	0
1210	146	0
847	38	0
1483	135	1
831	92	0
106	40	1
1544	292	0
1768	162	0
361	12	0
1922	162	0
1688	82	0
640	258	0
1066	97	0
1669	262	0
1215	90	0
271	140	0
298	93	0
809	77	1
2098	87	0
824	105	0
636	136	0
1403	276	0
238	59	0
1252	86	0
922	147	0
20	45	1
1494	226	0
2092	5	0
753	11	0
1752	10	0
1452	5	0
1098	187	0
2119	0	0
542	229	0
1820	114	0
556	218	1
1620	293	0
45	50	1
796	29	0
748	201	0
431	294	0
1619	256	0
686	70	0
201	165	1
1345	212	0
279	227	0
1998	2	0
1124	196	0
1583	144	0
2057	152	0
1758	182	1
534	48	0
1325	114	0
32	159	1
880	184	0
1370	171	0
626	50	1
2040	258	0
1296	76	0
541	39	0
2139	206	0
64	7	1
2232	150	0
690	13	0
163	249	0
604	259	0
884	127	0
1821	112	0
52	63	0
1388	254	0
47	50	1
296	88	0
2269	0	0
1972	226	0
680	34	1
936	214	0
1759	219	1
278	292	0
916	238	0
537	33	0
774	12	0
1100	56	0
2175	271	0
282	104	0
414	232	0
2314	276	0
1997	287	0
822	50	1
291	276	0
1893	75	0
1148	112	0
881	246	0
113	265	0
1711	102	0
2241	145	0
641	225	0
1302	214	0
54	139	0
795	166	0
1075	188	0
47	110	1
1951	191	0
466	34	1
829	201	0
1452	262	0
2234	85	0
466	250	0
40	18	0
416	120	1
2266	148	0
1261	140	0
1983	50	0
829	77	0
343	230	0
2215	138	0
633	74	0
634	34	1
729	138	0
842	142	1
1895	24	0
219	147	0
143	19	1
877	138	1
1900	38	0
653	197	0
128	99	1
1000	46	0
318	103	0
292	219	0
1801	42	0
835	292	0
347	85	0
1162	242	0
1640	292	0
2078	50	0
1485	58	0
1332	59	0
277	93	0
1916	78	0
568	178	0
1719	105	0
51	298	0
894	227	0
2111	90	0
475	178	0
811	243	0
455	26	1
1765	85	0
2213	196	0
936	50	0
766	68	0
1992	101	0
265	209	0
1564	159	0
1246	159	0
184	291	0
1190	91	1
390	73	0
575	48	1
1938	294	0
335	97	0
265	5	0
1848	245	0
1734	264	0
1170	66	0
98	3	0
1038	250	0
498	44	0
1685	166	0
1388	173	0
1571	83	0
46	245	1
2255	85	0
32	238	0
717	62	0
685	100	0
1495	113	0
830	221	0
2278	61	0
2193	276	0
2124	133	0
1827	3	0
1265	53	0
1421	119	0
214	155	0
1715	48	0
442	264	0
42	44	0
630	72	1
32	139	1
216	41	0
134	189	0
2022	262	0
941	173	0
1480	134	1
868	135	0
965	148	0
1769	4	0
314	98	0
1405	11	0
2301	234	0
78	237	0
827	85	0
89	244	1
1033	139	0
1342	51	0
441	156	0
855	74	0
975	101	0
31	5	1
778	256	0
2324	297	1
269	135	0
624	189	0
957	38	0
84	171	0
683	87	0
22	4	1
947	187	0
1017	19	0
1853	97	0
720	61	0
30	34	1
1624	131	0
26	201	0
450	40	1
753	194	0
733	45	1
866	231	0
2124	118	0
379	96	0
1703	290	0
793	48	1
1299	142	0
264	151	0
1265	124	0
1250	88	1
30	242	0
656	196	0
139	25	0
1726	183	0
2247	195	0
1562	269	0
673	160	0
86	7	1
732	44	1
913	53	1
1531	96	0
474	194	0
1136	91	1
1043	77	1
1073	100	0
76	135	0
223	151	0
96	213	0
204	223	0
565	193	0
1792	86	1
56	197	0
1090	134	0
1008	4	0
1307	100	0
234	63	0
2161	100	0
1266	103	0
408	186	0
1976	0	0
180	19	0
729	262	0
101	7	1
391	31	0
1108	167	0
882	291	0
814	35	0
738	260	0
1616	106	0
2059	138	0
99	50	1
809	67	0
1296	86	1
1854	93	0
105	101	0
565	175	0
1576	132	1
932	228	0
835	286	0
629	69	0
1793	242	0
1823	72	0
2214	239	0
233	296	0
1060	77	1
32	234	0
79	244	1
127	287	0
29	211	0
848	275	0
2277	139	0
485	253	0
276	225	0
1238	158	0
924	224	0
422	240	0
1011	83	1
1099	235	0
1453	142	0
2067	118	0
2053	195	0
1784	270	0
162	165	1
916	297	0
1624	160	0
2038	274	0
1747	58	0
90	184	0
1047	81	0
563	173	1
1868	267	0
379	288	0
1174	23	0
1502	73	0
1037	137	0
1212	48	0
1415	26	1
2327	75	0
312	243	0
2314	299	0
2213	215	0
1963	254	0
2223	53	0
80	7	1
383	202	0
831	244	0
225	85	0
1569	279	0
339	6	1
1592	225	0
264	122	0
499	144	0
47	2	0
1577	123	0
1933	95	0
1429	207	0
1366	230	0
1129	140	0
749	75	0
1481	143	0
642	151	0
1669	75	0
2036	144	0
1236	91	1
688	11	0
1009	191	0
918	283	0
602	34	1
1556	111	0
1324	204	0
1214	119	0
1440	111	0
1139	201	0
166	283	0
2247	196	0
656	78	0
397	146	0
2223	184	0
518	130	0
134	123	1
2324	162	0
1827	290	0
197	6	1
1952	132	1
814	72	0
2197	260	0
1865	96	0
664	296	0
93	283	0
505	118	0
1874	295	0
1632	54	0
1136	277	0
81	193	0
1864	209	0
1355	219	0
1487	114	0
1818	164	0
629	105	1
1396	236	0
1558	212	0
779	235	0
1829	183	0
1674	1	0
1177	52	0
2071	67	0
1771	232	0
128	245	0
368	159	1
1277	74	0
1016	158	0
1016	171	0
401	28	1
1536	256	0
343	94	0
1415	149	0
1741	224	0
1601	250	0
1422	177	0
123	11	1
1810	68	0
325	30	0
1196	244	0
1362	107	0
1394	197	0
1362	242	0
1582	173	0
1190	48	0
1112	163	0
497	50	1
325	218	1
580	94	1
839	50	1
2191	239	0
262	6	1
40	205	0
2074	122	0
614	296	0
1422	53	0
2313	253	0
1376	45	0
1907	57	0
1168	177	0
861	208	0
184	149	0
2040	32	0
2085	190	0
908	9	0
2137	26	0
162	269	0
1213	52	0
1901	137	0
547	104	0
2044	241	0
42	98	0
1437	265	0
1258	94	0
1983	129	0
524	79	0
177	118	0
1474	216	0
823	12	0
1402	156	0
926	269	0
1975	170	0
1341	30	0
460	34	1
1479	149	0
827	55	0
1560	75	0
1281	109	1
982	76	0
399	189	0
1446	29	0
1575	262	0
1468	28	0
2228	157	0
2036	84	0
877	85	0
1077	77	1
711	256	0
350	6	1
2212	39	0
959	132	0
595	134	0
1006	166	0
95	243	0
1960	1	0
2191	39	0
1158	177	0
1078	239	0
683	15	0
814	124	0
1560	188	0
1574	142	1
865	71	0
772	48	1
670	223	0
695	101	0
238	284	0
99	175	0
673	268	0
2000	237	0
685	113	0
1748	177	1
520	35	0
1370	26	1
2118	151	0
116	246	0
1168	180	0
1822	199	0
2172	53	0
1491	239	0
1234	91	1
281	100	0
1516	230	0
131	34	1
2240	273	1
1631	74	0
208	62	0
355	174	0
1754	77	0
71	226	1
1628	116	1
526	48	1
1504	138	1
1502	130	0
801	218	1
947	34	0
1687	139	1
332	236	0
1569	128	0
1937	89	0
80	50	1
1061	15	0
2118	286	0
2040	47	0
478	80	0
2026	21	0
941	54	0
952	66	0
903	42	0
64	186	0
2240	267	0
2179	244	1
336	288	0
1928	89	0
1545	123	0
1741	291	0
1926	149	0
1259	176	0
1316	222	0
935	279	0
492	110	0
1906	231	0
113	271	0
283	90	0
1411	147	0
260	106	0
1622	116	1
2165	208	0
2179	89	0
51	178	0
1188	71	0
591	76	0
1305	118	0
1205	71	0
1196	69	0
1345	124	0
1465	201	0
1293	204	0
2166	144	0
1065	204	0
873	208	0
1781	286	0
2028	223	0
325	75	1
1488	268	0
1399	145	0
1154	34	0
576	101	0
1977	154	0
1301	211	1
1937	199	0
1790	94	0
639	98	0
1530	287	0
2001	68	0
1025	239	0
1271	105	1
1112	43	0
426	36	1
1477	134	1
1431	91	0
1535	296	0
1279	151	0
1229	108	0
998	105	1
1953	0	0
77	4	0
672	48	1
369	22	1
1932	299	0
1373	156	0
105	105	0
535	195	0
2293	77	0
260	35	0
1285	158	0
1498	286	0
157	198	0
443	96	0
236	259	0
971	293	0
127	138	1
787	23	0
1474	134	1
2315	291	1
1957	217	0
1274	0	0
1206	290	0
612	145	0
1131	152	0
649	179	0
575	184	0
1215	295	0
113	150	0
1164	272	0
1132	213	0
2177	97	0
1289	7	0
2108	211	0
466	110	1
1524	138	1
232	215	0
288	239	0
1925	221	0
1983	258	0
305	116	0
354	236	0
544	173	0
1430	190	0
180	113	0
1867	153	0
786	281	0
434	27	0
1604	218	0
138	153	0
2002	115	0
1203	99	0
2256	147	0
2069	107	0
616	223	0
1667	42	0
833	112	0
1626	59	0
1486	173	0
2267	116	0
1578	185	0
1623	215	0
461	185	0
489	141	0
1406	220	0
647	48	1
278	11	0
807	140	0
1382	134	0
804	263	0
205	166	0
579	254	0
276	20	0
944	142	1
93	292	0
1344	94	1
2265	283	1
400	290	0
1936	118	0
2024	142	0
1002	297	0
1272	277	0
1851	244	0
931	255	0
1362	160	0
595	277	0
601	106	0
166	145	1
326	220	0
1830	269	0
420	8	0
1533	293	0
368	22	1
826	13	0
39	270	0
459	112	0
220	224	0
1820	215	0
1437	231	0
445	278	0
2241	72	0
2023	215	0
1146	88	1
2138	244	1
128	140	0
1954	19	0
806	47	0
2091	48	0
701	50	1
2120	216	1
70	36	0
1234	274	0
884	218	0
1416	87	0
291	106	0
2133	144	0
1753	110	0
107	50	1
104	50	1
716	275	0
1132	244	0
1590	63	0
1170	94	0
2182	244	1
23	243	0
846	85	0
1397	26	1
1983	195	0
331	271	0
586	34	1
559	203	0
920	296	0
367	87	0
1034	65	0
1787	173	0
412	66	0
2012	195	0
2276	44	1
1419	29	0
1525	213	0
1800	46	0
775	210	0
767	6	0
133	6	1
343	238	0
709	48	1
967	63	0
1100	264	0
809	124	1
1764	58	0
255	6	1
198	20	0
1347	259	0
1244	184	0
720	246	0
1809	110	0
1080	134	0
782	84	0
1427	121	0
1680	150	0
49	277	0
2219	209	0
237	212	0
937	64	0
813	23	0
105	122	0
653	153	0
787	48	1
1902	192	0
375	66	0
665	211	0
1174	121	0
755	154	0
1696	199	0
1639	284	0
232	283	0
1652	274	1
997	194	0
1002	136	0
609	77	1
876	159	1
136	294	0
639	218	1
1420	9	0
615	34	1
1351	222	0
2129	189	0
646	109	0
2089	165	1
1015	75	1
865	159	0
428	105	0
1031	227	0
66	73	0
1340	198	0
2188	243	1
185	127	0
1768	80	0
1891	51	0
2042	50	0
2224	289	0
877	137	0
798	194	0
1215	226	0
2192	195	0
2247	205	0
1218	192	0
65	40	1
1157	260	0
2315	263	0
1575	90	0
1199	45	0
1679	25	0
1043	64	0
1809	124	0
462	75	0
2004	66	0
2039	48	0
2053	94	0
710	56	0
2090	30	0
1373	26	1
1005	112	0
1879	199	0
1482	62	0
288	220	0
616	25	0
396	291	0
2314	233	0
1626	75	0
2168	125	0
1801	267	0
798	199	0
758	10	0
1510	213	0
183	224	0
1858	129	0
1684	122	0
217	267	0
122	19	0
1276	40	0
1664	206	0
1575	282	0
704	294	0
1628	100	0
817	44	0
28	45	0
1926	283	0
197	34	0
187	233	0
1025	277	0
2226	33	0
698	34	1
269	57	0
475	233	0
2003	101	0
101	34	0
335	36	0
758	40	0
1653	9	0
524	65	0
530	259	0
1694	151	0
658	89	0
1709	135	0
2266	3	0
2095	298	0
74	131	0
356	116	0
1908	77	0
1071	0	0
1498	165	0
709	124	0
840	142	1
1772	120	0
464	61	0
1577	31	0
1964	244	1
1184	152	0
1940	59	0
149	19	1
664	50	1
813	247	0
845	73	0
677	192	0
565	34	1
1318	208	0
2126	84	0
1221	180	0
1796	79	0
1190	267	0
1852	211	1
269	123	0
1004	61	0
1790	240	0
2288	255	0
1667	140	0
1434	11	1
2106	251	0
2244	273	1
615	164	0
1791	135	0
1339	214	0
2074	165	1
2127	168	0
1240	63	0
2160	33	0
573	105	0
1807	177	0
284	80	0
329	67	0
2263	112	1
449	75	0
648	74	0
937	77	1
1844	1	0
59	108	1
673	40	0
876	24	0
1306	218	0
687	175	0
517	25	0
226	32	0
118	10	1
1981	196	0
1606	289	0
2211	289	0
1093	101	0
664	48	1
309	215	0
581	277	0
2300	139	0
946	60	0
2279	239	0
2057	107	0
2162	46	0
2312	168	0
859	219	0
149	209	0
396	222	0
1820	297	0
1588	10	0
136	165	1
997	227	0
536	63	0
481	34	1
2223	7	0
799	75	0
226	112	0
787	232	0
2307	131	0
693	45	0
828	218	1
876	227	0
1168	8	1
1363	285	0
1200	91	1
1092	73	0
2042	266	0
2126	196	0
1648	177	0
1418	130	0
1029	67	0
1406	70	0
1675	32	0
22	29	0
1434	74	0
295	121	0
1972	73	0
471	235	0
160	77	0
1883	244	0
1094	102	0
2103	165	1
317	144	0
213	206	0
1650	163	0
690	205	0
1167	247	0
398	242	0
842	177	0
250	253	0
2107	147	0
1374	78	0
1915	137	0
1526	57	0
1122	178	0
216	62	0
1869	186	0
1461	132	1
1355	57	0
566	272	0
574	143	0
593	153	0
270	50	0
395	104	0
1061	228	0
70	247	0
2226	44	0
1067	36	0
953	137	0
2283	36	0
2292	269	0
323	219	0
1405	248	0
139	219	0
2063	228	1
1999	5	0
270	161	0
165	221	0
843	132	1
549	120	0
881	63	0
359	86	0
692	107	0
50	144	0
1563	198	0
1518	86	0
292	64	0
1709	82	0
1918	270	0
2223	172	0
420	115	0
1449	288	0
831	54	0
67	228	0
428	88	0
1092	209	0
513	175	0
363	247	0
1715	186	0
262	215	0
1635	290	0
319	3	0
1385	264	0
1286	91	0
1585	20	0
1163	101	0
2181	295	0
1313	19	0
1084	91	0
1309	188	0
176	241	0
1022	283	0
1906	265	0
622	194	0
1693	89	0
1150	156	0
1457	245	1
1423	273	0
2214	5	0
564	135	0
27	279	0
1996	104	0
134	3	0
1033	149	0
1299	117	0
620	254	0
624	220	0
2028	12	0
1180	91	1
811	171	0
82	121	0
808	105	0
106	87	0
1708	238	0
1217	53	0
1970	45	0
1521	138	1
1739	111	0
344	165	1
2110	82	0
376	40	0
482	162	0
267	240	0
1063	283	0
1489	57	0
961	222	0
1951	272	0
1986	142	1
1225	242	0
1276	24	0
375	127	0
2024	226	1
700	4	0
775	77	0
431	63	1
2246	273	1
816	8	0
1808	162	0
2069	43	0
2109	250	0
41	69	0
391	40	0
694	34	1
1325	181	0
1247	53	0
1882	92	0
238	122	0
669	15	0
1792	230	0
2232	145	0
1213	133	0
1619	172	0
666	34	1
751	187	0
766	292	0
807	76	1
108	50	1
2020	86	0
80	232	0
1228	91	1
1204	91	1
280	6	1
2154	156	0
1189	81	0
826	180	0
1803	179	0
318	204	0
280	171	0
1492	183	0
1508	57	0
1466	262	0
1557	100	0
163	81	0
1616	51	0
1955	229	0
1256	274	0
471	97	0
2080	4	0
21	138	1
2036	216	0
733	246	1
803	174	1
1209	218	0
1278	74	0
665	109	0
274	164	0
2067	132	0
51	34	1
31	237	0
216	206	0
2258	61	0
1571	213	0
2042	148	0
642	86	0
1985	202	0
1019	227	1
1579	184	0
1882	21	0
1727	204	0
701	151	0
437	182	0
886	242	0
560	77	1
1021	75	1
1501	290	0
353	7	0
2094	96	0
629	287	0
1471	4	0
516	34	1
171	21	0
1804	48	0
925	203	0
2265	219	0
1388	189	0
70	34	1
1309	36	0
1458	77	0
585	26	1
283	263	0
1901	279	0
564	255	0
530	3	0
348	210	0
847	157	0
1998	116	0
1658	204	0
1078	77	1
82	18	0
671	159	0
1132	296	0
347	148	0
1159	281	0
1834	281	0
1976	289	0
2218	255	0
822	142	1
2048	144	0
1473	34	0
813	50	1
1571	152	0
500	50	1
1616	170	0
2020	149	0
1696	256	0
325	138	1
955	69	0
2204	58	0
2328	243	0
2100	165	1
398	261	0
486	120	0
2267	89	0
2312	186	0
903	127	0
1687	114	0
1820	46	0
1780	86	1
1892	85	0
2231	41	0
1550	9	0
477	201	0
1410	23	0
95	158	0
131	10	0
1114	130	0
205	190	0
136	148	1
386	32	0
1374	219	0
517	138	0
1387	115	0
1704	174	1
94	7	1
1064	218	0
645	242	0
142	90	0
1841	21	0
1541	258	0
54	5	1
1735	119	0
1319	219	0
1133	21	0
2075	64	0
669	138	0
1234	284	0
1177	260	0
91	50	1
1959	19	0
236	223	0
1741	39	0
476	54	0
93	287	0
1182	91	1
1017	88	0
1984	145	0
433	54	0
2164	244	1
816	4	0
709	86	1
777	0	0
758	93	0
1803	194	1
2097	60	0
2247	51	0
1267	104	0
165	168	0
1563	110	0
997	60	0
2262	243	0
630	124	0
785	235	0
94	50	1
297	6	1
1003	291	0
1967	152	0
291	134	0
1618	288	0
550	134	0
242	21	0
2012	132	0
1277	155	0
1987	221	0
165	164	0
1949	128	0
1213	87	0
1124	169	0
2006	256	0
1386	255	0
2084	203	0
578	298	0
1004	96	0
1475	21	0
569	120	0
1398	115	0
2062	128	0
2292	221	0
573	277	0
1219	85	0
1070	267	0
2326	202	0
866	179	0
529	50	1
1010	108	0
2250	146	0
716	34	1
2135	259	0
435	174	1
1788	239	0
829	33	0
121	32	0
467	246	0
33	121	0
1031	77	1
708	205	0
2196	139	0
106	155	1
1809	21	0
1879	74	0
559	284	0
2145	244	1
858	52	0
1234	37	0
1753	22	0
1503	248	0
1238	33	0
324	157	0
575	273	0
295	191	0
613	124	0
139	212	0
796	49	1
1590	253	0
120	26	0
566	213	0
1282	109	1
1363	291	0
1083	77	1
2039	169	0
222	6	1
1187	106	0
1708	88	0
1946	168	0
95	58	0
1548	104	0
854	121	0
674	282	0
1613	87	0
444	248	0
1065	131	0
2250	27	0
724	269	0
443	222	0
2100	80	0
110	6	1
2229	42	0
1200	70	0
5	292	0
1476	48	0
2180	220	0
374	178	0
1785	28	0
1973	142	1
1482	184	0
291	93	0
667	235	0
1110	232	0
667	202	0
1053	77	1
1564	60	0
184	156	0
1794	206	0
241	289	0
1460	53	0
839	240	0
512	294	0
34	181	0
1963	223	1
2152	215	0
1916	160	0
466	15	0
1541	152	0
951	223	0
1781	42	0
1547	12	0
288	56	0
189	168	0
1414	59	0
82	201	0
1454	272	0
1244	265	0
567	5	0
2305	27	0
556	246	0
256	6	1
152	280	0
1057	77	1
1394	26	1
1378	138	1
783	3	0
480	54	0
757	267	0
314	6	1
1077	99	0
1031	74	0
1063	108	0
791	43	0
2181	244	1
244	6	1
817	86	1
1900	226	0
153	299	0
1863	86	0
592	38	0
1905	113	0
67	188	0
95	31	0
1920	115	0
36	37	0
343	74	0
1994	293	0
1768	264	0
2094	252	0
1527	116	0
2273	98	0
285	199	1
73	131	0
641	172	0
1948	207	0
2214	66	0
209	185	0
1583	210	0
1345	177	1
1386	222	0
1427	262	0
1713	203	0
707	9	0
1409	74	0
246	152	0
1635	72	0
2181	85	0
1940	288	1
1196	49	0
2105	87	0
677	179	0
1678	20	0
1586	145	1
607	76	0
1477	15	0
1653	66	0
823	187	0
1058	40	0
567	120	0
1475	226	0
1560	64	0
2004	289	0
1116	2	0
367	161	0
1654	127	0
1188	91	1
1760	230	0
39	269	0
1166	162	0
1330	185	0
1178	99	0
290	6	1
781	297	0
1698	144	0
1479	200	0
1116	187	0
1976	269	0
220	78	0
1966	60	0
2006	161	0
1572	141	1
178	33	0
83	32	1
8	278	0
1746	118	0
1730	271	0
927	49	0
2160	56	0
452	290	0
1923	26	0
83	21	0
56	84	0
1928	251	0
1817	94	0
281	60	0
1666	122	0
2113	234	1
212	179	0
152	55	0
2025	110	0
924	14	0
1446	155	0
1511	138	1
1034	230	0
1002	153	0
584	106	0
276	141	0
1641	7	0
1095	77	1
2266	115	0
1364	5	0
1396	288	0
989	187	0
1614	100	0
854	154	0
1132	219	0
1785	171	0
573	5	0
353	285	0
168	226	0
904	136	0
1454	289	0
138	53	1
138	288	1
26	2	0
2218	296	0
809	71	1
344	69	0
539	129	0
849	96	0
1904	242	0
27	40	0
413	280	0
2014	245	0
634	200	0
1589	145	1
1587	236	0
2289	293	0
1779	147	0
32	220	1
1534	214	0
1865	240	0
297	265	0
1824	261	0
987	66	1
1486	121	0
2230	107	0
1448	132	1
1848	211	1
1349	245	1
128	13	1
1005	16	0
2011	12	0
1970	21	0
1753	264	0
884	89	0
1753	84	0
137	63	0
1835	211	1
1499	247	0
2161	278	0
161	100	0
630	81	0
1140	117	0
1155	83	0
2051	161	0
1267	187	0
1838	67	0
1403	149	0
1323	130	0
2170	161	0
1296	77	0
2155	244	1
1892	4	0
1298	47	0
1855	46	0
46	59	0
300	194	0
2062	53	0
232	226	0
337	137	0
1212	17	0
2015	187	0
681	278	0
1777	112	0
434	174	1
2168	215	0
299	230	0
1429	43	0
843	50	1
1555	45	0
1186	229	0
1264	41	0
1555	138	1
1264	102	1
930	12	0
1069	212	0
229	283	0
870	253	0
1735	74	0
1450	147	0
2125	294	0
1728	85	0
434	34	1
2089	87	0
0	59	0
598	272	0
1267	84	0
481	71	0
2113	22	0
2225	228	0
622	290	0
2210	285	0
2200	253	1
1074	179	0
1282	257	0
1444	189	0
214	297	0
985	94	1
502	77	1
1084	49	0
321	222	0
1294	96	0
544	142	1
2301	46	0
811	223	0
2096	59	0
1096	133	0
473	108	0
1933	26	0
146	219	0
402	28	1
1610	201	0
2267	269	0
2182	183	0
128	19	1
560	34	1
1223	71	0
1533	35	0
1514	124	0
586	11	0
2138	151	0
758	48	1
1490	227	0
1922	129	0
2152	155	0
746	248	0
1663	125	0
1114	27	0
135	248	0
1559	169	0
2260	65	0
1759	48	0
595	174	1
965	77	0
1042	256	0
407	285	0
938	81	0
57	13	1
1703	238	0
954	184	0
1550	87	0
407	268	0
2162	165	0
1884	107	0
1352	194	0
766	50	0
183	289	0
1864	104	0
343	56	0
1237	256	0
1730	57	0
33	132	1
114	225	0
1380	3	0
1429	138	0
1914	218	1
817	64	0
894	81	0
172	269	0
1957	42	0
1843	109	0
83	138	1
2019	33	0
1096	172	0
1399	257	0
435	40	1
818	142	1
1233	277	0
1540	94	0
505	174	0
1599	134	0
1317	223	0
953	73	0
2257	266	0
244	54	0
1858	257	0
1248	74	0
1792	129	0
530	138	1
1328	1	0
1351	164	0
210	104	0
235	143	0
719	213	0
383	40	0
1766	84	0
354	250	0
2181	243	0
1722	231	0
1171	162	0
589	261	0
584	278	0
1827	175	0
454	258	0
1630	6	0
2234	267	0
1898	241	0
2044	26	0
1850	152	0
1405	191	0
657	34	1
222	46	0
1062	184	0
865	52	0
1353	94	1
451	40	1
905	140	0
526	189	0
4	148	0
1898	90	0
1865	150	0
254	6	1
1727	23	0
752	207	0
1245	298	0
41	43	0
660	34	1
1317	38	0
126	178	1
2262	230	0
1668	80	0
1674	101	0
2095	115	0
128	165	1
654	114	0
249	44	0
511	34	1
852	37	0
1825	182	0
1762	131	0
2095	125	0
248	140	0
937	246	0
1702	53	0
188	292	0
2072	299	0
318	189	0
1172	183	0
1468	18	0
2169	119	0
1787	199	0
929	184	0
2230	270	1
1024	158	0
2009	222	0
601	182	0
1178	195	0
1071	113	0
114	191	0
1690	196	0
115	218	0
1319	2	0
2128	88	0
47	152	1
806	168	0
1107	203	0
1410	26	1
1760	108	0
2255	23	0
640	265	0
2312	124	0
2154	244	1
103	34	1
2035	276	0
1796	52	0
1102	67	0
1734	174	1
1608	90	0
66	54	0
1943	38	0
1414	73	0
207	178	0
252	51	0
1206	202	0
541	72	0
1915	22	0
342	266	0
2131	30	0
992	138	1
160	108	0
377	128	0
614	77	1
308	26	1
2316	290	0
96	40	1
1450	132	1
1326	167	0
925	53	1
1375	228	0
1734	75	0
907	22	0
1492	101	0
278	83	0
2177	112	0
620	164	0
899	53	1
460	272	0
554	7	0
1467	21	0
1347	88	0
1401	251	0
2032	19	0
315	59	0
744	48	1
1477	259	0
1741	109	0
1461	115	0
881	145	0
506	34	1
1551	96	0
768	48	1
120	11	1
2295	288	1
1518	183	0
1801	110	0
1663	108	0
1157	39	0
123	157	0
66	226	1
104	7	1
908	269	0
1417	244	0
1457	278	0
1189	96	0
1934	294	0
1800	168	0
1380	256	0
2115	58	0
1242	91	1
426	236	0
290	231	0
1151	175	0
1909	20	0
2173	32	0
1615	78	0
116	5	0
1029	105	1
1739	196	0
1284	31	0
278	53	0
597	80	0
1357	118	0
2193	211	0
434	97	0
359	123	0
1623	178	0
2306	105	0
160	34	1
2280	230	0
395	221	0
2219	212	0
988	218	1
98	4	0
1024	131	0
1948	198	0
1319	94	1
1967	114	0
1645	206	0
197	269	0
1349	35	0
2276	195	0
521	34	1
1981	206	0
1972	146	0
354	286	0
1981	202	0
808	222	0
433	257	1
2000	4	0
793	120	0
430	47	0
1907	149	0
1677	38	0
641	188	0
1884	298	0
996	158	0
2076	243	0
582	156	0
1056	67	0
576	248	0
2217	180	0
875	153	0
657	279	0
801	165	1
116	278	0
2226	45	0
293	63	0
1077	22	0
2126	240	0
315	183	0
1851	91	0
1590	17	0
1681	5	0
14	138	1
11	243	0
1448	123	0
1213	128	0
840	138	1
1737	15	0
423	50	1
1847	215	0
440	132	0
1438	127	1
1611	148	1
444	116	0
280	15	0
2014	37	0
502	256	0
2122	80	0
2325	297	1
913	67	0
488	49	0
158	64	0
1560	221	0
2091	72	0
1982	96	0
592	234	0
2197	148	0
1631	243	0
480	46	0
570	209	0
398	28	1
1992	271	0
1760	182	1
1106	74	0
1252	88	1
441	167	0
1522	39	0
1828	130	0
1278	222	0
442	40	1
1934	220	1
180	190	0
1176	90	1
1753	234	0
852	50	1
1996	85	0
1758	79	0
1587	155	0
1414	51	0
2018	12	0
218	126	0
519	64	0
108	217	0
1995	26	0
25	224	0
1274	246	0
81	43	0
2214	254	0
1131	260	0
1979	197	0
2061	269	0
1878	254	0
1828	242	0
678	260	0
645	217	0
333	183	0
2209	258	1
1220	72	0
74	202	0
1389	286	0
1917	22	0
1979	64	0
1677	244	1
655	73	0
213	52	0
904	53	1
427	92	0
683	24	0
2219	200	0
1371	24	0
1414	50	0
1395	140	0
1302	162	0
2014	59	0
2053	227	1
1089	77	1
994	224	0
779	128	0
579	75	0
117	100	0
1413	175	0
1997	142	1
1207	137	0
1802	113	0
500	47	0
1883	173	0
437	117	0
1869	131	0
1023	140	0
1937	259	0
167	161	0
679	85	0
2067	145	0
802	108	1
516	251	0
1922	24	0
491	11	0
1696	173	1
2051	147	0
612	193	0
344	106	0
873	80	0
36	236	0
1364	26	1
804	3	0
174	173	0
1254	117	0
1795	285	0
1955	185	0
936	51	0
1453	117	0
2077	170	0
793	243	0
1046	28	0
1184	1	0
108	242	0
2235	208	0
1066	207	0
1419	26	1
2173	227	0
1664	98	0
76	132	0
1749	54	0
1910	226	1
909	150	0
808	218	1
725	56	0
2301	197	0
193	69	0
964	227	0
537	34	1
2183	174	0
2203	298	0
1543	196	0
2197	259	0
768	84	0
456	146	0
1265	133	0
683	125	0
1425	39	0
21	5	1
1596	22	0
2055	109	0
1120	77	1
119	223	0
2108	164	0
516	48	1
643	36	0
1510	81	0
2234	95	0
1939	220	1
81	244	1
1618	235	0
135	263	0
1856	186	0
415	280	0
628	150	0
382	117	0
693	75	0
1602	73	0
2069	153	0
1462	272	0
117	9	1
85	203	0
2118	99	0
1288	110	1
590	128	0
1577	293	0
1382	75	0
650	112	0
797	48	1
2037	246	0
2020	183	0
1998	283	0
103	88	1
1617	274	0
1261	275	0
394	151	0
834	226	0
1378	153	0
1629	267	0
1848	286	0
1893	62	0
316	12	0
2132	244	1
737	78	0
627	50	1
597	196	0
1378	117	0
157	6	1
595	6	0
1383	71	0
2313	290	1
2263	271	0
520	97	0
2103	105	0
68	50	1
1584	113	0
107	226	1
643	281	0
105	212	1
2141	244	1
2245	91	0
761	59	0
1558	28	0
667	280	0
2148	207	0
702	34	1
702	201	0
1037	193	0
1746	117	0
225	26	0
998	21	0
524	266	0
542	281	0
365	275	0
1884	1	0
27	2	0
1331	294	0
1625	157	0
1661	159	1
292	185	0
1782	1	0
874	268	0
1413	262	0
425	38	0
170	285	0
585	233	0
878	77	1
897	192	0
428	32	1
794	274	0
1597	76	0
794	206	0
1289	179	0
2104	23	0
1074	16	0
63	250	0
1882	228	0
754	54	0
1852	83	0
2044	17	0
1257	38	0
1816	267	0
622	33	0
1260	74	0
186	67	0
464	259	0
2295	21	0
1842	216	0
2025	23	0
642	31	0
1937	132	0
88	180	0
30	119	0
116	216	0
2053	269	0
1478	291	1
76	66	0
2282	163	0
2094	8	0
1488	138	0
903	46	0
1799	249	0
2045	225	0
1850	283	0
160	175	0
1541	145	0
763	222	0
1833	42	0
1148	243	0
2140	13	0
50	109	1
1611	256	0
1806	179	0
1289	24	0
219	289	0
2272	172	0
1394	168	0
1839	238	0
2257	255	0
818	135	0
135	151	0
311	229	0
1521	114	1
11	4	1
481	60	0
374	122	1
2175	118	0
980	26	0
646	172	0
2048	151	0
2112	13	0
440	52	0
2317	174	0
1852	123	0
465	51	0
490	29	0
1869	211	1
2047	275	0
1163	263	0
1800	218	0
2011	226	1
1336	1	0
2127	29	0
861	6	0
547	172	0
801	242	0
1310	115	1
517	97	0
1433	297	0
727	258	0
1021	86	0
1283	231	0
399	140	0
345	295	0
2235	135	0
1624	296	0
2061	227	1
790	48	1
1589	266	0
423	237	0
1871	280	0
2123	72	0
486	256	0
2293	182	0
1090	35	0
905	172	0
1708	93	0
1787	240	0
35	48	0
1479	52	0
1584	196	0
349	89	0
70	244	1
2000	24	0
1192	185	0
1834	176	0
808	94	0
1546	129	0
2143	80	0
1166	88	1
1667	160	1
48	177	0
846	236	0
791	48	1
784	49	1
351	103	0
1094	109	0
953	138	1
717	34	1
993	33	0
888	100	1
1578	72	0
1419	173	0
1169	19	0
434	24	0
368	104	0
748	103	0
726	13	0
649	90	0
2303	172	0
2205	221	0
2034	227	1
922	122	0
721	298	0
815	160	0
2023	214	0
1485	45	0
994	67	0
626	264	0
437	40	1
1082	235	0
1543	246	0
1574	267	0
934	167	0
1748	236	0
1325	67	0
105	67	0
112	32	1
1932	2	0
1481	36	0
1881	296	0
188	25	0
2026	263	0
1305	178	1
120	21	0
45	277	0
121	144	0
1253	106	0
1768	69	0
1342	77	0
1301	207	1
1628	110	0
1585	1	0
831	285	0
231	6	1
1881	150	0
1500	49	0
607	32	0
2067	82	0
199	163	0
1420	178	0
1388	15	0
430	50	0
430	17	0
1622	75	0
848	229	0
1830	240	0
622	148	0
287	88	0
639	115	0
1466	257	0
1883	11	0
73	283	0
345	52	0
1315	80	0
635	161	0
331	6	1
1300	53	0
1973	50	0
1534	38	0
2038	60	0
1592	290	0
2087	47	0
1245	130	0
2090	95	0
1244	158	0
462	20	0
1018	197	0
1061	107	0
1076	232	0
1723	282	0
1283	109	1
1102	122	0
45	5	1
474	154	0
1631	14	0
1678	169	1
50	105	1
2083	75	0
1110	175	0
43	238	0
1135	280	0
1611	173	0
510	250	0
219	62	0
1744	174	1
2274	146	0
1599	238	1
562	165	0
1871	145	0
2227	166	0
2247	215	0
1857	124	0
1571	63	0
802	218	1
1619	189	0
732	298	0
1953	40	0
559	231	0
952	58	1
864	42	0
284	125	0
59	105	1
1071	275	0
1004	89	0
2304	64	0
1389	26	1
772	294	0
779	48	1
1219	37	0
1880	146	0
730	142	0
397	123	0
1455	132	1
318	8	1
1844	211	1
50	198	1
1785	220	0
1301	186	0
735	137	0
1404	150	0
137	117	0
155	12	0
462	199	0
2186	80	0
178	286	0
1724	92	0
358	6	1
1456	132	1
320	225	1
979	167	0
2131	34	0
1585	259	0
1980	50	0
2310	126	0
149	276	0
1729	292	0
89	50	1
788	139	0
670	83	0
2090	122	0
868	50	1
2209	133	0
2147	244	1
1773	250	0
246	247	0
2283	54	0
2258	26	0
1463	132	1
585	57	0
1412	253	0
975	173	0
1006	101	0
2121	208	0
2060	51	0
611	143	0
1119	284	0
985	150	0
1644	213	0
2284	286	1
2150	82	0
1020	26	1
1806	194	1
1032	298	0
1007	243	0
475	277	0
882	74	0
1521	256	1
141	164	0
859	19	0
736	201	0
1653	144	0
2019	272	0
319	258	0
645	207	0
1111	92	0
2139	225	0
325	189	0
284	107	0
551	109	0
1855	243	0
1454	248	0
2183	108	0
2221	258	0
1315	279	0
1815	150	0
632	168	0
286	150	0
1806	127	0
1558	161	0
614	273	0
1079	44	0
652	283	0
1597	293	0
2054	70	0
1089	70	0
302	92	0
494	170	0
50	211	1
992	249	0
1749	215	0
688	34	1
1047	111	0
1265	129	0
857	140	0
1023	71	0
2286	213	0
1550	46	0
558	198	0
390	145	0
1293	71	0
1715	296	0
2317	1	0
1159	212	0
2161	251	0
129	114	0
1148	202	0
231	167	0
104	211	1
1358	205	0
809	26	1
1283	48	0
843	230	0
593	34	1
1467	87	0
160	292	0
1886	174	0
2093	196	0
853	119	0
1504	14	0
57	241	0
1895	61	0
416	86	0
398	139	0
1571	262	0
313	19	0
1606	254	0
528	234	0
1782	109	0
1931	223	0
1467	194	1
555	202	0
971	18	0
599	124	0
1223	43	0
1968	130	0
749	251	0
2049	166	0
2129	113	0
2188	56	0
2074	133	0
583	288	0
1778	153	0
149	118	1
1233	91	1
658	227	1
834	200	0
2283	85	0
1237	91	1
2237	54	0
1516	159	0
17	47	0
1649	162	0
1336	152	0
1601	165	1
1484	166	0
2137	97	0
2302	257	0
606	201	0
970	54	0
357	24	0
296	122	0
887	53	1
1424	48	0
1558	296	0
1460	84	0
710	143	0
1902	239	0
1338	222	0
213	30	0
596	45	0
1168	120	0
392	128	0
1945	220	1
1391	179	0
1573	186	0
2130	83	0
2141	280	0
2083	99	0
1829	247	1
1882	79	0
623	76	0
998	72	1
1951	92	0
680	193	0
249	30	0
1768	217	1
838	226	0
1832	277	0
1117	184	0
975	299	0
2033	248	0
292	29	0
934	58	1
634	227	1
1835	273	0
1845	211	1
1059	266	0
2301	288	1
1016	298	0
904	258	0
407	91	1
1232	288	1
753	111	0
885	229	0
1843	72	0
1506	227	1
1721	234	0
1340	245	0
1284	114	0
575	72	0
1833	278	0
1577	100	0
1333	132	0
1216	282	1
1140	205	0
1483	290	0
250	215	1
1913	242	0
474	65	0
554	231	0
1247	277	0
2277	42	0
516	9	0
1370	45	0
1556	17	0
2308	230	0
1685	22	0
613	146	0
515	12	0
2143	225	0
66	139	0
2170	153	0
2171	123	0
1488	207	0
1753	178	1
170	6	1
270	152	0
1155	126	0
1355	125	1
2075	220	0
992	287	0
310	6	1
1910	232	1
342	56	0
152	106	0
1259	251	0
679	233	0
1162	39	0
320	145	1
2296	171	0
883	88	1
1818	30	0
279	205	0
673	202	0
2213	209	0
2168	244	1
1828	50	0
1795	156	0
1613	9	0
1925	24	0
217	6	1
773	227	0
429	236	0
2120	170	0
358	238	0
669	34	1
94	6	0
22	61	0
1606	184	0
1175	232	0
655	148	0
2143	27	0
215	264	0
2239	174	0
1291	223	0
1273	157	0
900	258	0
1270	296	0
2068	165	1
812	27	0
668	278	0
1413	181	0
1463	99	0
2286	269	0
1606	146	1
1969	72	0
2135	197	0
1797	137	0
1655	116	0
1546	244	1
397	23	0
1591	145	1
1379	95	0
778	236	0
615	198	0
781	185	0
1911	72	0
1810	117	0
88	3	0
1414	52	0
329	213	0
110	2	0
459	160	0
1591	115	0
1414	71	0
2023	277	0
513	48	1
1635	116	1
103	226	1
2258	198	0
732	255	0
565	77	0
308	206	0
1653	288	0
370	276	0
810	191	0
1677	172	0
2069	126	0
1377	77	0
579	291	0
1155	74	0
1986	10	0
2173	153	0
725	69	0
867	259	0
808	209	0
972	26	0
1681	168	0
182	70	0
733	185	1
677	76	0
80	61	0
1779	86	1
321	118	0
775	222	0
212	6	1
869	218	1
1096	134	0
1779	59	0
1958	224	1
857	96	0
831	184	0
380	182	1
802	85	0
348	109	0
1568	34	1
1430	186	0
1725	220	0
2213	97	0
1286	168	0
271	268	0
1771	146	0
1420	192	0
2097	283	0
1028	77	1
720	245	0
989	130	0
745	115	0
694	115	0
773	166	0
1071	290	0
1449	132	1
1416	273	0
1905	226	0
1744	93	0
136	288	1
2170	74	0
1667	99	0
343	211	0
1002	92	0
397	220	0
1589	298	0
979	116	0
2263	78	0
1197	264	0
1420	202	0
2181	99	0
139	103	0
1970	276	0
694	288	0
2066	180	0
1020	139	1
1666	176	0
1864	230	0
1166	33	0
656	264	0
144	17	0
32	78	0
1369	128	0
419	35	0
263	6	1
1915	125	0
682	16	0
1486	31	0
46	5	1
2294	18	0
1721	168	0
931	264	0
1218	238	0
894	117	0
1147	138	0
2269	43	0
695	278	0
859	218	1
540	50	1
1479	273	0
1	185	0
1847	143	0
567	161	0
2272	68	0
439	167	0
1081	194	0
111	268	0
316	138	0
1460	132	1
495	63	0
160	254	0
494	196	0
77	55	1
981	91	0
1030	52	0
1428	7	0
1810	243	0
2148	293	0
1808	294	0
2032	71	0
2257	226	0
1561	12	0
405	265	0
750	271	0
568	249	0
892	158	0
2164	204	0
276	6	1
1910	8	0
1182	197	0
1588	172	0
2283	28	0
1352	36	0
862	73	0
625	292	0
955	70	0
1678	197	0
1982	62	0
1212	146	0
848	160	0
39	101	0
21	38	0
1395	26	1
87	11	0
1292	203	0
1173	255	0
1095	33	0
1300	59	0
815	105	1
651	290	0
1823	212	0
1522	188	0
633	34	1
509	225	0
34	202	0
643	64	0
627	94	1
1280	265	0
697	283	0
1605	283	0
1775	28	0
1138	216	0
567	90	0
1027	257	0
1773	32	0
1962	218	0
791	34	0
1683	152	0
779	280	0
997	154	0
720	230	0
2172	244	1
1574	23	0
2173	230	0
966	259	0
1522	138	1
1354	36	0
2174	58	0
2221	267	1
541	140	0
2104	296	0
476	192	0
1958	184	0
1469	216	0
200	6	1
1697	198	0
2204	237	0
1842	207	0
2304	93	0
733	91	1
562	173	0
1484	294	0
391	296	0
1162	166	0
937	281	0
958	64	1
1052	186	0
1594	189	0
832	148	0
2016	166	0
1115	107	0
14	124	0
2180	251	0
787	132	0
540	254	0
942	83	0
1208	168	0
59	224	0
214	6	1
864	9	0
405	120	0
602	55	0
2086	177	0
211	196	0
1148	88	1
631	233	0
2160	156	0
1681	171	1
1664	18	0
2009	286	0
2027	210	0
1277	19	0
1940	245	0
2121	92	0
568	221	0
1789	210	0
1470	177	0
60	70	0
1249	96	1
2030	185	0
691	34	1
1841	20	0
1316	123	1
1943	231	0
395	130	0
1861	297	0
2106	4	0
892	250	0
30	154	0
1327	290	0
195	204	0
207	6	1
794	108	0
1404	221	0
1091	274	0
1082	77	1
903	95	0
2137	282	0
910	180	0
2192	165	0
316	62	0
924	41	0
828	180	0
1247	225	0
722	39	0
208	286	0
1393	74	0
1872	211	1
2040	130	0
1984	92	0
761	47	0
1513	299	0
515	77	1
1551	7	0
1187	134	0
2030	227	1
618	147	0
1756	182	1
347	140	0
2188	119	0
661	238	0
2180	82	0
2303	100	0
810	121	0
247	48	0
1167	76	0
978	288	1
314	220	0
349	240	0
1122	77	1
2275	277	0
927	103	0
1609	199	0
151	114	0
1158	88	1
473	216	0
1578	178	1
1446	132	1
719	243	0
2121	246	0
548	53	0
953	109	0
1493	241	0
2123	61	0
266	201	0
1713	111	0
217	208	0
2121	157	0
1773	289	0
1304	235	0
1877	19	0
1633	150	0
1093	23	0
1360	226	0
2075	32	0
2054	157	0
499	76	0
1411	136	0
1626	45	0
618	144	0
2195	204	0
1457	284	0
730	160	0
99	284	0
1017	75	1
2188	147	0
247	159	0
1606	258	0
1057	198	1
82	51	0
2306	194	0
1454	90	0
1631	86	0
1167	89	1
116	9	1
1192	172	0
1802	194	1
1035	77	1
833	50	1
1007	252	0
719	261	0
613	105	1
324	212	0
1789	156	0
636	101	0
814	64	0
150	222	0
245	92	0
404	225	0
206	30	0
245	151	0
463	77	1
808	221	0
869	50	1
1635	268	0
1699	156	0
881	159	0
1	257	0
272	82	0
2008	157	0
2184	11	0
1476	223	0
1576	89	0
1905	223	0
28	119	0
1288	214	0
1037	48	0
789	213	1
2240	119	0
9	178	0
815	208	0
456	62	0
2071	61	0
683	149	0
441	138	0
1132	299	0
167	37	0
2257	112	1
1233	65	0
245	295	0
59	261	0
1979	274	0
2165	95	0
2323	56	0
977	42	0
1597	267	0
751	41	0
461	298	0
1145	205	0
1111	255	0
2189	21	0
1	57	0
508	225	0
792	184	0
820	28	0
245	262	0
1070	6	0
831	50	1
2201	155	0
778	94	1
587	257	0
567	274	0
1767	61	0
303	207	0
846	11	0
870	18	0
1413	297	0
466	94	1
149	263	0
556	77	1
1045	167	0
879	284	0
1453	132	1
514	10	0
1588	248	0
2308	169	0
277	222	0
654	158	0
200	81	0
97	33	0
462	69	0
373	173	0
2116	170	0
1225	231	0
1268	209	0
407	288	1
1736	64	0
1747	275	0
1327	217	0
16	4	1
2265	1	0
20	246	1
394	184	0
1705	18	0
1934	157	0
2179	42	0
1234	70	0
542	34	1
621	77	1
957	64	1
1945	225	0
1205	225	0
1243	114	0
1377	168	0
953	174	1
186	226	0
2047	185	0
26	0	0
1038	153	0
376	49	0
1121	77	1
2113	158	0
151	19	1
174	72	0
483	37	0
1721	271	0
631	103	0
545	260	0
398	195	0
2070	198	0
1499	170	0
588	58	0
265	40	0
100	113	0
702	50	1
622	75	0
1238	288	1
1271	290	0
1292	158	0
977	68	0
2067	19	0
1525	223	0
1716	294	0
517	286	0
982	180	0
844	241	0
760	142	0
865	189	0
1385	132	0
100	7	1
2004	76	0
1629	103	0
280	161	0
63	244	1
1345	128	1
1520	115	0
1247	217	0
684	247	0
1259	149	0
414	174	0
2232	101	0
539	289	0
1442	23	0
1741	52	0
941	155	0
520	80	0
1368	216	0
2194	246	0
1584	60	0
327	6	1
974	112	0
1665	218	0
1759	6	0
1573	243	0
1598	176	0
1172	245	0
1761	0	0
2242	187	0
161	123	0
1508	174	1
1911	123	0
2191	66	0
1257	22	0
652	105	0
281	155	0
1605	164	0
177	167	0
1874	176	0
533	36	0
1213	226	0
1690	1	0
2250	161	0
900	133	1
916	129	0
407	133	1
1085	223	0
814	157	0
1748	201	0
2021	295	0
1010	176	0
1758	276	0
363	41	0
124	5	0
965	205	0
272	150	0
2221	288	0
2233	250	0
300	138	0
202	156	0
1835	189	0
1815	263	0
2030	34	0
2045	224	0
1144	28	0
2251	255	0
1993	66	0
157	102	0
800	199	0
489	34	1
1462	110	0
2107	20	0
1031	265	0
1135	82	1
424	49	1
174	291	0
1799	202	0
1786	103	0
1903	187	0
2322	279	0
1061	174	1
874	109	0
1963	132	0
1527	74	0
1629	214	0
1500	138	1
1002	122	0
1273	117	0
559	298	0
885	225	1
819	268	0
1974	264	0
2330	36	0
1458	21	0
738	262	0
72	37	0
870	286	0
2301	282	0
95	7	1
1877	241	0
988	23	0
1763	129	0
1229	74	0
1656	121	0
1448	11	0
420	67	0
1168	172	0
1418	228	0
1606	120	0
663	34	1
1243	38	0
454	60	0
43	146	0
880	190	0
587	290	0
1387	59	0
1479	99	0
867	50	1
511	173	1
1505	145	0
611	271	0
250	139	0
954	77	1
1560	96	0
7	8	0
2294	243	0
1298	67	0
1329	98	0
137	283	0
2176	207	0
1243	72	0
22	170	0
1590	211	0
955	58	1
767	48	1
380	55	0
484	278	0
2078	207	0
58	285	1
1433	69	0
187	132	1
1353	226	0
125	177	0
2225	217	0
2008	162	0
1541	257	0
1571	43	0
2050	234	0
764	278	0
425	76	0
1868	138	0
1259	111	0
261	12	0
444	111	0
1133	235	0
2184	194	0
682	185	0
1916	225	0
643	50	1
538	212	0
521	99	0
137	123	1
746	280	0
95	226	1
2197	137	0
1838	274	0
366	35	0
1413	27	0
672	111	1
136	194	1
459	48	1
1730	258	0
2204	66	0
1611	70	0
903	31	0
498	210	0
2329	176	0
336	184	0
1366	71	0
918	119	0
697	280	0
1251	116	1
97	34	1
1616	275	0
1023	130	0
312	242	0
815	209	0
950	27	0
202	154	0
648	82	0
1326	86	0
1143	136	1
83	227	0
806	8	0
1110	115	0
1189	9	0
1025	67	0
1072	132	1
390	169	0
1981	246	0
2102	281	0
1380	79	0
56	10	0
715	162	0
675	114	0
697	105	0
1731	291	0
79	240	0
570	28	0
1672	7	0
1109	11	0
1791	283	0
1687	160	0
2102	20	0
795	49	1
464	34	1
1575	143	1
429	289	0
1902	105	0
439	133	0
480	263	0
2224	160	0
550	215	0
77	252	0
138	110	0
842	138	0
2142	157	0
2082	109	0
990	81	1
1625	54	0
1238	10	0
685	47	0
958	16	0
881	211	0
1264	176	0
708	142	1
2009	117	0
1673	203	0
2143	227	0
1053	144	0
342	169	0
215	104	0
1713	190	0
584	34	1
2166	82	0
947	260	0
1458	132	1
1561	212	0
325	91	1
1505	104	0
1122	49	0
378	187	0
2195	12	0
93	260	0
704	292	0
523	233	0
377	39	0
115	228	0
1217	178	0
1480	186	0
20	243	0
2219	220	0
738	189	0
647	296	0
1968	21	0
527	179	0
385	297	0
257	253	0
845	198	0
2262	74	0
477	34	1
1525	103	0
442	263	0
92	50	1
1875	58	0
1998	98	0
682	48	1
1582	269	0
1782	66	0
33	288	1
1933	14	0
377	235	0
1848	2	0
1710	22	0
1661	56	0
864	101	0
405	147	0
2176	130	0
1701	11	0
966	154	0
395	25	0
678	76	1
180	8	1
1216	194	1
1497	276	0
1518	200	0
1420	3	0
1937	119	0
562	244	0
242	88	0
2084	188	0
59	140	0
426	40	0
1799	128	0
88	226	1
2041	291	0
1191	131	0
959	64	1
138	171	0
1927	4	0
1744	195	0
1172	242	0
669	220	0
776	238	0
237	272	0
1536	255	0
1197	40	0
1537	36	0
599	34	1
944	61	1
1444	85	0
2098	174	0
594	283	0
1339	94	1
981	118	0
61	292	0
2085	250	0
1604	145	1
2270	168	0
863	25	0
1013	136	0
25	5	1
1021	274	0
633	294	0
1347	40	0
546	154	0
1468	15	0
48	26	1
1261	100	1
1926	185	0
1251	134	1
783	186	0
419	81	0
2223	285	0
316	94	0
1902	94	0
1508	205	0
674	89	0
1920	147	0
828	50	1
1602	145	1
179	223	0
1461	134	0
1788	25	0
502	40	0
1680	288	0
26	26	0
2290	137	0
167	51	0
1005	86	0
191	18	0
1693	109	0
350	86	0
555	246	0
1177	149	0
2307	288	1
291	105	0
2025	115	0
2086	54	0
1049	21	0
2242	273	1
1178	91	1
2203	115	0
831	34	0
132	2	0
2112	25	0
896	264	0
2289	283	0
1029	174	1
2019	247	0
100	2	0
1135	125	0
909	151	0
1836	195	0
1663	200	0
199	6	1
2110	165	1
1563	100	0
183	125	0
2182	279	0
32	77	1
1246	224	0
32	132	1
1783	94	0
1381	22	0
1307	218	0
1318	227	0
470	62	0
434	64	0
1680	8	1
522	267	0
873	57	0
2291	288	1
740	61	1
380	241	0
1282	155	0
348	95	0
1772	241	0
609	238	0
1453	75	0
1767	259	0
256	20	0
2023	156	0
1574	89	0
1479	1	0
1322	285	0
1166	225	0
517	34	1
2061	24	0
164	94	0
1610	12	0
1256	165	1
851	236	1
806	174	1
566	298	0
1695	112	0
2144	12	0
1964	63	0
826	237	0
463	32	0
759	42	0
2075	55	0
1932	265	0
2285	180	0
1544	177	0
564	93	0
2196	45	0
1241	299	0
377	24	1
582	142	1
1356	292	0
462	178	0
1126	165	0
95	211	1
1271	134	0
402	204	0
1407	230	0
1459	160	0
1961	154	0
1400	96	0
29	195	0
982	66	1
156	122	0
301	270	0
531	72	1
1166	210	0
879	50	1
2126	243	1
1084	125	0
1772	174	0
2124	88	0
1750	110	0
707	89	0
333	271	0
112	244	1
1845	90	0
1164	169	0
1974	227	0
1212	160	0
457	228	0
2103	137	0
1989	189	0
1920	254	0
1501	101	0
1123	8	0
1671	119	0
1890	223	0
1554	161	0
1906	224	0
1602	190	0
572	34	1
1583	68	0
1230	172	0
1460	271	0
150	49	0
1756	241	0
198	25	0
1276	249	0
359	283	0
1802	231	0
1765	263	0
887	203	0
964	96	0
32	63	0
1876	86	0
1823	272	0
333	199	0
795	278	0
1466	61	0
376	122	0
341	104	0
2285	62	0
932	98	0
370	140	0
700	57	0
1017	160	0
611	227	1
1744	49	0
1154	155	0
1841	244	0
805	50	1
1247	220	0
579	87	0
754	213	0
1939	14	0
20	185	1
1986	93	0
765	102	0
2304	276	0
746	78	0
946	265	0
710	50	1
1792	256	0
601	184	0
2312	290	1
312	156	0
1627	183	0
2002	52	0
103	105	0
1827	249	0
24	214	0
577	34	1
347	200	0
755	204	0
476	238	0
1234	0	0
45	179	0
377	207	0
637	44	0
1287	224	0
136	159	0
2078	234	0
1584	232	0
1495	52	0
668	112	0
992	20	0
604	154	0
1755	67	0
691	272	0
625	73	0
1899	162	0
1731	149	0
2300	178	0
1997	46	0
2262	112	1
2057	3	0
2277	211	0
632	34	1
424	8	0
2248	5	0
1644	69	0
1585	47	0
1258	99	1
545	146	0
1937	49	0
2015	177	0
1750	39	0
1813	101	0
2105	186	0
1734	27	0
1545	181	0
2037	2	0
491	235	0
1720	222	0
839	299	0
893	276	0
1310	219	0
1593	37	0
1832	68	0
2046	164	0
729	143	0
1395	239	0
1100	186	0
17	15	0
674	211	0
1947	175	0
771	86	0
1664	147	0
1939	246	0
671	200	0
939	116	0
268	194	0
1434	83	0
456	65	0
1012	151	0
1549	93	0
2036	104	0
1185	29	0
1947	220	1
1683	175	0
505	178	0
536	156	0
240	43	0
1692	25	0
494	50	1
88	159	0
1888	115	0
2213	222	0
2307	81	0
1260	194	0
1841	240	0
1721	215	0
1716	267	0
314	37	0
1755	181	1
1141	120	0
144	123	1
1565	18	0
577	98	0
2224	244	0
85	194	0
557	96	0
2126	294	0
801	268	0
48	0	0
1924	234	0
819	50	1
772	87	0
1516	185	0
1449	146	0
1052	201	0
765	166	0
2274	0	0
654	243	0
2330	150	0
1004	67	0
314	135	0
846	87	0
2156	248	0
1866	246	0
1311	143	0
2232	113	0
1128	187	0
2249	84	0
1580	130	0
1268	22	0
2024	155	0
1750	176	0
653	292	0
2239	232	0
2311	106	0
549	228	0
298	189	0
62	279	0
940	105	0
9	77	1
598	113	0
1909	218	1
1122	83	0
1658	257	0
860	162	0
441	70	0
2029	113	0
960	122	0
368	135	0
286	84	0
1181	34	0
423	92	1
801	250	0
594	79	0
2256	26	0
1686	257	0
2173	50	0
252	40	0
887	274	0
1407	17	0
1771	61	0
2283	185	0
1627	162	0
185	66	0
1001	59	0
1049	227	0
1992	142	1
112	164	0
602	122	0
2308	259	0
707	97	0
1615	287	0
1836	144	0
45	225	0
47	174	1
545	34	1
2232	270	1
2148	40	0
1517	210	0
1097	190	0
820	142	0
1427	283	0
1403	33	0
569	14	0
1523	227	1
844	1	0
739	52	0
1960	121	0
2273	62	0
1943	138	0
1393	26	1
725	36	0
1105	159	0
2134	244	1
993	14	0
902	91	0
2277	237	0
1613	105	0
1438	93	0
1358	100	0
549	34	1
347	23	0
870	50	1
575	164	0
1411	239	0
105	226	1
379	177	0
404	41	0
323	6	1
279	101	0
2273	255	0
1792	218	0
1515	16	0
1291	32	0
21	91	1
1757	290	1
1808	287	0
1100	77	1
1795	104	0
1365	233	0
1657	53	0
61	219	0
708	138	1
614	222	0
2189	243	1
1257	93	1
1339	117	0
154	136	0
1567	108	0
678	34	1
1755	166	0
1121	236	0
810	74	0
328	133	0
491	280	0
2234	263	0
741	149	0
1589	157	0
268	218	0
1151	184	0
1754	60	0
170	286	0
1156	88	1
16	24	0
1766	222	0
1717	188	0
476	105	1
1353	161	0
2075	31	0
468	94	1
1	248	0
365	78	0
428	183	1
860	251	0
413	89	0
644	116	0
225	36	0
1835	199	0
542	50	1
1733	169	0
790	260	0
70	64	0
1673	46	0
1905	120	0
1382	113	0
32	61	1
223	244	0
723	290	0
1790	259	0
1340	135	0
1008	52	0
1490	234	0
844	188	0
531	95	0
402	4	0
1688	139	1
1876	274	0
1216	168	0
2202	56	0
423	174	0
1635	102	0
1826	66	0
1660	230	0
831	118	0
2044	52	0
487	170	0
720	44	1
590	161	0
935	260	0
1895	218	1
2037	126	0
788	3	0
39	57	0
502	181	1
675	55	0
1471	53	0
620	290	0
280	51	0
162	81	0
463	80	0
1746	177	1
90	130	0
312	252	0
763	48	1
478	79	0
1246	86	0
458	124	0
1447	36	0
98	50	1
545	142	0
658	182	0
1530	174	1
178	111	0
2132	80	0
929	211	0
650	34	1
1587	298	0
1502	199	0
1697	10	0
68	121	0
673	150	1
687	149	0
2125	241	1
181	224	0
737	13	0
2085	89	0
2221	268	0
1303	240	0
1595	267	1
1866	10	0
1240	35	0
887	93	0
1682	115	0
797	26	1
1941	77	0
1785	244	1
707	53	0
1312	64	0
248	246	0
1895	28	0
1039	115	0
204	6	1
1070	114	0
951	241	0
835	50	1
1058	67	0
620	134	0
1335	246	0
112	50	1
192	60	0
2221	139	0
226	102	0
955	121	0
369	230	0
1620	175	0
703	210	0
2304	158	0
1426	269	0
1917	299	0
467	252	0
1742	237	0
2283	5	0
1494	29	0
2149	234	0
27	5	1
836	201	0
1137	269	0
2148	175	0
840	81	0
1221	125	0
38	182	0
2102	150	0
477	166	0
1246	93	1
2243	88	0
708	293	1
1884	185	0
910	65	0
1328	151	0
216	243	0
2231	200	0
532	285	0
1286	251	0
242	154	0
1341	229	0
1104	210	0
5	24	0
996	172	0
2181	31	0
525	197	0
101	8	0
1242	63	0
976	22	0
367	1	0
193	91	1
2256	180	0
1027	19	0
8	68	0
592	72	1
883	286	0
1176	92	0
1025	160	0
1914	153	0
1845	101	0
577	257	0
1828	76	0
122	221	0
2210	81	0
2277	56	0
1183	279	0
865	17	0
1472	267	0
1693	282	0
567	269	0
32	57	0
2163	26	0
1597	95	0
1581	248	0
973	254	1
414	278	0
1071	77	1
1955	42	0
1063	240	0
2084	156	0
1088	90	0
1897	149	0
1227	199	0
1592	248	0
1264	154	0
2230	96	0
387	271	0
1603	145	1
99	251	0
2325	75	0
1955	144	0
522	37	0
839	278	0
1183	248	0
1507	24	0
51	108	0
1177	91	1
820	218	1
2084	59	0
1170	240	0
2278	202	0
727	52	0
1031	12	0
2027	264	0
1259	198	0
1955	71	0
707	119	0
1952	288	0
454	150	0
2253	139	0
869	129	0
253	224	0
2187	194	0
1737	65	0
1706	86	0
1270	159	0
1839	57	0
274	114	0
1019	141	0
8	41	1
243	125	0
1836	95	0
1185	173	0
1929	15	0
2246	91	0
1806	52	0
1426	41	0
230	134	0
1818	28	0
1548	253	0
1065	207	0
375	24	1
1406	45	0
1824	22	0
139	69	1
763	218	0
264	74	0
2209	20	0
952	236	0
149	138	0
444	104	0
2299	161	0
790	49	1
1386	85	0
2192	47	0
482	34	1
741	282	0
1805	179	0
2317	240	0
315	91	0
1919	4	0
1515	138	1
1340	60	0
682	216	0
1450	133	0
114	6	1
1288	187	0
377	219	0
1908	42	0
391	41	0
1932	220	1
1355	15	0
1863	31	0
843	217	0
50	266	1
638	176	0
103	229	1
966	62	0
553	256	0
96	3	0
1198	198	0
738	282	0
131	132	0
670	241	0
1549	193	0
697	256	0
2184	245	1
1271	202	0
815	166	0
272	190	0
1543	101	0
1657	210	0
1278	43	0
987	109	0
590	34	1
2247	278	0
255	256	0
2251	28	0
1154	113	0
1319	139	1
1502	89	0
907	17	0
1510	182	0
760	48	1
1144	221	0
1498	224	0
1417	86	0
1805	101	0
326	31	0
720	257	0
76	53	0
312	212	0
1048	0	0
1028	199	0
546	50	1
140	122	0
1462	182	0
1717	135	0
625	51	0
289	295	0
1388	213	0
313	6	1
374	194	0
859	39	0
2044	227	1
2087	165	1
1491	93	0
888	277	0
1984	57	0
1755	268	0
745	52	0
0	197	0
198	165	1
1162	289	0
1425	53	0
405	137	0
924	88	1
456	281	0
1306	28	0
1560	5	0
555	244	0
739	49	1
269	82	0
1321	51	0
1363	26	1
1861	268	0
110	249	0
1638	78	0
1145	83	0
2319	262	0
1915	115	0
1940	27	0
636	21	0
509	278	0
1427	151	0
81	265	0
1848	282	0
2195	170	0
2295	191	0
1187	258	0
616	297	0
935	55	0
1254	152	0
64	84	0
1437	45	0
160	232	0
1857	247	0
1550	220	0
1358	230	0
544	234	0
1491	288	0
292	212	0
1452	58	0
1112	77	1
30	142	1
19	52	0
1616	229	0
1609	134	0
2108	272	0
1993	27	0
512	233	0
1960	94	0
2122	199	0
2042	233	0
22	62	0
1686	23	0
2319	235	0
2309	45	0
1195	220	1
1980	89	0
2172	223	0
862	50	1
1278	160	0
160	48	1
799	49	1
1399	22	0
1834	201	0
1482	208	0
1710	198	0
2157	203	0
1652	168	0
2044	275	0
238	106	0
1821	201	1
1834	246	0
2271	299	0
41	5	1
899	155	0
1442	265	0
103	91	1
984	3	0
1826	134	0
422	178	0
666	13	0
839	38	0
1474	119	0
876	204	0
1797	84	0
61	66	0
1877	211	1
70	291	0
830	25	0
63	17	0
1483	293	0
2197	241	0
1319	241	0
510	88	0
1890	272	0
478	34	1
2241	156	0
1500	163	0
2133	244	1
1697	263	0
188	131	0
1922	169	0
483	296	0
1453	74	0
1105	284	0
284	6	1
1988	224	0
909	53	1
655	64	0
1401	226	0
1400	40	0
214	46	0
514	280	0
1775	236	0
825	101	0
2047	49	0
20	6	1
1934	128	0
368	276	0
1792	158	0
580	5	0
119	147	0
1815	199	1
609	69	0
241	6	1
426	155	0
2194	72	1
1162	133	0
1675	172	0
1369	26	1
2174	240	0
1469	161	0
31	73	1
1154	262	0
294	137	0
1608	15	0
394	32	0
1995	257	0
1386	247	0
71	200	0
87	7	1
770	134	0
492	244	0
1025	241	0
1560	138	1
957	183	0
963	64	1
1428	263	0
1062	235	0
2217	265	1
671	111	1
2023	199	0
1007	132	1
2228	75	0
659	214	0
615	230	0
654	251	0
196	240	0
2082	56	0
1698	218	1
1055	4	0
1883	44	0
2005	49	0
295	146	0
859	241	0
1477	146	0
177	6	1
1076	110	0
219	190	0
591	283	0
942	257	0
1330	20	0
690	234	0
1736	5	0
1549	138	1
1183	142	0
2073	49	0
659	177	0
765	147	0
501	221	0
1481	29	0
1980	93	0
933	281	0
249	243	1
627	22	0
199	19	0
688	204	0
1411	50	0
605	157	0
1593	117	0
202	85	0
1924	265	0
1817	65	0
708	173	1
1422	158	0
327	251	0
1267	79	0
535	234	0
484	188	0
625	218	1
755	20	0
1532	209	0
103	257	1
1447	132	1
2112	83	0
197	42	0
2089	219	0
823	7	0
489	200	0
1902	263	0
456	116	0
605	50	1
81	79	0
1185	224	0
1991	81	0
1630	220	0
2072	68	0
1789	157	0
40	282	0
1917	200	0
2045	129	0
1931	253	0
101	41	0
2001	72	0
2055	222	0
36	5	1
1535	55	0
980	145	0
1401	64	0
784	282	0
605	9	0
1247	221	0
177	105	1
1040	117	0
221	99	0
1482	216	0
2127	66	0
513	29	0
917	268	0
1979	296	0
1790	142	1
409	233	0
1359	113	0
1583	164	0
1407	42	0
1695	38	0
1265	157	0
2088	204	0
511	77	1
2175	9	0
545	48	1
1046	77	1
2246	84	0
2323	237	0
825	152	0
1018	203	0
665	34	1
394	45	0
1606	260	0
2140	269	0
674	117	0
551	297	0
1045	20	0
2287	9	0
961	69	0
84	7	1
1208	91	1
1698	175	0
1070	76	0
1722	181	0
1759	273	1
1901	156	0
1399	62	0
1779	156	0
1031	250	1
1364	270	0
328	183	0
149	50	1
36	123	0
2166	94	0
726	52	0
1859	211	1
1915	225	0
120	284	0
2246	20	0
475	137	0
1009	98	0
1401	204	0
647	2	0
197	53	0
753	48	1
1352	257	0
720	148	0
1219	97	0
388	27	1
1684	293	0
2297	221	0
897	150	0
2079	272	0
1528	26	0
2017	46	0
1403	132	1
1526	138	1
975	66	1
1614	176	0
2166	120	0
1896	89	0
47	71	0
1131	8	0
2301	101	0
889	277	0
197	117	0
2199	252	1
750	76	0
484	101	0
459	34	1
136	123	1
228	127	0
805	116	0
80	220	0
2245	205	0
1634	244	0
2274	297	0
1893	87	0
2040	294	0
1873	199	0
1215	232	0
1318	41	0
814	274	0
1897	104	0
938	103	0
815	199	0
1630	116	1
292	264	0
1926	220	1
451	142	0
2021	82	0
570	5	0
854	274	0
2144	109	0
1594	293	0
204	261	0
69	15	0
1789	25	0
1308	88	0
144	212	0
918	227	1
1665	160	1
264	150	0
1983	217	0
211	239	1
238	272	0
2293	125	0
1642	151	1
510	63	0
290	78	0
674	121	0
1449	26	0
1073	15	0
361	288	0
167	130	0
1422	190	0
373	103	0
1309	130	0
2040	289	0
979	281	0
1295	158	0
1556	47	0
1764	116	0
109	84	0
940	260	0
272	10	0
543	218	0
1982	50	0
2232	28	0
466	272	0
1023	41	0
2173	221	0
537	295	0
1015	100	0
229	142	0
520	1	0
796	255	0
1235	226	0
1350	117	0
697	26	0
2085	279	0
967	6	0
240	6	1
1385	77	0
842	50	1
930	150	0
1840	44	0
90	179	0
624	132	1
1429	110	0
916	115	0
670	3	0
156	116	0
677	34	1
1859	40	0
235	18	0
1384	142	0
1806	14	0
625	154	0
2238	185	0
2253	39	0
1995	71	0
626	177	1
2133	282	0
202	39	0
1595	24	0
391	192	0
57	224	0
1795	189	1
286	63	0
239	273	1
872	72	0
219	230	0
1962	124	0
48	55	0
663	51	0
1986	128	0
937	231	0
933	120	0
1849	113	0
428	138	1
2216	265	1
318	3	0
1749	105	0
564	295	0
382	104	0
408	7	0
10	4	1
1739	92	0
250	243	1
1595	82	0
255	277	0
1145	231	0
685	183	0
741	54	0
542	273	0
979	40	0
284	101	0
1426	76	0
1564	224	0
1874	211	1
1232	183	0
332	88	1
1912	2	0
392	196	0
2186	120	0
1451	3	0
1822	176	0
9	72	0
220	206	0
2160	132	0
296	54	0
1143	172	1
1408	26	1
1229	91	1
1139	130	0
2067	12	0
2246	149	0
2037	292	0
1018	285	0
103	6	1
893	134	0
797	187	0
397	77	1
1422	269	0
988	278	0
2204	89	0
1365	278	0
1422	137	0
323	275	0
1442	130	1
599	215	0
2020	65	0
525	167	0
95	107	0
2253	135	0
1072	77	1
162	220	0
1280	10	0
393	207	0
1235	261	0
1699	184	0
2088	8	0
108	244	1
233	13	0
1037	77	1
414	229	0
2160	298	0
879	218	1
1755	178	0
1180	289	0
1320	217	0
1	56	0
300	163	0
1086	77	1
447	181	0
1147	131	0
1115	237	0
1583	145	1
2097	299	0
1284	76	0
1331	192	0
1683	150	0
1974	213	0
1456	184	1
1014	116	1
909	202	0
1334	72	0
72	167	0
1534	120	0
1389	33	0
1853	211	1
950	30	0
1	1	1
1157	116	1
2275	44	1
1144	87	1
25	159	0
838	202	0
2191	129	0
1922	10	0
723	266	0
1090	208	0
128	201	0
1291	113	0
1309	138	0
924	211	0
1286	32	0
243	65	0
1297	207	0
12	37	0
1323	67	0
1901	184	0
1301	188	0
603	246	0
1254	192	1
779	13	0
1253	156	0
723	274	0
916	61	0
94	75	0
517	230	0
619	196	0
190	81	0
826	67	0
777	278	0
1451	283	0
1390	237	0
1521	244	1
2038	144	0
1660	56	0
723	44	1
1222	159	0
834	205	0
860	262	0
1519	79	0
368	86	1
209	47	0
1126	105	1
324	141	0
1214	128	0
1364	109	0
446	50	1
1994	268	0
561	105	1
114	165	1
1608	24	0
1190	85	0
2245	284	0
261	268	0
2140	244	1
327	146	0
33	44	0
654	187	0
612	115	0
542	104	0
339	126	0
136	54	0
1296	20	0
1861	33	0
1941	4	0
1293	230	0
1045	234	0
752	99	0
1035	175	0
1657	94	0
855	206	0
104	48	1
1345	29	0
1974	228	0
832	42	0
980	257	0
105	86	1
1739	98	0
1530	168	0
796	76	1
1650	41	0
183	282	0
91	141	0
2094	63	0
1592	42	0
285	265	0
1198	91	1
1855	28	0
267	81	0
449	142	0
508	211	1
1114	266	0
1144	177	0
730	252	0
666	229	0
239	74	0
511	230	0
513	167	0
94	34	1
1539	62	0
59	132	1
947	132	0
2322	144	0
339	243	1
1821	81	0
1734	282	0
1078	209	0
2069	86	0
1566	211	0
426	101	0
1918	183	0
729	120	0
1682	226	1
277	170	0
2009	206	0
1810	63	0
141	42	0
286	153	0
1328	101	0
204	151	0
486	198	0
1371	298	0
1566	198	1
43	136	0
1313	64	0
1867	155	0
49	183	1
1621	89	0
1351	98	0
139	171	0
1120	194	0
747	41	0
1422	239	0
605	48	0
458	33	0
2153	227	0
411	141	0
1802	135	0
1756	93	0
1518	245	0
10	0	0
1139	278	0
592	163	0
1810	294	0
319	281	0
568	34	1
830	150	0
1832	69	0
986	228	0
85	108	0
106	254	0
1442	13	0
709	46	0
1189	242	0
1336	94	1
1639	121	0
157	216	0
297	29	0
594	130	0
1900	166	0
832	77	1
1896	41	0
368	260	0
2001	225	1
1468	100	0
241	236	0
1102	176	0
1779	1	0
1025	77	1
96	50	1
1964	280	0
585	256	0
2293	288	1
892	283	0
1592	272	0
265	130	0
2200	23	0
2134	172	0
1694	243	0
246	149	0
1154	83	0
595	34	1
933	55	1
1358	266	0
48	138	0
1874	195	0
692	281	0
2126	156	0
1865	147	0
1367	127	0
2286	4	0
1303	174	0
445	193	0
1567	3	0
1597	144	0
1486	114	0
2305	67	0
1321	296	0
1557	48	0
1459	213	0
534	34	1
16	7	0
289	168	0
1004	286	1
1208	196	0
751	69	0
240	145	1
1739	174	1
2109	22	0
594	165	0
413	191	0
895	40	0
1595	218	1
539	104	0
670	190	0
2031	295	0
989	148	0
1215	120	0
599	77	1
2121	240	1
1851	258	0
1696	28	0
41	256	0
1386	207	0
822	0	0
934	128	0
170	242	0
2003	238	0
2123	270	0
213	72	0
1314	63	1
1923	178	0
1290	151	0
1772	167	0
731	162	0
799	269	0
743	35	0
2134	18	0
185	6	1
179	263	0
648	62	0
1510	7	0
235	239	0
1475	177	0
247	249	0
501	120	0
1606	231	0
1424	188	0
618	50	0
1349	7	0
372	112	0
1280	120	0
2246	29	0
1304	114	1
2116	235	1
482	274	0
2254	70	0
997	156	0
1105	68	0
68	48	1
694	183	0
1668	258	0
1696	140	0
488	138	0
1297	127	0
198	6	1
249	57	0
1998	287	0
331	74	0
1187	84	0
149	67	0
198	219	0
670	146	0
849	99	0
1763	115	0
1109	38	0
557	167	0
348	211	0
860	68	0
632	65	0
323	169	0
22	184	0
1595	276	0
1189	99	0
2262	92	0
974	275	0
259	287	0
608	175	0
2162	288	0
158	165	1
1657	218	0
983	66	1
366	224	0
1866	117	0
2268	170	0
353	168	0
449	251	0
185	215	0
1954	240	0
14	45	0
1233	155	0
735	90	0
634	86	1
582	249	0
1823	203	1
159	297	0
2025	286	0
217	245	0
2180	197	0
788	158	0
737	261	0
878	50	1
1297	294	0
2174	247	0
2135	134	0
543	190	0
1495	109	0
935	57	1
718	73	0
2177	177	0
2178	87	0
696	218	0
1686	139	1
477	110	0
263	197	0
1166	138	0
720	106	0
1210	13	0
1363	262	0
1146	14	0
267	79	0
1532	173	0
1788	86	1
903	199	0
639	203	0
303	232	0
631	263	0
1795	46	0
660	241	0
902	294	0
2198	251	1
1544	94	0
1702	22	0
52	109	0
1169	115	0
1607	258	0
97	50	1
1639	154	1
1865	16	0
1244	297	0
1852	219	0
152	158	0
454	110	0
1011	25	0
312	25	0
1905	14	0
1736	168	0
706	94	0
519	256	0
2075	173	0
404	236	0
849	105	0
1177	85	0
1829	11	0
556	11	0
823	107	0
2130	265	0
583	229	0
1732	80	0
951	61	1
1541	285	0
1778	159	0
578	245	0
975	178	0
643	90	0
237	91	0
1637	259	0
593	67	0
593	13	0
1256	185	0
2124	154	0
2099	242	0
1351	1	0
295	20	0
1358	10	0
130	123	0
355	25	0
194	73	0
1938	193	0
127	139	1
846	50	1
1016	75	1
415	191	0
2011	236	0
2162	250	0
568	36	0
570	147	0
1222	206	0
1843	110	0
627	233	0
2101	165	1
1276	200	0
1343	130	0
726	261	0
263	28	0
706	194	0
346	277	0
1936	29	0
234	44	0
1041	245	0
325	6	1
23	29	0
1564	140	0
571	49	1
572	120	0
99	7	1
2310	165	0
1810	109	0
1610	182	0
29	218	0
2179	146	0
2291	114	0
1251	264	0
457	34	1
1694	218	0
2081	10	0
2328	29	0
2299	1	0
289	6	1
753	156	0
131	254	0
1746	216	0
562	290	0
803	98	0
1918	218	1
1865	66	0
470	107	0
997	50	0
1337	58	0
1207	119	0
1952	178	0
869	287	0
2045	25	0
1533	86	0
62	110	0
314	176	0
1792	27	0
1055	244	0
629	110	0
168	5	0
47	40	1
977	149	0
1094	229	0
1152	221	0
1272	151	0
834	130	0
1170	285	0
67	263	0
1290	80	0
333	5	0
84	79	0
87	290	0
278	259	0
729	32	0
1740	122	0
881	271	0
663	247	0
505	49	0
1388	78	0
930	253	0
1555	158	0
1100	246	0
2295	131	0
297	297	0
615	98	0
1037	278	0
2329	81	0
1420	43	0
440	73	0
1020	285	0
1007	282	0
1788	34	0
83	188	0
2314	41	0
1077	215	0
1664	83	0
1699	129	0
2133	284	0
1905	204	0
336	155	0
704	92	0
1634	31	0
281	11	0
29	5	1
73	7	1
989	277	0
787	170	0
1163	278	0
954	228	0
1355	6	0
1272	232	0
2208	278	0
1980	226	0
202	243	1
1167	11	0
216	226	0
1818	199	1
1413	173	0
260	272	0
424	244	0
1800	64	0
1639	150	1
472	291	0
1929	141	0
1092	125	0
1866	28	0
1983	19	0
2078	64	0
719	34	1
2171	244	1
580	48	1
1644	288	0
1569	57	0
155	6	1
735	66	0
1466	132	1
1048	213	0
30	43	0
644	161	0
749	261	0
1376	228	0
342	60	0
1931	117	0
1574	30	0
953	99	0
1070	221	0
1126	293	0
1565	204	0
1445	297	0
1413	31	0
1722	12	0
435	50	1
1308	120	0
578	197	0
1831	181	0
840	75	0
780	48	1
174	88	0
1422	26	1
1781	40	0
775	186	1
1357	126	1
1639	157	0
1370	264	0
2049	281	0
2031	147	0
21	185	1
2036	30	0
1793	225	0
1497	278	0
563	105	1
2246	33	0
212	293	0
2314	163	0
1150	79	0
170	12	0
2302	11	0
617	69	0
1058	10	0
852	159	1
1022	230	0
856	15	0
1861	106	0
1297	171	0
673	120	0
399	177	0
1062	77	1
2084	42	0
199	7	0
1302	189	0
517	64	0
65	283	0
1993	223	0
77	157	1
473	75	0
434	59	0
723	49	0
33	61	1
909	268	0
73	57	0
1365	163	0
2185	185	0
108	231	0
833	119	0
41	270	0
2261	222	0
1706	58	0
848	165	0
1681	30	0
798	49	1
417	32	1
1249	93	0
1436	126	0
1067	266	0
1148	2	0
309	243	0
2245	255	0
592	255	0
2169	282	0
796	177	0
2131	13	0
710	229	0
1991	183	0
910	103	0
47	72	1
1296	119	0
1615	82	0
1161	239	0
1741	272	0
616	34	1
1533	288	0
636	189	0
1650	156	1
18	238	0
1992	62	0
1328	94	1
949	205	0
561	266	0
2020	226	1
2032	57	0
619	141	0
2219	256	0
1321	140	0
1589	222	0
1868	149	0
1002	64	0
1984	38	0
1239	111	0
753	151	0
390	272	0
1464	17	0
950	288	0
1783	290	0
712	39	0
1563	289	0
1254	75	0
1711	69	0
218	6	1
2262	60	0
1215	204	0
929	89	0
1813	143	0
1039	46	0
57	8	1
319	262	0
2075	81	0
313	140	0
65	214	0
488	34	1
1287	96	0
33	126	0
238	216	0
448	34	1
1879	268	0
1746	211	0
2211	11	0
486	58	0
456	93	0
274	49	0
1482	243	0
1066	26	0
97	32	0
809	183	0
654	181	0
1174	199	0
647	15	0
1030	174	1
589	130	0
1609	281	0
840	55	0
1788	5	0
899	160	0
388	248	0
1008	118	0
2062	164	0
281	8	0
1076	234	0
631	160	0
1288	63	0
1882	211	1
863	142	0
484	129	0
1704	148	0
697	91	0
1729	174	1
846	61	1
1533	178	0
337	76	0
594	105	1
1905	102	0
1077	74	0
427	186	0
1152	170	0
890	53	1
960	280	0
1187	41	0
720	202	0
1050	266	0
1324	54	0
2027	245	0
1292	58	0
209	221	0
893	138	0
1954	221	0
1714	53	0
354	1	0
176	119	0
2002	216	0
273	121	0
76	32	0
1281	163	0
319	113	0
68	152	0
2093	56	0
1033	68	0
2302	255	0
27	292	0
280	49	1
1896	216	0
1471	270	0
1364	142	0
646	26	0
898	298	0
308	179	0
804	242	0
1352	179	0
403	292	0
1872	257	0
1554	56	0
1844	37	0
916	53	1
1544	225	0
1549	20	0
1323	164	0
1565	59	0
733	297	0
2235	62	0
925	191	0
1990	214	0
901	88	1
1886	162	0
1309	165	0
257	6	1
376	24	1
826	193	0
859	50	1
1279	137	0
171	97	0
1152	150	0
1217	230	0
278	85	0
2100	126	0
1585	297	0
1582	245	0
1647	134	0
2157	81	0
2054	79	0
644	88	0
908	89	0
1914	137	0
1906	97	0
712	49	0
2200	295	0
1975	43	0
763	247	0
1404	246	0
2189	134	0
2139	221	0
1212	198	0
505	34	1
106	54	0
1398	266	0
1985	98	0
904	157	0
1432	53	0
1527	210	0
202	51	0
962	64	1
1698	250	0
409	30	1
181	236	0
742	37	0
1584	145	1
15	298	0
714	86	0
413	148	0
1940	297	0
932	216	0
1995	17	0
1817	136	0
425	159	0
989	272	0
1410	143	0
968	36	0
340	155	0
1468	70	0
1278	108	1
565	281	0
2306	133	0
1510	280	0
786	49	1
893	53	1
1702	131	0
986	22	0
1178	291	0
197	243	1
2226	186	0
64	244	1
1591	223	0
1975	167	0
1226	177	0
1369	48	0
1920	201	0
1454	250	0
1488	65	0
1429	122	0
1392	230	0
1989	142	1
1462	142	1
536	74	0
127	12	1
1150	90	0
2239	209	0
433	8	0
959	271	0
2176	170	0
1790	86	1
1662	153	0
498	295	0
2195	72	1
103	288	1
566	244	0
1615	100	0
1981	77	0
1311	297	0
1721	264	0
1983	98	0
727	235	0
1091	173	0
849	155	0
2109	264	0
667	25	0
1571	241	0
490	11	0
1354	152	0
1202	109	0
1674	74	0
1605	120	0
2110	175	0
479	219	0
749	63	0
457	150	0
591	125	0
223	212	0
1725	235	0
494	222	0
833	205	0
563	44	1
918	237	0
1125	231	0
556	108	1
604	90	0
2217	115	0
1423	93	0
879	288	0
1076	269	0
799	87	0
628	143	0
326	166	0
2112	11	0
921	216	1
960	164	0
1107	199	0
933	173	0
1408	176	0
1453	68	0
1185	78	0
431	157	0
1759	205	0
344	169	0
143	78	0
1126	281	0
2247	23	0
137	288	1
2293	120	0
842	128	0
871	142	1
109	34	1
1435	275	0
313	181	0
654	120	0
1639	24	0
90	180	0
1463	72	0
827	218	1
342	125	0
2237	218	0
2164	185	0
445	65	0
227	6	1
2320	294	1
438	109	0
462	183	0
329	91	1
2125	43	0
1211	160	0
1789	135	0
581	114	0
1002	268	0
2002	251	0
75	14	0
1957	113	0
1606	223	0
448	88	0
1023	269	0
2134	85	0
2123	156	0
867	230	0
50	5	1
355	170	0
378	213	0
1626	111	0
770	225	0
2012	154	0
552	252	0
58	34	1
689	299	0
775	114	0
1375	111	0
1715	209	0
499	196	0
1592	145	1
885	173	0
1247	229	0
420	221	0
1992	299	0
31	50	0
1455	50	0
1987	142	1
2121	150	0
1333	23	0
1077	1	0
2165	110	0
195	299	0
182	71	0
184	290	0
791	63	0
1750	178	1
47	179	1
1594	287	0
1495	11	0
1635	195	0
1013	103	0
876	72	1
357	135	0
1890	167	0
548	222	0
140	47	0
1365	285	0
476	34	1
54	49	0
549	48	1
1524	209	0
1893	23	0
54	254	0
29	53	0
838	100	0
189	35	0
1724	214	0
407	116	1
24	46	0
1360	80	0
944	122	0
1400	26	1
69	176	0
423	18	0
802	71	0
1508	26	0
14	77	1
1165	75	0
815	234	0
1271	116	0
1030	31	0
1083	64	0
823	77	0
820	167	0
1876	171	0
1042	25	0
321	80	0
690	251	0
297	253	0
1780	208	0
1162	88	1
335	121	0
946	35	0
981	13	0
1344	184	1
974	259	0
303	157	0
2035	227	1
1069	263	0
100	0	0
1676	25	0
1106	104	0
1737	32	0
693	25	0
845	50	1
2153	101	0
1082	176	0
601	15	0
1099	77	1
333	105	0
1157	92	0
1663	254	0
1039	30	0
1568	44	0
1581	49	0
1598	75	0
552	34	1
282	238	0
135	203	0
725	44	1
2288	61	0
2272	240	0
1972	141	0
1369	53	0
1846	193	0
986	266	0
1772	86	1
599	232	0
1075	24	0
2016	94	0
2139	58	0
756	48	1
2127	32	0
73	164	0
1187	241	0
1732	133	0
785	260	0
1869	41	0
1911	218	1
780	262	0
934	202	0
1561	128	0
1893	13	0
543	242	0
657	215	0
1716	230	0
539	7	0
1252	77	0
2101	131	0
1697	75	0
1471	256	0
611	34	1
1731	82	0
1956	228	0
634	49	1
857	50	1
1779	132	0
476	1	0
122	267	0
2133	114	0
840	197	0
1284	170	0
444	34	1
1682	195	0
1183	267	0
847	111	0
154	185	0
66	67	0
2090	165	1
156	165	1
891	241	0
2215	116	0
452	43	1
883	156	0
879	113	0
272	41	0
1052	99	0
2136	169	0
1705	174	1
2156	193	0
324	150	0
1579	291	0
506	178	0
1954	3	0
128	69	1
2259	288	0
827	183	0
1597	56	0
1291	110	1
330	34	0
764	192	0
1310	150	0
1387	92	0
1176	254	0
1358	31	0
2084	3	0
573	144	0
946	213	0
1107	77	1
1506	138	1
889	225	0
78	244	1
1790	156	0
957	249	0
715	293	0
1216	91	1
404	290	0
683	298	0
857	227	0
288	244	0
1645	153	1
1670	70	0
1779	122	0
1712	174	1
376	200	0
1489	46	0
1634	99	0
1905	229	0
681	50	1
2113	240	0
1525	15	0
237	29	0
2309	288	1
1579	246	0
982	295	0
262	210	0
709	262	1
599	115	0
1132	250	0
1278	19	0
480	14	0
1718	114	0
512	4	0
168	245	0
1096	132	0
1760	40	0
2230	77	0
2133	14	0
548	220	1
2276	91	0
1431	207	0
708	156	0
1509	211	0
2293	16	0
992	154	0
547	136	0
1202	152	0
317	230	0
584	214	0
480	153	0
1995	21	0
1844	3	0
522	149	0
1559	40	0
943	258	0
212	206	0
1902	123	0
1984	135	0
938	115	0
1891	4	0
439	93	0
1787	24	0
496	183	0
2206	62	0
185	186	0
2055	218	0
321	202	0
370	23	1
474	49	0
875	292	0
2104	87	0
2268	57	0
1079	183	0
597	200	0
1935	187	0
855	156	0
1814	199	1
2306	232	0
2039	160	0
1513	142	0
355	6	1
1050	108	0
1281	42	0
1172	92	0
24	223	0
1354	145	0
1391	268	0
1625	47	0
1961	175	0
327	283	0
1933	200	0
1002	30	0
438	167	0
2293	121	0
1922	218	0
2119	47	0
215	108	0
840	190	0
994	15	0
875	77	1
1941	220	1
134	259	0
2177	187	0
0	235	0
566	61	1
1191	39	0
1697	81	0
922	254	0
1005	261	0
964	17	0
1349	87	0
640	252	0
1023	175	0
43	149	0
324	261	0
180	207	0
802	49	1
1948	277	0
298	260	0
860	28	0
1392	112	0
2109	103	0
41	138	1
598	158	0
443	251	0
1258	87	0
2039	109	0
714	78	0
2282	289	0
1901	218	1
1929	132	0
1266	246	0
1938	220	1
1679	9	0
108	7	1
155	112	0
1786	260	0
1183	1	0
1802	51	0
2027	211	0
2060	25	0
598	202	0
693	260	0
1009	103	0
1816	9	0
1951	263	0
939	175	0
2001	232	0
1243	43	0
58	226	1
1973	86	0
893	45	0
731	93	0
467	212	0
922	30	0
2151	275	0
570	207	0
224	265	0
1857	158	0
884	236	0
1450	296	0
103	44	1
1708	119	0
1686	46	0
1151	267	0
274	228	0
2293	84	0
742	190	0
557	77	0
2261	184	0
554	240	0
546	169	0
2215	233	0
1756	64	0
103	222	0
727	274	0
59	50	1
711	31	0
663	295	0
885	91	1
411	276	0
243	6	1
751	169	0
662	34	1
377	210	0
1006	161	0
637	241	0
417	52	0
854	77	1
1324	94	1
1371	228	0
504	252	0
1528	105	0
453	192	0
1999	253	0
2047	102	0
223	97	0
393	168	0
1173	248	0
2040	276	0
1686	235	0
1608	69	0
2229	210	0
2142	166	0
894	191	0
575	94	1
1362	68	0
2117	173	0
1434	116	0
1285	275	0
877	76	1
1532	153	0
449	252	0
184	266	0
465	204	0
1584	18	0
218	134	0
1604	169	0
115	290	0
697	68	0
785	34	1
559	154	0
800	50	1
1528	199	0
1862	211	1
1444	87	0
1210	150	0
911	197	0
302	23	0
1961	101	0
1937	214	0
1564	276	0
1447	4	0
1050	200	0
1500	254	0
1753	196	0
1277	56	0
1626	236	0
861	77	1
1778	217	1
142	19	1
623	222	0
831	203	0
1228	53	0
1663	53	0
1812	183	0
533	145	0
1911	178	0
538	92	0
1368	26	1
193	175	0
431	240	0
103	178	1
309	280	0
412	133	0
875	12	0
2233	199	0
1448	178	0
760	84	0
649	34	1
1420	83	0
1407	288	0
1294	283	0
1251	189	0
1506	215	0
2170	159	0
701	256	0
714	77	0
1068	26	0
1189	271	0
1472	134	1
2105	190	0
1908	160	0
1979	260	0
1270	105	1
2077	78	0
551	253	0
659	83	0
892	153	0
1073	276	0
1600	145	1
529	34	1
1292	231	0
524	48	1
2279	44	1
369	39	0
2243	265	0
1974	195	0
758	199	0
1529	29	0
2263	227	0
1565	34	1
2298	197	0
642	34	1
419	29	0
1580	236	0
1007	131	0
2269	218	0
1359	26	1
527	34	1
1361	108	0
2311	117	0
419	33	1
1757	28	0
759	153	0
1252	213	0
666	218	0
344	109	0
2010	226	1
1408	39	0
1608	201	0
1895	94	0
596	105	1
2236	77	0
141	19	1
1013	115	0
1455	166	0
258	266	0
753	130	0
1369	213	0
1010	102	0
1681	211	0
1595	157	1
825	11	0
833	298	0
877	117	0
901	13	0
217	128	0
658	34	1
1170	209	0
335	219	0
2004	204	0
1692	50	0
1298	212	0
554	127	0
1042	218	0
1571	209	0
1002	72	1
462	148	0
1041	276	0
1922	192	0
480	228	0
241	239	0
232	165	0
1563	17	0
89	7	1
1219	41	0
447	49	0
1992	149	0
2075	125	0
1048	287	0
611	284	0
946	93	0
1070	170	0
1679	75	0
987	139	0
670	63	0
716	260	0
52	93	0
1111	229	0
664	34	1
1257	19	0
1254	154	0
1216	159	0
1564	144	0
1605	277	0
836	157	0
2302	154	0
403	206	1
2092	147	0
2056	217	0
2092	232	0
166	6	1
78	34	0
1220	35	0
1828	91	0
2042	171	0
676	132	1
1972	239	0
792	48	1
454	159	0
1528	141	0
1386	33	0
2165	244	1
563	226	0
540	48	1
821	258	0
1063	236	0
383	201	0
1191	123	0
1740	49	0
1019	263	0
234	5	0
2320	4	0
1308	269	0
181	76	1
439	139	0
670	165	0
854	76	1
800	91	0
1866	211	1
33	49	0
2082	178	0
1861	167	0
1744	7	0
2118	246	0
516	79	0
935	63	0
648	252	0
1290	198	0
264	248	0
357	6	1
1223	227	0
1846	297	0
620	34	1
2028	79	0
279	1	0
1318	65	0
848	168	0
845	95	0
127	61	1
25	197	0
756	282	0
688	50	1
1116	247	0
623	12	0
445	50	0
1043	2	0
460	18	0
619	22	0
27	109	0
1848	86	0
2065	119	0
495	266	0
1983	148	0
149	61	1
1347	6	0
695	170	0
1378	262	0
67	157	0
311	155	0
1078	96	0
177	50	1
1035	89	0
682	61	0
1701	41	0
330	10	0
759	269	0
666	96	0
34	116	0
968	184	0
1621	272	0
891	39	0
555	122	0
1648	116	0
849	102	0
499	93	0
1671	298	0
483	50	1
885	53	1
2044	206	0
1851	33	0
604	34	1
1250	229	0
914	31	0
83	50	1
1815	70	0
849	112	0
1068	268	0
577	193	0
462	56	0
2087	131	0
1221	274	0
1414	298	0
1094	46	0
384	100	0
1273	102	0
1498	58	0
335	9	0
1599	8	0
2131	88	0
47	213	1
59	7	1
1145	289	0
1646	89	0
1268	174	1
2194	99	0
181	255	0
665	256	0
1969	37	0
679	187	0
808	174	1
1924	197	0
177	34	1
1992	175	0
1932	215	0
328	250	0
623	34	1
1055	69	0
1011	164	0
1218	12	0
2099	172	0
2153	213	0
574	199	0
2330	52	0
541	29	0
161	292	0
585	174	1
1222	179	0
944	134	0
1767	101	0
1385	229	0
883	291	0
1011	17	0
1690	233	0
181	50	1
2021	190	0
2298	278	0
800	249	0
667	30	0
1293	85	0
406	73	0
1740	208	0
892	15	0
470	48	1
1599	145	1
219	285	0
621	247	0
1588	258	0
2086	127	0
1202	290	0
2274	44	1
709	164	0
395	28	1
1450	152	0
2193	297	0
81	198	0
1296	190	0
428	196	0
83	7	1
470	177	0
556	113	0
1659	123	0
419	76	1
330	157	0
2330	89	0
624	129	0
1503	203	0
1915	255	0
460	137	0
2110	50	0
1729	77	0
152	145	0
305	187	0
212	32	0
1054	110	0
561	77	1
198	130	0
309	6	1
624	244	1
533	58	0
768	98	0
504	34	1
2330	81	0
29	232	0
157	288	1
457	196	0
2280	8	0
1552	66	0
1977	142	1
380	131	0
109	212	0
1981	144	0
610	170	0
810	132	0
582	37	0
103	116	0
2204	33	0
301	8	0
565	39	0
1643	195	0
1491	27	0
1217	227	0
543	234	0
1885	244	0
1644	231	0
393	181	0
420	261	0
115	25	0
2046	12	0
989	67	1
161	254	0
498	34	1
982	101	0
2150	249	0
2096	266	0
595	198	0
1044	299	0
615	132	0
1760	88	0
1507	266	0
1413	279	0
1501	36	0
942	188	0
2277	47	0
115	9	1
1216	83	0
1889	246	0
285	229	0
1898	285	0
1733	252	0
542	100	0
885	144	0
900	49	0
1775	49	0
975	40	0
588	291	0
1288	147	0
312	200	0
2108	54	0
1344	89	0
1955	139	0
1259	245	0
159	15	0
1921	100	0
1091	295	0
1385	143	0
2092	165	1
2234	33	0
2300	277	0
1872	139	0
1784	168	0
1146	155	0
193	288	1
279	87	0
448	193	0
1852	101	0
643	138	1
1935	46	0
2170	75	0
1065	239	0
903	88	1
1827	186	0
2193	189	0
1621	188	0
1896	236	0
453	289	1
1753	48	0
1526	196	0
1396	260	0
725	85	0
2034	216	1
558	261	0
674	289	0
1162	19	0
1359	173	0
871	89	0
608	174	0
2022	169	0
1559	42	0
1799	193	1
1807	157	0
558	47	0
1904	267	0
720	247	0
107	199	0
2175	244	1
32	252	1
781	153	0
278	267	0
1195	219	0
50	58	1
960	153	0
135	287	0
157	8	1
1534	97	0
2329	130	0
1326	31	0
1643	131	0
1020	64	0
203	294	0
2147	109	0
1745	63	0
1332	94	1
1213	28	0
2286	170	0
51	191	0
2031	92	0
1856	238	0
1381	28	0
480	77	0
259	280	0
2011	217	0
1079	287	0
1945	288	1
1789	78	0
990	158	0
1538	270	0
1494	14	0
348	198	0
78	190	0
539	285	0
414	190	0
465	151	0
717	48	0
810	276	0
208	18	0
1621	192	0
1820	200	1
187	202	0
1901	258	0
322	265	0
2206	19	0
1703	161	0
168	6	1
586	74	0
747	260	0
1864	218	0
2144	168	0
1872	244	0
2165	88	0
986	188	0
2140	93	0
1026	171	0
504	71	0
478	104	0
1463	205	0
59	218	1
14	4	1
32	11	1
24	138	0
66	244	1
503	35	0
2021	167	0
1618	116	1
759	98	0
1323	120	0
815	179	0
1579	227	0
950	41	0
2188	237	0
171	6	1
754	164	0
1488	135	1
1146	84	0
2188	174	0
1636	138	0
1841	211	1
694	12	0
1710	150	0
1281	222	0
1765	277	0
111	51	0
901	174	0
1728	168	0
1110	127	0
2115	155	0
259	92	0
2193	83	0
709	180	1
528	114	0
1332	4	0
1371	149	0
1092	104	0
2308	126	0
1276	279	0
1047	77	1
833	61	0
452	235	0
1392	232	0
728	61	0
672	166	0
1960	145	0
230	127	0
934	57	1
643	285	1
14	194	0
1587	102	0
1226	183	0
1964	203	0
1967	142	1
39	5	1
1366	94	0
856	136	0
920	88	1
937	8	0
9	297	0
2090	227	0
1897	277	0
1160	88	1
246	6	1
555	52	0
1523	20	0
2248	273	1
841	160	0
2125	191	0
226	273	0
1824	204	1
1797	217	0
1918	133	0
983	20	0
1481	134	1
2101	163	0
1393	176	0
2159	76	0
1114	288	0
781	48	1
2252	273	1
1257	30	0
585	185	0
812	73	0
327	195	0
1260	12	0
601	18	0
127	40	1
1815	200	0
644	2	0
66	188	1
1710	174	1
54	214	0
1797	196	0
281	96	0
539	8	0
1156	108	0
783	102	0
856	16	0
1675	184	0
2306	30	0
1179	79	0
747	52	0
336	284	0
1247	96	0
448	107	0
314	53	1
749	239	0
973	42	0
1857	211	1
1873	205	0
1875	211	1
181	5	0
399	119	0
482	158	0
158	194	1
1637	269	0
140	20	0
1445	196	0
455	213	0
1744	5	0
1922	225	0
995	262	0
368	218	0
331	53	0
791	257	0
501	130	0
671	149	0
345	35	0
1360	182	0
810	172	0
1550	197	0
523	173	0
332	40	0
787	108	0
1510	229	0
964	13	0
1300	232	0
241	292	0
408	30	1
1371	26	1
751	120	0
2036	35	0
71	41	0
900	7	0
1856	0	0
956	94	0
160	243	0
1786	238	0
1298	90	0
293	201	0
129	141	0
286	183	0
1876	37	0
859	95	0
1363	23	0
1690	202	0
653	30	0
2120	27	0
1342	14	0
675	162	0
185	23	0
379	13	0
2232	27	0
1023	290	0
618	287	0
889	174	1
1975	142	1
797	7	0
1187	77	0
1550	266	0
646	216	0
2099	135	0
1657	9	0
489	70	0
817	136	0
1382	40	0
942	253	0
1030	105	1
2017	179	0
834	296	0
646	50	1
1033	177	0
1480	51	0
2083	244	0
1319	131	0
246	107	0
1545	19	0
1549	72	0
799	135	0
219	275	0
543	269	0
45	75	0
1988	110	0
2270	44	1
866	157	0
83	283	0
22	133	0
1294	13	0
400	169	0
427	62	0
373	179	0
518	177	0
665	107	0
53	5	1
1005	53	0
962	299	0
1328	285	0
457	271	0
1954	187	0
1996	178	0
2326	185	0
847	209	0
863	208	0
205	1	0
1830	207	1
450	202	0
2068	277	0
330	171	0
652	247	0
1574	217	0
1265	130	0
178	165	1
1466	31	0
125	117	0
210	20	0
736	98	0
1649	159	0
1466	51	0
253	11	0
32	135	1
1765	68	0
1284	109	1
752	198	0
1401	140	0
1415	138	0
933	194	0
85	248	0
2093	165	1
203	110	0
1093	77	1
2238	85	0
1965	64	0
1355	18	0
1559	239	0
1710	134	0
151	78	0
1221	94	0
519	224	0
1819	140	0
886	188	0
1552	235	0
613	158	0
442	55	0
1788	58	0
2218	224	0
1868	232	0
1668	118	0
660	221	0
1601	86	0
707	172	0
1093	202	0
367	263	0
180	197	0
1550	297	1
599	37	0
156	6	1
1926	52	0
200	101	0
1361	59	0
894	272	0
764	297	0
997	216	0
1443	230	0
819	216	0
1077	79	0
432	58	1
2095	293	0
1022	65	0
1788	92	0
1787	100	0
336	6	1
1544	245	0
636	102	0
1881	231	0
177	257	1
520	160	0
2033	227	1
929	143	0
1572	211	0
905	231	0
2103	149	0
883	144	0
1248	73	0
74	7	1
829	128	0
643	61	1
2111	241	0
1789	11	0
648	222	0
2329	152	0
1861	84	0
1740	230	0
1061	77	1
1424	259	0
1801	202	0
1052	55	0
1540	26	0
375	150	0
2307	19	0
812	50	1
735	297	0
515	50	1
719	76	1
2042	182	0
1044	138	0
648	48	1
1838	118	0
1676	142	0
2278	86	0
1166	116	1
