1689	200	0
2192	198	0
446	129	0
2050	187	0
1131	30	0
1592	225	0
2322	271	0
1434	280	0
1696	172	0
897	10	0
1187	134	0
1896	196	0
623	168	0
1614	4	0
123	83	0
1193	252	0
1667	107	0
434	141	0
287	95	0
1818	42	0
1270	105	1
594	6	0
1820	195	0
602	1	0
915	28	0
228	84	0
1934	229	0
486	24	0
1707	50	0
1236	118	0
1121	41	0
960	89	0
1199	267	0
1477	168	0
262	215	0
1437	57	0
1128	187	0
53	204	0
1840	53	0
1539	293	0
1296	86	1
1969	287	0
1380	135	0
2170	14	0
1803	153	0
961	64	1
1999	9	0
149	226	0
1095	231	0
64	197	0
1958	85	0
554	34	1
108	47	0
652	255	0
33	108	1
1772	93	0
851	290	0
85	204	0
1682	81	0
724	29	0
2138	234	0
1667	65	0
1456	68	0
1310	41	0
617	269	0
1367	26	1
371	161	0
2170	274	0
436	165	0
681	7	0
2066	215	0
295	61	0
1245	3	0
418	89	0
1305	216	0
1349	94	1
1010	108	0
192	18	0
608	240	0
1210	56	0
1754	188	0
666	41	0
1988	282	0
1258	75	0
798	119	0
1989	71	0
433	91	0
634	94	1
1885	70	0
181	66	1
447	62	0
1222	282	0
509	115	0
1319	91	0
1801	41	0
186	144	0
1799	41	0
1376	214	0
1302	41	0
1064	180	0
523	33	0
291	130	0
1028	54	0
185	272	0
342	6	1
818	171	0
1981	151	0
1193	253	0
2086	71	0
645	45	1
181	77	1
1686	40	0
742	63	0
1526	196	0
416	70	0
561	244	0
2171	107	0
1221	146	0
466	198	0
602	254	0
246	296	0
775	260	0
413	148	0
727	44	1
82	259	0
412	170	0
1962	271	0
545	142	0
603	172	0
1714	285	0
988	133	0
284	163	0
1509	282	0
799	204	0
1525	186	0
2121	213	0
732	122	0
359	194	0
29	159	0
1928	35	0
1952	118	0
1389	278	0
330	64	0
1104	81	0
1981	101	0
2184	11	0
1227	260	0
1300	43	0
1633	130	0
1665	273	0
1313	179	0
1911	174	0
516	248	0
145	21	0
765	54	0
275	35	0
701	295	0
1116	154	0
1675	139	0
184	189	0
8	132	1
690	183	0
2300	117	0
729	269	0
667	74	0
2246	74	0
990	169	0
1464	9	0
1106	77	1
409	250	0
1096	62	0
1528	139	0
779	76	0
1210	76	0
2251	294	0
2319	215	0
804	103	0
1386	56	0
1301	216	0
802	242	0
2078	207	0
193	159	0
321	77	1
1549	297	1
2084	156	0
1466	0	0
2267	44	1
1981	277	0
1454	60	0
1734	259	0
172	136	0
1324	121	0
2292	280	0
441	186	0
1895	28	0
2143	113	0
1141	45	0
421	51	0
600	168	0
1424	59	0
1023	105	0
2091	265	0
1919	151	0
966	104	0
1341	233	0
1816	84	0
2245	36	0
181	226	0
461	224	0
1679	169	1
1409	206	0
588	285	0
1959	66	0
1115	83	0
1796	199	0
967	132	0
2053	194	0
543	244	0
802	80	0
732	288	1
1149	88	1
154	66	0
889	250	0
2173	102	0
2257	39	0
1448	268	0
2089	77	0
1745	49	0
9	50	1
83	283	0
445	159	0
825	21	0
312	6	1
1101	77	1
1871	258	0
474	72	0
244	188	0
1210	288	1
32	48	1
936	99	0
1224	60	0
156	215	1
2278	44	1
1053	26	0
797	252	0
162	81	0
824	180	0
1210	139	0
535	195	0
2106	19	0
2041	19	0
500	182	0
367	142	1
292	234	0
1535	105	0
960	125	0
2087	118	0
292	110	0
2050	265	0
954	47	0
466	255	0
152	194	0
1874	24	0
870	281	0
1507	82	0
1250	65	0
1359	129	0
260	206	0
429	250	0
377	58	0
1372	52	0
1927	80	0
546	154	0
561	174	1
2313	213	0
1981	102	0
1569	93	0
294	104	0
279	40	0
378	26	0
1795	144	0
944	171	0
18	116	0
1668	258	0
1413	196	0
2247	177	0
1853	207	0
668	86	0
2189	95	0
1967	153	0
305	152	0
1953	206	0
223	294	0
677	179	0
949	205	0
1448	178	0
1451	40	0
1707	165	0
1018	230	0
1744	44	0
121	50	1
942	35	0
466	34	1
1879	199	0
890	101	0
409	230	0
2154	278	0
1766	162	0
1044	169	0
418	264	0
1062	263	0
1182	163	0
616	299	0
1361	20	0
1796	212	0
341	66	0
552	124	0
1277	280	0
2209	20	0
2329	175	0
1032	83	0
2126	104	0
974	56	0
1271	241	0
1477	208	0
2214	254	0
661	173	0
406	162	0
1535	265	0
257	252	0
824	50	1
82	84	0
379	268	0
2327	151	0
1330	185	0
720	83	0
695	0	0
1255	58	0
120	57	0
1725	284	0
163	27	0
1230	231	0
872	59	0
87	92	0
469	153	0
106	109	0
2259	255	0
1468	116	1
869	53	0
773	224	0
1058	198	1
1625	37	0
1867	109	0
1221	125	0
2298	288	1
1943	41	0
423	185	0
2150	266	0
1577	151	0
1655	29	0
1785	180	0
1769	5	0
564	236	0
1204	255	0
1170	240	0
1815	165	0
368	91	0
1709	12	0
2253	258	0
1641	241	0
526	71	0
1530	281	0
1629	35	0
1796	34	0
1826	282	0
1990	94	0
914	31	0
1042	50	0
1169	124	0
508	288	0
835	159	0
280	165	0
1799	150	0
1118	30	0
913	195	0
1796	111	0
2298	189	0
1831	202	0
156	5	0
447	61	0
1573	59	0
1435	276	0
167	288	0
541	29	0
58	181	0
474	22	0
1826	222	0
1631	191	0
884	268	0
800	134	0
1201	208	0
559	167	0
989	148	0
975	77	0
1205	43	0
1144	230	0
1467	28	0
1013	44	0
1833	74	0
1722	224	0
593	213	0
199	131	0
948	288	0
622	289	0
1198	15	0
1614	220	0
644	2	0
1933	169	0
1996	99	0
1897	37	0
1136	288	1
794	67	0
2085	190	0
856	145	0
952	58	1
311	88	0
965	277	0
99	233	0
895	48	0
348	248	0
136	277	0
1001	41	0
1598	85	0
1	299	0
1240	236	0
394	267	0
2224	142	0
192	297	0
176	177	0
1092	79	0
839	86	1
257	19	0
2260	160	0
863	285	0
2139	155	0
1649	5	0
1636	156	0
858	76	1
766	123	0
1523	64	0
190	288	0
1530	287	0
1024	270	0
505	81	0
854	131	0
829	59	0
901	79	0
2222	138	0
1981	217	0
29	232	0
1639	112	0
1358	205	0
727	218	1
627	168	0
1908	224	0
580	117	0
283	116	0
650	164	0
261	12	0
1885	13	0
517	48	1
2330	97	0
1910	218	1
199	45	0
29	211	0
1476	93	0
544	97	0
1765	32	0
2316	81	0
1865	81	0
218	78	0
1963	158	0
1769	62	0
284	260	0
548	41	0
625	250	0
1686	105	0
657	187	0
199	248	0
1450	43	0
1399	39	0
1847	100	0
285	230	0
973	295	0
1996	65	0
412	116	0
261	73	0
769	217	0
1120	8	0
1046	205	0
1297	84	0
158	44	0
275	117	0
1466	253	0
1171	51	0
1210	101	0
2087	109	0
1752	34	0
701	222	0
1767	234	0
1136	94	0
1650	284	0
1897	155	0
2271	200	0
800	33	0
28	289	0
2219	25	0
491	34	1
2148	244	1
2325	57	0
2139	93	0
875	76	1
974	1	0
2122	272	0
2203	264	0
769	100	0
2246	43	0
409	90	0
114	43	0
386	26	1
1131	11	0
214	281	0
304	72	0
2086	95	0
565	107	0
830	229	0
482	72	0
2234	261	0
462	126	0
2188	174	0
1007	61	0
421	207	0
2330	52	0
800	138	1
157	32	0
2046	131	0
348	198	0
537	167	0
947	180	0
1389	242	0
283	213	0
2116	267	0
623	115	0
1586	148	0
1618	229	0
1360	32	0
2021	288	1
259	107	0
135	246	0
815	216	0
1363	104	0
890	164	0
1207	267	0
1137	83	1
1601	70	0
2098	36	0
1211	172	0
337	6	1
1241	148	1
984	123	0
1948	150	0
727	222	0
598	178	0
1337	94	1
948	61	1
553	274	0
1752	146	0
1321	157	0
1485	45	0
1425	232	0
712	184	0
1428	231	0
93	139	0
2213	49	0
1955	223	0
1290	210	0
1238	171	0
294	6	1
1818	293	0
1740	174	1
2032	11	0
999	240	0
722	35	0
723	290	0
744	4	0
1232	82	0
489	200	0
794	124	0
1467	176	1
727	98	0
1567	244	0
1515	17	0
1504	14	0
1559	287	0
657	147	0
348	261	0
2293	215	0
1457	258	0
341	226	0
713	193	0
492	122	0
659	8	0
1539	246	0
1152	162	0
1073	276	0
2246	89	0
1674	119	0
55	45	0
824	279	0
1835	199	0
2093	97	0
46	279	0
1576	268	1
1523	139	1
1683	121	0
1980	142	1
2133	147	0
1006	62	0
2072	179	0
1367	63	0
32	5	1
2210	161	0
377	284	0
146	293	0
2071	74	0
634	108	1
742	197	0
828	27	0
2288	221	0
2186	245	1
206	196	0
1159	1	0
8	182	0
1096	132	0
965	293	0
264	215	0
2142	96	0
1046	144	0
954	77	1
2006	225	1
2092	158	0
206	105	0
110	232	0
680	34	1
1703	244	0
1664	147	0
1570	184	0
661	128	0
1591	91	0
1725	209	0
1699	237	0
1528	287	0
665	41	0
817	11	0
957	271	0
1417	195	0
1765	202	0
883	0	0
2007	154	0
829	128	0
497	242	0
1782	42	0
1464	234	0
1375	290	0
814	34	0
1326	213	0
464	251	0
2090	207	0
483	139	0
1510	245	0
103	190	0
2271	28	0
472	125	0
1419	169	0
2067	150	0
972	21	0
2056	165	0
1343	55	0
866	79	0
2204	12	0
1298	215	0
33	116	1
980	293	0
1228	114	0
220	34	0
2314	291	1
1867	69	0
1101	218	0
2203	211	0
1248	281	0
824	64	0
533	186	0
127	1	0
1724	281	0
1259	245	0
362	210	0
136	288	1
1933	44	0
321	247	0
50	7	1
1247	278	0
1503	275	0
876	19	0
746	225	0
774	48	1
51	191	0
865	139	0
610	277	0
783	68	0
1118	174	0
765	179	0
578	80	0
359	105	0
1056	15	0
736	128	0
639	122	0
301	8	0
700	219	0
441	146	0
1292	255	0
88	86	0
1377	19	0
605	141	0
996	260	0
1613	160	0
479	150	0
352	115	0
322	170	0
1718	266	0
634	218	1
1391	22	0
1578	173	0
892	225	0
2188	147	0
2128	50	0
78	100	0
2067	82	0
2035	153	0
831	193	0
44	5	1
1121	102	0
816	50	1
2145	292	0
1022	245	0
273	261	0
586	33	0
2226	151	0
1298	290	0
1826	117	0
2070	86	0
2273	161	0
1321	160	0
321	82	0
1318	166	0
557	40	0
1126	38	0
427	152	0
1734	264	0
1076	244	0
1918	183	0
2328	238	0
741	48	1
571	34	1
968	143	0
2317	174	0
1094	157	0
2154	4	0
917	286	0
887	54	0
62	269	0
453	127	0
408	29	0
1201	91	1
60	102	0
1169	15	0
2268	189	0
1164	124	0
1261	277	0
1352	261	0
96	236	0
2087	6	0
2270	44	1
1319	65	0
1689	21	0
332	6	1
1159	54	0
366	20	1
419	85	0
1499	144	0
10	178	1
2272	241	0
1090	292	0
167	107	0
90	41	0
786	6	0
1280	223	0
1080	219	0
916	96	0
145	12	0
1356	271	0
644	116	0
481	167	0
1207	224	0
147	163	0
886	160	0
1129	52	0
849	296	0
447	33	0
2095	51	0
1810	294	0
2077	170	0
2143	46	0
1250	70	0
281	247	0
1665	86	0
844	219	0
1137	139	0
1693	156	1
785	110	0
115	152	0
950	5	0
167	51	0
2195	91	0
53	102	0
1673	225	0
654	22	0
1877	30	0
1718	80	0
1194	22	0
724	251	0
1263	88	0
1839	26	0
122	205	0
1438	218	0
2280	299	0
852	111	0
1218	238	0
727	53	0
565	264	0
462	180	0
197	269	0
2047	229	0
973	42	0
975	144	0
144	205	0
2179	232	0
582	158	0
1591	133	0
1889	128	0
217	151	0
1261	229	0
1022	232	0
1060	244	0
20	142	0
559	225	0
787	139	0
1498	65	0
2128	88	0
1426	269	0
2076	121	0
2184	157	0
1527	105	0
2055	75	0
1235	255	0
304	118	0
1037	139	0
2300	197	0
2268	294	0
1105	295	0
1082	213	0
1204	288	1
168	145	1
894	130	0
57	201	0
998	72	1
106	214	0
875	153	0
69	33	0
2080	295	0
1524	57	0
2265	162	0
2255	107	0
888	111	0
117	60	0
2165	255	0
1628	212	0
714	216	0
1042	256	0
373	170	0
1647	156	1
1212	63	0
1508	271	0
1130	77	1
353	89	0
694	279	0
2268	57	0
1009	99	0
683	87	0
465	92	0
498	196	0
885	59	0
1687	25	0
1658	175	0
832	285	0
2027	264	0
2277	44	1
985	214	0
1784	268	0
25	76	0
1861	95	0
287	173	0
1405	283	0
2190	111	0
218	25	0
932	267	0
396	110	0
1430	58	0
1185	188	0
1460	232	0
512	115	0
2285	92	0
194	94	0
2276	60	0
2110	47	0
725	139	0
1402	26	1
1879	268	0
173	209	0
1962	223	1
1372	96	0
1468	134	1
1727	147	0
146	166	0
385	257	0
1035	137	0
2044	207	0
109	55	1
1556	17	0
209	29	0
1768	131	0
898	183	0
890	252	0
347	148	0
1700	180	0
335	9	0
1706	162	0
1711	1	0
1327	103	0
110	54	0
2270	61	0
625	245	0
320	159	1
85	299	0
303	154	0
1634	101	0
303	8	0
2155	215	0
1428	154	0
369	88	0
1488	298	0
161	254	0
575	156	0
1606	156	0
315	41	0
1294	94	0
709	46	0
32	86	1
251	103	0
1670	165	1
2087	174	0
1109	139	0
1096	198	0
212	179	0
357	135	0
1761	146	0
449	214	0
248	27	0
597	206	0
166	34	1
1180	170	0
326	115	0
783	29	0
1602	169	0
1706	51	0
140	141	0
1964	227	0
653	80	0
1671	227	0
1016	138	0
592	120	0
1706	255	0
1213	226	0
135	230	0
1261	140	0
2013	111	0
1649	66	0
2281	44	1
1312	274	0
1784	286	0
783	186	0
500	292	0
1441	110	0
2173	19	0
1522	165	0
276	176	0
406	84	0
1424	31	0
670	34	1
1297	177	0
1513	255	0
1585	96	0
917	135	0
888	7	0
2109	216	0
944	133	0
2270	199	0
1589	147	0
1507	145	0
1558	248	0
507	188	0
1135	219	0
305	187	0
2301	200	0
47	74	0
593	197	0
419	76	1
297	178	0
2144	225	0
2292	86	0
1902	73	0
1004	54	0
1527	0	0
1890	41	0
1916	67	0
2021	20	0
1280	137	0
555	112	0
1234	274	0
1171	201	0
437	106	0
2323	229	0
2320	4	0
2182	240	0
1150	31	0
1246	100	1
686	50	1
212	147	0
2250	223	0
682	37	0
1983	110	0
1649	288	1
1471	51	0
626	198	0
490	258	0
929	240	0
1844	149	0
635	88	0
1025	278	0
415	256	0
2247	92	0
2173	153	0
1237	22	0
178	184	0
2194	268	0
129	90	0
1845	198	0
21	74	0
204	70	0
2187	194	0
1062	184	0
2170	257	0
325	30	0
1332	26	0
204	189	0
1372	111	0
28	269	0
202	254	0
134	6	1
55	189	0
262	66	0
598	231	0
52	261	0
894	270	0
633	80	0
353	107	0
335	201	0
1022	283	0
2226	217	0
1401	247	0
1912	217	0
800	234	0
1563	163	0
1450	160	0
547	91	0
2031	128	0
1068	14	0
530	224	0
2199	3	0
1546	114	0
77	50	1
2110	152	0
2235	196	0
483	103	0
1948	35	0
2264	45	0
2074	265	0
1660	187	0
1879	37	0
96	268	0
1227	122	0
1041	139	0
1179	285	0
53	212	0
437	71	0
361	222	0
215	42	0
628	47	0
1067	3	0
576	3	0
1865	240	0
1369	26	1
1140	66	0
2111	87	0
154	56	0
751	103	0
2101	196	0
2070	8	0
130	123	0
2186	233	0
1574	183	0
1065	216	0
1538	270	0
2097	33	0
1669	179	0
1318	125	0
2132	64	0
1451	45	0
339	192	0
309	221	0
1893	9	0
1756	12	0
1257	76	0
497	185	0
898	157	0
343	211	0
2115	244	0
407	47	0
422	37	0
1813	233	0
1045	11	0
1620	198	0
1191	92	0
242	255	0
1332	242	0
2299	226	0
797	92	0
910	256	0
1315	283	0
1144	11	0
1594	179	0
1752	245	0
579	133	0
1900	219	0
313	32	0
184	39	0
1491	0	0
1969	115	0
445	156	0
786	44	0
1987	280	0
995	183	0
931	259	0
498	26	0
945	158	0
1032	242	1
1327	150	0
1386	172	0
818	162	0
803	270	0
1200	44	0
1761	182	1
364	14	0
1824	227	0
1809	141	0
84	154	0
1780	13	0
1787	142	1
340	250	0
59	34	1
147	19	1
930	119	0
1387	220	0
2289	194	0
1896	93	0
1845	16	0
1096	108	0
1951	299	0
367	96	0
1302	148	0
1897	286	0
1407	37	0
60	186	0
414	137	0
2241	259	0
94	240	0
1736	261	0
1713	174	1
2274	275	0
189	227	1
1894	176	0
1998	142	1
415	280	0
1296	248	0
2210	53	0
822	145	0
718	53	0
338	30	0
249	201	0
2288	182	0
1897	207	0
862	103	0
332	298	0
2112	57	0
1072	193	0
1627	273	0
27	157	0
1865	66	0
282	238	0
349	70	0
1200	228	0
1771	254	0
2139	24	0
723	282	0
2279	277	0
1610	253	0
1225	1	0
859	210	0
701	186	0
2168	174	0
1162	36	0
1550	201	0
1723	123	0
2163	207	0
442	173	0
508	34	1
1549	272	0
72	167	0
739	119	0
1398	140	0
1677	72	0
1595	189	0
1756	182	1
950	233	0
2107	86	0
2184	108	0
270	115	0
2142	240	0
2270	175	0
1748	236	0
1871	251	0
736	205	0
133	6	1
810	180	0
210	282	0
748	13	0
2297	34	0
592	237	0
858	184	0
1199	298	0
1339	272	0
2127	248	0
1252	261	0
1485	58	0
2052	227	1
1576	132	1
928	179	0
937	202	0
1078	177	0
2073	265	0
1848	286	0
80	7	1
326	92	0
2316	92	0
916	251	0
467	77	1
778	86	0
2272	115	0
910	71	0
1905	114	0
1594	233	0
220	195	0
160	299	0
32	238	0
152	113	0
2324	40	0
1418	110	0
650	130	0
377	59	0
2142	204	0
54	254	0
887	203	0
102	275	0
103	85	0
1261	275	0
1773	82	0
177	50	1
2111	257	0
1243	246	0
1200	1	0
2011	49	0
1309	138	0
804	268	0
1809	186	0
1579	49	0
2281	191	0
665	5	0
1986	235	0
1389	204	0
977	98	0
1132	66	0
1800	188	0
1838	119	0
624	58	0
2297	221	0
1879	67	0
1330	27	0
1433	69	0
1400	254	0
2023	171	0
418	6	0
2020	168	0
754	297	0
1094	27	0
1483	184	0
1622	140	0
1132	122	0
1976	253	0
2247	59	0
877	280	0
695	264	0
423	121	0
1109	199	0
1775	229	0
1604	110	0
997	9	0
1692	168	0
9	77	1
1795	193	0
2298	245	0
2191	27	0
738	237	0
517	117	0
1164	149	0
838	226	0
2113	23	0
726	181	0
2031	286	0
136	63	1
524	48	1
258	110	0
1571	158	0
41	18	0
1078	178	0
547	266	0
438	51	0
1414	178	0
1166	138	0
171	6	1
552	171	0
518	125	0
2096	160	0
664	100	0
1486	149	0
203	166	0
1196	163	0
46	140	0
2139	57	0
1441	75	0
401	64	0
1304	200	0
1382	162	0
1570	209	0
1972	244	0
600	244	0
9	48	1
2241	19	0
2040	47	0
369	109	0
67	50	1
716	177	0
729	209	0
1156	269	0
149	125	0
2001	278	0
1717	164	0
110	15	0
1846	171	0
1386	33	0
2240	140	0
1089	52	0
465	51	0
153	19	1
1016	175	0
642	283	0
2148	179	0
582	113	0
1166	210	0
2096	109	0
1932	295	0
1618	240	0
2228	264	0
2222	267	1
773	115	0
2250	135	0
1414	281	0
998	185	0
1028	186	0
215	48	0
670	190	0
1554	56	0
895	160	0
530	265	0
1002	30	0
1976	111	0
1026	271	0
1465	132	1
1614	100	0
2244	178	0
1280	122	0
2155	156	0
1206	90	0
2216	167	0
1032	250	1
692	184	0
2299	97	0
1413	56	0
405	77	0
893	280	0
475	50	1
975	66	1
1050	266	0
337	91	1
1224	237	0
1513	138	1
645	105	0
1874	226	1
1011	288	0
65	214	0
815	210	0
4	36	0
190	207	0
848	23	0
1408	134	0
659	124	0
367	161	0
842	177	0
1570	238	0
1260	296	0
464	101	0
1523	282	0
240	47	0
1952	178	0
244	8	0
1863	263	0
2000	13	0
1769	217	1
1592	252	0
1399	227	0
1121	38	0
1662	118	0
2065	9	0
1192	30	0
1431	4	0
306	173	0
321	66	0
1813	132	0
555	259	0
1574	229	0
1300	283	0
1835	27	0
1595	23	0
1399	220	0
1151	262	0
195	253	0
306	275	0
1026	131	0
1893	13	0
651	62	0
1588	130	0
702	144	0
2113	277	0
376	18	0
238	216	0
1519	281	0
1300	58	0
640	273	0
731	140	0
1109	79	0
587	259	0
2244	155	0
1992	69	0
264	180	0
1677	30	0
781	185	0
137	150	0
946	211	0
1547	197	0
1220	93	0
1933	11	0
1433	194	0
539	93	0
621	59	0
1587	263	0
787	77	0
1732	133	0
1945	108	0
11	5	0
886	150	0
2180	244	1
343	94	0
1928	91	0
1533	141	0
1623	262	0
1549	177	0
1944	23	0
907	203	0
1927	198	0
178	97	0
712	146	0
2102	292	0
166	57	0
2127	51	0
1837	22	0
1276	292	0
844	161	0
556	285	0
946	161	0
960	178	0
1126	174	0
2211	194	0
1743	123	0
763	75	0
2107	194	0
1077	21	0
1221	274	0
1354	215	0
987	66	1
1570	85	0
1617	85	0
1686	220	0
589	34	1
2055	27	0
1695	253	0
1523	160	0
1677	85	0
401	257	0
602	14	0
2161	96	0
2110	12	0
317	269	0
1705	202	0
222	289	0
557	75	0
17	224	0
2181	164	0
1437	129	1
865	73	0
1815	241	0
561	277	0
1325	67	0
1428	105	0
1738	0	0
1230	167	0
1588	240	0
30	220	0
2157	160	0
1239	91	1
774	128	0
784	290	0
2146	17	0
1243	135	0
1154	287	0
839	211	0
1983	19	0
962	260	0
714	244	0
1218	293	0
1547	229	0
1646	127	0
1883	248	0
2313	290	1
1701	3	0
225	135	0
2294	93	0
1195	275	0
2000	183	0
1414	180	0
550	134	0
1417	87	0
645	260	0
587	93	0
825	37	0
77	7	1
671	222	0
879	218	1
672	79	0
624	132	1
1537	137	0
825	46	0
66	236	0
66	269	0
1136	74	0
1201	276	0
2151	153	0
1057	256	0
2036	29	0
233	64	0
939	118	0
746	198	0
1111	136	0
1902	94	0
1279	51	0
1049	198	0
956	91	0
1608	73	0
2064	198	0
1833	168	0
53	254	0
1403	27	0
33	243	0
1268	288	0
1991	169	0
586	140	0
1224	47	0
1031	60	0
614	296	0
256	133	0
157	135	0
586	12	0
2323	56	0
2224	241	0
2307	26	0
1497	15	0
1879	82	0
297	84	0
871	292	0
2221	107	0
821	154	0
2130	252	0
992	20	0
934	162	0
1018	38	0
404	141	0
1992	258	0
1801	7	0
1276	42	0
801	207	0
1515	299	0
1487	238	0
862	45	0
937	242	0
1331	166	0
316	251	0
320	134	1
107	195	0
1516	230	0
1013	170	0
2305	244	0
1153	263	0
1373	268	0
107	95	0
2133	111	0
797	240	0
2122	235	0
1835	20	0
747	123	0
279	142	0
306	0	0
1325	54	0
2014	220	0
447	40	1
1186	165	1
2007	123	0
352	1	0
522	120	0
129	14	1
105	50	1
113	77	1
458	10	0
294	69	0
620	254	0
371	89	0
621	54	0
1487	130	0
1333	161	0
1243	72	0
1531	138	1
1471	262	0
797	295	0
1194	287	0
2052	230	0
520	230	0
1518	138	1
1281	229	0
208	26	0
2003	33	0
451	5	0
48	133	0
1987	258	0
1671	234	0
1997	293	0
1352	257	0
684	75	0
2123	248	0
797	210	0
1782	109	0
1941	269	0
2096	107	0
1350	94	1
1387	255	0
756	257	0
1850	104	0
393	274	0
1045	142	0
1022	235	0
408	188	0
871	128	0
535	50	1
759	64	0
495	176	0
1573	232	0
473	91	0
1594	287	0
1325	235	0
839	104	0
1211	145	0
2311	117	0
2116	235	1
255	289	0
948	235	0
1749	30	0
1001	149	0
110	22	0
210	150	0
1389	38	0
1299	34	0
1641	225	0
562	178	0
426	124	0
2250	146	0
2221	191	0
877	174	1
2025	219	0
2222	4	0
1230	160	0
1882	246	0
2024	175	0
602	284	0
970	178	0
2069	8	0
1935	222	0
254	33	0
1437	259	0
876	138	1
1731	192	0
929	73	0
2214	53	0
170	12	0
1936	27	0
1847	225	0
2281	92	0
872	169	0
67	25	0
1343	130	0
278	200	0
1868	130	0
1613	61	0
2293	77	0
960	278	0
1374	219	0
845	95	0
503	285	0
1340	118	0
1663	159	1
1854	7	0
429	207	0
1559	241	0
2167	114	0
569	14	0
960	257	0
193	50	0
307	156	0
393	72	0
336	293	0
2162	102	0
131	286	0
827	254	0
535	1	0
1454	279	0
795	3	0
560	173	0
538	34	1
26	0	0
70	247	0
122	11	1
415	252	0
1684	228	0
1199	129	0
1409	26	1
166	98	0
1474	287	0
935	63	0
1184	151	0
1802	109	0
1452	138	0
1043	37	0
299	23	0
1926	107	0
326	220	0
81	0	0
757	151	0
678	280	0
97	65	0
1404	150	0
1893	186	0
1384	19	0
1113	172	0
373	182	0
1950	265	0
716	15	0
1503	261	0
378	48	0
866	36	0
1365	241	0
1342	100	0
1591	21	0
2207	259	0
177	227	0
420	77	0
843	214	0
1809	83	0
1071	275	0
407	29	0
1628	114	0
684	123	0
365	26	0
1699	131	0
1046	280	0
277	228	0
1858	211	1
173	16	0
650	97	0
2032	226	0
1606	146	1
2091	55	0
1783	86	1
1842	280	0
1493	137	1
453	230	0
1776	140	0
535	124	0
2008	162	0
36	74	0
1720	299	0
1756	241	0
1685	39	0
1217	150	0
437	229	0
336	210	0
226	6	1
534	209	0
1038	17	0
1349	7	0
264	56	0
495	235	0
1652	0	0
70	133	0
1076	227	0
1520	267	0
440	108	0
680	68	0
1672	268	0
1636	191	0
2327	247	0
559	284	0
416	188	0
300	6	1
691	76	0
1539	185	0
840	142	1
1290	197	0
2329	298	1
848	75	0
229	131	0
467	212	0
630	73	0
1043	104	0
1739	81	0
1870	162	0
764	242	0
1368	151	0
1526	138	1
1483	141	0
730	188	0
287	104	0
1123	218	1
1347	180	0
847	209	0
938	95	0
1079	71	0
900	88	1
993	194	0
383	272	0
2024	115	0
276	98	0
1570	29	0
217	208	0
237	94	0
511	50	1
1666	133	0
1649	264	0
1087	241	0
509	201	0
955	62	0
466	103	0
1054	141	0
298	236	0
2114	260	0
1103	83	0
539	108	0
438	27	0
758	258	0
2047	29	0
954	138	1
1631	229	0
1553	298	0
2000	8	0
2024	132	0
256	48	0
814	189	0
287	96	0
1748	290	0
1030	165	0
1542	275	0
480	130	0
1823	10	0
537	115	0
1621	117	0
147	67	0
2175	91	0
1309	239	0
279	210	0
716	207	0
296	211	0
282	99	0
485	171	0
569	120	0
630	65	0
301	119	0
1887	93	0
2116	46	0
503	83	0
798	132	0
1939	14	0
288	6	1
1566	34	1
1332	263	0
236	279	0
59	12	0
1891	206	1
674	167	0
1789	5	0
1992	142	1
1869	41	0
1770	118	0
1790	50	0
1937	144	0
305	116	0
1942	30	0
1402	298	0
1442	130	1
2311	164	0
773	111	0
69	109	1
930	131	0
56	169	0
1474	148	0
1713	105	0
1170	149	0
489	70	0
1152	88	1
226	58	0
2209	171	0
878	212	0
2103	9	0
606	122	0
1744	195	0
2179	43	0
1148	149	0
1272	193	0
1435	275	0
986	53	0
1134	170	0
164	63	0
1796	124	0
1222	231	0
849	102	0
1530	58	0
1489	68	0
1558	264	0
2146	166	0
1848	120	0
1286	220	0
433	127	0
1537	298	0
571	3	0
2140	254	0
1728	285	0
2258	112	1
623	208	0
1900	158	0
2147	202	0
348	163	0
1504	27	0
157	225	0
370	113	0
1571	133	0
136	266	0
1697	215	0
1083	11	1
1937	246	0
2063	283	0
1111	176	0
802	37	0
493	111	0
1259	182	0
2245	177	0
1395	151	0
1307	294	0
1902	95	0
739	185	0
2174	9	0
160	175	0
667	85	0
2102	58	0
536	10	0
307	134	0
1005	76	1
1396	277	0
2249	5	0
1748	177	1
2317	271	0
632	157	0
913	67	0
1935	257	0
1348	17	0
1153	36	0
2087	284	0
1608	69	0
385	94	0
271	268	0
197	189	0
280	232	0
2010	253	0
73	217	0
2151	196	0
891	130	0
2043	246	0
176	86	0
1798	183	0
2176	228	0
1401	3	0
5	227	0
1156	198	0
273	272	0
792	259	0
1114	129	0
1902	7	0
1266	98	0
1289	24	0
1042	77	1
1515	8	0
259	19	0
913	185	0
2240	267	0
1616	170	0
2190	130	0
1237	98	1
884	114	0
56	123	1
802	142	1
1945	185	0
2099	36	0
1306	19	0
1462	63	0
1450	175	0
2113	24	0
775	199	0
128	208	0
1015	163	0
492	244	0
1840	6	0
1163	262	0
669	84	0
662	112	0
894	98	0
1859	234	0
609	5	0
775	48	1
255	65	0
764	51	0
1293	225	0
1423	42	0
982	82	0
375	127	0
1382	79	0
1175	184	0
1589	77	0
1358	247	0
1325	295	0
1219	23	0
1585	250	0
1716	245	0
1085	223	0
1547	282	0
366	154	0
2125	122	0
1544	205	0
1705	84	0
1042	98	0
36	6	0
1217	91	1
676	293	0
2214	93	0
198	37	0
851	235	0
225	65	0
2040	201	0
861	92	0
946	126	0
1196	188	0
2240	239	0
643	46	0
541	224	0
999	5	0
157	178	0
373	237	0
1080	134	0
1929	267	0
822	42	0
1244	297	0
2308	157	0
939	142	0
2110	30	0
1314	286	0
1694	151	0
26	35	0
1085	9	0
2032	9	0
2195	170	0
1245	165	1
543	299	0
728	9	0
94	173	0
1180	52	0
2091	215	0
1467	0	0
1443	292	0
1174	218	0
1721	63	0
1179	92	0
1133	103	0
981	111	0
293	44	0
2297	127	0
785	12	0
1626	170	0
415	189	0
82	44	0
399	138	0
1241	131	0
620	89	0
166	95	0
642	232	0
571	15	0
314	147	0
694	34	1
1285	49	0
2198	70	0
162	106	0
2255	158	0
952	277	0
444	212	0
399	177	0
1341	244	0
1295	215	0
724	44	1
867	259	0
127	49	0
1075	241	0
2172	37	0
630	210	0
879	224	0
768	76	0
610	94	0
1864	285	0
1056	140	0
1434	108	0
127	237	0
1527	138	1
118	17	1
709	88	0
2308	22	0
1929	246	0
2225	253	0
1835	70	0
429	63	0
280	248	0
1900	105	0
1913	64	0
2278	137	0
613	256	0
1640	151	0
2037	10	0
1732	166	0
248	0	0
940	267	0
1495	52	0
322	223	0
728	222	0
508	271	0
2299	228	0
2077	207	0
836	76	1
618	222	0
474	8	0
1115	107	0
658	246	0
2122	190	0
780	3	0
37	195	0
73	250	0
1814	268	0
660	28	0
908	84	0
241	6	1
1820	189	0
1207	232	0
1012	197	0
1574	52	0
1870	25	0
1895	70	0
2287	160	0
150	138	0
2315	127	0
1965	110	0
2079	30	0
1168	172	0
398	16	0
1057	151	0
113	293	0
1358	218	1
175	191	0
194	209	0
439	46	0
493	50	1
274	135	0
90	3	0
527	111	0
196	240	0
2068	118	0
1429	110	0
1070	254	0
782	256	0
849	57	0
184	76	0
1121	96	0
1633	247	0
1565	166	0
999	133	0
2281	182	0
127	187	0
1585	20	0
353	288	0
1155	146	0
171	216	0
1449	2	0
784	109	0
969	94	0
2233	250	0
1443	295	0
364	281	0
528	296	0
659	126	0
799	61	0
2000	92	0
1064	127	0
671	81	0
170	188	0
1264	15	0
1544	100	0
1346	214	0
232	75	0
32	266	1
1073	3	0
0	55	0
2110	82	0
1501	22	0
546	144	0
1232	233	0
531	34	1
32	7	1
1550	9	0
1163	263	0
1776	252	0
189	31	0
2024	236	0
1716	267	0
533	294	0
1276	249	0
660	284	0
1025	156	0
743	298	0
278	39	0
1808	252	0
208	286	0
1716	255	0
342	56	0
1874	260	0
1888	64	0
2267	216	0
1049	21	0
1984	135	0
2205	13	0
2282	44	1
1251	134	1
1138	84	0
130	102	0
1241	285	0
493	150	0
845	293	0
2105	193	0
2192	63	0
1804	290	0
428	217	0
333	0	0
470	34	1
1964	274	0
432	285	0
1173	269	0
1669	252	0
36	209	0
65	132	0
359	45	0
1358	278	0
766	31	0
2241	60	0
1817	294	0
484	258	0
1492	172	1
1141	220	0
1208	114	0
629	164	0
1134	88	0
201	243	1
532	81	0
50	41	0
1133	161	0
142	6	1
1617	16	0
1686	46	0
1116	53	0
1391	110	0
1664	145	0
1032	208	0
1181	34	0
46	145	0
1767	212	0
2150	179	0
777	190	0
1924	218	0
547	16	0
576	46	0
188	97	0
325	145	1
1894	268	0
1769	50	0
1534	16	0
2191	119	0
2306	12	0
1176	24	0
376	40	0
1018	186	0
1383	92	0
1026	259	0
1357	226	0
1650	172	0
781	176	0
908	223	0
1560	176	0
2081	15	0
1633	17	0
1769	23	0
892	162	0
2134	70	0
366	272	0
22	170	0
1995	270	0
2020	171	0
943	108	0
1015	107	0
510	239	0
1509	100	0
738	48	1
1573	1	0
666	152	0
219	62	0
2246	64	0
1228	13	0
1376	171	0
1173	153	0
1601	155	0
925	53	1
1287	70	0
397	152	0
2025	152	0
87	146	0
173	225	0
319	40	0
951	241	0
464	141	0
130	112	0
2188	205	0
910	194	1
442	153	0
771	187	0
181	203	0
1080	146	0
297	145	0
1937	131	0
1446	161	0
612	10	0
2177	187	0
1608	269	0
1146	9	0
1192	88	0
630	146	0
1239	88	0
1234	253	0
1982	178	0
1218	72	0
2016	183	0
763	19	0
1010	3	0
2239	3	0
371	284	0
1567	71	0
231	284	0
1118	291	0
1420	136	0
1858	233	0
31	150	0
2047	112	0
1608	148	1
1893	1	0
629	123	0
92	129	0
1999	295	0
1444	4	0
979	292	0
587	257	0
1618	140	0
1364	109	0
24	250	0
801	71	0
777	49	0
1755	132	0
604	226	0
1608	154	0
1555	83	0
1841	51	0
1862	63	0
156	296	0
2084	39	0
1408	121	0
2085	18	0
223	6	1
1211	70	0
1779	156	0
2125	52	0
1398	88	0
726	179	0
1549	60	0
638	222	0
1543	109	0
385	170	0
1053	226	0
843	280	0
203	180	0
1383	262	0
494	204	0
0	8	0
1298	90	0
1954	275	0
1198	257	0
1008	284	0
914	179	0
1243	202	0
646	37	0
124	139	0
860	284	0
501	221	0
2128	183	0
603	223	0
922	281	0
2256	68	0
2069	128	0
2284	74	0
271	41	0
1780	44	0
98	244	1
2033	44	0
1458	154	0
2302	9	0
171	126	0
575	94	1
144	64	0
1861	236	0
470	107	0
1778	179	0
199	187	0
1579	76	0
626	174	0
1357	156	0
1763	185	0
749	169	0
1410	177	0
997	69	0
18	7	0
2195	60	0
1249	18	0
25	6	0
496	47	0
193	262	0
717	177	0
232	283	0
1173	69	0
1618	289	0
1356	292	0
23	21	0
2120	10	0
1634	116	1
1409	7	0
577	21	0
592	163	0
402	188	0
1289	200	0
2111	57	0
1585	139	0
1887	232	0
817	229	0
978	39	0
1673	295	0
1412	119	0
1460	274	0
2174	58	0
1903	297	0
1092	182	0
1094	275	0
704	34	1
123	49	0
866	96	0
543	48	0
1001	161	0
1725	244	0
467	272	0
2124	165	0
201	123	1
1071	50	0
1819	254	0
576	90	0
41	256	0
2324	181	0
2026	71	0
800	174	0
974	6	0
1430	272	0
1657	203	0
533	34	1
2277	33	0
1473	141	0
699	34	1
1991	196	0
1383	71	0
492	299	0
685	53	0
412	31	1
729	143	0
1830	240	0
927	33	0
1242	291	0
106	40	1
814	36	0
2032	129	0
2306	288	1
2255	98	0
1257	277	0
14	285	0
1618	94	0
2194	38	0
2198	297	0
464	205	0
1311	199	0
1633	259	0
205	165	1
797	49	1
1693	149	0
1315	40	0
975	128	0
1502	127	0
1690	25	0
121	22	0
899	196	0
1045	101	0
1997	138	0
1361	12	0
351	103	0
907	246	0
1399	149	0
2315	4	0
221	124	0
1934	75	0
688	154	0
747	208	0
819	234	0
653	34	1
281	112	0
438	239	0
306	133	0
2028	197	0
421	29	0
158	6	1
304	290	0
1821	161	0
373	93	0
1552	138	1
961	141	0
1530	182	0
1125	105	1
1068	278	0
1107	14	0
937	20	0
791	230	0
2257	118	0
1547	12	0
1206	219	0
142	87	0
2100	182	0
1849	44	0
1807	167	0
241	185	0
1290	146	0
1178	174	0
1246	97	0
1292	33	0
1014	91	0
840	164	0
577	17	0
1909	162	0
1785	107	0
1834	247	0
1825	23	0
859	255	0
805	144	0
1946	284	0
614	213	0
1767	56	0
1421	12	0
295	34	0
1855	5	0
814	55	0
604	259	0
1853	269	0
1914	248	0
2193	229	0
654	210	0
277	294	0
533	257	0
182	188	0
655	113	0
555	216	0
1697	291	0
1974	92	0
1821	291	0
769	179	0
948	189	0
669	138	0
2116	236	0
2078	263	0
1267	187	0
503	145	0
1256	252	0
1617	212	0
514	190	0
984	11	0
1386	159	0
149	92	0
141	261	0
705	34	1
1335	171	0
1670	188	0
50	288	1
1048	185	0
642	68	0
1076	200	0
589	157	0
255	261	0
1311	235	0
1321	64	0
737	184	0
1141	120	0
503	140	0
1111	27	0
1089	115	0
1464	76	0
399	206	1
2097	282	0
1150	164	0
1303	168	0
2185	192	0
116	5	0
1918	274	0
2020	65	0
2269	111	0
455	77	1
1450	39	0
454	90	0
2299	102	0
396	33	0
39	19	0
2031	92	0
729	215	0
2291	112	0
2330	17	0
2143	27	0
1763	133	0
1105	77	1
1378	26	1
1919	133	0
670	53	0
1812	203	0
1139	231	0
329	103	0
319	297	0
2159	244	1
519	100	0
1196	160	0
34	154	0
1015	211	0
1000	81	0
1196	96	0
1428	297	0
877	137	0
1863	211	1
245	86	0
1877	241	0
470	50	1
2087	281	0
603	231	0
569	155	0
984	119	0
623	195	0
641	10	0
519	4	0
1431	93	0
2236	254	0
1992	245	0
251	139	0
213	6	1
1381	146	0
2106	83	0
1419	200	0
2330	54	0
111	233	0
1155	91	0
570	258	0
2038	151	0
53	243	0
184	61	0
763	222	0
1968	259	0
1715	0	0
1505	96	0
2113	178	0
1720	237	0
1052	59	0
1307	158	0
1664	87	0
1744	150	0
1229	108	0
219	88	0
183	67	0
1526	295	0
1747	159	0
1014	5	0
919	53	1
128	298	0
2291	86	0
526	143	0
2030	150	0
258	4	0
1214	91	1
81	57	0
1056	204	0
2315	108	0
524	238	0
1366	277	0
1900	218	1
1897	133	0
97	244	1
1270	195	0
646	294	0
1602	223	0
1215	227	0
469	286	0
460	132	1
1731	182	0
536	46	0
411	185	0
927	49	0
2036	121	0
292	293	0
1435	208	0
595	174	1
1688	250	0
1725	165	0
2235	270	0
454	298	0
302	206	0
2329	244	0
1900	244	0
676	203	0
140	188	0
1963	237	0
1163	116	1
620	251	0
182	265	0
1518	283	0
609	174	0
2267	226	0
242	143	0
1227	249	0
958	165	0
317	276	0
1040	153	0
2224	109	0
609	89	0
1605	34	0
1545	160	0
915	38	0
161	141	0
98	183	0
2040	20	0
68	34	1
236	287	0
1108	137	0
500	154	0
1897	162	0
1247	258	0
2150	249	0
57	155	0
1184	290	0
972	295	0
1695	243	0
1230	124	0
324	189	0
2261	15	0
436	174	1
1678	169	1
1061	242	0
1408	288	0
1034	121	0
1850	211	1
1849	240	0
2054	110	0
1418	225	0
1810	289	0
1847	161	0
235	253	0
1360	242	0
1176	245	0
368	171	0
369	48	1
1760	285	0
1504	264	0
337	137	0
1192	36	0
962	208	0
2152	2	0
1502	294	0
705	288	0
139	19	1
1550	87	0
1034	150	0
1164	54	0
2205	156	0
434	126	0
2285	250	0
2131	93	0
222	13	0
1841	139	0
1246	77	0
1762	280	0
429	64	0
2241	260	0
1800	8	0
1666	6	0
1459	174	0
2004	14	0
38	40	0
1766	35	0
120	104	0
879	89	0
1774	0	0
1531	218	1
735	289	0
496	124	0
2163	250	0
1803	29	0
495	70	0
8	50	1
11	144	0
1013	95	0
319	214	0
875	227	1
810	191	0
84	7	1
1226	14	0
773	79	0
2104	260	0
741	235	0
66	163	0
855	109	0
1320	217	0
2173	32	0
1506	141	0
817	143	0
951	223	0
1247	87	0
542	54	0
1091	123	0
325	105	1
844	236	0
1380	299	0
1449	192	0
1044	278	0
807	250	0
1554	65	0
1465	263	0
32	134	0
2169	254	0
471	198	0
1592	66	0
1313	245	0
798	127	0
215	33	0
1936	248	0
1311	100	0
2230	10	0
1296	17	0
1552	133	0
249	17	0
937	137	0
2130	171	0
2120	135	0
1120	256	0
51	197	0
2007	139	0
1706	258	0
191	0	0
281	6	1
846	27	0
1527	94	0
764	198	0
1299	145	0
1553	263	0
99	251	0
1892	179	1
2311	288	1
1796	189	0
1085	31	0
1832	275	0
735	221	0
2248	282	0
1461	202	0
1329	158	0
937	234	0
1507	148	0
1921	163	0
698	150	0
1961	223	1
1276	255	0
770	48	1
1816	199	1
625	184	0
103	49	1
816	218	0
729	55	0
435	152	0
2093	8	0
1716	265	0
1164	156	0
1619	116	1
1721	215	0
1799	294	0
1620	75	0
1444	180	0
1086	82	0
1599	238	1
29	94	0
535	102	0
684	212	0
1029	202	0
810	192	0
22	246	0
21	246	1
1859	9	0
1338	130	0
2008	297	0
758	177	0
518	211	0
1561	75	0
843	272	0
1065	77	1
1771	230	0
1624	210	0
1447	142	0
889	261	0
1598	267	1
2323	133	0
2087	131	0
742	257	0
1463	40	0
983	22	0
1435	20	0
918	34	0
1284	128	0
396	28	1
1592	69	0
2138	233	0
1545	165	0
2227	274	0
1006	166	0
2124	261	0
1301	186	0
864	50	1
1433	148	0
463	9	0
995	136	0
267	45	0
1781	233	0
1785	220	0
2219	69	0
897	295	0
250	188	0
891	85	0
2130	244	1
1799	154	0
1342	102	0
1669	231	0
1859	89	0
716	88	0
133	191	0
1026	186	0
1406	13	0
2041	299	0
2209	26	0
2293	5	0
1917	18	0
2023	134	0
1464	121	0
2187	245	1
1836	211	1
1899	89	0
1259	19	0
1753	50	0
803	83	0
74	7	1
334	145	0
2182	74	0
754	222	0
722	102	0
709	218	0
1767	268	0
608	74	0
1018	71	0
1404	85	0
1714	175	0
1662	128	0
2228	273	0
737	186	0
2298	3	0
1479	285	0
2198	28	0
454	160	0
258	25	0
1277	155	0
2191	82	0
787	136	0
998	287	0
1653	154	0
1288	95	0
385	93	0
1356	275	0
1876	135	0
894	227	0
1337	174	0
448	67	0
402	204	0
1147	18	0
1480	216	0
145	49	0
1712	247	0
1065	276	0
2184	124	0
1266	282	0
2032	116	0
2000	219	0
945	6	0
1474	77	0
2214	266	0
1382	179	0
1858	217	0
1608	127	0
140	19	1
829	273	0
1520	3	0
1730	37	0
254	297	0
935	55	0
716	82	0
1156	277	0
1220	91	1
455	244	0
1276	62	0
2181	99	0
288	182	0
1277	234	0
906	167	0
2065	11	0
1502	73	0
1982	73	0
124	5	0
1144	260	0
1268	66	0
1673	170	0
1617	167	0
1290	124	0
2056	193	0
2297	210	0
815	222	0
394	72	0
1751	297	0
1152	221	0
273	61	0
1396	127	0
1727	185	0
1417	161	0
1161	264	0
989	269	0
1675	184	0
447	80	0
163	220	0
2202	37	0
1696	256	0
1310	128	0
2037	246	0
693	90	0
1906	218	1
2156	44	0
1320	168	0
1035	165	0
1773	24	0
998	169	0
2292	141	0
1363	20	0
677	241	0
2216	140	0
1249	133	0
369	4	0
1057	285	0
1460	226	0
814	1	0
2046	69	0
2148	283	0
1770	21	0
2217	134	0
2164	172	0
1946	220	1
720	230	0
1171	145	1
1451	153	0
1681	125	0
576	139	0
1002	162	0
1149	196	0
1336	204	0
1939	170	0
2274	278	0
24	251	0
81	261	0
1184	238	0
2146	294	0
209	219	0
842	78	0
1345	196	0
2016	226	1
1368	124	0
1317	127	0
514	0	0
435	16	0
262	38	0
611	156	0
813	264	0
999	34	0
1706	174	1
833	50	1
1855	263	0
1066	269	0
1318	262	0
2163	267	0
287	145	1
1474	122	0
206	103	0
1690	139	1
1826	197	0
866	265	0
71	151	0
1529	145	0
2021	89	0
1181	188	0
263	280	1
1196	109	0
1492	184	0
184	291	0
1795	283	0
155	119	0
1739	18	0
2243	191	0
2103	50	0
266	268	0
1889	166	0
1416	99	0
969	141	0
15	66	1
1704	58	0
697	28	0
1364	116	0
811	62	0
1432	162	0
1728	146	0
2078	107	0
265	130	0
496	93	0
1810	171	0
720	128	0
1424	26	1
1836	95	0
1440	242	0
1559	28	0
81	76	0
382	297	0
730	205	0
625	34	1
542	65	0
1967	120	0
1503	7	0
1939	45	0
1438	82	0
1851	160	0
1757	31	0
322	121	0
2043	104	0
368	50	1
399	44	0
1189	89	0
1860	224	0
130	167	0
1442	129	0
1579	71	1
798	13	0
1394	170	0
1816	16	0
95	243	0
471	235	0
1530	56	0
2272	294	0
2314	41	0
1248	1	0
652	34	1
719	220	0
960	116	0
386	69	0
2078	33	0
1459	18	0
580	48	1
692	141	0
770	235	0
1901	258	0
1345	124	0
1660	230	0
634	217	1
192	223	0
2137	282	0
1147	275	0
367	240	0
1768	264	0
1740	7	0
1387	49	0
1921	75	0
379	25	1
2024	74	0
985	173	0
1644	220	0
2324	297	1
330	7	0
2005	104	0
1260	214	0
740	288	0
565	87	0
1881	256	0
469	42	0
722	90	0
403	206	1
1006	21	0
1729	89	0
781	32	0
1284	257	0
760	103	0
1999	242	0
1737	10	0
1424	205	0
282	189	0
1766	186	1
256	236	0
34	110	0
1792	294	0
1671	62	0
1582	85	0
1806	16	0
2238	30	0
25	248	0
116	196	0
1410	110	0
2031	299	0
698	86	0
982	130	0
2017	95	0
2093	255	0
1894	210	0
103	6	1
711	206	0
1168	50	0
423	278	0
2048	294	0
711	238	0
2022	138	0
2144	27	0
18	293	0
1910	224	0
1974	76	0
123	220	0
1825	205	1
1837	297	0
1847	295	0
668	141	0
1317	289	0
128	165	1
1870	19	0
1869	213	0
1090	229	0
588	214	0
1296	144	0
977	149	0
1126	71	0
30	244	1
1294	73	0
812	78	0
591	106	0
200	205	0
368	208	0
964	17	0
1693	249	1
159	137	0
620	237	0
810	101	0
538	108	0
1313	85	0
2167	11	0
1302	160	0
330	6	1
2042	293	0
2169	119	0
1768	235	0
820	218	1
1178	185	0
1213	200	0
1851	211	1
262	256	0
217	266	0
1683	95	0
394	151	0
769	94	0
940	105	0
143	266	0
1464	280	0
865	60	0
1294	254	0
525	290	0
32	218	1
2228	75	0
1861	57	0
389	232	0
1066	69	0
1784	86	1
266	201	0
1527	194	0
2028	279	0
1925	84	0
1376	165	0
2096	228	0
2181	218	0
2296	192	0
2219	118	0
233	37	0
1562	255	0
1325	169	0
318	145	1
1274	270	0
2146	23	0
820	111	0
1139	150	0
1147	187	0
804	235	0
1459	165	0
678	200	0
2278	86	0
1066	193	0
669	110	0
863	298	0
437	288	0
1790	156	0
2323	268	0
1374	17	0
1135	224	0
2066	172	0
1482	149	0
2039	253	0
1923	89	0
2114	155	0
606	159	0
91	226	1
167	37	0
443	150	0
1265	238	0
945	39	0
551	133	0
1571	212	0
510	283	0
1769	17	0
513	47	0
450	271	0
2043	209	0
2023	35	0
1761	5	0
1616	149	1
1123	84	0
1228	234	0
1355	201	0
1602	173	0
1400	225	0
1222	159	0
1568	57	0
2139	207	0
2165	245	0
2288	206	0
543	190	0
269	156	0
1050	293	0
543	229	0
44	141	0
176	293	0
1877	207	0
155	212	0
1823	155	0
1051	77	1
1799	100	0
558	143	0
748	288	0
2032	183	0
1343	105	0
1698	175	0
2111	177	0
572	81	0
684	237	0
347	266	0
908	251	0
1129	77	1
1375	241	0
156	288	1
2082	140	0
1516	280	0
1090	188	0
1415	150	0
1712	26	0
1457	108	0
1143	7	0
1851	149	0
1585	275	0
2021	61	0
358	44	1
1228	288	1
2001	239	0
37	280	0
992	50	0
934	112	0
1274	16	0
11	188	0
1918	18	0
1534	211	0
1207	251	0
2054	64	0
1549	208	0
1113	1	0
1857	113	0
1278	163	0
1319	148	0
1427	141	0
309	291	0
1654	66	0
1626	123	0
1090	35	0
2068	267	0
41	139	0
1563	198	0
1413	218	0
1090	202	0
648	65	0
262	224	0
1286	110	1
1425	89	0
533	25	0
747	46	0
657	285	0
1528	115	0
261	246	0
1095	223	0
1010	27	0
545	50	1
1945	19	0
2213	126	0
2278	7	0
1780	175	0
1062	105	0
631	32	0
1863	45	0
331	293	0
1934	292	0
2076	135	0
1861	282	0
1549	193	0
1526	81	0
1169	151	0
98	276	0
516	279	0
880	53	0
980	179	0
1271	151	0
866	21	0
592	218	1
497	228	0
786	244	0
428	279	0
2187	260	0
537	124	0
715	161	0
420	146	0
689	32	0
1079	56	0
958	7	0
55	183	0
2039	44	0
841	190	0
1923	184	0
746	48	1
1158	112	0
1288	256	0
55	54	0
1996	208	0
1158	177	0
2149	72	0
1772	187	0
1508	13	0
1679	126	0
74	8	0
1010	176	0
103	211	1
1729	247	0
1274	175	0
2078	145	0
893	138	0
1960	223	1
551	2	0
428	285	1
1260	205	0
664	23	0
1968	285	0
609	177	0
1292	90	0
1666	27	0
2122	80	0
569	224	0
1696	152	0
1112	172	0
1558	250	0
1737	246	0
1969	179	0
456	269	0
1306	194	0
1817	288	0
493	6	0
2135	127	0
1019	122	0
95	8	1
1490	135	1
2179	42	0
860	162	0
1555	118	0
1059	25	0
1640	227	0
2205	290	0
462	81	0
213	91	0
1218	206	0
1827	186	0
1761	94	0
1670	244	0
497	82	0
418	253	0
1581	107	0
135	216	0
661	41	0
36	59	0
919	211	0
1097	87	0
1482	184	0
1533	185	0
447	58	0
787	149	0
585	213	0
1808	157	0
47	48	1
1008	77	1
1025	23	0
2083	179	0
1803	7	0
565	26	0
182	6	1
1354	228	0
1173	90	1
816	266	0
1198	105	0
69	88	1
790	260	0
1767	101	0
983	187	0
662	275	0
2011	263	0
648	32	0
382	173	0
828	52	0
1922	186	0
1252	212	0
1106	11	0
596	154	0
540	251	0
1762	79	0
6	113	0
1550	22	0
74	116	0
165	6	1
442	33	0
2057	116	0
558	255	0
1734	156	0
1548	263	0
235	218	0
1007	38	0
556	11	0
314	129	0
41	42	1
2273	117	0
576	143	0
1182	288	1
1423	26	1
1634	99	0
1922	194	0
495	292	0
587	77	0
2292	45	0
116	194	0
406	269	0
1762	11	0
1318	289	0
1627	114	0
1283	287	0
2245	85	0
742	149	0
321	171	0
1266	232	0
1563	255	0
1619	104	0
1140	203	0
1332	35	0
2025	141	0
1389	219	0
394	39	0
289	236	0
543	70	0
1525	269	0
597	33	0
2003	10	0
1652	98	0
743	256	0
2067	33	0
492	17	0
1472	32	0
149	98	0
1669	173	0
592	7	0
1706	89	0
706	51	0
1077	222	0
1559	232	0
1219	193	0
312	243	0
514	280	0
138	279	0
210	37	0
2262	129	0
1872	235	0
129	35	0
1295	268	0
417	179	1
1473	280	0
1494	198	0
106	102	0
1527	100	0
1954	41	0
1362	120	0
1023	189	0
2028	163	0
1280	120	0
516	63	0
910	65	0
1328	224	0
2009	286	0
179	6	1
1413	227	0
957	146	0
1848	24	0
1985	193	0
662	145	0
2173	165	0
1814	177	0
1639	211	0
2234	65	0
372	241	0
2047	3	0
3	255	0
1168	144	0
2092	232	0
283	248	0
1118	18	0
736	164	0
1316	130	0
1979	159	0
132	146	0
1203	195	0
514	250	0
80	244	1
2006	14	0
552	155	0
32	284	1
206	45	0
692	281	0
1633	260	0
555	248	0
1763	167	0
2288	34	0
1112	79	0
999	76	0
117	249	0
245	149	0
1421	219	0
1460	196	0
1036	51	0
2305	100	0
1001	226	0
405	201	0
395	39	0
800	48	1
1374	186	0
460	57	0
1812	198	1
700	72	0
2299	98	0
1867	36	0
103	86	1
1561	256	0
922	212	0
652	280	0
1631	257	0
648	171	0
2253	274	1
1769	201	0
1208	10	0
1582	108	0
898	40	0
2117	235	1
1777	112	0
742	48	1
1676	142	0
799	48	1
580	97	0
762	66	0
1185	29	0
1607	255	0
1636	31	0
670	116	0
545	135	0
99	270	0
95	282	0
1264	145	0
1418	204	0
1359	135	0
555	115	0
2002	84	0
1908	2	0
342	266	0
265	21	0
95	11	0
1960	11	0
2222	40	0
2327	131	0
1901	162	0
108	212	0
973	181	0
2238	175	0
1681	170	1
1755	103	0
583	210	0
1145	280	0
1234	170	0
1754	263	0
2004	77	0
1955	258	0
911	134	1
1360	84	0
2139	150	0
162	240	0
1221	180	0
2198	218	0
605	281	0
1430	158	0
1938	198	0
962	17	0
30	140	0
1246	168	0
2144	34	0
963	64	1
1548	101	0
2063	209	0
1053	95	0
1846	201	0
1408	12	0
432	167	0
413	64	0
1323	217	0
1404	268	0
824	105	0
1933	113	0
2040	36	0
1476	134	1
1670	37	0
1425	34	0
1410	98	0
1858	267	0
447	35	0
2149	97	0
826	218	1
1573	119	0
1978	78	0
2248	161	0
1913	184	0
1727	133	0
1466	220	0
677	4	0
257	22	0
1440	255	0
1774	103	0
741	54	0
1537	114	0
1721	168	0
180	113	0
163	208	0
827	183	0
1786	140	0
2131	271	0
146	26	0
582	53	0
1350	84	0
2189	239	0
337	178	0
862	60	0
819	113	0
2234	27	0
1208	177	0
1575	262	0
1893	180	0
2316	139	0
1563	108	0
386	93	0
1556	237	0
594	78	0
1027	19	0
685	113	0
335	97	0
468	218	1
288	135	0
1659	181	0
1256	185	0
739	48	1
1890	35	0
1324	122	0
2312	103	0
1849	89	0
935	293	0
2114	106	0
48	26	1
1640	229	0
1199	260	0
163	180	0
1019	157	0
1301	54	0
2171	279	0
624	215	0
1117	212	0
1215	105	0
86	50	1
400	224	0
744	196	0
1976	60	0
1783	183	0
87	99	0
478	56	0
432	140	0
1376	7	0
1708	15	0
2183	122	0
2232	31	0
1462	18	0
1691	139	1
2220	217	1
107	7	1
651	243	0
684	184	0
1981	77	0
2150	245	0
1034	87	0
1919	218	1
1119	245	0
1462	13	0
1119	129	0
1646	58	1
572	115	0
1180	110	0
256	20	0
45	225	0
1758	161	0
2205	249	0
216	299	0
348	95	0
2003	241	0
1058	231	0
869	93	0
726	13	0
353	6	1
1359	100	0
466	132	0
393	27	1
1059	76	0
1275	202	0
663	3	0
1246	40	0
902	242	0
1512	127	0
476	249	0
1939	298	0
33	142	1
790	48	1
1312	168	0
355	174	0
169	281	0
1420	202	0
1866	83	0
579	37	0
1632	116	1
1698	150	0
1865	16	0
1801	239	0
360	123	0
1387	26	1
2280	192	0
1945	196	0
655	152	0
177	29	0
2095	205	0
1417	233	0
893	137	0
1003	16	0
1953	0	0
87	221	0
1073	294	0
2186	108	0
1409	30	0
2236	34	0
689	250	0
764	278	0
1829	36	0
1306	141	0
917	178	0
93	252	0
1868	103	0
2125	140	0
1087	261	0
2202	58	0
702	286	0
833	119	0
143	283	0
1879	222	0
1867	143	0
1463	157	0
1659	51	0
1415	225	0
2178	261	0
1634	113	0
1651	236	0
541	140	0
2253	0	0
649	90	0
96	12	0
2132	297	0
66	247	0
551	34	1
1702	53	0
1546	22	0
2233	106	0
1194	229	0
1440	13	0
1784	289	0
835	128	0
441	261	0
1779	86	1
1846	246	0
1680	13	0
1354	289	0
23	92	0
422	90	0
1834	88	0
1541	215	0
1694	192	0
2270	289	0
666	228	0
1859	160	0
462	267	0
1984	8	0
1394	106	0
736	109	0
1157	272	0
366	83	0
1605	222	0
1573	61	0
1359	49	0
772	30	0
656	155	0
1623	167	0
929	120	0
986	22	0
1385	249	0
1050	182	0
946	90	0
904	136	0
2039	196	0
2316	263	0
196	17	0
230	190	0
148	19	1
521	48	1
1225	21	0
1100	56	0
437	262	0
833	155	0
144	269	0
474	100	0
641	53	0
286	285	0
2116	149	0
717	40	0
2029	103	0
966	154	0
993	61	0
1261	132	0
1475	260	0
769	93	0
510	63	0
1351	275	0
475	14	0
1062	205	0
1141	180	0
890	169	0
426	29	0
1549	63	0
795	218	1
203	21	0
1536	173	0
375	279	0
1511	49	0
2215	265	1
1006	277	0
1884	51	0
866	95	0
643	10	0
663	69	0
360	165	0
292	100	0
748	260	0
608	210	0
1348	74	0
1785	28	0
367	34	1
105	101	0
74	224	0
2221	290	0
93	260	0
1018	197	0
1614	174	0
1015	233	0
876	231	0
1526	246	0
1225	287	0
793	210	0
1580	68	0
1390	243	0
2304	56	0
692	116	0
1557	169	0
1780	70	0
619	261	0
535	143	0
868	76	1
355	184	0
300	117	0
1179	231	0
804	253	0
94	14	0
558	287	0
1700	206	0
532	247	0
842	174	0
1148	174	0
1427	121	0
2107	5	0
1106	101	0
1083	49	1
1475	212	0
1858	272	0
2176	152	0
1245	276	0
677	186	0
1303	181	0
387	161	0
1051	84	0
486	103	0
641	108	0
1627	197	0
821	258	0
372	24	0
1522	30	0
33	35	0
2286	143	0
1613	174	0
1574	288	0
2152	43	0
1949	204	0
1036	161	0
1194	64	0
475	69	0
611	192	0
1205	223	0
2133	259	0
1568	85	0
18	127	0
47	138	1
1375	12	0
165	164	0
267	6	1
1163	68	0
1940	112	0
1911	242	0
214	107	0
48	14	1
2184	259	0
924	291	0
381	118	0
1317	110	0
1132	230	0
381	107	0
2031	295	0
788	197	0
1684	52	0
1622	269	0
477	4	0
1192	200	0
583	85	0
2052	168	0
1713	237	0
1494	249	0
1276	114	0
1775	86	1
1349	208	0
630	72	1
1666	45	0
2046	271	0
975	47	0
1961	82	0
1150	110	0
1604	42	0
1456	298	0
419	267	0
1486	187	0
369	34	1
1803	179	0
2226	184	0
1603	9	0
346	90	0
839	160	0
2124	104	0
1410	216	0
1778	153	0
1308	120	0
1759	288	1
2293	220	0
202	291	0
956	120	0
2241	63	0
1386	196	0
1769	207	0
419	75	0
43	24	0
1440	0	0
1731	127	0
1434	30	0
1237	236	0
323	207	0
1565	84	0
1721	119	0
358	153	0
423	150	0
406	197	0
1916	175	0
355	5	0
866	290	0
308	6	1
1327	230	0
2199	265	0
20	5	1
616	287	0
904	295	0
1188	221	0
676	11	0
463	80	0
616	34	1
442	239	0
686	76	0
714	121	0
1726	97	0
1681	64	0
387	291	0
1234	59	0
133	18	1
1055	181	0
1298	55	0
2326	54	0
2214	217	0
1055	51	0
204	293	0
1798	221	0
203	43	0
1763	14	0
1902	86	0
2073	240	0
269	174	0
1302	110	0
1177	0	0
1716	93	0
1012	91	1
1873	9	0
1787	273	0
2116	43	0
530	256	0
2256	192	0
583	63	0
1209	277	0
1805	111	0
1379	26	1
434	174	1
157	259	0
1324	277	0
1122	22	0
678	240	0
2137	244	1
1691	119	0
1154	159	0
987	267	0
1321	290	0
2225	267	1
2200	97	0
1245	4	0
6	222	0
1245	29	0
2275	34	0
473	200	0
673	120	0
294	200	0
396	294	0
1720	222	0
1391	203	0
527	57	0
507	298	0
1974	162	0
1248	292	0
916	238	0
832	125	0
1396	238	0
1935	223	0
1321	262	0
909	222	0
786	34	0
2093	182	0
1582	297	0
1553	49	0
594	105	1
2221	31	0
2114	105	0
747	293	0
1362	130	0
378	294	0
252	28	0
1708	168	0
699	206	0
377	70	0
904	188	0
1306	151	0
1882	142	0
1563	138	0
1496	84	0
845	258	0
713	154	0
2280	228	0
464	283	0
472	140	0
1248	259	0
2309	252	0
374	286	0
685	24	0
452	277	0
63	93	0
742	250	0
164	58	0
1622	134	0
1503	68	0
2090	95	0
1152	33	0
2091	77	0
283	54	0
620	103	0
1196	66	0
1364	5	0
581	53	0
2180	25	0
2248	262	0
1639	299	0
1227	56	0
383	111	0
684	48	1
2065	252	0
1382	186	0
1255	202	0
2306	157	0
440	24	0
654	37	0
1650	123	0
2028	46	0
1027	217	0
2053	7	0
30	7	1
573	101	0
1498	224	0
97	141	0
1152	140	0
1490	271	0
373	173	0
1386	100	0
85	280	0
1134	244	0
1715	61	0
2268	170	0
386	127	0
1572	8	0
768	57	0
1028	52	0
1102	216	0
1324	126	0
1771	78	0
1281	167	0
2218	49	0
113	69	0
1705	236	0
1136	267	0
1029	77	1
1806	239	0
1467	147	0
696	112	0
1433	217	0
2064	211	0
260	127	0
844	278	0
919	259	0
453	203	0
857	174	1
117	100	0
824	57	0
24	194	0
2217	233	0
609	7	0
1704	51	0
1721	50	0
397	127	0
392	69	0
1873	116	0
2030	18	0
1157	178	0
1748	296	0
1942	293	0
832	176	0
95	34	1
612	203	0
183	6	1
2132	232	0
2316	23	0
354	6	1
1709	82	0
1204	273	0
1666	249	0
1155	24	0
2283	19	0
2057	98	0
465	236	0
66	14	0
170	22	0
1496	148	0
1974	213	0
1649	262	0
1693	45	0
1476	223	0
1474	76	0
439	142	0
1168	112	0
1688	91	0
1941	268	0
149	250	0
2199	50	0
568	34	1
1126	47	0
264	16	0
1523	188	0
70	129	0
492	34	1
167	53	0
293	260	0
511	72	0
894	200	0
2150	53	0
94	218	0
2139	35	0
596	179	0
1875	299	0
1391	145	0
1144	165	0
533	36	0
575	48	1
1086	205	0
719	76	1
1519	66	0
1438	113	0
1247	145	0
45	18	0
826	11	0
1989	146	0
1169	125	0
982	180	0
1740	268	0
1155	84	0
2202	121	0
1112	65	0
1380	79	0
1501	0	0
7	298	0
1467	25	0
783	167	0
1870	211	1
2144	173	0
253	167	0
1141	38	0
1163	144	0
157	31	0
1314	92	0
1572	206	0
827	50	1
2291	165	0
319	281	0
1388	28	0
828	214	0
420	219	0
1197	187	0
280	279	0
1236	287	0
1079	142	0
1271	105	1
1546	138	1
1222	155	0
12	276	0
2115	294	0
609	39	0
82	51	0
1862	151	0
1840	92	0
1350	20	0
2223	285	0
584	266	0
986	70	0
2082	72	0
928	166	0
821	28	0
140	233	0
772	115	0
598	116	0
218	204	0
1546	145	0
1411	128	0
1956	228	0
127	229	0
2271	195	0
597	269	0
219	177	0
950	96	0
351	21	0
2203	39	0
631	138	0
558	134	0
185	239	0
1414	196	0
704	239	0
2221	217	0
91	281	0
2124	116	0
511	23	0
1959	174	0
2075	33	0
167	150	0
1460	132	1
1526	289	0
442	183	0
1840	280	0
839	181	0
1508	74	0
1051	201	0
345	8	1
2045	173	0
618	50	0
2137	50	0
48	275	0
767	29	0
1094	175	0
950	28	0
208	6	1
844	94	1
663	51	0
1692	66	0
389	230	0
850	76	1
1798	28	0
1806	141	0
78	34	0
583	43	0
25	195	0
1847	203	0
901	216	0
380	113	0
1879	13	0
420	44	0
799	1	0
4	277	0
2080	95	0
676	226	1
991	205	0
558	94	0
1687	12	0
325	86	1
1375	67	0
33	39	0
2306	284	0
1141	36	0
2310	193	0
1110	32	0
587	34	1
30	256	0
974	210	1
198	232	0
310	62	0
1316	100	0
239	101	0
569	140	0
2322	277	0
317	73	0
50	144	0
219	96	0
561	266	0
1765	137	0
1440	51	0
930	55	1
1250	114	0
1098	159	0
1155	240	0
412	291	0
1955	231	0
92	244	1
2192	143	0
1120	200	0
1015	100	0
896	274	0
1093	86	0
2095	57	0
1737	91	0
599	124	0
63	274	0
1799	184	0
1938	123	0
1919	285	0
457	153	0
25	284	0
394	251	0
1640	241	0
981	239	0
344	169	0
2167	15	0
384	221	0
2252	167	0
2001	280	0
617	231	0
18	226	0
1116	287	0
1911	21	0
2083	209	0
2037	227	1
377	24	1
699	102	0
862	262	0
1502	89	0
164	35	0
1762	73	0
1668	36	0
234	266	0
1070	99	0
1880	54	0
1073	298	0
1861	223	0
1112	266	0
1677	39	0
2088	219	0
2083	237	0
2169	53	0
1706	278	0
1319	129	0
1834	209	1
1476	264	0
951	196	0
1334	105	0
1923	64	0
1924	197	0
1067	77	1
2229	227	0
698	61	0
2312	237	0
963	29	0
2122	240	1
1984	241	0
1574	244	0
119	147	0
150	192	0
332	96	0
1745	170	0
1403	8	0
440	119	0
1683	192	0
1684	150	0
1276	139	0
1284	127	0
742	150	0
1642	105	0
134	98	0
1441	181	0
313	18	0
2182	243	0
1422	53	0
1599	231	0
708	18	0
860	106	0
2192	244	0
2036	196	0
1363	23	0
700	272	0
171	219	0
432	92	0
1100	65	0
2183	245	1
59	162	0
1637	10	0
177	219	0
677	17	0
932	98	0
2256	180	0
1669	174	1
1272	86	0
1562	37	0
1755	282	0
2227	3	0
1975	171	0
154	69	0
1729	80	0
1094	227	0
807	208	0
1843	261	0
1878	72	0
82	48	0
1619	99	0
689	93	0
1763	49	0
1698	278	0
757	55	0
2102	145	0
1954	214	0
562	223	0
998	20	0
1465	169	0
1784	291	0
525	167	0
420	253	0
1443	38	0
1591	65	0
815	50	1
193	69	0
1654	127	0
1296	76	0
1110	60	0
1126	142	1
438	25	0
2106	75	0
1842	135	0
135	8	1
791	251	0
97	176	0
1512	175	0
849	50	1
250	255	0
920	201	0
2296	184	0
1426	41	0
2023	231	0
320	222	1
1899	62	0
1751	152	0
781	244	0
1207	39	0
410	210	0
599	15	0
1840	101	0
707	98	0
1170	258	0
342	292	0
759	277	0
889	288	1
1599	85	0
1946	29	0
509	29	0
1947	255	0
858	13	0
1750	237	0
1555	60	0
2265	4	0
1467	249	0
1727	204	0
1323	72	0
14	169	1
452	128	0
1037	274	0
282	229	0
192	210	0
1355	57	0
73	184	0
265	115	0
2232	99	0
228	269	0
863	266	0
1110	229	0
721	166	0
1363	39	0
132	2	0
1773	247	0
1240	59	0
1354	161	0
556	28	0
607	34	1
2123	270	0
1640	158	0
32	198	1
1641	284	0
1375	186	0
2258	97	0
62	132	0
1504	276	0
18	245	0
1344	132	1
2189	59	0
2218	141	0
1912	19	0
1090	293	0
2235	74	0
318	16	0
990	297	0
857	60	0
1640	116	0
1162	0	0
1366	230	0
895	269	0
1950	76	0
2250	192	0
2297	211	0
1187	106	0
249	76	0
721	177	0
2140	82	0
1516	159	0
1466	237	0
1614	153	0
1273	140	0
728	246	0
1750	69	0
877	90	0
1605	283	0
742	226	0
911	259	0
1729	125	0
687	175	0
548	197	0
1139	84	0
459	44	0
558	198	0
299	13	0
1737	297	0
1333	292	0
1876	211	1
1616	40	0
917	24	0
66	111	0
630	279	0
809	118	0
1714	266	0
168	18	0
1808	186	0
498	165	0
1073	77	1
1550	279	0
821	213	0
1637	87	0
1146	89	0
2303	272	0
956	166	0
1338	184	0
1741	272	0
1010	265	0
1370	180	0
1481	225	0
229	216	0
300	233	0
749	221	0
1767	114	0
1749	41	0
1697	40	0
656	274	0
2145	268	0
680	109	0
1681	113	0
1987	291	0
817	0	0
2139	30	0
1681	218	0
718	2	0
1976	163	0
141	75	0
14	292	0
927	78	0
944	61	1
1114	203	0
1937	89	0
930	13	0
1953	114	0
2221	126	0
1180	8	0
140	147	0
423	61	1
1983	142	1
1601	168	0
568	175	0
871	77	1
17	15	0
750	19	0
1333	160	0
1099	122	0
238	181	0
932	131	0
1235	288	1
1011	17	0
466	115	0
314	6	1
759	250	0
1708	224	0
2233	59	0
1469	205	0
1448	44	0
2043	227	1
9	279	0
918	178	0
1965	136	0
492	157	0
740	129	0
2086	257	0
2161	244	1
541	66	0
1196	237	0
260	177	0
873	295	0
416	109	0
1304	132	0
1963	49	0
323	104	0
982	100	0
170	288	1
173	200	0
2076	9	0
322	226	0
363	87	0
1510	77	0
2020	39	0
561	34	1
1264	170	0
738	71	0
1646	141	0
510	25	0
1827	55	0
445	234	0
1121	27	0
1476	48	0
443	264	0
1837	235	0
400	152	0
2108	165	1
2277	162	0
2157	205	0
2233	199	0
1448	37	0
2246	5	0
1045	1	0
1536	62	0
1567	34	1
1658	287	0
1104	154	0
2180	220	0
2330	7	0
811	105	0
1537	197	0
2254	52	0
1983	129	0
960	210	0
663	240	0
591	51	0
103	174	1
1979	142	1
541	217	0
1662	60	0
1459	23	0
803	263	0
1866	110	0
579	175	0
881	109	0
1831	181	0
1607	127	0
695	36	0
479	119	0
629	298	0
1187	99	0
89	199	0
798	105	0
1832	174	0
170	58	0
2308	223	0
603	127	0
729	136	0
1935	238	0
2307	120	0
905	147	0
1200	213	0
1561	260	0
2207	72	0
1922	271	0
275	285	0
752	199	0
382	51	0
1366	72	0
1776	232	0
1319	174	1
214	228	0
1282	122	0
1974	10	0
57	175	0
86	125	0
579	196	0
1157	249	0
2040	2	0
1457	134	0
1410	35	0
1719	253	0
2237	131	0
1260	141	0
2000	108	0
2010	293	0
999	72	1
781	186	0
2217	153	0
1729	85	0
1737	296	0
371	4	0
1969	142	1
1146	278	0
2063	6	0
236	257	0
649	179	0
2134	208	0
1901	112	0
1611	14	0
1134	121	0
1854	276	0
1010	220	0
423	250	0
146	171	0
141	19	1
62	173	0
879	230	0
688	241	0
655	34	1
403	50	1
38	186	0
667	33	0
931	0	0
1214	166	0
1113	128	0
1535	209	0
2222	66	0
1361	147	0
216	118	0
894	271	0
1456	233	0
406	8	0
1451	286	0
803	210	0
1225	124	0
238	68	0
1211	294	0
1128	257	0
1165	5	0
379	93	0
89	260	0
413	149	0
1171	3	0
190	166	0
2112	243	0
1043	207	0
595	66	0
1167	115	0
321	197	0
2037	71	0
1294	123	0
512	61	0
434	138	1
1281	271	0
882	159	0
685	141	0
462	286	0
1722	36	0
228	219	0
1876	261	0
954	244	0
1776	169	0
300	9	0
1972	202	0
1534	120	0
793	267	0
1817	199	1
1000	139	0
690	77	0
1324	237	0
110	133	0
1847	237	0
2051	20	0
292	271	0
1898	235	0
1159	37	0
983	241	0
1512	149	0
340	22	0
1232	91	1
2236	132	0
1552	72	0
1795	156	0
1027	36	0
2303	89	0
793	244	0
2202	216	0
786	241	0
1253	267	0
329	67	0
1014	56	0
847	129	0
854	66	0
454	135	0
1595	91	0
869	85	0
2096	165	1
1429	48	0
894	249	0
2064	15	0
2198	148	0
355	245	0
1742	16	0
1017	193	0
215	104	0
1294	293	0
1560	221	0
1777	194	0
831	240	0
378	145	0
1366	247	0
273	280	0
735	267	0
188	82	0
2002	115	0
994	112	0
528	229	0
1598	103	0
1656	88	0
1673	106	0
73	232	0
1047	81	0
1175	152	0
424	235	0
839	174	1
240	187	0
1871	158	0
239	6	1
2153	286	0
2132	82	0
1640	203	0
175	57	0
1325	269	0
1723	34	0
248	103	0
1535	67	0
1966	62	0
1024	30	0
1769	264	0
190	167	0
424	144	0
1298	224	0
1914	52	0
2268	153	0
2112	9	0
1083	231	0
1305	239	0
786	242	0
1153	88	1
163	249	0
1874	36	0
695	14	0
586	299	0
1251	113	0
1127	255	0
2102	252	0
361	189	0
299	256	0
1693	193	0
579	137	0
1403	160	0
1907	218	1
932	91	0
201	236	0
621	278	0
1537	293	0
1510	153	0
1204	272	0
366	22	0
599	112	0
237	293	0
1396	236	0
366	116	0
1057	130	0
1889	126	0
1468	171	0
1311	230	0
679	159	0
520	298	0
1609	110	0
2078	265	0
321	281	1
1496	138	1
1326	175	0
2151	200	0
340	206	0
3	248	0
2217	25	0
1927	220	1
517	211	0
1156	255	0
1993	223	0
1702	253	0
485	14	0
23	40	0
703	17	0
1491	93	0
67	146	0
129	73	0
154	24	0
1596	166	0
559	34	1
1424	295	0
1420	126	0
2031	75	0
81	208	0
330	237	0
819	153	0
2156	244	1
696	196	0
952	281	0
472	50	1
1716	222	0
1266	14	0
130	285	0
312	294	0
110	244	1
954	26	1
1030	279	0
1095	277	0
1310	260	0
1268	218	0
998	260	0
1215	219	0
2024	253	0
1566	252	0
317	261	0
1720	251	0
73	244	1
145	70	0
32	170	0
1652	212	0
1029	146	0
1992	216	0
1860	70	0
807	47	0
1330	20	0
2100	81	0
1634	238	0
1300	181	0
1679	121	0
1935	4	0
1046	245	0
1542	52	0
487	186	0
1744	275	0
1580	256	0
671	198	0
2097	275	0
682	247	0
1754	30	0
366	61	1
236	165	0
804	299	0
1922	48	0
1388	26	1
1430	147	0
850	84	0
1534	175	0
1385	154	0
660	44	0
1168	15	0
627	134	0
601	284	0
238	272	0
628	248	0
1010	235	0
246	174	0
1549	273	0
1061	228	0
2071	164	0
454	13	0
1360	271	0
1806	127	0
620	281	0
1157	66	0
1493	262	0
671	50	1
2173	12	0
1174	14	0
2140	227	0
2082	275	0
1564	123	0
1801	194	1
2143	135	0
1415	273	0
312	156	0
445	285	0
1984	210	0
1571	10	0
1930	173	0
1901	83	0
1976	289	0
1436	243	0
385	297	0
1812	111	0
2173	193	0
176	12	0
463	169	0
1608	281	0
1244	158	0
913	162	0
579	136	0
2101	272	0
629	99	0
417	136	0
1432	51	0
1422	241	0
93	58	0
447	120	0
1581	125	0
1488	249	0
2042	240	0
1959	19	0
128	0	0
746	283	0
1103	243	0
699	222	0
930	17	0
1538	138	1
328	167	0
2194	161	0
2289	156	0
746	9	0
1224	118	0
274	71	0
1739	34	0
1460	207	0
1738	17	0
436	69	0
681	241	0
1150	93	0
355	7	0
128	123	1
107	112	0
1249	167	0
1917	147	0
1213	284	0
32	16	0
233	171	0
1211	160	0
1233	36	0
1306	173	0
95	156	0
441	92	0
1553	31	0
1742	223	0
418	19	0
2151	189	0
2123	89	0
2135	244	1
1799	194	0
2237	69	0
1577	132	1
1483	18	0
1559	245	0
1266	197	0
1339	94	1
1770	219	0
243	255	0
2201	107	0
129	149	0
238	182	1
543	267	0
1669	278	0
431	92	0
1474	141	0
1435	199	1
535	93	0
133	123	1
2281	184	0
2117	10	0
58	141	0
683	34	1
2303	288	1
2214	197	0
1787	26	0
1564	218	0
1878	258	0
572	142	0
1690	236	0
1827	63	0
1099	100	0
1920	264	0
443	163	0
849	158	0
1883	284	0
1743	182	0
307	287	0
1054	45	0
768	287	0
528	194	0
386	182	0
96	244	1
2196	2	0
1205	225	0
760	177	0
1097	270	0
77	253	0
1739	100	0
1810	189	0
2005	116	0
2103	260	1
1737	219	0
374	98	0
898	116	0
755	107	0
1679	209	0
1224	177	0
1725	26	0
1331	272	0
1140	162	0
1553	190	0
1510	177	0
565	48	0
1618	273	0
1985	146	0
740	162	0
319	73	0
1596	239	0
930	236	0
2287	8	0
977	100	0
1435	120	0
1454	40	0
2045	274	0
1445	274	0
1362	292	0
1573	92	0
1869	167	0
2314	73	0
1742	255	0
1515	256	0
1155	106	0
371	79	0
2049	147	0
1179	206	0
236	126	0
968	231	0
2251	146	0
705	230	0
1692	172	1
1996	269	0
1060	184	0
1838	166	0
315	221	0
1779	126	0
794	59	0
1048	176	0
529	48	1
1486	171	0
1985	297	0
412	105	0
953	187	0
1758	172	0
1814	61	0
1388	245	0
1253	283	0
980	257	0
930	242	0
791	257	0
513	92	0
1359	237	0
1236	74	0
2136	244	1
2088	98	0
224	230	0
636	239	0
1557	157	0
1231	219	0
1396	150	0
391	27	1
1541	258	0
33	279	0
1997	33	0
1644	276	0
631	165	0
1772	288	0
868	150	0
1092	133	0
266	195	0
257	90	0
2174	62	0
1303	174	0
1495	11	0
1374	26	1
1248	222	0
111	48	1
656	279	0
219	147	0
1547	292	0
1668	44	0
1762	172	0
2169	83	0
185	147	0
2210	29	0
2321	97	0
392	30	0
360	230	0
873	53	0
944	153	0
551	134	0
1875	204	0
1610	141	0
497	56	0
893	181	0
229	258	0
1613	145	0
595	299	0
602	72	0
1598	187	0
821	249	0
2269	105	0
1810	64	0
1617	192	0
1639	267	0
489	20	0
165	221	0
1012	102	0
1138	3	0
1483	135	1
1662	256	0
1191	77	0
721	188	0
813	174	1
2077	134	0
1660	178	0
688	190	0
137	252	0
1169	115	0
498	48	1
1862	190	0
56	239	0
1446	130	0
79	21	0
1289	110	1
1781	275	0
883	29	0
2210	182	0
1167	132	0
2229	269	1
2267	166	0
1305	118	0
758	173	0
575	40	0
1564	60	0
223	95	0
1121	218	1
1103	155	0
1513	190	0
1627	191	0
2289	288	1
46	99	0
1431	13	0
1941	242	0
1302	164	0
922	122	0
347	179	0
1485	159	0
1710	226	0
1859	223	0
1142	34	0
51	50	1
1402	1	0
144	41	0
14	299	0
638	171	0
2105	114	0
1847	141	0
1182	287	0
1035	270	0
2168	131	0
282	6	1
758	210	0
1155	242	0
1066	97	0
480	69	0
1254	299	0
997	194	0
50	79	0
2051	161	0
964	61	0
834	246	0
2303	199	0
151	182	0
771	156	0
2321	62	0
2207	191	0
1896	57	0
1145	83	0
917	44	0
438	70	0
467	246	0
850	191	0
1587	155	0
1526	178	0
326	121	0
83	175	1
603	295	0
990	64	0
1635	195	0
709	180	1
1836	176	0
1956	209	0
609	263	0
1086	107	0
1552	160	0
1131	275	0
1016	48	0
2030	192	0
1564	15	0
856	17	0
913	46	0
2214	200	0
161	6	1
1445	159	0
667	274	0
1880	49	0
1001	43	0
149	153	0
1247	42	0
491	282	0
242	24	0
1613	104	0
1926	160	0
2151	275	0
1034	55	0
1291	218	0
1091	22	0
1499	111	0
740	168	0
398	219	0
2192	195	0
1628	274	0
238	164	0
377	87	0
2093	136	0
1003	125	0
2016	241	0
2014	59	0
489	102	0
60	297	0
640	258	0
1122	229	0
1791	244	0
1819	290	0
1735	174	1
2009	204	0
2120	30	0
381	31	0
2269	151	0
592	234	0
35	36	0
2187	183	0
546	29	0
1336	205	0
2220	6	0
678	217	0
2059	255	0
2172	244	1
1924	1	0
1501	139	1
1798	217	0
1167	67	0
635	256	0
64	50	1
1504	239	0
2172	189	0
220	171	0
389	19	0
1943	129	0
1777	40	0
935	188	0
1684	142	0
1532	117	0
1769	174	0
1903	284	0
2321	6	0
943	261	0
1321	94	1
124	57	0
1452	77	0
1406	101	0
1659	173	0
632	144	0
1627	221	0
2137	275	0
1475	25	0
411	38	0
1981	249	0
775	114	0
477	126	0
1037	213	0
541	39	0
1695	100	0
2122	251	0
738	269	0
393	185	0
1915	205	0
714	77	0
103	278	1
1680	275	0
1293	136	0
1165	88	1
152	153	0
1142	85	1
597	59	0
299	208	0
327	119	0
378	187	0
543	50	0
2311	285	0
104	255	0
647	160	0
2117	299	0
1137	236	0
2190	160	0
2173	56	0
1835	57	0
1705	282	0
1894	26	0
1984	177	0
503	251	0
586	37	0
1046	157	0
1727	18	0
896	251	0
1837	1	0
423	3	0
768	295	0
1854	202	0
178	88	0
2058	53	0
1752	289	0
1930	131	0
1764	257	0
410	30	1
1969	190	0
1336	243	0
307	65	0
2020	291	0
1795	189	1
2063	130	0
780	251	0
1615	42	0
614	84	0
730	0	0
1615	132	0
1401	251	0
632	296	0
1684	122	0
404	267	0
956	198	0
2006	260	0
2232	251	0
2027	65	0
825	276	0
1429	8	0
193	299	0
58	226	1
2191	118	0
1147	220	0
1345	145	0
1324	66	0
313	200	0
1903	216	0
605	218	1
2217	162	0
2212	6	0
2326	298	1
1893	268	0
908	85	0
1279	137	0
73	50	1
898	86	0
1548	59	0
976	212	0
906	287	0
1564	71	0
1828	207	0
1745	205	0
2025	209	0
666	188	0
211	242	0
2215	194	0
447	173	0
1388	243	0
93	292	0
981	214	0
2191	99	0
2191	52	0
2136	90	0
2194	0	0
413	153	0
2259	226	0
554	201	0
461	252	0
603	57	0
1749	125	0
1675	10	0
2255	160	0
2100	80	0
202	207	0
1893	239	0
281	131	0
385	208	0
1385	93	0
1680	180	0
193	288	1
461	226	0
2044	219	0
22	131	0
1934	68	0
35	277	0
2184	194	0
1813	111	0
218	205	0
1215	264	0
172	270	0
774	200	0
192	128	0
1900	166	0
202	139	0
220	209	0
1746	42	0
2249	50	0
214	168	0
2144	288	0
1351	138	0
604	132	0
619	15	0
634	9	0
1358	38	0
376	260	0
928	287	0
101	34	0
339	33	0
1415	25	0
620	188	0
112	107	0
149	281	0
2330	115	0
476	50	1
2047	54	0
147	63	0
813	247	0
1135	70	0
369	164	0
1657	70	0
589	261	0
117	247	0
554	7	0
2171	268	0
614	196	0
737	117	0
587	212	0
829	170	0
1908	15	0
637	171	0
584	174	0
2090	246	0
1921	47	0
2034	111	0
1883	102	0
1430	182	0
437	50	1
1331	61	0
1589	224	0
1273	247	0
2066	46	0
1366	242	0
1172	90	1
1053	173	0
1679	226	0
1356	199	0
807	202	0
648	188	0
1369	174	0
1467	269	0
406	192	0
534	239	0
1582	7	0
370	179	0
1435	38	0
645	110	0
1075	234	0
2227	70	0
673	48	1
1467	66	0
1626	149	0
1841	237	0
354	266	0
197	58	0
32	109	1
783	130	0
1128	164	0
787	232	0
1383	159	0
1624	219	0
1681	158	0
680	23	0
886	207	0
1728	34	0
1931	19	0
1755	51	0
1786	129	0
1193	62	0
695	186	0
1402	141	0
2018	4	0
364	230	0
1266	199	0
888	280	0
1376	34	0
115	25	0
1689	154	0
187	107	0
120	41	0
201	110	0
749	251	0
1029	106	0
1817	187	0
2249	272	0
1959	6	0
1984	18	0
1076	234	0
587	234	0
1799	202	0
853	133	0
2281	298	0
2146	16	0
853	227	0
124	206	0
1505	101	0
2048	148	0
309	6	1
1364	75	0
661	60	0
789	218	0
2089	57	0
1940	166	0
800	268	0
1696	185	0
653	292	0
388	48	0
108	163	0
1210	31	0
1403	66	0
103	53	1
2175	289	0
706	277	0
1795	155	0
655	41	0
1605	137	0
1243	262	0
1672	267	0
610	95	0
2302	288	1
727	89	0
551	120	0
2324	118	0
1506	289	0
538	223	0
17	14	0
98	52	0
959	164	0
2175	96	0
384	97	0
901	49	0
1672	206	0
1980	93	0
2181	157	0
618	147	0
1081	111	0
2204	137	0
754	126	0
397	59	0
1623	7	0
99	242	0
1529	15	0
1802	219	0
1850	234	0
358	13	0
2181	94	0
2308	101	0
597	142	1
1941	31	0
2119	216	1
1260	130	0
1481	143	0
2324	214	0
2088	177	0
1531	234	0
1059	291	0
587	49	0
837	50	1
1004	76	0
1451	227	0
634	138	1
841	298	0
1356	178	0
1420	3	0
682	180	0
261	270	0
380	56	0
1342	254	0
2179	239	0
298	150	0
2316	24	0
493	160	0
1728	188	0
1015	244	0
2108	266	0
1349	214	0
1351	20	0
1840	90	0
1041	289	0
304	162	0
1327	141	0
2201	93	0
259	135	0
1509	258	0
257	204	0
626	166	0
514	298	0
910	197	0
935	231	0
2139	182	0
1093	44	0
561	150	0
990	69	0
304	188	0
2112	26	0
1446	298	0
226	68	0
1274	105	1
1557	254	0
1574	252	0
1748	199	0
2244	72	0
881	182	0
1030	198	0
645	7	0
296	156	0
1859	255	0
1031	153	0
769	172	0
917	57	0
1680	185	0
772	294	0
1424	14	0
686	261	0
910	214	0
969	65	1
2146	38	0
775	245	0
1145	231	0
363	6	1
1802	69	0
1751	170	0
1937	183	0
1181	82	0
215	199	0
1849	259	0
965	205	0
1220	246	0
1250	154	0
1932	252	0
1336	209	0
1644	267	0
1557	34	0
58	244	1
1357	111	0
433	12	0
994	253	0
1221	50	0
2237	76	0
927	287	0
1671	72	0
1818	62	0
1390	112	0
1764	259	0
412	288	0
405	222	0
2195	293	0
996	72	1
1355	30	0
1473	119	0
960	149	0
120	243	0
1866	196	0
566	179	0
638	197	0
1239	287	0
100	164	0
1913	280	0
2160	33	0
1022	271	0
2220	299	0
1448	123	0
1129	110	0
1007	186	0
384	92	0
976	81	0
1524	196	0
1815	9	0
156	225	0
1399	253	0
1310	89	0
944	164	0
2128	154	0
276	55	0
1105	148	0
1535	294	0
1276	40	0
1750	176	0
1817	65	0
754	269	0
2308	214	0
292	178	0
1226	200	0
1118	121	0
26	126	0
1388	229	0
1330	71	0
1477	36	0
1133	93	0
140	145	0
711	98	0
1052	186	0
431	129	0
348	158	0
609	255	0
2315	212	0
1487	73	0
714	71	0
1070	32	0
714	86	0
1817	94	0
2026	69	0
1489	139	0
472	252	0
315	294	0
280	61	0
1279	148	0
2204	49	0
1767	269	0
2206	62	0
958	263	0
1136	12	0
1910	111	0
1340	99	0
1310	219	0
1405	29	0
1992	224	0
1085	196	0
2244	173	0
1765	75	0
1996	109	0
1715	289	0
371	151	0
723	47	0
983	20	0
1037	209	0
1823	252	0
1281	295	0
769	194	0
1836	11	0
664	173	0
1593	97	0
955	181	0
341	276	0
234	210	0
2273	21	0
1966	122	0
2057	47	0
649	127	0
1171	288	0
2268	152	0
739	158	0
1771	128	0
1960	92	0
296	239	0
786	74	0
109	150	0
379	151	0
137	70	0
1552	172	0
1638	221	0
1975	33	0
751	35	0
2247	23	0
1904	199	0
1483	286	0
79	77	0
1079	82	0
103	35	0
1798	57	0
339	143	0
1993	25	0
2047	31	0
2010	74	0
1371	5	0
1578	125	0
877	79	0
1129	222	0
776	94	1
924	270	0
1098	217	0
617	121	0
1991	167	0
856	264	0
368	22	1
24	34	0
383	25	1
584	8	0
1875	207	0
1330	58	0
1095	115	0
1788	265	0
2109	22	0
1065	67	0
806	55	0
1790	292	0
1178	291	0
1111	211	0
1626	39	0
1393	203	0
1986	225	0
318	91	0
2320	167	0
1991	145	0
451	232	0
721	252	0
1984	92	0
1844	114	0
151	125	0
920	257	0
169	178	0
1165	133	0
1718	92	0
1046	20	0
1793	258	0
1199	34	0
1241	265	0
1162	124	0
69	169	0
1563	284	0
1423	216	0
30	26	1
1063	23	0
133	14	0
1154	118	0
943	197	0
1336	27	0
2133	281	0
1516	138	1
1447	90	0
1398	10	0
222	152	0
118	121	0
47	198	1
1756	219	0
125	83	0
1123	110	0
222	115	0
684	50	1
1589	130	0
1199	56	0
400	79	1
177	45	0
2122	152	0
880	106	0
1376	160	0
272	10	0
327	40	0
2254	61	0
695	44	0
1597	47	0
1102	281	0
107	292	0
1943	218	0
1373	112	0
864	244	0
1014	258	0
689	197	0
676	173	1
1960	100	0
908	211	0
1210	272	0
720	251	0
2148	245	0
1668	226	0
691	213	0
2027	160	0
1290	80	0
915	223	0
743	48	1
554	72	1
181	6	1
2146	26	0
1961	89	0
1004	194	0
9	26	1
316	176	0
1179	201	0
507	294	0
246	266	0
2107	238	0
588	116	0
116	61	0
2195	72	1
531	245	0
1131	285	0
1669	24	0
522	125	0
1315	31	0
1715	297	0
1534	255	0
1597	2	0
1155	83	0
1914	6	0
468	92	0
84	94	0
1857	95	0
2208	174	0
310	48	0
1899	147	0
1803	21	0
2280	57	0
105	129	0
431	132	1
89	59	0
774	203	0
2316	59	0
986	36	0
2215	267	0
164	282	0
1649	59	0
1431	261	0
1141	129	0
1211	91	1
1083	207	1
1163	83	0
1144	233	0
1758	253	0
386	7	0
1948	286	0
1920	115	0
1023	57	0
945	61	1
1453	132	1
2134	10	0
218	109	0
1814	3	0
1236	264	0
1904	242	0
410	13	0
1956	37	0
1503	155	0
1755	105	0
1516	269	0
1605	120	0
595	235	0
338	107	0
1692	35	0
830	251	0
1617	256	0
1244	210	0
438	244	1
392	238	0
2179	150	0
1734	81	0
1862	102	0
105	38	0
1696	19	0
935	58	1
2101	131	0
1952	155	0
1313	150	0
1105	47	0
1378	299	0
520	121	0
1948	49	0
595	72	1
1929	56	0
1052	147	0
1033	177	0
1682	91	0
606	60	0
1016	86	0
1420	231	0
1934	128	0
2222	234	0
1028	266	0
2130	265	0
1245	72	0
956	62	1
1082	250	0
1066	26	0
2216	112	0
1916	92	0
412	133	0
1158	68	0
407	30	1
1781	49	0
2095	204	0
325	53	1
816	47	0
2168	35	0
1228	131	0
581	200	0
96	296	0
1017	293	0
1302	200	0
843	56	0
1233	155	0
392	263	0
1970	255	0
1532	85	0
1226	207	0
921	130	0
1807	1	0
1300	167	0
1707	209	0
986	79	0
260	61	0
1227	62	0
1878	272	0
1851	17	0
1644	64	0
288	58	0
2246	33	0
887	274	0
1528	220	0
296	122	0
423	98	0
446	273	0
104	139	1
2060	102	0
961	238	0
2305	140	0
1203	99	0
1685	168	0
109	282	0
750	200	0
81	250	0
2318	79	0
997	60	0
1958	184	0
643	90	0
634	68	0
160	165	1
155	131	0
1183	126	0
32	121	1
1934	217	0
168	73	0
1840	44	0
1175	90	1
957	88	0
1575	118	0
1794	259	0
1348	2	0
1578	71	1
1393	142	0
2095	165	1
1833	38	0
2269	157	0
386	14	0
1778	108	0
2280	30	0
540	105	0
1433	265	0
1833	216	0
693	34	1
1681	278	0
365	134	0
674	274	0
730	130	0
1272	199	0
234	205	0
1764	100	0
1849	98	0
471	12	0
522	71	0
823	7	0
1754	204	0
863	122	0
89	99	0
168	245	0
503	184	0
336	239	0
2291	115	0
1657	180	0
983	115	0
2180	265	0
2239	297	0
2052	44	0
1323	10	0
735	197	0
1952	84	0
1285	75	0
1637	150	1
2268	86	0
438	230	0
2052	41	0
724	268	0
625	1	0
959	192	0
1946	123	0
1327	194	0
10	66	0
1194	203	0
113	98	0
1796	52	0
839	50	1
848	50	1
1561	70	0
1793	5	0
27	161	0
1974	59	0
798	133	0
1017	5	0
343	217	0
666	35	0
771	39	0
1655	66	0
1615	114	0
1686	23	0
103	116	0
1430	59	0
737	78	0
800	218	1
6	91	1
662	290	0
498	50	1
2134	115	0
2295	131	0
1616	144	0
1666	163	0
1989	230	0
257	253	0
1739	79	0
1625	168	0
2261	176	0
1127	48	0
909	210	0
1298	103	0
2291	211	0
1687	269	0
1900	52	0
540	280	0
344	17	0
1765	89	0
941	200	0
1502	295	0
744	220	0
1263	250	0
361	179	0
1327	253	0
939	13	0
649	34	1
2200	235	0
1150	255	0
2197	119	0
748	122	0
1726	124	0
2307	255	0
1879	74	0
960	213	0
1114	200	0
1332	195	0
2215	146	0
323	100	0
1832	17	0
1228	165	0
2194	35	0
620	91	0
1580	260	0
52	266	0
1836	148	0
1047	149	0
645	264	0
1776	259	0
616	192	0
1624	136	0
1938	84	0
1789	126	0
2136	233	0
800	185	0
1115	49	0
1008	269	0
1558	102	0
752	29	0
2251	33	0
446	172	0
749	48	1
776	95	0
1380	36	0
1154	59	0
1948	3	0
669	15	0
1016	126	0
1825	72	0
359	91	0
583	8	0
2	138	0
742	129	0
372	177	0
2169	279	0
1741	61	0
1438	29	0
115	9	1
307	253	0
1502	247	0
579	34	1
2032	248	0
1901	132	0
109	244	1
526	11	0
1373	243	0
1683	139	1
1215	90	0
837	291	0
1681	74	0
158	243	0
80	281	0
1214	119	0
482	259	0
307	284	0
222	46	0
1432	40	0
4	112	0
907	174	0
1256	176	0
1361	109	0
543	271	0
512	190	0
1304	263	0
1950	50	0
2114	184	0
2163	147	0
1112	126	0
1166	128	0
1199	121	0
1657	51	1
1071	226	0
1897	287	0
44	129	0
890	260	0
1273	97	0
1186	204	0
566	8	0
1634	86	0
2295	21	0
2218	36	0
1166	142	0
1312	18	0
2195	186	0
931	55	1
2038	142	0
892	138	0
1572	270	0
656	133	0
1500	54	0
1878	15	0
2308	103	0
546	80	0
1074	147	0
2273	168	0
2129	113	0
633	229	0
2241	268	0
1513	1	0
382	278	0
1986	240	0
641	218	1
1044	275	0
1867	111	0
1794	86	1
2196	139	0
954	103	0
430	263	0
1033	53	0
159	39	0
1844	62	0
1680	246	0
1689	225	0
1632	54	0
1157	260	0
781	215	0
1627	275	0
2304	93	0
1638	64	0
1797	153	0
880	89	0
1551	224	0
116	35	0
2141	280	0
1123	77	1
1148	170	0
570	53	0
306	211	0
992	83	0
1430	190	0
2192	43	0
1227	88	0
1468	15	0
1494	42	0
1945	117	0
625	35	0
551	292	0
1192	175	0
2029	252	0
932	134	0
420	49	0
1421	185	0
405	25	0
1333	23	0
165	233	0
1716	100	0
2048	27	0
85	50	1
2133	271	0
388	41	0
1459	162	0
82	50	1
200	99	0
974	264	0
1777	60	0
146	248	0
745	264	0
829	247	0
863	51	0
459	146	0
1115	275	0
1261	102	0
420	130	0
323	238	0
165	27	0
1918	64	0
1386	222	0
989	277	0
845	4	0
246	107	0
1664	167	0
1084	125	0
753	267	0
222	96	0
2030	232	0
1386	219	0
1699	232	0
746	5	0
914	154	0
639	132	1
1369	114	0
1365	283	0
2228	287	0
2329	236	0
2168	215	0
449	181	0
538	116	0
735	45	1
787	252	0
125	219	0
1638	170	0
760	53	0
333	119	0
2130	83	0
688	225	0
2138	61	0
2274	94	0
1350	69	0
1854	297	0
670	3	0
163	285	0
1013	155	0
1362	108	0
819	268	0
1432	288	0
1661	156	0
317	85	0
1810	44	0
1642	205	0
1137	201	0
2096	34	0
935	205	0
1613	274	0
1827	196	0
2110	52	0
1378	130	0
1275	6	0
197	261	0
1084	281	0
1487	259	0
1667	42	0
1668	161	1
2240	155	0
475	46	0
473	155	0
644	269	0
2023	277	0
357	225	0
1003	71	0
142	113	0
2183	153	0
1933	187	0
1668	78	0
47	112	1
514	77	0
2195	31	0
1182	269	0
1248	157	0
681	232	0
2032	35	0
2233	214	0
465	160	0
546	287	0
121	262	0
2192	24	0
758	55	0
237	218	0
1437	265	0
842	290	0
709	43	0
229	171	0
283	263	0
269	135	0
1618	237	0
2296	86	0
77	60	0
1893	267	0
1099	252	0
1236	2	0
958	120	0
339	199	0
1238	158	0
803	180	0
607	148	0
1709	218	1
359	103	0
1154	116	0
832	41	0
1347	187	0
1532	138	1
1395	242	0
846	216	0
141	161	0
396	206	0
802	17	0
1344	72	0
880	184	0
2070	151	0
2301	159	0
739	274	0
903	281	0
2260	74	0
599	283	0
207	237	0
441	170	0
820	283	0
518	30	0
1216	86	0
2258	26	0
347	218	0
801	135	0
1393	289	0
49	275	0
980	59	0
2255	124	0
900	49	0
1281	76	0
510	206	0
1347	73	0
2311	128	0
307	228	0
2122	111	0
1199	96	0
816	85	0
9	33	0
734	201	0
1681	280	0
45	124	1
1618	227	0
1839	14	0
1225	231	0
1444	19	0
637	176	0
1814	97	0
949	34	0
2103	60	0
1699	156	0
1645	153	1
500	116	0
871	239	0
132	73	0
1294	96	0
2153	20	0
541	164	0
383	165	0
1581	0	0
533	275	0
763	143	0
1356	13	0
578	37	0
927	159	0
1648	231	0
986	35	0
900	62	0
678	237	0
2182	201	0
1862	128	0
2192	14	0
365	186	0
1065	171	0
2205	19	0
1674	298	0
1174	115	0
42	5	1
659	245	1
1490	195	0
1669	229	0
728	133	0
639	98	0
30	76	1
1625	89	0
2292	29	0
1019	180	0
959	170	0
1052	55	0
383	181	0
335	197	0
837	146	0
1407	288	0
952	183	0
577	216	0
1536	292	0
111	226	1
1749	39	0
1831	160	0
1666	157	0
1178	111	0
160	143	0
651	128	0
1480	261	0
1887	234	0
2076	65	0
772	59	0
785	184	0
1523	168	0
949	204	0
2026	177	0
1263	136	0
2074	169	0
760	80	0
1029	116	0
1277	142	0
974	155	0
1227	257	0
2021	298	0
449	120	0
873	80	0
157	8	1
944	122	0
487	286	0
404	28	1
422	105	0
598	142	1
1063	189	0
1365	195	0
1715	48	0
1118	25	0
1855	148	0
703	287	0
453	65	0
1054	239	0
1414	238	0
2280	154	0
1636	141	0
1071	87	0
2143	15	0
1570	126	0
2009	156	0
20	262	0
1394	46	0
587	213	0
1137	11	0
1142	37	0
1029	87	0
1728	215	0
916	94	0
1587	209	0
357	251	0
543	175	0
832	50	1
55	271	0
1847	211	1
2177	189	0
1348	84	0
1163	89	0
467	10	0
1601	179	0
1255	140	0
2064	298	0
650	47	0
1928	74	0
396	225	0
882	291	0
840	81	0
2124	240	1
1536	45	0
1812	191	0
1586	38	0
175	130	0
885	86	0
32	226	1
2252	236	0
1207	201	0
1335	15	0
824	125	0
1767	187	1
2235	167	0
31	2	0
1245	93	1
1648	116	0
2049	162	0
1090	77	1
1257	17	0
2233	128	0
1374	78	0
427	10	0
1810	17	0
705	94	0
924	211	0
2007	131	0
1173	102	0
1996	88	0
224	6	1
917	281	0
465	204	0
1654	166	0
1312	199	0
154	191	0
1438	212	0
156	139	0
261	209	0
1966	257	0
334	168	0
2223	267	1
2044	121	0
890	251	0
243	62	0
1639	74	0
2305	174	0
1384	15	0
1780	229	0
935	102	0
1305	202	0
1732	174	1
1605	40	0
1202	17	0
1949	291	0
272	6	1
2059	212	0
655	18	0
367	171	0
103	139	1
448	232	0
2087	188	0
1126	149	0
69	231	0
215	241	0
2012	226	1
67	32	0
260	259	0
1356	30	0
1100	49	0
1164	154	0
525	277	0
53	92	0
1921	2	0
2287	294	0
1986	113	0
35	292	0
1166	150	0
227	195	0
452	255	0
558	190	0
702	284	0
58	132	1
1259	149	0
2021	226	1
585	44	1
1953	132	1
42	8	0
197	117	0
1437	108	0
1028	280	0
722	39	0
1859	289	0
353	149	0
990	61	0
663	23	0
905	222	0
1710	257	0
2194	297	0
1383	259	0
216	232	0
1526	217	0
567	4	0
2162	153	0
1626	8	0
830	226	0
1818	273	1
1720	169	0
744	237	0
990	146	0
2005	170	0
157	150	0
2275	85	0
389	186	0
785	175	0
782	142	0
609	111	0
786	237	0
1768	202	0
871	290	0
705	12	0
102	141	0
2086	61	0
164	100	0
867	76	0
596	163	0
342	78	0
1433	129	0
307	147	0
1681	271	0
2110	165	1
326	31	0
2201	225	0
1917	8	0
1326	42	0
64	140	0
941	16	0
1820	261	0
1127	284	0
1491	284	0
1308	85	0
1058	187	0
2316	158	0
1327	81	0
2307	252	0
645	274	0
1474	116	1
1890	223	0
437	82	0
1355	263	0
1709	277	0
247	48	0
469	137	0
740	59	0
422	284	0
1023	67	0
1610	280	0
588	255	0
49	49	0
2253	287	0
489	232	0
415	20	0
170	91	1
2154	5	0
1174	76	0
1867	16	0
2287	263	0
549	120	0
939	117	0
932	55	1
2150	140	0
253	71	0
2185	44	0
8	41	1
139	6	1
677	180	0
1401	118	0
1051	105	0
1803	271	0
729	296	0
39	288	0
321	174	0
2051	195	0
635	274	0
2064	233	0
1067	256	0
805	118	0
1797	295	0
611	143	0
597	173	0
907	183	0
1248	293	0
916	2	0
1212	137	0
861	110	0
2149	143	0
148	232	0
1489	84	0
830	154	0
1972	200	0
1434	266	0
1645	47	0
907	22	0
1569	160	0
925	203	0
1514	253	0
1006	215	0
1143	253	0
1356	100	0
2105	44	0
1967	233	0
483	123	0
1792	115	0
1310	92	0
65	168	0
1792	262	0
1516	63	0
456	65	0
1451	144	0
1146	170	0
1011	103	0
1389	196	0
605	235	0
1919	274	0
1812	66	0
1186	265	0
332	59	0
1834	201	0
1472	161	0
476	64	0
722	101	0
629	105	1
2216	172	0
418	63	0
203	96	0
2325	242	0
1832	146	0
863	241	0
2085	253	0
1225	12	0
686	70	0
1415	26	1
1454	35	0
546	104	0
1332	198	0
250	52	0
1398	14	0
1738	282	0
1672	109	0
2118	286	0
2046	103	0
1551	7	0
406	246	0
291	73	0
902	216	0
1124	210	0
1702	250	0
858	247	0
1224	209	0
59	62	0
1871	292	0
261	183	0
1378	60	0
1769	131	0
601	33	0
280	192	0
2173	84	0
451	112	0
1138	154	0
2258	121	0
433	97	0
98	209	0
1440	171	0
113	133	0
1543	94	0
354	282	0
67	88	1
1286	32	0
355	208	0
1405	218	0
705	126	0
1146	256	0
1205	236	0
1796	148	0
2119	205	0
395	97	0
2271	208	0
1698	276	0
705	141	0
2078	50	0
1333	44	0
946	64	0
381	222	0
1007	209	0
1545	238	0
164	50	0
389	225	0
2325	81	0
2292	287	0
36	199	0
1270	33	0
1985	112	0
2213	130	0
2007	240	0
1486	105	0
65	211	0
911	116	1
1730	174	1
115	159	0
2147	113	0
1473	34	0
2255	292	0
1054	289	0
150	254	0
785	160	0
352	177	0
1300	273	0
42	245	0
952	274	0
893	15	0
500	34	1
91	67	0
393	142	0
1825	171	0
1021	290	0
1884	234	0
841	160	0
1740	120	0
1507	22	0
390	109	0
1105	221	0
1279	93	0
1634	286	0
2060	253	1
2277	254	0
1810	269	0
2027	39	0
1895	24	0
2216	255	0
1878	162	0
1742	94	0
1584	151	0
625	261	0
1176	283	0
1648	238	0
1013	252	0
670	104	0
2184	212	0
1351	222	0
1605	83	0
593	254	0
1410	56	0
848	239	0
757	213	0
495	269	0
937	64	0
468	240	0
1975	111	0
799	164	0
97	273	0
9	4	1
1254	154	0
1731	130	0
1171	20	0
1624	160	0
1525	218	1
1687	160	0
1846	297	0
879	4	0
331	9	0
50	62	0
478	100	0
502	77	1
1020	24	0
2014	38	0
443	20	0
798	199	0
1552	262	0
1128	53	0
2098	260	0
62	184	0
1644	153	1
1607	290	0
661	43	0
1441	130	1
336	74	0
454	43	1
509	290	0
1207	273	0
596	93	0
1497	158	0
990	194	0
810	172	0
1932	220	1
2154	156	0
1164	170	0
1453	98	0
1583	272	0
66	174	0
700	73	0
1331	128	0
2117	69	0
1829	225	1
1594	237	0
1547	249	0
115	77	0
626	194	0
452	37	0
9	164	0
1040	239	0
2256	30	0
2034	101	0
2079	117	0
1628	51	0
873	20	0
308	288	1
2119	99	0
2020	158	0
769	242	0
1710	22	0
38	47	0
1525	143	0
1278	283	0
1975	9	0
1605	101	0
903	100	0
974	134	0
751	142	0
818	167	0
252	46	0
1627	284	0
1190	21	0
956	171	0
2042	148	0
938	229	0
1370	188	0
880	71	0
335	141	0
1431	139	0
2307	234	0
2108	223	0
50	67	0
1196	244	0
593	184	0
1556	105	0
194	204	0
2112	237	0
747	48	1
1290	234	0
628	1	0
2167	238	0
2049	0	0
1852	274	0
1268	193	0
1046	137	0
403	167	0
966	259	0
1585	8	0
1999	71	0
2226	131	0
1496	11	0
1784	51	0
1645	73	0
1261	128	0
2097	299	0
1478	90	0
1833	209	1
1858	200	0
918	71	0
346	85	0
991	237	0
91	218	0
2158	56	0
114	46	0
1372	236	0
1380	256	0
2211	94	0
111	114	0
1433	253	0
1926	121	0
1854	81	0
813	71	0
941	184	0
1576	107	0
1990	214	0
2227	166	0
297	136	0
1342	108	0
2239	273	1
1445	242	0
433	110	0
873	218	1
1545	138	1
682	23	0
1779	178	0
1287	96	0
1627	296	0
1617	41	0
955	163	0
1903	190	0
27	40	0
1245	268	0
559	144	0
2020	267	0
1566	244	1
1644	166	0
424	82	0
1116	269	0
1859	291	0
911	137	0
1881	222	0
1750	247	0
1676	157	0
1856	86	0
167	222	0
605	43	0
812	239	0
2016	267	0
1607	191	0
1796	118	0
1575	144	0
966	271	0
1622	226	0
1076	264	0
2148	63	0
85	195	0
626	91	0
1578	246	0
1909	209	0
1995	156	0
971	264	0
1657	104	0
921	53	1
947	236	0
51	86	0
135	104	0
2279	60	0
1377	110	0
150	257	0
970	50	0
755	157	0
1304	87	0
1810	139	0
207	17	0
2101	122	0
627	50	1
1022	75	1
83	30	0
1870	99	0
219	33	0
1590	289	0
1243	232	0
1231	91	1
2103	111	0
248	280	0
351	181	0
358	65	0
1406	44	0
849	96	0
532	142	0
155	12	0
628	253	0
298	184	0
1382	26	1
57	6	1
1923	192	0
1349	40	0
1818	272	0
1573	133	0
1284	150	0
2075	289	0
392	25	0
1881	29	0
318	235	0
1012	31	0
929	243	0
941	155	0
343	6	1
1334	296	0
1862	289	0
2266	269	0
381	284	0
2014	70	0
1558	28	0
1840	211	1
1748	250	0
686	124	0
2222	22	0
1332	175	0
1870	88	0
653	72	0
2238	16	0
1184	158	0
887	53	1
2190	177	0
1187	225	0
1833	42	0
1637	32	0
803	174	1
125	151	0
1870	124	0
1455	64	0
1524	70	0
1917	22	0
1933	286	0
2185	167	0
128	6	1
1890	265	0
1064	181	0
1739	244	0
101	58	0
1200	51	0
512	35	0
2270	224	0
1184	161	0
2075	230	0
368	94	0
824	99	0
2147	78	0
328	6	1
332	236	0
1775	298	0
1799	253	0
1526	84	0
368	163	0
68	121	0
2238	37	0
70	127	0
574	111	0
1529	126	0
1351	211	0
957	71	0
2318	19	0
1029	143	0
867	36	0
1730	209	0
944	256	0
539	34	1
1686	285	0
736	201	0
1254	75	0
214	200	0
2064	25	0
905	231	0
1645	220	0
43	194	0
1560	297	0
657	98	0
2086	12	0
1416	223	0
1580	289	0
2115	267	0
1736	286	0
474	34	1
2212	106	0
1720	134	0
2319	163	0
1739	209	0
1326	93	0
2141	163	0
1105	127	0
767	183	0
908	248	0
2293	125	0
1895	55	0
273	23	0
2281	216	0
429	248	0
911	72	0
1964	7	0
1045	172	0
19	4	1
1140	147	0
1788	239	0
986	279	0
1981	213	0
996	28	0
725	208	0
662	118	0
121	222	0
1152	23	0
2047	49	0
1120	219	0
349	134	0
1823	11	0
1471	233	0
1	15	0
1809	158	0
1889	114	0
1007	247	0
800	128	0
802	121	0
1405	11	0
1252	37	0
664	279	0
375	217	0
1995	112	0
2160	195	0
818	205	0
2292	266	0
2063	38	0
352	168	0
75	3	0
1151	235	0
1352	233	0
1737	65	0
1604	62	0
615	199	0
1255	275	0
1335	67	0
942	130	0
2247	190	0
2267	57	0
274	77	0
1058	19	0
1219	103	0
1317	144	0
2147	179	0
136	257	1
1861	295	0
1028	78	0
1777	167	0
1467	115	0
1573	227	0
801	172	0
1182	252	0
331	207	0
582	198	0
112	156	0
1930	92	0
993	172	0
450	265	0
1740	104	0
432	252	0
371	106	0
1064	156	0
2316	63	0
765	266	0
875	63	0
648	50	1
1732	14	0
1620	10	0
1265	16	0
77	84	0
1218	215	0
134	273	0
421	269	0
47	179	1
96	32	0
1208	200	0
1396	264	0
403	108	1
1248	260	0
1575	189	0
2271	124	0
633	162	0
325	189	0
1797	67	0
1207	36	0
432	160	0
59	65	0
2259	115	0
390	56	0
1472	13	0
1050	39	0
1295	288	0
1087	81	0
1763	90	0
1150	125	0
2084	201	0
2282	29	0
667	82	0
239	21	0
556	76	1
1512	202	0
84	79	0
947	61	1
2320	231	0
1746	167	0
2114	234	1
2182	33	0
1129	133	0
905	27	0
596	235	0
30	241	0
1173	125	0
658	62	0
1466	97	0
259	109	0
1357	224	0
2018	164	0
1103	201	0
158	208	0
1796	297	0
1332	248	0
1293	120	0
616	47	0
2016	11	0
2230	106	0
1074	168	0
2157	203	0
33	181	0
941	173	0
1156	29	0
1791	86	1
1884	32	0
1042	151	0
2186	279	0
1606	289	0
703	261	0
180	96	0
1512	123	0
443	268	0
1694	243	0
1298	201	0
1572	118	0
1676	187	0
2221	157	0
1154	234	0
1857	247	0
1086	151	0
620	62	0
1937	220	1
2320	83	0
1036	104	0
503	34	1
184	0	0
1940	288	1
79	253	0
2136	268	0
1557	219	0
1196	239	0
200	219	0
464	178	0
1339	19	0
1905	169	0
610	34	1
168	5	0
295	276	0
1231	85	0
87	80	0
686	45	0
1583	104	0
2170	297	0
361	104	0
1559	292	0
775	269	0
1375	131	0
750	275	0
252	120	0
1549	79	0
560	266	0
119	174	0
536	102	0
571	258	0
168	13	0
2144	195	0
1606	60	0
1240	197	0
1435	270	0
538	210	0
1756	210	0
1563	110	0
858	257	0
55	5	1
733	188	0
679	143	0
1429	207	0
806	50	1
583	114	0
2195	54	0
1235	182	0
1107	79	0
1634	105	0
2110	144	0
1064	245	0
1796	130	0
1522	138	1
956	149	0
849	219	0
1105	263	0
2247	278	0
1391	249	0
1699	158	0
48	166	0
1771	232	0
2319	205	0
1481	266	0
2169	69	0
1812	267	0
1594	145	1
641	56	0
506	287	0
217	171	0
2249	84	0
2196	88	0
2056	74	0
2171	53	0
338	103	0
19	259	0
506	168	0
1809	4	0
2098	99	0
2239	282	0
2234	85	0
16	108	0
12	4	1
1164	183	0
1299	176	0
1587	145	1
412	222	0
0	77	0
92	164	0
952	166	0
1955	132	1
1556	47	0
1414	76	0
982	66	1
2327	75	0
180	6	1
1906	262	0
190	6	1
2123	240	1
2264	166	0
1031	252	0
1608	292	0
1986	239	0
1389	286	0
1518	117	0
1659	48	0
1641	182	0
202	223	0
1070	221	0
1773	214	0
1352	123	0
1490	83	0
1720	174	1
1440	156	0
1994	289	0
1	82	0
1703	290	0
1558	138	1
495	189	0
1977	222	0
2255	202	0
2003	25	0
1440	189	0
435	63	0
526	235	0
132	270	0
576	36	0
1045	288	0
1747	241	0
1286	46	0
26	201	0
589	77	0
270	98	0
673	50	1
1132	201	0
2194	55	0
2257	93	0
2012	85	0
1796	158	0
203	296	0
445	202	0
1024	39	0
1899	88	0
2185	150	0
700	167	0
1541	196	0
2305	187	0
2128	201	0
789	148	0
812	10	0
2082	42	0
998	240	0
1266	236	0
1419	135	0
1772	120	0
2051	147	0
1689	188	0
1188	265	0
265	40	0
1944	211	0
2114	291	0
2097	215	0
1068	77	1
1015	234	0
790	198	0
894	10	0
2177	196	0
340	275	0
1415	48	0
1408	147	0
972	207	0
1918	190	0
2095	147	0
173	141	0
888	125	0
2165	295	0
717	154	0
1374	206	0
1042	41	0
1941	4	0
966	62	0
271	95	0
839	178	0
1685	146	0
2007	106	0
84	113	0
436	137	0
1360	288	0
1342	193	0
2118	99	0
1413	272	0
67	209	0
1664	206	0
1859	6	0
537	258	0
384	21	1
1126	165	0
2079	165	1
2245	75	0
521	28	0
1627	44	0
336	284	0
2260	196	0
2014	9	0
1468	70	0
1861	106	0
1010	227	0
1278	223	0
1396	108	0
2030	199	0
155	56	0
1557	51	0
444	104	0
218	91	0
2006	147	0
838	45	0
860	109	0
1930	44	0
1835	211	1
1682	42	0
2164	123	0
660	80	0
1011	83	1
803	216	0
1536	85	0
448	169	0
70	280	0
283	90	0
2036	259	0
946	160	0
1899	133	0
839	52	0
1610	173	0
1955	289	0
490	129	0
643	285	1
1	204	0
1166	160	0
1041	276	0
1500	140	0
522	4	0
2286	59	0
265	5	0
1866	35	0
2115	279	0
792	204	0
1585	145	1
1724	174	1
772	104	0
846	240	0
1253	289	0
1476	197	0
920	93	0
1708	9	0
525	105	0
1160	120	0
640	80	0
848	165	0
1581	143	0
2012	132	0
1882	289	0
81	20	0
920	48	0
157	250	0
1490	158	0
746	22	0
1684	66	0
729	138	0
587	190	0
110	262	0
738	186	0
637	218	1
1905	120	0
1226	91	1
158	233	0
1983	210	0
401	126	0
2136	271	0
1588	108	0
1711	174	1
130	144	0
1854	230	0
1624	83	0
525	91	0
1756	134	0
1107	134	0
2137	249	0
2003	287	0
2225	68	0
2191	253	0
1049	124	0
1190	80	0
1928	220	1
1724	45	0
477	143	0
2109	209	0
88	113	0
455	40	0
504	42	0
950	126	0
926	19	0
2061	12	0
1376	124	0
614	142	1
691	241	0
1582	12	0
2308	253	0
2199	205	0
981	82	0
968	220	0
959	230	0
381	77	0
1049	213	0
1564	238	0
897	216	0
410	252	0
1462	119	0
705	50	1
1085	103	0
799	104	0
1792	275	0
2068	68	0
1737	121	0
785	264	0
1920	218	1
2235	135	0
1243	269	0
2025	67	0
757	174	0
1916	160	0
2112	151	0
325	284	0
978	267	0
1317	117	0
2001	198	0
465	34	1
1	1	1
778	67	0
52	254	0
1237	221	0
504	26	1
2030	72	0
970	21	0
1825	161	0
59	295	0
1884	185	0
1262	281	0
1219	169	0
1704	174	1
799	218	1
152	195	0
650	140	0
1822	110	0
136	6	1
896	151	0
2314	164	0
2306	52	0
423	48	1
939	60	0
2077	158	0
2157	108	0
991	72	0
1198	115	0
505	118	0
1136	91	1
1717	215	0
2210	81	0
847	234	0
1085	207	0
1972	159	0
2040	125	0
835	243	0
1517	228	0
18	18	0
446	298	0
1918	281	0
1027	239	0
1797	72	0
1048	89	0
483	77	1
1453	68	0
2007	226	1
2151	171	0
2282	235	0
568	13	0
1776	164	0
2158	62	0
1104	210	0
1597	280	0
485	34	1
1215	35	0
2003	101	0
1511	10	0
660	149	0
1243	138	0
853	248	0
1713	185	0
863	252	0
1041	38	0
1528	26	0
1169	184	0
196	259	0
1444	16	0
98	189	0
1268	117	0
1494	279	0
995	70	0
36	146	0
1619	189	0
1801	202	0
427	169	0
56	197	0
549	128	0
986	274	0
274	6	1
846	100	0
1245	233	0
2309	195	0
1509	71	0
1969	72	0
1752	10	0
1214	100	0
1691	253	0
1596	95	0
1273	202	0
49	184	0
1789	142	1
624	146	0
612	46	0
1170	26	0
803	196	0
2106	37	0
350	214	0
877	84	0
214	55	0
1639	75	0
565	241	0
1906	212	0
598	122	0
353	77	0
1326	47	0
1495	198	0
2218	192	0
819	84	0
795	56	0
1439	67	0
1315	122	1
175	52	0
347	200	0
2127	244	1
937	231	0
152	14	0
135	6	1
311	102	0
7	257	0
662	192	0
701	225	0
575	263	0
300	245	0
2199	241	0
104	77	1
350	100	0
775	166	0
1907	86	0
434	103	0
1263	271	0
2242	196	0
1406	108	0
1127	215	0
453	221	0
35	114	0
1289	38	0
1506	209	0
686	49	0
1780	182	0
1191	225	0
1103	77	1
316	263	0
2187	34	0
354	62	0
1159	212	0
534	2	0
982	245	0
1195	203	0
321	80	0
887	171	0
1638	109	0
30	80	0
1570	94	0
1380	8	0
88	224	0
547	50	1
1821	155	0
1778	61	0
1213	205	0
2200	229	0
2213	216	0
205	128	0
1238	215	0
1195	219	0
1938	31	0
147	281	0
1190	48	0
2067	165	1
1988	85	0
1699	220	0
1918	41	0
935	65	0
221	6	1
1286	251	0
254	99	0
426	252	0
1993	296	0
2233	236	0
616	243	0
2025	34	0
509	278	0
614	190	0
2278	277	0
1305	20	0
1242	58	0
1156	129	0
276	14	0
174	7	0
663	32	0
131	32	1
1951	108	0
1130	277	0
278	271	0
179	241	0
567	27	0
2306	32	0
2209	76	0
2214	152	0
1622	190	0
459	0	0
852	219	0
1291	30	0
295	26	0
414	265	0
1143	87	1
3	82	0
861	153	0
2276	31	0
270	213	0
1597	265	0
1183	274	0
103	138	1
619	205	0
1140	296	0
984	82	0
1841	122	0
615	239	0
1674	101	0
2284	284	0
2102	76	0
1576	64	0
354	260	0
571	83	0
1470	154	0
1364	149	0
198	92	0
454	84	0
1338	229	0
1209	91	1
1000	16	0
647	124	0
193	6	1
1665	191	0
605	110	0
237	6	1
1470	134	1
1848	194	0
65	50	1
1567	97	0
2328	265	0
143	102	0
1712	271	0
1750	294	0
1489	56	0
1898	89	0
333	6	1
328	173	0
2185	131	0
1582	94	0
1560	188	0
1183	144	0
463	151	0
1642	255	0
1290	117	0
730	7	0
842	273	0
1808	124	0
208	67	0
1594	32	0
1358	40	0
390	184	0
2271	29	0
197	63	0
500	48	1
1065	92	0
781	0	0
1789	78	0
1892	85	0
390	275	0
1666	89	0
1415	24	0
1212	9	0
419	48	1
1046	297	0
1044	114	0
1197	264	0
121	58	0
2031	52	0
426	180	0
212	151	0
213	30	0
2096	274	0
1447	66	0
1822	114	0
528	138	0
2283	286	1
1281	68	0
1718	175	0
1541	95	0
1098	144	0
2017	114	0
1568	116	0
421	91	0
2284	160	0
989	56	0
919	182	0
877	36	0
73	39	0
337	181	0
2091	36	0
1103	231	0
514	1	0
16	13	0
1193	244	0
46	93	0
2257	255	0
1042	219	0
717	53	0
1252	79	0
1113	46	0
1194	172	0
1574	261	0
1550	138	1
777	91	0
2168	102	0
1229	288	1
1091	206	0
91	184	0
424	269	0
550	268	0
2265	256	0
1361	210	0
774	78	0
581	220	0
43	238	0
1607	248	0
380	145	0
929	258	0
2153	187	0
2044	289	0
332	116	0
1349	124	0
248	153	0
1389	139	0
1225	283	0
613	12	0
629	77	1
651	45	0
1380	131	0
1381	255	0
2253	39	0
489	220	0
1134	64	0
534	64	0
1273	42	0
76	173	0
2023	41	0
883	52	1
266	4	0
104	113	0
1737	55	0
1043	197	0
76	71	0
738	42	0
661	252	0
812	266	0
1147	260	0
1689	178	0
1324	205	0
708	226	0
1332	192	0
316	272	0
1511	284	0
1000	147	0
1613	3	0
2161	160	0
1614	154	0
477	12	0
594	208	0
671	82	0
787	210	0
2103	165	1
719	168	0
994	52	0
1447	187	0
463	32	0
372	233	0
333	108	0
796	101	0
140	6	1
28	109	0
1726	122	0
150	100	0
1745	175	0
864	9	0
2084	28	0
374	178	0
2177	112	0
937	240	0
61	169	0
99	154	0
1421	97	0
1900	265	0
481	68	0
468	130	0
720	16	0
2194	11	0
2249	273	1
122	19	0
824	104	0
94	48	1
553	37	0
1417	16	0
798	181	0
150	153	0
580	233	0
2085	223	0
764	168	0
232	271	0
1917	299	0
2227	79	0
1840	230	0
353	281	0
581	290	0
1254	117	0
1146	79	0
328	28	1
2303	120	0
2204	234	0
120	11	1
2203	258	0
344	127	0
2114	296	0
1145	103	0
1196	199	0
2108	66	0
1065	134	0
1597	267	0
879	76	0
814	202	0
857	197	0
1820	297	0
506	254	0
2181	244	1
1500	225	0
780	69	0
1126	90	0
952	29	0
870	76	1
2181	114	0
1840	128	0
405	265	0
421	260	0
2116	170	0
2127	25	0
1955	23	0
847	42	0
1273	165	0
1126	289	0
916	115	0
594	121	0
1578	185	0
1460	109	0
1484	125	0
2302	33	0
311	42	0
850	73	0
1257	56	0
1148	197	0
1730	0	0
2095	59	0
258	255	0
1154	262	0
835	286	0
1300	64	0
1253	175	0
1900	73	0
58	34	1
675	166	0
2173	212	0
626	292	0
859	19	0
426	57	0
1708	95	0
1972	239	0
471	289	0
296	54	0
1540	47	0
1483	220	0
1326	31	0
500	210	0
146	294	0
2300	4	0
1736	292	0
697	280	0
1798	130	0
21	132	1
50	113	0
1460	119	0
1914	38	0
2157	76	0
12	14	0
1912	209	0
849	225	0
827	82	0
1094	62	0
1742	146	0
1657	27	0
103	153	0
25	283	0
1681	197	0
639	203	0
1775	28	0
368	126	0
944	160	0
1090	21	0
380	170	0
43	146	0
907	7	0
2299	67	0
751	41	0
1847	80	0
1087	219	0
1749	96	0
945	138	0
76	290	0
892	134	1
1992	175	0
1215	190	0
966	99	0
401	17	0
726	150	0
487	233	0
433	8	0
1641	245	0
1443	131	1
716	149	0
168	293	0
558	64	0
1749	296	0
747	85	0
102	48	0
1635	72	0
1078	3	0
1512	191	0
1090	208	0
926	211	0
373	272	0
821	218	1
620	37	0
765	205	0
177	167	0
1342	248	0
1413	75	0
1009	18	0
1632	267	1
1804	194	1
932	139	0
174	173	0
1715	78	0
1719	262	0
1711	157	0
2004	232	0
1517	221	0
2008	244	0
552	34	1
933	197	0
187	98	0
1839	282	0
467	142	1
959	109	0
1174	267	0
880	190	0
2250	82	0
843	201	0
1378	289	0
274	195	0
2117	20	0
2279	22	0
1367	201	0
1651	56	0
492	2	0
2195	204	0
902	124	0
228	129	0
1452	46	0
1739	27	0
1472	254	0
1647	155	0
1403	255	0
1631	116	1
597	224	0
367	159	1
1300	98	0
2070	39	0
2281	219	0
2249	36	0
674	201	0
611	40	0
1390	274	0
2310	156	0
235	297	0
1026	142	1
1696	180	0
263	165	1
48	282	0
273	8	0
94	104	0
637	258	0
464	244	1
394	253	0
166	257	1
586	34	1
1578	76	0
726	98	0
1885	270	0
349	249	0
1533	179	0
1004	73	1
2185	240	0
1896	92	0
1777	18	0
1321	52	0
1255	177	0
1485	106	0
2115	235	1
2302	41	0
1784	295	0
2217	101	0
1788	283	0
68	42	0
903	78	0
271	126	0
1852	244	0
565	151	0
316	152	0
1150	135	0
485	38	0
855	290	0
2022	5	0
1044	137	0
1400	14	0
1946	56	0
1042	277	0
1311	62	0
1131	146	0
50	187	0
225	184	0
1544	279	0
906	53	1
719	291	0
1311	115	1
1696	167	0
1534	61	0
45	215	0
536	273	0
227	224	0
1288	68	0
712	64	0
953	12	0
468	110	0
1540	222	0
1271	19	0
586	146	0
631	174	0
888	149	0
290	232	0
2246	28	0
1133	297	0
566	42	0
818	132	1
2020	146	0
328	85	0
78	165	0
105	37	0
413	31	1
1551	68	0
146	19	1
2277	139	0
1949	179	0
779	149	0
283	276	0
1813	68	0
553	298	0
1702	289	0
43	136	0
1378	149	0
235	9	0
672	199	0
978	84	0
149	89	0
1722	33	0
422	261	0
185	23	0
2200	207	0
1725	93	0
999	99	0
1808	294	0
370	276	0
1365	10	0
2179	70	0
876	132	0
2224	249	0
81	244	1
2137	118	0
196	161	0
104	6	1
1756	37	0
1349	64	0
1790	149	0
263	249	0
1724	113	0
1020	9	0
830	85	0
1258	118	0
2197	251	1
1385	200	0
1270	284	0
1614	148	1
1174	146	0
753	73	0
766	48	1
1804	47	0
562	146	0
819	267	0
1749	157	0
757	203	0
2094	165	1
1057	250	0
293	162	0
709	263	0
1771	256	0
2229	267	0
2130	211	0
78	191	0
114	60	0
2172	7	0
1505	220	0
843	126	0
1529	148	0
1712	184	0
1745	272	0
223	14	0
2207	257	1
2139	233	0
212	295	0
381	18	0
1940	86	0
659	227	0
1648	51	0
1115	77	1
838	50	1
227	291	0
556	38	0
1251	207	0
1357	201	0
1299	109	0
1039	228	0
87	120	0
1862	37	0
810	74	0
1255	119	0
1050	24	0
512	80	0
106	7	1
103	81	0
18	151	0
1515	235	0
409	73	0
807	104	0
2108	5	0
733	38	0
1661	0	0
1498	139	1
824	11	0
45	142	1
1874	225	0
1368	142	0
1059	292	0
1250	257	0
237	54	0
858	230	0
1198	211	0
2042	215	0
77	128	0
1231	28	0
618	213	0
2047	297	0
2245	273	1
478	7	0
1896	155	0
694	183	0
1171	90	1
723	51	0
99	37	0
727	246	0
1068	192	0
351	95	0
971	217	0
406	134	1
310	183	0
1973	104	0
1415	138	0
58	48	1
776	138	0
146	107	0
1550	197	0
1921	146	0
162	220	0
209	155	0
802	48	1
297	202	0
245	42	0
63	92	0
515	34	1
304	6	1
2048	241	0
496	42	0
474	268	0
2156	78	0
1756	141	0
953	33	0
1864	86	0
1096	222	0
2268	180	0
1383	229	0
65	105	0
826	281	0
1877	37	0
57	204	0
300	82	0
721	44	1
2136	124	0
906	276	0
2045	66	0
2296	164	0
665	208	0
1753	98	0
1119	284	0
208	140	0
1855	187	0
640	227	1
1830	45	0
1668	112	0
1131	42	0
407	121	0
710	207	0
2169	258	0
1678	197	0
2250	178	0
707	9	0
1998	4	0
68	8	0
1252	205	0
694	225	0
927	191	0
575	256	0
308	212	0
1470	283	0
614	131	0
1249	250	0
715	28	0
2296	171	0
2088	165	1
1178	187	0
1386	255	0
1654	8	0
2309	223	0
736	166	0
1589	40	0
2006	25	0
1899	254	0
149	291	0
2062	8	0
995	145	0
124	179	0
135	233	0
911	290	0
1418	38	0
226	45	0
1415	125	0
525	100	0
384	231	0
2212	126	0
401	99	0
1687	23	0
751	298	0
2110	83	0
322	0	0
1975	207	0
1719	247	0
2180	82	0
103	165	1
894	236	0
1209	129	0
557	215	0
145	274	0
581	83	0
1636	34	0
402	32	0
554	240	0
28	8	0
367	63	0
1724	215	0
1202	91	1
1343	23	0
286	286	0
1484	71	0
560	39	0
1620	135	0
2187	224	0
186	264	0
2184	14	0
1304	114	1
1094	229	0
1988	246	0
1311	109	0
1022	14	0
1996	182	0
2095	4	0
894	252	0
131	189	0
214	84	0
2134	159	0
1111	216	0
2327	50	0
1974	208	0
671	31	0
1193	59	0
551	297	0
764	12	0
710	48	1
2012	82	0
1482	60	0
788	49	1
642	223	0
1054	43	0
1300	279	0
339	6	1
1816	148	0
2169	234	0
2306	175	0
1894	192	0
723	273	0
1592	30	0
20	170	0
1096	114	0
1732	5	0
921	225	0
1408	114	0
722	244	1
549	192	0
2006	216	0
423	175	0
441	253	0
166	50	1
1748	24	0
776	64	1
611	271	0
63	37	0
1376	208	0
1493	240	0
1436	268	0
115	291	0
1139	129	0
1144	191	0
87	188	0
2255	49	0
470	288	0
1661	56	0
706	100	0
1183	61	0
1260	245	0
484	251	0
722	56	0
590	142	0
474	208	0
45	202	0
2306	184	0
1035	27	0
1235	91	1
1551	138	1
2095	14	0
1618	153	0
1233	21	0
605	167	0
573	113	0
452	234	0
326	253	0
1620	82	0
2282	98	0
713	172	0
681	128	0
80	135	0
1036	236	0
447	49	0
1029	186	0
1807	75	0
1466	296	0
268	9	0
596	260	0
2006	110	0
793	16	0
1749	178	1
1282	6	0
1395	180	0
10	115	0
821	86	0
89	21	0
2	9	0
2262	30	0
493	225	0
384	100	0
314	177	0
1674	54	0
167	146	0
1375	172	0
102	208	0
832	287	0
1918	218	1
1857	290	0
1059	77	1
2313	187	0
808	105	0
676	189	0
514	172	0
2139	224	0
1883	121	0
1893	26	0
981	97	0
1403	218	1
593	282	0
1133	56	1
1335	74	0
1741	149	0
21	45	1
724	254	0
953	109	0
1297	134	0
13	46	0
450	260	0
2207	281	0
50	86	1
2004	24	0
343	69	1
2177	94	0
831	285	0
1122	299	0
1395	44	0
158	88	0
1459	206	0
1945	1	0
766	100	0
717	267	0
806	11	0
1115	0	0
1866	299	0
1989	149	0
1985	251	0
1469	110	0
384	184	0
217	51	0
2251	228	0
1985	150	0
1539	123	0
1881	92	0
851	285	1
1291	177	0
427	32	1
2059	256	0
1417	237	0
1084	270	0
20	79	0
621	142	1
366	1	0
441	297	0
975	292	0
742	128	0
303	109	0
1458	280	0
1366	287	0
1996	73	0
634	209	0
866	216	0
1127	230	0
1275	63	0
1600	185	0
888	8	0
785	48	1
1875	22	0
1984	233	0
553	142	0
69	229	0
264	122	0
258	100	0
247	158	0
1041	294	0
2219	265	1
1256	234	0
879	130	0
548	152	0
1261	152	0
87	121	0
1166	33	0
1097	171	0
140	123	1
1073	120	0
907	24	0
2233	79	0
1311	176	0
1466	274	0
1610	264	0
2211	234	0
1713	203	0
1081	77	1
1741	174	1
106	212	1
1786	103	0
1259	154	0
113	44	0
140	194	0
1054	253	0
1245	269	0
2108	126	0
545	229	0
582	105	1
1890	225	0
1383	33	0
1018	205	0
1144	58	0
650	34	1
1277	42	0
2142	110	0
97	7	1
1185	224	0
1427	0	0
1431	290	0
1545	130	0
906	2	0
1056	143	0
678	88	0
949	109	0
2058	57	0
2310	123	0
2137	188	0
1573	238	0
1850	74	0
794	267	0
1928	89	0
1414	26	1
2123	17	0
2092	286	0
1602	96	0
1295	147	0
1542	153	0
25	227	0
2122	296	0
1937	64	0
1297	153	0
1469	193	0
998	256	0
656	120	0
2049	223	0
270	148	0
1172	92	0
21	75	0
104	266	0
2079	272	0
2227	52	0
1902	239	0
1072	185	0
1040	270	0
1090	191	0
1412	16	0
378	289	0
791	34	0
1412	164	0
1792	10	0
973	30	0
31	85	0
1359	101	0
279	26	0
2225	119	0
1740	229	0
1347	5	0
1248	274	0
814	59	0
881	255	0
250	19	0
270	152	0
988	65	0
1668	183	0
955	131	0
1838	9	0
626	110	0
1809	293	0
989	234	0
947	212	0
2002	80	0
823	76	0
1910	241	0
113	266	0
1895	123	0
1167	250	0
1892	255	0
173	43	0
154	131	0
330	273	0
2055	183	0
1320	73	0
1119	194	0
1370	43	0
1779	89	0
1410	277	0
46	257	0
254	6	1
1504	2	0
1748	132	0
708	54	0
486	183	0
561	142	1
1622	275	0
864	146	0
157	252	0
1887	211	1
1062	295	0
153	233	0
2042	41	0
2110	251	0
564	13	0
784	119	0
242	32	0
74	226	1
2016	268	0
316	41	0
1954	4	0
736	101	0
106	87	0
325	0	0
2234	222	0
2075	68	0
1795	40	0
1446	193	0
2057	122	0
894	81	0
56	19	1
1354	27	0
686	14	0
552	150	0
265	176	0
900	71	0
1726	38	0
2115	54	0
1249	38	0
1976	75	0
1660	45	0
2201	62	0
566	166	0
339	126	0
316	6	1
2126	213	0
32	132	1
2044	52	0
1600	285	0
965	159	0
500	19	0
20	278	0
852	50	1
1595	273	1
565	175	0
1316	205	0
1147	6	0
108	281	0
1074	286	0
1988	103	0
1943	179	0
2011	23	0
630	91	0
1073	247	0
1259	100	0
327	19	0
36	228	0
2080	263	0
1723	139	0
1161	202	0
2177	177	0
2127	133	0
160	94	0
1	23	0
178	50	0
145	163	0
289	51	0
821	78	0
2166	186	0
1292	174	0
1889	29	0
567	5	0
1693	246	0
1197	135	0
26	26	0
1800	219	0
1098	56	0
1086	207	0
341	116	0
1592	25	0
1211	202	0
129	249	0
1920	7	0
1018	162	0
1494	3	0
1458	51	0
910	162	0
2287	79	0
1023	290	0
170	123	0
1662	82	0
1076	77	1
1454	31	0
992	138	1
862	109	1
128	1	0
19	152	0
783	132	0
97	26	1
1192	94	0
1310	223	0
267	260	0
2145	144	0
2243	276	0
120	295	0
877	33	0
393	6	0
1252	253	0
2299	18	0
432	156	0
1957	16	0
730	112	0
912	23	0
1733	19	0
965	77	0
1883	151	0
1377	190	0
464	130	0
2184	170	0
317	164	0
695	296	0
2290	288	1
1536	190	0
1980	179	0
1842	253	0
2128	194	0
1808	3	0
2067	149	0
2121	295	0
385	21	1
1084	19	0
1760	203	0
128	234	0
1473	171	0
778	141	0
1048	87	0
1838	108	0
1247	15	0
1229	262	0
2079	33	0
23	180	0
1573	16	0
178	16	0
64	234	0
106	294	0
264	38	0
1880	129	0
142	217	0
282	272	0
1939	111	0
2228	242	0
2294	283	0
747	88	0
161	44	0
978	239	0
1616	268	0
8	187	0
973	235	0
1669	95	0
338	167	0
216	148	0
379	194	0
262	114	0
1315	206	0
2148	207	0
1675	12	0
1674	112	0
609	3	0
1360	103	0
719	24	0
462	69	0
1449	49	0
1860	211	1
557	81	0
694	133	0
1181	137	0
455	186	0
989	217	0
1287	163	0
170	285	0
1819	87	0
859	142	1
2289	204	0
1438	211	1
1676	86	0
785	49	1
2026	179	0
1486	13	0
1566	290	0
1158	57	0
307	165	1
1600	219	0
456	34	1
1141	215	0
1220	3	0
421	9	0
832	86	0
1220	72	0
1841	175	0
1258	182	0
1173	248	0
1337	173	0
2223	96	0
1650	273	0
102	7	1
1258	89	0
496	105	0
1860	17	0
1729	98	0
1653	264	0
1995	115	0
1224	62	0
2234	208	0
1873	2	0
1052	263	0
263	105	0
1989	268	0
964	64	1
915	294	0
1612	2	0
564	81	0
43	106	0
803	50	1
257	234	0
85	108	0
1795	281	0
537	32	0
1667	100	0
1940	282	0
2126	137	0
2313	74	0
1953	242	0
512	34	1
2293	295	0
1252	6	0
337	244	0
1070	77	1
1094	111	0
1924	4	0
610	105	1
1314	110	0
1637	162	0
867	242	0
2138	271	0
60	286	0
2273	44	1
234	277	0
2232	60	0
748	201	0
1440	256	0
511	278	0
1606	204	0
277	249	0
1753	286	0
7	1	0
87	19	0
826	28	0
663	53	0
673	85	0
749	83	0
1897	180	0
860	50	1
2142	45	0
1074	214	0
895	104	0
2270	74	0
984	111	0
949	154	0
969	287	0
1453	142	0
480	203	0
356	39	0
508	5	0
2130	178	0
2271	299	0
1150	268	0
1145	78	0
2070	211	0
2243	133	0
156	53	1
739	289	0
2109	165	1
1218	277	0
446	40	1
1304	86	0
1754	108	0
1154	87	0
1463	48	0
504	50	1
258	225	0
886	188	0
1699	187	0
2293	214	0
2086	230	0
1798	20	0
1121	91	0
1755	268	0
2186	107	0
1152	101	0
1364	161	0
1205	28	0
1738	214	0
264	48	0
2008	226	1
1414	278	0
598	77	1
212	205	0
1850	283	0
1128	37	0
1538	6	0
1334	51	0
1128	175	0
486	219	0
1756	52	0
11	238	0
1417	26	1
1984	142	1
1701	203	0
111	264	0
1166	10	0
391	222	0
553	158	0
2295	173	0
896	277	0
1771	173	0
458	68	0
1327	201	0
66	50	1
1816	87	0
144	125	0
1324	198	0
277	6	1
121	68	0
1580	144	1
865	50	1
1918	217	0
2193	165	0
119	155	0
30	44	1
90	220	0
1987	251	0
59	226	1
1021	196	0
1294	199	0
1754	60	0
820	10	0
1143	224	0
1401	64	0
1955	71	0
1411	136	0
1385	193	0
819	75	0
1569	97	0
2095	137	0
1191	80	0
947	179	0
500	299	0
217	107	0
235	141	0
623	11	0
2152	109	0
1037	50	0
954	290	0
324	178	0
1818	252	0
1829	207	1
309	104	0
2127	42	0
1074	130	0
234	120	0
174	95	0
1220	0	0
2239	196	0
58	44	1
1493	299	0
150	19	1
187	261	0
1721	59	0
566	272	0
1145	95	0
1966	129	0
1951	222	1
2231	194	0
388	248	0
219	67	0
2266	42	0
498	259	0
1391	8	0
855	139	0
1147	276	0
1167	249	0
1144	259	0
1218	51	0
480	103	0
2170	120	0
465	185	0
1955	288	0
797	48	1
1548	155	0
1468	218	0
47	86	1
1246	49	0
1183	142	0
32	108	1
103	48	1
2019	1	0
2237	25	0
271	227	0
495	266	0
645	237	0
815	261	0
923	135	0
1328	151	0
2177	262	0
923	94	0
2232	94	0
45	59	0
1742	181	0
1556	248	0
1044	69	0
96	40	1
678	76	1
1708	126	0
1991	218	0
1585	170	0
1295	158	0
1562	118	0
520	1	0
536	276	0
68	7	1
632	197	0
1317	281	0
1146	174	0
836	201	0
513	34	1
208	206	0
1781	277	0
1482	275	0
239	168	0
216	62	0
191	298	0
331	274	0
321	6	1
924	21	0
1579	68	0
2190	33	0
921	160	0
1176	90	1
1268	202	0
629	52	0
1560	15	0
1154	232	0
1640	102	0
359	43	0
1598	145	1
131	246	0
969	279	0
1461	152	0
1188	252	0
1780	218	0
1135	259	1
906	9	0
280	49	1
1093	180	0
888	1	0
325	10	0
311	6	1
1682	226	1
149	26	0
675	136	0
1580	183	0
827	155	0
1004	183	0
1511	96	0
210	6	1
1834	109	0
1731	107	0
2064	101	0
545	48	1
1201	169	0
824	270	0
2042	239	0
2077	57	0
621	236	0
575	203	0
1552	259	0
1344	196	0
1309	176	0
682	222	0
1347	35	0
2176	233	0
1678	10	0
456	219	0
376	246	0
1076	265	0
1807	55	0
57	267	0
2273	98	0
829	15	0
1477	42	0
1060	148	0
653	153	0
2292	25	0
586	240	0
1598	185	0
963	249	0
2113	180	0
463	279	0
296	11	0
100	244	1
1793	55	0
2148	293	0
1976	275	0
13	184	0
656	151	0
1662	107	0
1518	112	0
943	237	0
1573	180	0
1410	70	0
775	293	0
157	274	1
2235	62	0
1966	142	1
143	68	0
358	190	0
396	7	0
2245	205	0
1067	182	0
1950	247	0
1019	185	0
243	124	0
363	247	0
74	212	0
2098	59	0
2217	113	0
1613	288	0
1079	164	0
2004	118	0
255	165	0
1387	145	0
1381	193	0
1467	155	0
219	148	0
2189	69	0
996	226	0
868	299	0
705	273	0
2242	111	0
1544	239	0
499	144	0
2033	39	0
1504	275	0
835	174	1
843	35	0
1350	117	0
1615	58	0
1507	8	0
426	115	0
809	188	0
183	298	0
725	131	0
2055	50	0
242	36	0
2101	27	0
1481	85	0
1429	85	0
443	253	0
1833	236	0
1645	123	0
1348	152	0
889	299	0
97	197	0
718	131	0
1204	201	0
987	254	0
1911	201	0
562	113	0
1581	122	0
215	43	0
858	167	0
2028	172	0
2267	180	0
1798	79	0
1187	290	0
180	243	1
34	265	0
2058	106	0
787	61	0
1742	200	0
1618	19	0
1730	220	0
1451	71	0
761	147	0
2021	227	0
173	56	0
2116	80	0
1632	237	0
1262	158	0
1066	291	0
862	218	1
562	215	0
1143	136	1
1114	76	0
1849	32	0
502	67	0
1616	275	0
2172	237	0
1042	181	0
1603	84	0
601	286	0
16	32	1
1279	151	0
1698	173	1
1231	165	0
347	140	0
1753	146	0
164	57	0
1470	84	0
981	118	0
832	77	1
2317	11	0
1771	100	0
165	273	0
891	138	0
1000	175	0
1032	283	0
268	89	0
1428	2	0
1132	78	1
640	19	0
816	106	0
1986	10	0
515	109	0
1781	173	0
686	182	0
206	143	0
824	189	0
282	143	0
351	72	0
934	8	0
150	108	0
1778	35	0
507	54	0
1165	11	0
1000	230	0
152	133	0
2086	240	0
1324	26	0
539	130	0
1466	3	0
159	66	0
1262	239	0
2054	288	0
473	45	0
1548	239	0
1692	195	0
1687	114	0
422	34	1
434	175	0
1905	75	0
753	151	0
1327	19	0
945	295	0
1575	282	0
1849	264	0
784	36	0
89	155	0
288	19	0
1327	67	0
66	244	1
2226	33	0
2001	127	0
993	129	0
1724	22	0
919	44	0
718	175	0
1951	269	0
1671	147	0
2100	166	0
2063	203	0
1211	133	0
300	60	0
1194	21	0
1785	284	0
14	34	1
1412	22	0
1445	226	0
1743	195	0
154	62	0
2299	194	0
704	50	1
1393	44	0
1606	268	0
1330	152	0
644	177	0
1634	246	0
258	101	0
35	178	0
1662	114	0
1415	71	0
12	191	0
1974	142	1
691	21	0
95	82	0
8	62	0
1387	202	0
1997	264	0
1034	230	0
827	55	0
2203	299	0
649	229	0
12	272	0
1821	112	0
1899	218	1
2021	10	0
2330	175	0
1990	229	0
1107	297	0
239	22	0
836	169	0
150	248	0
1841	19	0
1120	282	0
2274	142	0
208	227	0
438	40	1
940	58	1
1375	285	0
58	269	0
906	284	0
1928	183	0
2155	299	0
234	118	0
600	267	0
502	199	0
664	156	0
1495	226	0
846	35	0
1131	152	0
1674	1	0
738	189	0
291	119	0
2158	22	0
398	138	1
1141	233	0
1313	14	0
1315	84	0
2060	130	0
1839	211	1
1530	24	0
1083	134	0
701	48	1
2218	131	0
0	0	1
907	63	0
1640	164	0
463	167	0
1581	186	0
1875	102	0
1616	262	0
577	65	0
353	81	0
56	292	0
1634	237	0
1257	72	0
254	234	0
6	228	0
1667	215	0
2324	190	0
841	228	0
1960	36	0
58	7	1
380	207	0
1077	141	0
1596	188	0
2210	156	0
1236	13	0
4	225	0
2181	79	0
1227	96	0
1819	225	0
601	51	0
614	222	0
1896	181	0
2230	278	0
926	94	0
2297	109	0
1349	0	0
12	178	1
549	177	0
534	212	0
409	267	0
1766	54	0
945	59	0
154	118	0
987	119	0
1228	251	0
920	39	0
1063	229	0
1171	125	0
1650	105	0
966	48	0
11	251	0
2198	119	0
1701	125	0
1928	172	0
1140	34	0
1006	202	0
2182	73	0
1549	72	0
19	231	0
1533	242	0
1265	13	0
983	142	0
316	174	0
1668	240	0
1821	254	0
1077	36	0
801	260	0
724	165	0
887	105	0
2320	19	0
1655	96	0
795	48	1
1067	7	0
965	172	0
1477	137	0
1652	223	0
406	53	1
1778	49	0
696	264	0
2197	27	0
1228	111	0
2126	108	0
545	201	0
2228	203	0
1779	167	0
704	204	0
1796	259	0
653	175	0
675	174	1
1147	97	0
1973	125	0
1802	181	0
277	179	0
1362	242	0
2121	182	0
1072	8	0
828	78	0
1761	119	0
1585	75	0
576	193	0
324	134	0
1085	57	0
2089	220	0
308	173	0
598	163	0
98	22	0
1109	47	0
961	206	0
2042	53	0
423	282	0
1398	291	0
210	277	1
106	217	1
755	159	0
1099	146	0
1434	83	0
2004	83	0
828	20	0
2245	169	0
2189	213	0
1794	143	0
770	105	0
1501	141	0
2180	159	0
2154	181	0
1994	167	0
514	10	0
1615	203	0
1009	142	0
1512	233	0
2167	68	0
920	159	0
93	172	0
1939	176	0
247	29	0
817	136	0
1673	122	0
1635	272	0
765	110	0
446	220	0
172	6	1
427	171	0
1692	161	0
514	207	0
839	15	0
993	218	1
189	206	0
1806	11	0
115	139	1
403	289	0
501	298	0
630	34	1
2315	17	0
88	50	1
228	141	0
1670	147	0
455	199	0
759	34	0
94	65	0
645	293	0
996	59	0
1366	69	0
1334	148	0
1596	107	0
1830	144	0
1302	263	0
1332	45	0
1562	56	0
284	107	0
1473	149	0
714	13	0
30	77	1
92	156	0
383	112	0
842	109	0
1994	182	0
52	138	0
1416	63	0
70	144	0
97	220	0
1969	221	0
623	279	0
444	30	0
1693	155	0
379	246	0
787	135	0
826	50	1
368	185	1
59	169	0
440	171	0
1902	241	0
1180	225	0
1902	284	0
695	78	0
310	272	0
2250	47	0
634	132	1
1761	127	0
1156	201	0
930	217	0
1918	275	0
1803	189	0
1178	188	0
852	5	0
1582	50	0
1395	224	0
618	138	0
557	238	0
1926	138	0
50	132	1
1505	59	0
1610	243	0
1383	143	0
876	94	1
2014	296	0
52	69	0
1421	0	0
1735	153	0
473	65	0
2164	102	0
2040	100	0
258	145	0
0	227	0
1896	85	0
1701	269	0
693	188	0
169	104	0
2252	228	0
1169	21	0
1757	186	0
1049	41	0
428	138	1
920	296	0
1737	29	0
1606	212	0
1262	69	0
2112	168	0
1909	144	0
1165	255	0
1889	84	0
2058	162	0
1505	138	1
468	105	0
562	34	1
1993	154	0
1606	231	0
992	223	0
2262	215	0
290	240	0
1132	280	0
1869	78	0
77	37	0
1800	202	0
2256	274	0
435	290	0
379	172	0
675	6	0
1790	94	0
32	74	0
1297	40	0
1050	243	0
1444	251	0
1029	27	0
387	285	0
2144	168	0
212	11	0
765	268	0
590	161	0
1243	42	0
1141	196	0
1756	92	0
2003	254	0
33	277	0
1635	234	0
1810	140	0
2141	237	0
2241	95	0
756	104	0
2094	292	0
2051	227	1
936	234	0
663	243	0
987	90	0
262	178	0
68	152	0
1174	229	0
1827	61	0
1705	268	0
1534	290	0
2150	85	0
1812	117	0
1110	77	1
2030	180	0
623	18	0
20	161	0
1942	14	0
1590	108	0
891	202	0
243	36	0
312	123	0
2306	144	0
410	9	0
1539	138	1
2178	217	0
542	196	0
1738	250	0
2224	267	1
1341	88	0
187	86	0
1923	168	0
502	141	0
1197	219	0
2081	254	0
39	64	1
1955	144	0
176	175	0
1450	16	0
1750	40	0
720	127	0
2169	249	0
1554	138	1
280	166	0
1275	105	1
1795	296	0
686	214	0
1710	174	1
584	7	0
1329	245	0
1659	241	0
989	30	0
868	177	0
2039	13	0
839	236	0
1951	193	0
1937	269	0
1041	245	0
1770	147	0
686	262	0
530	44	0
371	167	0
123	201	0
1157	204	0
580	94	1
2147	237	0
122	265	0
2298	280	0
1941	226	0
535	284	0
160	121	0
1252	71	0
705	4	0
159	297	0
1262	179	0
639	89	0
1894	8	0
459	207	0
1782	91	0
123	285	0
472	103	0
198	222	0
996	57	0
1151	57	0
1392	233	0
1967	52	0
841	195	0
358	205	0
1385	180	0
138	6	1
2287	299	0
1781	80	0
1146	37	0
1059	54	0
1192	272	0
589	216	0
100	255	0
297	288	0
1400	35	0
807	271	0
1049	89	0
847	15	0
2108	201	0
634	58	1
714	43	0
689	66	0
2257	273	0
1272	264	0
1150	88	1
815	256	0
902	24	0
573	136	0
1202	190	0
1573	32	0
300	227	0
1672	266	0
785	207	0
922	254	0
2262	171	0
321	64	1
1749	72	0
970	164	0
1475	291	1
961	298	0
1434	270	0
290	215	0
1306	112	0
1513	61	0
2277	42	0
1519	9	0
1337	112	0
1847	256	0
2286	92	0
1734	12	0
2051	85	0
463	8	0
465	278	0
1349	87	0
711	82	0
1325	181	0
2319	119	0
847	101	0
9	139	1
268	194	0
1403	93	0
704	92	0
1434	47	0
2185	48	0
101	236	0
544	208	0
442	40	1
289	27	0
1730	250	0
614	105	1
1829	147	0
1699	74	0
2298	110	0
2178	291	0
2180	9	0
939	295	0
505	159	0
939	204	0
2196	35	0
2208	164	0
1580	1	0
612	283	0
421	78	0
1346	239	0
2204	244	0
207	63	0
2250	100	0
767	89	0
222	186	0
284	184	0
1395	40	0
1091	44	0
2070	61	0
761	21	0
1577	102	0
1577	165	0
1054	218	0
1249	225	0
845	218	1
1685	96	0
2291	39	0
525	220	0
1152	118	0
267	250	0
843	52	0
1395	8	0
1389	53	0
465	11	0
1609	26	0
850	210	0
1743	298	0
1618	156	0
2239	238	0
2002	207	0
1059	264	0
43	36	0
150	123	0
171	90	0
654	251	0
1106	20	0
623	89	0
637	97	0
1577	100	0
115	149	0
556	200	0
1652	286	0
2210	14	0
247	6	1
1018	210	0
279	97	0
1852	211	1
1852	123	0
9	132	0
1888	115	0
664	248	0
96	260	0
1578	201	0
636	34	1
675	3	0
32	40	1
1320	154	0
21	6	1
597	94	0
627	34	1
1889	212	1
123	157	0
235	86	0
437	123	0
2292	116	0
665	239	0
39	265	0
1086	186	0
470	161	0
409	59	0
429	133	0
681	34	1
2025	200	0
1992	206	0
2126	196	0
1064	4	0
912	116	1
631	240	0
671	174	0
1752	116	0
422	217	0
1957	117	0
245	284	0
322	167	0
1167	177	0
1413	163	0
1088	182	0
1124	3	0
1360	226	0
1048	179	0
1683	155	0
1822	66	0
1859	211	1
2209	81	0
934	173	0
1519	277	0
1609	148	1
2053	195	0
1911	7	0
708	4	0
1553	264	0
1232	59	0
2324	87	0
719	177	0
1182	27	0
2185	91	0
946	150	0
2166	178	0
1545	125	0
1553	66	0
1325	144	0
785	281	0
1207	281	0
1845	93	0
359	6	1
1707	253	0
1586	91	0
164	260	0
2204	32	0
939	230	0
2307	280	0
995	78	0
1264	174	0
1559	61	0
833	214	0
1287	98	0
2121	246	0
238	106	0
1932	196	0
410	22	0
264	14	0
68	116	0
722	294	0
1345	85	0
62	0	0
1345	157	1
567	274	0
1715	101	0
395	294	0
855	50	1
947	10	0
1246	215	0
1739	183	0
265	113	0
2045	44	0
1152	292	0
1448	132	1
2213	198	0
1355	233	0
574	204	0
1560	112	0
1579	281	0
89	33	0
1274	246	0
546	34	1
1259	194	0
2079	178	0
876	144	0
1681	96	0
1161	70	0
1567	147	0
932	216	0
1289	7	0
954	46	0
501	48	1
1947	38	0
448	137	0
1590	148	0
2221	158	0
37	123	0
1690	263	0
1812	180	0
1884	258	0
591	242	0
2203	182	0
1719	207	0
1882	208	0
1298	229	0
2015	117	0
1383	270	0
1809	100	0
1095	258	0
32	21	1
68	64	0
563	28	0
2072	165	1
1253	190	0
900	194	0
552	24	0
552	211	0
1255	130	0
392	128	0
1147	179	0
630	258	0
647	202	0
828	218	1
1819	248	0
951	57	0
1970	205	0
980	112	0
1113	66	0
2102	244	0
332	288	1
362	196	0
441	138	0
234	149	0
309	212	0
1314	282	0
992	154	0
1330	94	1
848	73	0
1821	90	0
1009	129	0
1618	279	0
2220	12	0
2188	271	0
47	109	1
725	36	0
1049	159	0
1570	264	0
1941	211	0
36	117	0
1375	128	0
992	39	0
1709	119	0
79	293	0
1646	114	0
1351	169	0
1638	268	0
5	114	0
1453	203	0
1810	96	0
248	154	0
225	130	0
972	176	0
1800	195	0
2154	183	0
995	92	0
1007	110	1
95	249	0
2143	293	0
519	34	1
1243	108	0
1807	233	0
187	90	0
511	34	1
1773	158	0
67	142	0
1804	4	0
60	19	0
2314	254	0
1349	39	0
691	183	0
646	189	0
141	180	0
1345	299	0
2237	178	0
531	190	0
258	299	0
202	154	0
616	272	0
1136	204	0
1807	172	0
476	27	0
1187	56	0
1231	212	0
1489	127	0
1035	30	0
269	136	0
187	198	0
2030	77	0
1082	235	0
1651	41	0
2290	118	0
1643	247	0
1291	140	0
2306	273	0
2182	16	0
425	203	0
686	188	0
5	3	1
373	179	0
1720	171	0
1355	15	0
1841	174	0
357	33	0
1645	199	0
1169	6	0
2164	181	0
1395	176	0
612	72	0
1721	105	0
413	89	0
1546	297	0
331	6	1
11	178	1
633	294	0
1787	9	0
1207	91	1
726	55	0
1024	188	0
1686	68	0
272	227	0
774	233	0
1294	251	0
1777	86	1
352	6	1
1440	188	0
462	51	0
48	177	0
608	65	0
2326	261	0
2123	16	0
1439	94	0
136	213	0
852	276	0
2099	277	0
1867	35	0
666	196	0
1439	89	0
1693	282	0
1510	57	0
1772	32	0
989	273	0
267	226	0
608	293	0
669	44	0
438	232	0
1666	160	1
945	184	0
2051	72	0
2074	102	0
2029	164	0
1135	251	0
2105	33	0
529	28	0
644	249	0
1562	20	0
871	188	0
1955	42	0
362	49	0
1302	190	0
184	13	0
1053	149	0
375	284	0
1279	255	0
756	15	0
277	134	0
1640	148	0
363	195	0
733	53	0
1667	99	0
646	288	0
335	123	0
1543	113	0
311	142	0
2100	165	1
998	27	0
803	189	0
951	262	0
2058	206	0
319	141	0
219	236	0
542	45	0
1862	200	0
213	133	0
558	7	0
2201	170	0
2182	183	0
1487	290	0
1143	124	0
1956	222	0
2252	133	0
536	226	0
1587	62	0
396	241	0
1143	172	1
644	231	0
1117	25	0
2093	238	0
1436	276	0
1766	275	0
373	24	1
438	172	0
169	34	0
1939	261	0
1465	116	0
854	217	0
292	152	0
0	167	0
2101	254	0
713	249	0
928	282	0
2324	17	0
981	13	0
1533	173	0
1966	134	0
1200	141	0
1761	282	0
1985	142	1
1326	33	0
1822	45	0
52	276	0
1363	268	0
2177	97	0
2169	277	0
1288	63	0
1085	120	0
1708	174	1
2025	225	0
137	6	1
1000	219	0
860	28	0
1893	287	0
1791	166	0
472	156	0
169	287	0
742	268	0
1819	19	0
1556	125	0
526	91	0
1412	227	0
364	104	0
2133	219	0
2123	204	0
1924	234	0
1097	217	0
2081	85	0
1676	163	0
149	73	0
51	34	1
1529	29	0
416	272	0
2300	27	0
2269	11	0
569	29	0
343	8	1
1450	274	0
1415	22	0
1536	97	0
549	64	0
359	123	0
257	47	0
1827	290	0
1771	146	0
610	78	0
1542	4	0
1468	53	0
779	103	0
457	279	0
969	171	0
560	148	0
1291	148	0
1667	32	0
1998	194	0
1952	242	0
465	138	1
134	194	1
884	48	0
770	273	0
113	150	0
2113	40	0
1536	160	0
1533	85	0
936	44	0
2175	190	0
784	282	0
46	59	0
2283	50	0
135	243	1
1367	52	0
1976	241	0
339	159	0
180	240	0
1977	293	0
1496	0	0
47	40	1
1514	219	0
2198	237	0
1935	162	0
189	274	0
2237	218	0
2267	114	0
921	79	0
946	180	0
2303	34	0
1700	172	0
748	123	0
1477	206	0
637	186	0
1867	211	1
1943	138	0
746	270	0
2157	299	0
1352	270	0
1228	212	0
1099	9	0
1862	115	0
1504	102	0
298	181	0
252	271	0
707	164	0
313	260	0
2135	159	0
2213	187	0
1562	207	0
2042	229	0
301	238	0
1297	10	0
2284	299	0
1133	280	1
75	196	0
70	265	0
1793	134	0
180	88	0
624	245	0
1924	220	1
170	79	0
361	18	0
531	71	0
459	289	0
150	199	0
367	286	0
2160	295	0
896	243	0
331	236	0
1030	278	0
382	58	0
1159	281	0
2314	276	0
161	261	0
1841	249	0
1946	246	0
150	125	0
279	292	0
2067	67	0
1264	144	0
430	32	1
138	146	0
43	91	0
1672	18	0
494	3	0
2229	3	0
556	98	0
797	296	0
2218	92	0
2279	73	0
1734	293	0
499	219	0
126	12	1
1730	46	0
922	159	0
428	50	1
1352	172	0
1237	287	0
1612	247	0
101	242	0
1429	226	0
2073	76	0
878	157	0
495	63	0
2050	292	0
2126	118	0
134	165	1
2018	114	0
83	48	1
887	45	0
1086	108	0
598	5	0
1866	65	0
1168	54	0
1076	211	0
143	19	1
2292	263	0
123	265	0
2050	56	0
789	106	0
418	206	0
983	260	0
1476	40	0
76	50	1
180	11	0
285	198	0
913	79	0
2304	133	0
1338	281	0
946	35	0
1626	228	0
1354	283	0
2298	87	0
196	227	0
584	297	0
1007	77	1
1681	207	0
789	252	0
2003	47	0
754	254	0
1425	26	1
1937	230	0
519	243	0
1273	198	0
393	207	0
2248	248	0
556	288	1
917	81	0
571	48	0
136	202	0
641	287	0
1536	267	0
571	157	0
118	234	0
2091	165	1
2250	63	0
695	18	0
1941	189	0
619	34	1
685	30	0
399	119	0
311	49	0
2115	291	0
554	218	1
1987	287	0
508	172	0
354	243	1
1574	50	0
1020	250	0
1159	90	0
520	103	0
125	187	0
810	185	1
155	118	0
2142	297	0
192	6	1
474	27	0
1537	99	0
1675	82	0
1528	258	0
1148	264	0
1393	175	0
652	135	0
2259	109	0
1	293	0
643	55	0
1116	253	0
551	161	0
871	76	1
1177	265	0
697	170	0
1095	164	0
1892	97	0
1898	0	0
1178	195	0
759	229	0
2066	262	0
947	280	0
1635	47	0
294	253	0
1926	114	0
1358	179	0
1633	170	0
2019	66	0
378	159	0
1008	76	1
876	287	0
1759	246	0
758	273	0
734	206	0
1008	184	0
581	223	0
1537	296	0
1272	121	0
1902	183	0
1880	143	0
725	106	0
883	197	0
1865	30	0
520	110	0
1939	218	0
1754	271	0
1095	162	0
1563	156	0
923	53	1
275	62	0
1354	94	0
2223	53	0
648	289	0
2141	120	0
2178	138	0
163	269	0
1168	30	0
44	175	0
491	140	0
1936	78	0
1844	73	0
1974	283	0
408	263	0
100	270	0
1234	172	0
1907	57	0
1677	27	0
1939	95	0
816	4	0
1623	8	0
1382	199	0
2030	185	0
1408	123	0
2310	155	0
75	7	1
1630	6	0
45	50	1
867	176	0
265	28	0
2002	19	0
2273	35	0
106	25	0
419	253	0
460	37	0
1945	225	0
1278	237	0
1252	271	0
1574	267	0
773	37	0
1538	122	0
719	211	0
2135	62	0
113	8	1
782	48	1
53	136	0
1441	44	0
1713	111	0
118	249	0
654	152	0
1989	132	0
1327	237	0
778	197	0
312	110	0
1596	277	0
1348	82	0
1981	221	0
334	121	0
1566	49	0
262	210	0
134	191	0
1785	148	0
1841	141	0
528	99	0
271	66	0
948	221	0
1195	175	0
1169	7	0
1580	35	0
1524	55	0
981	215	0
1513	142	0
1975	298	0
1684	51	0
792	184	0
2029	183	0
1236	168	0
2327	77	0
240	140	0
1222	258	0
543	181	0
2250	161	0
947	32	0
1405	292	0
349	182	0
336	75	0
904	298	0
1510	35	0
1178	28	0
469	233	0
2028	251	0
1871	201	0
1138	210	0
1294	245	0
1435	102	0
705	113	0
1968	142	1
247	129	0
915	72	0
45	70	0
2323	76	0
1367	108	0
1961	52	0
2013	225	0
770	187	0
467	262	0
413	35	0
512	227	0
1771	276	0
1302	232	0
2	156	0
1545	198	0
1326	78	0
295	153	0
960	61	0
1287	110	1
424	14	0
268	282	0
1341	8	0
2324	229	0
1591	293	0
1436	52	0
1028	192	0
1332	132	0
1506	98	0
1394	79	0
1162	204	0
936	283	0
632	146	0
1422	79	0
1543	119	0
855	74	0
860	207	0
100	113	0
568	221	0
1218	242	0
2092	191	0
1331	38	0
239	250	0
2201	42	0
691	281	0
767	88	0
1822	89	0
1523	97	0
1771	63	0
185	66	0
1692	249	0
154	158	0
1685	75	0
1014	131	0
1509	64	0
2073	233	0
2280	259	0
441	213	0
2073	205	0
1629	184	0
2118	250	0
1839	9	0
1364	237	0
2144	77	0
1438	112	0
249	267	0
1330	134	0
1558	161	0
1528	75	0
1327	217	0
47	263	0
79	100	0
2100	226	0
123	196	0
988	242	0
658	272	0
2257	73	0
2201	154	0
1092	60	0
1701	19	0
1131	91	0
2312	55	0
18	5	1
311	31	0
2279	298	0
370	248	0
1425	53	0
1789	127	0
2038	80	0
1616	28	0
2095	140	0
360	6	1
767	16	0
2085	172	0
1975	3	0
1393	272	0
393	176	0
671	210	0
541	158	0
188	25	0
791	249	0
1236	203	0
1	29	0
1908	223	1
2259	156	0
1081	184	0
2205	118	0
782	198	0
2157	36	0
1950	298	0
2093	280	0
1932	83	0
2059	165	0
1340	119	0
2239	264	0
1630	23	0
2040	289	0
1413	26	1
1731	183	0
1248	269	0
288	106	0
1623	199	0
1706	40	0
1711	132	0
1659	9	0
1810	117	0
2128	247	0
560	142	1
2166	89	0
2121	236	0
1652	178	0
2330	272	0
2325	131	0
739	2	0
2264	181	0
2123	253	0
1678	137	0
1690	1	0
1217	17	0
1292	54	0
135	269	0
1967	178	0
103	182	1
533	80	0
972	10	0
2268	134	0
1817	72	0
1795	104	0
1924	205	0
2197	129	0
21	71	0
1409	33	0
604	129	0
487	247	0
263	202	0
517	286	0
617	162	0
294	161	0
52	231	0
333	278	0
2206	265	0
1642	66	0
1079	100	0
1782	148	0
2235	254	0
1445	126	0
1311	297	0
1871	240	0
863	161	0
1114	87	0
96	291	0
473	225	0
229	292	0
1994	43	0
1601	230	1
1586	62	0
1422	299	0
1951	191	0
1993	219	0
237	114	0
900	136	0
2049	238	0
1735	74	0
898	279	0
1372	174	0
1586	228	0
1773	139	0
635	161	0
1805	249	0
1866	94	0
1063	112	0
2279	252	0
1592	248	0
1472	155	0
810	121	0
283	157	0
1074	77	1
256	79	0
1963	107	0
594	175	0
130	58	0
467	54	0
62	244	1
123	33	0
1611	154	0
895	56	0
1887	194	0
2179	15	0
1758	290	1
1106	15	0
1306	163	0
988	150	0
101	208	0
580	255	0
2152	29	0
1361	108	0
2221	288	0
619	45	0
725	134	0
369	136	0
1621	190	0
1413	260	0
54	115	0
2224	215	0
1300	68	0
165	4	0
1766	95	0
1972	221	0
87	148	0
655	250	0
665	65	0
1700	139	0
2255	240	0
107	31	0
1802	194	1
1450	194	0
1507	197	0
1405	183	0
1310	227	0
545	10	0
581	261	0
464	229	0
1252	90	0
1638	118	0
1354	173	0
1875	191	0
30	119	0
440	2	0
1074	256	0
1951	112	0
514	215	0
1276	105	1
1366	186	0
909	195	0
1274	106	0
588	175	0
1551	264	0
1215	293	0
200	86	0
858	270	0
1277	205	0
185	6	1
679	217	0
564	121	0
83	247	0
348	175	0
406	271	0
1758	162	0
2131	228	0
371	116	0
2234	47	0
329	237	0
419	246	0
1770	111	0
29	253	0
185	186	0
1806	289	0
1864	268	0
585	106	0
1660	157	1
1915	179	0
228	3	0
2126	289	0
87	29	0
2147	112	0
1255	137	0
1911	154	0
1040	187	0
2169	36	0
1759	66	0
624	210	0
318	61	0
677	148	0
872	122	0
569	36	0
693	42	0
431	289	0
2	79	0
527	34	1
401	71	0
312	147	0
1814	109	0
361	108	0
1451	132	1
2052	133	0
2161	169	0
1521	143	0
1529	121	0
2022	133	0
413	98	0
1655	71	0
218	195	0
2021	190	0
1020	75	1
1687	123	0
643	105	1
8	278	0
2186	266	0
2156	217	0
1931	110	0
381	223	0
1327	211	0
1145	261	0
17	275	0
1613	9	0
242	49	0
1555	143	0
1356	211	0
360	223	0
233	204	0
1705	77	0
1905	188	0
2164	81	0
2205	82	0
538	144	0
2267	60	0
978	99	0
1024	204	0
1531	169	0
1777	289	0
1045	28	0
1204	111	0
909	142	0
2287	288	1
1098	77	1
1517	225	0
912	207	0
405	283	0
524	218	0
775	171	0
1159	86	0
1421	26	1
935	255	0
406	102	0
23	243	0
806	211	0
647	63	0
1080	288	0
316	198	0
841	240	0
2307	125	0
885	176	0
2209	120	0
937	150	0
617	63	0
1019	152	0
1143	121	0
112	183	1
724	157	0
2028	27	0
1308	97	0
658	22	0
1128	125	0
78	218	0
2007	186	0
1779	3	0
141	284	0
2019	272	0
1580	297	0
2004	289	0
138	271	0
1427	231	0
1002	94	0
234	245	0
326	128	0
138	185	0
2027	86	0
257	28	0
1179	91	1
495	50	1
2135	19	0
2013	271	0
1336	110	0
969	111	0
577	288	0
375	3	0
1012	5	0
2123	20	0
1285	234	0
1562	223	0
453	155	0
1345	246	0
1721	4	0
1817	273	1
1205	189	0
1110	128	0
200	176	0
954	249	0
1980	221	0
362	288	0
1330	281	0
982	74	0
1345	94	1
841	110	0
2291	254	0
1843	16	0
2196	14	0
827	60	0
607	77	1
2245	228	0
286	59	0
1616	42	0
2111	44	0
527	258	0
895	253	0
773	298	0
1060	288	0
2318	78	0
1027	117	0
480	257	0
1866	211	1
156	65	0
246	250	0
713	166	0
628	44	1
752	143	0
2198	32	0
2022	220	0
2310	223	0
367	283	0
413	100	0
1536	30	0
633	99	0
23	152	0
392	273	0
68	14	0
790	193	0
1779	248	0
957	212	0
1808	204	0
30	5	1
1028	178	0
305	285	0
397	3	0
1574	188	0
1602	19	0
2257	95	0
1218	251	0
2063	149	0
694	216	0
2145	15	0
1991	135	0
56	13	1
1458	200	0
468	34	1
706	236	0
991	69	1
2054	107	0
1543	101	0
25	269	0
2030	193	0
2328	82	0
1909	212	0
173	93	0
1373	260	0
940	46	0
656	271	0
601	163	0
1917	265	0
1218	174	0
872	50	1
1133	233	0
2056	159	0
1514	100	0
689	103	0
428	87	0
877	2	0
1762	205	0
202	116	0
1295	168	0
2007	290	0
1020	15	0
1232	266	0
1742	58	0
1541	269	0
1595	299	0
58	94	0
1282	213	0
2302	191	0
1694	182	0
453	153	0
2177	33	0
893	275	0
1413	31	0
866	26	0
1345	220	0
398	189	0
54	205	0
286	178	0
1397	141	0
1894	173	0
1527	218	1
721	265	0
2067	19	0
879	255	0
2265	283	1
486	241	0
1845	45	0
1935	253	0
2059	277	0
1602	73	0
882	237	0
895	67	0
706	34	1
977	72	0
284	37	0
1370	102	0
380	241	0
1600	63	0
1537	36	0
818	283	0
432	58	1
1510	146	0
50	177	1
58	199	0
1595	266	0
683	213	0
1822	175	0
2053	263	0
286	260	0
517	256	0
273	13	0
78	97	0
2279	29	0
567	257	0
219	6	1
826	180	0
1568	190	0
534	136	0
454	193	0
1823	212	0
2011	12	0
492	192	0
475	35	0
1377	26	1
1697	146	0
2272	69	0
41	252	0
416	135	0
699	251	0
1623	32	0
1225	91	1
95	185	0
332	14	0
1279	196	0
1808	130	0
730	16	0
700	4	0
1675	77	0
445	226	0
760	145	0
2260	138	0
817	84	0
1757	261	0
1520	288	0
1055	224	0
1601	157	0
2324	47	0
1418	291	0
65	247	0
1379	2	0
245	126	0
1316	216	0
198	130	0
1816	157	0
1644	288	0
498	265	0
2265	101	0
2033	40	0
588	224	0
1500	295	0
156	122	0
1562	291	0
925	55	0
507	246	0
5	237	0
316	270	0
1218	298	0
2103	294	0
708	34	1
462	11	0
1123	181	0
338	136	0
801	245	1
1209	140	0
206	6	1
379	227	0
274	0	0
2252	256	0
552	115	0
207	282	0
324	157	0
322	120	0
2042	66	0
973	240	0
305	160	0
1582	113	0
857	72	0
1137	59	0
1647	92	0
1428	111	0
577	34	1
1019	235	0
494	168	0
2079	195	0
900	59	0
2205	112	0
1426	228	0
1242	256	0
1471	237	0
1125	44	0
2272	245	0
42	251	0
750	199	0
1529	5	0
784	182	0
1594	262	0
1800	157	0
103	128	1
2025	190	0
342	179	0
1283	54	0
642	170	0
643	111	1
19	95	0
1072	33	0
933	75	0
109	48	1
483	90	0
247	144	0
748	163	0
1166	186	0
1870	22	0
1975	174	0
1342	194	0
147	291	0
358	72	1
2168	130	0
1980	283	0
626	48	1
1926	299	0
201	235	0
902	56	0
1655	249	0
1981	139	0
1027	151	0
695	29	0
1898	114	0
1034	149	0
2105	279	0
124	257	0
951	177	0
1362	235	0
30	292	0
121	180	0
438	91	0
717	62	0
1873	220	0
1632	91	0
1145	228	0
1344	5	0
1258	140	0
2171	190	0
2062	237	0
268	177	0
1215	112	0
675	34	1
2216	1	0
385	190	0
910	58	0
762	64	0
904	270	0
1362	107	0
1390	69	0
987	245	0
2080	165	1
139	69	1
1592	75	0
1600	231	0
389	282	0
1561	138	1
338	248	0
1144	269	0
2293	74	0
47	191	0
1160	138	0
1027	120	0
848	163	0
634	79	0
203	6	1
1087	281	0
305	90	0
1072	219	0
1421	139	0
2129	200	0
1707	179	0
2205	144	0
2199	220	0
1358	97	0
1182	23	0
127	34	1
70	250	0
437	14	0
227	292	0
1930	289	0
1927	119	0
1194	124	0
129	97	0
285	190	0
1049	259	0
1414	47	0
677	251	0
2002	140	0
547	34	1
166	205	0
979	123	0
1219	288	1
1580	130	0
1881	206	0
1448	128	0
1202	68	0
1125	77	1
1905	111	0
321	42	1
816	294	0
702	48	1
434	16	0
1187	117	0
1555	109	0
2225	284	0
1386	168	0
1257	165	0
1132	244	0
449	36	0
1741	241	0
290	8	0
1510	182	0
1974	122	0
2278	251	0
1305	23	0
744	271	0
909	150	0
2309	16	0
1420	294	0
684	160	0
1868	6	0
1434	151	0
1896	218	1
116	64	0
309	243	0
1408	91	0
2243	52	0
75	243	0
209	6	1
125	289	0
1494	53	0
818	124	0
922	53	1
1122	243	0
1117	160	0
373	116	0
1352	277	0
22	75	0
656	161	0
1049	82	0
1561	268	0
1956	150	0
1088	15	0
85	101	0
530	160	0
372	260	0
976	203	0
1182	232	0
2238	102	0
2178	149	0
1628	143	0
722	44	1
1518	143	0
1924	242	0
520	129	0
540	122	0
2072	63	0
1116	109	0
1571	223	0
1071	171	0
1343	288	0
1453	156	0
1383	126	0
431	6	0
750	12	0
1909	19	0
709	67	0
742	200	0
1056	115	0
853	223	0
340	232	0
658	94	0
285	203	0
732	185	1
2200	243	0
1126	45	0
2001	90	0
1913	253	0
605	9	0
1483	194	0
62	226	0
1885	149	0
1283	248	0
533	142	0
1726	92	0
1935	92	0
365	151	0
1397	244	1
1750	16	0
290	248	0
947	194	0
888	225	0
1029	276	0
917	152	0
2148	287	0
276	241	0
2206	143	0
163	143	0
1541	106	0
1602	231	0
2310	229	0
1060	16	0
1891	296	0
1094	36	0
2194	3	0
1865	96	0
1741	224	0
2128	112	0
1488	133	0
2011	30	0
1807	114	0
1871	12	0
776	240	0
404	131	0
1957	284	0
1988	96	0
1886	229	0
1747	26	0
1587	243	0
1633	145	0
1902	264	0
694	257	0
540	284	0
1623	289	0
1564	127	0
98	162	0
1420	17	0
585	81	0
2320	140	0
421	231	0
1880	235	0
433	147	0
653	62	0
289	241	0
565	101	0
1571	43	0
1414	42	0
1727	257	0
575	118	0
1030	77	1
2263	208	0
1552	8	0
156	286	1
610	289	0
1029	14	0
1794	45	0
1335	94	1
1046	109	0
1863	178	0
67	262	0
2038	8	0
1698	22	0
1148	112	0
787	7	0
2034	61	0
699	103	0
658	194	0
285	39	0
1318	130	0
843	275	0
1841	24	0
407	109	0
1384	224	0
1030	55	0
442	31	0
2069	153	0
866	187	0
1838	10	0
1390	26	1
1537	120	0
1199	148	0
227	189	0
1714	230	0
908	155	0
1270	116	0
181	27	0
1341	245	0
2182	244	1
814	35	0
1989	182	0
1183	18	0
433	285	0
2168	208	0
435	184	0
10	272	0
453	76	1
1033	9	0
1382	113	0
814	50	1
625	287	0
2262	160	0
1900	121	0
1495	45	0
632	28	0
329	182	1
1455	121	0
2068	277	0
2029	255	0
1151	267	0
155	206	0
1168	101	0
984	122	0
1436	223	0
2267	116	0
2019	113	0
1737	174	1
1997	162	0
526	34	1
1055	283	0
1513	299	0
1944	108	0
1524	86	0
2211	289	0
2182	215	0
955	121	0
1925	220	1
1190	140	0
358	238	0
860	174	0
739	193	0
866	161	0
1632	43	0
383	205	0
2087	264	0
2251	57	0
166	20	0
2153	129	0
480	208	0
137	108	0
252	40	0
2020	226	1
40	179	0
239	183	0
1915	259	0
97	33	0
2141	122	0
977	50	0
1757	234	0
486	106	0
2001	70	0
812	57	0
1199	146	0
740	273	0
1794	99	0
756	119	0
21	278	0
836	125	0
706	252	0
1274	109	0
737	112	0
1041	77	1
1715	130	0
1051	131	0
2069	6	0
832	15	0
1263	264	0
93	277	0
1576	213	0
2202	44	0
1879	24	0
1759	46	0
454	102	0
1662	162	0
1883	44	0
1010	225	0
1290	229	0
1306	15	0
1381	222	0
2299	251	0
977	275	0
1116	86	0
1212	48	0
354	136	0
2202	267	1
53	279	0
2056	150	0
1779	34	0
1491	50	0
158	55	0
511	10	0
506	68	0
1571	245	0
829	159	0
864	208	0
1863	179	0
95	226	1
2108	272	0
611	223	0
253	210	0
2029	32	0
763	188	0
681	48	1
686	77	0
1308	66	0
1601	277	0
1240	91	1
1346	94	1
1915	163	0
81	60	0
792	286	0
519	70	0
175	100	0
2039	136	0
2203	153	0
1494	181	0
316	249	0
1125	18	0
1068	179	0
1281	106	0
1613	185	0
419	50	1
2309	255	0
1483	258	0
1932	26	0
457	73	0
1563	17	0
326	202	0
2314	210	0
1972	289	0
1241	22	0
104	3	0
1554	114	0
2219	223	0
738	123	0
847	50	1
972	199	0
1082	184	0
332	137	0
1248	153	0
1602	178	0
1749	184	0
1604	24	0
2252	260	0
756	186	0
844	172	1
75	50	1
854	77	1
1263	42	0
312	252	0
1459	113	0
1848	296	0
1291	119	0
538	36	0
1002	122	0
1169	67	0
1403	289	0
215	38	0
558	274	0
1869	131	0
1935	272	0
2038	272	0
2009	225	0
2113	269	0
287	279	0
734	74	0
532	39	0
1464	230	0
676	25	0
1406	99	0
732	286	1
1268	105	1
1590	145	1
1271	107	0
703	75	0
763	108	0
333	2	0
555	218	0
1230	256	0
513	29	0
807	166	0
1258	183	0
626	298	0
754	140	0
1600	230	0
80	267	0
815	234	0
1017	117	0
1292	28	0
1921	152	0
1707	155	0
1370	171	0
1279	208	0
1557	138	1
1511	270	0
1654	274	1
1008	181	0
1483	206	1
404	41	0
1254	160	0
1071	228	0
2066	237	0
1184	219	0
133	155	0
967	141	0
163	205	0
1904	295	0
747	176	0
604	149	0
2041	101	0
1122	269	0
51	267	0
2036	136	0
1643	13	0
1844	3	0
1231	57	0
627	94	1
141	138	0
539	48	1
2133	241	0
316	296	0
2107	13	0
1544	154	0
196	19	0
1845	60	0
727	52	0
1359	169	0
726	281	0
237	58	0
269	246	0
798	93	0
1673	57	0
1992	222	0
1246	128	0
2144	51	0
680	144	0
926	187	0
134	53	1
2302	11	0
574	72	0
1916	94	0
2202	131	0
1812	183	0
1762	140	0
1154	88	1
151	52	0
1199	199	0
1132	250	0
708	138	1
572	268	0
601	78	0
1579	151	0
2300	138	0
1995	162	0
831	121	0
1164	282	0
2135	268	0
442	55	0
2249	218	0
362	199	0
892	29	0
1838	212	0
227	22	0
750	88	0
2000	191	0
1560	249	0
843	172	1
1624	68	0
887	47	0
375	264	0
1050	223	0
542	88	0
2047	71	0
1678	12	0
238	169	0
825	92	0
587	296	0
219	229	0
429	109	0
1462	212	0
1509	215	0
491	73	0
1444	256	0
1306	109	0
1658	264	0
2307	251	0
2151	234	0
1508	205	0
841	16	0
1954	182	0
732	275	0
305	251	0
1745	268	0
575	246	0
176	138	1
1034	245	0
1360	159	0
893	237	0
2300	207	0
388	60	0
1947	127	0
825	249	0
265	257	0
2161	116	0
1776	274	0
258	6	1
205	164	0
700	84	0
1347	6	0
308	54	0
229	34	0
746	179	0
77	82	0
32	43	1
2260	12	0
542	232	0
972	135	0
1977	63	0
893	146	0
750	114	0
675	101	0
181	166	0
2189	132	0
1475	134	1
559	82	0
2074	170	0
2246	271	0
327	220	1
1997	108	0
116	127	0
1030	52	0
1386	26	1
2049	41	0
496	5	0
960	202	0
350	150	0
2164	199	0
875	77	1
2218	73	0
1988	225	0
912	19	0
2210	230	0
900	21	0
312	41	0
1351	183	0
468	220	0
2172	159	0
400	74	0
103	260	0
909	89	0
1716	294	0
682	52	0
743	110	0
519	231	0
775	288	0
952	218	0
141	6	0
1138	284	0
60	244	1
735	204	0
1332	142	0
139	207	0
1932	118	0
601	215	0
1095	33	0
879	164	0
1320	148	0
21	33	0
345	177	0
2327	199	0
2271	164	0
1127	77	1
1472	69	0
1946	41	0
2132	32	0
1230	286	0
1707	87	0
116	203	0
2006	15	0
336	215	0
433	248	0
1342	292	0
1497	144	0
480	234	0
32	177	1
667	155	0
832	265	0
671	228	0
1329	272	0
1608	209	0
2307	184	0
372	138	0
1723	37	0
407	22	0
333	183	0
2255	131	0
1223	246	0
422	12	0
1979	55	0
1839	57	0
677	228	0
1542	72	0
923	88	0
48	129	0
1860	132	0
1979	259	0
1489	62	0
592	111	0
200	163	0
861	76	1
548	190	0
1602	118	0
634	50	1
725	24	0
1434	127	0
1990	249	0
371	298	0
82	66	0
305	131	0
1188	137	0
634	44	1
733	2	0
577	184	0
1344	16	0
437	206	0
537	148	0
1984	80	0
313	94	0
1149	202	0
431	256	0
1841	241	0
1301	282	0
2300	39	0
2	2	1
51	146	0
1571	106	0
318	6	1
2064	190	0
1671	177	0
1459	127	0
2128	289	0
541	139	0
1351	202	0
265	63	0
713	31	0
2095	293	0
1875	194	0
2107	140	0
546	120	0
2209	213	0
1373	94	0
879	256	0
852	204	0
1941	281	0
588	83	0
427	186	0
2203	227	0
787	41	0
1056	100	0
980	165	0
1747	251	0
104	117	0
1701	83	0
1125	219	0
974	24	0
755	154	0
711	114	0
2197	288	0
103	217	1
814	7	0
1990	278	0
104	206	0
917	129	0
1977	154	0
8	231	1
2256	123	0
1922	296	0
1097	58	0
1009	267	0
886	112	0
943	242	0
2029	113	0
1077	217	0
1026	48	0
478	135	0
1036	135	0
1428	199	0
190	19	0
73	294	0
1159	116	1
291	142	0
1533	107	0
202	179	0
2174	47	0
650	200	0
1484	166	0
1623	116	1
425	128	0
2245	206	0
1598	273	0
718	42	0
1884	197	0
572	117	0
320	46	0
878	22	0
763	178	0
2241	58	0
66	34	1
1139	201	0
1234	86	0
1704	148	0
1954	92	0
979	167	0
374	208	0
935	204	0
1196	172	0
1629	212	0
1147	138	0
75	65	0
1851	61	0
2228	67	0
1977	18	0
2107	26	0
396	151	0
2149	234	0
1246	159	0
1391	225	0
1962	253	0
995	72	1
2134	93	0
572	10	0
652	247	0
791	109	1
95	279	0
1807	186	0
314	91	1
529	205	0
2232	150	0
1824	282	0
2028	54	0
1231	289	0
944	140	0
840	41	0
1963	91	0
1642	166	0
884	52	0
2079	15	0
1429	137	0
2096	92	0
1774	187	0
178	142	0
1360	173	0
1633	57	0
457	192	0
955	184	0
1369	229	0
2010	229	0
870	50	1
1361	42	0
1646	148	0
207	42	0
1036	191	0
488	256	0
1104	269	0
114	147	0
1762	254	0
1564	115	0
1562	160	0
1565	253	0
290	145	0
166	99	0
285	94	0
1611	116	0
443	250	0
1977	115	0
379	177	0
307	275	0
1260	8	0
539	104	0
484	34	1
1802	188	0
2011	24	0
426	114	0
1314	142	0
1282	109	1
1412	148	0
2097	181	0
825	243	0
2234	211	0
2118	80	0
388	207	0
1340	94	1
521	30	0
1041	102	0
1012	151	0
114	6	1
50	91	1
640	251	0
166	26	1
740	62	0
662	286	0
1018	70	0
442	172	0
2199	281	0
460	50	1
1474	97	0
533	124	0
127	174	1
6	142	0
2016	255	0
1797	133	0
971	293	0
1400	228	0
417	96	1
1566	86	1
1165	41	0
1284	65	0
414	107	0
1706	215	0
1178	31	0
1719	174	1
1863	172	0
254	174	0
2126	111	0
1389	237	0
1626	212	0
1609	243	0
1014	132	0
1299	111	1
928	227	1
2183	212	0
1864	211	1
1715	149	0
601	41	0
459	192	0
561	105	1
2173	65	0
469	120	0
1039	46	0
1128	38	0
2261	122	0
1635	128	0
285	6	1
850	150	0
975	119	0
2089	87	0
1514	115	0
1358	49	0
228	44	0
1783	101	0
1855	219	0
2242	145	0
2256	100	0
1820	200	1
2169	202	0
522	151	0
2082	10	0
1421	161	0
947	93	0
156	243	1
1679	75	0
1857	82	0
331	204	0
1197	91	1
583	131	0
260	6	1
1192	0	0
998	67	0
2131	115	0
707	48	1
329	155	0
160	52	0
728	54	0
1349	288	0
2170	103	0
1662	15	0
1360	58	0
329	206	0
1123	64	0
2218	296	0
225	26	0
1162	279	0
54	289	0
1718	114	0
2112	89	0
1023	277	0
1755	18	0
774	95	0
66	56	0
1417	204	0
1615	37	0
1981	252	0
624	295	0
141	155	0
2044	37	0
687	188	0
727	23	0
1972	265	0
1936	222	0
2281	295	0
967	6	0
1731	278	0
2129	244	1
59	61	1
1761	234	0
1882	221	0
143	6	1
1107	73	0
1460	266	0
1084	264	0
546	255	0
1295	172	0
333	151	0
228	53	0
325	218	1
186	112	0
1596	124	0
1982	190	0
1667	204	0
648	133	0
2234	291	0
658	211	0
975	40	0
1181	265	0
526	14	0
905	103	0
2096	152	0
1804	136	0
1404	209	0
259	52	0
335	206	0
1668	265	0
383	108	0
1704	183	0
1625	8	0
731	291	0
709	34	1
926	295	0
875	50	1
989	187	0
936	50	0
2120	32	0
715	196	0
618	272	0
2007	223	0
1693	33	0
2047	183	0
1905	218	1
1910	163	0
676	223	0
1212	151	0
1117	168	0
955	233	0
153	85	0
1119	76	0
91	34	1
229	251	0
2215	216	0
2172	204	0
1979	175	0
1358	100	0
1134	179	0
121	147	0
997	208	0
1183	2	0
1823	72	0
2056	247	0
48	17	0
1150	162	0
239	162	0
1881	12	0
672	298	0
1110	6	0
1139	49	0
695	101	0
181	62	0
480	250	0
988	271	0
1913	249	0
598	138	0
1574	283	0
472	255	0
806	238	0
853	174	1
2142	232	0
2268	168	0
532	60	0
1224	184	0
1828	232	0
2269	121	0
1510	104	0
2001	168	0
1434	146	0
973	18	0
605	165	1
475	103	0
975	25	0
392	27	1
2059	197	0
1980	99	0
680	50	1
527	145	0
659	18	0
641	17	0
476	180	0
421	153	0
778	198	0
601	276	0
652	157	0
921	41	0
2230	161	0
1304	235	0
800	116	0
228	6	1
1707	110	0
308	146	0
2016	166	0
1322	174	0
1964	240	0
2064	147	0
941	96	0
123	85	0
403	28	1
1429	138	0
517	141	0
1420	60	0
1307	236	0
1033	250	1
1701	242	0
488	128	0
1420	192	0
34	76	0
1385	217	0
537	83	0
1793	156	0
938	13	0
1609	141	0
2120	288	0
580	74	0
846	85	0
1077	15	0
458	113	0
1273	236	0
450	123	0
218	80	0
847	128	0
1222	173	0
2060	272	0
679	243	0
1116	187	0
284	180	0
266	124	0
1784	271	0
1948	203	0
578	187	0
1320	248	0
869	138	0
675	27	0
1452	132	1
1248	95	1
2287	253	0
1523	20	0
1792	160	0
107	199	0
1775	233	0
58	64	1
44	26	1
250	206	0
251	204	0
1873	39	0
1508	165	0
1122	105	1
1674	113	0
590	210	0
625	103	0
1322	82	0
860	294	0
30	30	0
423	136	0
293	93	0
715	131	0
217	129	0
1877	145	0
35	270	0
1175	7	0
2145	16	0
1494	63	0
14	222	0
2159	118	0
183	299	0
1273	105	1
431	294	0
1356	74	0
1072	180	0
820	167	0
1864	113	0
979	233	0
1287	47	0
2165	149	0
1028	296	0
379	120	0
1732	267	0
2073	46	0
2265	194	0
924	90	0
1538	200	0
1388	116	0
1864	147	0
2257	146	0
1205	91	1
200	68	0
2305	294	0
1108	128	0
979	221	0
2223	87	0
1777	75	0
1580	9	0
1413	125	0
40	110	0
1591	272	0
311	113	0
1725	49	0
2078	282	0
577	231	0
208	293	0
940	241	0
198	20	0
568	31	0
1227	291	0
991	186	0
605	211	0
1646	157	0
1707	134	0
2310	14	0
1246	92	0
1070	175	0
1040	193	0
82	7	1
1040	117	0
155	227	0
873	0	0
1349	180	0
509	76	0
1060	133	0
1904	163	0
1341	125	0
728	69	0
2177	293	0
1802	113	0
1237	44	0
1503	232	0
2134	294	0
1939	29	0
2234	37	0
82	121	0
814	52	0
680	115	0
1348	30	0
599	155	0
930	27	0
1527	159	0
1014	80	0
876	77	0
1782	264	0
1907	42	0
848	255	0
1706	57	0
11	87	0
2004	133	0
910	176	1
1349	249	0
1894	32	0
1736	52	0
1141	273	0
1141	27	0
448	242	0
668	120	0
1036	181	0
1187	65	0
1334	256	0
1563	64	0
1264	243	0
1254	119	0
458	141	0
1616	286	0
1902	292	0
345	274	0
1013	106	0
2085	54	0
1264	79	0
257	111	0
1906	97	0
1809	77	0
784	124	0
1762	267	0
1011	289	0
259	196	0
475	178	0
2301	239	0
1760	42	0
192	224	0
1299	5	0
188	100	0
492	166	0
155	125	0
72	7	1
1588	253	0
1549	73	0
1428	102	0
847	43	0
1325	275	0
1948	195	0
1687	52	0
545	271	0
872	20	0
1036	82	0
1755	174	0
2283	234	0
1342	199	0
1140	84	0
1984	145	0
348	109	0
259	68	0
679	48	1
2042	267	0
1852	181	0
468	189	0
689	167	0
1023	200	0
1257	195	0
977	156	0
429	77	0
96	213	0
835	142	1
317	46	0
2012	173	0
142	123	1
1376	273	0
1516	193	0
502	146	0
1205	187	0
84	235	0
566	121	0
2324	268	0
2107	281	0
1331	46	0
990	140	0
786	15	0
623	35	0
2066	10	0
2039	75	0
1933	95	0
1700	277	0
1984	199	0
1663	258	0
854	109	0
2266	45	0
424	35	1
1511	20	0
112	158	0
1518	216	0
47	79	0
274	83	0
643	155	0
367	118	0
1071	25	0
1817	95	0
1347	221	0
924	14	0
1602	191	0
1818	56	0
1069	125	0
1564	33	0
20	288	1
968	172	0
2232	259	0
111	68	0
141	223	0
188	53	0
742	243	0
1417	244	0
510	110	0
1780	208	0
253	45	0
1540	94	0
1865	80	0
424	58	0
1192	292	0
2254	175	0
1741	169	0
966	97	0
230	150	0
355	152	0
1633	164	0
2202	253	1
2236	178	0
2072	299	0
283	6	1
1011	164	0
1651	70	0
278	172	0
1570	148	0
456	265	0
1097	115	0
853	78	0
881	159	0
960	51	0
65	259	0
1662	296	0
647	184	0
543	34	1
1898	135	0
1660	71	0
683	242	0
395	20	0
2129	129	0
789	130	0
1159	249	0
1074	49	0
930	206	0
420	155	0
1449	47	0
1830	232	0
711	58	0
1182	89	0
1407	33	0
1198	118	0
1617	111	0
1089	263	0
1274	159	0
1138	216	0
1129	13	0
761	83	0
1426	37	0
632	161	0
665	269	0
1404	242	0
1195	123	0
654	285	0
884	126	0
1114	263	0
813	50	1
1330	186	0
1607	131	0
2008	202	0
725	296	1
904	140	0
159	263	0
2305	51	0
1715	96	0
1962	123	0
2072	205	0
1995	17	0
759	163	0
1953	32	0
704	276	0
1013	22	0
885	61	0
1448	170	0
1377	28	0
264	182	1
2154	123	0
1223	227	0
313	280	0
212	100	0
418	257	0
1569	65	0
271	73	0
1387	2	0
781	238	0
37	124	0
1918	249	0
705	254	0
955	286	0
614	159	1
1481	291	0
436	107	0
1049	28	0
2137	219	0
908	53	1
2093	266	0
1387	28	0
1581	266	0
2001	19	0
2132	65	0
993	105	1
288	220	0
663	50	0
2214	263	1
171	283	0
1267	195	0
1575	40	0
92	22	0
627	43	0
986	43	0
925	88	1
973	260	0
1255	83	0
290	42	0
1089	249	0
1687	77	0
1556	138	1
2068	213	0
1607	187	0
1936	131	0
716	219	0
1392	209	0
1144	42	0
1183	137	0
622	199	0
1349	245	1
686	96	0
1026	77	1
5	57	0
691	219	0
178	9	0
1565	18	0
380	57	0
245	47	0
1479	298	0
305	18	0
1270	233	0
928	269	0
1094	211	0
795	288	0
460	230	0
480	60	0
1443	106	0
1278	108	1
825	23	0
1668	221	0
414	52	0
506	236	0
740	184	0
2170	244	1
1755	166	0
406	266	0
804	63	0
1912	40	0
2250	27	0
528	48	1
598	123	0
694	50	0
545	27	0
1406	244	1
1612	148	1
586	208	0
121	11	1
988	3	0
2319	214	0
472	100	0
801	139	1
860	292	0
21	185	1
988	132	0
1968	26	0
2070	16	0
731	37	0
2286	146	0
1177	52	0
110	248	0
437	218	1
1500	138	1
1972	190	0
1423	136	0
2209	97	0
1417	106	0
1009	98	0
1563	216	0
681	178	0
882	47	0
1455	223	0
139	165	1
2124	144	0
2298	171	0
1971	83	0
894	79	0
2120	159	0
2019	59	0
1609	169	0
2224	243	0
1154	144	0
2162	244	1
2067	157	0
2326	233	0
1223	19	0
603	99	0
1918	251	0
865	74	0
1147	213	0
1218	100	0
1676	280	0
1844	279	0
732	285	1
991	242	0
515	94	0
535	48	1
727	286	0
114	165	1
1613	190	0
320	225	1
2225	177	0
977	147	0
132	265	0
1949	236	0
1881	296	0
529	31	0
1486	298	0
1279	8	0
554	69	0
923	117	0
67	226	1
182	20	0
306	35	0
392	183	0
740	18	0
1290	144	0
227	116	0
432	208	0
1302	91	0
39	32	0
139	103	0
1933	89	0
746	114	0
359	220	0
2253	188	0
384	169	0
2049	110	0
327	68	0
2119	170	0
361	170	0
2014	127	0
1511	255	0
1546	214	0
394	89	0
737	47	1
1924	24	0
495	159	0
434	244	1
582	34	1
2308	82	0
131	194	0
2020	55	0
146	143	0
1156	215	0
814	285	1
680	116	0
1205	170	0
1813	101	0
1819	32	0
1983	217	0
1837	190	0
422	209	0
1475	256	0
2153	235	0
1665	150	0
1947	50	0
781	84	0
2040	276	0
1710	249	0
482	71	0
1422	158	0
1349	164	0
2266	299	0
870	64	0
278	11	0
1328	72	0
103	263	0
353	128	0
1324	113	0
521	227	1
2111	222	0
80	119	0
943	75	0
1806	14	0
1205	77	0
340	220	0
650	7	0
1425	90	0
1517	134	0
352	77	0
360	68	0
412	136	0
898	6	0
1324	204	0
818	252	0
1409	91	0
825	183	0
1538	190	0
2189	249	0
1631	70	0
1758	22	0
1338	265	0
714	96	0
770	76	0
415	166	0
1272	105	1
1055	208	1
2165	88	0
500	212	0
989	130	0
926	53	1
1102	269	0
2209	124	0
794	260	0
1667	121	0
2257	20	0
1817	24	0
458	65	0
2113	243	0
1111	92	0
376	286	0
541	166	0
1323	147	0
459	103	0
363	203	0
767	48	1
2173	203	0
1854	135	0
585	34	1
1085	226	0
678	297	0
1254	126	0
596	43	0
1620	251	0
1190	161	0
2127	2	0
233	96	0
1041	235	0
411	30	1
1881	233	0
1017	51	0
2191	239	0
609	77	1
497	176	0
1470	144	0
933	106	0
291	295	0
2178	199	0
199	103	0
205	243	0
1300	212	0
1041	134	0
1144	51	0
332	40	0
316	187	0
1068	100	0
1710	17	0
59	283	0
2242	124	0
2328	6	0
1026	118	0
672	177	0
1821	253	0
1255	94	0
1933	46	0
1180	298	0
1242	59	0
392	150	0
1965	272	0
1644	244	0
1380	95	0
1794	214	0
304	119	0
1314	9	0
524	34	1
278	99	0
152	216	0
1639	271	0
862	27	0
1433	80	0
2154	235	0
828	32	0
127	26	1
336	155	0
452	41	0
261	6	1
454	0	0
674	34	1
263	242	0
1046	239	0
1708	152	0
1205	41	0
1581	14	0
2047	227	1
473	236	0
2188	217	0
331	258	0
965	297	0
1996	142	1
1366	113	0
1122	122	0
1429	43	0
1515	197	0
1168	8	1
1760	233	0
1333	167	0
561	6	0
486	34	1
1450	152	0
2161	5	0
899	100	0
428	105	0
594	237	0
888	192	0
893	45	0
604	298	0
1553	41	0
1161	34	0
433	6	0
70	94	0
671	211	1
800	77	0
4	224	0
806	179	0
957	175	0
341	81	0
1579	77	0
878	58	0
2100	128	0
1162	194	0
1151	286	0
2283	218	0
255	225	0
982	295	0
1126	183	0
2320	299	0
207	32	0
524	157	0
1730	147	0
243	209	0
467	99	0
570	183	0
547	48	1
548	222	0
420	268	0
511	291	0
2311	15	0
59	173	0
550	151	0
2193	26	0
350	251	0
1283	17	0
95	211	1
1772	113	0
283	47	0
171	97	0
308	145	0
703	48	1
99	203	0
932	152	0
273	66	0
1794	206	0
1834	103	0
1734	278	0
1794	230	0
758	11	0
1334	171	0
1352	37	0
1948	32	0
32	244	1
707	266	0
1018	26	1
1364	198	0
1379	80	0
192	48	0
761	281	0
654	126	0
1758	32	0
435	174	1
1563	239	0
1282	176	0
2219	39	0
157	148	1
571	164	0
1629	201	0
905	229	0
1648	296	0
1534	64	0
2042	227	1
701	47	0
1142	13	0
1877	78	0
1064	41	0
1505	79	0
1525	274	0
689	187	0
2196	166	0
1643	162	0
650	147	0
1396	288	0
1905	155	0
115	106	0
1339	191	0
455	48	0
2020	50	0
579	87	0
2083	253	0
2198	47	0
633	146	0
871	279	0
1736	170	0
1495	138	1
1790	135	0
353	293	0
927	250	0
1432	263	0
722	40	0
269	54	0
1559	273	0
586	243	0
216	226	0
773	178	0
1481	154	0
1032	298	0
668	278	0
155	6	1
934	88	0
1325	94	1
2312	124	0
434	50	1
581	297	0
238	62	0
1674	55	0
1384	91	0
735	159	0
327	89	0
903	95	0
1471	256	0
1943	285	0
307	221	0
1467	194	1
1370	6	0
1276	24	0
2072	15	0
1957	175	0
931	118	0
1479	64	0
461	271	0
641	34	1
320	53	1
1157	27	0
1705	29	0
57	91	0
1022	158	0
931	256	0
1366	179	0
852	218	0
2276	217	0
1570	254	0
2041	227	1
853	151	0
28	204	0
570	60	0
2034	184	0
833	247	0
1329	94	1
1254	246	0
1743	64	0
1443	161	0
120	26	0
1799	265	0
889	108	0
1159	162	0
2103	82	0
2310	217	0
1437	86	0
1236	89	0
2246	120	0
1032	135	0
2169	145	0
1666	142	0
1880	57	0
1676	295	0
900	225	0
579	185	0
893	217	0
2231	139	0
1475	109	0
1426	182	0
2067	80	0
1182	76	0
1871	176	0
2137	25	0
1366	71	0
792	49	1
1502	130	0
506	102	0
944	184	0
724	246	0
1615	287	0
2014	63	0
467	186	0
1382	172	0
1337	58	0
1945	2	0
1700	224	0
1218	170	0
1265	102	1
65	238	0
700	177	0
1696	62	0
1144	182	0
2060	268	0
2017	226	1
281	90	0
59	265	0
324	28	0
1185	6	0
244	6	1
1629	116	1
491	292	0
1535	111	0
2243	170	0
1398	109	0
206	62	0
58	46	0
1688	11	0
719	111	0
1448	227	0
794	167	0
156	32	0
1862	97	0
1096	187	0
2170	174	0
1326	4	0
717	166	0
1637	252	0
408	159	0
1434	106	0
1439	37	0
125	272	0
181	90	0
1427	273	0
553	34	1
2185	209	0
1188	9	0
1640	156	0
796	76	1
1434	276	0
178	161	0
1531	96	0
465	153	0
505	47	0
1638	34	0
153	93	0
1586	37	0
1505	286	0
1879	63	0
1334	285	0
2134	69	0
1902	232	0
578	129	0
713	89	0
909	215	0
557	37	0
160	49	1
366	232	0
634	111	1
290	85	0
2034	205	0
94	280	0
1870	297	0
2191	176	0
1332	2	0
959	262	0
233	90	0
1093	32	0
1573	270	0
914	157	0
1792	143	0
1790	284	0
314	187	0
1094	11	0
1150	43	0
1578	5	0
333	145	0
2243	178	0
1486	135	1
1120	6	0
16	270	0
563	226	0
1700	135	0
241	271	0
508	59	0
2104	153	0
114	20	0
224	15	0
1081	289	0
776	104	0
1762	125	0
2310	288	1
1749	176	0
2215	80	0
402	268	0
2108	202	0
188	276	0
746	140	0
1426	194	0
2183	102	0
1726	78	0
210	255	0
1772	23	0
1185	43	0
1994	245	0
16	284	0
398	30	0
156	165	1
751	169	0
505	275	0
441	224	0
49	202	0
1516	106	0
1466	242	0
1604	209	0
1443	199	0
1961	150	0
1054	87	0
614	188	0
2212	252	0
1019	285	0
403	48	1
36	238	0
2280	140	0
2163	162	0
136	284	0
1868	246	0
1951	123	0
1122	28	0
1599	247	0
770	107	0
1304	6	0
513	158	0
1243	173	0
2200	287	0
1125	196	0
188	205	0
2140	13	0
750	252	0
1981	257	0
135	177	0
1840	9	0
32	113	0
319	61	0
1013	41	0
450	286	0
349	251	0
1883	241	0
1348	51	0
870	189	0
2251	145	0
454	60	0
1382	274	0
1319	195	0
1866	256	0
492	45	0
1743	50	0
2068	202	0
1501	272	0
1642	271	0
1520	127	0
1819	241	0
1276	43	0
1312	293	0
734	7	0
2234	43	0
1174	15	0
54	11	0
673	15	0
460	48	1
655	150	0
851	110	0
2180	111	0
397	284	0
1315	30	0
105	7	1
40	123	0
1178	254	0
1686	213	0
2087	122	0
974	182	0
575	34	1
1055	26	0
1248	73	0
1963	208	0
263	56	1
1380	185	0
1259	6	0
2181	175	0
1704	198	0
1277	225	0
952	3	0
867	216	0
2208	102	0
2118	18	0
604	18	0
2169	105	0
2190	294	0
1649	17	0
1416	112	0
2013	7	0
690	18	0
774	261	0
1272	210	0
866	141	0
1919	38	0
1346	71	0
1147	255	0
626	271	0
267	108	0
703	76	0
1261	55	0
341	104	0
301	185	0
268	82	0
131	240	0
69	63	0
62	47	0
209	54	0
658	87	0
369	159	0
760	277	0
125	80	0
942	226	0
932	81	0
2004	138	0
1570	0	0
2040	258	0
597	34	1
1328	222	0
1888	228	0
581	62	0
1001	254	0
1855	241	0
125	99	0
1090	298	0
753	130	0
1054	29	0
584	135	0
1044	80	0
1972	264	0
6	85	0
407	91	1
41	281	1
2290	35	0
1746	60	0
772	99	0
457	48	0
1162	261	0
1434	32	0
178	6	1
2104	212	0
566	287	0
1661	280	0
1493	53	0
1572	241	0
579	213	0
775	203	0
1294	5	0
30	132	1
14	33	0
239	280	1
1410	2	0
2143	141	0
1721	116	0
25	141	0
980	283	0
1105	230	0
1651	156	1
1744	48	0
1021	265	0
600	210	0
327	282	0
1753	196	0
2025	23	0
1488	242	0
397	219	0
969	207	0
1488	44	0
2007	212	0
1667	26	0
1508	24	0
335	19	0
1435	167	0
1375	174	0
880	69	0
1359	89	0
762	6	0
397	150	0
445	200	0
581	202	0
701	34	1
646	115	0
1389	26	1
1871	79	0
1061	159	0
16	57	0
999	31	0
2024	249	0
250	70	0
246	202	0
723	274	0
1801	94	0
2102	116	0
1509	34	0
489	274	0
1621	116	1
279	132	0
2246	118	0
848	231	0
1462	62	0
2163	157	0
1587	80	0
88	74	0
1757	103	0
451	65	0
1187	165	0
1383	207	0
1249	26	0
595	4	0
620	190	0
1156	210	0
348	12	0
76	111	0
419	128	0
158	7	0
2068	17	0
66	7	1
1314	299	0
677	27	0
382	77	0
112	7	1
1959	258	0
1638	150	1
1101	169	0
1810	183	0
582	71	0
126	1	0
1502	288	0
482	57	0
1506	136	0
1418	127	0
76	4	0
805	50	1
1130	206	0
478	111	0
2217	271	0
601	202	1
751	228	0
1256	96	0
79	241	0
1435	72	0
1016	159	0
456	116	0
280	26	1
1631	11	0
1802	292	0
1897	277	0
495	16	0
1780	274	0
2143	10	0
417	126	0
2047	182	0
531	13	0
1243	66	0
1737	244	0
1016	130	0
740	246	0
250	108	0
1111	64	0
43	236	0
746	261	0
818	261	0
2322	249	0
1233	173	0
1748	103	0
36	150	0
954	189	0
1845	80	0
73	54	0
1701	173	1
293	129	0
34	190	0
939	156	0
653	160	0
334	137	0
1035	260	0
54	35	0
978	100	0
740	108	0
1250	260	0
2132	154	0
464	196	0
2182	180	0
1387	119	0
1294	182	0
1014	75	1
1847	18	0
1482	208	0
2025	172	0
2031	262	0
118	76	0
1326	275	0
1265	51	0
1804	172	0
1438	147	0
1886	257	0
2215	277	0
1797	191	1
998	62	0
1221	227	1
2192	12	0
294	12	0
519	180	0
562	208	0
2208	57	0
1706	191	0
202	53	0
1672	184	0
118	152	0
692	199	0
1875	282	0
2178	155	0
1321	264	0
1345	259	0
829	69	0
673	172	0
911	197	0
1278	18	0
1767	62	0
204	21	0
1336	159	0
64	31	0
1416	37	0
1378	262	0
1022	84	0
1327	188	0
1385	68	0
469	65	0
1775	100	0
398	94	0
2015	271	0
1845	135	0
2009	216	0
722	156	0
2234	267	0
938	103	0
1561	141	0
2105	236	0
571	49	1
1159	88	1
1827	206	1
1369	172	0
1534	42	0
1152	232	0
975	293	0
1366	188	0
96	158	0
759	35	0
679	127	0
671	127	1
437	77	1
1186	92	0
2174	247	0
1777	43	0
659	184	0
96	272	0
798	35	0
1152	149	0
1474	44	0
1090	221	0
553	193	0
626	34	1
1843	211	1
1983	94	0
104	27	1
1878	210	0
103	295	0
812	109	1
460	142	1
2221	267	1
832	42	0
430	134	0
1062	148	0
1247	95	0
484	101	0
188	103	0
2258	196	0
213	284	0
1482	189	0
1830	12	0
956	58	0
643	26	1
1501	250	0
775	119	0
258	185	0
674	174	1
2311	5	0
1274	90	0
886	26	0
764	101	0
714	46	0
317	189	0
1472	217	0
40	141	0
2191	146	0
1462	49	0
2080	4	0
2206	22	0
1245	77	0
1981	241	0
2015	169	0
1682	100	0
1708	103	0
837	79	0
1544	48	0
1043	64	0
311	276	0
2053	25	0
1403	138	1
1899	64	0
831	42	0
1926	238	0
1723	76	0
2327	196	0
593	134	0
140	192	0
1385	66	0
83	70	0
1144	213	0
1831	44	0
1618	130	0
98	112	0
729	38	0
238	25	0
219	214	0
982	139	0
806	96	0
1063	264	0
1578	72	0
1068	33	0
880	68	0
2056	269	0
603	216	0
2328	29	0
588	34	1
2175	244	1
2271	144	0
232	144	0
1994	51	0
853	281	0
462	281	0
1969	82	0
1508	124	0
1435	173	0
1261	40	0
69	5	0
538	292	0
1634	184	0
2295	272	0
1979	12	0
610	128	0
934	218	0
965	239	0
501	8	0
1041	287	0
1589	222	0
689	159	0
2304	282	0
1100	61	0
983	125	0
373	292	0
1812	83	0
156	261	0
2234	28	0
510	88	0
1385	179	0
116	232	0
103	50	1
2100	14	0
66	73	0
1087	89	0
365	74	0
1917	218	1
1558	296	0
493	177	0
411	15	0
529	173	0
2066	1	0
870	33	0
1423	184	0
1749	153	0
1923	219	1
1718	127	0
156	8	1
410	113	0
509	109	0
1865	85	0
80	22	0
436	298	0
61	97	0
361	203	0
2045	156	0
435	237	0
1841	116	0
2177	47	0
840	203	0
1913	134	0
1703	161	0
1501	101	0
339	68	0
2021	155	0
1337	54	0
125	177	0
1581	208	0
187	6	1
505	160	0
2053	19	0
51	1	0
1565	170	0
637	212	0
829	82	0
901	109	0
1057	251	0
2323	211	0
2137	176	0
1546	7	0
1188	251	0
1588	172	0
1668	13	0
19	82	0
1807	197	0
2155	256	0
1078	26	0
742	242	0
2087	0	0
1878	129	0
557	96	0
1703	173	0
741	220	0
453	249	0
2072	281	0
188	153	0
1445	269	0
625	90	0
1676	139	0
141	133	0
1797	111	0
492	30	0
1571	123	0
2063	228	1
1627	126	0
1518	16	0
731	104	0
1869	50	0
235	6	1
88	153	0
1891	288	0
821	50	1
1214	189	0
870	276	0
1131	123	0
763	90	0
792	222	0
1848	9	0
857	80	0
289	299	0
73	283	0
2129	159	0
802	50	1
873	279	0
1836	139	0
661	71	0
219	160	0
483	37	0
720	28	0
2144	26	0
1722	277	0
778	194	0
1973	86	0
51	5	1
1783	94	0
2319	80	0
2323	192	0
559	139	0
112	254	0
1149	51	0
455	34	1
1637	247	0
847	271	0
924	123	0
2227	28	0
1925	24	0
1559	271	0
2081	255	0
1132	296	0
1807	195	1
1562	277	0
1022	156	0
1238	91	1
2026	202	0
1739	226	1
1768	179	0
666	180	0
638	138	0
536	283	0
2039	159	0
1430	118	0
1260	279	0
1475	62	0
2175	50	0
1103	9	0
221	186	0
2073	101	0
1262	110	0
1282	20	0
294	144	0
412	146	0
2282	298	0
1627	183	0
799	265	0
1620	116	1
1607	22	0
822	234	0
464	155	0
872	62	0
759	281	0
771	283	0
1057	205	0
1382	108	0
266	92	0
1099	286	0
894	239	0
94	44	1
1290	168	0
343	246	0
1394	159	0
1701	127	0
2016	151	0
66	8	0
2035	231	0
1961	289	0
736	192	0
1876	86	0
609	10	0
2059	138	0
323	92	0
192	221	0
43	101	0
1890	163	0
970	24	0
1174	279	0
1809	220	0
568	253	0
517	183	0
1740	226	1
1890	276	0
1450	202	0
1503	248	0
680	40	0
2046	265	0
1328	98	0
812	227	0
2020	104	0
120	60	0
2100	281	0
740	43	0
1749	263	0
1365	278	0
585	94	0
346	137	0
622	75	0
1571	81	0
1285	172	0
81	167	0
2125	272	0
781	82	0
2248	167	0
234	26	0
543	238	0
1227	288	1
1875	27	0
1302	254	0
2233	185	0
2316	32	0
893	187	0
1732	106	0
548	26	0
1905	260	0
915	14	0
1338	259	0
970	269	0
428	80	0
1918	229	0
776	210	0
1933	92	0
43	164	0
30	11	1
2227	25	0
541	109	0
547	85	0
555	139	0
461	298	0
938	194	0
226	78	0
716	266	0
1504	261	0
1097	92	0
1562	198	0
2307	291	0
1125	192	0
1332	28	0
50	105	1
2231	130	0
1342	109	0
846	93	0
971	211	0
527	77	0
441	197	0
1132	282	0
2158	82	0
479	223	0
24	108	0
1659	218	1
1033	242	1
224	114	0
1088	247	0
2326	21	0
2312	274	0
1315	175	0
2071	96	0
2144	76	0
1143	215	0
2038	293	0
489	116	0
707	125	0
2187	135	0
261	22	0
2045	97	0
1615	190	0
600	47	0
1471	34	0
885	173	0
943	117	0
919	284	0
1956	54	0
238	214	0
1378	244	1
1384	24	0
2298	93	0
408	253	0
1447	137	0
368	274	0
1580	298	0
1699	173	1
35	61	0
1498	22	0
1902	274	0
1995	26	0
1239	166	0
1847	14	0
1552	148	0
1702	200	0
1971	43	0
784	230	0
1690	6	0
1576	7	0
1245	46	0
393	123	0
1617	288	0
135	287	0
1330	133	0
446	260	0
1291	166	0
1850	114	0
894	203	0
2280	120	0
920	77	0
1078	35	0
1246	260	0
1207	82	0
2157	244	1
1237	198	0
591	231	0
1349	112	0
419	82	0
1398	123	0
366	35	0
204	124	0
1868	149	0
994	41	0
2202	250	0
1835	188	0
2023	74	0
780	41	0
1370	24	0
1469	116	1
554	50	1
308	297	0
2068	198	0
541	146	0
687	292	0
270	28	0
238	122	0
821	256	0
406	216	0
68	132	1
233	30	0
1418	203	0
2152	72	0
1210	214	0
419	161	0
1163	150	0
399	65	0
1769	188	0
1251	279	0
1143	116	0
1603	145	1
1303	173	0
2014	112	0
2219	22	0
2102	281	0
1517	25	0
293	30	0
978	250	0
1766	218	0
2032	242	0
904	178	0
2310	299	0
735	138	0
2131	245	0
2265	26	0
1322	113	0
1118	11	0
45	36	0
2242	130	0
84	211	0
716	140	0
2128	244	1
633	74	0
1524	212	0
1089	267	0
1663	194	0
477	124	0
1888	271	0
1697	58	0
433	172	0
1946	156	0
1348	6	0
2188	131	0
2311	283	0
478	34	1
210	179	0
696	34	1
1876	23	0
1488	65	0
2148	226	0
2178	290	0
578	105	0
2042	171	0
2058	26	0
1293	109	1
1311	193	0
1234	22	0
1197	154	0
1021	189	0
860	218	1
1376	26	1
2117	126	0
656	239	0
1743	174	1
1986	42	0
566	244	0
2075	77	0
586	122	0
398	111	0
1007	26	0
1011	154	0
1466	28	0
1733	226	0
675	133	0
1242	180	0
1189	156	0
511	230	0
782	58	0
449	34	1
185	231	0
1546	147	0
396	277	0
2296	156	0
2319	196	0
1819	203	0
176	49	0
986	243	0
371	259	0
1811	38	0
1824	18	0
863	208	0
725	234	0
775	79	0
1136	10	0
709	41	0
1217	53	0
2099	299	0
386	271	0
1894	218	1
427	178	0
1942	189	0
1838	3	0
1447	126	0
1203	58	0
1884	11	0
1646	214	0
1853	103	0
496	91	0
1168	180	0
234	86	0
970	81	0
939	218	0
2212	90	0
776	48	1
916	17	0
348	228	0
2028	264	0
1319	3	0
929	95	0
571	166	0
2273	178	0
1916	76	0
1960	235	0
499	163	0
623	80	0
860	298	0
857	215	0
822	218	1
1940	27	0
1031	238	0
637	44	0
540	34	1
1153	179	0
802	224	0
1721	76	0
1091	15	0
1030	27	0
665	200	0
1726	90	0
1861	231	0
227	62	0
222	241	0
1939	143	0
2262	27	0
1745	262	0
134	229	0
117	26	0
245	49	0
2023	226	1
1340	232	0
877	61	0
2054	81	0
995	177	0
1300	245	0
1652	105	0
2326	259	0
63	50	1
915	162	0
2033	248	0
1319	94	1
1341	189	0
1338	126	0
2178	145	0
1784	250	0
2200	107	0
586	41	0
846	62	0
651	298	0
817	182	0
1195	288	1
15	298	0
2325	94	0
2227	122	0
654	34	1
1511	240	0
689	284	0
884	221	0
1698	235	0
2057	183	0
612	115	0
1055	77	1
2061	171	0
310	24	0
108	292	0
718	73	0
234	5	0
934	142	0
2175	94	0
1846	289	0
569	49	0
2279	25	0
940	112	0
970	166	0
1380	26	1
459	50	1
1086	128	0
1168	289	0
386	135	1
1014	48	0
1241	91	1
488	257	0
706	27	0
60	292	0
1342	104	0
1048	91	0
2252	27	0
1461	168	0
454	93	0
1627	270	0
2255	172	0
1898	126	0
1986	31	0
1437	45	0
2207	61	0
1521	180	0
2138	8	0
3	52	0
1736	41	0
1048	0	0
1065	54	0
1680	153	0
438	105	0
1853	33	0
1054	238	0
1026	174	1
1597	269	0
887	7	0
1850	156	0
1759	7	0
342	238	0
533	261	0
2038	227	1
8	60	0
399	152	0
1248	64	0
979	27	0
1040	298	0
1300	249	0
1463	205	0
1690	130	0
2270	78	0
110	50	1
963	34	0
1454	132	1
116	74	0
462	58	0
1686	147	0
1503	207	0
2127	218	0
1674	283	0
831	55	0
2241	247	0
1117	226	0
630	257	0
2153	115	0
1715	154	0
2280	186	0
715	118	0
364	6	1
2046	49	0
2019	224	0
85	7	1
941	210	0
746	228	0
139	222	0
2083	88	0
127	219	1
83	288	0
1758	121	0
523	236	0
1467	100	0
1686	116	0
1511	197	0
21	16	0
1663	200	0
1181	91	1
2034	127	0
1675	173	0
2063	74	0
1321	153	0
1885	175	0
2010	192	0
551	55	0
1002	119	0
400	177	0
496	49	0
796	50	1
1844	58	0
1910	86	0
510	123	0
428	92	0
58	35	0
232	282	0
1366	159	0
892	53	1
1321	24	0
2263	213	0
1446	187	0
1055	228	0
1933	139	0
153	207	0
843	58	0
2114	221	0
1432	172	0
330	226	0
1280	254	0
1892	14	0
629	69	0
1243	199	0
276	181	0
1395	82	0
1509	42	0
2041	131	0
319	63	0
2074	69	0
917	229	0
251	257	0
473	149	0
1737	159	0
731	269	0
1703	91	0
1442	265	0
337	292	0
2001	79	0
1640	236	0
2240	29	0
2288	207	0
424	136	0
262	208	0
2042	45	0
2055	275	0
105	217	1
1452	2	0
449	216	0
197	285	0
740	147	0
905	53	1
434	117	0
1903	110	0
2075	116	0
761	26	0
402	79	0
1713	190	0
558	261	0
1000	268	0
668	242	0
1916	166	0
1561	212	0
1437	203	0
2070	27	0
1318	57	0
1529	219	0
1943	44	0
621	206	0
83	11	0
216	6	1
1359	124	0
1801	54	0
1388	287	0
807	98	0
1626	209	0
1155	122	0
880	260	0
1292	158	0
2159	290	0
1639	121	0
636	101	0
2075	47	0
1736	252	0
2082	165	1
1010	139	0
2301	77	0
1053	66	0
1581	248	0
2268	227	0
79	50	1
1392	26	1
2034	193	0
1500	251	0
595	144	0
1353	228	0
1959	223	1
1881	2	0
591	123	0
1960	47	0
1669	152	0
1478	91	0
2077	147	0
374	24	1
317	6	1
2057	137	0
1049	166	0
2161	100	0
1544	265	0
1696	97	0
2026	101	0
1837	211	1
1160	292	0
266	146	0
1234	70	0
1818	279	0
1669	153	0
376	9	0
662	255	0
1151	219	0
124	189	0
91	88	0
582	72	1
262	118	0
2009	34	0
132	91	0
32	267	1
1404	151	0
2275	73	0
1893	226	1
1902	218	1
1588	188	0
2277	237	0
1350	162	0
428	159	1
157	208	0
743	272	0
1447	13	0
1908	218	1
1729	93	0
326	190	0
695	259	0
1415	6	0
248	140	0
2169	228	0
2157	104	0
757	172	0
1788	227	0
1859	243	0
1172	19	0
854	184	0
156	166	0
446	174	1
1136	73	0
637	282	0
860	12	0
2253	110	0
1766	227	0
1588	145	1
2061	146	0
1010	76	1
1166	39	0
1857	198	0
102	120	0
1075	70	0
1814	289	0
2095	173	0
32	142	1
346	39	0
615	279	0
1829	72	0
894	49	0
1131	120	0
2215	64	0
2229	43	0
372	203	0
198	219	0
206	89	0
1323	7	0
369	62	0
899	269	0
1964	142	1
4	285	0
1822	67	0
725	245	0
2083	203	0
502	121	0
605	132	1
1417	158	0
870	178	0
596	9	0
408	209	0
500	230	0
611	81	0
1241	164	0
2063	5	0
897	252	0
1003	72	0
497	149	0
747	71	0
2087	272	0
1368	69	0
24	39	0
826	279	0
1216	194	1
2256	147	0
14	139	1
1706	152	0
1848	18	0
1175	12	0
2272	8	0
1269	105	1
2234	281	0
204	150	0
68	94	0
2153	62	0
1842	286	0
1577	216	0
1808	59	0
312	90	0
2153	284	0
750	146	0
2326	250	0
1872	158	0
1229	161	0
1318	31	0
1800	147	0
392	146	0
1953	89	0
1877	236	0
2097	143	0
1079	258	0
2039	296	0
641	129	0
436	191	0
648	262	0
1433	297	0
887	14	0
899	122	0
2132	244	1
1235	180	0
175	6	1
1926	127	0
1243	41	0
676	178	0
857	282	0
209	158	0
316	225	0
1529	274	0
1868	56	0
448	40	1
316	77	0
461	220	0
2193	16	0
2080	275	0
60	269	0
2006	78	0
1658	262	0
1563	196	0
274	271	0
2044	241	0
429	201	0
1756	20	0
170	295	0
113	145	1
844	166	0
1315	210	0
2275	54	0
1224	126	0
148	85	0
1974	264	0
2030	89	0
1912	218	1
1649	185	0
1570	34	1
2197	286	0
2125	257	0
438	77	1
1784	46	0
2088	204	0
1992	271	0
948	29	0
310	244	0
1049	8	0
1066	141	0
2015	38	0
660	54	0
110	31	0
32	73	1
1719	4	0
1101	199	0
423	50	1
2264	283	0
1863	5	0
80	117	0
553	163	0
1344	249	0
1378	240	0
391	263	0
1947	180	0
770	189	0
2069	284	0
65	51	0
1769	32	0
1059	2	0
1465	10	0
392	289	0
959	162	0
1419	96	0
768	119	0
2095	227	0
928	286	0
1849	280	0
1247	5	0
1034	280	0
1330	275	0
327	219	1
1992	217	0
2027	141	0
1978	36	0
1900	269	0
800	207	0
2005	260	0
303	11	0
2286	202	0
758	115	0
2195	201	0
157	278	0
1	257	0
1542	174	1
1327	54	0
1295	171	0
99	232	0
45	273	0
1807	80	0
897	8	0
1830	48	0
2261	184	0
921	267	0
2022	56	0
2305	212	0
822	50	1
494	174	0
47	51	0
2197	150	0
109	193	0
919	257	0
394	135	0
463	244	1
790	231	0
632	63	0
1432	11	1
292	181	0
983	42	0
1628	61	0
1413	27	0
739	58	0
1309	53	0
1775	8	0
47	58	0
1256	286	0
1565	210	0
1509	205	0
2161	19	0
425	106	0
2328	245	0
2203	157	0
805	238	0
501	102	0
1126	275	0
1373	201	0
151	247	0
2127	207	0
379	164	0
2075	243	0
388	160	0
225	258	0
2033	116	0
110	221	1
1144	258	0
1401	158	0
2124	133	0
173	237	0
60	169	0
1485	139	1
814	211	0
238	6	1
994	179	0
990	283	0
452	14	0
775	210	0
2288	159	0
67	10	0
1233	272	0
1856	58	0
512	7	0
495	180	0
1263	61	0
1298	109	1
410	122	0
32	135	1
2228	270	0
1765	298	0
276	225	0
892	158	0
1881	131	0
1773	53	0
991	45	0
518	97	0
658	139	0
1595	225	0
1091	261	0
512	185	0
661	244	0
383	68	0
2329	167	0
135	129	0
635	248	0
586	174	0
1905	102	0
1589	266	0
1126	169	0
2157	148	0
1278	129	0
171	49	0
1893	198	0
656	211	0
1950	38	0
230	122	0
1231	288	1
589	117	0
339	181	0
181	165	1
1394	26	1
2231	27	0
1105	247	0
726	92	0
418	157	0
951	61	1
1843	233	0
1021	109	0
304	78	0
343	13	1
1877	71	0
135	98	0
1438	2	0
307	60	0
1159	107	0
233	210	0
1589	70	0
2062	90	0
383	201	0
1249	55	0
2160	275	0
942	158	0
515	76	1
1156	32	0
1647	90	0
44	7	0
2199	154	0
778	137	0
1700	33	0
1915	295	0
979	40	0
988	26	0
1235	66	0
847	197	0
1587	165	0
368	104	0
719	243	0
1473	136	0
1488	183	0
1270	30	0
706	279	0
1329	61	0
1997	62	0
642	251	0
1686	45	0
472	34	1
1244	135	0
2068	245	0
1650	231	0
679	154	0
941	39	0
2124	28	0
668	48	0
1503	77	0
2133	22	0
2150	127	0
1996	9	0
310	60	0
1062	235	0
2077	18	0
2327	83	0
1403	26	1
2150	244	1
2163	217	0
1719	130	0
1975	109	0
1537	51	0
1863	119	0
1552	161	0
2038	96	0
2251	9	0
1344	94	1
116	278	0
2080	27	0
458	192	0
1491	271	0
1324	179	0
272	29	0
1342	68	0
1691	158	0
1206	209	0
464	109	0
2013	51	0
688	150	0
702	99	0
140	16	0
521	61	0
995	46	0
386	232	0
532	237	0
1435	7	0
778	156	0
624	91	0
1215	123	0
579	258	0
403	190	0
1432	255	0
158	50	0
527	293	0
694	248	0
1972	141	0
177	130	0
45	83	0
327	91	1
1186	110	0
539	250	0
642	37	0
2327	219	0
797	214	0
2203	119	0
2024	135	0
33	151	0
1663	287	0
2291	116	0
1789	122	0
1984	267	0
866	130	0
694	121	0
414	274	0
987	58	0
1590	113	0
1723	18	0
1411	214	0
1523	68	0
1343	13	0
466	272	0
128	252	0
1007	170	0
240	10	0
1929	260	0
839	142	1
727	201	0
196	6	1
1184	184	0
1404	246	0
1795	172	0
1086	188	0
728	262	0
63	244	1
1618	169	0
961	17	0
1539	199	0
479	123	0
370	270	0
1629	27	0
1976	220	0
401	21	0
1116	275	0
878	69	0
437	57	0
2272	55	0
1487	139	1
827	287	0
2045	225	0
960	64	1
436	171	0
1011	0	0
2312	164	0
1463	266	0
1136	252	0
149	57	0
732	45	1
1792	274	0
736	217	0
15	151	0
779	177	0
996	210	1
1390	68	0
1801	131	0
1893	87	0
884	88	1
1669	92	0
216	27	0
173	230	0
500	255	0
965	150	0
620	136	0
175	269	0
1537	47	0
916	227	0
1179	196	0
334	256	0
90	200	0
829	33	0
465	12	0
214	77	0
312	96	0
1843	174	0
2081	51	0
295	147	0
74	5	0
570	121	0
1832	207	1
371	141	0
1557	59	0
240	184	0
1339	234	0
1674	208	0
775	141	0
1169	214	0
2237	67	0
1926	234	0
1629	34	0
223	60	0
639	29	0
152	275	0
924	53	1
1942	220	1
189	205	0
1032	131	0
768	44	0
1994	163	0
746	188	0
46	227	1
1553	192	0
287	214	0
553	252	0
2158	260	0
278	126	0
733	246	1
2138	250	0
1169	296	0
2312	59	0
1639	153	0
1511	277	0
909	253	0
895	3	0
1792	62	0
545	200	0
1879	156	0
1978	7	0
2042	50	0
863	68	0
1356	189	0
1713	95	0
1914	137	0
1100	20	0
1531	279	0
1468	40	0
1046	131	0
1436	202	0
2182	258	0
2075	55	0
264	214	0
257	72	0
644	60	0
1480	186	0
78	175	0
1330	101	0
588	138	0
2140	121	0
2204	222	0
820	210	0
938	48	0
1452	249	0
2019	33	0
841	264	0
1385	43	0
2032	104	0
1035	112	0
1495	49	0
1573	39	0
702	204	0
323	247	0
1826	71	0
2028	189	0
908	34	0
1870	245	0
2208	225	0
1554	251	0
1813	103	0
1605	267	0
2135	298	0
1760	72	0
728	178	0
2161	135	0
758	255	0
1258	229	0
1765	88	0
47	158	0
502	68	0
411	92	0
1213	5	0
385	167	0
879	271	0
179	165	1
2049	70	0
1009	103	0
2122	112	0
2237	54	0
543	2	0
616	235	0
97	109	1
374	62	0
773	63	0
37	20	0
1551	8	0
189	299	0
610	83	0
1056	170	0
356	97	0
1952	214	0
1658	227	0
499	135	0
1746	17	0
711	8	0
1257	38	0
402	45	0
96	7	1
41	47	0
452	61	0
1499	83	0
1180	289	0
755	150	0
2324	217	0
2052	199	0
1614	297	0
362	6	1
1861	177	0
1977	15	0
2224	196	0
1936	92	0
871	50	1
1558	39	0
538	200	0
1890	27	0
35	220	0
1395	50	0
1719	288	0
1878	207	0
1078	36	0
2141	78	0
1329	22	0
2122	283	0
2225	232	0
447	258	0
331	74	0
2219	209	0
1729	179	0
1704	181	0
2024	95	0
1336	68	0
1276	196	0
2155	56	0
2216	69	0
2159	272	0
437	153	0
1315	259	0
532	240	0
255	6	1
490	24	0
154	197	0
1215	182	0
2116	10	0
410	260	0
1165	28	0
1319	160	0
829	38	0
342	214	0
816	93	0
2026	117	0
1906	154	0
2104	237	0
444	248	0
1410	113	0
251	136	0
861	262	0
978	210	0
387	178	0
2005	221	0
1093	168	0
1806	182	0
1797	197	0
1152	219	0
1597	223	0
1736	174	1
1263	25	0
172	242	0
1510	112	0
1764	155	0
466	121	0
741	76	0
903	88	1
983	107	0
378	20	0
672	71	0
1447	26	0
783	50	1
887	202	0
1276	186	0
1956	163	0
1394	48	0
1283	231	0
787	62	0
400	78	0
578	34	1
1866	29	0
1119	261	0
482	127	0
2027	261	0
1364	125	0
33	102	0
132	44	0
1702	285	0
2199	97	0
1740	130	0
198	73	0
167	133	0
1329	132	0
1338	285	0
2088	149	0
2205	162	0
9	73	0
711	132	0
919	235	0
606	23	0
1945	48	0
1328	230	0
1985	7	0
1801	256	0
1434	116	0
373	239	0
639	34	1
2011	172	0
2075	288	0
1784	37	0
1452	189	0
904	258	0
1044	240	0
2304	14	0
2328	56	0
2159	68	0
781	147	0
1922	87	0
985	66	1
1984	72	0
2275	25	0
2170	7	0
1872	153	0
1035	75	0
636	21	0
507	34	1
2188	39	0
383	99	0
2072	68	0
758	282	0
604	39	0
36	137	0
1125	241	0
1560	40	0
105	136	0
1124	226	0
1881	104	0
1464	132	1
705	77	0
1960	145	0
1585	111	0
820	50	1
1875	147	0
1911	178	0
235	160	0
1298	43	0
917	223	0
2271	58	0
887	128	0
2214	178	0
1544	193	0
430	225	0
1787	126	0
295	191	0
1786	15	0
1090	197	0
307	2	0
565	203	0
1522	155	0
1278	190	0
1450	161	0
544	142	1
91	38	0
643	64	0
739	272	0
31	179	0
903	258	0
455	214	0
267	240	0
1532	292	0
39	57	0
47	26	1
2283	205	0
2293	133	0
547	136	0
492	239	0
1259	99	1
2275	76	0
1204	284	0
1536	244	0
1642	289	0
1752	254	0
1724	60	0
1341	62	0
2321	154	0
2064	161	0
408	249	0
707	158	0
1256	183	0
595	225	0
407	192	0
1200	75	0
768	139	0
194	237	0
2324	27	0
472	142	1
1088	291	0
336	41	0
290	6	1
741	232	0
607	122	0
617	139	0
1814	247	0
146	142	0
409	66	0
707	261	0
17	214	0
2161	15	0
1610	201	0
2248	278	0
1134	192	0
2081	159	0
1922	2	0
1690	193	0
250	243	1
1677	261	0
1768	69	0
2280	252	0
173	159	0
1406	155	0
1217	190	0
51	16	0
2219	256	0
2227	142	0
59	94	0
818	24	0
1118	50	0
1791	109	0
1003	50	0
1224	14	0
554	0	0
2131	151	0
2053	193	0
2218	216	0
874	204	0
911	240	0
1554	264	0
1895	94	0
1462	73	0
2141	47	0
460	85	0
2155	199	0
1425	255	0
71	255	1
1193	147	0
639	282	0
71	17	0
1320	221	0
150	241	0
2216	27	0
363	0	0
1189	91	1
1675	84	0
2127	85	0
2041	170	0
110	135	0
1766	57	0
1268	22	0
2210	174	0
1021	276	0
1854	70	0
1809	196	1
1421	198	0
1317	18	0
1219	244	0
2314	299	0
1810	6	0
384	277	0
2282	273	0
607	229	0
2189	287	0
1145	283	0
521	138	0
1768	162	0
860	140	0
283	136	0
318	204	0
1786	262	0
1657	83	0
214	38	0
351	16	0
538	11	0
524	108	0
2255	140	0
1255	174	0
1110	186	0
1047	176	0
2032	285	0
938	115	0
1468	212	0
646	90	0
531	45	0
1026	227	0
1354	130	0
763	51	0
2018	226	1
20	138	0
1129	70	0
1964	221	0
57	215	0
31	138	0
230	109	0
2200	133	0
545	110	0
702	201	0
1534	272	0
1337	102	0
1469	11	0
147	83	0
1600	155	0
559	48	0
2314	51	0
1180	215	0
1043	151	0
720	283	0
1223	161	0
576	277	0
464	216	0
1321	296	0
2185	68	0
1252	147	0
2076	242	0
862	142	0
1069	133	0
131	266	0
1263	150	0
2284	246	0
1422	177	0
298	6	1
1524	286	0
934	82	0
663	195	0
108	137	0
782	291	0
522	15	0
1656	156	1
1435	139	0
124	227	0
385	132	0
2134	236	0
1859	37	0
976	66	1
103	267	1
178	203	0
221	275	0
53	244	0
2295	290	0
2242	45	0
352	280	0
801	123	0
635	216	0
1558	186	0
1136	259	1
1480	93	0
163	161	0
863	160	0
1601	104	0
254	62	0
903	89	0
1209	279	0
2170	177	0
176	62	0
1042	247	0
1456	231	0
1287	224	0
236	43	0
265	203	0
482	274	0
1894	185	0
1643	189	0
1053	260	0
1115	200	0
1012	138	1
2304	158	0
922	113	0
929	84	0
1844	69	0
1053	52	0
103	218	1
144	19	1
1943	38	0
693	10	0
1895	66	0
1202	219	0
1776	264	0
121	133	0
50	258	0
1363	176	0
1424	35	0
1876	298	0
219	25	0
898	103	0
2050	229	0
1731	232	0
513	248	0
1871	178	0
835	83	0
306	204	0
287	74	0
1591	186	0
719	154	0
1097	231	0
269	72	0
451	14	0
1079	169	0
798	131	0
237	272	0
1892	159	0
1550	266	0
2116	289	0
2199	147	0
490	215	0
722	46	0
357	88	0
316	50	0
1142	137	0
1996	236	0
2310	26	0
206	275	0
428	250	0
759	160	0
322	130	0
1296	235	0
1607	41	0
1999	253	0
1946	281	0
1653	9	0
2037	273	0
849	162	0
928	85	0
2063	189	0
17	4	1
961	210	0
1098	94	0
911	83	0
1435	196	0
1588	20	0
233	152	0
996	279	0
2238	273	1
2068	165	1
595	270	0
574	275	0
757	227	0
174	196	0
143	11	0
1175	145	0
418	85	0
2294	211	0
2274	44	1
1268	198	0
1082	144	0
1629	248	0
2304	295	0
1087	3	0
1227	28	0
2095	174	0
704	137	0
2073	271	0
1333	124	0
1577	225	0
2256	183	0
1730	169	0
1692	119	0
400	131	0
975	215	0
1197	35	0
1823	279	0
166	218	1
1006	77	1
2116	229	0
1186	229	0
67	199	0
556	100	0
488	73	0
2003	5	0
1450	46	0
1982	142	1
1752	85	0
141	244	0
95	61	0
1172	100	0
2266	290	0
99	112	0
2249	250	0
226	228	0
805	218	1
137	219	0
2054	33	0
1907	111	0
683	38	0
874	50	1
580	281	0
1738	174	1
1903	262	0
138	80	0
789	33	0
1727	2	0
2039	3	0
292	180	0
953	163	0
1528	14	0
548	96	0
1858	34	0
2327	284	0
478	224	0
1443	265	0
685	183	0
1688	129	0
535	193	0
1861	29	0
242	153	0
2279	56	0
2322	295	1
1059	274	0
1187	238	0
1824	122	0
555	157	0
359	85	0
1731	294	0
760	123	0
467	285	0
708	64	0
1264	122	0
1255	79	0
444	179	0
721	287	0
1990	216	0
219	59	0
1437	139	0
1025	56	0
456	48	1
152	280	0
758	130	0
723	44	1
688	48	1
645	199	0
1899	160	0
806	280	0
2230	133	0
1240	22	0
494	116	0
2205	298	0
1576	214	0
1648	44	0
1744	243	0
789	48	1
963	182	0
1884	249	0
2255	82	0
2134	283	0
848	222	0
1883	41	0
2004	257	0
2056	176	0
382	84	0
974	160	0
525	107	0
217	6	1
2287	219	0
1543	107	0
1849	131	0
1930	226	0
1741	218	1
44	199	0
844	220	0
510	48	1
877	77	1
914	164	0
68	226	1
1034	104	0
836	158	0
311	222	0
2315	263	0
720	3	0
2266	185	0
2216	283	0
22	84	0
1452	151	0
843	283	0
268	197	0
1667	101	0
1097	278	0
9	113	0
712	145	0
1562	239	0
184	149	0
1286	94	1
1221	11	0
1261	20	0
1452	5	0
65	174	0
1118	77	1
1962	218	0
644	293	0
1864	77	0
1155	88	1
1375	212	0
248	229	0
1073	99	0
424	48	1
1622	46	0
2170	114	0
1398	26	1
1826	118	0
635	175	0
1452	61	0
27	206	0
1427	120	0
1043	43	0
1641	276	0
1551	275	0
339	282	0
1581	231	0
1138	48	0
67	216	0
407	163	0
411	165	0
2303	253	0
496	183	0
498	89	0
1111	122	0
1035	77	1
2077	44	0
1774	171	0
1366	26	1
2054	157	0
910	8	0
465	174	1
1608	90	0
50	68	0
1044	46	0
1685	271	0
1376	242	0
1558	152	0
1259	5	0
852	182	0
1186	11	0
1198	81	0
154	136	0
2316	208	0
127	79	1
246	158	0
1476	257	0
1805	117	0
662	61	0
152	106	0
1334	203	0
794	274	0
482	162	0
973	217	0
804	114	0
2169	282	0
932	114	0
2295	79	0
1123	285	0
418	132	0
508	225	0
1106	122	0
741	282	0
62	110	0
1913	263	0
502	65	0
1897	271	0
1994	126	0
122	218	0
1903	114	0
914	251	0
645	48	1
1063	271	0
1669	75	0
1658	257	0
565	176	0
815	74	0
417	127	0
813	169	0
937	263	0
2111	6	0
692	34	1
921	238	0
193	156	0
640	24	0
420	91	0
547	140	0
202	286	0
1543	11	0
1070	6	0
638	117	0
1487	114	0
2033	173	0
407	288	1
106	181	0
1802	135	0
2253	57	0
620	100	0
1663	280	0
1381	118	0
343	112	0
1375	121	0
1185	256	0
85	6	0
1413	173	0
463	222	0
2244	250	0
697	180	0
2017	46	0
160	183	0
2176	171	0
2192	148	0
1390	271	0
350	199	0
867	231	0
884	182	0
2057	223	0
943	213	0
508	46	0
612	28	0
2265	19	0
1963	278	0
364	289	0
1756	104	0
47	181	0
1390	237	0
525	151	0
2095	199	0
1819	146	1
981	66	1
1973	89	0
2129	88	0
200	66	0
2114	166	0
698	246	0
2227	107	0
818	84	0
1706	100	0
788	151	0
883	141	0
2284	191	0
1210	45	0
2005	225	1
1908	252	0
129	20	0
2057	227	1
1907	16	0
63	288	0
1636	71	0
1467	285	0
849	1	0
737	240	0
2254	248	0
56	268	0
1081	288	0
2102	155	0
1769	46	0
2275	266	0
1347	45	0
659	176	0
1372	257	0
1259	87	0
1688	0	0
2212	292	0
186	134	0
339	13	0
1494	65	0
1740	261	0
280	6	1
10	4	1
2110	230	0
1475	21	0
1266	237	0
2302	154	0
1834	141	0
1432	194	0
1668	205	0
249	104	0
134	178	0
693	44	0
1943	258	0
961	59	0
2014	159	0
1164	27	0
750	191	0
2232	204	0
460	30	0
1450	47	0
831	51	0
96	3	0
1524	8	0
1381	217	0
2105	267	0
507	20	0
2164	24	0
377	275	0
2175	129	0
767	128	0
846	121	0
957	285	0
2322	5	0
2291	154	0
259	101	0
1230	91	1
670	183	0
1420	197	0
2037	72	0
974	223	0
1146	50	0
663	272	0
2182	129	0
96	48	1
2120	68	0
1564	159	0
52	93	0
1905	14	0
2146	244	1
818	245	0
540	254	0
1393	26	1
1767	237	0
1602	38	0
1657	138	0
883	78	0
2290	243	0
1833	278	0
505	178	0
961	167	0
1184	127	0
1902	199	0
182	171	0
1688	213	0
361	175	0
953	191	0
164	245	0
2028	241	0
503	241	0
103	173	1
2020	79	0
2185	181	0
1777	252	0
354	142	0
1850	73	0
1234	3	0
344	132	0
1957	182	0
786	147	0
282	251	0
1656	103	0
1399	22	0
356	283	0
1194	41	0
302	259	0
1078	192	0
2303	196	0
1056	67	0
1805	194	1
981	33	0
1904	266	0
380	80	0
20	147	0
2227	139	0
2310	238	0
520	215	0
692	172	0
534	252	0
629	34	1
803	295	0
1297	171	0
1384	26	1
1985	103	0
1591	59	0
1942	103	0
1125	281	0
90	120	0
856	136	0
1418	183	0
2262	239	0
1869	34	0
2228	71	0
952	160	0
367	285	1
917	98	0
1720	261	0
2223	184	0
1932	110	0
1861	265	0
1567	179	0
2082	242	0
136	36	0
570	29	0
2288	280	0
146	108	0
1365	33	0
1114	77	1
673	268	0
935	24	0
788	181	0
1014	166	0
704	292	0
737	95	0
68	88	1
2086	146	0
1401	63	0
96	134	0
1525	138	1
1931	102	0
1906	156	0
1868	232	0
106	27	0
1789	97	0
1415	201	0
320	231	0
181	118	0
485	205	0
1785	8	0
2231	50	0
284	255	0
1373	90	0
1741	52	0
1463	97	0
1057	180	0
1305	132	0
1904	200	0
1441	266	0
1517	114	0
1976	205	0
169	297	0
1565	70	0
1200	2	0
1250	10	0
2079	137	0
1814	86	0
376	207	0
182	1	0
581	184	0
1295	228	0
2049	66	0
553	214	0
835	244	1
2276	253	0
600	34	1
1178	79	0
1413	262	0
844	201	0
1912	293	0
207	6	1
48	6	0
1083	117	0
1545	116	0
1026	248	0
1414	107	0
2016	192	0
356	174	0
1601	145	1
221	91	0
2048	151	0
128	245	0
462	74	0
2137	6	0
111	138	1
2323	297	1
1818	199	1
1698	61	0
222	259	0
1796	79	0
1312	205	0
549	50	1
1161	123	0
270	50	0
1964	183	0
596	34	1
1632	145	0
122	86	0
1132	142	0
728	228	0
100	246	0
1029	283	0
1847	122	0
545	98	0
1063	167	0
1124	268	0
1008	58	0
672	226	0
1615	1	0
130	104	0
1193	99	0
176	9	0
1852	18	0
1498	133	0
643	281	0
1721	115	0
1574	59	0
1813	97	0
555	97	0
1452	64	0
320	12	0
60	124	0
1661	171	0
1683	185	0
139	219	0
167	108	0
1369	155	0
1267	260	0
343	276	0
544	36	0
351	253	0
2124	241	0
2317	272	0
1838	115	0
11	4	1
554	68	0
672	268	0
392	75	0
1376	185	0
1797	36	0
247	106	0
111	34	1
1850	210	0
101	41	0
2287	186	0
368	159	1
1017	241	0
103	229	1
1353	42	0
142	165	0
1386	167	0
1563	103	0
1312	73	0
1883	92	0
2229	105	0
154	110	0
1098	49	0
411	254	0
1255	272	0
1723	223	0
1138	9	0
470	66	0
408	255	0
2025	29	0
8	245	1
371	299	0
4	187	0
387	280	0
901	53	1
2222	76	0
1768	79	0
1713	14	0
678	28	0
414	32	1
1481	252	0
856	50	1
1542	233	0
291	106	0
1094	133	0
1602	171	0
1642	81	0
1972	226	0
1703	222	0
322	295	0
1447	36	0
26	19	0
624	129	0
1150	181	0
551	212	0
1864	244	0
1522	51	0
231	205	0
558	42	0
314	193	0
1952	109	0
1593	277	0
575	184	0
286	221	0
634	185	1
1925	221	0
123	187	0
123	109	0
844	292	0
2041	115	0
629	5	0
2036	144	0
222	80	0
243	272	0
582	4	0
856	15	0
64	87	0
1961	6	0
778	240	0
744	17	0
431	248	0
990	46	0
98	223	0
672	127	1
128	8	1
1874	133	0
186	224	0
2171	85	0
1199	130	0
235	61	0
1712	236	0
714	11	1
200	45	0
1594	249	0
1748	131	0
206	255	0
1953	266	0
1538	116	0
2125	214	0
1502	138	1
1440	251	0
1177	103	0
247	283	0
1736	98	0
1128	274	0
1540	212	0
2040	130	0
2035	1	0
402	259	0
921	229	0
1323	251	0
508	274	0
713	272	0
1398	13	0
1536	140	0
803	20	0
366	125	0
254	173	0
52	110	0
708	272	0
567	184	0
496	74	0
841	50	1
890	19	0
835	38	0
1643	146	0
1528	63	0
1440	113	0
1304	44	0
287	177	0
1526	193	0
1108	250	0
1303	249	0
1513	186	0
378	15	0
397	274	0
557	212	0
783	244	1
1668	76	0
1680	140	0
38	30	0
1326	160	0
1671	264	0
1055	274	0
805	164	0
464	34	1
222	165	0
2236	140	0
1165	82	0
1901	137	0
1704	180	0
134	106	0
986	163	0
1990	251	0
50	50	1
600	297	0
1118	283	0
108	234	0
2258	85	0
269	21	0
656	265	0
2079	184	0
1098	286	0
59	9	1
598	72	0
450	39	0
1518	4	0
906	197	0
1033	80	0
2254	137	0
1643	96	0
1593	73	0
409	30	1
228	59	0
1803	285	0
883	31	0
530	61	0
1033	43	0
1046	46	0
329	119	0
196	168	0
396	74	0
1036	280	0
699	43	0
1037	76	0
1647	255	0
275	46	0
1719	3	0
521	296	0
1412	21	0
2096	2	0
421	143	0
638	211	0
1904	32	0
176	34	1
600	248	0
628	153	0
858	169	0
471	253	0
981	295	0
1911	218	1
188	131	0
1789	157	0
2304	180	0
454	39	0
475	79	0
1686	230	0
1739	96	0
1038	154	0
2308	231	0
411	18	0
322	177	0
1787	38	0
2178	77	0
2110	175	0
1113	0	0
1038	144	0
710	8	0
2219	212	0
1667	38	0
1459	235	0
1203	75	0
1842	211	1
1024	266	0
33	237	0
1997	125	0
59	199	0
1673	226	0
799	39	0
2114	182	0
945	5	0
509	198	0
1032	225	0
220	176	0
1951	65	0
267	297	0
4	43	0
1291	236	0
509	34	1
1785	266	1
2058	209	0
1609	281	0
1937	105	0
1289	12	0
644	145	0
2025	226	1
1503	229	0
598	272	0
41	66	1
438	202	0
883	114	0
1477	266	0
2060	243	0
311	220	0
1002	53	0
668	150	0
154	84	0
973	274	0
614	154	0
1447	201	0
1777	99	0
120	22	0
327	216	0
321	210	0
1104	175	0
1975	155	0
1495	259	0
450	33	0
572	269	0
1964	265	0
113	271	0
2121	268	0
787	23	0
1469	106	0
867	123	0
2292	218	0
1958	181	0
1826	116	0
517	50	1
874	94	0
723	82	0
723	266	0
1914	104	0
1072	107	0
1379	17	0
2306	62	0
1313	118	1
811	50	1
1408	181	0
1835	260	0
188	194	0
1286	135	0
64	229	0
242	222	0
447	91	0
387	186	0
983	269	0
214	229	0
462	283	0
550	142	0
767	91	0
1388	298	0
314	295	0
1528	297	0
725	74	0
1747	177	1
682	205	0
394	123	0
1450	114	0
1984	57	0
2318	31	0
11	125	0
1552	270	0
1176	98	0
2081	165	1
848	66	0
1067	225	0
703	34	1
2110	114	0
81	253	0
566	49	0
2187	298	0
528	34	1
2028	68	0
1301	292	0
389	209	0
1068	216	0
1634	244	0
470	69	0
2064	204	0
888	165	0
160	292	0
131	47	1
2085	295	0
1120	210	0
1418	224	0
2108	54	0
2238	215	0
2019	75	0
129	244	0
1537	159	0
1781	86	1
1785	86	1
1619	260	0
83	218	1
951	179	0
803	144	0
1162	100	0
30	33	1
181	187	0
281	204	0
2312	173	0
2223	48	0
2031	123	0
1198	88	0
252	234	0
1235	183	0
432	223	0
1292	97	0
2245	54	0
863	114	0
2235	208	0
193	71	0
843	132	1
1293	64	0
404	167	0
2258	116	0
1908	77	0
2251	235	0
116	114	0
1945	85	0
936	171	0
459	48	1
403	40	0
1229	75	0
1554	295	0
1910	112	0
58	18	0
1586	110	0
2300	101	0
766	37	0
244	37	0
2189	123	0
179	90	0
90	244	1
1116	40	0
874	158	0
202	61	0
624	95	0
2259	174	0
1619	74	0
157	34	0
2086	191	0
1400	287	0
1429	22	0
480	46	0
104	290	0
38	202	0
1955	28	0
170	73	0
350	54	0
969	200	0
367	121	1
1940	228	0
1412	217	0
2264	94	0
1256	8	1
830	25	0
4	13	0
1009	217	0
1772	45	0
614	226	0
650	267	0
1783	89	0
872	218	1
2104	145	0
804	151	0
82	87	0
280	171	0
1996	282	0
2256	97	0
1436	82	0
912	151	0
1418	128	0
207	294	0
688	281	0
1021	231	0
605	229	0
2193	105	0
1871	211	1
250	114	0
2028	12	0
320	78	0
176	182	0
155	152	0
922	95	0
763	263	0
1365	180	0
407	18	0
844	132	1
727	157	0
1266	246	0
1448	100	0
635	77	1
923	114	0
212	55	0
156	230	0
1354	286	0
2067	227	0
1607	92	0
1597	144	0
637	72	0
40	83	0
1147	68	0
968	208	0
1771	193	0
315	15	0
85	244	1
1190	199	0
564	52	0
1796	99	0
1532	237	0
1929	202	0
241	147	0
1302	147	0
508	162	0
939	193	0
707	109	0
689	214	0
588	198	0
1671	203	0
2254	179	0
25	108	0
1900	288	0
2047	80	0
1335	280	0
432	219	0
257	109	0
1779	274	0
994	79	0
2112	140	0
1925	13	0
763	102	0
1144	37	0
1740	75	0
1459	210	0
1861	219	0
1285	141	0
1618	291	1
1870	85	0
1533	223	0
112	202	0
198	35	0
402	82	0
1150	141	0
47	32	1
2083	249	0
1424	90	0
1040	10	0
1189	36	0
1274	235	0
1307	114	1
605	176	0
1791	249	0
987	297	0
1139	167	0
1685	255	0
200	183	0
708	114	0
2301	171	0
826	4	0
545	146	0
1194	215	0
1626	75	0
1007	6	0
1052	225	0
931	130	0
402	101	0
640	10	0
2278	92	0
1889	236	0
2179	158	0
1499	81	0
1945	215	0
2248	227	0
875	16	0
1489	57	0
551	31	0
176	264	0
824	79	0
197	203	0
1665	195	0
609	218	1
482	205	0
1942	215	0
502	34	1
1277	36	0
1247	172	0
2289	283	0
2043	293	0
119	164	0
1589	257	0
1652	274	1
1909	91	0
886	88	1
1217	30	0
1888	135	0
1628	57	0
1107	80	0
1185	294	0
55	22	0
1149	238	0
302	105	0
748	203	0
1838	211	1
270	33	0
872	76	0
1642	223	0
1463	147	0
1213	290	0
2282	205	0
2040	246	0
808	222	0
190	16	0
615	98	0
930	51	0
1722	231	0
1830	288	0
234	237	0
774	182	0
1813	161	0
1721	186	0
310	276	0
1650	248	0
1877	168	0
555	131	0
908	97	0
321	86	1
2042	204	0
1580	199	0
985	150	0
829	281	0
466	174	1
1039	176	0
976	115	0
1338	16	0
1819	23	0
614	68	0
1293	21	0
238	120	0
698	211	0
30	297	1
966	277	0
302	232	0
2164	39	0
1346	4	0
1209	36	0
1724	103	0
2097	163	0
709	170	0
1285	151	0
2296	163	0
1646	19	0
2164	178	0
883	174	0
1205	154	0
2032	17	0
632	109	0
499	156	0
919	86	0
1108	89	0
1791	229	0
1676	193	0
1864	46	0
197	6	1
1477	207	0
502	17	0
1127	199	0
755	6	0
659	90	0
1324	108	0
1348	20	0
741	97	0
629	142	1
48	163	1
933	219	0
434	258	0
292	194	0
2035	289	0
314	281	0
1212	91	1
311	175	0
628	162	0
1449	252	0
574	242	0
704	48	1
1063	46	0
1845	247	0
871	251	0
2063	2	0
2201	267	1
1425	102	0
817	156	0
2284	16	0
187	127	0
859	211	1
1048	37	0
1399	30	0
98	4	0
353	18	0
1558	214	0
97	269	0
2308	169	0
502	186	0
779	53	0
1523	255	0
1206	231	0
628	97	0
1822	298	0
1191	91	1
852	54	0
1053	184	0
1464	274	0
1109	181	0
638	181	0
1068	26	0
425	119	0
1910	272	0
1682	240	0
369	82	0
1393	274	0
1676	152	0
2059	34	0
2244	49	0
35	140	0
632	271	0
705	66	0
1323	133	0
714	65	0
1608	201	0
1221	169	0
702	18	0
174	237	0
2029	18	0
1556	256	0
1486	278	0
520	149	0
1268	236	0
2189	167	0
574	55	0
1979	296	0
746	284	0
1208	111	0
1039	113	0
1590	17	0
1070	213	0
740	271	0
977	264	0
282	159	0
219	3	0
292	55	0
1376	135	0
1155	9	0
473	50	1
1317	156	0
228	164	0
1718	272	0
1526	218	1
188	109	0
1872	161	0
961	137	0
1882	15	0
2203	177	0
1936	13	0
583	212	0
1748	138	0
1426	48	0
2180	46	0
1536	169	0
1914	261	0
2158	179	0
2270	172	0
692	298	0
288	56	0
527	24	0
562	216	0
1265	165	0
1792	86	1
762	185	0
610	207	0
590	110	0
2007	84	0
804	208	0
1974	19	0
185	102	0
1050	34	0
1753	264	0
1195	229	0
1319	167	0
586	111	0
1825	242	0
1376	100	0
543	12	0
91	191	0
2273	86	0
1281	166	0
682	289	0
916	282	0
801	51	0
1804	117	0
690	251	0
866	174	0
1983	148	0
1201	88	0
423	104	0
1627	278	0
1073	170	0
369	84	0
452	117	0
1452	58	0
1162	240	0
1447	176	0
1588	258	0
121	32	0
157	63	1
1680	55	0
783	153	0
606	217	0
261	125	0
273	111	0
1961	215	0
1374	179	0
491	38	0
1811	18	0
800	239	0
1305	293	0
2318	173	0
1712	234	0
1192	227	0
629	258	0
1973	180	0
298	265	0
2	134	0
685	189	0
1269	166	0
1986	162	0
1908	104	0
533	92	0
83	124	0
2256	131	0
184	132	1
429	96	0
205	168	0
681	38	0
2000	88	0
342	264	0
907	80	0
461	34	1
1457	20	0
667	77	0
1876	90	0
901	271	0
131	254	0
2219	107	0
2095	115	0
650	132	0
1811	261	0
1703	141	0
2037	61	0
348	58	0
1815	144	0
1383	295	0
585	77	1
1236	141	0
1810	228	0
1438	114	0
2321	132	0
1138	17	0
1945	74	0
2234	171	0
1424	16	0
1805	104	0
479	25	0
1637	216	0
896	53	1
500	120	0
1028	85	0
537	34	1
1537	233	0
1992	10	0
1221	5	0
1942	214	0
1924	263	0
494	173	0
2144	12	0
1044	38	0
550	74	0
2263	64	0
247	117	0
2275	82	0
1828	58	0
284	15	0
1850	47	0
340	210	0
676	117	0
299	164	0
1584	231	0
1412	44	0
1061	226	0
1018	4	0
691	9	0
2070	28	0
1341	51	0
80	180	0
1336	270	0
232	190	0
809	183	0
698	100	0
1885	102	0
250	296	0
685	287	0
1390	27	0
1338	37	0
1957	144	0
1854	204	0
1029	274	0
1283	217	0
910	115	0
1135	41	0
1886	292	0
63	127	0
2153	246	0
1659	57	0
2125	37	0
456	286	0
215	114	0
1151	175	0
1621	192	0
1805	161	0
1518	200	0
1458	132	1
672	257	0
730	11	0
2058	210	0
2227	115	0
196	85	0
753	21	0
621	20	0
1028	174	1
800	91	0
788	92	0
513	187	0
1703	277	0
1140	195	0
2085	165	1
758	93	0
1521	149	0
2325	75	0
1636	221	0
2231	295	0
458	217	0
2286	170	0
1424	215	0
863	36	0
1597	266	0
1121	45	0
1708	165	0
1395	140	0
621	247	0
924	295	0
507	230	0
707	53	0
2256	291	0
822	216	0
489	227	0
950	101	0
0	59	0
2262	234	0
890	78	0
876	248	0
339	193	0
837	77	0
313	150	0
614	273	0
2129	15	0
94	169	0
480	166	0
1573	236	0
309	230	0
310	157	0
913	72	0
1342	132	0
794	200	0
1754	21	0
1315	123	0
83	34	1
1068	239	0
504	239	0
41	104	0
251	133	0
1526	168	0
510	13	0
1527	96	0
297	171	0
1370	20	0
2064	62	0
792	193	0
1552	248	0
347	198	0
1509	233	0
1054	131	0
568	54	0
1978	19	0
20	11	1
2095	46	0
271	42	0
1917	125	0
1954	49	0
431	86	0
45	218	0
2020	207	0
701	232	0
2127	205	0
1637	225	0
210	91	0
767	53	0
300	191	0
1989	163	0
265	84	0
524	116	0
1656	221	0
1310	66	0
1442	216	0
966	103	0
2322	279	0
1270	157	0
416	171	0
240	16	0
730	125	0
1686	30	0
385	266	0
2079	34	0
1029	289	0
2313	25	0
1040	29	0
1908	83	0
540	233	0
1216	91	1
1618	233	0
634	223	1
36	171	0
707	50	1
871	247	0
877	60	0
140	281	0
869	218	1
832	136	0
201	66	0
387	27	1
182	114	0
1985	76	0
1634	31	0
883	150	0
1351	247	0
661	34	1
1809	110	0
1233	13	0
1399	26	1
1193	10	0
969	224	0
295	179	0
1397	101	0
2249	269	0
1092	265	0
946	55	0
2101	151	0
1280	240	0
1954	58	0
426	289	0
494	236	0
1745	218	1
1449	132	1
1074	59	0
1508	174	1
847	137	0
153	219	0
445	154	0
1193	179	0
805	115	0
1781	141	0
756	32	0
2325	80	0
851	50	1
1046	119	0
2298	112	0
567	171	0
121	234	0
476	48	1
2320	158	0
1737	118	0
2087	34	0
1168	253	0
837	213	0
687	239	0
1494	293	0
1302	109	0
2195	273	0
2115	147	0
1117	65	0
95	272	1
1589	267	0
2100	207	0
1094	77	1
839	9	0
2324	56	0
524	226	0
2260	42	0
1677	38	0
1062	292	0
1680	268	0
47	215	0
546	236	0
1471	270	0
960	153	0
1983	256	0
10	86	0
1437	10	0
1689	140	0
1755	160	0
2302	124	0
1201	118	0
914	53	1
1186	91	1
1084	16	0
2166	291	0
1246	46	0
172	216	0
2223	126	0
2062	129	0
1338	94	1
429	196	0
62	50	1
1067	64	0
556	50	1
1290	145	0
1358	146	0
1771	283	0
227	24	0
1	27	0
412	207	0
915	47	0
2244	115	0
633	122	0
2229	223	0
1114	110	0
1589	97	0
1097	74	0
283	56	0
848	22	0
2079	257	0
1075	68	0
608	230	0
576	7	0
2079	240	0
739	35	0
1751	34	0
1667	89	0
452	28	0
58	143	0
1918	107	0
235	229	0
1358	46	0
148	145	0
1712	181	0
1513	11	0
2251	240	0
2227	119	0
1636	58	0
732	65	0
720	20	0
217	184	0
89	57	0
1431	91	0
1121	272	0
522	149	0
1644	231	0
1828	206	1
275	64	0
1648	142	0
488	48	0
737	38	0
61	125	0
1368	250	0
1290	273	0
226	273	0
741	167	0
1694	56	0
655	285	0
2153	157	0
1248	79	0
817	292	0
976	30	0
1667	66	0
353	106	0
89	140	0
1418	93	0
490	144	0
1691	51	0
708	299	0
1015	59	0
1357	222	0
1905	225	1
1400	75	0
2252	180	0
1268	209	0
326	164	0
8	32	0
1628	233	0
1975	142	1
925	191	0
1860	139	0
315	10	0
546	264	0
1044	133	0
1784	6	0
580	60	0
880	222	0
1610	97	0
430	3	0
1936	17	0
568	159	0
1057	20	0
1056	240	0
2171	269	0
2083	129	0
897	53	1
890	298	0
296	25	0
2020	116	0
1341	260	0
1281	135	0
780	273	0
1332	67	0
1204	232	0
1196	136	0
1034	262	0
1082	283	0
2254	111	0
513	137	0
295	58	0
1820	39	0
2095	295	0
472	297	0
659	49	0
1185	250	0
1328	137	0
1710	284	0
2002	121	0
1252	88	1
43	139	0
978	299	0
512	39	0
1220	21	0
1765	136	0
176	51	0
1587	12	0
1601	208	0
309	132	0
1214	248	0
1303	10	0
1577	33	0
88	3	0
1201	105	0
1186	163	0
1384	104	0
1298	67	0
910	191	0
616	195	0
557	101	0
791	1	0
466	77	1
2000	237	0
724	193	0
334	259	0
1988	20	0
953	194	0
517	63	0
1255	214	0
513	161	0
646	34	1
2026	132	0
116	0	0
1315	287	0
27	279	0
202	121	0
1842	178	0
1450	170	0
1063	139	1
1807	208	0
270	86	0
13	94	0
1464	225	0
93	244	1
1431	141	0
1755	67	0
1678	228	0
2121	84	0
96	160	0
2205	133	0
455	78	0
1262	132	0
1498	97	0
497	48	1
100	50	1
1725	10	0
693	132	0
1915	125	0
1739	288	0
748	241	0
1829	275	0
270	219	0
1127	24	0
130	182	0
1971	162	0
1961	153	0
1012	202	0
2263	279	1
2062	50	0
1443	226	0
2075	218	0
1929	254	0
85	29	0
976	133	0
661	199	0
770	279	0
1024	174	1
271	6	1
1201	189	0
1764	116	0
1016	158	0
200	199	0
356	11	0
1895	234	0
2299	129	0
840	34	0
742	281	0
1608	105	0
434	286	0
218	9	0
579	114	0
1826	18	0
1299	19	0
1800	289	0
270	25	0
733	121	0
1765	261	0
351	6	1
94	159	0
30	240	0
22	91	0
408	201	0
494	34	1
1559	153	0
1665	74	0
2301	209	0
581	240	0
826	38	0
289	204	0
829	50	1
510	61	0
491	267	0
1723	268	0
555	18	0
1891	284	0
1675	32	0
677	240	0
1979	271	0
640	218	1
611	7	0
1249	51	0
1753	112	0
710	174	1
918	283	0
840	50	1
559	291	0
274	164	0
772	143	0
1681	5	0
1759	24	0
1303	142	0
1419	29	0
1583	164	0
1039	289	0
1701	263	0
68	36	0
1221	217	0
664	296	0
1753	59	0
370	40	0
2244	210	0
1755	178	0
862	110	1
2305	155	0
257	85	0
2311	163	0
491	159	0
1977	138	0
1336	1	0
1404	218	1
849	281	0
1057	290	0
306	218	0
2105	210	0
1064	14	0
730	95	0
243	17	0
1168	106	0
1460	271	0
797	113	0
801	121	0
2323	110	0
1296	67	0
2084	197	0
659	143	0
418	261	0
2319	95	0
146	122	0
2006	208	0
1663	125	0
1411	173	0
704	294	0
1739	82	0
1810	68	0
149	34	1
639	195	0
2118	280	0
1386	12	0
527	179	0
808	53	0
2283	65	0
2092	165	1
1549	20	0
504	21	0
590	290	0
790	189	0
1380	187	0
722	63	0
499	213	0
932	136	0
895	113	0
431	77	1
108	248	0
1500	17	0
699	286	0
1931	74	0
67	228	0
1766	51	0
683	119	0
1219	91	1
1331	287	0
69	203	0
1585	259	0
1230	108	0
1633	190	0
643	136	0
1154	273	0
1510	285	0
2083	127	0
465	94	1
378	261	0
245	236	0
1404	46	0
1832	84	0
1180	295	0
287	215	0
495	229	0
2160	153	0
872	72	0
1892	2	0
2053	178	0
1625	125	0
1200	260	0
1865	190	0
1702	5	0
384	225	0
1616	229	0
351	290	0
1690	56	0
2296	113	0
1677	296	0
2255	83	0
1922	260	0
2065	119	0
652	272	0
1777	272	0
1036	283	0
599	212	0
1885	181	0
1541	138	1
1478	116	1
550	152	0
1111	188	0
760	229	0
895	297	0
1206	171	0
1362	26	1
1511	109	0
1199	166	0
149	97	0
73	106	0
861	260	0
2197	277	0
1698	189	0
875	158	0
306	18	0
76	113	0
165	279	0
855	115	0
92	186	0
72	218	0
2281	43	0
1805	268	0
1859	168	0
2255	188	0
140	152	0
950	200	0
1498	156	0
819	215	0
305	261	0
1154	34	0
1046	44	0
1213	60	0
1510	138	1
1997	135	0
1317	123	1
468	0	0
1699	207	0
2095	166	0
2262	255	0
166	222	0
1417	51	0
990	136	0
1801	85	0
1843	72	0
1336	45	0
2175	219	0
1920	139	0
196	167	0
2077	56	0
1716	107	0
1213	297	0
1273	276	0
1537	119	0
713	180	0
746	161	0
321	254	1
1586	262	0
580	230	0
169	109	0
1806	194	1
1299	210	0
1702	148	0
212	280	0
614	174	0
1980	42	0
478	237	0
1931	220	1
733	195	0
342	140	0
1671	166	1
1927	241	0
1718	233	0
1032	77	1
576	101	0
1223	57	0
254	260	0
1457	229	0
144	17	0
82	282	0
439	149	0
1706	245	0
1680	0	0
46	245	1
1031	265	0
909	154	0
765	92	0
1668	4	0
982	182	0
1765	74	0
627	188	0
275	68	0
1751	28	0
226	93	0
2162	149	0
637	134	0
1169	286	0
2323	84	0
1701	46	0
2174	251	0
776	90	0
1930	266	0
1978	142	1
1273	273	0
2103	169	0
1631	40	0
52	30	0
9	149	0
2203	253	1
1422	239	0
327	244	0
1222	185	0
1510	207	0
1099	154	0
640	82	0
1223	71	0
1153	163	0
567	120	0
1416	96	0
1259	119	0
1504	23	0
1933	220	1
1394	157	0
702	241	0
706	248	0
1969	95	0
2089	241	0
655	86	0
410	59	0
1115	40	0
864	76	1
2319	55	0
2092	139	0
1047	226	0
1799	8	0
1589	214	0
492	286	0
869	215	0
1978	104	0
733	287	0
2051	40	0
1212	17	0
564	197	0
33	201	0
1667	260	0
1218	229	0
6	259	0
1423	49	0
1903	140	0
1753	170	0
2133	144	0
843	125	0
1396	68	0
938	296	0
533	233	0
87	50	1
1828	130	0
1794	254	0
1076	299	0
938	178	0
491	43	0
1638	29	0
516	2	0
1529	85	0
1814	195	0
1869	86	0
298	164	0
324	249	0
937	262	0
515	123	0
1142	28	0
1371	109	0
522	34	1
55	147	0
1104	26	0
167	142	0
1754	212	0
2200	216	0
397	28	1
382	212	0
978	56	0
1472	250	0
211	145	0
1466	51	0
973	278	0
1934	210	0
523	267	0
1555	11	0
690	235	0
1266	202	0
1782	278	0
1013	28	0
532	262	0
2244	253	0
1064	151	0
1833	201	0
876	212	0
201	165	1
1854	167	0
831	92	0
1403	168	0
1330	12	0
1137	109	0
838	142	1
1934	253	0
327	34	0
599	232	0
453	133	0
1006	72	0
645	102	0
1378	138	1
141	167	0
1344	68	0
1472	267	0
884	24	0
611	116	0
964	258	0
512	224	0
745	132	0
1863	96	0
1942	177	0
225	6	1
1383	97	0
670	139	0
2287	133	0
185	41	0
1334	94	1
1194	237	0
1172	246	0
234	34	0
1014	168	0
1270	296	0
396	162	0
482	190	0
1954	220	0
880	50	1
819	141	0
482	70	0
1642	256	0
1394	140	0
997	63	0
2193	178	0
130	208	0
2088	25	0
60	103	0
975	67	0
158	110	0
1836	172	0
1231	142	0
1858	136	0
2045	227	1
1428	282	0
1306	84	0
828	215	0
984	4	0
982	191	0
1531	207	0
653	155	0
549	202	0
280	143	0
506	213	0
648	147	0
346	164	0
396	21	0
1788	282	0
531	177	0
874	8	0
275	146	0
366	161	0
485	183	0
1134	17	0
44	172	0
1190	7	0
2061	24	0
39	281	0
1166	14	0
1349	215	0
942	59	1
1967	157	0
380	25	1
50	211	1
2211	27	0
1563	122	0
2284	44	0
1025	255	0
2172	247	0
310	296	0
1901	76	0
592	175	0
946	227	1
260	102	0
623	198	0
544	283	0
1355	254	0
482	137	0
1639	251	0
1272	142	1
2240	26	0
1156	108	0
680	229	0
1155	190	0
327	50	0
805	60	0
285	199	1
1772	263	0
1613	85	0
465	110	1
1434	128	0
493	34	1
1523	48	0
1431	47	0
26	133	0
2151	176	0
1989	16	0
1245	92	0
1116	230	0
2294	299	0
820	213	0
1143	240	0
1579	184	0
2006	50	0
1955	137	0
844	77	1
824	42	0
299	6	1
157	194	1
1764	264	0
32	165	1
80	147	0
555	122	0
1675	281	0
1944	128	0
244	236	0
1443	44	0
486	120	0
1915	115	0
2055	107	0
1083	197	0
1833	167	0
93	191	0
2214	96	0
1193	247	0
1295	50	0
967	118	0
1503	138	1
1463	103	0
2165	252	0
1831	207	1
1334	96	0
1555	158	0
621	159	0
1061	178	0
1780	82	0
1810	49	0
1212	160	0
282	102	0
101	185	0
1968	114	0
5	194	0
1665	175	0
1145	0	0
161	280	0
1969	78	0
1080	261	0
1999	268	0
502	265	0
1800	28	0
1752	74	0
2188	163	0
2205	231	0
424	101	0
388	283	0
854	195	0
1746	189	0
964	107	0
1057	277	0
1861	71	0
2062	246	0
538	180	0
88	233	0
2272	285	0
617	34	1
1756	146	0
903	46	0
1863	17	0
1523	211	0
1901	259	0
935	149	0
1444	134	0
1050	254	0
1569	276	0
1278	58	0
1139	83	1
1930	182	0
2019	25	0
677	37	0
353	182	0
711	80	0
283	39	0
2036	47	0
1232	92	0
813	292	0
1354	178	0
1843	197	0
846	290	0
2153	214	0
99	284	0
216	225	0
1067	17	0
287	88	0
461	40	0
700	34	1
1779	15	0
914	64	0
2189	21	0
859	217	0
2228	39	0
1179	184	0
1276	279	0
389	192	0
893	273	0
1401	218	0
1240	100	0
499	79	0
1316	145	0
1165	121	0
1529	218	0
648	134	0
1974	215	0
2063	64	0
31	216	0
2222	274	0
50	220	1
829	35	0
95	70	0
8	218	1
1816	50	0
1673	166	0
1407	26	1
1828	57	0
145	19	1
963	231	0
1897	218	1
1401	76	0
1732	241	0
2114	80	0
1063	283	0
1840	299	0
855	22	0
1048	243	0
1376	56	0
79	7	1
838	37	0
148	248	0
2074	57	0
1388	142	0
1427	11	1
2308	136	0
510	59	0
728	275	0
1399	278	0
1562	63	0
971	92	0
614	33	0
738	260	0
1347	168	0
375	157	0
1016	99	0
1479	159	0
1908	267	0
1166	287	0
1274	243	0
2233	184	0
2081	240	0
555	85	0
1443	90	0
2071	2	0
701	219	0
682	95	0
987	289	0
1347	175	0
1623	236	0
937	180	0
974	65	0
1037	272	0
1960	191	0
956	107	0
1703	84	0
1796	271	0
2269	283	0
464	20	0
214	18	0
2146	185	0
1537	138	1
2135	122	0
911	239	0
1631	292	0
804	218	1
1860	154	0
1010	252	0
1954	224	0
415	223	0
1665	109	0
1994	272	0
622	256	0
1336	82	0
1407	294	0
1032	97	0
1859	297	0
2036	208	0
499	253	0
2221	275	0
1131	280	0
1592	201	0
1179	4	0
1259	176	0
1825	180	0
2070	263	0
1162	190	0
1477	15	0
2135	134	0
1380	18	0
2089	296	0
316	71	0
1320	37	0
1566	164	0
1338	157	0
1512	32	0
492	289	0
1564	224	0
1494	174	0
666	53	0
1590	63	0
641	73	0
2056	270	0
323	159	0
565	77	0
1043	214	0
1788	141	0
1020	121	0
1681	180	0
1363	197	0
265	6	1
152	37	0
2136	209	0
318	218	1
1826	142	0
2163	244	1
229	42	0
669	118	0
253	236	0
2023	183	0
1323	130	0
1727	174	1
620	72	0
1108	129	0
1342	94	1
1396	53	0
1367	94	0
1847	190	0
348	122	0
481	26	0
514	179	0
109	50	1
659	55	0
1573	249	0
2195	119	0
620	102	0
1787	52	0
1791	118	0
414	158	0
912	53	1
129	117	0
990	86	0
588	13	0
1991	35	0
2265	188	0
2087	161	0
1746	177	1
35	86	0
1102	227	0
626	92	0
703	27	0
2261	60	0
1616	242	0
319	257	0
814	100	0
1606	188	0
1358	130	0
41	74	0
1847	78	0
2091	276	0
288	67	0
658	17	0
1727	270	0
1591	235	0
43	100	0
1151	93	0
1330	210	0
1249	119	0
1052	192	0
726	44	1
40	28	0
642	89	0
318	244	0
1219	241	0
947	294	0
505	174	0
51	157	0
797	0	0
1368	283	0
2316	243	0
1587	127	0
1374	238	0
2019	102	0
744	235	0
2018	201	0
170	210	0
166	6	1
56	31	0
31	262	0
945	64	0
674	282	0
22	78	0
826	67	0
1102	176	0
1946	143	0
1411	68	0
1480	232	0
2085	105	0
641	28	0
2028	65	0
5	10	0
1722	177	0
608	124	0
652	9	0
271	98	0
110	242	0
353	192	0
412	0	0
482	196	0
1221	98	0
1902	178	0
458	169	0
1448	36	0
1926	147	0
1708	118	0
1551	96	0
1918	133	0
422	128	0
1936	262	0
218	4	0
2196	148	0
1252	243	0
2283	185	0
1064	295	0
2207	130	0
319	57	0
1606	181	0
624	244	1
463	270	0
326	223	0
1764	9	0
368	206	0
1505	207	0
1866	87	0
1878	170	0
75	271	0
1791	198	0
451	245	0
774	89	0
1546	129	0
1783	26	0
277	167	0
1806	225	0
131	15	1
855	126	0
373	51	0
599	115	0
699	263	0
1812	88	0
366	170	0
490	70	0
1706	173	0
811	223	0
1444	132	1
1008	79	0
329	213	0
1465	52	0
1668	3	0
1362	22	0
685	198	0
2274	131	0
1	147	0
920	126	0
598	31	0
1452	194	0
760	95	0
1119	78	0
1160	94	0
1747	154	0
1042	102	0
347	6	1
847	172	0
36	198	0
226	245	0
1471	4	0
1710	192	0
1970	2	0
38	113	0
1009	76	1
1625	241	0
1257	137	0
1257	230	0
1597	219	1
907	73	0
921	119	0
35	125	0
1769	13	0
1940	284	0
2237	242	0
1443	125	0
1583	50	0
1317	264	0
2054	195	0
1261	26	0
1887	223	0
777	228	0
179	235	0
1830	247	0
467	238	0
157	5	0
521	198	0
2128	71	0
234	219	0
1725	163	0
1225	19	0
1473	274	0
1078	121	0
1104	77	1
415	71	0
1706	34	0
1451	143	0
1719	121	0
2162	219	0
2101	18	0
404	156	0
1224	135	0
2011	243	0
880	213	0
337	115	0
1688	124	0
2282	1	0
783	83	0
2176	274	0
472	199	0
721	286	0
1119	293	0
2005	274	0
1640	173	0
1161	25	0
569	54	0
830	19	0
2066	54	0
710	10	0
308	109	0
316	94	0
405	91	0
1623	26	0
1110	281	0
794	48	1
1957	231	0
1589	145	1
2270	219	0
1632	250	0
942	231	0
356	13	0
1194	113	0
319	6	1
247	151	0
724	291	0
1012	265	0
959	117	0
1602	16	0
1489	292	0
2195	151	0
1667	160	1
937	168	0
1433	57	0
619	145	0
1797	252	0
609	198	0
1207	207	0
2115	58	0
702	158	0
319	14	0
505	252	0
934	294	0
516	50	1
914	75	0
223	256	0
2003	217	0
2066	141	0
1921	105	0
1698	153	0
1626	6	0
543	287	0
2087	176	0
1564	248	0
876	50	1
153	168	0
514	51	0
2076	27	0
970	65	1
2250	120	0
1241	187	0
567	269	0
416	32	1
1172	229	0
309	0	0
445	101	0
2090	75	0
1695	293	0
1086	261	0
1205	214	0
1850	275	0
227	172	0
684	225	0
789	93	0
1015	128	0
674	117	0
395	25	0
143	157	0
1186	200	0
992	122	0
1231	188	0
78	76	0
455	81	0
577	219	0
1265	53	0
4	288	0
1402	114	0
1438	183	0
1317	100	0
271	210	0
453	178	0
1288	292	0
2105	109	0
587	249	0
1215	170	0
765	88	0
550	164	0
747	231	0
118	10	1
2021	8	0
79	139	0
2236	105	0
484	171	0
358	271	0
1505	221	0
316	12	0
174	50	0
106	297	0
495	255	0
924	144	0
621	218	1
1921	79	0
1090	142	0
2142	236	0
321	53	0
2092	277	0
1794	52	0
1745	103	0
1872	195	0
47	2	0
1047	179	0
2236	40	0
317	66	0
2200	143	0
2283	192	0
2113	112	0
549	116	0
897	169	0
59	108	1
1509	184	0
640	125	0
211	144	0
1475	31	0
1969	256	0
1895	26	0
472	184	0
1322	148	0
1215	226	0
2199	252	1
1738	245	0
26	2	0
429	127	0
167	130	0
4	3	1
1007	218	1
1156	17	0
2040	29	0
638	243	0
1190	187	0
575	32	0
1581	81	0
1865	176	0
1340	129	0
130	63	0
1070	87	0
1532	125	0
1421	115	0
183	4	0
2313	12	0
1052	176	0
370	215	0
1924	34	0
2109	116	0
83	279	1
1790	128	0
998	231	0
1423	260	0
740	191	0
129	220	0
2295	191	0
2074	107	0
350	47	0
1183	272	0
1263	43	0
2096	241	0
1347	94	1
2094	25	0
1057	186	0
914	119	0
721	146	0
20	246	1
51	112	0
2158	29	0
1881	211	1
2135	45	0
1288	167	0
1263	5	0
2231	146	0
640	165	0
1131	176	0
1024	123	0
1089	39	0
1211	231	0
2279	239	0
445	180	0
2301	234	0
2092	120	0
774	82	0
938	266	0
2167	156	0
2015	225	0
995	245	0
1648	156	1
1402	77	0
2028	37	0
2230	283	0
1220	237	0
1694	97	0
1194	212	0
1416	91	0
988	145	0
1157	84	0
141	123	1
578	56	0
1415	195	0
836	111	0
857	267	0
274	228	0
760	203	0
1410	157	0
286	220	0
359	226	0
1727	158	0
2104	23	0
1434	15	0
358	290	0
1756	49	0
631	160	0
1045	85	0
481	64	0
733	200	0
1342	58	0
1715	46	0
999	288	0
2229	190	0
1793	159	0
1299	253	0
1006	282	0
608	34	1
1813	255	0
174	241	0
206	66	0
317	270	0
44	1	0
755	176	0
1015	148	0
1358	26	1
1674	74	0
1894	12	0
1010	270	0
541	34	1
32	49	1
977	102	0
1606	292	0
355	55	0
1416	189	0
1678	54	0
726	247	0
1010	118	0
105	142	1
711	96	0
83	200	0
310	84	0
338	290	0
1949	226	0
1497	47	0
1204	97	0
878	76	1
593	29	0
107	172	0
1129	19	0
2124	154	0
718	205	0
683	214	0
831	35	0
1965	160	0
1951	49	0
1769	60	0
506	53	0
1560	96	0
1377	265	0
1574	195	0
1350	253	0
586	169	0
872	292	0
2276	52	0
2273	216	0
609	270	0
1996	69	0
1942	269	0
1112	179	0
929	211	0
95	107	0
14	4	1
1954	14	0
31	34	0
1693	79	0
1686	210	0
160	108	0
662	270	0
1873	211	1
1247	58	0
121	3	0
484	226	0
404	200	0
1174	75	0
658	83	0
34	227	0
588	42	0
232	124	0
944	275	0
785	39	0
1034	77	1
1021	272	0
1611	17	0
2273	295	0
1114	297	0
1759	290	0
750	66	0
875	51	0
1381	93	0
1625	132	0
686	48	1
551	179	0
611	203	0
771	270	0
817	206	0
1263	211	0
711	24	0
1703	103	0
168	47	0
1596	22	0
97	148	0
1317	20	0
438	90	0
175	110	0
1786	277	0
1117	46	0
797	155	0
1022	144	0
1463	195	0
566	5	0
1454	82	0
776	57	0
14	72	0
1783	48	0
1000	198	0
609	229	0
1945	282	0
670	5	0
319	258	0
1575	11	0
802	245	1
330	211	0
48	235	0
551	135	0
307	187	0
2173	244	1
1533	118	0
739	85	0
262	173	0
453	109	0
516	265	0
60	7	1
1210	182	0
1620	213	0
423	92	1
1319	37	0
1891	167	0
2323	62	0
1352	272	0
1749	75	0
1423	93	0
1206	15	0
1322	94	1
109	220	0
811	171	0
1184	152	0
1026	105	1
1276	96	0
1676	225	0
1609	199	0
1653	164	0
1123	47	0
2145	145	0
1262	181	0
370	279	0
1801	222	0
2131	250	0
2245	271	0
1962	199	0
807	285	0
2142	73	0
1320	279	0
780	7	0
37	265	0
806	22	0
1890	215	0
284	200	0
1873	23	0
1690	86	0
1485	206	0
919	265	0
1923	190	0
124	11	1
1494	74	0
2297	236	0
877	50	1
668	167	0
2040	227	1
968	64	1
46	17	0
194	53	0
92	42	0
1016	61	0
1066	149	0
979	198	0
878	38	0
2075	22	0
1645	111	0
1021	135	0
584	214	0
2069	165	1
494	52	0
1405	248	0
2254	118	0
102	50	1
568	249	0
2267	297	0
1368	266	0
2140	78	0
135	123	1
1200	222	0
840	178	0
872	63	0
2049	73	0
1748	252	0
496	256	0
544	164	0
869	3	0
1352	17	0
2090	91	0
1220	285	0
256	242	0
1856	292	0
1469	150	0
1747	152	0
1918	221	0
94	294	0
947	242	0
2236	49	1
406	30	1
272	41	0
1656	15	0
238	27	0
956	220	0
1222	206	0
605	285	0
1064	288	0
272	82	0
1614	279	0
1182	46	0
449	227	1
90	228	0
90	180	0
2098	174	0
1918	197	0
1444	264	0
54	242	0
2157	51	0
449	113	0
1267	26	0
1196	204	0
502	181	1
1010	142	0
713	7	0
935	181	0
92	7	1
1171	18	0
2041	267	0
71	50	1
2175	127	0
1807	66	0
255	18	0
281	60	0
679	106	0
1045	87	0
1631	179	0
2180	30	0
1760	108	0
669	91	0
737	58	0
1536	138	1
1276	213	0
501	130	0
136	123	1
2047	0	0
1582	207	0
1136	195	0
391	296	0
1568	267	0
1722	168	0
1572	143	0
80	65	0
1434	120	0
1726	76	0
1100	145	0
2262	243	0
1766	249	0
2238	282	0
1988	28	0
1746	39	0
814	72	0
1138	242	0
1616	210	0
719	50	1
1082	182	0
1644	196	0
1354	221	0
1505	223	0
840	80	0
443	254	0
1374	134	0
2029	225	0
995	159	0
2115	122	0
1461	279	0
1066	36	0
1336	66	0
1548	28	0
490	21	0
793	2	0
1125	94	0
1462	203	0
460	264	0
91	92	0
1835	255	0
2266	247	0
359	244	0
1632	190	0
591	168	0
284	272	0
2142	157	0
220	161	0
1983	155	0
127	91	1
1378	99	0
1320	243	0
1700	163	0
1218	8	0
1234	148	1
388	125	0
1384	197	0
1999	13	0
181	34	0
2134	299	0
986	135	0
745	24	0
201	214	0
1403	61	0
1094	198	0
47	152	1
1004	286	1
1526	14	0
752	36	0
2161	278	0
509	173	0
793	243	0
1624	131	0
1651	196	0
926	210	1
346	66	0
716	160	0
1102	173	0
1627	244	0
97	221	0
2150	268	0
2241	273	1
1876	25	0
519	95	0
1836	10	0
1203	264	0
520	35	0
1670	293	0
597	105	1
1422	155	0
2273	80	0
1122	92	0
1919	163	0
383	177	0
173	182	0
420	281	0
628	228	0
914	99	0
2122	289	0
1158	256	0
1689	139	1
1928	114	0
604	80	0
995	192	0
978	226	1
404	192	0
1155	150	0
943	61	1
20	34	1
1936	118	0
558	71	0
737	87	0
624	265	0
1273	81	0
1125	256	0
2034	158	0
1974	97	0
276	109	0
2309	209	0
2125	160	0
1640	237	0
1749	117	0
2300	175	0
67	7	1
1030	292	0
889	90	0
2048	90	0
2164	276	0
475	54	0
515	12	0
2055	168	0
2025	72	0
2285	33	0
1345	233	1
304	271	0
158	172	0
2215	284	0
669	127	0
1052	0	0
1048	213	0
944	104	0
151	11	0
1768	262	0
1165	116	1
2318	229	0
2057	92	0
1668	80	0
770	292	0
15	25	0
2075	165	1
2001	167	0
1760	141	0
1541	262	0
929	15	0
1275	223	0
1306	148	0
256	233	0
520	6	0
2326	198	0
1565	297	0
58	26	1
316	223	0
715	77	1
1943	206	0
2016	40	0
1575	226	0
149	61	1
660	66	0
1724	27	0
450	280	0
878	17	0
1814	139	0
1138	135	0
1794	278	0
455	278	0
713	261	0
1551	210	0
1188	128	0
151	188	0
105	40	1
1263	212	0
1726	54	0
255	133	0
1884	33	0
1076	252	0
1937	279	0
1965	244	1
1793	73	0
812	159	0
561	231	0
1476	25	0
917	185	0
1511	102	0
560	240	0
1790	205	0
1814	172	0
1215	163	0
1957	211	0
1370	81	0
1809	160	0
69	192	0
823	187	0
159	250	0
1901	33	0
1849	202	0
1651	10	0
270	245	0
1136	121	0
256	189	0
2017	69	0
1648	72	0
1922	112	0
1324	23	0
1290	186	0
1660	158	1
886	11	0
1562	108	0
662	276	0
993	77	1
1457	132	1
300	276	0
1008	171	0
1964	6	0
1768	68	0
2187	28	0
699	100	0
2257	226	0
69	15	0
2181	131	0
625	142	0
1830	194	0
812	200	0
568	39	0
1187	91	1
111	58	0
467	105	1
1717	0	0
1898	14	0
1285	299	0
2160	244	1
2005	192	0
858	180	0
500	18	0
602	122	0
95	208	0
426	104	0
1258	267	0
1804	37	0
778	55	0
2164	96	0
1701	295	0
700	172	0
1963	5	0
787	254	0
278	292	0
1089	126	0
312	171	0
212	274	0
445	30	0
785	60	0
1612	296	0
654	148	0
895	11	0
299	29	0
1833	268	0
269	6	1
748	88	0
1854	291	0
495	34	1
2036	274	0
1046	231	0
1491	123	0
2134	189	0
1271	152	0
1004	89	0
547	176	0
1669	35	0
2130	162	0
689	147	0
1409	115	0
2060	26	0
281	84	0
746	294	0
1292	108	0
1382	211	0
1943	68	0
623	295	0
935	207	0
1471	116	1
530	34	1
239	5	0
1639	243	0
1841	240	0
476	276	0
1888	1	0
637	6	0
2187	256	0
1056	181	0
1674	68	0
1263	243	0
246	287	0
1548	41	0
1099	240	0
996	227	0
1220	262	0
6	293	0
1964	14	0
939	269	0
502	256	0
2135	107	0
984	127	0
1938	8	0
1768	80	0
841	207	0
68	31	0
1959	262	0
934	245	0
2227	82	0
1947	28	0
1248	0	0
224	116	0
209	193	0
203	165	0
1355	216	0
909	243	0
1423	282	0
370	118	0
909	269	0
735	286	0
1619	276	0
1573	48	0
382	25	1
1316	13	0
1466	91	0
1294	109	1
2189	157	0
541	7	0
1212	139	0
1821	240	0
634	26	1
1508	57	0
1298	212	0
1351	111	0
1917	89	0
1808	118	0
1154	275	0
718	34	1
1227	58	0
8	7	1
1846	187	0
177	73	0
582	172	0
1837	228	0
1963	218	0
2005	247	1
1101	285	0
684	233	0
2263	105	0
999	248	0
242	261	0
238	165	1
2058	126	0
1916	22	0
80	129	0
1377	96	0
1966	144	0
1266	265	0
687	220	0
545	36	0
612	19	0
1403	57	0
226	17	0
664	186	0
1702	131	0
1635	4	0
300	140	0
1066	77	1
264	132	0
198	211	0
1838	78	0
132	221	0
458	34	1
164	1	0
725	50	0
43	237	0
295	19	0
173	144	0
436	272	0
61	248	0
1444	54	0
147	269	0
1887	99	0
929	201	0
262	85	0
623	287	0
27	272	0
1464	236	0
1911	152	0
634	77	1
1534	183	0
295	269	0
648	62	0
2240	283	0
1013	66	0
1926	34	0
1469	134	1
705	168	0
2104	271	0
1467	287	0
404	237	0
864	53	0
2192	165	0
1459	250	0
2257	109	0
118	120	0
1048	77	1
2301	197	0
2043	157	0
426	155	0
1378	272	0
975	38	0
1923	29	0
1473	192	0
871	202	0
824	258	0
404	175	0
163	186	0
1121	132	0
1758	263	0
1620	288	1
729	262	0
833	58	0
416	186	0
516	174	0
767	167	0
501	58	0
707	254	0
569	6	0
2255	238	0
601	293	0
966	37	0
552	91	0
613	57	0
589	122	0
1703	174	1
782	295	0
2237	107	0
249	215	1
760	293	0
2235	109	0
372	8	0
969	173	0
1309	81	0
719	41	0
419	77	1
47	244	1
286	38	0
2175	157	0
1479	185	0
1291	251	0
94	67	0
1444	136	0
1958	26	0
1729	48	0
420	140	0
146	150	0
660	84	0
1969	47	0
626	179	0
2257	81	0
222	109	0
1558	157	0
1091	57	0
194	215	0
1794	165	0
1435	272	0
933	20	0
60	50	1
20	27	0
549	25	0
403	272	0
2292	165	0
1925	150	0
2024	196	0
1748	85	0
66	282	0
649	252	0
952	122	0
864	231	0
111	7	1
449	175	0
271	29	0
1247	217	0
1499	73	0
1404	28	0
560	114	0
2050	121	0
245	107	0
2147	0	0
336	54	0
136	273	0
671	221	0
943	93	0
1695	79	0
2099	165	1
1243	163	0
1091	61	0
1868	241	0
2066	165	1
279	251	0
991	84	0
1656	10	0
50	97	0
47	76	1
697	292	0
500	35	0
1043	179	0
1613	30	0
1699	137	0
2258	231	0
1104	46	0
1752	107	0
2139	21	0
2076	168	0
769	48	1
2032	96	0
33	175	0
401	10	0
1590	226	0
2232	232	0
992	34	0
1426	131	0
1482	134	1
316	138	0
1734	282	0
775	77	0
1631	74	0
509	88	0
2110	77	0
1903	201	0
2156	224	0
1481	159	0
2330	205	0
1248	11	0
936	182	0
1191	100	0
1513	191	0
979	277	0
736	79	0
1727	73	0
1114	220	0
2318	290	0
1085	39	0
1379	231	0
1095	171	0
2027	280	0
369	38	0
649	31	0
148	178	0
200	288	0
1109	77	1
1081	298	0
1123	76	0
1846	7	0
243	109	0
171	42	0
1773	86	1
1068	154	0
747	146	0
1592	76	0
1960	185	0
396	211	0
456	259	0
1738	150	0
937	195	0
575	54	0
573	105	0
2021	167	0
125	117	0
476	214	0
1171	280	0
1601	164	0
876	241	0
2106	97	0
2319	207	0
220	268	0
519	39	0
1879	211	1
1243	9	0
874	126	0
1270	203	0
1726	174	1
1453	251	0
847	60	0
100	7	1
1715	298	0
1583	267	0
1449	199	0
1674	292	0
1196	139	0
1358	260	0
2288	39	0
1451	113	0
491	230	0
2111	167	0
440	138	0
1027	174	1
1952	211	0
1391	227	0
1047	120	0
952	35	0
1899	34	0
1981	12	0
1057	183	0
448	296	0
2041	231	0
1339	167	0
1290	64	0
2025	286	0
1250	173	0
1224	189	0
226	180	0
1887	42	0
708	45	0
2124	204	0
975	221	0
1288	9	0
866	200	0
106	80	0
429	23	0
596	272	0
1949	68	0
21	288	1
1804	199	0
492	25	0
1842	81	0
2219	85	0
784	150	0
625	292	0
348	210	0
2188	149	0
37	143	0
983	106	0
1892	269	0
2168	29	0
918	269	0
1081	223	0
258	242	0
1822	172	0
555	43	0
1786	257	0
536	174	0
350	48	0
971	78	0
1159	274	0
570	286	0
325	288	1
265	78	0
1266	170	0
1600	201	0
966	148	0
2262	293	0
2116	85	0
72	50	1
136	243	1
157	50	0
1758	182	1
1083	64	0
339	56	0
1117	147	0
639	227	1
541	50	1
2079	63	0
307	298	0
475	73	0
1351	164	0
1709	174	1
243	65	0
891	154	0
2131	244	1
761	48	1
460	284	0
815	199	0
284	111	0
623	282	0
1599	90	0
1980	190	0
318	50	1
1503	20	0
185	179	0
1514	209	0
1485	257	0
511	44	0
611	269	0
520	216	0
2216	187	0
427	135	0
1699	160	0
2215	138	0
1813	174	0
562	63	0
1674	141	0
1169	57	0
214	75	0
1194	91	1
1240	288	1
858	244	0
2112	25	0
1023	130	0
2212	260	1
1131	84	0
1968	46	0
1679	106	0
799	147	0
1424	188	0
1464	204	0
305	78	0
405	120	0
1807	157	0
1200	240	0
956	90	0
1972	73	0
1075	74	0
382	90	1
587	79	0
973	159	0
1836	186	0
2234	239	0
506	266	0
1373	113	0
2072	177	0
1438	190	0
356	74	0
1024	121	0
643	49	0
655	69	0
1117	77	1
1199	136	0
1642	191	0
90	0	0
1574	170	0
134	134	0
387	176	0
1509	211	0
210	203	0
1737	270	0
423	100	0
1199	45	0
2098	236	0
776	188	0
523	67	0
1983	199	0
280	51	0
913	277	0
1922	152	0
331	271	0
1044	11	0
1791	121	0
1213	70	0
1074	117	0
689	289	0
662	153	0
1898	206	0
1250	207	0
1381	147	0
1092	77	1
2074	123	0
1599	52	0
387	226	0
2185	92	0
676	244	1
1411	115	0
1477	239	0
39	270	0
1282	230	0
2109	250	0
1376	13	0
1516	149	0
1435	2	0
265	172	0
1545	245	0
1628	182	0
134	189	0
1947	114	0
2201	246	0
1897	153	0
503	183	0
274	284	0
2245	298	0
1000	149	0
398	229	0
2046	129	0
906	104	0
2275	165	0
1995	57	0
154	6	0
672	54	0
1897	71	0
207	267	0
8	22	0
1459	132	1
792	223	0
106	259	0
1533	145	0
845	193	0
1125	48	0
491	88	0
1501	251	0
1710	299	0
650	286	0
159	77	0
1532	173	0
2314	1	0
2225	65	0
1266	109	0
1765	124	0
1069	174	0
2044	110	0
413	134	0
974	220	0
2152	146	0
1422	222	0
472	40	0
683	142	0
1628	95	0
1183	119	0
334	181	0
2078	204	0
2147	176	0
2131	87	0
1589	3	0
287	257	0
439	41	0
1395	121	0
2246	273	1
1618	31	0
622	194	0
87	186	0
538	163	0
2150	82	0
1579	254	0
350	86	0
1701	241	0
652	16	0
850	162	0
203	121	0
1277	297	0
290	231	0
681	87	0
1813	296	0
1656	96	0
58	39	0
716	275	0
1879	186	0
940	211	1
1637	179	0
85	156	0
442	100	0
1755	104	0
1661	135	0
391	104	0
1240	242	0
229	275	0
1853	221	0
923	110	0
2327	211	0
180	27	0
1249	241	0
2057	193	0
1661	195	0
479	50	1
1036	176	0
355	26	0
1059	183	0
1531	183	0
2206	236	0
90	179	0
2241	145	0
1933	200	0
1087	155	0
366	260	0
1053	225	0
1377	149	0
367	279	0
2249	191	0
1627	116	1
420	8	0
816	158	0
302	261	0
898	8	0
1150	247	0
903	247	0
213	260	0
1614	58	0
1827	19	0
26	210	0
2205	4	0
1773	9	0
1526	219	0
787	49	1
69	146	0
1517	138	1
1516	79	0
1042	272	0
599	88	0
1228	147	0
684	173	0
179	89	0
364	40	0
16	183	0
608	169	0
622	137	0
327	283	0
48	210	0
285	86	0
1310	194	0
1524	95	0
943	258	0
54	139	0
1036	40	0
643	242	0
1594	83	0
2329	215	0
4	247	0
181	98	0
83	44	0
1680	97	0
1368	101	0
165	67	0
1753	204	0
2236	231	0
728	185	0
961	25	0
1257	181	0
1545	22	0
482	153	0
227	207	0
802	200	0
2329	45	0
955	17	0
1801	83	0
373	103	0
2013	131	0
1034	106	0
1747	216	0
1202	90	0
1421	243	0
913	59	0
1341	104	0
2218	66	0
987	187	0
2287	50	0
242	225	0
938	276	0
340	6	1
2084	121	0
1704	33	0
1655	180	0
1653	274	1
478	153	0
631	85	0
2078	119	0
2284	134	0
1590	163	0
2081	84	0
1456	158	0
2092	147	0
574	34	1
2217	15	0
1182	195	0
655	47	0
98	281	0
1180	10	0
2158	225	0
1654	58	0
645	265	0
240	130	0
2125	283	0
1070	170	0
1066	32	0
1631	261	0
1978	173	0
691	91	0
1277	50	0
2050	65	0
1376	33	0
2110	56	0
2120	235	0
829	218	1
1574	120	0
971	98	0
574	189	0
1794	248	0
707	119	0
605	119	0
1426	40	0
1878	202	0
2033	37	0
423	174	0
2304	26	0
639	84	0
1112	50	0
888	159	0
494	242	0
1683	149	0
424	86	1
1170	90	1
56	247	0
1085	13	0
1125	189	0
971	66	1
785	260	0
1303	82	0
534	231	0
1714	174	1
1696	169	0
1124	200	0
1880	62	0
705	48	1
1811	82	0
1154	14	0
505	204	0
732	164	0
1926	110	0
251	216	0
752	44	0
1548	167	0
1141	221	0
295	93	0
694	70	0
1299	185	0
226	171	0
1007	7	0
954	184	0
309	2	0
67	254	0
225	79	0
1156	233	0
709	17	0
657	60	0
406	135	0
909	157	0
195	77	0
1579	231	0
1222	91	1
798	64	0
968	246	0
1360	150	0
250	7	0
829	265	0
1427	227	0
1363	77	0
1497	157	0
1061	154	0
473	7	0
604	290	0
1640	99	0
231	167	0
1140	83	1
1662	45	0
363	229	0
1461	277	0
514	212	0
1148	157	0
2330	89	0
1264	178	0
2170	245	0
587	114	0
2012	56	0
1464	116	0
1402	144	0
754	52	0
365	19	1
448	185	0
1963	132	0
1871	130	0
2077	114	0
160	2	0
1864	96	0
2304	237	0
1334	255	0
317	82	0
1138	173	0
179	59	0
1968	74	0
999	82	0
243	22	0
176	257	1
921	68	0
1648	56	0
1177	297	0
335	121	0
1493	108	0
2301	286	0
531	62	0
2124	196	0
1788	297	0
757	90	0
47	165	0
1587	44	0
886	97	0
904	6	0
906	39	0
719	257	0
14	11	0
945	11	0
1600	293	0
821	208	0
1954	166	0
1202	16	0
796	25	0
1674	177	0
116	286	1
1186	185	0
349	6	1
1147	228	0
1887	295	0
1266	83	0
187	24	0
1394	88	0
1485	46	0
1864	23	0
500	47	0
1279	239	0
879	251	0
403	160	0
239	131	0
807	135	0
954	211	0
1075	233	0
837	102	0
1395	108	0
180	47	0
466	230	0
2146	217	0
1659	273	1
1204	247	0
1052	123	0
856	226	0
1556	31	0
1156	7	0
1274	107	0
908	299	0
1242	250	0
1976	191	0
23	286	0
1588	129	0
262	68	0
1847	171	0
936	156	0
1295	118	0
1331	274	0
2283	31	0
1277	107	1
187	97	0
1596	84	0
460	44	1
517	142	0
404	143	0
2231	175	0
1285	264	0
1330	30	0
807	109	0
478	197	0
1787	22	0
1536	24	0
2112	126	0
660	266	0
1476	279	0
1544	225	0
1458	70	0
955	143	0
1913	172	0
2309	244	0
467	165	0
2245	158	0
738	277	0
207	178	0
1096	134	0
367	185	1
1544	138	1
2307	133	0
1897	54	0
1654	134	0
749	176	0
533	6	0
1601	88	0
221	65	0
374	174	0
792	57	0
1377	168	0
2067	103	0
1400	263	0
1964	212	0
984	165	0
2059	144	0
1140	95	0
667	101	0
1005	86	0
757	169	0
887	84	0
2216	107	0
1706	250	0
991	256	0
1110	129	0
1972	253	0
1970	111	0
875	79	0
2256	275	1
1400	286	0
506	294	0
979	245	0
1339	39	0
475	228	0
836	277	0
1459	66	0
902	189	0
343	286	0
2208	93	0
2190	298	0
1973	136	0
303	150	0
1307	64	0
2288	81	0
355	76	0
1411	297	0
249	112	0
463	33	0
632	177	0
805	182	0
2285	182	0
1998	254	0
10	186	0
856	174	1
1606	14	0
1830	69	0
2245	284	0
1697	100	0
728	153	0
536	263	0
1594	213	0
1118	282	0
2034	13	0
1101	184	0
1788	58	0
1418	26	1
1582	47	0
1848	38	0
2101	110	0
1583	77	0
1960	133	0
1476	160	0
1171	136	0
1503	203	0
1386	30	0
2041	73	0
2002	225	1
1705	187	0
250	45	0
775	276	0
1751	229	0
1155	74	0
834	200	0
1145	133	0
214	14	0
1549	142	1
1474	248	0
1708	138	0
354	281	0
934	24	0
964	172	0
2291	91	0
683	125	0
32	64	1
502	119	1
1540	232	0
346	252	0
459	175	0
1891	290	0
1767	109	0
494	199	0
1009	101	0
767	299	0
1335	68	0
2005	214	0
2205	221	0
796	170	0
1049	2	0
1049	194	0
140	142	0
24	5	1
1865	234	0
566	71	0
1162	50	0
573	218	1
676	24	0
744	74	0
1448	34	0
1009	94	0
295	20	0
1646	235	0
1484	191	0
607	203	0
1335	92	0
1980	168	0
222	197	0
1003	139	0
1143	287	0
173	114	0
2041	259	0
487	268	0
959	245	0
1001	17	0
1573	226	0
439	67	0
1767	73	0
2018	196	0
933	289	0
782	293	0
57	34	0
2070	75	0
372	194	0
800	49	1
585	55	0
1065	153	0
785	246	0
941	257	0
1227	259	0
178	264	0
878	10	0
1286	280	0
86	244	1
586	199	0
204	140	0
1518	220	0
1733	90	0
1252	56	0
1395	165	0
1685	178	0
1309	18	0
1951	27	0
105	164	0
1701	68	0
1046	140	0
2241	195	0
865	189	0
867	294	0
1813	287	0
223	104	0
564	7	0
1371	220	0
1606	254	0
1789	12	0
492	117	0
214	129	0
752	178	0
4	31	0
374	200	0
1140	117	0
356	224	0
32	211	1
1371	224	0
1133	20	0
1089	187	0
1726	24	0
1242	268	0
1817	128	0
699	291	0
579	223	0
557	77	0
1157	88	1
904	61	0
180	10	0
596	228	0
830	296	0
1219	257	0
1803	226	0
949	202	0
1616	176	0
913	198	0
1791	283	0
1567	4	0
513	250	0
2039	87	0
531	272	0
1291	223	0
732	91	1
753	1	0
935	173	0
2137	55	0
599	24	0
1407	234	0
166	128	0
2100	49	0
2055	124	0
2162	238	0
2024	155	0
1284	35	0
1944	190	0
2021	150	0
84	50	1
1229	37	0
1786	86	1
2191	39	0
827	262	0
826	24	0
2130	194	0
1652	156	1
795	52	0
1764	97	0
58	285	1
2306	227	0
1774	228	0
903	118	0
2226	103	0
1795	285	0
306	6	1
2326	80	0
1158	116	1
1642	217	0
1220	98	0
1780	249	0
440	259	0
2256	69	0
217	128	0
1074	228	0
1775	21	0
1548	138	1
1068	232	0
1609	134	0
1555	32	0
1752	178	1
604	110	0
94	7	1
1471	243	0
880	268	0
1470	145	0
1318	247	0
126	112	0
7	39	0
2271	88	0
1105	240	0
1309	188	0
1821	150	0
714	289	0
567	34	1
932	119	0
2195	296	0
1122	255	0
870	225	0
1534	129	0
371	140	0
896	20	0
874	122	0
737	89	0
906	259	0
1198	258	0
955	64	0
1626	59	0
172	7	0
914	250	0
609	113	0
1410	64	0
835	66	0
1445	132	1
32	139	1
1660	283	0
5	296	0
438	292	0
1810	51	0
2000	117	0
32	94	1
610	283	0
1047	71	0
1156	183	0
1319	204	0
1870	33	0
1302	112	1
473	75	0
2194	88	0
1281	27	0
346	154	0
1431	207	0
1530	39	0
658	293	0
2095	67	0
71	7	1
486	62	0
1997	149	0
356	136	0
1654	238	0
574	261	0
361	6	1
1375	141	0
1324	258	0
88	210	0
2273	245	0
2203	134	0
448	160	0
1684	137	0
332	274	0
1672	169	1
1177	273	0
1824	284	0
411	141	0
1880	211	1
2151	175	0
955	222	0
1961	221	0
2198	293	0
796	26	0
1617	149	1
1675	172	0
1339	146	0
2226	209	0
1364	270	0
1147	95	0
601	15	0
1838	164	0
873	118	0
1526	247	0
997	216	0
783	30	0
2223	59	0
587	284	0
851	9	0
2235	69	0
2229	205	0
1651	133	0
1542	9	0
1320	242	0
781	216	0
809	33	0
810	148	0
755	284	0
3	217	0
104	5	0
735	271	0
964	53	0
858	116	0
86	186	0
2039	113	0
35	201	0
1882	101	0
846	187	0
642	150	0
2026	263	0
513	146	0
1155	33	0
7	224	0
1623	35	0
1863	267	0
2303	283	0
781	271	0
344	101	0
1467	191	0
401	143	0
997	72	1
1049	225	0
671	34	1
1293	297	0
1665	80	0
1654	156	1
284	166	0
1533	29	0
1239	46	0
1455	190	0
582	19	0
2301	272	0
595	183	0
7	236	0
245	150	0
607	96	0
142	91	0
1520	273	0
1528	8	0
749	174	0
58	72	1
1359	262	0
839	135	0
1198	270	0
2037	25	0
346	210	0
116	139	1
1053	118	0
537	292	0
430	43	0
2104	100	0
1670	142	0
1849	198	0
87	234	0
1952	191	0
732	36	0
815	105	1
613	199	0
2060	294	0
1693	283	0
1066	243	0
1543	61	0
195	251	0
615	287	0
2129	272	0
2279	44	1
2268	48	0
808	255	0
1314	194	0
2248	1	0
1030	22	0
839	107	0
1115	28	0
267	176	0
2179	146	0
2008	206	0
1728	271	0
1679	241	0
1773	195	0
2182	89	0
465	280	0
1605	130	0
1602	35	0
1784	168	0
268	137	0
484	81	0
322	236	0
1705	102	0
2303	227	0
2193	94	0
1132	263	0
1486	173	0
507	96	0
2272	44	1
727	215	0
1008	43	0
5	213	0
894	175	0
1039	236	0
1195	56	0
553	211	0
145	136	0
2211	7	0
1937	119	0
705	162	0
1771	62	0
2269	218	0
400	84	0
953	174	1
1471	204	0
105	225	0
1524	261	0
613	51	0
1671	121	0
1285	110	1
1834	129	0
134	144	0
1782	266	0
669	244	0
1209	197	0
2068	55	0
578	17	0
2082	214	0
737	290	0
1313	40	0
25	17	0
8	4	1
630	289	0
1509	45	0
1189	271	0
1802	138	0
813	27	0
912	33	0
287	3	0
772	232	0
1681	274	0
1909	254	0
1267	268	0
1793	94	0
2109	78	0
672	69	0
96	53	0
584	278	0
1650	125	0
1366	156	0
236	74	0
1622	292	0
426	101	0
1996	141	0
1758	107	0
499	180	0
740	50	1
1649	135	0
1332	255	0
1790	100	0
213	130	0
951	174	0
1309	253	0
1329	208	0
2229	139	0
1324	271	0
528	234	0
947	266	0
1396	191	0
284	293	0
2017	191	0
217	258	0
1509	138	1
2175	154	0
2079	231	0
666	209	0
1864	213	0
602	195	0
1854	58	0
1359	177	0
1088	123	0
1581	145	1
1654	286	0
2255	73	0
1286	207	0
1150	220	0
287	16	0
669	60	0
1893	296	0
1532	288	0
44	113	0
1231	11	0
395	195	0
1624	116	1
2223	65	0
219	242	0
1427	61	0
1719	133	0
669	23	0
844	162	0
2058	221	0
1724	225	0
1398	115	0
587	115	0
999	200	0
2312	20	0
2153	116	0
869	102	0
84	233	0
2146	37	0
217	12	0
40	5	1
1586	201	0
1730	264	0
745	170	0
1647	204	0
2046	227	1
1349	168	0
1935	220	1
295	6	1
1162	188	0
160	6	1
67	82	0
807	167	0
136	42	0
934	70	0
1459	130	0
1307	88	0
1324	273	0
14	122	0
379	33	0
62	25	0
1332	169	0
1232	73	0
990	122	0
841	24	0
1048	178	0
806	28	0
1147	84	0
1612	153	0
1533	288	0
50	252	1
603	176	0
68	234	0
2246	184	0
2010	32	0
446	286	0
1815	263	0
276	283	0
1377	143	0
860	103	0
1024	77	1
1382	128	0
1059	40	0
2046	84	0
1653	238	0
430	50	0
1578	133	0
2295	280	0
230	63	0
1858	68	0
128	286	0
1810	112	0
2282	272	0
1072	159	0
1256	213	0
217	193	0
1237	274	0
1070	95	0
1345	110	0
703	70	0
2327	134	0
1657	162	0
929	104	0
1323	94	1
2034	190	0
1127	259	0
1119	175	0
623	7	0
716	260	0
1696	140	0
159	224	0
1105	159	0
956	218	0
453	74	0
271	55	0
2285	152	0
1443	260	0
1635	120	0
830	50	1
899	211	0
1775	103	0
253	8	0
523	34	1
133	69	0
100	42	0
1161	156	0
1958	247	0
1962	181	0
374	248	0
1277	249	0
228	209	0
1993	3	0
1331	56	0
702	34	1
838	274	0
888	250	0
317	109	0
1415	241	0
186	10	0
2326	4	0
1142	273	1
1665	210	1
801	273	0
864	31	0
753	172	0
1456	198	0
1057	272	0
1410	143	0
1737	120	0
1885	172	0
1635	203	0
2052	113	0
1105	283	0
724	113	0
712	34	1
824	115	0
1446	155	0
1442	293	0
885	97	0
139	243	1
1231	196	0
1112	43	0
649	126	0
2162	200	0
1079	287	0
1380	130	0
1895	109	0
1644	76	0
1602	238	0
970	37	0
2214	107	0
226	298	0
1048	223	0
1028	107	0
1881	231	0
1806	283	0
1610	148	1
568	32	0
2247	261	0
706	188	0
2323	77	0
2243	277	0
1615	2	0
735	157	0
965	7	0
332	286	0
1979	288	0
956	133	0
630	178	0
252	143	0
491	11	0
175	30	0
2047	102	0
2148	82	0
540	69	0
287	130	0
968	184	0
404	225	0
1525	289	0
994	156	0
2012	223	0
331	102	0
2293	86	0
1890	12	0
1800	99	0
1044	77	1
1153	158	0
1432	245	0
2238	56	0
1992	264	0
1239	258	0
734	48	0
1533	27	0
300	138	0
1382	134	0
603	83	0
1907	241	0
1523	227	1
543	180	0
1980	226	0
1994	293	0
804	171	0
1632	23	0
1374	288	0
1516	275	0
1354	36	0
1947	185	0
1005	283	0
1124	169	0
2020	174	0
405	75	0
741	186	0
922	222	0
69	50	1
919	42	0
498	152	0
2007	76	0
2217	191	0
267	205	0
1434	11	1
1685	43	0
95	127	0
374	40	0
200	34	0
1787	237	0
2210	115	0
2023	156	0
1157	39	0
264	6	1
91	48	1
373	197	0
1481	116	1
947	151	0
862	93	0
1658	200	0
1185	131	0
439	40	1
204	238	0
195	118	0
230	6	1
954	101	0
489	149	0
1259	10	0
613	34	1
1994	269	0
1735	224	0
815	208	0
584	273	0
31	252	1
1131	77	1
2240	38	0
1567	173	0
529	293	0
2059	64	0
2121	198	0
2	70	0
1313	141	0
162	293	0
1442	255	0
1765	5	0
444	274	0
2031	238	0
565	249	0
354	1	0
153	43	0
2258	140	0
39	211	0
1530	280	0
564	34	1
1128	97	0
1019	202	0
1666	111	0
255	159	0
1253	273	0
2011	268	0
856	45	0
291	158	0
2045	224	0
2040	116	0
136	13	0
876	52	0
1211	248	0
1921	218	1
1830	9	0
1986	208	0
1870	141	0
917	53	1
453	50	1
2262	190	0
139	186	0
308	290	0
1471	48	0
1324	246	0
2019	144	0
505	39	0
199	163	0
94	43	0
783	88	0
1347	259	0
865	174	0
188	145	0
473	231	0
2106	138	0
534	290	0
1423	70	0
930	93	0
887	280	0
175	5	0
2210	119	0
1721	174	1
364	148	0
1219	5	0
960	164	0
1027	232	0
1793	66	0
714	278	0
311	290	0
1260	127	0
1730	249	0
12	201	0
2225	128	0
2181	243	0
1002	157	0
1084	208	0
2045	136	0
1941	15	0
1095	202	0
2266	9	0
1058	263	0
539	102	0
1731	39	0
1189	248	0
2062	228	1
2072	52	0
1486	34	0
32	276	1
1351	96	0
1746	127	0
81	29	0
1285	54	0
934	49	0
197	235	0
140	174	0
1993	63	0
1536	156	0
641	256	0
2262	201	0
1	60	0
1801	97	0
1397	194	0
1816	184	0
865	76	1
857	55	0
1011	79	0
969	29	0
2012	265	0
480	56	0
893	159	0
46	248	0
2290	222	0
983	4	0
1870	226	0
599	111	0
561	48	0
1779	244	0
86	153	0
494	48	1
81	35	0
1546	73	0
896	17	0
2230	56	0
1805	102	0
675	160	0
1347	88	0
1034	119	0
1583	185	0
412	40	0
789	22	0
2018	63	0
60	56	0
1531	184	0
1443	263	0
802	103	0
642	4	0
966	91	0
661	168	0
320	118	0
1474	100	0
2299	185	0
1849	108	0
1023	224	0
696	123	0
817	86	1
1557	125	0
2269	94	0
732	74	0
1699	238	0
1102	148	0
62	7	1
1986	256	0
1760	290	1
1781	171	0
1485	253	0
648	252	0
869	164	0
1235	259	0
973	138	0
1910	42	0
2206	279	0
1730	64	0
2175	225	0
1024	131	0
140	166	0
1737	170	0
1193	13	0
1214	39	0
1126	5	0
1668	238	0
1044	175	0
440	261	0
180	196	0
222	129	0
110	164	0
643	36	0
498	173	0
2041	152	0
993	210	0
524	242	0
1645	67	0
1255	97	1
1932	265	0
2124	14	0
1983	241	0
1958	141	0
794	82	0
2243	229	0
1576	93	0
1941	207	0
1088	170	0
789	49	1
1952	195	0
1690	191	0
413	272	0
1687	168	0
412	180	0
1704	10	0
1039	104	0
2117	79	0
295	159	0
373	274	0
1139	276	0
314	241	0
2206	132	0
1931	278	0
1915	22	0
486	38	0
2134	298	0
115	21	0
2102	216	0
1278	173	0
1659	123	0
30	218	0
1280	289	0
415	82	0
2036	243	0
165	274	0
437	175	1
109	280	0
415	284	0
1393	9	0
1016	24	0
1753	110	0
253	293	0
1929	220	1
1503	63	0
259	173	0
1980	296	0
538	251	0
1612	94	0
245	266	0
613	7	0
146	98	0
683	24	0
991	80	0
1057	158	0
501	74	0
831	135	0
792	126	0
281	11	0
1689	144	0
49	274	0
1013	56	0
311	178	0
2261	278	0
595	134	0
205	166	0
2031	53	0
1717	286	0
1233	65	0
107	282	0
1161	88	1
2246	84	0
669	9	0
1254	97	1
552	251	0
627	61	1
234	103	0
2105	131	0
1707	13	0
101	226	1
1813	232	0
957	272	0
1510	48	0
1338	222	0
203	282	0
941	25	0
292	29	0
530	67	0
2158	269	0
1678	20	0
216	203	0
1543	196	0
339	166	0
2021	246	0
1913	218	1
588	2	0
834	119	0
828	25	0
1812	36	0
2001	282	0
1438	30	0
1792	121	0
2240	153	0
879	173	0
2068	283	0
14	284	0
1392	131	0
975	202	0
2257	203	0
153	182	0
864	252	0
199	34	0
751	251	0
1175	249	0
374	210	0
1257	187	0
1481	20	0
1419	244	0
1163	88	1
1953	92	0
291	192	0
902	149	0
1594	125	0
419	81	0
1206	126	0
1172	111	0
1869	15	0
576	279	0
1244	93	1
1532	5	0
2262	226	0
1392	168	0
1179	79	0
1829	45	0
1022	230	0
1470	3	0
611	111	0
1811	198	1
701	151	0
1351	144	0
1799	159	0
607	218	1
826	62	0
2131	287	0
93	119	0
777	123	0
1938	192	0
58	86	1
1560	97	0
1373	277	0
464	281	0
813	172	0
402	274	0
659	24	0
1875	122	0
2325	260	0
2329	176	0
584	286	0
2183	120	0
2185	7	0
381	182	0
702	238	0
244	197	0
1062	161	0
650	12	0
1513	53	0
1553	137	0
252	237	0
1511	88	0
1650	117	0
363	183	0
1812	96	0
749	211	1
2180	154	0
801	108	1
1472	255	0
227	140	0
2055	19	0
192	134	0
1055	69	0
62	246	0
908	204	0
695	34	1
1105	88	0
1708	93	0
2051	236	0
1270	21	0
280	161	0
831	253	0
1378	164	0
2266	38	0
945	44	0
2193	83	0
121	103	0
1843	262	0
2049	227	1
493	242	0
1716	198	0
1598	283	0
1733	275	0
293	84	0
92	18	0
475	220	0
153	61	0
2181	221	0
1774	71	0
2077	241	0
1204	54	0
817	89	0
2176	170	0
6	130	0
1419	50	0
2018	126	0
2201	79	0
620	42	0
5	258	0
1247	110	0
14	111	0
2145	194	0
1076	104	0
219	275	0
1166	112	0
606	284	0
23	270	0
58	55	0
1214	81	0
2081	172	0
1729	216	0
623	158	0
1803	242	0
717	174	1
581	114	0
2004	225	1
1511	38	0
2322	85	0
1931	24	0
1622	100	0
17	203	0
843	281	0
1586	103	0
1178	240	0
1397	298	0
461	111	0
925	197	0
206	205	0
1485	183	0
2254	209	0
93	67	0
1038	180	0
1180	75	0
947	183	0
700	210	0
1992	29	0
2261	32	0
2037	38	0
1235	69	0
700	32	0
926	91	1
1507	122	0
1456	43	0
532	10	0
815	209	0
137	118	0
1204	136	0
2025	287	0
1587	256	0
1501	25	0
479	51	0
1680	257	0
619	16	0
2223	273	0
1876	274	0
806	23	0
1326	86	0
774	213	0
2059	171	0
340	283	0
2126	240	0
2212	82	0
1209	246	0
486	186	0
1285	11	0
1633	76	0
257	193	0
941	115	0
36	195	0
635	34	1
244	99	0
1857	183	0
1460	214	0
1353	94	1
2084	10	0
1192	84	0
103	39	1
1274	116	0
2143	109	0
128	288	1
987	123	0
1303	138	0
1597	125	0
729	120	0
883	176	0
1652	184	0
677	250	0
585	259	0
1020	295	0
215	6	1
1027	22	0
1645	206	0
1794	71	0
1478	163	0
1170	154	0
1744	93	0
1637	83	0
1701	49	0
103	142	1
1303	240	0
1684	87	0
857	210	0
279	227	0
1771	99	0
361	239	0
1853	97	0
1888	288	0
284	286	0
1249	71	0
484	19	0
1050	77	1
759	48	1
43	5	1
1546	257	0
15	5	1
1146	239	0
2250	218	0
68	276	0
2250	127	0
194	63	0
1156	97	0
165	256	0
302	23	0
1725	174	1
73	241	0
548	297	0
656	245	0
2038	285	0
2226	61	0
522	37	0
1990	40	0
1271	99	0
1215	214	0
1122	235	0
1599	146	0
747	226	0
1536	193	0
1337	208	0
1012	193	0
1257	221	0
524	266	0
1020	226	1
1252	36	0
1343	92	0
395	29	0
1023	41	0
2216	55	0
533	97	0
2143	60	0
924	283	0
1430	189	0
2265	214	0
546	170	0
1441	227	0
1003	151	0
1282	154	0
1346	45	0
396	114	0
1873	91	0
1184	91	1
1157	92	0
2006	122	0
1136	173	0
594	147	0
170	274	0
1992	250	0
2318	25	0
1331	96	0
284	31	0
2162	66	0
1963	190	0
1694	261	0
2078	73	0
1878	94	0
1048	166	0
1874	295	0
2297	198	0
2107	165	1
1568	207	0
878	287	0
1241	128	0
2250	273	1
72	244	1
1807	229	0
656	68	0
1705	165	0
1326	257	0
1135	121	0
149	276	0
2036	79	0
1579	170	0
112	31	0
446	77	0
1459	169	1
607	21	0
1368	24	0
139	99	0
1795	120	0
2310	91	0
1738	244	0
437	284	0
646	156	0
1919	23	0
1408	176	0
1182	190	0
1976	131	0
423	292	0
369	117	0
563	134	0
780	59	0
1769	171	0
254	251	0
1481	24	0
1623	115	0
627	22	0
1084	196	0
2099	199	0
1934	186	0
585	126	0
1883	211	1
86	187	0
626	201	0
1361	26	1
1261	28	0
1037	234	0
2240	271	0
2119	243	0
2327	256	0
1020	71	0
451	133	0
1754	178	1
908	92	0
1047	12	0
852	159	1
1520	106	0
847	94	1
1402	163	0
852	132	0
1492	267	0
1061	164	0
649	55	0
476	81	0
667	149	0
766	68	0
1420	254	0
422	49	0
67	72	0
660	19	0
282	77	0
563	204	0
1784	25	0
1683	157	0
33	253	1
2123	130	0
1684	23	0
2161	133	0
1983	258	0
2154	218	0
1426	271	0
667	229	0
796	29	0
736	2	0
755	212	0
1745	30	0
2277	230	0
2217	57	0
166	251	0
456	296	0
1337	160	0
20	155	0
968	36	0
1365	233	0
705	112	0
647	37	0
1900	75	0
513	13	0
2041	212	0
14	104	0
1349	210	0
1843	245	0
1307	62	0
1088	107	0
1531	103	0
2219	280	0
2147	23	0
425	135	0
369	138	1
874	59	0
1235	23	0
112	180	0
2215	36	0
1470	92	0
1578	151	0
1684	225	0
1640	67	0
1479	58	0
277	123	0
1893	230	0
1246	255	0
1617	202	0
1858	158	0
1596	145	1
2040	224	0
640	34	1
1032	21	0
652	38	0
904	245	0
1767	26	0
243	81	0
1332	71	0
511	285	0
2067	45	0
1815	115	0
1993	257	0
1793	210	0
1477	182	0
1456	144	0
1844	127	0
138	19	1
2264	162	0
2128	46	0
2005	288	0
1512	260	0
445	104	0
2275	3	0
265	122	0
2256	185	0
44	201	0
1	234	0
2228	195	0
546	74	0
790	80	0
491	194	0
174	227	0
920	223	0
319	15	0
121	142	1
579	158	0
1717	68	0
307	268	0
876	264	0
739	129	0
1054	144	0
1843	132	0
344	6	1
1603	50	0
182	278	0
358	48	0
111	50	1
623	136	0
685	110	0
2106	4	0
1024	239	0
1418	228	0
2044	26	0
1087	203	0
1430	280	0
1005	233	0
2082	269	0
2175	271	0
80	146	0
1594	41	0
780	262	0
1536	108	0
863	82	0
1896	15	0
1857	271	0
665	260	0
865	71	0
809	86	1
1243	157	0
2073	110	0
373	141	0
1983	98	0
1251	170	0
2017	286	0
451	240	0
267	145	0
736	55	0
614	77	1
144	235	0
2033	221	0
2250	23	0
1767	259	0
2172	99	0
2232	267	0
842	138	0
460	208	0
1615	293	0
311	45	0
1581	121	0
672	82	0
965	64	1
721	208	0
1940	99	0
937	39	0
1988	142	1
1821	81	0
1296	217	0
1173	132	0
2310	298	0
2113	234	1
1147	31	0
258	266	0
1218	265	0
1686	173	0
1748	56	0
30	154	0
1238	88	0
396	210	0
2062	163	0
1436	63	0
1752	63	0
1328	58	0
1928	117	0
2004	236	0
537	231	0
742	190	0
571	281	0
2043	280	0
2199	54	0
242	215	0
1807	29	0
1169	227	0
225	215	0
1683	214	0
2226	232	0
881	37	0
2164	51	0
503	181	0
1590	136	0
1031	15	0
1677	169	1
1351	120	0
815	113	0
1362	68	0
78	50	1
2185	55	0
2110	8	0
1657	135	0
2158	184	0
550	94	0
2126	294	0
704	13	0
288	239	0
2173	248	0
668	253	0
614	173	0
442	188	0
416	227	0
49	119	0
1964	86	0
1599	289	0
815	46	0
2123	227	0
2042	270	0
1756	253	0
2294	193	0
982	28	0
725	72	0
803	213	0
2235	25	0
293	112	0
251	126	0
802	106	0
597	43	0
468	224	0
2102	94	0
63	7	1
1928	236	0
189	121	0
2171	73	0
2022	130	0
1839	272	0
765	201	0
2066	68	0
635	173	0
126	86	0
694	241	0
526	221	0
1846	178	0
1118	89	0
1178	14	0
62	296	0
1565	274	0
1038	34	0
2238	109	0
650	153	0
51	64	0
414	15	0
1584	130	0
1805	289	0
1756	255	0
2110	234	0
1602	23	0
533	145	0
1937	214	0
2204	58	0
1931	117	0
960	115	0
1538	45	0
1629	267	0
290	72	0
710	238	0
445	54	0
373	86	0
279	219	0
1055	180	0
1433	70	0
1167	123	0
1170	116	0
352	73	0
550	215	0
1066	90	0
1771	124	0
847	142	1
1560	120	0
1360	107	0
1565	20	0
734	177	0
2178	197	0
1060	281	0
186	43	0
1420	44	0
1486	7	0
1698	208	0
1244	235	0
579	291	0
129	59	0
2219	72	0
123	159	0
1007	80	0
2258	279	0
463	78	0
306	2	0
282	48	0
1432	233	0
1972	179	0
1193	163	0
78	93	0
1000	23	0
1210	137	0
1972	109	0
694	170	0
1308	36	0
1077	142	1
2280	71	0
791	63	0
101	141	0
397	76	1
1283	124	0
611	26	0
1886	183	0
949	222	0
1670	110	0
1697	173	1
167	203	0
902	53	1
1888	194	0
1918	12	0
774	160	0
752	247	0
2223	7	0
167	230	0
2037	287	0
2050	273	0
2146	84	0
1148	247	0
1213	282	0
1551	4	0
1134	111	0
1116	116	0
482	132	0
2132	110	0
557	245	0
2247	205	0
1521	24	0
972	248	0
1123	262	0
1174	54	0
996	64	0
845	213	0
1123	187	0
304	151	0
1816	100	0
894	134	1
1643	67	0
512	53	0
333	43	0
1353	19	0
516	17	0
706	94	0
257	169	0
948	210	0
536	74	0
1755	55	0
1479	99	0
2110	27	0
692	17	0
1401	204	0
573	266	0
1723	174	1
1816	40	0
1543	257	0
357	24	0
459	247	0
1065	279	0
2056	295	0
608	70	0
1309	236	0
1643	285	0
1893	220	0
361	49	0
424	244	0
1281	7	0
1179	200	0
2003	140	0
2056	264	0
710	143	0
978	221	0
1621	125	0
1840	23	0
30	50	1
2321	92	0
312	141	0
2311	37	0
523	154	0
354	188	0
2110	127	0
1405	109	0
503	278	0
267	35	0
2301	217	0
582	284	0
861	132	0
1253	251	0
816	144	0
1636	273	0
1640	83	0
77	110	0
1935	89	0
2309	254	0
1696	27	0
2121	80	0
697	91	0
1031	64	0
1340	87	0
891	13	0
765	76	0
703	259	0
1264	154	0
162	21	0
292	76	0
949	264	0
1795	212	0
1887	230	0
707	129	0
770	42	0
448	93	0
2139	221	0
1345	82	0
17	109	0
458	31	0
1313	230	0
47	11	1
746	68	0
1882	214	0
1805	56	0
705	160	0
456	179	0
111	251	0
632	285	0
1486	79	0
1216	213	0
381	60	0
1075	260	0
1767	235	0
609	34	1
1052	47	0
124	62	0
1054	9	0
1490	53	0
459	112	0
1181	93	0
186	237	0
1941	76	0
776	25	0
173	6	1
829	68	0
1358	230	0
1307	218	0
363	255	0
1270	209	0
1389	144	0
445	40	1
120	164	0
1632	173	0
130	233	0
202	269	0
68	11	0
2118	242	0
770	291	0
1943	253	0
1230	112	0
845	146	0
867	87	0
1663	72	0
1980	98	0
812	89	0
369	225	0
10	14	0
573	132	0
1279	55	0
935	219	0
322	68	0
1547	145	0
2254	70	0
258	46	0
584	204	0
1906	198	0
99	193	0
1886	231	0
1827	3	0
735	73	0
454	190	0
1294	283	0
218	111	0
1469	16	0
2069	160	0
617	80	0
260	47	0
1435	293	0
628	225	0
131	290	0
2075	152	0
112	50	1
1577	278	0
2164	80	0
2086	239	0
1083	161	0
1361	63	0
2246	29	0
1055	243	0
158	122	0
1443	146	0
1793	294	0
1142	293	0
218	84	0
816	201	0
161	28	0
1346	279	0
1334	230	0
593	232	0
1092	43	0
2195	161	0
1272	183	0
787	138	0
188	162	0
1002	220	0
1250	57	0
646	258	0
1592	170	0
913	179	0
375	162	0
1070	114	0
102	55	0
389	287	0
1807	123	0
1707	174	1
1305	197	0
1075	77	1
866	64	0
418	112	1
622	34	1
414	269	0
664	264	0
1021	274	0
790	276	0
1491	103	0
86	241	0
1433	243	0
1072	26	1
158	53	1
991	239	0
180	7	0
18	4	1
2054	56	0
557	175	0
2183	96	0
1287	99	0
1203	11	0
1478	58	0
1053	92	0
2234	271	1
1107	64	0
1002	200	0
1996	232	0
584	87	0
57	28	0
1401	73	0
1052	113	0
2023	214	0
937	91	0
433	145	0
1113	288	0
318	128	0
545	163	0
1503	128	0
2071	108	0
1138	291	0
517	285	0
2167	113	0
32	126	0
2	243	0
994	39	0
998	81	0
2043	269	0
836	292	0
295	121	0
1931	18	0
583	252	0
1022	85	0
223	212	0
518	273	0
761	200	0
570	28	0
279	218	0
784	212	0
253	260	0
1335	81	0
1174	117	0
1153	77	0
1938	97	0
1444	275	0
254	4	0
578	30	0
2076	6	0
686	230	0
706	89	0
1253	37	0
350	108	0
286	298	0
228	271	0
121	174	1
104	138	1
1206	89	0
815	213	0
1330	139	0
1501	127	0
582	189	0
1087	194	0
134	243	1
1085	202	0
1161	96	0
967	56	0
1323	191	0
761	287	0
1040	210	0
1916	206	0
1499	253	0
1133	27	0
1810	184	0
343	91	1
1199	101	0
2319	202	0
184	159	0
1378	47	0
385	42	0
2085	63	0
857	78	0
1901	117	0
2330	204	0
127	178	1
480	48	1
95	31	0
1862	89	0
1145	88	1
173	174	0
1030	148	0
1529	226	0
191	96	0
1163	148	0
446	94	0
582	174	1
81	165	0
1818	134	0
1402	273	0
1912	167	0
870	285	0
1266	221	0
474	49	0
104	244	1
1094	78	0
921	167	0
2084	131	0
1070	0	0
748	103	0
1559	44	0
1957	13	0
1477	223	0
646	228	0
1359	45	0
612	245	0
1934	157	0
1786	235	0
810	274	0
1281	145	0
1477	103	0
1229	126	0
611	194	0
943	195	0
602	147	0
83	85	0
1010	249	0
2286	269	0
265	265	0
1317	28	0
2234	42	0
1056	281	0
548	119	0
1222	62	0
1188	254	0
1406	107	0
618	162	0
551	38	0
322	203	0
1719	106	0
1614	268	0
2020	212	0
331	34	0
900	120	0
2154	268	0
97	105	0
1814	143	0
472	54	0
747	1	0
1905	163	0
220	130	0
965	152	0
802	14	0
2206	96	0
702	292	0
1399	100	0
1375	100	0
1571	257	0
377	72	0
781	232	0
601	106	0
1921	52	0
603	121	0
473	2	0
2290	11	0
1386	263	0
583	26	0
2013	245	0
2292	194	0
1131	263	0
886	259	0
266	40	0
1468	38	0
1933	70	0
2280	174	0
1115	276	0
1711	52	0
874	286	0
1464	135	0
1033	86	1
210	131	0
34	116	0
1029	190	0
1443	197	0
1950	258	0
1099	112	0
1021	19	0
1639	192	0
470	223	0
1242	288	1
1710	246	0
1650	268	0
1074	201	0
2239	11	0
61	19	0
2242	0	0
1872	171	0
769	234	0
1529	275	0
1565	256	0
897	192	0
796	77	1
1	57	0
119	141	0
994	287	0
2007	269	0
1411	253	0
271	96	0
1067	234	0
875	36	0
364	221	0
1061	183	0
767	6	0
285	298	0
521	100	0
240	269	0
1682	214	0
651	290	0
1838	131	0
1411	26	1
992	272	0
25	47	0
170	259	0
1744	276	0
1381	26	1
1989	12	0
2275	277	0
496	273	0
2317	62	0
155	116	0
1480	144	0
235	220	0
1905	258	0
791	158	0
1358	193	0
1027	77	1
884	294	0
1886	242	0
137	258	0
2203	115	0
1778	291	0
2062	235	0
2298	47	0
668	216	0
47	72	1
1021	20	0
710	175	0
918	42	0
539	131	0
897	176	0
1807	213	0
1419	66	0
990	58	0
1085	77	1
2193	157	0
50	236	0
1388	223	0
1731	296	0
698	134	0
1077	111	0
1212	184	0
517	138	0
1854	211	1
2166	55	0
99	244	1
737	203	0
441	167	0
719	232	0
1076	153	0
1494	221	0
1075	64	0
2301	166	0
607	196	0
2228	58	0
144	282	0
1681	264	0
1615	106	0
1863	207	0
136	19	1
241	2	0
954	79	0
604	48	0
744	161	0
646	234	0
946	61	1
1008	280	0
825	16	0
1964	125	0
205	6	1
1658	51	1
877	26	1
979	87	0
1595	104	0
332	181	0
724	196	0
726	12	0
1916	218	1
1005	150	0
40	2	0
1665	259	0
115	79	0
2093	165	1
1421	173	0
683	298	0
333	141	0
1847	70	0
2127	100	0
869	104	0
486	295	0
1924	97	0
1618	173	0
1964	296	0
1899	294	0
1963	87	0
1842	242	0
2007	64	0
1558	96	0
1582	145	1
49	183	1
745	48	1
2241	90	0
1065	221	0
1649	111	0
825	30	0
139	262	0
2179	212	0
1067	269	0
379	106	0
747	224	0
1832	246	0
40	118	0
703	45	0
1146	92	0
14	227	1
1301	211	1
1634	98	0
625	51	0
1390	57	0
1643	212	0
2207	124	0
7	139	0
2269	44	1
535	218	0
602	127	0
893	245	0
884	234	0
1698	217	0
730	9	0
463	226	0
2263	177	0
1815	190	0
1972	142	1
390	55	0
628	4	0
588	176	0
136	294	0
1793	152	0
1236	271	0
1518	47	0
837	76	1
726	148	0
489	26	0
1053	128	0
1903	218	1
1775	281	0
1075	24	0
2075	220	0
369	93	0
2004	92	0
50	188	0
56	113	0
189	298	0
876	173	0
831	272	0
1974	236	0
1970	78	0
111	69	0
1070	252	0
1620	41	0
653	289	0
2304	214	0
796	186	0
412	179	0
1746	202	0
305	204	0
1066	167	0
1020	135	0
1770	71	0
566	34	1
965	92	0
1021	264	0
1020	7	0
1745	174	1
2227	272	0
7	162	0
786	20	0
841	221	0
2067	91	0
454	213	0
1437	17	0
1579	173	0
1471	134	1
297	87	0
1259	121	0
810	47	0
1507	33	0
1423	128	0
1952	288	0
106	252	0
624	200	0
679	82	0
2318	23	0
1953	84	0
790	224	0
95	48	1
2247	91	0
683	212	0
2321	258	0
1801	89	0
444	42	0
1207	5	0
603	120	0
2206	284	0
66	132	0
1981	76	0
2221	263	0
751	246	0
1174	286	0
535	299	0
1629	87	0
54	110	0
1043	77	1
11	271	0
721	98	0
303	128	0
1153	213	0
1093	274	0
276	130	0
449	291	0
1147	131	0
981	91	0
1499	97	0
1509	167	0
2111	51	0
1377	198	0
191	170	0
1337	56	0
728	56	0
94	171	0
1574	222	0
1090	81	0
905	169	0
851	47	0
2055	125	0
1477	75	0
1557	110	0
439	93	0
612	145	0
1194	54	0
1992	166	0
192	198	0
1753	84	0
285	285	0
2169	244	1
140	66	0
868	228	0
1846	84	0
634	240	0
1238	287	0
1553	185	0
808	61	0
1454	191	0
740	99	0
382	104	0
2239	16	0
1996	128	0
1266	7	0
1537	7	0
1404	43	0
1544	260	0
1015	299	0
697	112	0
2014	226	1
548	13	0
2157	0	0
561	121	0
769	125	0
438	165	0
726	183	0
263	264	0
687	258	0
308	250	0
2015	226	1
300	163	0
344	24	0
1202	152	0
895	122	0
1506	218	0
680	193	0
2199	284	0
2320	257	0
16	92	0
842	4	0
209	99	1
62	200	0
1603	121	0
1765	9	0
1416	166	0
1984	274	0
1988	210	0
378	69	0
1834	73	0
635	165	0
608	139	0
2058	227	1
664	37	0
1325	43	0
86	84	0
1566	26	0
709	120	0
1813	254	0
543	251	0
1560	70	0
481	262	0
711	66	0
1200	163	0
1487	174	0
577	152	0
304	204	0
2180	64	0
984	55	0
86	64	0
349	27	0
510	141	0
1168	165	1
1303	279	0
1913	52	0
2225	225	0
1630	283	0
855	18	0
2259	23	0
248	114	0
2274	124	0
684	211	0
1253	291	0
2161	121	0
1682	139	1
1499	29	0
1256	47	0
250	208	0
1584	196	0
20	45	1
939	58	1
1789	120	0
599	84	0
7	3	1
1643	181	0
1139	179	0
588	37	0
439	177	0
1722	206	0
837	188	0
156	123	1
1023	280	0
667	34	1
1350	207	0
1400	26	1
1521	223	0
673	34	1
2211	8	0
120	218	1
1435	127	1
438	76	1
1768	86	1
422	48	0
177	113	1
300	79	0
551	204	0
708	49	1
284	77	1
2008	91	0
898	113	0
840	227	0
749	185	0
2103	79	0
2098	247	0
2095	143	0
1422	167	0
1874	283	0
305	229	0
1051	162	0
496	216	0
1535	138	1
1258	158	0
237	13	0
936	185	0
800	272	0
135	99	1
322	6	1
862	197	0
1569	150	0
1333	144	0
479	165	0
1390	136	0
2251	44	0
1263	91	0
1454	218	0
379	79	0
2047	111	0
2088	13	0
1131	264	1
1490	111	0
581	34	1
1645	97	0
604	56	0
1288	187	0
1830	165	0
555	255	0
1841	299	0
1060	93	0
172	16	0
1655	274	1
124	194	0
471	30	0
1615	82	0
1741	109	0
359	277	0
968	293	0
1789	128	0
719	77	1
1569	279	0
2114	218	0
2281	59	0
2272	89	0
158	196	0
1057	18	0
1444	109	0
151	219	0
1318	19	0
1483	158	0
1364	11	0
653	118	0
82	144	0
376	188	0
773	299	1
442	73	0
1698	2	0
847	292	0
785	68	0
1953	136	0
313	268	0
1373	256	0
1172	75	0
1683	57	0
1632	277	0
2290	50	0
1011	45	0
386	21	1
2196	45	0
524	171	0
2186	106	0
984	203	0
1048	248	0
315	169	0
1314	181	0
650	180	0
2287	21	0
2014	260	0
1475	144	0
896	202	0
951	70	0
623	34	1
943	92	0
673	254	0
276	184	0
1496	107	0
1560	244	0
459	250	0
2072	220	0
111	18	0
1216	204	0
2131	19	0
590	168	0
313	262	0
2067	244	0
139	170	0
1972	278	0
599	142	1
1454	289	0
1009	85	0
2014	288	0
864	178	0
467	34	1
1579	44	0
2282	257	0
945	219	0
897	282	0
1621	77	0
944	266	0
2296	209	0
1255	41	0
22	212	0
2257	194	0
2283	270	0
543	112	0
1320	181	0
1841	71	0
925	126	0
158	82	0
1838	281	0
999	257	0
129	141	0
1230	288	1
461	90	0
578	245	0
1528	138	1
1736	72	0
57	123	1
110	165	1
2286	197	0
749	74	0
169	6	1
1732	283	0
1242	63	0
289	105	0
291	150	0
2301	282	0
981	176	0
1913	200	0
1665	196	0
1087	77	1
880	115	0
2127	213	0
699	32	0
395	5	0
105	76	0
1920	9	0
1761	30	0
1605	216	0
264	75	0
2300	136	0
1789	277	0
1844	291	0
96	212	0
1227	203	0
492	165	0
591	109	0
556	36	0
746	78	0
784	110	1
902	67	0
369	120	0
957	5	0
825	76	1
2160	56	0
1790	131	0
139	272	0
1149	67	0
352	178	0
1340	195	0
16	256	0
852	113	0
2330	38	0
1365	26	1
80	232	0
2097	73	0
823	142	1
1392	79	0
106	75	0
2042	266	0
9	244	0
1708	30	0
1112	77	1
269	57	0
1766	291	0
420	203	0
216	125	0
1394	75	0
876	263	0
2303	248	0
1248	180	0
1773	134	0
928	53	1
796	49	1
1645	89	0
1609	279	0
822	0	0
1401	256	0
2280	8	0
1817	83	0
755	290	0
1216	280	0
1481	103	0
1004	2	0
1515	50	0
822	78	0
424	125	0
56	69	0
864	77	1
126	49	0
650	75	0
423	37	0
292	94	0
2131	119	0
238	194	0
372	100	0
315	22	0
708	249	0
240	76	0
2229	100	0
965	220	0
605	34	1
1523	138	1
1966	239	0
501	27	0
797	218	1
2105	75	0
2190	232	0
358	184	0
1873	159	0
852	104	0
1339	197	0
1387	40	0
841	142	1
1265	65	0
1183	153	0
136	297	0
257	147	0
589	24	0
693	264	0
1660	199	0
1136	293	0
516	44	0
848	104	0
456	4	0
2229	122	0
2133	2	0
90	38	0
1529	137	0
1013	227	0
1868	271	0
1306	114	1
1997	198	0
758	278	0
778	25	0
261	45	0
365	158	0
496	140	0
1903	83	0
2149	186	0
563	15	0
740	81	0
1339	179	0
1908	100	0
1901	184	0
2262	51	0
1926	243	0
137	277	0
301	163	0
1354	199	0
1543	148	0
307	13	0
1732	275	0
9	76	0
507	129	0
694	84	0
1213	128	0
2017	153	0
829	73	0
2308	272	0
1705	13	0
1360	26	1
1101	101	0
984	263	0
1893	218	1
1736	276	0
2015	97	0
1566	281	0
956	184	0
2018	7	0
1617	84	0
589	229	0
1228	32	0
1387	251	0
349	166	0
2010	81	0
705	53	1
1985	243	0
676	63	0
204	24	0
2295	4	0
733	288	1
357	87	0
1873	184	0
407	180	0
231	68	0
79	276	0
1844	6	0
617	154	0
82	244	1
2134	276	0
1078	20	0
1209	23	0
2197	228	0
1482	216	0
2097	238	0
343	56	0
424	210	0
2214	208	0
2012	20	0
1270	221	0
2143	80	0
493	48	1
375	78	0
1591	259	0
985	129	0
550	54	0
260	109	0
1695	289	0
1481	100	0
232	187	0
953	139	0
1810	251	0
1436	2	0
1072	31	0
2041	4	0
466	15	0
284	52	0
1835	33	0
779	141	0
2155	229	0
2229	124	0
1401	59	0
256	116	0
18	285	0
47	7	1
1881	198	0
1285	126	0
566	239	0
2174	34	0
1903	105	0
1588	246	0
2299	247	0
109	162	0
1812	163	0
997	97	0
1390	37	0
10	92	0
1707	19	0
1260	192	0
1946	2	0
2151	219	0
2271	220	0
783	158	0
1334	221	0
158	241	0
433	39	1
630	105	1
403	245	0
1190	293	0
1774	20	0
2312	75	0
2267	29	0
2120	198	0
1804	106	0
1676	61	0
2262	79	0
824	55	0
1874	276	0
798	158	0
1180	86	0
1916	182	0
1486	244	0
2125	299	0
508	109	0
1078	239	0
2089	104	0
1154	213	0
2133	39	0
552	161	0
749	271	0
860	280	0
1430	11	1
41	198	1
124	226	0
633	233	0
448	164	0
1993	142	1
98	35	0
1882	78	0
457	147	0
1427	95	0
754	0	0
945	106	0
2130	0	0
2086	92	0
1783	120	0
1929	100	0
353	180	0
467	218	1
1086	117	0
396	222	0
347	167	0
1374	298	0
549	20	0
1737	179	0
347	185	0
2092	299	0
978	213	0
1178	226	0
1121	296	0
627	259	0
1197	199	0
1858	283	0
1755	17	0
1215	77	0
570	19	0
1432	42	0
416	80	0
720	246	0
1384	189	0
709	164	0
1194	227	0
1023	288	0
2260	65	0
2146	67	0
264	28	0
1942	42	0
1538	137	0
284	69	0
984	27	0
836	50	1
371	47	0
2321	206	0
1007	298	0
1135	93	0
312	162	0
2062	218	0
2260	112	1
910	45	0
1693	151	0
1234	4	0
1737	187	0
2194	99	0
1128	173	0
1971	21	0
1338	9	0
683	220	0
884	247	0
2280	112	0
2224	56	0
469	119	0
1305	84	0
1235	5	0
1029	270	0
1196	219	0
592	256	0
1147	129	0
2260	44	0
1705	87	0
1424	48	0
755	213	0
1493	201	0
1769	127	0
163	6	1
715	121	0
1488	138	0
723	225	0
1625	116	1
1672	218	0
324	195	0
354	45	0
1676	208	0
935	48	0
1751	175	0
1148	127	0
1441	218	0
2047	170	0
932	228	0
2308	245	0
1078	203	0
1238	64	0
1687	64	0
1077	225	0
2102	181	0
1114	130	0
1039	180	0
83	182	0
1198	250	0
2308	98	0
241	59	0
1151	88	1
1456	90	0
1798	191	1
1432	113	0
315	6	1
2249	110	0
86	176	0
411	53	1
2023	133	0
1276	289	0
492	160	0
376	99	0
1944	288	0
1640	119	0
602	22	0
1524	232	0
717	74	0
127	226	0
68	127	0
97	87	0
935	57	1
109	284	0
2083	101	0
557	134	0
1100	141	0
177	295	0
431	63	1
2056	152	0
1535	75	0
1399	80	0
570	25	0
1946	226	0
1251	27	0
1385	264	0
1480	205	0
850	284	0
1865	211	1
2144	227	0
1214	196	0
1656	202	0
584	6	0
774	94	0
59	24	0
2213	164	0
556	208	0
1604	161	0
2186	77	0
1903	132	0
732	256	0
724	221	0
596	284	0
1431	65	0
1300	171	0
1979	77	0
1717	66	0
293	6	1
19	60	0
104	43	1
1786	158	0
549	91	0
1372	94	0
805	211	0
900	142	0
141	131	0
1145	298	0
2196	17	0
2186	133	0
744	48	1
432	197	0
1617	30	0
1000	119	0
2034	147	0
2123	224	0
632	137	0
399	104	0
1017	115	0
2085	89	0
1747	285	0
1888	272	0
1080	61	0
1977	171	0
1044	59	0
1477	166	0
156	200	0
1450	13	0
1937	228	0
267	174	0
1269	81	0
1428	11	1
32	144	0
1047	70	0
399	154	0
380	83	0
525	209	0
1188	149	0
1097	77	1
1621	38	0
1340	150	0
2074	74	0
1581	77	0
13	258	0
1782	17	0
746	238	0
362	83	0
1949	128	0
1742	124	0
413	181	0
87	254	0
1849	221	0
39	101	0
1063	94	0
832	164	0
721	60	0
2023	93	0
646	65	0
677	192	0
2252	225	0
346	6	1
830	76	1
1124	142	1
2227	203	0
430	224	0
789	17	0
909	53	1
700	222	0
1581	88	0
1226	19	0
1191	109	0
1738	129	0
1301	247	0
1314	217	0
2027	224	0
2119	164	0
1721	261	0
1944	207	0
428	18	0
71	81	0
1513	288	0
1523	270	0
333	266	0
1056	30	0
1936	110	0
1654	155	0
1921	94	0
1448	95	0
424	8	0
557	144	0
735	297	0
1541	53	0
2297	95	0
1992	1	0
618	212	0
2086	285	0
2210	282	0
269	58	0
730	45	1
66	138	1
748	233	0
1791	83	0
87	244	1
1221	152	0
1008	118	0
75	77	0
1242	206	0
627	198	0
360	145	0
1408	109	0
974	279	0
422	51	0
2211	37	0
527	71	0
1790	86	1
112	203	0
2126	185	0
2110	250	0
2189	114	0
731	45	1
1292	179	0
1487	74	0
140	112	0
1782	286	0
1177	227	0
955	73	0
689	50	1
1684	258	0
90	7	1
910	251	0
2170	203	0
1376	131	0
1782	191	0
672	274	0
2219	287	0
714	239	0
1301	55	0
2280	87	0
87	7	1
266	18	0
1625	279	0
749	212	0
844	226	1
1402	140	0
859	1	0
1732	108	0
1476	151	0
2063	47	0
1156	80	0
249	134	0
2003	89	0
1779	281	0
1016	67	0
215	44	0
812	76	1
1029	105	1
427	2	0
1144	292	0
1500	187	0
1830	254	0
2090	39	0
1716	141	0
539	140	0
746	276	0
672	48	1
2097	274	0
1636	116	1
1565	212	0
487	34	1
718	225	0
138	208	0
605	244	0
648	113	0
1288	248	0
643	174	1
369	91	0
827	235	0
2006	247	1
307	241	0
881	93	0
611	167	0
220	206	0
558	259	0
434	40	1
462	34	1
1878	251	0
1502	107	0
867	77	0
1808	195	1
1030	265	0
1751	59	0
640	161	0
2260	143	0
2022	18	0
2019	259	0
958	75	0
1631	144	0
2118	239	0
477	219	0
407	60	0
1208	128	0
1126	218	1
2137	56	0
517	8	0
1430	251	0
473	140	0
1686	235	0
119	101	0
1620	107	0
1132	89	0
2221	149	0
1975	89	0
1468	78	0
1640	145	0
1686	26	0
1593	59	0
951	92	0
933	45	0
505	34	1
1203	91	1
1373	207	0
2294	264	0
745	107	0
1126	100	0
156	170	0
931	232	0
1913	242	0
638	158	0
615	235	0
166	4	0
2211	258	1
707	47	0
946	81	0
83	244	1
1345	90	0
1130	123	0
1106	276	0
405	29	1
1334	157	0
2164	232	0
718	233	0
1773	284	0
1772	185	0
493	226	0
1312	89	0
33	297	0
83	32	1
1381	129	0
1348	146	0
1449	261	0
1808	197	0
1592	145	1
339	177	0
1324	34	0
1277	39	0
155	70	0
1175	230	0
1121	161	0
48	50	0
2146	31	0
1296	109	1
1	79	0
1998	17	0
56	6	1
2060	71	0
1699	54	0
529	219	0
1361	114	0
346	65	0
32	138	1
984	267	0
327	198	0
1780	292	0
1695	97	0
1875	258	0
414	278	0
1964	63	0
284	82	0
617	28	0
1565	165	0
258	58	0
823	183	0
947	208	0
2153	101	0
1236	86	0
279	6	1
1976	212	0
75	288	0
602	218	0
1763	112	0
1268	155	0
1724	270	0
1447	79	0
1501	290	0
2287	86	0
1859	238	0
1450	216	0
76	270	0
913	127	0
2040	287	0
1110	68	0
415	254	0
1518	255	0
136	82	0
818	169	0
442	65	0
1482	173	0
1118	156	0
269	82	0
1414	2	0
259	119	0
386	62	0
1267	298	0
2261	137	0
723	200	0
838	280	0
1287	236	0
203	127	0
662	243	0
1508	117	0
869	34	0
1666	83	0
265	169	0
796	153	0
606	99	0
801	48	1
212	6	1
798	38	0
1855	92	0
834	255	0
856	245	0
1054	27	0
1958	249	0
673	40	0
2119	0	0
49	182	0
1469	269	0
1040	77	1
1508	6	0
1757	182	1
1113	88	0
442	167	0
557	50	0
2326	202	0
840	174	0
684	109	0
1757	161	0
866	65	0
161	100	0
786	48	1
524	3	0
1782	197	0
226	156	0
1703	294	0
1724	121	0
407	167	1
833	218	1
1591	138	0
1707	234	0
1396	26	1
2330	96	0
843	50	1
2303	151	0
1977	239	0
839	171	0
162	143	0
1745	32	0
73	142	0
1456	268	0
2037	125	0
1798	154	0
2071	287	0
1244	34	0
1350	238	0
8	134	0
2014	90	0
2143	177	0
983	188	0
1811	200	0
994	152	0
2190	287	0
2290	192	0
930	152	0
1289	276	0
57	173	0
907	231	0
939	291	0
824	235	0
129	114	0
979	173	0
1288	215	0
368	86	1
1131	200	0
1647	254	0
1525	37	0
186	168	0
2029	69	0
2297	86	0
2161	211	0
155	170	0
886	214	1
1228	249	0
2099	227	0
196	215	0
739	88	0
426	56	0
1838	290	0
1972	79	0
1092	10	0
2012	171	0
1789	255	0
225	217	0
186	6	1
1818	11	0
289	6	1
1537	278	0
1003	292	0
388	191	0
85	87	0
2002	156	0
1182	48	0
616	166	0
1833	26	0
1491	46	0
2248	3	0
380	220	0
1198	77	0
947	171	0
928	79	0
3	3	1
1663	259	0
64	78	0
6	231	0
52	40	0
187	227	0
536	34	1
507	287	0
1401	236	0
1749	0	0
2269	117	0
1306	153	0
1675	169	1
1900	246	0
2053	8	0
1637	189	0
1604	55	0
87	152	0
880	39	0
2094	30	0
327	126	0
411	73	0
2104	295	0
1403	173	0
780	278	0
2052	271	0
1272	74	0
1445	208	0
439	289	0
620	75	0
1617	114	1
1752	133	0
1038	288	0
1308	42	0
1262	86	0
1868	177	0
1077	131	0
1972	92	0
1890	151	0
219	149	0
2106	175	0
172	235	0
1921	100	0
1295	23	0
2084	203	0
585	218	1
1550	159	0
304	90	0
793	0	0
1291	115	0
664	292	0
1000	46	0
1852	85	0
1498	137	0
2320	278	0
563	186	0
250	169	0
17	257	0
591	34	1
796	177	0
2030	265	0
1508	100	0
2274	154	0
1251	120	0
223	97	0
81	65	0
1340	155	0
2063	241	0
779	148	0
84	65	0
261	15	0
2022	155	0
401	148	0
328	51	0
266	93	0
1748	257	0
1862	248	0
362	291	0
2308	95	0
2089	225	0
1625	291	0
60	184	0
1660	182	0
649	155	0
335	214	0
473	34	1
1183	168	0
1207	67	0
476	100	0
261	147	0
800	112	0
1663	122	0
1689	74	0
1983	3	0
758	40	0
49	220	0
2127	66	0
1492	136	1
1230	163	0
1295	69	0
1777	158	0
687	224	0
1772	186	0
1575	239	0
1021	118	0
1174	9	0
1518	86	0
1264	228	0
775	248	0
672	3	0
1138	87	0
684	23	0
1997	66	0
516	251	0
2056	294	0
519	52	0
827	118	0
1371	298	0
536	158	0
1829	148	0
2129	296	0
1881	151	0
1074	165	0
1768	111	0
149	16	0
2322	168	0
661	287	0
1446	150	0
1522	44	0
1786	224	0
532	30	0
1576	293	0
2084	58	0
1844	295	0
1572	109	0
134	250	0
74	182	0
941	26	0
1769	9	0
268	176	0
2245	91	0
992	84	0
1007	67	0
1072	199	0
1802	298	0
1758	205	0
790	185	0
1334	88	0
1150	90	0
177	30	0
663	28	0
1869	200	0
1958	46	0
725	85	0
1885	244	0
2189	102	0
570	175	0
245	6	1
549	172	0
739	237	0
597	243	0
1305	149	0
587	141	0
252	233	0
1388	15	0
1007	210	0
1478	47	0
1033	291	0
615	175	0
562	270	0
310	45	0
757	48	1
1877	88	0
2030	221	0
120	59	0
620	275	0
589	94	0
1417	119	0
1664	142	0
264	74	0
327	146	0
682	34	1
892	84	0
552	272	0
2103	36	0
206	157	0
132	88	0
1385	39	0
1191	264	0
742	276	0
145	166	0
1490	46	0
197	299	0
356	119	0
316	68	0
763	218	0
1646	115	0
708	193	0
377	39	0
166	209	0
495	44	0
905	14	0
2260	261	0
2316	174	0
848	168	0
96	77	1
1220	264	0
1800	59	0
1331	26	0
2065	186	0
809	172	0
1774	46	0
391	105	0
70	152	0
2278	299	0
591	182	0
1355	39	0
2106	259	0
2205	211	0
805	8	0
98	49	0
1510	294	0
556	131	0
2027	291	0
1855	279	0
1929	132	0
1710	217	0
371	200	0
74	89	0
1783	259	0
854	166	0
305	6	1
976	278	0
1306	113	0
2094	193	0
514	40	0
400	129	0
223	83	0
1081	147	0
889	174	1
1248	147	0
1953	186	0
20	286	1
987	0	0
1190	142	0
26	30	0
1063	177	0
2259	237	0
1220	291	1
843	77	1
2104	165	1
20	272	0
2199	86	0
54	221	0
1463	16	0
1213	52	0
613	218	1
1918	164	0
2182	234	0
1210	232	0
1487	239	0
1100	217	0
1037	145	0
801	49	1
838	29	0
1618	299	0
797	215	0
825	50	1
2267	67	0
790	202	0
1722	293	0
772	22	0
1702	175	0
2112	234	1
1109	195	0
1130	158	0
990	247	0
1370	45	0
794	38	0
1664	120	0
950	158	0
255	163	0
1575	36	0
1517	67	0
1672	282	0
1081	17	0
254	47	0
1369	128	0
571	62	0
903	116	1
1976	268	0
286	25	0
239	193	0
2146	52	0
1875	132	0
1790	13	0
120	282	0
694	35	0
1749	265	0
2090	125	0
1698	230	0
1353	212	0
1383	282	0
156	144	0
2303	269	0
1770	86	1
1660	27	0
869	106	0
319	269	0
978	72	0
948	209	0
1267	103	1
534	57	0
2272	266	0
965	178	0
604	188	0
2248	196	0
1219	57	0
1898	39	0
464	259	0
692	107	0
348	6	1
745	106	0
685	187	0
581	101	0
66	128	0
1486	163	0
1477	20	0
1208	153	0
845	41	0
5	85	0
2248	5	0
343	32	0
1212	96	0
1364	26	1
1354	125	1
1267	110	0
480	242	0
1393	287	0
526	41	0
622	93	0
1726	185	0
108	24	0
1688	69	0
483	19	0
2273	277	0
2155	291	0
553	289	0
172	181	0
1378	123	0
483	143	0
850	58	0
804	132	1
1090	258	0
939	175	0
2260	186	0
2078	210	0
359	225	0
2113	262	0
1719	185	0
817	95	0
893	263	0
936	70	0
311	23	0
761	233	0
1373	226	0
1821	280	0
1214	231	0
971	261	0
622	142	0
1130	73	0
1436	128	1
1816	9	0
179	136	0
2107	170	0
646	168	0
1838	47	0
1433	50	0
193	237	0
229	283	0
1376	231	0
1651	6	0
1078	144	0
783	48	1
1016	64	0
903	296	0
1417	68	0
247	108	0
127	12	1
2294	288	1
1601	75	0
423	207	1
1513	126	0
557	38	0
2243	45	0
606	46	0
1303	113	1
1228	120	0
358	78	0
2205	49	0
25	197	0
930	220	0
2201	0	0
976	99	0
2178	93	0
909	85	0
735	99	0
13	67	0
1988	127	0
369	118	0
394	216	0
1495	85	0
2152	28	0
591	266	0
2218	60	0
1057	254	1
645	56	0
175	137	0
473	279	0
1717	26	0
1733	174	1
978	142	0
2097	165	1
883	163	0
1270	248	0
452	250	0
2247	195	0
2269	77	0
1430	180	0
700	50	1
1934	121	0
892	223	0
1783	138	0
107	208	0
990	73	0
2035	136	0
1494	207	0
1756	133	0
287	79	0
610	33	0
2022	169	0
2169	283	0
1515	16	0
1033	221	0
989	158	0
2284	114	0
1786	280	0
672	41	0
193	279	0
1920	254	0
1137	281	0
1673	171	0
1917	40	0
2011	84	0
1340	162	0
46	273	0
1751	247	0
1044	118	0
699	144	0
1599	140	0
1104	48	0
1673	145	0
651	84	0
209	230	0
1701	281	0
1339	153	0
1003	10	0
285	15	0
628	38	0
132	144	0
1041	217	0
2303	129	0
1893	48	0
1376	45	0
2303	124	0
483	76	1
166	186	0
511	48	1
2053	116	0
2294	91	0
80	14	0
1446	183	0
537	2	0
75	156	0
671	206	0
1916	255	0
1101	290	0
455	224	0
1315	237	0
1455	7	0
110	191	0
879	32	0
1043	181	0
2038	235	0
1132	248	0
1290	292	0
1746	290	0
1793	58	0
1435	172	0
1527	174	0
671	297	0
1618	116	1
268	115	0
66	93	0
448	140	0
1683	152	0
1648	286	0
1565	59	0
1344	269	0
1206	37	0
307	201	0
694	288	0
962	81	0
2216	295	0
573	139	0
1719	141	0
1691	22	0
2054	268	0
813	221	0
1184	139	0
51	48	1
320	207	1
283	11	0
786	190	0
194	35	0
2268	50	0
2030	133	0
542	50	1
1033	245	0
1947	12	0
179	214	0
1400	241	0
945	236	0
733	194	0
1790	162	0
874	72	0
765	40	0
117	242	0
700	35	0
143	232	0
1430	262	0
1348	299	0
137	19	1
1627	255	0
1571	49	0
2093	56	0
1315	138	0
1550	53	0
818	104	0
2226	10	0
599	287	0
574	178	0
1654	169	0
294	116	0
452	123	0
1710	261	0
685	103	0
1314	258	0
2207	295	0
817	128	0
1250	292	0
2158	244	1
992	275	0
1702	15	0
2209	289	0
601	171	0
2203	85	0
768	127	0
1416	217	0
747	36	0
1284	167	0
745	83	0
1227	91	1
505	238	0
1	246	0
1274	188	0
2019	247	0
282	79	0
939	157	0
490	14	0
181	87	0
2072	67	0
1491	285	0
1947	171	0
120	126	0
958	183	1
942	179	0
2066	70	0
1033	63	0
1572	90	0
1543	246	0
556	34	1
682	113	0
763	270	0
1742	261	0
1944	220	1
205	216	0
1054	296	0
216	240	0
635	37	0
884	101	0
1062	86	0
167	111	0
262	97	0
1623	194	0
556	132	0
459	151	0
1825	90	0
1658	279	0
909	151	0
694	12	0
1456	188	0
773	142	1
702	192	0
1171	247	0
141	164	0
332	196	0
368	244	0
335	205	0
2299	103	0
1413	88	0
303	229	0
428	88	0
967	279	0
1470	116	1
1171	162	0
1129	55	0
233	7	0
1003	189	0
1954	19	0
736	121	0
1895	56	0
828	53	0
1009	236	0
1303	280	0
1006	188	0
681	114	0
251	232	0
542	48	1
1608	150	0
239	165	1
1731	102	0
1077	127	0
1560	178	0
935	61	0
2118	83	0
176	53	0
1231	137	0
104	2	0
706	86	0
1151	161	0
2035	132	0
1598	198	0
1952	83	0
2161	91	0
1239	288	1
1262	23	0
1797	83	0
391	281	0
2068	132	0
1180	199	0
840	115	0
685	47	0
755	185	0
1656	279	0
1454	171	0
1079	183	0
1020	141	0
402	154	0
2314	27	0
2313	256	0
2134	257	0
1571	145	0
52	116	0
2011	201	0
338	168	0
177	246	0
1806	112	0
1858	241	0
1122	273	0
1201	53	0
675	158	0
293	284	0
1912	21	0
2280	36	0
653	268	0
1758	222	0
2039	174	0
2321	295	1
281	68	0
564	125	0
782	64	0
1530	138	1
1684	232	0
1288	129	0
1456	46	0
883	125	0
1388	96	0
926	230	0
2094	169	0
1265	259	0
2186	18	0
1399	283	0
1837	248	0
341	285	0
95	130	0
1932	247	0
180	276	0
1134	80	1
1726	47	0
2146	24	0
367	48	1
2080	202	0
2245	28	0
1684	139	1
328	179	0
2077	206	0
187	230	0
823	129	0
287	280	0
1273	12	0
56	60	0
2190	104	0
125	160	0
1012	116	0
852	37	0
1360	18	0
368	121	1
298	74	0
601	182	0
220	6	1
1911	155	0
1196	12	0
1943	220	1
967	64	1
1796	38	0
1884	189	0
801	169	0
2053	266	0
1041	60	0
60	212	0
145	153	0
593	239	0
2140	101	0
1238	193	0
1122	238	0
478	133	0
1085	174	0
26	80	0
1770	190	0
78	55	1
2209	174	0
2328	168	0
134	123	1
258	94	0
189	242	0
184	46	0
1768	96	0
213	153	0
1996	178	0
991	280	1
2098	198	0
1627	39	0
1130	18	0
1312	99	0
599	215	0
1222	250	0
1687	207	0
2204	268	0
1839	160	0
751	268	0
434	155	0
1680	99	0
797	50	1
2069	20	0
566	209	0
1503	89	0
1421	73	0
1602	175	0
1541	124	0
1750	110	0
1249	77	0
2243	88	0
2208	115	0
148	54	0
465	112	0
907	17	0
1546	110	0
548	46	0
1214	145	0
1486	103	0
349	2	0
1070	204	0
1820	254	0
1340	245	0
1193	143	0
1669	151	0
1307	6	0
918	233	0
1494	138	1
1754	185	0
1364	242	0
1846	135	0
1159	191	0
1646	251	0
287	6	1
240	164	0
1118	226	0
528	292	0
1257	9	0
1063	162	0
1144	28	0
825	158	0
1849	211	1
1577	123	0
1772	181	0
709	50	1
2305	252	0
1327	273	0
1510	213	0
1888	232	0
345	29	0
507	153	0
1904	7	0
1567	3	0
565	230	0
678	38	0
2155	228	0
279	188	0
412	264	0
1197	177	0
846	217	0
1927	283	0
699	293	0
522	267	0
1284	31	0
2302	67	0
1438	66	0
831	184	0
1147	125	0
421	133	0
429	61	0
1664	210	1
645	34	1
1433	11	1
18	172	0
1688	110	0
192	60	0
1297	79	0
1350	287	0
1332	109	0
1880	5	0
1154	47	0
888	27	0
323	274	0
1959	122	0
972	211	0
483	54	0
255	33	0
1883	70	0
1375	220	0
2179	244	1
1991	27	0
1989	142	1
1392	102	0
205	82	0
537	144	0
45	263	0
1779	277	0
685	140	0
2304	64	0
479	80	0
1105	111	0
1514	138	1
1638	232	0
1702	141	0
954	96	0
903	92	0
519	60	0
1919	79	0
813	9	0
1474	190	0
669	61	0
2099	250	0
1737	290	0
628	32	0
733	32	0
2290	179	0
304	47	0
849	45	0
1264	182	0
1725	14	0
2254	3	0
2133	261	0
1108	196	0
1908	118	0
1969	160	0
1716	174	1
2140	80	0
841	56	0
1572	224	0
1385	276	0
1495	181	0
888	210	0
547	231	0
12	164	0
1602	280	0
1148	208	0
408	1	0
1701	20	0
1996	204	0
68	35	0
585	162	1
1576	230	0
1095	150	0
2237	273	1
1347	192	0
2071	39	0
434	21	0
900	215	0
196	51	0
2052	281	0
1468	115	0
1309	199	0
65	7	1
136	119	0
1034	285	0
1872	15	0
701	204	0
944	144	0
2323	265	0
954	228	0
1782	86	1
483	34	1
300	136	0
1072	103	0
1432	239	0
550	48	1
135	248	0
751	48	1
2162	290	0
2309	114	0
550	277	0
916	206	0
380	13	0
694	114	0
1771	39	0
1257	19	0
1492	183	0
2320	205	0
442	24	0
1012	220	0
153	56	0
2143	101	0
333	126	0
1213	287	0
1692	112	0
398	284	0
2196	282	0
1815	216	0
844	174	1
902	88	1
744	16	0
1049	237	0
916	272	0
1715	269	0
656	34	1
1676	103	0
1531	13	0
176	260	0
2256	26	0
110	55	0
1235	261	0
25	208	0
2146	157	0
1886	19	0
1800	194	1
743	174	1
1254	189	0
1355	219	0
2134	35	0
209	286	0
1883	72	0
1421	50	0
1885	211	1
720	96	0
20	44	1
1683	1	0
2177	240	0
506	225	0
831	2	0
1266	4	0
300	154	0
1219	85	0
1841	264	0
343	160	0
1336	181	0
1013	84	0
1125	10	0
1424	264	0
1742	237	0
1974	227	0
596	256	0
688	245	0
539	56	0
394	8	0
658	9	0
207	140	0
1479	109	0
2007	19	0
1289	44	0
1762	134	0
1617	272	0
598	232	0
1196	146	0
371	104	0
1363	253	0
1422	172	0
2105	165	1
1096	22	0
1640	150	1
831	203	0
1025	241	0
1445	196	0
766	96	0
1408	57	0
1006	243	0
117	81	0
1933	163	0
1935	19	0
634	294	0
214	169	0
1300	111	1
1088	77	1
1651	179	0
86	60	0
62	101	0
598	70	0
685	50	1
1481	276	0
1734	291	0
762	172	0
1253	84	0
576	185	0
939	4	0
100	122	0
2095	236	0
2008	50	0
1245	115	0
1107	293	0
1262	178	1
287	62	0
617	138	1
387	75	0
1340	199	0
679	50	1
1471	159	0
1496	46	0
515	139	1
1422	141	0
1431	132	0
900	10	0
1851	209	0
471	97	0
1906	294	0
1135	293	0
735	6	0
295	220	0
0	159	0
473	257	0
1797	100	0
1343	54	0
2039	191	0
1882	185	0
469	259	0
1439	123	0
828	276	0
2202	174	0
981	144	0
1429	181	0
1698	44	0
1475	158	0
511	203	0
2282	7	0
43	78	0
1747	122	0
834	122	0
1410	271	0
482	13	0
1581	243	0
345	204	0
1092	256	0
955	78	0
2056	227	1
576	248	0
488	23	0
791	294	0
1144	193	0
1959	112	0
2093	17	0
1377	152	0
318	150	0
525	94	0
2192	121	0
1170	129	0
218	51	0
1673	41	0
170	161	0
1998	170	0
586	133	0
954	44	0
63	131	0
801	246	0
1996	164	0
383	273	1
1744	156	0
2058	138	0
1636	18	0
1581	294	0
1020	299	0
2285	120	0
963	54	0
2157	234	0
1380	221	0
56	204	0
1467	236	0
1624	100	0
1238	254	0
1274	204	0
1848	189	0
653	30	0
131	236	0
106	35	0
883	118	0
1669	177	0
2011	166	0
952	294	0
841	132	0
1597	188	0
1368	26	1
2283	184	0
786	43	0
732	50	1
212	237	0
2328	298	1
1746	156	0
1578	187	0
675	227	0
1259	122	0
1096	204	0
1467	134	1
2316	291	1
1147	127	0
526	200	0
112	280	0
1161	112	0
121	198	0
1837	36	0
1107	117	0
506	34	1
1410	44	0
40	134	0
1893	123	0
1535	48	0
1861	232	0
1999	86	0
1752	214	0
288	151	0
711	36	0
636	277	0
1966	167	0
58	185	1
2199	207	0
1595	79	0
328	251	0
954	178	0
2089	204	0
664	133	0
999	234	0
1830	95	0
1345	128	1
2152	187	0
89	41	0
670	165	0
1445	55	0
2016	247	0
47	190	0
2149	96	0
1776	215	0
1785	228	0
177	91	0
1938	259	0
507	76	0
23	61	0
1415	149	0
1353	226	0
243	6	1
1721	100	0
147	233	0
929	264	0
2125	15	0
892	187	0
807	35	0
2127	29	0
778	221	0
246	40	0
582	126	0
290	56	0
1233	14	0
835	292	0
1789	53	0
498	180	0
1202	276	0
1823	223	0
1044	211	0
539	289	0
1605	129	0
1055	199	0
1848	125	0
1049	24	0
1192	6	0
544	256	0
2121	208	0
1506	115	0
484	236	0
208	235	0
1285	127	0
1183	226	0
2279	284	0
414	147	0
1663	108	0
1598	93	0
1566	18	0
2262	165	0
182	84	0
343	169	0
1074	275	0
1315	113	0
206	212	0
572	130	0
1326	285	0
1420	26	1
1754	77	0
869	47	0
371	2	1
511	83	0
1308	165	0
364	120	0
1872	213	0
100	215	0
499	250	0
579	218	1
78	91	0
905	51	0
617	252	0
1128	126	0
1326	50	0
1514	32	0
1835	195	0
564	207	0
329	11	0
1819	226	0
703	50	1
1252	178	0
564	149	0
809	152	0
184	150	0
1778	159	0
2030	298	0
1053	297	0
1971	41	0
201	62	0
621	233	0
2192	134	0
823	271	0
1512	242	0
2293	83	0
2046	297	0
1817	189	0
712	272	0
63	111	0
233	6	1
576	71	0
95	49	1
520	34	1
529	198	0
1346	70	0
2031	278	0
1880	179	0
793	285	0
1718	184	0
1201	221	0
403	34	1
1558	3	0
2228	47	0
1769	4	0
234	6	1
1508	138	1
1110	115	0
869	238	0
2240	269	0
2214	33	0
400	135	0
1603	101	0
1100	81	0
1620	197	0
1513	219	0
113	167	0
600	20	0
372	2	1
1961	204	0
127	125	0
547	193	0
989	241	0
1023	75	1
820	249	0
802	139	1
780	274	0
929	65	0
417	123	0
674	11	0
771	16	0
1941	217	0
1517	215	0
2179	89	0
760	240	0
1270	133	0
1583	45	0
1224	190	0
585	234	0
615	97	0
1150	103	0
1796	47	0
1450	236	0
1089	70	0
1028	33	0
2124	118	0
912	278	0
1823	272	0
109	160	0
809	162	0
2326	254	0
1446	4	0
933	249	0
1881	57	0
2045	215	0
734	190	0
855	54	0
2263	276	0
1559	42	0
1614	121	0
649	196	0
651	26	0
400	80	0
936	284	0
113	265	0
1324	191	0
24	284	0
1542	79	0
360	181	0
407	296	0
1157	273	0
457	196	0
913	145	0
2011	164	0
63	299	0
1907	149	0
821	39	0
494	275	0
386	154	0
1989	189	0
428	242	0
144	265	0
1623	202	0
1942	71	0
975	194	0
114	50	0
1767	121	0
1728	174	1
910	49	0
503	65	0
2303	100	0
2143	7	0
857	182	0
322	110	0
1242	159	0
290	3	0
525	153	0
1777	126	0
2048	186	0
644	16	0
113	76	1
162	6	1
1472	76	0
791	290	0
2163	135	0
2068	266	0
1369	287	0
1078	136	0
1126	245	0
466	250	0
604	197	0
1976	40	0
1744	49	0
1829	49	0
357	268	0
202	205	0
15	125	0
2152	292	0
1725	50	0
2064	195	0
1127	46	0
2109	119	0
634	142	1
492	127	0
1744	288	0
135	198	0
1345	162	0
1551	247	0
1564	3	0
1494	14	0
361	288	0
645	242	0
1113	131	0
1497	138	1
617	83	0
1510	81	0
67	289	0
38	135	0
459	86	1
1752	95	0
369	22	1
1442	59	0
1394	168	0
1729	260	0
2145	262	0
1199	259	0
311	223	0
1497	46	0
1225	102	0
2026	125	0
1575	2	0
840	237	0
312	279	0
1786	214	0
336	132	0
1480	57	0
2118	136	0
663	157	0
1576	69	0
2202	59	0
729	8	0
1529	210	0
1010	285	0
2197	259	0
1405	26	1
2298	128	0
1313	130	0
162	269	0
2109	242	0
1173	278	0
2225	166	0
1754	144	0
590	276	0
2070	287	0
733	185	1
580	50	1
417	35	0
1091	77	1
1165	245	0
1412	182	0
352	236	0
1691	193	0
720	30	0
572	133	0
620	239	0
709	136	0
2286	158	0
1911	214	0
1808	274	0
1976	80	0
1722	84	0
1798	262	0
59	128	1
1030	281	0
2149	173	0
946	93	0
2201	287	0
1257	99	0
1693	115	0
1467	51	0
2292	82	0
2270	70	0
2041	171	0
676	181	0
2254	205	0
345	52	0
2067	148	0
1966	60	0
1459	47	0
2011	140	0
1814	94	0
1165	297	0
1368	149	0
1720	123	0
149	209	0
1232	133	0
1890	272	0
2180	215	0
586	242	0
2047	51	0
1426	192	0
1759	219	1
876	235	0
133	125	0
858	245	0
881	225	0
1137	50	0
2202	19	0
1350	82	0
554	149	0
2113	282	0
1998	220	0
280	77	1
10	288	0
662	66	0
24	181	0
157	92	0
1277	284	0
1368	258	0
2234	142	0
1839	49	0
533	93	0
1440	267	0
1245	41	0
1101	182	0
1463	99	0
449	50	1
15	4	1
1974	278	0
1734	166	0
506	29	0
2195	19	0
1244	280	0
2140	147	0
1939	74	0
486	91	0
1122	137	0
1121	283	0
67	292	0
261	137	0
1348	55	0
857	170	0
1430	193	0
1267	34	0
1181	245	0
1253	191	0
1957	110	0
1052	217	0
829	149	0
2145	154	0
2208	13	0
797	271	0
1861	52	0
576	34	1
574	265	0
370	170	0
1325	141	0
942	56	0
310	114	0
1588	216	0
336	273	0
639	156	0
1527	76	0
2296	200	0
711	289	0
2010	200	0
2202	56	0
1791	211	0
413	135	0
871	218	1
1302	240	0
476	192	0
608	198	0
809	26	1
1398	278	0
185	90	0
639	109	0
1709	124	0
1445	81	0
665	124	0
1735	227	0
752	99	0
1759	206	1
95	251	0
1952	132	1
497	34	1
805	35	0
2162	214	0
1675	44	0
850	173	0
1488	207	0
2081	112	0
1363	129	0
808	20	0
2053	209	0
1483	9	0
1336	141	0
1625	0	0
1961	252	0
1188	95	0
1014	255	0
1286	160	0
2041	32	0
1814	5	0
2170	193	0
404	236	0
1033	149	0
475	233	0
462	155	0
14	66	1
444	290	0
2288	1	0
1705	74	0
1081	10	0
1397	240	0
27	32	0
1530	174	1
1186	136	0
1030	174	1
932	244	1
532	2	0
933	110	0
1082	103	0
1705	232	0
279	145	0
742	26	0
110	249	0
1553	170	0
423	34	1
498	44	0
420	277	0
1416	35	0
1726	148	0
1152	279	0
1781	294	0
252	6	1
2193	210	0
2115	129	0
183	162	0
322	139	0
588	200	0
1830	18	0
1618	61	0
1622	160	0
1070	37	0
813	296	0
1067	20	0
98	236	0
1931	65	0
915	12	0
319	134	0
1973	142	1
889	54	0
1549	127	0
2286	104	0
1265	41	0
1673	236	0
898	104	0
1728	187	0
412	86	0
1673	169	1
961	222	0
438	267	0
60	245	0
796	9	0
629	236	0
1070	267	0
383	135	0
1552	204	0
299	61	0
205	187	0
1412	168	0
217	191	0
331	127	0
332	221	0
1098	281	0
1596	70	0
265	209	0
1065	125	0
693	146	0
1309	197	0
1889	273	0
1405	232	0
301	190	0
628	169	0
1543	180	0
1074	204	0
74	264	0
952	116	0
349	205	0
1926	105	0
1855	28	0
2139	244	1
1655	156	1
1081	187	0
390	76	0
556	120	0
1226	29	0
1766	173	0
1641	252	0
476	31	0
131	211	1
1223	288	1
863	174	1
1676	169	1
828	208	0
566	279	0
305	95	0
227	87	0
1684	145	0
723	155	0
2164	65	0
600	78	0
1130	261	0
959	239	0
1987	178	0
992	287	0
44	203	0
751	94	0
749	25	0
855	92	0
1484	294	0
911	53	1
79	159	0
361	235	0
132	93	0
218	134	0
1181	171	0
360	289	0
1742	174	1
1529	95	0
510	34	1
1366	295	0
1296	106	0
1033	77	1
1535	248	0
50	226	1
609	282	0
1777	178	0
114	226	0
1641	135	0
437	182	0
1792	248	0
646	113	0
2307	63	0
1246	245	0
1445	131	0
42	179	0
968	168	0
1360	95	0
682	16	0
887	49	0
2087	151	0
1820	116	0
756	48	1
491	235	0
2117	239	0
360	81	0
444	73	0
1763	186	1
199	171	0
80	202	0
1384	8	0
583	46	0
403	158	0
1690	196	0
205	96	0
204	33	0
377	210	0
1284	179	0
1605	97	0
1019	273	0
1324	94	1
881	84	0
466	13	0
2090	213	0
1066	49	0
804	164	0
1507	274	0
878	57	0
637	3	0
1651	116	0
432	38	1
927	53	1
30	15	0
849	205	0
1542	6	0
1966	250	0
1993	253	0
1479	8	0
2254	1	0
1431	275	0
364	195	0
2080	66	0
1336	8	0
1202	172	0
2180	1	0
1992	151	0
655	112	0
2306	48	0
484	188	0
1394	44	0
1978	0	0
34	57	0
1467	151	0
1116	125	0
585	203	0
87	142	1
2245	124	0
811	184	0
1548	244	0
2058	65	0
647	272	0
796	148	0
1363	137	0
1863	52	0
1402	150	0
667	30	0
886	276	0
1236	164	0
663	79	0
299	211	0
1198	54	0
2247	171	0
2034	94	0
197	81	0
1577	31	0
2219	32	0
65	244	1
1562	77	0
2175	240	0
1715	278	0
1362	112	0
2162	284	0
1035	70	0
2013	106	0
1036	37	0
1613	271	0
1291	178	0
1665	218	0
2182	177	0
646	170	0
475	48	1
384	113	0
166	86	0
1822	32	0
1881	99	0
135	19	1
1216	241	0
978	19	0
852	135	0
622	145	0
1980	31	0
349	42	0
582	183	0
2137	22	0
2080	244	0
515	252	0
1980	268	0
756	294	0
2243	16	0
733	197	0
1161	116	1
210	8	1
652	179	0
872	219	0
1598	170	0
1646	121	0
1748	256	0
838	291	0
74	92	0
467	215	0
1764	294	0
1199	230	0
585	185	0
1466	79	0
659	85	0
124	4	0
1744	177	0
728	132	0
1021	102	0
1738	246	0
407	268	0
1045	136	0
946	208	0
892	290	0
132	125	0
317	33	0
506	179	0
916	52	0
1047	73	0
1251	177	0
822	34	0
1638	284	0
717	156	0
431	246	0
1280	46	0
1891	48	0
1130	42	0
2057	220	0
1449	69	0
98	225	0
1034	137	0
659	83	0
623	101	0
1524	138	1
338	6	1
525	139	0
1375	93	0
886	185	0
2137	0	0
772	124	0
64	60	0
2313	165	0
1448	166	0
843	163	0
191	56	0
2123	86	0
1285	104	0
734	45	1
1913	2	0
719	34	1
1764	222	0
2279	119	0
20	132	1
1679	264	0
1296	207	0
517	230	0
433	257	1
1664	199	0
190	84	0
1601	136	0
381	25	1
647	24	0
413	139	0
1619	172	0
203	124	0
1373	267	0
1330	42	0
1278	160	0
2307	285	0
208	48	0
244	280	0
1263	14	0
2195	242	0
2150	132	0
1641	251	0
2019	216	0
1253	117	0
1608	179	0
1751	210	0
699	234	0
1278	26	0
84	116	0
1901	152	0
2329	41	0
1256	294	0
1070	289	0
546	107	0
25	270	0
2231	57	0
1185	260	0
83	107	0
59	201	0
34	99	0
36	253	0
799	269	0
67	134	0
898	237	0
1391	221	0
21	38	0
1368	193	0
1012	290	0
118	80	0
137	8	1
1830	10	0
1812	3	0
1256	193	0
1614	253	0
2051	261	0
658	0	0
212	87	0
197	34	0
226	88	0
1088	37	0
2283	54	0
2303	242	0
594	174	1
307	96	0
983	199	0
2075	64	0
29	234	0
685	19	0
989	295	0
1294	262	0
665	246	0
2069	126	0
30	13	0
127	193	0
381	63	0
1374	210	0
691	0	0
1015	25	0
2042	242	0
1474	185	0
52	165	0
494	191	0
112	206	0
1230	6	0
1523	214	0
1021	126	0
1734	86	0
410	61	0
2207	277	0
1093	200	0
1084	31	0
1953	40	0
642	195	0
2012	180	0
302	166	0
93	95	0
985	255	0
738	63	0
948	162	0
426	223	0
1784	270	0
453	172	0
16	5	1
332	203	0
1991	86	0
68	231	0
1517	195	0
2034	293	0
1883	96	0
1387	279	0
2260	299	0
1393	245	0
2154	52	0
2021	284	0
1246	263	0
232	52	0
1995	21	0
332	21	0
2127	278	0
222	76	0
412	34	0
392	265	0
1639	43	0
655	73	0
2016	216	0
2233	270	1
1590	123	0
30	204	0
386	240	0
2049	259	0
1520	226	0
119	15	0
1443	5	0
1346	289	0
1023	34	0
499	117	0
460	115	0
2091	42	0
620	34	1
72	220	0
848	175	1
1695	272	0
1186	12	0
1745	249	0
2134	287	0
788	55	0
1873	206	0
1898	218	1
412	109	0
1943	271	0
2326	284	0
1550	245	0
1736	299	0
1066	19	0
2274	268	0
20	91	1
353	125	0
472	298	0
2177	286	0
1680	115	0
1236	49	0
1661	88	0
512	40	0
381	46	0
1989	164	0
1954	149	0
1230	172	0
497	260	0
49	13	0
1144	177	0
610	85	0
933	274	0
838	4	0
405	110	0
1746	117	0
856	116	0
1024	4	0
926	136	0
998	121	0
1451	188	0
1460	16	0
1225	84	0
2103	190	0
1154	52	0
2042	21	0
1182	261	0
662	20	0
631	103	0
2290	258	0
518	34	1
2312	64	0
2129	67	0
676	273	0
562	105	1
1694	59	0
2054	227	1
1962	1	0
1797	273	0
37	209	0
1922	274	0
2143	188	0
2245	187	0
786	126	0
1859	95	0
707	34	1
2059	227	1
891	265	0
1910	13	0
48	5	1
1962	216	0
1985	253	0
1056	191	0
2039	269	0
1314	19	0
1916	151	0
429	289	0
867	142	1
516	213	0
150	141	0
247	101	0
1503	12	0
1733	75	0
255	145	0
73	57	0
867	219	0
843	217	0
1082	49	0
2310	113	0
1599	149	0
99	205	0
1019	138	1
439	207	0
703	64	0
2109	62	0
849	218	1
1913	157	0
1937	45	0
216	243	0
2300	139	0
873	70	0
432	177	0
215	112	0
472	221	0
1398	25	0
1661	161	0
119	50	0
278	259	0
440	58	0
2147	75	0
1894	136	0
306	150	0
615	159	0
369	50	1
292	17	0
2037	14	0
110	97	0
1740	2	0
2306	229	0
1381	287	0
1798	69	0
59	73	1
1110	44	0
692	177	0
1841	21	0
47	291	0
385	83	0
592	227	0
1652	46	0
1484	135	1
2186	91	0
1549	293	0
54	279	0
704	135	0
279	184	0
627	290	0
250	60	0
709	176	0
1952	88	0
2167	244	1
386	73	0
833	191	0
1837	292	0
154	106	0
2098	143	0
2222	71	0
2082	57	0
98	293	0
1819	101	0
51	142	0
1188	194	0
441	187	0
1693	184	0
1875	139	0
1667	152	0
579	254	0
839	278	0
1961	175	0
1868	110	0
1300	1	0
41	165	0
1097	76	0
2305	192	0
670	157	0
1093	101	0
146	160	0
472	257	0
1600	12	0
657	166	0
1058	178	0
1121	201	0
1011	141	0
214	119	0
637	34	1
921	71	0
1766	193	0
614	108	0
334	133	0
1945	97	0
1142	231	0
181	5	0
1365	193	0
393	219	0
1087	110	0
171	124	0
134	280	0
1288	131	0
701	218	0
1314	191	0
833	192	0
1385	220	0
211	138	0
2287	190	0
1170	182	0
1802	192	0
956	53	0
608	138	0
421	34	1
1888	211	1
164	6	1
1862	287	0
2136	280	0
205	232	0
46	31	0
739	135	0
907	69	0
4	123	0
1066	275	0
687	99	0
86	249	0
1242	184	0
33	91	1
1423	140	0
1307	82	0
975	73	0
1888	197	0
189	293	0
1952	5	0
2051	199	0
978	259	0
432	240	0
1263	109	0
1467	202	0
1796	188	0
738	252	0
212	206	0
521	290	0
1211	62	0
723	263	0
297	191	0
880	20	0
598	96	0
1709	237	0
970	91	0
480	194	0
1642	227	0
2098	207	0
950	93	0
1388	233	0
1553	138	1
886	205	0
86	238	0
1069	120	0
169	275	0
1198	198	0
1297	111	0
1863	47	0
872	73	0
1814	63	0
820	14	0
1278	164	0
2229	64	0
1796	20	0
1154	105	0
51	62	0
591	142	0
168	225	0
915	245	0
1852	24	0
37	168	0
538	187	0
685	34	1
0	118	0
220	231	0
1631	243	0
668	228	0
1884	177	0
2097	60	0
1136	116	1
2227	63	0
1126	182	0
866	237	0
470	60	0
1264	54	0
1304	65	0
443	249	0
151	246	0
2307	166	0
694	189	0
416	137	0
476	208	0
630	93	0
2092	131	0
1461	221	0
347	246	0
2304	299	0
311	37	0
1293	116	0
2247	182	0
1322	242	0
1055	146	0
235	78	0
448	132	1
1998	216	0
597	273	0
2210	54	0
1923	10	0
252	32	0
1896	120	0
1812	214	0
1916	124	0
2007	149	0
694	112	0
1516	219	0
278	6	1
64	244	1
2055	98	0
430	58	0
824	225	0
1740	139	0
1689	31	0
1734	27	0
165	125	0
823	77	0
468	68	0
2134	272	0
1605	6	0
772	275	0
732	44	1
2204	238	0
198	165	1
1556	215	0
1216	116	1
1815	220	0
2039	47	0
2275	187	0
1922	182	0
1297	109	1
2274	45	0
537	253	0
228	88	0
384	142	0
1532	209	0
1017	78	0
6	284	0
501	50	1
977	66	1
801	268	0
1133	143	0
2249	190	0
1879	5	0
123	279	0
156	163	0
1809	155	0
1290	177	0
1627	288	0
2002	247	1
190	214	0
1762	266	0
30	103	0
1949	233	0
57	241	0
1173	18	0
1320	244	0
750	282	0
455	121	0
697	105	0
778	256	0
798	125	0
1076	5	0
179	146	0
1278	228	0
462	56	0
1000	72	1
756	146	0
807	238	0
1061	7	0
470	263	0
1028	245	0
1799	128	0
1501	59	0
325	1	0
2144	32	0
774	63	0
601	143	0
867	166	0
2279	142	0
32	44	1
7	211	0
1008	256	0
1040	122	0
939	146	0
1719	13	0
1540	138	1
1226	168	0
541	48	1
2059	157	0
2159	226	0
1026	219	0
2105	192	0
110	68	0
280	138	1
1533	199	0
547	10	0
449	97	0
1252	164	0
2086	298	0
257	29	0
493	222	0
1177	298	0
365	294	0
1554	76	0
2204	33	0
155	76	0
1236	277	0
726	48	0
966	64	1
1999	147	0
1597	131	0
1574	285	0
957	64	1
27	31	0
175	143	0
1266	102	1
555	93	0
1880	248	0
2199	73	0
195	80	0
1778	241	0
2019	200	0
328	268	0
1096	148	0
66	84	1
24	245	0
87	162	0
880	105	0
236	6	1
1193	131	0
406	73	0
1117	101	0
927	217	0
1776	240	0
892	159	0
151	225	0
535	47	0
642	151	0
935	98	0
1958	282	0
1511	105	0
1010	41	0
36	5	1
122	102	0
1616	190	0
1272	58	0
94	203	0
393	181	0
139	101	0
260	267	0
1720	145	0
986	220	0
2322	41	0
662	257	0
415	192	0
2009	226	1
1066	277	0
1396	248	0
1574	111	0
1064	95	0
2065	288	0
278	131	0
1367	83	0
1119	79	0
920	290	0
1855	211	1
313	19	0
2197	195	0
601	34	1
130	270	0
2206	256	1
531	289	0
1701	237	0
1087	217	0
2004	178	0
1874	167	0
1439	133	0
339	243	1
894	298	0
90	33	0
357	105	0
1080	43	0
1439	71	0
2319	147	0
204	98	0
1108	265	0
329	90	0
964	27	0
1363	33	0
1012	183	0
2305	246	0
1037	278	0
505	60	0
2092	148	0
1589	96	0
2289	252	0
981	37	0
2313	48	0
835	199	0
1309	119	0
1206	91	1
1065	129	0
573	118	0
682	138	0
2315	204	0
1654	215	0
1184	122	0
689	34	1
1637	77	0
139	8	1
164	268	0
933	220	0
381	289	0
1138	19	0
675	106	0
1931	29	0
945	227	1
384	215	0
1411	147	0
2253	76	0
1849	4	0
800	199	0
1880	237	0
1114	288	0
194	6	1
176	30	0
524	131	0
1912	186	0
1393	268	0
1742	57	0
941	253	0
2304	149	0
811	49	0
716	4	0
570	34	1
1574	55	0
74	82	0
2133	282	0
1955	166	0
1772	176	0
2117	255	0
1475	173	0
1105	32	0
1247	195	0
325	26	0
1260	258	0
325	77	1
1118	4	0
1906	167	0
395	28	1
965	124	0
298	140	0
1605	229	0
183	273	1
912	277	0
857	24	0
1460	30	0
1488	187	0
512	236	0
413	280	0
54	224	0
1821	188	0
1215	216	0
2027	208	0
2305	205	0
512	69	0
1017	112	0
67	273	0
2186	47	0
1981	134	0
210	124	0
2044	38	0
2057	61	0
1447	115	0
785	197	0
2049	139	0
572	3	0
371	16	0
280	140	0
613	239	0
2281	272	0
1614	195	0
786	73	0
332	265	0
875	244	1
454	281	0
535	226	0
759	42	0
332	169	0
1099	234	0
560	234	0
1865	164	0
694	162	0
320	247	1
918	47	0
1945	240	0
2107	147	0
2062	164	0
1414	298	0
1305	287	0
1612	149	0
116	150	0
1661	68	0
2113	207	0
1353	161	0
438	207	0
1066	216	0
1455	134	0
1772	204	0
228	4	0
2016	88	0
1912	296	0
1331	258	0
333	75	0
1739	168	0
511	126	0
95	165	1
1142	222	0
756	240	0
1920	256	0
1863	58	0
1294	289	0
1398	136	0
697	15	0
898	19	0
1118	127	0
1676	92	0
2188	185	0
1292	109	1
115	129	0
1801	216	0
1603	179	0
480	34	1
197	43	0
2050	52	0
54	12	0
1623	53	0
448	44	0
1351	40	0
323	254	0
1411	215	0
304	8	0
879	147	0
2000	58	0
509	118	0
1146	6	0
251	6	1
210	145	1
1129	27	0
1894	15	0
103	91	1
1212	1	0
252	17	0
1555	106	0
403	268	0
58	138	1
2021	41	0
422	240	0
48	266	1
36	40	0
148	266	0
277	110	0
1215	282	1
918	166	0
225	40	0
1748	155	0
1036	77	1
31	5	1
1136	55	0
1951	183	0
1086	35	0
144	81	0
2134	246	0
1610	57	0
177	5	0
1268	173	0
443	296	0
523	22	0
1757	101	0
214	297	0
1169	8	1
2278	61	0
292	236	0
2087	14	0
1036	34	0
1976	106	0
415	125	0
1602	248	0
2258	149	0
734	279	0
1406	236	0
2049	83	0
1119	67	0
1147	145	0
66	134	0
1170	66	0
1434	143	0
555	34	1
2328	143	0
1492	101	0
812	8	0
898	53	1
2290	97	0
1671	146	0
1593	247	0
874	13	0
734	87	0
290	214	0
619	97	0
563	129	0
1325	119	0
720	245	0
217	160	0
416	143	0
1618	255	0
2210	122	0
273	121	0
909	119	0
1954	132	1
1601	54	0
355	187	0
895	200	0
61	50	1
487	35	0
2048	222	0
1797	180	0
2028	79	0
317	168	0
860	160	0
841	0	0
2075	245	0
621	34	1
917	120	0
1214	78	0
197	157	0
386	34	1
2297	31	0
1357	45	0
109	289	0
1713	16	0
1858	52	0
577	98	0
22	48	0
291	202	0
2188	100	0
877	138	1
1900	293	0
784	48	1
1728	9	0
2124	280	0
646	204	0
606	156	0
816	8	0
802	85	0
1824	291	0
1870	112	0
1569	181	0
2018	289	0
1159	79	0
1949	115	0
1981	91	0
1091	295	0
1816	218	0
1469	161	0
83	29	0
611	34	1
1218	62	0
375	172	0
1503	173	0
1797	246	0
373	139	0
1119	162	0
842	296	0
736	112	0
1891	116	0
974	274	0
2206	100	0
1262	160	0
929	185	0
1763	199	0
1940	250	0
829	77	0
698	85	0
2247	215	0
2318	292	1
43	161	0
276	41	0
47	5	1
613	72	1
409	52	0
1000	299	0
2196	154	0
1308	115	1
889	225	0
740	278	0
685	48	1
260	32	0
339	15	0
376	265	0
593	25	0
286	233	0
834	50	1
671	19	0
690	174	0
517	281	0
385	250	0
2106	148	0
1916	24	0
1623	134	0
2263	271	0
1239	202	0
903	163	0
313	6	1
965	206	0
79	138	1
45	279	0
2288	140	0
1189	9	0
704	222	0
336	81	0
543	234	0
2083	165	1
1204	98	0
1729	292	0
27	123	0
1085	107	0
1105	119	0
55	39	0
806	153	0
1516	262	0
631	42	0
1389	20	0
1115	253	0
1714	109	0
601	184	0
1734	231	0
2196	248	1
941	147	0
1016	210	0
1984	151	0
1006	182	0
666	61	0
599	194	0
104	150	0
2124	199	0
1479	116	1
72	67	0
1579	227	0
594	94	0
344	117	0
1447	125	0
967	223	0
913	177	0
816	61	1
1922	181	0
474	37	0
974	66	1
856	182	0
1400	60	0
1444	189	0
924	160	0
979	66	1
1346	105	0
765	224	0
815	23	0
2221	15	0
2256	199	0
1479	134	1
1804	48	0
1522	53	0
457	87	0
964	256	0
1410	42	0
667	65	0
1308	269	0
1738	168	0
1058	210	0
63	17	0
1954	6	0
3	126	0
2045	194	0
398	19	0
694	97	0
1946	4	0
146	113	0
523	177	0
557	33	0
88	180	0
219	289	0
791	152	0
1841	91	0
167	6	1
1813	143	0
1178	207	0
1457	1	0
335	6	1
1114	202	0
1092	184	0
2285	238	0
1349	104	0
1951	268	0
1905	128	0
54	21	0
1233	103	0
1996	2	0
713	34	1
1401	242	0
871	2	0
1731	174	1
32	76	1
1828	237	0
1090	274	0
138	194	1
149	263	0
2104	210	0
32	223	1
926	45	0
593	283	0
2149	58	0
1405	52	0
1847	40	0
468	226	1
1724	72	0
1340	97	0
67	145	0
522	18	0
2288	178	0
1381	15	0
1909	50	0
1351	1	0
1615	148	1
482	264	0
1745	169	0
15	124	0
45	28	0
1270	160	0
1678	233	0
1160	158	0
2171	244	1
2025	3	0
734	157	0
1234	213	0
47	213	1
318	257	0
1648	293	0
1662	86	0
1111	255	0
1726	183	0
1726	155	0
1011	75	1
870	59	0
1917	189	0
700	57	0
1582	173	0
239	267	0
1587	278	0
1104	99	0
1700	199	0
1378	181	0
819	174	1
330	229	0
2112	67	0
1155	124	0
2011	18	0
2099	16	0
1392	161	0
1922	55	0
1625	157	0
1134	265	0
999	203	0
176	299	0
627	139	1
1911	171	0
401	227	0
308	171	0
1363	121	0
2211	11	0
1060	77	1
2270	278	0
821	2	0
1170	285	0
275	79	0
1080	252	0
1090	283	0
1026	258	0
399	28	1
1253	97	1
675	221	0
611	227	1
730	71	0
2230	115	0
2002	85	0
1245	228	0
1857	215	0
2008	246	0
2140	113	0
1976	259	0
400	228	0
77	172	0
428	165	0
817	262	0
2029	160	0
1383	221	0
1992	136	0
51	0	0
1763	168	0
528	231	0
2290	266	0
348	29	0
1336	261	0
2036	84	0
641	295	0
0	123	0
203	95	0
1754	113	0
1769	221	0
211	172	0
1339	168	0
1508	153	0
1971	33	0
2229	61	0
832	31	0
1851	136	0
61	202	0
1060	86	0
373	82	0
1995	142	1
30	48	1
366	110	0
583	34	1
654	158	0
1743	127	0
346	233	0
285	240	0
2261	114	0
863	185	0
398	170	0
2319	77	0
1259	43	0
1609	160	0
1073	132	1
1791	221	0
1884	155	0
1254	231	0
1841	3	0
297	297	0
962	168	0
292	6	1
813	255	0
1482	81	0
2217	284	0
1982	96	0
1313	90	0
1686	12	0
62	250	0
1007	208	1
1841	4	0
1175	232	0
340	13	0
1080	75	0
469	108	0
546	52	0
964	286	0
1889	150	0
71	248	0
529	225	0
95	64	0
595	127	0
1339	165	0
458	198	0
673	13	0
1339	45	0
60	68	0
331	93	0
183	39	0
1854	68	0
1057	123	0
633	290	0
1633	38	0
1070	261	0
2229	83	0
444	200	0
1780	59	0
1203	160	0
2246	191	0
2257	180	0
572	71	0
917	123	0
9	282	0
1737	68	0
1336	97	0
919	186	0
880	248	0
1137	147	0
1545	230	0
2069	22	0
2012	59	0
1149	284	0
133	282	0
905	290	0
463	285	0
1631	299	0
85	30	0
123	197	0
2160	254	0
1361	270	0
1048	132	0
2293	182	0
1306	260	0
585	112	0
975	232	0
1301	52	0
374	290	0
1586	176	0
1097	195	0
953	219	0
1192	78	0
773	48	1
854	118	0
2150	50	0
370	105	0
470	218	0
2229	91	0
57	237	0
2012	195	0
1485	285	0
1852	283	0
197	50	0
1299	179	0
1135	245	0
1460	183	0
1435	19	0
1929	141	0
91	167	0
2128	28	0
1033	142	1
1623	193	0
2004	153	0
2204	254	1
1391	179	0
1556	148	0
960	242	0
342	186	0
534	230	0
611	31	0
446	39	0
1189	200	0
1404	162	0
1088	278	0
1150	204	0
175	154	0
892	139	0
666	51	0
1101	159	0
2029	38	0
2207	156	0
844	57	0
1148	70	0
1711	138	0
1565	266	0
1962	53	0
2259	146	0
670	223	0
862	196	0
2301	46	0
183	0	0
1877	97	0
316	250	0
536	98	0
1353	216	0
964	196	0
1179	136	0
285	45	0
1044	210	0
1520	227	0
1769	122	0
1331	2	0
2300	83	0
116	215	0
421	4	0
1451	208	0
2246	194	0
819	258	0
1317	80	0
1902	105	0
1239	67	0
661	217	0
1509	166	0
929	169	0
1320	295	0
1924	46	0
1521	33	0
510	201	0
136	48	0
1094	183	0
1185	4	0
866	258	0
229	6	1
1708	268	0
2169	278	0
1990	166	0
1535	122	0
751	43	0
100	32	0
1949	250	0
1682	115	0
1280	26	0
2209	149	0
670	232	0
2140	213	0
843	249	0
647	248	0
348	184	0
1429	87	0
1100	93	0
869	160	0
562	10	0
2202	262	0
135	65	0
101	50	1
107	226	1
2289	91	0
805	188	0
648	34	1
876	292	0
812	60	0
1602	40	0
12	87	0
1886	217	0
897	58	0
337	63	0
1563	43	0
869	100	0
642	61	0
1456	132	1
107	22	0
1540	26	0
1116	268	0
935	260	0
2290	130	0
1144	264	0
130	68	0
2280	9	0
895	150	0
1626	254	0
1062	22	0
1607	198	0
1017	294	0
1187	248	0
2084	174	0
1637	42	0
1675	106	0
1974	191	0
1834	86	0
1071	65	0
867	101	0
162	18	0
1774	85	0
1527	127	0
217	157	0
2210	299	0
1802	51	0
320	145	1
1990	12	0
1337	47	0
987	218	1
1447	266	0
1841	164	0
715	139	1
1053	81	0
1954	46	0
664	13	0
1319	241	0
135	288	1
76	56	0
1066	207	0
954	72	1
388	22	0
2054	270	0
2129	22	0
1341	173	0
1338	282	0
1463	102	0
307	122	0
1341	229	0
387	50	0
1687	298	0
1245	295	0
526	56	0
1273	201	0
1964	49	0
2002	99	0
1041	188	0
38	192	0
259	105	0
547	133	0
1803	185	0
415	32	1
567	161	0
198	6	1
646	9	0
1959	88	0
678	185	0
894	26	0
93	246	0
659	215	0
30	271	0
489	50	0
706	92	0
357	6	1
566	177	0
854	163	0
1549	27	0
1556	195	0
985	119	0
1380	42	0
1181	256	0
1794	131	0
632	145	0
1588	248	0
69	95	0
964	238	0
2007	276	0
293	256	0
870	133	0
1871	62	0
36	37	0
1937	62	0
1217	102	0
299	152	0
1758	152	0
1952	224	0
1649	0	0
1926	162	0
2284	140	0
385	235	0
2050	293	0
519	205	0
603	78	0
2275	123	0
1807	21	0
1678	285	0
1440	207	0
1791	201	0
989	86	0
1499	137	0
1583	79	0
2155	147	0
1844	200	0
967	136	0
1164	98	0
898	90	0
1061	0	0
1066	21	0
140	244	0
114	8	1
1426	88	0
710	98	0
1479	149	0
1834	46	0
1243	231	0
1131	248	0
1698	229	0
228	2	0
941	31	0
510	142	0
109	204	0
876	24	0
539	124	0
566	119	0
205	181	0
1902	102	0
1062	77	1
890	49	0
1910	184	0
2276	91	0
2034	26	0
147	174	0
1328	185	0
215	87	0
405	142	0
2293	175	0
1276	200	0
15	69	0
1086	77	1
1168	169	0
1202	123	0
1473	288	0
689	86	0
2220	23	0
950	61	1
90	134	0
1045	67	0
844	96	0
1410	294	0
1249	96	1
1100	96	0
1773	81	0
1270	163	0
513	175	0
365	123	1
434	24	0
621	72	1
490	30	0
1408	41	0
844	50	1
686	220	0
379	96	0
1387	77	0
1312	155	0
2247	7	0
134	241	0
928	106	0
2138	25	0
2040	59	0
88	185	0
2145	52	0
637	14	0
391	41	0
1381	140	0
222	271	0
973	66	1
15	265	0
1154	174	0
1503	94	0
1714	60	0
2082	264	0
1286	136	0
429	154	0
54	214	0
2156	56	0
1175	56	0
1906	231	0
845	90	0
678	260	0
1011	211	0
779	92	0
2288	261	0
1731	111	0
1226	253	0
1791	114	0
598	183	0
1967	67	0
1500	66	0
208	138	0
1509	176	0
307	82	0
1415	12	0
194	88	0
966	88	0
395	175	0
608	41	0
1669	91	0
1216	229	0
939	107	0
187	85	0
563	255	0
1537	29	0
1151	246	0
1123	236	0
1695	25	0
1557	111	0
1505	44	0
82	96	0
1886	97	0
1929	92	0
479	244	0
1668	263	0
572	30	0
1114	118	0
1830	143	0
1935	49	0
2120	22	0
1485	235	0
1608	251	0
2143	164	0
789	191	0
1767	123	0
588	30	0
1507	24	0
173	290	0
2247	97	0
509	178	0
1320	170	0
1808	179	0
1085	181	0
1148	202	0
989	159	0
1426	123	0
41	258	0
1877	106	0
2241	97	0
135	203	0
625	132	1
949	198	0
1578	178	1
1692	9	0
1644	69	0
1333	52	0
2063	194	0
2161	222	0
1467	29	0
481	71	0
820	282	0
83	249	0
1452	140	0
818	49	1
845	198	0
292	143	0
1537	222	0
881	282	0
1954	45	0
1471	205	0
73	33	0
286	235	0
1878	98	0
364	168	0
1628	106	0
977	118	0
2218	265	1
1957	177	0
2082	75	0
2079	263	0
994	55	0
1185	39	0
1592	239	0
843	162	0
1564	140	0
579	49	0
124	75	0
1273	135	0
299	80	0
1056	172	0
1613	169	0
1683	150	0
2068	24	0
500	100	0
743	42	0
1877	118	0
1433	35	0
1141	206	0
50	157	1
1574	224	0
1568	262	0
341	1	0
479	159	0
523	285	0
1730	57	0
1979	216	0
1149	240	0
1368	201	0
496	18	0
437	109	0
74	120	0
265	37	0
2039	19	0
1957	292	0
1183	241	0
2220	137	0
443	3	0
938	232	0
1238	29	0
66	110	0
1756	290	1
708	205	0
2001	98	0
1776	290	0
2267	112	0
859	153	0
245	30	0
1271	275	0
2250	299	0
207	228	0
88	237	0
1251	109	0
285	122	0
2011	122	0
1383	193	0
900	53	1
2010	227	0
2061	46	0
1428	77	0
1029	25	0
1398	203	0
1646	94	0
2197	262	0
1717	174	1
2271	67	0
1480	273	0
2138	97	0
1773	253	0
2048	257	0
67	3	0
2028	224	0
1593	145	1
2240	52	0
1828	114	0
1313	19	0
980	66	1
1163	225	0
657	278	0
2200	21	0
351	220	0
506	255	0
553	150	0
1440	135	0
235	132	0
901	116	1
42	45	0
366	97	0
787	48	1
50	14	0
951	100	0
1716	140	0
828	180	0
1327	153	0
1664	18	0
252	154	0
174	17	0
69	7	1
1045	20	0
2246	149	0
430	7	0
1258	94	0
473	105	1
1280	92	0
300	16	0
1088	110	0
2058	208	0
471	34	1
584	153	0
2172	68	0
759	278	0
937	193	0
827	89	0
593	95	0
647	44	1
244	107	0
605	159	0
215	148	0
853	164	0
565	210	0
1850	152	0
905	298	0
600	22	0
1068	150	0
1291	149	0
1156	266	0
109	268	0
1035	18	0
1051	218	0
2004	66	0
1723	59	0
1027	104	0
1599	83	0
1470	248	0
886	144	0
60	5	0
1074	186	0
1236	105	0
514	185	0
331	109	0
1431	187	0
707	142	1
1390	234	0
68	181	0
93	69	0
367	33	0
1554	111	0
1960	45	0
601	230	0
516	258	0
667	55	0
758	44	0
337	158	0
2019	140	0
101	21	0
624	118	0
449	40	1
3	170	0
1934	94	0
185	16	0
680	59	0
1249	144	0
166	126	0
2269	56	0
1750	135	0
601	219	0
158	8	1
485	219	0
132	33	0
841	282	0
145	273	0
514	23	0
2315	28	0
908	6	0
1642	247	0
2001	218	0
919	289	0
771	116	0
1217	50	0
1200	93	0
612	6	0
1653	144	0
544	123	0
2205	256	1
400	118	0
201	242	0
1203	40	0
715	171	0
446	198	0
1329	292	0
280	219	0
431	88	0
1212	56	0
883	53	1
2290	153	0
1928	204	0
445	34	1
1259	73	0
743	136	0
101	109	0
1993	146	0
1004	67	0
1958	48	0
1463	49	0
1911	0	0
817	44	0
355	43	0
779	48	1
751	107	0
546	48	1
1978	279	0
430	258	0
2025	61	0
1202	134	0
1762	130	0
289	4	0
367	84	0
784	296	0
204	85	0
2163	21	0
1738	39	0
527	299	0
1700	46	0
2265	2	0
2263	285	0
723	138	0
591	102	0
1056	277	0
1314	276	0
1952	243	0
768	294	0
2248	139	0
34	202	0
1318	208	0
2099	82	0
908	272	0
1365	12	0
548	225	0
835	22	0
1198	106	0
1147	236	0
126	143	0
1640	176	0
501	244	0
1385	113	0
384	276	0
747	145	0
1653	175	0
2130	50	0
2036	110	0
1884	145	0
2097	8	0
2111	276	0
1866	298	0
32	34	1
156	109	0
475	155	0
2120	133	0
1212	136	0
1124	16	0
879	113	0
1303	17	0
745	238	0
74	131	0
2247	196	0
1231	166	0
1281	163	0
1387	274	0
800	241	0
274	237	0
1265	24	0
2015	89	0
1685	139	1
2315	270	0
2172	262	0
1994	195	0
1358	30	0
0	53	0
2121	130	0
1999	238	0
2264	43	0
33	260	0
2082	178	0
825	61	1
1925	265	0
75	268	0
434	79	0
1306	261	0
826	108	0
2244	75	0
556	236	0
1583	136	0
1063	77	1
1335	271	0
54	290	0
1543	139	1
175	158	0
1823	8	0
636	55	0
593	35	0
617	140	0
1816	5	0
0	181	0
1216	191	0
2137	237	0
2159	51	0
329	74	0
1883	129	0
597	16	0
255	199	0
694	47	0
2239	178	0
1661	67	0
1244	90	0
212	264	0
69	28	1
949	61	1
721	89	0
885	168	0
882	51	1
1629	165	0
1720	97	0
827	219	0
790	84	0
582	219	0
682	119	0
129	34	1
692	122	0
412	66	0
447	245	0
956	81	0
1054	249	0
1219	116	1
211	54	0
994	62	0
77	4	0
474	143	0
208	82	0
1961	85	0
1712	253	0
2198	142	0
245	254	0
62	232	0
2078	115	0
1089	148	0
1326	29	0
2014	271	0
2251	104	0
729	45	1
542	100	0
981	84	0
873	105	0
2109	103	0
1881	171	0
1803	287	0
1842	128	0
1363	291	0
2157	137	0
1502	188	0
9	59	0
853	86	0
152	167	0
602	39	0
609	210	0
660	38	0
621	65	0
596	138	0
707	211	1
1437	180	0
599	297	0
2200	253	1
52	63	0
112	189	0
279	101	0
1012	244	1
837	178	0
1081	34	0
1219	165	0
1925	231	0
270	242	0
596	196	0
1660	286	0
485	210	0
976	113	0
1661	170	0
147	197	0
73	218	0
673	94	0
2273	104	0
1080	259	0
242	245	0
418	266	0
1122	205	0
2163	26	0
1876	88	0
1286	266	0
606	102	0
433	276	0
1028	247	0
1722	212	0
662	156	0
2181	22	0
2169	20	0
297	274	0
1284	81	0
1778	199	0
1128	77	1
890	46	0
657	155	0
1103	250	0
953	153	0
2122	25	0
1041	99	0
1133	235	0
2133	50	0
1194	204	0
423	47	0
129	50	0
56	172	0
1333	68	0
2143	246	0
500	42	0
1692	104	0
447	233	0
1829	3	0
1213	133	0
1661	159	1
147	86	0
954	65	0
1887	276	0
1985	113	0
1279	109	1
2328	166	0
1271	202	0
1377	76	0
1126	64	0
852	234	0
1392	200	0
708	214	0
1172	46	0
1704	41	0
375	272	0
840	259	0
524	232	0
2317	283	0
1311	36	0
718	212	0
336	133	0
2003	81	0
2111	165	1
1677	25	0
1164	169	0
17	64	0
701	10	0
2254	75	0
1018	203	0
1779	42	0
1570	255	0
808	221	0
12	2	0
496	34	1
1700	80	0
574	9	0
1898	192	0
1432	44	0
1968	55	0
1491	239	0
18	142	0
1231	152	0
1244	10	0
1401	209	0
1347	178	0
865	108	0
2233	263	0
2212	175	0
318	100	0
1396	209	0
1164	272	0
47	226	1
1735	22	0
1152	50	0
1522	1	0
2255	274	1
1005	299	0
1981	147	0
681	134	0
43	76	0
870	106	0
128	243	1
1764	267	0
252	94	0
547	240	0
809	142	1
2282	244	0
1307	17	0
940	200	0
1339	54	0
777	237	0
1540	118	0
844	277	0
1605	21	0
1363	159	0
1085	60	0
1237	227	0
1140	205	0
352	11	0
1514	153	0
157	216	0
2090	103	0
1812	12	0
1979	87	0
1218	114	0
230	154	0
1369	213	0
1865	103	0
632	78	0
1635	175	0
1412	82	0
1825	227	0
1018	59	0
1144	148	0
1481	264	0
809	232	0
1547	101	0
232	6	1
231	118	0
2284	137	0
414	53	0
555	132	0
1481	134	1
1977	22	0
974	27	0
1514	241	0
1204	44	0
1299	66	0
1886	174	0
2297	75	0
2045	129	0
540	137	0
2315	205	0
579	149	0
2259	214	0
1040	192	0
1911	233	0
1249	150	0
48	55	0
2031	134	0
1196	91	1
1876	241	0
2140	158	0
1597	207	0
1604	235	0
1254	283	0
1979	84	0
662	126	0
1706	285	0
1292	59	0
2247	85	0
305	298	0
1958	60	0
887	194	1
1883	279	0
452	67	0
656	118	0
1184	215	0
1622	256	0
1038	122	0
1427	110	0
1980	73	0
918	39	0
2299	169	0
397	113	0
591	56	0
1181	129	0
1716	210	0
1814	285	0
528	218	0
2019	205	0
1371	85	0
1906	9	0
1530	38	0
2176	164	0
759	255	0
236	15	0
2215	202	0
989	160	0
494	33	0
887	265	0
916	70	0
732	246	1
578	114	0
634	175	1
925	111	0
351	11	0
1171	143	0
231	60	0
1028	139	0
2273	169	0
826	87	0
883	144	0
1288	16	0
646	219	0
339	2	0
84	66	0
483	279	0
1598	148	0
750	133	0
1922	251	0
2162	129	0
580	218	0
105	10	0
2079	52	0
476	53	0
2096	50	0
1184	256	0
2160	75	0
1069	77	1
1598	240	0
471	268	0
837	9	0
2221	130	0
1975	269	0
1816	195	0
437	42	1
1771	86	1
544	68	0
441	94	0
1731	100	0
194	76	0
494	93	0
238	257	0
1435	155	0
1830	4	0
2117	179	0
822	109	0
782	150	0
938	261	0
999	175	0
2317	101	0
603	210	0
638	34	1
296	8	0
1442	23	0
607	32	0
180	288	1
1025	98	0
694	63	0
725	26	0
1717	213	0
2004	263	0
221	80	0
499	138	0
299	129	0
987	155	0
2046	32	0
323	6	1
1317	274	0
674	64	0
1030	190	0
2218	156	0
2312	249	0
2300	178	0
1631	291	0
324	158	0
277	44	0
1468	132	0
1009	184	0
582	62	0
498	175	0
1988	53	0
2104	291	0
428	255	0
1953	179	0
886	121	0
1793	242	0
1762	157	0
1729	291	0
1460	4	0
1853	286	0
1624	108	0
1618	136	0
456	1	0
1486	139	1
1425	113	0
524	167	0
2227	19	0
983	59	0
1950	123	0
1613	280	0
1120	52	0
1007	277	0
521	224	0
231	89	0
1821	54	0
452	235	0
712	210	0
501	218	0
711	198	0
1595	3	0
1110	142	0
988	63	0
1302	289	0
1797	30	0
1319	237	0
410	56	0
903	60	0
400	28	1
1054	0	0
808	280	0
504	34	1
0	196	0
1242	53	0
103	148	0
95	125	0
694	217	0
2267	89	0
44	33	0
824	19	0
133	37	0
2162	201	0
2213	168	0
504	125	0
833	43	0
242	6	1
40	248	0
832	224	0
412	104	0
938	37	0
737	221	0
45	34	1
202	51	0
187	247	0
163	271	0
576	138	0
1833	110	0
1673	34	0
1960	204	0
1006	76	1
336	126	0
2175	180	0
953	26	1
804	126	0
2212	237	0
1708	13	0
1378	225	0
1140	197	0
822	261	0
692	84	0
1642	242	0
945	182	0
1339	273	0
1659	22	0
1719	240	0
1270	127	0
2202	87	0
603	190	0
559	164	0
937	281	0
1550	44	0
2269	16	0
440	40	1
1789	86	1
1018	55	0
161	123	0
1003	203	0
695	138	0
1862	116	0
2040	222	0
1337	292	0
260	91	0
1145	187	0
62	105	0
1304	139	1
720	41	0
1964	220	0
2299	180	0
1344	34	0
589	27	0
1125	4	0
1924	40	0
1685	126	0
757	170	0
838	52	0
852	223	0
834	13	0
2207	232	0
1526	2	0
1890	48	0
1921	231	0
528	224	0
1848	209	0
188	293	0
1657	9	0
1937	112	0
1701	170	0
1633	1	0
430	131	0
1175	100	0
1013	10	0
831	244	0
249	30	0
2231	208	0
960	5	0
88	226	1
2093	196	0
1119	36	0
1013	75	1
938	131	0
2302	257	0
47	77	1
436	50	1
1786	275	0
381	153	0
1943	63	0
1872	45	0
1796	62	0
813	274	0
1275	173	0
1389	102	0
495	95	0
398	195	0
65	142	0
929	55	1
786	183	0
414	12	0
1572	28	0
1839	246	0
931	152	0
14	18	0
1770	77	0
2209	78	0
1287	67	0
2209	14	0
1938	156	0
959	187	0
1836	93	0
2069	273	0
2072	49	0
2118	266	0
1315	53	0
1813	235	0
1780	37	0
669	80	0
876	198	0
1519	59	0
1969	213	0
1442	156	0
753	11	0
1361	284	0
1781	213	0
1037	32	0
1909	20	0
361	265	0
1185	232	0
2199	46	0
2024	71	0
709	106	0
1688	36	0
1305	114	1
545	18	0
170	1	0
1450	203	0
829	116	0
1613	148	1
1264	48	0
1547	138	1
1435	298	0
706	214	0
1092	273	0
1941	77	0
845	202	0
752	84	0
477	27	0
414	232	0
419	45	0
865	276	0
834	97	0
1571	213	0
673	119	0
1949	220	1
721	14	0
1176	231	0
881	77	1
421	280	0
1673	68	0
1521	128	0
117	240	0
1862	36	0
914	245	0
527	82	0
2323	276	0
630	174	1
1358	259	0
1416	26	1
1659	267	1
1818	296	0
596	131	0
2112	215	0
1992	201	0
1234	21	0
2051	108	0
1565	265	0
2144	54	0
403	124	1
483	146	0
2320	183	0
105	61	1
453	54	0
1701	42	0
721	298	0
343	283	0
392	254	1
438	34	1
1769	233	0
176	6	1
1008	41	0
671	125	0
1895	169	0
2236	182	0
719	40	0
5	1	0
521	84	0
1068	55	0
983	178	0
421	225	0
257	6	1
1131	140	0
1867	79	0
1811	248	0
882	46	0
2269	171	0
1942	199	0
1830	269	0
112	171	0
32	77	1
1585	66	0
111	47	0
123	54	0
1231	246	0
410	28	0
2165	180	0
462	161	0
2022	270	0
1711	89	0
2125	213	0
906	138	0
255	249	0
2247	6	0
1005	89	0
916	39	0
174	6	1
1700	173	1
907	202	0
1240	276	0
1234	178	0
870	39	0
765	231	0
1619	298	0
498	109	0
1994	128	0
600	124	0
1290	13	0
651	34	1
472	250	0
1371	155	0
438	192	0
68	296	0
322	271	0
1452	155	0
1159	144	0
1232	241	0
508	79	0
963	44	0
2126	192	0
2017	150	0
1204	119	0
2307	268	0
360	277	0
272	150	0
2094	253	0
1575	15	0
1401	96	0
375	260	0
889	255	0
1455	88	0
0	149	0
888	53	1
710	34	1
633	49	0
1613	134	0
1618	206	0
380	1	0
2100	278	0
970	68	0
750	76	0
1104	103	0
1916	162	0
983	225	0
614	235	0
778	214	0
906	274	0
785	150	0
634	80	0
2328	292	0
775	222	0
124	171	0
873	100	0
858	50	1
659	231	0
1739	68	0
1878	288	0
1845	90	0
595	6	0
1947	126	0
717	141	0
960	207	0
895	112	0
1032	207	0
1050	273	0
540	278	0
40	185	0
250	139	0
697	242	0
2070	54	0
57	287	0
527	12	0
331	267	0
151	281	0
177	289	0
885	46	0
1854	259	0
1645	115	0
1772	268	0
2257	48	0
2107	56	0
1856	248	0
2084	135	0
670	46	0
2096	216	0
1939	140	0
817	106	0
508	77	0
202	216	0
203	225	0
2215	222	0
2029	240	0
1942	160	0
201	220	0
1460	229	0
571	4	0
2278	29	0
1139	104	0
335	52	0
2285	173	0
398	242	0
1804	245	0
1614	276	0
1603	186	0
1645	207	0
1221	1	0
434	114	0
1898	196	0
2076	54	0
1101	23	0
1372	13	0
426	236	0
2126	18	0
941	58	1
1681	168	0
610	291	0
2019	4	0
159	15	0
95	224	0
2028	119	0
54	39	0
517	231	0
1590	189	0
1073	92	0
1813	43	0
176	185	0
456	122	0
869	46	0
1813	47	0
294	163	0
950	269	0
1683	247	0
1590	188	0
1760	272	0
726	24	0
832	167	0
1138	66	0
2239	78	0
1685	22	0
430	48	0
2226	270	0
372	21	0
2262	230	0
1473	32	0
1887	5	0
952	254	0
1347	4	0
1869	183	0
270	275	0
1486	180	0
607	76	0
998	77	1
378	219	0
2000	35	0
133	25	0
59	140	0
74	185	0
1173	154	0
9	245	1
2162	194	0
2191	66	0
843	82	0
1153	126	0
2056	91	0
844	10	0
357	197	0
1611	85	0
1167	21	0
2225	32	0
1169	38	0
1199	91	1
329	91	1
998	63	0
497	247	0
800	170	0
1837	145	0
1779	53	0
178	123	1
1331	52	0
1925	170	0
696	111	0
1152	161	0
1555	258	0
529	22	0
1884	298	0
1003	128	0
1497	167	0
1376	156	0
93	287	0
278	197	0
416	120	1
444	209	0
1505	240	0
2314	6	0
294	269	0
936	138	0
199	14	0
987	202	0
1780	181	0
1794	22	0
1735	1	0
1672	168	0
826	295	0
483	194	0
603	34	1
1158	98	0
1371	53	0
852	55	0
1936	264	0
2280	89	0
730	160	0
1397	131	0
984	157	0
164	108	0
665	109	0
165	3	0
675	293	0
1179	9	0
2003	105	0
244	251	0
343	99	1
2234	283	0
1492	3	0
1598	249	0
178	279	0
799	196	0
900	155	0
1469	256	0
109	287	0
247	24	0
1360	267	0
1996	40	0
1516	265	0
1055	299	0
1431	95	0
639	178	0
1167	287	0
1661	8	0
65	60	0
268	24	0
793	159	0
1645	170	0
813	82	0
2194	47	0
66	281	0
1984	215	0
1019	4	0
991	35	0
823	218	1
2025	189	0
185	263	0
1493	0	0
1049	184	0
572	76	1
2307	240	0
78	204	0
8	130	0
1430	88	0
2049	26	0
13	241	0
2108	18	0
2009	198	0
314	76	0
127	145	0
681	112	0
600	225	0
1659	125	0
1899	162	0
492	67	0
1799	90	0
1633	116	1
1393	166	0
974	112	0
279	285	0
245	129	0
290	121	0
1610	239	0
1815	264	0
1445	219	0
1202	293	0
251	201	0
371	83	0
1365	71	0
723	136	0
810	269	0
1164	265	0
66	48	0
1699	39	0
748	139	0
690	152	0
1993	216	0
440	162	0
151	110	0
1236	139	1
1438	266	0
1083	25	0
1700	167	0
2198	222	0
1540	135	0
558	203	0
2076	291	0
958	78	0
482	158	0
1610	5	0
1067	266	0
1680	133	0
1412	154	0
988	66	1
1015	4	0
1021	256	0
480	50	1
981	170	0
1577	20	0
1506	46	0
1071	190	0
2211	16	0
140	85	0
504	71	0
2314	88	0
866	76	1
1454	200	0
509	141	0
633	55	0
1670	225	0
579	80	0
296	243	0
74	176	0
296	139	0
1115	91	0
2112	13	0
36	286	0
1150	156	0
2037	60	0
346	174	0
283	92	0
207	276	0
237	15	0
1031	76	0
187	274	0
979	121	0
1057	58	0
2232	270	1
1031	170	0
1690	30	0
427	83	0
968	127	0
1697	124	0
149	69	0
1818	242	0
1277	110	0
1084	242	0
1492	142	0
781	297	0
2083	47	0
2295	3	0
1237	125	0
596	17	0
614	245	0
1992	246	0
1928	269	0
1797	84	0
1412	26	1
21	34	1
1686	167	0
323	126	0
1763	238	0
817	50	1
155	234	0
323	9	0
470	75	0
1601	237	0
490	34	1
1017	88	0
224	130	0
383	9	0
449	186	0
1218	78	0
2012	118	0
880	41	0
631	71	0
419	35	0
1348	272	0
173	28	0
1362	286	0
400	183	0
1059	109	0
1534	279	0
446	62	0
1992	279	0
2168	274	0
202	276	0
2061	4	0
1823	197	0
117	108	0
1860	88	0
1535	246	0
201	282	0
1413	126	0
2306	133	0
1250	241	0
769	188	0
1500	191	0
1225	271	0
1419	76	0
916	112	0
45	257	0
1915	152	0
1048	144	0
1010	261	0
1011	223	0
2032	270	0
1258	36	0
793	94	0
1721	182	0
1182	220	1
1301	193	0
410	73	0
1842	277	0
877	182	0
1546	60	0
33	211	0
344	50	0
1990	170	0
965	268	0
488	7	0
1341	236	0
1478	121	0
1977	76	0
459	176	0
1409	281	0
2048	160	0
472	260	0
2077	177	0
951	104	0
2134	18	0
472	6	0
2057	229	0
1640	209	0
1008	191	0
2071	262	0
742	161	0
77	46	0
2095	198	0
30	280	0
2243	85	0
1013	263	0
423	138	1
232	61	0
1053	61	0
2144	244	1
2084	256	0
2113	238	0
1941	38	0
862	244	0
1457	278	0
1089	146	0
235	281	0
686	34	1
975	173	0
1880	115	0
153	218	0
1260	50	0
1476	263	0
1113	252	0
679	38	0
1143	161	0
1807	64	0
1446	156	0
1604	145	1
898	145	0
1090	131	0
2322	190	0
883	151	0
1029	6	0
10	294	0
2154	277	0
106	50	1
1009	133	0
1162	186	0
2067	190	0
1935	130	0
1683	28	0
2230	116	0
413	154	0
1513	158	0
865	173	0
1959	163	0
793	22	0
594	29	0
337	266	0
659	15	0
1880	228	0
1499	170	0
2269	54	0
1607	291	0
1618	235	0
2296	288	1
1777	290	0
1578	158	0
1979	71	0
593	175	0
1676	44	0
1842	273	0
612	34	1
480	128	0
1903	283	0
222	216	0
701	91	0
2330	245	0
607	234	0
1582	269	0
971	187	0
501	96	0
610	284	0
1566	103	0
1041	61	0
1922	40	0
1215	116	1
1322	138	0
794	49	1
1237	256	0
1697	214	0
126	189	0
429	262	0
1959	253	0
1834	298	0
2075	215	0
335	10	0
832	12	0
1859	230	0
1934	206	0
2202	200	0
1528	105	0
1678	107	0
1290	156	0
778	239	0
60	281	0
1203	285	0
1983	51	0
1899	143	0
151	62	0
1638	133	0
1842	79	0
1879	77	0
1913	140	0
1581	175	0
1660	110	0
1911	285	0
343	9	0
2123	69	0
1891	123	0
142	212	0
816	213	0
1581	265	0
146	140	0
278	286	0
207	9	0
398	136	0
1782	236	0
90	81	0
852	124	0
1149	257	0
999	256	0
1983	246	0
1020	30	0
2211	276	0
1133	80	0
664	180	0
1538	156	0
672	87	0
801	50	1
642	247	0
432	277	0
1395	239	0
562	77	1
1128	181	0
1610	92	0
667	28	0
2271	274	0
2253	106	0
695	170	0
2041	45	0
2053	276	0
1588	202	0
2290	74	0
1937	259	0
1423	63	0
683	48	1
1405	136	0
923	183	0
814	169	0
361	12	0
1840	237	0
1839	176	0
371	235	0
1265	292	0
546	259	0
296	88	0
701	78	0
1790	252	0
205	190	0
454	91	0
88	34	1
854	76	1
1736	153	0
297	223	0
650	243	0
1555	69	0
386	265	0
516	37	0
1006	201	0
2184	204	0
1312	193	0
153	162	0
1195	238	0
1932	65	0
244	214	0
1474	61	0
1310	220	0
1161	299	0
730	142	0
712	39	0
1720	202	0
1342	77	0
2320	104	0
1768	266	0
1122	19	0
476	298	0
2210	178	0
43	52	0
797	159	0
1302	114	0
95	106	0
497	289	0
57	13	1
677	86	0
1987	170	0
1482	94	0
932	185	0
66	20	0
899	185	0
50	99	0
524	12	0
700	264	0
670	36	0
1949	213	0
1001	72	1
204	49	0
493	165	0
281	198	0
1110	157	0
590	227	0
390	34	0
561	146	0
131	10	0
685	121	0
2258	210	0
708	203	0
1115	14	0
1022	65	0
2186	182	0
1543	253	0
1207	4	0
856	132	0
1839	100	0
1544	20	0
1803	15	0
1824	238	0
846	61	1
559	298	0
1179	178	0
92	209	0
2149	244	1
523	247	0
437	292	0
819	278	0
1400	91	0
113	276	0
1511	243	0
819	197	0
1209	194	0
1884	222	0
9	34	1
1766	165	0
2330	298	1
255	62	0
1917	240	0
426	34	0
329	165	1
1589	259	0
292	46	0
1758	80	0
981	175	0
1885	243	0
1307	35	0
2137	123	0
418	32	1
1097	129	0
888	258	0
420	295	0
940	136	0
571	64	0
1315	198	0
2044	144	0
2023	118	0
1641	151	1
1527	16	0
1997	80	0
2256	62	0
1390	114	0
34	115	0
541	169	0
1889	203	0
1539	97	0
2224	288	0
1596	208	0
1605	148	0
1499	42	0
2103	130	0
1528	42	0
1629	214	0
166	39	1
102	244	1
1134	241	0
937	217	0
918	97	0
2165	277	0
1743	282	0
1462	215	0
627	80	0
854	230	0
1432	251	0
887	134	1
845	127	0
2033	3	0
1127	161	0
2253	179	0
1821	274	0
57	224	0
1682	242	0
1440	10	0
1436	215	0
1188	105	0
337	37	0
2262	118	0
85	116	0
1667	79	0
358	180	0
236	199	0
347	85	0
460	291	0
242	17	0
1821	163	0
1315	100	0
1246	295	0
1617	161	0
507	72	0
751	192	0
490	268	0
351	98	0
1912	219	0
366	149	0
2071	207	0
1215	280	0
1233	3	0
1935	106	0
2329	154	0
1207	47	0
543	218	0
1256	165	1
1239	195	0
2042	263	0
27	189	0
1610	119	0
1841	134	0
806	261	0
1163	172	0
1564	202	0
872	151	0
1980	194	0
553	138	0
2000	225	1
467	232	0
205	17	0
2068	214	0
864	66	0
1787	180	0
1944	121	0
767	17	0
777	240	0
1029	127	0
331	175	0
1223	202	0
392	138	1
894	144	0
492	16	0
754	48	1
947	251	0
564	295	0
1482	243	0
1715	133	0
1438	133	0
487	111	0
1220	180	0
2227	175	0
1162	106	0
2266	43	0
276	192	0
1219	41	0
203	287	0
625	60	0
1569	245	0
104	99	1
1183	267	0
474	7	0
2011	14	0
2222	86	0
1219	177	0
983	132	0
1018	238	0
1337	37	0
1470	48	0
532	108	0
669	180	0
2176	247	0
1233	156	0
913	108	0
1703	124	0
1360	134	0
2080	64	0
2213	136	0
1697	217	0
1402	178	0
405	237	0
1455	50	0
2081	293	0
1806	52	0
1523	256	0
1167	24	0
693	237	0
1779	261	0
1952	96	0
2182	166	0
355	37	0
902	296	0
1072	150	0
1554	22	0
414	180	0
940	71	0
257	78	0
1958	112	0
1422	161	0
1142	42	0
85	194	0
1616	156	0
1400	283	0
611	275	0
1243	85	0
1713	228	0
1102	116	0
273	6	1
248	112	0
1474	232	0
204	193	0
1965	63	0
1201	214	0
1841	211	1
81	50	1
371	251	0
1135	39	0
1045	252	0
1715	256	0
2154	11	0
520	13	0
1521	165	0
1081	232	0
2260	172	0
2047	91	0
1316	147	0
2285	65	0
1862	85	0
1108	278	0
669	98	0
417	120	1
1870	59	0
1093	16	0
1238	219	0
1095	84	0
642	21	0
2073	135	0
1738	24	0
337	288	1
2152	80	0
1700	249	0
2044	157	0
1051	52	0
817	40	0
889	107	0
777	222	0
1120	260	0
1372	26	1
1615	261	0
1773	32	0
1666	210	1
1803	19	0
836	266	0
1224	56	0
2233	139	0
291	293	0
1965	232	0
1591	169	0
1369	18	0
139	47	0
1117	292	0
286	6	1
1206	123	0
833	201	0
534	206	0
614	34	1
1719	159	0
1749	84	0
380	196	0
1890	167	0
320	6	1
809	54	0
641	18	0
1290	110	1
456	148	0
849	47	0
1583	68	0
2064	29	0
1439	164	0
1856	164	0
2270	249	0
669	237	0
764	153	0
1013	76	0
1284	132	0
884	65	0
1933	26	0
2297	191	0
1509	212	0
1016	69	0
1374	294	0
1381	155	0
2185	39	0
1656	186	0
1041	260	0
2292	288	1
713	278	0
1006	248	0
1341	78	0
412	134	0
2186	172	0
1880	207	0
904	157	0
1660	190	0
589	5	0
1975	8	0
2022	10	0
480	256	0
646	216	0
728	44	1
1981	210	0
1520	283	0
73	24	0
594	34	1
950	172	0
670	29	0
1369	23	0
1795	7	0
1582	112	0
1491	135	1
2029	30	0
45	188	0
1179	7	0
1480	116	1
1445	128	0
44	228	0
1102	263	0
647	276	0
237	184	0
241	192	0
1319	133	0
1010	63	0
692	246	0
1555	267	0
689	18	0
2247	280	0
981	113	0
714	142	0
1651	59	0
1882	42	0
1948	31	0
1268	179	0
1569	34	1
2238	27	0
600	182	0
1474	42	0
1113	36	0
1556	240	0
197	53	0
1782	234	0
761	254	0
448	48	0
902	196	0
386	230	0
1063	251	0
1543	142	0
1826	193	0
596	274	0
451	273	0
1473	295	0
1441	23	0
1050	79	0
766	25	0
864	92	0
5	210	0
533	220	0
1932	250	0
1637	268	0
1951	277	0
1568	75	0
1854	210	0
1489	159	0
1632	293	0
1505	145	0
1058	47	0
1603	204	0
1834	214	0
2114	194	0
1412	290	0
1476	271	0
2069	268	0
374	229	0
971	280	0
2074	221	0
38	184	0
1072	237	0
1847	240	0
591	212	0
1523	174	1
1199	237	0
458	292	0
1395	182	0
2087	47	0
122	220	0
1820	292	0
965	115	0
302	201	0
1662	159	1
827	47	0
1899	45	0
223	202	0
346	10	0
1154	206	0
2303	212	0
2053	73	0
1061	186	0
922	107	0
985	197	0
2218	2	0
378	36	0
510	50	1
1630	52	0
2157	167	0
1233	45	0
1568	169	0
70	291	0
124	266	0
482	30	0
1381	29	0
1745	201	0
447	271	0
1616	211	0
453	264	0
2213	153	0
1869	58	0
2026	162	0
1394	105	0
2250	37	0
1246	86	0
1528	110	0
1384	282	0
249	150	0
353	250	0
569	105	0
593	108	0
1559	58	0
222	224	0
168	49	0
687	107	0
1490	102	0
1128	30	0
2128	222	0
1440	130	1
1846	79	0
1109	38	0
1533	254	0
1267	278	0
491	107	0
2049	169	0
832	244	1
633	273	0
1799	193	1
786	226	0
2036	227	1
474	16	0
1259	34	0
828	133	0
526	250	0
1664	160	1
126	60	0
1573	131	0
2089	169	0
1632	12	0
103	226	1
2166	144	0
1185	91	1
1794	129	0
2230	270	1
1266	35	0
640	234	0
599	16	0
727	235	0
1504	220	0
1284	291	0
324	176	0
303	97	0
279	149	0
2262	74	0
2100	229	0
856	11	0
849	72	0
1806	271	0
1081	105	0
1479	280	0
2204	182	0
1317	60	0
882	215	0
480	90	0
1348	94	1
2329	179	0
1688	118	0
1876	203	0
599	231	0
1472	146	0
822	11	0
487	275	0
291	93	0
2232	28	0
1675	240	0
1728	108	1
1458	172	0
154	19	1
998	105	1
1642	34	0
1808	272	0
807	231	0
1661	149	0
1701	238	0
1767	120	0
2055	71	0
2194	221	0
1371	144	0
98	47	0
1025	70	0
198	285	0
652	72	0
48	99	0
1209	80	0
1121	1	0
867	54	0
432	238	0
1106	46	0
872	188	0
782	88	0
1568	147	0
2071	48	0
744	150	0
263	11	0
368	193	0
1515	229	0
1841	187	0
1763	129	0
1511	133	0
1806	253	0
61	244	1
521	99	0
80	295	0
963	65	0
1672	143	0
1101	135	0
725	155	0
1949	268	0
947	237	0
1386	212	0
314	220	0
925	158	0
1466	57	0
1028	105	1
1056	144	0
1181	195	0
2082	287	0
851	101	0
1478	134	1
70	51	0
2229	159	0
1810	174	0
1299	15	0
710	246	0
1034	287	0
1142	147	0
795	76	0
1681	70	0
2325	83	0
1501	173	0
1180	226	0
1070	285	0
1556	296	0
1016	59	0
392	3	0
2071	165	1
1057	132	1
1428	31	0
910	72	0
259	296	0
1017	277	0
1290	198	0
2315	291	1
1020	296	0
776	89	0
1455	280	0
1245	18	0
830	41	0
1176	208	0
1824	26	0
890	170	0
718	299	0
1841	20	0
2234	263	0
948	101	0
176	241	0
1774	202	0
1887	202	0
2022	115	0
548	112	0
2301	66	0
2088	62	0
1639	150	1
1574	3	0
1116	2	0
1731	291	0
1172	72	0
1348	151	0
568	23	0
561	99	0
326	145	0
1342	151	0
1019	91	0
634	174	1
624	211	0
2055	110	0
1848	245	0
1345	238	0
904	283	0
1710	291	0
2286	287	1
1680	91	0
1849	183	0
378	29	0
1206	293	0
2123	93	0
295	24	0
1437	222	0
485	130	0
878	97	0
1938	45	0
1213	43	0
280	52	0
2166	207	0
1213	220	1
873	231	0
1012	208	0
1538	14	0
2099	61	0
231	241	0
2056	276	0
1021	155	0
1446	2	0
1350	241	0
274	158	0
31	155	0
226	247	0
2247	273	1
133	33	0
944	134	0
1831	199	0
1852	225	0
214	96	0
433	54	0
10	12	0
1938	166	0
317	69	0
2239	275	0
627	7	0
366	193	0
1537	280	0
2261	294	0
1376	37	0
105	155	1
1900	239	0
1913	277	0
1103	211	0
1273	123	0
1791	141	0
405	73	0
1926	151	0
708	117	0
1324	160	0
840	165	0
1362	19	0
483	4	0
1354	164	0
831	34	0
2114	100	0
314	284	0
1592	295	0
1955	25	0
395	62	0
245	100	0
452	89	0
679	24	0
1844	82	0
1038	233	0
1704	271	0
1191	8	0
1800	218	0
2117	73	0
160	117	0
1269	254	0
674	279	0
1789	174	0
560	62	0
2305	118	0
553	290	0
1552	66	0
1264	139	0
1973	144	0
1801	110	0
753	50	0
1793	114	0
1321	68	0
545	124	0
87	104	0
564	193	0
1494	263	0
449	259	0
1520	138	1
1276	253	0
401	85	0
802	61	0
628	35	0
928	9	0
539	8	0
1422	149	0
2261	112	1
1035	40	0
400	197	0
329	177	0
1615	61	0
1005	114	0
646	14	0
477	59	0
2005	276	0
110	7	1
1242	139	0
1937	215	0
1874	211	1
2225	251	0
1931	282	0
1225	56	0
288	206	0
845	59	0
1699	278	0
1330	118	0
295	182	0
2283	134	0
1979	94	0
164	140	0
469	74	0
1610	70	0
2325	93	0
913	200	0
685	234	0
307	6	1
752	207	0
1612	9	0
2268	295	0
767	191	0
987	201	0
1449	290	0
1430	297	0
2183	62	0
1576	145	0
91	212	0
2040	178	0
275	237	0
1574	122	0
2073	251	0
2266	158	0
2202	156	0
1712	120	0
1620	205	0
633	20	0
831	172	0
579	221	0
961	278	0
1380	101	0
2251	255	0
1990	142	1
1991	221	0
1601	64	0
508	112	0
440	86	0
802	271	0
302	196	0
2192	228	0
1552	212	0
1283	179	0
782	2	0
830	74	0
2305	288	1
1610	12	0
7	219	0
874	82	0
520	160	0
2110	287	0
847	120	0
151	28	0
1824	76	0
1979	102	0
1418	4	0
829	17	0
1587	132	0
337	76	0
286	98	0
1047	171	0
1233	54	0
173	294	0
1646	138	0
107	285	0
2085	121	0
179	290	0
222	286	0
1011	40	0
2203	298	0
1704	273	0
899	92	0
1495	75	0
1244	184	0
1308	18	0
893	147	0
820	119	0
1041	49	0
1969	146	0
1014	49	0
923	43	0
2251	176	0
1754	116	0
52	21	0
592	55	0
115	155	0
1349	161	0
1807	241	0
639	218	1
175	212	0
781	282	0
1872	32	0
976	24	0
1227	248	0
2221	258	0
889	166	0
1658	195	0
1591	32	0
1309	29	0
105	105	0
1603	111	0
963	7	0
773	102	0
67	154	0
873	208	0
1518	148	0
1304	2	0
1141	55	1
1877	157	0
555	202	0
2005	193	0
912	71	0
1752	215	0
624	114	0
2233	163	0
2090	81	0
2092	228	0
1344	7	0
778	85	0
954	154	0
2325	178	0
318	273	0
266	97	0
2016	252	0
522	289	0
2030	98	0
1746	193	0
2196	267	0
94	6	0
898	125	0
1514	109	0
904	174	0
126	184	0
38	122	0
908	137	0
1533	123	0
2292	92	0
1473	243	0
1346	204	0
1934	146	0
1032	148	0
2321	91	0
1524	288	0
1931	35	0
1768	82	0
151	202	0
2157	289	0
1823	203	1
2126	170	0
1957	217	0
1276	58	0
1338	155	0
1372	166	0
1409	48	0
1852	205	0
340	260	0
1475	84	0
552	292	0
1074	116	0
1135	102	0
1409	109	0
1689	44	0
380	139	0
1410	29	0
207	71	0
1744	260	0
2154	76	0
2	36	0
1166	76	0
440	266	0
644	55	0
1245	298	0
96	155	0
690	227	0
1910	89	0
38	5	1
1380	210	0
751	207	0
1435	282	0
101	280	0
305	61	0
2227	267	1
398	0	0
1340	32	0
547	90	0
1259	132	0
1991	142	1
543	88	0
545	198	0
2062	84	0
1760	230	0
553	5	0
1096	172	0
815	282	0
864	79	0
1503	139	1
1321	231	0
448	34	1
201	136	0
1268	3	0
1415	14	0
298	41	0
1250	134	1
2027	118	0
14	77	1
530	174	1
2193	294	0
667	245	0
467	73	0
1373	286	0
218	58	0
521	52	0
994	196	0
930	133	0
2086	165	1
755	204	0
568	17	0
1699	24	0
371	132	0
2101	165	1
2142	154	0
512	246	0
1079	134	0
1491	269	0
542	256	0
198	193	0
1247	222	0
634	227	1
715	279	0
147	65	0
1441	45	0
990	68	1
1730	173	0
249	129	0
139	257	0
1818	48	0
1190	169	0
2122	252	0
477	201	0
1808	290	0
832	243	0
645	241	0
1941	121	0
142	280	0
822	142	1
682	50	1
1653	103	0
1780	93	0
2290	76	0
1203	192	0
999	141	0
2223	181	0
1577	114	0
2228	237	0
460	280	0
2049	45	0
709	9	0
1983	175	0
47	199	1
1899	114	0
1064	77	1
1122	180	0
2191	246	1
75	277	0
2034	275	0
2156	20	0
1605	28	0
1429	219	0
1662	274	0
934	17	0
1826	299	0
251	270	0
66	286	0
1484	103	0
344	68	0
354	37	0
1058	277	0
516	249	0
630	77	1
183	189	0
1782	200	0
1150	188	0
1131	208	0
1191	181	0
1087	272	0
79	244	1
918	280	0
572	37	0
236	191	0
108	277	0
721	115	0
1075	154	0
1078	27	0
632	27	0
674	194	0
843	97	0
597	217	0
78	138	1
449	48	1
936	58	1
1224	148	0
1438	297	0
962	219	0
1303	117	0
178	8	1
357	178	0
286	53	0
1456	98	0
1185	111	0
1873	81	0
2039	227	1
95	103	0
1863	41	0
2052	156	0
575	35	0
1210	218	0
1797	256	0
2232	289	0
246	281	0
1126	184	0
1800	120	0
1898	26	0
648	201	0
1381	79	0
56	298	0
1019	104	0
1038	82	0
2212	69	0
654	293	0
170	189	0
673	160	0
994	197	0
35	115	0
201	133	0
775	179	0
66	70	0
1385	108	0
598	134	0
2199	57	0
2185	245	1
2299	123	0
1900	285	0
1810	57	0
1642	87	0
1299	69	0
398	5	0
1107	56	0
1373	295	0
371	130	0
165	237	0
968	105	0
2112	85	0
1652	213	0
1133	117	0
16	130	0
1138	49	0
735	114	0
2099	175	0
1548	11	0
453	169	0
1155	157	0
143	160	0
1801	139	0
1101	160	0
72	291	0
1041	133	0
2122	134	0
1052	247	0
635	24	0
170	242	0
1250	155	0
2021	233	0
601	47	0
186	38	0
2287	154	0
2077	30	0
2201	43	0
218	125	0
2100	137	0
1198	201	0
1501	111	0
442	186	0
1900	261	0
1832	43	0
689	84	0
272	48	0
2185	17	0
2072	169	0
2158	190	0
1439	11	0
217	273	0
668	34	1
1078	96	0
1449	26	0
1123	39	0
251	279	0
1131	228	0
655	254	0
1891	72	0
2045	176	0
2133	172	0
139	212	0
2110	140	0
837	24	0
1549	236	0
1426	290	0
318	103	0
1552	271	0
962	299	0
2298	278	0
1245	158	0
310	39	0
183	46	0
1653	32	0
1958	177	0
1147	243	0
67	188	0
1344	290	0
679	83	0
1588	242	0
633	282	0
1824	247	0
765	195	0
849	211	0
1812	38	0
1676	127	0
1423	201	0
1253	231	0
1005	109	0
1061	107	0
2012	212	0
1370	259	0
1455	91	0
1749	205	0
2328	102	0
21	96	0
780	44	0
899	154	0
1204	222	0
1345	62	0
1204	166	0
1424	213	0
1894	0	0
1171	12	0
283	143	0
475	34	1
2134	85	0
588	257	0
988	264	0
272	288	0
1384	86	0
280	201	0
1664	296	0
362	5	0
1140	183	0
1043	2	0
1847	96	0
2078	234	0
148	197	0
1934	254	0
1123	116	0
83	188	0
420	39	0
1305	228	0
684	255	0
1380	219	0
2006	197	0
1900	223	0
781	86	0
1339	52	0
2114	241	0
218	284	0
1103	97	0
1261	76	0
311	294	0
1523	226	1
953	46	0
750	227	0
21	11	1
2192	103	0
180	190	0
1002	263	0
2010	230	0
390	7	0
557	232	0
2330	296	0
149	19	1
1443	254	0
1183	91	1
241	203	0
1957	22	0
107	86	0
1743	176	0
1030	7	0
1347	140	0
1400	177	0
1652	148	0
133	115	0
1165	126	0
1789	156	0
1452	188	0
1518	175	0
1936	224	0
1048	225	0
1866	262	0
1191	29	0
378	151	0
233	256	0
1438	164	0
1067	172	0
972	92	0
1556	147	0
23	219	0
1528	174	0
1085	115	0
1688	225	0
2239	26	0
1221	288	1
1246	235	0
1998	173	0
504	174	0
483	48	1
324	212	0
344	103	0
1956	91	0
2045	64	0
133	266	0
1258	199	1
2313	282	0
1917	176	0
366	150	0
743	146	0
1115	84	0
2225	3	0
1342	71	0
135	41	0
462	86	0
2018	91	0
1488	268	0
119	10	1
1751	263	0
542	137	0
432	126	0
535	9	0
1397	45	0
1004	288	0
1878	211	1
91	291	0
74	50	1
2128	135	0
780	104	0
1756	243	0
1552	55	0
2224	53	0
464	171	0
372	149	0
305	141	0
536	163	0
968	285	0
1994	0	0
1449	51	0
1036	19	0
184	123	0
514	34	1
564	229	0
2284	79	0
1255	68	0
1525	15	0
1708	27	0
982	178	0
668	148	0
641	227	1
1928	88	0
285	97	0
1282	144	0
327	168	0
274	167	0
1306	90	0
921	275	0
416	179	1
658	196	0
1087	4	0
333	230	0
269	240	0
1882	21	0
920	212	0
281	214	0
2102	20	0
1488	272	0
900	54	1
972	66	1
216	3	0
533	273	0
1492	286	0
45	296	0
2250	4	0
1703	142	0
1765	189	0
254	122	0
611	72	1
504	163	0
1551	213	0
117	65	0
906	146	0
1042	257	0
1909	214	0
1281	222	0
318	259	0
1112	163	0
1949	102	0
505	98	0
1637	9	0
1951	234	0
1821	214	0
1990	78	0
880	279	0
161	292	0
1030	130	0
1623	287	0
646	250	0
381	156	0
51	218	0
648	128	0
318	265	0
719	49	0
1154	202	0
381	232	0
45	75	0
1901	233	0
678	154	0
1465	129	0
2022	151	0
632	133	0
569	73	0
658	34	1
1307	111	0
372	226	0
404	196	0
1241	161	0
1517	254	0
814	101	0
1511	160	0
258	280	0
284	74	0
622	251	0
2192	72	1
441	40	1
1567	177	0
157	64	0
1273	258	0
1857	264	0
1611	70	0
745	67	0
1334	24	0
881	143	0
828	269	0
33	50	1
1686	94	0
1286	79	0
177	213	0
178	289	0
416	255	0
2010	173	0
935	252	0
169	263	0
939	251	0
1104	212	0
199	297	0
1168	129	0
849	264	0
1277	283	0
733	297	0
90	50	1
1289	107	0
67	191	0
128	107	0
937	135	0
1917	185	0
2247	152	0
1954	50	0
1399	270	0
1627	145	0
1561	283	0
1569	24	0
792	250	0
66	146	0
685	260	0
1572	227	1
256	100	0
1327	12	0
1652	68	0
931	114	0
1514	124	0
1932	7	0
657	3	0
896	46	0
980	20	0
648	74	0
1304	144	0
661	283	0
1275	209	0
2128	82	0
388	238	0
1204	109	0
1461	215	0
206	163	0
584	107	0
1828	44	0
1751	287	0
2070	165	1
2061	178	0
2182	283	0
985	156	0
1244	216	0
1084	91	0
1467	87	0
165	248	0
1653	181	0
1524	198	0
2253	205	0
2049	78	0
1371	123	0
1467	3	0
982	126	0
429	32	1
1351	104	0
551	230	0
1429	201	0
356	245	0
167	275	0
693	246	0
532	99	0
1221	247	0
1132	299	0
1902	211	0
535	34	1
1083	126	0
582	196	0
883	291	0
2086	60	0
1948	198	0
2103	55	0
346	294	0
1842	48	0
1970	17	0
1070	51	0
1166	49	0
1742	211	0
672	34	1
518	292	0
1925	75	0
69	211	0
1754	24	0
40	177	0
1499	141	0
994	124	0
1381	254	0
383	119	0
2070	65	0
903	54	0
602	286	0
619	191	0
1807	112	0
652	177	0
2198	262	0
47	44	1
628	143	0
1042	25	0
1882	63	0
1999	152	1
1118	136	0
1884	141	0
908	292	0
1929	15	0
2303	104	0
2011	244	0
241	44	0
1085	74	0
1340	135	0
905	228	0
1084	290	0
391	237	0
456	51	0
1734	128	0
1611	239	0
2168	157	0
1244	174	0
2227	68	0
1354	124	0
451	152	0
1011	24	0
1912	81	0
248	255	0
1453	70	0
616	253	0
754	258	0
1730	258	0
1503	61	0
292	64	0
1921	12	0
1166	174	0
2071	275	0
763	247	0
937	136	0
1867	74	0
1144	247	0
317	2	0
1345	235	0
1185	240	0
1734	289	0
456	278	0
1154	203	0
200	140	0
1031	276	0
1763	125	0
1846	211	1
1029	66	0
1653	200	0
1695	173	1
2021	64	0
161	275	0
994	278	0
1150	190	0
756	42	0
127	22	0
2251	276	0
510	43	0
1879	219	0
549	175	0
1400	130	0
36	60	0
2159	49	0
334	6	1
1358	174	1
2202	22	0
777	48	1
819	66	0
1378	151	0
1106	18	0
839	218	0
2317	165	0
875	47	0
1392	67	0
451	143	0
1950	231	0
693	147	0
2292	233	0
1879	19	0
1442	161	0
1868	152	0
752	82	0
1252	126	0
1177	131	0
121	31	0
910	180	0
592	33	0
251	276	0
2086	18	0
400	137	0
518	198	0
1876	210	0
506	79	0
888	194	1
32	58	1
1928	278	0
561	17	0
2019	11	0
832	80	0
610	140	0
960	122	0
253	62	0
764	44	0
81	269	0
747	299	0
1908	97	0
2317	292	1
1943	166	0
978	144	0
969	219	0
745	286	0
1415	224	0
1322	30	0
577	11	0
2042	60	0
1471	220	0
1746	69	0
772	249	0
325	51	0
1328	280	0
415	112	0
736	241	0
622	119	0
979	116	0
1657	90	0
1737	268	0
506	66	0
2055	69	0
496	43	0
2306	186	0
261	129	0
241	205	0
2265	297	1
853	5	0
2033	225	0
336	148	0
975	195	0
1536	250	0
885	108	0
77	71	0
442	295	0
445	274	0
1183	156	0
1674	72	0
979	28	0
731	73	0
2126	275	0
163	81	0
1148	289	0
1276	166	0
1509	182	0
632	164	0
1053	139	0
2273	255	0
1776	199	0
1585	198	0
1493	43	0
2115	251	0
197	48	0
1220	62	0
759	203	0
878	148	0
550	50	1
1162	166	0
945	235	0
1586	130	0
1157	100	0
2119	213	0
12	233	0
1838	57	0
226	66	0
1538	248	0
281	135	0
436	49	0
993	26	0
988	270	0
2266	283	1
677	78	0
2242	91	0
1070	196	0
29	22	0
2055	227	1
771	202	0
976	182	0
391	128	0
38	14	0
846	11	0
2029	165	0
604	143	0
5	208	0
1939	109	0
1677	123	0
649	235	0
276	128	0
957	42	0
917	147	0
1952	298	0
1702	43	0
189	246	0
1936	38	0
2025	115	0
1111	82	0
1400	135	0
635	211	1
1478	273	0
894	238	0
2294	221	0
1352	38	0
921	185	0
1774	86	1
151	264	0
844	188	0
1020	156	0
1776	86	1
1623	170	0
2073	165	1
1292	4	0
800	75	0
1401	130	0
1128	122	0
161	283	0
203	145	0
1811	255	0
1790	24	0
1916	78	0
160	50	0
1434	248	0
716	91	0
168	210	0
2171	286	0
1747	257	0
2260	16	0
290	78	0
1790	28	0
867	177	0
1171	13	0
583	133	0
1683	24	0
1893	62	0
296	6	1
1933	264	0
1608	227	0
241	74	0
1179	238	0
1386	175	0
1034	4	0
322	111	0
849	34	0
482	34	1
1081	141	0
1473	258	0
2230	237	0
88	58	0
2034	12	0
966	192	0
2046	293	0
17	28	0
1555	160	0
591	235	0
1205	134	0
597	60	0
1854	185	0
44	261	0
1492	188	0
785	34	1
1440	53	0
284	112	0
1360	138	0
222	209	0
2201	222	0
1447	35	0
2147	165	0
390	298	0
1033	271	0
1269	202	0
2206	42	0
2028	227	1
887	163	0
436	138	1
852	235	0
1916	176	0
2281	271	0
494	196	0
1263	196	0
1580	141	0
78	7	1
392	65	0
1995	4	0
2131	286	0
1100	270	0
103	123	0
1702	178	0
1949	152	0
677	124	0
1197	167	0
591	189	0
2098	165	1
1575	9	0
1323	253	0
376	25	0
829	264	0
340	104	0
374	293	0
834	142	1
1623	83	0
889	53	1
404	243	0
717	92	0
2290	158	0
1364	82	0
1062	29	0
526	48	1
1646	163	0
1809	84	0
1576	89	0
692	156	0
1648	207	0
1490	222	0
1410	26	1
557	12	0
1002	250	0
1568	213	0
1332	249	0
1815	114	0
202	134	0
1630	266	0
1149	247	0
1389	147	0
366	230	0
691	111	0
1519	160	0
950	259	0
137	33	0
1671	197	0
35	5	1
850	50	1
814	194	0
1708	119	0
786	213	0
1588	12	0
1254	257	0
806	47	0
467	98	0
844	227	1
534	95	0
659	177	0
1605	147	1
1634	295	0
2146	189	0
2070	187	0
432	114	0
2205	37	0
1285	81	0
508	195	0
1848	148	0
1360	11	0
59	87	0
2247	207	0
89	50	1
2053	38	0
563	77	1
285	145	0
1369	225	0
428	200	0
1838	228	0
1449	80	0
1619	18	0
54	5	1
2088	296	0
1516	206	0
2106	43	0
955	240	0
1729	77	0
1369	239	0
544	34	1
1098	294	0
128	136	0
1089	90	0
489	177	0
409	210	0
2079	268	0
893	11	0
266	70	0
200	249	0
4	257	0
263	207	0
1475	228	0
505	45	0
1227	120	0
520	204	0
1252	232	0
1703	62	0
819	216	0
110	91	0
1337	142	1
700	48	1
1465	201	0
482	199	0
372	3	0
1800	168	0
882	266	0
1201	72	0
1779	1	0
1174	217	0
1404	189	0
1517	6	0
268	51	0
39	193	0
1221	14	0
603	100	0
1091	187	0
1673	65	0
1161	145	0
1480	67	0
994	67	0
1482	210	0
246	73	0
99	74	0
1300	244	0
787	66	0
1159	117	0
769	299	0
1495	174	0
1779	85	0
617	54	0
921	101	0
472	113	0
554	215	0
374	8	0
1921	199	0
1206	281	0
1144	285	0
997	179	0
2255	150	0
257	99	0
1868	211	1
2034	227	1
857	295	0
2015	265	0
809	4	0
13	158	0
816	100	0
806	111	0
448	198	0
524	191	0
853	50	1
51	79	0
481	43	0
322	278	0
2208	257	1
1743	17	0
1956	73	0
1690	125	0
1831	32	0
661	161	0
840	7	0
1295	80	0
862	219	0
1302	138	0
2106	123	0
307	39	0
934	209	0
130	264	0
215	131	0
1977	4	0
1209	288	0
253	114	0
914	212	0
2190	65	0
456	6	0
1333	273	0
1599	55	0
1029	172	0
1284	110	1
1241	1	0
1637	249	0
1795	11	0
1235	271	0
113	117	0
738	60	0
9	265	0
374	60	0
55	162	0
266	6	1
1084	9	0
1245	135	0
1170	254	0
2256	244	0
2278	256	0
1323	243	0
191	113	0
654	6	0
446	291	0
1740	109	0
794	206	0
1839	164	0
141	136	0
2170	256	0
1847	164	0
208	284	0
520	181	0
844	102	0
1873	176	0
497	265	0
1854	137	0
1745	275	0
2088	5	0
2250	9	0
937	246	0
809	66	0
1179	35	0
429	62	0
1674	79	0
812	119	0
1695	168	0
204	116	0
1224	239	0
751	120	0
1014	229	0
1215	57	0
249	154	0
16	160	0
74	67	0
29	53	0
1808	276	0
1260	249	0
2245	18	0
1372	12	0
817	142	1
1926	158	0
1671	108	0
384	55	0
1035	115	0
615	172	0
598	202	0
159	25	0
1198	186	0
772	192	0
1661	92	0
743	70	0
1715	275	0
1649	219	0
1546	153	0
1888	240	0
647	296	0
154	283	0
870	23	0
2071	298	0
1407	262	0
1209	212	0
1027	261	0
208	62	0
1775	81	0
2178	54	0
1189	81	0
751	222	0
7	146	0
1901	171	0
1938	161	0
237	87	0
1592	24	0
241	62	0
472	1	0
1653	143	0
638	227	1
2127	297	0
1821	189	0
286	264	0
1034	93	0
2090	42	0
501	10	0
70	7	1
919	209	0
1228	139	0
1826	78	0
1065	266	0
1536	235	0
910	244	0
827	99	0
105	220	0
660	187	0
2277	211	0
313	103	0
1449	160	0
56	269	0
536	51	0
1701	11	0
1884	68	0
680	200	0
436	244	1
1263	266	0
592	79	0
590	128	0
1557	189	0
1727	149	0
1066	68	0
1129	96	0
2124	70	0
595	211	0
32	289	1
603	240	0
822	215	0
1918	268	0
1454	55	0
2129	276	0
423	236	0
261	81	0
1442	268	0
1520	177	0
1903	251	0
124	277	0
505	149	0
854	50	1
530	285	0
91	117	0
1474	269	0
1502	139	1
1654	254	0
1024	158	0
62	208	0
1291	181	0
1008	52	0
780	102	0
427	214	0
108	244	1
1265	130	0
1337	108	0
2035	6	0
2120	43	0
1811	123	0
1668	158	0
815	77	0
913	204	0
1707	93	0
714	31	0
407	168	1
1098	187	0
1855	57	0
129	240	0
1892	215	0
1822	187	0
703	156	0
341	114	0
913	69	0
1573	87	0
942	229	0
1962	144	0
263	174	0
801	230	0
1160	39	0
42	282	0
630	46	0
839	184	0
592	279	0
591	194	0
925	87	0
1483	232	0
2190	22	0
1822	103	0
1035	271	0
672	111	1
530	242	0
1309	130	0
2016	79	0
1556	78	0
2144	148	0
1159	28	0
1021	287	0
310	182	0
309	10	0
930	70	0
1045	218	0
560	34	1
2028	133	0
1333	14	0
2228	268	1
2266	148	0
2192	18	0
771	184	0
1014	85	0
765	7	0
23	4	1
221	247	0
2225	105	0
1334	250	0
689	251	0
1348	297	0
2002	126	0
440	32	0
612	299	0
2034	73	0
1163	201	0
2006	196	0
1150	66	0
2094	268	0
1563	33	0
1438	151	0
2188	136	0
2117	204	0
1057	24	0
1845	145	0
498	112	0
732	66	0
561	200	0
1762	184	1
1423	178	0
675	91	0
2227	211	0
1885	50	0
1292	198	0
554	118	0
1136	82	1
1407	230	0
852	229	0
2028	95	0
222	133	0
48	30	0
1148	88	1
1338	99	0
2271	109	0
1511	283	0
93	230	0
291	7	0
1637	161	0
1755	179	0
1604	121	0
1595	222	0
1622	82	0
292	206	0
30	46	0
1765	186	1
835	32	0
1000	272	0
2233	203	0
1551	139	0
1846	117	0
1704	214	0
438	187	0
481	8	0
2084	60	0
1427	262	0
13	75	0
1611	105	0
431	37	1
2004	246	0
1851	193	0
1945	79	0
2165	220	0
2214	132	0
990	20	0
875	103	0
1385	153	0
2072	20	0
1	185	0
2315	37	0
722	216	0
550	220	0
1777	137	0
1112	241	0
1765	0	0
890	81	0
1978	287	0
2213	40	0
924	209	0
662	62	0
1780	209	0
1408	119	0
1128	178	0
2121	96	0
2294	265	0
603	115	0
1150	250	0
1535	296	0
1071	247	0
1611	224	0
808	286	0
1155	187	0
1951	70	0
922	147	0
1368	98	0
1907	206	0
1226	57	0
131	170	0
835	49	0
831	265	0
321	46	0
733	175	0
487	84	0
1729	223	0
1539	99	0
860	262	0
477	52	0
715	34	1
17	24	0
291	189	0
1667	105	0
533	175	0
1071	230	0
1281	118	0
1460	46	0
267	66	0
621	44	0
1729	136	0
1194	27	0
1248	286	0
1305	296	0
1288	260	0
92	89	0
1410	275	0
1140	64	0
124	0	0
1305	260	0
2006	161	0
659	192	0
1081	161	0
1919	124	0
2122	7	0
444	45	0
1945	92	0
118	135	1
852	14	0
360	90	0
214	46	0
2226	213	0
675	204	0
1649	162	0
2141	244	1
1796	266	0
956	237	0
1565	187	0
2107	295	0
2040	267	0
2199	62	0
463	34	1
362	219	0
450	221	0
65	83	0
895	53	1
1641	55	0
107	126	0
2028	101	0
1836	267	0
1785	131	0
1563	87	0
2293	50	0
1402	122	0
1072	200	0
1832	200	0
1123	8	0
1987	86	0
512	57	0
107	88	0
1649	156	1
448	193	0
2151	244	1
766	292	0
913	201	0
745	75	0
454	140	0
2306	265	0
530	39	0
1349	166	0
739	174	0
247	216	0
2325	222	0
502	117	1
1022	78	0
2157	123	0
1981	206	0
2316	157	0
440	53	0
515	41	0
1580	250	0
466	93	0
1019	64	0
2330	68	0
771	48	1
367	132	1
1294	225	0
676	269	0
643	196	0
2150	25	0
68	246	0
1091	255	0
843	76	1
1269	94	0
825	261	0
1384	225	0
2207	159	0
338	243	0
1079	16	0
1133	85	0
1756	19	0
102	271	0
883	100	0
1163	210	0
263	104	0
1492	72	0
1366	233	0
528	226	0
1006	51	0
499	93	0
1481	36	0
1198	197	0
1852	77	0
1817	252	0
743	64	0
336	288	0
1714	248	0
1308	290	0
1432	210	0
659	252	0
1779	209	0
2183	197	0
2234	216	0
1782	160	0
423	297	0
925	113	0
371	219	0
1678	258	0
2298	220	0
1889	227	0
1560	5	0
1158	109	0
1108	34	0
1346	111	0
1394	51	0
284	6	1
1681	291	0
859	170	0
873	50	1
2008	127	0
743	6	0
1838	231	0
826	137	0
1271	114	0
1004	96	0
1028	142	1
790	287	0
1384	256	0
1665	184	0
451	204	0
1778	86	1
2199	174	0
598	34	1
804	50	1
557	194	0
1140	148	0
2123	162	0
144	206	0
304	288	0
2059	94	0
2251	273	1
50	282	0
1411	64	0
839	289	0
849	70	0
1323	145	0
416	122	0
905	97	0
1451	3	0
1498	260	0
989	144	0
1730	84	0
1732	195	0
730	35	0
1038	77	1
2187	259	0
2286	90	0
1986	142	1
459	43	0
468	94	1
1289	214	0
938	252	0
54	136	0
2282	289	0
236	24	0
634	171	0
371	198	0
1447	72	0
1028	199	0
2094	78	0
1994	169	0
1460	150	0
1078	197	0
475	47	0
999	36	0
855	46	0
620	113	0
1627	162	0
1461	264	0
1571	22	0
1013	154	0
24	285	0
477	30	0
1082	102	0
387	218	0
240	82	0
2283	73	0
2096	30	0
569	52	0
1466	132	1
1190	272	0
1797	264	0
1949	134	0
1291	93	0
1059	170	0
1525	230	0
611	284	0
2005	103	0
147	70	0
1439	130	1
934	167	0
266	235	0
2117	139	0
1137	279	0
1928	184	0
1892	86	0
2228	261	0
2224	276	0
916	233	0
1405	78	0
134	18	1
2264	279	1
1158	36	0
2285	286	1
1645	224	0
423	5	0
830	221	0
941	53	0
233	20	0
2086	37	0
278	256	0
195	6	1
1861	211	1
91	214	0
388	96	0
1413	280	0
1563	153	0
304	111	0
944	127	0
558	12	0
1694	206	1
136	165	1
2280	117	0
11	268	0
294	2	0
336	139	0
1009	243	0
211	6	1
1081	75	0
408	186	0
404	213	0
297	1	0
24	223	0
234	63	0
1147	88	1
2157	81	0
2068	170	0
859	95	0
539	285	0
159	128	0
1918	244	0
16	140	0
1167	89	1
655	186	0
2233	255	0
1983	169	0
829	158	0
2167	283	0
1368	115	0
2217	111	0
176	136	0
1787	8	0
104	34	1
2084	157	0
1249	93	0
867	39	0
137	165	1
463	116	0
1923	195	0
994	17	0
1592	86	0
60	67	0
853	75	0
2000	207	0
1726	9	0
764	269	0
1667	16	0
1050	278	0
1670	70	0
181	279	0
756	43	0
1978	294	0
349	236	0
612	292	0
1019	26	1
1379	291	0
1321	195	0
681	131	0
1006	63	0
562	165	0
410	123	0
621	103	0
2144	137	0
721	45	0
301	96	0
2269	43	0
2165	248	0
1662	67	0
1205	44	0
1100	222	0
558	34	1
1701	262	0
1166	67	0
301	60	0
282	186	0
1969	42	0
1508	126	0
1711	15	0
510	181	0
1215	79	0
1550	274	0
579	76	0
126	50	0
1865	22	0
769	258	0
326	40	0
1873	139	0
603	220	0
804	3	0
149	95	0
247	222	0
1879	136	0
1406	26	1
638	132	1
565	39	0
388	110	0
295	243	0
108	72	0
2264	209	0
1014	210	0
676	34	1
764	59	0
251	196	0
1472	17	0
2295	74	0
99	47	0
1028	26	0
109	84	0
2319	5	0
787	192	0
557	34	1
1054	100	0
1486	133	0
178	288	1
1541	79	0
938	58	1
1297	49	0
928	40	0
868	51	0
2125	243	0
799	145	0
803	284	0
1306	55	0
1554	125	0
2052	174	0
910	53	1
2094	287	0
332	27	0
1587	159	0
469	34	1
1495	212	0
1052	77	1
460	183	0
828	293	0
1137	182	0
1780	258	0
59	47	0
2191	89	0
1462	132	1
1035	195	0
763	52	0
1124	102	0
1549	14	0
700	95	0
438	35	0
494	170	0
463	184	0
1422	265	0
1260	100	1
1395	272	0
537	158	0
181	200	0
444	40	1
314	239	0
1983	122	0
1616	289	0
1948	220	1
2324	270	0
761	59	0
973	254	1
2193	276	0
2056	221	0
1119	77	1
1934	169	0
680	292	0
1064	35	0
1414	169	0
1443	46	0
1647	275	0
1576	162	0
127	72	1
1852	294	0
2085	204	0
1341	94	1
530	3	0
786	207	0
963	158	0
232	182	0
566	116	0
601	234	0
1133	162	0
486	155	0
72	32	0
1543	138	1
1955	225	0
243	66	0
1241	277	0
1183	38	0
147	84	0
859	219	0
61	278	0
169	236	0
227	214	0
1831	243	0
1014	286	0
928	276	0
2310	58	0
675	279	0
13	183	0
1544	245	0
396	297	0
750	106	0
344	134	0
790	65	0
114	116	0
157	42	0
476	0	0
947	35	0
8	298	0
1048	143	0
856	240	0
1681	30	0
2285	132	0
621	297	0
135	151	0
2197	137	0
135	165	1
1658	232	0
2138	284	0
1619	190	0
1069	56	0
1643	131	0
1852	149	0
2283	35	0
655	165	0
1256	97	0
1580	171	0
1313	297	0
1981	20	0
1183	128	0
693	283	0
752	265	0
1108	163	0
1332	202	0
1606	120	0
647	50	1
418	233	0
1886	181	0
321	212	0
2176	172	0
1425	117	0
1008	4	0
1076	269	0
1781	174	0
1076	217	0
1367	203	0
1501	295	0
839	131	0
446	227	1
886	53	1
90	27	0
2046	193	0
1490	140	0
358	299	0
1102	77	1
800	29	0
2214	5	0
993	94	0
1880	80	0
517	27	0
847	178	0
2021	299	0
311	284	0
1725	132	0
1416	87	0
911	288	0
1995	34	0
2024	247	0
2211	104	0
311	99	0
1380	3	0
1607	238	0
2299	8	0
433	22	0
1106	210	0
2118	33	0
988	5	0
711	30	0
1446	67	0
2302	299	0
1498	138	1
1201	159	0
2228	21	0
1540	243	0
2138	244	1
481	78	0
228	254	0
127	50	1
397	248	0
1020	76	0
624	202	0
1323	76	0
1845	149	0
326	166	0
2137	23	0
1594	260	0
666	11	0
255	4	0
24	27	0
95	276	1
1962	219	0
704	201	0
646	208	0
1048	103	0
185	255	0
2173	213	0
319	180	0
982	76	0
276	279	0
1138	222	0
1735	128	0
1078	116	0
853	149	0
1182	91	1
896	87	0
961	235	0
964	127	0
503	107	0
2126	51	0
573	160	0
1962	39	0
2084	165	1
762	115	0
228	115	0
1391	26	1
1849	23	0
977	222	0
831	138	0
850	207	0
581	160	0
374	126	0
596	195	0
659	9	0
938	18	0
986	228	0
1108	123	0
2027	274	0
1994	142	1
1700	144	0
973	44	0
707	89	0
1375	26	1
646	166	0
1331	12	0
418	60	0
2096	266	0
1856	211	1
2001	66	0
82	201	0
1154	12	0
168	166	0
1991	32	0
876	72	1
652	292	0
440	164	0
1082	111	0
1512	138	1
614	193	0
964	227	0
1774	70	0
1307	171	0
2056	24	0
787	92	0
2225	40	0
1711	270	0
367	7	0
998	128	0
1376	216	0
1718	174	1
879	274	0
1490	282	0
1534	26	0
765	102	0
931	88	0
95	50	1
571	246	0
68	53	0
2135	37	0
1094	17	0
540	279	0
1304	206	1
1832	277	0
1290	281	0
1327	94	1
1877	139	0
2024	162	0
212	141	0
2181	180	0
1992	12	0
2071	21	0
2160	117	0
2147	139	0
1701	162	0
1545	181	0
1975	52	0
461	118	0
809	297	0
210	197	1
1227	21	0
1313	199	0
311	278	0
1596	171	0
1915	218	1
1707	122	0
828	292	0
1866	246	0
1523	85	0
2175	17	0
709	179	0
1754	177	0
2239	118	0
2025	110	0
1665	157	0
440	73	0
303	232	0
2328	256	0
2008	106	0
2032	166	0
2005	207	0
2304	283	0
1678	114	0
843	40	0
128	194	0
540	142	0
95	65	0
2209	44	0
1698	104	0
1851	225	0
1220	200	0
2127	189	0
182	230	0
606	87	0
1223	240	0
2158	127	0
1684	255	0
6	137	0
2012	235	0
1037	262	0
118	92	0
1633	67	0
32	50	1
911	54	0
754	238	0
773	190	0
1099	185	0
1355	266	0
356	73	0
975	101	0
1659	183	0
830	27	0
1234	94	0
196	190	0
1033	5	0
242	89	0
1785	166	0
1077	174	0
369	296	0
608	181	0
219	95	0
1761	296	0
1244	164	0
299	166	0
991	110	0
1231	268	0
1284	289	0
571	209	0
1378	233	0
1009	27	0
1090	47	0
703	132	0
2026	79	0
1698	23	0
2057	29	0
169	280	0
967	207	0
374	189	0
2032	19	0
673	170	0
45	141	0
1834	273	0
92	191	0
478	227	0
675	146	0
2143	244	1
1172	139	0
156	196	0
242	224	0
1850	237	0
1610	2	0
1787	24	0
1085	243	0
550	93	0
1933	249	0
129	132	0
1880	173	0
130	14	1
2062	274	0
1152	153	0
567	135	0
1402	105	0
593	50	0
1664	254	0
1248	150	0
664	8	0
721	285	0
2120	88	0
1844	138	0
344	25	0
1918	161	0
1471	280	0
870	253	0
480	255	0
283	243	0
981	58	0
1972	24	0
798	245	0
573	251	0
1145	125	0
973	198	0
1450	208	0
2072	209	0
192	172	0
328	276	0
594	241	0
1894	44	0
424	239	0
419	152	0
739	62	0
2267	63	0
59	50	1
990	213	0
11	291	0
655	155	0
928	63	0
2190	262	0
1480	43	0
1792	158	0
514	68	0
103	94	1
2283	28	0
1800	198	0
358	127	0
2290	22	0
1620	282	0
785	24	0
458	182	0
812	106	0
782	177	0
312	277	0
127	244	1
910	170	0
1037	92	0
1965	64	0
140	258	0
516	132	1
2061	14	0
272	247	0
81	7	1
832	20	0
633	37	0
1284	115	0
111	169	0
212	42	0
363	39	0
1289	128	0
2218	174	0
366	199	0
1308	102	0
44	187	0
1983	50	0
281	168	0
2091	72	0
1209	229	0
2062	53	0
1186	253	0
2037	203	0
510	223	0
1972	67	0
230	134	0
1124	228	0
1060	135	0
301	299	0
2272	68	0
472	106	0
1308	88	0
2001	206	0
2298	40	0
182	70	0
634	51	0
1901	265	0
2204	83	0
180	20	0
1919	208	0
594	79	0
564	90	0
629	264	0
2204	56	0
2097	90	0
454	224	0
1729	65	0
83	7	1
36	121	0
995	214	0
1710	250	0
1002	207	0
342	150	0
2047	130	0
2291	94	0
599	288	0
1900	217	0
516	298	0
772	15	0
1716	273	0
333	267	0
1456	97	0
1011	158	0
217	267	0
2085	25	0
555	45	0
1634	235	0
83	173	0
2031	154	0
1950	139	0
1180	176	0
1213	120	0
985	223	0
1351	160	0
2247	265	0
1890	189	0
2301	68	0
705	13	0
1904	210	0
1366	196	0
1316	40	0
362	21	0
1	118	0
257	67	0
654	173	0
1893	263	0
951	171	0
623	229	0
1645	163	0
2323	29	0
997	156	0
136	96	0
440	217	0
20	241	0
1237	220	0
1400	25	0
1826	186	0
1904	267	0
1280	109	1
915	260	0
1781	124	0
798	108	0
690	4	0
1053	97	0
1279	82	0
755	238	0
2293	84	0
187	233	0
1701	208	0
1340	242	0
1245	35	0
575	164	0
352	228	0
1283	47	0
1100	286	0
1592	272	0
75	18	0
679	130	0
1775	231	0
1653	275	0
84	244	1
1569	128	0
1967	63	0
1072	122	0
2234	195	0
1563	34	1
91	138	0
1435	32	0
1129	92	0
2208	294	0
903	74	0
411	149	0
1507	266	0
487	288	0
1697	240	0
2080	101	0
1793	267	0
2140	220	0
274	65	0
2173	227	0
1515	127	0
1713	205	0
2283	5	0
2025	216	0
663	35	0
528	78	0
1086	57	0
209	189	0
1286	217	0
1436	98	0
2095	211	0
1243	93	1
843	230	0
2183	165	0
879	96	0
1401	131	0
595	158	0
787	140	0
1224	91	1
72	90	0
945	27	0
1395	257	0
2290	197	0
559	73	0
2176	136	0
896	201	0
78	95	0
76	7	1
1880	270	0
1046	222	0
1532	55	0
1190	105	0
2066	242	0
1292	88	0
166	156	0
1091	135	0
1257	22	0
1943	30	0
1302	259	0
1272	238	0
1955	278	0
1221	91	1
2049	271	0
1815	47	0
125	110	0
1874	287	0
1200	206	0
815	94	1
505	35	0
1	280	0
2277	236	0
119	38	0
1600	145	1
2211	293	0
1504	0	0
331	242	0
1358	289	0
425	45	0
127	165	1
46	219	0
1740	168	0
1946	293	0
937	157	0
1128	142	1
1785	235	0
91	89	0
1555	259	0
1516	110	0
1880	132	0
887	76	0
1408	59	0
1524	104	0
2024	267	0
1588	90	0
2206	126	0
390	203	0
312	165	1
2115	9	0
1867	13	0
2239	103	0
1886	22	0
436	40	1
1565	129	0
285	176	0
1002	178	0
1404	26	1
610	19	0
720	59	0
1077	175	0
1761	152	0
993	33	0
1674	255	0
1298	44	0
1722	141	0
358	102	0
155	82	0
47	132	1
637	110	0
351	238	0
1265	249	0
590	118	0
2051	214	0
1589	237	0
2271	228	0
2247	239	0
1027	142	1
2091	48	0
1739	152	0
2189	158	0
237	5	0
1378	64	0
291	258	0
969	183	0
1418	145	0
938	236	0
656	219	0
1368	118	0
270	6	1
1006	125	0
1648	247	0
1929	191	0
1393	60	0
1169	114	0
1624	58	0
105	276	0
1122	62	0
874	218	1
1595	89	0
1483	267	0
2192	252	0
2271	287	0
2201	186	0
133	222	0
1394	175	0
1855	292	0
5	71	0
2136	128	0
859	235	0
517	248	0
1477	17	0
1256	272	0
1514	200	0
721	181	0
1940	0	0
1257	122	0
2100	188	0
2216	28	0
756	30	0
2021	82	0
768	278	0
31	237	0
812	262	0
1821	249	0
881	7	0
469	178	0
1832	248	0
1255	148	0
1152	208	0
8	73	0
1347	164	0
1351	94	1
116	84	0
259	176	0
301	81	0
2039	169	0
1834	91	0
2007	273	0
672	55	0
2112	147	0
374	122	1
625	55	0
1864	209	0
1272	101	0
1116	241	0
1733	79	0
2182	142	0
2188	44	0
71	226	1
2148	79	0
2289	90	0
601	134	0
328	157	0
412	62	0
95	6	1
2030	110	0
765	80	0
420	34	1
1458	25	0
752	48	1
1498	58	0
1674	77	0
1134	190	0
488	21	0
1702	174	1
244	241	0
407	8	0
1719	32	0
1148	114	0
2187	79	0
1309	25	0
75	244	1
1267	2	0
745	5	0
1784	272	0
1113	174	0
1597	90	0
518	84	0
1665	97	0
667	184	0
1831	290	0
915	216	0
258	14	0
64	27	0
1802	199	0
1228	264	0
1651	79	0
75	160	0
403	201	0
1611	183	0
742	211	0
1642	260	0
473	195	0
920	134	0
457	197	0
239	82	0
994	286	0
1120	105	1
517	95	0
1896	55	0
1811	212	0
1434	107	0
363	251	0
573	277	0
84	78	0
673	162	0
2094	8	0
1090	105	0
322	45	0
200	123	0
125	246	0
2118	216	1
155	117	0
2001	176	0
59	139	1
1537	177	0
1904	101	0
664	249	0
350	27	0
1014	2	0
1889	175	0
201	6	1
1614	42	0
470	247	0
1045	152	0
2148	4	0
275	6	1
708	293	1
812	73	0
1175	29	0
1849	101	0
1229	299	0
1970	55	0
1262	254	0
1803	173	0
2213	261	1
2245	135	0
1236	220	0
70	220	0
177	62	0
1906	247	0
2012	18	0
1904	218	1
529	199	0
1129	226	0
4	296	0
1368	176	0
1946	9	0
1793	121	0
1235	86	0
1667	210	1
712	12	0
749	106	0
367	116	0
1761	93	0
1127	256	0
1058	40	0
554	12	0
2092	275	0
576	296	0
452	211	0
1717	42	0
40	282	0
2139	66	0
647	192	0
1997	287	0
741	184	0
651	104	0
1129	75	0
781	137	0
748	196	0
1358	51	0
1311	90	0
1541	194	0
1060	226	0
2209	29	0
98	155	0
486	124	0
2089	263	0
2061	207	0
15	10	0
813	7	0
562	131	0
530	18	0
1903	293	0
2319	118	0
1299	117	0
115	190	0
684	45	0
523	147	0
1354	58	0
891	277	0
1515	228	0
1522	179	0
1802	38	0
1538	88	0
969	294	0
486	20	0
219	35	0
466	143	0
921	286	0
700	286	0
2111	156	0
1461	69	0
1922	162	0
154	150	0
616	177	0
2039	195	0
56	238	0
367	50	1
1208	56	0
990	202	0
1968	6	0
1448	219	0
794	289	0
567	43	0
1698	51	0
65	248	0
510	282	0
1032	179	0
1237	224	0
1646	102	0
1768	217	1
2073	261	0
214	199	0
716	55	0
1364	0	0
187	77	0
738	17	0
642	207	0
327	86	0
1133	159	0
1884	140	0
2042	59	0
132	16	1
2178	174	0
2042	276	0
977	254	0
243	110	0
228	131	0
1035	170	0
1708	179	0
99	202	0
80	209	0
642	224	0
684	55	0
601	227	1
1233	178	0
1696	259	0
842	139	0
1116	99	0
823	50	1
572	52	0
1774	80	0
1331	99	0
2001	210	0
1126	77	1
758	199	0
1170	293	0
1723	25	0
149	255	0
939	285	0
431	221	1
1587	17	0
763	297	0
1999	23	0
1023	71	0
626	145	0
91	91	0
1084	77	1
1562	268	0
1248	213	0
344	123	0
1065	131	0
2006	4	0
999	115	0
218	274	0
690	267	0
645	207	0
1739	106	0
1688	282	0
1801	267	0
2033	291	0
2123	94	0
530	201	0
567	162	0
249	6	1
97	195	0
1137	239	0
964	14	0
1406	248	0
355	251	0
1007	20	0
204	142	0
1951	253	0
1019	17	0
481	34	1
994	224	0
1052	57	0
1115	114	0
247	40	0
2001	111	0
1215	204	0
1362	111	0
564	260	0
1771	40	0
70	50	1
2310	194	0
1200	241	0
1258	101	0
1700	181	0
719	213	0
1296	96	0
422	175	0
427	179	0
708	261	0
1971	77	0
1536	55	0
1382	233	0
282	7	0
1188	37	0
860	85	0
2305	241	0
383	206	0
1518	206	0
1215	232	0
323	68	0
1377	234	0
1945	138	0
2026	207	0
851	185	1
1007	86	1
42	52	0
646	297	0
1617	274	0
324	6	1
122	283	0
1905	285	0
313	65	0
1924	161	0
302	184	0
822	45	0
1111	225	0
2230	77	0
522	178	0
632	65	0
38	297	0
103	7	1
987	85	0
2151	291	0
174	133	0
960	91	0
2254	106	0
897	241	0
993	14	0
1278	298	0
341	6	1
983	78	0
61	291	0
556	245	0
163	69	0
412	244	0
2259	249	0
1588	199	0
214	187	0
2170	8	0
1957	107	0
689	174	0
301	260	0
2	97	0
2099	144	0
1573	55	0
1759	182	1
435	265	0
967	245	0
2193	72	1
2064	230	1
525	34	1
2107	88	0
1506	202	0
1583	120	0
1490	262	0
1185	269	0
570	147	0
458	170	0
1100	175	0
1894	204	0
1256	152	0
421	253	0
638	0	0
783	102	0
2194	267	0
1571	53	0
387	76	0
521	50	1
1780	193	0
55	9	0
1854	148	0
1728	171	0
1348	83	0
25	277	0
761	65	0
911	2	0
1000	205	0
2003	247	1
753	79	0
2237	13	0
1492	191	0
1519	2	0
443	40	1
331	230	0
102	250	0
563	145	0
751	173	0
1527	129	0
996	187	0
748	78	0
923	107	0
2244	273	1
1853	115	0
1265	226	0
1183	1	0
1614	170	0
466	29	0
2159	291	0
1859	77	0
1156	254	0
265	206	0
1762	215	0
1297	187	0
1184	38	0
214	171	0
2105	230	0
368	78	0
2036	104	0
2048	227	1
486	238	0
1043	0	0
251	61	0
1939	107	0
2225	57	0
2139	178	0
458	119	0
1376	169	0
1140	105	0
2204	72	0
162	112	0
1614	63	0
1390	153	0
49	188	0
398	204	0
946	109	0
107	146	0
2103	137	0
212	293	0
1234	50	0
1412	238	0
590	137	0
142	89	0
1461	227	0
118	160	0
1607	148	1
1809	215	0
913	210	0
758	292	0
89	296	0
529	101	0
2072	192	0
534	48	0
1658	58	0
382	237	0
354	146	0
1656	238	0
273	117	0
1217	198	0
1025	174	1
1827	2	0
2086	143	0
2204	127	0
56	214	0
1599	4	0
524	65	0
1031	81	0
2105	82	0
2159	129	0
1202	268	0
257	114	0
998	94	0
2271	138	0
1375	88	0
1766	15	0
890	53	1
1794	61	0
581	232	0
375	236	0
509	269	0
660	34	1
1694	209	0
1434	27	0
201	27	0
800	97	0
1727	57	0
1033	33	0
1519	138	1
1384	80	0
2239	14	0
1320	90	0
1474	134	1
390	27	1
510	94	1
816	105	0
1809	269	0
2049	212	0
1851	33	0
421	201	0
1358	155	0
1467	188	0
336	6	1
1229	12	0
1235	115	0
1296	52	0
542	281	0
850	20	0
1765	12	0
1458	64	0
2271	214	0
2046	245	0
1695	215	0
827	209	0
1632	148	0
1614	269	0
742	223	0
2124	15	0
227	104	0
605	251	0
2235	118	0
1627	43	0
1432	89	0
115	182	0
2247	289	0
519	286	0
2234	163	0
953	69	0
2015	177	0
2252	220	0
2201	253	1
1523	17	0
2323	9	0
284	165	0
1078	25	0
2309	170	0
1282	43	0
1948	34	0
1930	161	0
915	141	0
1846	120	0
1389	293	0
740	48	1
990	276	0
1025	13	0
718	9	0
1977	5	0
793	238	0
471	155	0
491	160	0
359	270	0
950	277	0
2233	63	0
387	188	0
2050	262	0
345	6	1
1858	210	0
2041	162	0
274	102	0
1382	277	0
1420	287	0
1331	165	0
1885	253	0
77	244	1
202	95	0
126	224	0
282	10	0
712	284	0
548	128	0
1573	34	0
497	29	0
754	295	0
1540	152	0
1254	203	0
1494	36	0
1396	232	0
2065	165	1
814	63	0
352	290	0
1885	180	0
1297	244	0
721	170	0
1608	15	0
2094	252	0
451	202	0
2138	205	0
106	86	1
1147	40	0
732	257	0
1620	241	0
136	159	0
1261	96	0
1853	148	0
327	138	1
1159	260	0
952	267	0
2224	289	0
691	218	0
1020	180	0
646	226	0
2094	96	0
1880	160	0
642	169	0
2021	142	0
2120	136	0
515	56	0
2161	224	0
973	146	0
350	243	0
1644	83	0
1024	238	0
21	191	0
947	74	0
2170	153	0
1009	87	0
2279	21	0
446	25	0
1819	10	0
1358	296	0
294	258	0
2131	30	0
1864	280	0
1856	95	0
1473	134	1
794	221	0
1230	90	0
1092	104	0
1941	144	0
2258	114	0
183	201	0
276	170	0
954	216	1
1891	251	0
389	43	0
1714	153	0
1966	43	0
2107	225	0
830	99	0
2168	48	0
1480	171	0
582	137	0
2143	225	0
1407	231	0
903	246	0
1539	229	0
1951	92	0
553	60	0
715	75	0
1800	248	0
2089	214	0
898	246	0
1031	12	0
1386	29	0
1254	224	0
728	198	0
962	177	0
468	32	0
49	5	1
579	219	0
1359	62	0
490	78	0
1006	232	0
1531	195	0
224	86	0
2278	17	0
601	178	0
2280	65	0
224	157	0
2209	230	0
2176	162	0
1761	287	0
174	209	0
1371	52	0
1550	172	0
1731	66	0
1739	111	0
1782	265	0
1622	282	0
47	256	0
679	203	0
1333	59	0
814	157	0
2031	68	0
74	244	0
1194	83	0
134	22	0
755	53	0
1719	204	0
1265	247	0
159	49	0
1618	198	0
108	229	0
1984	109	0
596	77	1
189	87	0
1645	299	0
81	79	0
2289	160	0
730	88	0
727	247	0
47	260	0
2060	207	0
151	280	0
143	35	0
468	298	0
1676	263	0
190	81	0
1333	294	0
648	20	0
1046	259	0
1007	119	0
893	167	0
1331	23	0
1521	138	1
260	106	0
805	49	0
986	106	0
405	122	0
431	298	0
2270	137	0
1468	194	1
1398	224	0
393	186	0
1592	42	0
748	111	0
383	64	0
101	161	0
1654	67	0
289	274	0
214	1	0
733	67	0
143	257	0
881	68	0
1736	64	0
2068	124	0
1169	99	0
1631	15	0
2042	174	0
1734	245	0
969	62	0
371	210	0
228	273	0
1284	221	0
1434	178	0
1868	49	0
2062	44	0
1609	213	0
1597	95	0
649	57	0
252	250	0
660	89	0
329	281	0
1319	131	0
683	15	0
32	22	1
629	148	0
1656	155	0
1096	77	1
497	244	0
1669	31	0
1290	16	0
1197	118	0
677	227	0
225	59	0
750	48	1
519	224	0
2015	297	0
1747	290	0
1998	36	0
357	41	0
302	6	1
320	226	1
1359	139	0
990	236	0
2252	188	0
731	150	0
1582	161	0
1390	64	0
500	261	0
1828	185	0
1962	66	0
532	34	1
1439	92	0
869	163	0
1741	195	0
780	27	0
359	100	0
1217	200	0
2035	47	0
2072	94	0
1369	53	0
1434	130	0
1595	40	0
2011	35	0
2125	117	0
1789	259	0
327	77	0
1542	71	0
1929	84	0
2000	106	0
1948	8	0
357	42	0
3	8	0
991	250	0
440	290	0
139	80	0
99	59	0
2198	99	0
1357	225	0
115	192	0
1564	184	0
2064	290	0
541	75	0
759	158	0
2269	67	0
2153	244	1
1908	13	0
701	146	0
874	267	0
643	34	1
19	212	0
2178	78	0
673	272	0
2027	16	0
1021	21	0
68	297	0
1698	128	0
2242	218	0
1496	82	0
171	119	0
1273	157	0
2315	61	0
1326	269	0
1194	87	0
1201	211	0
2062	231	0
1819	293	0
1084	1	0
2287	205	0
112	271	0
1867	269	0
314	288	1
691	163	0
1019	70	0
688	161	0
1992	68	0
1349	128	1
56	177	0
2235	194	0
2236	260	0
1397	228	0
2274	146	0
1513	75	0
724	45	0
1201	193	0
1522	230	0
1369	144	0
2250	190	0
1735	262	0
1217	135	0
1591	144	0
779	206	0
932	180	0
419	215	0
1653	279	0
1538	176	0
1490	234	0
645	210	0
2150	149	0
797	8	0
519	260	0
1078	139	0
169	91	0
1372	17	0
1712	174	1
106	2	0
1916	36	0
2121	284	0
1268	180	0
2064	287	0
407	111	0
90	280	0
42	289	0
2113	5	0
596	164	0
1892	92	0
504	100	0
2010	239	0
1113	77	1
1224	19	0
705	233	0
764	94	0
8	154	0
629	35	0
2080	230	0
456	146	0
859	199	0
27	234	0
711	19	0
1305	82	0
2231	270	1
1541	38	0
586	296	0
369	142	0
1378	188	0
225	175	0
1869	262	0
1079	214	0
992	249	0
1156	88	1
1010	54	0
2170	123	0
1246	150	0
2141	211	0
602	250	0
268	159	0
483	124	0
1369	20	0
706	25	0
1934	44	0
883	249	0
1231	27	0
724	107	0
228	205	0
2185	36	0
1697	51	0
1045	121	0
1995	268	0
2305	102	0
559	146	0
616	30	0
738	262	0
1010	125	0
1773	246	0
838	69	0
1628	160	0
1971	142	1
1223	221	0
1123	195	0
1605	235	0
1116	77	1
2153	63	0
686	192	0
2221	255	0
391	214	0
2083	75	0
2330	170	0
1932	41	0
2083	282	0
161	93	0
2044	180	0
1859	12	0
436	161	0
1900	136	0
1532	14	0
1398	245	0
378	212	0
181	236	0
132	291	0
1222	92	0
2003	55	0
380	176	0
399	23	0
1101	124	0
1177	125	0
1409	162	0
1603	148	0
1602	247	0
678	50	1
598	58	0
2159	35	0
2232	215	0
103	31	0
1197	2	0
33	121	0
2085	34	0
2019	226	1
23	29	0
2142	244	1
647	34	1
772	277	0
1748	218	1
889	78	0
1301	281	0
1272	139	0
741	116	0
221	181	0
1983	195	0
1597	298	0
369	280	0
2182	54	0
1014	143	0
273	149	0
1906	230	0
2313	201	0
1297	161	0
285	194	0
2278	154	0
291	6	1
607	105	1
627	53	0
157	83	0
816	139	0
680	48	1
680	105	0
1816	287	0
2097	126	0
777	29	0
130	9	0
1910	180	0
1169	251	0
1290	126	0
574	141	0
2234	136	0
2200	54	0
1031	74	0
1798	297	0
1415	246	0
357	195	0
1419	93	0
575	212	0
793	196	0
238	290	0
1643	245	0
1680	127	0
618	34	1
988	167	0
1429	223	0
784	180	0
1362	208	0
1447	34	0
699	148	0
931	93	0
329	231	0
2015	187	0
986	121	0
907	206	0
1155	118	0
2031	10	0
1599	237	0
187	74	0
976	55	0
1713	214	0
1519	201	0
31	141	0
149	52	0
1930	220	1
2251	272	0
1155	67	0
585	113	0
2310	258	0
472	17	0
2309	165	0
1	116	0
518	130	0
2133	149	0
1521	114	1
2257	222	0
1937	199	0
768	206	0
172	164	0
918	148	0
83	203	0
1125	151	0
623	222	0
279	22	0
982	63	0
1805	164	0
515	48	1
1998	116	0
1511	136	0
1216	164	0
197	42	0
844	1	0
0	25	0
232	270	0
131	76	0
2101	60	0
1912	182	0
998	246	0
1665	64	0
946	282	0
1658	277	0
819	147	0
1058	104	0
696	250	0
2016	78	0
1294	139	0
38	207	0
1497	278	0
2084	224	0
487	2	0
84	201	0
928	69	0
407	291	1
891	39	0
2313	57	0
1337	59	0
2	65	0
1041	248	0
828	231	0
1027	105	1
1437	219	0
2005	18	0
2059	186	0
1977	50	0
2100	183	0
445	278	0
695	47	0
1438	203	0
739	120	0
2048	12	0
1933	237	0
2190	244	0
683	35	0
1387	150	0
2088	75	0
316	11	0
96	153	0
662	79	0
1099	172	0
1075	188	0
2116	246	0
585	256	0
425	21	0
381	161	0
202	6	1
672	263	0
284	101	0
2078	84	0
168	180	0
838	250	0
2294	88	0
268	210	0
1154	113	0
49	55	0
1260	34	0
120	97	0
576	291	0
1373	100	0
438	50	1
1054	213	0
1475	47	0
1582	14	0
1892	8	0
121	144	0
69	282	0
585	5	0
1574	69	0
634	109	1
2012	259	0
1918	70	0
464	127	0
1363	281	0
692	148	0
1551	176	0
1019	75	1
1695	203	0
1139	68	0
17	296	0
61	219	0
1411	181	0
754	63	0
223	194	0
2139	206	0
2240	37	0
2113	160	0
583	289	0
1182	206	1
2083	244	0
758	165	0
126	178	1
2182	264	0
706	87	0
2076	134	0
653	286	0
636	124	0
937	58	1
109	34	1
1544	94	0
1850	6	0
279	205	0
1873	268	0
313	165	1
2116	88	0
1604	10	0
1916	142	0
1296	190	0
1934	136	0
934	130	0
1684	160	0
153	78	0
115	296	0
1265	129	0
388	91	0
276	21	0
1581	67	0
1753	22	0
2130	199	0
479	286	0
109	212	0
1828	170	0
383	40	0
40	215	0
1284	109	1
929	171	0
1788	229	0
29	40	0
684	17	0
416	270	0
1063	198	0
994	72	1
2169	184	0
1069	185	0
1236	278	0
1055	83	0
1008	91	0
385	225	0
88	7	1
1399	190	0
540	89	0
1571	55	0
1615	238	0
1356	290	0
583	294	0
1804	63	0
725	59	0
892	194	0
2278	66	0
142	90	0
1541	165	0
1787	47	0
2235	272	1
1269	216	0
1426	15	0
1030	113	0
1436	86	1
2059	297	0
1007	165	0
47	66	0
672	50	1
666	154	0
2023	215	0
411	49	0
543	18	0
791	42	0
1572	218	0
1410	88	0
119	131	0
1300	299	0
1817	112	0
766	40	0
266	1	0
2142	195	0
1551	115	0
13	76	0
225	126	0
1011	236	0
2039	141	0
140	171	0
2221	246	0
1291	213	0
14	172	0
1721	147	0
403	5	0
2174	100	0
641	132	1
694	127	0
1605	141	0
884	218	0
7	145	0
2135	259	0
1300	59	0
947	11	0
743	139	0
86	259	0
1753	163	0
2055	222	0
122	261	0
1095	77	1
1425	182	0
1631	93	0
676	61	1
2268	44	1
2090	192	0
571	82	0
310	72	0
1675	4	0
1370	175	0
815	33	0
788	48	1
960	0	0
872	13	0
907	53	1
1385	136	0
1327	242	0
328	151	0
1338	5	0
1386	144	0
950	288	0
65	97	0
673	59	0
2138	180	0
798	150	0
80	149	0
2212	295	0
1440	111	0
127	131	0
695	22	0
2317	83	0
591	145	0
46	5	1
351	255	0
42	44	0
1546	50	0
2133	64	0
748	261	0
1882	92	0
1220	148	1
494	115	0
1042	29	0
1978	188	0
961	256	0
543	1	0
1994	67	0
1264	16	0
985	0	0
1826	143	0
1448	55	0
654	181	0
1787	86	1
1642	212	0
32	57	0
829	283	0
1431	11	1
382	171	0
2124	291	0
844	76	1
1606	255	0
425	36	1
1064	218	0
50	104	0
2095	23	0
454	150	0
994	66	0
1002	72	1
1403	42	0
299	138	0
1124	151	0
1063	49	0
464	239	0
97	27	0
1214	286	0
953	206	0
1248	164	0
1901	92	0
607	202	0
1262	142	0
1086	228	0
1752	5	0
1648	155	0
13	178	1
390	73	0
122	267	0
1985	171	0
431	182	0
263	232	0
2077	78	0
246	187	0
451	4	0
32	124	1
959	88	0
537	248	0
629	183	0
322	20	0
283	124	0
619	67	0
1990	118	0
2301	2	0
802	165	1
1088	17	0
881	104	0
1447	279	0
436	1	0
710	56	0
489	266	0
1007	131	0
1369	268	0
2081	76	0
762	233	0
1534	138	1
2169	110	0
1563	210	0
246	122	0
686	174	0
1930	197	0
219	159	0
2177	244	1
1897	173	0
1126	37	0
1847	188	0
2073	144	0
815	29	0
359	273	0
738	217	0
2260	145	0
473	8	0
1282	134	0
209	215	0
1915	137	0
415	178	0
2193	284	0
1012	75	1
356	6	1
170	76	0
2095	167	0
918	151	0
1612	228	0
1689	285	0
369	230	0
1372	294	0
132	38	0
1344	103	0
901	13	0
733	43	0
1892	115	0
440	172	0
492	232	0
919	195	0
736	108	0
1320	159	0
420	93	0
854	121	0
2176	123	0
2018	214	0
1525	254	0
1401	26	1
1942	226	0
1279	88	0
665	164	0
1993	51	0
1534	97	0
652	278	0
2050	227	1
283	82	0
1284	94	0
1408	297	0
339	295	0
179	221	0
1188	231	0
1071	77	1
1385	244	0
1731	82	0
1510	147	0
1283	61	0
357	154	0
115	220	0
697	132	0
1932	20	0
544	261	0
717	137	0
509	225	0
1770	258	0
42	236	0
1938	82	0
888	15	0
615	222	0
1681	167	0
278	36	0
636	228	0
302	26	0
159	105	0
1050	272	0
2275	29	0
499	266	0
1023	164	0
1130	105	0
80	59	0
1160	116	1
950	30	0
1940	220	1
1969	171	0
206	18	0
1019	141	0
658	129	0
2186	287	0
2009	297	0
646	109	0
422	196	0
12	16	0
1558	166	0
13	292	0
23	119	0
1583	194	0
2033	165	0
1647	193	0
170	231	0
1332	122	0
333	271	0
2083	189	0
1176	87	0
83	178	1
579	269	0
2050	195	0
463	77	1
1062	90	0
796	4	0
187	50	0
2152	99	0
1399	145	0
2030	32	0
1514	173	0
1751	178	1
1220	116	1
132	154	0
2004	36	0
1035	247	0
2197	276	0
152	55	0
416	177	1
420	170	0
1958	130	0
2265	275	0
58	36	1
604	273	0
511	212	0
1173	131	0
1749	276	0
315	253	0
530	110	1
1847	235	0
2316	83	0
316	199	0
755	48	1
159	208	0
2005	3	0
1355	2	0
333	200	0
1639	154	1
810	65	0
933	194	0
1434	261	0
83	138	1
560	174	1
1786	133	0
1452	42	0
2097	239	0
2091	88	0
1221	95	0
786	159	0
2236	42	0
158	266	0
657	4	0
1471	105	0
1846	259	0
831	142	1
2056	54	0
662	281	0
50	151	0
370	138	0
1178	97	0
1606	37	0
983	137	0
1326	94	1
1653	97	0
1145	235	0
2326	62	0
1935	155	0
158	146	0
2292	269	0
1825	55	0
883	134	0
1934	294	0
1126	54	0
1345	47	0
934	189	0
433	33	0
1884	211	1
1540	261	0
848	160	0
1034	130	0
1058	77	1
285	184	0
942	124	0
248	82	0
2308	61	0
2186	71	0
1319	277	0
1217	178	0
383	153	0
1496	17	0
2185	185	0
496	170	0
1115	266	0
2286	230	0
1635	135	0
2151	91	0
899	155	0
1283	297	0
1828	76	0
1998	98	0
619	100	0
644	4	0
801	21	0
1954	91	0
1968	202	0
167	15	0
1091	227	0
2316	295	0
1302	251	0
1372	128	0
919	174	0
1485	113	0
504	48	1
600	269	0
2198	228	0
737	234	0
1392	232	0
1914	207	0
1854	93	0
153	299	0
1765	85	0
1912	158	0
409	270	0
1885	263	0
2140	173	0
596	99	0
975	187	0
1564	147	0
1241	23	0
61	53	0
749	75	0
344	165	1
2191	219	0
922	30	0
2182	46	0
1620	163	0
2044	5	0
2042	236	0
1056	54	0
53	87	0
2017	115	0
2297	261	0
1207	64	0
307	164	0
1918	148	0
528	108	0
848	254	0
1683	29	0
2068	89	0
983	271	0
484	267	0
1377	208	0
1511	219	0
433	64	0
371	124	0
207	56	0
1613	111	0
791	156	0
935	279	0
1190	41	0
196	76	0
11	69	0
1313	196	0
2316	206	0
1036	258	0
654	165	0
1165	285	0
2314	264	0
1283	108	0
756	145	0
477	242	0
1569	10	0
1288	46	0
1537	101	0
2245	32	0
285	14	0
1123	144	0
861	164	0
284	242	0
1190	176	0
76	150	0
1302	9	0
2186	53	0
622	255	0
1554	124	0
1027	298	0
114	132	0
2193	79	0
59	42	0
652	54	0
691	13	0
1140	179	0
320	299	0
1210	27	0
1851	204	0
68	26	0
547	172	0
2190	123	0
1523	31	0
866	231	0
1310	90	0
580	44	0
2292	205	0
1985	132	0
470	62	0
2224	271	0
2311	34	0
1652	240	0
1364	66	0
2057	152	0
724	8	0
521	270	0
1134	196	0
2108	259	0
719	295	0
392	219	0
1084	284	0
282	97	0
480	14	0
1978	124	0
601	197	0
879	134	0
286	199	1
2084	200	0
108	42	0
453	43	1
603	98	0
363	77	0
108	62	0
1449	123	0
1619	250	0
870	44	0
385	288	0
1930	235	0
307	267	0
325	238	0
1277	230	0
1906	261	0
1696	190	0
288	22	0
61	91	0
1414	81	0
1972	290	0
1746	201	0
778	154	0
2127	252	0
2009	206	0
994	59	0
173	67	0
1046	246	0
2203	289	0
1804	113	0
702	146	0
2242	110	0
1501	234	0
622	148	0
1407	200	0
2176	244	1
1700	79	0
190	24	0
1602	137	0
2211	33	0
1485	144	0
1725	217	0
1508	274	0
2196	120	0
1273	203	0
212	5	0
670	274	0
117	54	0
954	219	1
1274	218	1
1908	219	0
749	295	1
27	2	0
1968	105	0
186	102	0
196	84	0
1653	288	0
1803	288	0
397	123	0
25	71	0
1589	178	0
951	33	0
514	210	0
1719	295	0
827	132	0
920	53	1
1329	263	0
326	228	0
277	56	0
218	151	0
1343	49	0
1372	202	0
1335	46	0
881	76	1
1047	264	0
176	151	0
2000	232	0
1109	257	0
156	194	1
835	144	0
1579	114	0
1922	219	1
1029	142	1
812	27	0
1774	132	0
176	240	0
14	110	0
2094	97	0
741	214	0
1494	105	0
781	139	0
2202	278	0
1739	196	0
1645	80	0
1923	202	0
1126	106	0
2129	251	0
710	28	0
845	73	0
1558	255	0
1800	111	0
775	49	0
864	216	0
339	130	0
940	138	0
1045	131	0
46	152	0
1812	14	0
1028	77	1
2212	42	0
1664	226	0
1260	47	0
699	207	0
1788	25	0
580	99	0
119	194	0
174	88	0
2029	167	0
1817	271	0
907	259	0
1154	131	0
1192	185	0
742	186	0
995	158	0
1960	1	0
1803	65	0
1821	167	0
947	76	0
2008	125	0
875	8	0
602	137	0
2279	51	0
437	4	0
1655	13	0
2037	187	0
665	6	0
561	240	0
327	46	0
2151	88	0
1002	299	0
1584	216	0
854	222	0
689	48	1
670	181	0
501	34	1
1696	264	0
880	174	1
635	138	0
411	159	0
1568	24	0
102	17	0
47	102	1
1166	127	0
1703	76	0
45	282	0
1490	231	0
458	75	0
365	218	0
808	185	0
1062	108	0
1829	291	0
513	74	1
2193	87	0
820	201	0
1357	125	0
1215	194	1
557	199	0
1520	16	0
232	253	0
695	74	0
1452	14	0
1143	70	0
1587	99	0
507	232	0
1224	143	0
1173	77	0
878	234	0
2168	253	0
722	45	1
459	142	1
1648	167	0
1751	219	0
1011	247	0
394	268	0
85	274	0
840	271	0
2082	253	0
2075	177	0
2233	241	0
830	214	0
1045	157	0
539	109	0
435	26	0
953	58	1
447	294	0
257	7	0
418	14	0
367	11	0
1866	269	0
398	205	0
619	277	0
2192	260	0
1338	137	0
287	111	0
1242	91	1
1694	257	0
583	129	0
11	147	0
1920	147	0
1543	202	0
1934	38	0
875	115	0
1443	152	0
1341	131	0
1104	34	0
2294	17	0
1278	292	0
363	133	0
392	189	0
1873	240	0
1003	32	0
2164	206	0
812	37	0
1367	109	0
470	281	0
2193	191	0
444	93	0
200	81	0
299	230	0
921	148	0
2128	235	0
463	92	0
2209	62	0
33	49	0
2299	255	0
214	266	0
2136	202	0
1613	43	0
1097	36	0
1092	241	0
2012	154	0
1556	180	0
1522	26	0
1671	259	0
855	76	1
1216	44	0
2319	72	1
2029	3	0
970	54	0
538	246	0
415	203	0
408	182	0
431	93	0
2299	160	0
957	183	0
352	18	0
899	113	0
2175	9	0
202	156	0
2288	288	1
687	288	0
1892	119	0
1073	100	0
2264	234	0
1429	17	0
69	249	0
693	164	0
72	130	0
2102	165	1
1503	180	0
699	248	0
1986	91	0
397	23	0
1233	11	0
2173	168	0
581	73	0
1063	92	0
2051	93	0
1003	187	0
1482	262	0
1973	16	0
1008	238	0
1714	286	0
812	292	0
249	11	0
2078	165	1
1907	198	0
2280	32	0
1458	291	0
906	161	0
555	184	0
864	233	0
1388	112	0
148	212	0
208	187	0
715	117	0
769	91	0
1822	130	0
1245	130	0
644	34	1
245	5	0
2003	121	0
935	229	0
747	52	0
844	129	0
1929	21	0
1357	103	0
2245	268	0
1745	29	0
1026	204	0
1897	298	0
612	295	0
578	173	0
1931	257	0
825	146	0
230	239	0
1553	7	0
550	39	0
143	292	0
748	48	1
593	33	0
1653	121	0
2281	281	0
2262	58	0
580	172	0
624	220	0
248	211	0
2315	94	0
512	0	0
1015	287	0
732	102	0
178	243	1
1510	44	0
1208	266	0
2308	62	0
1602	95	0
1749	284	0
376	49	0
255	58	0
2063	119	0
1444	62	0
1798	295	0
1827	135	0
2328	215	0
956	50	0
1755	258	0
1276	245	0
1209	173	0
210	165	1
323	222	0
33	132	1
166	18	0
387	60	0
1505	52	0
930	180	0
1760	135	0
2251	283	0
1754	141	0
1168	137	0
2123	91	0
1683	246	0
956	113	0
105	75	0
1513	145	0
1620	293	0
2175	227	0
2080	187	0
585	57	0
1452	211	0
1915	3	0
708	50	1
2315	247	0
634	48	1
15	45	0
2275	59	0
1982	226	0
808	94	0
1524	254	0
1739	235	0
406	174	0
933	173	0
1438	160	0
1864	236	0
506	161	0
2317	286	0
2275	234	0
919	260	0
698	225	0
1239	101	0
1751	30	0
1590	246	0
658	51	0
19	290	0
923	222	0
718	74	0
780	280	0
829	130	0
2167	177	0
481	99	0
1967	111	0
1970	143	0
1911	180	0
1126	199	0
925	138	1
2035	255	0
1773	121	0
181	194	0
1357	141	0
1624	191	0
917	167	0
268	238	0
676	54	0
1675	284	0
639	46	0
662	136	0
2199	296	0
2005	238	0
1239	111	0
145	212	0
634	72	1
268	6	1
229	110	0
1460	267	0
1242	4	0
94	244	1
432	218	0
1979	145	0
137	63	0
1063	0	0
1092	120	0
738	65	0
2233	146	0
735	29	0
1670	86	1
390	278	0
1883	271	0
1686	1	0
795	237	1
2023	91	0
1088	93	0
583	122	0
621	105	1
2065	6	0
403	66	1
1085	140	0
448	27	0
1597	145	1
1479	297	0
1597	94	0
346	240	0
711	34	1
1583	101	0
1630	181	0
1012	12	0
816	180	0
1151	265	0
1281	177	0
2325	158	0
586	225	0
1152	90	0
1165	75	0
527	218	0
813	140	0
885	219	0
1390	77	0
685	54	0
2092	118	0
1853	167	0
419	119	0
542	253	0
1557	133	0
2244	15	0
2029	64	0
1658	221	0
2302	17	0
783	241	0
185	284	0
1421	5	0
631	233	0
1595	24	0
1297	97	0
913	103	1
704	243	0
1588	88	0
1487	13	0
12	50	0
463	231	0
1459	160	0
1195	50	0
196	47	0
1072	53	0
1760	133	0
1440	75	0
437	32	0
1661	277	0
1734	75	0
1215	295	0
1	187	0
997	187	0
1436	11	0
1571	63	0
1464	5	0
955	264	0
217	15	0
729	265	0
384	81	0
137	257	0
1280	175	0
781	44	0
893	276	0
2120	184	0
872	186	0
1624	298	0
1383	26	1
674	219	0
1711	215	0
365	16	0
2129	96	0
644	193	0
280	15	0
496	143	0
156	233	0
1776	256	0
468	177	0
1213	180	0
513	4	0
955	48	0
1551	15	0
32	185	1
658	31	0
105	279	0
1393	41	0
771	17	0
1168	228	0
929	108	0
1294	97	0
878	62	0
372	279	0
1613	140	0
2226	77	0
2223	120	0
860	167	0
690	34	1
697	68	0
674	211	0
1896	22	0
1631	223	0
658	148	0
1575	202	0
1555	45	0
713	57	0
865	159	0
1952	180	0
889	20	0
1324	36	0
456	50	1
1267	253	0
958	42	0
1406	179	0
1779	284	0
916	157	0
335	136	0
1964	244	1
181	46	0
1969	150	0
761	179	0
1784	95	0
788	3	0
910	128	0
1612	13	0
1672	215	0
399	259	0
1756	282	0
1079	77	1
678	48	1
1649	96	0
782	249	0
417	275	0
1512	254	0
2021	220	0
1949	112	0
1525	136	0
1408	281	0
2106	274	0
2137	257	0
2233	230	0
636	86	0
229	240	0
114	216	0
2217	132	0
815	244	1
2314	199	0
1150	98	0
2124	153	0
346	200	0
838	202	0
456	194	0
784	57	0
547	130	0
362	64	0
1909	78	0
1707	239	0
1653	60	0
175	237	0
2186	123	0
1632	5	0
1586	246	0
1168	177	0
1591	72	0
1151	160	0
47	118	1
213	290	0
909	202	0
366	60	0
2006	129	0
1525	134	0
1116	240	0
1209	72	0
955	197	0
2069	43	0
1752	26	0
2007	258	0
217	174	0
283	283	0
1377	294	0
716	174	1
676	262	0
564	255	0
1485	256	0
2019	17	0
1439	250	0
1645	257	0
32	160	0
989	272	0
1214	6	0
1192	243	0
1982	138	0
2026	226	1
1843	109	0
145	47	0
563	240	0
954	174	1
267	62	0
572	220	0
925	276	0
2048	79	0
2226	162	0
1236	95	0
2137	102	0
1959	67	0
815	165	1
615	282	0
1780	45	0
189	6	1
1169	19	0
798	157	0
981	86	0
556	246	0
268	235	0
248	256	0
1000	136	0
2107	45	0
1662	265	0
1655	193	0
983	25	0
113	50	1
1359	297	0
767	40	0
216	74	0
1532	96	0
2220	3	0
1100	140	0
222	171	0
124	70	0
1174	199	0
471	244	0
872	238	0
1134	235	0
665	48	0
1478	247	0
1049	232	0
2241	156	0
171	77	0
1914	100	0
788	252	0
608	176	0
25	157	0
1328	94	1
1955	221	0
905	50	0
669	77	0
1903	194	0
1267	79	0
1209	1	0
35	62	0
9	145	1
417	15	0
547	241	0
582	26	0
1440	28	0
1053	285	0
2197	188	0
961	98	0
860	133	0
247	276	0
164	95	0
292	142	0
1931	8	0
140	77	0
2091	136	0
1807	120	0
1306	46	0
298	108	0
620	164	0
48	76	1
1678	255	0
524	32	0
1807	294	0
190	10	0
565	281	0
1041	36	0
2186	289	0
1429	23	0
1572	13	0
2001	179	0
629	204	0
71	45	1
428	45	0
1616	271	0
2247	180	0
348	275	0
642	31	0
476	45	0
663	175	0
1397	166	0
688	11	0
1015	32	0
2080	247	0
2231	172	0
2078	241	0
789	74	0
942	19	0
276	87	0
1080	72	0
369	170	0
182	62	0
18	41	0
1698	63	0
2249	24	0
187	38	0
2194	278	0
1208	225	1
734	174	0
1339	241	0
29	242	0
1500	198	0
122	105	0
313	126	0
1429	38	0
1381	76	0
2221	208	0
2027	227	1
562	290	0
2300	160	0
2096	190	0
2133	279	0
2165	41	0
185	89	0
143	272	0
1975	272	0
386	206	0
353	1	0
2242	274	1
908	118	0
301	243	0
1352	94	1
1900	63	0
901	145	0
1520	258	0
1871	16	0
1364	259	0
1699	295	0
2115	299	0
2031	98	0
1485	135	1
458	179	0
410	124	0
861	118	0
1771	217	0
1940	248	0
2311	139	0
2267	52	0
1997	180	0
2022	204	0
1263	102	1
976	274	0
1107	91	0
751	28	0
1648	12	0
539	7	0
453	214	0
312	71	0
110	48	1
972	18	0
1486	114	0
1634	80	0
1988	100	0
402	174	0
589	64	0
2152	244	1
1082	74	0
810	50	1
2128	0	0
543	246	0
1466	33	0
505	49	0
1490	227	0
563	289	0
2052	147	0
1260	56	0
447	68	0
1539	137	0
2082	27	0
1890	198	0
1489	135	1
835	154	0
1939	220	1
245	31	0
573	17	0
2069	198	0
1322	223	0
3	24	0
1613	236	0
1062	237	0
1937	98	0
115	286	1
198	129	0
1519	25	0
1813	40	0
1357	136	0
1921	184	0
326	6	1
896	284	0
251	142	0
783	174	1
106	226	1
905	4	0
354	181	0
1879	173	0
73	123	0
65	100	0
529	204	0
1982	275	0
86	7	1
456	66	0
721	176	0
262	87	0
1029	93	0
508	267	0
2139	0	0
2002	157	0
693	13	0
1135	167	0
1868	237	0
1610	158	0
969	66	0
860	238	0
835	71	0
226	192	0
1671	215	0
1700	102	0
630	190	0
82	239	0
48	132	1
2073	49	0
500	164	0
566	21	0
1028	224	0
1083	108	0
1392	172	0
881	14	0
561	109	0
511	113	1
70	12	0
930	154	0
489	56	0
753	252	0
1823	219	0
1601	278	0
1791	135	0
1055	154	0
729	84	0
1535	38	0
864	89	0
1886	67	0
2243	273	1
1027	216	0
910	295	0
1708	163	0
939	77	0
731	78	0
2213	238	0
788	46	0
114	127	0
671	214	0
1776	111	0
2152	132	0
2067	118	0
1292	230	0
347	23	0
1240	221	0
1293	167	0
1346	101	0
547	26	0
253	227	0
1155	104	0
1794	21	0
343	165	1
1002	293	0
1086	288	0
140	47	0
595	277	0
810	264	0
1635	212	0
1033	52	0
868	23	0
1424	156	0
1135	125	0
1448	286	0
1750	222	0
1996	35	0
1620	283	0
1694	279	0
2049	145	0
261	251	0
1344	227	0
1957	42	0
1261	267	0
397	293	0
2277	144	0
1432	279	0
278	97	0
1201	1	0
756	258	0
704	123	0
1790	259	0
2156	50	0
1904	238	0
1272	277	0
1557	101	0
1855	39	0
1786	110	0
269	19	0
5	22	0
1063	123	0
552	133	0
1517	12	0
1533	138	1
2220	134	0
2155	293	0
1724	39	0
838	104	0
248	282	0
1051	251	0
1972	240	0
566	6	0
1764	246	0
733	280	0
1594	79	0
1469	112	0
930	289	0
1083	269	0
819	53	0
611	218	1
2266	279	0
1527	244	0
1486	153	0
540	157	0
436	215	0
2288	275	0
728	46	0
1927	191	0
645	191	0
80	182	0
840	205	0
114	229	0
2299	126	0
2075	88	0
1690	109	0
40	73	0
2209	186	0
880	63	0
383	104	1
2028	191	0
2135	296	0
554	48	1
1048	194	0
207	14	0
2295	288	1
2258	144	0
24	197	0
497	9	0
1104	157	0
543	203	0
2180	251	0
439	48	0
1009	259	0
137	283	0
1195	91	1
1276	81	0
68	46	0
2295	142	0
493	43	0
2238	279	0
627	41	0
1547	64	0
208	18	0
1271	264	0
367	249	0
1411	39	0
1322	192	0
1801	42	0
1997	137	0
690	13	0
2147	38	0
1580	245	0
309	90	0
294	194	0
1004	127	0
449	252	0
1941	0	0
2194	102	0
1197	257	0
1996	247	0
2329	150	0
678	144	0
670	103	0
1932	119	0
2324	162	0
315	59	0
1118	242	0
1235	227	0
680	174	0
1807	25	0
659	34	1
2295	33	0
1710	150	0
471	108	0
348	195	0
1524	155	0
325	50	1
1450	228	0
1019	95	0
325	142	0
1824	16	0
1319	56	0
485	117	0
1859	118	0
1996	278	0
47	207	1
2324	236	0
1685	44	0
1688	104	0
161	240	0
1792	156	0
2039	109	0
520	176	0
1562	269	0
161	165	1
1897	208	0
193	134	0
2092	243	0
1937	82	0
379	244	0
207	220	0
521	4	0
462	192	0
598	275	0
1152	55	0
119	151	0
353	29	0
1586	109	0
2315	231	0
892	242	0
1156	9	0
2037	151	0
2013	110	0
1663	234	0
143	147	0
1543	261	0
1044	299	0
103	11	0
1090	99	0
1481	126	0
685	100	0
1123	104	0
1460	177	0
2217	122	0
587	209	0
1573	142	1
1528	20	0
233	280	0
638	91	0
1598	289	0
616	58	0
2193	150	0
1080	77	1
223	94	0
727	249	0
2032	227	1
2060	51	0
661	239	0
799	245	0
2104	296	0
2235	86	0
431	157	0
199	32	0
11	227	0
53	21	0
1982	105	0
1520	142	0
1861	59	0
325	287	1
1908	158	0
1995	37	0
2152	189	0
1332	210	0
1007	76	1
1593	276	0
1535	298	0
2229	242	0
599	233	0
1661	258	0
642	57	0
1085	76	0
1585	134	0
863	50	1
1645	284	0
1504	229	0
2041	155	0
291	30	0
611	35	0
2040	73	0
687	209	0
1365	50	0
559	7	0
548	34	1
484	278	0
818	50	1
1461	30	0
2058	184	0
131	132	0
28	5	1
1943	136	0
1377	100	0
1069	146	0
1366	243	0
1861	33	0
1576	177	0
1884	230	0
2077	135	0
1786	132	0
398	259	0
2127	102	0
470	6	0
1441	198	0
1239	296	0
1638	66	0
2282	228	0
1233	159	0
2218	48	0
1481	195	0
260	58	0
771	31	0
2158	131	0
1861	76	0
1665	243	0
1973	50	0
1420	83	0
1370	60	0
2005	2	0
553	155	0
1486	121	0
1242	272	0
1968	222	0
646	266	0
86	229	0
543	19	0
2186	278	0
1166	162	0
1519	275	0
2287	159	0
777	69	0
65	223	0
359	283	0
1037	193	0
1839	290	0
2071	79	0
1597	167	0
1112	156	0
506	228	0
2122	70	0
278	33	0
874	223	0
1541	225	0
17	67	0
692	274	0
1437	39	0
1835	207	0
2141	124	0
299	151	0
1948	227	0
1982	41	0
1771	46	0
58	17	0
1845	101	0
496	209	0
1000	195	0
1812	244	0
447	262	0
772	121	0
2057	107	0
1866	295	0
787	123	0
1541	52	0
1503	2	0
2002	74	0
834	225	0
160	142	1
656	129	0
1956	132	1
733	269	0
960	206	0
1116	151	0
587	90	0
1908	52	0
1570	117	0
1275	104	0
367	123	0
251	94	0
901	23	0
2309	45	0
1914	131	0
1283	259	0
1435	229	0
1446	264	0
2042	71	0
2309	298	0
113	233	0
373	124	0
772	13	0
1350	8	0
1893	70	0
1799	198	1
2289	281	0
1576	72	0
2041	85	0
1438	181	0
1712	4	0
501	254	0
64	191	0
1069	33	0
70	64	0
1508	102	0
1904	47	0
546	213	0
840	125	0
810	117	0
2050	87	0
478	269	0
60	268	0
1352	230	0
908	28	0
1203	130	0
1998	2	0
889	220	0
1203	110	0
1552	42	0
733	71	0
34	174	0
75	30	0
283	49	0
278	241	0
262	165	0
191	7	0
1237	95	0
993	181	0
1739	165	0
921	179	0
1133	238	0
1340	60	0
1981	263	0
1784	149	0
1959	293	0
1928	222	0
1124	77	1
1725	148	0
2073	151	0
2208	236	0
442	157	0
2068	209	0
837	181	0
471	27	0
517	64	0
1598	294	0
239	113	0
2031	102	0
2003	184	0
1859	80	0
2150	19	0
627	299	0
330	115	0
1280	265	0
1037	48	0
769	18	0
1315	246	0
1243	46	0
161	25	0
436	211	0
138	165	1
2215	39	0
1003	207	0
716	189	0
1388	81	0
564	73	0
627	266	1
753	29	0
463	37	0
1323	120	0
892	262	0
620	120	0
1952	157	0
210	119	0
955	237	0
1847	148	0
585	134	0
1810	280	0
384	26	1
1854	266	0
1755	287	0
1218	272	0
1683	262	0
885	197	0
955	164	0
2199	12	0
1694	114	1
1910	245	0
494	92	0
787	137	0
1199	33	0
91	7	1
908	64	0
245	177	0
884	296	0
1183	6	0
407	290	0
618	286	0
238	13	0
999	79	0
1088	138	0
47	10	0
489	3	0
991	217	0
241	127	0
1116	184	0
817	199	0
1901	120	0
1509	185	0
331	282	0
184	6	1
223	210	0
1096	83	0
2241	223	0
552	209	0
884	53	1
2001	49	0
2265	263	0
119	17	1
202	93	0
1829	274	0
573	49	0
1285	109	1
1077	282	0
1160	86	0
2108	298	0
29	201	0
435	40	1
1233	181	0
1761	117	0
288	278	0
998	141	0
656	179	0
1393	288	0
1442	25	0
1087	239	0
825	247	0
598	10	0
564	290	0
292	114	0
31	212	0
349	150	0
1665	177	0
122	275	0
279	299	0
1918	216	0
978	66	1
778	88	0
1758	151	0
648	195	0
368	99	0
1271	69	0
285	266	0
966	128	0
665	290	0
1312	118	1
706	64	0
435	178	1
1474	94	0
188	6	1
942	246	0
1034	253	0
653	197	0
1876	121	0
248	38	0
94	248	0
2114	32	0
1069	38	0
1780	2	0
1793	8	0
497	107	0
2175	118	0
809	95	0
2243	206	0
1676	122	0
882	164	0
2221	106	0
1968	174	0
1510	194	0
1264	73	0
1022	278	0
652	283	0
501	33	0
1185	173	0
1835	189	0
150	296	0
724	111	0
1301	111	1
2197	140	0
1018	226	1
2300	44	0
447	96	0
373	175	0
1580	153	0
842	268	0
235	178	0
1489	104	0
1635	235	0
248	6	1
456	143	0
303	278	0
793	29	0
49	152	0
535	293	0
178	166	0
1981	142	1
1253	296	0
801	138	1
1538	285	0
774	250	0
186	253	0
1497	139	1
1024	50	0
402	114	0
1613	19	0
232	256	0
1747	87	0
1946	150	0
1846	182	0
673	67	0
816	242	0
101	292	0
32	91	1
357	81	0
140	154	0
1554	198	0
866	292	0
2218	282	0
1023	175	0
2144	35	0
795	8	0
253	3	0
11	168	0
188	172	0
946	291	0
864	42	0
852	119	0
1573	93	0
14	274	0
1605	146	1
1402	61	0
111	146	0
147	208	0
411	14	0
1471	69	0
1819	15	0
1190	56	0
1392	166	0
377	49	0
2312	198	0
913	135	0
2188	76	0
121	120	0
558	111	0
1372	35	0
817	282	0
2308	94	0
824	131	0
1190	16	0
913	43	0
672	255	0
1508	116	0
638	218	1
2060	84	0
306	236	0
1071	290	0
1108	3	0
2031	97	0
561	72	1
186	174	0
914	204	0
1821	203	0
1988	175	0
1619	159	0
545	244	0
1817	200	0
987	165	0
2106	203	0
2079	232	0
204	223	0
179	11	0
164	277	0
862	50	1
1667	249	0
2033	223	0
47	71	0
2198	269	0
2026	241	0
12	56	0
159	165	1
1349	201	0
648	99	0
719	53	0
996	141	0
162	266	0
2165	242	0
565	183	0
883	122	0
276	271	0
969	206	0
2253	209	0
1880	3	0
1122	80	0
1656	274	1
1871	119	0
227	143	0
2122	157	0
738	170	0
2184	251	0
2098	87	0
1020	273	0
1820	177	0
893	103	0
158	288	1
2071	104	0
1939	214	0
1051	48	0
697	34	1
2206	151	0
326	87	0
1830	214	0
1312	172	0
1817	209	0
1059	180	0
1258	286	0
1731	288	0
2275	294	0
1733	134	0
1877	211	1
268	120	0
2142	46	0
85	162	0
1119	217	0
1659	79	0
1601	233	0
944	108	0
1020	78	0
2149	22	0
1347	39	0
886	178	0
921	175	0
1309	213	0
677	197	0
1506	190	0
93	7	1
15	218	0
757	92	0
563	174	1
359	133	0
1300	189	0
726	60	0
409	23	0
1759	34	0
2106	165	1
978	288	1
1127	99	0
410	66	0
808	245	0
104	205	0
2257	279	1
1383	182	0
55	112	0
2274	0	0
1731	12	0
3	289	0
850	175	0
1953	251	0
1313	53	0
938	67	0
1858	31	0
1156	154	0
1816	272	0
1117	218	0
2183	158	0
1382	161	0
1164	37	0
282	144	0
1795	65	0
266	218	0
227	8	0
2090	116	0
1759	221	0
644	41	0
137	98	0
1429	166	0
145	78	0
1139	88	0
203	214	0
2218	14	0
1343	94	1
1243	210	0
2234	33	0
2134	263	0
319	76	0
82	271	0
1196	294	0
303	157	0
1260	285	0
265	27	0
1223	59	0
2099	163	0
1382	276	0
1020	43	0
1002	51	0
1100	170	0
94	32	0
1657	43	0
9	72	0
1510	242	0
446	50	1
1499	67	0
1031	169	0
358	261	0
640	272	0
2242	187	0
575	152	0
1760	118	0
134	245	0
19	69	0
1322	275	0
1466	108	0
1511	223	0
2011	66	0
2234	167	0
1671	119	0
906	123	0
1292	214	0
4	25	0
2319	47	0
1936	58	0
1017	160	0
2042	78	0
407	57	0
1730	76	0
1738	147	0
639	229	0
429	233	0
394	205	0
1938	56	0
637	120	0
654	187	0
2284	149	0
420	234	0
938	290	0
809	68	0
794	140	0
1000	122	0
403	118	0
276	59	0
953	114	0
2120	199	0
2107	284	0
657	206	0
1742	249	0
1430	137	0
1388	127	0
1037	188	0
1255	192	1
1656	78	0
2135	202	0
1286	61	0
124	96	0
541	255	0
2019	201	0
916	242	0
2281	81	0
1225	175	0
39	21	0
2104	190	0
26	14	0
1318	123	1
421	264	0
853	170	0
133	264	0
2004	298	0
775	280	0
548	48	1
183	205	0
292	75	0
1574	124	0
378	25	1
1770	252	0
1823	175	0
1174	90	1
147	50	0
1196	189	0
338	142	0
347	221	0
1602	18	0
276	140	0
108	98	0
1131	4	0
1403	58	0
1155	61	0
189	189	0
2188	216	0
1	66	0
866	50	1
229	228	0
1600	163	0
179	137	0
85	33	0
698	248	0
55	100	0
868	162	0
427	244	0
496	163	0
1571	262	0
1677	244	1
1267	250	0
683	50	1
2172	31	0
2212	39	0
734	213	0
1703	63	0
753	277	0
59	142	1
1241	230	0
2193	297	0
434	203	0
2143	147	0
667	92	0
1731	74	0
1396	260	0
1422	77	0
162	234	0
690	59	0
794	190	0
465	126	0
2160	28	0
321	94	0
2251	216	0
1033	40	0
1326	167	0
2302	38	0
1160	215	0
2218	116	0
1659	157	1
1156	258	0
2029	296	0
163	175	0
215	68	0
2166	56	0
953	233	0
1957	184	0
1837	260	0
873	107	0
412	293	0
1091	40	0
606	34	1
2131	74	0
1928	251	0
357	231	0
2012	280	0
1363	172	0
1826	239	0
1612	30	0
983	193	0
1263	244	0
77	223	0
906	283	0
373	26	0
879	137	0
949	146	0
718	180	0
379	202	0
789	242	0
1290	105	0
213	253	0
1158	154	0
2227	236	0
1150	210	0
383	116	0
2219	132	0
1592	122	0
401	73	0
1509	136	0
326	240	0
263	28	0
67	260	0
2247	29	0
1549	269	0
134	182	0
580	34	1
219	52	0
249	109	0
655	106	0
595	151	0
1103	247	0
1195	189	0
1425	5	0
1500	254	0
127	93	1
571	132	1
1886	211	1
1274	260	0
189	130	0
2143	105	0
2172	46	0
1362	276	0
1130	202	0
2217	193	0
1308	258	0
152	261	0
180	231	0
1911	283	0
652	105	0
246	44	0
1736	218	0
1643	151	1
1465	50	0
1316	25	0
1474	216	0
2286	43	0
1583	144	0
137	94	0
470	68	0
638	3	0
1125	265	0
2067	225	0
1428	193	0
859	228	0
1008	18	0
1736	268	0
1896	112	0
537	251	0
1445	284	0
1609	232	0
2323	204	0
1838	55	0
2144	248	0
163	192	0
773	165	0
857	227	0
31	58	1
819	154	0
2242	139	0
2153	213	0
180	123	1
1500	267	0
904	23	0
212	102	0
2094	194	0
370	145	0
1218	192	0
235	286	0
493	20	0
695	257	0
796	48	1
1451	279	0
2255	166	0
198	86	0
546	88	0
1309	192	0
1352	179	0
112	164	0
1216	10	0
1689	298	0
156	116	0
5	292	0
2204	237	0
1860	167	0
95	184	0
1070	18	0
199	54	0
194	219	0
1838	120	0
13	62	0
963	128	0
1853	84	0
834	176	0
0	277	0
1012	289	0
1006	171	0
1341	72	0
1336	253	0
903	41	0
114	201	0
2017	50	0
1798	52	0
136	8	1
1688	259	0
2193	230	0
1148	45	0
2233	193	0
530	94	1
56	62	0
1595	65	0
870	120	0
308	287	0
2188	77	0
726	30	0
2103	45	0
336	27	0
2204	22	0
1207	146	0
2259	112	1
1355	86	0
2251	83	0
62	154	0
357	165	1
2161	117	0
535	223	1
370	140	0
321	298	0
674	24	0
1764	86	0
6	3	1
1515	202	0
2229	212	0
2183	157	0
1827	77	0
1781	286	0
283	278	0
19	271	0
2023	14	0
1973	161	0
2207	57	0
180	207	0
2076	13	0
991	134	0
826	159	0
1161	71	0
810	221	0
1927	64	0
2115	173	0
97	13	0
32	252	1
894	53	1
113	152	0
2033	7	0
1968	112	0
967	227	1
647	17	0
782	84	0
1171	32	0
2024	108	0
1927	190	0
1034	162	0
1344	291	0
1715	174	1
164	36	0
2099	295	0
788	2	0
689	69	0
785	205	0
1131	89	0
565	61	1
1377	60	0
2128	217	0
1707	175	0
1821	297	0
1109	122	0
2181	15	0
420	24	0
243	160	0
1653	84	0
425	151	0
1129	163	0
1032	35	0
179	243	1
719	43	0
45	184	0
1972	146	0
2304	268	0
1915	30	0
1376	118	0
2129	138	0
1189	158	0
1117	196	0
1852	72	0
1136	88	1
1136	138	1
908	127	0
414	246	0
1728	49	0
2102	260	0
538	257	0
218	93	0
631	250	0
1083	191	0
81	52	0
526	280	0
1210	146	0
1979	61	0
2180	280	0
1741	166	0
1329	64	0
2274	54	0
934	251	0
1800	257	0
462	31	0
1254	164	0
731	251	0
1380	287	0
1864	60	0
1954	28	0
1721	264	0
2163	53	0
904	8	0
46	173	0
310	41	0
2010	17	0
1268	176	0
1092	183	0
391	273	0
686	293	0
590	270	0
1498	262	0
955	47	0
982	2	0
178	186	0
737	261	0
923	269	0
1378	221	0
177	133	0
434	97	0
1722	14	0
174	171	0
1417	19	0
1280	281	0
2035	115	0
424	2	0
2100	280	0
1874	108	0
1104	152	0
185	287	1
2164	267	0
1146	71	0
1902	165	0
851	236	1
340	86	0
961	38	0
2194	264	0
2267	215	0
2108	103	0
1493	89	0
1904	54	0
793	49	1
63	254	0
2284	274	0
1347	112	0
1830	270	0
1617	81	0
1656	267	0
1426	265	0
2272	106	0
123	141	0
369	191	1
181	50	1
1954	217	0
1364	72	0
2073	89	0
1507	144	0
1728	205	0
2266	124	0
2111	100	0
494	91	0
1274	130	0
1337	256	0
1991	192	0
627	233	0
962	287	0
1100	186	0
323	280	0
1525	247	0
1167	247	0
1886	289	0
694	294	0
1174	121	0
653	15	0
175	91	0
1152	56	0
2157	26	0
1020	167	0
911	187	0
795	49	1
1923	272	0
711	77	0
1438	71	0
286	203	0
565	34	1
1505	105	0
1981	261	0
1025	126	0
423	258	0
1072	142	0
113	61	0
1977	290	0
1723	117	0
903	280	0
2050	232	0
403	1	0
1168	157	0
1841	156	0
1906	199	0
2127	68	0
1416	82	0
1424	207	0
709	241	0
2014	37	0
932	220	0
1221	12	0
1496	213	0
1154	164	0
1417	79	0
1764	51	0
1087	152	0
874	253	0
1201	299	0
66	288	0
1488	56	0
1717	272	0
304	139	0
1623	60	0
569	34	1
570	136	0
484	120	0
45	197	0
367	137	0
1273	94	0
526	279	0
947	162	0
553	81	0
2180	194	0
2271	44	1
1919	60	0
1062	173	0
183	285	0
376	248	0
716	0	0
1427	221	0
1802	198	0
43	184	0
832	76	1
1761	189	0
2076	243	0
1594	102	0
1821	36	0
332	264	0
1512	184	0
854	42	0
220	222	0
2000	176	0
1940	59	0
2254	274	1
194	81	0
1871	288	0
1124	141	0
1663	222	0
2088	35	0
1790	157	0
725	252	0
1758	275	0
191	257	0
224	265	0
2127	279	0
1969	119	0
1187	41	0
633	225	0
1783	52	0
1745	231	0
813	70	0
2136	121	0
355	6	1
2137	63	0
477	141	0
1538	44	0
1976	284	0
1311	259	0
1743	183	0
1767	173	0
2244	142	0
1761	110	0
2040	238	0
1441	51	0
664	34	1
2176	130	0
721	217	0
1067	184	0
1859	94	0
1110	43	0
2209	147	0
507	274	0
387	159	0
991	129	0
811	174	1
1582	125	0
338	9	0
1787	101	0
747	288	0
243	58	0
1854	23	0
363	182	1
2327	298	1
1111	77	1
2165	228	0
73	100	0
561	184	0
21	4	1
1960	205	0
1980	201	0
1295	109	1
1722	174	1
1939	246	0
108	7	1
1765	223	0
66	59	0
1928	15	0
647	274	0
1109	283	0
1865	218	0
153	130	0
209	11	0
157	45	0
1040	295	0
1416	282	0
1830	149	0
2226	106	0
128	140	0
687	34	1
798	194	0
1466	61	0
518	157	0
1824	13	0
2055	72	0
732	225	0
1922	129	0
1528	141	0
1343	248	0
1215	91	1
179	259	0
778	19	0
1023	155	0
377	194	0
1395	137	0
594	110	0
921	216	1
642	166	0
309	219	0
1406	25	0
1549	148	0
250	237	0
320	275	0
1760	31	0
833	258	0
1897	18	0
95	274	0
1925	264	0
483	295	0
2185	272	0
1529	138	1
92	101	0
784	22	0
828	290	0
548	136	0
1954	8	0
1633	62	0
1187	84	0
1112	47	0
87	179	0
1889	193	0
782	104	0
1797	203	0
935	93	0
856	6	0
2206	14	0
61	7	1
1557	48	0
1831	74	0
1231	5	0
589	279	0
108	231	0
1157	136	0
293	230	0
1177	278	0
737	37	0
1311	239	0
1450	147	0
701	50	1
636	136	0
181	52	0
779	280	0
2105	288	0
55	98	0
193	200	0
1872	71	0
19	265	0
1214	170	0
1429	11	1
1345	28	0
1384	114	0
498	41	0
1107	245	0
2013	226	1
1149	154	0
2038	275	0
784	167	0
1452	196	0
1792	238	0
1358	288	0
1696	5	0
758	48	1
2327	198	0
1688	115	0
12	0	0
242	283	0
277	222	0
905	105	0
1241	95	0
1519	45	0
1901	130	0
1932	142	0
1065	69	0
1028	39	0
416	1	0
1736	92	0
1333	94	1
1448	177	0
1348	67	0
335	71	0
659	194	0
1780	75	0
1622	242	0
2117	201	0
1090	17	0
2034	31	0
1803	86	0
1221	150	0
1534	168	0
1557	261	0
79	55	1
1039	160	0
1965	142	1
1378	199	0
142	289	0
689	70	0
1792	3	0
743	78	0
900	226	0
1438	65	0
754	164	0
644	161	0
1204	148	0
1817	211	0
1344	184	1
33	44	0
1086	100	0
1182	250	0
1008	267	0
179	187	0
517	162	0
1861	7	0
2204	53	0
854	97	0
2069	170	0
2302	43	0
1560	52	0
1690	202	0
1400	174	0
1788	99	0
63	250	0
118	93	0
2177	82	0
336	79	0
399	50	0
1904	144	0
1331	94	1
915	53	1
861	209	0
728	0	0
157	243	1
1806	135	0
1051	200	0
1820	31	0
2196	82	0
607	128	0
1996	230	0
852	227	0
419	120	0
1414	292	0
2026	264	0
525	62	0
728	174	0
2312	138	0
16	141	0
419	53	0
2190	243	1
798	210	0
939	66	0
429	236	0
14	45	0
1486	144	0
614	192	0
321	219	0
829	215	0
929	76	0
1173	97	0
1728	263	0
680	118	0
781	120	0
1013	136	0
65	122	0
2096	72	0
1308	262	0
1955	291	0
1400	84	0
1267	266	0
1352	279	0
1499	138	1
936	267	1
539	50	1
440	167	0
424	69	0
1611	167	0
580	86	0
1616	114	1
1768	191	0
1870	184	0
827	85	0
1153	103	0
597	184	0
1103	235	0
821	223	0
1310	231	0
489	34	1
859	11	0
2059	73	0
813	187	0
2041	25	0
1086	222	0
2058	108	0
1544	57	0
148	49	0
1429	230	0
634	143	0
796	228	0
464	181	0
655	204	0
242	241	0
1642	228	0
2045	73	0
407	116	1
1559	267	0
1989	196	0
466	110	1
1412	123	0
201	44	0
1335	118	0
494	268	0
969	74	0
119	223	0
1825	28	0
834	240	0
529	65	0
868	77	1
1791	294	0
967	84	0
1442	183	0
1039	77	1
243	11	0
712	45	0
580	282	0
1354	20	0
1715	142	0
1436	126	0
1692	42	0
1174	58	0
2076	165	1
785	123	0
2168	127	0
2093	126	0
276	296	0
1075	69	0
1870	55	0
1472	14	0
854	160	0
198	93	0
929	294	0
1436	26	0
262	62	0
486	256	0
92	279	0
786	49	1
1190	285	0
1224	226	0
368	285	1
2026	165	0
388	180	0
756	165	0
1995	169	0
507	44	0
130	299	0
1918	253	0
742	241	0
620	290	0
1688	139	1
1517	163	0
1333	34	0
369	285	1
339	137	0
550	248	0
456	159	0
2009	227	1
1176	257	0
1220	248	0
1704	122	0
1624	182	0
943	178	0
1179	299	0
1067	30	0
1525	145	0
51	215	0
1639	207	1
1318	146	0
26	18	0
953	120	0
2214	49	0
972	125	0
1611	256	0
1762	149	0
714	130	0
2166	48	0
268	166	0
1670	126	0
1490	16	0
64	233	0
35	283	0
1893	217	0
350	244	0
692	143	0
2063	33	0
495	48	1
1328	247	0
1747	204	0
921	136	0
573	34	1
417	75	0
1411	252	0
584	106	0
2015	237	0
2077	133	0
170	273	1
1871	145	0
549	34	1
46	268	0
2208	38	0
1022	129	0
914	153	0
1399	297	0
2299	288	1
2251	165	0
335	264	0
494	182	0
891	49	0
730	105	0
1723	215	0
886	124	0
1503	182	0
249	57	0
442	119	0
266	196	0
1362	114	0
34	5	1
1947	96	0
200	148	0
2125	179	0
820	146	0
557	274	0
780	265	0
1230	148	0
1156	40	0
1078	2	0
658	47	0
17	178	1
2164	263	0
1860	186	0
1731	98	0
337	235	0
971	195	0
409	49	0
1831	270	0
1440	203	0
1086	295	0
380	93	0
1682	61	0
1096	94	0
86	198	0
455	143	0
881	2	0
1583	286	0
2057	96	0
258	272	0
1946	40	0
647	81	0
2323	186	0
1509	161	0
617	25	0
1184	21	0
2198	86	0
814	218	0
874	61	0
919	272	0
191	6	1
2208	85	0
1219	37	0
372	77	0
683	289	0
1657	177	0
1519	256	0
862	73	0
244	54	0
126	68	0
1056	187	0
566	213	0
2221	189	0
1444	58	0
641	254	0
417	223	0
1512	49	0
97	181	0
1748	122	0
749	63	0
236	46	0
1242	260	0
1063	240	0
1834	226	0
292	243	0
2280	44	1
2197	278	0
1146	10	0
2019	215	0
1921	273	0
1120	30	0
1674	169	1
1076	201	0
444	96	0
491	171	0
70	46	0
848	185	0
926	88	0
2116	98	0
1762	77	0
1333	209	0
2008	37	0
912	137	0
316	40	0
1081	3	0
1132	144	0
20	165	0
127	223	0
716	46	0
719	261	0
305	257	0
1792	256	0
1708	88	0
1936	260	0
1296	20	0
499	11	0
1932	153	0
1426	26	1
2224	212	0
2280	230	0
1883	78	0
423	269	0
2187	202	0
206	178	0
1922	3	0
161	222	0
1524	176	0
628	34	1
1237	222	0
81	187	0
99	100	0
549	224	0
2163	142	0
1670	158	0
150	24	0
1902	259	0
499	34	1
2314	60	0
1171	54	0
2127	168	0
1074	250	0
2162	38	0
645	50	1
1809	270	0
734	27	0
727	56	0
684	34	1
1498	86	0
2263	22	0
2037	126	0
1061	16	0
2257	266	0
941	241	0
152	19	1
683	1	0
1165	283	0
2117	129	0
42	254	0
2180	175	0
487	265	0
41	220	0
225	36	0
586	245	0
1867	83	0
1179	64	0
1476	116	1
1526	57	0
1515	85	0
1108	77	1
1582	89	0
1238	57	0
50	142	1
1835	273	0
248	138	0
2090	274	0
577	271	0
1360	31	0
2008	103	0
74	151	0
869	143	0
2098	126	0
1595	145	1
8	244	1
347	204	0
2292	34	0
2089	165	1
762	48	1
925	289	0
1255	146	0
2151	24	0
1264	135	0
1850	263	0
1796	190	1
1488	186	0
678	105	0
1489	0	0
224	11	0
836	144	0
2036	293	0
643	87	0
1108	169	0
334	264	0
2235	264	0
1610	151	0
380	296	0
1317	62	0
69	53	0
270	34	0
1755	266	0
603	246	0
409	231	0
695	207	0
700	110	0
678	92	0
2031	227	1
697	268	0
980	258	0
2292	106	0
2250	96	0
1148	245	0
1987	142	1
1498	165	0
1976	269	0
1140	257	0
417	90	0
2305	65	0
1248	152	0
130	294	0
405	285	0
2060	227	1
922	5	0
473	243	0
1978	35	0
344	227	0
491	23	0
979	78	0
1886	228	0
33	285	1
2289	293	0
1058	149	0
1146	147	0
949	140	0
1807	95	0
794	120	0
1821	43	0
901	245	0
35	267	0
1056	77	1
1596	0	0
630	59	0
1644	249	0
2035	197	0
622	163	0
133	252	0
10	57	0
1226	138	0
2096	237	0
1627	41	0
1089	237	0
2273	152	0
1829	140	0
1227	207	0
749	98	0
1107	199	0
1976	20	0
127	280	0
1210	91	1
1214	128	0
442	252	0
1698	21	0
1399	42	0
1507	138	1
2063	39	0
62	18	0
1457	284	0
2037	95	0
487	97	0
1213	11	0
1885	90	0
1202	130	0
1781	245	0
1748	201	0
551	253	0
754	198	0
280	134	0
308	53	1
2058	102	0
1466	164	0
542	259	0
1753	175	0
2059	192	0
2003	225	1
1534	90	0
1945	258	0
1410	139	0
1299	258	0
1148	271	0
2094	182	0
37	5	1
61	217	0
949	27	0
2316	141	0
2020	5	0
1369	126	0
992	70	1
1645	217	0
901	232	0
60	28	0
1944	166	0
2219	176	0
636	143	0
1391	30	0
1002	42	0
430	64	1
1431	194	0
1076	168	0
2088	210	0
369	290	0
583	225	0
1465	114	0
505	146	0
2248	254	0
808	216	0
1727	68	0
1193	91	1
876	201	0
669	267	0
1433	286	0
1524	223	0
974	164	0
2116	201	0
2107	117	0
932	287	0
2285	64	0
2016	286	0
1328	229	0
714	207	0
115	184	0
1083	109	1
954	58	1
767	107	0
563	106	0
1345	281	0
748	45	0
236	113	0
1562	2	0
838	263	0
522	30	0
761	160	0
1419	162	0
888	292	0
866	234	0
513	45	0
2000	165	0
1049	112	0
1234	179	0
1498	196	0
2255	157	0
1904	38	0
804	44	0
1554	8	0
207	117	0
1205	108	0
1675	167	0
807	138	1
1786	240	0
273	55	0
32	228	0
619	141	0
554	243	0
2172	43	0
648	82	0
518	158	0
1246	91	0
1835	197	0
1536	135	0
2078	147	0
86	137	0
437	154	0
1993	179	0
402	99	0
493	128	0
357	200	0
1603	195	0
30	62	1
399	189	0
1346	63	0
1967	142	1
2275	112	0
118	215	0
2220	90	0
2175	14	0
1990	294	0
230	281	0
1818	191	0
1629	253	0
1550	46	0
1508	151	0
988	169	0
2276	265	0
771	130	0
2104	200	0
840	263	0
2063	123	0
1715	296	0
1664	255	0
1218	91	1
1056	199	0
1720	112	0
923	282	0
305	196	0
377	207	0
466	138	1
841	261	0
113	232	0
756	38	0
97	266	0
1282	257	0
634	106	1
1000	130	0
1575	243	0
768	40	0
941	30	0
912	203	0
1184	159	0
810	285	1
789	75	1
1466	265	0
62	234	0
669	233	0
124	140	0
104	48	1
1891	227	0
903	53	1
1668	270	0
892	61	0
1929	208	0
2260	39	0
1570	289	0
435	244	0
1262	166	0
728	45	0
705	21	0
34	124	0
417	236	0
1497	63	0
2082	257	0
987	139	0
359	86	0
1003	73	1
1339	33	0
1616	46	0
37	241	0
1827	175	0
2298	152	0
1510	255	0
116	9	1
1489	290	0
795	107	0
47	34	1
198	8	1
2095	73	0
2219	203	0
1878	16	0
1573	40	0
1121	68	0
1768	237	0
413	94	0
1986	126	0
1530	95	0
1480	195	0
1019	79	0
320	165	1
683	42	0
1785	104	0
1954	157	0
895	202	0
349	46	0
26	5	1
127	76	1
838	173	0
1254	4	0
134	287	0
352	64	0
1479	80	0
738	230	0
1578	6	0
109	170	0
1524	64	0
2130	205	0
211	182	0
1003	268	0
402	76	0
929	143	0
631	86	0
1695	59	0
1513	164	0
1605	39	0
561	4	0
1805	160	0
1650	287	0
315	236	0
1164	88	1
572	191	0
1247	220	0
1918	270	0
184	167	0
135	82	0
1413	69	0
571	39	0
95	91	0
1567	74	0
1107	167	0
1528	131	0
538	228	0
2068	265	0
1845	25	0
912	160	0
2205	115	0
584	120	0
1473	116	1
826	41	0
1797	45	0
973	143	0
168	70	0
1708	73	0
749	207	0
1842	198	0
1780	262	0
1804	42	0
1110	120	0
1050	19	0
947	202	0
47	159	1
2328	175	0
605	94	0
1822	201	1
350	33	0
260	107	0
394	233	0
634	295	0
1314	223	0
1743	273	0
109	7	1
1034	50	0
389	27	1
1487	135	1
797	254	0
835	278	0
1653	156	1
1499	6	0
1963	97	0
474	254	0
797	241	0
606	163	0
2291	5	0
2006	296	0
631	256	0
1871	67	0
1359	108	0
1145	212	0
1631	283	0
517	93	0
1752	48	0
1113	110	0
623	73	0
958	64	1
2298	8	0
1083	264	0
2098	42	0
1366	202	0
1137	88	0
1738	239	0
1277	62	0
737	278	0
444	116	0
548	50	1
924	99	0
1289	86	0
1464	242	0
475	156	0
1108	270	0
20	4	1
1097	96	0
405	36	0
33	157	0
1976	142	1
219	251	0
2	266	0
5	286	0
689	199	0
823	33	0
1458	99	0
1587	58	0
1342	161	0
822	29	0
629	287	0
641	21	0
317	89	0
86	207	0
1289	225	0
76	137	0
440	102	0
1824	289	0
619	22	0
161	230	0
864	218	0
1176	275	0
1573	58	0
206	123	0
433	119	0
271	214	0
666	40	0
2307	81	0
1521	250	0
1713	275	0
93	50	1
670	184	0
705	182	0
2155	249	0
1535	189	0
1360	130	0
2318	216	0
1610	298	0
1751	129	0
625	239	0
1380	193	0
2080	93	0
225	114	0
1865	4	0
1892	51	0
1308	106	0
2267	294	0
1828	41	0
1441	190	0
634	220	0
2041	158	0
2301	101	0
1460	190	0
1535	23	0
687	86	1
1494	107	0
2244	31	0
1993	66	0
649	99	0
978	103	0
1159	174	0
1309	267	0
1560	191	0
83	131	0
493	81	0
494	188	0
661	36	0
98	7	1
1291	60	0
926	227	1
1101	43	0
2211	111	0
1789	99	0
138	153	0
1926	196	0
839	202	0
951	136	0
198	112	0
2009	54	0
1587	242	0
598	225	0
1477	134	1
2084	46	0
1957	223	1
2249	153	0
835	216	0
2015	253	0
755	191	0
1650	112	0
689	155	0
1906	131	0
1642	91	0
1402	10	0
2052	274	0
1793	172	0
1572	163	0
1597	7	0
730	158	0
69	19	0
2168	183	0
1415	38	0
58	50	1
1473	145	0
624	189	0
108	242	0
816	28	0
2112	83	0
2157	207	0
1111	50	0
1212	284	0
1444	196	0
1912	12	0
159	51	0
1708	280	0
2150	287	0
2132	182	0
1731	140	0
652	15	0
1223	91	1
1697	13	0
685	265	0
743	60	0
1374	106	0
1018	75	1
1892	110	0
69	132	1
1735	238	0
881	251	0
2287	29	0
2259	9	0
1690	46	0
2176	223	0
992	69	0
1908	117	0
1420	207	1
416	100	0
616	213	0
1042	142	0
1813	198	1
2063	62	0
2171	232	0
2016	66	0
697	13	0
2247	211	0
798	48	1
1235	164	0
570	36	0
82	1	0
1337	243	0
2287	109	0
723	230	0
1512	275	0
781	71	0
1153	279	0
48	233	0
844	241	0
882	53	0
1649	83	0
831	50	1
74	3	0
1113	299	0
1003	1	0
1923	130	0
2197	252	0
76	66	0
613	146	0
1136	231	0
2034	141	0
143	69	1
1927	86	0
2278	155	0
2312	137	0
1385	26	1
1681	229	0
1093	265	0
992	243	0
126	179	0
1620	266	0
1430	241	0
271	245	0
1370	26	1
2274	91	0
821	191	0
806	99	0
1540	85	0
852	165	0
434	15	0
1019	63	0
844	74	0
1616	81	0
551	180	0
1762	123	0
1998	261	0
1496	102	0
2260	246	0
429	178	0
221	220	0
1337	192	0
1793	292	0
1509	246	0
20	210	0
454	57	0
478	253	0
689	47	0
1407	293	0
1120	289	0
1282	189	0
1680	256	0
1713	161	0
1707	7	0
1427	78	0
1733	158	0
1027	126	0
1608	24	0
1511	292	0
558	293	0
815	200	0
671	48	1
961	69	0
1665	60	0
1311	164	0
435	67	0
934	106	0
101	13	0
2220	116	0
549	117	0
1394	101	0
1033	235	0
1385	275	0
1919	164	0
733	286	1
935	295	0
1043	97	0
1948	210	0
1976	0	0
475	96	0
1355	68	0
1419	75	0
1891	51	0
309	125	0
1097	293	0
843	219	0
1945	164	0
1793	86	1
250	6	1
1499	168	0
1137	35	0
511	106	0
1869	259	0
1921	29	0
236	293	0
909	164	0
2065	18	0
858	52	0
1981	148	0
1437	7	0
28	176	0
1235	110	0
465	254	0
1027	169	0
821	49	0
982	147	0
2158	51	0
1036	62	0
305	287	0
1476	198	0
1677	225	0
2274	171	0
1167	246	0
1970	113	0
25	291	0
1887	105	0
336	37	0
513	218	1
1391	66	0
2031	269	0
1042	97	0
2207	169	0
1000	20	0
1137	77	0
1840	180	0
1329	66	0
1122	199	0
1826	206	1
555	16	0
20	96	0
223	244	0
622	296	0
716	24	0
1591	28	0
272	190	0
1447	4	0
928	293	0
1200	62	0
1439	33	0
1649	44	0
479	157	0
1369	266	0
897	194	0
493	198	0
226	256	0
1444	195	0
1880	171	0
1041	185	0
937	105	0
1644	16	0
347	7	0
450	177	0
291	224	0
1406	276	0
794	108	0
708	48	1
63	296	0
1690	290	0
1368	216	0
1533	111	0
1540	190	0
1773	243	0
904	116	1
1262	101	1
754	215	0
150	244	0
1307	67	0
2077	225	0
1605	92	0
1857	88	0
1364	131	0
1946	168	0
2250	140	0
1542	138	1
2265	219	0
2071	216	0
1687	275	0
318	34	1
2081	119	0
59	93	0
244	223	0
2062	232	0
197	26	0
1304	131	1
777	146	0
870	25	0
452	91	0
1521	126	0
444	3	0
2105	87	0
2328	138	0
2239	41	0
56	8	1
2229	158	0
584	251	0
1218	158	0
2110	42	0
1305	13	0
677	83	0
946	185	0
2227	162	0
356	8	0
453	13	0
1825	13	0
946	234	0
1817	203	0
573	124	0
818	97	0
1004	18	0
974	190	0
1856	0	0
2226	176	0
1084	178	0
1690	222	0
637	125	0
1668	19	0
2284	254	0
948	164	0
1584	163	0
1632	236	0
1775	248	0
1019	132	1
1678	213	0
1550	173	0
1790	240	0
566	275	0
2048	204	0
1493	209	0
1029	99	0
1547	262	0
257	121	0
957	159	0
1409	133	0
750	42	0
1438	93	0
1664	130	0
892	272	0
1465	148	0
1529	133	0
1635	201	0
581	141	0
1735	244	0
1695	112	0
1168	191	0
1754	272	0
2001	284	0
714	158	0
1287	264	0
2299	124	0
902	193	0
1739	98	0
259	6	1
456	152	0
2085	98	0
1463	261	0
67	129	0
455	94	1
838	242	0
216	82	0
386	278	0
872	99	0
2189	14	0
1532	183	0
1539	150	0
922	240	0
1938	297	0
678	291	0
1550	164	0
530	259	0
1243	28	0
1485	2	0
2128	165	0
4	164	0
2167	63	0
2221	127	0
325	24	0
1325	197	0
672	36	0
1908	17	0
1669	181	0
796	99	0
808	218	1
490	198	0
497	50	1
1102	295	0
48	87	0
223	44	0
1903	1	0
863	243	0
2057	39	0
1096	85	0
1704	203	0
197	216	0
1287	285	0
59	198	0
324	131	0
1700	230	0
2259	129	0
243	45	0
1890	212	1
188	69	0
513	50	1
1419	97	0
1485	269	0
1086	101	0
2214	125	0
350	52	0
1107	242	0
1014	175	0
177	182	0
2175	92	0
218	99	0
2291	260	0
553	91	0
92	172	0
738	168	0
936	214	0
824	43	0
1540	287	0
1386	83	0
977	189	0
510	138	0
26	161	0
1194	63	0
807	50	1
282	2	0
327	195	0
265	298	0
857	179	0
1391	239	0
2281	173	0
1147	28	0
1843	275	0
958	154	0
1809	106	0
485	189	0
1682	229	0
720	61	0
1810	260	0
294	98	0
1635	71	0
1151	29	0
1784	188	0
1473	12	0
847	275	0
651	111	0
1357	294	0
700	7	0
2148	110	0
375	69	0
839	129	0
1502	199	0
736	46	1
984	227	0
1748	191	0
1568	266	0
1605	218	0
13	84	0
103	232	0
2077	165	1
36	273	0
194	299	0
712	269	0
773	241	0
705	265	0
206	76	0
486	99	0
2232	246	0
1555	215	0
1714	182	0
1158	29	0
282	8	1
1826	66	0
830	215	0
726	17	0
1695	101	0
971	13	0
624	34	1
1140	217	0
283	242	0
332	215	0
192	81	0
1398	262	0
460	66	0
651	67	0
201	55	0
839	231	0
1952	223	1
2076	128	0
925	31	0
2178	128	0
1494	88	0
371	37	0
280	91	1
1801	21	0
1073	147	0
504	90	0
428	261	0
72	183	0
848	97	0
48	226	0
205	266	0
2292	221	0
841	71	0
713	25	0
2083	173	0
1386	70	0
1400	40	0
481	100	0
1864	36	0
967	210	0
858	162	0
1992	4	0
1293	296	0
2244	93	0
1083	124	0
2096	235	0
2112	219	0
2218	17	0
2311	106	0
1669	132	1
1444	80	0
563	34	1
1303	49	0
1167	126	0
836	157	0
1309	115	1
1399	263	0
2250	289	0
527	129	0
2071	67	0
2210	271	0
1694	254	0
1728	266	0
286	108	0
633	277	0
2148	35	0
1227	130	0
1583	165	0
733	228	0
1835	24	0
1948	18	0
51	151	0
906	82	0
1055	244	0
1765	236	0
1135	79	0
1948	296	0
647	188	0
1606	293	0
2050	204	0
1715	33	0
2323	47	0
809	50	1
1195	180	0
574	11	0
1886	160	0
1106	261	0
2053	204	0
1758	227	0
1225	71	0
1910	88	0
1643	34	0
759	269	0
36	130	0
2153	180	0
102	63	0
1004	1	0
1127	13	0
76	221	0
728	288	0
1017	280	0
1033	204	0
1231	291	0
1663	294	0
796	68	0
1818	170	0
359	17	0
957	74	0
2128	249	0
2219	33	0
1540	125	0
1860	79	0
1666	144	0
1567	64	0
858	292	0
2158	115	0
1645	76	0
1558	212	0
1898	241	0
289	118	0
908	202	0
319	212	0
188	271	0
73	198	0
1855	83	0
1996	104	0
1414	45	0
1213	260	0
515	185	0
895	151	0
1930	5	0
1573	266	0
470	141	0
698	104	0
1585	47	0
799	92	0
1019	227	1
315	80	0
1664	103	0
1341	73	0
836	203	0
2184	267	0
135	63	0
1196	242	0
1525	223	0
1459	87	0
1452	78	0
1038	101	0
685	1	0
1436	153	0
1208	194	0
1690	208	0
1092	7	0
678	167	0
1775	236	0
1139	58	0
374	175	0
297	249	0
2059	247	0
292	187	0
1275	126	0
1611	266	0
2142	261	0
1964	171	0
1674	200	0
2115	298	0
1888	25	0
772	50	0
1736	194	0
1132	213	0
998	8	0
2014	174	0
1542	29	0
581	253	0
1663	91	0
1106	209	0
426	71	0
824	73	0
32	155	1
11	228	0
657	213	0
1949	111	0
411	196	0
824	76	1
679	1	0
2186	120	0
2103	39	0
1054	77	1
127	185	0
642	222	0
1755	38	0
2244	147	0
1648	177	0
646	23	0
800	248	0
94	275	0
1142	47	0
553	139	0
1211	117	0
60	175	0
1879	86	0
2259	63	0
1911	156	0
308	289	0
1930	69	0
757	79	0
252	263	1
854	167	0
791	49	1
641	233	0
698	193	0
548	281	0
859	80	0
2250	39	0
2087	217	0
1990	32	0
1249	72	0
1089	168	0
1342	179	0
205	79	0
561	135	0
2316	40	0
1746	243	0
1713	279	0
328	230	0
1148	213	0
73	133	0
1685	238	0
140	129	0
1716	230	0
1196	73	0
509	164	0
758	213	0
1989	247	0
1232	109	0
387	57	0
1062	68	0
1827	230	0
157	6	1
845	18	0
1756	221	0
1627	105	0
1527	116	0
1028	298	0
1145	79	0
1512	219	0
2085	48	0
2047	1	0
560	232	0
886	2	0
1485	49	0
1317	15	0
1393	176	0
414	275	0
2187	56	0
1171	284	0
1589	19	0
420	67	0
265	212	0
1560	64	0
1126	241	0
551	92	0
1366	138	0
641	69	0
11	243	0
1394	31	0
1213	56	0
1668	156	0
849	22	0
1945	131	0
1056	218	0
1050	197	0
792	9	0
2263	287	0
2058	163	0
2093	263	0
1557	238	0
319	178	0
1325	265	0
1491	182	0
859	287	0
2267	151	0
1936	220	1
388	239	0
1928	26	0
180	235	0
398	267	0
1908	30	0
1217	187	0
1211	267	0
471	96	0
63	185	0
849	263	0
1231	250	0
369	144	0
979	210	0
408	237	0
240	48	0
627	189	0
1663	142	0
1366	32	0
1151	31	0
1000	265	0
1874	77	0
1294	115	0
400	290	0
159	6	1
1865	156	0
987	102	0
707	172	0
1064	252	0
1418	146	0
415	141	0
2168	250	0
1291	36	0
676	284	0
1758	28	0
1569	108	0
1234	288	1
1877	23	0
1709	87	0
1232	220	0
1335	140	0
1672	26	0
1541	257	0
2328	282	0
591	76	0
2083	201	0
766	228	0
1954	240	0
1122	49	0
1986	291	0
1541	236	0
1107	181	0
2022	226	1
838	103	0
1942	196	0
2219	267	0
1288	281	0
134	79	0
854	199	0
1087	69	0
1386	170	0
1850	296	0
1721	17	0
1417	182	0
613	198	0
1192	108	0
937	88	0
2102	134	0
656	196	0
2004	247	1
1932	299	0
2217	180	0
111	195	0
415	195	0
2096	217	0
861	50	1
2163	143	0
402	84	0
1135	234	0
1200	283	0
1606	168	0
86	74	0
1771	267	0
426	99	0
1211	44	0
1439	136	0
1794	100	0
29	195	0
1692	262	0
933	114	0
249	189	0
1664	168	0
1104	69	0
657	6	0
1141	73	0
1594	246	0
435	9	0
322	288	0
1592	290	0
296	266	0
1340	125	0
1555	237	0
1938	261	0
1791	132	0
240	171	0
250	253	0
729	249	0
1581	282	0
292	198	0
1638	228	0
2180	116	0
272	262	0
893	134	0
50	218	1
1517	100	0
1219	27	0
286	16	0
461	219	0
1049	77	1
612	3	0
1992	126	0
701	152	0
358	126	0
1735	216	0
1873	135	0
714	34	1
114	2	0
1315	73	0
1137	161	0
319	125	0
1605	297	0
1016	105	0
721	248	0
265	51	0
435	142	0
557	167	0
343	209	0
1337	43	0
1438	233	0
2126	149	0
836	163	0
1559	138	1
1544	177	0
2327	154	0
559	116	0
839	148	0
970	5	0
1642	225	0
954	6	0
1158	87	0
2118	104	0
1902	176	0
1745	243	0
1983	14	0
1631	60	0
113	82	0
1654	108	0
1219	227	0
1011	197	0
432	202	0
1977	29	0
1952	245	0
2233	282	0
1216	291	0
1813	267	0
2087	63	0
626	85	0
1075	144	0
874	134	0
861	16	0
1922	10	0
911	16	0
617	147	0
877	224	0
2019	131	0
835	50	1
147	280	0
62	199	0
1007	252	0
170	275	0
1143	204	0
1820	114	0
1357	258	0
2023	219	0
678	239	0
1313	48	0
1432	26	0
717	79	0
1089	67	0
1476	205	0
2212	89	0
2299	271	0
1612	23	0
314	88	1
2279	213	0
2230	297	0
767	251	0
2081	284	0
802	109	0
50	34	1
1895	51	0
650	149	0
125	11	1
826	237	0
1530	168	0
744	182	0
293	56	0
151	211	0
847	152	0
2174	244	1
1858	297	0
1450	199	0
685	63	0
1279	66	0
1571	140	1
542	104	0
733	293	0
1301	235	0
979	133	0
2128	228	0
2330	213	0
1098	130	0
1392	128	0
1557	165	0
736	68	0
795	28	0
69	226	1
1261	199	0
1772	90	0
1150	39	0
807	11	0
110	49	1
993	72	1
1820	215	0
1938	270	0
293	183	0
424	59	0
679	45	0
2328	136	0
2114	71	0
481	206	0
1601	174	0
1356	125	1
2016	249	0
1494	4	0
1935	18	0
975	299	0
1019	139	0
94	28	0
195	264	0
1335	48	0
461	221	0
33	5	1
59	6	0
1702	36	0
904	88	1
2123	72	0
1036	232	0
355	170	0
567	38	0
951	247	0
167	8	0
2053	94	0
1608	199	0
2266	276	0
1601	35	0
2291	200	0
153	21	0
1111	46	0
1166	292	0
651	11	0
2011	58	0
1435	226	0
152	235	0
1529	45	0
2242	206	0
1901	156	0
57	19	1
375	270	0
5	218	0
1089	123	0
945	58	0
1925	262	0
1398	67	0
1138	275	0
2258	157	0
1412	267	0
770	199	0
93	25	0
1303	108	0
875	198	0
962	152	0
1991	227	0
2168	212	0
35	291	0
1170	92	0
649	197	0
582	209	0
1270	124	0
764	48	1
361	13	0
1680	130	0
385	255	0
442	194	0
1461	134	0
1149	37	0
1334	244	0
99	181	0
123	253	0
530	77	1
296	17	0
131	199	0
1451	265	0
1711	102	0
658	270	0
2180	170	0
364	167	0
1750	76	0
1605	162	0
1259	240	0
665	18	0
1300	53	0
918	57	0
1406	45	0
511	176	0
191	64	0
2067	158	0
752	86	0
884	68	0
986	66	1
912	169	0
1790	169	0
1520	151	0
1197	32	0
1265	261	0
332	48	0
1976	286	0
412	138	0
1194	23	0
2116	184	0
30	61	0
1179	240	0
164	111	0
2134	129	0
1286	149	0
151	221	0
1540	238	0
1564	7	0
1928	247	0
260	195	0
800	181	0
311	271	0
1483	29	0
953	73	0
1527	270	0
282	265	0
2248	148	0
1911	102	0
391	120	0
180	19	0
2097	49	0
1210	116	0
1658	204	0
532	78	0
379	236	0
1626	116	1
2087	242	0
1849	296	0
184	100	0
1138	83	1
1151	207	0
1565	134	0
595	258	0
2326	17	0
1866	46	0
1758	276	0
406	277	0
1349	297	0
1328	118	0
739	215	0
1530	141	0
1525	236	0
415	236	0
31	66	0
2052	218	0
324	291	0
338	249	0
526	50	1
478	217	0
1338	147	0
546	4	0
918	53	1
965	56	0
1872	160	0
1109	289	0
2	108	0
1851	276	0
2265	179	0
35	108	0
2000	17	0
639	291	0
2021	283	0
1159	257	0
2178	196	0
1113	211	0
1355	259	0
1633	236	0
1565	95	0
642	293	0
751	227	0
1155	169	0
376	132	0
1467	4	0
644	167	0
1183	203	0
29	81	0
2099	113	0
646	7	0
559	1	0
1592	259	0
95	253	0
802	49	1
975	0	0
898	193	0
2137	110	0
2237	16	0
1818	118	0
1807	37	0
1756	281	0
1782	75	0
2307	0	0
842	199	0
1258	218	0
313	236	0
45	206	0
1106	140	0
37	219	0
647	39	0
1586	15	0
1889	32	0
420	115	0
1113	200	0
447	134	0
94	150	0
1564	34	1
2164	201	0
1290	171	0
1118	218	0
1768	170	0
172	98	0
1653	266	0
508	60	1
449	85	0
1112	286	0
2122	109	0
5	277	0
1763	226	0
479	48	1
1263	145	0
72	265	0
1350	145	0
295	91	0
1500	137	0
535	234	0
1968	67	0
1465	35	0
1122	79	0
674	289	0
367	22	1
303	6	1
2100	298	0
1621	261	0
200	233	0
2051	102	0
94	160	0
147	279	0
1031	133	0
940	104	0
13	4	1
1142	232	0
1169	133	0
2222	223	0
763	173	0
729	214	0
550	34	1
2233	298	0
1659	78	0
2269	202	0
62	178	0
556	9	0
2264	125	0
1240	186	0
652	158	0
600	206	0
672	166	0
665	179	0
903	38	0
1280	59	0
163	224	0
1779	137	0
1681	141	0
2308	288	1
1665	53	0
1028	132	0
1129	282	0
1292	290	0
1407	158	0
2096	41	0
881	50	1
1480	239	0
896	264	0
205	104	0
1964	93	0
663	34	1
552	173	0
1417	185	0
1711	27	0
34	100	0
1579	196	0
696	4	0
2025	78	0
2083	5	0
1319	141	0
1827	56	0
1965	125	0
593	113	0
2122	208	0
47	222	0
2276	200	0
513	167	0
912	193	0
736	83	0
1149	10	0
1713	138	0
2210	253	0
13	181	0
1581	13	0
1482	265	0
1062	30	0
1777	66	0
2173	101	0
1793	282	0
326	80	0
2083	82	0
3	106	0
2328	33	0
2206	179	0
2036	204	0
979	280	0
96	154	0
369	185	1
1488	280	0
110	2	0
38	182	0
2161	251	0
196	24	0
136	274	1
993	173	0
2197	32	0
784	279	0
403	37	0
686	245	0
2300	288	1
1136	28	0
930	255	0
1277	56	0
155	165	1
736	204	0
915	56	0
901	222	0
1273	162	0
342	259	0
1935	118	0
2024	226	1
1794	136	0
628	3	0
1728	151	0
1900	38	0
1623	40	0
25	70	0
1881	38	0
632	168	0
1698	156	0
121	244	1
831	14	0
1507	48	0
1637	155	0
21	222	0
1239	194	0
1953	258	0
1451	65	0
13	239	0
1055	267	0
1271	116	0
4	84	0
739	207	0
1465	275	0
730	252	0
91	101	0
995	3	0
1660	80	0
531	72	1
1742	202	0
541	178	0
1891	162	0
2049	281	0
121	206	0
1538	165	0
1102	290	0
802	209	0
1388	172	0
631	34	1
66	195	0
1467	258	0
1251	88	1
669	117	0
1543	87	0
1243	43	0
1842	80	0
1092	40	0
2314	10	0
52	5	1
422	36	0
2182	40	0
449	142	0
720	276	0
1737	85	0
1338	60	0
548	7	0
1585	247	0
353	119	0
478	212	0
400	229	0
1307	59	0
957	249	0
1306	92	0
2249	298	0
1659	299	0
1542	22	0
459	96	0
648	103	0
1055	93	0
1924	127	0
1293	119	0
928	161	0
620	143	0
518	99	0
895	130	0
1716	226	0
841	256	0
1076	116	0
835	138	1
808	50	1
1420	173	0
2313	214	0
2279	20	0
413	93	0
689	45	1
1255	17	0
1436	39	0
1944	74	0
371	52	0
1672	82	0
1717	201	0
59	43	0
1618	175	0
171	180	0
1050	4	0
1492	48	0
377	288	0
2138	151	0
2297	288	1
382	115	0
542	2	0
1297	127	0
1876	49	0
1328	149	0
1041	172	0
1854	55	0
1323	77	0
2216	83	0
2151	174	0
2178	193	0
690	205	0
228	119	0
1271	145	0
2080	68	0
161	82	0
483	22	0
528	50	1
2	192	0
991	76	0
997	154	0
582	76	0
80	71	0
113	6	1
431	113	0
575	110	1
2293	259	0
1210	167	0
731	76	0
871	123	0
1185	288	1
1235	235	0
663	115	0
1268	266	0
1443	246	0
1788	137	0
176	73	0
1818	267	0
1334	267	0
1625	47	0
2029	227	1
963	43	0
76	244	1
1027	258	0
838	77	0
2189	294	0
1341	293	0
1067	153	0
320	76	0
54	293	0
1020	57	0
1962	289	0
1688	148	0
904	20	0
170	179	0
1540	1	0
1856	130	0
282	85	0
449	224	0
2306	271	0
180	216	0
2050	261	0
645	62	0
1358	196	0
301	6	1
1898	121	0
1616	245	0
177	34	1
2110	253	0
1209	137	0
778	139	0
85	267	0
362	257	0
969	112	0
1836	240	0
1629	90	0
82	59	0
2242	170	0
2001	159	0
2269	277	0
624	60	0
1533	189	0
954	86	0
1102	149	0
1247	93	1
128	201	0
404	279	0
2196	257	0
1905	173	0
1919	4	0
653	20	0
1275	232	0
200	227	0
253	249	0
911	82	0
32	145	1
1810	56	0
388	127	0
1994	135	0
1031	132	1
1880	158	0
1046	74	0
1618	150	0
757	265	0
1647	20	0
952	262	0
1543	188	0
118	217	0
42	284	0
1045	77	1
1525	142	0
643	48	1
829	166	0
446	171	0
740	148	0
2072	242	0
1014	150	0
23	250	0
1965	203	0
1950	220	1
91	30	0
2226	267	1
1473	129	0
122	27	0
253	6	1
52	183	0
1023	140	0
1970	151	0
2047	231	0
2059	285	0
228	13	0
756	132	1
1234	163	0
300	180	0
2278	258	0
1562	138	1
2306	143	0
219	100	0
1235	106	0
1142	214	0
259	168	0
1561	280	0
2231	276	0
2188	243	1
1319	223	0
1320	94	1
437	94	1
115	46	0
479	34	1
2024	200	0
1764	186	1
259	289	0
1213	276	0
2283	85	0
1663	123	0
2170	116	0
1224	9	0
1094	186	0
169	227	0
1986	92	0
2178	244	1
1192	91	1
1894	21	0
22	62	0
802	76	0
95	118	1
238	101	0
812	128	0
317	144	0
2286	220	0
719	227	0
1041	265	0
501	120	0
1819	58	0
2121	71	0
1388	238	0
1919	46	0
1458	210	0
2259	159	0
21	286	1
39	269	0
1807	201	0
449	75	0
1329	251	0
516	79	0
1704	14	0
2163	251	0
457	86	1
2000	12	0
984	66	1
306	269	0
2275	52	0
401	5	0
812	50	1
845	207	0
1503	108	0
2246	13	0
1483	100	0
996	206	0
1678	201	0
58	209	0
1107	257	0
765	48	1
1769	86	1
507	182	0
11	52	0
1431	97	0
1002	268	0
107	296	0
2183	169	0
183	95	0
1357	42	0
2304	288	1
9	57	0
1993	118	0
449	73	0
1136	209	0
70	101	0
1726	244	0
679	34	1
1887	151	0
1266	72	0
1196	141	0
23	129	0
872	36	0
1821	55	0
1689	45	0
617	22	0
1213	91	1
2314	28	0
1410	115	0
1220	273	0
1527	27	0
289	226	0
176	119	0
65	19	0
343	19	1
785	50	1
2035	243	0
1778	112	0
672	77	0
757	1	0
276	91	0
826	276	0
1161	298	0
1571	241	0
664	83	0
1295	49	0
2251	48	0
2180	286	0
1276	150	0
768	128	0
575	50	1
329	6	1
2305	297	0
357	274	0
41	50	0
589	222	0
1577	192	0
1688	141	0
794	79	0
2223	217	0
1422	162	0
545	270	0
1274	160	0
915	166	0
1046	28	0
745	52	0
782	209	0
103	134	0
1961	242	0
1849	77	0
191	143	0
394	109	0
910	153	0
954	75	1
1791	183	0
1	122	0
1282	276	0
1667	18	0
2115	107	0
902	294	0
426	80	0
1882	155	0
187	176	0
1735	82	0
231	26	0
363	100	0
673	143	0
2233	296	0
1801	40	0
740	230	0
774	136	0
795	261	0
941	251	0
368	135	0
1807	292	0
2232	40	0
120	0	0
1453	266	0
960	78	0
1221	170	0
476	240	0
609	84	0
1999	226	0
171	247	0
1569	101	0
2067	261	0
1172	0	0
1803	278	0
1037	7	0
1153	253	0
25	224	0
796	111	0
1122	178	0
1485	94	0
751	270	0
2043	125	0
753	288	0
891	53	1
439	15	0
50	64	1
1298	52	0
1221	295	0
793	51	0
321	146	0
998	21	0
1327	278	0
1822	225	0
1837	209	0
1334	66	0
1231	63	0
1608	192	0
504	23	0
354	293	0
1996	196	0
745	223	0
1330	70	0
54	49	0
639	206	0
41	5	1
334	213	0
1973	199	0
2255	123	0
953	253	0
1929	238	0
2098	225	0
2312	168	0
1716	98	0
59	244	1
470	48	1
1881	96	0
397	220	0
2253	25	0
168	234	0
2168	125	0
671	123	0
190	179	0
2124	178	0
1699	239	0
1860	152	0
266	236	0
1360	239	0
2296	71	0
1579	60	0
2264	179	0
871	89	0
534	204	0
655	148	0
1436	45	0
1126	161	0
47	266	0
39	294	0
1991	183	0
2013	103	0
1663	44	0
814	263	0
1909	111	0
1946	6	0
1820	207	0
1344	143	0
1871	100	0
1432	188	0
2325	112	0
1165	195	0
1970	142	1
1094	181	0
1087	55	0
1618	232	0
458	59	0
228	109	0
1531	210	0
2023	104	0
1349	108	0
2232	33	0
745	298	0
646	48	1
129	121	0
1195	209	0
1893	181	0
1062	243	0
246	116	0
592	34	1
1534	214	0
334	141	0
793	48	1
2235	112	0
1706	95	0
741	1	0
1124	218	1
2276	167	0
1704	156	0
2166	244	1
2200	291	0
1309	268	0
778	48	1
1075	168	0
774	12	0
20	243	0
426	189	0
648	166	0
2226	45	0
1416	273	0
1342	276	0
732	27	0
1481	104	0
1599	134	0
160	247	0
1327	224	0
311	176	0
2022	238	0
1174	8	0
2200	31	0
1779	76	0
2126	243	1
1038	153	0
465	282	0
162	213	0
1841	104	0
1154	138	0
2291	57	0
1756	64	0
1621	11	0
1528	286	0
1562	116	0
587	201	0
1294	54	0
1173	156	0
1880	259	0
2182	279	0
179	167	0
476	252	0
394	28	1
1833	90	0
1213	189	0
8	223	0
2138	56	0
898	241	0
2210	258	1
540	296	0
641	225	0
807	144	0
1266	74	0
1860	207	0
924	81	0
1810	198	1
1641	257	0
2110	95	0
1267	91	0
1963	42	0
1018	216	0
102	1	0
334	46	0
1048	287	0
1410	163	0
553	166	0
815	185	0
1537	162	0
2151	25	0
176	246	0
1134	263	0
1192	55	0
1501	37	0
916	61	0
47	164	1
1109	245	0
87	11	0
1754	290	0
1690	101	0
1844	54	0
1845	159	0
1072	282	0
1082	177	0
788	211	0
847	38	0
1032	69	0
395	104	0
697	273	0
1013	103	0
1352	223	0
1544	292	0
1815	212	0
1286	91	0
439	86	0
2297	99	0
1688	82	0
2002	290	0
747	161	0
1642	156	0
2121	13	0
228	127	0
1669	262	0
310	73	0
1225	182	0
271	140	0
2200	165	0
298	93	0
809	77	1
1596	1	0
626	50	1
164	258	0
1403	276	0
475	277	0
1252	86	0
1272	145	0
2302	27	0
1586	185	0
1494	226	0
232	77	0
2092	5	0
322	196	0
542	229	0
1808	287	0
556	218	1
1940	18	0
1983	119	0
2153	191	0
1619	256	0
1695	194	0
1345	212	0
837	173	0
1124	196	0
104	7	1
169	75	0
1325	114	0
32	159	1
133	40	0
136	105	0
328	183	0
2030	284	0
64	7	1
753	247	0
1919	122	0
1825	182	0
884	127	0
1108	70	0
540	187	0
1520	169	0
1388	254	0
47	50	1
2269	0	0
1757	247	0
1558	269	0
1668	96	0
1148	277	0
2156	213	0
1208	298	0
537	33	0
282	104	0
1412	55	0
1271	250	0
1970	81	0
291	276	0
1893	75	0
1025	269	0
75	285	0
1047	99	0
429	143	0
372	112	0
1775	219	0
1302	214	0
588	132	0
550	170	0
1873	288	0
795	166	0
47	110	1
354	236	0
2193	263	0
1806	214	0
829	201	0
1452	262	0
68	23	0
40	18	0
135	72	0
1903	171	0
709	86	1
343	230	0
1469	22	0
1127	237	0
138	53	1
634	34	1
1836	187	0
842	142	1
1626	50	0
957	101	0
1705	109	0
59	125	0
1220	119	0
1717	90	0
1310	228	0
128	99	1
1527	231	0
760	142	0
534	294	0
1573	71	0
2317	84	0
890	131	0
292	219	0
184	157	0
920	13	0
2257	60	0
598	60	0
1162	242	0
58	255	0
1640	292	0
460	168	0
1512	140	0
1332	59	0
277	93	0
1696	181	0
568	178	0
1719	105	0
1943	190	0
51	298	0
2111	90	0
811	243	0
1482	252	0
1047	102	0
455	26	1
85	203	0
1618	288	0
623	22	0
1020	211	0
2213	196	0
1992	101	0
2181	31	0
1297	288	0
1190	91	1
1342	51	0
1922	299	0
1938	294	0
2312	186	0
620	134	0
198	171	0
73	271	0
95	58	0
11	54	0
1699	224	0
98	3	0
1038	250	0
1685	166	0
1388	173	0
1571	83	0
525	13	0
2255	85	0
879	288	0
345	35	0
1495	113	0
1341	128	0
1100	256	0
1220	235	0
1346	142	0
2265	175	0
488	219	0
1421	119	0
214	155	0
1436	207	0
442	264	0
1116	131	0
750	115	0
650	195	0
1516	0	0
1742	13	0
206	4	0
216	41	0
2047	174	0
679	102	0
2022	262	0
1123	201	0
1623	50	0
1480	134	1
868	135	0
965	148	0
314	98	0
345	229	0
868	195	0
980	138	0
78	237	0
241	209	0
89	244	1
1033	139	0
441	156	0
2018	170	0
807	191	0
1977	67	0
1466	191	0
1323	219	0
1664	16	0
396	17	0
957	38	0
84	171	0
237	91	0
1148	113	0
22	4	1
947	187	0
754	176	0
1017	19	0
408	271	0
903	162	0
30	34	1
2231	240	0
272	106	0
409	184	0
450	40	1
753	194	0
733	45	1
810	94	0
1299	142	0
1050	196	0
264	151	0
1370	111	0
1265	124	0
1250	88	1
30	242	0
1582	63	0
139	25	0
883	30	0
1670	197	0
538	280	0
1386	224	0
1761	54	0
1520	4	0
339	187	0
913	53	1
589	115	0
474	194	0
471	98	0
248	108	0
76	135	0
223	151	0
66	169	0
565	193	0
589	68	0
1574	47	0
434	27	0
2299	55	0
1090	134	0
1625	65	0
1307	100	0
376	24	1
1266	103	0
732	177	0
882	74	0
101	7	1
391	31	0
945	109	0
1108	167	0
973	2	0
1616	106	0
877	75	0
99	50	1
809	67	0
818	117	0
1995	71	0
1291	6	0
2287	118	0
322	187	0
470	245	0
2214	239	0
233	296	0
888	76	0
1807	113	0
485	109	0
32	234	0
1889	263	0
127	287	0
1232	15	0
848	275	0
485	253	0
1521	277	0
1510	210	0
924	224	0
866	179	0
359	290	0
1467	10	0
825	59	0
2253	70	0
1426	98	0
1099	235	0
1140	172	0
102	85	0
1209	114	0
857	96	0
162	165	1
1967	114	0
916	297	0
2038	274	0
1747	58	0
90	184	0
924	20	0
173	14	0
563	173	1
30	105	0
714	275	0
451	116	0
1868	267	0
379	288	0
1174	23	0
2124	21	0
601	297	0
330	10	0
1037	137	0
585	183	0
2121	55	0
2213	215	0
1963	254	0
2112	11	0
304	210	0
1441	109	0
383	202	0
1931	20	0
225	85	0
314	42	0
67	263	0
331	129	0
2144	53	0
2210	244	0
1016	260	0
1129	140	0
1915	255	0
1765	260	0
1588	244	0
1397	98	0
1236	91	1
89	168	0
1009	191	0
1756	75	0
602	34	1
1556	111	0
815	128	0
76	84	0
656	78	0
397	146	0
193	102	0
150	15	0
334	24	0
2195	114	0
1260	194	0
555	109	0
1791	64	0
172	190	0
2197	260	0
1145	211	0
1369	28	0
93	283	0
916	53	1
281	8	0
1136	277	0
1328	77	0
81	193	0
2075	118	0
512	284	0
1818	164	0
2001	291	0
1728	47	0
2153	75	0
779	235	0
756	90	0
264	244	0
1829	183	0
2311	221	0
152	291	0
1838	142	0
885	112	0
1647	239	0
1772	84	0
1277	74	0
1016	171	0
401	28	1
1536	256	0
305	272	0
1601	250	0
123	11	1
1394	197	0
1656	138	0
1122	77	1
604	272	0
2295	45	0
1203	103	0
1716	180	0
634	285	0
267	39	0
33	42	0
422	178	0
262	6	1
40	205	0
2074	122	0
1932	2	0
2313	253	0
571	133	0
519	131	0
861	208	0
636	50	0
2040	32	0
1791	104	0
908	9	0
2137	26	0
1967	105	0
165	139	0
476	121	0
42	98	0
1006	157	0
1415	181	0
524	79	0
569	149	0
177	118	0
2256	258	0
823	12	0
2282	81	0
1402	156	0
926	269	0
1960	282	0
1975	170	0
1341	30	0
359	193	0
460	34	1
1202	227	0
1560	75	0
1281	109	1
1446	29	0
1468	28	0
2228	157	0
2123	141	0
1694	225	0
2307	217	0
877	85	0
1077	77	1
293	174	0
504	17	0
711	256	0
350	6	1
1243	145	0
2132	49	0
1305	208	0
959	132	0
1906	22	0
1881	239	0
589	197	0
1047	106	0
796	242	0
827	178	0
1629	127	0
931	191	0
1748	1	0
1574	142	1
772	48	1
2105	190	0
587	230	0
17	47	0
238	284	0
99	175	0
989	253	0
1540	180	0
846	128	0
1614	155	0
2118	151	0
116	246	0
42	48	0
1439	156	0
2294	19	0
2172	53	0
578	188	0
1234	91	1
281	100	0
1753	158	0
131	34	1
74	51	0
1549	101	0
2240	273	1
716	34	1
1813	155	0
1918	93	0
1628	116	1
2053	272	0
1504	138	1
1295	63	0
678	119	0
801	218	1
947	34	0
1687	139	1
630	124	0
2245	255	0
80	50	1
1061	15	0
478	80	0
2026	21	0
941	54	0
952	66	0
2067	28	0
903	42	0
1553	126	0
64	186	0
2040	77	0
479	277	0
1180	54	0
1183	213	0
834	226	0
1316	170	0
198	276	0
1545	123	0
1741	291	0
1926	149	0
676	107	0
1316	222	0
1069	88	0
1904	239	0
492	110	0
754	95	0
1787	125	0
1846	94	0
1622	116	1
2165	208	0
562	134	0
1221	147	0
51	178	0
2131	231	0
1188	71	0
1593	51	0
1205	71	0
1196	69	0
10	82	0
274	114	0
1293	204	0
856	175	0
577	176	0
1065	204	0
1866	279	0
1493	119	0
457	63	0
2028	223	0
560	144	0
574	20	0
325	75	1
17	77	0
208	162	0
927	228	0
389	234	0
2209	258	1
2320	234	0
2001	68	0
1025	239	0
1246	104	0
426	36	1
489	219	0
1568	124	0
1004	61	0
1281	123	0
1280	16	0
1373	156	0
666	227	0
2172	223	0
524	93	0
1107	4	0
1962	200	0
260	35	0
1285	158	0
1498	286	0
157	198	0
443	96	0
236	259	0
127	138	1
46	22	0
1875	141	0
880	38	0
143	135	0
1274	0	0
1442	283	0
1206	290	0
50	56	0
508	143	0
296	18	0
1615	282	0
1587	46	0
658	159	0
301	223	0
507	178	0
2108	211	0
1524	252	0
700	186	0
232	215	0
545	34	1
1828	182	0
714	115	0
544	173	0
1502	41	0
829	234	0
1210	32	0
1434	148	0
2112	36	0
581	178	0
95	158	0
1867	153	0
2237	91	0
786	281	0
462	172	0
1604	218	0
2069	107	0
2121	157	0
833	112	0
1937	162	0
1454	248	0
1981	196	0
1623	215	0
1345	38	0
461	185	0
489	141	0
1406	220	0
647	48	1
187	132	1
807	140	0
1628	118	0
804	263	0
1679	299	0
887	25	0
952	236	0
276	20	0
944	142	1
1553	60	0
1416	277	0
759	83	0
954	187	0
1055	107	0
1030	19	0
1978	259	0
644	175	0
1608	97	0
2024	142	0
1002	297	0
542	264	0
697	93	0
1761	0	0
1851	244	0
931	255	0
1362	160	0
1927	274	0
166	145	1
934	91	0
1451	9	0
1533	293	0
1665	119	0
826	13	0
382	106	0
220	224	0
1269	296	0
1437	231	0
299	99	0
2241	72	0
1535	80	0
141	16	0
2234	266	0
1146	88	1
2032	131	0
1792	80	0
1769	276	0
1049	227	0
1760	162	0
135	14	0
474	18	0
2066	9	0
2120	216	1
70	36	0
574	215	0
965	84	0
735	249	0
1816	35	0
1206	261	0
107	50	1
954	205	0
104	50	1
2286	225	0
1780	185	0
397	77	1
69	176	0
1170	94	0
1869	212	0
1604	142	0
1319	34	0
1446	129	0
1516	59	0
1706	144	0
905	111	0
1397	26	1
2060	120	0
621	70	0
488	240	0
1680	217	0
559	203	0
18	79	0
367	87	0
1034	65	0
1787	173	0
1796	140	0
2276	44	1
885	146	0
1525	213	0
1800	46	0
382	244	0
1152	46	0
343	238	0
709	48	1
1458	117	0
967	63	0
515	89	0
1100	264	0
809	124	1
1764	58	0
1236	147	0
2087	196	0
963	216	0
1741	271	0
1680	18	0
1312	222	0
1680	150	0
49	277	0
1219	105	0
237	212	0
813	23	0
770	40	0
105	122	0
1388	43	0
1424	290	0
1902	192	0
375	66	0
665	211	0
1672	170	0
1696	199	0
1639	284	0
2316	279	0
390	177	0
1936	112	0
835	211	0
747	32	0
2030	195	0
1002	136	0
494	224	0
876	159	1
1645	102	0
2329	280	0
605	177	0
1117	246	0
96	147	0
1865	159	0
2237	284	0
1420	9	0
615	34	1
2139	46	0
29	139	0
2129	189	0
644	8	0
1297	165	0
1015	75	1
2085	260	0
1031	227	0
1016	56	0
1340	198	0
347	287	0
185	127	0
1660	114	0
1787	240	0
909	245	0
1687	255	0
1821	255	0
391	192	0
420	290	0
203	241	0
130	12	0
65	40	1
1140	59	0
1119	19	0
997	217	0
2132	213	0
1575	90	0
321	155	0
1679	25	0
1809	124	0
462	75	0
1741	293	0
29	5	1
2039	48	0
2090	30	0
1373	26	1
1005	112	0
42	241	0
1023	206	0
1482	62	0
1889	246	0
616	25	0
1126	179	0
396	291	0
2314	233	0
968	10	0
1861	123	0
398	155	0
758	10	0
428	169	0
458	92	0
458	106	0
183	224	0
1858	129	0
1218	227	0
2105	186	0
2177	162	0
2174	91	0
768	189	0
1628	100	0
28	45	0
1926	283	0
554	190	0
1025	277	0
1185	235	0
2075	81	0
1748	92	0
698	34	1
959	106	0
2268	183	0
413	29	0
2322	21	0
1325	164	0
335	36	0
1214	21	0
455	213	0
1757	226	0
809	228	0
512	19	0
1620	175	0
1709	135	0
2266	3	0
2095	298	0
356	116	0
1251	281	0
709	124	0
2159	255	0
819	217	0
464	61	0
765	9	0
27	34	0
332	276	0
1229	82	0
639	69	0
2203	221	0
2107	224	0
664	50	1
269	222	0
2295	241	0
776	238	0
1948	128	0
2126	84	0
1190	267	0
1796	299	0
904	193	0
269	123	0
2288	255	0
1667	140	0
1214	191	0
2106	251	0
287	27	0
615	164	0
1339	214	0
2074	165	1
2137	266	0
1240	63	0
1593	58	0
1807	177	0
284	80	0
2263	112	1
1739	276	0
937	77	1
1844	1	0
305	197	0
831	186	0
258	154	0
1306	218	0
517	25	0
202	127	0
226	32	0
550	85	0
168	74	0
2066	78	0
664	48	1
309	215	0
1056	211	0
581	277	0
946	60	0
1520	13	0
2162	46	0
112	135	0
1878	254	0
1016	88	0
408	30	1
1032	71	0
1588	10	0
621	229	0
997	227	0
1927	128	0
184	285	0
196	63	0
799	75	0
1966	224	0
226	112	0
186	47	0
2307	131	0
1581	215	0
1219	30	0
1414	59	0
1797	275	0
549	228	0
200	214	0
524	58	0
876	227	0
260	263	0
1874	243	0
1355	180	0
1363	285	0
1200	91	1
1092	73	0
357	147	0
632	276	0
945	220	0
247	122	0
1418	130	0
1029	67	0
708	88	0
2253	277	0
1406	70	0
864	98	0
22	29	0
1434	74	0
195	265	0
160	77	0
1883	244	0
179	175	0
722	93	0
2186	40	0
213	206	0
1650	163	0
2131	54	0
424	204	0
1527	229	0
436	52	0
103	44	1
346	3	0
655	0	0
1510	263	0
1392	122	0
1961	214	0
1291	91	0
399	260	0
512	294	0
1869	186	0
1461	132	1
1414	73	0
721	205	0
89	197	0
1648	168	0
574	143	0
593	153	0
465	151	0
2226	44	0
1067	36	0
953	137	0
2283	36	0
45	277	0
323	219	0
2195	12	0
1684	154	0
2230	279	0
1999	5	0
270	161	0
1634	189	0
991	62	0
881	63	0
1052	218	0
917	130	0
74	266	0
303	89	0
1204	185	0
2312	206	0
2223	172	0
1149	166	0
1449	288	0
831	54	0
405	53	0
953	295	0
451	279	0
1092	209	0
1715	186	0
1491	288	0
1635	290	0
247	78	0
319	3	0
981	138	0
1507	264	0
1098	262	0
1359	206	0
1163	101	0
957	185	0
2181	295	0
1885	140	0
889	207	0
2309	42	0
28	141	0
1906	265	0
1693	89	0
724	200	0
1457	245	1
1423	273	0
784	224	0
564	135	0
1090	11	0
1714	212	0
1370	250	0
166	283	0
134	3	0
2258	250	0
608	218	0
1186	30	0
111	136	0
1933	250	0
2071	237	0
986	266	0
1180	91	1
889	59	0
2063	158	0
1708	238	0
206	288	0
2310	70	0
1970	45	0
1806	2	0
1669	199	0
494	7	0
1126	166	0
1286	168	0
943	18	0
1951	272	0
772	187	0
1225	242	0
1075	98	0
509	232	0
1427	79	0
189	297	0
604	49	0
2001	109	0
1935	187	0
679	181	0
448	126	0
1808	162	0
676	82	0
675	114	0
41	69	0
391	40	0
761	249	0
1247	53	0
291	199	0
797	275	0
1626	197	0
59	7	1
2313	265	0
1792	230	0
1177	289	0
1482	227	0
2232	145	0
1062	81	0
666	34	1
751	187	0
2051	114	0
1483	290	0
807	76	1
108	50	1
2020	86	0
1998	192	0
774	49	0
1228	91	1
1204	91	1
1363	230	0
2147	27	0
56	50	0
1466	262	0
653	152	0
1557	100	0
703	285	0
1607	159	0
1235	28	0
1616	51	0
1955	229	0
1256	274	0
1499	249	0
142	214	0
21	138	1
26	242	0
2036	216	0
525	102	0
1480	250	0
1209	218	0
1278	74	0
1175	241	0
2067	132	0
1969	271	0
1799	219	0
216	206	0
495	8	0
2258	61	0
530	98	0
888	242	0
469	266	0
642	86	0
27	194	0
1985	202	0
1690	230	0
1966	91	0
886	242	0
404	92	0
560	77	1
1021	75	1
657	279	0
353	7	0
663	36	0
653	91	0
1079	124	0
1717	82	0
1865	62	0
516	34	1
1592	79	0
171	21	0
2110	192	0
1388	189	0
70	34	1
1309	36	0
1458	77	0
2109	299	0
2011	222	0
585	26	1
1266	36	0
1901	279	0
88	232	0
693	45	0
1392	236	0
847	157	0
1213	87	0
743	295	0
1078	77	1
82	18	0
671	159	0
1573	186	0
2033	100	0
1168	159	0
1834	281	0
310	52	0
2218	255	0
1826	164	0
1919	187	0
2048	144	0
848	153	0
580	33	0
198	57	0
1571	152	0
1405	276	0
806	173	0
1445	23	0
1066	245	0
459	160	0
549	51	0
277	65	0
500	50	1
1638	211	0
2020	149	0
581	47	0
325	138	1
955	69	0
2328	243	0
958	199	0
1439	73	0
398	261	0
1442	294	0
1259	206	0
1804	30	0
903	127	0
2198	18	0
1197	157	0
1820	46	0
1780	86	1
922	288	0
154	59	0
2231	41	0
1469	103	0
2100	139	0
1410	23	0
2275	152	0
543	269	0
2302	255	0
59	281	0
136	148	1
386	32	0
98	116	0
1531	72	0
1387	115	0
825	292	0
1504	225	0
79	9	0
875	263	0
2232	231	0
1735	119	0
1319	219	0
289	8	0
1133	21	0
822	152	0
2200	85	0
1234	284	0
1177	260	0
91	50	1
250	182	0
1389	121	0
236	223	0
1741	39	0
476	54	0
144	114	0
1912	24	0
1647	161	0
791	192	0
1421	277	0
2164	244	1
304	133	0
777	0	0
987	104	0
1550	227	0
1803	194	1
1542	128	0
2247	51	0
1267	104	0
165	168	0
793	170	0
1865	150	0
444	293	0
331	66	0
785	235	0
94	50	1
104	4	0
297	6	1
64	71	0
960	222	0
1003	291	0
1967	152	0
291	134	0
242	21	0
1537	156	0
1987	221	0
567	296	0
2193	152	0
2006	256	0
527	61	0
578	298	0
2039	187	0
165	80	0
2062	128	0
1659	3	0
1697	93	0
1462	142	1
1227	183	0
2238	265	0
529	50	1
209	128	0
879	194	0
1971	132	0
1559	124	0
1027	163	0
1031	77	1
317	87	0
210	70	0
106	155	1
1809	21	0
1263	289	0
2142	269	0
335	196	0
1406	151	0
2145	244	1
1234	37	0
1964	156	0
1842	269	0
863	255	0
1175	76	0
1238	33	0
573	193	0
575	273	0
260	298	0
613	124	0
1960	20	0
2087	72	0
74	190	0
1590	253	0
2009	222	0
618	47	0
1083	77	1
1652	204	0
222	6	1
2031	125	0
1478	291	1
1685	294	0
643	71	0
470	131	0
1548	104	0
172	247	0
188	125	0
405	173	0
1613	87	0
624	66	0
183	185	0
724	269	0
443	222	0
1337	159	0
57	221	0
110	6	1
2229	42	0
1200	70	0
1899	16	0
987	53	0
144	116	0
1691	155	0
82	293	0
1926	263	0
667	235	0
1110	232	0
667	202	0
1053	77	1
184	156	0
2322	114	0
933	159	0
1729	207	0
241	289	0
1304	145	0
1460	53	0
1901	163	0
839	240	0
652	238	0
34	181	0
1963	223	1
2152	215	0
1958	98	0
1541	152	0
222	57	0
2173	116	0
1781	42	0
1050	222	0
1115	47	0
189	168	0
1047	184	0
1454	272	0
2272	189	0
1244	265	0
1437	107	0
2305	27	0
996	41	0
256	6	1
2035	202	0
1057	77	1
1663	252	0
1841	45	0
783	3	0
480	54	0
757	267	0
2173	57	0
1077	99	0
1063	108	0
1368	11	0
791	43	0
704	195	0
1182	45	0
141	117	0
1900	226	0
97	91	0
1579	30	0
777	164	0
1863	86	0
592	38	0
1905	113	0
514	272	0
1708	70	0
2174	32	0
498	210	0
343	74	0
256	162	0
1025	28	0
1826	16	0
73	131	0
2180	180	0
641	172	0
902	153	0
1948	207	0
2288	247	0
1274	297	0
209	185	0
1583	210	0
1345	177	1
1310	261	0
542	280	0
1027	148	0
1409	74	0
2300	81	0
246	152	0
1517	174	0
1954	187	0
8	34	0
1196	49	0
1549	174	0
371	98	0
1586	145	1
1322	187	0
679	233	0
1653	66	0
142	248	0
322	248	0
1475	226	0
1297	102	0
1381	282	0
1735	25	0
2253	24	0
484	33	0
1680	288	0
1188	91	1
1792	218	0
1968	211	0
1178	99	0
1576	291	0
1698	144	0
1479	200	0
243	256	0
61	148	0
2182	223	0
1156	232	0
1946	187	0
1928	63	0
220	78	0
1572	141	1
178	33	0
2244	103	0
1513	91	0
1683	235	0
1640	267	0
1746	118	0
1730	271	0
305	100	0
1422	119	0
452	290	0
1923	26	0
83	21	0
1858	6	0
56	84	0
1391	132	0
677	152	0
1083	147	0
2209	114	0
1666	122	0
1434	189	0
1187	136	0
1477	127	0
1200	287	0
1511	138	1
838	67	0
1002	153	0
276	141	0
1641	7	0
2152	32	0
2266	115	0
350	112	0
854	154	0
576	178	0
1132	219	0
149	83	0
1785	171	0
1951	84	0
573	5	0
996	238	0
1484	78	0
353	285	0
168	226	0
1540	262	0
1243	277	0
268	83	0
138	288	1
579	75	0
809	71	1
344	69	0
998	100	0
2315	34	0
539	129	0
1133	12	0
595	198	0
844	247	0
2014	245	0
634	200	0
2090	38	0
1587	236	0
1779	147	0
32	220	1
2308	200	0
1039	290	0
2018	258	0
297	265	0
1824	261	0
1606	27	0
673	202	0
1812	205	0
1757	171	0
402	100	0
693	260	0
1929	69	0
1475	167	0
790	110	0
1848	211	1
1337	248	0
128	13	1
1005	16	0
1970	21	0
884	89	0
1361	104	0
1499	247	0
929	89	0
973	264	0
738	215	0
630	81	0
403	43	0
1838	67	0
1403	149	0
177	6	1
2170	161	0
1296	77	0
2155	244	1
1031	123	0
2088	193	0
1409	62	0
1892	4	0
1298	47	0
1855	46	0
1771	251	0
300	194	0
232	226	0
1258	87	0
421	132	0
681	278	0
1503	260	0
2190	134	0
881	197	0
411	23	0
1761	49	0
60	257	0
1846	239	0
470	283	0
684	167	0
788	139	0
1940	110	0
593	34	1
1555	138	1
1264	102	1
930	12	0
1069	212	0
109	290	0
1235	68	0
541	59	0
1232	90	0
2125	294	0
1728	85	0
2231	147	0
434	34	1
859	39	0
1366	197	0
66	12	0
703	223	0
1263	207	0
2133	114	0
1267	84	0
199	169	0
2113	22	0
2225	228	0
1778	137	0
1801	268	0
622	290	0
2210	285	0
1594	265	0
1074	179	0
740	158	0
1305	257	0
1055	35	0
985	94	1
1362	232	0
1084	49	0
1439	109	0
321	222	0
1447	255	0
583	56	0
301	0	0
2022	29	0
1146	155	0
1096	133	0
471	292	0
2227	60	0
473	108	0
299	233	0
1259	283	0
146	219	0
402	28	1
1169	177	0
660	62	0
2267	269	0
128	19	1
321	134	0
1207	278	0
338	197	0
1533	35	0
2103	239	0
2329	62	0
2293	291	0
509	189	0
652	106	0
2152	155	0
746	248	0
1114	27	0
1559	169	0
591	136	0
1759	48	0
631	247	0
2234	248	0
407	285	0
938	81	0
569	150	0
630	201	0
1827	72	0
1703	238	0
2166	247	0
1533	101	0
2162	165	0
1884	107	0
1352	194	0
766	50	0
1746	11	0
183	289	0
1864	104	0
1022	66	0
2088	221	0
114	225	0
1914	218	1
2063	147	0
817	64	0
2156	294	0
172	269	0
837	110	0
911	91	0
2249	246	0
1467	91	0
1399	257	0
778	193	0
181	144	0
818	142	1
851	187	0
1233	277	0
953	123	0
1267	9	0
1317	223	0
1858	257	0
714	78	0
1248	74	0
1792	129	0
530	138	1
1328	1	0
147	145	0
210	104	0
235	143	0
199	26	0
821	75	0
1766	84	0
354	250	0
1469	172	0
843	178	0
214	50	0
2195	155	0
1945	65	0
454	258	0
1896	89	0
1273	144	0
403	54	0
1405	191	0
657	34	1
126	217	0
1105	237	0
865	52	0
1423	115	0
451	40	1
905	140	0
590	114	0
4	148	0
1898	90	0
1911	72	0
565	18	0
1727	23	0
674	150	0
2191	65	0
688	71	0
1874	195	0
41	43	0
35	219	0
1317	38	0
2264	203	0
1408	265	0
1717	222	0
654	114	0
249	44	0
1491	13	0
1895	139	0
2015	254	0
1895	235	0
1762	131	0
2095	125	0
2240	260	0
188	292	0
318	189	0
1383	4	0
1172	183	0
2088	48	0
1468	18	0
678	125	0
1787	199	0
929	184	0
458	142	0
631	263	0
1532	203	0
1071	113	0
114	191	0
1339	117	0
115	218	0
1319	2	0
1596	221	0
2074	296	0
806	168	0
274	171	0
1107	203	0
48	279	0
1191	131	0
1257	172	0
681	4	0
2255	23	0
640	265	0
639	51	0
1291	209	0
568	67	0
2154	244	1
103	34	1
2035	276	0
1142	125	0
1102	67	0
1734	174	1
2226	211	0
66	54	0
1869	18	0
252	51	0
1206	202	0
541	72	0
662	34	1
1030	78	0
1981	246	0
377	128	0
340	185	0
308	26	1
2316	290	0
171	74	0
1746	194	0
1450	132	1
1898	188	0
1680	1	0
1196	46	0
1375	228	0
202	268	0
1408	282	0
278	83	0
248	151	0
2145	89	0
899	53	1
460	272	0
1467	21	0
479	283	0
1656	254	0
1715	116	0
627	283	0
2101	68	0
1385	132	0
1461	115	0
881	145	0
615	89	0
768	48	1
1783	290	0
389	24	0
110	14	0
1518	183	0
1359	171	0
1159	55	0
467	190	0
2147	152	0
66	226	1
705	206	0
908	269	0
2219	222	0
1189	96	0
2048	289	0
535	214	0
294	186	0
1536	255	0
1584	126	0
1615	78	0
949	131	0
442	76	0
264	7	0
278	53	0
597	80	0
1357	118	0
2193	211	0
491	248	0
1623	178	0
2306	105	0
303	266	0
421	193	0
160	34	1
72	131	0
395	221	0
171	63	0
988	218	1
1532	281	0
2053	76	0
1825	225	0
1481	1	0
1078	209	0
757	52	0
2313	62	0
1471	53	0
1349	35	0
2276	195	0
949	165	0
521	34	1
1908	55	0
354	286	0
637	31	0
2007	295	0
1981	202	0
1414	71	0
631	189	0
1104	195	0
2000	4	0
793	120	0
430	47	0
520	125	0
1584	78	0
1594	101	0
641	188	0
285	65	0
518	230	0
996	158	0
582	156	0
54	299	0
358	6	1
511	103	0
394	224	0
1931	188	0
801	165	1
1232	288	1
282	167	0
293	63	0
1501	62	0
1077	22	0
39	5	1
315	183	0
1851	91	0
75	128	0
818	200	0
14	138	1
608	174	0
139	169	0
771	214	0
840	138	1
1507	291	0
1737	15	0
518	167	0
1847	215	0
440	132	0
1438	127	1
1611	148	1
2325	297	1
488	49	0
158	64	0
2047	275	0
2039	46	0
435	100	0
1061	185	0
2049	166	0
2197	148	0
1803	166	0
735	32	0
570	209	0
398	28	1
1760	182	1
1106	74	0
829	30	0
1485	39	0
147	299	0
1522	39	0
323	262	0
1278	222	0
2317	260	0
1934	220	1
637	220	0
1308	233	0
1753	234	0
170	52	0
686	161	0
1996	85	0
1758	79	0
1414	51	0
2018	12	0
218	126	0
519	64	0
108	217	0
2240	156	0
2329	197	0
81	43	0
1131	260	0
1979	197	0
2061	269	0
2286	174	0
1828	242	0
1071	181	0
2198	14	0
645	217	0
1607	59	0
1145	175	0
1597	78	0
74	202	0
1591	115	0
1979	64	0
742	154	0
467	249	0
806	281	0
322	272	0
720	202	0
1580	99	0
213	52	0
904	53	1
2255	109	0
427	92	0
2066	234	0
903	81	0
50	198	1
2219	200	0
1371	24	0
1414	50	0
387	156	0
1302	162	0
1234	225	0
2053	227	1
1089	77	1
1458	289	0
779	128	0
705	51	0
1143	167	0
1413	175	0
2252	191	0
1996	298	0
1997	142	1
2297	240	0
1207	137	0
448	117	0
1883	173	0
437	117	0
1749	48	0
484	245	0
1183	69	0
660	123	0
2325	190	0
167	161	0
679	85	0
2067	145	0
802	108	1
363	21	0
45	110	0
285	248	0
1356	96	0
1922	24	0
1242	105	0
45	287	0
2249	165	0
1696	173	1
612	193	0
1722	152	0
242	187	0
1924	89	0
2035	167	0
36	236	0
1990	107	0
310	198	0
569	263	0
1955	185	0
936	51	0
1453	117	0
1069	145	0
1780	155	0
546	46	0
1317	238	0
297	258	0
327	251	0
1184	1	0
1689	213	0
1556	176	0
1937	299	0
1786	74	0
525	81	0
1419	26	1
1008	27	0
2215	208	0
1664	98	0
1997	46	0
76	132	0
1749	54	0
330	260	0
963	209	0
1910	226	1
2046	284	0
564	66	0
725	56	0
327	255	0
780	142	0
306	124	0
2003	67	0
2045	25	0
798	129	0
2183	174	0
2120	286	0
814	124	0
768	84	0
1185	89	0
1265	133	0
1281	103	0
1705	50	0
1916	292	0
1425	39	0
21	5	1
316	293	0
2055	109	0
1120	77	1
2108	164	0
516	48	1
794	193	0
2234	95	0
777	271	0
1333	19	0
738	190	0
135	263	0
1856	186	0
653	147	0
1599	73	0
628	150	0
683	157	0
1541	181	0
693	75	0
1644	18	0
713	190	0
479	162	0
1462	272	0
1206	252	0
839	269	0
117	9	1
1806	296	0
608	143	0
2172	54	0
1288	110	1
1577	293	0
1382	75	0
650	112	0
2156	91	0
1624	12	0
2020	183	0
1998	283	0
103	88	1
660	125	0
2177	145	0
1378	153	0
166	27	0
2248	28	0
1766	20	0
1062	288	0
2283	282	0
899	250	0
1831	236	0
597	196	0
1988	256	0
1378	117	0
673	221	0
300	37	0
2111	290	0
520	97	0
2103	105	0
68	50	1
1584	113	0
1209	175	0
105	212	1
2101	188	0
2083	99	0
1439	44	0
1941	166	0
1883	161	0
307	52	0
667	280	0
400	141	0
2262	181	0
1728	124	0
592	132	0
378	22	0
365	275	0
1884	1	0
1957	14	0
1331	294	0
1442	209	0
251	86	0
1949	266	0
391	158	0
292	185	0
1927	145	0
1782	1	0
874	268	0
425	38	0
2064	34	0
2193	189	0
585	233	0
878	77	1
428	32	1
1597	76	0
300	158	0
1289	179	0
1441	286	0
1539	250	0
1074	16	0
1663	272	0
1610	72	0
718	151	0
1882	228	0
754	54	0
1852	83	0
1949	51	0
2044	17	0
1816	267	0
622	33	0
1260	74	0
186	67	0
1842	216	0
1187	258	0
1298	145	0
1848	151	0
1937	132	0
714	94	0
116	216	0
2053	269	0
1885	247	0
991	43	0
434	240	0
2282	163	0
2111	105	0
1322	184	0
719	25	0
753	44	0
1521	195	0
1052	70	0
1575	96	0
4	163	0
1799	249	0
1541	145	0
2026	55	0
1148	243	0
387	237	0
18	159	0
50	109	1
1806	179	0
2232	119	0
2064	205	0
2271	192	0
1655	56	0
2272	172	0
1893	162	0
1839	238	0
1081	83	0
818	135	0
222	99	0
443	65	0
311	229	0
1553	51	0
2034	263	0
481	60	0
434	253	0
1868	10	0
1367	135	0
980	26	0
646	172	0
1559	255	0
1702	160	0
293	103	0
831	118	0
440	52	0
1980	41	0
786	236	0
490	29	0
1869	211	1
1134	288	0
1617	39	0
289	212	0
2011	226	1
2317	210	0
861	6	0
1360	135	0
1212	192	0
801	242	0
1310	115	1
517	97	0
1828	42	0
727	258	0
1021	86	0
2166	120	0
122	25	0
399	140	0
345	295	0
1624	296	0
2061	227	1
633	128	0
423	237	0
1871	280	0
2293	12	0
952	38	0
1659	219	0
534	109	0
1351	85	0
1212	122	0
1694	244	0
36	260	0
905	172	0
1959	158	0
1635	89	0
226	287	0
188	189	0
35	48	0
1479	52	0
1694	218	0
349	89	0
70	244	1
465	88	0
862	24	0
623	253	0
1018	213	0
2000	24	0
215	177	0
1834	176	0
1892	42	0
2184	67	0
1166	88	1
287	139	0
303	216	0
846	236	0
165	50	0
791	48	1
784	49	1
759	30	0
1035	66	0
953	138	1
2219	296	0
717	34	1
899	258	0
651	180	0
888	100	1
1419	173	0
1052	149	0
2010	149	0
616	132	0
2071	136	0
523	173	0
136	194	1
823	74	0
2303	172	0
842	50	1
459	170	0
815	160	0
1390	253	0
950	105	0
831	91	0
437	40	1
1081	192	0
5	95	0
1096	295	0
886	194	0
651	42	0
2135	93	0
947	150	0
1947	112	0
105	67	0
351	249	0
112	32	1
699	138	0
1003	298	0
1309	131	0
249	89	0
1305	178	1
2043	9	0
120	21	0
869	182	0
1441	289	0
1253	106	0
1475	229	0
2019	124	0
369	73	0
1301	207	1
937	173	0
1533	128	0
1628	110	0
1585	1	0
717	136	0
231	6	1
1881	150	0
1500	49	0
1409	215	0
771	200	0
1420	178	0
910	155	0
2253	74	0
430	17	0
1622	75	0
667	217	0
639	115	0
865	30	0
1466	257	0
1883	11	0
563	48	0
1781	262	0
330	29	0
1315	80	0
755	20	0
1251	297	0
1143	132	0
1370	202	0
1534	38	0
2038	60	0
773	166	0
372	64	0
1466	271	0
625	166	0
462	20	0
959	231	0
654	10	0
1076	232	0
1723	282	0
1283	109	1
1102	122	0
45	5	1
474	154	0
1826	46	0
1631	14	0
116	15	0
1596	265	0
1998	81	0
1110	175	0
1135	280	0
1611	173	0
510	250	0
258	211	0
1744	174	1
1015	102	0
1407	60	0
1558	130	0
927	45	0
1857	124	0
2116	68	0
1527	133	0
802	218	1
500	243	0
491	12	0
732	298	0
1749	92	0
559	231	0
1222	207	0
1953	25	0
1914	153	0
284	125	0
59	105	1
2176	99	0
695	33	0
898	171	0
1120	261	0
1959	274	0
386	87	0
1880	146	0
1805	11	0
1455	132	1
318	8	1
1844	211	1
2225	217	0
1599	274	0
1519	79	0
735	137	0
137	117	0
462	199	0
1841	97	0
178	286	0
1724	92	0
794	288	0
203	274	0
981	284	0
886	232	0
1115	39	0
2131	34	0
1297	74	0
1980	50	0
2310	126	0
1975	248	0
2033	236	0
670	83	0
2245	56	0
1010	205	0
2090	122	0
1155	193	0
2113	137	0
1154	65	0
867	136	0
204	283	0
868	50	1
2209	133	0
2147	244	1
1773	250	0
246	247	0
1463	132	1
1741	262	0
1412	253	0
167	217	0
1543	256	0
594	11	0
1595	157	1
2090	165	1
2049	27	0
1065	217	0
2190	95	0
1644	213	0
2284	286	1
573	255	0
664	108	0
1020	26	1
1577	136	0
1007	243	0
1406	182	0
1521	256	1
677	263	0
2238	89	0
480	0	0
2098	288	0
91	296	0
933	192	0
422	28	0
266	246	0
2139	225	0
1793	59	0
1512	181	0
551	109	0
1855	243	0
2183	108	0
1315	279	0
1154	238	0
1378	25	0
1815	150	0
1096	209	0
408	228	0
286	150	0
2228	25	0
2104	116	0
1079	44	0
573	144	0
1597	293	0
2054	70	0
302	92	0
610	170	0
840	236	0
1749	215	0
688	34	1
1047	111	0
255	120	0
857	140	0
2286	213	0
780	11	0
390	145	0
2143	67	0
1715	209	0
1417	86	0
2317	1	0
2148	175	0
854	99	0
104	211	1
2240	280	0
993	120	0
2012	134	0
1133	252	0
2123	291	0
1283	48	0
978	0	0
1939	48	0
1745	204	0
1469	119	0
388	245	0
853	119	0
279	133	0
1963	281	0
1895	61	0
416	86	0
398	139	0
227	169	0
1931	223	0
2109	32	0
2035	38	0
2025	212	0
971	18	0
806	174	1
1223	43	0
1968	130	0
1713	40	0
658	182	0
2188	56	0
2074	133	0
583	288	0
1202	277	0
149	118	1
1233	91	1
658	227	1
2316	173	0
2249	156	0
2027	234	0
1237	91	1
691	223	0
1931	252	0
2157	12	0
1650	181	0
1336	152	0
1601	165	1
2122	135	0
42	166	0
2137	97	0
2304	147	0
606	201	0
1806	25	0
1519	208	0
1814	208	0
2217	96	0
92	79	0
1460	84	0
1320	271	0
19	238	0
2056	145	0
596	45	0
1995	98	0
1168	120	0
235	230	0
1103	24	0
1945	220	1
2309	174	0
1999	293	0
1090	80	0
0	235	0
607	41	0
1829	247	1
1882	79	0
623	76	0
1179	230	0
970	29	0
488	5	0
1117	184	0
1337	212	0
591	41	0
1745	284	0
720	77	0
934	58	1
122	45	0
528	114	0
1050	107	0
1845	211	1
1059	266	0
2301	288	1
1016	298	0
449	251	0
372	107	0
1202	166	0
753	111	0
885	229	0
1427	211	0
1506	227	1
1721	234	0
1235	286	0
1512	129	0
1160	261	0
1284	114	0
575	72	0
1100	144	0
1675	7	0
610	148	0
1333	132	0
1216	282	1
250	215	1
878	42	0
291	195	0
766	65	0
474	65	0
554	231	0
1247	277	0
851	188	0
516	9	0
1174	103	0
2308	230	0
1746	216	0
1896	292	0
176	164	0
1238	21	0
1334	176	0
66	139	0
983	13	0
1184	136	0
1136	223	0
2171	123	0
636	5	0
2132	25	0
1753	178	1
170	6	1
1833	98	0
1155	126	0
1355	125	1
1958	180	0
492	103	0
310	6	1
1910	232	1
1259	251	0
1787	53	0
1162	39	0
780	184	0
250	218	0
41	138	1
883	88	1
1818	30	0
2108	49	0
814	283	0
2213	209	0
2168	244	1
1828	50	0
1826	286	0
274	124	0
237	198	0
264	34	0
2279	269	0
1603	243	0
1	139	0
773	227	0
366	43	0
2120	170	0
569	10	0
669	34	1
22	61	0
1036	267	0
1606	184	0
1923	231	0
215	264	0
2239	174	0
2322	25	0
1845	290	0
900	258	0
1662	77	0
1413	181	0
832	182	0
1703	177	0
1831	65	0
835	133	0
2135	197	0
616	223	0
1797	137	0
1655	116	0
1546	244	1
2113	158	0
1591	145	1
1379	95	0
778	236	0
1688	24	0
615	198	0
1413	87	0
1282	155	0
285	274	0
417	4	0
1414	52	0
219	294	0
2261	199	0
852	121	0
513	48	1
1635	116	1
2088	89	0
2258	198	0
1090	269	0
732	255	0
199	288	0
308	206	0
878	236	0
730	98	0
276	242	0
2162	85	0
1677	172	0
1377	77	0
240	267	0
776	136	0
1639	81	0
536	63	0
725	69	0
808	209	0
972	26	0
1048	251	0
703	196	0
0	298	0
1150	128	0
750	284	0
677	76	0
80	61	0
117	297	0
321	118	0
2271	188	0
1074	129	0
141	283	0
702	188	0
478	120	0
1626	235	0
1779	59	0
1958	224	1
1265	58	0
302	275	0
2315	255	0
380	182	1
1568	34	1
2186	80	0
211	15	0
1430	186	0
382	117	0
1725	220	0
2021	87	0
2213	97	0
803	175	0
138	171	0
495	258	0
1986	281	0
2097	283	0
104	280	0
1805	101	0
1943	121	0
113	105	0
745	115	0
1602	217	0
694	115	0
2088	281	0
417	36	0
1905	226	0
1506	164	0
871	236	0
1287	170	0
1002	92	0
380	55	0
1589	298	0
2263	78	0
1612	179	0
658	89	0
1970	276	0
991	298	0
2066	180	0
1020	139	1
1666	176	0
1864	230	0
23	58	0
882	25	0
656	264	0
23	201	0
32	78	0
869	50	1
1537	31	0
355	2	0
263	6	1
894	247	0
1486	31	0
2233	92	0
2294	18	0
1009	113	0
931	264	0
894	117	0
1450	221	0
695	278	0
859	218	1
540	50	1
1271	290	0
1479	273	0
1847	143	0
1325	180	0
439	167	0
1081	194	0
1917	297	0
160	254	0
722	150	0
77	55	1
1428	7	0
1810	243	0
1363	262	0
233	116	0
2032	71	0
1757	32	0
1561	12	0
565	178	0
750	271	0
1650	289	0
8	48	0
2164	204	0
276	6	1
1590	40	0
1910	8	0
1182	197	0
1666	268	0
1827	249	0
1352	36	0
494	50	1
955	70	0
1948	152	0
1982	62	0
1212	146	0
1270	159	0
1561	201	0
553	256	0
1395	26	1
1292	203	0
1173	255	0
2140	72	0
1710	160	0
514	84	0
1745	36	0
1522	188	0
633	34	1
752	294	0
879	50	1
252	239	0
905	63	0
32	140	0
411	276	0
697	283	0
1089	264	0
248	121	0
1120	273	0
567	90	0
1649	117	0
1047	37	0
169	269	0
371	74	0
619	68	0
1932	264	0
1574	23	0
2173	230	0
1131	269	0
1030	213	0
979	169	0
1290	187	0
2029	98	0
613	296	0
256	96	0
1225	6	0
2257	6	0
80	77	0
1387	59	0
200	6	1
1697	198	0
638	232	0
2272	162	0
1842	207	0
79	257	0
733	91	1
562	173	0
1339	86	0
590	122	0
1565	169	0
1126	58	0
366	226	0
290	197	0
404	254	0
134	201	0
1594	189	0
2235	154	0
832	148	0
2311	68	0
1945	186	0
14	124	0
787	132	0
942	83	0
1208	168	0
463	260	0
59	224	0
214	6	1
569	274	0
791	98	0
602	55	0
2086	177	0
1411	17	0
778	176	0
211	196	0
1153	23	0
1576	206	0
2160	156	0
1681	171	1
1597	175	0
2027	210	0
1277	19	0
576	32	0
1940	245	0
2121	92	0
1789	210	0
2114	2	0
1470	177	0
60	70	0
1337	52	0
1657	226	0
691	34	1
1316	123	1
1943	231	0
395	130	0
1861	297	0
892	250	0
1327	290	0
625	257	0
195	204	0
1777	25	0
1404	221	0
1091	274	0
1082	77	1
647	229	0
1040	57	0
1836	248	0
1342	174	0
1009	207	0
316	62	0
924	41	0
1173	251	0
1247	225	0
1393	74	0
1872	211	1
1703	182	0
761	47	0
515	77	1
1679	145	0
2023	58	0
2030	227	1
2310	161	0
1432	20	0
853	134	0
2188	119	0
661	238	0
1656	14	0
711	89	0
1372	22	0
1801	235	0
1167	76	0
42	185	0
1076	91	0
438	78	0
465	239	0
349	240	0
1817	242	0
927	103	0
560	122	0
278	1	0
1757	109	0
151	114	0
1158	88	1
473	216	0
1896	117	0
1446	132	1
1737	35	0
837	209	0
1104	119	0
1332	9	0
548	53	0
168	224	0
707	111	0
1493	241	0
267	242	0
2123	61	0
2037	201	0
16	163	0
933	56	0
1773	289	0
1216	52	0
2281	128	0
1877	19	0
1633	150	0
1093	23	0
2188	60	0
2075	32	0
848	229	0
393	59	0
499	76	0
1626	45	0
618	144	0
2265	1	0
1576	114	0
1549	267	0
438	282	0
1291	208	0
1827	79	0
1017	75	1
670	170	0
247	159	0
1606	258	0
1057	198	1
1064	62	0
2306	194	0
1454	90	0
1631	86	0
1950	217	0
1437	128	0
1192	172	0
1546	151	0
1022	274	0
2173	120	0
1027	257	0
1051	95	0
613	105	1
574	95	0
1265	157	0
1387	142	0
344	106	0
2326	176	0
833	187	0
814	64	0
150	222	0
245	92	0
206	30	0
245	151	0
1565	50	0
2068	53	0
1753	210	0
1635	268	0
1873	203	0
2242	240	0
1226	171	0
2278	119	0
1034	215	0
2008	157	0
1441	200	0
626	264	0
1157	146	0
841	128	0
1905	223	0
2026	173	0
1165	238	0
28	119	0
1288	214	0
557	230	0
789	213	1
1156	204	0
1339	110	0
2240	119	0
9	178	0
456	62	0
2071	61	0
683	149	0
192	121	0
2101	116	0
2257	112	1
1380	138	0
245	295	0
59	261	0
931	68	0
1979	274	0
2165	95	0
930	253	0
680	123	0
977	42	0
1151	239	0
1145	205	0
292	83	0
1354	155	0
820	28	0
503	147	0
245	262	0
2106	85	0
533	219	0
1123	258	0
2201	155	0
778	94	1
182	232	0
1767	61	0
92	262	0
303	207	0
870	18	0
1413	297	0
466	94	1
556	77	1
1045	167	0
879	284	0
2018	135	0
1371	11	0
221	99	0
217	288	0
134	112	0
1268	142	0
2117	245	0
1058	255	0
2001	88	0
2238	86	0
1747	275	0
768	98	0
16	4	1
78	190	0
12	149	0
394	184	0
1705	18	0
920	297	0
542	34	1
621	77	1
1458	57	0
322	265	0
1243	114	0
78	0	0
1596	90	0
186	226	0
2047	185	0
467	38	0
1198	236	0
1869	95	0
774	130	0
1121	77	1
151	19	1
174	72	0
1097	35	0
1721	271	0
1591	34	0
1733	112	0
1542	199	0
545	260	0
1960	288	0
2070	198	0
1132	188	0
588	58	0
2224	190	0
1952	165	0
702	50	1
463	297	0
1238	288	1
977	68	0
573	65	0
1281	253	0
1371	216	0
1868	190	0
947	9	0
2116	275	0
1666	234	0
481	120	0
230	295	0
1629	103	0
571	138	0
971	198	0
1052	106	0
1520	115	0
2190	215	0
684	247	0
414	174	0
2232	101	0
715	225	0
1526	149	0
520	80	0
2266	122	0
2194	246	0
1584	60	0
327	6	1
1516	5	0
1759	6	0
1573	243	0
1598	176	0
1172	245	0
1168	163	0
2129	77	0
346	146	0
916	193	0
507	262	0
1849	61	0
1911	123	0
503	17	0
16	24	0
1152	191	0
281	155	0
1605	164	0
1874	176	0
1308	69	0
756	180	0
1842	276	0
2230	107	0
18	238	0
680	39	0
900	133	1
916	129	0
407	133	1
366	244	0
2021	295	0
363	41	0
1650	156	1
357	63	0
1466	121	0
1739	92	0
1955	190	0
1162	88	1
1270	66	0
2300	108	0
1297	207	0
1400	96	0
1115	237	0
157	102	0
1385	204	0
918	150	0
1462	110	0
2107	20	0
1135	82	1
424	49	1
174	291	0
887	93	0
1382	41	0
1018	79	0
2059	14	0
1903	187	0
1577	25	0
2220	42	0
1061	174	1
874	109	0
1527	74	0
998	278	0
38	157	0
637	291	0
1273	117	0
885	225	1
130	275	0
652	2	0
919	170	0
2330	36	0
1675	90	0
1458	21	0
2306	88	0
72	37	0
870	286	0
1293	187	0
95	7	1
653	177	0
1131	8	0
988	23	0
1229	74	0
1656	121	0
1448	11	0
720	106	0
151	153	0
2291	234	0
1158	288	0
2151	228	0
1243	38	0
436	216	0
322	56	0
587	290	0
867	50	1
511	173	1
1411	15	0
1012	216	0
2303	17	0
25	234	0
7	8	0
1057	102	0
2294	243	0
1329	98	0
1439	45	0
746	47	0
1732	208	0
2176	207	0
608	78	0
2031	232	0
1590	211	0
2158	248	0
955	58	1
293	137	0
895	275	0
1152	269	0
94	72	0
268	46	0
1557	28	0
1143	110	0
1643	161	0
697	256	0
2050	234	0
425	76	0
1868	138	0
1259	111	0
1149	120	0
444	111	0
1182	265	0
682	185	0
1627	40	0
129	200	0
1916	225	0
1169	78	0
643	50	1
538	212	0
2293	76	0
137	123	1
746	280	0
2096	115	0
1838	274	0
918	119	0
17	297	0
974	104	0
1529	184	0
2064	108	0
1969	133	0
2204	66	0
673	20	0
903	31	0
1736	130	0
2170	74	0
336	184	0
2207	158	0
835	234	0
1094	102	0
1251	116	1
1835	76	0
1604	115	0
97	34	1
378	112	0
1902	25	0
312	242	0
477	287	0
699	242	0
281	46	0
950	27	0
26	192	0
1077	266	0
655	134	0
83	227	0
806	8	0
953	99	0
1025	67	0
1072	132	1
390	169	0
1412	261	0
56	10	0
715	162	0
908	184	0
79	240	0
1672	7	0
1109	11	0
608	249	0
1670	274	0
422	83	0
1798	78	0
1575	143	1
1379	288	0
439	133	0
2224	160	0
1181	85	0
77	252	0
138	110	0
404	190	0
2082	109	0
990	81	1
1625	54	0
1238	10	0
1866	215	0
1629	55	0
958	16	0
881	211	0
1264	176	0
708	142	1
2009	117	0
781	267	0
700	297	0
1586	248	0
2109	244	0
1673	203	0
2143	227	0
948	86	0
1053	144	0
342	169	0
584	34	1
2166	82	0
947	260	0
1740	140	0
325	91	1
1505	104	0
893	254	0
1235	226	0
1953	47	0
894	291	0
523	233	0
115	228	0
568	106	0
707	223	0
2277	248	0
2219	220	0
750	289	0
1968	21	0
1647	225	0
838	20	0
2126	287	0
19	33	0
477	34	1
1525	103	0
442	263	0
92	50	1
1875	58	0
713	204	0
682	48	1
742	146	0
1930	145	0
1271	57	0
828	188	0
1782	66	0
33	288	1
1933	14	0
377	235	0
1848	2	0
309	24	0
801	181	0
864	101	0
405	147	0
318	51	0
512	188	0
1752	232	0
1030	31	0
772	265	0
1737	31	0
180	8	1
372	69	0
1081	115	0
1497	276	0
1717	7	0
1487	126	0
562	244	0
242	88	0
2084	188	0
2043	145	0
426	40	0
1792	27	0
1349	146	0
892	16	0
2041	291	0
410	55	0
959	64	1
728	89	0
1927	4	0
1169	75	0
1172	242	0
1840	144	0
669	220	0
102	209	0
403	153	0
1197	40	0
599	34	1
1603	246	0
1994	60	0
584	4	0
1444	85	0
594	283	0
1873	169	0
1020	89	0
1913	75	0
61	292	0
2085	250	0
1656	249	0
2270	168	0
863	25	0
25	5	1
1186	223	0
1347	40	0
626	77	0
36	296	0
1261	100	1
1926	185	0
1758	85	0
93	235	0
111	74	0
1734	175	0
992	276	0
328	152	0
2150	89	0
1878	87	0
674	89	0
1053	156	0
829	134	0
828	50	1
1602	145	1
179	223	0
611	43	0
1661	187	0
502	40	0
2107	16	0
2290	137	0
690	112	0
191	18	0
601	46	0
1693	109	0
417	51	0
555	246	0
1177	149	0
2307	288	1
291	105	0
2086	54	0
43	149	0
2242	273	1
1178	91	1
666	271	0
2087	226	0
1580	36	0
2054	183	0
1041	78	0
714	103	0
1802	94	0
1906	246	0
1029	174	1
100	2	0
1836	195	0
2066	154	0
199	6	1
1867	163	0
1563	100	0
400	73	0
183	125	0
1133	82	0
2249	9	0
1304	98	0
1389	118	0
1246	224	0
840	28	0
1381	22	0
286	90	0
1318	227	0
1756	93	0
824	263	0
434	64	0
1680	8	1
873	57	0
2115	103	0
2291	288	1
740	61	1
2328	130	0
1772	241	0
609	238	0
1453	75	0
1635	139	0
965	230	0
372	114	0
1911	83	0
1253	181	0
1574	89	0
1479	1	0
1322	285	0
1166	225	0
517	34	1
164	94	0
671	140	0
2213	149	0
1689	194	0
503	258	0
2330	231	0
566	298	0
2170	262	0
133	259	0
1884	95	0
1507	112	0
2083	35	0
2285	180	0
564	93	0
316	146	0
1241	299	0
51	114	0
582	142	1
379	67	0
462	178	0
377	299	0
1522	255	0
1271	134	0
657	215	0
1609	273	0
112	208	0
1961	154	0
842	27	0
1455	80	0
460	196	0
886	190	0
301	270	0
1320	109	0
1150	40	0
2161	217	0
1700	240	0
2266	176	0
702	74	0
1772	174	0
2124	88	0
562	163	0
52	50	0
504	51	0
739	13	0
112	244	1
1563	187	0
1032	165	0
1177	191	0
457	228	0
1293	71	0
1420	42	0
1006	101	0
1554	161	0
1906	224	0
1602	190	0
572	34	1
532	135	0
150	49	0
198	25	0
667	225	0
1802	231	0
1765	263	0
964	96	0
32	63	0
499	82	0
459	228	0
333	199	0
795	278	0
944	196	0
1945	122	0
1510	43	0
376	122	0
43	66	0
2285	62	0
43	269	0
941	65	0
961	254	0
1593	266	0
92	125	0
1154	155	0
1187	138	0
1841	244	0
299	128	0
1945	144	0
2123	282	0
1563	125	0
754	213	0
2216	34	0
1544	95	0
20	185	1
1986	93	0
2304	276	0
1929	12	0
615	230	0
446	58	0
946	265	0
627	211	0
710	50	1
1717	34	0
2232	113	0
2312	290	1
2002	52	0
103	105	0
24	214	0
1762	219	0
476	238	0
1162	76	0
1234	0	0
45	179	0
428	183	1
1877	221	0
295	262	0
1584	232	0
2088	273	0
1931	108	0
2210	82	0
668	112	0
428	146	0
604	154	0
1558	174	0
691	272	0
625	73	0
1489	195	0
1358	48	0
704	296	0
1731	149	0
2262	112	1
2057	3	0
241	125	0
632	34	1
384	78	0
2271	14	0
1765	294	0
1258	99	1
1937	49	0
361	134	0
1750	39	0
804	51	0
1754	79	0
2214	66	0
2037	2	0
1930	11	0
839	299	0
1106	1	0
1377	156	0
1593	37	0
1832	68	0
2046	164	0
1923	160	0
2249	76	0
1100	11	0
1926	32	0
1947	175	0
205	68	0
771	86	0
1651	298	0
671	200	0
939	116	0
219	285	0
886	201	0
258	194	0
1549	93	0
1651	49	0
1947	220	1
1556	250	0
2263	124	0
1652	9	0
1465	194	0
1683	175	0
1418	78	0
536	156	0
240	43	0
1692	25	0
164	213	0
88	159	0
1194	182	0
869	129	0
2213	222	0
1272	207	0
1732	209	0
768	23	0
314	37	0
1755	181	1
144	123	1
134	81	0
2224	244	0
681	225	0
2202	93	0
1025	160	0
386	217	0
1036	42	0
2295	248	0
48	0	0
2102	87	0
1644	22	0
819	50	1
2004	76	0
772	87	0
1742	41	0
1293	39	0
199	164	0
1449	146	0
1052	201	0
765	166	0
654	243	0
2330	150	0
1044	39	0
314	135	0
846	87	0
2156	248	0
868	297	0
1311	143	0
1516	185	0
177	180	0
1587	119	0
2093	16	0
2239	232	0
298	189	0
62	279	0
2071	184	0
1512	130	0
598	113	0
1909	218	1
2113	89	0
1122	83	0
1380	232	0
441	70	0
247	249	0
1482	20	0
286	84	0
412	68	0
1718	276	0
1354	11	0
945	270	0
801	250	0
1718	299	0
1899	270	0
1686	257	0
2173	50	0
1736	168	0
2084	23	0
1407	17	0
1771	61	0
1246	212	0
1124	32	0
1885	47	0
854	174	0
1001	59	0
2150	131	0
1901	183	0
1814	169	0
2308	259	0
707	97	0
491	30	0
1479	108	0
1836	144	0
45	62	0
344	71	0
47	174	1
1229	27	0
1513	197	0
122	16	0
1439	119	0
2148	40	0
1990	160	0
1517	210	0
1097	190	0
820	142	0
1427	283	0
1037	249	0
1403	33	0
1916	190	0
1692	50	0
739	52	0
1820	12	0
1960	121	0
2273	62	0
2291	194	0
1422	26	1
2134	244	1
480	263	0
902	91	0
2245	254	0
1613	105	0
1357	37	0
1189	186	0
1090	22	0
1084	277	0
1411	239	0
628	226	0
2061	211	0
105	226	1
643	35	0
1239	270	0
1054	64	0
1275	197	0
744	104	0
752	229	0
1291	32	0
21	91	1
1757	290	1
1100	77	1
953	287	0
720	44	1
1657	53	0
125	254	0
461	246	0
1164	121	0
1050	44	0
2189	243	1
1257	93	1
882	230	0
1121	139	0
1736	156	0
1567	108	0
678	34	1
1121	236	0
1533	252	0
1878	228	0
328	133	0
491	280	0
1368	58	0
741	149	0
1981	296	0
268	218	0
1151	184	0
364	292	0
2258	68	0
170	286	0
275	176	0
1471	144	0
1766	222	0
1717	188	0
476	105	1
418	57	0
2075	31	0
2237	73	0
1	248	0
365	78	0
1514	47	0
860	251	0
1163	125	0
1070	256	0
1386	207	0
29	227	0
1518	102	0
378	200	0
1733	169	0
810	132	0
356	38	0
1673	46	0
139	282	0
32	61	1
375	185	0
106	54	0
1612	122	0
342	182	0
1676	226	0
849	99	0
393	7	0
164	87	0
1997	298	0
531	95	0
402	4	0
1545	13	0
1637	259	0
1216	168	0
374	194	0
1635	102	0
25	247	0
487	170	0
496	97	0
878	171	0
1895	218	1
1016	17	0
327	52	0
1319	208	0
1372	204	0
675	55	0
1542	187	0
646	150	0
246	97	0
1016	140	0
1281	38	0
90	130	0
104	221	0
1935	264	0
763	48	1
478	79	0
458	124	0
144	5	0
98	50	1
440	207	0
1932	248	0
178	111	0
2132	80	0
1751	109	0
595	119	0
1587	298	0
592	73	0
1697	10	0
673	150	1
687	149	0
778	127	0
595	164	0
2125	241	1
2077	180	0
181	224	0
1477	259	0
354	230	0
737	13	0
1569	169	0
2221	268	0
243	165	0
1876	175	0
1595	267	1
1866	10	0
1240	35	0
1271	272	0
2076	93	0
1751	258	0
1761	68	0
797	26	1
1239	140	0
61	197	0
1785	244	1
1486	251	0
1312	64	0
248	246	0
63	245	0
1039	115	0
204	6	1
1853	146	0
769	10	0
64	272	0
1037	85	0
2241	52	0
1058	67	0
1335	246	0
1350	256	0
2221	139	0
226	102	0
1614	176	0
1970	189	0
205	1	0
703	210	0
467	252	0
167	195	0
365	133	0
1494	29	0
27	5	1
536	211	0
1137	269	0
875	32	0
1809	122	0
1824	22	0
2102	150	0
2030	34	0
477	166	0
1246	93	1
1294	13	0
1952	0	0
143	210	0
881	246	0
1166	110	0
1941	84	0
2231	200	0
532	285	0
1884	172	0
242	154	0
544	102	0
5	24	0
996	172	0
1996	7	0
525	197	0
101	8	0
976	22	0
367	1	0
193	91	1
2114	109	0
1602	293	0
2273	181	0
355	198	0
1830	218	0
8	68	0
592	72	1
883	286	0
1176	92	0
312	127	0
1822	199	0
1018	143	0
577	257	0
689	297	0
774	69	0
2322	234	0
122	221	0
33	205	0
2277	56	0
1183	279	0
1539	239	0
865	17	0
2165	19	0
164	18	0
1701	108	0
1092	125	0
819	93	0
79	39	0
1192	296	0
44	83	0
36	28	0
435	50	1
885	179	0
48	138	0
2320	181	0
358	288	0
1300	232	0
1088	90	0
1897	149	0
983	222	0
1227	199	0
1051	1	0
947	132	0
2230	96	0
387	271	0
779	279	0
2245	136	0
1433	90	0
2313	130	0
2082	241	0
1183	248	0
1964	0	0
51	108	0
1177	91	1
881	47	0
2084	59	0
441	132	0
405	177	0
1274	69	0
2278	202	0
2111	36	0
1052	139	0
1259	198	0
1706	294	0
531	53	0
2056	210	0
886	1	0
2253	139	0
253	224	0
97	175	0
2052	226	0
1831	40	0
444	109	0
1706	86	0
1975	167	0
263	197	0
1331	218	0
243	125	0
600	140	0
1813	169	0
2246	91	0
2160	232	0
1709	190	0
1818	28	0
1548	253	0
1065	207	0
348	202	0
375	24	1
1261	111	0
609	201	0
964	136	0
1716	133	0
44	197	0
821	292	0
2282	284	0
235	1	0
149	138	0
2299	161	0
790	49	1
1876	89	0
1386	85	0
2192	47	0
322	183	0
945	167	0
660	143	0
1141	159	0
1805	179	0
2317	240	0
315	91	0
1924	96	0
1386	247	0
1515	138	1
323	276	0
682	216	0
1450	133	0
355	189	0
1594	150	0
377	219	0
1908	42	0
852	78	0
1863	31	0
50	266	1
638	176	0
2122	258	0
738	282	0
683	268	0
670	241	0
275	273	0
863	95	0
2184	245	1
936	244	0
815	166	0
610	96	0
1657	210	0
1278	43	0
987	109	0
812	21	0
590	34	1
1985	96	0
264	88	0
255	256	0
2251	28	0
264	133	0
1319	139	1
1345	224	0
1914	5	0
760	48	1
1144	221	0
657	46	0
1049	152	0
9	296	0
720	257	0
76	53	0
312	212	0
483	150	0
1943	29	0
664	70	0
546	50	1
140	122	0
1462	182	0
1717	135	0
1875	53	0
586	11	0
550	145	0
289	295	0
405	159	0
1388	213	0
2225	43	0
821	15	0
2044	227	1
2087	165	1
888	277	0
1584	18	0
0	197	0
1177	36	0
1162	289	0
1082	176	0
405	137	0
924	88	1
786	61	0
456	281	0
1306	28	0
555	244	0
1899	39	0
2286	262	0
739	49	1
1321	51	0
1363	26	1
1861	268	0
1638	78	0
2319	262	0
1285	93	0
1747	279	0
1427	151	0
81	265	0
1848	282	0
1761	139	0
616	297	0
1254	152	0
756	281	0
64	84	0
182	208	0
1032	31	0
160	232	0
1314	123	0
1550	220	0
951	195	0
544	234	0
764	148	0
292	212	0
2275	228	0
2273	151	0
30	142	1
19	52	0
2247	281	0
1216	87	0
1426	76	0
1993	27	0
760	288	0
512	233	0
1960	94	0
2122	199	0
2042	233	0
291	180	0
738	9	0
755	263	0
2319	235	0
1195	220	1
1980	89	0
1595	192	0
1504	291	0
160	48	1
799	49	1
784	32	0
765	153	0
1238	296	0
1710	198	0
1410	281	0
373	245	0
1652	168	0
2044	275	0
36	219	0
1821	201	1
1606	198	0
1834	246	0
24	198	0
111	181	0
872	182	0
1649	213	0
693	207	0
1210	226	0
875	117	0
1319	136	0
984	3	0
1826	134	0
2041	84	0
666	13	0
1232	68	0
839	38	0
1474	119	0
876	204	0
61	66	0
1665	295	0
811	229	0
518	25	0
1483	293	0
2197	241	0
1108	252	0
1718	27	0
1500	163	0
2133	244	1
1260	162	0
1697	263	0
1922	169	0
483	296	0
1453	74	0
1105	284	0
1364	29	0
1988	224	0
960	285	0
655	64	0
1401	226	0
1443	236	0
1002	245	0
1210	104	0
825	101	0
1718	162	0
1234	90	0
20	6	1
494	122	0
83	126	0
368	276	0
360	91	0
1149	222	0
580	5	0
314	124	0
1815	199	1
609	69	0
690	299	0
2194	72	1
1162	133	0
1613	15	0
2174	240	0
190	23	0
31	73	1
35	130	0
294	137	0
654	260	0
394	32	0
1995	257	0
135	286	0
71	200	0
1244	191	0
770	134	0
508	211	1
1725	118	0
1560	138	1
318	261	0
1849	2	0
1428	263	0
2217	265	1
671	111	1
2023	199	0
1167	25	0
1007	132	1
933	55	1
659	214	0
2303	219	0
587	226	0
2082	56	0
1698	218	1
2323	10	0
1055	4	0
2005	49	0
2150	293	0
295	146	0
859	241	0
1477	146	0
1218	109	0
978	119	0
1076	110	0
219	190	0
591	283	0
942	257	0
690	234	0
1736	5	0
1549	138	1
394	92	0
1226	213	0
1047	77	1
765	147	0
1593	154	0
1481	29	0
1983	55	0
933	281	0
249	243	1
497	145	0
199	19	0
688	204	0
1411	50	0
605	157	0
1388	131	0
1593	117	0
202	85	0
1924	265	0
708	173	1
874	263	0
97	50	1
625	218	1
1962	10	0
103	257	1
1447	132	1
2089	219	0
427	62	0
1902	263	0
147	286	0
605	50	1
1189	216	0
1991	81	0
477	206	0
1630	220	0
1404	77	0
1917	200	0
1443	198	0
1931	253	0
2001	72	0
911	85	0
480	49	0
1687	254	0
1535	55	0
980	145	0
1247	221	0
177	105	1
1840	39	0
917	268	0
917	97	0
1790	142	1
409	233	0
724	75	0
1359	113	0
1681	249	0
1325	151	0
2006	290	0
1407	42	0
1695	38	0
2049	112	0
770	225	0
511	77	1
48	12	0
2145	101	0
1046	77	1
2323	237	0
825	152	0
1377	155	0
58	245	0
665	34	1
394	45	0
1606	260	0
2140	269	0
1391	196	0
2323	82	0
1636	218	0
94	176	0
2287	9	0
1918	68	0
2182	288	0
1208	91	1
1378	218	0
1070	76	0
1722	181	0
1759	273	1
1094	109	0
1147	9	0
1399	62	0
2010	147	0
1031	250	1
2081	264	0
149	50	1
36	123	0
2298	159	0
895	29	0
2166	94	0
726	52	0
1203	299	0
1915	225	0
2246	20	0
1323	236	0
475	137	0
647	2	0
753	48	1
2059	167	0
1794	92	0
255	176	0
720	148	0
2320	47	0
1219	97	0
52	109	0
388	27	1
1684	293	0
1956	293	0
897	150	0
1403	132	1
364	129	0
1002	88	0
2101	271	0
610	296	0
1216	20	0
1445	280	0
1830	63	0
2191	161	0
331	266	0
1931	149	0
889	277	0
901	88	1
2252	189	0
18	255	0
153	283	0
272	20	0
459	34	1
1262	297	0
2243	132	0
821	7	0
805	116	0
80	220	0
445	14	0
97	299	0
2274	297	0
2040	294	0
1873	199	0
1351	115	0
1318	41	0
1198	107	0
814	274	0
132	151	0
1897	104	0
2226	254	0
1884	57	0
1630	116	1
292	264	0
1833	142	0
1926	220	1
451	142	0
1068	27	0
2329	4	0
823	107	0
796	151	0
570	5	0
63	153	0
1264	41	0
854	274	0
1721	67	0
2144	109	0
1594	293	0
204	261	0
1789	25	0
1524	209	0
144	212	0
918	227	1
1665	160	1
264	150	0
202	39	0
211	239	1
1435	188	0
742	37	0
1870	185	0
1642	151	1
953	20	0
674	121	0
369	215	0
1073	15	0
1241	294	0
981	271	0
1422	190	0
134	270	0
1367	127	0
979	281	0
839	119	0
2322	99	0
618	287	0
1340	244	0
940	260	0
1019	244	0
1491	86	0
1982	50	0
2252	273	1
2173	221	0
278	62	0
422	230	0
537	295	0
229	142	0
68	237	0
796	255	0
2262	10	0
697	26	0
2085	279	0
103	241	0
240	6	1
2275	286	0
1385	77	0
163	187	0
930	150	0
1176	99	0
347	108	0
1816	143	0
764	283	0
1976	123	0
500	33	0
934	128	0
2057	140	0
677	34	1
1859	40	0
235	18	0
1384	142	0
1658	105	0
600	219	0
625	154	0
2238	185	0
916	230	0
1584	178	0
626	177	1
1922	241	0
432	281	0
850	83	0
2281	228	0
1796	209	0
745	273	0
286	63	0
239	273	1
219	230	0
1962	124	0
2248	188	0
2121	240	1
681	262	0
1986	128	0
1527	59	0
933	120	0
161	224	0
1849	113	0
678	7	0
2228	263	0
840	79	0
1782	170	0
2216	265	1
318	3	0
1749	105	0
2035	80	0
1797	240	0
408	7	0
870	108	0
1674	287	0
2156	92	0
2263	211	0
1736	114	0
1595	82	0
255	277	0
46	119	0
542	273	0
518	234	0
481	138	0
1873	21	0
1232	183	0
332	88	1
1912	2	0
392	196	0
276	107	0
542	8	0
1776	26	0
1822	176	0
187	172	0
2160	132	0
3	28	0
2083	150	0
1408	26	1
1229	91	1
1139	130	0
2067	12	0
1764	157	0
1151	229	0
2037	292	0
1018	285	0
2019	147	0
1952	106	0
1995	116	0
2210	114	0
2190	274	0
797	187	0
2242	158	0
1422	269	0
988	278	0
2213	188	0
2204	89	0
1422	137	0
323	275	0
1710	99	0
133	85	0
2253	135	0
1072	77	1
1873	147	0
1280	10	0
2038	82	0
1699	184	0
2088	8	0
1355	224	0
233	13	0
1037	77	1
488	186	0
414	229	0
2160	298	0
2226	174	0
46	137	0
1216	61	0
854	57	0
1291	169	0
2026	113	0
1	56	0
27	133	0
491	97	0
456	74	0
447	181	0
355	27	0
463	109	0
809	223	0
1583	145	1
493	37	0
85	38	0
1284	76	0
1331	192	0
1456	184	1
1014	116	1
1334	72	0
1389	33	0
1853	211	1
2310	235	0
829	249	0
129	167	0
1157	116	1
2275	44	1
1144	87	1
25	159	0
2191	129	0
1840	49	0
907	9	0
1020	70	0
1291	113	0
1429	119	0
506	21	0
163	34	0
547	63	0
35	286	0
12	37	0
1323	67	0
1301	188	0
2258	290	0
1752	28	0
1254	192	1
779	13	0
1253	156	0
2126	202	0
898	47	0
94	75	0
619	196	0
1787	206	0
1549	257	0
777	278	0
1451	283	0
1255	105	0
2293	44	0
1521	244	1
2038	144	0
1660	56	0
1997	292	0
834	205	0
2305	201	0
106	295	0
209	47	0
1126	105	1
1814	132	0
324	141	0
2100	287	0
953	177	0
1994	268	0
1374	104	0
1476	297	0
2117	214	0
1654	60	0
1411	258	0
1190	85	0
1022	43	0
1397	116	0
1168	21	0
261	268	0
2140	244	1
351	83	0
517	170	0
1162	164	0
1176	178	0
1949	223	0
136	54	0
2083	130	0
1008	74	0
1544	111	0
1376	16	0
190	188	0
1293	230	0
1045	234	0
717	230	0
1035	175	0
1657	94	0
855	206	0
744	103	0
1345	29	0
1263	235	0
1643	222	0
1974	228	0
554	127	0
105	86	1
121	291	0
1167	174	0
74	293	0
2277	113	0
1655	89	0
1650	41	0
183	282	0
91	141	0
2094	63	0
715	256	0
1338	175	0
285	265	0
718	279	0
1198	91	1
77	157	1
267	81	0
1003	153	0
443	99	0
1114	266	0
1331	172	0
666	229	0
239	74	0
2173	192	0
1343	24	0
2285	213	0
94	34	1
1539	62	0
59	132	1
2322	144	0
702	64	0
1858	253	0
2167	297	0
2069	86	0
1566	211	0
2113	108	0
876	298	0
277	170	0
1658	29	0
1136	122	0
1185	48	0
1810	63	0
141	42	0
286	153	0
1328	101	0
204	151	0
486	198	0
862	139	0
1566	198	1
1100	157	0
1313	64	0
1867	155	0
1017	155	0
335	49	0
1621	89	0
1351	98	0
139	171	0
1120	194	0
747	41	0
591	289	0
605	48	0
458	33	0
2153	227	0
257	40	0
1954	3	0
361	184	0
1518	245	0
10	0	0
1139	278	0
1744	51	0
1483	170	0
472	233	0
491	149	0
2326	97	0
830	150	0
1832	69	0
1333	289	0
457	34	1
106	254	0
1442	13	0
1868	7	0
1189	242	0
1336	94	1
1441	113	0
1880	138	0
297	29	0
594	130	0
2087	67	0
1555	159	0
1006	220	0
1576	229	0
1896	41	0
368	260	0
2001	225	1
1468	100	0
252	11	0
241	236	0
1315	145	0
1025	77	1
338	139	0
1012	101	0
96	50	1
1964	280	0
813	97	0
2293	288	1
892	283	0
725	109	0
2200	23	0
2134	172	0
246	149	0
1154	83	0
595	34	1
2227	290	0
1358	266	0
752	166	0
1885	256	0
2126	156	0
1865	147	0
35	233	0
2286	4	0
445	193	0
62	104	0
957	46	0
1119	43	0
1564	108	0
2305	67	0
1459	213	0
534	34	1
16	7	0
289	168	0
551	290	0
1818	196	0
1208	196	0
751	69	0
240	145	1
1739	174	1
1375	148	0
612	207	0
594	165	0
413	191	0
895	40	0
1595	218	1
745	159	0
1551	259	0
1215	120	0
45	84	0
599	77	1
707	121	0
1851	258	0
1696	28	0
2091	116	0
2003	238	0
1286	27	0
733	84	0
213	72	0
1314	63	1
1923	178	0
1290	151	0
1772	167	0
731	162	0
417	243	0
743	35	0
432	159	0
460	150	0
213	203	0
179	263	0
641	66	0
1510	7	0
235	239	0
1475	177	0
2328	92	0
248	73	0
809	215	0
373	37	0
1965	155	0
1354	72	0
836	97	0
262	31	0
545	100	0
1243	27	0
2000	159	0
1059	22	0
1389	42	0
725	77	0
1105	68	0
162	212	0
68	48	1
46	162	0
948	285	0
632	99	0
488	138	0
1783	230	0
708	230	0
1998	287	0
772	82	0
872	128	0
149	67	0
670	146	0
1621	280	0
1763	115	0
1308	295	0
348	211	0
860	68	0
1408	62	0
323	169	0
22	184	0
1595	276	0
1189	99	0
111	268	0
2262	92	0
974	275	0
259	287	0
608	175	0
2162	288	0
158	165	1
1657	218	0
983	66	1
366	224	0
1866	117	0
375	178	0
353	168	0
185	215	0
1302	89	0
343	4	0
735	90	0
634	86	1
582	249	0
1641	122	0
217	245	0
2180	197	0
788	158	0
1137	111	0
878	50	1
1297	294	0
1087	213	0
1102	129	0
376	118	0
1495	109	0
1677	113	0
283	121	0
2178	87	0
696	218	0
1686	139	1
477	110	0
1369	38	0
1050	132	0
1210	13	0
44	134	0
1544	75	0
1146	14	0
267	79	0
571	11	0
570	262	0
1788	86	1
903	199	0
145	112	0
1795	46	0
660	241	0
2198	251	1
1348	238	0
1702	22	0
1489	46	0
1607	258	0
1883	261	0
65	265	0
300	142	0
1852	219	0
199	189	0
152	158	0
454	110	0
1560	169	0
1011	25	0
312	25	0
1338	79	0
654	150	0
519	256	0
2075	173	0
1385	54	0
849	105	0
1177	85	0
1829	11	0
572	226	0
178	100	0
583	229	0
1732	80	0
822	58	0
1541	285	0
975	178	0
637	111	0
1928	235	0
593	67	0
593	13	0
2099	242	0
814	195	0
1358	10	0
1386	180	0
355	25	0
194	73	0
2027	64	0
1938	193	0
127	139	1
846	50	1
1016	75	1
1258	92	0
415	191	0
2011	236	0
2162	250	0
568	36	0
138	64	0
1843	110	0
419	244	0
1923	199	0
1884	7	0
809	97	0
706	250	0
726	261	0
706	194	0
346	277	0
1683	224	0
1936	29	0
234	44	0
325	6	1
1061	24	0
622	88	0
971	203	0
572	120	0
99	7	1
667	25	0
2310	165	0
1810	109	0
1610	182	0
29	218	0
507	185	0
2291	114	0
1251	264	0
1497	24	0
1913	160	0
2081	10	0
381	238	0
333	185	0
2299	1	0
1055	119	0
753	156	0
1030	197	0
803	98	0
1016	66	0
72	187	0
2010	171	0
760	40	0
997	50	0
1232	209	0
1207	119	0
869	287	0
1533	86	0
314	176	0
2261	262	0
629	110	0
1245	271	0
1901	234	0
1958	228	0
326	25	0
432	199	0
1272	151	0
834	130	0
117	136	0
234	236	0
333	5	0
1831	90	0
87	290	0
729	32	0
1740	122	0
1892	248	0
881	271	0
663	247	0
698	55	0
1388	78	0
1100	246	0
2177	90	0
417	81	0
479	180	0
2219	268	0
2329	81	0
1420	43	0
370	209	0
1020	285	0
1007	282	0
1788	34	0
2114	68	0
2211	206	0
1077	215	0
1664	83	0
1699	129	0
2133	284	0
1905	204	0
1833	265	0
1570	134	0
1318	38	0
159	45	0
1183	102	0
73	7	1
477	35	0
2204	104	0
787	170	0
1163	278	0
1808	148	0
1235	149	0
1355	6	0
656	90	0
1272	232	0
2208	278	0
202	243	1
1167	11	0
554	9	0
461	17	0
288	45	0
260	272	0
1800	64	0
1889	14	0
472	291	0
1083	210	0
648	87	0
1866	28	0
2078	64	0
16	244	0
438	59	0
123	244	0
1674	61	0
419	174	0
2108	280	0
1569	57	0
345	143	0
735	66	0
879	162	0
582	12	0
899	63	0
30	43	0
749	261	0
1376	228	0
2045	271	0
342	60	0
1927	229	0
2084	3	0
1574	30	0
1126	293	0
1565	204	0
1445	297	0
2257	122	0
1722	12	0
2269	147	0
294	154	0
578	197	0
1854	253	0
840	75	0
780	48	1
2321	98	0
1241	68	0
1512	203	0
1781	40	0
775	186	1
1357	126	1
1639	157	0
1370	264	0
547	104	0
2324	145	0
2031	147	0
470	215	0
125	233	0
2036	30	0
1793	225	0
1608	104	0
563	105	1
2314	163	0
1150	79	0
2126	176	0
353	220	0
617	69	0
1058	10	0
763	46	0
1586	82	0
1272	184	0
869	113	0
2000	10	0
2084	42	0
199	7	0
1302	189	0
65	283	0
1828	47	0
3	160	0
1773	12	0
434	59	0
723	49	0
33	61	1
1411	171	0
909	268	0
1063	22	0
1365	163	0
72	284	0
204	135	0
41	270	0
2261	222	0
1706	58	0
324	14	0
1936	24	0
798	49	1
417	32	1
1476	125	0
450	117	0
1148	2	0
1819	234	0
1770	100	0
592	255	0
1042	114	0
2131	13	0
710	229	0
910	103	0
1506	280	0
1296	119	0
1667	272	0
2235	234	0
1161	239	0
711	240	0
2277	54	0
2316	259	0
636	189	0
2254	155	0
1376	11	0
1204	94	0
2196	273	0
1992	62	0
363	212	0
66	192	0
394	143	0
1051	234	0
2032	57	0
1100	59	0
1321	140	0
120	284	0
1069	263	0
550	256	0
2096	59	0
1002	64	0
1984	38	0
408	112	0
263	57	0
390	272	0
1815	41	0
1464	17	0
542	84	0
1563	289	0
230	33	0
1711	69	0
218	6	1
2262	60	0
2063	100	0
703	115	0
561	230	0
57	8	1
319	262	0
714	177	0
313	140	0
488	34	1
943	55	0
33	126	0
260	230	0
2141	289	0
1746	211	0
966	193	0
826	116	0
486	58	0
1558	197	0
456	93	0
274	49	0
97	32	0
620	149	0
477	210	0
647	15	0
1982	267	0
589	130	0
840	55	0
1788	5	0
899	160	0
577	189	0
1882	211	1
863	142	0
484	129	0
1384	60	0
1389	231	0
1729	174	1
580	69	0
1533	178	0
1138	239	0
1556	204	0
1713	159	0
1077	74	0
1152	170	0
1951	276	0
960	280	0
808	118	0
1324	54	0
2265	139	0
2027	245	0
1292	58	0
209	221	0
506	232	0
1954	221	0
1714	53	0
516	294	0
471	142	0
999	103	0
2002	216	0
175	278	0
76	32	0
757	146	0
319	113	0
2175	268	0
1033	68	0
27	292	0
1693	296	0
1896	216	0
2180	70	0
1364	142	0
646	26	0
898	298	0
308	179	0
804	242	0
1726	215	0
403	292	0
1872	257	0
1844	37	0
1466	136	0
1461	71	0
2010	49	0
777	75	0
2234	229	0
635	281	0
2272	131	0
1323	164	0
948	19	0
1579	40	0
1939	87	0
500	294	0
1325	219	0
1189	84	0
1118	274	0
1886	162	0
1309	165	0
331	250	0
2248	16	0
826	193	0
859	50	1
787	2	0
201	153	0
1337	193	0
1152	150	0
1217	230	0
278	85	0
2100	126	0
1585	297	0
1582	245	0
1647	134	0
1155	160	0
2054	79	0
1536	79	0
644	88	0
1312	10	0
2139	58	0
908	89	0
1221	110	0
2039	4	0
1312	107	0
712	49	0
2200	295	0
1975	43	0
1602	134	0
1469	216	0
2189	134	0
2315	14	0
1212	198	0
1294	259	0
269	278	0
1398	266	0
1985	98	0
2109	290	0
1432	53	0
1527	210	0
443	297	0
962	64	1
1698	250	0
409	82	0
914	208	0
1584	145	1
738	164	0
1102	58	0
1940	297	0
2272	237	0
1817	136	0
425	159	0
951	58	0
340	155	0
847	39	0
1160	129	0
1510	280	0
1213	246	0
9	2	0
1717	99	0
893	53	1
1254	46	0
1964	50	0
526	189	0
197	243	1
2226	186	0
647	143	0
1591	223	0
2160	4	0
1226	177	0
1369	48	0
1920	201	0
28	126	0
1454	250	0
1429	122	0
1392	230	0
1267	101	0
520	45	0
591	198	0
2019	89	0
812	289	0
859	108	0
2239	209	0
2026	169	0
959	271	0
1252	195	0
505	25	0
1662	153	0
498	295	0
352	277	0
103	288	1
1641	278	0
1615	100	0
443	251	0
762	137	0
1091	173	0
1589	157	0
849	155	0
2109	264	0
448	88	0
2044	73	0
490	11	0
1354	152	0
1202	109	0
516	15	0
479	219	0
63	128	0
2139	231	0
457	150	0
591	125	0
516	203	0
2106	244	0
1725	235	0
494	222	0
833	205	0
563	44	1
1749	112	0
210	100	0
145	177	0
918	237	0
1125	231	0
556	108	1
604	90	0
2217	115	0
1537	185	0
799	87	0
645	291	0
535	3	0
1521	57	0
1101	213	0
2274	13	0
1724	99	0
963	286	0
1185	78	0
381	135	0
1759	205	0
143	78	0
1775	79	0
1126	281	0
1403	145	0
35	151	0
137	288	1
2293	120	0
842	128	0
741	119	0
871	142	1
767	50	0
1069	32	0
313	181	0
654	120	0
1639	24	0
1463	72	0
827	218	1
342	125	0
294	126	0
2164	185	0
445	65	0
227	6	1
2320	294	1
438	109	0
690	69	0
462	183	0
1281	180	0
2125	43	0
538	92	0
209	148	0
1789	135	0
1513	244	0
1396	246	0
2002	251	0
75	14	0
1957	113	0
1606	223	0
1023	269	0
119	80	0
2123	156	0
867	230	0
50	5	1
378	213	0
1626	111	0
1649	243	0
552	252	0
721	239	0
689	299	0
239	65	0
1375	111	0
499	196	0
336	150	0
920	282	0
1247	229	0
420	221	0
1992	299	0
1219	55	0
31	50	0
1793	6	0
442	108	0
2121	150	0
2295	140	0
1077	1	0
369	282	0
2165	110	0
195	299	0
182	71	0
184	290	0
2095	246	0
704	290	0
1750	178	1
766	216	0
254	295	0
160	226	0
1886	31	0
1390	87	0
1640	101	0
536	91	0
960	212	0
1197	36	0
827	221	0
615	170	0
1365	285	0
476	34	1
227	147	0
549	48	1
1893	23	0
838	100	0
189	35	0
1724	214	0
2104	49	0
24	46	0
1360	80	0
1096	156	0
1050	30	0
826	274	0
423	18	0
802	71	0
1508	26	0
903	231	0
1366	149	0
2113	240	0
316	133	0
1876	171	0
297	253	0
572	5	0
1429	177	0
158	283	0
302	186	0
1824	78	0
974	259	0
336	208	0
2035	227	1
100	0	0
1676	25	0
1106	104	0
1737	32	0
693	25	0
845	50	1
142	142	0
1099	77	1
333	105	0
2159	288	0
1663	254	0
1039	30	0
1568	44	0
1	112	0
1581	49	0
1598	75	0
1975	68	0
577	174	0
851	227	0
725	44	1
2288	61	0
2256	50	0
1492	249	0
47	273	0
2272	240	0
75	75	0
2267	111	0
1846	193	0
1361	98	0
1772	86	1
1822	16	0
2016	94	0
1070	258	0
856	225	0
2127	32	0
73	164	0
1187	241	0
1011	117	0
205	41	0
302	247	0
225	220	0
934	202	0
1561	128	0
485	77	0
543	242	0
648	54	0
1532	273	0
1855	149	0
1252	77	0
1557	19	0
1697	75	0
2147	177	0
1164	32	0
781	16	0
766	291	0
2093	7	0
1006	283	0
634	49	1
857	50	1
1779	132	0
476	1	0
798	189	0
840	197	0
1284	170	0
444	34	1
1497	13	0
1682	195	0
847	111	0
154	185	0
66	67	0
1578	294	0
638	177	0
1504	254	0
254	286	0
891	241	0
2215	116	0
452	43	1
883	156	0
1702	77	0
1857	22	0
1052	99	0
2136	169	0
1705	174	1
2156	193	0
324	150	0
1579	291	0
506	178	0
2101	213	0
128	69	1
2259	288	0
183	7	0
1757	293	0
1597	56	0
1291	110	1
330	34	0
764	192	0
1310	150	0
1387	92	0
206	177	0
238	59	0
1176	254	0
1358	31	0
1400	87	0
946	213	0
730	70	0
1107	77	1
1506	138	1
78	244	1
715	293	0
2205	126	0
404	290	0
288	244	0
223	88	0
2031	206	0
2199	26	0
1779	122	0
2173	72	0
376	200	0
1098	232	0
2003	21	0
2187	210	0
1905	229	0
681	50	1
1883	77	0
1734	142	0
769	36	0
237	29	0
2309	288	1
1579	246	0
945	41	0
2074	131	0
629	161	0
709	262	1
2011	258	0
1328	285	0
574	151	0
1278	19	0
1641	62	0
512	4	0
1760	40	0
2133	14	0
548	220	1
473	11	0
708	156	0
2293	16	0
325	210	0
1990	116	0
317	230	0
517	220	0
480	153	0
1692	203	0
1491	262	0
2278	297	0
1559	40	0
1902	123	0
1555	132	0
1473	160	0
1891	4	0
155	217	0
9	170	0
1928	36	0
2055	218	0
321	202	0
370	23	1
1763	43	0
875	292	0
2104	87	0
992	166	0
597	200	0
855	156	0
1814	199	1
2306	232	0
2039	160	0
298	260	0
2194	166	0
1050	108	0
2004	46	0
2283	294	0
1553	46	0
1281	42	0
923	126	0
1354	145	0
1391	268	0
2110	298	0
2003	228	0
506	277	0
2100	261	0
171	43	0
438	167	0
2293	121	0
1922	218	0
2119	47	0
215	108	0
840	190	0
994	15	0
2327	31	0
1941	220	1
134	259	0
2163	6	0
566	61	1
1191	39	0
1697	81	0
838	118	0
1005	261	0
640	252	0
1880	209	0
1889	60	0
324	261	0
2222	193	0
618	224	0
1948	277	0
203	280	0
117	145	0
577	250	0
1392	112	0
1658	24	0
598	158	0
1219	80	0
2311	202	0
1775	16	0
696	26	0
1901	218	1
425	34	0
1938	220	1
1679	9	0
1558	11	0
155	112	0
1786	260	0
241	292	0
1474	164	0
1207	163	0
1073	24	0
646	40	0
2027	211	0
2060	25	0
1267	275	0
1951	263	0
2001	232	0
2076	159	0
1363	81	0
120	56	0
731	93	0
1051	171	0
570	207	0
1815	167	0
1857	158	0
884	236	0
1450	296	0
1277	258	0
2257	200	0
1076	279	0
797	223	0
1487	15	0
546	169	0
2215	233	0
1165	278	0
103	222	0
727	274	0
500	39	0
711	31	0
973	90	0
663	295	0
885	91	1
2125	53	0
1870	168	0
411	241	0
1006	161	0
637	241	0
2231	66	0
1900	146	0
417	52	0
477	23	0
2132	99	0
1152	268	0
593	227	0
1371	228	0
504	252	0
801	217	0
751	100	0
453	192	0
1245	250	0
593	249	0
1661	257	0
80	259	0
393	168	0
1556	28	0
1869	220	0
1237	81	0
1060	264	0
2229	210	0
2144	103	0
2142	166	0
894	191	0
1992	196	0
2117	173	0
1285	275	0
877	76	1
1532	153	0
184	266	0
1717	171	0
634	242	0
988	93	0
1903	208	0
1604	169	0
115	290	0
2169	148	0
559	154	0
800	50	1
1528	199	0
1862	211	1
1444	87	0
1210	150	0
279	293	0
2292	295	0
2120	51	0
1961	101	0
1521	199	0
1564	276	0
1609	167	0
1997	107	0
1050	200	0
259	229	0
1671	44	0
1626	236	0
861	77	1
1778	217	1
142	19	1
36	103	0
1228	53	0
1663	53	0
2265	243	0
1381	110	0
1426	292	0
1533	278	0
1067	259	0
1365	155	0
636	118	0
2175	48	0
193	175	0
1212	217	0
431	240	0
103	178	1
309	280	0
875	12	0
1613	20	0
760	84	0
613	47	0
1542	85	0
1451	93	0
1251	189	0
2054	191	0
1506	215	0
2170	159	0
701	256	0
896	94	0
1513	19	0
394	84	0
1472	134	1
1908	160	0
1952	2	0
1979	260	0
174	274	0
1920	230	0
1785	63	0
948	247	0
1728	168	0
892	153	0
1614	36	0
529	34	1
1292	231	0
363	150	0
1676	128	0
369	39	0
2243	265	0
1974	195	0
2263	227	0
1565	34	1
2298	197	0
642	34	1
419	29	0
1580	236	0
1359	26	1
1267	27	0
419	33	1
1757	28	0
759	153	0
1252	213	0
1808	41	0
666	218	0
344	109	0
2010	226	1
1408	39	0
596	105	1
2236	77	0
262	131	0
2086	213	0
1499	238	0
1013	115	0
1000	131	0
1676	36	0
1455	166	0
556	235	0
84	282	0
1010	102	0
1681	211	0
1963	31	0
825	11	0
833	298	0
877	117	0
1594	261	0
168	278	0
1170	209	0
335	219	0
2004	204	0
1953	4	0
1042	218	0
1571	209	0
1129	3	0
462	148	0
1922	192	0
480	228	0
241	239	0
232	165	0
89	7	1
615	168	0
336	43	0
370	294	0
1971	59	0
1992	149	0
2075	125	0
168	71	0
1242	37	0
1574	105	0
436	250	0
670	63	0
1168	107	0
1111	229	0
1404	292	0
1352	105	0
1273	67	0
277	274	0
1216	159	0
1564	144	0
1605	277	0
1432	27	0
1904	4	0
2056	217	0
1054	153	0
1220	35	0
121	243	0
1828	91	0
247	292	0
676	132	1
792	48	1
35	215	0
454	159	0
933	1	0
2165	244	1
540	48	1
796	205	0
1063	236	0
1191	123	0
1740	49	0
1019	263	0
669	109	0
2172	272	0
1958	241	0
181	76	1
439	139	0
732	156	0
1880	166	0
1062	149	0
1895	179	0
396	40	0
1861	167	0
1744	7	0
2118	246	0
559	36	0
1454	157	0
264	248	0
2013	19	0
1545	137	0
566	193	0
1425	236	0
279	1	0
1318	65	0
127	61	1
756	282	0
688	50	1
1116	247	0
623	12	0
445	50	0
1711	161	0
460	18	0
2016	71	0
27	109	0
1848	86	0
269	297	0
1480	252	0
775	95	0
1035	246	0
1944	249	0
1488	194	0
67	157	0
311	155	0
2238	274	0
1035	89	0
682	61	0
1701	41	0
616	274	0
1325	121	0
666	96	0
1621	272	0
99	234	0
1794	279	0
1671	298	0
483	50	1
382	186	0
885	53	1
2044	206	0
2010	42	0
604	34	1
1250	229	0
1649	136	0
2325	55	0
83	50	1
1815	70	0
849	112	0
2181	85	0
1068	268	0
577	193	0
538	136	0
419	118	0
1001	29	0
1766	41	0
1094	46	0
1273	102	0
86	65	0
1599	8	0
2131	88	0
2314	227	0
215	201	0
1145	289	0
1646	89	0
1268	174	1
181	255	0
1836	16	0
665	256	0
1969	37	0
2009	130	0
679	187	0
808	174	1
2206	222	0
1663	225	0
1460	122	0
1932	215	0
328	250	0
1762	97	0
1780	190	0
70	219	0
651	9	0
1218	12	0
2099	172	0
926	96	0
574	199	0
2241	282	0
585	174	1
1222	179	0
741	242	0
1385	229	0
2206	19	0
1690	233	0
409	99	0
941	154	0
800	249	0
1293	85	0
1740	208	0
892	15	0
2125	74	0
952	121	0
1599	145	1
675	211	0
2086	127	0
1202	290	0
675	92	0
526	165	0
81	198	0
428	196	0
1776	277	0
1466	18	0
470	177	0
556	113	0
1576	284	0
330	157	0
70	72	0
2004	229	0
460	137	0
1450	87	0
2110	50	0
689	20	0
152	145	0
804	179	0
212	32	0
1054	110	0
561	77	1
2092	283	0
913	287	0
1981	200	0
1308	25	0
1575	112	0
533	58	0
1945	251	0
2330	81	0
971	112	0
157	288	1
824	128	0
1000	115	0
1977	142	1
380	131	0
1981	144	0
582	37	0
514	117	0
2133	7	0
15	256	0
673	195	0
1872	168	0
1643	195	0
1715	193	0
1491	27	0
1217	227	0
1780	168	0
1765	146	0
420	261	0
147	125	0
2046	12	0
989	67	1
2126	121	0
830	69	0
498	34	1
982	101	0
1449	6	0
186	203	0
503	219	0
615	132	0
1760	88	0
1413	279	0
1501	36	0
942	188	0
2277	47	0
1071	201	0
1216	83	0
285	229	0
1898	285	0
1733	252	0
885	144	0
2327	137	0
1775	49	0
1459	191	0
588	291	0
1288	147	0
312	200	0
2314	157	0
1344	89	0
2098	235	0
1805	65	0
1955	139	0
1739	53	0
1047	288	0
1385	143	0
2034	164	0
1888	137	0
2300	277	0
1872	139	0
231	13	0
2320	162	0
2164	192	0
279	87	0
1852	101	0
801	270	0
643	138	1
1935	46	0
2170	75	0
1065	239	0
567	228	0
1047	62	0
1621	188	0
1896	236	0
453	289	1
1753	48	0
824	177	0
2034	216	1
1162	19	0
1359	173	0
2315	126	0
295	72	0
2315	13	0
1481	214	0
259	8	0
1786	148	0
547	292	0
558	47	0
720	247	0
147	33	0
1545	214	0
651	23	0
781	153	0
278	267	0
402	218	0
50	58	1
2170	19	0
2009	290	0
2329	130	0
1621	247	0
2262	242	0
1020	64	0
203	294	0
2147	109	0
115	299	0
1745	63	0
1332	94	1
1213	28	0
1856	238	0
1381	28	0
1304	74	0
480	77	0
259	280	0
2011	217	0
1945	288	1
990	158	0
203	44	0
1867	273	0
801	201	0
291	16	0
414	190	0
717	48	0
810	276	0
626	189	0
187	202	0
738	290	0
1368	286	0
168	6	1
586	74	0
747	260	0
1864	218	0
1872	244	0
986	188	0
2140	93	0
1026	171	0
478	104	0
2086	197	0
59	218	1
698	220	0
32	11	1
1163	275	0
24	138	0
2042	183	0
503	35	0
1025	145	0
759	98	0
815	179	0
950	41	0
2188	237	0
1677	204	0
1488	135	1
1146	84	0
956	47	0
1362	80	0
1490	176	0
1636	138	0
1632	146	0
1734	189	0
1469	85	0
1765	277	0
111	51	0
901	174	0
1110	127	0
2115	155	0
2258	57	0
259	92	0
1298	30	0
1016	269	0
1332	4	0
1371	149	0
420	17	0
2106	205	0
1427	52	0
2308	126	0
356	154	0
1730	176	0
833	61	0
728	61	0
866	170	0
523	164	0
230	127	0
1236	144	0
739	243	0
934	57	1
1614	127	0
1607	53	0
1726	88	0
14	194	0
1587	102	0
2165	30	0
1226	183	0
1964	203	0
1653	146	0
870	117	0
1366	94	0
177	189	0
920	88	1
937	8	0
9	297	0
2090	227	0
1730	216	0
1160	88	1
246	6	1
555	52	0
2248	273	1
2125	191	0
52	197	0
1824	204	1
1797	217	0
500	229	0
1414	246	0
2101	163	0
2159	76	0
857	220	0
1168	225	0
204	204	0
781	48	1
79	41	0
1257	30	0
1071	0	0
2290	240	0
1878	86	0
1260	12	0
601	18	0
127	40	1
1815	200	0
66	188	1
1075	254	0
1704	236	0
1797	196	0
281	96	0
1303	270	0
1350	92	0
856	16	0
1361	257	0
1475	39	0
1922	225	0
2306	30	0
762	142	0
1736	62	0
1247	96	0
448	107	0
1595	246	0
314	53	1
749	239	0
1330	165	0
1857	211	1
1873	205	0
1875	211	1
916	279	0
2322	189	0
158	194	1
1637	269	0
140	20	0
202	183	0
168	199	0
582	32	0
1744	5	0
53	5	1
995	262	0
368	218	0
331	53	0
650	289	0
2040	230	0
671	149	0
1059	73	0
1360	182	0
1777	209	0
928	204	0
1952	169	0
787	108	0
1510	229	0
964	13	0
1884	53	0
1872	176	0
1371	26	1
921	159	0
2036	35	0
1496	292	0
1179	129	0
71	41	0
900	7	0
1326	54	0
956	94	0
160	243	0
1786	238	0
546	282	0
293	201	0
286	183	0
1876	37	0
781	80	0
1695	244	0
1534	206	0
2120	27	0
1342	14	0
675	162	0
303	279	0
379	13	0
2232	27	0
2103	3	0
142	68	0
780	124	0
129	185	0
797	7	0
1187	77	0
765	279	0
1222	125	0
2099	135	0
785	280	0
1382	40	0
942	253	0
1030	105	1
2017	179	0
834	296	0
646	50	1
986	288	0
159	43	0
1480	51	0
1545	19	0
1301	49	0
1159	190	0
962	203	0
799	135	0
1829	138	0
1988	110	0
1394	234	0
866	157	0
22	133	0
400	169	0
588	232	0
756	252	0
1694	5	0
518	177	0
665	107	0
1260	266	0
1005	53	0
1232	184	0
457	271	0
869	66	0
2326	185	0
1148	40	0
1052	156	0
1830	207	1
450	202	0
347	282	0
330	171	0
1515	109	0
6	197	0
1574	217	0
178	165	1
1466	31	0
1455	285	0
210	20	0
736	98	0
1649	159	0
253	11	0
169	151	0
1765	68	0
890	45	0
752	198	0
1401	140	0
1475	276	0
1352	246	0
85	248	0
854	96	0
203	110	0
1093	77	1
2143	185	0
2238	85	0
1355	18	0
1559	239	0
1710	134	0
151	78	0
1221	94	0
2009	137	0
627	184	0
1819	140	0
958	232	0
1552	235	0
1748	127	0
613	158	0
1512	131	0
140	279	0
2218	224	0
1595	122	0
340	78	0
267	117	0
606	150	0
1668	118	0
660	221	0
1601	86	0
1093	202	0
367	263	0
1136	133	0
1969	176	0
180	197	0
1550	297	1
599	37	0
156	6	1
1926	52	0
200	101	0
1361	59	0
894	272	0
764	297	0
1854	36	0
1443	230	0
2315	115	0
1077	79	0
331	234	0
1788	92	0
1787	100	0
863	147	0
636	102	0
1802	187	0
177	257	1
709	35	0
2033	227	1
1572	211	0
2103	149	0
2058	36	0
1223	27	0
1309	55	0
643	61	1
2111	241	0
1789	11	0
648	222	0
2329	152	0
1861	84	0
1740	230	0
1061	77	1
1424	259	0
1677	47	0
1027	116	0
88	100	0
375	150	0
2307	19	0
742	58	0
515	50	1
1152	201	0
1125	158	0
2042	182	0
1044	138	0
648	48	1
1838	118	0
1667	129	0
1484	102	0
1166	116	1
