psite_id,disease_id,Psite,Mesh_name,protein,residue
1296,0,P52734_S205,Aarskog Syndrome,P52734,S
202,2,O89053_S426,Abscess,O89053,S
753,18,P17302_S255,Arrhythmogenic Right Ventricular Dysplasia,P17302,S
2278,4,Q9Y3D6_T34,Acute Kidney Injury,Q9Y3D6,T
2295,4,Q9Y572_S146,Acute Kidney Injury,Q9Y572,S
2297,4,Q9Y572_T94,Acute Kidney Injury,Q9Y572,T
1859,4,Q60795_S40,Acute Kidney Injury,Q60795,S
207,4,O95140_S27,Acute Kidney Injury,O95140,S
385,237,P06730_S209,Precursor T-Cell Lymphoblastic Leukemia-Lymphoma,P06730,S
320,237,P04637_S46,Precursor T-Cell Lymphoblastic Leukemia-Lymphoma,P04637,S
1166,237,P46531_S2524,Precursor T-Cell Lymphoblastic Leukemia-Lymphoma,P46531,S
1165,237,P46531_S2523,Precursor T-Cell Lymphoblastic Leukemia-Lymphoma,P46531,S
1164,237,P46531_S2522,Precursor T-Cell Lymphoblastic Leukemia-Lymphoma,P46531,S
1163,237,P46531_S2521,Precursor T-Cell Lymphoblastic Leukemia-Lymphoma,P46531,S
269,237,P01106_S77,Precursor T-Cell Lymphoblastic Leukemia-Lymphoma,P01106,S
1109,237,P42229_S780,Precursor T-Cell Lymphoblastic Leukemia-Lymphoma,P42229,S
1274,237,P51692_S193,Precursor T-Cell Lymphoblastic Leukemia-Lymphoma,P51692,S
307,237,P04150_S134,Precursor T-Cell Lymphoblastic Leukemia-Lymphoma,P04150,S
2201,237,Q9P0J1_Y94,Precursor T-Cell Lymphoblastic Leukemia-Lymphoma,Q9P0J1,Y
692,237,P14598_S359,Precursor T-Cell Lymphoblastic Leukemia-Lymphoma,P14598,S
900,237,P27361_Y204,Precursor T-Cell Lymphoblastic Leukemia-Lymphoma,P27361,Y
899,237,P27361_T202,Precursor T-Cell Lymphoblastic Leukemia-Lymphoma,P27361,T
1562,237,Q07955_Y19,Precursor T-Cell Lymphoblastic Leukemia-Lymphoma,Q07955,Y
1244,237,P49902_S502,Precursor T-Cell Lymphoblastic Leukemia-Lymphoma,P49902,S
1109,151,P42229_S780,"Leukemia, Myeloid, Acute",P42229,S
1274,151,P51692_S193,"Leukemia, Myeloid, Acute",P51692,S
2201,151,Q9P0J1_Y94,"Leukemia, Myeloid, Acute",Q9P0J1,Y
1060,151,P36888_Y591,"Leukemia, Myeloid, Acute",P36888,Y
1061,151,P36888_Y599,"Leukemia, Myeloid, Acute",P36888,Y
395,151,P06876_S11,"Leukemia, Myeloid, Acute",P06876,S
396,151,P06876_S12,"Leukemia, Myeloid, Acute",P06876,S
1062,151,P36888_Y842,"Leukemia, Myeloid, Acute",P36888,Y
2233,151,Q9UKV3_S1180,"Leukemia, Myeloid, Acute",Q9UKV3,S
672,151,P12931_Y419,"Leukemia, Myeloid, Acute",P12931,Y
1663,151,Q13541_T70,"Leukemia, Myeloid, Acute",Q13541,T
964,151,P31749_S473,"Leukemia, Myeloid, Acute",P31749,S
851,151,P23443_T412,"Leukemia, Myeloid, Acute",P23443,T
840,151,P22681_Y371,"Leukemia, Myeloid, Acute",P22681,Y
982,151,P32927_S601,"Leukemia, Myeloid, Acute",P32927,S
2083,151,Q96TC7_Y176,"Leukemia, Myeloid, Acute",Q96TC7,Y
1483,151,Q02248_S37,"Leukemia, Myeloid, Acute",Q02248,S
1487,151,Q02248_T41,"Leukemia, Myeloid, Acute",Q02248,T
899,151,P27361_T202,"Leukemia, Myeloid, Acute",P27361,T
900,151,P27361_Y204,"Leukemia, Myeloid, Acute",P27361,Y
880,151,P25911_Y194,"Leukemia, Myeloid, Acute",P25911,Y
1551,151,Q06413_S222,"Leukemia, Myeloid, Acute",Q06413,S
731,151,P16104_S139,"Leukemia, Myeloid, Acute",P16104,S
947,151,P30281_S264,"Leukemia, Myeloid, Acute",P30281,S
948,151,P30281_T283,"Leukemia, Myeloid, Acute",P30281,T
953,151,P30530_Y779,"Leukemia, Myeloid, Acute",P30530,Y
1460,151,Q00613_S326,"Leukemia, Myeloid, Acute",Q00613,S
1746,151,Q15418_T573,"Leukemia, Myeloid, Acute",Q15418,T
1095,151,P40763_Y705,"Leukemia, Myeloid, Acute",P40763,Y
1110,151,P42229_Y694,"Leukemia, Myeloid, Acute",P42229,Y
1369,151,P61073_S339,"Leukemia, Myeloid, Acute",P61073,S
965,151,P31749_T308,"Leukemia, Myeloid, Acute",P31749,T
64,151,O14757_S280,"Leukemia, Myeloid, Acute",O14757,S
981,151,P32927_S585,"Leukemia, Myeloid, Acute",P32927,S
774,151,P17947_S41,"Leukemia, Myeloid, Acute",P17947,S
773,151,P17947_S140,"Leukemia, Myeloid, Acute",P17947,S
1639,151,Q13309_S64,"Leukemia, Myeloid, Acute",Q13309,S
1617,13,Q13148_S410,Alzheimer Disease,Q13148,S
1616,13,Q13148_S409,Alzheimer Disease,Q13148,S
1091,5,P40763_S727,Adenocarcinoma,P40763,S
1117,5,P42345_S2448,Adenocarcinoma,P42345,S
908,5,P27986_S83,Adenocarcinoma,P27986,S
1521,5,Q05397_S722,Adenocarcinoma,Q05397,S
1543,5,Q05682_S789,Adenocarcinoma,Q05682,S
1649,5,Q13501_S272,Adenocarcinoma,Q13501,S
1580,5,Q12778_S249,Adenocarcinoma,Q12778,S
1388,5,P63073_S209,Adenocarcinoma,P63073,S
364,5,P06400_S780,Adenocarcinoma,P06400,S
321,5,P04792_S15,Adenocarcinoma,P04792,S
322,5,P04792_S78,Adenocarcinoma,P04792,S
323,5,P04792_S82,Adenocarcinoma,P04792,S
385,5,P06730_S209,Adenocarcinoma,P06730,S
124,5,O43524_S253,Adenocarcinoma,O43524,S
233,5,O95863_S11,Adenocarcinoma,O95863,S
669,5,P12830_S853,Adenocarcinoma,P12830,S
668,5,P12830_S850,Adenocarcinoma,P12830,S
637,5,P11233_S194,Adenocarcinoma,P11233,S
509,5,P10275_S16,Adenocarcinoma,P10275,S
513,5,P10275_S424,Adenocarcinoma,P10275,S
392,5,P06748_T199,Adenocarcinoma,P06748,T
393,5,P06748_T234,Adenocarcinoma,P06748,T
394,5,P06748_T237,Adenocarcinoma,P06748,T
965,5,P31749_T308,Adenocarcinoma,P31749,T
1002,5,P35222_T120,Adenocarcinoma,P35222,T
96,5,O15519_T166,Adenocarcinoma,O15519,T
1652,5,Q13501_T269,Adenocarcinoma,Q13501,T
1157,5,P46527_T187,Adenocarcinoma,P46527,T
2102,5,Q99801_S48,Adenocarcinoma,Q99801,S
1807,5,Q16643_S142,Adenocarcinoma,Q16643,S
1467,5,Q00987_T158,Adenocarcinoma,Q00987,T
2284,5,Q9Y490_S425,Adenocarcinoma,Q9Y490,S
146,5,O60331_Y639,Adenocarcinoma,O60331,Y
154,5,O60674_Y1007,Adenocarcinoma,O60674,Y
155,5,O60674_Y1008,Adenocarcinoma,O60674,Y
967,5,P31749_Y176,Adenocarcinoma,P31749,Y
970,5,P31750_Y176,Adenocarcinoma,P31750,Y
522,5,P10275_Y535,Adenocarcinoma,P10275,Y
651,5,P12004_Y211,Adenocarcinoma,P12004,Y
672,5,P12931_Y419,Adenocarcinoma,P12931,Y
1095,5,P40763_Y705,Adenocarcinoma,P40763,Y
1242,5,P49841_Y216,Adenocarcinoma,P49841,Y
1528,5,Q05397_Y861,Adenocarcinoma,Q05397,Y
1695,5,Q14289_Y402,Adenocarcinoma,Q14289,Y
1696,5,Q14289_Y579,Adenocarcinoma,Q14289,Y
1697,5,Q14289_Y849,Adenocarcinoma,Q14289,Y
184,5,O75376_S2436,Adenocarcinoma,O75376,S
1608,5,Q13131_S486,Adenocarcinoma,Q13131,S
1690,5,Q14203_S179,Adenocarcinoma,Q14203,S
1241,5,P49841_S9,Adenocarcinoma,P49841,S
316,5,P04637_S15,Adenocarcinoma,P04637,S
366,5,P06400_S807,Adenocarcinoma,P06400,S
367,5,P06400_S811,Adenocarcinoma,P06400,S
386,5,P06733_S419,Adenocarcinoma,P06733,S
954,5,P30622_S195,Adenocarcinoma,P30622,S
964,5,P31749_S473,Adenocarcinoma,P31749,S
1560,5,Q07912_Y284,Adenocarcinoma,Q07912,Y
2194,5,Q9NZC7_Y33,Adenocarcinoma,Q9NZC7,Y
1218,5,P49023_S178,Adenocarcinoma,P49023,S
1466,5,Q00987_S186,Adenocarcinoma,Q00987,S
800,13,P19419_T417,Alzheimer Disease,P19419,T
898,13,P27348_S232,Alzheimer Disease,P27348,S
800,155,P19419_T417,Lewy Body Disease,P19419,T
898,155,P27348_S232,Lewy Body Disease,P27348,S
1117,10,P42345_S2448,Adrenocortical Carcinoma,P42345,S
1377,10,P62753_S244,Adrenocortical Carcinoma,P62753,S
1376,10,P62753_S240,Adrenocortical Carcinoma,P62753,S
26,10,O00327_S183,Adrenocortical Carcinoma,O00327,S
1454,11,Q00266_S114,Adrenoleukodystrophy,Q00266,S
487,11,P09429_S35,Adrenoleukodystrophy,P09429,S
2170,109,Q9NR19_S659,Glioma,Q9NR19,S
1871,109,Q61337_S112,Glioma,Q61337,S
672,109,P12931_Y419,Glioma,P12931,Y
1540,109,Q05655_Y52,Glioma,Q05655,Y
1541,109,Q05655_Y64,Glioma,Q05655,Y
1538,109,Q05655_Y155,Glioma,Q05655,Y
1088,109,P39689_Y76,Glioma,P39689,Y
1178,154,P46937_S381,"Leukemia-Lymphoma, Adult T-Cell",P46937,S
1175,154,P46937_S127,"Leukemia-Lymphoma, Adult T-Cell",P46937,S
1616,212,Q13148_S409,Neurodegenerative Diseases,Q13148,S
1617,212,Q13148_S410,Neurodegenerative Diseases,Q13148,S
568,212,P10636-8_S396,Neurodegenerative Diseases,P10636-8,S
1110,3,P42229_Y694,Acquired Immunodeficiency Syndrome,P42229,Y
1108,3,P42229_S726,Acquired Immunodeficiency Syndrome,P42229,S
985,3,P33568_S787,Acquired Immunodeficiency Syndrome,P33568,S
270,166,P01106_T73,"Lymphoma, AIDS-Related",P01106,T
1454,159,Q00266_S114,"Liver Diseases, Alcoholic",Q00266,S
487,159,P09429_S35,"Liver Diseases, Alcoholic",P09429,S
690,13,P14136_S13,Alzheimer Disease,P14136,S
690,12,P14136_S13,Alexander Disease,P14136,S
582,12,P10636-8_T205,Alexander Disease,P10636-8,T
570,14,P10636-8_S404,Amyotrophic Lateral Sclerosis,P10636-8,S
581,14,P10636-8_T181,Amyotrophic Lateral Sclerosis,P10636-8,T
568,14,P10636-8_S396,Amyotrophic Lateral Sclerosis,P10636-8,S
575,14,P10636-8_S422,Amyotrophic Lateral Sclerosis,P10636-8,S
561,14,P10636-8_S262,Amyotrophic Lateral Sclerosis,P10636-8,S
585,14,P10636-8_T231,Amyotrophic Lateral Sclerosis,P10636-8,T
1615,14,Q13148_S404,Amyotrophic Lateral Sclerosis,Q13148,S
1613,14,Q13148_S379,Amyotrophic Lateral Sclerosis,Q13148,S
1614,14,Q13148_S403,Amyotrophic Lateral Sclerosis,Q13148,S
1616,14,Q13148_S409,Amyotrophic Lateral Sclerosis,Q13148,S
1617,14,Q13148_S410,Amyotrophic Lateral Sclerosis,Q13148,S
580,14,P10636-8_T175,Amyotrophic Lateral Sclerosis,P10636-8,T
1611,14,Q13148_S369,Amyotrophic Lateral Sclerosis,Q13148,S
730,14,P16056_Y1233,Amyotrophic Lateral Sclerosis,P16056,Y
729,14,P16056_Y1232,Amyotrophic Lateral Sclerosis,P16056,Y
728,14,P16056_Y1228,Amyotrophic Lateral Sclerosis,P16056,Y
727,14,P16056_S983,Amyotrophic Lateral Sclerosis,P16056,S
337,14,P05198_S52,Amyotrophic Lateral Sclerosis,P05198,S
1920,14,Q7KZI7_T596,Amyotrophic Lateral Sclerosis,Q7KZI7,T
2148,14,Q9H2X6_S359,Amyotrophic Lateral Sclerosis,Q9H2X6,S
2149,14,Q9H2X6_T360,Amyotrophic Lateral Sclerosis,Q9H2X6,T
1096,14,P41002_S621,Amyotrophic Lateral Sclerosis,P41002,S
1443,14,P97427_S522,Amyotrophic Lateral Sclerosis,P97427,S
921,13,P28352_T232,Alzheimer Disease,P28352,T
575,13,P10636-8_S422,Alzheimer Disease,P10636-8,S
554,13,P10636-8_S202,Alzheimer Disease,P10636-8,S
570,13,P10636-8_S404,Alzheimer Disease,P10636-8,S
561,13,P10636-8_S262,Alzheimer Disease,P10636-8,S
584,13,P10636-8_T217,Alzheimer Disease,P10636-8,T
553,13,P10636-8_S199,Alzheimer Disease,P10636-8,S
568,13,P10636-8_S396,Alzheimer Disease,P10636-8,S
581,13,P10636-8_T181,Alzheimer Disease,P10636-8,T
1951,13,Q8IV63_S108,Alzheimer Disease,Q8IV63,S
361,13,P06241_Y420,Alzheimer Disease,P06241,Y
585,13,P10636-8_T231,Alzheimer Disease,P10636-8,T
573,13,P10636-8_S413,Alzheimer Disease,P10636-8,S
621,13,P10637_S701,Alzheimer Disease,P10637,S
615,13,P10637_S506,Alzheimer Disease,P10637,S
325,13,P05067-4_T668,Alzheimer Disease,P05067-4,T
1552,13,Q06481_T736,Alzheimer Disease,Q06481,T
1796,13,Q16555_S522,Alzheimer Disease,Q16555,S
1795,13,Q16555_S518,Alzheimer Disease,Q16555,S
1797,13,Q16555_T509,Alzheimer Disease,Q16555,T
565,13,P10636-8_S320,Alzheimer Disease,P10636-8,S
791,13,P19332_S513,Alzheimer Disease,P19332,S
793,13,P19332_S715,Alzheimer Disease,P19332,S
790,13,P19332_S510,Alzheimer Disease,P19332,S
792,13,P19332_S707,Alzheimer Disease,P19332,S
852,13,P23443_T444,Alzheimer Disease,P23443,T
850,13,P23443_S447,Alzheimer Disease,P23443,S
748,13,P16949_S25,Alzheimer Disease,P16949,S
749,13,P16949_S38,Alzheimer Disease,P16949,S
583,13,P10636-8_T212,Alzheimer Disease,P10636-8,T
558,13,P10636-8_S235,Alzheimer Disease,P10636-8,S
557,13,P10636-8_S214,Alzheimer Disease,P10636-8,S
1403,13,P67775_Y307,Alzheimer Disease,P67775,Y
1402,13,P63330_Y307,Alzheimer Disease,P63330,Y
795,13,P19332_T516,Alzheimer Disease,P19332,T
1493,13,Q02750_S222,Alzheimer Disease,Q02750,S
302,13,P04049_S259,Alzheimer Disease,P04049,S
304,13,P04049_S338,Alzheimer Disease,P04049,S
1492,13,Q02750_S218,Alzheimer Disease,Q02750,S
1058,13,P36507_S226,Alzheimer Disease,P36507,S
306,13,P04049_Y341,Alzheimer Disease,P04049,Y
1057,13,P36507_S222,Alzheimer Disease,P36507,S
305,13,P04049_Y340,Alzheimer Disease,P04049,Y
328,13,P05067_T729,Alzheimer Disease,P05067,T
1824,13,Q2NL51_S21,Alzheimer Disease,Q2NL51,S
1241,13,P49841_S9,Alzheimer Disease,P49841,S
582,13,P10636-8_T205,Alzheimer Disease,P10636-8,T
2194,13,Q9NZC7_Y33,Alzheimer Disease,Q9NZC7,Y
552,13,P10636-8_S198,Alzheimer Disease,P10636-8,S
580,13,P10636-8_T175,Alzheimer Disease,P10636-8,T
574,13,P10636-8_S416,Alzheimer Disease,P10636-8,S
549,13,P10636-8_S185,Alzheimer Disease,P10636-8,S
569,13,P10636-8_S400,Alzheimer Disease,P10636-8,S
560,13,P10636-8_S238,Alzheimer Disease,P10636-8,S
587,13,P10636-8_T414,Alzheimer Disease,P10636-8,T
559,13,P10636-8_S237,Alzheimer Disease,P10636-8,S
567,13,P10636-8_S356,Alzheimer Disease,P10636-8,S
586,13,P10636-8_T403,Alzheimer Disease,P10636-8,T
588,13,P10636-8_Y197,Alzheimer Disease,P10636-8,Y
556,13,P10636-8_S210,Alzheimer Disease,P10636-8,S
571,13,P10636-8_S409,Alzheimer Disease,P10636-8,S
572,13,P10636-8_S412,Alzheimer Disease,P10636-8,S
548,13,P10636-8_S184,Alzheimer Disease,P10636-8,S
327,13,P05067_S679,Alzheimer Disease,P05067,S
652,13,P12023_S679,Alzheimer Disease,P12023,S
1075,13,P37840_S129,Alzheimer Disease,P37840,S
1470,13,Q01097_Y1472,Alzheimer Disease,Q01097,Y
589,13,P10636-8_Y394,Alzheimer Disease,P10636-8,Y
409,13,P07197_S620,Alzheimer Disease,P07197,S
414,13,P07197_S672,Alzheimer Disease,P07197,S
416,13,P07197_S685,Alzheimer Disease,P07197,S
419,13,P07197_S788,Alzheimer Disease,P07197,S
411,13,P07197_S646,Alzheimer Disease,P07197,S
420,13,P07197_S837,Alzheimer Disease,P07197,S
418,13,P07197_S783,Alzheimer Disease,P07197,S
413,13,P07197_S667,Alzheimer Disease,P07197,S
417,13,P07197_S736,Alzheimer Disease,P07197,S
412,13,P07197_S659,Alzheimer Disease,P07197,S
415,13,P07197_S680,Alzheimer Disease,P07197,S
408,13,P07197_S615,Alzheimer Disease,P07197,S
410,13,P07197_S641,Alzheimer Disease,P07197,S
663,13,P12036_S795,Alzheimer Disease,P12036,S
661,13,P12036_S710,Alzheimer Disease,P12036,S
658,13,P12036_S648,Alzheimer Disease,P12036,S
662,13,P12036_S738,Alzheimer Disease,P12036,S
657,13,P12036_S640,Alzheimer Disease,P12036,S
654,13,P12036_S546,Alzheimer Disease,P12036,S
660,13,P12036_S704,Alzheimer Disease,P12036,S
655,13,P12036_S580,Alzheimer Disease,P12036,S
659,13,P12036_S696,Alzheimer Disease,P12036,S
656,13,P12036_S620,Alzheimer Disease,P12036,S
2045,13,Q96C19_S74,Alzheimer Disease,Q96C19,S
613,13,P10637_S491,Alzheimer Disease,P10637,S
619,13,P10637_S688,Alzheimer Disease,P10637,S
624,13,P10637_T497,Alzheimer Disease,P10637,T
1327,13,P55212_S257,Alzheimer Disease,P55212,S
633,13,P11137_S1702,Alzheimer Disease,P11137,S
1169,13,P46821_S1396,Alzheimer Disease,P46821,S
634,13,P11137_S1706,Alzheimer Disease,P11137,S
665,13,P12036_S942,Alzheimer Disease,P12036,S
1171,13,P46821_S1779,Alzheimer Disease,P46821,S
1170,13,P46821_S1400,Alzheimer Disease,P46821,S
407,13,P07197_S33,Alzheimer Disease,P07197,S
1471,13,Q01105-2_S9,Alzheimer Disease,Q01105-2,S
579,13,P10636-8_T153,Alzheimer Disease,P10636-8,T
578,13,P10636-8_T149,Alzheimer Disease,P10636-8,T
551,13,P10636-8_S195,Alzheimer Disease,P10636-8,S
1657,13,Q13526_S16,Alzheimer Disease,Q13526,S
1651,13,Q13501_S349,Alzheimer Disease,Q13501,S
195,13,O75865_S35,Alzheimer Disease,O75865,S
2094,13,Q99683_S966,Alzheimer Disease,Q99683,S
1338,13,P56817_T252,Alzheimer Disease,P56817,T
2215,13,Q9UD71_T75,Alzheimer Disease,Q9UD71,T
28,13,O00429_S40,Alzheimer Disease,O00429,S
29,13,O00429_S44,Alzheimer Disease,O00429,S
1421,13,P68433_S57,Alzheimer Disease,P68433,S
1422,13,P68433_T58,Alzheimer Disease,P68433,T
2310,13,Q9Z0V2_S616,Alzheimer Disease,Q9Z0V2,S
614,13,P10637_S494,Alzheimer Disease,P10637,S
626,13,P10637_T523,Alzheimer Disease,P10637,T
612,13,P10637_S490,Alzheimer Disease,P10637,S
1086,13,P38532_T142,Alzheimer Disease,P38532,T
976,13,P31994-2_Y273,Alzheimer Disease,P31994-2,Y
1234,13,P49768_S310,Alzheimer Disease,P49768,S
22,13,O00141_T256,Alzheimer Disease,O00141,T
21,13,O00141_S422,Alzheimer Disease,O00141,S
894,13,P26645_S46,Alzheimer Disease,P26645,S
942,13,P29966_S147,Alzheimer Disease,P29966,S
941,13,P29966_S132,Alzheimer Disease,P29966,S
943,13,P29966_S46,Alzheimer Disease,P29966,S
944,13,P29966_T150,Alzheimer Disease,P29966,T
2086,13,Q99538_S226,Alzheimer Disease,Q99538,S
1435,13,P78362_T492,Alzheimer Disease,P78362,T
566,13,P10636-8_S324,Alzheimer Disease,P10636-8,S
1337,13,P56817_S498,Alzheimer Disease,P56817,S
339,13,P05412_S63,Alzheimer Disease,P05412,S
135,13,O54781_T485,Alzheimer Disease,O54781,T
590,13,P10636_S214,Alzheimer Disease,P10636,S
563,13,P10636-8_S289,Alzheimer Disease,P10636-8,S
1967,13,Q8NB16_S358,Alzheimer Disease,Q8NB16,S
1968,13,Q8NB16_T357,Alzheimer Disease,Q8NB16,T
1799,13,Q16555_T555,Alzheimer Disease,Q16555,T
2223,13,Q9UHD2_S172,Alzheimer Disease,Q9UHD2,S
550,13,P10636-8_S191,Alzheimer Disease,P10636-8,S
564,13,P10636-8_S305,Alzheimer Disease,P10636-8,S
562,13,P10636-8_S285,Alzheimer Disease,P10636-8,S
36,13,O00499_T348,Alzheimer Disease,O00499,T
555,13,P10636-8_S208,Alzheimer Disease,P10636-8,S
577,13,P10636-8_T111,Alzheimer Disease,P10636-8,T
2138,13,Q9EQU5-2_S9,Alzheimer Disease,Q9EQU5-2,S
2316,13,Q9Z2D6_S421,Alzheimer Disease,Q9Z2D6,S
2205,13,Q9QYC0_S724,Alzheimer Disease,Q9QYC0,S
43,13,O08553_T555,Alzheimer Disease,O08553,T
2204,13,Q9QYB8_S712,Alzheimer Disease,Q9QYB8,S
2206,13,Q9QYC0_T445,Alzheimer Disease,Q9QYC0,T
677,13,P12956_T401,Alzheimer Disease,P12956,T
678,13,P12956_T90,Alzheimer Disease,P12956,T
676,13,P12956_S78,Alzheimer Disease,P12956,S
675,13,P12956_S77,Alzheimer Disease,P12956,S
674,13,P12956_S520,Alzheimer Disease,P12956,S
326,13,P05067-4_Y682,Alzheimer Disease,P05067-4,Y
794,13,P19332_T492,Alzheimer Disease,P19332,T
625,13,P10637_T504,Alzheimer Disease,P10637,T
1939,13,Q8BRK8_T172,Alzheimer Disease,Q8BRK8,T
653,13,P12023_S697,Alzheimer Disease,P12023,S
175,13,O70479_S280,Alzheimer Disease,O70479,S
1558,13,Q07866_S460,Alzheimer Disease,Q07866,S
620,13,P10637_S696,Alzheimer Disease,P10637,S
2270,13,Q9WV60_Y216,Alzheimer Disease,Q9WV60,Y
2269,13,Q9WV60_S9,Alzheimer Disease,Q9WV60,S
42,13,O08553_T514,Alzheimer Disease,O08553,T
2136,13,Q9EPI6_S180,Alzheimer Disease,Q9EPI6,S
1349,13,P58252_T57,Alzheimer Disease,P58252,T
1798,13,Q16555_T514,Alzheimer Disease,Q16555,T
1800,13,Q16555_Y32,Alzheimer Disease,Q16555,Y
30,13,O00429_S616,Alzheimer Disease,O00429,S
1640,13,Q13315_S1981,Alzheimer Disease,Q13315,S
316,13,P04637_S15,Alzheimer Disease,P04637,S
1712,13,Q14653_S396,Alzheimer Disease,Q14653,S
381,13,P06537_S284,Alzheimer Disease,P06537,S
379,13,P06537_S152,Alzheimer Disease,P06537,S
968,13,P31750_S473,Alzheimer Disease,P31750,S
2100,13,Q99719_S327,Alzheimer Disease,Q99719,S
1958,13,Q8K1M6_S637,Alzheimer Disease,Q8K1M6,S
900,13,P27361_Y204,Alzheimer Disease,P27361,Y
899,13,P27361_T202,Alzheimer Disease,P27361,T
2213,13,Q9R210_S141,Alzheimer Disease,Q9R210,S
617,13,P10637_S554,Alzheimer Disease,P10637,S
2291,13,Q9Y4K3_Y473,Alzheimer Disease,Q9Y4K3,Y
1371,13,P61586_S188,Alzheimer Disease,P61586,S
1242,13,P49841_Y216,Alzheimer Disease,P49841,Y
173,13,O70405_S555,Alzheimer Disease,O70405,S
664,13,P12036_S801,Alzheimer Disease,P12036,S
815,13,P19484_S142,Alzheimer Disease,P19484,S
758,13,P17325_S63,Alzheimer Disease,P17325,S
759,13,P17325_S73,Alzheimer Disease,P17325,S
777,13,P18266_S9,Alzheimer Disease,P18266,S
598,13,P10636_S713,Alzheimer Disease,P10636,S
595,13,P10636_S46,Alzheimer Disease,P10636,S
594,13,P10636_S400,Alzheimer Disease,P10636,S
596,13,P10636_S515,Alzheimer Disease,P10636,S
597,13,P10636_S527,Alzheimer Disease,P10636,S
593,13,P10636_S396,Alzheimer Disease,P10636,S
591,13,P10636_S235,Alzheimer Disease,P10636,S
592,13,P10636_S238,Alzheimer Disease,P10636,S
474,13,P08592_T743,Alzheimer Disease,P08592,T
602,13,P10636_T39,Alzheimer Disease,P10636,T
605,13,P10636_T50,Alzheimer Disease,P10636,T
608,13,P10636_T69,Alzheimer Disease,P10636,T
600,13,P10636_T111,Alzheimer Disease,P10636,T
601,13,P10636_T123,Alzheimer Disease,P10636,T
604,13,P10636_T498,Alzheimer Disease,P10636,T
606,13,P10636_T529,Alzheimer Disease,P10636,T
607,13,P10636_T548,Alzheimer Disease,P10636,T
609,13,P10636_T720,Alzheimer Disease,P10636,T
603,13,P10636_T403,Alzheimer Disease,P10636,T
1368,13,P61026_T73,Alzheimer Disease,P61026,T
2004,13,Q92597_T346,Alzheimer Disease,Q92597,T
2005,13,Q92597_T356,Alzheimer Disease,Q92597,T
2006,13,Q92597_T366,Alzheimer Disease,Q92597,T
1224,13,P49185_T183,Alzheimer Disease,P49185,T
610,13,P10636_Y514,Alzheimer Disease,P10636,Y
855,13,P23588_S504,Alzheimer Disease,P23588,S
1225,13,P49185_Y185,Alzheimer Disease,P49185,Y
1614,13,Q13148_S403,Alzheimer Disease,Q13148,S
1615,13,Q13148_S404,Alzheimer Disease,Q13148,S
1612,14,Q13148_S375,Amyotrophic Lateral Sclerosis,Q13148,S
1724,15,Q14790_T273,Anal Canal Carcinoma,Q14790,T
964,22,P31749_S473,Astrocytoma,P31749,S
964,280,P31749_S473,"Thyroid Carcinoma, Anaplastic",P31749,S
1156,280,P46527_T157,"Thyroid Carcinoma, Anaplastic",P46527,T
1158,280,P46527_T198,"Thyroid Carcinoma, Anaplastic",P46527,T
646,280,P11802_T172,"Thyroid Carcinoma, Anaplastic",P11802,T
593,212,P10636_S396,Neurodegenerative Diseases,P10636,S
723,18,P15924_S299,Arrhythmogenic Right Ventricular Dysplasia,P15924,S
1959,26,Q8N0W4_T707,Autism Spectrum Disorder,Q8N0W4,T
1554,26,Q06787_S500,Autism Spectrum Disorder,Q06787,S
1518,26,Q05086-2_T485,Autism Spectrum Disorder,Q05086-2,T
201,26,O88935_S553,Autism Spectrum Disorder,O88935,S
200,26,O88935_S551,Autism Spectrum Disorder,O88935,S
140,21,O60234_Y104,Asthma,O60234,Y
359,21,P06240_Y505,Asthma,P06240,Y
309,21,P04150_S226,Asthma,P04150,S
1326,21,P55211_S196,Asthma,P55211,S
380,21,P06537_S243,Asthma,P06537,S
104,21,O35303_S635,Asthma,O35303,S
1325,22,P55087_S180,Astrocytoma,P55087,S
373,22,P06401_S400,Astrocytoma,P06401,S
1581,22,Q12778_S256,Astrocytoma,Q12778,S
1581,108,Q12778_S256,Glioblastoma,Q12778,S
1325,108,P55087_S180,Glioblastoma,P55087,S
251,23,P00519_S446,Ataxia Telangiectasia,P00519,S
1082,23,P38398_S1387,Ataxia Telangiectasia,P38398,S
1083,23,P38398_S1423,Ataxia Telangiectasia,P38398,S
1084,23,P38398_S1457,Ataxia Telangiectasia,P38398,S
316,23,P04637_S15,Ataxia Telangiectasia,P04637,S
1590,23,Q12888_S25,Ataxia Telangiectasia,Q12888,S
1716,23,Q14683_S966,Ataxia Telangiectasia,Q14683,S
1976,23,Q8NHY2_S387,Ataxia Telangiectasia,Q8NHY2,S
776,24,P18206_S721,Atherosclerosis,P18206,S
323,24,P04792_S82,Atherosclerosis,P04792,S
1427,24,P70313_S1178,Atherosclerosis,P70313,S
1610,24,Q13133_S198,Atherosclerosis,Q13133,S
2052,24,Q96EB6_S27,Atherosclerosis,Q96EB6,S
2053,24,Q96EB6_S47,Atherosclerosis,Q96EB6,S
2311,24,Q9Z0Y9_S196,Atherosclerosis,Q9Z0Y9,S
1888,24,Q64727_S721,Atherosclerosis,Q64727,S
1943,24,Q8C6M1_S334,Atherosclerosis,Q8C6M1,S
1861,24,Q60855_S166,Atherosclerosis,Q60855,S
2213,24,Q9R210_S141,Atherosclerosis,Q9R210,S
1155,24,P46527_S10,Atherosclerosis,P46527,S
877,24,P25490_S118,Atherosclerosis,P25490,S
1948,79,Q8CIS0_S657,"Dermatitis, Atopic",Q8CIS0,S
2011,25,Q92736_S2814,Atrial Fibrillation,Q92736,S
13,25,E9Q401_S2813,Atrial Fibrillation,E9Q401,S
52,25,O14649_T383,Atrial Fibrillation,O14649,T
843,25,P23327_S96,Atrial Fibrillation,P23327,S
11,25,E9Q401_S2367,Atrial Fibrillation,E9Q401,S
1710,25,Q14524_S571,Atrial Fibrillation,Q14524,S
119,249,O43395_T494,Retinitis Pigmentosa,O43395,T
1317,249,P54845_S50,Retinitis Pigmentosa,P54845,S
270,167,P01106_T73,"Lymphoma, B-Cell",P01106,T
1274,167,P51692_S193,"Lymphoma, B-Cell",P51692,S
1328,167,P55895_T490,"Lymphoma, B-Cell",P55895,T
1095,167,P40763_Y705,"Lymphoma, B-Cell",P40763,Y
1007,167,P35226_S316,"Lymphoma, B-Cell",P35226,S
1408,167,P67870_S209,"Lymphoma, B-Cell",P67870,S
1794,167,Q16543_S13,"Lymphoma, B-Cell",Q16543,S
272,167,P01108_S77,"Lymphoma, B-Cell",P01108,S
672,27,P12931_Y419,Barrett Esophagus,P12931,Y
673,27,P12931_Y530,Barrett Esophagus,P12931,Y
80,37,O15162_Y74,Breast Neoplasms,O15162,Y
79,37,O15162_Y69,Breast Neoplasms,O15162,Y
1681,37,Q13887_S303,Breast Neoplasms,Q13887,S
1405,37,P67809_S102,Breast Neoplasms,P67809,S
1734,45,Q14934_S259,"Carcinoma, Basal Cell",Q14934,S
126,146,O43524_S7,"Leukemia, B-Cell",O43524,S
1091,146,P40763_S727,"Leukemia, B-Cell",P40763,S
1583,146,Q12778_S329,"Leukemia, B-Cell",Q12778,S
1157,167,P46527_T187,"Lymphoma, B-Cell",P46527,T
680,167,P12978_T465,"Lymphoma, B-Cell",P12978,T
1465,167,Q00987_S166,"Lymphoma, B-Cell",Q00987,S
1466,167,Q00987_S186,"Lymphoma, B-Cell",Q00987,S
679,167,P12978_S457,"Lymphoma, B-Cell",P12978,S
498,167,P09917_S523,"Lymphoma, B-Cell",P09917,S
92,28,O15392_T34,Behcet Syndrome,O15392,T
198,29,O88792_S285,Bile Duct Neoplasms,O88792,S
1489,30,Q02446_S770,Bipolar Disorder,Q02446,S
1241,30,P49841_S9,Bipolar Disorder,P49841,S
1796,30,Q16555_S522,Bipolar Disorder,Q16555,S
469,285,P08581_Y1234,Urinary Bladder Neoplasms,P08581,Y
468,285,P08581_Y1003,Urinary Bladder Neoplasms,P08581,Y
470,285,P08581_Y1235,Urinary Bladder Neoplasms,P08581,Y
244,285,O96017_T68,Urinary Bladder Neoplasms,O96017,T
1095,285,P40763_Y705,Urinary Bladder Neoplasms,P40763,Y
716,285,P15407_S265,Urinary Bladder Neoplasms,P15407,S
1175,285,P46937_S127,Urinary Bladder Neoplasms,P46937,S
834,285,P21802_S780,Urinary Bladder Neoplasms,P21802,S
683,285,P13726_S290,Urinary Bladder Neoplasms,P13726,S
1388,285,P63073_S209,Urinary Bladder Neoplasms,P63073,S
2196,285,Q9NZI6_T177,Urinary Bladder Neoplasms,Q9NZI6,T
1830,285,Q3UNW5_T177,Urinary Bladder Neoplasms,Q3UNW5,T
638,285,P11234_S198,Urinary Bladder Neoplasms,P11234,S
530,285,P10412_T146,Urinary Bladder Neoplasms,P10412,T
741,285,P16403_T146,Urinary Bladder Neoplasms,P16403,T
1791,285,Q16539_T180,Urinary Bladder Neoplasms,Q16539,T
1528,285,Q05397_Y861,Urinary Bladder Neoplasms,Q05397,Y
964,285,P31749_S473,Urinary Bladder Neoplasms,P31749,S
1137,285,P43268_Y392,Urinary Bladder Neoplasms,P43268,Y
1219,285,P49023_Y118,Urinary Bladder Neoplasms,P49023,Y
1792,285,Q16539_Y182,Urinary Bladder Neoplasms,Q16539,Y
366,285,P06400_S807,Urinary Bladder Neoplasms,P06400,S
367,285,P06400_S811,Urinary Bladder Neoplasms,P06400,S
2114,285,Q9BUZ4_S334,Urinary Bladder Neoplasms,Q9BUZ4,S
1972,285,Q8NEM2_S273,Urinary Bladder Neoplasms,Q8NEM2,S
385,152,P06730_S209,"Leukemia, Myeloid, Chronic, Atypical, BCR-ABL Negative",P06730,S
244,31,O96017_T68,Bloom Syndrome,O96017,T
1640,31,Q13315_S1981,Bloom Syndrome,Q13315,S
731,31,P16104_S139,Bloom Syndrome,P16104,S
964,36,P31749_S473,Brain Neoplasms,P31749,S
1870,36,Q61188_Y696,Brain Neoplasms,Q61188,Y
2115,36,Q9BVI0_S291,Brain Neoplasms,Q9BVI0,S
316,36,P04637_S15,Brain Neoplasms,P04637,S
1150,36,P46108_Y221,Brain Neoplasms,P46108,Y
1414,37,P68431_S10,Breast Neoplasms,P68431,S
168,37,O70201_T34,Breast Neoplasms,O70201,T
530,37,P10412_T146,Breast Neoplasms,P10412,T
741,37,P16403_T146,Breast Neoplasms,P16403,T
178,37,O75116_S1366,Breast Neoplasms,O75116,S
1154,37,P46414_T183,Breast Neoplasms,P46414,T
2022,37,Q92934_S75,Breast Neoplasms,Q92934,S
2023,37,Q92934_S99,Breast Neoplasms,Q92934,S
1463,37,Q00613_T120,Breast Neoplasms,Q00613,T
1918,37,Q71U36_S165,Breast Neoplasms,Q71U36,S
1386,37,P62993_Y160,Breast Neoplasms,P62993,Y
324,37,P05023_Y260,Breast Neoplasms,P05023,Y
1739,37,Q15118_T338,Breast Neoplasms,Q15118,T
264,37,P00558_S203,Breast Neoplasms,P00558,S
2001,37,Q92560_S292,Breast Neoplasms,Q92560,S
1352,37,P60174-3_S58,Breast Neoplasms,P60174-3,S
671,37,P12931_Y216,Breast Neoplasms,P12931,Y
672,37,P12931_Y419,Breast Neoplasms,P12931,Y
296,37,P03372_S305,Breast Neoplasms,P03372,S
1261,37,P51587_S3291,Breast Neoplasms,P51587,S
964,37,P31749_S473,Breast Neoplasms,P31749,S
972,37,P31751_S474,Breast Neoplasms,P31751,S
291,37,P03372_S118,Breast Neoplasms,P03372,S
377,37,P06494_Y1250,Breast Neoplasms,P06494,Y
1695,37,Q14289_Y402,Breast Neoplasms,Q14289,Y
1159,37,P46527_Y74,Breast Neoplasms,P46527,Y
64,37,O14757_S280,Breast Neoplasms,O14757,S
322,37,P04792_S78,Breast Neoplasms,P04792,S
1241,37,P49841_S9,Breast Neoplasms,P49841,S
292,37,P03372_S167,Breast Neoplasms,P03372,S
2113,37,Q9BUB5_T255,Breast Neoplasms,Q9BUB5,T
2112,37,Q9BUB5_T250,Breast Neoplasms,Q9BUB5,T
1095,37,P40763_Y705,Breast Neoplasms,P40763,Y
362,37,P06400_S249,Breast Neoplasms,P06400,S
368,37,P06400_T252,Breast Neoplasms,P06400,T
49,37,O09000_Y1331,Breast Neoplasms,O09000,Y
2002,37,Q92574_S511,Breast Neoplasms,Q92574,S
1498,37,Q03135_Y14,Breast Neoplasms,Q03135,Y
294,37,P03372_S282,Breast Neoplasms,P03372,S
298,37,P03372_T311,Breast Neoplasms,P03372,T
290,37,P03372_S106,Breast Neoplasms,P03372,S
297,37,P03372_S559,Breast Neoplasms,P03372,S
289,37,P03372_S104,Breast Neoplasms,P03372,S
295,37,P03372_S294,Breast Neoplasms,P03372,S
313,37,P04626_Y1222,Breast Neoplasms,P04626,Y
312,37,P04626_Y1221,Breast Neoplasms,P04626,Y
83,37,O15350_S471,Breast Neoplasms,O15350,S
300,37,P03372_Y52,Breast Neoplasms,P03372,Y
299,37,P03372_Y219,Breast Neoplasms,P03372,Y
1632,37,Q13188_T117,Breast Neoplasms,Q13188,T
967,37,P31749_Y176,Breast Neoplasms,P31749,Y
1560,37,Q07912_Y284,Breast Neoplasms,Q07912,Y
1415,37,P68431_S28,Breast Neoplasms,P68431,S
1118,37,P42345_S2481,Breast Neoplasms,P42345,S
2008,37,Q92731_S105,Breast Neoplasms,Q92731,S
733,37,P16144-2_Y1494,Breast Neoplasms,P16144-2,Y
361,37,P06241_Y420,Breast Neoplasms,P06241,Y
860,37,P23804_S183,Breast Neoplasms,P23804,S
859,37,P23804_S163,Breast Neoplasms,P23804,S
828,37,P21333_S2152,Breast Neoplasms,P21333,S
827,37,P21333_S1459,Breast Neoplasms,P21333,S
1753,37,Q15672_S68,Breast Neoplasms,Q15672,S
1081,37,P38398_S1191,Breast Neoplasms,P38398,S
1080,37,P38398_S1189,Breast Neoplasms,P38398,S
1085,37,P38398_S1497,Breast Neoplasms,P38398,S
1834,37,Q3V6T2_Y1799,Breast Neoplasms,Q3V6T2,Y
1833,37,Q3V6T2_Y1765,Breast Neoplasms,Q3V6T2,Y
288,37,P02786_Y20,Breast Neoplasms,P02786,Y
747,37,P16949_S16,Breast Neoplasms,P16949,S
161,37,O60716_T906,Breast Neoplasms,O60716,T
783,37,P18848_S245,Breast Neoplasms,P18848,S
887,37,P26040_Y478,Breast Neoplasms,P26040,Y
1400,37,P63279_S71,Breast Neoplasms,P63279,S
270,37,P01106_T73,Breast Neoplasms,P01106,T
269,37,P01106_S77,Breast Neoplasms,P01106,S
789,37,P19174_Y783,Breast Neoplasms,P19174,Y
788,37,P19174_Y1253,Breast Neoplasms,P19174,Y
2286,37,Q9Y4G8_S1244,Breast Neoplasms,Q9Y4G8,S
2287,37,Q9Y4G8_S1248,Breast Neoplasms,Q9Y4G8,S
749,37,P16949_S38,Breast Neoplasms,P16949,S
748,37,P16949_S25,Breast Neoplasms,P16949,S
750,37,P16949_S63,Breast Neoplasms,P16949,S
1656,37,Q13526_S138,Breast Neoplasms,Q13526,S
1677,37,Q13761_T212,Breast Neoplasms,Q13761,T
1675,37,Q13761_S214,Breast Neoplasms,Q13761,S
1676,37,Q13761_T209,Breast Neoplasms,Q13761,T
1678,37,Q13761_T231,Breast Neoplasms,Q13761,T
1645,37,Q13480_T387,Breast Neoplasms,Q13480,T
1460,37,Q00613_S326,Breast Neoplasms,Q00613,S
1287,37,P52565_S176,Breast Neoplasms,P52565,S
2234,37,Q9UKV8_Y393,Breast Neoplasms,Q9UKV8,Y
2009,37,Q92731_Y36,Breast Neoplasms,Q92731,Y
1452,37,P98170_S87,Breast Neoplasms,P98170,S
958,37,P30999_Y228,Breast Neoplasms,P30999,Y
1832,37,Q3V6T2_S1417,Breast Neoplasms,Q3V6T2,S
858,37,P23771_S308,Breast Neoplasms,P23771,S
146,37,O60331_Y639,Breast Neoplasms,O60331,Y
1593,37,Q12933_S11,Breast Neoplasms,Q12933,S
1965,37,Q8N6T7_S338,Breast Neoplasms,Q8N6T7,S
1155,37,P46527_S10,Breast Neoplasms,P46527,S
504,37,P10070_S149,Breast Neoplasms,P10070,S
936,37,P29353_S36,Breast Neoplasms,P29353,S
425,37,P07737_S138,Breast Neoplasms,P07737,S
1343,37,P56945_Y267,Breast Neoplasms,P56945,Y
1345,37,P56945_Y306,Breast Neoplasms,P56945,Y
1344,37,P56945_Y287,Breast Neoplasms,P56945,Y
1342,37,P56945_Y249,Breast Neoplasms,P56945,Y
1341,37,P56945_Y234,Breast Neoplasms,P56945,Y
1156,37,P46527_T157,Breast Neoplasms,P46527,T
1777,37,Q15910_T311,Breast Neoplasms,Q15910,T
1250,37,P50552_S322,Breast Neoplasms,P50552,S
2259,37,Q9UQM7_T286,Breast Neoplasms,Q9UQM7,T
372,37,P06401_S294,Breast Neoplasms,P06401,S
1648,37,Q13485_T277,Breast Neoplasms,Q13485,T
301,37,P03372_Y537,Breast Neoplasms,P03372,Y
717,37,P15407_T217,Breast Neoplasms,P15407,T
1186,37,P46937_Y188,Breast Neoplasms,P46937,Y
1168,37,P46531_T2511,Breast Neoplasms,P46531,T
182,37,O75330_T703,Breast Neoplasms,O75330,T
646,37,P11802_T172,Breast Neoplasms,P11802,T
245,37,P00338_Y10,Breast Neoplasms,P00338,Y
1638,37,Q13309_S256,Breast Neoplasms,Q13309,S
1609,37,Q13131_T183,Breast Neoplasms,Q13131,T
2312,37,Q9Z0Z3_S256,Breast Neoplasms,Q9Z0Z3,S
2251,37,Q9UPN4_S21,Breast Neoplasms,Q9UPN4,S
2252,37,Q9UPN4_T205,Breast Neoplasms,Q9UPN4,T
1459,37,Q00613_S307,Breast Neoplasms,Q00613,S
1458,37,Q00613_S303,Breast Neoplasms,Q00613,S
1461,37,Q00613_S363,Breast Neoplasms,Q00613,S
1781,37,Q15910_T487,Breast Neoplasms,Q15910,T
2237,37,Q9ULA0-2_S109,Breast Neoplasms,Q9ULA0-2,S
1108,37,P42229_S726,Breast Neoplasms,P42229,S
2118,37,Q9BWC9_S147,Breast Neoplasms,Q9BWC9,S
2117,37,Q9BWC9_S130,Breast Neoplasms,Q9BWC9,S
1602,37,Q13045_S436,Breast Neoplasms,Q13045,S
1603,37,Q13045_S64,Breast Neoplasms,Q13045,S
1997,37,Q92504_S275,Breast Neoplasms,Q92504,S
1998,37,Q92504_S276,Breast Neoplasms,Q92504,S
462,37,P08559_S232,Breast Neoplasms,P08559,S
1298,37,P52789_T473,Breast Neoplasms,P52789,T
1619,37,Q13153_S204,Breast Neoplasms,Q13153,S
926,37,P28698_S27,Breast Neoplasms,P28698,S
423,37,P07355_Y24,Breast Neoplasms,P07355,Y
912,37,P28028-1_T636,Breast Neoplasms,P28028-1,T
911,37,P28028-1_S639,Breast Neoplasms,P28028-1,S
234,37,O95863_S249,Breast Neoplasms,O95863,S
341,37,P05412_T239,Breast Neoplasms,P05412,T
338,37,P05412_S243,Breast Neoplasms,P05412,S
2089,37,Q99623_S39,Breast Neoplasms,Q99623,S
1919,37,Q7KZF4_S426,Breast Neoplasms,Q7KZF4,S
1978,37,Q8R310_S216,Breast Neoplasms,Q8R310,S
1008,37,P35227_T334,Breast Neoplasms,P35227,T
696,37,P14618_S37,Breast Neoplasms,P14618,S
1815,37,Q16875_S478,Breast Neoplasms,Q16875,S
2142,37,Q9ESY2_S478,Breast Neoplasms,Q9ESY2,S
488,37,P09467_S144,Breast Neoplasms,P09467,S
2203,37,Q9QXD6_S144,Breast Neoplasms,Q9QXD6,S
2226,37,Q9UJF2-2_S351,Breast Neoplasms,Q9UJF2-2,S
1516,37,Q04917_S25,Breast Neoplasms,Q04917,S
1494,37,Q02952_T1760,Breast Neoplasms,Q02952,T
772,37,P17918_Y211,Breast Neoplasms,P17918,Y
1257,37,P51532_S695,Breast Neoplasms,P51532,S
1254,37,P51532_S1417,Breast Neoplasms,P51532,S
1256,37,P51532_S613,Breast Neoplasms,P51532,S
1258,37,P51532_S699,Breast Neoplasms,P51532,S
1041,37,P35606_T861,Breast Neoplasms,P35606,T
1039,37,P35606_S859,Breast Neoplasms,P35606,S
2308,37,Q9Y6X9_T582,Breast Neoplasms,Q9Y6X9,T
1323,37,P55072_S784,Breast Neoplasms,P55072,S
1535,37,Q05513_T560,Breast Neoplasms,Q05513,T
896,37,P26687_S42,Breast Neoplasms,P26687,S
897,37,P26687_T125,Breast Neoplasms,P26687,T
314,37,P04626_Y1248,Breast Neoplasms,P04626,Y
540,37,P10451_S234,Breast Neoplasms,P10451,S
539,37,P10451_S219,Breast Neoplasms,P10451,S
544,37,P10451_S280,Breast Neoplasms,P10451,S
542,37,P10451_S258,Breast Neoplasms,P10451,S
538,37,P10451_S195,Breast Neoplasms,P10451,S
1512,37,Q04726_S217,Breast Neoplasms,Q04726,S
1069,37,P37231_S112,Breast Neoplasms,P37231,S
1822,37,Q2KJY2_S977,Breast Neoplasms,Q2KJY2,S
1310,37,P53985_S467,Breast Neoplasms,P53985,S
1184,37,P46937_T63,Breast Neoplasms,P46937,T
1181,37,P46937_S61,Breast Neoplasms,P46937,S
2199,37,Q9NZQ7_T290,Breast Neoplasms,Q9NZQ7,T
2198,37,Q9NZQ7_T285,Breast Neoplasms,Q9NZQ7,T
1383,37,P62805_Y88,Breast Neoplasms,P62805,Y
1482,37,Q02085_S165,Breast Neoplasms,Q02085,S
833,37,P21796_S104,Breast Neoplasms,P21796,S
364,37,P06400_S780,Breast Neoplasms,P06400,S
1564,37,Q08050_T600,Breast Neoplasms,Q08050,T
868,37,P24385_T286,Breast Neoplasms,P24385,T
124,37,O43524_S253,Breast Neoplasms,O43524,S
1584,37,Q12778_T24,Breast Neoplasms,Q12778,T
1117,37,P42345_S2448,Breast Neoplasms,P42345,S
1581,37,Q12778_S256,Breast Neoplasms,Q12778,S
127,37,O43524_T32,Breast Neoplasms,O43524,T
99,37,O15530_S241,Breast Neoplasms,O15530,S
2039,37,Q96B36_T246,Breast Neoplasms,Q96B36,T
1779,37,Q15910_T367,Breast Neoplasms,Q15910,T
1294,37,P52701_S830,Breast Neoplasms,P52701,S
1293,37,P52701_S227,Breast Neoplasms,P52701,S
770,37,P17844_T69,Breast Neoplasms,P17844,T
644,37,P11413_Y249,Breast Neoplasms,P11413,Y
645,37,P11413_Y322,Breast Neoplasms,P11413,Y
1219,37,P49023_Y118,Breast Neoplasms,P49023,Y
1524,37,Q05397_Y397,Breast Neoplasms,Q05397,Y
1539,37,Q05655_Y313,Breast Neoplasms,Q05655,Y
472,37,P08581_Y1356,Breast Neoplasms,P08581,Y
469,37,P08581_Y1234,Breast Neoplasms,P08581,Y
2214,37,Q9UD71_T34,Breast Neoplasms,Q9UD71,T
2046,37,Q96CX2_S176,Breast Neoplasms,Q96CX2,S
2049,37,Q96CX2_T196,Breast Neoplasms,Q96CX2,T
2047,37,Q96CX2_S187,Breast Neoplasms,Q96CX2,S
2048,37,Q96CX2_S200,Breast Neoplasms,Q96CX2,S
1218,37,P49023_S178,Breast Neoplasms,P49023,S
914,37,P28028_S599,Breast Neoplasms,P28028,S
928,37,P29317_S897,Breast Neoplasms,P29317,S
1286,37,P52565_S174,Breast Neoplasms,P52565,S
1411,37,P68104_S300,Breast Neoplasms,P68104,S
120,37,O43463_S391,Breast Neoplasms,O43463,S
965,37,P31749_T308,Breast Neoplasms,P31749,T
1157,37,P46527_T187,Breast Neoplasms,P46527,T
1798,37,Q16555_T514,Breast Neoplasms,Q16555,T
1780,37,Q15910_T416,Breast Neoplasms,Q15910,T
1835,37,Q4VCS5_S175,Breast Neoplasms,Q4VCS5,S
1059,37,P36507_T394,Breast Neoplasms,P36507,T
1439,37,P84022_T179,Breast Neoplasms,P84022,T
1468,37,Q00987_T419,Breast Neoplasms,Q00987,T
1473,37,Q01196_T207,Breast Neoplasms,Q01196,T
882,37,P25963_T291,Breast Neoplasms,P25963,T
886,37,P26038_T558,Breast Neoplasms,P26038,T
899,37,P27361_T202,Breast Neoplasms,P27361,T
2054,37,Q96FA3_T264,Breast Neoplasms,Q96FA3,T
2160,37,Q9HCE7_T223,Breast Neoplasms,Q9HCE7,T
1668,37,Q13555_T287,Breast Neoplasms,Q13555,T
1766,37,Q15796_T220,Breast Neoplasms,Q15796,T
1778,37,Q15910_T345,Breast Neoplasms,Q15910,T
60,37,O14744_T132,Breast Neoplasms,O14744,T
61,37,O14744_T139,Breast Neoplasms,O14744,T
62,37,O14744_T144,Breast Neoplasms,O14744,T
235,37,O95863_T203,Breast Neoplasms,O95863,T
370,37,P06400_T821,Breast Neoplasms,P06400,T
1717,37,Q14693_Y398,Breast Neoplasms,Q14693,Y
1718,37,Q14693_Y413,Breast Neoplasms,Q14693,Y
1719,37,Q14693_Y795,Breast Neoplasms,Q14693,Y
1556,37,Q06830_Y194,Breast Neoplasms,Q06830,Y
2055,37,Q96FA3_Y154,Breast Neoplasms,Q96FA3,Y
1151,37,P46108_Y239,Breast Neoplasms,P46108,Y
453,37,P08069_Y1165,Breast Neoplasms,P08069,Y
454,37,P08069_Y1166,Breast Neoplasms,P08069,Y
27,37,O00401_Y256,Breast Neoplasms,O00401,Y
431,37,P07948_Y32,Breast Neoplasms,P07948,Y
987,37,P33993_Y600,Breast Neoplasms,P33993,Y
699,37,P14618_Y105,Breast Neoplasms,P14618,Y
900,37,P27361_Y204,Breast Neoplasms,P27361,Y
1063,37,P36897_Y182,Breast Neoplasms,P36897,Y
651,37,P12004_Y211,Breast Neoplasms,P12004,Y
1242,37,P49841_Y216,Breast Neoplasms,P49841,Y
1339,37,P56945_Y12,Breast Neoplasms,P56945,Y
713,37,P15311_Y478,Breast Neoplasms,P15311,Y
2120,37,Q9BXH1_Y172,Breast Neoplasms,Q9BXH1,Y
2119,37,Q9BXH1_Y152,Breast Neoplasms,Q9BXH1,Y
1455,37,Q00495_Y721,Breast Neoplasms,Q00495,Y
2121,37,Q9BXH1_Y58,Breast Neoplasms,Q9BXH1,Y
974,37,P31947_S69,Breast Neoplasms,P31947,S
975,37,P31947_S74,Breast Neoplasms,P31947,S
1522,37,Q05397_S732,Breast Neoplasms,Q05397,S
147,37,O60341_S111,Breast Neoplasms,O60341,S
231,37,O95863_S100,Breast Neoplasms,O95863,S
1723,37,Q14790_S387,Breast Neoplasms,Q14790,S
1970,37,Q8NCF5_S204,Breast Neoplasms,Q8NCF5,S
1985,37,Q8WTX7_S14,Breast Neoplasms,Q8WTX7,S
1961,37,Q8N543_S256,Breast Neoplasms,Q8N543,S
1877,37,Q61982_S1673,Breast Neoplasms,Q61982,S
2255,37,Q9UPT5_S59,Breast Neoplasms,Q9UPT5,S
2256,37,Q9UPT5_S89,Breast Neoplasms,Q9UPT5,S
2254,37,Q9UPT5_S47,Breast Neoplasms,Q9UPT5,S
2181,37,Q9NVW2_S215,Breast Neoplasms,Q9NVW2,S
2182,37,Q9NVW2_S347,Breast Neoplasms,Q9NVW2,S
2238,37,Q9ULA0_S119,Breast Neoplasms,Q9ULA0,S
1680,37,Q13835_S118,Breast Neoplasms,Q13835,S
1743,37,Q15276_S407,Breast Neoplasms,Q15276,S
1796,37,Q16555_S522,Breast Neoplasms,Q16555,S
1980,37,Q8TCU6_S1169,Breast Neoplasms,Q8TCU6,S
1986,37,Q8WYL5_S978,Breast Neoplasms,Q8WYL5,S
2225,37,Q9UIK4_S299,Breast Neoplasms,Q9UIK4,S
2227,37,Q9UJU6_S269,Breast Neoplasms,Q9UJU6,S
1735,37,Q15007_S341,Breast Neoplasms,Q15007,S
316,37,P04637_S15,Breast Neoplasms,P04637,S
317,37,P04637_S20,Breast Neoplasms,P04637,S
320,37,P04637_S46,Breast Neoplasms,P04637,S
319,37,P04637_S392,Breast Neoplasms,P04637,S
1091,37,P40763_S727,Breast Neoplasms,P40763,S
1792,37,Q16539_Y182,Breast Neoplasms,Q16539,Y
1103,37,P42224_Y701,Breast Neoplasms,P42224,Y
1235,37,P49789_Y114,Breast Neoplasms,P49789,Y
1209,37,P48436_S181,Breast Neoplasms,P48436,S
1276,37,P51812_S19,Breast Neoplasms,P51812,S
1175,37,P46937_S127,Breast Neoplasms,P46937,S
1412,37,P68366_S165,Breast Neoplasms,P68366,S
187,37,O75385_S495,Breast Neoplasms,O75385,S
190,37,O75581_S1490,Breast Neoplasms,O75581,S
464,37,P08559_S295,Breast Neoplasms,P08559,S
465,37,P08559_S314,Breast Neoplasms,P08559,S
716,37,P15407_S265,Breast Neoplasms,P15407,S
684,37,P13796_S5,Breast Neoplasms,P13796,S
715,37,P15407_S252,Breast Neoplasms,P15407,S
672,282,P12931_Y419,Triple Negative Breast Neoplasms,P12931,Y
1641,282,Q13323_S124,Triple Negative Breast Neoplasms,Q13323,S
1955,282,Q8IZL8_S1033,Triple Negative Breast Neoplasms,Q8IZL8,S
1780,282,Q15910_T416,Triple Negative Breast Neoplasms,Q15910,T
515,282,P10275_S516,Triple Negative Breast Neoplasms,P10275,S
1819,282,Q1PSW8_S3,Triple Negative Breast Neoplasms,Q1PSW8,S
1827,282,Q2Q1W2_S3,Triple Negative Breast Neoplasms,Q2Q1W2,S
523,282,P10276_S77,Triple Negative Breast Neoplasms,P10276,S
1869,282,Q61188_T416,Triple Negative Breast Neoplasms,Q61188,T
1095,282,P40763_Y705,Triple Negative Breast Neoplasms,P40763,Y
1091,282,P40763_S727,Triple Negative Breast Neoplasms,P40763,S
1524,282,Q05397_Y397,Triple Negative Breast Neoplasms,Q05397,Y
258,282,P00533_Y1069,Triple Negative Breast Neoplasms,P00533,Y
767,282,P17676_T235,Triple Negative Breast Neoplasms,P17676,T
1781,282,Q15910_T487,Triple Negative Breast Neoplasms,Q15910,T
2023,282,Q92934_S99,Triple Negative Breast Neoplasms,Q92934,S
1411,46,P68104_S300,"Carcinoma, Ductal, Breast",P68104,S
1723,46,Q14790_S387,"Carcinoma, Ductal, Breast",Q14790,S
742,46,P16471_S349,"Carcinoma, Ductal, Breast",P16471,S
233,46,O95863_S11,"Carcinoma, Ductal, Breast",O95863,S
1647,46,Q13480_Y83,"Carcinoma, Ductal, Breast",Q13480,Y
1622,46,Q13153_Y285,"Carcinoma, Ductal, Breast",Q13153,Y
515,46,P10275_S516,"Carcinoma, Ductal, Breast",P10275,S
899,46,P27361_T202,"Carcinoma, Ductal, Breast",P27361,T
925,46,P28482_Y187,"Carcinoma, Ductal, Breast",P28482,Y
900,46,P27361_Y204,"Carcinoma, Ductal, Breast",P27361,Y
923,46,P28482_T185,"Carcinoma, Ductal, Breast",P28482,T
145,46,O60331_S448,"Carcinoma, Ductal, Breast",O60331,S
1916,46,Q70EK9_S26,"Carcinoma, Ductal, Breast",Q70EK9,S
1709,38,Q14524_S528,Brugada Syndrome,Q14524,S
2066,41,Q96KB5_Y74,Burkitt Lymphoma,Q96KB5,Y
270,41,P01106_T73,Burkitt Lymphoma,P01106,T
1119,206,P42575_S157,Neoplasms,P42575,S
964,206,P31749_S473,Neoplasms,P31749,S
1768,206,Q15797_S239,Neoplasms,Q15797,S
1245,206,P50281_T567,Neoplasms,P50281,T
1279,206,P51812_T115,Neoplasms,P51812,T
1358,206,P60484_T366,Neoplasms,P60484,T
698,206,P14618_T45,Neoplasms,P14618,T
2172,206,Q9NRC8_T255,Neoplasms,Q9NRC8,T
2173,206,Q9NRC8_T263,Neoplasms,Q9NRC8,T
1676,206,Q13761_T209,Neoplasms,Q13761,T
1810,206,Q16665_T455,Neoplasms,Q16665,T
1892,206,Q6NXT2_T3,Neoplasms,Q6NXT2,T
1816,206,Q16875_Y194,Neoplasms,Q16875,Y
376,206,P06493_Y15,Neoplasms,P06493,Y
2234,206,Q9UKV8_Y393,Neoplasms,Q9UKV8,Y
2235,206,Q9UKV8_Y529,Neoplasms,Q9UKV8,Y
2236,206,Q9UKV8_Y749,Neoplasms,Q9UKV8,Y
1095,206,P40763_Y705,Neoplasms,P40763,Y
673,206,P12931_Y530,Neoplasms,P12931,Y
780,206,P18669_Y26,Neoplasms,P18669,Y
2147,206,Q9H1Y3_Y140,Neoplasms,Q9H1Y3,Y
1524,206,Q05397_Y397,Neoplasms,Q05397,Y
1528,206,Q05397_Y861,Neoplasms,Q05397,Y
1744,206,Q15397_Y259,Neoplasms,Q15397,Y
358,206,P06239_Y505,Neoplasms,P06239,Y
1771,206,Q15831_S334,Neoplasms,Q15831,S
1786,206,Q16512_S533,Neoplasms,Q16512,S
1787,206,Q16512_S537,Neoplasms,Q16512,S
1788,206,Q16512_S562,Neoplasms,Q16512,S
2261,206,Q9UQR0_S570,Neoplasms,Q9UQR0,S
2107,206,Q9BPZ7_S270,Neoplasms,Q9BPZ7,S
2108,206,Q9BPZ7_S447,Neoplasms,Q9BPZ7,S
2116,206,Q9BW19_S26,Neoplasms,Q9BW19,S
2171,206,Q9NRC8_S259,Neoplasms,Q9NRC8,S
2186,206,Q9NY61_S316,Neoplasms,Q9NY61,S
2187,206,Q9NY61_S320,Neoplasms,Q9NY61,S
2188,206,Q9NY61_S321,Neoplasms,Q9NY61,S
2144,206,Q9H0F6_S146,Neoplasms,Q9H0F6,S
2146,206,Q9H1Y3_S380,Neoplasms,Q9H1Y3,S
1091,206,P40763_S727,Neoplasms,P40763,S
23,206,O00161_S95,Neoplasms,O00161,S
112,206,O43175_S55,Neoplasms,O43175,S
111,206,O43175_S371,Neoplasms,O43175,S
357,206,P06239_Y394,Neoplasms,P06239,Y
1176,206,P46937_S128,Neoplasms,P46937,S
1248,206,P50552_S157,Neoplasms,P50552,S
1636,206,Q13263_S473,Neoplasms,Q13263,S
1644,206,Q13470_S502,Neoplasms,Q13470,S
1694,206,Q14258_S12,Neoplasms,Q14258,S
402,206,P07195_S162,Neoplasms,P07195,S
209,206,O95273_S313,Neoplasms,O95273,S
210,206,O95273_S356,Neoplasms,O95273,S
466,206,P08559_S327,Neoplasms,P08559,S
860,206,P23804_S183,Neoplasms,P23804,S
928,206,P29317_S897,Neoplasms,P29317,S
531,206,P10415_S70,Neoplasms,P10415,S
1734,206,Q14934_S259,Neoplasms,Q14934,S
1484,206,Q02248_S45,Neoplasms,Q02248,S
2194,206,Q9NZC7_Y33,Neoplasms,Q9NZC7,Y
1391,206,P63085_T183,Neoplasms,P63085,T
1393,206,P63085_Y185,Neoplasms,P63085,Y
1883,206,Q63844_T203,Neoplasms,Q63844,T
2315,206,Q9Z2A0_S244,Neoplasms,Q9Z2A0,S
1107,206,P42227_Y705,Neoplasms,P42227,Y
1884,206,Q63844_Y205,Neoplasms,Q63844,Y
361,206,P06241_Y420,Neoplasms,P06241,Y
1808,206,Q16658_S39,Neoplasms,Q16658,S
1174,206,P46937-3_Y394,Neoplasms,P46937-3,Y
1172,206,P46937-3_Y341,Neoplasms,P46937-3,Y
1173,206,P46937-3_Y357,Neoplasms,P46937-3,Y
2064,206,Q96KB5_T9,Neoplasms,Q96KB5,T
2081,206,Q96S44_S250,Neoplasms,Q96S44,S
259,206,P00533_Y1092,Neoplasms,P00533,Y
260,206,P00533_Y1110,Neoplasms,P00533,Y
262,206,P00533_Y1197,Neoplasms,P00533,Y
263,206,P00533_Y869,Neoplasms,P00533,Y
1662,206,Q13541_T46,Neoplasms,Q13541,T
1661,206,Q13541_T37,Neoplasms,Q13541,T
319,206,P04637_S392,Neoplasms,P04637,S
1734,54,Q14934_S259,"Carcinoma, Squamous Cell",Q14934,S
1484,54,Q02248_S45,"Carcinoma, Squamous Cell",Q02248,S
1524,54,Q05397_Y397,"Carcinoma, Squamous Cell",Q05397,Y
2194,54,Q9NZC7_Y33,"Carcinoma, Squamous Cell",Q9NZC7,Y
1391,54,P63085_T183,"Carcinoma, Squamous Cell",P63085,T
1393,54,P63085_Y185,"Carcinoma, Squamous Cell",P63085,Y
1883,54,Q63844_T203,"Carcinoma, Squamous Cell",Q63844,T
2315,54,Q9Z2A0_S244,"Carcinoma, Squamous Cell",Q9Z2A0,S
1107,54,P42227_Y705,"Carcinoma, Squamous Cell",P42227,Y
1884,54,Q63844_Y205,"Carcinoma, Squamous Cell",Q63844,Y
361,54,P06241_Y420,"Carcinoma, Squamous Cell",P06241,Y
1808,54,Q16658_S39,"Carcinoma, Squamous Cell",Q16658,S
964,54,P31749_S473,"Carcinoma, Squamous Cell",P31749,S
1768,54,Q15797_S239,"Carcinoma, Squamous Cell",Q15797,S
1174,54,P46937-3_Y394,"Carcinoma, Squamous Cell",P46937-3,Y
1172,54,P46937-3_Y341,"Carcinoma, Squamous Cell",P46937-3,Y
1173,54,P46937-3_Y357,"Carcinoma, Squamous Cell",P46937-3,Y
2064,54,Q96KB5_T9,"Carcinoma, Squamous Cell",Q96KB5,T
2081,54,Q96S44_S250,"Carcinoma, Squamous Cell",Q96S44,S
259,54,P00533_Y1092,"Carcinoma, Squamous Cell",P00533,Y
260,54,P00533_Y1110,"Carcinoma, Squamous Cell",P00533,Y
262,54,P00533_Y1197,"Carcinoma, Squamous Cell",P00533,Y
263,54,P00533_Y869,"Carcinoma, Squamous Cell",P00533,Y
1662,54,Q13541_T46,"Carcinoma, Squamous Cell",Q13541,T
1661,54,Q13541_T37,"Carcinoma, Squamous Cell",Q13541,T
319,54,P04637_S392,"Carcinoma, Squamous Cell",P04637,S
1091,43,P40763_S727,Carcinoma,P40763,S
1026,43,P35568_S307,Carcinoma,P35568,S
1027,43,P35568_S616,Carcinoma,P35568,S
1217,43,P49023_S126,Carcinoma,P49023,S
1218,43,P49023_S178,Carcinoma,P49023,S
1117,43,P42345_S2448,Carcinoma,P42345,S
1118,43,P42345_S2481,Carcinoma,P42345,S
908,43,P27986_S83,Carcinoma,P27986,S
928,43,P29317_S897,Carcinoma,P29317,S
859,43,P23804_S163,Carcinoma,P23804,S
860,43,P23804_S183,Carcinoma,P23804,S
968,43,P31750_S473,Carcinoma,P31750,S
972,43,P31751_S474,Carcinoma,P31751,S
963,43,P31749_S129,Carcinoma,P31749,S
964,43,P31749_S473,Carcinoma,P31749,S
1465,43,Q00987_S166,Carcinoma,Q00987,S
1501,43,Q04206_S276,Carcinoma,Q04206,S
1521,43,Q05397_S722,Carcinoma,Q05397,S
1543,43,Q05682_S789,Carcinoma,Q05682,S
1460,43,Q00613_S326,Carcinoma,Q00613,S
1649,43,Q13501_S272,Carcinoma,Q13501,S
1656,43,Q13526_S138,Carcinoma,Q13526,S
1580,43,Q12778_S249,Carcinoma,Q12778,S
1606,43,Q13085_S80,Carcinoma,Q13085,S
1241,43,P49841_S9,Carcinoma,P49841,S
1250,43,P50552_S322,Carcinoma,P50552,S
1388,43,P63073_S209,Carcinoma,P63073,S
1411,43,P68104_S300,Carcinoma,P68104,S
340,43,P05412_S73,Carcinoma,P05412,S
338,43,P05412_S243,Carcinoma,P05412,S
362,43,P06400_S249,Carcinoma,P06400,S
364,43,P06400_S780,Carcinoma,P06400,S
337,43,P05198_S52,Carcinoma,P05198,S
317,43,P04637_S20,Carcinoma,P04637,S
319,43,P04637_S392,Carcinoma,P04637,S
321,43,P04792_S15,Carcinoma,P04792,S
322,43,P04792_S78,Carcinoma,P04792,S
323,43,P04792_S82,Carcinoma,P04792,S
372,43,P06401_S294,Carcinoma,P06401,S
385,43,P06730_S209,Carcinoma,P06730,S
434,43,P07949_S891,Carcinoma,P07949,S
296,43,P03372_S305,Carcinoma,P03372,S
292,43,P03372_S167,Carcinoma,P03372,S
120,43,O43463_S391,Carcinoma,O43463,S
124,43,O43524_S253,Carcinoma,O43524,S
160,43,O60716_S288,Carcinoma,O60716,S
72,43,O14926_S39,Carcinoma,O14926,S
254,43,P00533_S1166,Carcinoma,P00533,S
228,43,O95817_S187,Carcinoma,O95817,S
233,43,O95863_S11,Carcinoma,O95863,S
239,43,O96013_S474,Carcinoma,O96013,S
669,43,P12830_S853,Carcinoma,P12830,S
668,43,P12830_S850,Carcinoma,P12830,S
715,43,P15407_S252,Carcinoma,P15407,S
716,43,P15407_S265,Carcinoma,P15407,S
637,43,P11233_S194,Carcinoma,P11233,S
825,43,P20618_S157,Carcinoma,P20618,S
783,43,P18848_S245,Carcinoma,P18848,S
762,43,P17535_S100,Carcinoma,P17535,S
509,43,P10275_S16,Carcinoma,P10275,S
513,43,P10275_S424,Carcinoma,P10275,S
368,43,P06400_T252,Carcinoma,P06400,T
369,43,P06400_T356,Carcinoma,P06400,T
392,43,P06748_T199,Carcinoma,P06748,T
393,43,P06748_T234,Carcinoma,P06748,T
394,43,P06748_T237,Carcinoma,P06748,T
445,43,P08047_T739,Carcinoma,P08047,T
508,43,P10244_T487,Carcinoma,P10244,T
256,43,P00533_T790,Carcinoma,P00533,T
965,43,P31749_T308,Carcinoma,P31749,T
1002,43,P35222_T120,Carcinoma,P35222,T
1156,43,P46527_T157,Carcinoma,P46527,T
1157,43,P46527_T187,Carcinoma,P46527,T
1245,43,P50281_T567,Carcinoma,P50281,T
96,43,O15519_T166,Carcinoma,O15519,T
244,43,O96017_T68,Carcinoma,O96017,T
1620,43,Q13153_T212,Carcinoma,Q13153,T
1621,43,Q13153_T423,Carcinoma,Q13153,T
168,43,O70201_T34,Carcinoma,O70201,T
1625,43,Q13163_T315,Carcinoma,Q13163,T
1632,43,Q13188_T117,Carcinoma,Q13188,T
1661,43,Q13541_T37,Carcinoma,Q13541,T
1798,43,Q16555_T514,Carcinoma,Q16555,T
2059,43,Q96GD4_T232,Carcinoma,Q96GD4,T
2154,43,Q9H8V3_T359,Carcinoma,Q9H8V3,T
2259,43,Q9UQM7_T286,Carcinoma,Q9UQM7,T
646,43,P11802_T172,Carcinoma,P11802,T
1645,43,Q13480_T387,Carcinoma,Q13480,T
1648,43,Q13485_T277,Carcinoma,Q13485,T
1652,43,Q13501_T269,Carcinoma,Q13501,T
1662,43,Q13541_T46,Carcinoma,Q13541,T
1609,43,Q13131_T183,Carcinoma,Q13131,T
1391,43,P63085_T183,Carcinoma,P63085,T
1595,43,Q12933_T117,Carcinoma,Q12933,T
2039,43,Q96B36_T246,Carcinoma,Q96B36,T
1780,43,Q15910_T416,Carcinoma,Q15910,T
1791,43,Q16539_T180,Carcinoma,Q16539,T
851,43,P23443_T412,Carcinoma,P23443,T
844,43,P23396_T221,Carcinoma,P23396,T
717,43,P15407_T217,Carcinoma,P15407,T
800,43,P19419_T417,Carcinoma,P19419,T
1214,43,P48972_T490,Carcinoma,P48972,T
1146,43,P45985_T261,Carcinoma,P45985,T
1158,43,P46527_T198,Carcinoma,P46527,T
2023,43,Q92934_S99,Carcinoma,Q92934,S
2021,43,Q92934_S118,Carcinoma,Q92934,S
1965,43,Q8N6T7_S338,Carcinoma,Q8N6T7,S
2230,43,Q9UKE5_S764,Carcinoma,Q9UKE5,S
2102,43,Q99801_S48,Carcinoma,Q99801,S
1770,43,Q15797_S465,Carcinoma,Q15797,S
1796,43,Q16555_S522,Carcinoma,Q16555,S
1807,43,Q16643_S142,Carcinoma,Q16643,S
1873,43,Q61337_S155,Carcinoma,Q61337,S
1872,43,Q61337_S136,Carcinoma,Q61337,S
1871,43,Q61337_S112,Carcinoma,Q61337,S
1835,43,Q4VCS5_S175,Carcinoma,Q4VCS5,S
1467,43,Q00987_T158,Carcinoma,Q00987,T
768,43,P17844_T446,Carcinoma,P17844,T
769,43,P17844_T564,Carcinoma,P17844,T
2276,43,Q9Y2H5_S455,Carcinoma,Q9Y2H5,S
2284,43,Q9Y490_S425,Carcinoma,Q9Y490,S
2288,43,Q9Y4H2_S1100,Carcinoma,Q9Y4H2,S
366,43,P06400_S807,Carcinoma,P06400,S
1741,43,Q15121_S116,Carcinoma,Q15121,S
100,43,O15551_T192,Carcinoma,O15551,T
1740,43,Q15121_S104,Carcinoma,Q15121,S
352,43,P05787_S74,Carcinoma,P05787,S
351,43,P05787_S432,Carcinoma,P05787,S
370,43,P06400_T821,Carcinoma,P06400,T
1297,43,P52735_Y172,Carcinoma,P52735,Y
1300,43,P53350_Y425,Carcinoma,P53350,Y
1346,43,P56945_Y410,Carcinoma,P56945,Y
146,43,O60331_Y639,Carcinoma,O60331,Y
154,43,O60674_Y1007,Carcinoma,O60674,Y
155,43,O60674_Y1008,Carcinoma,O60674,Y
423,43,P07355_Y24,Carcinoma,P07355,Y
453,43,P08069_Y1165,Carcinoma,P08069,Y
454,43,P08069_Y1166,Carcinoma,P08069,Y
503,43,P0DP23_Y100,Carcinoma,P0DP23,Y
27,43,O00401_Y256,Carcinoma,O00401,Y
40,43,O00767_Y55,Carcinoma,O00767,Y
300,43,P03372_Y52,Carcinoma,P03372,Y
967,43,P31749_Y176,Carcinoma,P31749,Y
970,43,P31750_Y176,Carcinoma,P31750,Y
183,43,O75365_Y53,Carcinoma,O75365,Y
288,43,P02786_Y20,Carcinoma,P02786,Y
435,43,P07949_Y791,Carcinoma,P07949,Y
468,43,P08581_Y1003,Carcinoma,P08581,Y
469,43,P08581_Y1234,Carcinoma,P08581,Y
470,43,P08581_Y1235,Carcinoma,P08581,Y
471,43,P08581_Y1349,Carcinoma,P08581,Y
473,43,P08581_Y1365,Carcinoma,P08581,Y
259,43,P00533_Y1092,Carcinoma,P00533,Y
299,43,P03372_Y219,Carcinoma,P03372,Y
301,43,P03372_Y537,Carcinoma,P03372,Y
314,43,P04626_Y1248,Carcinoma,P04626,Y
522,43,P10275_Y535,Carcinoma,P10275,Y
789,43,P19174_Y783,Carcinoma,P19174,Y
788,43,P19174_Y1253,Carcinoma,P19174,Y
925,43,P28482_Y187,Carcinoma,P28482,Y
263,43,P00533_Y869,Carcinoma,P00533,Y
651,43,P12004_Y211,Carcinoma,P12004,Y
672,43,P12931_Y419,Carcinoma,P12931,Y
673,43,P12931_Y530,Carcinoma,P12931,Y
1095,43,P40763_Y705,Carcinoma,P40763,Y
1206,43,P48357_Y1141,Carcinoma,P48357,Y
1221,43,P49023_Y88,Carcinoma,P49023,Y
1242,43,P49841_Y216,Carcinoma,P49841,Y
1339,43,P56945_Y12,Carcinoma,P56945,Y
1013,43,P35235_Y63,Carcinoma,P35235,Y
1012,43,P35235_Y62,Carcinoma,P35235,Y
713,43,P15311_Y478,Carcinoma,P15311,Y
1340,43,P56945_Y128,Carcinoma,P56945,Y
2240,43,Q9UM73_Y1507,Carcinoma,Q9UM73,Y
245,43,P00338_Y10,Carcinoma,P00338,Y
2120,43,Q9BXH1_Y172,Carcinoma,Q9BXH1,Y
2119,43,Q9BXH1_Y152,Carcinoma,Q9BXH1,Y
1455,43,Q00495_Y721,Carcinoma,Q00495,Y
1528,43,Q05397_Y861,Carcinoma,Q05397,Y
1695,43,Q14289_Y402,Carcinoma,Q14289,Y
1696,43,Q14289_Y579,Carcinoma,Q14289,Y
1697,43,Q14289_Y849,Carcinoma,Q14289,Y
1698,43,Q14289_Y881,Carcinoma,Q14289,Y
1984,43,Q8VI36_Y88,Carcinoma,Q8VI36,Y
2121,43,Q9BXH1_Y58,Carcinoma,Q9BXH1,Y
974,43,P31947_S69,Carcinoma,P31947,S
975,43,P31947_S74,Carcinoma,P31947,S
1522,43,Q05397_S732,Carcinoma,Q05397,S
367,43,P06400_S811,Carcinoma,P06400,S
64,43,O14757_S280,Carcinoma,O14757,S
99,43,O15530_S241,Carcinoma,O15530,S
184,43,O75376_S2436,Carcinoma,O75376,S
231,43,O95863_S100,Carcinoma,O95863,S
255,43,P00533_S768,Carcinoma,P00533,S
1723,43,Q14790_S387,Carcinoma,Q14790,S
1900,43,Q6U7Q0_S391,Carcinoma,Q6U7Q0,S
1921,43,Q7L5N1_S148,Carcinoma,Q7L5N1,S
2081,43,Q96S44_S250,Carcinoma,Q96S44,S
2115,43,Q9BVI0_S291,Carcinoma,Q9BVI0,S
2224,43,Q9UHH9_S347,Carcinoma,Q9UHH9,S
291,43,P03372_S118,Carcinoma,P03372,S
1608,43,Q13131_S486,Carcinoma,Q13131,S
1624,43,Q13163_S311,Carcinoma,Q13163,S
1629,43,Q13177_S20,Carcinoma,Q13177,S
1680,43,Q13835_S118,Carcinoma,Q13835,S
1690,43,Q14203_S179,Carcinoma,Q14203,S
1743,43,Q15276_S407,Carcinoma,Q15276,S
1753,43,Q15672_S68,Carcinoma,Q15672,S
1757,43,Q15717_S318,Carcinoma,Q15717,S
1769,43,Q15797_S463,Carcinoma,Q15797,S
1400,43,P63279_S71,Carcinoma,P63279,S
1175,43,P46937_S127,Carcinoma,P46937,S
1980,43,Q8TCU6_S1169,Carcinoma,Q8TCU6,S
1986,43,Q8WYL5_S978,Carcinoma,Q8WYL5,S
2008,43,Q92731_S105,Carcinoma,Q92731,S
2022,43,Q92934_S75,Carcinoma,Q92934,S
2225,43,Q9UIK4_S299,Carcinoma,Q9UIK4,S
2227,43,Q9UJU6_S269,Carcinoma,Q9UJU6,S
531,43,P10415_S70,Carcinoma,P10415,S
490,43,P09493_S283,Carcinoma,P09493,S
642,43,P11387_S506,Carcinoma,P11387,S
747,43,P16949_S16,Carcinoma,P16949,S
749,43,P16949_S38,Carcinoma,P16949,S
316,43,P04637_S15,Carcinoma,P04637,S
320,43,P04637_S46,Carcinoma,P04637,S
386,43,P06733_S419,Carcinoma,P06733,S
1149,43,P46108_S41,Carcinoma,P46108,S
1155,43,P46527_S10,Carcinoma,P46527,S
916,43,P28290_S92,Carcinoma,P28290,S
954,43,P30622_S195,Carcinoma,P30622,S
1934,43,Q8BFP9_Y136,Carcinoma,Q8BFP9,Y
2009,43,Q92731_Y36,Carcinoma,Q92731,Y
1529,43,Q05397_Y925,Carcinoma,Q05397,Y
1560,43,Q07912_Y284,Carcinoma,Q07912,Y
1692,43,Q14247_Y421,Carcinoma,Q14247,Y
1725,43,Q14790_Y380,Carcinoma,Q14790,Y
1792,43,Q16539_Y182,Carcinoma,Q16539,Y
1524,43,Q05397_Y397,Carcinoma,Q05397,Y
743,43,P16591_Y714,Carcinoma,P16591,Y
2194,43,Q9NZC7_Y33,Carcinoma,Q9NZC7,Y
2234,43,Q9UKV8_Y393,Carcinoma,Q9UKV8,Y
2314,43,Q9Z1X1_Y993,Carcinoma,Q9Z1X1,Y
1103,43,P42224_Y701,Carcinoma,P42224,Y
1105,43,P42225_Y701,Carcinoma,P42225,Y
1159,43,P46527_Y74,Carcinoma,P46527,Y
1403,43,P67775_Y307,Carcinoma,P67775,Y
1498,43,Q03135_Y14,Carcinoma,Q03135,Y
1235,43,P49789_Y114,Carcinoma,P49789,Y
1342,43,P56945_Y249,Carcinoma,P56945,Y
1343,43,P56945_Y267,Carcinoma,P56945,Y
1344,43,P56945_Y287,Carcinoma,P56945,Y
1345,43,P56945_Y306,Carcinoma,P56945,Y
1405,43,P67809_S102,Carcinoma,P67809,S
1466,43,Q00987_S186,Carcinoma,Q00987,S
532,43,P10415_S87,Carcinoma,P10415,S
2247,200,Q9UNE7_S19,Myocardial Ischemia,Q9UNE7,S
1240,55,P49841_S389,Cardiomegaly,P49841,S
1708,56,Q14524_S516,Cardiomyopathies,Q14524,S
1190,56,P46938_S112,Cardiomyopathies,P46938,S
2269,56,Q9WV60_S9,Cardiomyopathies,Q9WV60,S
968,56,P31750_S473,Cardiomyopathies,P31750,S
2268,56,Q9WV60_S389,Cardiomyopathies,Q9WV60,S
1240,56,P49841_S389,Cardiomyopathies,P49841,S
1241,56,P49841_S9,Cardiomyopathies,P49841,S
2010,56,Q92736_S2808,Cardiomyopathies,Q92736,S
12,56,E9Q401_S2807,Cardiomyopathies,E9Q401,S
582,56,P10636-8_T205,Cardiomyopathies,P10636-8,T
553,56,P10636-8_S199,Cardiomyopathies,P10636-8,S
554,56,P10636-8_S202,Cardiomyopathies,P10636-8,S
561,56,P10636-8_S262,Cardiomyopathies,P10636-8,S
1472,56,Q01147_S119,Cardiomyopathies,Q01147,S
0,56,A2ASS6_S12742,Cardiomyopathies,A2ASS6,S
1,56,A2ASS6_S12884,Cardiomyopathies,A2ASS6,S
1732,56,Q14896_S284,Cardiomyopathies,Q14896,S
1731,56,Q14896_S275,Cardiomyopathies,Q14896,S
2258,56,Q9UQL6_S279,Cardiomyopathies,Q9UQL6,S
888,56,P26433_S552,Cardiomyopathies,P26433,S
1401,56,P63329_S411,Cardiomyopathies,P63329,S
44,56,O08589_S88,Cardiomyopathies,O08589,S
16,56,F1PEE8_S2799,Cardiomyopathies,F1PEE8,S
15,56,F1PEE8_S2016,Cardiomyopathies,F1PEE8,S
2011,56,Q92736_S2814,Cardiomyopathies,Q92736,S
803,56,P19429_S23,Cardiomyopathies,P19429,S
1989,56,Q8WZ42_S4099,Cardiomyopathies,Q8WZ42,S
804,56,P19429_S24,Cardiomyopathies,P19429,S
1988,56,Q8WZ42_S4010,Cardiomyopathies,Q8WZ42,S
1987,56,Q8WZ42_S11878,Cardiomyopathies,Q8WZ42,S
73,56,O14950_S20,Cardiomyopathies,O14950,S
1733,56,Q14896_S304,Cardiomyopathies,Q14896,S
1730,56,Q14896_S133,Cardiomyopathies,Q14896,S
1887,56,Q64373_S14,Cardiomyopathies,Q64373,S
1703,56,Q14457_T108,Cardiomyopathies,Q14457,T
1252,56,P50753_S209,Cardiomyopathies,P50753,S
1576,56,Q0PCR6_T1704,Cardiomyopathies,Q0PCR6,T
1574,56,Q0PCR6_S1700,Cardiomyopathies,Q0PCR6,S
30,56,O00429_S616,Cardiomyopathies,O00429,S
1710,56,Q14524_S571,Cardiomyopathies,Q14524,S
781,56,P18760_T25,Cardiomyopathies,P18760,T
841,56,P23204_S280,Cardiomyopathies,P23204,S
1844,56,Q5EBG6_S16,Cardiomyopathies,Q5EBG6,S
8,56,D3ZXP3_S139,Cardiomyopathies,D3ZXP3,S
1843,56,Q5EBG6_S10,Cardiomyopathies,Q5EBG6,S
279,56,P02545_S22,Cardiomyopathies,P02545,S
1335,56,P56741_S279,Cardiomyopathies,P56741,S
1336,56,P56741_S288,Cardiomyopathies,P56741,S
628,56,P10644_S83,Cardiomyopathies,P10644,S
627,56,P10644_S77,Cardiomyopathies,P10644,S
2227,56,Q9UJU6_S269,Cardiomyopathies,Q9UJU6,S
2228,56,Q9UJU6_T291,Cardiomyopathies,Q9UJU6,T
763,56,P17612_S339,Cardiomyopathies,P17612,S
478,56,P08670_S72,Cardiomyopathies,P08670,S
1939,56,Q8BRK8_T172,Cardiomyopathies,Q8BRK8,T
1857,56,Q5SWU9_S79,Cardiomyopathies,Q5SWU9,S
1334,56,P56741_S273,Cardiomyopathies,P56741,S
756,56,P17302_S368,Cardiomyopathies,P17302,S
803,59,P19429_S23,Cardiovascular Diseases,P19429,S
907,240,P27708_S1859,"Prostatic Neoplasms, Castration-Resistant",P27708,S
1520,240,Q05329_S6,"Prostatic Neoplasms, Castration-Resistant",Q05329,S
1750,240,Q15648_T1032,"Prostatic Neoplasms, Castration-Resistant",Q15648,T
1751,240,Q15648_T1457,"Prostatic Neoplasms, Castration-Resistant",Q15648,T
2277,240,Q9Y2T1_S311,"Prostatic Neoplasms, Castration-Resistant",Q9Y2T1,S
1560,240,Q07912_Y284,"Prostatic Neoplasms, Castration-Resistant",Q07912,Y
614,70,P10637_S494,Corticobasal Degeneration,P10637,S
1255,7,P51532_S1452,"Adenocarcinoma, Clear Cell",P51532,S
50,7,O14497_S696,"Adenocarcinoma, Clear Cell",O14497,S
437,61,P08047_S59,Cholangiocarcinoma,P08047,S
1524,61,Q05397_Y397,Cholangiocarcinoma,Q05397,Y
1179,61,P46937_S397,Cholangiocarcinoma,P46937,S
966,61,P31749_T450,Cholangiocarcinoma,P31749,T
836,61,P21802_Y657,Cholangiocarcinoma,P21802,Y
835,61,P21802_Y656,Cholangiocarcinoma,P21802,Y
906,61,P27707_S74,Cholangiocarcinoma,P27707,S
964,61,P31749_S473,Cholangiocarcinoma,P31749,S
965,61,P31749_T308,Cholangiocarcinoma,P31749,T
2111,116,Q9BSQ5_S238,"Hemangioma, Cavernous, Central Nervous System",Q9BSQ5,S
1834,60,Q3V6T2_Y1799,Celiac Disease,Q3V6T2,Y
1009,286,P35232_T258,Uterine Cervical Neoplasms,P35232,T
1010,286,P35232_Y259,Uterine Cervical Neoplasms,P35232,Y
2118,286,Q9BWC9_S147,Uterine Cervical Neoplasms,Q9BWC9,S
2117,286,Q9BWC9_S130,Uterine Cervical Neoplasms,Q9BWC9,S
755,286,P17302_S282,Uterine Cervical Neoplasms,P17302,S
754,286,P17302_S279,Uterine Cervical Neoplasms,P17302,S
1300,286,P53350_Y425,Uterine Cervical Neoplasms,P53350,Y
928,286,P29317_S897,Uterine Cervical Neoplasms,P29317,S
337,286,P05198_S52,Uterine Cervical Neoplasms,P05198,S
825,286,P20618_S157,Uterine Cervical Neoplasms,P20618,S
1245,286,P50281_T567,Uterine Cervical Neoplasms,P50281,T
2059,286,Q96GD4_T232,Uterine Cervical Neoplasms,Q96GD4,T
2039,286,Q96B36_T246,Uterine Cervical Neoplasms,Q96B36,T
699,286,P14618_Y105,Uterine Cervical Neoplasms,P14618,Y
1530,286,Q05469_S660,Uterine Cervical Neoplasms,Q05469,S
1175,286,P46937_S127,Uterine Cervical Neoplasms,P46937,S
1251,286,P50750_T186,Uterine Cervical Neoplasms,P50750,T
964,286,P31749_S473,Uterine Cervical Neoplasms,P31749,S
1405,286,P67809_S102,Uterine Cervical Neoplasms,P67809,S
1480,286,Q01826_S47,Uterine Cervical Neoplasms,Q01826,S
363,286,P06400_S608,Uterine Cervical Neoplasms,P06400,S
366,286,P06400_S807,Uterine Cervical Neoplasms,P06400,S
1755,286,Q15717_S202,Uterine Cervical Neoplasms,Q15717,S
1117,286,P42345_S2448,Uterine Cervical Neoplasms,P42345,S
851,286,P23443_T412,Uterine Cervical Neoplasms,P23443,T
1724,286,Q14790_T273,Uterine Cervical Neoplasms,Q14790,T
1255,61,P51532_S1452,Cholangiocarcinoma,P51532,S
50,61,O14497_S696,Cholangiocarcinoma,O14497,S
2031,61,Q92995_Y708,Cholangiocarcinoma,Q92995,Y
1001,61,P35222_S675,Cholangiocarcinoma,P35222,S
1000,61,P35222_S552,Cholangiocarcinoma,P35222,S
1370,61,P61244_S11,Cholangiocarcinoma,P61244,S
198,61,O88792_S285,Cholangiocarcinoma,O88792,S
922,63,P28482_S41,Choriocarcinoma,P28482,S
584,247,P10636-8_T217,"Renal Insufficiency, Chronic",P10636-8,T
581,247,P10636-8_T181,"Renal Insufficiency, Chronic",P10636-8,T
92,247,O15392_T34,"Renal Insufficiency, Chronic",O15392,T
880,148,P25911_Y194,"Leukemia, Lymphocytic, Chronic, B-Cell",P25911,Y
964,148,P31749_S473,"Leukemia, Lymphocytic, Chronic, B-Cell",P31749,S
965,148,P31749_T308,"Leukemia, Lymphocytic, Chronic, B-Cell",P31749,T
1537,148,Q05655_T507,"Leukemia, Lymphocytic, Chronic, B-Cell",Q05655,T
499,148,P09917_S524,"Leukemia, Lymphocytic, Chronic, B-Cell",P09917,S
2032,148,Q93009_S18,"Leukemia, Lymphocytic, Chronic, B-Cell",Q93009,S
883,148,P25963_Y305,"Leukemia, Lymphocytic, Chronic, B-Cell",P25963,Y
505,148,P10070_S941,"Leukemia, Lymphocytic, Chronic, B-Cell",P10070,S
123,148,O43521_S87,"Leukemia, Lymphocytic, Chronic, B-Cell",O43521,S
387,148,P06734_S254,"Leukemia, Lymphocytic, Chronic, B-Cell",P06734,S
389,148,P06734_T314,"Leukemia, Lymphocytic, Chronic, B-Cell",P06734,T
388,148,P06734_S265,"Leukemia, Lymphocytic, Chronic, B-Cell",P06734,S
331,148,P05106_Y785,"Leukemia, Lymphocytic, Chronic, B-Cell",P05106,Y
1636,148,Q13263_S473,"Leukemia, Lymphocytic, Chronic, B-Cell",Q13263,S
1091,148,P40763_S727,"Leukemia, Lymphocytic, Chronic, B-Cell",P40763,S
745,148,P16885_Y753,"Leukemia, Lymphocytic, Chronic, B-Cell",P16885,Y
746,148,P16885_Y759,"Leukemia, Lymphocytic, Chronic, B-Cell",P16885,Y
1640,148,Q13315_S1981,"Leukemia, Lymphocytic, Chronic, B-Cell",Q13315,S
498,148,P09917_S523,"Leukemia, Lymphocytic, Chronic, B-Cell",P09917,S
1102,42,P42224_T387,"Candidiasis, Chronic Mucocutaneous",P42224,T
269,150,P01106_S77,"Leukemia, Myelogenous, Chronic, BCR-ABL Positive",P01106,S
1109,150,P42229_S780,"Leukemia, Myelogenous, Chronic, BCR-ABL Positive",P42229,S
639,150,P11274_Y177,"Leukemia, Myelogenous, Chronic, BCR-ABL Positive",P11274,Y
371,150,P06400_Y805,"Leukemia, Myelogenous, Chronic, BCR-ABL Positive",P06400,Y
167,150,O60934_S343,"Leukemia, Myelogenous, Chronic, BCR-ABL Positive",O60934,S
933,150,P29351_Y536,"Leukemia, Myelogenous, Chronic, BCR-ABL Positive",P29351,Y
934,150,P29351_Y564,"Leukemia, Myelogenous, Chronic, BCR-ABL Positive",P29351,Y
1679,150,Q13769_Y225,"Leukemia, Myelogenous, Chronic, BCR-ABL Positive",Q13769,Y
1729,150,Q14847_Y171,"Leukemia, Myelogenous, Chronic, BCR-ABL Positive",Q14847,Y
1143,150,P45983_T183,"Leukemia, Myelogenous, Chronic, BCR-ABL Positive",P45983,T
973,150,P31947_S186,"Leukemia, Myelogenous, Chronic, BCR-ABL Positive",P31947,S
751,150,P16989_S134,"Leukemia, Myelogenous, Chronic, BCR-ABL Positive",P16989,S
467,150,P08559_Y301,"Leukemia, Myelogenous, Chronic, BCR-ABL Positive",P08559,Y
460,150,P08238_S226,"Leukemia, Myelogenous, Chronic, BCR-ABL Positive",P08238,S
1155,150,P46527_S10,"Leukemia, Myelogenous, Chronic, BCR-ABL Positive",P46527,S
1559,150,Q07889_Y1196,"Leukemia, Myelogenous, Chronic, BCR-ABL Positive",Q07889,Y
1094,150,P40763_Y640,"Leukemia, Myelogenous, Chronic, BCR-ABL Positive",P40763,Y
732,150,P16104_Y142,"Leukemia, Myelogenous, Chronic, BCR-ABL Positive",P16104,Y
97,150,O15524_Y203,"Leukemia, Myelogenous, Chronic, BCR-ABL Positive",O15524,Y
731,150,P16104_S139,"Leukemia, Myelogenous, Chronic, BCR-ABL Positive",P16104,S
1403,150,P67775_Y307,"Leukemia, Myelogenous, Chronic, BCR-ABL Positive",P67775,Y
1705,150,Q14457_Y233,"Leukemia, Myelogenous, Chronic, BCR-ABL Positive",Q14457,Y
1707,150,Q14457_Y352,"Leukemia, Myelogenous, Chronic, BCR-ABL Positive",Q14457,Y
1912,245,Q6ZQ88_S112,"Pulmonary Disease, Chronic Obstructive",Q6ZQ88,S
529,244,P10412_S36,Pulmonary Aspergillosis,P10412,S
593,64,P10636_S396,Chronic Traumatic Encephalopathy,P10636,S
778,64,P18266_Y216,Chronic Traumatic Encephalopathy,P18266,Y
818,102,P19525_T446,Fibrosis,P19525,T
340,122,P05412_S73,Hodgkin Disease,P05412,S
958,53,P30999_Y228,"Carcinoma, Renal Cell",P30999,Y
1919,53,Q7KZF4_S426,"Carcinoma, Renal Cell",Q7KZF4,S
1494,53,Q02952_T1760,"Carcinoma, Renal Cell",Q02952,T
1254,53,P51532_S1417,"Carcinoma, Renal Cell",P51532,S
1512,53,Q04726_S217,"Carcinoma, Renal Cell",Q04726,S
1822,53,Q2KJY2_S977,"Carcinoma, Renal Cell",Q2KJY2,S
833,53,P21796_S104,"Carcinoma, Renal Cell",P21796,S
1293,53,P52701_S227,"Carcinoma, Renal Cell",P52701,S
1233,53,P49757_S438,"Carcinoma, Renal Cell",P49757,S
1093,53,P40763_T714,"Carcinoma, Renal Cell",P40763,T
1091,53,P40763_S727,"Carcinoma, Renal Cell",P40763,S
1095,53,P40763_Y705,"Carcinoma, Renal Cell",P40763,Y
940,53,P29590_S518,"Carcinoma, Renal Cell",P29590,S
931,53,P29350_Y536,"Carcinoma, Renal Cell",P29350,Y
1458,53,Q00613_S303,"Carcinoma, Renal Cell",Q00613,S
1000,53,P35222_S552,"Carcinoma, Renal Cell",P35222,S
2056,53,Q96FW1_S16,"Carcinoma, Renal Cell",Q96FW1,S
935,53,P29353_S139,"Carcinoma, Renal Cell",P29353,S
1265,53,P51608-2_S325,"Carcinoma, Renal Cell",P51608-2,S
832,53,P21796_S102,"Carcinoma, Renal Cell",P21796,S
2004,53,Q92597_T346,"Carcinoma, Renal Cell",Q92597,T
34,53,O00459_Y464,"Carcinoma, Renal Cell",O00459,Y
1524,53,Q05397_Y397,"Carcinoma, Renal Cell",Q05397,Y
2091,53,Q99661_S192,"Carcinoma, Renal Cell",Q99661,S
847,62,P23443-2_T389,Chordoma,P23443-2,T
1663,62,Q13541_T70,Chordoma,Q13541,T
1238,62,P49815_T1462,Chordoma,P49815,T
1117,62,P42345_S2448,Chordoma,P42345,S
964,62,P31749_S473,Chordoma,P31749,S
783,65,P18848_S245,Coffin-Lowry Syndrome,P18848,S
1000,66,P35222_S552,Colitis,P35222,S
1095,67,P40763_Y705,Colonic Neoplasms,P40763,Y
964,67,P31749_S473,Colonic Neoplasms,P31749,S
1501,67,Q04206_S276,Colonic Neoplasms,Q04206,S
72,67,O14926_S39,Colonic Neoplasms,O14926,S
715,67,P15407_S252,Colonic Neoplasms,P15407,S
716,67,P15407_S265,Colonic Neoplasms,P15407,S
1625,67,Q13163_T315,Colonic Neoplasms,Q13163,T
1609,67,Q13131_T183,Colonic Neoplasms,Q13131,T
2059,67,Q96GD4_T232,Colonic Neoplasms,Q96GD4,T
800,67,P19419_T417,Colonic Neoplasms,P19419,T
1146,67,P45985_T261,Colonic Neoplasms,P45985,T
2230,67,Q9UKE5_S764,Colonic Neoplasms,Q9UKE5,S
1298,67,P52789_T473,Colonic Neoplasms,P52789,T
768,67,P17844_T446,Colonic Neoplasms,P17844,T
769,67,P17844_T564,Colonic Neoplasms,P17844,T
2076,67,Q96QV6_T120,Colonic Neoplasms,Q96QV6,T
352,67,P05787_S74,Colonic Neoplasms,P05787,S
351,67,P05787_S432,Colonic Neoplasms,P05787,S
183,67,O75365_Y53,Colonic Neoplasms,O75365,Y
672,67,P12931_Y419,Colonic Neoplasms,P12931,Y
673,67,P12931_Y530,Colonic Neoplasms,P12931,Y
1206,67,P48357_Y1141,Colonic Neoplasms,P48357,Y
1221,67,P49023_Y88,Colonic Neoplasms,P49023,Y
1339,67,P56945_Y12,Colonic Neoplasms,P56945,Y
1340,67,P56945_Y128,Colonic Neoplasms,P56945,Y
1984,67,Q8VI36_Y88,Colonic Neoplasms,Q8VI36,Y
722,67,P15923_S39,Colonic Neoplasms,P15923,S
1921,67,Q7L5N1_S148,Colonic Neoplasms,Q7L5N1,S
2081,67,Q96S44_S250,Colonic Neoplasms,Q96S44,S
2115,67,Q9BVI0_S291,Colonic Neoplasms,Q9BVI0,S
2224,67,Q9UHH9_S347,Colonic Neoplasms,Q9UHH9,S
2052,67,Q96EB6_S27,Colonic Neoplasms,Q96EB6,S
1624,67,Q13163_S311,Colonic Neoplasms,Q13163,S
1757,67,Q15717_S318,Colonic Neoplasms,Q15717,S
1400,67,P63279_S71,Colonic Neoplasms,P63279,S
490,67,P09493_S283,Colonic Neoplasms,P09493,S
642,67,P11387_S506,Colonic Neoplasms,P11387,S
1529,67,Q05397_Y925,Colonic Neoplasms,Q05397,Y
1725,67,Q14790_Y380,Colonic Neoplasms,Q14790,Y
743,67,P16591_Y714,Colonic Neoplasms,P16591,Y
1110,67,P42229_Y694,Colonic Neoplasms,P42229,Y
1403,67,P67775_Y307,Colonic Neoplasms,P67775,Y
1498,67,Q03135_Y14,Colonic Neoplasms,Q03135,Y
1175,67,P46937_S127,Colonic Neoplasms,P46937,S
999,67,P35222_S45,Colonic Neoplasms,P35222,S
1016,67,P35398_S35,Colonic Neoplasms,P35398,S
1502,67,Q04206_S468,Colonic Neoplasms,Q04206,S
1499,67,Q03181_S50,Colonic Neoplasms,Q03181,S
532,67,P10415_S87,Colonic Neoplasms,P10415,S
814,66,P19438_S381,Colitis,P19438,S
969,66,P31750_T308,Colitis,P31750,T
2071,66,Q96P20_Y861,Colitis,Q96P20,Y
1880,66,Q62318_S473,Colitis,Q62318,S
1867,66,Q61084_S337,Colitis,Q61084,S
197,66,O88643_S144,Colitis,O88643,S
1947,66,Q8CIN4_S141,Colitis,Q8CIN4,S
70,66,O14920_S177,Colitis,O14920,S
1504,66,Q04206_S536,Colitis,Q04206,S
71,66,O14920_S181,Colitis,O14920,S
1868,66,Q61160_S191,Colitis,Q61160,S
1505,66,Q04206_T254,Colitis,Q04206,T
1314,66,P54310_S557,Colitis,P54310,S
968,66,P31750_S473,Colitis,P31750,S
1107,66,P42227_Y705,Colitis,P42227,Y
1498,68,Q03135_Y14,Colorectal Neoplasms,Q03135,Y
1400,68,P63279_S71,Colorectal Neoplasms,P63279,S
964,68,P31749_S473,Colorectal Neoplasms,P31749,S
1452,68,P98170_S87,Colorectal Neoplasms,P98170,S
1386,68,P62993_Y160,Colorectal Neoplasms,P62993,Y
1459,68,Q00613_S307,Colorectal Neoplasms,Q00613,S
1458,68,Q00613_S303,Colorectal Neoplasms,Q00613,S
1461,68,Q00613_S363,Colorectal Neoplasms,Q00613,S
1781,68,Q15910_T487,Colorectal Neoplasms,Q15910,T
1963,68,Q8N5V2_S16,Colorectal Neoplasms,Q8N5V2,S
1964,68,Q8N5V2_S18,Colorectal Neoplasms,Q8N5V2,S
1256,68,P51532_S613,Colorectal Neoplasms,P51532,S
1507,68,Q04695_S13,Colorectal Neoplasms,Q04695,S
1510,68,Q04695_S39,Colorectal Neoplasms,Q04695,S
1508,68,Q04695_S24,Colorectal Neoplasms,Q04695,S
1509,68,Q04695_S32,Colorectal Neoplasms,Q04695,S
1913,68,Q6ZS17_S351,Colorectal Neoplasms,Q6ZS17,S
1310,68,P53985_S467,Colorectal Neoplasms,P53985,S
2001,68,Q92560_S292,Colorectal Neoplasms,Q92560,S
833,68,P21796_S104,Colorectal Neoplasms,P21796,S
1294,68,P52701_S830,Colorectal Neoplasms,P52701,S
1293,68,P52701_S227,Colorectal Neoplasms,P52701,S
1004,68,P35222_T41,Colorectal Neoplasms,P35222,T
998,68,P35222_S37,Colorectal Neoplasms,P35222,S
999,68,P35222_S45,Colorectal Neoplasms,P35222,S
997,68,P35222_S33,Colorectal Neoplasms,P35222,S
2264,68,Q9WU82_S37,Colorectal Neoplasms,Q9WU82,S
2265,68,Q9WU82_S45,Colorectal Neoplasms,Q9WU82,S
2266,68,Q9WU82_T41,Colorectal Neoplasms,Q9WU82,T
1525,68,Q05397_Y407,Colorectal Neoplasms,Q05397,Y
1524,68,Q05397_Y397,Colorectal Neoplasms,Q05397,Y
715,68,P15407_S252,Colorectal Neoplasms,P15407,S
716,68,P15407_S265,Colorectal Neoplasms,P15407,S
1301,68,P53355_Y490,Colorectal Neoplasms,P53355,Y
1302,68,P53355_Y491,Colorectal Neoplasms,P53355,Y
352,68,P05787_S74,Colorectal Neoplasms,P05787,S
351,68,P05787_S432,Colorectal Neoplasms,P05787,S
1529,68,Q05397_Y925,Colorectal Neoplasms,Q05397,Y
1528,68,Q05397_Y861,Colorectal Neoplasms,Q05397,Y
672,68,P12931_Y419,Colorectal Neoplasms,P12931,Y
1216,68,P49023-2_Y88,Colorectal Neoplasms,P49023-2,Y
1984,68,Q8VI36_Y88,Colorectal Neoplasms,Q8VI36,Y
1016,68,P35398_S35,Colorectal Neoplasms,P35398,S
2230,68,Q9UKE5_S764,Colorectal Neoplasms,Q9UKE5,S
1936,68,Q8BFV3_S395,Colorectal Neoplasms,Q8BFV3,S
1935,68,Q8BFV3_S390,Colorectal Neoplasms,Q8BFV3,S
1937,68,Q8BFV3_T361,Colorectal Neoplasms,Q8BFV3,T
1938,68,Q8BFV3_T363,Colorectal Neoplasms,Q8BFV3,T
743,68,P16591_Y714,Colorectal Neoplasms,P16591,Y
1539,68,Q05655_Y313,Colorectal Neoplasms,Q05655,Y
1785,68,Q16254_S384,Colorectal Neoplasms,Q16254,S
1784,68,Q16254_S244,Colorectal Neoplasms,Q16254,S
1403,68,P67775_Y307,Colorectal Neoplasms,P67775,Y
1921,68,Q7L5N1_S148,Colorectal Neoplasms,Q7L5N1,S
532,68,P10415_S87,Colorectal Neoplasms,P10415,S
316,68,P04637_S15,Colorectal Neoplasms,P04637,S
722,68,P15923_S39,Colorectal Neoplasms,P15923,S
1068,68,P37231-2_Y74,Colorectal Neoplasms,P37231-2,Y
2081,68,Q96S44_S250,Colorectal Neoplasms,Q96S44,S
2143,68,Q9GZT9_S125,Colorectal Neoplasms,Q9GZT9,S
41,68,O08528_T473,Colorectal Neoplasms,O08528,T
1706,68,Q14457_Y333,Colorectal Neoplasms,Q14457,Y
494,68,P09651_S6,Colorectal Neoplasms,P09651,S
1895,68,Q6PJ69_S167,Colorectal Neoplasms,Q6PJ69,S
1896,68,Q6PJ69_S367,Colorectal Neoplasms,Q6PJ69,S
1897,68,Q6PJ69_T413,Colorectal Neoplasms,Q6PJ69,T
1967,68,Q8NB16_S358,Colorectal Neoplasms,Q8NB16,S
1101,68,P42224_S727,Colorectal Neoplasms,P42224,S
2035,68,Q96AC1_S159,Colorectal Neoplasms,Q96AC1,S
66,68,O14757_S345,Colorectal Neoplasms,O14757,S
65,68,O14757_S317,Colorectal Neoplasms,O14757,S
643,68,P11413_Y112,Colorectal Neoplasms,P11413,Y
59,68,O14744_S15,Colorectal Neoplasms,O14744,S
820,68,P19544-7_S67,Colorectal Neoplasms,P19544-7,S
501,68,P0C0S8_T120,Colorectal Neoplasms,P0C0S8,T
2052,68,Q96EB6_S27,Colorectal Neoplasms,Q96EB6,S
1201,68,P48163_S336,Colorectal Neoplasms,P48163,S
649,68,P11908_T285,Colorectal Neoplasms,P11908,T
1363,68,P60891_S285,Colorectal Neoplasms,P60891,S
506,68,P10070_T1546,Colorectal Neoplasms,P10070,T
1500,68,Q03393_T58,Colorectal Neoplasms,Q03393,T
166,68,O60885_Y98,Colorectal Neoplasms,O60885,Y
165,68,O60885_Y97,Colorectal Neoplasms,O60885,Y
1041,68,P35606_T861,Colorectal Neoplasms,P35606,T
1039,68,P35606_S859,Colorectal Neoplasms,P35606,S
1640,68,Q13315_S1981,Colorectal Neoplasms,Q13315,S
69,68,O14874_Y246,Colorectal Neoplasms,O14874,Y
935,68,P29353_S139,Colorectal Neoplasms,P29353,S
1284,68,P52480_Y105,Colorectal Neoplasms,P52480,Y
2293,68,Q9Y4P1_S383,Colorectal Neoplasms,Q9Y4P1,S
2294,68,Q9Y4P1_S392,Colorectal Neoplasms,Q9Y4P1,S
873,68,P25054_S2260,Colorectal Neoplasms,P25054,S
874,68,P25054_T1438,Colorectal Neoplasms,P25054,T
2026,68,Q92974_S645,Colorectal Neoplasms,Q92974,S
226,68,O95758-2_S30,Colorectal Neoplasms,O95758-2,S
269,68,P01106_S77,Colorectal Neoplasms,P01106,S
968,68,P31750_S473,Colorectal Neoplasms,P31750,S
266,68,P01100_S374,Colorectal Neoplasms,P01100,S
264,68,P00558_S203,Colorectal Neoplasms,P00558,S
339,68,P05412_S63,Colorectal Neoplasms,P05412,S
340,68,P05412_S73,Colorectal Neoplasms,P05412,S
229,68,O95817_T285,Colorectal Neoplasms,O95817,T
244,68,O96017_T68,Colorectal Neoplasms,O96017,T
1202,68,P48163_T103,Colorectal Neoplasms,P48163,T
1003,68,P35222_T40,Colorectal Neoplasms,P35222,T
681,68,P13010_T715,Colorectal Neoplasms,P13010,T
712,68,P15311_T567,Colorectal Neoplasms,P15311,T
919,68,P28324_T361,Colorectal Neoplasms,P28324,T
920,68,P28324_T366,Colorectal Neoplasms,P28324,T
2244,68,Q9UN86_T226,Colorectal Neoplasms,Q9UN86,T
1737,68,Q15067_S26,Colorectal Neoplasms,Q15067,S
92,68,O15392_T34,Colorectal Neoplasms,O15392,T
115,68,O43314_S1006,Colorectal Neoplasms,O43314,S
1909,68,Q6ZN28_Y673,Colorectal Neoplasms,Q6ZN28,Y
1910,68,Q6ZN28_Y695,Colorectal Neoplasms,Q6ZN28,Y
1911,68,Q6ZN28_Y793,Colorectal Neoplasms,Q6ZN28,Y
1115,68,P42336_Y508,Colorectal Neoplasms,P42336,Y
2157,68,Q9HAP2_Y222,Colorectal Neoplasms,Q9HAP2,Y
1114,68,P42336_Y317,Colorectal Neoplasms,P42336,Y
706,68,P14921_Y283,Colorectal Neoplasms,P14921,Y
979,68,P32322_Y135,Colorectal Neoplasms,P32322,Y
1095,68,P40763_Y705,Colorectal Neoplasms,P40763,Y
2061,68,Q96I25_S204,Colorectal Neoplasms,Q96I25,S
2302,68,Q9Y6A5_S558,Colorectal Neoplasms,Q9Y6A5,S
1684,68,Q14157_S454,Colorectal Neoplasms,Q14157,S
1836,68,Q53ET0_S238,Colorectal Neoplasms,Q53ET0,S
1000,68,P35222_S552,Colorectal Neoplasms,P35222,S
5,68,A6NMY6_S26,Colorectal Neoplasms,A6NMY6,S
1536,68,Q05519_S287,Colorectal Neoplasms,Q05519,S
1565,68,Q08117_S121,Colorectal Neoplasms,Q08117,S
1453,68,Q00059_S55,Colorectal Neoplasms,Q00059,S
1496,68,Q03014_S163,Colorectal Neoplasms,Q03014,S
1497,68,Q03014_S177,Colorectal Neoplasms,Q03014,S
238,68,O96013_S291,Colorectal Neoplasms,O96013,S
320,68,P04637_S46,Colorectal Neoplasms,P04637,S
747,68,P16949_S16,Colorectal Neoplasms,P16949,S
828,68,P21333_S2152,Colorectal Neoplasms,P21333,S
917,68,P28324_S381,Colorectal Neoplasms,P28324,S
918,68,P28324_S387,Colorectal Neoplasms,P28324,S
696,68,P14618_S37,Colorectal Neoplasms,P14618,S
1725,68,Q14790_Y380,Colorectal Neoplasms,Q14790,Y
673,68,P12931_Y530,Colorectal Neoplasms,P12931,Y
1414,68,P68431_S10,Colorectal Neoplasms,P68431,S
1206,68,P48357_Y1141,Colorectal Neoplasms,P48357,Y
1757,68,Q15717_S318,Colorectal Neoplasms,Q15717,S
800,68,P19419_T417,Colorectal Neoplasms,P19419,T
428,68,P07900_S595,Colorectal Neoplasms,P07900,S
642,68,P11387_S506,Colorectal Neoplasms,P11387,S
1609,68,Q13131_T183,Colorectal Neoplasms,Q13131,T
191,68,O75581_T1572,Colorectal Neoplasms,O75581,T
190,68,O75581_S1490,Colorectal Neoplasms,O75581,S
1362,68,P60891_S103,Colorectal Neoplasms,P60891,S
248,68,P00390_T507,Colorectal Neoplasms,P00390,T
2281,68,Q9Y3F4_T175,Colorectal Neoplasms,Q9Y3F4,T
1713,68,Q14680_S171,Colorectal Neoplasms,Q14680,S
1714,68,Q14680_T167,Colorectal Neoplasms,Q14680,T
2280,68,Q9Y3F4_S179,Colorectal Neoplasms,Q9Y3F4,S
1596,68,Q12948_S241,Colorectal Neoplasms,Q12948,S
1597,68,Q12948_S272,Colorectal Neoplasms,Q12948,S
543,68,P10451_S263,Colorectal Neoplasms,P10451,S
546,68,P10451_S63,Colorectal Neoplasms,P10451,S
541,68,P10451_S254,Colorectal Neoplasms,P10451,S
542,68,P10451_S258,Colorectal Neoplasms,P10451,S
539,68,P10451_S219,Colorectal Neoplasms,P10451,S
545,68,P10451_S62,Colorectal Neoplasms,P10451,S
1269,68,P51608-2_T491,Colorectal Neoplasms,P51608-2,T
1264,68,P51608-2_S286,Colorectal Neoplasms,P51608-2,S
1268,68,P51608-2_S92,Colorectal Neoplasms,P51608-2,S
1659,68,Q13535_S428,Colorectal Neoplasms,Q13535,S
951,68,P30307_S216,Colorectal Neoplasms,P30307,S
1436,68,P78527_S2056,Colorectal Neoplasms,P78527,S
1179,68,P46937_S397,Colorectal Neoplasms,P46937,S
1233,68,P49757_S438,Colorectal Neoplasms,P49757,S
1145,68,P45985_S257,Colorectal Neoplasms,P45985,S
85,68,O15379_S374,Colorectal Neoplasms,O15379,S
1332,124,P56402_S256,Hydronephrosis,P56402,S
1888,69,Q64727_S721,Coronary Artery Disease,Q64727,S
1175,69,P46937_S127,Coronary Artery Disease,P46937,S
611,70,P10637_S202,Corticobasal Degeneration,P10637,S
1485,113,Q02248_S552,"Hamartoma Syndrome, Multiple",Q02248,S
529,9,P10412_S36,Adrenal Cortex Neoplasms,P10412,S
310,72,P04156_S43,Creutzfeldt-Jakob Syndrome,P04156,S
1957,72,Q8K1M6_S616,Creutzfeldt-Jakob Syndrome,Q8K1M6,S
118,73,O43353_Y474,Crohn Disease,O43353,Y
814,73,P19438_S381,Crohn Disease,P19438,S
2105,73,Q99JB6_T175,Crohn Disease,Q99JB6,T
2104,73,Q99JB6_S19,Crohn Disease,Q99JB6,S
1722,73,Q14765_Y693,Crohn Disease,Q14765,Y
392,240,P06748_T199,"Prostatic Neoplasms, Castration-Resistant",P06748,T
394,240,P06748_T237,"Prostatic Neoplasms, Castration-Resistant",P06748,T
393,240,P06748_T234,"Prostatic Neoplasms, Castration-Resistant",P06748,T
2036,240,Q96AD5_S404,"Prostatic Neoplasms, Castration-Resistant",Q96AD5,S
364,71,P06400_S780,Costello Syndrome,P06400,S
1588,93,Q12879_Y1387,Epilepsy,Q12879,Y
580,64,P10636-8_T175,Chronic Traumatic Encephalopathy,P10636-8,T
585,64,P10636-8_T231,Chronic Traumatic Encephalopathy,P10636-8,T
568,64,P10636-8_S396,Chronic Traumatic Encephalopathy,P10636-8,S
999,179,P35222_S45,Melanoma,P35222,S
349,74,P05783_S53,Cystic Fibrosis,P05783,S
682,74,P13569_S1045,Cystic Fibrosis,P13569,S
51,57,O14558_S16,"Cardiomyopathy, Dilated",O14558,S
804,57,P19429_S24,"Cardiomyopathy, Dilated",P19429,S
807,57,P19429_S5,"Cardiomyopathy, Dilated",P19429,S
803,57,P19429_S23,"Cardiomyopathy, Dilated",P19429,S
808,57,P19429_S6,"Cardiomyopathy, Dilated",P19429,S
813,57,P19429_Y26,"Cardiomyopathy, Dilated",P19429,Y
812,57,P19429_T78,"Cardiomyopathy, Dilated",P19429,T
805,57,P19429_S42,"Cardiomyopathy, Dilated",P19429,S
809,57,P19429_S77,"Cardiomyopathy, Dilated",P19429,S
806,57,P19429_S44,"Cardiomyopathy, Dilated",P19429,S
811,57,P19429_T181,"Cardiomyopathy, Dilated",P19429,T
801,57,P19429_S166,"Cardiomyopathy, Dilated",P19429,S
810,57,P19429_T143,"Cardiomyopathy, Dilated",P19429,T
802,57,P19429_S199,"Cardiomyopathy, Dilated",P19429,S
1989,57,Q8WZ42_S4099,"Cardiomyopathy, Dilated",Q8WZ42,S
1990,57,Q8WZ42_S4185,"Cardiomyopathy, Dilated",Q8WZ42,S
1988,57,Q8WZ42_S4010,"Cardiomyopathy, Dilated",Q8WZ42,S
1987,57,Q8WZ42_S11878,"Cardiomyopathy, Dilated",Q8WZ42,S
4,57,A2ASS6_S4080,"Cardiomyopathy, Dilated",A2ASS6,S
2321,57,XP_008773743_S3986,"Cardiomyopathy, Dilated",XP_008773743,S
2320,57,XP_008773743_S3897,"Cardiomyopathy, Dilated",XP_008773743,S
2,57,A2ASS6_S3991,"Cardiomyopathy, Dilated",A2ASS6,S
1708,57,Q14524_S516,"Cardiomyopathy, Dilated",Q14524,S
106,57,O35426-2_S348,"Cardiomyopathy, Dilated",O35426-2,S
1957,57,Q8K1M6_S616,"Cardiomyopathy, Dilated",Q8K1M6,S
173,57,O70405_S555,"Cardiomyopathy, Dilated",O70405,S
1350,57,P58771_S283,"Cardiomyopathy, Dilated",P58771,S
323,57,P04792_S82,"Cardiomyopathy, Dilated",P04792,S
321,57,P04792_S15,"Cardiomyopathy, Dilated",P04792,S
322,57,P04792_S78,"Cardiomyopathy, Dilated",P04792,S
785,57,P19022_S788,"Cardiomyopathy, Dilated",P19022,S
1336,57,P56741_S288,"Cardiomyopathy, Dilated",P56741,S
2268,57,Q9WV60_S389,"Cardiomyopathy, Dilated",Q9WV60,S
1240,57,P49841_S389,"Cardiomyopathy, Dilated",P49841,S
1241,57,P49841_S9,"Cardiomyopathy, Dilated",P49841,S
2269,57,Q9WV60_S9,"Cardiomyopathy, Dilated",Q9WV60,S
763,57,P17612_S339,"Cardiomyopathy, Dilated",P17612,S
478,57,P08670_S72,"Cardiomyopathy, Dilated",P08670,S
2246,57,Q9UNA1_S671,"Cardiomyopathy, Dilated",Q9UNA1,S
2245,57,Q9UNA1_S668,"Cardiomyopathy, Dilated",Q9UNA1,S
1805,264,Q16613_T129,Sleep Wake Disorders,Q16613,T
1075,155,P37840_S129,Lewy Body Disease,P37840,S
1616,155,Q13148_S409,Lewy Body Disease,Q13148,S
1617,155,Q13148_S410,Lewy Body Disease,Q13148,S
593,155,P10636_S396,Lewy Body Disease,P10636,S
590,155,P10636_S214,Lewy Body Disease,P10636,S
592,155,P10636_S238,Lewy Body Disease,P10636,S
1798,155,Q16555_T514,Lewy Body Disease,Q16555,T
721,155,P15559_T128,Lewy Body Disease,P15559,T
2298,155,Q9Y5A7_S46,Lewy Body Disease,Q9Y5A7,S
1242,155,P49841_Y216,Lewy Body Disease,P49841,Y
1018,77,P35436_Y1325,Depressive Disorder,P35436,Y
1860,77,Q60829_T34,Depressive Disorder,Q60829,T
1927,77,Q80WE1_S478,Depressive Disorder,Q80WE1,S
1135,77,P42859_S1179,Depressive Disorder,P42859,S
1134,77,P42859_S1159,Depressive Disorder,P42859,S
2249,77,Q9UNF0_S372,Depressive Disorder,Q9UNF0,S
2250,77,Q9UNF0_S375,Depressive Disorder,Q9UNF0,S
380,77,P06537_S243,Depressive Disorder,P06537,S
1571,81,Q09137_T485,Diabetes Mellitus,Q09137,T
1789,81,Q16526_S280,Diabetes Mellitus,Q16526,S
1790,81,Q16526_S281,Diabetes Mellitus,Q16526,S
791,81,P19332_S513,Diabetes Mellitus,P19332,S
777,81,P18266_S9,Diabetes Mellitus,P18266,S
1175,81,P46937_S127,Diabetes Mellitus,P46937,S
988,81,P34080_S256,Diabetes Mellitus,P34080,S
965,81,P31749_T308,Diabetes Mellitus,P31749,T
353,81,P06213_Y1149,Diabetes Mellitus,P06213,Y
900,81,P27361_Y204,Diabetes Mellitus,P27361,Y
925,81,P28482_Y187,Diabetes Mellitus,P28482,Y
923,81,P28482_T185,Diabetes Mellitus,P28482,T
899,81,P27361_T202,Diabetes Mellitus,P27361,T
1882,81,Q62600_S1176,Diabetes Mellitus,Q62600,S
884,81,P25976_S389,Diabetes Mellitus,P25976,S
885,81,P25977_S389,Diabetes Mellitus,P25977,S
1409,81,P67999_T412,Diabetes Mellitus,P67999,T
617,81,P10637_S554,Diabetes Mellitus,P10637,S
622,81,P10637_S714,Diabetes Mellitus,P10637,S
863,81,P23928_S19,Diabetes Mellitus,P23928,S
864,81,P23928_S45,Diabetes Mellitus,P23928,S
865,81,P23928_S59,Diabetes Mellitus,P23928,S
1859,81,Q60795_S40,Diabetes Mellitus,Q60795,S
984,81,P33535_T370,Diabetes Mellitus,P33535,T
151,81,O60500_Y1217,Diabetes Mellitus,O60500,Y
1875,81,Q61553_S39,Diabetes Mellitus,Q61553,S
276,81,P02489_T148,Diabetes Mellitus,P02489,T
870,81,P24622_S171,Diabetes Mellitus,P24622,S
1426,81,P70313_S1176,Diabetes Mellitus,P70313,S
1428,81,P70313_Y80,Diabetes Mellitus,P70313,Y
1828,81,Q3LRZ1_S171,Diabetes Mellitus,Q3LRZ1,S
2212,81,Q9R1U5_T182,Diabetes Mellitus,Q9R1U5,T
2211,81,Q9R1U5_S577,Diabetes Mellitus,Q9R1U5,S
492,81,P09619_Y857,Diabetes Mellitus,P09619,Y
491,81,P09619_Y751,Diabetes Mellitus,P09619,Y
1380,81,P62754_S244,Diabetes Mellitus,P62754,S
1379,81,P62754_S240,Diabetes Mellitus,P62754,S
968,81,P31750_S473,Diabetes Mellitus,P31750,S
6,81,B5DEX4_S236,Diabetes Mellitus,B5DEX4,S
1857,81,Q5SWU9_S79,Diabetes Mellitus,Q5SWU9,S
1845,81,Q5EG47_S172,Diabetes Mellitus,Q5EG47,S
1515,81,Q04760_Y136,Diabetes Mellitus,Q04760,Y
2309,81,Q9Z0J4_S1412,Diabetes Mellitus,Q9Z0J4,S
714,81,P15337-1_S133,Diabetes Mellitus,P15337-1,S
2134,81,Q9DBR7_T852,Diabetes Mellitus,Q9DBR7,T
1032,81,P35569_S307,Diabetes Mellitus,P35569,S
1022,81,P35486_S232,Diabetes Mellitus,P35486,S
1907,81,Q6ZMU5_S255,Diabetes Mellitus,Q6ZMU5,S
969,81,P31750_T308,Diabetes Mellitus,P31750,T
1031,81,P35569_S302,Diabetes Mellitus,P35569,S
1367,81,P61016_T17,Diabetes Mellitus,P61016,T
964,81,P31749_S473,Diabetes Mellitus,P31749,S
851,81,P23443_T412,Diabetes Mellitus,P23443,T
1241,81,P49841_S9,Diabetes Mellitus,P49841,S
1190,81,P46938_S112,Diabetes Mellitus,P46938,S
2269,81,Q9WV60_S9,Diabetes Mellitus,Q9WV60,S
903,81,P27546_S760,Diabetes Mellitus,P27546,S
902,81,P27546_S737,Diabetes Mellitus,P27546,S
2318,81,Q9Z301_S662,Diabetes Mellitus,Q9Z301,S
1957,81,Q8K1M6_S616,Diabetes Mellitus,Q8K1M6,S
1958,81,Q8K1M6_S637,Diabetes Mellitus,Q8K1M6,S
1846,81,Q5EG47_S496,Diabetes Mellitus,Q5EG47,S
339,81,P05412_S63,Diabetes Mellitus,P05412,S
1366,81,P61016_S16,Diabetes Mellitus,P61016,S
451,81,P08050_S368,Diabetes Mellitus,P08050,S
1028,81,P35568_S636,Diabetes Mellitus,P35568,S
441,81,P08047_S702,Diabetes Mellitus,P08047,S
500,81,P09951_S603,Diabetes Mellitus,P09951,S
440,81,P08047_S698,Diabetes Mellitus,P08047,S
439,81,P08047_S641,Diabetes Mellitus,P08047,S
438,81,P08047_S612,Diabetes Mellitus,P08047,S
148,81,O60343_S318,Diabetes Mellitus,O60343,S
149,81,O60343_S588,Diabetes Mellitus,O60343,S
150,81,O60343_S751,Diabetes Mellitus,O60343,S
686,81,P13807_S641,Diabetes Mellitus,P13807,S
817,81,P19490_S849,Diabetes Mellitus,P19490,S
593,81,P10636_S396,Diabetes Mellitus,P10636,S
382,81,P06576_T213,Diabetes Mellitus,P06576,T
444,81,P08047_T640,Diabetes Mellitus,P08047,T
461,81,P08413_T287,Diabetes Mellitus,P08413,T
7,81,B5DEX4_T274,Diabetes Mellitus,B5DEX4,T
1183,81,P46937_T241,Diabetes Mellitus,P46937,T
2019,81,Q92879_S28,Diabetes Mellitus,Q92879,S
1946,81,Q8CHW4_S540,Diabetes Mellitus,Q8CHW4,S
1824,81,Q2NL51_S21,Diabetes Mellitus,Q2NL51,S
383,81,P06576_Y361,Diabetes Mellitus,P06576,Y
1035,81,P35570_S1100,Diabetes Mellitus,P35570,S
13,81,E9Q401_S2813,Diabetes Mellitus,E9Q401,S
939,81,P29474_S1177,Diabetes Mellitus,P29474,S
1025,81,P35568_S1101,Diabetes Mellitus,P35568,S
1405,83,P67809_S102,Diabetic Cardiomyopathies,P67809,S
2248,84,Q9UNF0_S313,Diabetic Nephropathies,Q9UNF0,S
838,84,P21980_Y369,Diabetic Nephropathies,P21980,Y
1020,84,P35439_S896,Diabetic Nephropathies,P35439,S
1420,84,P68433_S10,Diabetic Nephropathies,P68433,S
1222,84,P49134_T789,Diabetic Nephropathies,P49134,T
288,269,P02786_Y20,Stomach Neoplasms,P02786,Y
1524,269,Q05397_Y397,Stomach Neoplasms,Q05397,Y
1469,85,Q00993_Y773,Diffuse Intrinsic Pontine Glioma,Q00993,Y
1794,169,Q16543_S13,"Lymphoma, Large B-Cell, Diffuse",Q16543,S
141,169,O60260_S127,"Lymphoma, Large B-Cell, Diffuse",O60260,S
1272,57,P51667_S14,"Cardiomyopathy, Dilated",P51667,S
1273,57,P51667_S15,"Cardiomyopathy, Dilated",P51667,S
3,57,A2ASS6_S4010,"Cardiomyopathy, Dilated",A2ASS6,S
581,155,P10636-8_T181,Lewy Body Disease,P10636-8,T
575,155,P10636-8_S422,Lewy Body Disease,P10636-8,S
570,155,P10636-8_S404,Lewy Body Disease,P10636-8,S
584,155,P10636-8_T217,Lewy Body Disease,P10636-8,T
568,155,P10636-8_S396,Lewy Body Disease,P10636-8,S
585,155,P10636-8_T231,Lewy Body Disease,P10636-8,T
557,155,P10636-8_S214,Lewy Body Disease,P10636-8,S
583,155,P10636-8_T212,Lewy Body Disease,P10636-8,T
560,155,P10636-8_S238,Lewy Body Disease,P10636-8,S
554,155,P10636-8_S202,Lewy Body Disease,P10636-8,S
553,155,P10636-8_S199,Lewy Body Disease,P10636-8,S
329,155,P05067_T743,Lewy Body Disease,P05067,T
2019,204,Q92879_S28,Myotonic Dystrophy,Q92879,S
1223,84,P49134_T790,Diabetic Nephropathies,P49134,T
1175,84,P46937_S127,Diabetic Nephropathies,P46937,S
568,86,P10636-8_S396,Down Syndrome,P10636-8,S
570,86,P10636-8_S404,Down Syndrome,P10636-8,S
652,86,P12023_S679,Down Syndrome,P12023,S
278,86,P02511_S59,Down Syndrome,P02511,S
277,86,P02511_S45,Down Syndrome,P02511,S
316,86,P04637_S15,Down Syndrome,P04637,S
593,86,P10636_S396,Down Syndrome,P10636,S
1420,195,P68433_S10,"Muscular Dystrophy, Duchenne",P68433,S
12,195,E9Q401_S2807,"Muscular Dystrophy, Duchenne",E9Q401,S
18,195,NP_001100820_S161,"Muscular Dystrophy, Duchenne",NP_001100820,S
1878,195,Q62165_Y890,"Muscular Dystrophy, Duchenne",Q62165,Y
1106,48,P42226_Y641,"Carcinoma, Intraductal, Noninfiltrating",P42226,Y
1095,90,P40763_Y705,"Encephalomyelitis, Autoimmune, Experimental",P40763,Y
496,90,P09793_Y201,"Encephalomyelitis, Autoimmune, Experimental",P09793,Y
1842,90,Q5D1E7_S439,"Encephalomyelitis, Autoimmune, Experimental",Q5D1E7,S
1841,90,Q5D1E7_S435,"Encephalomyelitis, Autoimmune, Experimental",Q5D1E7,S
1434,90,P70671_S378,"Encephalomyelitis, Autoimmune, Experimental",P70671,S
282,196,P02545_S404,"Muscular Dystrophy, Emery-Dreifuss",P02545,S
781,196,P18760_T25,"Muscular Dystrophy, Emery-Dreifuss",P18760,T
104,33,O35303_S635,Brain Diseases,O35303,S
2001,91,Q92560_S292,Endometrial Neoplasms,Q92560,S
1781,91,Q15910_T487,Endometrial Neoplasms,Q15910,T
1919,91,Q7KZF4_S426,Endometrial Neoplasms,Q7KZF4,S
1257,91,P51532_S695,Endometrial Neoplasms,P51532,S
1256,91,P51532_S613,Endometrial Neoplasms,P51532,S
1258,91,P51532_S699,Endometrial Neoplasms,P51532,S
1507,91,Q04695_S13,Endometrial Neoplasms,Q04695,S
1510,91,Q04695_S39,Endometrial Neoplasms,Q04695,S
1508,91,Q04695_S24,Endometrial Neoplasms,Q04695,S
1509,91,Q04695_S32,Endometrial Neoplasms,Q04695,S
1913,91,Q6ZS17_S351,Endometrial Neoplasms,Q6ZS17,S
935,91,P29353_S139,Endometrial Neoplasms,P29353,S
833,91,P21796_S104,Endometrial Neoplasms,P21796,S
1294,91,P52701_S830,Endometrial Neoplasms,P52701,S
1293,91,P52701_S227,Endometrial Neoplasms,P52701,S
1760,91,Q15758_S503,Endometrial Neoplasms,Q15758,S
1233,91,P49757_S438,Endometrial Neoplasms,P49757,S
968,91,P31750_S473,Endometrial Neoplasms,P31750,S
821,91,P19785_S171,Endometrial Neoplasms,P19785,S
239,91,O96013_S474,Endometrial Neoplasms,O96013,S
1607,91,Q13131_S467,Endometrial Neoplasms,Q13131,S
1458,91,Q00613_S303,Endometrial Neoplasms,Q00613,S
1461,91,Q00613_S363,Endometrial Neoplasms,Q00613,S
1040,91,P35606_T828,Endometrial Neoplasms,P35606,T
965,91,P31749_T308,Endometrial Neoplasms,P31749,T
1117,91,P42345_S2448,Endometrial Neoplasms,P42345,S
543,91,P10451_S263,Endometrial Neoplasms,P10451,S
541,91,P10451_S254,Endometrial Neoplasms,P10451,S
539,91,P10451_S219,Endometrial Neoplasms,P10451,S
538,91,P10451_S195,Endometrial Neoplasms,P10451,S
2037,91,Q96AE4_S630,Endometrial Neoplasms,Q96AE4,S
1820,91,Q2KJY2_S1773,Endometrial Neoplasms,Q2KJY2,S
1822,91,Q2KJY2_S977,Endometrial Neoplasms,Q2KJY2,S
1310,91,P53985_S467,Endometrial Neoplasms,P53985,S
1268,91,P51608-2_S92,Endometrial Neoplasms,P51608-2,S
1264,91,P51608-2_S286,Endometrial Neoplasms,P51608-2,S
1266,91,P51608-2_S435,Endometrial Neoplasms,P51608-2,S
1263,91,P51608-2_S25,Endometrial Neoplasms,P51608-2,S
227,91,O95758-2_S426,Endometrial Neoplasms,O95758-2,S
928,91,P29317_S897,Endometrial Neoplasms,P29317,S
291,91,P03372_S118,Endometrial Neoplasms,P03372,S
292,91,P03372_S167,Endometrial Neoplasms,P03372,S
749,91,P16949_S38,Endometrial Neoplasms,P16949,S
1524,287,Q05397_Y397,Uterine Neoplasms,Q05397,Y
1817,92,Q16877_T140,Endometriosis,Q16877,T
1155,51,P46527_S10,"Carcinoma, Ovarian Epithelial",P46527,S
2189,51,Q9NYA1_S225,"Carcinoma, Ovarian Epithelial",Q9NYA1,S
1813,95,Q16875_S461,Esophageal Squamous Cell Carcinoma,Q16875,S
1229,95,P49585_S323,Esophageal Squamous Cell Carcinoma,P49585,S
1228,95,P49585_S319,Esophageal Squamous Cell Carcinoma,P49585,S
971,95,P31751_S128,Esophageal Squamous Cell Carcinoma,P31751,S
1227,95,P49585_S315,Esophageal Squamous Cell Carcinoma,P49585,S
1452,94,P98170_S87,Esophageal Neoplasms,P98170,S
255,94,P00533_S768,Esophageal Neoplasms,P00533,S
39,94,O00560_T200,Esophageal Neoplasms,O00560,T
38,94,O00560_S131,Esophageal Neoplasms,O00560,S
782,94,P18846_T184,Esophageal Neoplasms,P18846,T
1407,94,P67809_T89,Esophageal Neoplasms,P67809,T
2283,94,Q9Y448_T294,Esophageal Neoplasms,Q9Y448,T
1406,94,P67809_S209,Esophageal Neoplasms,P67809,S
2231,94,Q9UKT5_S12,Esophageal Neoplasms,Q9UKT5,S
457,94,P08151_S84,Esophageal Neoplasms,P08151,S
423,94,P07355_Y24,Esophageal Neoplasms,P07355,Y
1739,94,Q15118_T338,Esophageal Neoplasms,Q15118,T
264,94,P00558_S203,Esophageal Neoplasms,P00558,S
1095,94,P40763_Y705,Esophageal Neoplasms,P40763,Y
1484,94,Q02248_S45,Esophageal Neoplasms,Q02248,S
999,94,P35222_S45,Esophageal Neoplasms,P35222,S
72,95,O14926_S39,Esophageal Squamous Cell Carcinoma,O14926,S
255,95,P00533_S768,Esophageal Squamous Cell Carcinoma,P00533,S
1808,95,Q16658_S39,Esophageal Squamous Cell Carcinoma,Q16658,S
1182,95,P46937_T143,Esophageal Squamous Cell Carcinoma,P46937,T
712,95,P15311_T567,Esophageal Squamous Cell Carcinoma,P15311,T
965,95,P31749_T308,Esophageal Squamous Cell Carcinoma,P31749,T
39,95,O00560_T200,Esophageal Squamous Cell Carcinoma,O00560,T
1524,95,Q05397_Y397,Esophageal Squamous Cell Carcinoma,Q05397,Y
2072,95,Q96PH1_Y476,Esophageal Squamous Cell Carcinoma,Q96PH1,Y
2073,95,Q96PH1_Y478,Esophageal Squamous Cell Carcinoma,Q96PH1,Y
1095,95,P40763_Y705,Esophageal Squamous Cell Carcinoma,P40763,Y
1695,95,Q14289_Y402,Esophageal Squamous Cell Carcinoma,Q14289,Y
1973,95,Q8NEZ4_S4588,Esophageal Squamous Cell Carcinoma,Q8NEZ4,S
323,95,P04792_S82,Esophageal Squamous Cell Carcinoma,P04792,S
964,95,P31749_S473,Esophageal Squamous Cell Carcinoma,P31749,S
38,95,O00560_S131,Esophageal Squamous Cell Carcinoma,O00560,S
1207,95,P48431_S251,Esophageal Squamous Cell Carcinoma,P48431,S
1249,95,P50552_S239,Esophageal Squamous Cell Carcinoma,P50552,S
196,95,O75901_S284,Esophageal Squamous Cell Carcinoma,O75901,S
724,254,P15927_S33,"Sarcoma, Ewing",P15927,S
455,254,P08069_Y980,"Sarcoma, Ewing",P08069,Y
929,254,P29317_Y772,"Sarcoma, Ewing",P29317,Y
928,254,P29317_S897,"Sarcoma, Ewing",P29317,S
1524,254,Q05397_Y397,"Sarcoma, Ewing",Q05397,Y
454,254,P08069_Y1166,"Sarcoma, Ewing",P08069,Y
453,254,P08069_Y1165,"Sarcoma, Ewing",P08069,Y
1283,173,P52333_Y980,"Lymphoma, T-Cell",P52333,Y
747,97,P16949_S16,Fanconi Anemia,P16949,S
749,97,P16949_S38,Fanconi Anemia,P16949,S
82,97,O15287_S7,Fanconi Anemia,O15287,S
1305,98,P53566_S193,Fatty Liver,P53566,S
275,98,P02340_S312,Fatty Liver,P02340,S
1071,98,P37231_T166,Fatty Liver,P37231,T
1879,98,Q62176_S193,Fatty Liver,Q62176,S
484,99,P08833_S144,Fetal Growth Retardation,P08833,S
483,99,P08833_S126,Fetal Growth Retardation,P08833,S
485,99,P08833_S194,Fetal Growth Retardation,P08833,S
482,99,P08833_S123,Fetal Growth Retardation,P08833,S
13,58,E9Q401_S2813,"Cardiomyopathy, Hypertrophic, Familial",E9Q401,S
828,100,P21333_S2152,Fibromuscular Dysplasia,P21333,S
337,101,P05198_S52,Fibrosarcoma,P05198,S
1242,101,P49841_Y216,Fibrosarcoma,P49841,Y
2153,101,Q9H792_Y665,Fibrosarcoma,Q9H792,Y
1095,101,P40763_Y705,Fibrosarcoma,P40763,Y
1246,101,P50281_Y573,Fibrosarcoma,P50281,Y
1099,247,P41350_Y14,"Renal Insufficiency, Chronic",P41350,Y
828,87,P21333_S2152,Dysostoses,P21333,S
1408,168,P67870_S209,"Lymphoma, Follicular",P67870,S
1794,168,Q16543_S13,"Lymphoma, Follicular",Q16543,S
964,8,P31749_S473,"Adenocarcinoma, Follicular",P31749,S
1156,8,P46527_T157,"Adenocarcinoma, Follicular",P46527,T
1158,8,P46527_T198,"Adenocarcinoma, Follicular",P46527,T
1554,103,Q06787_S500,Fragile X Syndrome,Q06787,S
1969,103,Q8NBP7_S47,Fragile X Syndrome,Q8NBP7,S
1437,104,P78559_S612,Frontotemporal Lobar Degeneration,P78559,S
1615,104,Q13148_S404,Frontotemporal Lobar Degeneration,Q13148,S
1616,104,Q13148_S409,Frontotemporal Lobar Degeneration,Q13148,S
1617,104,Q13148_S410,Frontotemporal Lobar Degeneration,Q13148,S
1614,104,Q13148_S403,Frontotemporal Lobar Degeneration,Q13148,S
1612,104,Q13148_S375,Frontotemporal Lobar Degeneration,Q13148,S
1613,104,Q13148_S379,Frontotemporal Lobar Degeneration,Q13148,S
690,104,P14136_S13,Frontotemporal Lobar Degeneration,P14136,S
623,104,P10637_T473,Frontotemporal Lobar Degeneration,P10637,T
1049,104,P35637_Y526,Frontotemporal Lobar Degeneration,P35637,Y
581,104,P10636-8_T181,Frontotemporal Lobar Degeneration,P10636-8,T
583,104,P10636-8_T212,Frontotemporal Lobar Degeneration,P10636-8,T
582,104,P10636-8_T205,Frontotemporal Lobar Degeneration,P10636-8,T
557,104,P10636-8_S214,Frontotemporal Lobar Degeneration,P10636-8,S
567,104,P10636-8_S356,Frontotemporal Lobar Degeneration,P10636-8,S
554,104,P10636-8_S202,Frontotemporal Lobar Degeneration,P10636-8,S
570,104,P10636-8_S404,Frontotemporal Lobar Degeneration,P10636-8,S
568,104,P10636-8_S396,Frontotemporal Lobar Degeneration,P10636-8,S
575,104,P10636-8_S422,Frontotemporal Lobar Degeneration,P10636-8,S
1611,104,Q13148_S369,Frontotemporal Lobar Degeneration,Q13148,S
340,105,P05412_S73,Gallbladder Neoplasms,P05412,S
964,105,P31749_S473,Gallbladder Neoplasms,P31749,S
1460,105,Q00613_S326,Gallbladder Neoplasms,Q00613,S
1155,105,P46527_S10,Gallbladder Neoplasms,P46527,S
2033,269,Q93045_S50,Stomach Neoplasms,Q93045,S
1452,269,P98170_S87,Stomach Neoplasms,P98170,S
1739,269,Q15118_T338,Stomach Neoplasms,Q15118,T
264,269,P00558_S203,Stomach Neoplasms,P00558,S
782,269,P18846_T184,Stomach Neoplasms,P18846,T
1352,269,P60174-3_S58,Stomach Neoplasms,P60174-3,S
351,269,P05787_S432,Stomach Neoplasms,P05787,S
732,269,P16104_Y142,Stomach Neoplasms,P16104,Y
2191,269,Q9NYF8_S290,Stomach Neoplasms,Q9NYF8,S
1372,269,P61586_Y42,Stomach Neoplasms,P61586,Y
244,269,O96017_T68,Stomach Neoplasms,O96017,T
113,269,O43255_S6,Stomach Neoplasms,O43255,S
114,269,O43255_T279,Stomach Neoplasms,O43255,T
2306,269,Q9Y6Q9_T1067,Stomach Neoplasms,Q9Y6Q9,T
2304,269,Q9Y6Q9_S1062,Stomach Neoplasms,Q9Y6Q9,S
1185,269,P46937_T83,Stomach Neoplasms,P46937,T
2065,269,Q96KB5_Y272,Stomach Neoplasms,Q96KB5,Y
495,269,P09758_S322,Stomach Neoplasms,P09758,S
1929,269,Q86T24_T606,Stomach Neoplasms,Q86T24,T
2137,269,Q9EQH3_S671,Stomach Neoplasms,Q9EQH3,S
964,269,P31749_S473,Stomach Neoplasms,P31749,S
2243,269,Q9UN36_T348,Stomach Neoplasms,Q9UN36,T
2039,269,Q96B36_T246,Stomach Neoplasms,Q96B36,T
1413,269,P68400_T13,Stomach Neoplasms,P68400,T
1630,269,Q13177_T134,Stomach Neoplasms,Q13177,T
1631,269,Q13177_T169,Stomach Neoplasms,Q13177,T
1692,269,Q14247_Y421,Stomach Neoplasms,Q14247,Y
443,269,P08047_T453,Stomach Neoplasms,P08047,T
2077,269,Q96QV6_Y57,Stomach Neoplasms,Q96QV6,Y
430,269,P07947_Y426,Stomach Neoplasms,P07947,Y
423,269,P07355_Y24,Stomach Neoplasms,P07355,Y
240,269,O96013_S99,Stomach Neoplasms,O96013,S
239,269,O96013_S474,Stomach Neoplasms,O96013,S
2027,269,Q92974_S691,Stomach Neoplasms,Q92974,S
2028,269,Q92974_S952,Stomach Neoplasms,Q92974,S
2029,269,Q92974_S956,Stomach Neoplasms,Q92974,S
2307,269,Q9Y6X9_S739,Stomach Neoplasms,Q9Y6X9,S
2103,269,Q99990_S84,Stomach Neoplasms,Q99990,S
1764,269,Q15796_S465,Stomach Neoplasms,Q15796,S
1241,269,P49841_S9,Stomach Neoplasms,P49841,S
1356,269,P60484_S380,Stomach Neoplasms,P60484,S
2242,269,Q9UN36_S332,Stomach Neoplasms,Q9UN36,S
1346,269,P56945_Y410,Stomach Neoplasms,P56945,Y
1636,269,Q13263_S473,Stomach Neoplasms,Q13263,S
1691,269,Q14247_S417,Stomach Neoplasms,Q14247,S
1694,269,Q14258_S12,Stomach Neoplasms,Q14258,S
1517,269,Q05084_S269,Stomach Neoplasms,Q05084,S
1414,269,P68431_S10,Stomach Neoplasms,P68431,S
189,269,O75385_S556,Stomach Neoplasms,O75385,S
24,269,O00206_T175,Stomach Neoplasms,O00206,T
2096,269,Q99684_S94,Stomach Neoplasms,Q99684,S
2097,269,Q99684_S98,Stomach Neoplasms,Q99684,S
1023,269,P35546_Y1063,Stomach Neoplasms,P35546,Y
338,269,P05412_S243,Stomach Neoplasms,P05412,S
629,106,P10721_Y703,Gastrointestinal Stromal Tumors,P10721,Y
630,106,P10721_Y721,Gastrointestinal Stromal Tumors,P10721,Y
2262,106,Q9UQR1_S306,Gastrointestinal Stromal Tumors,Q9UQR1,S
1347,112,P58012_S33,Granulosa Cell Tumor,P58012,S
672,63,P12931_Y419,Choriocarcinoma,P12931,Y
230,108,O95819_T187,Glioblastoma,O95819,T
1095,108,P40763_Y705,Glioblastoma,P40763,Y
493,108,P09651_S199,Glioblastoma,P09651,S
1005,108,P35222_Y333,Glioblastoma,P35222,Y
1685,108,Q14185_S1250,Glioblastoma,Q14185,S
953,108,P30530_Y779,Glioblastoma,P30530,Y
952,108,P30530_Y698,Glioblastoma,P30530,Y
2293,108,Q9Y4P1_S383,Glioblastoma,Q9Y4P1,S
2126,108,Q9C026-5_S76,Glioblastoma,Q9C026-5,S
2127,108,Q9C026-5_S80,Glioblastoma,Q9C026-5,S
1011,108,P35235_Y542,Glioblastoma,P35235,Y
1211,108,P48960_S818,Glioblastoma,P48960,S
1213,108,P48960_T820,Glioblastoma,P48960,T
1212,108,P48960_T816,Glioblastoma,P48960,T
994,108,P35221_S641,Glioblastoma,P35221,S
862,108,P23921_T52,Glioblastoma,P23921,T
2068,108,Q96LA8_T21,Glioblastoma,Q96LA8,T
2145,108,Q9H1Y0_T101,Glioblastoma,Q9H1Y0,T
2158,108,Q9HAU4_T249,Glioblastoma,Q9HAU4,T
2300,108,Q9Y5A9_T381,Glioblastoma,Q9Y5A9,T
696,108,P14618_S37,Glioblastoma,P14618,S
1569,108,Q08722_Y288,Glioblastoma,Q08722,Y
1725,108,Q14790_Y380,Glioblastoma,Q14790,Y
1749,108,Q15645_Y56,Glioblastoma,Q15645,Y
1187,108,P46937_Y391,Glioblastoma,P46937,Y
1188,108,P46937_Y407,Glioblastoma,P46937,Y
1189,108,P46937_Y444,Glioblastoma,P46937,Y
1281,108,P52209_Y481,Glioblastoma,P52209,Y
1479,108,Q01813_Y64,Glioblastoma,Q01813,Y
1490,108,Q02548_Y102,Glioblastoma,Q02548,Y
1275,108,P51692_Y699,Glioblastoma,P51692,Y
1110,108,P42229_Y694,Glioblastoma,P42229,Y
672,108,P12931_Y419,Glioblastoma,P12931,Y
1361,108,P60484_Y240,Glioblastoma,P60484,Y
1686,108,Q14185_Y722,Glioblastoma,Q14185,Y
2129,108,Q9C026_S80,Glioblastoma,Q9C026,S
2128,108,Q9C026_S76,Glioblastoma,Q9C026,S
2085,108,Q99490_S615,Glioblastoma,Q99490,S
2067,108,Q96LA8_S11,Glioblastoma,Q96LA8,S
1960,108,Q8N371_S361,Glioblastoma,Q8N371,S
1796,108,Q16555_S522,Glioblastoma,Q16555,S
2299,108,Q9Y5A9_S39,Glioblastoma,Q9Y5A9,S
2150,108,Q9H3R0_S918,Glioblastoma,Q9H3R0,S
2193,108,Q9NYY3_S358,Glioblastoma,Q9NYY3,S
1504,108,Q04206_S536,Glioblastoma,Q04206,S
928,108,P29317_S897,Glioblastoma,P29317,S
1524,108,Q05397_Y397,Glioblastoma,Q05397,Y
1695,108,Q14289_Y402,Glioblastoma,Q14289,Y
983,108,P33151_Y685,Glioblastoma,P33151,Y
1180,108,P46937_S436,Glioblastoma,P46937,S
1000,108,P35222_S552,Glioblastoma,P35222,S
1001,108,P35222_S675,Glioblastoma,P35222,S
1175,108,P46937_S127,Glioblastoma,P46937,S
1563,108,Q08050_S331,Glioblastoma,Q08050,S
219,108,O95644_S278,Glioblastoma,O95644,S
221,108,O95644_S403,Glioblastoma,O95644,S
222,108,O95644_S409,Glioblastoma,O95644,S
339,108,P05412_S63,Glioblastoma,P05412,S
340,108,P05412_S73,Glioblastoma,P05412,S
217,108,O95644_S261,Glioblastoma,O95644,S
799,108,P19419_S383,Glioblastoma,P19419,S
694,108,P14618_S222,Glioblastoma,P14618,S
1513,108,Q04726_S267,Glioblastoma,Q04726,S
257,108,P00533_Y1016,Glioblastoma,P00533,Y
2084,108,Q99490-2_S279,Glioblastoma,Q99490-2,S
1417,108,P68431_T6,Glioblastoma,P68431,T
1414,108,P68431_S10,Glioblastoma,P68431,S
1419,108,P68431_Y41,Glioblastoma,P68431,Y
1495,108,Q02952_T767,Glioblastoma,Q02952,T
1384,108,P62962_Y129,Glioblastoma,P62962,Y
70,108,O14920_S177,Glioblastoma,O14920,S
71,108,O14920_S181,Glioblastoma,O14920,S
131,108,O43684_Y207,Glioblastoma,O43684,Y
2044,108,Q96BX8_T15,Glioblastoma,Q96BX8,T
2043,108,Q96BX8_S38,Glioblastoma,Q96BX8,S
1561,108,Q07912_Y635,Glioblastoma,Q07912,Y
1702,108,Q14457_S30,Glioblastoma,Q14457,S
949,108,P30304_Y59,Glioblastoma,P30304,Y
697,108,P14618_T328,Glioblastoma,P14618,T
1753,108,Q15672_S68,Glioblastoma,Q15672,S
265,108,P00558_T243,Glioblastoma,P00558,T
246,108,P00367_S384,Glioblastoma,P00367,S
1442,108,P97324_T10,Glioblastoma,P97324,T
31,108,O00429_S637,Glioblastoma,O00429,S
152,108,O60664_Y251,Glioblastoma,O60664,Y
2087,108,Q99541_Y232,Glioblastoma,Q99541,Y
1486,108,Q02248_S675,Glioblastoma,Q02248,S
2169,108,Q9NR19_S267,Glioblastoma,Q9NR19,S
1091,108,P40763_S727,Glioblastoma,P40763,S
259,108,P00533_Y1092,Glioblastoma,P00533,Y
1693,108,Q14258_S100,Glioblastoma,Q14258,S
320,108,P04637_S46,Glioblastoma,P04637,S
1939,108,Q8BRK8_T172,Glioblastoma,Q8BRK8,T
427,108,P07742_T52,Glioblastoma,P07742,T
1634,109,Q13224_S1303,Glioma,Q13224,S
2140,109,Q9EQW6_S13,Glioma,Q9EQW6,S
2139,109,Q9EQW6_S10,Glioma,Q9EQW6,S
2141,109,Q9EQW6_S14,Glioma,Q9EQW6,S
1627,109,Q13164_T733,Glioma,Q13164,T
1626,109,Q13164_S731,Glioma,Q13164,S
899,109,P27361_T202,Glioma,P27361,T
964,109,P31749_S473,Glioma,P31749,S
900,109,P27361_Y204,Glioma,P27361,Y
712,109,P15311_T567,Glioma,P15311,T
186,109,O75385_S469,Glioma,O75385,S
187,109,O75385_S495,Glioma,O75385,S
188,109,O75385_S533,Glioma,O75385,S
1666,110,Q13546_S166,Graft vs Host Disease,Q13546,S
1117,111,P42345_S2448,Granulomatosis with Polyangiitis,P42345,S
1239,111,P49840_S21,Granulomatosis with Polyangiitis,P49840,S
1241,111,P49841_S9,Granulomatosis with Polyangiitis,P49841,S
189,111,O75385_S556,Granulomatosis with Polyangiitis,O75385,S
1356,111,P60484_S380,Granulomatosis with Polyangiitis,P60484,S
1351,107,P59158_T58,Gitelman Syndrome,P59158,T
593,14,P10636_S396,Amyotrophic Lateral Sclerosis,P10636,S
454,110,P08069_Y1166,Graft vs Host Disease,P08069,Y
453,110,P08069_Y1165,Graft vs Host Disease,P08069,Y
452,110,P08069_Y1161,Graft vs Host Disease,P08069,Y
405,227,P07196_S221,"Paraparesis, Tropical Spastic",P07196,S
404,227,P07196_S215,"Paraparesis, Tropical Spastic",P07196,S
403,227,P07196_S103,"Paraparesis, Tropical Spastic",P07196,S
406,227,P07196_S472,"Paraparesis, Tropical Spastic",P07196,S
1230,120,P49715_S190,Hepatoblastoma,P49715,S
1305,120,P53566_S193,Hepatoblastoma,P53566,S
1091,267,P40763_S727,Squamous Cell Carcinoma of Head and Neck,P40763,S
1027,267,P35568_S616,Squamous Cell Carcinoma of Head and Neck,P35568,S
1117,267,P42345_S2448,Squamous Cell Carcinoma of Head and Neck,P42345,S
849,267,P23443_S394,Squamous Cell Carcinoma of Head and Neck,P23443,S
881,267,P25963_S32,Squamous Cell Carcinoma of Head and Neck,P25963,S
999,267,P35222_S45,Squamous Cell Carcinoma of Head and Neck,P35222,S
964,267,P31749_S473,Squamous Cell Carcinoma of Head and Neck,P31749,S
1492,267,Q02750_S218,Squamous Cell Carcinoma of Head and Neck,Q02750,S
1493,267,Q02750_S222,Squamous Cell Carcinoma of Head and Neck,Q02750,S
1660,267,Q13541_S65,Squamous Cell Carcinoma of Head and Neck,Q13541,S
385,267,P06730_S209,Squamous Cell Carcinoma of Head and Neck,P06730,S
66,267,O14757_S345,Squamous Cell Carcinoma of Head and Neck,O14757,S
241,267,O96017_S33,Squamous Cell Carcinoma of Head and Neck,O96017,S
242,267,O96017_S35,Squamous Cell Carcinoma of Head and Neck,O96017,S
237,267,O95997_T60,Squamous Cell Carcinoma of Head and Neck,O95997,T
84,267,O15350_T27,Squamous Cell Carcinoma of Head and Neck,O15350,T
2155,267,Q9H9S0_T200,Squamous Cell Carcinoma of Head and Neck,Q9H9S0,T
2156,267,Q9H9S0_T280,Squamous Cell Carcinoma of Head and Neck,Q9H9S0,T
1534,267,Q05513_T410,Squamous Cell Carcinoma of Head and Neck,Q05513,T
1584,267,Q12778_T24,Squamous Cell Carcinoma of Head and Neck,Q12778,T
2049,267,Q96CX2_T196,Squamous Cell Carcinoma of Head and Neck,Q96CX2,T
899,267,P27361_T202,Squamous Cell Carcinoma of Head and Neck,P27361,T
965,267,P31749_T308,Squamous Cell Carcinoma of Head and Neck,P31749,T
851,267,P23443_T412,Squamous Cell Carcinoma of Head and Neck,P23443,T
1004,267,P35222_T41,Squamous Cell Carcinoma of Head and Neck,P35222,T
1100,267,P41743_T412,Squamous Cell Carcinoma of Head and Neck,P41743,T
2046,267,Q96CX2_S176,Squamous Cell Carcinoma of Head and Neck,Q96CX2,S
2151,267,Q9H492_S87,Squamous Cell Carcinoma of Head and Neck,Q9H492,S
2048,267,Q96CX2_S200,Squamous Cell Carcinoma of Head and Neck,Q96CX2,S
1764,267,Q15796_S465,Squamous Cell Carcinoma of Head and Neck,Q15796,S
1765,267,Q15796_S467,Squamous Cell Carcinoma of Head and Neck,Q15796,S
1771,267,Q15831_S334,Squamous Cell Carcinoma of Head and Neck,Q15831,S
1745,267,Q15418_S380,Squamous Cell Carcinoma of Head and Neck,Q15418,S
1592,267,Q12929_Y602,Squamous Cell Carcinoma of Head and Neck,Q12929,Y
1160,267,P46527_Y88,Squamous Cell Carcinoma of Head and Neck,P46527,Y
203,267,O94851_Y445,Squamous Cell Carcinoma of Head and Neck,O94851,Y
204,267,O94851_Y463,Squamous Cell Carcinoma of Head and Neck,O94851,Y
314,267,P04626_Y1248,Squamous Cell Carcinoma of Head and Neck,P04626,Y
789,267,P19174_Y783,Squamous Cell Carcinoma of Head and Neck,P19174,Y
837,267,P21860_Y1289,Squamous Cell Carcinoma of Head and Neck,P21860,Y
900,267,P27361_Y204,Squamous Cell Carcinoma of Head and Neck,P27361,Y
699,267,P14618_Y105,Squamous Cell Carcinoma of Head and Neck,P14618,Y
74,267,O14965_S51,Squamous Cell Carcinoma of Head and Neck,O14965,S
322,267,P04792_S78,Squamous Cell Carcinoma of Head and Neck,P04792,S
323,267,P04792_S82,Squamous Cell Carcinoma of Head and Neck,P04792,S
1646,267,Q13480_Y627,Squamous Cell Carcinoma of Head and Neck,Q13480,Y
1095,267,P40763_Y705,Squamous Cell Carcinoma of Head and Neck,P40763,Y
1110,267,P42229_Y694,Squamous Cell Carcinoma of Head and Neck,P42229,Y
1055,267,P35968_Y951,Squamous Cell Carcinoma of Head and Neck,P35968,Y
1056,267,P35968_Y996,Squamous Cell Carcinoma of Head and Neck,P35968,Y
13,114,E9Q401_S2813,Heart Diseases,E9Q401,S
803,114,P19429_S23,Heart Diseases,P19429,S
1142,115,P45379_S208,Heart Failure,P45379,S
1152,115,P46152_S105,Heart Failure,P46152,S
1153,115,P46152_S261,Heart Failure,P46152,S
904,115,P27546_S914,Heart Failure,P27546,S
901,115,P27546_S1046,Heart Failure,P27546,S
1547,115,Q06124_S189,Heart Failure,Q06124,S
1425,115,P70288_S394,Heart Failure,P70288,S
1568,115,Q08369_S105,Heart Failure,Q08369,S
1585,115,Q12809_S890,Heart Failure,Q12809,S
1272,115,P51667_S14,Heart Failure,P51667,S
1273,115,P51667_S15,Heart Failure,P51667,S
448,115,P08050_S282,Heart Failure,P08050,S
1548,115,Q06124_T73,Heart Failure,Q06124,T
1576,115,Q0PCR6_T1704,Heart Failure,Q0PCR6,T
1392,115,P63085_T188,Heart Failure,P63085,T
1847,115,Q5EG47_T183,Heart Failure,Q5EG47,T
2011,115,Q92736_S2814,Heart Failure,Q92736,S
1732,115,Q14896_S284,Heart Failure,Q14896,S
2167,115,Q9NPH5_Y566,Heart Failure,Q9NPH5,Y
2258,115,Q9UQL6_S279,Heart Failure,Q9UQL6,S
30,115,O00429_S616,Heart Failure,O00429,S
2010,115,Q92736_S2808,Heart Failure,Q92736,S
2109,115,Q9BR39_Y141,Heart Failure,Q9BR39,Y
1387,115,P63000_S71,Heart Failure,P63000,S
1581,117,Q12778_S256,Hepatitis,Q12778,S
964,117,P31749_S473,Hepatitis,P31749,S
2093,117,Q99683_S83,Hepatitis,Q99683,S
1073,117,P37238_S273,Hepatitis,P37238,S
1454,117,Q00266_S114,Hepatitis,Q00266,S
990,117,P34152_Y397,Hepatitis,P34152,Y
992,117,P34152_Y577,Hepatitis,P34152,Y
991,117,P34152_Y576,Hepatitis,P34152,Y
103,117,O35099_S1040,Hepatitis,O35099,S
2092,117,Q99683_S1033,Hepatitis,Q99683,S
102,117,O35099_S1036,Hepatitis,O35099,S
2095,117,Q99683_T838,Hepatitis,Q99683,T
349,118,P05783_S53,Hepatitis B,P05783,S
348,118,P05783_S34,Hepatitis B,P05783,S
125,119,O43524_S574,Hepatitis C,O43524,S
1175,47,P46937_S127,"Carcinoma, Hepatocellular",P46937,S
364,47,P06400_S780,"Carcinoma, Hepatocellular",P06400,S
319,47,P04637_S392,"Carcinoma, Hepatocellular",P04637,S
748,47,P16949_S25,"Carcinoma, Hepatocellular",P16949,S
393,47,P06748_T234,"Carcinoma, Hepatocellular",P06748,T
394,47,P06748_T237,"Carcinoma, Hepatocellular",P06748,T
345,47,P05556_T789,"Carcinoma, Hepatocellular",P05556,T
344,47,P05556_T788,"Carcinoma, Hepatocellular",P05556,T
818,47,P19525_T446,"Carcinoma, Hepatocellular",P19525,T
1220,47,P49023_Y31,"Carcinoma, Hepatocellular",P49023,Y
1524,47,Q05397_Y397,"Carcinoma, Hepatocellular",Q05397,Y
1692,47,Q14247_Y421,"Carcinoma, Hepatocellular",Q14247,Y
469,47,P08581_Y1234,"Carcinoma, Hepatocellular",P08581,Y
470,47,P08581_Y1235,"Carcinoma, Hepatocellular",P08581,Y
1504,47,Q04206_S536,"Carcinoma, Hepatocellular",Q04206,S
1218,47,P49023_S178,"Carcinoma, Hepatocellular",P49023,S
2273,47,Q9Y261_S111,"Carcinoma, Hepatocellular",Q9Y261,S
2272,47,Q9Y261_S107,"Carcinoma, Hepatocellular",Q9Y261,S
1872,47,Q61337_S136,"Carcinoma, Hepatocellular",Q61337,S
822,47,P19793_S260,"Carcinoma, Hepatocellular",P19793,S
1139,47,P43405_S295,"Carcinoma, Hepatocellular",P43405,S
1095,47,P40763_Y705,"Carcinoma, Hepatocellular",P40763,Y
497,160,P09874_Y992,Liver Neoplasms,P09874,Y
2074,160,Q96PU4_S643,Liver Neoplasms,Q96PU4,S
1175,160,P46937_S127,Liver Neoplasms,P46937,S
320,160,P04637_S46,Liver Neoplasms,P04637,S
95,160,O15516_S106,Liver Neoplasms,O15516,S
1739,47,Q15118_T338,"Carcinoma, Hepatocellular",Q15118,T
264,47,P00558_S203,"Carcinoma, Hepatocellular",P00558,S
263,47,P00533_Y869,"Carcinoma, Hepatocellular",P00533,Y
1763,47,Q15796_S255,"Carcinoma, Hepatocellular",Q15796,S
1761,47,Q15796_S245,"Carcinoma, Hepatocellular",Q15796,S
1762,47,Q15796_S250,"Carcinoma, Hepatocellular",Q15796,S
316,47,P04637_S15,"Carcinoma, Hepatocellular",P04637,S
1886,47,Q64337_S351,"Carcinoma, Hepatocellular",Q64337,S
731,47,P16104_S139,"Carcinoma, Hepatocellular",P16104,S
269,47,P01106_S77,"Carcinoma, Hepatocellular",P01106,S
37,47,O00512_T172,"Carcinoma, Hepatocellular",O00512,T
1231,47,P49736_S40,"Carcinoma, Hepatocellular",P49736,S
1232,47,P49736_S53,"Carcinoma, Hepatocellular",P49736,S
2305,47,Q9Y6Q9_S1330,"Carcinoma, Hepatocellular",Q9Y6Q9,S
1064,47,P36956_T59,"Carcinoma, Hepatocellular",P36956,T
1044,47,P35613-2_S252,"Carcinoma, Hepatocellular",P35613-2,S
1043,47,P35613-2_S246,"Carcinoma, Hepatocellular",P35613-2,S
2216,47,Q9UGI0_S209,"Carcinoma, Hepatocellular",Q9UGI0,S
2202,47,Q9P2Y5_S522,"Carcinoma, Hepatocellular",Q9P2Y5,S
2217,47,Q9UGI0_T35,"Carcinoma, Hepatocellular",Q9UGI0,T
1243,47,P49841_Y56,"Carcinoma, Hepatocellular",P49841,Y
1650,47,Q13501_S28,"Carcinoma, Hepatocellular",Q13501,S
1452,47,P98170_S87,"Carcinoma, Hepatocellular",P98170,S
520,47,P10275_S96,"Carcinoma, Hepatocellular",P10275,S
1591,47,Q12906_S382,"Carcinoma, Hepatocellular",Q12906,S
63,47,O14746_T249,"Carcinoma, Hepatocellular",O14746,T
1741,47,Q15121_S116,"Carcinoma, Hepatocellular",Q15121,S
1157,47,P46527_T187,"Carcinoma, Hepatocellular",P46527,T
1503,47,Q04206_S529,"Carcinoma, Hepatocellular",Q04206,S
1501,47,Q04206_S276,"Carcinoma, Hepatocellular",Q04206,S
2301,47,Q9Y5U4_S151,"Carcinoma, Hepatocellular",Q9Y5U4,S
1024,47,P35558_S90,"Carcinoma, Hepatocellular",P35558,S
93,47,O15503_S207,"Carcinoma, Hepatocellular",O15503,S
95,47,O15516_S106,"Carcinoma, Hepatocellular",O15516,S
1513,47,Q04726_S267,"Carcinoma, Hepatocellular",Q04726,S
1113,47,P42230_Y694,"Carcinoma, Hepatocellular",P42230,Y
2179,47,Q9NTW7_S226,"Carcinoma, Hepatocellular",Q9NTW7,S
2013,47,Q92786_S79,"Carcinoma, Hepatocellular",Q92786,S
489,47,P09467_S170,"Carcinoma, Hepatocellular",P09467,S
1065,47,P36969_S131,"Carcinoma, Hepatocellular",P36969,S
666,47,P12277_T133,"Carcinoma, Hepatocellular",P12277,T
995,47,P35222_S184,"Carcinoma, Hepatocellular",P35222,S
2279,47,Q9Y3D6_Y38,"Carcinoma, Hepatocellular",Q9Y3D6,Y
1188,47,P46937_Y407,"Carcinoma, Hepatocellular",P46937,Y
964,47,P31749_S473,"Carcinoma, Hepatocellular",P31749,S
1957,47,Q8K1M6_S616,"Carcinoma, Hepatocellular",Q8K1M6,S
1958,47,Q8K1M6_S637,"Carcinoma, Hepatocellular",Q8K1M6,S
1001,47,P35222_S675,"Carcinoma, Hepatocellular",P35222,S
2042,47,Q96BH1_S450,"Carcinoma, Hepatocellular",Q96BH1,S
2274,47,Q9Y2B2_Y81,"Carcinoma, Hepatocellular",Q9Y2B2,Y
35,47,O00482_S510,"Carcinoma, Hepatocellular",O00482,S
1121,47,P42768_Y291,"Carcinoma, Hepatocellular",P42768,Y
1311,47,P53999_S17,"Carcinoma, Hepatocellular",P53999,S
938,47,P29401_T287,"Carcinoma, Hepatocellular",P29401,T
507,47,P10109_S177,"Carcinoma, Hepatocellular",P10109,S
2199,47,Q9NZQ7_T290,"Carcinoma, Hepatocellular",Q9NZQ7,T
1348,47,P58215_S704,"Carcinoma, Hepatocellular",P58215,S
1047,47,P35613_S246,"Carcinoma, Hepatocellular",P35613,S
243,47,O96017_T378,"Carcinoma, Hepatocellular",O96017,T
1662,47,Q13541_T46,"Carcinoma, Hepatocellular",Q13541,T
1416,47,P68431_T11,"Carcinoma, Hepatocellular",P68431,T
646,47,P11802_T172,"Carcinoma, Hepatocellular",P11802,T
899,47,P27361_T202,"Carcinoma, Hepatocellular",P27361,T
969,47,P31750_T308,"Carcinoma, Hepatocellular",P31750,T
1837,47,Q53GL7_T601,"Carcinoma, Hepatocellular",Q53GL7,T
854,47,P23588_S422,"Carcinoma, Hepatocellular",P23588,S
1526,47,Q05397_Y576,"Carcinoma, Hepatocellular",Q05397,Y
1527,47,Q05397_Y577,"Carcinoma, Hepatocellular",Q05397,Y
1725,47,Q14790_Y380,"Carcinoma, Hepatocellular",Q14790,Y
744,47,P16615_Y990,"Carcinoma, Hepatocellular",P16615,Y
2053,47,Q96EB6_S47,"Carcinoma, Hepatocellular",Q96EB6,S
2074,47,Q96PU4_S643,"Carcinoma, Hepatocellular",Q96PU4,S
1823,47,Q2M1V0_S183,"Carcinoma, Hepatocellular",Q2M1V0,S
2239,47,Q9ULW0_S486,"Carcinoma, Hepatocellular",Q9ULW0,S
481,47,P08727_S35,"Carcinoma, Hepatocellular",P08727,S
1000,47,P35222_S552,"Carcinoma, Hepatocellular",P35222,S
1091,47,P40763_S727,"Carcinoma, Hepatocellular",P40763,S
1715,47,Q14683_S957,"Carcinoma, Hepatocellular",Q14683,S
68,47,O14874_S31,"Carcinoma, Hepatocellular",O14874,S
1241,47,P49841_S9,"Carcinoma, Hepatocellular",P49841,S
968,47,P31750_S473,"Carcinoma, Hepatocellular",P31750,S
1542,47,Q05682_S759,"Carcinoma, Hepatocellular",Q05682,S
1405,47,P67809_S102,"Carcinoma, Hepatocellular",P67809,S
1465,47,Q00987_S166,"Carcinoma, Hepatocellular",Q00987,S
1716,47,Q14683_S966,"Carcinoma, Hepatocellular",Q14683,S
311,47,P04406_S151,"Carcinoma, Hepatocellular",P04406,S
339,47,P05412_S63,"Carcinoma, Hepatocellular",P05412,S
421,47,P07355_S12,"Carcinoma, Hepatocellular",P07355,S
422,47,P07355_S26,"Carcinoma, Hepatocellular",P07355,S
153,47,O60674_S633,"Carcinoma, Hepatocellular",O60674,S
928,47,P29317_S897,"Carcinoma, Hepatocellular",P29317,S
477,47,P08670_S56,"Carcinoma, Hepatocellular",P08670,S
478,47,P08670_S72,"Carcinoma, Hepatocellular",P08670,S
667,37,P12532_Y153,Breast Neoplasms,P12532,Y
1601,37,Q13043_Y433,Breast Neoplasms,Q13043,Y
343,37,P05480-1_Y424,Breast Neoplasms,P05480-1,Y
1776,37,Q15910_S21,Breast Neoplasms,Q15910,S
2007,37,Q92622_S92,Breast Neoplasms,Q92622,S
87,37,O15379_Y325,Breast Neoplasms,O15379,Y
88,37,O15379_Y328,Breast Neoplasms,O15379,Y
89,37,O15379_Y331,Breast Neoplasms,O15379,Y
740,126,P16234_Y849,Hypereosinophilic Syndrome,P16234,Y
75,223,O14965_T288,Ovarian Neoplasms,O14965,T
1526,223,Q05397_Y576,Ovarian Neoplasms,Q05397,Y
951,223,P30307_S216,Ovarian Neoplasms,P30307,S
950,223,P30305_S323,Ovarian Neoplasms,P30305,S
1587,89,Q12879_Y1325,Encephalitis,Q12879,Y
1513,267,Q04726_S267,Squamous Cell Carcinoma of Head and Neck,Q04726,S
708,267,P15056_S446,Squamous Cell Carcinoma of Head and Neck,P15056,S
127,267,O43524_T32,Squamous Cell Carcinoma of Head and Neck,O43524,T
937,267,P29353_Y427,Squamous Cell Carcinoma of Head and Neck,P29353,Y
2023,267,Q92934_S99,Squamous Cell Carcinoma of Head and Neck,Q92934,S
369,267,P06400_T356,Squamous Cell Carcinoma of Head and Neck,P06400,T
462,267,P08559_S232,Squamous Cell Carcinoma of Head and Neck,P08559,S
1594,122,Q12933_S55,Hodgkin Disease,Q12933,S
1313,122,P54274_T371,Hodgkin Disease,P54274,T
81,121,O15270_S384,Hereditary Sensory and Autonomic Neuropathies,O15270,S
1327,123,P55212_S257,Huntington Disease,P55212,S
1860,123,Q60829_T34,Huntington Disease,Q60829,T
648,123,P11881_S1755,Huntington Disease,P11881,S
647,123,P11881_S1588,Huntington Disease,P11881,S
1130,123,P42858_S419,Huntington Disease,P42858,S
1125,123,P42858_S16,Huntington Disease,P42858,S
1124,123,P42858_S13,Huntington Disease,P42858,S
800,123,P19419_T417,Huntington Disease,P19419,T
320,123,P04637_S46,Huntington Disease,P04637,S
1133,123,P42858_T3,Huntington Disease,P42858,T
1136,123,P42859_S13,Huntington Disease,P42859,S
1132,123,P42858_T2335,Huntington Disease,P42858,T
1129,123,P42858_S2114,Huntington Disease,P42858,S
1126,123,P42858_S1862,Huntington Disease,P42858,S
1123,123,P42858_S1199,Huntington Disease,P42858,S
1131,123,P42858_S432,Huntington Disease,P42858,S
1128,123,P42858_S1874,Huntington Disease,P42858,S
1122,123,P42858_S1179,Huntington Disease,P42858,S
964,123,P31749_S473,Huntington Disease,P31749,S
1374,123,P62753_S235,Huntington Disease,P62753,S
1378,123,P62754_S236,Huntington Disease,P62754,S
968,123,P31750_S473,Huntington Disease,P31750,S
2223,123,Q9UHD2_S172,Huntington Disease,Q9UHD2,S
2267,123,Q9WUN2_S172,Huntington Disease,Q9WUN2,S
1933,123,Q86WV6_S366,Huntington Disease,Q86WV6,S
1829,123,Q3TBT3_S365,Huntington Disease,Q3TBT3,S
1831,123,Q3UR85_S259,Huntington Disease,Q3UR85,S
1798,123,Q16555_T514,Huntington Disease,Q16555,T
1797,123,Q16555_T509,Huntington Disease,Q16555,T
1796,123,Q16555_S522,Huntington Disease,Q16555,S
138,123,O55042_S129,Huntington Disease,O55042,S
1127,123,P42858_S1864,Huntington Disease,P42858,S
1253,123,P51111_S1181,Huntington Disease,P51111,S
1075,123,P37840_S129,Huntington Disease,P37840,S
2275,123,Q9Y2G1_S259,Huntington Disease,Q9Y2G1,S
30,123,O00429_S616,Huntington Disease,O00429,S
110,125,O35433_T406,Hyperalgesia,O35433,T
1440,125,P84092_S45,Hyperalgesia,P84092,S
110,127,O35433_T406,Hyperesthesia,O35433,T
1432,130,P70531_S499,Hypertension,P70531,S
336,130,P05197_T57,Hypertension,P05197,T
1431,130,P70531_S365,Hypertension,P70531,S
1701,130,Q14432_T445,Hypertension,Q14432,T
1699,130,Q14432_S428,Hypertension,Q14432,S
1700,130,Q14432_S438,Hypertension,Q14432,S
1464,130,Q00960_S1303,Hypertension,Q00960,S
2078,130,Q96RD7_Y199,Hypertension,Q96RD7,Y
14,130,F1M707_S346,Hypertension,F1M707,S
451,130,P08050_S368,Hypertension,P08050,S
584,130,P10636-8_T217,Hypertension,P10636-8,T
581,130,P10636-8_T181,Hypertension,P10636-8,T
939,130,P29474_S1177,Hypertension,P29474,S
461,130,P08413_T287,Hypertension,P08413,T
137,132,O54915_S347,Hypertriglyceridemia,O54915,S
2209,132,Q9R1A7_S347,Hypertriglyceridemia,Q9R1A7,S
924,58,P28482_T190,"Cardiomyopathy, Hypertrophic, Familial",P28482,T
1392,58,P63085_T188,"Cardiomyopathy, Hypertrophic, Familial",P63085,T
1989,58,Q8WZ42_S4099,"Cardiomyopathy, Hypertrophic, Familial",Q8WZ42,S
1990,58,Q8WZ42_S4185,"Cardiomyopathy, Hypertrophic, Familial",Q8WZ42,S
1988,58,Q8WZ42_S4010,"Cardiomyopathy, Hypertrophic, Familial",Q8WZ42,S
1987,58,Q8WZ42_S11878,"Cardiomyopathy, Hypertrophic, Familial",Q8WZ42,S
4,58,A2ASS6_S4080,"Cardiomyopathy, Hypertrophic, Familial",A2ASS6,S
2321,58,XP_008773743_S3986,"Cardiomyopathy, Hypertrophic, Familial",XP_008773743,S
2320,58,XP_008773743_S3897,"Cardiomyopathy, Hypertrophic, Familial",XP_008773743,S
2,58,A2ASS6_S3991,"Cardiomyopathy, Hypertrophic, Familial",A2ASS6,S
1576,58,Q0PCR6_T1704,"Cardiomyopathy, Hypertrophic, Familial",Q0PCR6,T
1574,58,Q0PCR6_S1700,"Cardiomyopathy, Hypertrophic, Familial",Q0PCR6,S
902,58,P27546_S737,"Cardiomyopathy, Hypertrophic, Familial",P27546,S
903,58,P27546_S760,"Cardiomyopathy, Hypertrophic, Familial",P27546,S
2246,58,Q9UNA1_S671,"Cardiomyopathy, Hypertrophic, Familial",Q9UNA1,S
1917,58,Q71DI3_S10,"Cardiomyopathy, Hypertrophic, Familial",Q71DI3,S
901,58,P27546_S1046,"Cardiomyopathy, Hypertrophic, Familial",P27546,S
904,58,P27546_S914,"Cardiomyopathy, Hypertrophic, Familial",P27546,S
1315,58,P54645_T183,"Cardiomyopathy, Hypertrophic, Familial",P54645,T
1847,58,Q5EG47_T183,"Cardiomyopathy, Hypertrophic, Familial",Q5EG47,T
1568,58,Q08369_S105,"Cardiomyopathy, Hypertrophic, Familial",Q08369,S
1425,58,P70288_S394,"Cardiomyopathy, Hypertrophic, Familial",P70288,S
2109,58,Q9BR39_Y141,"Cardiomyopathy, Hypertrophic, Familial",Q9BR39,Y
1153,58,P46152_S261,"Cardiomyopathy, Hypertrophic, Familial",P46152,S
1152,58,P46152_S105,"Cardiomyopathy, Hypertrophic, Familial",P46152,S
842,58,P23242_S368,"Cardiomyopathy, Hypertrophic, Familial",P23242,S
851,58,P23443_T412,"Cardiomyopathy, Hypertrophic, Familial",P23443,T
961,58,P31431_S179,"Cardiomyopathy, Hypertrophic, Familial",P31431,S
1742,58,Q15139_S421,"Cardiomyopathy, Hypertrophic, Familial",Q15139,S
1350,58,P58771_S283,"Cardiomyopathy, Hypertrophic, Familial",P58771,S
447,58,P08050_S279,"Cardiomyopathy, Hypertrophic, Familial",P08050,S
448,58,P08050_S282,"Cardiomyopathy, Hypertrophic, Familial",P08050,S
1545,58,Q06124-1_S189,"Cardiomyopathy, Hypertrophic, Familial",Q06124-1,S
1546,58,Q06124-1_T73,"Cardiomyopathy, Hypertrophic, Familial",Q06124-1,T
1273,58,P51667_S15,"Cardiomyopathy, Hypertrophic, Familial",P51667,S
2012,58,Q92784-2_S348,"Cardiomyopathy, Hypertrophic, Familial",Q92784-2,S
2167,58,Q9NPH5_Y566,"Cardiomyopathy, Hypertrophic, Familial",Q9NPH5,Y
1721,58,Q14738_S573,"Cardiomyopathy, Hypertrophic, Familial",Q14738,S
757,58,P17302_Y313,"Cardiomyopathy, Hypertrophic, Familial",P17302,Y
10,58,E9Q401_S2030,"Cardiomyopathy, Hypertrophic, Familial",E9Q401,S
1880,58,Q62318_S473,"Cardiomyopathy, Hypertrophic, Familial",Q62318,S
174,58,O70468_S282,"Cardiomyopathy, Hypertrophic, Familial",O70468,S
1104,58,P42225_S727,"Cardiomyopathy, Hypertrophic, Familial",P42225,S
1366,58,P61016_S16,"Cardiomyopathy, Hypertrophic, Familial",P61016,S
176,58,O70548_S157,"Cardiomyopathy, Hypertrophic, Familial",O70548,S
177,58,O70548_S161,"Cardiomyopathy, Hypertrophic, Familial",O70548,S
839,58,P22002_T1603,"Cardiomyopathy, Hypertrophic, Familial",P22002,T
451,58,P08050_S368,"Cardiomyopathy, Hypertrophic, Familial",P08050,S
446,58,P08050_S262,"Cardiomyopathy, Hypertrophic, Familial",P08050,S
1957,58,Q8K1M6_S616,"Cardiomyopathy, Hypertrophic, Familial",Q8K1M6,S
2245,58,Q9UNA1_S668,"Cardiomyopathy, Hypertrophic, Familial",Q9UNA1,S
905,133,P27661_S139,Idiopathic Pulmonary Fibrosis,P27661,S
1306,133,P53602_S96,Idiopathic Pulmonary Fibrosis,P53602,S
1006,133,P35222_Y654,Idiopathic Pulmonary Fibrosis,P35222,Y
1488,133,Q02248_Y654,Idiopathic Pulmonary Fibrosis,Q02248,Y
1353,134,P60330_S1121,Infertility,P60330,S
236,134,O95972_Y235,Infertility,O95972,Y
1404,134,P67778_T258,Infertility,P67778,T
1095,135,P40763_Y705,Inflammation,P40763,Y
1974,136,Q8NHW3_S65,Insulinoma,Q8NHW3,S
1975,136,Q8NHW3_T57,Insulinoma,Q8NHW3,T
1006,137,P35222_Y654,Intestinal Neoplasms,P35222,Y
1663,61,Q13541_T70,Cholangiocarcinoma,Q13541,T
1655,61,Q13526_S115,Cholangiocarcinoma,Q13526,S
367,288,P06400_S811,Uveal Melanoma,P06400,S
366,288,P06400_S807,Uveal Melanoma,P06400,S
27,133,O00401_Y256,Idiopathic Pulmonary Fibrosis,O00401,Y
1329,138,P55937_S174,Ischemia,P55937,S
1330,138,P55937_S385,Ischemia,P55937,S
640,138,P11275_T286,Ischemia,P11275,T
816,138,P19490_S836,Ischemia,P19490,S
199,138,O88871_S783,Ischemia,O88871,S
1320,138,P55012_T205,Ischemia,P55012,T
1318,138,P55012_T196,Ischemia,P55012,T
1893,138,Q6P9R2_T185,Ischemia,Q6P9R2,T
1319,138,P55012_T200,Ischemia,P55012,T
2313,138,Q9Z1W9_T236,Ischemia,Q9Z1W9,T
181,200,O75197_T1492,Myocardial Ischemia,O75197,T
180,200,O75197_S1503,Myocardial Ischemia,O75197,S
392,255,P06748_T199,"Sarcoma, Kaposi",P06748,T
1356,255,P60484_S380,"Sarcoma, Kaposi",P60484,S
1374,255,P62753_S235,"Sarcoma, Kaposi",P62753,S
965,255,P31749_T308,"Sarcoma, Kaposi",P31749,T
1375,255,P62753_S236,"Sarcoma, Kaposi",P62753,S
1782,255,Q16236_S40,"Sarcoma, Kaposi",Q16236,S
1782,140,Q16236_S40,Keratoconus,Q16236,S
1310,142,P53985_S467,Kidney Neoplasms,P53985,S
964,142,P31749_S473,Kidney Neoplasms,P31749,S
471,142,P08581_Y1349,Kidney Neoplasms,P08581,Y
1156,142,P46527_T157,Kidney Neoplasms,P46527,T
1158,142,P46527_T198,Kidney Neoplasms,P46527,T
1465,142,Q00987_S166,Kidney Neoplasms,Q00987,S
1692,142,Q14247_Y421,Kidney Neoplasms,Q14247,Y
1825,142,Q2PPJ7_S486,Kidney Neoplasms,Q2PPJ7,S
1826,142,Q2PPJ7_T715,Kidney Neoplasms,Q2PPJ7,T
2057,142,Q96FW1_Y26,Kidney Neoplasms,Q96FW1,Y
30,142,O00429_S616,Kidney Neoplasms,O00429,S
1905,141,Q6X936_Y637,Kidney Diseases,Q6X936,Y
1906,141,Q6X936_Y638,Kidney Diseases,Q6X936,Y
2207,141,Q9R044_Y1204,Kidney Diseases,Q9R044,Y
2208,141,Q9R044_Y1228,Kidney Diseases,Q9R044,Y
2257,143,Q9UQK1_S33,Lafora Disease,Q9UQK1,S
696,163,P14618_S37,Lymphangioleiomyomatosis,P14618,S
1110,147,P42229_Y694,"Leukemia, Large Granular Lymphocytic",P42229,Y
1095,144,P40763_Y705,Laryngeal Neoplasms,P40763,Y
1953,267,Q8IX90_T360,Squamous Cell Carcinoma of Head and Neck,Q8IX90,T
185,229,O75385_S317,Parkinson Disease,O75385,S
1444,75,P97431_S424,"Cystitis, Interstitial",P97431,S
13,17,E9Q401_S2813,"Arrhythmias, Cardiac",E9Q401,S
13,76,E9Q401_S2813,"Death, Sudden, Cardiac",E9Q401,S
269,145,P01106_S77,Leukemia,P01106,S
252,145,P00519_Y257,Leukemia,P00519,Y
268,145,P01103_S116,Leukemia,P01103,S
1111,145,P42230_S725,Leukemia,P42230,S
1112,145,P42230_S779,Leukemia,P42230,S
871,145,P24752_Y407,Leukemia,P24752,Y
1120,145,P42702_S1044,Leukemia,P42702,S
1259,145,P51575_S387,Leukemia,P51575,S
1260,145,P51575_T389,Leukemia,P51575,T
1160,145,P46527_Y88,Leukemia,P46527,Y
1077,155,P37840_Y136,Lewy Body Disease,P37840,Y
826,194,P20807_S629,"Muscular Dystrophies, Limb-Girdle",P20807,S
1400,160,P63279_S71,Liver Neoplasms,P63279,S
2033,160,Q93045_S50,Liver Neoplasms,Q93045,S
2174,160,Q9NRM6_Y447,Liver Neoplasms,Q9NRM6,Y
990,160,P34152_Y397,Liver Neoplasms,P34152,Y
992,160,P34152_Y577,Liver Neoplasms,P34152,Y
991,160,P34152_Y576,Liver Neoplasms,P34152,Y
63,160,O14746_T249,Liver Neoplasms,O14746,T
45,160,O09000_S498,Liver Neoplasms,O09000,S
46,160,O09000_S536,Liver Neoplasms,O09000,S
48,160,O09000_S850,Liver Neoplasms,O09000,S
47,160,O09000_S847,Liver Neoplasms,O09000,S
1305,160,P53566_S193,Liver Neoplasms,P53566,S
964,160,P31749_S473,Liver Neoplasms,P31749,S
2135,160,Q9EP73_Y112,Liver Neoplasms,Q9EP73,Y
2200,160,Q9NZQ7_Y112,Liver Neoplasms,Q9NZQ7,Y
269,160,P01106_S77,Liver Neoplasms,P01106,S
71,160,O14920_S181,Liver Neoplasms,O14920,S
190,160,O75581_S1490,Liver Neoplasms,O75581,S
316,160,P04637_S15,Liver Neoplasms,P04637,S
960,160,P31350_T33,Liver Neoplasms,P31350,T
1661,160,Q13541_T37,Liver Neoplasms,Q13541,T
1662,160,Q13541_T46,Liver Neoplasms,Q13541,T
1183,160,P46937_T241,Liver Neoplasms,P46937,T
2039,160,Q96B36_T246,Liver Neoplasms,Q96B36,T
1201,160,P48163_S336,Liver Neoplasms,P48163,S
33,160,O00444_Y86,Liver Neoplasms,O00444,Y
1241,160,P49841_S9,Liver Neoplasms,P49841,S
1376,160,P62753_S240,Liver Neoplasms,P62753,S
1377,160,P62753_S244,Liver Neoplasms,P62753,S
2273,160,Q9Y261_S111,Liver Neoplasms,Q9Y261,S
1999,160,Q92519_S83,Liver Neoplasms,Q92519,S
2272,160,Q9Y261_S107,Liver Neoplasms,Q9Y261,S
1117,160,P42345_S2448,Liver Neoplasms,P42345,S
1348,160,P58215_S704,Liver Neoplasms,P58215,S
348,158,P05783_S34,Liver Diseases,P05783,S
351,158,P05787_S432,Liver Diseases,P05787,S
349,158,P05783_S53,Liver Diseases,P05783,S
352,158,P05787_S74,Liver Diseases,P05787,S
2271,158,Q9WVH4_S573,Liver Diseases,Q9WVH4,S
1783,138,Q16236_T369,Ischemia,Q16236,T
520,98,P10275_S96,Fatty Liver,P10275,S
1926,98,Q7Z5P4_S33,Fatty Liver,Q7Z5P4,S
695,6,P14618_S287,Adenocarcinoma of Lung,P14618,S
747,6,P16949_S16,Adenocarcinoma of Lung,P16949,S
761,6,P17482_T133,Adenocarcinoma of Lung,P17482,T
1781,6,Q15910_T487,Adenocarcinoma of Lung,Q15910,T
319,6,P04637_S392,Adenocarcinoma of Lung,P04637,S
67,6,O14828_Y86,Adenocarcinoma of Lung,O14828,Y
699,6,P14618_Y105,Adenocarcinoma of Lung,P14618,Y
1759,6,Q15750_S438,Adenocarcinoma of Lung,Q15750,S
1241,6,P49841_S9,Adenocarcinoma of Lung,P49841,S
1285,6,P52564_S207,Adenocarcinoma of Lung,P52564,S
1226,6,P49366_S233,Adenocarcinoma of Lung,P49366,S
476,6,P08670_S339,Adenocarcinoma of Lung,P08670,S
1452,161,P98170_S87,Lung Neoplasms,P98170,S
37,161,O00512_T172,Lung Neoplasms,O00512,T
1459,161,Q00613_S307,Lung Neoplasms,Q00613,S
1458,161,Q00613_S303,Lung Neoplasms,Q00613,S
1781,161,Q15910_T487,Lung Neoplasms,Q15910,T
1739,161,Q15118_T338,Lung Neoplasms,Q15118,T
264,161,P00558_S203,Lung Neoplasms,P00558,S
1919,161,Q7KZF4_S426,Lung Neoplasms,Q7KZF4,S
1257,161,P51532_S695,Lung Neoplasms,P51532,S
1254,161,P51532_S1417,Lung Neoplasms,P51532,S
1001,161,P35222_S675,Lung Neoplasms,P35222,S
1839,161,Q53HL2_T278,Lung Neoplasms,Q53HL2,T
1838,161,Q53HL2_S275,Lung Neoplasms,Q53HL2,S
1874,161,Q61457_T393,Lung Neoplasms,Q61457,T
1105,161,P42225_Y701,Lung Neoplasms,P42225,Y
989,161,P34152-2_Y956,Lung Neoplasms,P34152-2,Y
2178,161,Q9NS23-2_S203,Lung Neoplasms,Q9NS23-2,S
1324,161,P55072_T76,Lung Neoplasms,P55072,T
1175,161,P46937_S127,Lung Neoplasms,P46937,S
1519,161,Q05209_S571,Lung Neoplasms,Q05209,S
1524,161,Q05397_Y397,Lung Neoplasms,Q05397,Y
796,161,P19338_T641,Lung Neoplasms,P19338,T
1573,161,Q09472_S2039,Lung Neoplasms,Q09472,S
1572,161,Q09472_S1038,Lung Neoplasms,Q09472,S
2033,161,Q93045_S50,Lung Neoplasms,Q93045,S
915,161,P28033_T188,Lung Neoplasms,P28033,T
1449,161,P98083-2_Y239,Lung Neoplasms,P98083-2,Y
1451,161,P98083-2_Y313,Lung Neoplasms,P98083-2,Y
1450,161,P98083-2_Y240,Lung Neoplasms,P98083-2,Y
431,161,P07948_Y32,Lung Neoplasms,P07948,Y
987,161,P33993_Y600,Lung Neoplasms,P33993,Y
445,161,P08047_T739,Lung Neoplasms,P08047,T
230,161,O95819_T187,Lung Neoplasms,O95819,T
928,161,P29317_S897,Lung Neoplasms,P29317,S
2288,161,Q9Y4H2_S1100,Lung Neoplasms,Q9Y4H2,S
1900,161,Q6U7Q0_S391,Lung Neoplasms,Q6U7Q0,S
752,161,P17096_S99,Lung Neoplasms,P17096,S
2177,161,Q9NRZ9_S503,Lung Neoplasms,Q9NRZ9,S
1748,161,Q15642_T225,Lung Neoplasms,Q15642,T
2034,161,Q93073_T573,Lung Neoplasms,Q93073,T
1899,161,Q6U7Q0_S224,Lung Neoplasms,Q6U7Q0,S
158,161,O60701_Y473,Lung Neoplasms,O60701,Y
1475,161,Q01279_Y1197,Lung Neoplasms,Q01279,Y
819,161,P19544-7_S63,Lung Neoplasms,P19544-7,S
820,161,P19544-7_S67,Lung Neoplasms,P19544-7,S
465,161,P08559_S314,Lung Neoplasms,P08559,S
464,161,P08559_S295,Lung Neoplasms,P08559,S
1725,161,Q14790_Y380,Lung Neoplasms,Q14790,Y
1095,161,P40763_Y705,Lung Neoplasms,P40763,Y
1963,161,Q8N5V2_S16,Lung Neoplasms,Q8N5V2,S
1964,161,Q8N5V2_S18,Lung Neoplasms,Q8N5V2,S
1472,161,Q01147_S119,Lung Neoplasms,Q01147,S
779,161,P18654_S386,Lung Neoplasms,P18654,S
1474,161,Q01279_Y1092,Lung Neoplasms,Q01279,Y
889,161,P26443_Y135,Lung Neoplasms,P26443,Y
1507,161,Q04695_S13,Lung Neoplasms,Q04695,S
1510,161,Q04695_S39,Lung Neoplasms,Q04695,S
1508,161,Q04695_S24,Lung Neoplasms,Q04695,S
1509,161,Q04695_S32,Lung Neoplasms,Q04695,S
1913,161,Q6ZS17_S351,Lung Neoplasms,Q6ZS17,S
1292,161,P52630_T404,Lung Neoplasms,P52630,T
696,161,P14618_S37,Lung Neoplasms,P14618,S
63,161,O14746_T249,Lung Neoplasms,O14746,T
1293,161,P52701_S227,Lung Neoplasms,P52701,S
1772,161,Q15831_S428,Lung Neoplasms,Q15831,S
1760,161,Q15758_S503,Lung Neoplasms,Q15758,S
507,161,P10109_S177,Lung Neoplasms,P10109,S
1026,161,P35568_S307,Lung Neoplasms,P35568,S
963,161,P31749_S129,Lung Neoplasms,P31749,S
1606,161,Q13085_S80,Lung Neoplasms,Q13085,S
160,161,O60716_S288,Lung Neoplasms,O60716,S
254,161,P00533_S1166,Lung Neoplasms,P00533,S
1791,161,Q16539_T180,Lung Neoplasms,Q16539,T
1210,161,P48436_T196,Lung Neoplasms,P48436,T
698,161,P14618_T45,Lung Neoplasms,P14618,T
1901,161,Q6U7Q0_T150,Lung Neoplasms,Q6U7Q0,T
1902,161,Q6U7Q0_T234,Lung Neoplasms,Q6U7Q0,T
1903,161,Q6U7Q0_T262,Lung Neoplasms,Q6U7Q0,T
1953,161,Q8IX90_T360,Lung Neoplasms,Q8IX90,T
342,161,P05455_T389,Lung Neoplasms,P05455,T
351,161,P05787_S432,Lung Neoplasms,P05787,S
247,161,P00367_Y135,Lung Neoplasms,P00367,Y
468,161,P08581_Y1003,Lung Neoplasms,P08581,Y
469,161,P08581_Y1234,Lung Neoplasms,P08581,Y
470,161,P08581_Y1235,Lung Neoplasms,P08581,Y
473,161,P08581_Y1365,Lung Neoplasms,P08581,Y
1013,161,P35235_Y63,Lung Neoplasms,P35235,Y
1012,161,P35235_Y62,Lung Neoplasms,P35235,Y
2013,161,Q92786_S79,Lung Neoplasms,Q92786,S
2218,161,Q9UGP4_S272,Lung Neoplasms,Q9UGP4,S
2219,161,Q9UGP4_S277,Lung Neoplasms,Q9UGP4,S
2220,161,Q9UGP4_S421,Lung Neoplasms,Q9UGP4,S
2221,161,Q9UGP4_S424,Lung Neoplasms,Q9UGP4,S
1477,161,Q01518_S310,Lung Neoplasms,Q01518,S
1241,161,P49841_S9,Lung Neoplasms,P49841,S
1476,161,Q01518_S308,Lung Neoplasms,Q01518,S
1871,161,Q61337_S112,Lung Neoplasms,Q61337,S
1872,161,Q61337_S136,Lung Neoplasms,Q61337,S
531,161,P10415_S70,Lung Neoplasms,P10415,S
1235,161,P49789_Y114,Lung Neoplasms,P49789,Y
1191,161,P46940_S480,Lung Neoplasms,P46940,S
1000,161,P35222_S552,Lung Neoplasms,P35222,S
1052,161,P35914_S258,Lung Neoplasms,P35914,S
1523,161,Q05397_S910,Lung Neoplasms,Q05397,S
280,161,P02545_S390,Lung Neoplasms,P02545,S
436,161,P07954_S46,Lung Neoplasms,P07954,S
1524,265,Q05397_Y397,Small Cell Lung Carcinoma,Q05397,Y
1252,289,P50753_S209,Ventricular Remodeling,P50753,S
1142,289,P45379_S208,Ventricular Remodeling,P45379,S
964,149,P31749_S473,"Leukemia, Lymphoid",P31749,S
1408,149,P67870_S209,"Leukemia, Lymphoid",P67870,S
1356,149,P60484_S380,"Leukemia, Lymphoid",P60484,S
1355,149,P60484_S370,"Leukemia, Lymphoid",P60484,S
1357,149,P60484_S385,"Leukemia, Lymphoid",P60484,S
99,149,O15530_S241,"Leukemia, Lymphoid",O15530,S
1359,149,P60484_T382,"Leukemia, Lymphoid",P60484,T
965,149,P31749_T308,"Leukemia, Lymphoid",P31749,T
1550,165,Q06124_Y580,Lymphoma,Q06124,Y
1549,165,Q06124_Y542,Lymphoma,Q06124,Y
1241,165,P49841_S9,Lymphoma,P49841,S
275,165,P02340_S312,Lymphoma,P02340,S
1333,165,P56537_S235,Lymphoma,P56537,S
98,165,O15524_Y80,Lymphoma,O15524,Y
307,165,P04150_S134,Lymphoma,P04150,S
1157,165,P46527_T187,Lymphoma,P46527,T
1928,165,Q80YR6_T855,Lymphoma,Q80YR6,T
468,165,P08581_Y1003,Lymphoma,P08581,Y
1594,165,Q12933_S55,Lymphoma,Q12933,S
1756,165,Q15717_S221,Lymphoma,Q15717,S
1163,165,P46531_S2521,Lymphoma,P46531,S
1164,165,P46531_S2522,Lymphoma,P46531,S
1165,165,P46531_S2523,Lymphoma,P46531,S
1166,165,P46531_S2524,Lymphoma,P46531,S
1106,165,P42226_Y641,Lymphoma,P42226,Y
1178,165,P46937_S381,Lymphoma,P46937,S
1175,165,P46937_S127,Lymphoma,P46937,S
1408,171,P67870_S209,"Lymphoma, Non-Hodgkin",P67870,S
1794,171,Q16543_S13,"Lymphoma, Non-Hodgkin",Q16543,S
1103,175,P42224_Y701,Macrophage Activation Syndrome,P42224,Y
828,276,P21333_S2152,Thrombocytopenia,P21333,S
1982,276,Q8VDD5_S1943,Thrombocytopenia,Q8VDD5,S
1395,78,P63086_Y185,"Depressive Disorder, Major",P63086,Y
1394,78,P63086_T183,"Depressive Disorder, Major",P63086,T
831,78,P21708_Y205,"Depressive Disorder, Major",P21708,Y
1192,78,P47196_S473,"Depressive Disorder, Major",P47196,S
830,78,P21708_T203,"Depressive Disorder, Major",P21708,T
855,78,P23588_S504,"Depressive Disorder, Major",P23588,S
619,78,P10637_S688,"Depressive Disorder, Major",P10637,S
617,78,P10637_S554,"Depressive Disorder, Major",P10637,S
626,78,P10637_T523,"Depressive Disorder, Major",P10637,T
1241,78,P49841_S9,"Depressive Disorder, Major",P49841,S
308,78,P04150_S211,"Depressive Disorder, Major",P04150,S
309,78,P04150_S226,"Depressive Disorder, Major",P04150,S
1095,109,P40763_Y705,Glioma,P40763,Y
337,37,P05198_S52,Breast Neoplasms,P05198,S
1391,37,P63085_T183,Breast Neoplasms,P63085,T
499,170,P09917_S524,"Lymphoma, Mantle-Cell",P09917,S
1465,170,Q00987_S166,"Lymphoma, Mantle-Cell",Q00987,S
1466,170,Q00987_S186,"Lymphoma, Mantle-Cell",Q00987,S
1369,170,P61073_S339,"Lymphoma, Mantle-Cell",P61073,S
1765,176,Q15796_S467,Marfan Syndrome,Q15796,S
1764,176,Q15796_S465,Marfan Syndrome,Q15796,S
1430,176,P70460_S235,Marfan Syndrome,P70460,S
435,279,P07949_Y791,"Thyroid Cancer, Papillary",P07949,Y
434,279,P07949_S891,"Thyroid Cancer, Papillary",P07949,S
925,279,P28482_Y187,"Thyroid Cancer, Papillary",P28482,Y
1091,279,P40763_S727,"Thyroid Cancer, Papillary",P40763,S
900,279,P27361_Y204,"Thyroid Cancer, Papillary",P27361,Y
923,279,P28482_T185,"Thyroid Cancer, Papillary",P28482,T
899,279,P27361_T202,"Thyroid Cancer, Papillary",P27361,T
1215,177,P48985_Y78,Medulloblastoma,P48985,Y
1922,177,Q7RTV0_Y36,Medulloblastoma,Q7RTV0,Y
458,177,P08151_S937,Medulloblastoma,P08151,S
1198,177,P47806_S941,Medulloblastoma,P47806,S
1248,177,P50552_S157,Medulloblastoma,P50552,S
946,178,P30279_T280,Megalancephaly Polymicrogyria-Polydactyly Hydrocephalus Syndrome,P30279,T
997,179,P35222_S33,Melanoma,P35222,S
964,179,P31749_S473,Melanoma,P31749,S
1640,179,Q13315_S1981,Melanoma,Q13315,S
340,179,P05412_S73,Melanoma,P05412,S
346,179,P05627_S63,Melanoma,P05627,S
347,179,P05627_S73,Melanoma,P05627,S
762,179,P17535_S100,Melanoma,P17535,S
194,179,O75815_T130,Melanoma,O75815,T
965,179,P31749_T308,Melanoma,P31749,T
1158,179,P46527_T198,Melanoma,P46527,T
2022,179,Q92934_S75,Melanoma,Q92934,S
1776,179,Q15910_S21,Melanoma,Q15910,S
1747,179,Q15543_S33,Melanoma,Q15543,S
1720,179,Q14694_S547,Melanoma,Q14694,S
1736,179,Q15046_S207,Melanoma,Q15046,S
1291,179,P52630_T385,Melanoma,P52630,T
2288,179,Q9Y4H2_S1100,Melanoma,Q9Y4H2,S
1095,179,P40763_Y705,Melanoma,P40763,Y
1103,179,P42224_Y701,Melanoma,P42224,Y
193,179,O75608_S209,Melanoma,O75608,S
178,179,O75116_S1366,Melanoma,O75116,S
1734,179,Q14934_S259,Melanoma,Q14934,S
1949,179,Q8IUH4_S208,Melanoma,Q8IUH4,S
1637,179,Q13263_S824,Melanoma,Q13263,S
365,179,P06400_S795,Melanoma,P06400,S
366,179,P06400_S807,Melanoma,P06400,S
367,179,P06400_S811,Melanoma,P06400,S
1091,179,P40763_S727,Melanoma,P40763,S
890,179,P26645_S152,Melanoma,P26645,S
891,179,P26645_S156,Melanoma,P26645,S
893,179,P26645_S163,Melanoma,P26645,S
968,179,P31750_S473,Melanoma,P31750,S
1667,179,Q13554_T287,Melanoma,Q13554,T
1524,179,Q05397_Y397,Melanoma,Q05397,Y
1207,179,P48431_S251,Melanoma,P48431,S
1241,179,P49841_S9,Melanoma,P49841,S
1289,179,P52630_S381,Melanoma,P52630,S
1290,179,P52630_S393,Melanoma,P52630,S
1582,179,Q12778_S319,Melanoma,Q12778,S
1462,179,Q00613_S419,Melanoma,Q00613,S
185,179,O75385_S317,Melanoma,O75385,S
1914,179,Q6ZS17_S453,Melanoma,Q6ZS17,S
480,179,P08708_S115,Melanoma,P08708,S
1890,179,Q68CZ2_S1441,Melanoma,Q68CZ2,S
78,179,O15061_S429,Melanoma,O15061,S
1239,179,P49840_S21,Melanoma,P49840,S
892,179,P26645_S160,Melanoma,P26645,S
1418,179,P68431_T80,Melanoma,P68431,T
147,179,O60341_S111,Melanoma,O60341,S
1046,179,P35613-2_Y183,Melanoma,P35613-2,Y
1045,179,P35613-2_Y140,Melanoma,P35613-2,Y
364,180,P06400_S780,Meningioma,P06400,S
1506,181,Q04656_T1048,Menkes Kinky Hair Syndrome,Q04656,T
2241,49,Q9UM73_Y1604,"Carcinoma, Merkel Cell",Q9UM73,Y
1014,182,P35240_S518,Mesothelioma,P35240,S
646,182,P11802_T172,Mesothelioma,P11802,T
2176,182,Q9NRR5_S318,Mesothelioma,Q9NRR5,S
650,183,P12004_Y114,Metabolic Syndrome,P12004,Y
895,183,P26678_S16,Metabolic Syndrome,P26678,S
2229,185,Q9UJZ1_S17,Monoclonal Gammopathy of Undetermined Significance,Q9UJZ1,S
1252,199,P50753_S209,Myocardial Infarction,P50753,S
1142,199,P45379_S208,Myocardial Infarction,P45379,S
584,199,P10636-8_T217,Myocardial Infarction,P10636-8,T
581,199,P10636-8_T181,Myocardial Infarction,P10636-8,T
1399,199,P63161_S98,Myocardial Infarction,P63161,S
426,199,P07737_Y129,Myocardial Infarction,P07737,Y
525,199,P10361_S20,Myocardial Infarction,P10361,S
526,199,P10361_S6,Myocardial Infarction,P10361,S
528,199,P10361_T18,Myocardial Infarction,P10361,T
524,199,P10361_S15,Myocardial Infarction,P10361,S
527,199,P10361_S9,Myocardial Infarction,P10361,S
902,199,P27546_S737,Myocardial Infarction,P27546,S
903,199,P27546_S760,Myocardial Infarction,P27546,S
1152,199,P46152_S105,Myocardial Infarction,P46152,S
2010,199,Q92736_S2808,Myocardial Infarction,Q92736,S
12,199,E9Q401_S2807,Myocardial Infarction,E9Q401,S
582,199,P10636-8_T205,Myocardial Infarction,P10636-8,T
553,199,P10636-8_S199,Myocardial Infarction,P10636-8,S
554,199,P10636-8_S202,Myocardial Infarction,P10636-8,S
561,199,P10636-8_S262,Myocardial Infarction,P10636-8,S
2184,184,Q9NXR1-1_T246,Microcephaly,Q9NXR1-1,T
2185,184,Q9NXR1_T246,Microcephaly,Q9NXR1,T
20,186,O00139_T554,Mosaic variegated aneuploidy syndrome,O00139,T
1075,191,P37840_S129,Multiple System Atrophy,P37840,S
2229,189,Q9UJZ1_S17,Multiple Myeloma,Q9UJZ1,S
1295,189,P52732_T926,Multiple Myeloma,P52732,T
1776,189,Q15910_S21,Multiple Myeloma,Q15910,S
1277,189,P51812_S227,Multiple Myeloma,P51812,S
2168,189,Q9NQ25_Y284,Multiple Myeloma,Q9NQ25,Y
66,189,O14757_S345,Multiple Myeloma,O14757,S
65,189,O14757_S317,Multiple Myeloma,O14757,S
731,189,P16104_S139,Multiple Myeloma,P16104,S
965,189,P31749_T308,Multiple Myeloma,P31749,T
1095,189,P40763_Y705,Multiple Myeloma,P40763,Y
1856,189,Q5SW79_S1260,Multiple Myeloma,Q5SW79,S
964,189,P31749_S473,Multiple Myeloma,P31749,S
1799,190,Q16555_T555,Multiple Sclerosis,Q16555,T
1968,190,Q8NB16_T357,Multiple Sclerosis,Q8NB16,T
1664,190,Q13546_S14,Multiple Sclerosis,Q13546,S
1666,190,Q13546_S166,Multiple Sclerosis,Q13546,S
2296,190,Q9Y572_S227,Multiple Sclerosis,Q9Y572,S
1665,190,Q13546_S15,Multiple Sclerosis,Q13546,S
278,190,P02511_S59,Multiple Sclerosis,P02511,S
105,190,O35303_S656,Multiple Sclerosis,O35303,S
736,190,P16220-1_S133,Multiple Sclerosis,P16220-1,S
1095,190,P40763_Y705,Multiple Sclerosis,P40763,Y
109,125,O35433_S800,Hyperalgesia,O35433,S
1042,197,P35611_S726,Myelodysplastic Syndromes,P35611,S
1567,198,Q08351_Y616,Myeloproliferative Disorders,Q08351,Y
156,198,O60674_Y201,Myeloproliferative Disorders,O60674,Y
1323,201,P55072_S784,Myocardial Stunning,P55072,S
766,193,P17661_S13,Muscular Diseases,P17661,S
136,202,O54851_S293,Myopia,O54851,S
1048,156,P35637_S42,"Liposarcoma, Myxoid",P35637,S
2093,218,Q99683_S83,Non-alcoholic Fatty Liver Disease,Q99683,S
1192,218,P47196_S473,Non-alcoholic Fatty Liver Disease,P47196,S
1882,218,Q62600_S1176,Non-alcoholic Fatty Liver Disease,Q62600,S
1305,218,P53566_S193,Non-alcoholic Fatty Liver Disease,P53566,S
1995,218,Q923E4_S164,Non-alcoholic Fatty Liver Disease,Q923E4,S
2051,218,Q96EB6_S172,Non-alcoholic Fatty Liver Disease,Q96EB6,S
2311,218,Q9Z0Y9_S196,Non-alcoholic Fatty Liver Disease,Q9Z0Y9,S
94,218,O15503_T222,Non-alcoholic Fatty Liver Disease,O15503,T
1926,218,Q7Z5P4_S33,Non-alcoholic Fatty Liver Disease,Q7Z5P4,S
712,205,P15311_T567,Nasopharyngeal Carcinoma,P15311,T
1095,205,P40763_Y705,Nasopharyngeal Carcinoma,P40763,Y
463,205,P08559_S293,Nasopharyngeal Carcinoma,P08559,S
30,205,O00429_S616,Nasopharyngeal Carcinoma,O00429,S
31,205,O00429_S637,Nasopharyngeal Carcinoma,O00429,S
2180,205,Q9NVD7_S8,Nasopharyngeal Carcinoma,Q9NVD7,S
1006,205,P35222_Y654,Nasopharyngeal Carcinoma,P35222,Y
929,205,P29317_Y772,Nasopharyngeal Carcinoma,P29317,Y
1752,205,Q15654_Y55,Nasopharyngeal Carcinoma,Q15654,Y
122,205,O43474_S234,Nasopharyngeal Carcinoma,O43474,S
1405,205,P67809_S102,Nasopharyngeal Carcinoma,P67809,S
1101,291,P42224_S727,Wilms Tumor,P42224,S
999,291,P35222_S45,Wilms Tumor,P35222,S
1097,80,P41181_S256,"Diabetes Insipidus, Nephrogenic",P41181,S
1098,80,P41181_S261,"Diabetes Insipidus, Nephrogenic",P41181,S
1906,208,Q6X936_Y638,Nephrosis,Q6X936,Y
1905,208,Q6X936_Y637,Nephrosis,Q6X936,Y
2208,208,Q9R044_Y1228,Nephrosis,Q9R044,Y
2207,208,Q9R044_Y1204,Nephrosis,Q9R044,Y
933,208,P29351_Y536,Nephrosis,P29351,Y
931,208,P29350_Y536,Nephrosis,P29350,Y
1857,208,Q5SWU9_S79,Nephrosis,Q5SWU9,S
965,211,P31749_T308,Neuroblastoma,P31749,T
964,211,P31749_S473,Neuroblastoma,P31749,S
1642,211,Q13443_Y736,Neuroblastoma,Q13443,Y
2152,211,Q9H6X2_Y425,Neuroblastoma,Q9H6X2,Y
2253,211,Q9UPS8_Y296,Neuroblastoma,Q9UPS8,Y
330,211,P05067_Y757,Neuroblastoma,P05067,Y
720,211,P15529-4_Y357,Neuroblastoma,P15529-4,Y
872,211,P24941_Y15,Neuroblastoma,P24941,Y
1456,211,Q00535_Y15,Neuroblastoma,Q00535,Y
719,211,P15529-2_Y387,Neuroblastoma,P15529-2,Y
376,211,P06493_Y15,Neuroblastoma,P06493,Y
374,211,P06493_T14,Neuroblastoma,P06493,T
162,211,O60716_Y96,Neuroblastoma,O60716,Y
1971,211,Q8NE01_Y301,Neuroblastoma,Q8NE01,Y
707,211,P14923_Y480,Neuroblastoma,P14923,Y
1812,211,Q16832_Y740,Neuroblastoma,Q16832,Y
1811,211,Q16832_Y736,Neuroblastoma,Q16832,Y
929,211,P29317_Y772,Neuroblastoma,P29317,Y
2110,211,Q9BSJ8_Y822,Neuroblastoma,Q9BSJ8,Y
2088,211,Q99613_Y881,Neuroblastoma,Q99613,Y
1834,211,Q3V6T2_Y1799,Neuroblastoma,Q3V6T2,Y
835,211,P21802_Y656,Neuroblastoma,P21802,Y
1242,211,P49841_Y216,Neuroblastoma,P49841,Y
397,211,P06899_Y42,Neuroblastoma,P06899,Y
1282,211,P52272_Y64,Neuroblastoma,P52272,Y
432,211,P07948_Y397,Neuroblastoma,P07948,Y
452,211,P08069_Y1161,Neuroblastoma,P08069,Y
1309,211,P53778_Y185,Neuroblastoma,P53778,Y
453,211,P08069_Y1165,Neuroblastoma,P08069,Y
157,211,O60674_Y570,Neuroblastoma,O60674,Y
1038,211,P35580_Y1415,Neuroblastoma,P35580,Y
2041,211,Q96BF3_Y222,Neuroblastoma,Q96BF3,Y
2292,211,Q9Y4K4_Y31,Neuroblastoma,Q9Y4K4,Y
354,211,P06213_Y1185,Neuroblastoma,P06213,Y
2040,211,Q96BF3-2_Y188,Neuroblastoma,Q96BF3-2,Y
355,211,P06213_Y1189,Neuroblastoma,P06213,Y
2130,211,Q9C0B0_Y232,Neuroblastoma,Q9C0B0,Y
1079,211,P38159_Y255,Neuroblastoma,P38159,Y
211,211,O95297_Y263,Neuroblastoma,O95297,Y
2285,211,Q9Y4G6_Y72,Neuroblastoma,Q9Y4G6,Y
479,211,P08670_Y61,Neuroblastoma,P08670,Y
1962,211,Q8N5H7_Y316,Neuroblastoma,Q8N5H7,Y
1566,211,Q08174_Y897,Neuroblastoma,Q08174,Y
2131,211,Q9C0H9_Y396,Neuroblastoma,Q9C0H9,Y
1950,211,Q8IV08_Y7,Neuroblastoma,Q8IV08,Y
993,211,P34741_Y191,Neuroblastoma,P34741,Y
1373,211,P62140_Y306,Neuroblastoma,P62140,Y
1364,211,P61006_Y5,Neuroblastoma,P61006,Y
1885,211,Q63HR2_Y483,Neuroblastoma,Q63HR2,Y
1818,211,Q16881_Y281,Neuroblastoma,Q16881,Y
875,211,P25116_Y420,Neuroblastoma,P25116,Y
2000,211,Q92529_Y406,Neuroblastoma,Q92529,Y
775,211,P18077_Y34,Neuroblastoma,P18077,Y
2060,211,Q96GP6_Y628,Neuroblastoma,Q96GP6,Y
1539,211,Q05655_Y313,Neuroblastoma,Q05655,Y
1688,211,Q14195_T509,Neuroblastoma,Q14195,T
1687,211,Q14195_S518,Neuroblastoma,Q14195,S
1689,211,Q14195_T514,Neuroblastoma,Q14195,T
1241,211,P49841_S9,Neuroblastoma,P49841,S
179,211,O75116_T396,Neuroblastoma,O75116,T
270,211,P01106_T73,Neuroblastoma,P01106,T
316,211,P04637_S15,Neuroblastoma,P04637,S
317,211,P04637_S20,Neuroblastoma,P04637,S
1866,211,Q61029_T74,Neuroblastoma,Q61029,T
1865,211,Q61029_T159,Neuroblastoma,Q61029,T
1983,211,Q8VI36_S178,Neuroblastoma,Q8VI36,S
2240,211,Q9UM73_Y1507,Neuroblastoma,Q9UM73,Y
1863,211,Q61029_S176,Neuroblastoma,Q61029,S
1864,211,Q61029_S179,Neuroblastoma,Q61029,S
955,213,P30874_S341,Neuroendocrine Tumors,P30874,S
956,213,P30874_S343,Neuroendocrine Tumors,P30874,S
366,213,P06400_S807,Neuroendocrine Tumors,P06400,S
367,213,P06400_S811,Neuroendocrine Tumors,P06400,S
1095,214,P40763_Y705,Neurofibromatoses,P40763,Y
1107,214,P42227_Y705,Neurofibromatoses,P42227,Y
2268,215,Q9WV60_S389,Neuroinflammatory Diseases,Q9WV60,S
579,217,P10636-8_T153,Niemann-Pick Diseases,P10636-8,T
578,217,P10636-8_T149,Niemann-Pick Diseases,P10636-8,T
554,217,P10636-8_S202,Niemann-Pick Diseases,P10636-8,S
1981,218,Q8VCR2_S33,Non-alcoholic Fatty Liver Disease,Q8VCR2,S
1155,218,P46527_S10,Non-alcoholic Fatty Liver Disease,P46527,S
1000,232,P35222_S552,Pituitary Neoplasms,P35222,S
274,171,P02340_S18,"Lymphoma, Non-Hodgkin",P02340,S
1095,171,P40763_Y705,"Lymphoma, Non-Hodgkin",P40763,Y
346,263,P05627_S63,Skin Neoplasms,P05627,S
347,263,P05627_S73,Skin Neoplasms,P05627,S
263,50,P00533_Y869,"Carcinoma, Non-Small-Cell Lung",P00533,Y
230,50,O95819_T187,"Carcinoma, Non-Small-Cell Lung",O95819,T
93,50,O15503_S207,"Carcinoma, Non-Small-Cell Lung",O15503,S
1024,50,P35558_S90,"Carcinoma, Non-Small-Cell Lung",P35558,S
2301,50,Q9Y5U4_S151,"Carcinoma, Non-Small-Cell Lung",Q9Y5U4,S
1494,50,Q02952_T1760,"Carcinoma, Non-Small-Cell Lung",Q02952,T
1513,50,Q04726_S267,"Carcinoma, Non-Small-Cell Lung",Q04726,S
1512,50,Q04726_S217,"Carcinoma, Non-Small-Cell Lung",Q04726,S
833,50,P21796_S104,"Carcinoma, Non-Small-Cell Lung",P21796,S
1233,50,P49757_S438,"Carcinoma, Non-Small-Cell Lung",P49757,S
261,50,P00533_Y1172,"Carcinoma, Non-Small-Cell Lung",P00533,Y
259,50,P00533_Y1092,"Carcinoma, Non-Small-Cell Lung",P00533,Y
314,50,P04626_Y1248,"Carcinoma, Non-Small-Cell Lung",P04626,Y
1770,50,Q15797_S465,"Carcinoma, Non-Small-Cell Lung",Q15797,S
1027,50,P35568_S616,"Carcinoma, Non-Small-Cell Lung",P35568,S
258,50,P00533_Y1069,"Carcinoma, Non-Small-Cell Lung",P00533,Y
1769,50,Q15797_S463,"Carcinoma, Non-Small-Cell Lung",Q15797,S
957,50,P30999_S288,"Carcinoma, Non-Small-Cell Lung",P30999,S
797,50,P19338_T707,"Carcinoma, Non-Small-Cell Lung",P19338,T
796,50,P19338_T641,"Carcinoma, Non-Small-Cell Lung",P19338,T
916,50,P28290_S92,"Carcinoma, Non-Small-Cell Lung",P28290,S
1214,50,P48972_T490,"Carcinoma, Non-Small-Cell Lung",P48972,T
508,50,P10244_T487,"Carcinoma, Non-Small-Cell Lung",P10244,T
539,50,P10451_S219,"Carcinoma, Non-Small-Cell Lung",P10451,S
545,50,P10451_S62,"Carcinoma, Non-Small-Cell Lung",P10451,S
546,50,P10451_S63,"Carcinoma, Non-Small-Cell Lung",P10451,S
542,50,P10451_S258,"Carcinoma, Non-Small-Cell Lung",P10451,S
547,50,P10451_T190,"Carcinoma, Non-Small-Cell Lung",P10451,T
1821,50,Q2KJY2_S1953,"Carcinoma, Non-Small-Cell Lung",Q2KJY2,S
1822,50,Q2KJY2_S977,"Carcinoma, Non-Small-Cell Lung",Q2KJY2,S
1266,50,P51608-2_S435,"Carcinoma, Non-Small-Cell Lung",P51608-2,S
1267,50,P51608-2_S90,"Carcinoma, Non-Small-Cell Lung",P51608-2,S
1269,50,P51608-2_T491,"Carcinoma, Non-Small-Cell Lung",P51608-2,T
1268,50,P51608-2_S92,"Carcinoma, Non-Small-Cell Lung",P51608-2,S
1759,50,Q15750_S438,"Carcinoma, Non-Small-Cell Lung",Q15750,S
824,50,P20615_T133,"Carcinoma, Non-Small-Cell Lung",P20615,T
489,50,P09467_S170,"Carcinoma, Non-Small-Cell Lung",P09467,S
2048,50,Q96CX2_S200,"Carcinoma, Non-Small-Cell Lung",Q96CX2,S
2049,50,Q96CX2_T196,"Carcinoma, Non-Small-Cell Lung",Q96CX2,T
2047,50,Q96CX2_S187,"Carcinoma, Non-Small-Cell Lung",Q96CX2,S
2046,50,Q96CX2_S176,"Carcinoma, Non-Small-Cell Lung",Q96CX2,S
1051,50,P35869_S489,"Carcinoma, Non-Small-Cell Lung",P35869,S
642,50,P11387_S506,"Carcinoma, Non-Small-Cell Lung",P11387,S
1050,50,P35790_S279,"Carcinoma, Non-Small-Cell Lung",P35790,S
1606,50,Q13085_S80,"Carcinoma, Non-Small-Cell Lung",Q13085,S
2001,50,Q92560_S292,"Carcinoma, Non-Small-Cell Lung",Q92560,S
40,50,O00767_Y55,"Carcinoma, Non-Small-Cell Lung",O00767,Y
255,50,P00533_S768,"Carcinoma, Non-Small-Cell Lung",P00533,S
257,50,P00533_Y1016,"Carcinoma, Non-Small-Cell Lung",P00533,Y
262,50,P00533_Y1197,"Carcinoma, Non-Small-Cell Lung",P00533,Y
2154,50,Q9H8V3_T359,"Carcinoma, Non-Small-Cell Lung",Q9H8V3,T
1598,50,Q12959_T657,"Carcinoma, Non-Small-Cell Lung",Q12959,T
2165,50,Q9NPB6_S345,"Carcinoma, Non-Small-Cell Lung",Q9NPB6,S
783,50,P18848_S245,"Carcinoma, Non-Small-Cell Lung",P18848,S
1707,50,Q14457_Y352,"Carcinoma, Non-Small-Cell Lung",Q14457,Y
1705,50,Q14457_Y233,"Carcinoma, Non-Small-Cell Lung",Q14457,Y
1704,50,Q14457_Y229,"Carcinoma, Non-Small-Cell Lung",Q14457,Y
1621,50,Q13153_T423,"Carcinoma, Non-Small-Cell Lung",Q13153,T
1149,50,P46108_S41,"Carcinoma, Non-Small-Cell Lung",P46108,S
208,50,O95140_S442,"Carcinoma, Non-Small-Cell Lung",O95140,S
798,50,P19338_T76,"Carcinoma, Non-Small-Cell Lung",P19338,T
205,50,O94925-3_S314,"Carcinoma, Non-Small-Cell Lung",O94925-3,S
436,50,P07954_S46,"Carcinoma, Non-Small-Cell Lung",P07954,S
1157,50,P46527_T187,"Carcinoma, Non-Small-Cell Lung",P46527,T
1619,50,Q13153_S204,"Carcinoma, Non-Small-Cell Lung",Q13153,S
1620,50,Q13153_T212,"Carcinoma, Non-Small-Cell Lung",Q13153,T
1618,50,Q13153_S144,"Carcinoma, Non-Small-Cell Lung",Q13153,S
2170,50,Q9NR19_S659,"Carcinoma, Non-Small-Cell Lung",Q9NR19,S
1375,50,P62753_S236,"Carcinoma, Non-Small-Cell Lung",P62753,S
1374,50,P62753_S235,"Carcinoma, Non-Small-Cell Lung",P62753,S
1628,50,Q13177_S141,"Carcinoma, Non-Small-Cell Lung",Q13177,S
1352,50,P60174-3_S58,"Carcinoma, Non-Small-Cell Lung",P60174-3,S
1299,50,P53350_T210,"Carcinoma, Non-Small-Cell Lung",P53350,T
1217,50,P49023_S126,"Carcinoma, Non-Small-Cell Lung",P49023,S
206,50,O94925_S314,"Carcinoma, Non-Small-Cell Lung",O94925,S
256,50,P00533_T790,"Carcinoma, Non-Small-Cell Lung",P00533,T
1359,50,P60484_T382,"Carcinoma, Non-Small-Cell Lung",P60484,T
1360,50,P60484_T383,"Carcinoma, Non-Small-Cell Lung",P60484,T
244,50,O96017_T68,"Carcinoma, Non-Small-Cell Lung",O96017,T
1661,50,Q13541_T37,"Carcinoma, Non-Small-Cell Lung",Q13541,T
1798,50,Q16555_T514,"Carcinoma, Non-Small-Cell Lung",Q16555,T
1662,50,Q13541_T46,"Carcinoma, Non-Small-Cell Lung",Q13541,T
1595,50,Q12933_T117,"Carcinoma, Non-Small-Cell Lung",Q12933,T
965,50,P31749_T308,"Carcinoma, Non-Small-Cell Lung",P31749,T
844,50,P23396_T221,"Carcinoma, Non-Small-Cell Lung",P23396,T
1796,50,Q16555_S522,"Carcinoma, Non-Small-Cell Lung",Q16555,S
2064,50,Q96KB5_T9,"Carcinoma, Non-Small-Cell Lung",Q96KB5,T
2214,50,Q9UD71_T34,"Carcinoma, Non-Small-Cell Lung",Q9UD71,T
341,50,P05412_T239,"Carcinoma, Non-Small-Cell Lung",P05412,T
127,50,O43524_T32,"Carcinoma, Non-Small-Cell Lung",O43524,T
1297,50,P52735_Y172,"Carcinoma, Non-Small-Cell Lung",P52735,Y
1524,50,Q05397_Y397,"Carcinoma, Non-Small-Cell Lung",Q05397,Y
245,50,P00338_Y10,"Carcinoma, Non-Small-Cell Lung",P00338,Y
2240,50,Q9UM73_Y1507,"Carcinoma, Non-Small-Cell Lung",Q9UM73,Y
1698,50,Q14289_Y881,"Carcinoma, Non-Small-Cell Lung",Q14289,Y
2024,50,Q92945_S395,"Carcinoma, Non-Small-Cell Lung",Q92945,S
1738,50,Q15116_S261,"Carcinoma, Non-Small-Cell Lung",Q15116,S
2195,50,Q9NZI5_S76,"Carcinoma, Non-Small-Cell Lung",Q9NZI5,S
1809,50,Q16659_S189,"Carcinoma, Non-Small-Cell Lung",Q16659,S
999,50,P35222_S45,"Carcinoma, Non-Small-Cell Lung",P35222,S
1117,50,P42345_S2448,"Carcinoma, Non-Small-Cell Lung",P42345,S
964,50,P31749_S473,"Carcinoma, Non-Small-Cell Lung",P31749,S
968,50,P31750_S473,"Carcinoma, Non-Small-Cell Lung",P31750,S
1934,50,Q8BFP9_Y136,"Carcinoma, Non-Small-Cell Lung",Q8BFP9,Y
2314,50,Q9Z1X1_Y993,"Carcinoma, Non-Small-Cell Lung",Q9Z1X1,Y
1241,50,P49841_S9,"Carcinoma, Non-Small-Cell Lung",P49841,S
996,50,P35222_S311,"Carcinoma, Non-Small-Cell Lung",P35222,S
1557,50,Q07820_S159,"Carcinoma, Non-Small-Cell Lung",Q07820,S
1653,50,Q13509_S172,"Carcinoma, Non-Small-Cell Lung",Q13509,S
760,50,P17480_S412,"Carcinoma, Non-Small-Cell Lung",P17480,S
861,50,P23921_S631,"Carcinoma, Non-Small-Cell Lung",P23921,S
696,50,P14618_S37,"Carcinoma, Non-Small-Cell Lung",P14618,S
1609,50,Q13131_T183,"Carcinoma, Non-Small-Cell Lung",Q13131,T
385,50,P06730_S209,"Carcinoma, Non-Small-Cell Lung",P06730,S
1191,50,P46940_S480,"Carcinoma, Non-Small-Cell Lung",P46940,S
1958,221,Q8K1M6_S637,Osteoarthritis,Q8K1M6,S
2267,221,Q9WUN2_S172,Osteoarthritis,Q9WUN2,S
1175,221,P46937_S127,Osteoarthritis,P46937,S
1192,221,P47196_S473,Osteoarthritis,P47196,S
1382,221,P62755_S236,Osteoarthritis,P62755,S
1381,221,P62755_S235,Osteoarthritis,P62755,S
1036,220,P35570_S307,Obesity,P35570,S
1072,220,P37238_S112,Obesity,P37238,S
869,220,P24529_S40,Obesity,P24529,S
986,220,P33778_S36,Obesity,P33778,S
964,220,P31749_S473,Obesity,P31749,S
1531,220,Q05469_S853,Obesity,Q05469,S
1533,220,Q05469_S950,Obesity,Q05469,S
1448,220,P97471_S343,Obesity,P97471,S
1321,220,P55014_S126,Obesity,P55014,S
1648,220,Q13485_T277,Obesity,Q13485,T
965,220,P31749_T308,Obesity,P31749,T
1193,220,P47196_T308,Obesity,P47196,T
1996,220,Q923E4_S46,Obesity,Q923E4,S
1941,220,Q8BUN5_S204,Obesity,Q8BUN5,S
1881,220,Q62432_S245,Obesity,Q62432,S
1956,220,Q8JZU2_T155,Obesity,Q8JZU2,T
2289,220,Q9Y4H2_S388,Obesity,Q9Y4H2,S
1030,220,P35569_S265,Obesity,P35569,S
1031,220,P35569_S302,Obesity,P35569,S
1034,220,P35569_S632,Obesity,P35569,S
1029,220,P35569_S1097,Obesity,P35569,S
1205,220,P48356_Y985,Obesity,P48356,Y
1426,220,P70313_S1176,Obesity,P70313,S
1806,220,Q16620_Y706,Obesity,Q16620,Y
1577,220,Q10728_T697,Obesity,Q10728,T
1532,220,Q05469_S855,Obesity,Q05469,S
1940,220,Q8BSK8_T412,Obesity,Q8BSK8,T
1882,220,Q62600_S1176,Obesity,Q62600,S
1894,220,Q6PHU5_S791,Obesity,Q6PHU5,S
2290,220,Q9Y4H2_S391,Obesity,Q9Y4H2,S
1447,220,P97471_S342,Obesity,P97471,S
1958,220,Q8K1M6_S637,Obesity,Q8K1M6,S
1204,220,P48356_Y1138,Obesity,P48356,Y
1203,220,P48356_Y1077,Obesity,P48356,Y
2194,242,Q9NZC7_Y33,Pterygium,Q9NZC7,Y
92,242,O15392_T34,Pterygium,O15392,T
1208,188,P48431_Y277,Mouth Neoplasms,P48431,Y
30,188,O00429_S616,Mouth Neoplasms,O00429,S
390,267,P06748_S125,Squamous Cell Carcinoma of Head and Neck,P06748,S
1156,267,P46527_T157,Squamous Cell Carcinoma of Head and Neck,P46527,T
92,267,O15392_T34,Squamous Cell Carcinoma of Head and Neck,O15392,T
672,267,P12931_Y419,Squamous Cell Carcinoma of Head and Neck,P12931,Y
1219,267,P49023_Y118,Squamous Cell Carcinoma of Head and Neck,P49023,Y
2293,267,Q9Y4P1_S383,Squamous Cell Carcinoma of Head and Neck,Q9Y4P1,S
2294,267,Q9Y4P1_S392,Squamous Cell Carcinoma of Head and Neck,Q9Y4P1,S
1504,267,Q04206_S536,Squamous Cell Carcinoma of Head and Neck,Q04206,S
1858,267,Q60598_Y466,Squamous Cell Carcinoma of Head and Neck,Q60598,Y
1524,267,Q05397_Y397,Squamous Cell Carcinoma of Head and Neck,Q05397,Y
1457,267,Q00612_Y437,Squamous Cell Carcinoma of Head and Neck,Q00612,Y
725,267,P15927_S4,Squamous Cell Carcinoma of Head and Neck,P15927,S
726,267,P15927_S8,Squamous Cell Carcinoma of Head and Neck,P15927,S
352,267,P05787_S74,Squamous Cell Carcinoma of Head and Neck,P05787,S
351,267,P05787_S432,Squamous Cell Carcinoma of Head and Neck,P05787,S
1000,221,P35222_S552,Osteoarthritis,P35222,S
2175,222,Q9NRM7_S835,Osteosarcoma,Q9NRM7,S
1433,32,P70670_S2015,"Bone Diseases, Metabolic",P70670,S
390,222,P06748_S125,Osteosarcoma,P06748,S
1876,222,Q61937_S125,Osteosarcoma,Q61937,S
1965,222,Q8N6T7_S338,Osteosarcoma,Q8N6T7,S
1579,222,Q12772_T610,Osteosarcoma,Q12772,T
632,222,P11021_T69,Osteosarcoma,P11021,T
442,222,P08047_T278,Osteosarcoma,P08047,T
25,222,O00257_T437,Osteosarcoma,O00257,T
1524,222,Q05397_Y397,Osteosarcoma,Q05397,Y
964,222,P31749_S473,Osteosarcoma,P31749,S
1618,222,Q13153_S144,Osteosarcoma,Q13153,S
642,223,P11387_S506,Ovarian Neoplasms,P11387,S
1777,223,Q15910_T311,Ovarian Neoplasms,Q15910,T
1459,223,Q00613_S307,Ovarian Neoplasms,Q00613,S
1458,223,Q00613_S303,Ovarian Neoplasms,Q00613,S
1919,223,Q7KZF4_S426,Ovarian Neoplasms,Q7KZF4,S
1258,223,P51532_S699,Ovarian Neoplasms,P51532,S
1041,223,P35606_T861,Ovarian Neoplasms,P35606,T
1039,223,P35606_S859,Ovarian Neoplasms,P35606,S
1507,223,Q04695_S13,Ovarian Neoplasms,Q04695,S
1510,223,Q04695_S39,Ovarian Neoplasms,Q04695,S
1508,223,Q04695_S24,Ovarian Neoplasms,Q04695,S
1509,223,Q04695_S32,Ovarian Neoplasms,Q04695,S
1310,223,P53985_S467,Ovarian Neoplasms,P53985,S
2001,223,Q92560_S292,Ovarian Neoplasms,Q92560,S
226,223,O95758-2_S30,Ovarian Neoplasms,O95758-2,S
833,223,P21796_S104,Ovarian Neoplasms,P21796,S
972,223,P31751_S474,Ovarian Neoplasms,P31751,S
762,223,P17535_S100,Ovarian Neoplasms,P17535,S
2276,223,Q9Y2H5_S455,Ovarian Neoplasms,Q9Y2H5,S
997,223,P35222_S33,Ovarian Neoplasms,P35222,S
78,223,O15061_S429,Ovarian Neoplasms,O15061,S
1890,223,Q68CZ2_S1441,Ovarian Neoplasms,Q68CZ2,S
2288,223,Q9Y4H2_S1100,Ovarian Neoplasms,Q9Y4H2,S
1914,223,Q6ZS17_S453,Ovarian Neoplasms,Q6ZS17,S
340,223,P05412_S73,Ovarian Neoplasms,P05412,S
1620,223,Q13153_T212,Ovarian Neoplasms,Q13153,T
1629,223,Q13177_S20,Ovarian Neoplasms,Q13177,S
1621,223,Q13153_T423,Ovarian Neoplasms,Q13153,T
1117,223,P42345_S2448,Ovarian Neoplasms,P42345,S
964,223,P31749_S473,Ovarian Neoplasms,P31749,S
1241,223,P49841_S9,Ovarian Neoplasms,P49841,S
1599,223,Q13043_T120,Ovarian Neoplasms,Q13043,T
1600,223,Q13043_T183,Ovarian Neoplasms,Q13043,T
317,223,P04637_S20,Ovarian Neoplasms,P04637,S
319,223,P04637_S392,Ovarian Neoplasms,P04637,S
837,223,P21860_Y1289,Ovarian Neoplasms,P21860,Y
965,223,P31749_T308,Ovarian Neoplasms,P31749,T
2022,223,Q92934_S75,Ovarian Neoplasms,Q92934,S
2023,223,Q92934_S99,Ovarian Neoplasms,Q92934,S
2021,223,Q92934_S118,Ovarian Neoplasms,Q92934,S
271,223,P01106_Y89,Ovarian Neoplasms,P01106,Y
1200,223,P48025_Y520,Ovarian Neoplasms,P48025,Y
1199,223,P48025_Y519,Ovarian Neoplasms,P48025,Y
2260,223,Q9UQQ2_S150,Ovarian Neoplasms,Q9UQQ2,S
1460,223,Q00613_S326,Ovarian Neoplasms,Q00613,S
366,223,P06400_S807,Ovarian Neoplasms,P06400,S
369,223,P06400_T356,Ovarian Neoplasms,P06400,T
232,223,O95863_S107,Ovarian Neoplasms,O95863,S
1053,223,P35918_Y949,Ovarian Neoplasms,P35918,Y
705,223,P14921_T265,Ovarian Neoplasms,P14921,T
704,223,P14921_S269,Ovarian Neoplasms,P14921,S
1010,223,P35232_Y259,Ovarian Neoplasms,P35232,Y
631,223,P10809_S70,Ovarian Neoplasms,P10809,S
430,223,P07947_Y426,Ovarian Neoplasms,P07947,Y
357,223,P06239_Y394,Ovarian Neoplasms,P06239,Y
672,223,P12931_Y419,Ovarian Neoplasms,P12931,Y
429,223,P07947_T427,Ovarian Neoplasms,P07947,T
356,223,P06239_T395,Ovarian Neoplasms,P06239,T
360,223,P06241_T421,Ovarian Neoplasms,P06241,T
670,223,P12931_T420,Ovarian Neoplasms,P12931,T
361,223,P06241_Y420,Ovarian Neoplasms,P06241,Y
1740,223,Q15121_S104,Ovarian Neoplasms,Q15121,S
1741,223,Q15121_S116,Ovarian Neoplasms,Q15121,S
54,223,O14654_Y779,Ovarian Neoplasms,O14654,Y
57,223,O14654_Y921,Ovarian Neoplasms,O14654,Y
56,223,O14654_Y847,Ovarian Neoplasms,O14654,Y
55,223,O14654_Y828,Ovarian Neoplasms,O14654,Y
53,223,O14654_Y656,Ovarian Neoplasms,O14654,Y
2050,223,Q96EA4_S555,Ovarian Neoplasms,Q96EA4,S
1758,223,Q15746_S343,Ovarian Neoplasms,Q15746,S
2037,223,Q96AE4_S630,Ovarian Neoplasms,Q96AE4,S
2038,223,Q96AE4_S99,Ovarian Neoplasms,Q96AE4,S
1524,223,Q05397_Y397,Ovarian Neoplasms,Q05397,Y
1269,223,P51608-2_T491,Ovarian Neoplasms,P51608-2,T
1262,223,P51608-2_S241,Ovarian Neoplasms,P51608-2,S
1268,223,P51608-2_S92,Ovarian Neoplasms,P51608-2,S
910,223,P27987_S174,Ovarian Neoplasms,P27987,S
1294,223,P52701_S830,Ovarian Neoplasms,P52701,S
1354,223,P60484_S179,Ovarian Neoplasms,P60484,S
1156,223,P46527_T157,Ovarian Neoplasms,P46527,T
1661,223,Q13541_T37,Ovarian Neoplasms,Q13541,T
851,223,P23443_T412,Ovarian Neoplasms,P23443,T
1873,223,Q61337_S155,Ovarian Neoplasms,Q61337,S
1872,223,Q61337_S136,Ovarian Neoplasms,Q61337,S
1871,223,Q61337_S112,Ovarian Neoplasms,Q61337,S
2030,223,Q92995_T122,Ovarian Neoplasms,Q92995,T
1803,223,Q16584_T477,Ovarian Neoplasms,Q16584,T
100,223,O15551_T192,Ovarian Neoplasms,O15551,T
1147,223,P45985_Y269,Ovarian Neoplasms,P45985,Y
1148,223,P45985_Y307,Ovarian Neoplasms,P45985,Y
1346,223,P56945_Y410,Ovarian Neoplasms,P56945,Y
2240,223,Q9UM73_Y1507,Ovarian Neoplasms,Q9UM73,Y
163,223,O60885_S492,Ovarian Neoplasms,O60885,S
164,223,O60885_S494,Ovarian Neoplasms,O60885,S
1801,223,Q16584_S548,Ovarian Neoplasms,Q16584,S
1802,223,Q16584_S770,Ovarian Neoplasms,Q16584,S
2284,223,Q9Y490_S425,Ovarian Neoplasms,Q9Y490,S
58,223,O14672_S436,Ovarian Neoplasms,O14672,S
1117,51,P42345_S2448,"Carcinoma, Ovarian Epithelial",P42345,S
1661,51,Q13541_T37,"Carcinoma, Ovarian Epithelial",Q13541,T
851,51,P23443_T412,"Carcinoma, Ovarian Epithelial",P23443,T
1662,51,Q13541_T46,"Carcinoma, Ovarian Epithelial",Q13541,T
1609,51,Q13131_T183,"Carcinoma, Ovarian Epithelial",Q13131,T
1772,51,Q15831_S428,"Carcinoma, Ovarian Epithelial",Q15831,S
1524,51,Q05397_Y397,"Carcinoma, Ovarian Epithelial",Q05397,Y
964,51,P31749_S473,"Carcinoma, Ovarian Epithelial",P31749,S
101,135,O15553_S242,Inflammation,O15553,S
208,243,O95140_S442,Pulmonary Arterial Hypertension,O95140,S
765,243,P17655_S50,Pulmonary Arterial Hypertension,P17655,S
764,243,P17655_S369,Pulmonary Arterial Hypertension,P17655,S
463,243,P08559_S293,Pulmonary Arterial Hypertension,P08559,S
502,243,P0DMV8_S631,Pulmonary Arterial Hypertension,P0DMV8,S
1977,243,Q8R0I0_S680,Pulmonary Arterial Hypertension,Q8R0I0,S
714,243,P15337-1_S133,Pulmonary Arterial Hypertension,P15337-1,S
1054,243,P35968_Y1175,Pulmonary Arterial Hypertension,P35968,Y
1190,243,P46938_S112,Pulmonary Arterial Hypertension,P46938,S
2232,243,Q9UKT9_S378,Pulmonary Arterial Hypertension,Q9UKT9,S
2132,243,Q9CZ30_T325,Pulmonary Arterial Hypertension,Q9CZ30,T
30,243,O00429_S616,Pulmonary Arterial Hypertension,O00429,S
351,224,P05787_S432,Pancreatic Neoplasms,P05787,S
63,224,O14746_T249,Pancreatic Neoplasms,O14746,T
1352,224,P60174-3_S58,Pancreatic Neoplasms,P60174-3,S
1241,224,P49841_S9,Pancreatic Neoplasms,P49841,S
964,224,P31749_S473,Pancreatic Neoplasms,P31749,S
1117,224,P42345_S2448,Pancreatic Neoplasms,P42345,S
637,224,P11233_S194,Pancreatic Neoplasms,P11233,S
965,224,P31749_T308,Pancreatic Neoplasms,P31749,T
1481,224,Q02078_Y105,Pancreatic Neoplasms,Q02078,Y
1754,224,Q15691_T206,Pancreatic Neoplasms,Q15691,T
735,224,P16144_Y1510,Pancreatic Neoplasms,P16144,Y
2174,224,Q9NRM6_Y447,Pancreatic Neoplasms,Q9NRM6,Y
1095,224,P40763_Y705,Pancreatic Neoplasms,P40763,Y
1672,224,Q13625_S556,Pancreatic Neoplasms,Q13625,S
1673,224,Q13625_S698,Pancreatic Neoplasms,Q13625,S
321,224,P04792_S15,Pancreatic Neoplasms,P04792,S
322,224,P04792_S78,Pancreatic Neoplasms,P04792,S
323,224,P04792_S82,Pancreatic Neoplasms,P04792,S
233,224,O95863_S11,Pancreatic Neoplasms,O95863,S
1674,224,Q13625_S827,Pancreatic Neoplasms,Q13625,S
1143,224,P45983_T183,Pancreatic Neoplasms,P45983,T
1167,224,P46531_T2132,Pancreatic Neoplasms,P46531,T
1299,224,P53350_T210,Pancreatic Neoplasms,P53350,T
1544,224,Q05D32_T86,Pancreatic Neoplasms,Q05D32,T
1804,224,Q16584_T738,Pancreatic Neoplasms,Q16584,T
1726,224,Q14814_Y131,Pancreatic Neoplasms,Q14814,Y
1727,224,Q14814_Y333,Pancreatic Neoplasms,Q14814,Y
1728,224,Q14814_Y337,Pancreatic Neoplasms,Q14814,Y
1885,224,Q63HR2_Y483,Pancreatic Neoplasms,Q63HR2,Y
1924,224,Q7Z2W7_Y1022,Pancreatic Neoplasms,Q7Z2W7,Y
1931,224,Q86UY5_Y138,Pancreatic Neoplasms,Q86UY5,Y
1144,224,P45983_Y185,Pancreatic Neoplasms,P45983,Y
146,224,O60331_Y639,Pancreatic Neoplasms,O60331,Y
967,224,P31749_Y176,Pancreatic Neoplasms,P31749,Y
699,224,P14618_Y105,Pancreatic Neoplasms,P14618,Y
1242,224,P49841_Y216,Pancreatic Neoplasms,P49841,Y
1908,224,Q6ZN17_S243,Pancreatic Neoplasms,Q6ZN17,S
30,224,O00429_S616,Pancreatic Neoplasms,O00429,S
1608,224,Q13131_S486,Pancreatic Neoplasms,Q13131,S
1930,224,Q86TI0_S660,Pancreatic Neoplasms,Q86TI0,S
364,224,P06400_S780,Pancreatic Neoplasms,P06400,S
366,224,P06400_S807,Pancreatic Neoplasms,P06400,S
367,224,P06400_S811,Pancreatic Neoplasms,P06400,S
386,224,P06733_S419,Pancreatic Neoplasms,P06733,S
1091,224,P40763_S727,Pancreatic Neoplasms,P40763,S
70,224,O14920_S177,Pancreatic Neoplasms,O14920,S
71,224,O14920_S181,Pancreatic Neoplasms,O14920,S
261,224,P00533_Y1172,Pancreatic Neoplasms,P00533,Y
1218,224,P49023_S178,Pancreatic Neoplasms,P49023,S
1161,224,P46531_S2136,Pancreatic Neoplasms,P46531,S
1162,224,P46531_S2141,Pancreatic Neoplasms,P46531,S
2166,224,Q9NPF5_Y246,Pancreatic Neoplasms,Q9NPF5,Y
1476,224,Q01518_S308,Pancreatic Neoplasms,Q01518,S
1477,224,Q01518_S310,Pancreatic Neoplasms,Q01518,S
63,52,O14746_T249,"Carcinoma, Pancreatic Ductal",O14746,T
1512,52,Q04726_S217,"Carcinoma, Pancreatic Ductal",Q04726,S
756,52,P17302_S368,"Carcinoma, Pancreatic Ductal",P17302,S
755,52,P17302_S282,"Carcinoma, Pancreatic Ductal",P17302,S
754,52,P17302_S279,"Carcinoma, Pancreatic Ductal",P17302,S
391,52,P06748_S48,"Carcinoma, Pancreatic Ductal",P06748,S
735,52,P16144_Y1510,"Carcinoma, Pancreatic Ductal",P16144,Y
771,52,P17844_Y593,"Carcinoma, Pancreatic Ductal",P17844,Y
281,52,P02545_S392,"Carcinoma, Pancreatic Ductal",P02545,S
249,52,P00519-2_Y204,"Carcinoma, Pancreatic Ductal",P00519-2,Y
1746,52,Q15418_T573,"Carcinoma, Pancreatic Ductal",Q15418,T
1683,52,Q14012_T177,"Carcinoma, Pancreatic Ductal",Q14012,T
745,52,P16885_Y753,"Carcinoma, Pancreatic Ductal",P16885,Y
1028,52,P35568_S636,"Carcinoma, Pancreatic Ductal",P35568,S
306,52,P04049_Y341,"Carcinoma, Pancreatic Ductal",P04049,Y
192,52,O75582_S376,"Carcinoma, Pancreatic Ductal",O75582,S
269,52,P01106_S77,"Carcinoma, Pancreatic Ductal",P01106,S
267,52,P01100_T232,"Carcinoma, Pancreatic Ductal",P01100,T
962,52,P31749_S124,"Carcinoma, Pancreatic Ductal",P31749,S
303,52,P04049_S296,"Carcinoma, Pancreatic Ductal",P04049,S
351,52,P05787_S432,"Carcinoma, Pancreatic Ductal",P05787,S
1762,52,Q15796_S250,"Carcinoma, Pancreatic Ductal",Q15796,S
740,52,P16234_Y849,"Carcinoma, Pancreatic Ductal",P16234,Y
1775,52,Q15835_S21,"Carcinoma, Pancreatic Ductal",Q15835,S
1331,52,P55957_S78,"Carcinoma, Pancreatic Ductal",P55957,S
1766,52,Q15796_T220,"Carcinoma, Pancreatic Ductal",Q15796,T
1767,52,Q15797_S187,"Carcinoma, Pancreatic Ductal",Q15797,S
1410,52,P68032_Y55,"Carcinoma, Pancreatic Ductal",P68032,Y
848,52,P23443-2_T421,"Carcinoma, Pancreatic Ductal",P23443-2,T
845,52,P23443-2_S371,"Carcinoma, Pancreatic Ductal",P23443-2,S
846,52,P23443-2_S418,"Carcinoma, Pancreatic Ductal",P23443-2,S
2183,52,Q9NWZ3_T345,"Carcinoma, Pancreatic Ductal",Q9NWZ3,T
1504,52,Q04206_S536,"Carcinoma, Pancreatic Ductal",Q04206,S
1424,52,P70284_T239,"Carcinoma, Pancreatic Ductal",P70284,T
1423,52,P70284_T235,"Carcinoma, Pancreatic Ductal",P70284,T
1074,52,P37802_S145,"Carcinoma, Pancreatic Ductal",P37802,S
171,52,O70405_S405,"Carcinoma, Pancreatic Ductal",O70405,S
172,52,O70405_S415,"Carcinoma, Pancreatic Ductal",O70405,S
1857,52,Q5SWU9_S79,"Carcinoma, Pancreatic Ductal",Q5SWU9,S
1656,52,Q13526_S138,"Carcinoma, Pancreatic Ductal",Q13526,S
1323,52,P55072_S784,"Carcinoma, Pancreatic Ductal",P55072,S
1966,52,Q8N9L9_S392,"Carcinoma, Pancreatic Ductal",Q8N9L9,S
1524,52,Q05397_Y397,"Carcinoma, Pancreatic Ductal",Q05397,Y
1792,52,Q16539_Y182,"Carcinoma, Pancreatic Ductal",Q16539,Y
1791,52,Q16539_T180,"Carcinoma, Pancreatic Ductal",Q16539,T
1316,52,P54646_T172,"Carcinoma, Pancreatic Ductal",P54646,T
1633,52,Q13188_T180,"Carcinoma, Pancreatic Ductal",Q13188,T
2048,52,Q96CX2_S200,"Carcinoma, Pancreatic Ductal",Q96CX2,S
2049,52,Q96CX2_T196,"Carcinoma, Pancreatic Ductal",Q96CX2,T
2046,52,Q96CX2_S176,"Carcinoma, Pancreatic Ductal",Q96CX2,S
2047,52,Q96CX2_S187,"Carcinoma, Pancreatic Ductal",Q96CX2,S
279,52,P02545_S22,"Carcinoma, Pancreatic Ductal",P02545,S
2197,52,Q9NZQ7_T210,"Carcinoma, Pancreatic Ductal",Q9NZQ7,T
459,52,P08151_T394,"Carcinoma, Pancreatic Ductal",P08151,T
1529,52,Q05397_Y925,"Carcinoma, Pancreatic Ductal",Q05397,Y
1814,52,Q16875_S467,"Carcinoma, Pancreatic Ductal",Q16875,S
1932,52,Q86W50_S419,"Carcinoma, Pancreatic Ductal",Q86W50,S
86,52,O15379_S424,"Carcinoma, Pancreatic Ductal",O15379,S
1177,52,P46937_S227,"Carcinoma, Pancreatic Ductal",P46937,S
1635,52,Q13243_S250,"Carcinoma, Pancreatic Ductal",Q13243,S
456,52,P08151_S1089,"Carcinoma, Pancreatic Ductal",P08151,S
2125,52,Q9BZS1_S418,"Carcinoma, Pancreatic Ductal",Q9BZS1,S
2222,52,Q9UHB7_S388,"Carcinoma, Pancreatic Ductal",Q9UHB7,S
170,225,O70377_S95,Pancreatitis,O70377,S
169,225,O70377_S120,Pancreatitis,O70377,S
964,279,P31749_S473,"Thyroid Cancer, Papillary",P31749,S
1156,279,P46527_T157,"Thyroid Cancer, Papillary",P46527,T
1158,279,P46527_T198,"Thyroid Cancer, Papillary",P46527,T
1524,279,Q05397_Y397,"Thyroid Cancer, Papillary",Q05397,Y
646,279,P11802_T172,"Thyroid Cancer, Papillary",P11802,T
1241,226,P49841_S9,Papilloma,P49841,S
138,228,O55042_S129,Paraplegia,O55042,S
1578,228,Q12756-3_S1758,Paraplegia,Q12756-3,S
1075,229,P37840_S129,Parkinson Disease,P37840,S
121,229,O43464_S142,Parkinson Disease,O43464,S
570,229,P10636-8_S404,Parkinson Disease,P10636-8,S
581,229,P10636-8_T181,Parkinson Disease,P10636-8,T
568,229,P10636-8_S396,Parkinson Disease,P10636-8,S
575,229,P10636-8_S422,Parkinson Disease,P10636-8,S
561,229,P10636-8_S262,Parkinson Disease,P10636-8,S
585,229,P10636-8_T231,Parkinson Disease,P10636-8,T
142,229,O60260_S131,Parkinson Disease,O60260,S
1138,229,P43354_S125,Parkinson Disease,P43354,S
977,229,P32119_T89,Parkinson Disease,P32119,T
138,229,O55042_S129,Parkinson Disease,O55042,S
2194,229,Q9NZC7_Y33,Parkinson Disease,Q9NZC7,Y
1019,229,P35439_S890,Parkinson Disease,P35439,S
1021,229,P35439_S897,Parkinson Disease,P35439,S
1020,229,P35439_S896,Parkinson Disease,P35439,S
921,229,P28352_T232,Parkinson Disease,P28352,T
964,229,P31749_S473,Parkinson Disease,P31749,S
1849,229,Q5S006_S910,Parkinson Disease,Q5S006,S
1850,229,Q5S006_S935,Parkinson Disease,Q5S006,S
144,229,O60260_Y143,Parkinson Disease,O60260,Y
2162,229,Q9JIY5_S400,Parkinson Disease,Q9JIY5,S
614,229,P10637_S494,Parkinson Disease,P10637,S
620,229,P10637_S696,Parkinson Disease,P10637,S
619,229,P10637_S688,Parkinson Disease,P10637,S
617,229,P10637_S554,Parkinson Disease,P10637,S
2270,229,Q9WV60_Y216,Parkinson Disease,Q9WV60,Y
2123,229,Q9BXM7_T257,Parkinson Disease,Q9BXM7,T
143,229,O60260_S65,Parkinson Disease,O60260,S
2124,229,Q9BXM7_T313,Parkinson Disease,Q9BXM7,T
2106,229,Q99LC3_S250,Parkinson Disease,Q99LC3,S
621,229,P10637_S701,Parkinson Disease,P10637,S
624,229,P10637_T497,Parkinson Disease,P10637,T
625,229,P10637_T504,Parkinson Disease,P10637,T
616,229,P10637_S527,Parkinson Disease,P10637,S
618,229,P10637_S648,Parkinson Disease,P10637,S
622,229,P10637_S714,Parkinson Disease,P10637,S
1403,229,P67775_Y307,Parkinson Disease,P67775,Y
567,229,P10636-8_S356,Parkinson Disease,P10636-8,S
573,229,P10636-8_S413,Parkinson Disease,P10636-8,S
560,229,P10636-8_S238,Parkinson Disease,P10636-8,S
558,229,P10636-8_S235,Parkinson Disease,P10636-8,S
582,229,P10636-8_T205,Parkinson Disease,P10636-8,T
554,229,P10636-8_S202,Parkinson Disease,P10636-8,S
571,229,P10636-8_S409,Parkinson Disease,P10636-8,S
583,229,P10636-8_T212,Parkinson Disease,P10636-8,T
32,229,O00429_T595,Parkinson Disease,O00429,T
2163,229,Q9JK48_T145,Parkinson Disease,Q9JK48,T
1851,229,Q5S007_S1292,Parkinson Disease,Q5S007,S
1385,229,P62988_S65,Parkinson Disease,P62988,S
898,229,P27348_S232,Parkinson Disease,P27348,S
1397,229,P63104_S58,Parkinson Disease,P63104,S
945,229,P30086_T42,Parkinson Disease,P30086,T
1904,229,Q6UUV9_S215,Parkinson Disease,Q6UUV9,S
1078,229,P37840_Y39,Parkinson Disease,P37840,Y
107,229,O35426_S61,Parkinson Disease,O35426,S
108,229,O35426_T48,Parkinson Disease,O35426,T
1241,229,P49841_S9,Parkinson Disease,P49841,S
1242,229,P49841_Y216,Parkinson Disease,P49841,Y
1951,229,Q8IV63_S108,Parkinson Disease,Q8IV63,S
721,229,P15559_T128,Parkinson Disease,P15559,T
401,229,P07101_S71,Parkinson Disease,P07101,S
239,229,O96013_S474,Parkinson Disease,O96013,S
30,229,O00429_S616,Parkinson Disease,O00429,S
1898,229,Q6SZW1_S548,Parkinson Disease,Q6SZW1,S
1853,229,Q5S007_S935,Parkinson Disease,Q5S007,S
1891,229,Q6NUN9_Y137,Parkinson Disease,Q6NUN9,Y
361,229,P06241_Y420,Parkinson Disease,P06241,Y
1368,229,P61026_T73,Parkinson Disease,P61026,T
1175,229,P46937_S127,Parkinson Disease,P46937,S
1954,229,Q8IZJ1_T428,Parkinson Disease,Q8IZJ1,T
1194,229,P47712_S505,Parkinson Disease,P47712,S
1195,229,P47712_T268,Parkinson Disease,P47712,T
1116,229,P42345_S1261,Parkinson Disease,P42345,S
1852,229,Q5S007_S910,Parkinson Disease,Q5S007,S
314,229,P04626_Y1248,Parkinson Disease,P04626,Y
553,229,P10636-8_S199,Parkinson Disease,P10636-8,S
329,229,P05067_T743,Parkinson Disease,P05067,T
1889,229,Q66HC3_S9,Parkinson Disease,Q66HC3,S
253,229,P00520-4_Y245,Parkinson Disease,P00520-4,Y
2090,229,Q99623_Y121,Parkinson Disease,Q99623,Y
250,229,P00519-2_Y245,Parkinson Disease,P00519-2,Y
1662,229,Q13541_T46,Parkinson Disease,Q13541,T
1661,229,Q13541_T37,Parkinson Disease,Q13541,T
1076,229,P37840_T64,Parkinson Disease,P37840,T
139,229,O55042_T64,Parkinson Disease,O55042,T
400,229,P07101_S40,Parkinson Disease,P07101,S
593,229,P10636_S396,Parkinson Disease,P10636,S
591,229,P10636_S235,Parkinson Disease,P10636,S
486,229,P09215_T505,Parkinson Disease,P09215,T
1197,229,P47713_T268,Parkinson Disease,P47713,T
1196,229,P47713_S505,Parkinson Disease,P47713,S
1854,229,Q5S007_S955,Parkinson Disease,Q5S007,S
1855,229,Q5S007_S973,Parkinson Disease,Q5S007,S
385,139,P06730_S209,Keloid,P06730,S
1299,236,P53350_T210,Precursor Cell Lymphoblastic Leukemia-Lymphoma,P53350,T
1356,172,P60484_S380,"Lymphoma, Primary Effusion",P60484,S
1773,230,Q15831_T336,Peutz-Jeghers Syndrome,Q15831,T
1774,230,Q15831_T363,Peutz-Jeghers Syndrome,Q15831,T
2263,230,Q9WTK7_S431,Peutz-Jeghers Syndrome,Q9WTK7,S
702,234,P14753_Y455,"Polycythemia, primary familial and congenital",P14753,Y
701,234,P14753_Y453,"Polycythemia, primary familial and congenital",P14753,Y
703,234,P14753_Y503,"Polycythemia, primary familial and congenital",P14753,Y
435,231,P07949_Y791,Pheochromocytoma,P07949,Y
2064,238,Q96KB5_T9,Prolactinoma,Q96KB5,T
823,232,P19823_S60,Pituitary Neoplasms,P19823,S
287,232,P02765_S138,Pituitary Neoplasms,P02765,S
689,232,P13861_S78,Pituitary Neoplasms,P13861,S
628,232,P10644_S83,Pituitary Neoplasms,P10644,S
962,232,P31749_S124,Pituitary Neoplasms,P31749,S
1829,19,Q3TBT3_S365,Arthritis,Q3TBT3,S
1470,209,Q01097_Y1472,"Neuralgia, Postherpetic",Q01097,Y
1669,235,Q13621_S130,Pre-Eclampsia,Q13621,S
1671,235,Q13621_T105,Pre-Eclampsia,Q13621,T
1322,235,P55017_T60,Pre-Eclampsia,P55017,T
1670,235,Q13621_T100,Pre-Eclampsia,Q13621,T
2079,157,Q96RI1_Y77,"Liver Cirrhosis, Biliary",Q96RI1,Y
997,128,P35222_S33,"Hyperparathyroidism, Primary",P35222,S
998,128,P35222_S37,"Hyperparathyroidism, Primary",P35222,S
595,271,P10636_S46,"Supranuclear Palsy, Progressive",P10636,S
599,271,P10636_S717,"Supranuclear Palsy, Progressive",P10636,S
607,271,P10636_T548,"Supranuclear Palsy, Progressive",P10636,T
672,239,P12931_Y419,Prostatic Neoplasms,P12931,Y
522,239,P10275_Y535,Prostatic Neoplasms,P10275,Y
509,239,P10275_S16,Prostatic Neoplasms,P10275,S
517,239,P10275_S651,Prostatic Neoplasms,P10275,S
514,239,P10275_S426,Prostatic Neoplasms,P10275,S
512,239,P10275_S310,Prostatic Neoplasms,P10275,S
511,239,P10275_S258,Prostatic Neoplasms,P10275,S
520,239,P10275_S96,Prostatic Neoplasms,P10275,S
519,239,P10275_S83,Prostatic Neoplasms,P10275,S
737,239,P16220_S115,Prostatic Neoplasms,P16220,S
738,239,P16220_S119,Prostatic Neoplasms,P16220,S
2102,239,Q99801_S48,Prostatic Neoplasms,Q99801,S
2194,239,Q9NZC7_Y33,Prostatic Neoplasms,Q9NZC7,Y
1416,239,P68431_T11,Prostatic Neoplasms,P68431,T
1091,239,P40763_S727,Prostatic Neoplasms,P40763,S
1095,239,P40763_Y705,Prostatic Neoplasms,P40763,Y
970,239,P31750_Y176,Prostatic Neoplasms,P31750,Y
2025,239,Q92974-2_S885,Prostatic Neoplasms,Q92974-2,S
1417,239,P68431_T6,Prostatic Neoplasms,P68431,T
1560,239,Q07912_Y284,Prostatic Neoplasms,Q07912,Y
1543,239,Q05682_S789,Prostatic Neoplasms,Q05682,S
1002,239,P35222_T120,Prostatic Neoplasms,P35222,T
2284,239,Q9Y490_S425,Prostatic Neoplasms,Q9Y490,S
1599,239,Q13043_T120,Prostatic Neoplasms,Q13043,T
1600,239,Q13043_T183,Prostatic Neoplasms,Q13043,T
2062,239,Q96IZ0_S231,Prostatic Neoplasms,Q96IZ0,S
515,239,P10275_S516,Prostatic Neoplasms,P10275,S
385,239,P06730_S209,Prostatic Neoplasms,P06730,S
1388,239,P63073_S209,Prostatic Neoplasms,P63073,S
1247,239,P50549_S216,Prostatic Neoplasms,P50549,S
518,239,P10275_S792,Prostatic Neoplasms,P10275,S
1386,239,P62993_Y160,Prostatic Neoplasms,P62993,Y
1649,239,Q13501_S272,Prostatic Neoplasms,Q13501,S
1652,239,Q13501_T269,Prostatic Neoplasms,Q13501,T
1682,239,Q13950_S312,Prostatic Neoplasms,Q13950,S
2282,239,Q9Y446_Y195,Prostatic Neoplasms,Q9Y446,Y
1528,239,Q05397_Y861,Prostatic Neoplasms,Q05397,Y
516,239,P10275_S579,Prostatic Neoplasms,P10275,S
1807,239,Q16643_S142,Prostatic Neoplasms,Q16643,S
1120,239,P42702_S1044,Prostatic Neoplasms,P42702,S
2075,239,Q96PY6_T141,Prostatic Neoplasms,Q96PY6,T
239,239,O96013_S474,Prostatic Neoplasms,O96013,S
128,239,O43623_S158,Prostatic Neoplasms,O43623,S
324,239,P05023_Y260,Prostatic Neoplasms,P05023,Y
2230,239,Q9UKE5_S764,Prostatic Neoplasms,Q9UKE5,S
510,239,P10275_S215,Prostatic Neoplasms,P10275,S
2159,239,Q9HBH9_S74,Prostatic Neoplasms,Q9HBH9,S
2003,239,Q92597_S330,Prostatic Neoplasms,Q92597,S
2058,239,Q96G23_S248,Prostatic Neoplasms,Q96G23,S
212,239,O95644_S151,Prostatic Neoplasms,O95644,S
219,239,O95644_S278,Prostatic Neoplasms,O95644,S
213,239,O95644_S153,Prostatic Neoplasms,O95644,S
224,239,O95644_T338,Prostatic Neoplasms,O95644,T
216,239,O95644_S257,Prostatic Neoplasms,O95644,S
225,239,O95644_T339,Prostatic Neoplasms,O95644,T
214,239,O95644_S245,Prostatic Neoplasms,O95644,S
218,239,O95644_S269,Prostatic Neoplasms,O95644,S
220,239,O95644_S335,Prostatic Neoplasms,O95644,S
223,239,O95644_T154,Prostatic Neoplasms,O95644,T
215,239,O95644_S256,Prostatic Neoplasms,O95644,S
1446,239,P97436_S186,Prostatic Neoplasms,P97436,S
1952,239,Q8IW41_S354,Prostatic Neoplasms,Q8IW41,S
969,239,P31750_T308,Prostatic Neoplasms,P31750,T
521,239,P10275_Y269,Prostatic Neoplasms,P10275,Y
878,239,P25705_Y243,Prostatic Neoplasms,P25705,Y
879,239,P25705_Y246,Prostatic Neoplasms,P25705,Y
1092,239,P40763_T622,Prostatic Neoplasms,P40763,T
2070,239,Q96P11_S327,Prostatic Neoplasms,Q96P11,S
908,239,P27986_S83,Prostatic Neoplasms,P27986,S
1521,239,Q05397_S722,Prostatic Neoplasms,Q05397,S
1580,239,Q12778_S249,Prostatic Neoplasms,Q12778,S
364,239,P06400_S780,Prostatic Neoplasms,P06400,S
124,239,O43524_S253,Prostatic Neoplasms,O43524,S
669,239,P12830_S853,Prostatic Neoplasms,P12830,S
668,239,P12830_S850,Prostatic Neoplasms,P12830,S
513,239,P10275_S424,Prostatic Neoplasms,P10275,S
392,239,P06748_T199,Prostatic Neoplasms,P06748,T
393,239,P06748_T234,Prostatic Neoplasms,P06748,T
394,239,P06748_T237,Prostatic Neoplasms,P06748,T
96,239,O15519_T166,Prostatic Neoplasms,O15519,T
1157,239,P46527_T187,Prostatic Neoplasms,P46527,T
1087,239,P38936_T145,Prostatic Neoplasms,P38936,T
1467,239,Q00987_T158,Prostatic Neoplasms,Q00987,T
1584,239,Q12778_T24,Prostatic Neoplasms,Q12778,T
2082,239,Q96T88_T210,Prostatic Neoplasms,Q96T88,T
2015,239,Q92826_T41,Prostatic Neoplasms,Q92826,T
2016,239,Q92826_T8,Prostatic Neoplasms,Q92826,T
1751,239,Q15648_T1457,Prostatic Neoplasms,Q15648,T
784,239,P18850_Y111,Prostatic Neoplasms,P18850,Y
335,239,P05141_T107,Prostatic Neoplasms,P05141,T
1871,239,Q61337_S112,Prostatic Neoplasms,Q61337,S
1872,239,Q61337_S136,Prostatic Neoplasms,Q61337,S
1654,239,Q13509_Y340,Prostatic Neoplasms,Q13509,Y
1188,239,P46937_Y407,Prostatic Neoplasms,P46937,Y
154,239,O60674_Y1007,Prostatic Neoplasms,O60674,Y
155,239,O60674_Y1008,Prostatic Neoplasms,O60674,Y
315,239,P04626_Y877,Prostatic Neoplasms,P04626,Y
699,239,P14618_Y105,Prostatic Neoplasms,P14618,Y
470,239,P08581_Y1235,Prostatic Neoplasms,P08581,Y
469,239,P08581_Y1234,Prostatic Neoplasms,P08581,Y
651,239,P12004_Y211,Prostatic Neoplasms,P12004,Y
1529,239,Q05397_Y925,Prostatic Neoplasms,Q05397,Y
1695,239,Q14289_Y402,Prostatic Neoplasms,Q14289,Y
1696,239,Q14289_Y579,Prostatic Neoplasms,Q14289,Y
1697,239,Q14289_Y849,Prostatic Neoplasms,Q14289,Y
184,239,O75376_S2436,Prostatic Neoplasms,O75376,S
2014,239,Q92826_S31,Prostatic Neoplasms,Q92826,S
1776,239,Q15910_S21,Prostatic Neoplasms,Q15910,S
2101,239,Q99801_S185,Prostatic Neoplasms,Q99801,S
2303,239,Q9Y6K1_S393,Prostatic Neoplasms,Q9Y6K1,S
2190,239,Q9NYB9_S183,Prostatic Neoplasms,Q9NYB9,S
1690,239,Q14203_S179,Prostatic Neoplasms,Q14203,S
1438,239,P84022_S213,Prostatic Neoplasms,P84022,S
641,239,P11308_S96,Prostatic Neoplasms,P11308,S
739,239,P16220_S129,Prostatic Neoplasms,P16220,S
316,239,P04637_S15,Prostatic Neoplasms,P04637,S
1117,239,P42345_S2448,Prostatic Neoplasms,P42345,S
1175,239,P46937_S127,Prostatic Neoplasms,P46937,S
954,239,P30622_S195,Prostatic Neoplasms,P30622,S
964,239,P31749_S473,Prostatic Neoplasms,P31749,S
1582,239,Q12778_S319,Prostatic Neoplasms,Q12778,S
1398,239,P63104_S64,Prostatic Neoplasms,P63104,S
1466,239,Q00987_S186,Prostatic Neoplasms,Q00987,S
134,239,O43791_S59,Prostatic Neoplasms,O43791,S
132,239,O43791_S171,Prostatic Neoplasms,O43791,S
133,239,O43791_S226,Prostatic Neoplasms,O43791,S
716,239,P15407_S265,Prostatic Neoplasms,P15407,S
531,239,P10415_S70,Prostatic Neoplasms,P10415,S
1662,241,Q13541_T46,Psoriasis,Q13541,T
1661,241,Q13541_T37,Psoriasis,Q13541,T
385,241,P06730_S209,Psoriasis,P06730,S
1793,241,Q16539_Y323,Psoriasis,Q16539,Y
1746,241,Q15418_T573,Psoriasis,Q15418,T
1745,241,Q15418_S380,Psoriasis,Q15418,S
1280,241,P51812_T577,Psoriasis,P51812,T
1278,241,P51812_S386,Psoriasis,P51812,S
189,241,O75385_S556,Psoriasis,O75385,S
320,241,P04637_S46,Psoriasis,P04637,S
2192,241,Q9NYK1_Y1024,Psoriasis,Q9NYK1,Y
1778,241,Q15910_T345,Psoriasis,Q15910,T
1511,241,Q04695_S44,Psoriasis,Q04695,S
579,271,P10636-8_T153,"Supranuclear Palsy, Progressive",P10636-8,T
578,271,P10636-8_T149,"Supranuclear Palsy, Progressive",P10636-8,T
585,271,P10636-8_T231,"Supranuclear Palsy, Progressive",P10636-8,T
558,271,P10636-8_S235,"Supranuclear Palsy, Progressive",P10636-8,S
569,271,P10636-8_S400,"Supranuclear Palsy, Progressive",P10636-8,S
554,271,P10636-8_S202,"Supranuclear Palsy, Progressive",P10636-8,S
570,271,P10636-8_S404,"Supranuclear Palsy, Progressive",P10636-8,S
568,271,P10636-8_S396,"Supranuclear Palsy, Progressive",P10636-8,S
586,271,P10636-8_T403,"Supranuclear Palsy, Progressive",P10636-8,T
584,271,P10636-8_T217,"Supranuclear Palsy, Progressive",P10636-8,T
581,271,P10636-8_T181,"Supranuclear Palsy, Progressive",P10636-8,T
576,271,P10636-8_S46,"Supranuclear Palsy, Progressive",P10636-8,S
398,271,P07101-3_S31,"Supranuclear Palsy, Progressive",P07101-3,S
399,271,P07101-3_S40,"Supranuclear Palsy, Progressive",P07101-3,S
583,271,P10636-8_T212,"Supranuclear Palsy, Progressive",P10636-8,T
582,271,P10636-8_T205,"Supranuclear Palsy, Progressive",P10636-8,T
557,271,P10636-8_S214,"Supranuclear Palsy, Progressive",P10636-8,S
567,271,P10636-8_S356,"Supranuclear Palsy, Progressive",P10636-8,S
899,246,P27361_T202,Pulmonary Emphysema,P27361,T
900,246,P27361_Y204,Pulmonary Emphysema,P27361,Y
923,246,P28482_T185,Pulmonary Emphysema,P28482,T
925,246,P28482_Y187,Pulmonary Emphysema,P28482,Y
1915,246,Q6ZWX6_S52,Pulmonary Emphysema,Q6ZWX6,S
463,131,P08559_S293,"Hypertension, Pulmonary",P08559,S
502,131,P0DMV8_S631,"Hypertension, Pulmonary",P0DMV8,S
30,131,O00429_S616,"Hypertension, Pulmonary",O00429,S
2132,131,Q9CZ30_T325,"Hypertension, Pulmonary",Q9CZ30,T
1977,131,Q8R0I0_S680,"Hypertension, Pulmonary",Q8R0I0,S
2232,131,Q9UKT9_S378,"Hypertension, Pulmonary",Q9UKT9,S
1054,131,P35968_Y1175,"Hypertension, Pulmonary",P35968,Y
1095,142,P40763_Y705,Kidney Neoplasms,P40763,Y
245,53,P00338_Y10,"Carcinoma, Renal Cell",P00338,Y
1090,53,P40337_S72,"Carcinoma, Renal Cell",P40337,S
2063,53,Q96KB5_S32,"Carcinoma, Renal Cell",Q96KB5,S
1175,53,P46937_S127,"Carcinoma, Renal Cell",P46937,S
129,53,O43623_S87,"Carcinoma, Renal Cell",O43623,S
876,53,P25205_S112,"Carcinoma, Renal Cell",P25205,S
1623,207,Q13158_S194,Nephrogenic Fibrosing Dermopathy,Q13158,S
1783,248,Q16236_T369,Reperfusion Injury,Q16236,T
1004,250,P35222_T41,Retinoblastoma,P35222,T
997,250,P35222_S33,Retinoblastoma,P35222,S
998,250,P35222_S37,Retinoblastoma,P35222,S
1270,251,P51608_T158,Rett Syndrome,P51608,T
2317,251,Q9Z2D6_T308,Rett Syndrome,Q9Z2D6,T
350,252,P05787_S291,Rhabdomyosarcoma,P05787,S
964,252,P31749_S473,Rhabdomyosarcoma,P31749,S
965,252,P31749_T308,Rhabdomyosarcoma,P31749,T
1663,252,Q13541_T70,Rhabdomyosarcoma,Q13541,T
691,20,P14598_S345,"Arthritis, Rheumatoid",P14598,S
2125,20,Q9BZS1_S418,"Arthritis, Rheumatoid",Q9BZS1,S
927,20,P28799_S81,"Arthritis, Rheumatoid",P28799,S
932,20,P29351_S591,"Arthritis, Rheumatoid",P29351,S
424,20,P07356_Y24,"Arthritis, Rheumatoid",P07356,Y
851,20,P23443_T412,"Arthritis, Rheumatoid",P23443,T
167,253,O60934_S343,Riddle Syndrome,O60934,S
1716,253,Q14683_S966,Riddle Syndrome,Q14683,S
1640,253,Q13315_S1981,Riddle Syndrome,Q13315,S
1589,253,Q12888_S1778,Riddle Syndrome,Q12888,S
66,253,O14757_S345,Riddle Syndrome,O14757,S
233,44,O95863_S11,"Carcinoma, Adenoid Cystic",O95863,S
1304,40,P53396_T447,"Bulbo-Spinal Atrophy, X-Linked",P53396,T
1303,40,P53396_S451,"Bulbo-Spinal Atrophy, X-Linked",P53396,S
520,40,P10275_S96,"Bulbo-Spinal Atrophy, X-Linked",P10275,S
748,257,P16949_S25,Schizophrenia,P16949,S
749,257,P16949_S38,Schizophrenia,P16949,S
77,257,O14994_S470,Schizophrenia,O14994,S
1241,257,P49841_S9,Schizophrenia,P49841,S
1489,257,Q02446_S770,Schizophrenia,Q02446,S
581,257,P10636-8_T181,Schizophrenia,P10636-8,T
635,257,P11137_S1782,Schizophrenia,P11137,S
1796,257,Q16555_S522,Schizophrenia,Q16555,S
853,210,P23528_S3,Neurilemmoma,P23528,S
1307,210,P53667_T508,Neurilemmoma,P53667,T
1308,210,P53671_T505,Neurilemmoma,P53671,T
1478,258,Q01543_T312,"Scleroderma, Localized",Q01543,T
250,258,P00519-2_Y245,"Scleroderma, Localized",P00519-2,Y
1925,261,Q7Z2Z2_T1069,Shwachman-Diamond Syndrome,Q7Z2Z2,T
1103,164,P42224_Y701,"Lymphohistiocytosis, Hemophagocytic",P42224,Y
1658,129,Q13526_S71,"Hyperparathyroidism, Secondary",Q13526,S
1657,129,Q13526_S16,"Hyperparathyroidism, Secondary",Q13526,S
85,260,O15379_S374,Sepsis,O15379,S
978,16,P32119_Y193,"Anemia, Sickle Cell",P32119,Y
636,16,P11171-4_Y13,"Anemia, Sickle Cell",P11171-4,Y
283,16,P02549_Y1499,"Anemia, Sickle Cell",P02549,Y
285,16,P02549_Y548,"Anemia, Sickle Cell",P02549,Y
284,16,P02549_Y422,"Anemia, Sickle Cell",P02549,Y
1110,262,P42229_Y694,Sjogren's Syndrome,P42229,Y
964,262,P31749_S473,Sjogren's Syndrome,P31749,S
1582,262,Q12778_S319,Sjogren's Syndrome,Q12778,S
965,262,P31749_T308,Sjogren's Syndrome,P31749,T
2039,262,Q96B36_T246,Sjogren's Syndrome,Q96B36,T
1555,263,Q06830_S32,Skin Neoplasms,Q06830,S
1241,263,P49841_S9,Skin Neoplasms,P49841,S
365,263,P06400_S795,Skin Neoplasms,P06400,S
366,263,P06400_S807,Skin Neoplasms,P06400,S
367,263,P06400_S811,Skin Neoplasms,P06400,S
1524,263,Q05397_Y397,Skin Neoplasms,Q05397,Y
927,162,P28799_S81,"Lupus Erythematosus, Systemic",P28799,S
932,162,P29351_S591,"Lupus Erythematosus, Systemic",P29351,S
475,162,P08621_S140,"Lupus Erythematosus, Systemic",P08621,S
980,162,P32519_T231,"Lupus Erythematosus, Systemic",P32519,T
437,162,P08047_S59,"Lupus Erythematosus, Systemic",P08047,S
1514,162,Q04759_T538,"Lupus Erythematosus, Systemic",Q04759,T
384,162,P06702_T113,"Lupus Erythematosus, Systemic",P06702,T
930,162,P29350_S591,"Lupus Erythematosus, Systemic",P29350,S
76,162,O14974_T696,"Lupus Erythematosus, Systemic",O14974,T
1104,162,P42225_S727,"Lupus Erythematosus, Systemic",P42225,S
964,162,P31749_S473,"Lupus Erythematosus, Systemic",P31749,S
1375,162,P62753_S236,"Lupus Erythematosus, Systemic",P62753,S
1374,162,P62753_S235,"Lupus Erythematosus, Systemic",P62753,S
1491,162,Q02556_S151,"Lupus Erythematosus, Systemic",Q02556,S
1933,162,Q86WV6_S366,"Lupus Erythematosus, Systemic",Q86WV6,S
913,192,P28028_S431,"Muscular Atrophy, Spinal",P28028,S
708,192,P15056_S446,"Muscular Atrophy, Spinal",P15056,S
503,265,P0DP23_Y100,Small Cell Lung Carcinoma,P0DP23,Y
1157,265,P46527_T187,Small Cell Lung Carcinoma,P46527,T
244,265,O96017_T68,Small Cell Lung Carcinoma,O96017,T
286,88,P02730_Y359,"Elliptocytosis, Hereditary",P02730,Y
332,266,P05129_T514,Spinocerebellar Ataxias,P05129,T
333,266,P05129_T655,Spinocerebellar Ataxias,P05129,T
334,266,P05129_T674,Spinocerebellar Ataxias,P05129,T
1312,266,P54253_S775,Spinocerebellar Ataxias,P54253,S
1840,1,Q587J8_T156,"Abortion, Spontaneous",Q587J8,T
1711,203,Q14596_T586,"Myositis, Inclusion Body",Q14596,T
1242,203,P49841_Y216,"Myositis, Inclusion Body",P49841,Y
1241,54,P49841_S9,"Carcinoma, Squamous Cell",P49841,S
339,54,P05412_S63,"Carcinoma, Squamous Cell",P05412,S
462,54,P08559_S232,"Carcinoma, Squamous Cell",P08559,S
734,54,P16144_S1356,"Carcinoma, Squamous Cell",P16144,S
369,54,P06400_T356,"Carcinoma, Squamous Cell",P06400,T
712,54,P15311_T567,"Carcinoma, Squamous Cell",P15311,T
1242,54,P49841_Y216,"Carcinoma, Squamous Cell",P49841,Y
1692,53,Q14247_Y421,"Carcinoma, Renal Cell",Q14247,Y
736,268,P16220-1_S133,Status Epilepticus,P16220-1,S
1390,268,P63080_S433,Status Epilepticus,P63080,S
1389,268,P63080_S432,Status Epilepticus,P63080,S
1993,268,Q91V14_Y1109,Status Epilepticus,Q91V14,Y
1994,268,Q91V14_Y926,Status Epilepticus,Q91V14,Y
1396,268,P63101_S58,Status Epilepticus,P63101,S
1588,268,Q12879_Y1387,Status Epilepticus,Q12879,Y
1991,268,Q91V14-2_S940,Status Epilepticus,Q91V14-2,S
959,268,P31324_S112,Status Epilepticus,P31324,S
1848,268,Q5RKG9_S504,Status Epilepticus,Q5RKG9,S
1586,268,Q12879_S1459,Status Epilepticus,Q12879,S
2319,268,Q9Z351-12_S559,Status Epilepticus,Q9Z351-12,S
709,268,P15105_T301,Status Epilepticus,P15105,T
1375,268,P62753_S236,Status Epilepticus,P62753,S
1374,268,P62753_S235,Status Epilepticus,P62753,S
1553,268,Q06787-3_S499,Status Epilepticus,Q06787-3,S
2164,268,Q9JKB0_S783,Status Epilepticus,Q9JKB0,S
1017,268,P35436_S1459,Status Epilepticus,P35436,S
624,268,P10637_T497,Status Epilepticus,P10637,T
795,268,P19332_T516,Status Epilepticus,P19332,T
791,268,P19332_S513,Status Epilepticus,P19332,S
1192,268,P47196_S473,Status Epilepticus,P47196,S
105,268,O35303_S656,Status Epilepticus,O35303,S
104,268,O35303_S635,Status Epilepticus,O35303,S
787,268,P19139_Y255,Status Epilepticus,P19139,Y
1992,268,Q91V14_S963,Status Epilepticus,Q91V14,S
137,98,O54915_S347,Fatty Liver,O54915,S
2209,98,Q9R1A7_S347,Fatty Liver,Q9R1A7,S
1320,270,P55012_T205,Stroke,P55012,T
1318,270,P55012_T196,Stroke,P55012,T
1893,270,Q6P9R2_T185,Stroke,Q6P9R2,T
1319,270,P55012_T200,Stroke,P55012,T
2313,270,Q9Z1W9_T236,Stroke,Q9Z1W9,T
584,270,P10636-8_T217,Stroke,P10636-8,T
581,270,P10636-8_T181,Stroke,P10636-8,T
1923,270,Q7YSG7_S1179,Stroke,Q7YSG7,S
19,270,NP_037320_S15,Stroke,NP_037320,S
1991,270,Q91V14-2_S940,Stroke,Q91V14-2,S
2161,270,Q9JI11_Y433,Stroke,Q9JI11,Y
1445,187,P97431_S90,Mouth Abnormalities,P97431,S
1242,256,P49841_Y216,"Sarcoma, Synovial",P49841,Y
964,256,P31749_S473,"Sarcoma, Synovial",P31749,S
1075,272,P37840_S129,Synucleinopathies,P37840,S
1241,162,P49841_S9,"Lupus Erythematosus, Systemic",P49841,S
1241,259,P49841_S9,"Scleroderma, Systemic",P49841,S
318,153,P04637_S37,"Leukemia, T-Cell",P04637,S
2122,173,Q9BXL7_S615,"Lymphoma, T-Cell",Q9BXL7,S
116,173,O43318_T344,"Lymphoma, T-Cell",O43318,T
117,173,O43318_T444,"Lymphoma, T-Cell",O43318,T
272,173,P01108_S77,"Lymphoma, T-Cell",P01108,S
273,173,P01108_T73,"Lymphoma, T-Cell",P01108,T
1095,173,P40763_Y705,"Lymphoma, T-Cell",P40763,Y
1862,173,Q60876_S82,"Lymphoma, T-Cell",Q60876,S
1271,153,P51617_T209,"Leukemia, T-Cell",P51617,T
778,35,P18266_Y216,"Brain Injuries, Traumatic",P18266,Y
614,35,P10637_S494,"Brain Injuries, Traumatic",P10637,S
624,35,P10637_T497,"Brain Injuries, Traumatic",P10637,T
1157,153,P46527_T187,"Leukemia, T-Cell",P46527,T
1288,153,P52566_Y153,"Leukemia, T-Cell",P52566,Y
318,173,P04637_S37,"Lymphoma, T-Cell",P04637,S
1271,173,P51617_T209,"Lymphoma, T-Cell",P51617,T
731,274,P16104_S139,Testicular Neoplasms,P16104,S
1640,274,Q13315_S1981,Testicular Neoplasms,Q13315,S
902,275,P27546_S737,Tetralogy of Fallot,P27546,S
903,275,P27546_S760,Tetralogy of Fallot,P27546,S
1140,277,P43405_Y525,Thrombosis,P43405,Y
1141,277,P43405_Y526,Thrombosis,P43405,Y
964,278,P31749_S473,Thymoma,P31749,S
646,281,P11802_T172,Thyroid Neoplasms,P11802,T
851,281,P23443_T412,Thyroid Neoplasms,P23443,T
434,281,P07949_S891,Thyroid Neoplasms,P07949,S
228,281,O95817_S187,Thyroid Neoplasms,O95817,S
1156,281,P46527_T157,Thyroid Neoplasms,P46527,T
1158,281,P46527_T198,Thyroid Neoplasms,P46527,T
435,281,P07949_Y791,Thyroid Neoplasms,P07949,Y
925,281,P28482_Y187,Thyroid Neoplasms,P28482,Y
1091,281,P40763_S727,Thyroid Neoplasms,P40763,S
1465,281,Q00987_S166,Thyroid Neoplasms,Q00987,S
928,281,P29317_S897,Thyroid Neoplasms,P29317,S
611,35,P10637_S202,"Brain Injuries, Traumatic",P10637,S
829,282,P21453_T236,Triple Negative Breast Neoplasms,P21453,T
2069,282,Q96MT3_T370,Triple Negative Breast Neoplasms,Q96MT3,T
1979,282,Q8TAE6_T73,Triple Negative Breast Neoplasms,Q8TAE6,T
1779,282,Q15910_T367,Triple Negative Breast Neoplasms,Q15910,T
2004,282,Q92597_T346,Triple Negative Breast Neoplasms,Q92597,T
964,282,P31749_S473,Triple Negative Breast Neoplasms,P31749,S
91,282,O15392_T117,Triple Negative Breast Neoplasms,O15392,T
130,282,O43663_T481,Triple Negative Breast Neoplasms,O43663,T
1643,282,Q13451_Y54,Triple Negative Breast Neoplasms,Q13451,Y
1441,282,P84550_Y234,Triple Negative Breast Neoplasms,P84550,Y
651,282,P12004_Y211,Triple Negative Breast Neoplasms,P12004,Y
900,282,P27361_Y204,Triple Negative Breast Neoplasms,P27361,Y
925,282,P28482_Y187,Triple Negative Breast Neoplasms,P28482,Y
2020,282,Q92905_S177,Triple Negative Breast Neoplasms,Q92905,S
2098,282,Q99717_S463,Triple Negative Breast Neoplasms,Q99717,S
2099,282,Q99717_S465,Triple Negative Breast Neoplasms,Q99717,S
90,282,O15392_S20,Triple Negative Breast Neoplasms,O15392,S
1241,282,P49841_S9,Triple Negative Breast Neoplasms,P49841,S
1070,282,P37231_S273,Triple Negative Breast Neoplasms,P37231,S
1604,282,Q13049_S328,Triple Negative Breast Neoplasms,Q13049,S
1605,282,Q13049_S339,Triple Negative Breast Neoplasms,Q13049,S
786,282,P19075_S129,Triple Negative Breast Neoplasms,P19075,S
696,282,P14618_S37,Triple Negative Breast Neoplasms,P14618,S
693,282,P14618_S100,Triple Negative Breast Neoplasms,P14618,S
1238,283,P49815_T1462,Tuberous Sclerosis,P49815,T
1237,283,P49815_S939,Tuberous Sclerosis,P49815,S
1236,283,P49815_S664,Tuberous Sclerosis,P49815,S
1377,283,P62753_S244,Tuberous Sclerosis,P62753,S
923,283,P28482_T185,Tuberous Sclerosis,P28482,T
900,283,P27361_Y204,Tuberous Sclerosis,P27361,Y
925,283,P28482_Y187,Tuberous Sclerosis,P28482,Y
1376,283,P62753_S240,Tuberous Sclerosis,P62753,S
899,283,P27361_T202,Tuberous Sclerosis,P27361,T
159,283,O60716_S268,Tuberous Sclerosis,O60716,S
554,283,P10636-8_S202,Tuberous Sclerosis,P10636-8,S
1218,206,P49023_S178,Neoplasms,P49023,S
1118,206,P42345_S2481,Neoplasms,P42345,S
859,206,P23804_S163,Neoplasms,P23804,S
1656,206,Q13526_S138,Neoplasms,Q13526,S
1241,206,P49841_S9,Neoplasms,P49841,S
1250,206,P50552_S322,Neoplasms,P50552,S
1411,206,P68104_S300,Neoplasms,P68104,S
338,206,P05412_S243,Neoplasms,P05412,S
362,206,P06400_S249,Neoplasms,P06400,S
322,206,P04792_S78,Neoplasms,P04792,S
372,206,P06401_S294,Neoplasms,P06401,S
296,206,P03372_S305,Neoplasms,P03372,S
292,206,P03372_S167,Neoplasms,P03372,S
120,206,O43463_S391,Neoplasms,O43463,S
783,206,P18848_S245,Neoplasms,P18848,S
368,206,P06400_T252,Neoplasms,P06400,T
1157,206,P46527_T187,Neoplasms,P46527,T
168,206,O70201_T34,Neoplasms,O70201,T
1632,206,Q13188_T117,Neoplasms,Q13188,T
2259,206,Q9UQM7_T286,Neoplasms,Q9UQM7,T
646,206,P11802_T172,Neoplasms,P11802,T
1645,206,Q13480_T387,Neoplasms,Q13480,T
1648,206,Q13485_T277,Neoplasms,Q13485,T
1780,206,Q15910_T416,Neoplasms,Q15910,T
717,206,P15407_T217,Neoplasms,P15407,T
1156,206,P46527_T157,Neoplasms,P46527,T
1965,206,Q8N6T7_S338,Neoplasms,Q8N6T7,S
1835,206,Q4VCS5_S175,Neoplasms,Q4VCS5,S
370,206,P06400_T821,Neoplasms,P06400,T
423,206,P07355_Y24,Neoplasms,P07355,Y
453,206,P08069_Y1165,Neoplasms,P08069,Y
454,206,P08069_Y1166,Neoplasms,P08069,Y
27,206,O00401_Y256,Neoplasms,O00401,Y
300,206,P03372_Y52,Neoplasms,P03372,Y
967,206,P31749_Y176,Neoplasms,P31749,Y
288,206,P02786_Y20,Neoplasms,P02786,Y
299,206,P03372_Y219,Neoplasms,P03372,Y
301,206,P03372_Y537,Neoplasms,P03372,Y
789,206,P19174_Y783,Neoplasms,P19174,Y
788,206,P19174_Y1253,Neoplasms,P19174,Y
651,206,P12004_Y211,Neoplasms,P12004,Y
672,206,P12931_Y419,Neoplasms,P12931,Y
1242,206,P49841_Y216,Neoplasms,P49841,Y
1339,206,P56945_Y12,Neoplasms,P56945,Y
713,206,P15311_Y478,Neoplasms,P15311,Y
245,206,P00338_Y10,Neoplasms,P00338,Y
2120,206,Q9BXH1_Y172,Neoplasms,Q9BXH1,Y
2119,206,Q9BXH1_Y152,Neoplasms,Q9BXH1,Y
1455,206,Q00495_Y721,Neoplasms,Q00495,Y
2121,206,Q9BXH1_Y58,Neoplasms,Q9BXH1,Y
974,206,P31947_S69,Neoplasms,P31947,S
975,206,P31947_S74,Neoplasms,P31947,S
1522,206,Q05397_S732,Neoplasms,Q05397,S
64,206,O14757_S280,Neoplasms,O14757,S
99,206,O15530_S241,Neoplasms,O15530,S
231,206,O95863_S100,Neoplasms,O95863,S
1723,206,Q14790_S387,Neoplasms,Q14790,S
1680,206,Q13835_S118,Neoplasms,Q13835,S
1743,206,Q15276_S407,Neoplasms,Q15276,S
1753,206,Q15672_S68,Neoplasms,Q15672,S
1400,206,P63279_S71,Neoplasms,P63279,S
1980,206,Q8TCU6_S1169,Neoplasms,Q8TCU6,S
1986,206,Q8WYL5_S978,Neoplasms,Q8WYL5,S
2008,206,Q92731_S105,Neoplasms,Q92731,S
2022,206,Q92934_S75,Neoplasms,Q92934,S
2023,206,Q92934_S99,Neoplasms,Q92934,S
2225,206,Q9UIK4_S299,Neoplasms,Q9UIK4,S
2227,206,Q9UJU6_S269,Neoplasms,Q9UJU6,S
747,206,P16949_S16,Neoplasms,P16949,S
316,206,P04637_S15,Neoplasms,P04637,S
317,206,P04637_S20,Neoplasms,P04637,S
320,206,P04637_S46,Neoplasms,P04637,S
1155,206,P46527_S10,Neoplasms,P46527,S
2009,206,Q92731_Y36,Neoplasms,Q92731,Y
1560,206,Q07912_Y284,Neoplasms,Q07912,Y
1792,206,Q16539_Y182,Neoplasms,Q16539,Y
1103,206,P42224_Y701,Neoplasms,P42224,Y
1159,206,P46527_Y74,Neoplasms,P46527,Y
1498,206,Q03135_Y14,Neoplasms,Q03135,Y
1235,206,P49789_Y114,Neoplasms,P49789,Y
1342,206,P56945_Y249,Neoplasms,P56945,Y
1343,206,P56945_Y267,Neoplasms,P56945,Y
1344,206,P56945_Y287,Neoplasms,P56945,Y
1345,206,P56945_Y306,Neoplasms,P56945,Y
1405,206,P67809_S102,Neoplasms,P67809,S
1033,219,P35569_S612,Noonan Syndrome,P35569,S
968,219,P31750_S473,Noonan Syndrome,P31750,S
302,219,P04049_S259,Noonan Syndrome,P04049,S
7,82,B5DEX4_T274,"Diabetes Mellitus, Type 2",B5DEX4,T
6,82,B5DEX4_S236,"Diabetes Mellitus, Type 2",B5DEX4,S
1315,82,P54645_T183,"Diabetes Mellitus, Type 2",P54645,T
2269,82,Q9WV60_S9,"Diabetes Mellitus, Type 2",Q9WV60,S
1824,82,Q2NL51_S21,"Diabetes Mellitus, Type 2",Q2NL51,S
968,82,P31750_S473,"Diabetes Mellitus, Type 2",P31750,S
1942,82,Q8BYJ6_T649,"Diabetes Mellitus, Type 2",Q8BYJ6,T
2133,82,Q9D1F4_T247,"Diabetes Mellitus, Type 2",Q9D1F4,T
1940,82,Q8BSK8_T412,"Diabetes Mellitus, Type 2",Q8BSK8,T
1409,82,P67999_T412,"Diabetes Mellitus, Type 2",P67999,T
1025,82,P35568_S1101,"Diabetes Mellitus, Type 2",P35568,S
1029,82,P35569_S1097,"Diabetes Mellitus, Type 2",P35569,S
1035,82,P35570_S1100,"Diabetes Mellitus, Type 2",P35570,S
851,82,P23443_T412,"Diabetes Mellitus, Type 2",P23443,T
2210,82,Q9R1E0_T24,"Diabetes Mellitus, Type 2",Q9R1E0,T
1032,82,P35569_S307,"Diabetes Mellitus, Type 2",P35569,S
688,82,P13807_S8,"Diabetes Mellitus, Type 2",P13807,S
686,82,P13807_S641,"Diabetes Mellitus, Type 2",P13807,S
687,82,P13807_S645,"Diabetes Mellitus, Type 2",P13807,S
685,82,P13807_S11,"Diabetes Mellitus, Type 2",P13807,S
1241,82,P49841_S9,"Diabetes Mellitus, Type 2",P49841,S
711,82,P15208_Y1180,"Diabetes Mellitus, Type 2",P15208,Y
710,82,P15208_Y1179,"Diabetes Mellitus, Type 2",P15208,Y
1946,82,Q8CHW4_S540,"Diabetes Mellitus, Type 2",Q8CHW4,S
899,82,P27361_T202,"Diabetes Mellitus, Type 2",P27361,T
1028,82,P35568_S636,"Diabetes Mellitus, Type 2",P35568,S
900,82,P27361_Y204,"Diabetes Mellitus, Type 2",P27361,Y
923,82,P28482_T185,"Diabetes Mellitus, Type 2",P28482,T
925,82,P28482_Y187,"Diabetes Mellitus, Type 2",P28482,Y
965,82,P31749_T308,"Diabetes Mellitus, Type 2",P31749,T
575,82,P10636-8_S422,"Diabetes Mellitus, Type 2",P10636-8,S
554,82,P10636-8_S202,"Diabetes Mellitus, Type 2",P10636-8,S
570,82,P10636-8_S404,"Diabetes Mellitus, Type 2",P10636-8,S
561,82,P10636-8_S262,"Diabetes Mellitus, Type 2",P10636-8,S
584,82,P10636-8_T217,"Diabetes Mellitus, Type 2",P10636-8,T
553,82,P10636-8_S199,"Diabetes Mellitus, Type 2",P10636-8,S
568,82,P10636-8_S396,"Diabetes Mellitus, Type 2",P10636-8,S
581,82,P10636-8_T181,"Diabetes Mellitus, Type 2",P10636-8,T
382,82,P06576_T213,"Diabetes Mellitus, Type 2",P06576,T
383,82,P06576_Y361,"Diabetes Mellitus, Type 2",P06576,Y
791,82,P19332_S513,"Diabetes Mellitus, Type 2",P19332,S
777,82,P18266_S9,"Diabetes Mellitus, Type 2",P18266,S
149,82,O60343_S588,"Diabetes Mellitus, Type 2",O60343,S
148,82,O60343_S318,"Diabetes Mellitus, Type 2",O60343,S
150,82,O60343_S751,"Diabetes Mellitus, Type 2",O60343,S
1609,82,Q13131_T183,"Diabetes Mellitus, Type 2",Q13131,T
1144,82,P45983_Y185,"Diabetes Mellitus, Type 2",P45983,Y
1143,82,P45983_T183,"Diabetes Mellitus, Type 2",P45983,T
13,82,E9Q401_S2813,"Diabetes Mellitus, Type 2",E9Q401,S
817,82,P19490_S849,"Diabetes Mellitus, Type 2",P19490,S
500,82,P09951_S603,"Diabetes Mellitus, Type 2",P09951,S
640,82,P11275_T286,"Diabetes Mellitus, Type 2",P11275,T
461,82,P08413_T287,"Diabetes Mellitus, Type 2",P08413,T
2018,82,Q92830_T272,"Diabetes Mellitus, Type 2",Q92830,T
2017,82,Q92830_S372,"Diabetes Mellitus, Type 2",Q92830,S
9,82,E0CZ16_S433,"Diabetes Mellitus, Type 2",E0CZ16,S
1575,82,Q0PCR6_S1927,"Diabetes Mellitus, Type 2",Q0PCR6,S
1570,82,Q09137_T172,"Diabetes Mellitus, Type 2",Q09137,T
1015,82,P35398_S100,"Diabetes Mellitus, Type 2",P35398,S
293,82,P03372_S212,"Diabetes Mellitus, Type 2",P03372,S
557,82,P10636-8_S214,"Diabetes Mellitus, Type 2",P10636-8,S
1067,82,P37198_T269,"Diabetes Mellitus, Type 2",P37198,T
1066,82,P37198_S272,"Diabetes Mellitus, Type 2",P37198,S
1472,82,Q01147_S119,"Diabetes Mellitus, Type 2",Q01147,S
583,82,P10636-8_T212,"Diabetes Mellitus, Type 2",P10636-8,T
1945,82,Q8CF90_S65,"Diabetes Mellitus, Type 2",Q8CF90,S
866,82,P24062_Y1166,"Diabetes Mellitus, Type 2",P24062,Y
1192,82,P47196_S473,"Diabetes Mellitus, Type 2",P47196,S
867,82,P24062_Y1167,"Diabetes Mellitus, Type 2",P24062,Y
17,82,G3V7R4_S250,"Diabetes Mellitus, Type 2",G3V7R4,S
1426,82,P70313_S1176,"Diabetes Mellitus, Type 2",P70313,S
2080,82,Q96RS0_S656,"Diabetes Mellitus, Type 2",Q96RS0,S
1366,82,P61016_S16,"Diabetes Mellitus, Type 2",P61016,S
856,82,P23693_S23,"Diabetes Mellitus, Type 2",P23693,S
857,82,P23693_S24,"Diabetes Mellitus, Type 2",P23693,S
1957,82,Q8K1M6_S616,"Diabetes Mellitus, Type 2",Q8K1M6,S
173,82,O70405_S555,"Diabetes Mellitus, Type 2",O70405,S
1939,82,Q8BRK8_T172,"Diabetes Mellitus, Type 2",Q8BRK8,T
1882,82,Q62600_S1176,"Diabetes Mellitus, Type 2",Q62600,S
1944,82,Q8CF90_S64,"Diabetes Mellitus, Type 2",Q8CF90,S
964,284,P31749_S473,Urethral Neoplasms,P31749,S
2115,284,Q9BVI0_S291,Urethral Neoplasms,Q9BVI0,S
378,233,P06536_S232,Placental Insufficiency,P06536,S
830,233,P21708_T203,Placental Insufficiency,P21708,T
1037,233,P35570_S612,Placental Insufficiency,P35570,S
1395,233,P63086_Y185,Placental Insufficiency,P63086,Y
1394,233,P63086_T183,Placental Insufficiency,P63086,T
831,233,P21708_Y205,Placental Insufficiency,P21708,Y
964,288,P31749_S473,Uveal Melanoma,P31749,S
924,273,P28482_T190,"Tachycardia, Ventricular",P28482,T
1392,273,P63085_T188,"Tachycardia, Ventricular",P63085,T
13,273,E9Q401_S2813,"Tachycardia, Ventricular",E9Q401,S
1365,273,P61014_T17,"Tachycardia, Ventricular",P61014,T
1585,273,Q12809_S890,"Tachycardia, Ventricular",Q12809,S
451,273,P08050_S368,"Tachycardia, Ventricular",P08050,S
450,273,P08050_S365,"Tachycardia, Ventricular",P08050,S
449,273,P08050_S364,"Tachycardia, Ventricular",P08050,S
319,216,P04637_S392,"Neuroma, Acoustic",P04637,S
1089,53,P40337_S111,"Carcinoma, Renal Cell",P40337,S
1429,34,P70372_S221,"Brain Diseases, Metabolic, Inborn",P70372,S
376,290,P06493_Y15,Vulvar Neoplasms,P06493,Y
375,290,P06493_T161,Vulvar Neoplasms,P06493,T
700,290,P14635_S126,Vulvar Neoplasms,P14635,S
523,292,P10276_S77,Xeroderma Pigmentosum,P10276,S
672,39,P12931_Y419,Bruton type agammaglobulinemia,P12931,Y
1526,39,Q05397_Y576,Bruton type agammaglobulinemia,Q05397,Y
1527,39,Q05397_Y577,Bruton type agammaglobulinemia,Q05397,Y
433,39,P07948_Y508,Bruton type agammaglobulinemia,P07948,Y
1140,39,P43405_Y525,Bruton type agammaglobulinemia,P43405,Y
909,39,P27986_Y508,Bruton type agammaglobulinemia,P27986,Y
718,39,P15498_Y174,Bruton type agammaglobulinemia,P15498,Y
533,96,P10451_S117,Familial Hypophosphatemic Rickets,P10451,S
536,96,P10451_S126,Familial Hypophosphatemic Rickets,P10451,S
534,96,P10451_S120,Familial Hypophosphatemic Rickets,P10451,S
535,96,P10451_S123,Familial Hypophosphatemic Rickets,P10451,S
537,96,P10451_S129,Familial Hypophosphatemic Rickets,P10451,S
357,174,P06239_Y394,Lymphoproliferative Disorders,P06239,Y
