Site,Mesh_name,site_index,disease_index,protein
P52734_S205,Aarskog Syndrome,0,0,P52734
O89053_S426,Abscess,1,1,O89053
P17302_S255,Arrhythmogenic Right Ventricular Dysplasia,2,2,P17302
Q9Y3D6_T34,Acute Kidney Injury,3,3,Q9Y3D6
Q9Y572_S146,Acute Kidney Injury,4,3,Q9Y572
Q9Y572_T94,Acute Kidney Injury,5,3,Q9Y572
Q60795_S40,Acute Kidney Injury,6,3,Q60795
O95140_S27,Acute Kidney Injury,7,3,O95140
P06730_S209,Precursor T-Cell Lymphoblastic Leukemia-Lymphoma,8,4,P06730
P04637_S46,Precursor T-Cell Lymphoblastic Leukemia-Lymphoma,9,4,P04637
P46531_S2524,Precursor T-Cell Lymphoblastic Leukemia-Lymphoma,10,4,P46531
P46531_S2523,Precursor T-Cell Lymphoblastic Leukemia-Lymphoma,11,4,P46531
P46531_S2522,Precursor T-Cell Lymphoblastic Leukemia-Lymphoma,12,4,P46531
P46531_S2521,Precursor T-Cell Lymphoblastic Leukemia-Lymphoma,13,4,P46531
P01106_S77,Precursor T-Cell Lymphoblastic Leukemia-Lymphoma,14,4,P01106
P42229_S780,Precursor T-Cell Lymphoblastic Leukemia-Lymphoma,15,4,P42229
P51692_S193,Precursor T-Cell Lymphoblastic Leukemia-Lymphoma,16,4,P51692
P04150_S134,Precursor T-Cell Lymphoblastic Leukemia-Lymphoma,17,4,P04150
Q9P0J1_Y94,Precursor T-Cell Lymphoblastic Leukemia-Lymphoma,18,4,Q9P0J1
P14598_S359,Precursor T-Cell Lymphoblastic Leukemia-Lymphoma,19,4,P14598
P27361_Y204,Precursor T-Cell Lymphoblastic Leukemia-Lymphoma,20,4,P27361
P27361_T202,Precursor T-Cell Lymphoblastic Leukemia-Lymphoma,21,4,P27361
Q07955_Y19,Precursor T-Cell Lymphoblastic Leukemia-Lymphoma,22,4,Q07955
P49902_S502,Precursor T-Cell Lymphoblastic Leukemia-Lymphoma,23,4,P49902
P42229_S780,"Leukemia, Myeloid, Acute",15,5,P42229
P51692_S193,"Leukemia, Myeloid, Acute",16,5,P51692
Q9P0J1_Y94,"Leukemia, Myeloid, Acute",18,5,Q9P0J1
P36888_Y591,"Leukemia, Myeloid, Acute",24,5,P36888
P36888_Y599,"Leukemia, Myeloid, Acute",25,5,P36888
P06876_S11,"Leukemia, Myeloid, Acute",26,5,P06876
P06876_S12,"Leukemia, Myeloid, Acute",27,5,P06876
P36888_Y842,"Leukemia, Myeloid, Acute",28,5,P36888
Q9UKV3_S1180,"Leukemia, Myeloid, Acute",29,5,Q9UKV3
P12931_Y419,"Leukemia, Myeloid, Acute",30,5,P12931
Q13541_T70,"Leukemia, Myeloid, Acute",31,5,Q13541
P31749_S473,"Leukemia, Myeloid, Acute",32,5,P31749
P23443_T412,"Leukemia, Myeloid, Acute",33,5,P23443
P22681_Y371,"Leukemia, Myeloid, Acute",34,5,P22681
P32927_S601,"Leukemia, Myeloid, Acute",35,5,P32927
Q96TC7_Y176,"Leukemia, Myeloid, Acute",36,5,Q96TC7
Q02248_S37,"Leukemia, Myeloid, Acute",37,5,Q02248
Q02248_T41,"Leukemia, Myeloid, Acute",38,5,Q02248
P27361_T202,"Leukemia, Myeloid, Acute",21,5,P27361
P27361_Y204,"Leukemia, Myeloid, Acute",20,5,P27361
P25911_Y194,"Leukemia, Myeloid, Acute",39,5,P25911
Q06413_S222,"Leukemia, Myeloid, Acute",40,5,Q06413
P16104_S139,"Leukemia, Myeloid, Acute",41,5,P16104
P30281_S264,"Leukemia, Myeloid, Acute",42,5,P30281
P30281_T283,"Leukemia, Myeloid, Acute",43,5,P30281
P30530_Y779,"Leukemia, Myeloid, Acute",44,5,P30530
Q00613_S326,"Leukemia, Myeloid, Acute",45,5,Q00613
Q15418_T573,"Leukemia, Myeloid, Acute",46,5,Q15418
P40763_Y705,"Leukemia, Myeloid, Acute",47,5,P40763
P42229_Y694,"Leukemia, Myeloid, Acute",48,5,P42229
P61073_S339,"Leukemia, Myeloid, Acute",49,5,P61073
P31749_T308,"Leukemia, Myeloid, Acute",50,5,P31749
O14757_S280,"Leukemia, Myeloid, Acute",51,5,O14757
P32927_S585,"Leukemia, Myeloid, Acute",52,5,P32927
P17947_S41,"Leukemia, Myeloid, Acute",53,5,P17947
P17947_S140,"Leukemia, Myeloid, Acute",54,5,P17947
Q13309_S64,"Leukemia, Myeloid, Acute",55,5,Q13309
Q13148_S410,Alzheimer Disease,56,6,Q13148
Q13148_S409,Alzheimer Disease,57,6,Q13148
P40763_S727,Adenocarcinoma,58,7,P40763
P42345_S2448,Adenocarcinoma,59,7,P42345
P27986_S83,Adenocarcinoma,60,7,P27986
Q05397_S722,Adenocarcinoma,61,7,Q05397
Q05682_S789,Adenocarcinoma,62,7,Q05682
Q13501_S272,Adenocarcinoma,63,7,Q13501
Q12778_S249,Adenocarcinoma,64,7,Q12778
P63073_S209,Adenocarcinoma,65,7,P63073
P06400_S780,Adenocarcinoma,66,7,P06400
P04792_S15,Adenocarcinoma,67,7,P04792
P04792_S78,Adenocarcinoma,68,7,P04792
P04792_S82,Adenocarcinoma,69,7,P04792
P06730_S209,Adenocarcinoma,8,7,P06730
O43524_S253,Adenocarcinoma,70,7,O43524
O95863_S11,Adenocarcinoma,71,7,O95863
P12830_S853,Adenocarcinoma,72,7,P12830
P12830_S850,Adenocarcinoma,73,7,P12830
P11233_S194,Adenocarcinoma,74,7,P11233
P10275_S16,Adenocarcinoma,75,7,P10275
P10275_S424,Adenocarcinoma,76,7,P10275
P06748_T199,Adenocarcinoma,77,7,P06748
P06748_T234,Adenocarcinoma,78,7,P06748
P06748_T237,Adenocarcinoma,79,7,P06748
P31749_T308,Adenocarcinoma,50,7,P31749
P35222_T120,Adenocarcinoma,80,7,P35222
O15519_T166,Adenocarcinoma,81,7,O15519
Q13501_T269,Adenocarcinoma,82,7,Q13501
P46527_T187,Adenocarcinoma,83,7,P46527
Q99801_S48,Adenocarcinoma,84,7,Q99801
Q16643_S142,Adenocarcinoma,85,7,Q16643
Q00987_T158,Adenocarcinoma,86,7,Q00987
Q9Y490_S425,Adenocarcinoma,87,7,Q9Y490
O60331_Y639,Adenocarcinoma,88,7,O60331
O60674_Y1007,Adenocarcinoma,89,7,O60674
O60674_Y1008,Adenocarcinoma,90,7,O60674
P31749_Y176,Adenocarcinoma,91,7,P31749
P31750_Y176,Adenocarcinoma,92,7,P31750
P10275_Y535,Adenocarcinoma,93,7,P10275
P12004_Y211,Adenocarcinoma,94,7,P12004
P12931_Y419,Adenocarcinoma,30,7,P12931
P40763_Y705,Adenocarcinoma,47,7,P40763
P49841_Y216,Adenocarcinoma,95,7,P49841
Q05397_Y861,Adenocarcinoma,96,7,Q05397
Q14289_Y402,Adenocarcinoma,97,7,Q14289
Q14289_Y579,Adenocarcinoma,98,7,Q14289
Q14289_Y849,Adenocarcinoma,99,7,Q14289
O75376_S2436,Adenocarcinoma,100,7,O75376
Q13131_S486,Adenocarcinoma,101,7,Q13131
Q14203_S179,Adenocarcinoma,102,7,Q14203
P49841_S9,Adenocarcinoma,103,7,P49841
P04637_S15,Adenocarcinoma,104,7,P04637
P06400_S807,Adenocarcinoma,105,7,P06400
P06400_S811,Adenocarcinoma,106,7,P06400
P06733_S419,Adenocarcinoma,107,7,P06733
P30622_S195,Adenocarcinoma,108,7,P30622
P31749_S473,Adenocarcinoma,32,7,P31749
Q07912_Y284,Adenocarcinoma,109,7,Q07912
Q9NZC7_Y33,Adenocarcinoma,110,7,Q9NZC7
P49023_S178,Adenocarcinoma,111,7,P49023
Q00987_S186,Adenocarcinoma,112,7,Q00987
P19419_T417,Alzheimer Disease,113,6,P19419
P27348_S232,Alzheimer Disease,114,6,P27348
P19419_T417,Lewy Body Disease,113,8,P19419
P27348_S232,Lewy Body Disease,114,8,P27348
P42345_S2448,Adrenocortical Carcinoma,59,9,P42345
P62753_S244,Adrenocortical Carcinoma,115,9,P62753
P62753_S240,Adrenocortical Carcinoma,116,9,P62753
O00327_S183,Adrenocortical Carcinoma,117,9,O00327
Q00266_S114,Adrenoleukodystrophy,118,10,Q00266
P09429_S35,Adrenoleukodystrophy,119,10,P09429
Q9NR19_S659,Glioma,120,11,Q9NR19
Q61337_S112,Glioma,121,11,Q61337
P12931_Y419,Glioma,30,11,P12931
Q05655_Y52,Glioma,122,11,Q05655
Q05655_Y64,Glioma,123,11,Q05655
Q05655_Y155,Glioma,124,11,Q05655
P39689_Y76,Glioma,125,11,P39689
P46937_S381,"Leukemia-Lymphoma, Adult T-Cell",126,12,P46937
P46937_S127,"Leukemia-Lymphoma, Adult T-Cell",127,12,P46937
Q13148_S409,Neurodegenerative Diseases,57,13,Q13148
Q13148_S410,Neurodegenerative Diseases,56,13,Q13148
P10636-8_S396,Neurodegenerative Diseases,128,13,P10636-8
P42229_Y694,Acquired Immunodeficiency Syndrome,48,14,P42229
P42229_S726,Acquired Immunodeficiency Syndrome,129,14,P42229
P33568_S787,Acquired Immunodeficiency Syndrome,130,14,P33568
P01106_T73,"Lymphoma, AIDS-Related",131,15,P01106
P10275_R407,Androgen-Insensitivity Syndrome,132,16,P10275
Q00266_S114,"Liver Diseases, Alcoholic",118,17,Q00266
P09429_S35,"Liver Diseases, Alcoholic",119,17,P09429
P14136_S13,Alzheimer Disease,133,6,P14136
P14136_S13,Alexander Disease,133,18,P14136
P10636-8_T205,Alexander Disease,134,18,P10636-8
P10636-8_S404,Amyotrophic Lateral Sclerosis,135,19,P10636-8
P10636-8_T181,Amyotrophic Lateral Sclerosis,136,19,P10636-8
P10636-8_S396,Amyotrophic Lateral Sclerosis,128,19,P10636-8
P10636-8_S422,Amyotrophic Lateral Sclerosis,137,19,P10636-8
P10636-8_S262,Amyotrophic Lateral Sclerosis,138,19,P10636-8
P10636-8_T231,Amyotrophic Lateral Sclerosis,139,19,P10636-8
Q13148_S404,Amyotrophic Lateral Sclerosis,140,19,Q13148
Q13148_S379,Amyotrophic Lateral Sclerosis,141,19,Q13148
Q13148_S403,Amyotrophic Lateral Sclerosis,142,19,Q13148
Q13148_S409,Amyotrophic Lateral Sclerosis,57,19,Q13148
Q13148_S410,Amyotrophic Lateral Sclerosis,56,19,Q13148
P10636-8_T175,Amyotrophic Lateral Sclerosis,143,19,P10636-8
Q13148_S369,Amyotrophic Lateral Sclerosis,144,19,Q13148
P16056_Y1233,Amyotrophic Lateral Sclerosis,145,19,P16056
P16056_Y1232,Amyotrophic Lateral Sclerosis,146,19,P16056
P16056_Y1228,Amyotrophic Lateral Sclerosis,147,19,P16056
P16056_S983,Amyotrophic Lateral Sclerosis,148,19,P16056
P05198_S52,Amyotrophic Lateral Sclerosis,149,19,P05198
Q7KZI7_T596,Amyotrophic Lateral Sclerosis,150,19,Q7KZI7
Q9H2X6_S359,Amyotrophic Lateral Sclerosis,151,19,Q9H2X6
Q9H2X6_T360,Amyotrophic Lateral Sclerosis,152,19,Q9H2X6
P41002_S621,Amyotrophic Lateral Sclerosis,153,19,P41002
P97427_S522,Amyotrophic Lateral Sclerosis,154,19,P97427
P28352_T232,Alzheimer Disease,155,6,P28352
P10636-8_S422,Alzheimer Disease,137,6,P10636-8
P10636-8_S202,Alzheimer Disease,156,6,P10636-8
P10636-8_S404,Alzheimer Disease,135,6,P10636-8
P10636-8_S262,Alzheimer Disease,138,6,P10636-8
P10636-8_T217,Alzheimer Disease,157,6,P10636-8
P10636-8_S199,Alzheimer Disease,158,6,P10636-8
P10636-8_S396,Alzheimer Disease,128,6,P10636-8
P10636-8_T181,Alzheimer Disease,136,6,P10636-8
Q8IV63_S108,Alzheimer Disease,159,6,Q8IV63
P06241_Y420,Alzheimer Disease,160,6,P06241
P10636-8_T231,Alzheimer Disease,139,6,P10636-8
P10636-8_S413,Alzheimer Disease,161,6,P10636-8
P10637_S701,Alzheimer Disease,162,6,P10637
P10637_S506,Alzheimer Disease,163,6,P10637
P05067-4_T668,Alzheimer Disease,164,6,P05067-4
Q06481_T736,Alzheimer Disease,165,6,Q06481
Q16555_S522,Alzheimer Disease,166,6,Q16555
Q16555_S518,Alzheimer Disease,167,6,Q16555
Q16555_T509,Alzheimer Disease,168,6,Q16555
P10636-8_S320,Alzheimer Disease,169,6,P10636-8
P19332_S513,Alzheimer Disease,170,6,P19332
P19332_S715,Alzheimer Disease,171,6,P19332
P19332_S510,Alzheimer Disease,172,6,P19332
P19332_S707,Alzheimer Disease,173,6,P19332
P23443_T444,Alzheimer Disease,174,6,P23443
P23443_S447,Alzheimer Disease,175,6,P23443
P16949_S25,Alzheimer Disease,176,6,P16949
P16949_S38,Alzheimer Disease,177,6,P16949
P10636-8_T212,Alzheimer Disease,178,6,P10636-8
P10636-8_S235,Alzheimer Disease,179,6,P10636-8
P10636-8_S214,Alzheimer Disease,180,6,P10636-8
P67775_Y307,Alzheimer Disease,181,6,P67775
P63330_Y307,Alzheimer Disease,182,6,P63330
P19332_T516,Alzheimer Disease,183,6,P19332
Q02750_S222,Alzheimer Disease,184,6,Q02750
P04049_S259,Alzheimer Disease,185,6,P04049
P04049_S338,Alzheimer Disease,186,6,P04049
Q02750_S218,Alzheimer Disease,187,6,Q02750
P36507_S226,Alzheimer Disease,188,6,P36507
P04049_Y341,Alzheimer Disease,189,6,P04049
P36507_S222,Alzheimer Disease,190,6,P36507
P04049_Y340,Alzheimer Disease,191,6,P04049
P05067_T729,Alzheimer Disease,192,6,P05067
Q2NL51_S21,Alzheimer Disease,193,6,Q2NL51
P49841_S9,Alzheimer Disease,103,6,P49841
P10636-8_T205,Alzheimer Disease,134,6,P10636-8
Q9NZC7_Y33,Alzheimer Disease,110,6,Q9NZC7
P10636-8_S198,Alzheimer Disease,194,6,P10636-8
P10636-8_T175,Alzheimer Disease,143,6,P10636-8
P10636-8_S416,Alzheimer Disease,195,6,P10636-8
P10636-8_S185,Alzheimer Disease,196,6,P10636-8
P10636-8_S400,Alzheimer Disease,197,6,P10636-8
P10636-8_S238,Alzheimer Disease,198,6,P10636-8
P10636-8_T414,Alzheimer Disease,199,6,P10636-8
P10636-8_S237,Alzheimer Disease,200,6,P10636-8
P10636-8_S356,Alzheimer Disease,201,6,P10636-8
P10636-8_T403,Alzheimer Disease,202,6,P10636-8
P10636-8_Y197,Alzheimer Disease,203,6,P10636-8
P10636-8_S210,Alzheimer Disease,204,6,P10636-8
P10636-8_S409,Alzheimer Disease,205,6,P10636-8
P10636-8_S412,Alzheimer Disease,206,6,P10636-8
P10636-8_S184,Alzheimer Disease,207,6,P10636-8
P05067_S679,Alzheimer Disease,208,6,P05067
P12023_S679,Alzheimer Disease,209,6,P12023
P37840_S129,Alzheimer Disease,210,6,P37840
Q01097_Y1472,Alzheimer Disease,211,6,Q01097
P10636-8_Y394,Alzheimer Disease,212,6,P10636-8
P07197_S620,Alzheimer Disease,213,6,P07197
P07197_S672,Alzheimer Disease,214,6,P07197
P07197_S685,Alzheimer Disease,215,6,P07197
P07197_S788,Alzheimer Disease,216,6,P07197
P07197_S646,Alzheimer Disease,217,6,P07197
P07197_S837,Alzheimer Disease,218,6,P07197
P07197_S783,Alzheimer Disease,219,6,P07197
P07197_S667,Alzheimer Disease,220,6,P07197
P07197_S736,Alzheimer Disease,221,6,P07197
P07197_S659,Alzheimer Disease,222,6,P07197
P07197_S680,Alzheimer Disease,223,6,P07197
P07197_S615,Alzheimer Disease,224,6,P07197
P07197_S641,Alzheimer Disease,225,6,P07197
P12036_S795,Alzheimer Disease,226,6,P12036
P12036_S710,Alzheimer Disease,227,6,P12036
P12036_S648,Alzheimer Disease,228,6,P12036
P12036_S738,Alzheimer Disease,229,6,P12036
P12036_S640,Alzheimer Disease,230,6,P12036
P12036_S546,Alzheimer Disease,231,6,P12036
P12036_S704,Alzheimer Disease,232,6,P12036
P12036_S580,Alzheimer Disease,233,6,P12036
P12036_S696,Alzheimer Disease,234,6,P12036
P12036_S620,Alzheimer Disease,235,6,P12036
Q96C19_S74,Alzheimer Disease,236,6,Q96C19
P10637_S491,Alzheimer Disease,237,6,P10637
P10637_S688,Alzheimer Disease,238,6,P10637
P10637_T497,Alzheimer Disease,239,6,P10637
P55212_S257,Alzheimer Disease,240,6,P55212
P11137_S1702,Alzheimer Disease,241,6,P11137
P46821_S1396,Alzheimer Disease,242,6,P46821
P11137_S1706,Alzheimer Disease,243,6,P11137
P12036_S942,Alzheimer Disease,244,6,P12036
P46821_S1779,Alzheimer Disease,245,6,P46821
P46821_S1400,Alzheimer Disease,246,6,P46821
P07197_S33,Alzheimer Disease,247,6,P07197
Q01105-2_S9,Alzheimer Disease,248,6,Q01105-2
P10636-8_T153,Alzheimer Disease,249,6,P10636-8
P10636-8_T149,Alzheimer Disease,250,6,P10636-8
P10636-8_S195,Alzheimer Disease,251,6,P10636-8
Q13526_S16,Alzheimer Disease,252,6,Q13526
Q13501_S349,Alzheimer Disease,253,6,Q13501
O75865_S35,Alzheimer Disease,254,6,O75865
Q99683_S966,Alzheimer Disease,255,6,Q99683
P56817_T252,Alzheimer Disease,256,6,P56817
Q9UD71_T75,Alzheimer Disease,257,6,Q9UD71
O00429_S40,Alzheimer Disease,258,6,O00429
O00429_S44,Alzheimer Disease,259,6,O00429
P68433_S57,Alzheimer Disease,260,6,P68433
P68433_T58,Alzheimer Disease,261,6,P68433
Q9Z0V2_S616,Alzheimer Disease,262,6,Q9Z0V2
P10637_S494,Alzheimer Disease,263,6,P10637
P10637_T523,Alzheimer Disease,264,6,P10637
P10637_S490,Alzheimer Disease,265,6,P10637
P38532_T142,Alzheimer Disease,266,6,P38532
P31994-2_Y273,Alzheimer Disease,267,6,P31994-2
P49768_S310,Alzheimer Disease,268,6,P49768
O00141_T256,Alzheimer Disease,269,6,O00141
O00141_S422,Alzheimer Disease,270,6,O00141
P26645_S46,Alzheimer Disease,271,6,P26645
P29966_S147,Alzheimer Disease,272,6,P29966
P29966_S132,Alzheimer Disease,273,6,P29966
P29966_S46,Alzheimer Disease,274,6,P29966
P29966_T150,Alzheimer Disease,275,6,P29966
Q99538_S226,Alzheimer Disease,276,6,Q99538
P78362_T492,Alzheimer Disease,277,6,P78362
P10636-8_S324,Alzheimer Disease,278,6,P10636-8
P56817_S498,Alzheimer Disease,279,6,P56817
P05412_S63,Alzheimer Disease,280,6,P05412
O54781_T485,Alzheimer Disease,281,6,O54781
P10636_S214,Alzheimer Disease,282,6,P10636
P10636-8_S289,Alzheimer Disease,283,6,P10636-8
Q8NB16_S358,Alzheimer Disease,284,6,Q8NB16
Q8NB16_T357,Alzheimer Disease,285,6,Q8NB16
Q16555_T555,Alzheimer Disease,286,6,Q16555
Q9UHD2_S172,Alzheimer Disease,287,6,Q9UHD2
P10636-8_S191,Alzheimer Disease,288,6,P10636-8
P10636-8_S305,Alzheimer Disease,289,6,P10636-8
P10636-8_S285,Alzheimer Disease,290,6,P10636-8
O00499_T348,Alzheimer Disease,291,6,O00499
P10636-8_S208,Alzheimer Disease,292,6,P10636-8
P10636-8_T111,Alzheimer Disease,293,6,P10636-8
Q9EQU5-2_S9,Alzheimer Disease,294,6,Q9EQU5-2
Q9Z2D6_S421,Alzheimer Disease,295,6,Q9Z2D6
Q9QYC0_S724,Alzheimer Disease,296,6,Q9QYC0
O08553_T555,Alzheimer Disease,297,6,O08553
Q9QYB8_S712,Alzheimer Disease,298,6,Q9QYB8
Q9QYC0_T445,Alzheimer Disease,299,6,Q9QYC0
P12956_T401,Alzheimer Disease,300,6,P12956
P12956_T90,Alzheimer Disease,301,6,P12956
P12956_S78,Alzheimer Disease,302,6,P12956
P12956_S77,Alzheimer Disease,303,6,P12956
P12956_S520,Alzheimer Disease,304,6,P12956
P05067-4_Y682,Alzheimer Disease,305,6,P05067-4
P19332_T492,Alzheimer Disease,306,6,P19332
P10637_T504,Alzheimer Disease,307,6,P10637
Q8BRK8_T172,Alzheimer Disease,308,6,Q8BRK8
P12023_S697,Alzheimer Disease,309,6,P12023
O70479_S280,Alzheimer Disease,310,6,O70479
Q07866_S460,Alzheimer Disease,311,6,Q07866
P10637_S696,Alzheimer Disease,312,6,P10637
Q9WV60_Y216,Alzheimer Disease,313,6,Q9WV60
Q9WV60_S9,Alzheimer Disease,314,6,Q9WV60
O08553_T514,Alzheimer Disease,315,6,O08553
Q9EPI6_S180,Alzheimer Disease,316,6,Q9EPI6
P58252_T57,Alzheimer Disease,317,6,P58252
Q16555_T514,Alzheimer Disease,318,6,Q16555
Q16555_Y32,Alzheimer Disease,319,6,Q16555
O00429_S616,Alzheimer Disease,320,6,O00429
Q13315_S1981,Alzheimer Disease,321,6,Q13315
P04637_S15,Alzheimer Disease,104,6,P04637
Q14653_S396,Alzheimer Disease,322,6,Q14653
P06537_S284,Alzheimer Disease,323,6,P06537
P06537_S152,Alzheimer Disease,324,6,P06537
P31750_S473,Alzheimer Disease,325,6,P31750
Q99719_S327,Alzheimer Disease,326,6,Q99719
Q8K1M6_S637,Alzheimer Disease,327,6,Q8K1M6
P27361_Y204,Alzheimer Disease,20,6,P27361
P27361_T202,Alzheimer Disease,21,6,P27361
Q9R210_S141,Alzheimer Disease,328,6,Q9R210
P10637_S554,Alzheimer Disease,329,6,P10637
Q9Y4K3_Y473,Alzheimer Disease,330,6,Q9Y4K3
P61586_S188,Alzheimer Disease,331,6,P61586
P49841_Y216,Alzheimer Disease,95,6,P49841
O70405_S555,Alzheimer Disease,332,6,O70405
P12036_S801,Alzheimer Disease,333,6,P12036
P19484_S142,Alzheimer Disease,334,6,P19484
P17325_S63,Alzheimer Disease,335,6,P17325
P17325_S73,Alzheimer Disease,336,6,P17325
P18266_S9,Alzheimer Disease,337,6,P18266
P10636_S713,Alzheimer Disease,338,6,P10636
P10636_S46,Alzheimer Disease,339,6,P10636
P10636_S400,Alzheimer Disease,340,6,P10636
P10636_S515,Alzheimer Disease,341,6,P10636
P10636_S527,Alzheimer Disease,342,6,P10636
P10636_S396,Alzheimer Disease,343,6,P10636
P10636_S235,Alzheimer Disease,344,6,P10636
P10636_S238,Alzheimer Disease,345,6,P10636
P08592_T743,Alzheimer Disease,346,6,P08592
P10636_T39,Alzheimer Disease,347,6,P10636
P10636_T50,Alzheimer Disease,348,6,P10636
P10636_T69,Alzheimer Disease,349,6,P10636
P10636_T111,Alzheimer Disease,350,6,P10636
P10636_T123,Alzheimer Disease,351,6,P10636
P10636_T498,Alzheimer Disease,352,6,P10636
P10636_T529,Alzheimer Disease,353,6,P10636
P10636_T548,Alzheimer Disease,354,6,P10636
P10636_T720,Alzheimer Disease,355,6,P10636
P10636_T403,Alzheimer Disease,356,6,P10636
P61026_T73,Alzheimer Disease,357,6,P61026
Q92597_T346,Alzheimer Disease,358,6,Q92597
Q92597_T356,Alzheimer Disease,359,6,Q92597
Q92597_T366,Alzheimer Disease,360,6,Q92597
P49185_T183,Alzheimer Disease,361,6,P49185
P10636_Y514,Alzheimer Disease,362,6,P10636
P23588_S504,Alzheimer Disease,363,6,P23588
P49185_Y185,Alzheimer Disease,364,6,P49185
Q13148_S403,Alzheimer Disease,142,6,Q13148
Q13148_S404,Alzheimer Disease,140,6,Q13148
Q13148_S375,Amyotrophic Lateral Sclerosis,365,19,Q13148
Q14790_T273,Anal Canal Carcinoma,366,20,Q14790
P31749_S473,Astrocytoma,32,21,P31749
P31749_S473,"Thyroid Carcinoma, Anaplastic",32,22,P31749
P46527_T157,"Thyroid Carcinoma, Anaplastic",367,22,P46527
P46527_T198,"Thyroid Carcinoma, Anaplastic",368,22,P46527
P11802_T172,"Thyroid Carcinoma, Anaplastic",369,22,P11802
P35212_P319,Hemangiosarcoma,370,23,P35212
P10636_S396,Neurodegenerative Diseases,343,13,P10636
P15924_S299,Arrhythmogenic Right Ventricular Dysplasia,371,2,P15924
E9Q401_G1885,Arrhythmogenic Right Ventricular Dysplasia,372,2,E9Q401
Q8N0W4_T707,Autism Spectrum Disorder,373,24,Q8N0W4
Q06787_S500,Autism Spectrum Disorder,374,24,Q06787
Q05086-2_T485,Autism Spectrum Disorder,375,24,Q05086-2
O88935_S553,Autism Spectrum Disorder,376,24,O88935
O88935_S551,Autism Spectrum Disorder,377,24,O88935
O60234_Y104,Asthma,378,25,O60234
P06240_Y505,Asthma,379,25,P06240
P04150_S226,Asthma,380,25,P04150
P55211_S196,Asthma,381,25,P55211
P06537_S243,Asthma,382,25,P06537
O35303_S635,Asthma,383,25,O35303
P55087_S180,Astrocytoma,384,21,P55087
P06401_S400,Astrocytoma,385,21,P06401
Q12778_S256,Astrocytoma,386,21,Q12778
Q12778_S256,Glioblastoma,386,26,Q12778
P55087_S180,Glioblastoma,384,26,P55087
P00519_S446,Ataxia Telangiectasia,387,27,P00519
P38398_S1387,Ataxia Telangiectasia,388,27,P38398
P38398_S1423,Ataxia Telangiectasia,389,27,P38398
P38398_S1457,Ataxia Telangiectasia,390,27,P38398
P04637_S15,Ataxia Telangiectasia,104,27,P04637
Q12888_S25,Ataxia Telangiectasia,391,27,Q12888
Q14683_S966,Ataxia Telangiectasia,392,27,Q14683
Q8NHY2_S387,Ataxia Telangiectasia,393,27,Q8NHY2
P18206_S721,Atherosclerosis,394,28,P18206
P04792_S82,Atherosclerosis,69,28,P04792
P70313_S1178,Atherosclerosis,395,28,P70313
Q13133_S198,Atherosclerosis,396,28,Q13133
Q96EB6_S27,Atherosclerosis,397,28,Q96EB6
Q96EB6_S47,Atherosclerosis,398,28,Q96EB6
Q9Z0Y9_S196,Atherosclerosis,399,28,Q9Z0Y9
Q64727_S721,Atherosclerosis,400,28,Q64727
Q8C6M1_S334,Atherosclerosis,401,28,Q8C6M1
Q60855_S166,Atherosclerosis,402,28,Q60855
Q9R210_S141,Atherosclerosis,328,28,Q9R210
P46527_S10,Atherosclerosis,403,28,P46527
P25490_S118,Atherosclerosis,404,28,P25490
Q8CIS0_S657,"Dermatitis, Atopic",405,29,Q8CIS0
Q92736_S2814,Atrial Fibrillation,406,30,Q92736
E9Q401_S2813,Atrial Fibrillation,407,30,E9Q401
O14649_T383,Atrial Fibrillation,408,30,O14649
P23327_S96,Atrial Fibrillation,409,30,P23327
E9Q401_S2367,Atrial Fibrillation,410,30,E9Q401
Q14524_S571,Atrial Fibrillation,411,30,Q14524
O43395_T494,Retinitis Pigmentosa,412,31,O43395
P54845_S50,Retinitis Pigmentosa,413,31,P54845
P01106_T73,"Lymphoma, B-Cell",131,32,P01106
P51692_S193,"Lymphoma, B-Cell",16,32,P51692
P55895_T490,"Lymphoma, B-Cell",414,32,P55895
P40763_Y705,"Lymphoma, B-Cell",47,32,P40763
P35226_S316,"Lymphoma, B-Cell",415,32,P35226
P67870_S209,"Lymphoma, B-Cell",416,32,P67870
Q16543_S13,"Lymphoma, B-Cell",417,32,Q16543
P01108_S77,"Lymphoma, B-Cell",418,32,P01108
P12931_Y419,Barrett Esophagus,30,33,P12931
P12931_Y530,Barrett Esophagus,419,33,P12931
O15162_Y74,Breast Neoplasms,420,34,O15162
O15162_Y69,Breast Neoplasms,421,34,O15162
Q13887_S303,Breast Neoplasms,422,34,Q13887
P67809_S102,Breast Neoplasms,423,34,P67809
Q14934_S259,"Carcinoma, Basal Cell",424,35,Q14934
O43524_S7,"Leukemia, B-Cell",425,36,O43524
P40763_S727,"Leukemia, B-Cell",58,36,P40763
Q12778_S329,"Leukemia, B-Cell",426,36,Q12778
P46527_T187,"Lymphoma, B-Cell",83,32,P46527
P12978_T465,"Lymphoma, B-Cell",427,32,P12978
Q00987_S166,"Lymphoma, B-Cell",428,32,Q00987
Q00987_S186,"Lymphoma, B-Cell",112,32,Q00987
P12978_S457,"Lymphoma, B-Cell",429,32,P12978
P09917_S523,"Lymphoma, B-Cell",430,32,P09917
O15392_T34,Behcet Syndrome,431,37,O15392
O88792_S285,Bile Duct Neoplasms,432,38,O88792
Q02446_S770,Bipolar Disorder,433,39,Q02446
P49841_S9,Bipolar Disorder,103,39,P49841
Q16555_S522,Bipolar Disorder,166,39,Q16555
P08581_Y1234,Urinary Bladder Neoplasms,434,40,P08581
P08581_Y1003,Urinary Bladder Neoplasms,435,40,P08581
P08581_Y1235,Urinary Bladder Neoplasms,436,40,P08581
O96017_T68,Urinary Bladder Neoplasms,437,40,O96017
P40763_Y705,Urinary Bladder Neoplasms,47,40,P40763
P15407_S265,Urinary Bladder Neoplasms,438,40,P15407
P46937_S127,Urinary Bladder Neoplasms,127,40,P46937
P21802_S780,Urinary Bladder Neoplasms,439,40,P21802
P13726_S290,Urinary Bladder Neoplasms,440,40,P13726
P63073_S209,Urinary Bladder Neoplasms,65,40,P63073
Q9NZI6_T177,Urinary Bladder Neoplasms,441,40,Q9NZI6
Q3UNW5_T177,Urinary Bladder Neoplasms,442,40,Q3UNW5
P11234_S198,Urinary Bladder Neoplasms,443,40,P11234
P10412_T146,Urinary Bladder Neoplasms,444,40,P10412
P16403_T146,Urinary Bladder Neoplasms,445,40,P16403
Q16539_T180,Urinary Bladder Neoplasms,446,40,Q16539
Q05397_Y861,Urinary Bladder Neoplasms,96,40,Q05397
P31749_S473,Urinary Bladder Neoplasms,32,40,P31749
P43268_Y392,Urinary Bladder Neoplasms,447,40,P43268
P49023_Y118,Urinary Bladder Neoplasms,448,40,P49023
Q16539_Y182,Urinary Bladder Neoplasms,449,40,Q16539
P06400_S807,Urinary Bladder Neoplasms,105,40,P06400
P06400_S811,Urinary Bladder Neoplasms,106,40,P06400
Q9BUZ4_S334,Urinary Bladder Neoplasms,450,40,Q9BUZ4
Q8NEM2_S273,Urinary Bladder Neoplasms,451,40,Q8NEM2
P06730_S209,"Leukemia, Myeloid, Chronic, Atypical, BCR-ABL Negative",8,41,P06730
O96017_T68,Bloom Syndrome,437,42,O96017
Q13315_S1981,Bloom Syndrome,321,42,Q13315
P16104_S139,Bloom Syndrome,41,42,P16104
P31749_S473,Brain Neoplasms,32,43,P31749
Q61188_Y696,Brain Neoplasms,452,43,Q61188
Q9BVI0_S291,Brain Neoplasms,453,43,Q9BVI0
P04637_S15,Brain Neoplasms,104,43,P04637
P46108_Y221,Brain Neoplasms,454,43,P46108
P68431_S10,Breast Neoplasms,455,34,P68431
O70201_T34,Breast Neoplasms,456,34,O70201
P10412_T146,Breast Neoplasms,444,34,P10412
P16403_T146,Breast Neoplasms,445,34,P16403
O75116_S1366,Breast Neoplasms,457,34,O75116
P46414_T183,Breast Neoplasms,458,34,P46414
Q92934_S75,Breast Neoplasms,459,34,Q92934
Q92934_S99,Breast Neoplasms,460,34,Q92934
Q00613_T120,Breast Neoplasms,461,34,Q00613
Q71U36_S165,Breast Neoplasms,462,34,Q71U36
P62993_Y160,Breast Neoplasms,463,34,P62993
P05023_Y260,Breast Neoplasms,464,34,P05023
Q15118_T338,Breast Neoplasms,465,34,Q15118
P00558_S203,Breast Neoplasms,466,34,P00558
Q92560_S292,Breast Neoplasms,467,34,Q92560
P60174-3_S58,Breast Neoplasms,468,34,P60174-3
P12931_Y216,Breast Neoplasms,469,34,P12931
P12931_Y419,Breast Neoplasms,30,34,P12931
P03372_S305,Breast Neoplasms,470,34,P03372
P51587_S3291,Breast Neoplasms,471,34,P51587
P31749_S473,Breast Neoplasms,32,34,P31749
P31751_S474,Breast Neoplasms,472,34,P31751
P03372_S118,Breast Neoplasms,473,34,P03372
P06494_Y1250,Breast Neoplasms,474,34,P06494
Q14289_Y402,Breast Neoplasms,97,34,Q14289
P46527_Y74,Breast Neoplasms,475,34,P46527
O14757_S280,Breast Neoplasms,51,34,O14757
P04792_S78,Breast Neoplasms,68,34,P04792
P49841_S9,Breast Neoplasms,103,34,P49841
P03372_S167,Breast Neoplasms,476,34,P03372
Q9BUB5_T255,Breast Neoplasms,477,34,Q9BUB5
Q9BUB5_T250,Breast Neoplasms,478,34,Q9BUB5
P40763_Y705,Breast Neoplasms,47,34,P40763
P06400_S249,Breast Neoplasms,479,34,P06400
P06400_T252,Breast Neoplasms,480,34,P06400
O09000_Y1331,Breast Neoplasms,481,34,O09000
Q92574_S511,Breast Neoplasms,482,34,Q92574
Q03135_Y14,Breast Neoplasms,483,34,Q03135
P03372_S282,Breast Neoplasms,484,34,P03372
P03372_T311,Breast Neoplasms,485,34,P03372
P03372_S106,Breast Neoplasms,486,34,P03372
P03372_S559,Breast Neoplasms,487,34,P03372
P03372_S104,Breast Neoplasms,488,34,P03372
P03372_S294,Breast Neoplasms,489,34,P03372
P04626_Y1222,Breast Neoplasms,490,34,P04626
P04626_Y1221,Breast Neoplasms,491,34,P04626
O15350_S471,Breast Neoplasms,492,34,O15350
P03372_Y52,Breast Neoplasms,493,34,P03372
P03372_Y219,Breast Neoplasms,494,34,P03372
Q13188_T117,Breast Neoplasms,495,34,Q13188
P31749_Y176,Breast Neoplasms,91,34,P31749
Q07912_Y284,Breast Neoplasms,109,34,Q07912
P68431_S28,Breast Neoplasms,496,34,P68431
P42345_S2481,Breast Neoplasms,497,34,P42345
Q92731_S105,Breast Neoplasms,498,34,Q92731
P16144-2_Y1494,Breast Neoplasms,499,34,P16144-2
P06241_Y420,Breast Neoplasms,160,34,P06241
P23804_S183,Breast Neoplasms,500,34,P23804
P23804_S163,Breast Neoplasms,501,34,P23804
P21333_S2152,Breast Neoplasms,502,34,P21333
P21333_S1459,Breast Neoplasms,503,34,P21333
Q15672_S68,Breast Neoplasms,504,34,Q15672
P38398_S1191,Breast Neoplasms,505,34,P38398
P38398_S1189,Breast Neoplasms,506,34,P38398
P38398_S1497,Breast Neoplasms,507,34,P38398
Q3V6T2_Y1799,Breast Neoplasms,508,34,Q3V6T2
Q3V6T2_Y1765,Breast Neoplasms,509,34,Q3V6T2
P02786_Y20,Breast Neoplasms,510,34,P02786
P16949_S16,Breast Neoplasms,511,34,P16949
O60716_T906,Breast Neoplasms,512,34,O60716
P18848_S245,Breast Neoplasms,513,34,P18848
P26040_Y478,Breast Neoplasms,514,34,P26040
P63279_S71,Breast Neoplasms,515,34,P63279
P01106_T73,Breast Neoplasms,131,34,P01106
P01106_S77,Breast Neoplasms,14,34,P01106
P19174_Y783,Breast Neoplasms,516,34,P19174
P19174_Y1253,Breast Neoplasms,517,34,P19174
Q9Y4G8_S1244,Breast Neoplasms,518,34,Q9Y4G8
Q9Y4G8_S1248,Breast Neoplasms,519,34,Q9Y4G8
P16949_S38,Breast Neoplasms,177,34,P16949
P16949_S25,Breast Neoplasms,176,34,P16949
P16949_S63,Breast Neoplasms,520,34,P16949
Q13526_S138,Breast Neoplasms,521,34,Q13526
Q13761_T212,Breast Neoplasms,522,34,Q13761
Q13761_S214,Breast Neoplasms,523,34,Q13761
Q13761_T209,Breast Neoplasms,524,34,Q13761
Q13761_T231,Breast Neoplasms,525,34,Q13761
Q13480_T387,Breast Neoplasms,526,34,Q13480
Q00613_S326,Breast Neoplasms,45,34,Q00613
P52565_S176,Breast Neoplasms,527,34,P52565
Q9UKV8_Y393,Breast Neoplasms,528,34,Q9UKV8
Q92731_Y36,Breast Neoplasms,529,34,Q92731
P98170_S87,Breast Neoplasms,530,34,P98170
P30999_Y228,Breast Neoplasms,531,34,P30999
Q3V6T2_S1417,Breast Neoplasms,532,34,Q3V6T2
P23771_S308,Breast Neoplasms,533,34,P23771
O60331_Y639,Breast Neoplasms,88,34,O60331
Q12933_S11,Breast Neoplasms,534,34,Q12933
Q8N6T7_S338,Breast Neoplasms,535,34,Q8N6T7
P46527_S10,Breast Neoplasms,403,34,P46527
P10070_S149,Breast Neoplasms,536,34,P10070
P29353_S36,Breast Neoplasms,537,34,P29353
P07737_S138,Breast Neoplasms,538,34,P07737
P56945_Y267,Breast Neoplasms,539,34,P56945
P56945_Y306,Breast Neoplasms,540,34,P56945
P56945_Y287,Breast Neoplasms,541,34,P56945
P56945_Y249,Breast Neoplasms,542,34,P56945
P56945_Y234,Breast Neoplasms,543,34,P56945
P46527_T157,Breast Neoplasms,367,34,P46527
Q15910_T311,Breast Neoplasms,544,34,Q15910
P50552_S322,Breast Neoplasms,545,34,P50552
Q9UQM7_T286,Breast Neoplasms,546,34,Q9UQM7
P06401_S294,Breast Neoplasms,547,34,P06401
Q13485_T277,Breast Neoplasms,548,34,Q13485
P03372_Y537,Breast Neoplasms,549,34,P03372
P15407_T217,Breast Neoplasms,550,34,P15407
P46937_Y188,Breast Neoplasms,551,34,P46937
P46531_T2511,Breast Neoplasms,552,34,P46531
O75330_T703,Breast Neoplasms,553,34,O75330
P11802_T172,Breast Neoplasms,369,34,P11802
P00338_Y10,Breast Neoplasms,554,34,P00338
Q13309_S256,Breast Neoplasms,555,34,Q13309
Q13131_T183,Breast Neoplasms,556,34,Q13131
Q9Z0Z3_S256,Breast Neoplasms,557,34,Q9Z0Z3
Q9UPN4_S21,Breast Neoplasms,558,34,Q9UPN4
Q9UPN4_T205,Breast Neoplasms,559,34,Q9UPN4
Q00613_S307,Breast Neoplasms,560,34,Q00613
Q00613_S303,Breast Neoplasms,561,34,Q00613
Q00613_S363,Breast Neoplasms,562,34,Q00613
Q15910_T487,Breast Neoplasms,563,34,Q15910
Q9ULA0-2_S109,Breast Neoplasms,564,34,Q9ULA0-2
P42229_S726,Breast Neoplasms,129,34,P42229
Q9BWC9_S147,Breast Neoplasms,565,34,Q9BWC9
Q9BWC9_S130,Breast Neoplasms,566,34,Q9BWC9
Q13045_S436,Breast Neoplasms,567,34,Q13045
Q13045_S64,Breast Neoplasms,568,34,Q13045
Q92504_S275,Breast Neoplasms,569,34,Q92504
Q92504_S276,Breast Neoplasms,570,34,Q92504
P08559_S232,Breast Neoplasms,571,34,P08559
P52789_T473,Breast Neoplasms,572,34,P52789
Q13153_S204,Breast Neoplasms,573,34,Q13153
P28698_S27,Breast Neoplasms,574,34,P28698
P07355_Y24,Breast Neoplasms,575,34,P07355
P28028-1_T636,Breast Neoplasms,576,34,P28028-1
P28028-1_S639,Breast Neoplasms,577,34,P28028-1
O95863_S249,Breast Neoplasms,578,34,O95863
P05412_T239,Breast Neoplasms,579,34,P05412
P05412_S243,Breast Neoplasms,580,34,P05412
Q99623_S39,Breast Neoplasms,581,34,Q99623
Q7KZF4_S426,Breast Neoplasms,582,34,Q7KZF4
Q8R310_S216,Breast Neoplasms,583,34,Q8R310
P35227_T334,Breast Neoplasms,584,34,P35227
P14618_S37,Breast Neoplasms,585,34,P14618
Q16875_S478,Breast Neoplasms,586,34,Q16875
Q9ESY2_S478,Breast Neoplasms,587,34,Q9ESY2
P09467_S144,Breast Neoplasms,588,34,P09467
Q9QXD6_S144,Breast Neoplasms,589,34,Q9QXD6
Q9UJF2-2_S351,Breast Neoplasms,590,34,Q9UJF2-2
Q04917_S25,Breast Neoplasms,591,34,Q04917
Q02952_T1760,Breast Neoplasms,592,34,Q02952
P17918_Y211,Breast Neoplasms,593,34,P17918
P51532_S695,Breast Neoplasms,594,34,P51532
P51532_S1417,Breast Neoplasms,595,34,P51532
P51532_S613,Breast Neoplasms,596,34,P51532
P51532_S699,Breast Neoplasms,597,34,P51532
P35606_T861,Breast Neoplasms,598,34,P35606
P35606_S859,Breast Neoplasms,599,34,P35606
Q9Y6X9_T582,Breast Neoplasms,600,34,Q9Y6X9
P55072_S784,Breast Neoplasms,601,34,P55072
Q05513_T560,Breast Neoplasms,602,34,Q05513
P26687_S42,Breast Neoplasms,603,34,P26687
P26687_T125,Breast Neoplasms,604,34,P26687
P04626_Y1248,Breast Neoplasms,605,34,P04626
P10451_S234,Breast Neoplasms,606,34,P10451
P10451_S219,Breast Neoplasms,607,34,P10451
P10451_S280,Breast Neoplasms,608,34,P10451
P10451_S258,Breast Neoplasms,609,34,P10451
P10451_S195,Breast Neoplasms,610,34,P10451
Q04726_S217,Breast Neoplasms,611,34,Q04726
P37231_S112,Breast Neoplasms,612,34,P37231
Q2KJY2_S977,Breast Neoplasms,613,34,Q2KJY2
P53985_S467,Breast Neoplasms,614,34,P53985
P46937_T63,Breast Neoplasms,615,34,P46937
P46937_S61,Breast Neoplasms,616,34,P46937
Q9NZQ7_T290,Breast Neoplasms,617,34,Q9NZQ7
Q9NZQ7_T285,Breast Neoplasms,618,34,Q9NZQ7
P62805_Y88,Breast Neoplasms,619,34,P62805
Q02085_S165,Breast Neoplasms,620,34,Q02085
P21796_S104,Breast Neoplasms,621,34,P21796
P06400_S780,Breast Neoplasms,66,34,P06400
Q08050_T600,Breast Neoplasms,622,34,Q08050
P24385_T286,Breast Neoplasms,623,34,P24385
O43524_S253,Breast Neoplasms,70,34,O43524
Q12778_T24,Breast Neoplasms,624,34,Q12778
P42345_S2448,Breast Neoplasms,59,34,P42345
Q12778_S256,Breast Neoplasms,386,34,Q12778
O43524_T32,Breast Neoplasms,625,34,O43524
O15530_S241,Breast Neoplasms,626,34,O15530
Q96B36_T246,Breast Neoplasms,627,34,Q96B36
Q15910_T367,Breast Neoplasms,628,34,Q15910
P52701_S830,Breast Neoplasms,629,34,P52701
P52701_S227,Breast Neoplasms,630,34,P52701
P17844_T69,Breast Neoplasms,631,34,P17844
P11413_Y249,Breast Neoplasms,632,34,P11413
P11413_Y322,Breast Neoplasms,633,34,P11413
P49023_Y118,Breast Neoplasms,448,34,P49023
Q05397_Y397,Breast Neoplasms,634,34,Q05397
Q05655_Y313,Breast Neoplasms,635,34,Q05655
P08581_Y1356,Breast Neoplasms,636,34,P08581
P08581_Y1234,Breast Neoplasms,434,34,P08581
Q9UD71_T34,Breast Neoplasms,637,34,Q9UD71
Q96CX2_S176,Breast Neoplasms,638,34,Q96CX2
Q96CX2_T196,Breast Neoplasms,639,34,Q96CX2
Q96CX2_S187,Breast Neoplasms,640,34,Q96CX2
Q96CX2_S200,Breast Neoplasms,641,34,Q96CX2
P49023_S178,Breast Neoplasms,111,34,P49023
P28028_S599,Breast Neoplasms,642,34,P28028
P29317_S897,Breast Neoplasms,643,34,P29317
P52565_S174,Breast Neoplasms,644,34,P52565
P68104_S300,Breast Neoplasms,645,34,P68104
O43463_S391,Breast Neoplasms,646,34,O43463
P31749_T308,Breast Neoplasms,50,34,P31749
P46527_T187,Breast Neoplasms,83,34,P46527
Q16555_T514,Breast Neoplasms,318,34,Q16555
Q15910_T416,Breast Neoplasms,647,34,Q15910
Q4VCS5_S175,Breast Neoplasms,648,34,Q4VCS5
P36507_T394,Breast Neoplasms,649,34,P36507
P84022_T179,Breast Neoplasms,650,34,P84022
Q00987_T419,Breast Neoplasms,651,34,Q00987
Q01196_T207,Breast Neoplasms,652,34,Q01196
P25963_T291,Breast Neoplasms,653,34,P25963
P26038_T558,Breast Neoplasms,654,34,P26038
P27361_T202,Breast Neoplasms,21,34,P27361
Q96FA3_T264,Breast Neoplasms,655,34,Q96FA3
Q9HCE7_T223,Breast Neoplasms,656,34,Q9HCE7
Q13555_T287,Breast Neoplasms,657,34,Q13555
Q15796_T220,Breast Neoplasms,658,34,Q15796
Q15910_T345,Breast Neoplasms,659,34,Q15910
O14744_T132,Breast Neoplasms,660,34,O14744
O14744_T139,Breast Neoplasms,661,34,O14744
O14744_T144,Breast Neoplasms,662,34,O14744
O95863_T203,Breast Neoplasms,663,34,O95863
P06400_T821,Breast Neoplasms,664,34,P06400
Q14693_Y398,Breast Neoplasms,665,34,Q14693
Q14693_Y413,Breast Neoplasms,666,34,Q14693
Q14693_Y795,Breast Neoplasms,667,34,Q14693
Q06830_Y194,Breast Neoplasms,668,34,Q06830
Q96FA3_Y154,Breast Neoplasms,669,34,Q96FA3
P46108_Y239,Breast Neoplasms,670,34,P46108
P08069_Y1165,Breast Neoplasms,671,34,P08069
P08069_Y1166,Breast Neoplasms,672,34,P08069
O00401_Y256,Breast Neoplasms,673,34,O00401
P07948_Y32,Breast Neoplasms,674,34,P07948
P33993_Y600,Breast Neoplasms,675,34,P33993
P14618_Y105,Breast Neoplasms,676,34,P14618
P27361_Y204,Breast Neoplasms,20,34,P27361
P36897_Y182,Breast Neoplasms,677,34,P36897
P12004_Y211,Breast Neoplasms,94,34,P12004
P49841_Y216,Breast Neoplasms,95,34,P49841
P56945_Y12,Breast Neoplasms,678,34,P56945
P15311_Y478,Breast Neoplasms,679,34,P15311
Q9BXH1_Y172,Breast Neoplasms,680,34,Q9BXH1
Q9BXH1_Y152,Breast Neoplasms,681,34,Q9BXH1
Q00495_Y721,Breast Neoplasms,682,34,Q00495
Q9BXH1_Y58,Breast Neoplasms,683,34,Q9BXH1
P31947_S69,Breast Neoplasms,684,34,P31947
P31947_S74,Breast Neoplasms,685,34,P31947
Q05397_S732,Breast Neoplasms,686,34,Q05397
O60341_S111,Breast Neoplasms,687,34,O60341
O95863_S100,Breast Neoplasms,688,34,O95863
Q14790_S387,Breast Neoplasms,689,34,Q14790
Q8NCF5_S204,Breast Neoplasms,690,34,Q8NCF5
Q8WTX7_S14,Breast Neoplasms,691,34,Q8WTX7
Q8N543_S256,Breast Neoplasms,692,34,Q8N543
Q61982_S1673,Breast Neoplasms,693,34,Q61982
Q9UPT5_S59,Breast Neoplasms,694,34,Q9UPT5
Q9UPT5_S89,Breast Neoplasms,695,34,Q9UPT5
Q9UPT5_S47,Breast Neoplasms,696,34,Q9UPT5
Q9NVW2_S215,Breast Neoplasms,697,34,Q9NVW2
Q9NVW2_S347,Breast Neoplasms,698,34,Q9NVW2
Q9ULA0_S119,Breast Neoplasms,699,34,Q9ULA0
Q13835_S118,Breast Neoplasms,700,34,Q13835
Q15276_S407,Breast Neoplasms,701,34,Q15276
Q16555_S522,Breast Neoplasms,166,34,Q16555
Q8TCU6_S1169,Breast Neoplasms,702,34,Q8TCU6
Q8WYL5_S978,Breast Neoplasms,703,34,Q8WYL5
Q9UIK4_S299,Breast Neoplasms,704,34,Q9UIK4
Q9UJU6_S269,Breast Neoplasms,705,34,Q9UJU6
Q15007_S341,Breast Neoplasms,706,34,Q15007
P04637_S15,Breast Neoplasms,104,34,P04637
P04637_S20,Breast Neoplasms,707,34,P04637
P04637_S46,Breast Neoplasms,9,34,P04637
P04637_S392,Breast Neoplasms,708,34,P04637
P40763_S727,Breast Neoplasms,58,34,P40763
Q16539_Y182,Breast Neoplasms,449,34,Q16539
P42224_Y701,Breast Neoplasms,709,34,P42224
P49789_Y114,Breast Neoplasms,710,34,P49789
P48436_S181,Breast Neoplasms,711,34,P48436
P51812_S19,Breast Neoplasms,712,34,P51812
P46937_S127,Breast Neoplasms,127,34,P46937
P68366_S165,Breast Neoplasms,713,34,P68366
O75385_S495,Breast Neoplasms,714,34,O75385
O75581_S1490,Breast Neoplasms,715,34,O75581
P08559_S295,Breast Neoplasms,716,34,P08559
P08559_S314,Breast Neoplasms,717,34,P08559
P15407_S265,Breast Neoplasms,438,34,P15407
P13796_S5,Breast Neoplasms,718,34,P13796
P15407_S252,Breast Neoplasms,719,34,P15407
P12931_Y419,Triple Negative Breast Neoplasms,30,44,P12931
Q13323_S124,Triple Negative Breast Neoplasms,720,44,Q13323
Q8IZL8_S1033,Triple Negative Breast Neoplasms,721,44,Q8IZL8
Q15910_T416,Triple Negative Breast Neoplasms,647,44,Q15910
P10275_S516,Triple Negative Breast Neoplasms,722,44,P10275
Q1PSW8_S3,Triple Negative Breast Neoplasms,723,44,Q1PSW8
Q2Q1W2_S3,Triple Negative Breast Neoplasms,724,44,Q2Q1W2
P10276_S77,Triple Negative Breast Neoplasms,725,44,P10276
Q61188_T416,Triple Negative Breast Neoplasms,726,44,Q61188
P40763_Y705,Triple Negative Breast Neoplasms,47,44,P40763
P40763_S727,Triple Negative Breast Neoplasms,58,44,P40763
Q05397_Y397,Triple Negative Breast Neoplasms,634,44,Q05397
P00533_Y1069,Triple Negative Breast Neoplasms,727,44,P00533
P17676_T235,Triple Negative Breast Neoplasms,728,44,P17676
Q15910_T487,Triple Negative Breast Neoplasms,563,44,Q15910
Q92934_S99,Triple Negative Breast Neoplasms,460,44,Q92934
P68104_S300,"Carcinoma, Ductal, Breast",645,45,P68104
Q14790_S387,"Carcinoma, Ductal, Breast",689,45,Q14790
P16471_S349,"Carcinoma, Ductal, Breast",729,45,P16471
O95863_S11,"Carcinoma, Ductal, Breast",71,45,O95863
Q13480_Y83,"Carcinoma, Ductal, Breast",730,45,Q13480
Q13153_Y285,"Carcinoma, Ductal, Breast",731,45,Q13153
P10275_S516,"Carcinoma, Ductal, Breast",722,45,P10275
P27361_T202,"Carcinoma, Ductal, Breast",21,45,P27361
P28482_Y187,"Carcinoma, Ductal, Breast",732,45,P28482
P27361_Y204,"Carcinoma, Ductal, Breast",20,45,P27361
P28482_T185,"Carcinoma, Ductal, Breast",733,45,P28482
O60331_S448,"Carcinoma, Ductal, Breast",734,45,O60331
Q70EK9_S26,"Carcinoma, Ductal, Breast",735,45,Q70EK9
Q14524_S528,Brugada Syndrome,736,46,Q14524
Q96KB5_Y74,Burkitt Lymphoma,737,47,Q96KB5
P01106_T73,Burkitt Lymphoma,131,47,P01106
P42575_S157,Neoplasms,738,48,P42575
P31749_S473,Neoplasms,32,48,P31749
Q15797_S239,Neoplasms,739,48,Q15797
P50281_T567,Neoplasms,740,48,P50281
P51812_T115,Neoplasms,741,48,P51812
P60484_T366,Neoplasms,742,48,P60484
P14618_T45,Neoplasms,743,48,P14618
Q9NRC8_T255,Neoplasms,744,48,Q9NRC8
Q9NRC8_T263,Neoplasms,745,48,Q9NRC8
Q13761_T209,Neoplasms,524,48,Q13761
Q16665_T455,Neoplasms,746,48,Q16665
Q6NXT2_T3,Neoplasms,747,48,Q6NXT2
Q16875_Y194,Neoplasms,748,48,Q16875
P06493_Y15,Neoplasms,749,48,P06493
Q9UKV8_Y393,Neoplasms,528,48,Q9UKV8
Q9UKV8_Y529,Neoplasms,750,48,Q9UKV8
Q9UKV8_Y749,Neoplasms,751,48,Q9UKV8
P40763_Y705,Neoplasms,47,48,P40763
P12931_Y530,Neoplasms,419,48,P12931
P18669_Y26,Neoplasms,752,48,P18669
Q9H1Y3_Y140,Neoplasms,753,48,Q9H1Y3
Q05397_Y397,Neoplasms,634,48,Q05397
Q05397_Y861,Neoplasms,96,48,Q05397
Q15397_Y259,Neoplasms,754,48,Q15397
P06239_Y505,Neoplasms,755,48,P06239
Q15831_S334,Neoplasms,756,48,Q15831
Q16512_S533,Neoplasms,757,48,Q16512
Q16512_S537,Neoplasms,758,48,Q16512
Q16512_S562,Neoplasms,759,48,Q16512
Q9UQR0_S570,Neoplasms,760,48,Q9UQR0
Q9BPZ7_S270,Neoplasms,761,48,Q9BPZ7
Q9BPZ7_S447,Neoplasms,762,48,Q9BPZ7
Q9BW19_S26,Neoplasms,763,48,Q9BW19
Q9NRC8_S259,Neoplasms,764,48,Q9NRC8
Q9NY61_S316,Neoplasms,765,48,Q9NY61
Q9NY61_S320,Neoplasms,766,48,Q9NY61
Q9NY61_S321,Neoplasms,767,48,Q9NY61
Q9H0F6_S146,Neoplasms,768,48,Q9H0F6
Q9H1Y3_S380,Neoplasms,769,48,Q9H1Y3
P40763_S727,Neoplasms,58,48,P40763
O00161_S95,Neoplasms,770,48,O00161
O43175_S55,Neoplasms,771,48,O43175
O43175_S371,Neoplasms,772,48,O43175
P06239_Y394,Neoplasms,773,48,P06239
P46937_S128,Neoplasms,774,48,P46937
P50552_S157,Neoplasms,775,48,P50552
Q13263_S473,Neoplasms,776,48,Q13263
Q13470_S502,Neoplasms,777,48,Q13470
Q14258_S12,Neoplasms,778,48,Q14258
P07195_S162,Neoplasms,779,48,P07195
O95273_S313,Neoplasms,780,48,O95273
O95273_S356,Neoplasms,781,48,O95273
P08559_S327,Neoplasms,782,48,P08559
P23804_S183,Neoplasms,500,48,P23804
P29317_S897,Neoplasms,643,48,P29317
P10415_S70,Neoplasms,783,48,P10415
Q14934_S259,Neoplasms,424,48,Q14934
Q02248_S45,Neoplasms,784,48,Q02248
Q9NZC7_Y33,Neoplasms,110,48,Q9NZC7
P63085_T183,Neoplasms,785,48,P63085
P63085_Y185,Neoplasms,786,48,P63085
Q63844_T203,Neoplasms,787,48,Q63844
Q9Z2A0_S244,Neoplasms,788,48,Q9Z2A0
P42227_Y705,Neoplasms,789,48,P42227
Q63844_Y205,Neoplasms,790,48,Q63844
P06241_Y420,Neoplasms,160,48,P06241
Q16658_S39,Neoplasms,791,48,Q16658
P46937-3_Y394,Neoplasms,792,48,P46937-3
P46937-3_Y341,Neoplasms,793,48,P46937-3
P46937-3_Y357,Neoplasms,794,48,P46937-3
Q96KB5_T9,Neoplasms,795,48,Q96KB5
Q96S44_S250,Neoplasms,796,48,Q96S44
P00533_Y1092,Neoplasms,797,48,P00533
P00533_Y1110,Neoplasms,798,48,P00533
P00533_Y1197,Neoplasms,799,48,P00533
P00533_Y869,Neoplasms,800,48,P00533
Q13541_T46,Neoplasms,801,48,Q13541
Q13541_T37,Neoplasms,802,48,Q13541
P04637_S392,Neoplasms,708,48,P04637
Q14934_S259,"Carcinoma, Squamous Cell",424,49,Q14934
Q02248_S45,"Carcinoma, Squamous Cell",784,49,Q02248
Q05397_Y397,"Carcinoma, Squamous Cell",634,49,Q05397
Q9NZC7_Y33,"Carcinoma, Squamous Cell",110,49,Q9NZC7
P63085_T183,"Carcinoma, Squamous Cell",785,49,P63085
P63085_Y185,"Carcinoma, Squamous Cell",786,49,P63085
Q63844_T203,"Carcinoma, Squamous Cell",787,49,Q63844
Q9Z2A0_S244,"Carcinoma, Squamous Cell",788,49,Q9Z2A0
P42227_Y705,"Carcinoma, Squamous Cell",789,49,P42227
Q63844_Y205,"Carcinoma, Squamous Cell",790,49,Q63844
P06241_Y420,"Carcinoma, Squamous Cell",160,49,P06241
Q16658_S39,"Carcinoma, Squamous Cell",791,49,Q16658
P31749_S473,"Carcinoma, Squamous Cell",32,49,P31749
Q15797_S239,"Carcinoma, Squamous Cell",739,49,Q15797
P46937-3_Y394,"Carcinoma, Squamous Cell",792,49,P46937-3
P46937-3_Y341,"Carcinoma, Squamous Cell",793,49,P46937-3
P46937-3_Y357,"Carcinoma, Squamous Cell",794,49,P46937-3
Q96KB5_T9,"Carcinoma, Squamous Cell",795,49,Q96KB5
Q96S44_S250,"Carcinoma, Squamous Cell",796,49,Q96S44
P00533_Y1092,"Carcinoma, Squamous Cell",797,49,P00533
P00533_Y1110,"Carcinoma, Squamous Cell",798,49,P00533
P00533_Y1197,"Carcinoma, Squamous Cell",799,49,P00533
P00533_Y869,"Carcinoma, Squamous Cell",800,49,P00533
Q13541_T46,"Carcinoma, Squamous Cell",801,49,Q13541
Q13541_T37,"Carcinoma, Squamous Cell",802,49,Q13541
P04637_S392,"Carcinoma, Squamous Cell",708,49,P04637
P40763_S727,Carcinoma,58,50,P40763
P35568_S307,Carcinoma,803,50,P35568
P35568_S616,Carcinoma,804,50,P35568
P49023_S126,Carcinoma,805,50,P49023
P49023_S178,Carcinoma,111,50,P49023
P42345_S2448,Carcinoma,59,50,P42345
P42345_S2481,Carcinoma,497,50,P42345
P27986_S83,Carcinoma,60,50,P27986
P29317_S897,Carcinoma,643,50,P29317
P23804_S163,Carcinoma,501,50,P23804
P23804_S183,Carcinoma,500,50,P23804
P31750_S473,Carcinoma,325,50,P31750
P31751_S474,Carcinoma,472,50,P31751
P31749_S129,Carcinoma,806,50,P31749
P31749_S473,Carcinoma,32,50,P31749
Q00987_S166,Carcinoma,428,50,Q00987
Q04206_S276,Carcinoma,807,50,Q04206
Q05397_S722,Carcinoma,61,50,Q05397
Q05682_S789,Carcinoma,62,50,Q05682
Q00613_S326,Carcinoma,45,50,Q00613
Q13501_S272,Carcinoma,63,50,Q13501
Q13526_S138,Carcinoma,521,50,Q13526
Q12778_S249,Carcinoma,64,50,Q12778
Q13085_S80,Carcinoma,808,50,Q13085
P49841_S9,Carcinoma,103,50,P49841
P50552_S322,Carcinoma,545,50,P50552
P63073_S209,Carcinoma,65,50,P63073
P68104_S300,Carcinoma,645,50,P68104
P05412_S73,Carcinoma,809,50,P05412
P05412_S243,Carcinoma,580,50,P05412
P06400_S249,Carcinoma,479,50,P06400
P06400_S780,Carcinoma,66,50,P06400
P05198_S52,Carcinoma,149,50,P05198
P04637_S20,Carcinoma,707,50,P04637
P04637_S392,Carcinoma,708,50,P04637
P04792_S15,Carcinoma,67,50,P04792
P04792_S78,Carcinoma,68,50,P04792
P04792_S82,Carcinoma,69,50,P04792
P06401_S294,Carcinoma,547,50,P06401
P06730_S209,Carcinoma,8,50,P06730
P07949_S891,Carcinoma,810,50,P07949
P03372_S305,Carcinoma,470,50,P03372
P03372_S167,Carcinoma,476,50,P03372
O43463_S391,Carcinoma,646,50,O43463
O43524_S253,Carcinoma,70,50,O43524
O60716_S288,Carcinoma,811,50,O60716
O14926_S39,Carcinoma,812,50,O14926
P00533_S1166,Carcinoma,813,50,P00533
O95817_S187,Carcinoma,814,50,O95817
O95863_S11,Carcinoma,71,50,O95863
O96013_S474,Carcinoma,815,50,O96013
P12830_S853,Carcinoma,72,50,P12830
P12830_S850,Carcinoma,73,50,P12830
P15407_S252,Carcinoma,719,50,P15407
P15407_S265,Carcinoma,438,50,P15407
P11233_S194,Carcinoma,74,50,P11233
P20618_S157,Carcinoma,816,50,P20618
P18848_S245,Carcinoma,513,50,P18848
P17535_S100,Carcinoma,817,50,P17535
P10275_S16,Carcinoma,75,50,P10275
P10275_S424,Carcinoma,76,50,P10275
P06400_T252,Carcinoma,480,50,P06400
P06400_T356,Carcinoma,818,50,P06400
P06748_T199,Carcinoma,77,50,P06748
P06748_T234,Carcinoma,78,50,P06748
P06748_T237,Carcinoma,79,50,P06748
P08047_T739,Carcinoma,819,50,P08047
P10244_T487,Carcinoma,820,50,P10244
P00533_T790,Carcinoma,821,50,P00533
P31749_T308,Carcinoma,50,50,P31749
P35222_T120,Carcinoma,80,50,P35222
P46527_T157,Carcinoma,367,50,P46527
P46527_T187,Carcinoma,83,50,P46527
P50281_T567,Carcinoma,740,50,P50281
O15519_T166,Carcinoma,81,50,O15519
O96017_T68,Carcinoma,437,50,O96017
Q13153_T212,Carcinoma,822,50,Q13153
Q13153_T423,Carcinoma,823,50,Q13153
O70201_T34,Carcinoma,456,50,O70201
Q13163_T315,Carcinoma,824,50,Q13163
Q13188_T117,Carcinoma,495,50,Q13188
Q13541_T37,Carcinoma,802,50,Q13541
Q16555_T514,Carcinoma,318,50,Q16555
Q96GD4_T232,Carcinoma,825,50,Q96GD4
Q9H8V3_T359,Carcinoma,826,50,Q9H8V3
Q9UQM7_T286,Carcinoma,546,50,Q9UQM7
P11802_T172,Carcinoma,369,50,P11802
Q13480_T387,Carcinoma,526,50,Q13480
Q13485_T277,Carcinoma,548,50,Q13485
Q13501_T269,Carcinoma,82,50,Q13501
Q13541_T46,Carcinoma,801,50,Q13541
Q13131_T183,Carcinoma,556,50,Q13131
P63085_T183,Carcinoma,785,50,P63085
Q12933_T117,Carcinoma,827,50,Q12933
Q96B36_T246,Carcinoma,627,50,Q96B36
Q15910_T416,Carcinoma,647,50,Q15910
Q16539_T180,Carcinoma,446,50,Q16539
P23443_T412,Carcinoma,33,50,P23443
P23396_T221,Carcinoma,828,50,P23396
P15407_T217,Carcinoma,550,50,P15407
P19419_T417,Carcinoma,113,50,P19419
P48972_T490,Carcinoma,829,50,P48972
P45985_T261,Carcinoma,830,50,P45985
P46527_T198,Carcinoma,368,50,P46527
Q92934_S99,Carcinoma,460,50,Q92934
Q92934_S118,Carcinoma,831,50,Q92934
Q8N6T7_S338,Carcinoma,535,50,Q8N6T7
Q9UKE5_S764,Carcinoma,832,50,Q9UKE5
Q99801_S48,Carcinoma,84,50,Q99801
Q15797_S465,Carcinoma,833,50,Q15797
Q16555_S522,Carcinoma,166,50,Q16555
Q16643_S142,Carcinoma,85,50,Q16643
Q61337_S155,Carcinoma,834,50,Q61337
Q61337_S136,Carcinoma,835,50,Q61337
Q61337_S112,Carcinoma,121,50,Q61337
Q4VCS5_S175,Carcinoma,648,50,Q4VCS5
Q00987_T158,Carcinoma,86,50,Q00987
P17844_T446,Carcinoma,836,50,P17844
P17844_T564,Carcinoma,837,50,P17844
Q9Y2H5_S455,Carcinoma,838,50,Q9Y2H5
Q9Y490_S425,Carcinoma,87,50,Q9Y490
Q9Y4H2_S1100,Carcinoma,839,50,Q9Y4H2
P06400_S807,Carcinoma,105,50,P06400
Q15121_S116,Carcinoma,840,50,Q15121
O15551_T192,Carcinoma,841,50,O15551
Q15121_S104,Carcinoma,842,50,Q15121
P05787_S74,Carcinoma,843,50,P05787
P05787_S432,Carcinoma,844,50,P05787
P06400_T821,Carcinoma,664,50,P06400
P52735_Y172,Carcinoma,845,50,P52735
P53350_Y425,Carcinoma,846,50,P53350
P56945_Y410,Carcinoma,847,50,P56945
O60331_Y639,Carcinoma,88,50,O60331
O60674_Y1007,Carcinoma,89,50,O60674
O60674_Y1008,Carcinoma,90,50,O60674
P07355_Y24,Carcinoma,575,50,P07355
P08069_Y1165,Carcinoma,671,50,P08069
P08069_Y1166,Carcinoma,672,50,P08069
P0DP23_Y100,Carcinoma,848,50,P0DP23
O00401_Y256,Carcinoma,673,50,O00401
O00767_Y55,Carcinoma,849,50,O00767
P03372_Y52,Carcinoma,493,50,P03372
P31749_Y176,Carcinoma,91,50,P31749
P31750_Y176,Carcinoma,92,50,P31750
O75365_Y53,Carcinoma,850,50,O75365
P02786_Y20,Carcinoma,510,50,P02786
P07949_Y791,Carcinoma,851,50,P07949
P08581_Y1003,Carcinoma,435,50,P08581
P08581_Y1234,Carcinoma,434,50,P08581
P08581_Y1235,Carcinoma,436,50,P08581
P08581_Y1349,Carcinoma,852,50,P08581
P08581_Y1365,Carcinoma,853,50,P08581
P00533_Y1092,Carcinoma,797,50,P00533
P03372_Y219,Carcinoma,494,50,P03372
P03372_Y537,Carcinoma,549,50,P03372
P04626_Y1248,Carcinoma,605,50,P04626
P10275_Y535,Carcinoma,93,50,P10275
P19174_Y783,Carcinoma,516,50,P19174
P19174_Y1253,Carcinoma,517,50,P19174
P28482_Y187,Carcinoma,732,50,P28482
P00533_Y869,Carcinoma,800,50,P00533
P12004_Y211,Carcinoma,94,50,P12004
P12931_Y419,Carcinoma,30,50,P12931
P12931_Y530,Carcinoma,419,50,P12931
P40763_Y705,Carcinoma,47,50,P40763
P48357_Y1141,Carcinoma,854,50,P48357
P49023_Y88,Carcinoma,855,50,P49023
P49841_Y216,Carcinoma,95,50,P49841
P56945_Y12,Carcinoma,678,50,P56945
P35235_Y63,Carcinoma,856,50,P35235
P35235_Y62,Carcinoma,857,50,P35235
P15311_Y478,Carcinoma,679,50,P15311
P56945_Y128,Carcinoma,858,50,P56945
Q9UM73_Y1507,Carcinoma,859,50,Q9UM73
P00338_Y10,Carcinoma,554,50,P00338
Q9BXH1_Y172,Carcinoma,680,50,Q9BXH1
Q9BXH1_Y152,Carcinoma,681,50,Q9BXH1
Q00495_Y721,Carcinoma,682,50,Q00495
Q05397_Y861,Carcinoma,96,50,Q05397
Q14289_Y402,Carcinoma,97,50,Q14289
Q14289_Y579,Carcinoma,98,50,Q14289
Q14289_Y849,Carcinoma,99,50,Q14289
Q14289_Y881,Carcinoma,860,50,Q14289
Q8VI36_Y88,Carcinoma,861,50,Q8VI36
Q9BXH1_Y58,Carcinoma,683,50,Q9BXH1
P31947_S69,Carcinoma,684,50,P31947
P31947_S74,Carcinoma,685,50,P31947
Q05397_S732,Carcinoma,686,50,Q05397
P06400_S811,Carcinoma,106,50,P06400
O14757_S280,Carcinoma,51,50,O14757
O15530_S241,Carcinoma,626,50,O15530
O75376_S2436,Carcinoma,100,50,O75376
O95863_S100,Carcinoma,688,50,O95863
P00533_S768,Carcinoma,862,50,P00533
Q14790_S387,Carcinoma,689,50,Q14790
Q6U7Q0_S391,Carcinoma,863,50,Q6U7Q0
Q7L5N1_S148,Carcinoma,864,50,Q7L5N1
Q96S44_S250,Carcinoma,796,50,Q96S44
Q9BVI0_S291,Carcinoma,453,50,Q9BVI0
Q9UHH9_S347,Carcinoma,865,50,Q9UHH9
P03372_S118,Carcinoma,473,50,P03372
Q13131_S486,Carcinoma,101,50,Q13131
Q13163_S311,Carcinoma,866,50,Q13163
Q13177_S20,Carcinoma,867,50,Q13177
Q13835_S118,Carcinoma,700,50,Q13835
Q14203_S179,Carcinoma,102,50,Q14203
Q15276_S407,Carcinoma,701,50,Q15276
Q15672_S68,Carcinoma,504,50,Q15672
Q15717_S318,Carcinoma,868,50,Q15717
Q15797_S463,Carcinoma,869,50,Q15797
P63279_S71,Carcinoma,515,50,P63279
P46937_S127,Carcinoma,127,50,P46937
Q8TCU6_S1169,Carcinoma,702,50,Q8TCU6
Q8WYL5_S978,Carcinoma,703,50,Q8WYL5
Q92731_S105,Carcinoma,498,50,Q92731
Q92934_S75,Carcinoma,459,50,Q92934
Q9UIK4_S299,Carcinoma,704,50,Q9UIK4
Q9UJU6_S269,Carcinoma,705,50,Q9UJU6
P10415_S70,Carcinoma,783,50,P10415
P09493_S283,Carcinoma,870,50,P09493
P11387_S506,Carcinoma,871,50,P11387
P16949_S16,Carcinoma,511,50,P16949
P16949_S38,Carcinoma,177,50,P16949
P04637_S15,Carcinoma,104,50,P04637
P04637_S46,Carcinoma,9,50,P04637
P06733_S419,Carcinoma,107,50,P06733
P46108_S41,Carcinoma,872,50,P46108
P46527_S10,Carcinoma,403,50,P46527
P28290_S92,Carcinoma,873,50,P28290
P30622_S195,Carcinoma,108,50,P30622
Q8BFP9_Y136,Carcinoma,874,50,Q8BFP9
Q92731_Y36,Carcinoma,529,50,Q92731
Q05397_Y925,Carcinoma,875,50,Q05397
Q07912_Y284,Carcinoma,109,50,Q07912
Q14247_Y421,Carcinoma,876,50,Q14247
Q14790_Y380,Carcinoma,877,50,Q14790
Q16539_Y182,Carcinoma,449,50,Q16539
Q05397_Y397,Carcinoma,634,50,Q05397
P16591_Y714,Carcinoma,878,50,P16591
Q9NZC7_Y33,Carcinoma,110,50,Q9NZC7
Q9UKV8_Y393,Carcinoma,528,50,Q9UKV8
Q9Z1X1_Y993,Carcinoma,879,50,Q9Z1X1
P42224_Y701,Carcinoma,709,50,P42224
P42225_Y701,Carcinoma,880,50,P42225
P46527_Y74,Carcinoma,475,50,P46527
P67775_Y307,Carcinoma,181,50,P67775
Q03135_Y14,Carcinoma,483,50,Q03135
P49789_Y114,Carcinoma,710,50,P49789
P56945_Y249,Carcinoma,542,50,P56945
P56945_Y267,Carcinoma,539,50,P56945
P56945_Y287,Carcinoma,541,50,P56945
P56945_Y306,Carcinoma,540,50,P56945
P67809_S102,Carcinoma,423,50,P67809
Q00987_S186,Carcinoma,112,50,Q00987
P10415_S87,Carcinoma,881,50,P10415
Q9UNE7_S19,Myocardial Ischemia,882,51,Q9UNE7
P49841_S389,Cardiomegaly,883,52,P49841
Q14524_S516,Cardiomyopathies,884,53,Q14524
P46938_S112,Cardiomyopathies,885,53,P46938
Q9WV60_S9,Cardiomyopathies,314,53,Q9WV60
P31750_S473,Cardiomyopathies,325,53,P31750
Q9WV60_S389,Cardiomyopathies,886,53,Q9WV60
P49841_S389,Cardiomyopathies,883,53,P49841
P49841_S9,Cardiomyopathies,103,53,P49841
Q92736_S2808,Cardiomyopathies,887,53,Q92736
E9Q401_S2807,Cardiomyopathies,888,53,E9Q401
P10636-8_T205,Cardiomyopathies,134,53,P10636-8
P10636-8_S199,Cardiomyopathies,158,53,P10636-8
P10636-8_S202,Cardiomyopathies,156,53,P10636-8
P10636-8_S262,Cardiomyopathies,138,53,P10636-8
Q01147_S119,Cardiomyopathies,889,53,Q01147
A2ASS6_S12742,Cardiomyopathies,890,53,A2ASS6
A2ASS6_S12884,Cardiomyopathies,891,53,A2ASS6
Q14896_S284,Cardiomyopathies,892,53,Q14896
Q14896_S275,Cardiomyopathies,893,53,Q14896
Q9UQL6_S279,Cardiomyopathies,894,53,Q9UQL6
P26433_S552,Cardiomyopathies,895,53,P26433
P63329_S411,Cardiomyopathies,896,53,P63329
O08589_S88,Cardiomyopathies,897,53,O08589
F1PEE8_S2799,Cardiomyopathies,898,53,F1PEE8
F1PEE8_S2016,Cardiomyopathies,899,53,F1PEE8
Q92736_S2814,Cardiomyopathies,406,53,Q92736
P19429_S23,Cardiomyopathies,900,53,P19429
Q8WZ42_S4099,Cardiomyopathies,901,53,Q8WZ42
P19429_S24,Cardiomyopathies,902,53,P19429
Q8WZ42_S4010,Cardiomyopathies,903,53,Q8WZ42
Q8WZ42_S11878,Cardiomyopathies,904,53,Q8WZ42
O14950_S20,Cardiomyopathies,905,53,O14950
Q14896_S304,Cardiomyopathies,906,53,Q14896
Q14896_S133,Cardiomyopathies,907,53,Q14896
Q64373_S14,Cardiomyopathies,908,53,Q64373
Q14457_T108,Cardiomyopathies,909,53,Q14457
P50753_S209,Cardiomyopathies,910,53,P50753
Q0PCR6_T1704,Cardiomyopathies,911,53,Q0PCR6
Q0PCR6_S1700,Cardiomyopathies,912,53,Q0PCR6
O00429_S616,Cardiomyopathies,320,53,O00429
Q14524_S571,Cardiomyopathies,411,53,Q14524
P18760_T25,Cardiomyopathies,913,53,P18760
P23204_S280,Cardiomyopathies,914,53,P23204
Q5EBG6_S16,Cardiomyopathies,915,53,Q5EBG6
D3ZXP3_S139,Cardiomyopathies,916,53,D3ZXP3
Q5EBG6_S10,Cardiomyopathies,917,53,Q5EBG6
P02545_S22,Cardiomyopathies,918,53,P02545
P56741_S279,Cardiomyopathies,919,53,P56741
P56741_S288,Cardiomyopathies,920,53,P56741
P10644_S83,Cardiomyopathies,921,53,P10644
P10644_S77,Cardiomyopathies,922,53,P10644
Q9UJU6_S269,Cardiomyopathies,705,53,Q9UJU6
Q9UJU6_T291,Cardiomyopathies,923,53,Q9UJU6
P17612_S339,Cardiomyopathies,924,53,P17612
P08670_S72,Cardiomyopathies,925,53,P08670
Q8BRK8_T172,Cardiomyopathies,308,53,Q8BRK8
Q5SWU9_S79,Cardiomyopathies,926,53,Q5SWU9
P56741_S273,Cardiomyopathies,927,53,P56741
P17302_S368,Cardiomyopathies,928,53,P17302
P19429_S23,Cardiovascular Diseases,900,54,P19429
P27708_S1859,"Prostatic Neoplasms, Castration-Resistant",929,55,P27708
Q05329_S6,"Prostatic Neoplasms, Castration-Resistant",930,55,Q05329
Q15648_T1032,"Prostatic Neoplasms, Castration-Resistant",931,55,Q15648
Q15648_T1457,"Prostatic Neoplasms, Castration-Resistant",932,55,Q15648
Q9Y2T1_S311,"Prostatic Neoplasms, Castration-Resistant",933,55,Q9Y2T1
Q07912_Y284,"Prostatic Neoplasms, Castration-Resistant",109,55,Q07912
P10637_S494,Corticobasal Degeneration,263,56,P10637
P51532_S1452,"Adenocarcinoma, Clear Cell",934,57,P51532
O14497_S696,"Adenocarcinoma, Clear Cell",935,57,O14497
P08047_S59,Cholangiocarcinoma,936,58,P08047
Q05397_Y397,Cholangiocarcinoma,634,58,Q05397
P46937_S397,Cholangiocarcinoma,937,58,P46937
P31749_T450,Cholangiocarcinoma,938,58,P31749
P21802_Y657,Cholangiocarcinoma,939,58,P21802
P21802_Y656,Cholangiocarcinoma,940,58,P21802
P27707_S74,Cholangiocarcinoma,941,58,P27707
P31749_S473,Cholangiocarcinoma,32,58,P31749
P31749_T308,Cholangiocarcinoma,50,58,P31749
Q9BSQ5_S238,"Hemangioma, Cavernous, Central Nervous System",942,59,Q9BSQ5
Q3V6T2_Y1799,Celiac Disease,508,60,Q3V6T2
P35232_T258,Uterine Cervical Neoplasms,943,61,P35232
P35232_Y259,Uterine Cervical Neoplasms,944,61,P35232
Q9BWC9_S147,Uterine Cervical Neoplasms,565,61,Q9BWC9
Q9BWC9_S130,Uterine Cervical Neoplasms,566,61,Q9BWC9
P17302_S282,Uterine Cervical Neoplasms,945,61,P17302
P17302_S279,Uterine Cervical Neoplasms,946,61,P17302
P53350_Y425,Uterine Cervical Neoplasms,846,61,P53350
P29317_S897,Uterine Cervical Neoplasms,643,61,P29317
P05198_S52,Uterine Cervical Neoplasms,149,61,P05198
P20618_S157,Uterine Cervical Neoplasms,816,61,P20618
P50281_T567,Uterine Cervical Neoplasms,740,61,P50281
Q96GD4_T232,Uterine Cervical Neoplasms,825,61,Q96GD4
Q96B36_T246,Uterine Cervical Neoplasms,627,61,Q96B36
P14618_Y105,Uterine Cervical Neoplasms,676,61,P14618
Q05469_S660,Uterine Cervical Neoplasms,947,61,Q05469
P46937_S127,Uterine Cervical Neoplasms,127,61,P46937
P50750_T186,Uterine Cervical Neoplasms,948,61,P50750
P31749_S473,Uterine Cervical Neoplasms,32,61,P31749
P67809_S102,Uterine Cervical Neoplasms,423,61,P67809
Q01826_S47,Uterine Cervical Neoplasms,949,61,Q01826
P06400_S608,Uterine Cervical Neoplasms,950,61,P06400
P06400_S807,Uterine Cervical Neoplasms,105,61,P06400
Q15717_S202,Uterine Cervical Neoplasms,951,61,Q15717
P42345_S2448,Uterine Cervical Neoplasms,59,61,P42345
P23443_T412,Uterine Cervical Neoplasms,33,61,P23443
Q14790_T273,Uterine Cervical Neoplasms,366,61,Q14790
P51532_S1452,Cholangiocarcinoma,934,58,P51532
O14497_S696,Cholangiocarcinoma,935,58,O14497
Q92995_Y708,Cholangiocarcinoma,952,58,Q92995
P35222_S675,Cholangiocarcinoma,953,58,P35222
P35222_S552,Cholangiocarcinoma,954,58,P35222
P61244_S11,Cholangiocarcinoma,955,58,P61244
O88792_S285,Cholangiocarcinoma,432,58,O88792
P28482_S41,Choriocarcinoma,956,62,P28482
P10636-8_T217,"Renal Insufficiency, Chronic",157,63,P10636-8
P10636-8_T181,"Renal Insufficiency, Chronic",136,63,P10636-8
O15392_T34,"Renal Insufficiency, Chronic",431,63,O15392
P25911_Y194,"Leukemia, Lymphocytic, Chronic, B-Cell",39,64,P25911
P31749_S473,"Leukemia, Lymphocytic, Chronic, B-Cell",32,64,P31749
P31749_T308,"Leukemia, Lymphocytic, Chronic, B-Cell",50,64,P31749
Q05655_T507,"Leukemia, Lymphocytic, Chronic, B-Cell",957,64,Q05655
P09917_S524,"Leukemia, Lymphocytic, Chronic, B-Cell",958,64,P09917
Q93009_S18,"Leukemia, Lymphocytic, Chronic, B-Cell",959,64,Q93009
P25963_Y305,"Leukemia, Lymphocytic, Chronic, B-Cell",960,64,P25963
P10070_S941,"Leukemia, Lymphocytic, Chronic, B-Cell",961,64,P10070
O43521_S87,"Leukemia, Lymphocytic, Chronic, B-Cell",962,64,O43521
P06734_S254,"Leukemia, Lymphocytic, Chronic, B-Cell",963,64,P06734
P06734_T314,"Leukemia, Lymphocytic, Chronic, B-Cell",964,64,P06734
P06734_S265,"Leukemia, Lymphocytic, Chronic, B-Cell",965,64,P06734
P05106_Y785,"Leukemia, Lymphocytic, Chronic, B-Cell",966,64,P05106
Q13263_S473,"Leukemia, Lymphocytic, Chronic, B-Cell",776,64,Q13263
P40763_S727,"Leukemia, Lymphocytic, Chronic, B-Cell",58,64,P40763
P16885_Y753,"Leukemia, Lymphocytic, Chronic, B-Cell",967,64,P16885
P16885_Y759,"Leukemia, Lymphocytic, Chronic, B-Cell",968,64,P16885
Q13315_S1981,"Leukemia, Lymphocytic, Chronic, B-Cell",321,64,Q13315
P09917_S523,"Leukemia, Lymphocytic, Chronic, B-Cell",430,64,P09917
P42224_T387,"Candidiasis, Chronic Mucocutaneous",969,65,P42224
P42224_R274,"Candidiasis, Chronic Mucocutaneous",970,65,P42224
P01106_S77,"Leukemia, Myelogenous, Chronic, BCR-ABL Positive",14,66,P01106
P42229_S780,"Leukemia, Myelogenous, Chronic, BCR-ABL Positive",15,66,P42229
P11274_Y177,"Leukemia, Myelogenous, Chronic, BCR-ABL Positive",971,66,P11274
P06400_Y805,"Leukemia, Myelogenous, Chronic, BCR-ABL Positive",972,66,P06400
O60934_S343,"Leukemia, Myelogenous, Chronic, BCR-ABL Positive",973,66,O60934
P29351_Y536,"Leukemia, Myelogenous, Chronic, BCR-ABL Positive",974,66,P29351
P29351_Y564,"Leukemia, Myelogenous, Chronic, BCR-ABL Positive",975,66,P29351
Q13769_Y225,"Leukemia, Myelogenous, Chronic, BCR-ABL Positive",976,66,Q13769
Q14847_Y171,"Leukemia, Myelogenous, Chronic, BCR-ABL Positive",977,66,Q14847
P45983_T183,"Leukemia, Myelogenous, Chronic, BCR-ABL Positive",978,66,P45983
P31947_S186,"Leukemia, Myelogenous, Chronic, BCR-ABL Positive",979,66,P31947
P16989_S134,"Leukemia, Myelogenous, Chronic, BCR-ABL Positive",980,66,P16989
P08559_Y301,"Leukemia, Myelogenous, Chronic, BCR-ABL Positive",981,66,P08559
P08238_S226,"Leukemia, Myelogenous, Chronic, BCR-ABL Positive",982,66,P08238
P46527_S10,"Leukemia, Myelogenous, Chronic, BCR-ABL Positive",403,66,P46527
Q07889_Y1196,"Leukemia, Myelogenous, Chronic, BCR-ABL Positive",983,66,Q07889
P40763_Y640,"Leukemia, Myelogenous, Chronic, BCR-ABL Positive",984,66,P40763
P16104_Y142,"Leukemia, Myelogenous, Chronic, BCR-ABL Positive",985,66,P16104
O15524_Y203,"Leukemia, Myelogenous, Chronic, BCR-ABL Positive",986,66,O15524
P16104_S139,"Leukemia, Myelogenous, Chronic, BCR-ABL Positive",41,66,P16104
P67775_Y307,"Leukemia, Myelogenous, Chronic, BCR-ABL Positive",181,66,P67775
Q14457_Y233,"Leukemia, Myelogenous, Chronic, BCR-ABL Positive",987,66,Q14457
Q14457_Y352,"Leukemia, Myelogenous, Chronic, BCR-ABL Positive",988,66,Q14457
Q6ZQ88_S112,"Pulmonary Disease, Chronic Obstructive",989,67,Q6ZQ88
P10412_S36,Pulmonary Aspergillosis,990,68,P10412
P10636_S396,Chronic Traumatic Encephalopathy,343,69,P10636
P18266_Y216,Chronic Traumatic Encephalopathy,991,69,P18266
P19525_T446,Fibrosis,992,70,P19525
P05412_S73,Hodgkin Disease,809,71,P05412
P30999_Y228,"Carcinoma, Renal Cell",531,72,P30999
Q7KZF4_S426,"Carcinoma, Renal Cell",582,72,Q7KZF4
Q02952_T1760,"Carcinoma, Renal Cell",592,72,Q02952
P51532_S1417,"Carcinoma, Renal Cell",595,72,P51532
Q04726_S217,"Carcinoma, Renal Cell",611,72,Q04726
Q2KJY2_S977,"Carcinoma, Renal Cell",613,72,Q2KJY2
P21796_S104,"Carcinoma, Renal Cell",621,72,P21796
P52701_S227,"Carcinoma, Renal Cell",630,72,P52701
P49757_S438,"Carcinoma, Renal Cell",993,72,P49757
P40763_T714,"Carcinoma, Renal Cell",994,72,P40763
P40763_S727,"Carcinoma, Renal Cell",58,72,P40763
P40763_Y705,"Carcinoma, Renal Cell",47,72,P40763
P29590_S518,"Carcinoma, Renal Cell",995,72,P29590
P29350_Y536,"Carcinoma, Renal Cell",996,72,P29350
Q00613_S303,"Carcinoma, Renal Cell",561,72,Q00613
P35222_S552,"Carcinoma, Renal Cell",954,72,P35222
Q96FW1_S16,"Carcinoma, Renal Cell",997,72,Q96FW1
P29353_S139,"Carcinoma, Renal Cell",998,72,P29353
P51608-2_S325,"Carcinoma, Renal Cell",999,72,P51608-2
P21796_S102,"Carcinoma, Renal Cell",1000,72,P21796
Q92597_T346,"Carcinoma, Renal Cell",358,72,Q92597
O00459_Y464,"Carcinoma, Renal Cell",1001,72,O00459
Q05397_Y397,"Carcinoma, Renal Cell",634,72,Q05397
Q99661_S192,"Carcinoma, Renal Cell",1002,72,Q99661
P23443-2_T389,Chordoma,1003,73,P23443-2
Q13541_T70,Chordoma,31,73,Q13541
P49815_T1462,Chordoma,1004,73,P49815
P42345_S2448,Chordoma,59,73,P42345
P31749_S473,Chordoma,32,73,P31749
P18848_S245,Coffin-Lowry Syndrome,513,74,P18848
P35222_S552,Colitis,954,75,P35222
P40763_Y705,Colonic Neoplasms,47,76,P40763
P31749_S473,Colonic Neoplasms,32,76,P31749
Q04206_S276,Colonic Neoplasms,807,76,Q04206
O14926_S39,Colonic Neoplasms,812,76,O14926
P15407_S252,Colonic Neoplasms,719,76,P15407
P15407_S265,Colonic Neoplasms,438,76,P15407
Q13163_T315,Colonic Neoplasms,824,76,Q13163
Q13131_T183,Colonic Neoplasms,556,76,Q13131
Q96GD4_T232,Colonic Neoplasms,825,76,Q96GD4
P19419_T417,Colonic Neoplasms,113,76,P19419
P45985_T261,Colonic Neoplasms,830,76,P45985
Q9UKE5_S764,Colonic Neoplasms,832,76,Q9UKE5
P52789_T473,Colonic Neoplasms,572,76,P52789
P17844_T446,Colonic Neoplasms,836,76,P17844
P17844_T564,Colonic Neoplasms,837,76,P17844
Q96QV6_T120,Colonic Neoplasms,1005,76,Q96QV6
P05787_S74,Colonic Neoplasms,843,76,P05787
P05787_S432,Colonic Neoplasms,844,76,P05787
O75365_Y53,Colonic Neoplasms,850,76,O75365
P12931_Y419,Colonic Neoplasms,30,76,P12931
P12931_Y530,Colonic Neoplasms,419,76,P12931
P48357_Y1141,Colonic Neoplasms,854,76,P48357
P49023_Y88,Colonic Neoplasms,855,76,P49023
P56945_Y12,Colonic Neoplasms,678,76,P56945
P56945_Y128,Colonic Neoplasms,858,76,P56945
Q8VI36_Y88,Colonic Neoplasms,861,76,Q8VI36
P15923_S39,Colonic Neoplasms,1006,76,P15923
Q7L5N1_S148,Colonic Neoplasms,864,76,Q7L5N1
Q96S44_S250,Colonic Neoplasms,796,76,Q96S44
Q9BVI0_S291,Colonic Neoplasms,453,76,Q9BVI0
Q9UHH9_S347,Colonic Neoplasms,865,76,Q9UHH9
Q96EB6_S27,Colonic Neoplasms,397,76,Q96EB6
Q13163_S311,Colonic Neoplasms,866,76,Q13163
Q15717_S318,Colonic Neoplasms,868,76,Q15717
P63279_S71,Colonic Neoplasms,515,76,P63279
P09493_S283,Colonic Neoplasms,870,76,P09493
P11387_S506,Colonic Neoplasms,871,76,P11387
Q05397_Y925,Colonic Neoplasms,875,76,Q05397
Q14790_Y380,Colonic Neoplasms,877,76,Q14790
P16591_Y714,Colonic Neoplasms,878,76,P16591
P42229_Y694,Colonic Neoplasms,48,76,P42229
P67775_Y307,Colonic Neoplasms,181,76,P67775
Q03135_Y14,Colonic Neoplasms,483,76,Q03135
P46937_S127,Colonic Neoplasms,127,76,P46937
P35222_S45,Colonic Neoplasms,1007,76,P35222
P35398_S35,Colonic Neoplasms,1008,76,P35398
Q04206_S468,Colonic Neoplasms,1009,76,Q04206
Q03181_S50,Colonic Neoplasms,1010,76,Q03181
P10415_S87,Colonic Neoplasms,881,76,P10415
P19438_S381,Colitis,1011,75,P19438
P31750_T308,Colitis,1012,75,P31750
Q96P20_Y861,Colitis,1013,75,Q96P20
Q62318_S473,Colitis,1014,75,Q62318
Q61084_S337,Colitis,1015,75,Q61084
O88643_S144,Colitis,1016,75,O88643
Q8CIN4_S141,Colitis,1017,75,Q8CIN4
O14920_S177,Colitis,1018,75,O14920
Q04206_S536,Colitis,1019,75,Q04206
O14920_S181,Colitis,1020,75,O14920
Q61160_S191,Colitis,1021,75,Q61160
Q04206_T254,Colitis,1022,75,Q04206
P54310_S557,Colitis,1023,75,P54310
P31750_S473,Colitis,325,75,P31750
P42227_Y705,Colitis,789,75,P42227
Q03135_Y14,Colorectal Neoplasms,483,77,Q03135
P63279_S71,Colorectal Neoplasms,515,77,P63279
P31749_S473,Colorectal Neoplasms,32,77,P31749
P98170_S87,Colorectal Neoplasms,530,77,P98170
P62993_Y160,Colorectal Neoplasms,463,77,P62993
Q00613_S307,Colorectal Neoplasms,560,77,Q00613
Q00613_S303,Colorectal Neoplasms,561,77,Q00613
Q00613_S363,Colorectal Neoplasms,562,77,Q00613
Q15910_T487,Colorectal Neoplasms,563,77,Q15910
Q8N5V2_S16,Colorectal Neoplasms,1024,77,Q8N5V2
Q8N5V2_S18,Colorectal Neoplasms,1025,77,Q8N5V2
P51532_S613,Colorectal Neoplasms,596,77,P51532
Q04695_S13,Colorectal Neoplasms,1026,77,Q04695
Q04695_S39,Colorectal Neoplasms,1027,77,Q04695
Q04695_S24,Colorectal Neoplasms,1028,77,Q04695
Q04695_S32,Colorectal Neoplasms,1029,77,Q04695
Q6ZS17_S351,Colorectal Neoplasms,1030,77,Q6ZS17
P53985_S467,Colorectal Neoplasms,614,77,P53985
Q92560_S292,Colorectal Neoplasms,467,77,Q92560
P21796_S104,Colorectal Neoplasms,621,77,P21796
P52701_S830,Colorectal Neoplasms,629,77,P52701
P52701_S227,Colorectal Neoplasms,630,77,P52701
P35222_T41,Colorectal Neoplasms,1031,77,P35222
P35222_S37,Colorectal Neoplasms,1032,77,P35222
P35222_S45,Colorectal Neoplasms,1007,77,P35222
P35222_S33,Colorectal Neoplasms,1033,77,P35222
Q9WU82_S37,Colorectal Neoplasms,1034,77,Q9WU82
Q9WU82_S45,Colorectal Neoplasms,1035,77,Q9WU82
Q9WU82_T41,Colorectal Neoplasms,1036,77,Q9WU82
Q05397_Y407,Colorectal Neoplasms,1037,77,Q05397
Q05397_Y397,Colorectal Neoplasms,634,77,Q05397
P15407_S252,Colorectal Neoplasms,719,77,P15407
P15407_S265,Colorectal Neoplasms,438,77,P15407
P53355_Y490,Colorectal Neoplasms,1038,77,P53355
P53355_Y491,Colorectal Neoplasms,1039,77,P53355
P05787_S74,Colorectal Neoplasms,843,77,P05787
P05787_S432,Colorectal Neoplasms,844,77,P05787
Q05397_Y925,Colorectal Neoplasms,875,77,Q05397
Q05397_Y861,Colorectal Neoplasms,96,77,Q05397
P12931_Y419,Colorectal Neoplasms,30,77,P12931
P49023-2_Y88,Colorectal Neoplasms,1040,77,P49023-2
Q8VI36_Y88,Colorectal Neoplasms,861,77,Q8VI36
P35398_S35,Colorectal Neoplasms,1008,77,P35398
Q9UKE5_S764,Colorectal Neoplasms,832,77,Q9UKE5
Q8BFV3_S395,Colorectal Neoplasms,1041,77,Q8BFV3
Q8BFV3_S390,Colorectal Neoplasms,1042,77,Q8BFV3
Q8BFV3_T361,Colorectal Neoplasms,1043,77,Q8BFV3
Q8BFV3_T363,Colorectal Neoplasms,1044,77,Q8BFV3
P16591_Y714,Colorectal Neoplasms,878,77,P16591
Q05655_Y313,Colorectal Neoplasms,635,77,Q05655
Q16254_S384,Colorectal Neoplasms,1045,77,Q16254
Q16254_S244,Colorectal Neoplasms,1046,77,Q16254
P67775_Y307,Colorectal Neoplasms,181,77,P67775
Q7L5N1_S148,Colorectal Neoplasms,864,77,Q7L5N1
P10415_S87,Colorectal Neoplasms,881,77,P10415
P04637_S15,Colorectal Neoplasms,104,77,P04637
P15923_S39,Colorectal Neoplasms,1006,77,P15923
P37231-2_Y74,Colorectal Neoplasms,1047,77,P37231-2
Q96S44_S250,Colorectal Neoplasms,796,77,Q96S44
Q9GZT9_S125,Colorectal Neoplasms,1048,77,Q9GZT9
O08528_T473,Colorectal Neoplasms,1049,77,O08528
Q14457_Y333,Colorectal Neoplasms,1050,77,Q14457
P09651_S6,Colorectal Neoplasms,1051,77,P09651
Q6PJ69_S167,Colorectal Neoplasms,1052,77,Q6PJ69
Q6PJ69_S367,Colorectal Neoplasms,1053,77,Q6PJ69
Q6PJ69_T413,Colorectal Neoplasms,1054,77,Q6PJ69
Q8NB16_S358,Colorectal Neoplasms,284,77,Q8NB16
P42224_S727,Colorectal Neoplasms,1055,77,P42224
Q96AC1_S159,Colorectal Neoplasms,1056,77,Q96AC1
O14757_S345,Colorectal Neoplasms,1057,77,O14757
O14757_S317,Colorectal Neoplasms,1058,77,O14757
P11413_Y112,Colorectal Neoplasms,1059,77,P11413
O14744_S15,Colorectal Neoplasms,1060,77,O14744
P19544-7_S67,Colorectal Neoplasms,1061,77,P19544-7
P0C0S8_T120,Colorectal Neoplasms,1062,77,P0C0S8
Q96EB6_S27,Colorectal Neoplasms,397,77,Q96EB6
P48163_S336,Colorectal Neoplasms,1063,77,P48163
P11908_T285,Colorectal Neoplasms,1064,77,P11908
P60891_S285,Colorectal Neoplasms,1065,77,P60891
P10070_T1546,Colorectal Neoplasms,1066,77,P10070
Q03393_T58,Colorectal Neoplasms,1067,77,Q03393
O60885_Y98,Colorectal Neoplasms,1068,77,O60885
O60885_Y97,Colorectal Neoplasms,1069,77,O60885
P35606_T861,Colorectal Neoplasms,598,77,P35606
P35606_S859,Colorectal Neoplasms,599,77,P35606
Q13315_S1981,Colorectal Neoplasms,321,77,Q13315
O14874_Y246,Colorectal Neoplasms,1070,77,O14874
P29353_S139,Colorectal Neoplasms,998,77,P29353
P52480_Y105,Colorectal Neoplasms,1071,77,P52480
Q9Y4P1_S383,Colorectal Neoplasms,1072,77,Q9Y4P1
Q9Y4P1_S392,Colorectal Neoplasms,1073,77,Q9Y4P1
P25054_S2260,Colorectal Neoplasms,1074,77,P25054
P25054_T1438,Colorectal Neoplasms,1075,77,P25054
Q92974_S645,Colorectal Neoplasms,1076,77,Q92974
O95758-2_S30,Colorectal Neoplasms,1077,77,O95758-2
P01106_S77,Colorectal Neoplasms,14,77,P01106
P31750_S473,Colorectal Neoplasms,325,77,P31750
P01100_S374,Colorectal Neoplasms,1078,77,P01100
P00558_S203,Colorectal Neoplasms,466,77,P00558
P05412_S63,Colorectal Neoplasms,280,77,P05412
P05412_S73,Colorectal Neoplasms,809,77,P05412
O95817_T285,Colorectal Neoplasms,1079,77,O95817
O96017_T68,Colorectal Neoplasms,437,77,O96017
P48163_T103,Colorectal Neoplasms,1080,77,P48163
P35222_T40,Colorectal Neoplasms,1081,77,P35222
P13010_T715,Colorectal Neoplasms,1082,77,P13010
P15311_T567,Colorectal Neoplasms,1083,77,P15311
P28324_T361,Colorectal Neoplasms,1084,77,P28324
P28324_T366,Colorectal Neoplasms,1085,77,P28324
Q9UN86_T226,Colorectal Neoplasms,1086,77,Q9UN86
Q15067_S26,Colorectal Neoplasms,1087,77,Q15067
O15392_T34,Colorectal Neoplasms,431,77,O15392
O43314_S1006,Colorectal Neoplasms,1088,77,O43314
Q6ZN28_Y673,Colorectal Neoplasms,1089,77,Q6ZN28
Q6ZN28_Y695,Colorectal Neoplasms,1090,77,Q6ZN28
Q6ZN28_Y793,Colorectal Neoplasms,1091,77,Q6ZN28
P42336_Y508,Colorectal Neoplasms,1092,77,P42336
Q9HAP2_Y222,Colorectal Neoplasms,1093,77,Q9HAP2
P42336_Y317,Colorectal Neoplasms,1094,77,P42336
P14921_Y283,Colorectal Neoplasms,1095,77,P14921
P32322_Y135,Colorectal Neoplasms,1096,77,P32322
P40763_Y705,Colorectal Neoplasms,47,77,P40763
Q96I25_S204,Colorectal Neoplasms,1097,77,Q96I25
Q9Y6A5_S558,Colorectal Neoplasms,1098,77,Q9Y6A5
Q14157_S454,Colorectal Neoplasms,1099,77,Q14157
Q53ET0_S238,Colorectal Neoplasms,1100,77,Q53ET0
P35222_S552,Colorectal Neoplasms,954,77,P35222
A6NMY6_S26,Colorectal Neoplasms,1101,77,A6NMY6
Q05519_S287,Colorectal Neoplasms,1102,77,Q05519
Q08117_S121,Colorectal Neoplasms,1103,77,Q08117
Q00059_S55,Colorectal Neoplasms,1104,77,Q00059
Q03014_S163,Colorectal Neoplasms,1105,77,Q03014
Q03014_S177,Colorectal Neoplasms,1106,77,Q03014
O96013_S291,Colorectal Neoplasms,1107,77,O96013
P04637_S46,Colorectal Neoplasms,9,77,P04637
P16949_S16,Colorectal Neoplasms,511,77,P16949
P21333_S2152,Colorectal Neoplasms,502,77,P21333
P28324_S381,Colorectal Neoplasms,1108,77,P28324
P28324_S387,Colorectal Neoplasms,1109,77,P28324
P14618_S37,Colorectal Neoplasms,585,77,P14618
Q14790_Y380,Colorectal Neoplasms,877,77,Q14790
P12931_Y530,Colorectal Neoplasms,419,77,P12931
P68431_S10,Colorectal Neoplasms,455,77,P68431
P48357_Y1141,Colorectal Neoplasms,854,77,P48357
Q15717_S318,Colorectal Neoplasms,868,77,Q15717
P19419_T417,Colorectal Neoplasms,113,77,P19419
P07900_S595,Colorectal Neoplasms,1110,77,P07900
P11387_S506,Colorectal Neoplasms,871,77,P11387
Q13131_T183,Colorectal Neoplasms,556,77,Q13131
O75581_T1572,Colorectal Neoplasms,1111,77,O75581
O75581_S1490,Colorectal Neoplasms,715,77,O75581
P60891_S103,Colorectal Neoplasms,1112,77,P60891
P00390_T507,Colorectal Neoplasms,1113,77,P00390
Q9Y3F4_T175,Colorectal Neoplasms,1114,77,Q9Y3F4
Q14680_S171,Colorectal Neoplasms,1115,77,Q14680
Q14680_T167,Colorectal Neoplasms,1116,77,Q14680
Q9Y3F4_S179,Colorectal Neoplasms,1117,77,Q9Y3F4
Q12948_S241,Colorectal Neoplasms,1118,77,Q12948
Q12948_S272,Colorectal Neoplasms,1119,77,Q12948
P10451_S263,Colorectal Neoplasms,1120,77,P10451
P10451_S63,Colorectal Neoplasms,1121,77,P10451
P10451_S254,Colorectal Neoplasms,1122,77,P10451
P10451_S258,Colorectal Neoplasms,609,77,P10451
P10451_S219,Colorectal Neoplasms,607,77,P10451
P10451_S62,Colorectal Neoplasms,1123,77,P10451
P51608-2_T491,Colorectal Neoplasms,1124,77,P51608-2
P51608-2_S286,Colorectal Neoplasms,1125,77,P51608-2
P51608-2_S92,Colorectal Neoplasms,1126,77,P51608-2
Q13535_S428,Colorectal Neoplasms,1127,77,Q13535
P30307_S216,Colorectal Neoplasms,1128,77,P30307
P78527_S2056,Colorectal Neoplasms,1129,77,P78527
P46937_S397,Colorectal Neoplasms,937,77,P46937
P49757_S438,Colorectal Neoplasms,993,77,P49757
P45985_S257,Colorectal Neoplasms,1130,77,P45985
O15379_S374,Colorectal Neoplasms,1131,77,O15379
P56402_S256,Hydronephrosis,1132,78,P56402
Q64727_S721,Coronary Artery Disease,400,79,Q64727
P46937_S127,Coronary Artery Disease,127,79,P46937
P10637_S202,Corticobasal Degeneration,1133,56,P10637
Q02248_S552,"Hamartoma Syndrome, Multiple",1134,80,Q02248
P10412_S36,Adrenal Cortex Neoplasms,990,81,P10412
P04156_S43,Creutzfeldt-Jakob Syndrome,1135,82,P04156
Q8K1M6_S616,Creutzfeldt-Jakob Syndrome,1136,82,Q8K1M6
O43353_Y474,Crohn Disease,1137,83,O43353
P19438_S381,Crohn Disease,1011,83,P19438
Q99JB6_T175,Crohn Disease,1138,83,Q99JB6
Q99JB6_S19,Crohn Disease,1139,83,Q99JB6
Q14765_Y693,Crohn Disease,1140,83,Q14765
P06748_T199,"Prostatic Neoplasms, Castration-Resistant",77,55,P06748
P06748_T237,"Prostatic Neoplasms, Castration-Resistant",79,55,P06748
P06748_T234,"Prostatic Neoplasms, Castration-Resistant",78,55,P06748
Q96AD5_S404,"Prostatic Neoplasms, Castration-Resistant",1141,55,Q96AD5
P06400_S780,Costello Syndrome,66,84,P06400
Q12879_Y1387,Epilepsy,1142,85,Q12879
P10636-8_T175,Chronic Traumatic Encephalopathy,143,69,P10636-8
P10636-8_T231,Chronic Traumatic Encephalopathy,139,69,P10636-8
P10636-8_S396,Chronic Traumatic Encephalopathy,128,69,P10636-8
P35222_S45,Melanoma,1007,86,P35222
P05783_S53,Cystic Fibrosis,1143,87,P05783
P13569_S1045,Cystic Fibrosis,1144,87,P13569
O14558_S16,"Cardiomyopathy, Dilated",1145,88,O14558
P19429_S24,"Cardiomyopathy, Dilated",902,88,P19429
P19429_S5,"Cardiomyopathy, Dilated",1146,88,P19429
P19429_S23,"Cardiomyopathy, Dilated",900,88,P19429
P19429_S6,"Cardiomyopathy, Dilated",1147,88,P19429
P19429_Y26,"Cardiomyopathy, Dilated",1148,88,P19429
P19429_T78,"Cardiomyopathy, Dilated",1149,88,P19429
P19429_S42,"Cardiomyopathy, Dilated",1150,88,P19429
P19429_S77,"Cardiomyopathy, Dilated",1151,88,P19429
P19429_S44,"Cardiomyopathy, Dilated",1152,88,P19429
P19429_T181,"Cardiomyopathy, Dilated",1153,88,P19429
P19429_S166,"Cardiomyopathy, Dilated",1154,88,P19429
P19429_T143,"Cardiomyopathy, Dilated",1155,88,P19429
P19429_S199,"Cardiomyopathy, Dilated",1156,88,P19429
Q8WZ42_S4099,"Cardiomyopathy, Dilated",901,88,Q8WZ42
Q8WZ42_S4185,"Cardiomyopathy, Dilated",1157,88,Q8WZ42
Q8WZ42_S4010,"Cardiomyopathy, Dilated",903,88,Q8WZ42
Q8WZ42_S11878,"Cardiomyopathy, Dilated",904,88,Q8WZ42
A2ASS6_S4080,"Cardiomyopathy, Dilated",1158,88,A2ASS6
XP_008773743_S3986,"Cardiomyopathy, Dilated",1159,88,XP_008773743
XP_008773743_S3897,"Cardiomyopathy, Dilated",1160,88,XP_008773743
A2ASS6_S3991,"Cardiomyopathy, Dilated",1161,88,A2ASS6
Q14524_S516,"Cardiomyopathy, Dilated",884,88,Q14524
O35426-2_S348,"Cardiomyopathy, Dilated",1162,88,O35426-2
Q8K1M6_S616,"Cardiomyopathy, Dilated",1136,88,Q8K1M6
O70405_S555,"Cardiomyopathy, Dilated",332,88,O70405
P58771_S283,"Cardiomyopathy, Dilated",1163,88,P58771
P04792_S82,"Cardiomyopathy, Dilated",69,88,P04792
P04792_S15,"Cardiomyopathy, Dilated",67,88,P04792
P04792_S78,"Cardiomyopathy, Dilated",68,88,P04792
P19022_S788,"Cardiomyopathy, Dilated",1164,88,P19022
P56741_S288,"Cardiomyopathy, Dilated",920,88,P56741
Q9WV60_S389,"Cardiomyopathy, Dilated",886,88,Q9WV60
P49841_S389,"Cardiomyopathy, Dilated",883,88,P49841
P49841_S9,"Cardiomyopathy, Dilated",103,88,P49841
Q9WV60_S9,"Cardiomyopathy, Dilated",314,88,Q9WV60
P17612_S339,"Cardiomyopathy, Dilated",924,88,P17612
P08670_S72,"Cardiomyopathy, Dilated",925,88,P08670
Q9UNA1_S671,"Cardiomyopathy, Dilated",1165,88,Q9UNA1
Q9UNA1_S668,"Cardiomyopathy, Dilated",1166,88,Q9UNA1
Q16613_T129,Sleep Wake Disorders,1167,89,Q16613
P37840_S129,Lewy Body Disease,210,8,P37840
Q13148_S409,Lewy Body Disease,57,8,Q13148
Q13148_S410,Lewy Body Disease,56,8,Q13148
P10636_S396,Lewy Body Disease,343,8,P10636
P10636_S214,Lewy Body Disease,282,8,P10636
P10636_S238,Lewy Body Disease,345,8,P10636
Q16555_T514,Lewy Body Disease,318,8,Q16555
P15559_T128,Lewy Body Disease,1168,8,P15559
Q9Y5A7_S46,Lewy Body Disease,1169,8,Q9Y5A7
P49841_Y216,Lewy Body Disease,95,8,P49841
P35436_Y1325,Depressive Disorder,1170,90,P35436
Q60829_T34,Depressive Disorder,1171,90,Q60829
Q80WE1_S478,Depressive Disorder,1172,90,Q80WE1
P42859_S1179,Depressive Disorder,1173,90,P42859
P42859_S1159,Depressive Disorder,1174,90,P42859
Q9UNF0_S372,Depressive Disorder,1175,90,Q9UNF0
Q9UNF0_S375,Depressive Disorder,1176,90,Q9UNF0
P06537_S243,Depressive Disorder,382,90,P06537
Q09137_T485,Diabetes Mellitus,1177,91,Q09137
Q16526_S280,Diabetes Mellitus,1178,91,Q16526
Q16526_S281,Diabetes Mellitus,1179,91,Q16526
P19332_S513,Diabetes Mellitus,170,91,P19332
P18266_S9,Diabetes Mellitus,337,91,P18266
P46937_S127,Diabetes Mellitus,127,91,P46937
P34080_S256,Diabetes Mellitus,1180,91,P34080
P31749_T308,Diabetes Mellitus,50,91,P31749
P06213_Y1149,Diabetes Mellitus,1181,91,P06213
P27361_Y204,Diabetes Mellitus,20,91,P27361
P28482_Y187,Diabetes Mellitus,732,91,P28482
P28482_T185,Diabetes Mellitus,733,91,P28482
P27361_T202,Diabetes Mellitus,21,91,P27361
Q62600_S1176,Diabetes Mellitus,1182,91,Q62600
P25976_S389,Diabetes Mellitus,1183,91,P25976
P25977_S389,Diabetes Mellitus,1184,91,P25977
P67999_T412,Diabetes Mellitus,1185,91,P67999
P10637_S554,Diabetes Mellitus,329,91,P10637
P10637_S714,Diabetes Mellitus,1186,91,P10637
P23928_S19,Diabetes Mellitus,1187,91,P23928
P23928_S45,Diabetes Mellitus,1188,91,P23928
P23928_S59,Diabetes Mellitus,1189,91,P23928
Q60795_S40,Diabetes Mellitus,6,91,Q60795
P33535_T370,Diabetes Mellitus,1190,91,P33535
O60500_Y1217,Diabetes Mellitus,1191,91,O60500
Q61553_S39,Diabetes Mellitus,1192,91,Q61553
P02489_T148,Diabetes Mellitus,1193,91,P02489
P24622_S171,Diabetes Mellitus,1194,91,P24622
P70313_S1176,Diabetes Mellitus,1195,91,P70313
P70313_Y80,Diabetes Mellitus,1196,91,P70313
Q3LRZ1_S171,Diabetes Mellitus,1197,91,Q3LRZ1
Q9R1U5_T182,Diabetes Mellitus,1198,91,Q9R1U5
Q9R1U5_S577,Diabetes Mellitus,1199,91,Q9R1U5
P09619_Y857,Diabetes Mellitus,1200,91,P09619
P09619_Y751,Diabetes Mellitus,1201,91,P09619
P62754_S244,Diabetes Mellitus,1202,91,P62754
P62754_S240,Diabetes Mellitus,1203,91,P62754
P31750_S473,Diabetes Mellitus,325,91,P31750
B5DEX4_S236,Diabetes Mellitus,1204,91,B5DEX4
Q5SWU9_S79,Diabetes Mellitus,926,91,Q5SWU9
Q5EG47_S172,Diabetes Mellitus,1205,91,Q5EG47
Q04760_Y136,Diabetes Mellitus,1206,91,Q04760
Q9Z0J4_S1412,Diabetes Mellitus,1207,91,Q9Z0J4
P15337-1_S133,Diabetes Mellitus,1208,91,P15337-1
Q9DBR7_T852,Diabetes Mellitus,1209,91,Q9DBR7
P35569_S307,Diabetes Mellitus,1210,91,P35569
P35486_S232,Diabetes Mellitus,1211,91,P35486
Q6ZMU5_S255,Diabetes Mellitus,1212,91,Q6ZMU5
P31750_T308,Diabetes Mellitus,1012,91,P31750
P35569_S302,Diabetes Mellitus,1213,91,P35569
P61016_T17,Diabetes Mellitus,1214,91,P61016
P31749_S473,Diabetes Mellitus,32,91,P31749
P23443_T412,Diabetes Mellitus,33,91,P23443
P49841_S9,Diabetes Mellitus,103,91,P49841
P46938_S112,Diabetes Mellitus,885,91,P46938
Q9WV60_S9,Diabetes Mellitus,314,91,Q9WV60
P27546_S760,Diabetes Mellitus,1215,91,P27546
P27546_S737,Diabetes Mellitus,1216,91,P27546
Q9Z301_S662,Diabetes Mellitus,1217,91,Q9Z301
Q8K1M6_S616,Diabetes Mellitus,1136,91,Q8K1M6
Q8K1M6_S637,Diabetes Mellitus,327,91,Q8K1M6
Q5EG47_S496,Diabetes Mellitus,1218,91,Q5EG47
P05412_S63,Diabetes Mellitus,280,91,P05412
P61016_S16,Diabetes Mellitus,1219,91,P61016
P08050_S368,Diabetes Mellitus,1220,91,P08050
P35568_S636,Diabetes Mellitus,1221,91,P35568
P08047_S702,Diabetes Mellitus,1222,91,P08047
P09951_S603,Diabetes Mellitus,1223,91,P09951
P08047_S698,Diabetes Mellitus,1224,91,P08047
P08047_S641,Diabetes Mellitus,1225,91,P08047
P08047_S612,Diabetes Mellitus,1226,91,P08047
O60343_S318,Diabetes Mellitus,1227,91,O60343
O60343_S588,Diabetes Mellitus,1228,91,O60343
O60343_S751,Diabetes Mellitus,1229,91,O60343
P13807_S641,Diabetes Mellitus,1230,91,P13807
P19490_S849,Diabetes Mellitus,1231,91,P19490
P10636_S396,Diabetes Mellitus,343,91,P10636
P06576_T213,Diabetes Mellitus,1232,91,P06576
P08047_T640,Diabetes Mellitus,1233,91,P08047
P08413_T287,Diabetes Mellitus,1234,91,P08413
B5DEX4_T274,Diabetes Mellitus,1235,91,B5DEX4
P46937_T241,Diabetes Mellitus,1236,91,P46937
Q92879_S28,Diabetes Mellitus,1237,91,Q92879
Q8CHW4_S540,Diabetes Mellitus,1238,91,Q8CHW4
Q2NL51_S21,Diabetes Mellitus,193,91,Q2NL51
P06576_Y361,Diabetes Mellitus,1239,91,P06576
P35570_S1100,Diabetes Mellitus,1240,91,P35570
E9Q401_S2813,Diabetes Mellitus,407,91,E9Q401
P29474_S1177,Diabetes Mellitus,1241,91,P29474
P35568_S1101,Diabetes Mellitus,1242,91,P35568
P67809_S102,Diabetic Cardiomyopathies,423,92,P67809
Q9UNF0_S313,Diabetic Nephropathies,1243,93,Q9UNF0
P21980_Y369,Diabetic Nephropathies,1244,93,P21980
P35439_S896,Diabetic Nephropathies,1245,93,P35439
P68433_S10,Diabetic Nephropathies,1246,93,P68433
P49134_T789,Diabetic Nephropathies,1247,93,P49134
P02786_Y20,Stomach Neoplasms,510,94,P02786
Q05397_Y397,Stomach Neoplasms,634,94,Q05397
Q00993_Y773,Diffuse Intrinsic Pontine Glioma,1248,95,Q00993
Q16543_S13,"Lymphoma, Large B-Cell, Diffuse",417,96,Q16543
O60260_S127,"Lymphoma, Large B-Cell, Diffuse",1249,96,O60260
P51667_S14,"Cardiomyopathy, Dilated",1250,88,P51667
P51667_S15,"Cardiomyopathy, Dilated",1251,88,P51667
A2ASS6_S4010,"Cardiomyopathy, Dilated",1252,88,A2ASS6
P10721_Y823,Disease,1253,97,P10721
P12004_Y114,Disease,1254,97,P12004
P26678_S16,Disease,1255,97,P26678
P10636-8_T181,Lewy Body Disease,136,8,P10636-8
P10636-8_S422,Lewy Body Disease,137,8,P10636-8
P10636-8_S404,Lewy Body Disease,135,8,P10636-8
P10636-8_T217,Lewy Body Disease,157,8,P10636-8
P10636-8_S396,Lewy Body Disease,128,8,P10636-8
P10636-8_T231,Lewy Body Disease,139,8,P10636-8
P10636-8_S214,Lewy Body Disease,180,8,P10636-8
P10636-8_T212,Lewy Body Disease,178,8,P10636-8
P10636-8_S238,Lewy Body Disease,198,8,P10636-8
P10636-8_S202,Lewy Body Disease,156,8,P10636-8
P10636-8_S199,Lewy Body Disease,158,8,P10636-8
P05067_T743,Lewy Body Disease,1256,8,P05067
Q92879_S28,Myotonic Dystrophy,1237,98,Q92879
P49134_T790,Diabetic Nephropathies,1257,93,P49134
P46937_S127,Diabetic Nephropathies,127,93,P46937
P10636-8_S396,Down Syndrome,128,99,P10636-8
P10636-8_S404,Down Syndrome,135,99,P10636-8
P12023_S679,Down Syndrome,209,99,P12023
P02511_S59,Down Syndrome,1258,99,P02511
P02511_S45,Down Syndrome,1259,99,P02511
P04637_S15,Down Syndrome,104,99,P04637
P10636_S396,Down Syndrome,343,99,P10636
P68433_S10,"Muscular Dystrophy, Duchenne",1246,100,P68433
E9Q401_S2807,"Muscular Dystrophy, Duchenne",888,100,E9Q401
NP_001100820_S161,"Muscular Dystrophy, Duchenne",1260,100,NP_001100820
Q62165_Y890,"Muscular Dystrophy, Duchenne",1261,100,Q62165
P42226_Y641,"Carcinoma, Intraductal, Noninfiltrating",1262,101,P42226
P40763_Y705,"Encephalomyelitis, Autoimmune, Experimental",47,102,P40763
P09793_Y201,"Encephalomyelitis, Autoimmune, Experimental",1263,102,P09793
Q5D1E7_S439,"Encephalomyelitis, Autoimmune, Experimental",1264,102,Q5D1E7
Q5D1E7_S435,"Encephalomyelitis, Autoimmune, Experimental",1265,102,Q5D1E7
P70671_S378,"Encephalomyelitis, Autoimmune, Experimental",1266,102,P70671
P02545_S404,"Muscular Dystrophy, Emery-Dreifuss",1267,103,P02545
P18760_T25,"Muscular Dystrophy, Emery-Dreifuss",913,103,P18760
O35303_S635,Brain Diseases,383,104,O35303
Q92560_S292,Endometrial Neoplasms,467,105,Q92560
Q15910_T487,Endometrial Neoplasms,563,105,Q15910
Q7KZF4_S426,Endometrial Neoplasms,582,105,Q7KZF4
P51532_S695,Endometrial Neoplasms,594,105,P51532
P51532_S613,Endometrial Neoplasms,596,105,P51532
P51532_S699,Endometrial Neoplasms,597,105,P51532
Q04695_S13,Endometrial Neoplasms,1026,105,Q04695
Q04695_S39,Endometrial Neoplasms,1027,105,Q04695
Q04695_S24,Endometrial Neoplasms,1028,105,Q04695
Q04695_S32,Endometrial Neoplasms,1029,105,Q04695
Q6ZS17_S351,Endometrial Neoplasms,1030,105,Q6ZS17
P29353_S139,Endometrial Neoplasms,998,105,P29353
P21796_S104,Endometrial Neoplasms,621,105,P21796
P52701_S830,Endometrial Neoplasms,629,105,P52701
P52701_S227,Endometrial Neoplasms,630,105,P52701
Q15758_S503,Endometrial Neoplasms,1268,105,Q15758
P49757_S438,Endometrial Neoplasms,993,105,P49757
P31750_S473,Endometrial Neoplasms,325,105,P31750
P19785_S171,Endometrial Neoplasms,1269,105,P19785
O96013_S474,Endometrial Neoplasms,815,105,O96013
Q13131_S467,Endometrial Neoplasms,1270,105,Q13131
Q00613_S303,Endometrial Neoplasms,561,105,Q00613
Q00613_S363,Endometrial Neoplasms,562,105,Q00613
P35606_T828,Endometrial Neoplasms,1271,105,P35606
P31749_T308,Endometrial Neoplasms,50,105,P31749
P42345_S2448,Endometrial Neoplasms,59,105,P42345
P10451_S263,Endometrial Neoplasms,1120,105,P10451
P10451_S254,Endometrial Neoplasms,1122,105,P10451
P10451_S219,Endometrial Neoplasms,607,105,P10451
P10451_S195,Endometrial Neoplasms,610,105,P10451
Q96AE4_S630,Endometrial Neoplasms,1272,105,Q96AE4
Q2KJY2_S1773,Endometrial Neoplasms,1273,105,Q2KJY2
Q2KJY2_S977,Endometrial Neoplasms,613,105,Q2KJY2
P53985_S467,Endometrial Neoplasms,614,105,P53985
P51608-2_S92,Endometrial Neoplasms,1126,105,P51608-2
P51608-2_S286,Endometrial Neoplasms,1125,105,P51608-2
P51608-2_S435,Endometrial Neoplasms,1274,105,P51608-2
P51608-2_S25,Endometrial Neoplasms,1275,105,P51608-2
O95758-2_S426,Endometrial Neoplasms,1276,105,O95758-2
P29317_S897,Endometrial Neoplasms,643,105,P29317
P03372_S118,Endometrial Neoplasms,473,105,P03372
P03372_S167,Endometrial Neoplasms,476,105,P03372
P16949_S38,Endometrial Neoplasms,177,105,P16949
Q05397_Y397,Uterine Neoplasms,634,106,Q05397
Q16877_T140,Endometriosis,1277,107,Q16877
P46527_S10,"Carcinoma, Ovarian Epithelial",403,108,P46527
Q9NYA1_S225,"Carcinoma, Ovarian Epithelial",1278,108,Q9NYA1
Q16875_S461,Esophageal Squamous Cell Carcinoma,1279,109,Q16875
P49585_S323,Esophageal Squamous Cell Carcinoma,1280,109,P49585
P49585_S319,Esophageal Squamous Cell Carcinoma,1281,109,P49585
P31751_S128,Esophageal Squamous Cell Carcinoma,1282,109,P31751
P49585_S315,Esophageal Squamous Cell Carcinoma,1283,109,P49585
P98170_S87,Esophageal Neoplasms,530,110,P98170
P00533_S768,Esophageal Neoplasms,862,110,P00533
O00560_T200,Esophageal Neoplasms,1284,110,O00560
O00560_S131,Esophageal Neoplasms,1285,110,O00560
P18846_T184,Esophageal Neoplasms,1286,110,P18846
P67809_T89,Esophageal Neoplasms,1287,110,P67809
Q9Y448_T294,Esophageal Neoplasms,1288,110,Q9Y448
P67809_S209,Esophageal Neoplasms,1289,110,P67809
Q9UKT5_S12,Esophageal Neoplasms,1290,110,Q9UKT5
P08151_S84,Esophageal Neoplasms,1291,110,P08151
P07355_Y24,Esophageal Neoplasms,575,110,P07355
Q15118_T338,Esophageal Neoplasms,465,110,Q15118
P00558_S203,Esophageal Neoplasms,466,110,P00558
P40763_Y705,Esophageal Neoplasms,47,110,P40763
Q02248_S45,Esophageal Neoplasms,784,110,Q02248
P35222_S45,Esophageal Neoplasms,1007,110,P35222
O14926_S39,Esophageal Squamous Cell Carcinoma,812,109,O14926
P00533_S768,Esophageal Squamous Cell Carcinoma,862,109,P00533
Q16658_S39,Esophageal Squamous Cell Carcinoma,791,109,Q16658
P46937_T143,Esophageal Squamous Cell Carcinoma,1292,109,P46937
P15311_T567,Esophageal Squamous Cell Carcinoma,1083,109,P15311
P31749_T308,Esophageal Squamous Cell Carcinoma,50,109,P31749
O00560_T200,Esophageal Squamous Cell Carcinoma,1284,109,O00560
Q05397_Y397,Esophageal Squamous Cell Carcinoma,634,109,Q05397
Q96PH1_Y476,Esophageal Squamous Cell Carcinoma,1293,109,Q96PH1
Q96PH1_Y478,Esophageal Squamous Cell Carcinoma,1294,109,Q96PH1
P40763_Y705,Esophageal Squamous Cell Carcinoma,47,109,P40763
Q14289_Y402,Esophageal Squamous Cell Carcinoma,97,109,Q14289
Q8NEZ4_S4588,Esophageal Squamous Cell Carcinoma,1295,109,Q8NEZ4
P04792_S82,Esophageal Squamous Cell Carcinoma,69,109,P04792
P31749_S473,Esophageal Squamous Cell Carcinoma,32,109,P31749
O00560_S131,Esophageal Squamous Cell Carcinoma,1285,109,O00560
P48431_S251,Esophageal Squamous Cell Carcinoma,1296,109,P48431
P50552_S239,Esophageal Squamous Cell Carcinoma,1297,109,P50552
O75901_S284,Esophageal Squamous Cell Carcinoma,1298,109,O75901
P15927_S33,"Sarcoma, Ewing",1299,111,P15927
P08069_Y980,"Sarcoma, Ewing",1300,111,P08069
P29317_Y772,"Sarcoma, Ewing",1301,111,P29317
P29317_S897,"Sarcoma, Ewing",643,111,P29317
Q05397_Y397,"Sarcoma, Ewing",634,111,Q05397
P08069_Y1166,"Sarcoma, Ewing",672,111,P08069
P08069_Y1165,"Sarcoma, Ewing",671,111,P08069
P52333_Y980,"Lymphoma, T-Cell",1302,112,P52333
P16949_S16,Fanconi Anemia,511,113,P16949
P16949_S38,Fanconi Anemia,177,113,P16949
O15287_S7,Fanconi Anemia,1303,113,O15287
P53566_S193,Fatty Liver,1304,114,P53566
P02340_S312,Fatty Liver,1305,114,P02340
P37231_T166,Fatty Liver,1306,114,P37231
Q62176_S193,Fatty Liver,1307,114,Q62176
P08833_S144,Fetal Growth Retardation,1308,115,P08833
P08833_S126,Fetal Growth Retardation,1309,115,P08833
P08833_S194,Fetal Growth Retardation,1310,115,P08833
P08833_S123,Fetal Growth Retardation,1311,115,P08833
E9Q401_S2813,"Cardiomyopathy, Hypertrophic, Familial",407,116,E9Q401
P21333_S2152,Fibromuscular Dysplasia,502,117,P21333
P05198_S52,Fibrosarcoma,149,118,P05198
P49841_Y216,Fibrosarcoma,95,118,P49841
Q9H792_Y665,Fibrosarcoma,1312,118,Q9H792
P40763_Y705,Fibrosarcoma,47,118,P40763
P50281_Y573,Fibrosarcoma,1313,118,P50281
P41350_Y14,"Renal Insufficiency, Chronic",1314,63,P41350
P21333_S2152,Dysostoses,502,119,P21333
P67870_S209,"Lymphoma, Follicular",416,120,P67870
Q16543_S13,"Lymphoma, Follicular",417,120,Q16543
P31749_S473,"Adenocarcinoma, Follicular",32,121,P31749
P46527_T157,"Adenocarcinoma, Follicular",367,121,P46527
P46527_T198,"Adenocarcinoma, Follicular",368,121,P46527
Q06787_S500,Fragile X Syndrome,374,122,Q06787
Q8NBP7_S47,Fragile X Syndrome,1315,122,Q8NBP7
P78559_S612,Frontotemporal Lobar Degeneration,1316,123,P78559
Q13148_S404,Frontotemporal Lobar Degeneration,140,123,Q13148
Q13148_S409,Frontotemporal Lobar Degeneration,57,123,Q13148
Q13148_S410,Frontotemporal Lobar Degeneration,56,123,Q13148
Q13148_S403,Frontotemporal Lobar Degeneration,142,123,Q13148
Q13148_S375,Frontotemporal Lobar Degeneration,365,123,Q13148
Q13148_S379,Frontotemporal Lobar Degeneration,141,123,Q13148
P14136_S13,Frontotemporal Lobar Degeneration,133,123,P14136
P10637_T473,Frontotemporal Lobar Degeneration,1317,123,P10637
P35637_Y526,Frontotemporal Lobar Degeneration,1318,123,P35637
P10636-8_T181,Frontotemporal Lobar Degeneration,136,123,P10636-8
P10636-8_T212,Frontotemporal Lobar Degeneration,178,123,P10636-8
P10636-8_T205,Frontotemporal Lobar Degeneration,134,123,P10636-8
P10636-8_S214,Frontotemporal Lobar Degeneration,180,123,P10636-8
P10636-8_S356,Frontotemporal Lobar Degeneration,201,123,P10636-8
P10636-8_S202,Frontotemporal Lobar Degeneration,156,123,P10636-8
P10636-8_S404,Frontotemporal Lobar Degeneration,135,123,P10636-8
P10636-8_S396,Frontotemporal Lobar Degeneration,128,123,P10636-8
P10636-8_S422,Frontotemporal Lobar Degeneration,137,123,P10636-8
Q13148_S369,Frontotemporal Lobar Degeneration,144,123,Q13148
P05412_S73,Gallbladder Neoplasms,809,124,P05412
P31749_S473,Gallbladder Neoplasms,32,124,P31749
Q00613_S326,Gallbladder Neoplasms,45,124,Q00613
P46527_S10,Gallbladder Neoplasms,403,124,P46527
Q93045_S50,Stomach Neoplasms,1319,94,Q93045
P98170_S87,Stomach Neoplasms,530,94,P98170
Q15118_T338,Stomach Neoplasms,465,94,Q15118
P00558_S203,Stomach Neoplasms,466,94,P00558
P18846_T184,Stomach Neoplasms,1286,94,P18846
P60174-3_S58,Stomach Neoplasms,468,94,P60174-3
P05787_S432,Stomach Neoplasms,844,94,P05787
P16104_Y142,Stomach Neoplasms,985,94,P16104
Q9NYF8_S290,Stomach Neoplasms,1320,94,Q9NYF8
P61586_Y42,Stomach Neoplasms,1321,94,P61586
O96017_T68,Stomach Neoplasms,437,94,O96017
O43255_S6,Stomach Neoplasms,1322,94,O43255
O43255_T279,Stomach Neoplasms,1323,94,O43255
Q9Y6Q9_T1067,Stomach Neoplasms,1324,94,Q9Y6Q9
Q9Y6Q9_S1062,Stomach Neoplasms,1325,94,Q9Y6Q9
P46937_T83,Stomach Neoplasms,1326,94,P46937
Q96KB5_Y272,Stomach Neoplasms,1327,94,Q96KB5
P09758_S322,Stomach Neoplasms,1328,94,P09758
Q86T24_T606,Stomach Neoplasms,1329,94,Q86T24
Q9EQH3_S671,Stomach Neoplasms,1330,94,Q9EQH3
P31749_S473,Stomach Neoplasms,32,94,P31749
Q9UN36_T348,Stomach Neoplasms,1331,94,Q9UN36
Q96B36_T246,Stomach Neoplasms,627,94,Q96B36
P68400_T13,Stomach Neoplasms,1332,94,P68400
Q13177_T134,Stomach Neoplasms,1333,94,Q13177
Q13177_T169,Stomach Neoplasms,1334,94,Q13177
Q14247_Y421,Stomach Neoplasms,876,94,Q14247
P08047_T453,Stomach Neoplasms,1335,94,P08047
Q96QV6_Y57,Stomach Neoplasms,1336,94,Q96QV6
P07947_Y426,Stomach Neoplasms,1337,94,P07947
P07355_Y24,Stomach Neoplasms,575,94,P07355
O96013_S99,Stomach Neoplasms,1338,94,O96013
O96013_S474,Stomach Neoplasms,815,94,O96013
Q92974_S691,Stomach Neoplasms,1339,94,Q92974
Q92974_S952,Stomach Neoplasms,1340,94,Q92974
Q92974_S956,Stomach Neoplasms,1341,94,Q92974
Q9Y6X9_S739,Stomach Neoplasms,1342,94,Q9Y6X9
Q99990_S84,Stomach Neoplasms,1343,94,Q99990
Q15796_S465,Stomach Neoplasms,1344,94,Q15796
P49841_S9,Stomach Neoplasms,103,94,P49841
P60484_S380,Stomach Neoplasms,1345,94,P60484
Q9UN36_S332,Stomach Neoplasms,1346,94,Q9UN36
P56945_Y410,Stomach Neoplasms,847,94,P56945
Q13263_S473,Stomach Neoplasms,776,94,Q13263
Q14247_S417,Stomach Neoplasms,1347,94,Q14247
Q14258_S12,Stomach Neoplasms,778,94,Q14258
Q05084_S269,Stomach Neoplasms,1348,94,Q05084
P68431_S10,Stomach Neoplasms,455,94,P68431
O75385_S556,Stomach Neoplasms,1349,94,O75385
O00206_T175,Stomach Neoplasms,1350,94,O00206
Q99684_S94,Stomach Neoplasms,1351,94,Q99684
Q99684_S98,Stomach Neoplasms,1352,94,Q99684
P35546_Y1063,Stomach Neoplasms,1353,94,P35546
P05412_S243,Stomach Neoplasms,580,94,P05412
P10721_Y703,Gastrointestinal Stromal Tumors,1354,125,P10721
P10721_Y721,Gastrointestinal Stromal Tumors,1355,125,P10721
Q9UQR1_S306,Gastrointestinal Stromal Tumors,1356,125,Q9UQR1
P58012_S33,Granulosa Cell Tumor,1357,126,P58012
P12931_Y419,Choriocarcinoma,30,62,P12931
O95819_T187,Glioblastoma,1358,26,O95819
P40763_Y705,Glioblastoma,47,26,P40763
P09651_S199,Glioblastoma,1359,26,P09651
P35222_Y333,Glioblastoma,1360,26,P35222
Q14185_S1250,Glioblastoma,1361,26,Q14185
P30530_Y779,Glioblastoma,44,26,P30530
P30530_Y698,Glioblastoma,1362,26,P30530
Q9Y4P1_S383,Glioblastoma,1072,26,Q9Y4P1
Q9C026-5_S76,Glioblastoma,1363,26,Q9C026-5
Q9C026-5_S80,Glioblastoma,1364,26,Q9C026-5
P35235_Y542,Glioblastoma,1365,26,P35235
P48960_S818,Glioblastoma,1366,26,P48960
P48960_T820,Glioblastoma,1367,26,P48960
P48960_T816,Glioblastoma,1368,26,P48960
P35221_S641,Glioblastoma,1369,26,P35221
P23921_T52,Glioblastoma,1370,26,P23921
Q96LA8_T21,Glioblastoma,1371,26,Q96LA8
Q9H1Y0_T101,Glioblastoma,1372,26,Q9H1Y0
Q9HAU4_T249,Glioblastoma,1373,26,Q9HAU4
Q9Y5A9_T381,Glioblastoma,1374,26,Q9Y5A9
P14618_S37,Glioblastoma,585,26,P14618
Q08722_Y288,Glioblastoma,1375,26,Q08722
Q14790_Y380,Glioblastoma,877,26,Q14790
Q15645_Y56,Glioblastoma,1376,26,Q15645
P46937_Y391,Glioblastoma,1377,26,P46937
P46937_Y407,Glioblastoma,1378,26,P46937
P46937_Y444,Glioblastoma,1379,26,P46937
P52209_Y481,Glioblastoma,1380,26,P52209
Q01813_Y64,Glioblastoma,1381,26,Q01813
Q02548_Y102,Glioblastoma,1382,26,Q02548
P51692_Y699,Glioblastoma,1383,26,P51692
P42229_Y694,Glioblastoma,48,26,P42229
P12931_Y419,Glioblastoma,30,26,P12931
P60484_Y240,Glioblastoma,1384,26,P60484
Q14185_Y722,Glioblastoma,1385,26,Q14185
Q9C026_S80,Glioblastoma,1386,26,Q9C026
Q9C026_S76,Glioblastoma,1387,26,Q9C026
Q99490_S615,Glioblastoma,1388,26,Q99490
Q96LA8_S11,Glioblastoma,1389,26,Q96LA8
Q8N371_S361,Glioblastoma,1390,26,Q8N371
Q16555_S522,Glioblastoma,166,26,Q16555
Q9Y5A9_S39,Glioblastoma,1391,26,Q9Y5A9
Q9H3R0_S918,Glioblastoma,1392,26,Q9H3R0
Q9NYY3_S358,Glioblastoma,1393,26,Q9NYY3
Q04206_S536,Glioblastoma,1019,26,Q04206
P29317_S897,Glioblastoma,643,26,P29317
Q05397_Y397,Glioblastoma,634,26,Q05397
Q14289_Y402,Glioblastoma,97,26,Q14289
P33151_Y685,Glioblastoma,1394,26,P33151
P46937_S436,Glioblastoma,1395,26,P46937
P35222_S552,Glioblastoma,954,26,P35222
P35222_S675,Glioblastoma,953,26,P35222
P46937_S127,Glioblastoma,127,26,P46937
Q08050_S331,Glioblastoma,1396,26,Q08050
O95644_S278,Glioblastoma,1397,26,O95644
O95644_S403,Glioblastoma,1398,26,O95644
O95644_S409,Glioblastoma,1399,26,O95644
P05412_S63,Glioblastoma,280,26,P05412
P05412_S73,Glioblastoma,809,26,P05412
O95644_S261,Glioblastoma,1400,26,O95644
P19419_S383,Glioblastoma,1401,26,P19419
P14618_S222,Glioblastoma,1402,26,P14618
Q04726_S267,Glioblastoma,1403,26,Q04726
P00533_Y1016,Glioblastoma,1404,26,P00533
Q99490-2_S279,Glioblastoma,1405,26,Q99490-2
P68431_T6,Glioblastoma,1406,26,P68431
P68431_S10,Glioblastoma,455,26,P68431
P68431_Y41,Glioblastoma,1407,26,P68431
Q02952_T767,Glioblastoma,1408,26,Q02952
P62962_Y129,Glioblastoma,1409,26,P62962
O14920_S177,Glioblastoma,1018,26,O14920
O14920_S181,Glioblastoma,1020,26,O14920
O43684_Y207,Glioblastoma,1410,26,O43684
Q96BX8_T15,Glioblastoma,1411,26,Q96BX8
Q96BX8_S38,Glioblastoma,1412,26,Q96BX8
Q07912_Y635,Glioblastoma,1413,26,Q07912
Q14457_S30,Glioblastoma,1414,26,Q14457
P30304_Y59,Glioblastoma,1415,26,P30304
P14618_T328,Glioblastoma,1416,26,P14618
Q15672_S68,Glioblastoma,504,26,Q15672
P00558_T243,Glioblastoma,1417,26,P00558
P00367_S384,Glioblastoma,1418,26,P00367
P97324_T10,Glioblastoma,1419,26,P97324
O00429_S637,Glioblastoma,1420,26,O00429
O60664_Y251,Glioblastoma,1421,26,O60664
Q99541_Y232,Glioblastoma,1422,26,Q99541
Q02248_S675,Glioblastoma,1423,26,Q02248
Q9NR19_S267,Glioblastoma,1424,26,Q9NR19
P40763_S727,Glioblastoma,58,26,P40763
P00533_Y1092,Glioblastoma,797,26,P00533
Q14258_S100,Glioblastoma,1425,26,Q14258
P04637_S46,Glioblastoma,9,26,P04637
Q8BRK8_T172,Glioblastoma,308,26,Q8BRK8
P07742_T52,Glioblastoma,1426,26,P07742
Q13224_S1303,Glioma,1427,11,Q13224
Q9EQW6_S13,Glioma,1428,11,Q9EQW6
Q9EQW6_S10,Glioma,1429,11,Q9EQW6
Q9EQW6_S14,Glioma,1430,11,Q9EQW6
Q13164_T733,Glioma,1431,11,Q13164
Q13164_S731,Glioma,1432,11,Q13164
P27361_T202,Glioma,21,11,P27361
P31749_S473,Glioma,32,11,P31749
P27361_Y204,Glioma,20,11,P27361
P15311_T567,Glioma,1083,11,P15311
O75385_S469,Glioma,1433,11,O75385
O75385_S495,Glioma,714,11,O75385
O75385_S533,Glioma,1434,11,O75385
Q13546_S166,Graft vs Host Disease,1435,127,Q13546
P42345_S2448,Granulomatosis with Polyangiitis,59,128,P42345
P49840_S21,Granulomatosis with Polyangiitis,1436,128,P49840
P49841_S9,Granulomatosis with Polyangiitis,103,128,P49841
O75385_S556,Granulomatosis with Polyangiitis,1349,128,O75385
P60484_S380,Granulomatosis with Polyangiitis,1345,128,P60484
P59158_T58,Gitelman Syndrome,1437,129,P59158
P10636_S396,Amyotrophic Lateral Sclerosis,343,19,P10636
P08069_Y1166,Graft vs Host Disease,672,127,P08069
P08069_Y1165,Graft vs Host Disease,671,127,P08069
P08069_Y1161,Graft vs Host Disease,1438,127,P08069
P07196_S221,"Paraparesis, Tropical Spastic",1439,130,P07196
P07196_S215,"Paraparesis, Tropical Spastic",1440,130,P07196
P07196_S103,"Paraparesis, Tropical Spastic",1441,130,P07196
P07196_S472,"Paraparesis, Tropical Spastic",1442,130,P07196
P49715_S190,Hepatoblastoma,1443,131,P49715
P53566_S193,Hepatoblastoma,1304,131,P53566
P40763_S727,Squamous Cell Carcinoma of Head and Neck,58,132,P40763
P35568_S616,Squamous Cell Carcinoma of Head and Neck,804,132,P35568
P42345_S2448,Squamous Cell Carcinoma of Head and Neck,59,132,P42345
P23443_S394,Squamous Cell Carcinoma of Head and Neck,1444,132,P23443
P25963_S32,Squamous Cell Carcinoma of Head and Neck,1445,132,P25963
P35222_S45,Squamous Cell Carcinoma of Head and Neck,1007,132,P35222
P31749_S473,Squamous Cell Carcinoma of Head and Neck,32,132,P31749
Q02750_S218,Squamous Cell Carcinoma of Head and Neck,187,132,Q02750
Q02750_S222,Squamous Cell Carcinoma of Head and Neck,184,132,Q02750
Q13541_S65,Squamous Cell Carcinoma of Head and Neck,1446,132,Q13541
P06730_S209,Squamous Cell Carcinoma of Head and Neck,8,132,P06730
O14757_S345,Squamous Cell Carcinoma of Head and Neck,1057,132,O14757
O96017_S33,Squamous Cell Carcinoma of Head and Neck,1447,132,O96017
O96017_S35,Squamous Cell Carcinoma of Head and Neck,1448,132,O96017
O95997_T60,Squamous Cell Carcinoma of Head and Neck,1449,132,O95997
O15350_T27,Squamous Cell Carcinoma of Head and Neck,1450,132,O15350
Q9H9S0_T200,Squamous Cell Carcinoma of Head and Neck,1451,132,Q9H9S0
Q9H9S0_T280,Squamous Cell Carcinoma of Head and Neck,1452,132,Q9H9S0
Q05513_T410,Squamous Cell Carcinoma of Head and Neck,1453,132,Q05513
Q12778_T24,Squamous Cell Carcinoma of Head and Neck,624,132,Q12778
Q96CX2_T196,Squamous Cell Carcinoma of Head and Neck,639,132,Q96CX2
P27361_T202,Squamous Cell Carcinoma of Head and Neck,21,132,P27361
P31749_T308,Squamous Cell Carcinoma of Head and Neck,50,132,P31749
P23443_T412,Squamous Cell Carcinoma of Head and Neck,33,132,P23443
P35222_T41,Squamous Cell Carcinoma of Head and Neck,1031,132,P35222
P41743_T412,Squamous Cell Carcinoma of Head and Neck,1454,132,P41743
Q96CX2_S176,Squamous Cell Carcinoma of Head and Neck,638,132,Q96CX2
Q9H492_S87,Squamous Cell Carcinoma of Head and Neck,1455,132,Q9H492
Q96CX2_S200,Squamous Cell Carcinoma of Head and Neck,641,132,Q96CX2
Q15796_S465,Squamous Cell Carcinoma of Head and Neck,1344,132,Q15796
Q15796_S467,Squamous Cell Carcinoma of Head and Neck,1456,132,Q15796
Q15831_S334,Squamous Cell Carcinoma of Head and Neck,756,132,Q15831
Q15418_S380,Squamous Cell Carcinoma of Head and Neck,1457,132,Q15418
Q12929_Y602,Squamous Cell Carcinoma of Head and Neck,1458,132,Q12929
P46527_Y88,Squamous Cell Carcinoma of Head and Neck,1459,132,P46527
O94851_Y445,Squamous Cell Carcinoma of Head and Neck,1460,132,O94851
O94851_Y463,Squamous Cell Carcinoma of Head and Neck,1461,132,O94851
P04626_Y1248,Squamous Cell Carcinoma of Head and Neck,605,132,P04626
P19174_Y783,Squamous Cell Carcinoma of Head and Neck,516,132,P19174
P21860_Y1289,Squamous Cell Carcinoma of Head and Neck,1462,132,P21860
P27361_Y204,Squamous Cell Carcinoma of Head and Neck,20,132,P27361
P14618_Y105,Squamous Cell Carcinoma of Head and Neck,676,132,P14618
O14965_S51,Squamous Cell Carcinoma of Head and Neck,1463,132,O14965
P04792_S78,Squamous Cell Carcinoma of Head and Neck,68,132,P04792
P04792_S82,Squamous Cell Carcinoma of Head and Neck,69,132,P04792
Q13480_Y627,Squamous Cell Carcinoma of Head and Neck,1464,132,Q13480
P40763_Y705,Squamous Cell Carcinoma of Head and Neck,47,132,P40763
P42229_Y694,Squamous Cell Carcinoma of Head and Neck,48,132,P42229
P35968_Y951,Squamous Cell Carcinoma of Head and Neck,1465,132,P35968
P35968_Y996,Squamous Cell Carcinoma of Head and Neck,1466,132,P35968
E9Q401_S2813,Heart Diseases,407,133,E9Q401
P19429_S23,Heart Diseases,900,133,P19429
P45379_S208,Heart Failure,1467,134,P45379
P46152_S105,Heart Failure,1468,134,P46152
P46152_S261,Heart Failure,1469,134,P46152
P27546_S914,Heart Failure,1470,134,P27546
P27546_S1046,Heart Failure,1471,134,P27546
Q06124_S189,Heart Failure,1472,134,Q06124
P70288_S394,Heart Failure,1473,134,P70288
Q08369_S105,Heart Failure,1474,134,Q08369
Q12809_S890,Heart Failure,1475,134,Q12809
P51667_S14,Heart Failure,1250,134,P51667
P51667_S15,Heart Failure,1251,134,P51667
P08050_S282,Heart Failure,1476,134,P08050
Q06124_T73,Heart Failure,1477,134,Q06124
Q0PCR6_T1704,Heart Failure,911,134,Q0PCR6
P63085_T188,Heart Failure,1478,134,P63085
Q5EG47_T183,Heart Failure,1479,134,Q5EG47
Q92736_S2814,Heart Failure,406,134,Q92736
Q14896_S284,Heart Failure,892,134,Q14896
Q9NPH5_Y566,Heart Failure,1480,134,Q9NPH5
Q9UQL6_S279,Heart Failure,894,134,Q9UQL6
O00429_S616,Heart Failure,320,134,O00429
Q92736_S2808,Heart Failure,887,134,Q92736
Q9BR39_Y141,Heart Failure,1481,134,Q9BR39
P63000_S71,Heart Failure,1482,134,P63000
Q12778_S256,Hepatitis,386,135,Q12778
P31749_S473,Hepatitis,32,135,P31749
Q99683_S83,Hepatitis,1483,135,Q99683
P37238_S273,Hepatitis,1484,135,P37238
Q00266_S114,Hepatitis,118,135,Q00266
P34152_Y397,Hepatitis,1485,135,P34152
P34152_Y577,Hepatitis,1486,135,P34152
P34152_Y576,Hepatitis,1487,135,P34152
O35099_S1040,Hepatitis,1488,135,O35099
Q99683_S1033,Hepatitis,1489,135,Q99683
O35099_S1036,Hepatitis,1490,135,O35099
Q99683_T838,Hepatitis,1491,135,Q99683
P05783_S53,Hepatitis B,1143,136,P05783
P05783_S34,Hepatitis B,1492,136,P05783
O43524_S574,Hepatitis C,1493,137,O43524
P46937_S127,"Carcinoma, Hepatocellular",127,138,P46937
P06400_S780,"Carcinoma, Hepatocellular",66,138,P06400
P04637_S392,"Carcinoma, Hepatocellular",708,138,P04637
P16949_S25,"Carcinoma, Hepatocellular",176,138,P16949
P06748_T234,"Carcinoma, Hepatocellular",78,138,P06748
P06748_T237,"Carcinoma, Hepatocellular",79,138,P06748
P05556_T789,"Carcinoma, Hepatocellular",1494,138,P05556
P05556_T788,"Carcinoma, Hepatocellular",1495,138,P05556
P19525_T446,"Carcinoma, Hepatocellular",992,138,P19525
P49023_Y31,"Carcinoma, Hepatocellular",1496,138,P49023
Q05397_Y397,"Carcinoma, Hepatocellular",634,138,Q05397
Q14247_Y421,"Carcinoma, Hepatocellular",876,138,Q14247
P08581_Y1234,"Carcinoma, Hepatocellular",434,138,P08581
P08581_Y1235,"Carcinoma, Hepatocellular",436,138,P08581
Q04206_S536,"Carcinoma, Hepatocellular",1019,138,Q04206
P49023_S178,"Carcinoma, Hepatocellular",111,138,P49023
Q9Y261_S111,"Carcinoma, Hepatocellular",1497,138,Q9Y261
Q9Y261_S107,"Carcinoma, Hepatocellular",1498,138,Q9Y261
Q61337_S136,"Carcinoma, Hepatocellular",835,138,Q61337
P19793_S260,"Carcinoma, Hepatocellular",1499,138,P19793
P43405_S295,"Carcinoma, Hepatocellular",1500,138,P43405
P40763_Y705,"Carcinoma, Hepatocellular",47,138,P40763
P09874_Y992,Liver Neoplasms,1501,139,P09874
Q96PU4_S643,Liver Neoplasms,1502,139,Q96PU4
P46937_S127,Liver Neoplasms,127,139,P46937
P04637_S46,Liver Neoplasms,9,139,P04637
O15516_S106,Liver Neoplasms,1503,139,O15516
Q15118_T338,"Carcinoma, Hepatocellular",465,138,Q15118
P00558_S203,"Carcinoma, Hepatocellular",466,138,P00558
P00533_Y869,"Carcinoma, Hepatocellular",800,138,P00533
Q15796_S255,"Carcinoma, Hepatocellular",1504,138,Q15796
Q15796_S245,"Carcinoma, Hepatocellular",1505,138,Q15796
Q15796_S250,"Carcinoma, Hepatocellular",1506,138,Q15796
P04637_S15,"Carcinoma, Hepatocellular",104,138,P04637
Q64337_S351,"Carcinoma, Hepatocellular",1507,138,Q64337
P16104_S139,"Carcinoma, Hepatocellular",41,138,P16104
P01106_S77,"Carcinoma, Hepatocellular",14,138,P01106
O00512_T172,"Carcinoma, Hepatocellular",1508,138,O00512
P49736_S40,"Carcinoma, Hepatocellular",1509,138,P49736
P49736_S53,"Carcinoma, Hepatocellular",1510,138,P49736
Q9Y6Q9_S1330,"Carcinoma, Hepatocellular",1511,138,Q9Y6Q9
P04637_R249,"Carcinoma, Hepatocellular",1512,138,P04637
P36956_T59,"Carcinoma, Hepatocellular",1513,138,P36956
P35613-2_S252,"Carcinoma, Hepatocellular",1514,138,P35613-2
P35613-2_S246,"Carcinoma, Hepatocellular",1515,138,P35613-2
Q9UGI0_S209,"Carcinoma, Hepatocellular",1516,138,Q9UGI0
Q9P2Y5_S522,"Carcinoma, Hepatocellular",1517,138,Q9P2Y5
Q9UGI0_T35,"Carcinoma, Hepatocellular",1518,138,Q9UGI0
P49841_Y56,"Carcinoma, Hepatocellular",1519,138,P49841
Q13501_S28,"Carcinoma, Hepatocellular",1520,138,Q13501
P98170_S87,"Carcinoma, Hepatocellular",530,138,P98170
P10275_S96,"Carcinoma, Hepatocellular",1521,138,P10275
Q12906_S382,"Carcinoma, Hepatocellular",1522,138,Q12906
O14746_T249,"Carcinoma, Hepatocellular",1523,138,O14746
Q15121_S116,"Carcinoma, Hepatocellular",840,138,Q15121
P46527_T187,"Carcinoma, Hepatocellular",83,138,P46527
Q04206_S529,"Carcinoma, Hepatocellular",1524,138,Q04206
Q04206_S276,"Carcinoma, Hepatocellular",807,138,Q04206
Q9Y5U4_S151,"Carcinoma, Hepatocellular",1525,138,Q9Y5U4
P35558_S90,"Carcinoma, Hepatocellular",1526,138,P35558
O15503_S207,"Carcinoma, Hepatocellular",1527,138,O15503
O15516_S106,"Carcinoma, Hepatocellular",1503,138,O15516
Q04726_S267,"Carcinoma, Hepatocellular",1403,138,Q04726
P42230_Y694,"Carcinoma, Hepatocellular",1528,138,P42230
Q9NTW7_S226,"Carcinoma, Hepatocellular",1529,138,Q9NTW7
Q92786_S79,"Carcinoma, Hepatocellular",1530,138,Q92786
P09467_S170,"Carcinoma, Hepatocellular",1531,138,P09467
P36969_S131,"Carcinoma, Hepatocellular",1532,138,P36969
P12277_T133,"Carcinoma, Hepatocellular",1533,138,P12277
P35222_S184,"Carcinoma, Hepatocellular",1534,138,P35222
Q9Y3D6_Y38,"Carcinoma, Hepatocellular",1535,138,Q9Y3D6
P46937_Y407,"Carcinoma, Hepatocellular",1378,138,P46937
P31749_S473,"Carcinoma, Hepatocellular",32,138,P31749
Q8K1M6_S616,"Carcinoma, Hepatocellular",1136,138,Q8K1M6
Q8K1M6_S637,"Carcinoma, Hepatocellular",327,138,Q8K1M6
P35222_S675,"Carcinoma, Hepatocellular",953,138,P35222
Q96BH1_S450,"Carcinoma, Hepatocellular",1536,138,Q96BH1
Q9Y2B2_Y81,"Carcinoma, Hepatocellular",1537,138,Q9Y2B2
O00482_S510,"Carcinoma, Hepatocellular",1538,138,O00482
P42768_Y291,"Carcinoma, Hepatocellular",1539,138,P42768
P53999_S17,"Carcinoma, Hepatocellular",1540,138,P53999
P29401_T287,"Carcinoma, Hepatocellular",1541,138,P29401
P10109_S177,"Carcinoma, Hepatocellular",1542,138,P10109
Q9NZQ7_T290,"Carcinoma, Hepatocellular",617,138,Q9NZQ7
P58215_S704,"Carcinoma, Hepatocellular",1543,138,P58215
P35613_S246,"Carcinoma, Hepatocellular",1544,138,P35613
O96017_T378,"Carcinoma, Hepatocellular",1545,138,O96017
Q13541_T46,"Carcinoma, Hepatocellular",801,138,Q13541
P68431_T11,"Carcinoma, Hepatocellular",1546,138,P68431
P11802_T172,"Carcinoma, Hepatocellular",369,138,P11802
P27361_T202,"Carcinoma, Hepatocellular",21,138,P27361
P31750_T308,"Carcinoma, Hepatocellular",1012,138,P31750
Q53GL7_T601,"Carcinoma, Hepatocellular",1547,138,Q53GL7
P23588_S422,"Carcinoma, Hepatocellular",1548,138,P23588
Q05397_Y576,"Carcinoma, Hepatocellular",1549,138,Q05397
Q05397_Y577,"Carcinoma, Hepatocellular",1550,138,Q05397
Q14790_Y380,"Carcinoma, Hepatocellular",877,138,Q14790
P16615_Y990,"Carcinoma, Hepatocellular",1551,138,P16615
Q96EB6_S47,"Carcinoma, Hepatocellular",398,138,Q96EB6
Q96PU4_S643,"Carcinoma, Hepatocellular",1502,138,Q96PU4
Q2M1V0_S183,"Carcinoma, Hepatocellular",1552,138,Q2M1V0
Q9ULW0_S486,"Carcinoma, Hepatocellular",1553,138,Q9ULW0
P08727_S35,"Carcinoma, Hepatocellular",1554,138,P08727
P35222_S552,"Carcinoma, Hepatocellular",954,138,P35222
P40763_S727,"Carcinoma, Hepatocellular",58,138,P40763
Q14683_S957,"Carcinoma, Hepatocellular",1555,138,Q14683
O14874_S31,"Carcinoma, Hepatocellular",1556,138,O14874
P49841_S9,"Carcinoma, Hepatocellular",103,138,P49841
P31750_S473,"Carcinoma, Hepatocellular",325,138,P31750
Q05682_S759,"Carcinoma, Hepatocellular",1557,138,Q05682
P67809_S102,"Carcinoma, Hepatocellular",423,138,P67809
Q00987_S166,"Carcinoma, Hepatocellular",428,138,Q00987
Q14683_S966,"Carcinoma, Hepatocellular",392,138,Q14683
P04406_S151,"Carcinoma, Hepatocellular",1558,138,P04406
P05412_S63,"Carcinoma, Hepatocellular",280,138,P05412
P07355_S12,"Carcinoma, Hepatocellular",1559,138,P07355
P07355_S26,"Carcinoma, Hepatocellular",1560,138,P07355
O60674_S633,"Carcinoma, Hepatocellular",1561,138,O60674
P29317_S897,"Carcinoma, Hepatocellular",643,138,P29317
P08670_S56,"Carcinoma, Hepatocellular",1562,138,P08670
P08670_S72,"Carcinoma, Hepatocellular",925,138,P08670
P12532_Y153,Breast Neoplasms,1563,34,P12532
Q13043_Y433,Breast Neoplasms,1564,34,Q13043
P05480-1_Y424,Breast Neoplasms,1565,34,P05480-1
Q15910_S21,Breast Neoplasms,1566,34,Q15910
Q92622_S92,Breast Neoplasms,1567,34,Q92622
O15379_Y325,Breast Neoplasms,1568,34,O15379
O15379_Y328,Breast Neoplasms,1569,34,O15379
O15379_Y331,Breast Neoplasms,1570,34,O15379
O35826_M712,"Distal myopathy, Nonaka type",1571,140,O35826
P16234_Y849,Hypereosinophilic Syndrome,1572,141,P16234
O14965_T288,Ovarian Neoplasms,1573,142,O14965
Q05397_Y576,Ovarian Neoplasms,1549,142,Q05397
P30307_S216,Ovarian Neoplasms,1128,142,P30307
P30305_S323,Ovarian Neoplasms,1574,142,P30305
Q12879_Y1325,Encephalitis,1575,143,Q12879
Q04726_S267,Squamous Cell Carcinoma of Head and Neck,1403,132,Q04726
P15056_S446,Squamous Cell Carcinoma of Head and Neck,1576,132,P15056
O43524_T32,Squamous Cell Carcinoma of Head and Neck,625,132,O43524
P29353_Y427,Squamous Cell Carcinoma of Head and Neck,1577,132,P29353
Q92934_S99,Squamous Cell Carcinoma of Head and Neck,460,132,Q92934
P06400_T356,Squamous Cell Carcinoma of Head and Neck,818,132,P06400
P08559_S232,Squamous Cell Carcinoma of Head and Neck,571,132,P08559
Q12933_S55,Hodgkin Disease,1578,71,Q12933
P54274_T371,Hodgkin Disease,1579,71,P54274
O15270_S384,Hereditary Sensory and Autonomic Neuropathies,1580,144,O15270
P55212_S257,Huntington Disease,240,145,P55212
Q60829_T34,Huntington Disease,1171,145,Q60829
P11881_S1755,Huntington Disease,1581,145,P11881
P11881_S1588,Huntington Disease,1582,145,P11881
P42858_S419,Huntington Disease,1583,145,P42858
P42858_S16,Huntington Disease,1584,145,P42858
P42858_S13,Huntington Disease,1585,145,P42858
P19419_T417,Huntington Disease,113,145,P19419
P04637_S46,Huntington Disease,9,145,P04637
P42858_T3,Huntington Disease,1586,145,P42858
P42859_S13,Huntington Disease,1587,145,P42859
P42858_T2335,Huntington Disease,1588,145,P42858
P42858_S2114,Huntington Disease,1589,145,P42858
P42858_S1862,Huntington Disease,1590,145,P42858
P42858_S1199,Huntington Disease,1591,145,P42858
P42858_S432,Huntington Disease,1592,145,P42858
P42858_S1874,Huntington Disease,1593,145,P42858
P42858_S1179,Huntington Disease,1594,145,P42858
P31749_S473,Huntington Disease,32,145,P31749
P62753_S235,Huntington Disease,1595,145,P62753
P62754_S236,Huntington Disease,1596,145,P62754
P31750_S473,Huntington Disease,325,145,P31750
Q9UHD2_S172,Huntington Disease,287,145,Q9UHD2
Q9WUN2_S172,Huntington Disease,1597,145,Q9WUN2
Q86WV6_S366,Huntington Disease,1598,145,Q86WV6
Q3TBT3_S365,Huntington Disease,1599,145,Q3TBT3
Q3UR85_S259,Huntington Disease,1600,145,Q3UR85
Q16555_T514,Huntington Disease,318,145,Q16555
Q16555_T509,Huntington Disease,168,145,Q16555
Q16555_S522,Huntington Disease,166,145,Q16555
O55042_S129,Huntington Disease,1601,145,O55042
P42858_S1864,Huntington Disease,1602,145,P42858
P51111_S1181,Huntington Disease,1603,145,P51111
P37840_S129,Huntington Disease,210,145,P37840
Q9Y2G1_S259,Huntington Disease,1604,145,Q9Y2G1
O00429_S616,Huntington Disease,320,145,O00429
O35433_T406,Hyperalgesia,1605,146,O35433
P84092_S45,Hyperalgesia,1606,146,P84092
O35433_T406,Hyperesthesia,1605,147,O35433
P70531_S499,Hypertension,1607,148,P70531
P05197_T57,Hypertension,1608,148,P05197
P70531_S365,Hypertension,1609,148,P70531
Q14432_T445,Hypertension,1610,148,Q14432
Q14432_S428,Hypertension,1611,148,Q14432
Q14432_S438,Hypertension,1612,148,Q14432
Q00960_S1303,Hypertension,1613,148,Q00960
Q96RD7_Y199,Hypertension,1614,148,Q96RD7
F1M707_S346,Hypertension,1615,148,F1M707
P08050_S368,Hypertension,1220,148,P08050
P10636-8_T217,Hypertension,157,148,P10636-8
P10636-8_T181,Hypertension,136,148,P10636-8
P29474_S1177,Hypertension,1241,148,P29474
P08413_T287,Hypertension,1234,148,P08413
O54915_S347,Hypertriglyceridemia,1616,149,O54915
Q9R1A7_S347,Hypertriglyceridemia,1617,149,Q9R1A7
P28482_T190,"Cardiomyopathy, Hypertrophic, Familial",1618,116,P28482
P63085_T188,"Cardiomyopathy, Hypertrophic, Familial",1478,116,P63085
Q8WZ42_S4099,"Cardiomyopathy, Hypertrophic, Familial",901,116,Q8WZ42
Q8WZ42_S4185,"Cardiomyopathy, Hypertrophic, Familial",1157,116,Q8WZ42
Q8WZ42_S4010,"Cardiomyopathy, Hypertrophic, Familial",903,116,Q8WZ42
Q8WZ42_S11878,"Cardiomyopathy, Hypertrophic, Familial",904,116,Q8WZ42
A2ASS6_S4080,"Cardiomyopathy, Hypertrophic, Familial",1158,116,A2ASS6
XP_008773743_S3986,"Cardiomyopathy, Hypertrophic, Familial",1159,116,XP_008773743
XP_008773743_S3897,"Cardiomyopathy, Hypertrophic, Familial",1160,116,XP_008773743
A2ASS6_S3991,"Cardiomyopathy, Hypertrophic, Familial",1161,116,A2ASS6
Q0PCR6_T1704,"Cardiomyopathy, Hypertrophic, Familial",911,116,Q0PCR6
Q0PCR6_S1700,"Cardiomyopathy, Hypertrophic, Familial",912,116,Q0PCR6
P27546_S737,"Cardiomyopathy, Hypertrophic, Familial",1216,116,P27546
P27546_S760,"Cardiomyopathy, Hypertrophic, Familial",1215,116,P27546
Q9UNA1_S671,"Cardiomyopathy, Hypertrophic, Familial",1165,116,Q9UNA1
Q71DI3_S10,"Cardiomyopathy, Hypertrophic, Familial",1619,116,Q71DI3
P27546_S1046,"Cardiomyopathy, Hypertrophic, Familial",1471,116,P27546
P27546_S914,"Cardiomyopathy, Hypertrophic, Familial",1470,116,P27546
P54645_T183,"Cardiomyopathy, Hypertrophic, Familial",1620,116,P54645
Q5EG47_T183,"Cardiomyopathy, Hypertrophic, Familial",1479,116,Q5EG47
Q08369_S105,"Cardiomyopathy, Hypertrophic, Familial",1474,116,Q08369
P70288_S394,"Cardiomyopathy, Hypertrophic, Familial",1473,116,P70288
Q9BR39_Y141,"Cardiomyopathy, Hypertrophic, Familial",1481,116,Q9BR39
P46152_S261,"Cardiomyopathy, Hypertrophic, Familial",1469,116,P46152
P46152_S105,"Cardiomyopathy, Hypertrophic, Familial",1468,116,P46152
P23242_S368,"Cardiomyopathy, Hypertrophic, Familial",1621,116,P23242
P23443_T412,"Cardiomyopathy, Hypertrophic, Familial",33,116,P23443
P31431_S179,"Cardiomyopathy, Hypertrophic, Familial",1622,116,P31431
Q15139_S421,"Cardiomyopathy, Hypertrophic, Familial",1623,116,Q15139
P58771_S283,"Cardiomyopathy, Hypertrophic, Familial",1163,116,P58771
P08050_S279,"Cardiomyopathy, Hypertrophic, Familial",1624,116,P08050
P08050_S282,"Cardiomyopathy, Hypertrophic, Familial",1476,116,P08050
Q06124-1_S189,"Cardiomyopathy, Hypertrophic, Familial",1625,116,Q06124-1
Q06124-1_T73,"Cardiomyopathy, Hypertrophic, Familial",1626,116,Q06124-1
P51667_S15,"Cardiomyopathy, Hypertrophic, Familial",1251,116,P51667
Q92784-2_S348,"Cardiomyopathy, Hypertrophic, Familial",1627,116,Q92784-2
Q9NPH5_Y566,"Cardiomyopathy, Hypertrophic, Familial",1480,116,Q9NPH5
Q14738_S573,"Cardiomyopathy, Hypertrophic, Familial",1628,116,Q14738
P17302_Y313,"Cardiomyopathy, Hypertrophic, Familial",1629,116,P17302
E9Q401_S2030,"Cardiomyopathy, Hypertrophic, Familial",1630,116,E9Q401
Q62318_S473,"Cardiomyopathy, Hypertrophic, Familial",1014,116,Q62318
O70468_S282,"Cardiomyopathy, Hypertrophic, Familial",1631,116,O70468
P42225_S727,"Cardiomyopathy, Hypertrophic, Familial",1632,116,P42225
P61016_S16,"Cardiomyopathy, Hypertrophic, Familial",1219,116,P61016
O70548_S157,"Cardiomyopathy, Hypertrophic, Familial",1633,116,O70548
O70548_S161,"Cardiomyopathy, Hypertrophic, Familial",1634,116,O70548
P22002_T1603,"Cardiomyopathy, Hypertrophic, Familial",1635,116,P22002
P08050_S368,"Cardiomyopathy, Hypertrophic, Familial",1220,116,P08050
P08050_S262,"Cardiomyopathy, Hypertrophic, Familial",1636,116,P08050
Q8K1M6_S616,"Cardiomyopathy, Hypertrophic, Familial",1136,116,Q8K1M6
Q9UNA1_S668,"Cardiomyopathy, Hypertrophic, Familial",1166,116,Q9UNA1
P27661_S139,Idiopathic Pulmonary Fibrosis,1637,150,P27661
P53602_S96,Idiopathic Pulmonary Fibrosis,1638,150,P53602
P35222_Y654,Idiopathic Pulmonary Fibrosis,1639,150,P35222
Q02248_Y654,Idiopathic Pulmonary Fibrosis,1640,150,Q02248
P60330_S1121,Infertility,1641,151,P60330
O95972_Y235,Infertility,1642,151,O95972
P67778_T258,Infertility,1643,151,P67778
P40763_Y705,Inflammation,47,152,P40763
Q8NHW3_S65,Insulinoma,1644,153,Q8NHW3
Q8NHW3_T57,Insulinoma,1645,153,Q8NHW3
P35222_Y654,Intestinal Neoplasms,1639,154,P35222
Q13541_T70,Cholangiocarcinoma,31,58,Q13541
Q13526_S115,Cholangiocarcinoma,1646,58,Q13526
P06400_S811,Uveal Melanoma,106,155,P06400
P06400_S807,Uveal Melanoma,105,155,P06400
O00401_Y256,Idiopathic Pulmonary Fibrosis,673,150,O00401
P55937_S174,Ischemia,1647,156,P55937
P55937_S385,Ischemia,1648,156,P55937
P11275_T286,Ischemia,1649,156,P11275
P19490_S836,Ischemia,1650,156,P19490
O88871_S783,Ischemia,1651,156,O88871
P55012_T205,Ischemia,1652,156,P55012
P55012_T196,Ischemia,1653,156,P55012
Q6P9R2_T185,Ischemia,1654,156,Q6P9R2
P55012_T200,Ischemia,1655,156,P55012
Q9Z1W9_T236,Ischemia,1656,156,Q9Z1W9
O75197_T1492,Myocardial Ischemia,1657,51,O75197
O75197_S1503,Myocardial Ischemia,1658,51,O75197
P06748_T199,"Sarcoma, Kaposi",77,157,P06748
P60484_S380,"Sarcoma, Kaposi",1345,157,P60484
P62753_S235,"Sarcoma, Kaposi",1595,157,P62753
P31749_T308,"Sarcoma, Kaposi",50,157,P31749
P62753_S236,"Sarcoma, Kaposi",1659,157,P62753
Q16236_S40,"Sarcoma, Kaposi",1660,157,Q16236
Q16236_S40,Keratoconus,1660,158,Q16236
P53985_S467,Kidney Neoplasms,614,159,P53985
P31749_S473,Kidney Neoplasms,32,159,P31749
P08581_Y1349,Kidney Neoplasms,852,159,P08581
P46527_T157,Kidney Neoplasms,367,159,P46527
P46527_T198,Kidney Neoplasms,368,159,P46527
Q00987_S166,Kidney Neoplasms,428,159,Q00987
Q14247_Y421,Kidney Neoplasms,876,159,Q14247
Q2PPJ7_S486,Kidney Neoplasms,1661,159,Q2PPJ7
Q2PPJ7_T715,Kidney Neoplasms,1662,159,Q2PPJ7
Q96FW1_Y26,Kidney Neoplasms,1663,159,Q96FW1
O00429_S616,Kidney Neoplasms,320,159,O00429
Q6X936_Y637,Kidney Diseases,1664,160,Q6X936
Q6X936_Y638,Kidney Diseases,1665,160,Q6X936
Q9R044_Y1204,Kidney Diseases,1666,160,Q9R044
Q9R044_Y1228,Kidney Diseases,1667,160,Q9R044
Q9UQK1_S33,Lafora Disease,1668,161,Q9UQK1
P14618_S37,Lymphangioleiomyomatosis,585,162,P14618
P42229_Y694,"Leukemia, Large Granular Lymphocytic",48,163,P42229
P40763_Y705,Laryngeal Neoplasms,47,164,P40763
Q8IX90_T360,Squamous Cell Carcinoma of Head and Neck,1669,132,Q8IX90
O75385_S317,Parkinson Disease,1670,165,O75385
P97431_S424,"Cystitis, Interstitial",1671,166,P97431
E9Q401_S2813,"Arrhythmias, Cardiac",407,167,E9Q401
E9Q401_S2813,"Death, Sudden, Cardiac",407,168,E9Q401
P01106_S77,Leukemia,14,169,P01106
P00519_Y257,Leukemia,1672,169,P00519
P01103_S116,Leukemia,1673,169,P01103
P42230_S725,Leukemia,1674,169,P42230
P42230_S779,Leukemia,1675,169,P42230
P24752_Y407,Leukemia,1676,169,P24752
P42702_S1044,Leukemia,1677,169,P42702
P51575_S387,Leukemia,1678,169,P51575
P51575_T389,Leukemia,1679,169,P51575
P46527_Y88,Leukemia,1459,169,P46527
P37840_Y136,Lewy Body Disease,1680,8,P37840
P20807_S629,Limb-girdle muscular dystrophy type 2A,1681,170,P20807
P20807_S629,"Muscular Dystrophies, Limb-Girdle",1681,171,P20807
P63279_S71,Liver Neoplasms,515,139,P63279
Q93045_S50,Liver Neoplasms,1319,139,Q93045
Q9NRM6_Y447,Liver Neoplasms,1682,139,Q9NRM6
P34152_Y397,Liver Neoplasms,1485,139,P34152
P34152_Y577,Liver Neoplasms,1486,139,P34152
P34152_Y576,Liver Neoplasms,1487,139,P34152
O14746_T249,Liver Neoplasms,1523,139,O14746
O09000_S498,Liver Neoplasms,1683,139,O09000
O09000_S536,Liver Neoplasms,1684,139,O09000
O09000_S850,Liver Neoplasms,1685,139,O09000
O09000_S847,Liver Neoplasms,1686,139,O09000
P53566_S193,Liver Neoplasms,1304,139,P53566
P31749_S473,Liver Neoplasms,32,139,P31749
Q9EP73_Y112,Liver Neoplasms,1687,139,Q9EP73
Q9NZQ7_Y112,Liver Neoplasms,1688,139,Q9NZQ7
P01106_S77,Liver Neoplasms,14,139,P01106
O14920_S181,Liver Neoplasms,1020,139,O14920
O75581_S1490,Liver Neoplasms,715,139,O75581
P04637_S15,Liver Neoplasms,104,139,P04637
P31350_T33,Liver Neoplasms,1689,139,P31350
Q13541_T37,Liver Neoplasms,802,139,Q13541
Q13541_T46,Liver Neoplasms,801,139,Q13541
P46937_T241,Liver Neoplasms,1236,139,P46937
Q96B36_T246,Liver Neoplasms,627,139,Q96B36
P48163_S336,Liver Neoplasms,1063,139,P48163
O00444_Y86,Liver Neoplasms,1690,139,O00444
P49841_S9,Liver Neoplasms,103,139,P49841
P62753_S240,Liver Neoplasms,116,139,P62753
P62753_S244,Liver Neoplasms,115,139,P62753
Q9Y261_S111,Liver Neoplasms,1497,139,Q9Y261
Q92519_S83,Liver Neoplasms,1691,139,Q92519
Q9Y261_S107,Liver Neoplasms,1498,139,Q9Y261
P42345_S2448,Liver Neoplasms,59,139,P42345
P58215_S704,Liver Neoplasms,1543,139,P58215
P05783_S34,Liver Diseases,1492,172,P05783
P05787_S432,Liver Diseases,844,172,P05787
P05783_S53,Liver Diseases,1143,172,P05783
P05787_S74,Liver Diseases,843,172,P05787
Q9WVH4_S573,Liver Diseases,1692,172,Q9WVH4
Q16236_T369,Ischemia,1693,156,Q16236
P10275_S96,Fatty Liver,1521,114,P10275
Q7Z5P4_S33,Fatty Liver,1694,114,Q7Z5P4
P14618_S287,Adenocarcinoma of Lung,1695,173,P14618
P16949_S16,Adenocarcinoma of Lung,511,173,P16949
P17482_T133,Adenocarcinoma of Lung,1696,173,P17482
Q15910_T487,Adenocarcinoma of Lung,563,173,Q15910
P04637_S392,Adenocarcinoma of Lung,708,173,P04637
O14828_Y86,Adenocarcinoma of Lung,1697,173,O14828
P14618_Y105,Adenocarcinoma of Lung,676,173,P14618
Q15750_S438,Adenocarcinoma of Lung,1698,173,Q15750
P49841_S9,Adenocarcinoma of Lung,103,173,P49841
P52564_S207,Adenocarcinoma of Lung,1699,173,P52564
P49366_S233,Adenocarcinoma of Lung,1700,173,P49366
P08670_S339,Adenocarcinoma of Lung,1701,173,P08670
P98170_S87,Lung Neoplasms,530,174,P98170
O00512_T172,Lung Neoplasms,1508,174,O00512
Q00613_S307,Lung Neoplasms,560,174,Q00613
Q00613_S303,Lung Neoplasms,561,174,Q00613
Q15910_T487,Lung Neoplasms,563,174,Q15910
Q15118_T338,Lung Neoplasms,465,174,Q15118
P00558_S203,Lung Neoplasms,466,174,P00558
Q7KZF4_S426,Lung Neoplasms,582,174,Q7KZF4
P51532_S695,Lung Neoplasms,594,174,P51532
P51532_S1417,Lung Neoplasms,595,174,P51532
P35222_S675,Lung Neoplasms,953,174,P35222
Q53HL2_T278,Lung Neoplasms,1702,174,Q53HL2
Q53HL2_S275,Lung Neoplasms,1703,174,Q53HL2
Q61457_T393,Lung Neoplasms,1704,174,Q61457
P42225_Y701,Lung Neoplasms,880,174,P42225
P34152-2_Y956,Lung Neoplasms,1705,174,P34152-2
Q9NS23-2_S203,Lung Neoplasms,1706,174,Q9NS23-2
P55072_T76,Lung Neoplasms,1707,174,P55072
P46937_S127,Lung Neoplasms,127,174,P46937
Q05209_S571,Lung Neoplasms,1708,174,Q05209
Q05397_Y397,Lung Neoplasms,634,174,Q05397
P19338_T641,Lung Neoplasms,1709,174,P19338
Q09472_S2039,Lung Neoplasms,1710,174,Q09472
Q09472_S1038,Lung Neoplasms,1711,174,Q09472
Q93045_S50,Lung Neoplasms,1319,174,Q93045
P28033_T188,Lung Neoplasms,1712,174,P28033
P98083-2_Y239,Lung Neoplasms,1713,174,P98083-2
P98083-2_Y313,Lung Neoplasms,1714,174,P98083-2
P98083-2_Y240,Lung Neoplasms,1715,174,P98083-2
P07948_Y32,Lung Neoplasms,674,174,P07948
P33993_Y600,Lung Neoplasms,675,174,P33993
P08047_T739,Lung Neoplasms,819,174,P08047
O95819_T187,Lung Neoplasms,1358,174,O95819
P29317_S897,Lung Neoplasms,643,174,P29317
Q9Y4H2_S1100,Lung Neoplasms,839,174,Q9Y4H2
Q6U7Q0_S391,Lung Neoplasms,863,174,Q6U7Q0
P17096_S99,Lung Neoplasms,1716,174,P17096
Q9NRZ9_S503,Lung Neoplasms,1717,174,Q9NRZ9
Q15642_T225,Lung Neoplasms,1718,174,Q15642
Q93073_T573,Lung Neoplasms,1719,174,Q93073
Q6U7Q0_S224,Lung Neoplasms,1720,174,Q6U7Q0
O60701_Y473,Lung Neoplasms,1721,174,O60701
Q01279_Y1197,Lung Neoplasms,1722,174,Q01279
P19544-7_S63,Lung Neoplasms,1723,174,P19544-7
P19544-7_S67,Lung Neoplasms,1061,174,P19544-7
P08559_S314,Lung Neoplasms,717,174,P08559
P08559_S295,Lung Neoplasms,716,174,P08559
Q14790_Y380,Lung Neoplasms,877,174,Q14790
P40763_Y705,Lung Neoplasms,47,174,P40763
Q8N5V2_S16,Lung Neoplasms,1024,174,Q8N5V2
Q8N5V2_S18,Lung Neoplasms,1025,174,Q8N5V2
Q01147_S119,Lung Neoplasms,889,174,Q01147
P18654_S386,Lung Neoplasms,1724,174,P18654
Q01279_Y1092,Lung Neoplasms,1725,174,Q01279
P26443_Y135,Lung Neoplasms,1726,174,P26443
Q04695_S13,Lung Neoplasms,1026,174,Q04695
Q04695_S39,Lung Neoplasms,1027,174,Q04695
Q04695_S24,Lung Neoplasms,1028,174,Q04695
Q04695_S32,Lung Neoplasms,1029,174,Q04695
Q6ZS17_S351,Lung Neoplasms,1030,174,Q6ZS17
P52630_T404,Lung Neoplasms,1727,174,P52630
P14618_S37,Lung Neoplasms,585,174,P14618
O14746_T249,Lung Neoplasms,1523,174,O14746
P52701_S227,Lung Neoplasms,630,174,P52701
Q15831_S428,Lung Neoplasms,1728,174,Q15831
Q15758_S503,Lung Neoplasms,1268,174,Q15758
P10109_S177,Lung Neoplasms,1542,174,P10109
P35568_S307,Lung Neoplasms,803,174,P35568
P31749_S129,Lung Neoplasms,806,174,P31749
Q13085_S80,Lung Neoplasms,808,174,Q13085
O60716_S288,Lung Neoplasms,811,174,O60716
P00533_S1166,Lung Neoplasms,813,174,P00533
Q16539_T180,Lung Neoplasms,446,174,Q16539
P48436_T196,Lung Neoplasms,1729,174,P48436
P14618_T45,Lung Neoplasms,743,174,P14618
Q6U7Q0_T150,Lung Neoplasms,1730,174,Q6U7Q0
Q6U7Q0_T234,Lung Neoplasms,1731,174,Q6U7Q0
Q6U7Q0_T262,Lung Neoplasms,1732,174,Q6U7Q0
Q8IX90_T360,Lung Neoplasms,1669,174,Q8IX90
P05455_T389,Lung Neoplasms,1733,174,P05455
P05787_S432,Lung Neoplasms,844,174,P05787
P00367_Y135,Lung Neoplasms,1734,174,P00367
P08581_Y1003,Lung Neoplasms,435,174,P08581
P08581_Y1234,Lung Neoplasms,434,174,P08581
P08581_Y1235,Lung Neoplasms,436,174,P08581
P08581_Y1365,Lung Neoplasms,853,174,P08581
P35235_Y63,Lung Neoplasms,856,174,P35235
P35235_Y62,Lung Neoplasms,857,174,P35235
Q92786_S79,Lung Neoplasms,1530,174,Q92786
Q9UGP4_S272,Lung Neoplasms,1735,174,Q9UGP4
Q9UGP4_S277,Lung Neoplasms,1736,174,Q9UGP4
Q9UGP4_S421,Lung Neoplasms,1737,174,Q9UGP4
Q9UGP4_S424,Lung Neoplasms,1738,174,Q9UGP4
Q01518_S310,Lung Neoplasms,1739,174,Q01518
P49841_S9,Lung Neoplasms,103,174,P49841
Q01518_S308,Lung Neoplasms,1740,174,Q01518
Q61337_S112,Lung Neoplasms,121,174,Q61337
Q61337_S136,Lung Neoplasms,835,174,Q61337
P10415_S70,Lung Neoplasms,783,174,P10415
P49789_Y114,Lung Neoplasms,710,174,P49789
P46940_S480,Lung Neoplasms,1741,174,P46940
P35222_S552,Lung Neoplasms,954,174,P35222
P35914_S258,Lung Neoplasms,1742,174,P35914
Q05397_S910,Lung Neoplasms,1743,174,Q05397
P02545_S390,Lung Neoplasms,1744,174,P02545
P07954_S46,Lung Neoplasms,1745,174,P07954
Q05397_Y397,Small Cell Lung Carcinoma,634,175,Q05397
P50753_S209,Ventricular Remodeling,910,176,P50753
P45379_S208,Ventricular Remodeling,1467,176,P45379
P31749_S473,"Leukemia, Lymphoid",32,177,P31749
P67870_S209,"Leukemia, Lymphoid",416,177,P67870
P60484_S380,"Leukemia, Lymphoid",1345,177,P60484
P60484_S370,"Leukemia, Lymphoid",1746,177,P60484
P60484_S385,"Leukemia, Lymphoid",1747,177,P60484
O15530_S241,"Leukemia, Lymphoid",626,177,O15530
P60484_T382,"Leukemia, Lymphoid",1748,177,P60484
P31749_T308,"Leukemia, Lymphoid",50,177,P31749
Q06124_Y580,Lymphoma,1749,178,Q06124
Q06124_Y542,Lymphoma,1750,178,Q06124
P49841_S9,Lymphoma,103,178,P49841
P02340_S312,Lymphoma,1305,178,P02340
P56537_S235,Lymphoma,1751,178,P56537
O15524_Y80,Lymphoma,1752,178,O15524
P04150_S134,Lymphoma,17,178,P04150
P46527_T187,Lymphoma,83,178,P46527
Q80YR6_T855,Lymphoma,1753,178,Q80YR6
P08581_Y1003,Lymphoma,435,178,P08581
Q12933_S55,Lymphoma,1578,178,Q12933
Q15717_S221,Lymphoma,1754,178,Q15717
P46531_S2521,Lymphoma,13,178,P46531
P46531_S2522,Lymphoma,12,178,P46531
P46531_S2523,Lymphoma,11,178,P46531
P46531_S2524,Lymphoma,10,178,P46531
P42226_Y641,Lymphoma,1262,178,P42226
P46937_S381,Lymphoma,126,178,P46937
P46937_S127,Lymphoma,127,178,P46937
P67870_S209,"Lymphoma, Non-Hodgkin",416,179,P67870
Q16543_S13,"Lymphoma, Non-Hodgkin",417,179,Q16543
P42224_Y701,Macrophage Activation Syndrome,709,180,P42224
P21333_S2152,Thrombocytopenia,502,181,P21333
Q8VDD5_S1943,Thrombocytopenia,1755,181,Q8VDD5
P63086_Y185,"Depressive Disorder, Major",1756,182,P63086
P63086_T183,"Depressive Disorder, Major",1757,182,P63086
P21708_Y205,"Depressive Disorder, Major",1758,182,P21708
P47196_S473,"Depressive Disorder, Major",1759,182,P47196
P21708_T203,"Depressive Disorder, Major",1760,182,P21708
P23588_S504,"Depressive Disorder, Major",363,182,P23588
P10637_S688,"Depressive Disorder, Major",238,182,P10637
P10637_S554,"Depressive Disorder, Major",329,182,P10637
P10637_T523,"Depressive Disorder, Major",264,182,P10637
P49841_S9,"Depressive Disorder, Major",103,182,P49841
P04150_S211,"Depressive Disorder, Major",1761,182,P04150
P04150_S226,"Depressive Disorder, Major",380,182,P04150
P40763_Y705,Glioma,47,11,P40763
P05198_S52,Breast Neoplasms,149,34,P05198
P63085_T183,Breast Neoplasms,785,34,P63085
P09917_S524,"Lymphoma, Mantle-Cell",958,183,P09917
Q00987_S166,"Lymphoma, Mantle-Cell",428,183,Q00987
Q00987_S186,"Lymphoma, Mantle-Cell",112,183,Q00987
P61073_S339,"Lymphoma, Mantle-Cell",49,183,P61073
Q15796_S467,Marfan Syndrome,1456,184,Q15796
Q15796_S465,Marfan Syndrome,1344,184,Q15796
P70460_S235,Marfan Syndrome,1762,184,P70460
P07949_Y791,"Thyroid Cancer, Papillary",851,185,P07949
P07949_S891,"Thyroid Cancer, Papillary",810,185,P07949
P28482_Y187,"Thyroid Cancer, Papillary",732,185,P28482
P40763_S727,"Thyroid Cancer, Papillary",58,185,P40763
P27361_Y204,"Thyroid Cancer, Papillary",20,185,P27361
P28482_T185,"Thyroid Cancer, Papillary",733,185,P28482
P27361_T202,"Thyroid Cancer, Papillary",21,185,P27361
P48985_Y78,Medulloblastoma,1763,186,P48985
Q7RTV0_Y36,Medulloblastoma,1764,186,Q7RTV0
P08151_S937,Medulloblastoma,1765,186,P08151
P47806_S941,Medulloblastoma,1766,186,P47806
P50552_S157,Medulloblastoma,775,186,P50552
P30279_T280,Megalancephaly Polymicrogyria-Polydactyly Hydrocephalus Syndrome,1767,187,P30279
P35222_S33,Melanoma,1033,86,P35222
P31749_S473,Melanoma,32,86,P31749
Q13315_S1981,Melanoma,321,86,Q13315
P05412_S73,Melanoma,809,86,P05412
P05627_S63,Melanoma,1768,86,P05627
P05627_S73,Melanoma,1769,86,P05627
P17535_S100,Melanoma,817,86,P17535
O75815_T130,Melanoma,1770,86,O75815
P31749_T308,Melanoma,50,86,P31749
P46527_T198,Melanoma,368,86,P46527
Q92934_S75,Melanoma,459,86,Q92934
Q15910_S21,Melanoma,1566,86,Q15910
Q15543_S33,Melanoma,1771,86,Q15543
Q14694_S547,Melanoma,1772,86,Q14694
Q15046_S207,Melanoma,1773,86,Q15046
P52630_T385,Melanoma,1774,86,P52630
Q9Y4H2_S1100,Melanoma,839,86,Q9Y4H2
P40763_Y705,Melanoma,47,86,P40763
P42224_Y701,Melanoma,709,86,P42224
O75608_S209,Melanoma,1775,86,O75608
O75116_S1366,Melanoma,457,86,O75116
Q14934_S259,Melanoma,424,86,Q14934
Q8IUH4_S208,Melanoma,1776,86,Q8IUH4
Q13263_S824,Melanoma,1777,86,Q13263
P06400_S795,Melanoma,1778,86,P06400
P06400_S807,Melanoma,105,86,P06400
P06400_S811,Melanoma,106,86,P06400
P40763_S727,Melanoma,58,86,P40763
P26645_S152,Melanoma,1779,86,P26645
P26645_S156,Melanoma,1780,86,P26645
P26645_S163,Melanoma,1781,86,P26645
P31750_S473,Melanoma,325,86,P31750
Q13554_T287,Melanoma,1782,86,Q13554
Q05397_Y397,Melanoma,634,86,Q05397
P48431_S251,Melanoma,1296,86,P48431
P49841_S9,Melanoma,103,86,P49841
P52630_S381,Melanoma,1783,86,P52630
P52630_S393,Melanoma,1784,86,P52630
Q12778_S319,Melanoma,1785,86,Q12778
Q00613_S419,Melanoma,1786,86,Q00613
O75385_S317,Melanoma,1670,86,O75385
Q6ZS17_S453,Melanoma,1787,86,Q6ZS17
P08708_S115,Melanoma,1788,86,P08708
Q68CZ2_S1441,Melanoma,1789,86,Q68CZ2
O15061_S429,Melanoma,1790,86,O15061
P49840_S21,Melanoma,1436,86,P49840
P26645_S160,Melanoma,1791,86,P26645
P68431_T80,Melanoma,1792,86,P68431
O60341_S111,Melanoma,687,86,O60341
P35613-2_Y183,Melanoma,1793,86,P35613-2
P35613-2_Y140,Melanoma,1794,86,P35613-2
P06400_S780,Meningioma,66,188,P06400
Q04656_T1048,Menkes Kinky Hair Syndrome,1795,189,Q04656
Q9UM73_Y1604,"Carcinoma, Merkel Cell",1796,190,Q9UM73
P35240_S518,Mesothelioma,1797,191,P35240
P11802_T172,Mesothelioma,369,191,P11802
Q9NRR5_S318,Mesothelioma,1798,191,Q9NRR5
P12004_Y114,Metabolic Syndrome,1254,192,P12004
P26678_S16,Metabolic Syndrome,1255,192,P26678
Q9UJZ1_S17,Monoclonal Gammopathy of Undetermined Significance,1799,193,Q9UJZ1
P50753_S209,Myocardial Infarction,910,194,P50753
P45379_S208,Myocardial Infarction,1467,194,P45379
P10636-8_T217,Myocardial Infarction,157,194,P10636-8
P10636-8_T181,Myocardial Infarction,136,194,P10636-8
P63161_S98,Myocardial Infarction,1800,194,P63161
P07737_Y129,Myocardial Infarction,1801,194,P07737
P10361_S20,Myocardial Infarction,1802,194,P10361
P10361_S6,Myocardial Infarction,1803,194,P10361
P10361_T18,Myocardial Infarction,1804,194,P10361
P10361_S15,Myocardial Infarction,1805,194,P10361
P10361_S9,Myocardial Infarction,1806,194,P10361
P27546_S737,Myocardial Infarction,1216,194,P27546
P27546_S760,Myocardial Infarction,1215,194,P27546
P46152_S105,Myocardial Infarction,1468,194,P46152
Q92736_S2808,Myocardial Infarction,887,194,Q92736
E9Q401_S2807,Myocardial Infarction,888,194,E9Q401
P10636-8_T205,Myocardial Infarction,134,194,P10636-8
P10636-8_S199,Myocardial Infarction,158,194,P10636-8
P10636-8_S202,Myocardial Infarction,156,194,P10636-8
P10636-8_S262,Myocardial Infarction,138,194,P10636-8
Q9NXR1-1_T246,Microcephaly,1807,195,Q9NXR1-1
Q9NXR1_T246,Microcephaly,1808,195,Q9NXR1
O00139_T554,Mosaic variegated aneuploidy syndrome,1809,196,O00139
P37840_S129,Multiple System Atrophy,210,197,P37840
Q9UJZ1_S17,Multiple Myeloma,1799,198,Q9UJZ1
P52732_T926,Multiple Myeloma,1810,198,P52732
Q15910_S21,Multiple Myeloma,1566,198,Q15910
P51812_S227,Multiple Myeloma,1811,198,P51812
Q9NQ25_Y284,Multiple Myeloma,1812,198,Q9NQ25
O14757_S345,Multiple Myeloma,1057,198,O14757
O14757_S317,Multiple Myeloma,1058,198,O14757
P16104_S139,Multiple Myeloma,41,198,P16104
P31749_T308,Multiple Myeloma,50,198,P31749
P40763_Y705,Multiple Myeloma,47,198,P40763
Q5SW79_S1260,Multiple Myeloma,1813,198,Q5SW79
P31749_S473,Multiple Myeloma,32,198,P31749
Q16555_T555,Multiple Sclerosis,286,199,Q16555
Q8NB16_T357,Multiple Sclerosis,285,199,Q8NB16
Q13546_S14,Multiple Sclerosis,1814,199,Q13546
Q13546_S166,Multiple Sclerosis,1435,199,Q13546
Q9Y572_S227,Multiple Sclerosis,1815,199,Q9Y572
Q13546_S15,Multiple Sclerosis,1816,199,Q13546
P02511_S59,Multiple Sclerosis,1258,199,P02511
O35303_S656,Multiple Sclerosis,1817,199,O35303
P16220-1_S133,Multiple Sclerosis,1818,199,P16220-1
P40763_Y705,Multiple Sclerosis,47,199,P40763
O35433_S800,Hyperalgesia,1819,146,O35433
P35611_S726,Myelodysplastic Syndromes,1820,200,P35611
Q08351_Y616,Myeloproliferative Disorders,1821,201,Q08351
O60674_Y201,Myeloproliferative Disorders,1822,201,O60674
P55072_S784,Myocardial Stunning,601,202,P55072
P17661_S13,Muscular Diseases,1823,203,P17661
O54851_S293,Myopia,1824,204,O54851
P35637_S42,"Liposarcoma, Myxoid",1825,205,P35637
Q99683_S83,Non-alcoholic Fatty Liver Disease,1483,206,Q99683
P47196_S473,Non-alcoholic Fatty Liver Disease,1759,206,P47196
Q62600_S1176,Non-alcoholic Fatty Liver Disease,1182,206,Q62600
P53566_S193,Non-alcoholic Fatty Liver Disease,1304,206,P53566
Q923E4_S164,Non-alcoholic Fatty Liver Disease,1826,206,Q923E4
Q96EB6_S172,Non-alcoholic Fatty Liver Disease,1827,206,Q96EB6
Q9Z0Y9_S196,Non-alcoholic Fatty Liver Disease,399,206,Q9Z0Y9
O15503_T222,Non-alcoholic Fatty Liver Disease,1828,206,O15503
Q7Z5P4_S33,Non-alcoholic Fatty Liver Disease,1694,206,Q7Z5P4
P15311_T567,Nasopharyngeal Carcinoma,1083,207,P15311
P40763_Y705,Nasopharyngeal Carcinoma,47,207,P40763
P08559_S293,Nasopharyngeal Carcinoma,1829,207,P08559
O00429_S616,Nasopharyngeal Carcinoma,320,207,O00429
O00429_S637,Nasopharyngeal Carcinoma,1420,207,O00429
Q9NVD7_S8,Nasopharyngeal Carcinoma,1830,207,Q9NVD7
P35222_Y654,Nasopharyngeal Carcinoma,1639,207,P35222
P29317_Y772,Nasopharyngeal Carcinoma,1301,207,P29317
Q15654_Y55,Nasopharyngeal Carcinoma,1831,207,Q15654
O43474_S234,Nasopharyngeal Carcinoma,1832,207,O43474
P67809_S102,Nasopharyngeal Carcinoma,423,207,P67809
P42224_S727,Wilms Tumor,1055,208,P42224
P35222_S45,Wilms Tumor,1007,208,P35222
P41181_S256,"Diabetes Insipidus, Nephrogenic",1833,209,P41181
P41181_S261,"Diabetes Insipidus, Nephrogenic",1834,209,P41181
Q6X936_Y638,Nephrosis,1665,210,Q6X936
Q6X936_Y637,Nephrosis,1664,210,Q6X936
Q9R044_Y1228,Nephrosis,1667,210,Q9R044
Q9R044_Y1204,Nephrosis,1666,210,Q9R044
P29351_Y536,Nephrosis,974,210,P29351
P29350_Y536,Nephrosis,996,210,P29350
Q5SWU9_S79,Nephrosis,926,210,Q5SWU9
P31749_T308,Neuroblastoma,50,211,P31749
P31749_S473,Neuroblastoma,32,211,P31749
Q13443_Y736,Neuroblastoma,1835,211,Q13443
Q9H6X2_Y425,Neuroblastoma,1836,211,Q9H6X2
Q9UPS8_Y296,Neuroblastoma,1837,211,Q9UPS8
P05067_Y757,Neuroblastoma,1838,211,P05067
P15529-4_Y357,Neuroblastoma,1839,211,P15529-4
P24941_Y15,Neuroblastoma,1840,211,P24941
Q00535_Y15,Neuroblastoma,1841,211,Q00535
P15529-2_Y387,Neuroblastoma,1842,211,P15529-2
P06493_Y15,Neuroblastoma,749,211,P06493
P06493_T14,Neuroblastoma,1843,211,P06493
O60716_Y96,Neuroblastoma,1844,211,O60716
Q8NE01_Y301,Neuroblastoma,1845,211,Q8NE01
P14923_Y480,Neuroblastoma,1846,211,P14923
Q16832_Y740,Neuroblastoma,1847,211,Q16832
Q16832_Y736,Neuroblastoma,1848,211,Q16832
P29317_Y772,Neuroblastoma,1301,211,P29317
Q9BSJ8_Y822,Neuroblastoma,1849,211,Q9BSJ8
Q99613_Y881,Neuroblastoma,1850,211,Q99613
Q3V6T2_Y1799,Neuroblastoma,508,211,Q3V6T2
P21802_Y656,Neuroblastoma,940,211,P21802
P49841_Y216,Neuroblastoma,95,211,P49841
P06899_Y42,Neuroblastoma,1851,211,P06899
P52272_Y64,Neuroblastoma,1852,211,P52272
P07948_Y397,Neuroblastoma,1853,211,P07948
P08069_Y1161,Neuroblastoma,1438,211,P08069
P53778_Y185,Neuroblastoma,1854,211,P53778
P08069_Y1165,Neuroblastoma,671,211,P08069
O60674_Y570,Neuroblastoma,1855,211,O60674
P35580_Y1415,Neuroblastoma,1856,211,P35580
Q96BF3_Y222,Neuroblastoma,1857,211,Q96BF3
Q9Y4K4_Y31,Neuroblastoma,1858,211,Q9Y4K4
P06213_Y1185,Neuroblastoma,1859,211,P06213
Q96BF3-2_Y188,Neuroblastoma,1860,211,Q96BF3-2
P06213_Y1189,Neuroblastoma,1861,211,P06213
Q9C0B0_Y232,Neuroblastoma,1862,211,Q9C0B0
P38159_Y255,Neuroblastoma,1863,211,P38159
O95297_Y263,Neuroblastoma,1864,211,O95297
Q9Y4G6_Y72,Neuroblastoma,1865,211,Q9Y4G6
P08670_Y61,Neuroblastoma,1866,211,P08670
Q8N5H7_Y316,Neuroblastoma,1867,211,Q8N5H7
Q08174_Y897,Neuroblastoma,1868,211,Q08174
Q9C0H9_Y396,Neuroblastoma,1869,211,Q9C0H9
Q8IV08_Y7,Neuroblastoma,1870,211,Q8IV08
P34741_Y191,Neuroblastoma,1871,211,P34741
P62140_Y306,Neuroblastoma,1872,211,P62140
P61006_Y5,Neuroblastoma,1873,211,P61006
Q63HR2_Y483,Neuroblastoma,1874,211,Q63HR2
Q16881_Y281,Neuroblastoma,1875,211,Q16881
P25116_Y420,Neuroblastoma,1876,211,P25116
Q92529_Y406,Neuroblastoma,1877,211,Q92529
P18077_Y34,Neuroblastoma,1878,211,P18077
Q96GP6_Y628,Neuroblastoma,1879,211,Q96GP6
Q05655_Y313,Neuroblastoma,635,211,Q05655
Q14195_T509,Neuroblastoma,1880,211,Q14195
Q14195_S518,Neuroblastoma,1881,211,Q14195
Q14195_T514,Neuroblastoma,1882,211,Q14195
P49841_S9,Neuroblastoma,103,211,P49841
O75116_T396,Neuroblastoma,1883,211,O75116
P01106_T73,Neuroblastoma,131,211,P01106
P04637_S15,Neuroblastoma,104,211,P04637
P04637_S20,Neuroblastoma,707,211,P04637
Q61029_T74,Neuroblastoma,1884,211,Q61029
Q61029_T159,Neuroblastoma,1885,211,Q61029
Q8VI36_S178,Neuroblastoma,1886,211,Q8VI36
Q9UM73_Y1507,Neuroblastoma,859,211,Q9UM73
Q61029_S176,Neuroblastoma,1887,211,Q61029
Q61029_S179,Neuroblastoma,1888,211,Q61029
P30874_S341,Neuroendocrine Tumors,1889,212,P30874
P30874_S343,Neuroendocrine Tumors,1890,212,P30874
P06400_S807,Neuroendocrine Tumors,105,212,P06400
P06400_S811,Neuroendocrine Tumors,106,212,P06400
P40763_Y705,Neurofibromatoses,47,213,P40763
P42227_Y705,Neurofibromatoses,789,213,P42227
Q9WV60_S389,Neuroinflammatory Diseases,886,214,Q9WV60
P10636-8_T153,Niemann-Pick Diseases,249,215,P10636-8
P10636-8_T149,Niemann-Pick Diseases,250,215,P10636-8
P10636-8_S202,Niemann-Pick Diseases,156,215,P10636-8
Q8VCR2_S33,Non-alcoholic Fatty Liver Disease,1891,206,Q8VCR2
P46527_S10,Non-alcoholic Fatty Liver Disease,403,206,P46527
P35222_S552,Pituitary Neoplasms,954,216,P35222
P02340_S18,"Lymphoma, Non-Hodgkin",1892,179,P02340
P40763_Y705,"Lymphoma, Non-Hodgkin",47,179,P40763
P05627_S63,Skin Neoplasms,1768,217,P05627
P05627_S73,Skin Neoplasms,1769,217,P05627
P00533_Y869,"Carcinoma, Non-Small-Cell Lung",800,218,P00533
O95819_T187,"Carcinoma, Non-Small-Cell Lung",1358,218,O95819
O15503_S207,"Carcinoma, Non-Small-Cell Lung",1527,218,O15503
P35558_S90,"Carcinoma, Non-Small-Cell Lung",1526,218,P35558
Q9Y5U4_S151,"Carcinoma, Non-Small-Cell Lung",1525,218,Q9Y5U4
Q02952_T1760,"Carcinoma, Non-Small-Cell Lung",592,218,Q02952
Q04726_S267,"Carcinoma, Non-Small-Cell Lung",1403,218,Q04726
Q04726_S217,"Carcinoma, Non-Small-Cell Lung",611,218,Q04726
P21796_S104,"Carcinoma, Non-Small-Cell Lung",621,218,P21796
P49757_S438,"Carcinoma, Non-Small-Cell Lung",993,218,P49757
P00533_Y1172,"Carcinoma, Non-Small-Cell Lung",1893,218,P00533
P00533_Y1092,"Carcinoma, Non-Small-Cell Lung",797,218,P00533
P04626_Y1248,"Carcinoma, Non-Small-Cell Lung",605,218,P04626
Q15797_S465,"Carcinoma, Non-Small-Cell Lung",833,218,Q15797
P35568_S616,"Carcinoma, Non-Small-Cell Lung",804,218,P35568
P00533_Y1069,"Carcinoma, Non-Small-Cell Lung",727,218,P00533
Q15797_S463,"Carcinoma, Non-Small-Cell Lung",869,218,Q15797
P30999_S288,"Carcinoma, Non-Small-Cell Lung",1894,218,P30999
P19338_T707,"Carcinoma, Non-Small-Cell Lung",1895,218,P19338
P19338_T641,"Carcinoma, Non-Small-Cell Lung",1709,218,P19338
P28290_S92,"Carcinoma, Non-Small-Cell Lung",873,218,P28290
P48972_T490,"Carcinoma, Non-Small-Cell Lung",829,218,P48972
P10244_T487,"Carcinoma, Non-Small-Cell Lung",820,218,P10244
P10451_S219,"Carcinoma, Non-Small-Cell Lung",607,218,P10451
P10451_S62,"Carcinoma, Non-Small-Cell Lung",1123,218,P10451
P10451_S63,"Carcinoma, Non-Small-Cell Lung",1121,218,P10451
P10451_S258,"Carcinoma, Non-Small-Cell Lung",609,218,P10451
P10451_T190,"Carcinoma, Non-Small-Cell Lung",1896,218,P10451
Q2KJY2_S1953,"Carcinoma, Non-Small-Cell Lung",1897,218,Q2KJY2
Q2KJY2_S977,"Carcinoma, Non-Small-Cell Lung",613,218,Q2KJY2
P51608-2_S435,"Carcinoma, Non-Small-Cell Lung",1274,218,P51608-2
P51608-2_S90,"Carcinoma, Non-Small-Cell Lung",1898,218,P51608-2
P51608-2_T491,"Carcinoma, Non-Small-Cell Lung",1124,218,P51608-2
P51608-2_S92,"Carcinoma, Non-Small-Cell Lung",1126,218,P51608-2
Q15750_S438,"Carcinoma, Non-Small-Cell Lung",1698,218,Q15750
P20615_T133,"Carcinoma, Non-Small-Cell Lung",1899,218,P20615
P09467_S170,"Carcinoma, Non-Small-Cell Lung",1531,218,P09467
Q96CX2_S200,"Carcinoma, Non-Small-Cell Lung",641,218,Q96CX2
Q96CX2_T196,"Carcinoma, Non-Small-Cell Lung",639,218,Q96CX2
Q96CX2_S187,"Carcinoma, Non-Small-Cell Lung",640,218,Q96CX2
Q96CX2_S176,"Carcinoma, Non-Small-Cell Lung",638,218,Q96CX2
P35869_S489,"Carcinoma, Non-Small-Cell Lung",1900,218,P35869
P11387_S506,"Carcinoma, Non-Small-Cell Lung",871,218,P11387
P35790_S279,"Carcinoma, Non-Small-Cell Lung",1901,218,P35790
Q13085_S80,"Carcinoma, Non-Small-Cell Lung",808,218,Q13085
Q92560_S292,"Carcinoma, Non-Small-Cell Lung",467,218,Q92560
O00767_Y55,"Carcinoma, Non-Small-Cell Lung",849,218,O00767
P00533_S768,"Carcinoma, Non-Small-Cell Lung",862,218,P00533
P00533_Y1016,"Carcinoma, Non-Small-Cell Lung",1404,218,P00533
P00533_Y1197,"Carcinoma, Non-Small-Cell Lung",799,218,P00533
Q9H8V3_T359,"Carcinoma, Non-Small-Cell Lung",826,218,Q9H8V3
Q12959_T657,"Carcinoma, Non-Small-Cell Lung",1902,218,Q12959
Q9NPB6_S345,"Carcinoma, Non-Small-Cell Lung",1903,218,Q9NPB6
P18848_S245,"Carcinoma, Non-Small-Cell Lung",513,218,P18848
Q14457_Y352,"Carcinoma, Non-Small-Cell Lung",988,218,Q14457
Q14457_Y233,"Carcinoma, Non-Small-Cell Lung",987,218,Q14457
Q14457_Y229,"Carcinoma, Non-Small-Cell Lung",1904,218,Q14457
Q13153_T423,"Carcinoma, Non-Small-Cell Lung",823,218,Q13153
P46108_S41,"Carcinoma, Non-Small-Cell Lung",872,218,P46108
O95140_S442,"Carcinoma, Non-Small-Cell Lung",1905,218,O95140
P19338_T76,"Carcinoma, Non-Small-Cell Lung",1906,218,P19338
O94925-3_S314,"Carcinoma, Non-Small-Cell Lung",1907,218,O94925-3
P07954_S46,"Carcinoma, Non-Small-Cell Lung",1745,218,P07954
P46527_T187,"Carcinoma, Non-Small-Cell Lung",83,218,P46527
Q13153_S204,"Carcinoma, Non-Small-Cell Lung",573,218,Q13153
Q13153_T212,"Carcinoma, Non-Small-Cell Lung",822,218,Q13153
Q13153_S144,"Carcinoma, Non-Small-Cell Lung",1908,218,Q13153
Q9NR19_S659,"Carcinoma, Non-Small-Cell Lung",120,218,Q9NR19
P62753_S236,"Carcinoma, Non-Small-Cell Lung",1659,218,P62753
P62753_S235,"Carcinoma, Non-Small-Cell Lung",1595,218,P62753
Q13177_S141,"Carcinoma, Non-Small-Cell Lung",1909,218,Q13177
P60174-3_S58,"Carcinoma, Non-Small-Cell Lung",468,218,P60174-3
P53350_T210,"Carcinoma, Non-Small-Cell Lung",1910,218,P53350
P49023_S126,"Carcinoma, Non-Small-Cell Lung",805,218,P49023
O94925_S314,"Carcinoma, Non-Small-Cell Lung",1911,218,O94925
P00533_T790,"Carcinoma, Non-Small-Cell Lung",821,218,P00533
P60484_T382,"Carcinoma, Non-Small-Cell Lung",1748,218,P60484
P60484_T383,"Carcinoma, Non-Small-Cell Lung",1912,218,P60484
O96017_T68,"Carcinoma, Non-Small-Cell Lung",437,218,O96017
Q13541_T37,"Carcinoma, Non-Small-Cell Lung",802,218,Q13541
Q16555_T514,"Carcinoma, Non-Small-Cell Lung",318,218,Q16555
Q13541_T46,"Carcinoma, Non-Small-Cell Lung",801,218,Q13541
Q12933_T117,"Carcinoma, Non-Small-Cell Lung",827,218,Q12933
P31749_T308,"Carcinoma, Non-Small-Cell Lung",50,218,P31749
P23396_T221,"Carcinoma, Non-Small-Cell Lung",828,218,P23396
Q16555_S522,"Carcinoma, Non-Small-Cell Lung",166,218,Q16555
Q96KB5_T9,"Carcinoma, Non-Small-Cell Lung",795,218,Q96KB5
Q9UD71_T34,"Carcinoma, Non-Small-Cell Lung",637,218,Q9UD71
P05412_T239,"Carcinoma, Non-Small-Cell Lung",579,218,P05412
O43524_T32,"Carcinoma, Non-Small-Cell Lung",625,218,O43524
P52735_Y172,"Carcinoma, Non-Small-Cell Lung",845,218,P52735
Q05397_Y397,"Carcinoma, Non-Small-Cell Lung",634,218,Q05397
P00338_Y10,"Carcinoma, Non-Small-Cell Lung",554,218,P00338
Q9UM73_Y1507,"Carcinoma, Non-Small-Cell Lung",859,218,Q9UM73
Q14289_Y881,"Carcinoma, Non-Small-Cell Lung",860,218,Q14289
Q92945_S395,"Carcinoma, Non-Small-Cell Lung",1913,218,Q92945
Q15116_S261,"Carcinoma, Non-Small-Cell Lung",1914,218,Q15116
Q9NZI5_S76,"Carcinoma, Non-Small-Cell Lung",1915,218,Q9NZI5
Q16659_S189,"Carcinoma, Non-Small-Cell Lung",1916,218,Q16659
P35222_S45,"Carcinoma, Non-Small-Cell Lung",1007,218,P35222
P42345_S2448,"Carcinoma, Non-Small-Cell Lung",59,218,P42345
P31749_S473,"Carcinoma, Non-Small-Cell Lung",32,218,P31749
P31750_S473,"Carcinoma, Non-Small-Cell Lung",325,218,P31750
Q8BFP9_Y136,"Carcinoma, Non-Small-Cell Lung",874,218,Q8BFP9
Q9Z1X1_Y993,"Carcinoma, Non-Small-Cell Lung",879,218,Q9Z1X1
P49841_S9,"Carcinoma, Non-Small-Cell Lung",103,218,P49841
P35222_S311,"Carcinoma, Non-Small-Cell Lung",1917,218,P35222
Q07820_S159,"Carcinoma, Non-Small-Cell Lung",1918,218,Q07820
Q13509_S172,"Carcinoma, Non-Small-Cell Lung",1919,218,Q13509
P17480_S412,"Carcinoma, Non-Small-Cell Lung",1920,218,P17480
P23921_S631,"Carcinoma, Non-Small-Cell Lung",1921,218,P23921
P14618_S37,"Carcinoma, Non-Small-Cell Lung",585,218,P14618
Q13131_T183,"Carcinoma, Non-Small-Cell Lung",556,218,Q13131
P06730_S209,"Carcinoma, Non-Small-Cell Lung",8,218,P06730
P46940_S480,"Carcinoma, Non-Small-Cell Lung",1741,218,P46940
Q8K1M6_S637,Osteoarthritis,327,219,Q8K1M6
Q9WUN2_S172,Osteoarthritis,1597,219,Q9WUN2
P46937_S127,Osteoarthritis,127,219,P46937
P47196_S473,Osteoarthritis,1759,219,P47196
P62755_S236,Osteoarthritis,1922,219,P62755
P62755_S235,Osteoarthritis,1923,219,P62755
P35570_S307,Obesity,1924,220,P35570
P37238_S112,Obesity,1925,220,P37238
P24529_S40,Obesity,1926,220,P24529
P33778_S36,Obesity,1927,220,P33778
P31749_S473,Obesity,32,220,P31749
Q05469_S853,Obesity,1928,220,Q05469
Q05469_S950,Obesity,1929,220,Q05469
P97471_S343,Obesity,1930,220,P97471
P55014_S126,Obesity,1931,220,P55014
Q13485_T277,Obesity,548,220,Q13485
P31749_T308,Obesity,50,220,P31749
P47196_T308,Obesity,1932,220,P47196
Q923E4_S46,Obesity,1933,220,Q923E4
Q8BUN5_S204,Obesity,1934,220,Q8BUN5
Q62432_S245,Obesity,1935,220,Q62432
Q8JZU2_T155,Obesity,1936,220,Q8JZU2
Q9Y4H2_S388,Obesity,1937,220,Q9Y4H2
P35569_S265,Obesity,1938,220,P35569
P35569_S302,Obesity,1213,220,P35569
P35569_S632,Obesity,1939,220,P35569
P35569_S1097,Obesity,1940,220,P35569
P48356_Y985,Obesity,1941,220,P48356
P70313_S1176,Obesity,1195,220,P70313
Q16620_Y706,Obesity,1942,220,Q16620
Q10728_T697,Obesity,1943,220,Q10728
Q05469_S855,Obesity,1944,220,Q05469
Q8BSK8_T412,Obesity,1945,220,Q8BSK8
Q62600_S1176,Obesity,1182,220,Q62600
Q6PHU5_S791,Obesity,1946,220,Q6PHU5
Q9Y4H2_S391,Obesity,1947,220,Q9Y4H2
P97471_S342,Obesity,1948,220,P97471
Q8K1M6_S637,Obesity,327,220,Q8K1M6
P48356_Y1138,Obesity,1949,220,P48356
P48356_Y1077,Obesity,1950,220,P48356
Q9NZC7_Y33,Pterygium,110,221,Q9NZC7
O15392_T34,Pterygium,431,221,O15392
P48431_Y277,Mouth Neoplasms,1951,222,P48431
O00429_S616,Mouth Neoplasms,320,222,O00429
P06748_S125,Squamous Cell Carcinoma of Head and Neck,1952,132,P06748
P46527_T157,Squamous Cell Carcinoma of Head and Neck,367,132,P46527
O15392_T34,Squamous Cell Carcinoma of Head and Neck,431,132,O15392
P12931_Y419,Squamous Cell Carcinoma of Head and Neck,30,132,P12931
P49023_Y118,Squamous Cell Carcinoma of Head and Neck,448,132,P49023
Q9Y4P1_S383,Squamous Cell Carcinoma of Head and Neck,1072,132,Q9Y4P1
Q9Y4P1_S392,Squamous Cell Carcinoma of Head and Neck,1073,132,Q9Y4P1
Q04206_S536,Squamous Cell Carcinoma of Head and Neck,1019,132,Q04206
Q60598_Y466,Squamous Cell Carcinoma of Head and Neck,1953,132,Q60598
Q05397_Y397,Squamous Cell Carcinoma of Head and Neck,634,132,Q05397
Q00612_Y437,Squamous Cell Carcinoma of Head and Neck,1954,132,Q00612
P15927_S4,Squamous Cell Carcinoma of Head and Neck,1955,132,P15927
P15927_S8,Squamous Cell Carcinoma of Head and Neck,1956,132,P15927
P05787_S74,Squamous Cell Carcinoma of Head and Neck,843,132,P05787
P05787_S432,Squamous Cell Carcinoma of Head and Neck,844,132,P05787
P35222_S552,Osteoarthritis,954,219,P35222
Q9NRM7_S835,Osteosarcoma,1957,223,Q9NRM7
P70670_S2015,"Bone Diseases, Metabolic",1958,224,P70670
P06748_S125,Osteosarcoma,1952,223,P06748
Q61937_S125,Osteosarcoma,1959,223,Q61937
Q8N6T7_S338,Osteosarcoma,535,223,Q8N6T7
Q12772_T610,Osteosarcoma,1960,223,Q12772
P11021_T69,Osteosarcoma,1961,223,P11021
P08047_T278,Osteosarcoma,1962,223,P08047
O00257_T437,Osteosarcoma,1963,223,O00257
Q05397_Y397,Osteosarcoma,634,223,Q05397
P31749_S473,Osteosarcoma,32,223,P31749
Q13153_S144,Osteosarcoma,1908,223,Q13153
P11387_S506,Ovarian Neoplasms,871,142,P11387
Q15910_T311,Ovarian Neoplasms,544,142,Q15910
Q00613_S307,Ovarian Neoplasms,560,142,Q00613
Q00613_S303,Ovarian Neoplasms,561,142,Q00613
Q7KZF4_S426,Ovarian Neoplasms,582,142,Q7KZF4
P51532_S699,Ovarian Neoplasms,597,142,P51532
P35606_T861,Ovarian Neoplasms,598,142,P35606
P35606_S859,Ovarian Neoplasms,599,142,P35606
Q04695_S13,Ovarian Neoplasms,1026,142,Q04695
Q04695_S39,Ovarian Neoplasms,1027,142,Q04695
Q04695_S24,Ovarian Neoplasms,1028,142,Q04695
Q04695_S32,Ovarian Neoplasms,1029,142,Q04695
P53985_S467,Ovarian Neoplasms,614,142,P53985
Q92560_S292,Ovarian Neoplasms,467,142,Q92560
O95758-2_S30,Ovarian Neoplasms,1077,142,O95758-2
P21796_S104,Ovarian Neoplasms,621,142,P21796
P31751_S474,Ovarian Neoplasms,472,142,P31751
P17535_S100,Ovarian Neoplasms,817,142,P17535
Q9Y2H5_S455,Ovarian Neoplasms,838,142,Q9Y2H5
P35222_S33,Ovarian Neoplasms,1033,142,P35222
O15061_S429,Ovarian Neoplasms,1790,142,O15061
Q68CZ2_S1441,Ovarian Neoplasms,1789,142,Q68CZ2
Q9Y4H2_S1100,Ovarian Neoplasms,839,142,Q9Y4H2
Q6ZS17_S453,Ovarian Neoplasms,1787,142,Q6ZS17
P05412_S73,Ovarian Neoplasms,809,142,P05412
Q13153_T212,Ovarian Neoplasms,822,142,Q13153
Q13177_S20,Ovarian Neoplasms,867,142,Q13177
Q13153_T423,Ovarian Neoplasms,823,142,Q13153
P42345_S2448,Ovarian Neoplasms,59,142,P42345
P31749_S473,Ovarian Neoplasms,32,142,P31749
P49841_S9,Ovarian Neoplasms,103,142,P49841
Q13043_T120,Ovarian Neoplasms,1964,142,Q13043
Q13043_T183,Ovarian Neoplasms,1965,142,Q13043
P04637_S20,Ovarian Neoplasms,707,142,P04637
P04637_S392,Ovarian Neoplasms,708,142,P04637
P21860_Y1289,Ovarian Neoplasms,1462,142,P21860
P31749_T308,Ovarian Neoplasms,50,142,P31749
Q92934_S75,Ovarian Neoplasms,459,142,Q92934
Q92934_S99,Ovarian Neoplasms,460,142,Q92934
Q92934_S118,Ovarian Neoplasms,831,142,Q92934
P01106_Y89,Ovarian Neoplasms,1966,142,P01106
P48025_Y520,Ovarian Neoplasms,1967,142,P48025
P48025_Y519,Ovarian Neoplasms,1968,142,P48025
Q9UQQ2_S150,Ovarian Neoplasms,1969,142,Q9UQQ2
Q00613_S326,Ovarian Neoplasms,45,142,Q00613
P06400_S807,Ovarian Neoplasms,105,142,P06400
P06400_T356,Ovarian Neoplasms,818,142,P06400
O95863_S107,Ovarian Neoplasms,1970,142,O95863
P35918_Y949,Ovarian Neoplasms,1971,142,P35918
P14921_T265,Ovarian Neoplasms,1972,142,P14921
P14921_S269,Ovarian Neoplasms,1973,142,P14921
P35232_Y259,Ovarian Neoplasms,944,142,P35232
P10809_S70,Ovarian Neoplasms,1974,142,P10809
P07947_Y426,Ovarian Neoplasms,1337,142,P07947
P06239_Y394,Ovarian Neoplasms,773,142,P06239
P12931_Y419,Ovarian Neoplasms,30,142,P12931
P07947_T427,Ovarian Neoplasms,1975,142,P07947
P06239_T395,Ovarian Neoplasms,1976,142,P06239
P06241_T421,Ovarian Neoplasms,1977,142,P06241
P12931_T420,Ovarian Neoplasms,1978,142,P12931
P06241_Y420,Ovarian Neoplasms,160,142,P06241
Q15121_S104,Ovarian Neoplasms,842,142,Q15121
Q15121_S116,Ovarian Neoplasms,840,142,Q15121
O14654_Y779,Ovarian Neoplasms,1979,142,O14654
O14654_Y921,Ovarian Neoplasms,1980,142,O14654
O14654_Y847,Ovarian Neoplasms,1981,142,O14654
O14654_Y828,Ovarian Neoplasms,1982,142,O14654
O14654_Y656,Ovarian Neoplasms,1983,142,O14654
Q96EA4_S555,Ovarian Neoplasms,1984,142,Q96EA4
Q15746_S343,Ovarian Neoplasms,1985,142,Q15746
Q96AE4_S630,Ovarian Neoplasms,1272,142,Q96AE4
Q96AE4_S99,Ovarian Neoplasms,1986,142,Q96AE4
Q05397_Y397,Ovarian Neoplasms,634,142,Q05397
P51608-2_T491,Ovarian Neoplasms,1124,142,P51608-2
P51608-2_S241,Ovarian Neoplasms,1987,142,P51608-2
P51608-2_S92,Ovarian Neoplasms,1126,142,P51608-2
P27987_S174,Ovarian Neoplasms,1988,142,P27987
P52701_S830,Ovarian Neoplasms,629,142,P52701
P60484_S179,Ovarian Neoplasms,1989,142,P60484
P46527_T157,Ovarian Neoplasms,367,142,P46527
Q13541_T37,Ovarian Neoplasms,802,142,Q13541
P23443_T412,Ovarian Neoplasms,33,142,P23443
Q61337_S155,Ovarian Neoplasms,834,142,Q61337
Q61337_S136,Ovarian Neoplasms,835,142,Q61337
Q61337_S112,Ovarian Neoplasms,121,142,Q61337
Q92995_T122,Ovarian Neoplasms,1990,142,Q92995
Q16584_T477,Ovarian Neoplasms,1991,142,Q16584
O15551_T192,Ovarian Neoplasms,841,142,O15551
P45985_Y269,Ovarian Neoplasms,1992,142,P45985
P45985_Y307,Ovarian Neoplasms,1993,142,P45985
P56945_Y410,Ovarian Neoplasms,847,142,P56945
Q9UM73_Y1507,Ovarian Neoplasms,859,142,Q9UM73
O60885_S492,Ovarian Neoplasms,1994,142,O60885
O60885_S494,Ovarian Neoplasms,1995,142,O60885
Q16584_S548,Ovarian Neoplasms,1996,142,Q16584
Q16584_S770,Ovarian Neoplasms,1997,142,Q16584
Q9Y490_S425,Ovarian Neoplasms,87,142,Q9Y490
O14672_S436,Ovarian Neoplasms,1998,142,O14672
P42345_S2448,"Carcinoma, Ovarian Epithelial",59,108,P42345
Q13541_T37,"Carcinoma, Ovarian Epithelial",802,108,Q13541
P23443_T412,"Carcinoma, Ovarian Epithelial",33,108,P23443
Q13541_T46,"Carcinoma, Ovarian Epithelial",801,108,Q13541
Q13131_T183,"Carcinoma, Ovarian Epithelial",556,108,Q13131
Q15831_S428,"Carcinoma, Ovarian Epithelial",1728,108,Q15831
Q05397_Y397,"Carcinoma, Ovarian Epithelial",634,108,Q05397
P31749_S473,"Carcinoma, Ovarian Epithelial",32,108,P31749
O15553_S242,Inflammation,1999,152,O15553
O95140_S442,Pulmonary Arterial Hypertension,1905,225,O95140
P17655_S50,Pulmonary Arterial Hypertension,2000,225,P17655
P17655_S369,Pulmonary Arterial Hypertension,2001,225,P17655
P08559_S293,Pulmonary Arterial Hypertension,1829,225,P08559
P0DMV8_S631,Pulmonary Arterial Hypertension,2002,225,P0DMV8
Q8R0I0_S680,Pulmonary Arterial Hypertension,2003,225,Q8R0I0
P15337-1_S133,Pulmonary Arterial Hypertension,1208,225,P15337-1
P35968_Y1175,Pulmonary Arterial Hypertension,2004,225,P35968
P46938_S112,Pulmonary Arterial Hypertension,885,225,P46938
Q9UKT9_S378,Pulmonary Arterial Hypertension,2005,225,Q9UKT9
Q9CZ30_T325,Pulmonary Arterial Hypertension,2006,225,Q9CZ30
O00429_S616,Pulmonary Arterial Hypertension,320,225,O00429
P05787_S432,Pancreatic Neoplasms,844,226,P05787
O14746_T249,Pancreatic Neoplasms,1523,226,O14746
P60174-3_S58,Pancreatic Neoplasms,468,226,P60174-3
P49841_S9,Pancreatic Neoplasms,103,226,P49841
P31749_S473,Pancreatic Neoplasms,32,226,P31749
P42345_S2448,Pancreatic Neoplasms,59,226,P42345
P11233_S194,Pancreatic Neoplasms,74,226,P11233
P31749_T308,Pancreatic Neoplasms,50,226,P31749
Q02078_Y105,Pancreatic Neoplasms,2007,226,Q02078
Q15691_T206,Pancreatic Neoplasms,2008,226,Q15691
P16144_Y1510,Pancreatic Neoplasms,2009,226,P16144
Q9NRM6_Y447,Pancreatic Neoplasms,1682,226,Q9NRM6
P40763_Y705,Pancreatic Neoplasms,47,226,P40763
Q13625_S556,Pancreatic Neoplasms,2010,226,Q13625
Q13625_S698,Pancreatic Neoplasms,2011,226,Q13625
P04792_S15,Pancreatic Neoplasms,67,226,P04792
P04792_S78,Pancreatic Neoplasms,68,226,P04792
P04792_S82,Pancreatic Neoplasms,69,226,P04792
O95863_S11,Pancreatic Neoplasms,71,226,O95863
Q13625_S827,Pancreatic Neoplasms,2012,226,Q13625
P45983_T183,Pancreatic Neoplasms,978,226,P45983
P46531_T2132,Pancreatic Neoplasms,2013,226,P46531
P53350_T210,Pancreatic Neoplasms,1910,226,P53350
Q05D32_T86,Pancreatic Neoplasms,2014,226,Q05D32
Q16584_T738,Pancreatic Neoplasms,2015,226,Q16584
Q14814_Y131,Pancreatic Neoplasms,2016,226,Q14814
Q14814_Y333,Pancreatic Neoplasms,2017,226,Q14814
Q14814_Y337,Pancreatic Neoplasms,2018,226,Q14814
Q63HR2_Y483,Pancreatic Neoplasms,1874,226,Q63HR2
Q7Z2W7_Y1022,Pancreatic Neoplasms,2019,226,Q7Z2W7
Q86UY5_Y138,Pancreatic Neoplasms,2020,226,Q86UY5
P45983_Y185,Pancreatic Neoplasms,2021,226,P45983
O60331_Y639,Pancreatic Neoplasms,88,226,O60331
P31749_Y176,Pancreatic Neoplasms,91,226,P31749
P14618_Y105,Pancreatic Neoplasms,676,226,P14618
P49841_Y216,Pancreatic Neoplasms,95,226,P49841
Q6ZN17_S243,Pancreatic Neoplasms,2022,226,Q6ZN17
O00429_S616,Pancreatic Neoplasms,320,226,O00429
Q13131_S486,Pancreatic Neoplasms,101,226,Q13131
Q86TI0_S660,Pancreatic Neoplasms,2023,226,Q86TI0
P06400_S780,Pancreatic Neoplasms,66,226,P06400
P06400_S807,Pancreatic Neoplasms,105,226,P06400
P06400_S811,Pancreatic Neoplasms,106,226,P06400
P06733_S419,Pancreatic Neoplasms,107,226,P06733
P40763_S727,Pancreatic Neoplasms,58,226,P40763
O14920_S177,Pancreatic Neoplasms,1018,226,O14920
O14920_S181,Pancreatic Neoplasms,1020,226,O14920
P00533_Y1172,Pancreatic Neoplasms,1893,226,P00533
P49023_S178,Pancreatic Neoplasms,111,226,P49023
P46531_S2136,Pancreatic Neoplasms,2024,226,P46531
P46531_S2141,Pancreatic Neoplasms,2025,226,P46531
Q9NPF5_Y246,Pancreatic Neoplasms,2026,226,Q9NPF5
Q01518_S308,Pancreatic Neoplasms,1740,226,Q01518
Q01518_S310,Pancreatic Neoplasms,1739,226,Q01518
O14746_T249,"Carcinoma, Pancreatic Ductal",1523,227,O14746
Q04726_S217,"Carcinoma, Pancreatic Ductal",611,227,Q04726
P17302_S368,"Carcinoma, Pancreatic Ductal",928,227,P17302
P17302_S282,"Carcinoma, Pancreatic Ductal",945,227,P17302
P17302_S279,"Carcinoma, Pancreatic Ductal",946,227,P17302
P06748_S48,"Carcinoma, Pancreatic Ductal",2027,227,P06748
P16144_Y1510,"Carcinoma, Pancreatic Ductal",2009,227,P16144
P17844_Y593,"Carcinoma, Pancreatic Ductal",2028,227,P17844
P02545_S392,"Carcinoma, Pancreatic Ductal",2029,227,P02545
P00519-2_Y204,"Carcinoma, Pancreatic Ductal",2030,227,P00519-2
Q15418_T573,"Carcinoma, Pancreatic Ductal",46,227,Q15418
Q14012_T177,"Carcinoma, Pancreatic Ductal",2031,227,Q14012
P16885_Y753,"Carcinoma, Pancreatic Ductal",967,227,P16885
P35568_S636,"Carcinoma, Pancreatic Ductal",1221,227,P35568
P04049_Y341,"Carcinoma, Pancreatic Ductal",189,227,P04049
O75582_S376,"Carcinoma, Pancreatic Ductal",2032,227,O75582
P01106_S77,"Carcinoma, Pancreatic Ductal",14,227,P01106
P01100_T232,"Carcinoma, Pancreatic Ductal",2033,227,P01100
P31749_S124,"Carcinoma, Pancreatic Ductal",2034,227,P31749
P04049_S296,"Carcinoma, Pancreatic Ductal",2035,227,P04049
P05787_S432,"Carcinoma, Pancreatic Ductal",844,227,P05787
Q15796_S250,"Carcinoma, Pancreatic Ductal",1506,227,Q15796
P16234_Y849,"Carcinoma, Pancreatic Ductal",1572,227,P16234
Q15835_S21,"Carcinoma, Pancreatic Ductal",2036,227,Q15835
P55957_S78,"Carcinoma, Pancreatic Ductal",2037,227,P55957
Q15796_T220,"Carcinoma, Pancreatic Ductal",658,227,Q15796
Q15797_S187,"Carcinoma, Pancreatic Ductal",2038,227,Q15797
P68032_Y55,"Carcinoma, Pancreatic Ductal",2039,227,P68032
P23443-2_T421,"Carcinoma, Pancreatic Ductal",2040,227,P23443-2
P23443-2_S371,"Carcinoma, Pancreatic Ductal",2041,227,P23443-2
P23443-2_S418,"Carcinoma, Pancreatic Ductal",2042,227,P23443-2
Q9NWZ3_T345,"Carcinoma, Pancreatic Ductal",2043,227,Q9NWZ3
Q04206_S536,"Carcinoma, Pancreatic Ductal",1019,227,Q04206
P70284_T239,"Carcinoma, Pancreatic Ductal",2044,227,P70284
P70284_T235,"Carcinoma, Pancreatic Ductal",2045,227,P70284
P37802_S145,"Carcinoma, Pancreatic Ductal",2046,227,P37802
O70405_S405,"Carcinoma, Pancreatic Ductal",2047,227,O70405
O70405_S415,"Carcinoma, Pancreatic Ductal",2048,227,O70405
Q5SWU9_S79,"Carcinoma, Pancreatic Ductal",926,227,Q5SWU9
Q13526_S138,"Carcinoma, Pancreatic Ductal",521,227,Q13526
P55072_S784,"Carcinoma, Pancreatic Ductal",601,227,P55072
Q8N9L9_S392,"Carcinoma, Pancreatic Ductal",2049,227,Q8N9L9
Q05397_Y397,"Carcinoma, Pancreatic Ductal",634,227,Q05397
Q16539_Y182,"Carcinoma, Pancreatic Ductal",449,227,Q16539
Q16539_T180,"Carcinoma, Pancreatic Ductal",446,227,Q16539
P54646_T172,"Carcinoma, Pancreatic Ductal",2050,227,P54646
Q13188_T180,"Carcinoma, Pancreatic Ductal",2051,227,Q13188
Q96CX2_S200,"Carcinoma, Pancreatic Ductal",641,227,Q96CX2
Q96CX2_T196,"Carcinoma, Pancreatic Ductal",639,227,Q96CX2
Q96CX2_S176,"Carcinoma, Pancreatic Ductal",638,227,Q96CX2
Q96CX2_S187,"Carcinoma, Pancreatic Ductal",640,227,Q96CX2
P02545_S22,"Carcinoma, Pancreatic Ductal",918,227,P02545
Q9NZQ7_T210,"Carcinoma, Pancreatic Ductal",2052,227,Q9NZQ7
P08151_T394,"Carcinoma, Pancreatic Ductal",2053,227,P08151
Q05397_Y925,"Carcinoma, Pancreatic Ductal",875,227,Q05397
Q16875_S467,"Carcinoma, Pancreatic Ductal",2054,227,Q16875
Q86W50_S419,"Carcinoma, Pancreatic Ductal",2055,227,Q86W50
O15379_S424,"Carcinoma, Pancreatic Ductal",2056,227,O15379
P46937_S227,"Carcinoma, Pancreatic Ductal",2057,227,P46937
Q13243_S250,"Carcinoma, Pancreatic Ductal",2058,227,Q13243
P08151_S1089,"Carcinoma, Pancreatic Ductal",2059,227,P08151
Q9BZS1_S418,"Carcinoma, Pancreatic Ductal",2060,227,Q9BZS1
Q9UHB7_S388,"Carcinoma, Pancreatic Ductal",2061,227,Q9UHB7
O70377_S95,Pancreatitis,2062,228,O70377
O70377_S120,Pancreatitis,2063,228,O70377
P31749_S473,"Thyroid Cancer, Papillary",32,185,P31749
P46527_T157,"Thyroid Cancer, Papillary",367,185,P46527
P46527_T198,"Thyroid Cancer, Papillary",368,185,P46527
Q05397_Y397,"Thyroid Cancer, Papillary",634,185,Q05397
P11802_T172,"Thyroid Cancer, Papillary",369,185,P11802
P49841_S9,Papilloma,103,229,P49841
O55042_S129,Paraplegia,1601,230,O55042
Q12756-3_S1758,Paraplegia,2064,230,Q12756-3
P37840_S129,Parkinson Disease,210,165,P37840
O43464_S142,Parkinson Disease,2065,165,O43464
P10636-8_S404,Parkinson Disease,135,165,P10636-8
P10636-8_T181,Parkinson Disease,136,165,P10636-8
P10636-8_S396,Parkinson Disease,128,165,P10636-8
P10636-8_S422,Parkinson Disease,137,165,P10636-8
P10636-8_S262,Parkinson Disease,138,165,P10636-8
P10636-8_T231,Parkinson Disease,139,165,P10636-8
O60260_S131,Parkinson Disease,2066,165,O60260
P43354_S125,Parkinson Disease,2067,165,P43354
P32119_T89,Parkinson Disease,2068,165,P32119
O55042_S129,Parkinson Disease,1601,165,O55042
Q9NZC7_Y33,Parkinson Disease,110,165,Q9NZC7
P35439_S890,Parkinson Disease,2069,165,P35439
P35439_S897,Parkinson Disease,2070,165,P35439
P35439_S896,Parkinson Disease,1245,165,P35439
P28352_T232,Parkinson Disease,155,165,P28352
P31749_S473,Parkinson Disease,32,165,P31749
Q5S006_S910,Parkinson Disease,2071,165,Q5S006
Q5S006_S935,Parkinson Disease,2072,165,Q5S006
O60260_Y143,Parkinson Disease,2073,165,O60260
Q9JIY5_S400,Parkinson Disease,2074,165,Q9JIY5
P10637_S494,Parkinson Disease,263,165,P10637
P10637_S696,Parkinson Disease,312,165,P10637
P10637_S688,Parkinson Disease,238,165,P10637
P10637_S554,Parkinson Disease,329,165,P10637
Q9WV60_Y216,Parkinson Disease,313,165,Q9WV60
Q9BXM7_T257,Parkinson Disease,2075,165,Q9BXM7
O60260_S65,Parkinson Disease,2076,165,O60260
Q9BXM7_T313,Parkinson Disease,2077,165,Q9BXM7
Q99LC3_S250,Parkinson Disease,2078,165,Q99LC3
P10637_S701,Parkinson Disease,162,165,P10637
P10637_T497,Parkinson Disease,239,165,P10637
P10637_T504,Parkinson Disease,307,165,P10637
P10637_S527,Parkinson Disease,2079,165,P10637
P10637_S648,Parkinson Disease,2080,165,P10637
P10637_S714,Parkinson Disease,1186,165,P10637
P67775_Y307,Parkinson Disease,181,165,P67775
P10636-8_S356,Parkinson Disease,201,165,P10636-8
P10636-8_S413,Parkinson Disease,161,165,P10636-8
P10636-8_S238,Parkinson Disease,198,165,P10636-8
P10636-8_S235,Parkinson Disease,179,165,P10636-8
P10636-8_T205,Parkinson Disease,134,165,P10636-8
P10636-8_S202,Parkinson Disease,156,165,P10636-8
P10636-8_S409,Parkinson Disease,205,165,P10636-8
P10636-8_T212,Parkinson Disease,178,165,P10636-8
O00429_T595,Parkinson Disease,2081,165,O00429
Q9JK48_T145,Parkinson Disease,2082,165,Q9JK48
Q5S007_S1292,Parkinson Disease,2083,165,Q5S007
P62988_S65,Parkinson Disease,2084,165,P62988
P27348_S232,Parkinson Disease,114,165,P27348
P63104_S58,Parkinson Disease,2085,165,P63104
P30086_T42,Parkinson Disease,2086,165,P30086
Q6UUV9_S215,Parkinson Disease,2087,165,Q6UUV9
P37840_Y39,Parkinson Disease,2088,165,P37840
O35426_S61,Parkinson Disease,2089,165,O35426
O35426_T48,Parkinson Disease,2090,165,O35426
P49841_S9,Parkinson Disease,103,165,P49841
P49841_Y216,Parkinson Disease,95,165,P49841
Q8IV63_S108,Parkinson Disease,159,165,Q8IV63
P15559_T128,Parkinson Disease,1168,165,P15559
P07101_S71,Parkinson Disease,2091,165,P07101
O96013_S474,Parkinson Disease,815,165,O96013
O00429_S616,Parkinson Disease,320,165,O00429
Q6SZW1_S548,Parkinson Disease,2092,165,Q6SZW1
Q5S007_S935,Parkinson Disease,2093,165,Q5S007
Q6NUN9_Y137,Parkinson Disease,2094,165,Q6NUN9
P06241_Y420,Parkinson Disease,160,165,P06241
P61026_T73,Parkinson Disease,357,165,P61026
P46937_S127,Parkinson Disease,127,165,P46937
Q8IZJ1_T428,Parkinson Disease,2095,165,Q8IZJ1
P47712_S505,Parkinson Disease,2096,165,P47712
P47712_T268,Parkinson Disease,2097,165,P47712
P42345_S1261,Parkinson Disease,2098,165,P42345
Q5S007_S910,Parkinson Disease,2099,165,Q5S007
P04626_Y1248,Parkinson Disease,605,165,P04626
P10636-8_S199,Parkinson Disease,158,165,P10636-8
P05067_T743,Parkinson Disease,1256,165,P05067
Q66HC3_S9,Parkinson Disease,2100,165,Q66HC3
P00520-4_Y245,Parkinson Disease,2101,165,P00520-4
Q99623_Y121,Parkinson Disease,2102,165,Q99623
P00519-2_Y245,Parkinson Disease,2103,165,P00519-2
Q13541_T46,Parkinson Disease,801,165,Q13541
Q13541_T37,Parkinson Disease,802,165,Q13541
P37840_T64,Parkinson Disease,2104,165,P37840
O55042_T64,Parkinson Disease,2105,165,O55042
P07101_S40,Parkinson Disease,2106,165,P07101
P10636_S396,Parkinson Disease,343,165,P10636
P10636_S235,Parkinson Disease,344,165,P10636
P09215_T505,Parkinson Disease,2107,165,P09215
P47713_T268,Parkinson Disease,2108,165,P47713
P47713_S505,Parkinson Disease,2109,165,P47713
Q5S007_S955,Parkinson Disease,2110,165,Q5S007
Q5S007_S973,Parkinson Disease,2111,165,Q5S007
P06730_S209,Keloid,8,231,P06730
P53350_T210,Precursor Cell Lymphoblastic Leukemia-Lymphoma,1910,232,P53350
P60484_S380,"Lymphoma, Primary Effusion",1345,233,P60484
Q15831_T336,Peutz-Jeghers Syndrome,2112,234,Q15831
Q15831_T363,Peutz-Jeghers Syndrome,2113,234,Q15831
Q9WTK7_S431,Peutz-Jeghers Syndrome,2114,234,Q9WTK7
P14753_Y455,"Polycythemia, primary familial and congenital",2115,235,P14753
P14753_Y453,"Polycythemia, primary familial and congenital",2116,235,P14753
P14753_Y503,"Polycythemia, primary familial and congenital",2117,235,P14753
P07949_Y791,Pheochromocytoma,851,236,P07949
Q96KB5_T9,Prolactinoma,795,237,Q96KB5
P19823_S60,Pituitary Neoplasms,2118,216,P19823
P02765_S138,Pituitary Neoplasms,2119,216,P02765
P13861_S78,Pituitary Neoplasms,2120,216,P13861
P10644_S83,Pituitary Neoplasms,921,216,P10644
P31749_S124,Pituitary Neoplasms,2034,216,P31749
Q3TBT3_S365,Arthritis,1599,238,Q3TBT3
Q01097_Y1472,"Neuralgia, Postherpetic",211,239,Q01097
Q13621_S130,Pre-Eclampsia,2121,240,Q13621
Q13621_T105,Pre-Eclampsia,2122,240,Q13621
P55017_T60,Pre-Eclampsia,2123,240,P55017
Q13621_T100,Pre-Eclampsia,2124,240,Q13621
Q96RI1_Y77,"Liver Cirrhosis, Biliary",2125,241,Q96RI1
P35222_S33,"Hyperparathyroidism, Primary",1033,242,P35222
P35222_S37,"Hyperparathyroidism, Primary",1032,242,P35222
P10636_S46,"Supranuclear Palsy, Progressive",339,243,P10636
P10636_S717,"Supranuclear Palsy, Progressive",2126,243,P10636
P10636_T548,"Supranuclear Palsy, Progressive",354,243,P10636
P12931_Y419,Prostatic Neoplasms,30,244,P12931
P10275_Y535,Prostatic Neoplasms,93,244,P10275
P10275_S16,Prostatic Neoplasms,75,244,P10275
P10275_S651,Prostatic Neoplasms,2127,244,P10275
P10275_S426,Prostatic Neoplasms,2128,244,P10275
P10275_S310,Prostatic Neoplasms,2129,244,P10275
P10275_S258,Prostatic Neoplasms,2130,244,P10275
P10275_S96,Prostatic Neoplasms,1521,244,P10275
P10275_S83,Prostatic Neoplasms,2131,244,P10275
P16220_S115,Prostatic Neoplasms,2132,244,P16220
P16220_S119,Prostatic Neoplasms,2133,244,P16220
Q99801_S48,Prostatic Neoplasms,84,244,Q99801
Q9NZC7_Y33,Prostatic Neoplasms,110,244,Q9NZC7
P68431_T11,Prostatic Neoplasms,1546,244,P68431
P40763_S727,Prostatic Neoplasms,58,244,P40763
P40763_Y705,Prostatic Neoplasms,47,244,P40763
P31750_Y176,Prostatic Neoplasms,92,244,P31750
Q92974-2_S885,Prostatic Neoplasms,2134,244,Q92974-2
P68431_T6,Prostatic Neoplasms,1406,244,P68431
Q07912_Y284,Prostatic Neoplasms,109,244,Q07912
Q05682_S789,Prostatic Neoplasms,62,244,Q05682
P35222_T120,Prostatic Neoplasms,80,244,P35222
Q9Y490_S425,Prostatic Neoplasms,87,244,Q9Y490
Q13043_T120,Prostatic Neoplasms,1964,244,Q13043
Q13043_T183,Prostatic Neoplasms,1965,244,Q13043
Q96IZ0_S231,Prostatic Neoplasms,2135,244,Q96IZ0
P10275_S516,Prostatic Neoplasms,722,244,P10275
P06730_S209,Prostatic Neoplasms,8,244,P06730
P63073_S209,Prostatic Neoplasms,65,244,P63073
P50549_S216,Prostatic Neoplasms,2136,244,P50549
P10275_S792,Prostatic Neoplasms,2137,244,P10275
P62993_Y160,Prostatic Neoplasms,463,244,P62993
Q13501_S272,Prostatic Neoplasms,63,244,Q13501
Q13501_T269,Prostatic Neoplasms,82,244,Q13501
Q13950_S312,Prostatic Neoplasms,2138,244,Q13950
Q9Y446_Y195,Prostatic Neoplasms,2139,244,Q9Y446
Q05397_Y861,Prostatic Neoplasms,96,244,Q05397
P10275_S579,Prostatic Neoplasms,2140,244,P10275
Q16643_S142,Prostatic Neoplasms,85,244,Q16643
P42702_S1044,Prostatic Neoplasms,1677,244,P42702
Q96PY6_T141,Prostatic Neoplasms,2141,244,Q96PY6
O96013_S474,Prostatic Neoplasms,815,244,O96013
O43623_S158,Prostatic Neoplasms,2142,244,O43623
P05023_Y260,Prostatic Neoplasms,464,244,P05023
Q9UKE5_S764,Prostatic Neoplasms,832,244,Q9UKE5
P10275_S215,Prostatic Neoplasms,2143,244,P10275
Q9HBH9_S74,Prostatic Neoplasms,2144,244,Q9HBH9
Q92597_S330,Prostatic Neoplasms,2145,244,Q92597
Q96G23_S248,Prostatic Neoplasms,2146,244,Q96G23
O95644_S151,Prostatic Neoplasms,2147,244,O95644
O95644_S278,Prostatic Neoplasms,1397,244,O95644
O95644_S153,Prostatic Neoplasms,2148,244,O95644
O95644_T338,Prostatic Neoplasms,2149,244,O95644
O95644_S257,Prostatic Neoplasms,2150,244,O95644
O95644_T339,Prostatic Neoplasms,2151,244,O95644
O95644_S245,Prostatic Neoplasms,2152,244,O95644
O95644_S269,Prostatic Neoplasms,2153,244,O95644
O95644_S335,Prostatic Neoplasms,2154,244,O95644
O95644_T154,Prostatic Neoplasms,2155,244,O95644
O95644_S256,Prostatic Neoplasms,2156,244,O95644
P97436_S186,Prostatic Neoplasms,2157,244,P97436
Q8IW41_S354,Prostatic Neoplasms,2158,244,Q8IW41
P31750_T308,Prostatic Neoplasms,1012,244,P31750
P10275_Y269,Prostatic Neoplasms,2159,244,P10275
P25705_Y243,Prostatic Neoplasms,2160,244,P25705
P25705_Y246,Prostatic Neoplasms,2161,244,P25705
P40763_T622,Prostatic Neoplasms,2162,244,P40763
Q96P11_S327,Prostatic Neoplasms,2163,244,Q96P11
P27986_S83,Prostatic Neoplasms,60,244,P27986
Q05397_S722,Prostatic Neoplasms,61,244,Q05397
Q12778_S249,Prostatic Neoplasms,64,244,Q12778
P06400_S780,Prostatic Neoplasms,66,244,P06400
O43524_S253,Prostatic Neoplasms,70,244,O43524
P12830_S853,Prostatic Neoplasms,72,244,P12830
P12830_S850,Prostatic Neoplasms,73,244,P12830
P10275_S424,Prostatic Neoplasms,76,244,P10275
P06748_T199,Prostatic Neoplasms,77,244,P06748
P06748_T234,Prostatic Neoplasms,78,244,P06748
P06748_T237,Prostatic Neoplasms,79,244,P06748
O15519_T166,Prostatic Neoplasms,81,244,O15519
P46527_T187,Prostatic Neoplasms,83,244,P46527
P38936_T145,Prostatic Neoplasms,2164,244,P38936
Q00987_T158,Prostatic Neoplasms,86,244,Q00987
Q12778_T24,Prostatic Neoplasms,624,244,Q12778
Q96T88_T210,Prostatic Neoplasms,2165,244,Q96T88
Q92826_T41,Prostatic Neoplasms,2166,244,Q92826
Q92826_T8,Prostatic Neoplasms,2167,244,Q92826
Q15648_T1457,Prostatic Neoplasms,932,244,Q15648
P18850_Y111,Prostatic Neoplasms,2168,244,P18850
P05141_T107,Prostatic Neoplasms,2169,244,P05141
Q61337_S112,Prostatic Neoplasms,121,244,Q61337
Q61337_S136,Prostatic Neoplasms,835,244,Q61337
Q13509_Y340,Prostatic Neoplasms,2170,244,Q13509
P46937_Y407,Prostatic Neoplasms,1378,244,P46937
O60674_Y1007,Prostatic Neoplasms,89,244,O60674
O60674_Y1008,Prostatic Neoplasms,90,244,O60674
P04626_Y877,Prostatic Neoplasms,2171,244,P04626
P14618_Y105,Prostatic Neoplasms,676,244,P14618
P08581_Y1235,Prostatic Neoplasms,436,244,P08581
P08581_Y1234,Prostatic Neoplasms,434,244,P08581
P12004_Y211,Prostatic Neoplasms,94,244,P12004
Q05397_Y925,Prostatic Neoplasms,875,244,Q05397
Q14289_Y402,Prostatic Neoplasms,97,244,Q14289
Q14289_Y579,Prostatic Neoplasms,98,244,Q14289
Q14289_Y849,Prostatic Neoplasms,99,244,Q14289
O75376_S2436,Prostatic Neoplasms,100,244,O75376
Q92826_S31,Prostatic Neoplasms,2172,244,Q92826
Q15910_S21,Prostatic Neoplasms,1566,244,Q15910
Q99801_S185,Prostatic Neoplasms,2173,244,Q99801
Q9Y6K1_S393,Prostatic Neoplasms,2174,244,Q9Y6K1
Q9NYB9_S183,Prostatic Neoplasms,2175,244,Q9NYB9
Q14203_S179,Prostatic Neoplasms,102,244,Q14203
P84022_S213,Prostatic Neoplasms,2176,244,P84022
P11308_S96,Prostatic Neoplasms,2177,244,P11308
P16220_S129,Prostatic Neoplasms,2178,244,P16220
P04637_S15,Prostatic Neoplasms,104,244,P04637
P42345_S2448,Prostatic Neoplasms,59,244,P42345
P46937_S127,Prostatic Neoplasms,127,244,P46937
P30622_S195,Prostatic Neoplasms,108,244,P30622
P31749_S473,Prostatic Neoplasms,32,244,P31749
Q12778_S319,Prostatic Neoplasms,1785,244,Q12778
P63104_S64,Prostatic Neoplasms,2179,244,P63104
Q00987_S186,Prostatic Neoplasms,112,244,Q00987
O43791_S59,Prostatic Neoplasms,2180,244,O43791
O43791_S171,Prostatic Neoplasms,2181,244,O43791
O43791_S226,Prostatic Neoplasms,2182,244,O43791
P15407_S265,Prostatic Neoplasms,438,244,P15407
P10415_S70,Prostatic Neoplasms,783,244,P10415
Q13541_T46,Psoriasis,801,245,Q13541
Q13541_T37,Psoriasis,802,245,Q13541
P06730_S209,Psoriasis,8,245,P06730
Q16539_Y323,Psoriasis,2183,245,Q16539
Q15418_T573,Psoriasis,46,245,Q15418
Q15418_S380,Psoriasis,1457,245,Q15418
P51812_T577,Psoriasis,2184,245,P51812
P51812_S386,Psoriasis,2185,245,P51812
O75385_S556,Psoriasis,1349,245,O75385
P04637_S46,Psoriasis,9,245,P04637
Q9NYK1_Y1024,Psoriasis,2186,245,Q9NYK1
Q15910_T345,Psoriasis,659,245,Q15910
Q04695_S44,Psoriasis,2187,245,Q04695
P10636-8_T153,"Supranuclear Palsy, Progressive",249,243,P10636-8
P10636-8_T149,"Supranuclear Palsy, Progressive",250,243,P10636-8
P10636-8_T231,"Supranuclear Palsy, Progressive",139,243,P10636-8
P10636-8_S235,"Supranuclear Palsy, Progressive",179,243,P10636-8
P10636-8_S400,"Supranuclear Palsy, Progressive",197,243,P10636-8
P10636-8_S202,"Supranuclear Palsy, Progressive",156,243,P10636-8
P10636-8_S404,"Supranuclear Palsy, Progressive",135,243,P10636-8
P10636-8_S396,"Supranuclear Palsy, Progressive",128,243,P10636-8
P10636-8_T403,"Supranuclear Palsy, Progressive",202,243,P10636-8
P10636-8_T217,"Supranuclear Palsy, Progressive",157,243,P10636-8
P10636-8_T181,"Supranuclear Palsy, Progressive",136,243,P10636-8
P10636-8_S46,"Supranuclear Palsy, Progressive",2188,243,P10636-8
P07101-3_S31,"Supranuclear Palsy, Progressive",2189,243,P07101-3
P07101-3_S40,"Supranuclear Palsy, Progressive",2190,243,P07101-3
P10636-8_T212,"Supranuclear Palsy, Progressive",178,243,P10636-8
P10636-8_T205,"Supranuclear Palsy, Progressive",134,243,P10636-8
P10636-8_S214,"Supranuclear Palsy, Progressive",180,243,P10636-8
P10636-8_S356,"Supranuclear Palsy, Progressive",201,243,P10636-8
P27361_T202,Pulmonary Emphysema,21,246,P27361
P27361_Y204,Pulmonary Emphysema,20,246,P27361
P28482_T185,Pulmonary Emphysema,733,246,P28482
P28482_Y187,Pulmonary Emphysema,732,246,P28482
Q6ZWX6_S52,Pulmonary Emphysema,2191,246,Q6ZWX6
P08559_S293,"Hypertension, Pulmonary",1829,247,P08559
P0DMV8_S631,"Hypertension, Pulmonary",2002,247,P0DMV8
O00429_S616,"Hypertension, Pulmonary",320,247,O00429
Q9CZ30_T325,"Hypertension, Pulmonary",2006,247,Q9CZ30
Q8R0I0_S680,"Hypertension, Pulmonary",2003,247,Q8R0I0
Q9UKT9_S378,"Hypertension, Pulmonary",2005,247,Q9UKT9
P35968_Y1175,"Hypertension, Pulmonary",2004,247,P35968
P40763_Y705,Kidney Neoplasms,47,159,P40763
P00338_Y10,"Carcinoma, Renal Cell",554,72,P00338
P40337_S72,"Carcinoma, Renal Cell",2192,72,P40337
Q96KB5_S32,"Carcinoma, Renal Cell",2193,72,Q96KB5
P46937_S127,"Carcinoma, Renal Cell",127,72,P46937
O43623_S87,"Carcinoma, Renal Cell",2194,72,O43623
P25205_S112,"Carcinoma, Renal Cell",2195,72,P25205
Q13158_S194,Nephrogenic Fibrosing Dermopathy,2196,248,Q13158
Q16236_T369,Reperfusion Injury,1693,249,Q16236
P35222_T41,Retinoblastoma,1031,250,P35222
P35222_S33,Retinoblastoma,1033,250,P35222
P35222_S37,Retinoblastoma,1032,250,P35222
P51608_T158,Rett Syndrome,2197,251,P51608
Q9Z2D6_T308,Rett Syndrome,2198,251,Q9Z2D6
P05787_S291,Rhabdomyosarcoma,2199,252,P05787
P31749_S473,Rhabdomyosarcoma,32,252,P31749
P31749_T308,Rhabdomyosarcoma,50,252,P31749
Q13541_T70,Rhabdomyosarcoma,31,252,Q13541
P14598_S345,"Arthritis, Rheumatoid",2200,253,P14598
Q9BZS1_S418,"Arthritis, Rheumatoid",2060,253,Q9BZS1
P28799_S81,"Arthritis, Rheumatoid",2201,253,P28799
P29351_S591,"Arthritis, Rheumatoid",2202,253,P29351
P07356_Y24,"Arthritis, Rheumatoid",2203,253,P07356
P23443_T412,"Arthritis, Rheumatoid",33,253,P23443
O60934_S343,Riddle Syndrome,973,254,O60934
Q14683_S966,Riddle Syndrome,392,254,Q14683
Q13315_S1981,Riddle Syndrome,321,254,Q13315
Q12888_S1778,Riddle Syndrome,2204,254,Q12888
O14757_S345,Riddle Syndrome,1057,254,O14757
O95863_S11,"Carcinoma, Adenoid Cystic",71,255,O95863
P53396_T447,"Bulbo-Spinal Atrophy, X-Linked",2205,256,P53396
P53396_S451,"Bulbo-Spinal Atrophy, X-Linked",2206,256,P53396
P10275_S96,"Bulbo-Spinal Atrophy, X-Linked",1521,256,P10275
P16949_S25,Schizophrenia,176,257,P16949
P16949_S38,Schizophrenia,177,257,P16949
O14994_S470,Schizophrenia,2207,257,O14994
P49841_S9,Schizophrenia,103,257,P49841
Q02446_S770,Schizophrenia,433,257,Q02446
P10636-8_T181,Schizophrenia,136,257,P10636-8
P11137_S1782,Schizophrenia,2208,257,P11137
Q16555_S522,Schizophrenia,166,257,Q16555
P23528_S3,Neurilemmoma,2209,258,P23528
P53667_T508,Neurilemmoma,2210,258,P53667
P53671_T505,Neurilemmoma,2211,258,P53671
P04156_S43,"Creutzfeldt-Jakob Disease, Sporadic",1135,259,P04156
Q8K1M6_S616,"Creutzfeldt-Jakob Disease, Sporadic",1136,259,Q8K1M6
Q01543_T312,"Scleroderma, Localized",2212,260,Q01543
P00519-2_Y245,"Scleroderma, Localized",2103,260,P00519-2
Q7Z2Z2_T1069,Shwachman-Diamond Syndrome,2213,261,Q7Z2Z2
P42224_Y701,"Lymphohistiocytosis, Hemophagocytic",709,262,P42224
Q13526_S71,"Hyperparathyroidism, Secondary",2214,263,Q13526
Q13526_S16,"Hyperparathyroidism, Secondary",252,263,Q13526
O15379_S374,Sepsis,1131,264,O15379
P32119_Y193,"Anemia, Sickle Cell",2215,265,P32119
P11171-4_Y13,"Anemia, Sickle Cell",2216,265,P11171-4
P02549_Y1499,"Anemia, Sickle Cell",2217,265,P02549
P02549_Y548,"Anemia, Sickle Cell",2218,265,P02549
P02549_Y422,"Anemia, Sickle Cell",2219,265,P02549
P42229_Y694,Sjogren's Syndrome,48,266,P42229
P31749_S473,Sjogren's Syndrome,32,266,P31749
Q12778_S319,Sjogren's Syndrome,1785,266,Q12778
P31749_T308,Sjogren's Syndrome,50,266,P31749
Q96B36_T246,Sjogren's Syndrome,627,266,Q96B36
Q06830_S32,Skin Neoplasms,2220,217,Q06830
P49841_S9,Skin Neoplasms,103,217,P49841
P06400_S795,Skin Neoplasms,1778,217,P06400
P06400_S807,Skin Neoplasms,105,217,P06400
P06400_S811,Skin Neoplasms,106,217,P06400
Q05397_Y397,Skin Neoplasms,634,217,Q05397
P28799_S81,"Lupus Erythematosus, Systemic",2201,267,P28799
P29351_S591,"Lupus Erythematosus, Systemic",2202,267,P29351
P08621_S140,"Lupus Erythematosus, Systemic",2221,267,P08621
P32519_T231,"Lupus Erythematosus, Systemic",2222,267,P32519
P08047_S59,"Lupus Erythematosus, Systemic",936,267,P08047
Q04759_T538,"Lupus Erythematosus, Systemic",2223,267,Q04759
P06702_T113,"Lupus Erythematosus, Systemic",2224,267,P06702
P29350_S591,"Lupus Erythematosus, Systemic",2225,267,P29350
O14974_T696,"Lupus Erythematosus, Systemic",2226,267,O14974
P42225_S727,"Lupus Erythematosus, Systemic",1632,267,P42225
P31749_S473,"Lupus Erythematosus, Systemic",32,267,P31749
P62753_S236,"Lupus Erythematosus, Systemic",1659,267,P62753
P62753_S235,"Lupus Erythematosus, Systemic",1595,267,P62753
Q02556_S151,"Lupus Erythematosus, Systemic",2227,267,Q02556
Q86WV6_S366,"Lupus Erythematosus, Systemic",1598,267,Q86WV6
P28028_S431,"Muscular Atrophy, Spinal",2228,268,P28028
P15056_S446,"Muscular Atrophy, Spinal",1576,268,P15056
P0DP23_Y100,Small Cell Lung Carcinoma,848,175,P0DP23
P46527_T187,Small Cell Lung Carcinoma,83,175,P46527
O96017_T68,Small Cell Lung Carcinoma,437,175,O96017
P02730_Y359,"Elliptocytosis, Hereditary",2229,269,P02730
P05129_T514,Spinocerebellar Ataxias,2230,270,P05129
P05129_T655,Spinocerebellar Ataxias,2231,270,P05129
P05129_T674,Spinocerebellar Ataxias,2232,270,P05129
P54253_S775,Spinocerebellar Ataxias,2233,270,P54253
Q587J8_T156,"Abortion, Spontaneous",2234,271,Q587J8
Q14596_T586,"Myositis, Inclusion Body",2235,272,Q14596
P49841_Y216,"Myositis, Inclusion Body",95,272,P49841
P49841_S9,"Carcinoma, Squamous Cell",103,49,P49841
P05412_S63,"Carcinoma, Squamous Cell",280,49,P05412
P08559_S232,"Carcinoma, Squamous Cell",571,49,P08559
P16144_S1356,"Carcinoma, Squamous Cell",2236,49,P16144
P06400_T356,"Carcinoma, Squamous Cell",818,49,P06400
P15311_T567,"Carcinoma, Squamous Cell",1083,49,P15311
P49841_Y216,"Carcinoma, Squamous Cell",95,49,P49841
Q14247_Y421,"Carcinoma, Renal Cell",876,72,Q14247
P16220-1_S133,Status Epilepticus,1818,273,P16220-1
P63080_S433,Status Epilepticus,2237,273,P63080
P63080_S432,Status Epilepticus,2238,273,P63080
Q91V14_Y1109,Status Epilepticus,2239,273,Q91V14
Q91V14_Y926,Status Epilepticus,2240,273,Q91V14
P63101_S58,Status Epilepticus,2241,273,P63101
Q12879_Y1387,Status Epilepticus,1142,273,Q12879
Q91V14-2_S940,Status Epilepticus,2242,273,Q91V14-2
P31324_S112,Status Epilepticus,2243,273,P31324
Q5RKG9_S504,Status Epilepticus,2244,273,Q5RKG9
Q12879_S1459,Status Epilepticus,2245,273,Q12879
Q9Z351-12_S559,Status Epilepticus,2246,273,Q9Z351-12
P15105_T301,Status Epilepticus,2247,273,P15105
P62753_S236,Status Epilepticus,1659,273,P62753
P62753_S235,Status Epilepticus,1595,273,P62753
Q06787-3_S499,Status Epilepticus,2248,273,Q06787-3
Q9JKB0_S783,Status Epilepticus,2249,273,Q9JKB0
P35436_S1459,Status Epilepticus,2250,273,P35436
P10637_T497,Status Epilepticus,239,273,P10637
P19332_T516,Status Epilepticus,183,273,P19332
P19332_S513,Status Epilepticus,170,273,P19332
P47196_S473,Status Epilepticus,1759,273,P47196
O35303_S656,Status Epilepticus,1817,273,O35303
O35303_S635,Status Epilepticus,383,273,O35303
P19139_Y255,Status Epilepticus,2251,273,P19139
Q91V14_S963,Status Epilepticus,2252,273,Q91V14
O54915_S347,Fatty Liver,1616,114,O54915
Q9R1A7_S347,Fatty Liver,1617,114,Q9R1A7
P55012_T205,Stroke,1652,274,P55012
P55012_T196,Stroke,1653,274,P55012
Q6P9R2_T185,Stroke,1654,274,Q6P9R2
P55012_T200,Stroke,1655,274,P55012
Q9Z1W9_T236,Stroke,1656,274,Q9Z1W9
P10636-8_T217,Stroke,157,274,P10636-8
P10636-8_T181,Stroke,136,274,P10636-8
Q7YSG7_S1179,Stroke,2253,274,Q7YSG7
NP_037320_S15,Stroke,2254,274,NP_037320
Q91V14-2_S940,Stroke,2242,274,Q91V14-2
Q9JI11_Y433,Stroke,2255,274,Q9JI11
P97431_S90,Mouth Abnormalities,2256,275,P97431
P49841_Y216,"Sarcoma, Synovial",95,276,P49841
P31749_S473,"Sarcoma, Synovial",32,276,P31749
P37840_S129,Synucleinopathies,210,277,P37840
P49841_S9,"Lupus Erythematosus, Systemic",103,267,P49841
P49841_S9,"Scleroderma, Systemic",103,278,P49841
P04637_S37,"Leukemia, T-Cell",2257,279,P04637
Q9BXL7_S615,"Lymphoma, T-Cell",2258,112,Q9BXL7
O43318_T344,"Lymphoma, T-Cell",2259,112,O43318
O43318_T444,"Lymphoma, T-Cell",2260,112,O43318
P01108_S77,"Lymphoma, T-Cell",418,112,P01108
P01108_T73,"Lymphoma, T-Cell",2261,112,P01108
P40763_Y705,"Lymphoma, T-Cell",47,112,P40763
Q60876_S82,"Lymphoma, T-Cell",2262,112,Q60876
P51617_T209,"Leukemia, T-Cell",2263,279,P51617
P18266_Y216,"Brain Injuries, Traumatic",991,280,P18266
P10637_S494,"Brain Injuries, Traumatic",263,280,P10637
P10637_T497,"Brain Injuries, Traumatic",239,280,P10637
P46527_T187,"Leukemia, T-Cell",83,279,P46527
P52566_Y153,"Leukemia, T-Cell",2264,279,P52566
P04637_S37,"Lymphoma, T-Cell",2257,112,P04637
P51617_T209,"Lymphoma, T-Cell",2263,112,P51617
P16104_S139,Testicular Neoplasms,41,281,P16104
Q13315_S1981,Testicular Neoplasms,321,281,Q13315
P27546_S737,Tetralogy of Fallot,1216,282,P27546
P27546_S760,Tetralogy of Fallot,1215,282,P27546
P43405_Y525,Thrombosis,2265,283,P43405
P43405_Y526,Thrombosis,2266,283,P43405
P31749_S473,Thymoma,32,284,P31749
P11802_T172,Thyroid Neoplasms,369,285,P11802
P23443_T412,Thyroid Neoplasms,33,285,P23443
P07949_S891,Thyroid Neoplasms,810,285,P07949
O95817_S187,Thyroid Neoplasms,814,285,O95817
P46527_T157,Thyroid Neoplasms,367,285,P46527
P46527_T198,Thyroid Neoplasms,368,285,P46527
P07949_Y791,Thyroid Neoplasms,851,285,P07949
P28482_Y187,Thyroid Neoplasms,732,285,P28482
P40763_S727,Thyroid Neoplasms,58,285,P40763
Q00987_S166,Thyroid Neoplasms,428,285,Q00987
P29317_S897,Thyroid Neoplasms,643,285,P29317
P10637_S202,"Brain Injuries, Traumatic",1133,280,P10637
P21453_T236,Triple Negative Breast Neoplasms,2267,44,P21453
Q96MT3_T370,Triple Negative Breast Neoplasms,2268,44,Q96MT3
Q8TAE6_T73,Triple Negative Breast Neoplasms,2269,44,Q8TAE6
Q15910_T367,Triple Negative Breast Neoplasms,628,44,Q15910
Q92597_T346,Triple Negative Breast Neoplasms,358,44,Q92597
P31749_S473,Triple Negative Breast Neoplasms,32,44,P31749
O15392_T117,Triple Negative Breast Neoplasms,2270,44,O15392
O43663_T481,Triple Negative Breast Neoplasms,2271,44,O43663
Q13451_Y54,Triple Negative Breast Neoplasms,2272,44,Q13451
P84550_Y234,Triple Negative Breast Neoplasms,2273,44,P84550
P12004_Y211,Triple Negative Breast Neoplasms,94,44,P12004
P27361_Y204,Triple Negative Breast Neoplasms,20,44,P27361
P28482_Y187,Triple Negative Breast Neoplasms,732,44,P28482
Q92905_S177,Triple Negative Breast Neoplasms,2274,44,Q92905
Q99717_S463,Triple Negative Breast Neoplasms,2275,44,Q99717
Q99717_S465,Triple Negative Breast Neoplasms,2276,44,Q99717
O15392_S20,Triple Negative Breast Neoplasms,2277,44,O15392
P49841_S9,Triple Negative Breast Neoplasms,103,44,P49841
P37231_S273,Triple Negative Breast Neoplasms,2278,44,P37231
Q13049_S328,Triple Negative Breast Neoplasms,2279,44,Q13049
Q13049_S339,Triple Negative Breast Neoplasms,2280,44,Q13049
P19075_S129,Triple Negative Breast Neoplasms,2281,44,P19075
P14618_S37,Triple Negative Breast Neoplasms,585,44,P14618
P14618_S100,Triple Negative Breast Neoplasms,2282,44,P14618
P49815_T1462,Tuberous Sclerosis,1004,286,P49815
P49815_S939,Tuberous Sclerosis,2283,286,P49815
P49815_S664,Tuberous Sclerosis,2284,286,P49815
P62753_S244,Tuberous Sclerosis,115,286,P62753
P28482_T185,Tuberous Sclerosis,733,286,P28482
P27361_Y204,Tuberous Sclerosis,20,286,P27361
P28482_Y187,Tuberous Sclerosis,732,286,P28482
P62753_S240,Tuberous Sclerosis,116,286,P62753
P27361_T202,Tuberous Sclerosis,21,286,P27361
O60716_S268,Tuberous Sclerosis,2285,286,O60716
P10636-8_S202,Tuberous Sclerosis,156,286,P10636-8
P49023_S178,Neoplasms,111,48,P49023
P42345_S2481,Neoplasms,497,48,P42345
P23804_S163,Neoplasms,501,48,P23804
Q13526_S138,Neoplasms,521,48,Q13526
P49841_S9,Neoplasms,103,48,P49841
P50552_S322,Neoplasms,545,48,P50552
P68104_S300,Neoplasms,645,48,P68104
P05412_S243,Neoplasms,580,48,P05412
P06400_S249,Neoplasms,479,48,P06400
P04792_S78,Neoplasms,68,48,P04792
P06401_S294,Neoplasms,547,48,P06401
P03372_S305,Neoplasms,470,48,P03372
P03372_S167,Neoplasms,476,48,P03372
O43463_S391,Neoplasms,646,48,O43463
P18848_S245,Neoplasms,513,48,P18848
P06400_T252,Neoplasms,480,48,P06400
P46527_T187,Neoplasms,83,48,P46527
O70201_T34,Neoplasms,456,48,O70201
Q13188_T117,Neoplasms,495,48,Q13188
Q9UQM7_T286,Neoplasms,546,48,Q9UQM7
P11802_T172,Neoplasms,369,48,P11802
Q13480_T387,Neoplasms,526,48,Q13480
Q13485_T277,Neoplasms,548,48,Q13485
Q15910_T416,Neoplasms,647,48,Q15910
P15407_T217,Neoplasms,550,48,P15407
P46527_T157,Neoplasms,367,48,P46527
Q8N6T7_S338,Neoplasms,535,48,Q8N6T7
Q4VCS5_S175,Neoplasms,648,48,Q4VCS5
P06400_T821,Neoplasms,664,48,P06400
P07355_Y24,Neoplasms,575,48,P07355
P08069_Y1165,Neoplasms,671,48,P08069
P08069_Y1166,Neoplasms,672,48,P08069
O00401_Y256,Neoplasms,673,48,O00401
P03372_Y52,Neoplasms,493,48,P03372
P31749_Y176,Neoplasms,91,48,P31749
P02786_Y20,Neoplasms,510,48,P02786
P03372_Y219,Neoplasms,494,48,P03372
P03372_Y537,Neoplasms,549,48,P03372
P19174_Y783,Neoplasms,516,48,P19174
P19174_Y1253,Neoplasms,517,48,P19174
P12004_Y211,Neoplasms,94,48,P12004
P12931_Y419,Neoplasms,30,48,P12931
P49841_Y216,Neoplasms,95,48,P49841
P56945_Y12,Neoplasms,678,48,P56945
P15311_Y478,Neoplasms,679,48,P15311
P00338_Y10,Neoplasms,554,48,P00338
Q9BXH1_Y172,Neoplasms,680,48,Q9BXH1
Q9BXH1_Y152,Neoplasms,681,48,Q9BXH1
Q00495_Y721,Neoplasms,682,48,Q00495
Q9BXH1_Y58,Neoplasms,683,48,Q9BXH1
P31947_S69,Neoplasms,684,48,P31947
P31947_S74,Neoplasms,685,48,P31947
Q05397_S732,Neoplasms,686,48,Q05397
O14757_S280,Neoplasms,51,48,O14757
O15530_S241,Neoplasms,626,48,O15530
O95863_S100,Neoplasms,688,48,O95863
Q14790_S387,Neoplasms,689,48,Q14790
Q13835_S118,Neoplasms,700,48,Q13835
Q15276_S407,Neoplasms,701,48,Q15276
Q15672_S68,Neoplasms,504,48,Q15672
P63279_S71,Neoplasms,515,48,P63279
Q8TCU6_S1169,Neoplasms,702,48,Q8TCU6
Q8WYL5_S978,Neoplasms,703,48,Q8WYL5
Q92731_S105,Neoplasms,498,48,Q92731
Q92934_S75,Neoplasms,459,48,Q92934
Q92934_S99,Neoplasms,460,48,Q92934
Q9UIK4_S299,Neoplasms,704,48,Q9UIK4
Q9UJU6_S269,Neoplasms,705,48,Q9UJU6
P16949_S16,Neoplasms,511,48,P16949
P04637_S15,Neoplasms,104,48,P04637
P04637_S20,Neoplasms,707,48,P04637
P04637_S46,Neoplasms,9,48,P04637
P46527_S10,Neoplasms,403,48,P46527
Q92731_Y36,Neoplasms,529,48,Q92731
Q07912_Y284,Neoplasms,109,48,Q07912
Q16539_Y182,Neoplasms,449,48,Q16539
P42224_Y701,Neoplasms,709,48,P42224
P46527_Y74,Neoplasms,475,48,P46527
Q03135_Y14,Neoplasms,483,48,Q03135
P49789_Y114,Neoplasms,710,48,P49789
P56945_Y249,Neoplasms,542,48,P56945
P56945_Y267,Neoplasms,539,48,P56945
P56945_Y287,Neoplasms,541,48,P56945
P56945_Y306,Neoplasms,540,48,P56945
P67809_S102,Neoplasms,423,48,P67809
P35569_S612,Noonan Syndrome,2286,287,P35569
P31750_S473,Noonan Syndrome,325,287,P31750
P04049_S259,Noonan Syndrome,185,287,P04049
B5DEX4_T274,"Diabetes Mellitus, Type 2",1235,288,B5DEX4
B5DEX4_S236,"Diabetes Mellitus, Type 2",1204,288,B5DEX4
P54645_T183,"Diabetes Mellitus, Type 2",1620,288,P54645
Q9WV60_S9,"Diabetes Mellitus, Type 2",314,288,Q9WV60
Q2NL51_S21,"Diabetes Mellitus, Type 2",193,288,Q2NL51
P31750_S473,"Diabetes Mellitus, Type 2",325,288,P31750
Q8BYJ6_T649,"Diabetes Mellitus, Type 2",2287,288,Q8BYJ6
Q9D1F4_T247,"Diabetes Mellitus, Type 2",2288,288,Q9D1F4
Q8BSK8_T412,"Diabetes Mellitus, Type 2",1945,288,Q8BSK8
P67999_T412,"Diabetes Mellitus, Type 2",1185,288,P67999
P35568_S1101,"Diabetes Mellitus, Type 2",1242,288,P35568
P35569_S1097,"Diabetes Mellitus, Type 2",1940,288,P35569
P35570_S1100,"Diabetes Mellitus, Type 2",1240,288,P35570
P23443_T412,"Diabetes Mellitus, Type 2",33,288,P23443
Q9R1E0_T24,"Diabetes Mellitus, Type 2",2289,288,Q9R1E0
P35569_S307,"Diabetes Mellitus, Type 2",1210,288,P35569
P13807_S8,"Diabetes Mellitus, Type 2",2290,288,P13807
P13807_S641,"Diabetes Mellitus, Type 2",1230,288,P13807
P13807_S645,"Diabetes Mellitus, Type 2",2291,288,P13807
P13807_S11,"Diabetes Mellitus, Type 2",2292,288,P13807
P49841_S9,"Diabetes Mellitus, Type 2",103,288,P49841
P15208_Y1180,"Diabetes Mellitus, Type 2",2293,288,P15208
P15208_Y1179,"Diabetes Mellitus, Type 2",2294,288,P15208
Q8CHW4_S540,"Diabetes Mellitus, Type 2",1238,288,Q8CHW4
P27361_T202,"Diabetes Mellitus, Type 2",21,288,P27361
P35568_S636,"Diabetes Mellitus, Type 2",1221,288,P35568
P27361_Y204,"Diabetes Mellitus, Type 2",20,288,P27361
P28482_T185,"Diabetes Mellitus, Type 2",733,288,P28482
P28482_Y187,"Diabetes Mellitus, Type 2",732,288,P28482
P31749_T308,"Diabetes Mellitus, Type 2",50,288,P31749
P10636-8_S422,"Diabetes Mellitus, Type 2",137,288,P10636-8
P10636-8_S202,"Diabetes Mellitus, Type 2",156,288,P10636-8
P10636-8_S404,"Diabetes Mellitus, Type 2",135,288,P10636-8
P10636-8_S262,"Diabetes Mellitus, Type 2",138,288,P10636-8
P10636-8_T217,"Diabetes Mellitus, Type 2",157,288,P10636-8
P10636-8_S199,"Diabetes Mellitus, Type 2",158,288,P10636-8
P10636-8_S396,"Diabetes Mellitus, Type 2",128,288,P10636-8
P10636-8_T181,"Diabetes Mellitus, Type 2",136,288,P10636-8
P06576_T213,"Diabetes Mellitus, Type 2",1232,288,P06576
P06576_Y361,"Diabetes Mellitus, Type 2",1239,288,P06576
P19332_S513,"Diabetes Mellitus, Type 2",170,288,P19332
P18266_S9,"Diabetes Mellitus, Type 2",337,288,P18266
O60343_S588,"Diabetes Mellitus, Type 2",1228,288,O60343
O60343_S318,"Diabetes Mellitus, Type 2",1227,288,O60343
O60343_S751,"Diabetes Mellitus, Type 2",1229,288,O60343
Q13131_T183,"Diabetes Mellitus, Type 2",556,288,Q13131
P45983_Y185,"Diabetes Mellitus, Type 2",2021,288,P45983
P45983_T183,"Diabetes Mellitus, Type 2",978,288,P45983
E9Q401_S2813,"Diabetes Mellitus, Type 2",407,288,E9Q401
P19490_S849,"Diabetes Mellitus, Type 2",1231,288,P19490
P09951_S603,"Diabetes Mellitus, Type 2",1223,288,P09951
P11275_T286,"Diabetes Mellitus, Type 2",1649,288,P11275
P08413_T287,"Diabetes Mellitus, Type 2",1234,288,P08413
Q92830_T272,"Diabetes Mellitus, Type 2",2295,288,Q92830
Q92830_S372,"Diabetes Mellitus, Type 2",2296,288,Q92830
E0CZ16_S433,"Diabetes Mellitus, Type 2",2297,288,E0CZ16
Q0PCR6_S1927,"Diabetes Mellitus, Type 2",2298,288,Q0PCR6
Q09137_T172,"Diabetes Mellitus, Type 2",2299,288,Q09137
P35398_S100,"Diabetes Mellitus, Type 2",2300,288,P35398
P03372_S212,"Diabetes Mellitus, Type 2",2301,288,P03372
P10636-8_S214,"Diabetes Mellitus, Type 2",180,288,P10636-8
P37198_T269,"Diabetes Mellitus, Type 2",2302,288,P37198
P37198_S272,"Diabetes Mellitus, Type 2",2303,288,P37198
Q01147_S119,"Diabetes Mellitus, Type 2",889,288,Q01147
P10636-8_T212,"Diabetes Mellitus, Type 2",178,288,P10636-8
Q8CF90_S65,"Diabetes Mellitus, Type 2",2304,288,Q8CF90
P24062_Y1166,"Diabetes Mellitus, Type 2",2305,288,P24062
P47196_S473,"Diabetes Mellitus, Type 2",1759,288,P47196
P24062_Y1167,"Diabetes Mellitus, Type 2",2306,288,P24062
G3V7R4_S250,"Diabetes Mellitus, Type 2",2307,288,G3V7R4
P70313_S1176,"Diabetes Mellitus, Type 2",1195,288,P70313
Q96RS0_S656,"Diabetes Mellitus, Type 2",2308,288,Q96RS0
P61016_S16,"Diabetes Mellitus, Type 2",1219,288,P61016
P23693_S23,"Diabetes Mellitus, Type 2",2309,288,P23693
P23693_S24,"Diabetes Mellitus, Type 2",2310,288,P23693
Q8K1M6_S616,"Diabetes Mellitus, Type 2",1136,288,Q8K1M6
O70405_S555,"Diabetes Mellitus, Type 2",332,288,O70405
Q8BRK8_T172,"Diabetes Mellitus, Type 2",308,288,Q8BRK8
Q62600_S1176,"Diabetes Mellitus, Type 2",1182,288,Q62600
Q8CF90_S64,"Diabetes Mellitus, Type 2",2311,288,Q8CF90
P31749_S473,Urethral Neoplasms,32,289,P31749
Q9BVI0_S291,Urethral Neoplasms,453,289,Q9BVI0
P06536_S232,Placental Insufficiency,2312,290,P06536
P21708_T203,Placental Insufficiency,1760,290,P21708
P35570_S612,Placental Insufficiency,2313,290,P35570
P63086_Y185,Placental Insufficiency,1756,290,P63086
P63086_T183,Placental Insufficiency,1757,290,P63086
P21708_Y205,Placental Insufficiency,1758,290,P21708
P31749_S473,Uveal Melanoma,32,155,P31749
P28482_T190,"Tachycardia, Ventricular",1618,291,P28482
P63085_T188,"Tachycardia, Ventricular",1478,291,P63085
E9Q401_S2813,"Tachycardia, Ventricular",407,291,E9Q401
P61014_T17,"Tachycardia, Ventricular",2314,291,P61014
Q12809_S890,"Tachycardia, Ventricular",1475,291,Q12809
P08050_S368,"Tachycardia, Ventricular",1220,291,P08050
P08050_S365,"Tachycardia, Ventricular",2315,291,P08050
P08050_S364,"Tachycardia, Ventricular",2316,291,P08050
P07949-2_G691,Vesico-Ureteral Reflux,2317,292,P07949-2
P07949_G691,Vesico-Ureteral Reflux,2318,292,P07949
P04637_S392,"Neuroma, Acoustic",708,293,P04637
P40337_S111,"Carcinoma, Renal Cell",2319,72,P40337
P70372_S221,"Brain Diseases, Metabolic, Inborn",2320,294,P70372
P06493_Y15,Vulvar Neoplasms,749,295,P06493
P06493_T161,Vulvar Neoplasms,2321,295,P06493
P14635_S126,Vulvar Neoplasms,2322,295,P14635
P10276_S77,Xeroderma Pigmentosum,725,296,P10276
P12931_Y419,Bruton type agammaglobulinemia,30,297,P12931
Q05397_Y576,Bruton type agammaglobulinemia,1549,297,Q05397
Q05397_Y577,Bruton type agammaglobulinemia,1550,297,Q05397
P07948_Y508,Bruton type agammaglobulinemia,2323,297,P07948
P43405_Y525,Bruton type agammaglobulinemia,2265,297,P43405
P27986_Y508,Bruton type agammaglobulinemia,2324,297,P27986
P15498_Y174,Bruton type agammaglobulinemia,2325,297,P15498
P10451_S117,Familial Hypophosphatemic Rickets,2326,298,P10451
P10451_S126,Familial Hypophosphatemic Rickets,2327,298,P10451
P10451_S120,Familial Hypophosphatemic Rickets,2328,298,P10451
P10451_S123,Familial Hypophosphatemic Rickets,2329,298,P10451
P10451_S129,Familial Hypophosphatemic Rickets,2330,298,P10451
P06239_Y394,Lymphoproliferative Disorders,773,299,P06239
