psite_id,disease_id,label
1766,134,0
1028,125,0
2039,69,0
584,247,1
50,199,0
1761,275,0
119,30,0
367,19,0
901,78,0
211,266,0
1903,140,0
2202,47,1
75,229,0
685,30,0
2124,248,0
198,97,0
628,225,0
2234,190,0
411,159,0
2059,272,0
1992,221,0
2291,95,0
318,200,0
1326,137,0
19,99,0
766,17,0
1294,102,0
466,84,0
1102,7,0
424,121,0
238,217,0
220,114,0
279,32,0
201,269,0
1267,209,0
1789,66,0
13,273,1
500,161,0
123,148,1
1160,145,1
878,217,0
2049,37,1
1886,96,0
593,81,1
1722,177,0
434,3,0
529,14,0
1957,208,0
1375,255,1
187,110,0
1187,70,0
506,273,0
502,9,0
1789,81,1
1551,248,0
480,89,0
1734,179,1
1091,183,0
1701,198,0
231,70,0
1699,214,0
1501,268,0
1389,21,0
1586,230,0
2156,193,0
308,164,0
2207,114,0
587,48,0
14,94,0
399,146,0
1662,43,1
964,222,1
163,223,1
1401,287,0
59,129,0
1855,229,1
342,186,0
964,123,1
1193,45,0
280,119,0
56,259,0
692,191,0
484,279,0
1955,218,0
211,12,0
1383,69,0
1785,164,0
1642,0,0
774,241,0
1699,158,0
6,222,0
965,224,1
67,82,0
1038,211,1
965,267,1
491,1,0
1224,13,1
1325,22,1
1657,4,0
364,71,1
522,43,1
1899,89,0
80,73,0
1933,247,0
911,193,0
793,13,1
93,64,0
1022,79,0
209,16,0
339,13,1
979,81,0
1347,112,1
2041,56,0
297,11,0
1196,26,0
2057,114,0
835,192,0
790,76,0
2238,71,0
2268,274,0
36,13,1
505,148,1
666,59,0
1895,125,0
1262,135,0
129,261,0
199,30,0
231,225,0
1,151,0
1854,235,0
702,234,1
2059,67,1
1990,222,0
1073,87,0
1008,83,0
1411,43,1
1349,32,0
1682,133,0
611,70,1
1329,256,0
1575,226,0
1915,242,0
1934,266,0
447,154,0
1505,253,0
2071,181,0
2185,279,0
266,220,0
1516,23,0
1215,11,0
534,106,0
1095,144,1
570,75,0
151,100,0
1987,58,1
1726,186,0
647,29,0
1792,43,1
35,20,0
1676,135,0
792,213,0
253,161,0
742,184,0
1902,161,1
1032,237,0
1893,270,1
2142,273,0
857,82,1
1612,50,0
812,98,0
1713,208,0
1994,221,0
1613,104,1
1599,126,0
692,228,0
1625,14,0
1699,108,0
1484,19,0
838,84,1
418,164,0
146,134,0
2302,83,0
1732,66,0
380,60,0
609,61,0
2298,265,0
330,211,1
1500,228,0
577,213,0
1025,172,0
2164,244,0
1013,64,0
1100,141,0
1643,59,0
1307,272,0
312,93,0
870,122,0
1450,194,0
1378,68,0
581,270,1
1548,118,0
2244,194,0
914,187,0
864,165,0
265,108,1
119,180,0
291,268,0
1873,21,0
8,256,0
1782,102,0
966,126,0
2230,20,0
1253,53,0
710,277,0
1392,58,1
1738,83,0
252,127,0
665,107,0
906,261,0
703,291,0
798,178,0
2245,119,0
1406,94,1
276,280,0
1660,141,0
1659,127,0
2103,248,0
2082,132,0
1536,164,0
1103,201,0
207,250,0
2162,229,1
347,21,0
425,1,0
1350,139,0
653,13,1
1451,191,0
665,292,0
1687,211,1
149,82,1
1219,267,1
2318,179,0
201,280,0
1941,62,0
495,234,0
938,71,0
1203,126,0
732,86,0
2211,163,0
1982,218,0
271,251,0
888,150,0
608,79,0
1505,209,0
469,197,0
1549,12,0
1851,186,0
373,234,0
998,257,0
82,45,0
1506,15,0
1637,114,0
1906,258,0
1892,2,0
1920,169,0
1538,289,0
518,129,0
1172,72,0
944,37,0
1563,39,0
460,19,0
1164,259,0
355,273,0
379,140,0
1354,139,0
552,224,0
1819,253,0
2046,52,1
1560,24,0
1477,31,0
1616,149,0
1680,129,0
2073,257,0
1303,40,1
2036,86,0
2185,179,0
557,163,0
1797,13,1
797,69,0
2169,108,1
1103,179,1
283,127,0
659,146,0
1858,271,0
1850,45,0
1322,169,0
1358,206,1
2190,76,0
1966,264,0
1030,291,0
489,174,0
427,271,0
1159,206,1
28,57,0
2241,49,1
524,262,0
276,168,0
1343,221,0
324,57,0
1151,103,0
261,249,0
892,179,1
1239,111,1
1509,161,1
304,183,0
1821,78,0
395,55,0
2140,200,0
2110,33,0
293,203,0
449,86,0
2217,124,0
899,46,1
1716,253,1
2046,57,0
933,26,0
702,45,0
1687,88,0
1186,134,0
672,76,0
1887,216,0
1140,44,0
1260,87,0
401,173,0
2142,289,0
825,217,0
1600,223,1
94,57,0
1122,154,0
1248,59,0
1802,258,0
1316,13,0
1670,77,0
1940,220,1
317,211,1
260,261,0
1399,171,0
1883,201,0
2320,58,1
1841,157,0
21,144,0
234,217,0
2236,128,0
2050,195,0
967,43,1
728,198,0
987,225,0
300,200,0
1400,183,0
1149,4,0
1169,13,1
741,58,0
61,118,0
625,152,0
949,93,0
126,221,0
831,62,0
851,93,0
255,121,0
212,87,0
316,234,0
2245,149,0
1117,43,1
329,226,0
522,289,0
925,82,1
753,278,0
181,31,0
1353,277,0
1600,59,0
812,158,0
300,1,0
2045,111,0
1432,14,0
1959,111,0
1447,39,0
837,25,0
2150,82,0
599,255,0
1352,31,0
454,43,1
757,133,0
77,258,0
1169,122,0
1399,46,0
1167,224,1
2299,70,0
1530,217,0
1472,126,0
715,289,0
646,37,1
222,121,0
1614,126,0
1550,251,0
995,233,0
1992,244,0
1794,56,0
2132,153,0
101,234,0
457,207,0
680,204,0
1156,281,1
405,187,0
2220,161,1
71,108,1
1536,33,0
340,268,0
1062,125,0
1207,228,0
2099,66,0
1585,115,1
627,286,0
1781,77,0
1703,151,0
1505,222,0
441,81,1
1576,115,1
684,225,0
1731,204,0
190,115,0
742,138,0
1703,16,0
640,56,0
666,176,0
541,68,1
18,289,0
2231,258,0
1629,223,1
1724,58,0
13,278,0
1133,276,0
2265,268,0
1171,91,0
1368,24,0
1641,233,0
9,289,0
660,267,0
2153,35,0
165,162,0
1775,258,0
2069,282,1
157,158,0
96,132,0
1613,236,0
562,16,0
509,201,0
758,218,0
1763,191,0
1845,67,0
83,121,0
1833,4,0
1635,52,1
1636,93,0
1117,223,1
1186,127,0
2057,24,0
141,140,0
916,2,0
1471,282,0
819,17,0
1175,81,1
607,263,0
1002,184,0
53,69,0
2012,255,0
1631,35,0
175,39,0
300,64,0
1431,61,0
81,157,0
743,24,0
1100,270,0
232,71,0
1727,260,0
1634,253,0
1766,143,0
812,138,0
1401,235,0
1036,57,0
1129,259,0
1578,234,0
308,154,0
2105,228,0
2237,215,0
911,18,0
5,229,0
714,243,1
124,16,0
2178,209,0
571,80,0
1373,11,0
1985,155,0
1024,47,1
1314,154,0
1857,79,0
1934,203,0
1675,200,0
160,220,0
2228,51,0
1817,95,0
1231,132,0
1089,221,0
662,61,0
938,183,0
1196,1,0
452,123,0
180,160,0
1757,178,0
496,205,0
1857,77,0
1850,259,0
1070,57,0
409,126,0
14,212,0
1428,131,0
415,148,0
596,25,0
1365,208,0
1730,232,0
1731,4,0
2195,92,0
766,59,0
222,174,0
1667,179,1
2150,199,0
2049,221,0
1124,233,0
1763,209,0
932,197,0
1384,3,0
1488,28,0
1032,190,0
50,7,1
947,13,0
1127,123,1
344,32,0
795,16,0
756,34,0
39,34,0
599,256,0
1563,198,0
1074,39,0
1156,102,0
1063,183,0
1942,244,0
1586,87,0
1352,37,1
1521,181,0
1329,146,0
2264,139,0
711,259,0
477,99,0
1663,151,1
2310,146,0
856,195,0
0,193,0
1704,193,0
978,16,1
320,43,1
1546,58,1
1344,37,1
2184,148,0
653,244,0
709,45,0
1299,77,0
125,169,0
732,0,0
1440,231,0
443,90,0
24,248,0
1325,17,0
2315,74,0
102,251,0
166,107,0
2235,215,0
1784,275,0
1520,138,0
1361,108,1
450,124,0
336,108,0
286,84,0
1346,143,0
1787,124,0
646,19,0
881,267,1
1884,159,0
1511,180,0
1037,154,0
606,0,0
831,233,1
11,26,0
741,271,0
988,152,0
1946,46,0
534,210,0
564,109,0
817,18,0
341,125,0
1313,248,0
476,198,0
484,160,0
1525,68,1
1040,2,0
1196,122,0
601,153,0
754,251,0
570,37,0
1977,243,1
412,62,0
2185,231,0
180,129,0
1272,257,0
2227,193,0
19,4,0
1840,193,0
2169,4,0
559,45,0
169,101,0
1982,182,0
140,84,0
125,119,1
1339,272,0
738,19,0
1550,159,0
498,82,0
1018,275,0
926,96,0
156,162,0
207,204,0
2273,196,0
509,69,0
979,68,1
1911,68,1
2137,209,0
839,155,0
203,139,0
2091,139,0
2192,241,1
456,52,1
252,111,0
1355,80,0
111,176,0
472,11,0
1114,227,0
1697,43,1
1997,273,0
2069,164,0
1620,58,0
1344,245,0
1926,218,1
1623,164,0
139,229,1
581,271,1
1507,181,0
1052,249,0
50,249,0
2305,32,0
487,159,1
2018,229,0
488,201,0
936,164,0
551,13,1
1490,246,0
1189,11,0
1305,120,1
908,239,1
817,202,0
1068,77,0
259,54,1
1412,81,0
1815,37,1
714,176,0
1306,190,0
1627,39,0
901,58,1
822,26,0
2138,287,0
530,86,0
942,24,0
2005,76,0
345,30,0
492,134,0
425,273,0
487,22,0
1333,245,0
1544,228,0
33,160,1
2028,269,1
855,222,0
646,190,0
830,292,0
1799,73,0
1090,228,0
646,43,1
2105,73,1
1723,33,0
1741,123,0
1868,275,0
450,141,0
1058,19,0
1988,162,0
1419,108,1
346,14,0
2214,17,0
21,265,0
1939,107,0
1633,196,0
2227,92,0
1699,288,0
443,11,0
1909,275,0
1987,36,0
677,280,0
678,144,0
682,191,0
1192,252,0
1073,149,0
1176,235,0
661,13,1
751,3,0
15,228,0
2213,5,0
818,227,0
1193,119,0
590,287,0
176,51,0
426,48,0
657,163,0
385,5,1
1615,230,0
1584,267,1
37,135,0
2281,229,0
237,99,0
1839,139,0
714,268,0
254,207,0
326,244,0
1316,1,0
1242,3,0
302,141,0
826,147,0
690,162,0
1363,271,0
2213,144,0
1071,220,0
1413,184,0
1545,110,0
305,38,0
1325,181,0
1596,235,0
970,5,1
1066,151,0
323,267,1
2102,69,0
1625,64,0
71,80,0
226,164,0
1134,267,0
1772,161,1
1939,74,0
1099,68,0
959,231,0
832,248,0
900,282,1
1159,83,0
1944,157,0
2218,266,0
1945,166,0
1500,199,0
1451,262,0
1060,134,0
1268,91,1
1080,78,0
1725,67,1
535,10,0
2219,161,1
1863,211,1
654,74,0
615,76,0
400,100,0
1648,115,0
2269,13,1
2085,21,0
1382,34,0
818,92,0
7,82,1
420,13,1
1864,100,0
1666,75,0
243,47,1
2288,43,1
840,175,0
456,28,0
1090,201,0
1779,82,0
1739,34,0
454,276,0
1221,34,0
404,281,0
1920,241,0
2320,231,0
1296,175,0
2251,185,0
497,272,0
1894,50,0
428,140,0
1443,269,0
354,215,0
1812,246,0
841,257,0
187,138,0
619,44,0
1773,221,0
1873,223,1
1010,98,0
1388,277,0
15,56,1
2078,127,0
168,206,1
647,60,0
946,241,0
1084,54,0
1227,72,0
2316,37,0
1993,188,0
839,171,0
697,97,0
446,30,0
179,227,0
1566,251,0
1169,198,0
877,39,0
1345,93,0
614,141,0
547,0,0
1512,275,0
1201,139,0
2163,144,0
77,233,0
839,279,0
501,202,0
996,50,1
982,248,0
1621,271,0
1652,270,0
2282,239,1
1028,82,1
1820,139,0
606,92,0
212,261,0
1476,224,1
1595,276,0
2217,271,0
964,50,1
1662,54,1
2301,135,0
177,102,0
2278,246,0
964,36,1
1971,76,0
830,110,0
1875,241,0
920,178,0
57,88,0
1793,127,0
660,17,0
559,221,0
1326,270,0
656,106,0
348,118,1
591,69,0
2057,142,1
429,97,0
1130,123,1
94,109,0
696,194,0
1910,217,0
1638,3,0
1705,275,0
2142,58,0
1188,108,1
789,18,0
369,185,0
2268,164,0
1829,62,0
2237,194,0
1089,20,0
1018,138,0
722,39,0
1982,274,0
2041,273,0
1095,151,1
901,115,1
886,93,0
4,156,0
1558,136,0
2030,23,0
84,119,0
1303,159,0
2209,130,0
1852,154,0
1000,108,1
2236,187,0
338,221,0
1654,78,0
327,244,0
2268,56,1
1205,160,0
1263,135,0
541,212,0
231,72,0
1891,114,0
1119,185,0
1721,242,0
1417,162,0
1471,13,1
581,5,0
1438,191,0
964,151,1
436,186,0
1851,183,0
686,255,0
1425,264,0
3,232,0
1796,13,1
2071,222,0
479,77,0
87,272,0
2297,225,0
1986,192,0
1871,190,0
385,152,1
1360,33,0
1909,42,0
1473,157,0
282,233,0
500,82,1
1587,142,0
1764,78,0
392,190,0
1165,77,0
2292,228,0
326,42,0
2033,186,0
1204,146,0
2145,13,0
420,262,0
216,243,0
1830,39,0
310,0,0
1491,135,0
2275,282,0
1869,215,0
1119,34,0
560,13,1
1585,191,0
741,285,1
1400,56,0
1084,47,0
951,115,0
524,22,0
1774,197,0
217,108,1
1418,66,0
188,200,0
786,76,0
2087,155,0
318,184,0
1513,197,0
227,21,0
885,278,0
1990,162,0
713,24,0
782,264,0
645,103,0
1847,138,0
796,11,0
1096,6,0
765,260,0
301,264,0
382,269,0
835,270,0
936,21,0
1698,92,0
126,72,0
2014,86,0
726,201,0
1645,206,1
1236,277,0
988,154,0
2303,64,0
583,146,0
1312,101,0
47,71,0
1573,258,0
724,254,1
898,176,0
1363,242,0
1622,64,0
1255,78,0
886,37,1
251,23,1
259,30,0
964,142,1
2040,203,0
2030,131,0
1971,86,0
659,152,0
1145,228,0
2269,63,0
945,239,0
241,267,1
807,284,0
2265,195,0
99,37,1
77,257,1
577,207,0
1344,118,0
2315,58,0
2221,28,0
1587,120,0
1031,220,1
207,10,0
592,55,0
484,263,0
1694,235,0
96,20,0
325,201,0
1667,178,0
239,229,1
82,97,1
1617,285,0
1341,134,0
1394,25,0
1529,67,1
957,50,1
749,128,0
1339,206,1
71,59,0
2177,191,0
635,286,0
1329,88,0
459,87,0
397,262,0
852,108,0
409,53,0
340,59,0
1646,71,0
2126,242,0
1444,50,0
765,162,0
533,44,0
1207,245,0
1791,161,1
1004,228,0
1948,125,0
1907,179,0
1559,227,0
1316,52,1
136,160,0
1864,75,0
70,204,0
1302,207,0
1006,205,1
1247,128,0
305,108,0
2013,161,1
1726,111,0
1019,139,0
2053,80,0
602,129,0
1645,129,0
1830,158,0
1187,28,0
603,105,0
1881,283,0
70,66,1
1670,172,0
592,91,0
799,140,0
2154,32,0
423,178,0
2087,108,1
307,237,1
804,57,1
1281,202,0
156,114,0
799,227,0
606,52,0
1525,181,0
1395,106,0
170,114,0
46,242,0
1515,67,0
1093,248,0
387,121,0
1433,155,0
943,210,0
512,38,0
1940,6,0
125,140,0
1659,55,0
473,219,0
209,206,1
2086,137,0
1845,178,0
1686,247,0
1487,81,0
659,147,0
2085,60,0
315,201,0
1432,283,0
1975,258,0
1103,80,0
1603,17,0
2209,83,0
2109,167,0
1472,227,0
1661,223,1
150,81,1
219,108,1
2060,211,1
356,31,0
1210,220,0
2011,1,0
1658,34,0
1818,83,0
1688,82,0
183,40,0
1112,140,0
509,83,0
985,3,1
1937,78,0
982,186,0
1333,165,1
1980,121,0
1203,130,0
1559,186,0
378,115,0
1878,246,0
1553,280,0
362,43,1
608,152,0
1615,249,0
1594,176,0
353,55,0
617,185,0
2006,259,0
1552,200,0
1908,196,0
1014,195,0
1021,287,0
1894,86,0
1418,217,0
1250,248,0
2090,174,0
1544,38,0
1453,4,0
1012,81,0
392,255,1
544,247,0
423,123,0
29,27,0
940,31,0
1884,185,0
862,25,0
672,103,0
1442,108,1
142,265,0
469,43,1
182,123,0
838,56,0
194,276,0
1264,57,0
2138,63,0
1745,242,0
1980,102,0
1748,161,1
1761,71,0
982,176,0
1201,110,0
736,156,0
1294,123,0
1861,33,0
551,138,0
392,104,0
528,227,0
852,269,0
905,51,0
1069,273,0
315,239,1
522,239,1
991,235,0
2077,269,1
621,229,1
578,271,1
2153,228,0
1924,224,1
1745,260,0
1794,184,0
745,194,0
1180,245,0
2122,247,0
2034,161,1
280,88,0
814,200,0
572,105,0
689,30,0
2064,50,1
129,60,0
174,207,0
407,213,0
1031,68,0
615,202,0
1938,68,1
1116,229,1
2058,239,1
358,110,0
118,178,0
1414,108,1
195,28,0
610,2,0
1961,221,0
1922,270,0
539,192,0
475,115,0
1221,155,0
1688,4,0
1658,198,0
1384,273,0
1281,35,0
193,21,0
400,199,0
188,72,0
399,281,0
274,187,0
536,276,0
327,259,0
691,53,0
676,5,0
2144,16,0
669,133,0
721,38,0
1650,270,0
861,270,0
1385,128,0
1431,95,0
283,211,0
995,190,0
1521,239,1
342,80,0
701,234,1
749,91,1
1366,81,1
2194,66,0
2102,21,0
219,268,0
1067,218,0
735,224,1
1675,34,0
1552,57,0
1752,18,0
515,78,0
1790,120,0
1732,153,0
1898,229,1
489,207,0
2115,67,1
1325,192,0
468,43,1
1901,161,1
292,37,1
2016,249,0
1737,100,0
1381,124,0
2218,289,0
1754,224,1
1150,36,1
602,274,0
815,83,0
1790,141,0
1446,110,0
972,223,1
1710,35,0
1656,52,1
1191,50,1
1778,246,0
625,2,0
1614,13,1
1300,195,0
1538,56,0
460,70,0
337,37,1
1427,24,1
512,98,0
1353,258,0
67,32,0
514,243,0
1117,202,0
337,234,0
659,242,0
151,275,0
1427,217,0
290,138,0
366,164,0
1889,199,0
772,37,1
763,46,0
1648,77,0
2193,221,0
243,26,0
2157,77,0
1863,81,0
1954,17,0
137,110,0
2054,123,0
2104,227,0
1344,244,0
9,175,0
921,229,1
454,75,0
672,37,1
614,70,1
1274,167,1
580,168,0
1304,19,0
1286,119,0
1621,186,0
722,196,0
1605,59,0
2285,220,0
1085,212,0
5,68,1
1991,268,1
1304,130,0
1970,276,0
433,73,0
1725,43,1
221,108,1
1965,289,0
1515,199,0
1455,90,0
1974,136,1
1208,196,0
72,268,0
732,269,1
451,177,0
1312,142,0
626,198,0
1410,52,1
1498,68,1
2071,266,0
2071,130,0
2279,277,0
1006,137,1
1816,268,0
757,276,0
1909,128,0
668,64,0
1824,13,1
1240,244,0
2289,162,0
1092,239,1
1023,133,0
2259,229,0
978,141,0
941,282,0
787,46,0
868,215,0
980,113,0
1684,3,0
474,177,0
77,39,0
644,194,0
1246,248,0
1758,242,0
50,207,0
1117,224,1
453,206,1
1670,248,0
129,225,0
817,19,0
1380,262,0
336,254,0
1209,217,0
2189,97,0
1784,65,0
1174,243,0
1785,272,0
1816,206,1
1155,203,0
930,254,0
1861,180,0
1780,275,0
874,55,0
686,280,0
2189,194,0
1206,268,0
1108,248,0
1378,144,0
1004,97,0
1216,32,0
1845,2,0
27,100,0
1518,25,0
1379,269,0
1575,64,0
777,218,0
1250,25,0
1883,277,0
1172,107,0
2056,204,0
1599,158,0
1379,67,0
1925,259,0
495,270,0
1755,289,0
551,5,0
1006,127,0
892,178,0
1434,129,0
1139,82,0
1715,75,0
2063,176,0
488,13,0
560,186,0
41,246,0
739,98,0
1514,188,0
2283,71,0
75,70,0
524,194,0
2161,256,0
1508,91,1
1117,10,1
1105,13,0
1023,3,0
1551,104,0
2316,224,0
658,50,0
1458,68,1
442,222,1
190,16,0
1350,117,0
150,189,0
1099,43,0
1591,184,0
1343,37,1
1769,258,0
1049,151,0
1868,282,0
1588,239,0
1354,104,0
1919,161,1
62,221,0
1661,54,1
562,246,0
676,96,0
255,35,0
69,72,0
1287,157,0
1586,114,0
2099,157,0
170,122,0
1542,273,0
1288,194,0
1140,73,0
1639,277,0
825,266,0
1,27,0
1449,228,0
1811,176,0
366,220,0
677,79,0
145,115,0
1528,285,1
755,87,0
1866,193,0
102,63,0
777,82,1
2200,19,0
557,19,0
562,18,0
1012,87,0
1871,161,1
583,131,0
339,81,1
2084,25,0
520,69,0
416,242,0
1807,21,0
1174,206,1
1863,0,0
2141,162,0
1315,198,0
2158,186,0
2100,166,0
1627,229,0
901,89,0
160,110,0
109,67,0
837,58,0
1634,193,0
715,37,1
1103,249,0
2301,162,0
107,94,0
1546,77,0
1710,167,0
670,223,1
171,178,0
1236,207,0
367,195,0
1163,229,0
1817,119,0
1132,43,0
1992,10,0
919,241,0
1072,206,0
775,126,0
94,169,0
984,81,1
161,107,0
1949,179,1
1303,140,0
1571,17,0
48,123,0
563,248,0
1053,223,1
1142,289,1
769,178,0
1175,160,1
1028,174,0
865,284,0
413,230,0
1854,150,0
2023,125,0
1371,115,0
1482,132,0
500,252,0
1292,73,0
195,173,0
520,98,1
533,90,0
937,25,0
378,169,0
621,51,0
1473,175,0
4,147,0
407,61,0
952,126,0
1601,13,0
2099,73,0
58,219,0
1535,115,0
16,229,0
825,103,0
1574,185,0
1491,192,0
374,245,0
13,282,0
788,60,0
1088,215,0
461,130,1
107,27,0
958,217,0
2050,17,0
1658,101,0
1428,4,0
347,228,0
1580,34,0
1611,75,0
2321,7,0
1793,53,0
1478,134,0
1326,261,0
1412,123,0
1231,16,0
285,119,0
522,272,0
2140,57,0
1489,89,0
1697,133,0
2181,198,0
1309,289,0
1964,161,1
154,239,1
2135,160,1
1948,115,0
551,55,0
1604,260,0
1002,276,0
1586,49,0
1350,6,0
811,27,0
729,100,0
874,202,0
1905,271,0
1465,167,1
293,79,0
771,55,0
86,86,0
1438,197,0
1231,243,0
745,141,0
1510,91,1
193,124,0
1347,241,0
2202,99,0
964,224,1
592,155,1
877,234,0
1524,254,1
1928,65,0
1830,253,0
1703,265,0
1851,87,0
1220,289,0
1281,133,0
533,161,0
1200,259,0
1840,23,0
1218,43,1
1401,15,0
243,72,0
902,225,0
72,67,1
1667,25,0
1532,117,0
887,187,0
32,39,0
1495,79,0
357,132,0
1042,106,0
913,134,0
175,200,0
1742,58,1
120,43,1
1997,11,0
313,228,0
1402,13,1
825,225,0
1225,170,0
2197,124,0
283,61,0
1894,158,0
471,86,0
1306,215,0
1676,184,0
840,32,0
1485,113,1
1481,190,0
1035,198,0
329,222,0
839,64,0
384,33,0
1157,271,0
1423,242,0
1033,91,0
957,4,0
1056,65,0
82,274,0
602,96,0
1461,37,1
1008,228,0
306,13,1
1282,24,0
149,147,0
585,170,0
1174,118,0
448,246,0
1766,57,0
668,193,0
1221,2,0
1155,218,1
271,185,0
540,21,0
151,98,0
2172,276,0
1181,34,0
477,138,0
1134,0,0
1311,251,0
102,233,0
128,184,0
1837,72,0
1976,61,0
1581,70,0
1445,179,0
739,239,1
677,75,0
687,243,0
682,2,0
1176,251,0
1132,179,0
270,17,0
214,90,0
2258,184,0
495,0,0
767,128,0
992,17,0
1588,74,0
2179,235,0
1942,176,0
2224,275,0
1444,110,0
1726,64,0
90,202,0
1638,11,0
2040,228,0
1993,84,0
1330,52,0
2314,3,0
1612,119,0
541,258,0
1987,179,0
581,105,0
58,204,0
1278,44,0
251,43,0
1871,109,1
2083,77,0
961,222,0
452,211,1
1691,23,0
1010,286,1
1846,13,0
1567,100,0
566,39,0
1408,87,0
2276,25,0
626,100,0
1164,233,0
606,218,0
621,140,0
660,140,0
819,187,0
102,131,0
446,158,0
1842,130,0
2315,86,0
1788,270,0
2317,53,0
2078,1,0
1108,3,1
2208,70,0
1141,9,0
1036,10,0
516,0,0
2092,76,0
1121,30,0
2249,218,0
1574,202,0
2106,245,0
1937,134,0
1547,62,0
402,32,0
1791,39,0
1095,214,1
1988,286,0
7,81,1
1121,97,0
1997,228,0
1596,96,0
1276,37,1
1242,13,1
402,17,0
792,80,0
14,130,1
1018,221,0
1788,141,0
913,37,0
1596,208,0
1597,100,0
1601,143,0
2158,25,0
1004,260,0
2093,92,0
2239,248,0
851,43,1
40,220,0
419,75,0
1493,235,0
2102,5,1
2294,233,0
2194,54,1
468,181,0
1187,19,0
2133,111,0
1872,104,0
1534,75,0
814,153,0
780,206,1
1694,134,0
1155,24,1
2023,273,0
157,187,0
2144,0,0
846,52,1
2119,203,0
341,138,0
2257,55,0
1347,215,0
1977,51,0
420,101,0
1064,253,0
2319,268,1
1781,282,1
831,143,0
1511,22,0
174,287,0
763,175,0
1942,78,0
1013,161,1
647,285,0
430,131,0
807,213,0
1597,187,0
813,53,0
1439,37,1
326,197,0
804,261,0
1863,135,0
1692,129,0
448,146,0
956,248,0
1610,84,0
133,198,0
38,155,0
544,37,1
1840,140,0
884,114,0
76,223,0
1631,110,0
1699,71,0
1585,60,0
886,129,0
1325,33,0
1560,5,1
131,32,0
1079,197,0
609,179,0
730,14,1
366,213,1
351,52,1
1136,8,0
104,286,0
1237,119,0
1533,145,0
1282,262,0
1942,242,0
2095,43,0
1346,57,0
2016,253,0
879,239,1
2001,221,0
685,74,0
1772,268,0
27,35,0
416,13,1
1591,275,0
649,111,0
849,174,0
2200,16,0
626,120,0
1022,243,0
1382,47,0
1770,50,1
460,258,0
2271,216,0
1049,135,0
2150,133,0
1506,181,1
352,43,1
150,119,0
939,156,0
691,81,0
724,58,0
1193,75,0
1933,151,0
169,260,0
1332,22,0
1198,103,0
298,102,0
1685,0,0
1345,206,1
323,57,1
318,173,1
2052,67,1
1205,288,0
983,135,0
1659,23,0
654,3,0
2152,99,0
685,56,0
1317,7,0
442,118,0
1529,239,1
1576,89,0
570,13,1
549,199,0
699,37,1
359,8,0
1452,161,1
1701,98,0
1345,245,0
1286,124,0
728,73,0
272,56,0
1634,24,0
1964,68,1
79,37,1
1242,206,1
376,78,0
2037,91,1
659,234,0
260,13,0
82,202,0
359,278,0
1688,203,0
401,144,0
83,209,0
987,121,0
2086,8,0
502,47,0
1197,25,0
1794,171,1
2128,204,0
836,118,0
5,114,0
98,246,0
97,86,0
1524,179,1
900,246,1
1149,43,1
792,259,0
1571,124,0
1215,65,0
246,107,0
2158,132,0
2256,73,0
1879,37,0
1425,243,0
350,248,0
1736,96,0
1315,58,1
1776,239,1
1829,133,0
1346,125,0
335,40,0
468,125,0
449,273,1
129,13,0
1425,207,0
2258,115,1
680,186,0
2097,65,0
825,56,0
1080,4,0
1553,153,0
1498,244,0
1424,190,0
689,201,0
2265,68,1
2085,134,0
1789,18,0
38,174,0
479,183,0
2135,203,0
649,178,0
1399,244,0
769,203,0
780,219,0
1651,29,0
941,164,0
366,223,1
906,61,1
579,48,0
1130,274,0
1199,33,0
1032,252,0
1678,248,0
69,68,1
1437,188,0
301,37,1
2206,153,0
1265,57,0
2148,108,0
2284,223,1
1204,36,0
1025,99,0
1925,33,0
15,207,0
1372,141,0
1951,163,0
56,221,0
52,184,0
1043,244,0
767,249,0
990,82,0
2247,122,0
7,193,0
291,91,1
1663,115,0
31,21,0
550,146,0
1665,17,0
1615,104,1
1329,114,0
332,138,0
2282,289,0
1284,81,0
1090,261,0
1625,43,1
616,95,0
1906,196,0
1493,135,0
2022,32,0
2105,1,0
1470,109,0
454,110,1
787,237,0
1926,168,0
491,8,0
1389,187,0
2225,206,1
1514,73,0
395,151,1
16,261,0
243,127,0
1380,103,0
1348,92,0
650,263,0
185,158,0
548,82,0
99,149,1
2037,65,0
1247,42,0
226,59,0
270,199,0
1011,262,0
838,248,0
23,271,0
1362,259,0
1154,12,0
55,118,0
1068,65,0
187,174,0
260,54,1
1543,43,1
2156,267,1
567,3,0
2320,78,0
1623,98,0
1997,81,0
2132,52,0
1617,9,0
1044,21,0
1393,187,0
2310,252,0
1921,58,0
469,239,1
597,60,0
1686,110,0
1380,59,0
1477,248,0
29,13,1
1192,134,0
1744,227,0
864,290,0
778,158,0
1576,56,1
671,88,0
1058,207,0
694,219,0
143,257,0
780,81,0
754,276,0
44,87,0
1275,143,0
1143,155,0
1330,59,0
1411,59,0
724,59,0
986,205,0
1174,273,0
2040,34,0
344,47,1
2174,241,0
762,179,1
519,55,0
2094,244,0
992,32,0
1707,184,0
1447,128,0
2019,156,0
1251,229,0
110,108,0
1547,238,0
1266,219,0
2103,244,0
452,129,0
2294,207,0
1848,231,0
2070,257,0
1536,68,1
857,28,0
2114,245,0
1843,132,0
1252,285,0
1279,193,0
1723,21,0
1726,273,0
880,148,1
461,148,0
715,68,1
1780,33,0
1088,109,1
1686,276,0
1156,279,1
1044,164,0
387,184,0
2040,97,0
1715,229,0
1843,266,0
364,39,0
736,206,0
1359,235,0
478,47,1
192,209,0
952,3,0
1741,115,0
1115,68,1
1962,56,0
1099,32,0
124,239,1
102,110,0
892,40,0
206,221,0
1448,267,0
1621,28,0
103,17,0
157,127,0
1533,220,1
963,161,1
557,13,1
2149,260,0
2152,130,0
2075,187,0
1486,273,0
1023,13,0
1060,271,0
585,171,0
66,267,1
2268,95,0
414,137,0
1469,248,0
334,91,0
960,160,1
2078,119,0
1991,240,0
1645,17,0
835,134,0
2142,212,0
528,142,0
1225,171,0
1420,211,0
579,217,1
1885,211,1
2049,121,0
1651,41,0
1053,270,0
1385,274,0
205,33,0
1978,103,0
1052,14,0
944,151,0
176,182,0
1619,277,0
563,13,1
2143,242,0
1357,65,0
1901,225,0
263,206,1
2270,21,0
1030,130,0
1371,76,0
2016,103,0
1170,205,0
758,189,0
672,39,1
828,134,0
2247,52,0
272,243,0
541,174,0
1751,11,0
2291,4,0
2315,0,0
403,249,0
1418,157,0
1747,179,1
1635,175,0
260,199,0
2130,0,0
239,202,0
317,206,1
414,92,0
236,171,0
1305,203,0
1653,71,0
716,102,0
1947,66,1
1802,110,0
1238,158,0
1088,138,0
1395,100,0
610,243,0
785,57,1
2007,217,0
2237,87,0
1026,14,0
1211,202,0
1587,89,1
1138,229,1
803,63,0
1407,183,0
2090,240,0
436,272,0
878,39,0
1655,38,0
1446,217,0
866,226,0
733,194,0
356,248,0
2254,38,0
1529,186,0
758,275,0
1889,220,0
2189,86,0
1005,31,0
1811,126,0
358,141,0
1513,267,1
900,267,1
195,129,0
1327,182,0
353,71,0
1032,290,0
275,220,0
543,68,1
590,115,0
200,259,0
1773,4,0
354,245,0
475,29,0
1394,233,1
553,199,1
397,30,0
2025,0,0
1254,37,1
1615,219,0
1275,138,0
2318,94,0
1522,107,0
1995,40,0
2127,201,0
2006,258,0
1590,140,0
2312,66,0
1306,68,0
1099,114,0
989,34,0
1513,47,1
927,162,1
806,244,0
648,6,0
1943,274,0
369,223,1
1399,199,1
629,23,0
1592,40,0
2280,235,0
21,3,0
18,172,0
529,244,1
176,154,0
1073,115,0
884,27,0
1988,218,0
388,130,0
114,21,0
1848,79,0
1560,206,1
131,235,0
875,211,1
280,58,0
2051,205,0
1146,67,1
1903,12,0
688,117,0
129,128,0
1454,124,0
1193,198,0
811,226,0
1912,190,0
1584,209,0
1381,11,0
639,82,0
1876,133,0
542,19,0
994,65,0
2302,68,1
53,220,0
424,65,0
1860,202,0
2000,118,0
653,8,0
1374,164,0
2094,246,0
1894,80,0
368,18,0
561,82,1
1970,34,0
1986,115,0
541,203,0
169,225,1
1169,74,0
36,159,0
613,288,0
1928,268,0
2301,221,0
884,93,0
1810,123,0
1751,239,1
1891,252,0
360,204,0
2082,34,0
1827,90,0
1685,174,0
1870,225,0
1793,32,0
347,251,0
1472,260,0
998,250,1
1290,185,0
110,18,0
99,86,0
930,164,0
1548,212,0
1382,75,0
2218,18,0
932,162,1
415,113,0
968,47,1
1174,128,0
623,79,0
2152,211,1
180,266,0
191,68,1
551,249,0
1712,99,0
178,143,0
1042,223,0
1823,277,0
987,186,0
2178,16,0
672,27,1
1928,125,0
367,288,1
553,229,1
1684,275,0
650,289,0
1479,194,0
870,264,0
1179,114,0
440,89,0
699,239,1
1257,194,0
1561,201,0
2314,221,0
1915,38,0
266,68,1
636,233,0
620,265,0
1586,268,1
1327,260,0
1092,185,0
1789,164,0
828,191,0
1383,92,0
2023,282,1
1601,16,0
1037,133,0
1141,245,0
1961,123,0
1310,223,1
2298,118,0
1091,53,1
1039,114,0
1218,5,1
1342,183,0
1100,60,0
117,215,0
913,231,0
438,215,0
503,233,0
834,0,0
18,290,0
878,133,0
1642,201,0
1780,69,0
588,57,0
2065,96,0
1808,268,0
1175,221,1
1286,121,0
1946,76,0
1216,186,0
1443,120,0
1473,215,0
1179,181,0
1882,21,0
1059,193,0
60,18,0
676,32,0
1295,189,1
473,129,0
1726,132,0
977,119,0
1232,132,0
1204,28,0
1769,90,0
964,256,1
208,50,1
1489,180,0
1275,86,0
323,95,1
1157,206,1
2062,28,0
212,69,0
1198,273,0
117,208,0
1285,190,0
1265,78,0
1815,127,0
420,285,0
1891,160,0
836,187,0
2102,175,0
1735,88,0
1995,18,0
797,158,0
880,243,0
438,140,0
1534,13,0
1846,103,0
1988,95,0
247,124,0
1581,1,0
1573,181,0
1909,181,0
1193,117,0
1171,48,0
1835,159,0
1492,275,0
1926,292,0
1379,143,0
1778,97,0
193,66,0
1639,35,0
1932,75,0
388,148,1
1873,111,0
914,185,0
1454,117,1
416,256,0
2318,148,0
1575,115,0
1134,66,0
729,14,1
1574,61,0
2271,248,0
95,47,1
2139,195,0
1565,229,0
2057,199,0
327,175,0
678,146,0
2261,3,0
53,100,0
847,133,0
2091,53,1
1319,6,0
518,239,1
2209,276,0
1681,17,0
2036,56,0
1659,0,0
1616,10,0
1872,186,0
1164,92,0
903,256,0
985,65,0
1853,152,0
1365,65,0
1645,124,0
516,272,0
2133,268,0
1934,23,0
1116,135,0
274,249,0
174,42,0
1394,128,0
1594,122,1
821,69,0
368,43,1
930,250,0
2249,285,0
2278,8,0
723,257,0
327,83,0
1602,37,1
1064,47,1
2249,84,0
1655,271,0
1704,4,0
849,16,0
1692,142,1
1208,251,0
1044,264,0
60,208,0
1561,277,0
705,183,0
1116,235,0
1015,26,0
1645,24,0
2038,55,0
1416,47,1
1170,13,1
1891,285,0
2012,19,0
1423,96,0
1940,3,0
248,68,1
1809,50,1
964,189,1
1558,8,0
263,39,0
308,51,0
241,17,0
590,280,0
2088,117,0
81,60,0
646,182,1
2141,20,0
1206,43,1
904,115,1
2304,269,1
874,77,0
902,244,0
164,20,0
777,13,1
542,11,0
109,60,0
1710,283,0
144,157,0
1526,39,1
329,49,0
643,0,0
1910,42,0
189,269,1
118,5,0
1915,232,0
1851,66,0
781,235,0
1000,66,1
600,286,0
2249,124,0
1517,1,0
1499,202,0
115,68,1
1275,75,0
2075,139,0
237,81,0
1769,43,1
1812,272,0
675,244,0
950,100,0
1346,220,0
531,262,0
795,268,1
867,255,0
129,184,0
121,95,0
1294,68,1
643,68,1
624,229,1
1770,43,1
1902,87,0
1583,191,0
441,88,0
2024,70,0
1037,104,0
295,248,0
1091,279,1
1640,274,1
665,101,0
769,3,0
116,221,0
644,268,0
1505,227,0
1938,77,0
2218,261,0
329,241,0
1349,210,0
1427,52,0
870,87,0
1880,58,1
1631,107,0
1701,141,0
2293,251,0
1779,282,1
725,0,0
1475,201,0
443,0,0
1133,91,0
1564,135,0
94,218,1
476,201,0
396,151,1
2086,118,0
1514,273,0
147,66,0
564,202,0
1384,195,0
1091,108,1
293,228,0
1933,260,0
2307,111,0
64,37,1
1487,229,0
2285,124,0
486,94,0
559,111,0
975,228,0
999,179,1
1670,185,0
1114,266,0
1353,25,0
727,205,0
1806,174,0
852,110,0
1353,288,0
1095,5,1
1977,156,0
1175,53,1
1569,89,0
501,68,1
1134,216,0
1410,77,0
1426,220,1
1956,105,0
1064,244,0
765,175,0
763,57,1
281,52,1
1782,79,0
1343,155,0
2099,90,0
1382,74,0
1272,240,0
156,9,0
78,199,0
1837,96,0
530,251,0
912,37,1
1557,192,0
407,219,0
2315,260,0
368,233,0
1353,12,0
812,185,0
958,110,0
2306,195,0
662,38,0
838,87,0
1230,120,1
289,37,1
994,241,0
2188,197,0
1539,248,0
316,211,1
451,50,0
1135,0,0
1095,90,1
2315,178,0
1918,202,0
1927,151,0
1483,227,0
2098,39,0
2250,244,0
1614,62,0
1145,77,0
2183,220,0
44,150,0
1802,217,0
2138,13,1
14,112,0
1555,83,0
178,124,0
1349,13,1
466,197,0
2214,185,0
1065,25,0
237,187,0
1632,197,0
1027,125,0
2308,37,1
2192,228,0
1271,195,0
455,31,0
782,215,0
1091,224,1
2276,272,0
321,175,0
39,103,0
2099,77,0
1889,50,0
1854,139,0
1761,187,0
930,187,0
1758,126,0
1991,20,0
898,84,0
1705,100,0
1936,68,1
1922,89,0
2025,31,0
1221,234,0
2193,42,0
385,71,0
1879,253,0
1990,170,0
1501,35,0
2093,192,0
1368,282,0
240,82,0
1447,111,0
309,226,0
2055,124,0
744,199,0
1518,37,0
1738,141,0
1057,149,0
591,113,0
1639,124,0
1222,255,0
205,127,0
769,67,1
790,126,0
993,270,0
572,10,0
675,157,0
703,18,0
543,30,0
852,57,0
1902,57,0
720,0,0
391,201,0
1947,43,0
1072,288,0
1604,140,0
1141,267,0
1532,7,0
965,37,1
1844,86,0
38,111,0
14,1,0
1882,196,0
1570,222,0
2114,132,0
2218,39,0
2288,161,1
1973,129,0
315,229,0
1822,53,1
1589,211,0
1259,25,0
326,222,0
1671,33,0
617,229,1
372,206,1
1821,50,1
742,245,0
1098,177,0
304,147,0
1636,206,1
1797,235,0
1751,69,0
1925,80,0
2141,249,0
1030,66,0
830,183,0
688,100,0
1044,244,0
529,270,0
2016,164,0
1472,161,1
652,129,0
1205,278,0
608,135,0
1850,24,0
534,131,0
714,214,0
2101,30,0
1716,47,1
2256,234,0
284,24,0
636,62,0
626,289,0
2007,37,1
1693,220,0
1027,103,0
1440,112,0
1298,141,0
1360,20,0
546,80,0
895,157,0
1095,161,1
1886,212,0
3,227,0
1360,92,0
1343,43,1
1544,260,0
1912,44,0
109,218,0
613,82,0
1396,171,0
1317,3,0
1453,87,0
1676,37,1
1131,25,0
845,104,0
1291,65,0
276,146,0
252,253,0
817,142,0
145,46,1
1155,51,1
1034,26,0
1557,84,0
691,29,0
1128,1,0
767,64,0
1951,91,0
1266,50,1
375,264,0
1876,65,0
1815,69,0
880,151,1
1408,171,1
1198,80,0
502,45,0
1,92,0
2112,183,0
1698,155,0
604,225,0
2208,265,0
1846,236,0
1085,37,1
308,128,0
125,57,0
2295,215,0
244,199,0
1904,149,0
790,13,1
2136,15,0
264,227,0
1109,258,0
763,278,0
1630,269,1
1028,93,0
2139,247,0
2094,9,0
1054,170,0
1790,289,0
399,241,0
1542,126,0
1574,91,0
1153,115,1
582,56,1
2000,33,0
1863,260,0
1855,140,0
2244,42,0
351,267,1
2114,273,0
2297,195,0
1679,150,1
761,77,0
282,278,0
1672,224,1
1961,74,0
2035,111,0
1592,258,0
927,141,0
1549,121,0
717,74,0
961,257,0
1253,52,0
1511,241,1
1894,21,0
717,43,1
61,107,0
768,126,0
847,4,0
1136,172,0
793,19,0
1731,253,0
1746,76,0
451,134,0
923,246,1
1571,24,0
2215,6,0
1826,249,0
399,271,1
273,176,0
912,141,0
2148,128,0
2019,170,0
621,32,0
1251,159,0
1194,61,0
273,289,0
1379,55,0
678,57,0
1618,212,0
568,104,1
738,21,0
696,163,1
929,211,1
1452,47,1
1176,206,1
1824,82,1
407,171,0
836,248,0
420,114,0
2311,75,0
1580,5,1
2220,82,0
973,11,0
1090,270,0
441,4,0
1940,162,0
752,277,0
963,103,0
967,34,0
2065,269,1
1185,87,0
1982,105,0
651,73,0
2253,25,0
2135,270,0
1397,222,0
1175,229,1
39,196,0
2162,151,0
1202,38,0
438,81,1
1022,81,1
602,13,1
472,37,1
135,13,1
2183,13,0
1335,285,0
42,290,0
1885,110,0
353,277,0
913,240,0
1310,39,0
44,271,0
67,277,0
2032,73,0
926,114,0
140,192,0
971,31,0
2259,202,0
577,131,0
1862,173,1
1505,112,0
955,57,0
1730,203,0
1600,239,1
1239,179,1
734,178,0
263,202,0
875,276,0
595,271,1
1172,80,0
825,286,1
2320,119,0
1262,72,0
1815,227,0
1819,30,0
1413,58,0
658,211,0
1800,13,1
874,195,0
1628,218,0
16,279,0
555,243,0
1291,86,0
2211,278,0
396,233,0
113,185,0
1532,220,1
2010,36,0
156,18,0
1273,58,1
2225,43,1
1802,100,0
1558,58,0
162,11,0
251,226,0
835,220,0
625,171,0
405,113,0
972,253,0
640,269,0
859,220,0
1323,110,0
362,138,0
30,224,1
1922,74,0
383,7,0
502,174,0
1774,247,0
574,115,0
1546,238,0
1073,37,0
2267,250,0
847,130,0
1369,275,0
102,146,0
1903,1,0
2008,58,0
902,58,1
440,147,0
457,187,0
1597,275,0
439,89,0
1276,75,0
196,175,0
598,267,0
2035,271,0
1478,198,0
1369,151,1
1966,115,0
946,178,1
241,192,0
1650,233,0
1091,146,1
650,233,0
994,253,0
1941,169,0
793,167,0
1753,184,0
1561,121,0
888,237,0
832,69,0
927,121,0
307,277,0
267,86,0
194,179,1
146,224,1
2283,245,0
2144,206,1
944,115,0
460,66,0
842,165,0
2068,30,0
1990,27,0
1436,197,0
1858,16,0
1882,200,0
1827,17,0
219,209,0
846,217,0
480,14,0
1282,193,0
1399,74,0
175,219,0
322,206,1
2313,233,0
2055,117,0
985,58,0
472,18,0
1188,100,0
2040,212,0
266,114,0
533,96,1
114,273,0
1142,266,0
1608,134,0
1765,73,0
1880,7,0
336,147,0
1793,107,0
262,19,0
1810,133,0
377,155,0
616,146,0
1804,207,0
898,288,0
1977,131,1
905,206,0
1573,161,1
647,141,0
2127,108,1
367,191,0
1170,258,0
129,81,0
1400,127,0
2280,198,0
1424,227,0
1462,225,0
203,267,1
572,241,0
806,171,0
711,214,0
1728,242,0
777,138,0
331,35,0
1583,140,0
1123,87,0
432,102,0
76,238,0
1323,93,0
1365,66,0
1445,177,0
218,239,1
44,16,0
577,58,0
591,13,1
964,43,1
367,263,1
992,87,0
729,260,0
1514,255,0
104,33,1
119,106,0
2129,92,0
1157,128,0
1064,69,0
445,161,1
633,75,0
1359,34,0
550,128,0
569,183,0
1382,110,0
1164,107,0
803,15,0
1506,105,0
13,25,1
1272,276,0
1059,175,0
2046,90,0
411,122,0
951,195,0
1008,289,0
664,13,1
1456,132,0
2127,80,0
139,43,0
1248,4,0
1646,225,0
1255,61,1
520,47,1
680,225,0
362,191,0
1840,1,1
1251,286,1
492,81,1
1125,169,0
1269,55,0
200,37,0
1032,17,0
847,62,1
1721,120,0
1214,155,0
678,119,0
1166,200,0
723,274,0
1057,223,0
1554,103,1
804,78,0
1326,5,0
1337,13,1
945,46,0
981,151,1
737,246,0
2074,40,0
610,151,0
1876,11,0
1931,249,0
1784,68,1
493,57,0
515,131,0
818,87,0
1731,86,0
1506,26,0
1701,220,0
756,56,1
1894,204,0
1814,52,1
1257,130,0
1232,65,0
672,206,1
378,71,0
709,50,0
1257,126,0
2237,12,0
1022,69,0
1185,23,0
1744,206,1
156,139,0
686,167,0
127,50,1
1844,5,0
567,98,0
500,68,0
351,268,0
562,13,1
1794,203,0
1857,243,0
620,128,0
570,86,1
154,0,0
579,144,0
997,30,0
1853,229,1
1430,176,1
2048,37,1
2137,134,0
2289,286,0
1132,149,0
2049,24,0
1014,21,0
941,16,0
1785,55,0
229,127,0
1336,257,0
2118,12,0
1919,223,1
199,270,0
1415,266,0
2170,82,0
1990,280,0
2039,160,1
1226,32,0
1889,237,0
1321,126,0
806,53,0
501,203,0
2185,22,0
2250,150,0
16,146,0
177,93,0
1875,47,0
1197,95,0
877,110,0
318,268,0
583,142,0
687,140,0
1329,192,0
2076,83,0
1471,242,0
1609,82,1
1787,83,0
995,162,0
745,52,1
1889,229,1
1763,58,0
824,69,0
314,43,1
644,39,0
499,34,0
1982,243,0
279,208,0
636,133,0
489,196,0
1095,285,1
2273,208,0
1250,246,0
608,13,1
1908,162,0
1199,110,0
1472,82,1
2255,110,0
774,215,0
2229,187,0
2211,6,0
1248,130,0
1874,157,0
646,280,1
1489,121,0
907,240,1
355,131,0
685,145,0
2142,198,0
1488,133,1
380,280,0
2012,52,0
1640,148,1
520,55,0
860,215,0
2080,268,0
74,267,1
929,132,0
1426,257,0
1357,149,1
272,0,0
672,63,1
1296,179,0
229,11,0
92,28,1
1630,175,0
1034,256,0
1778,197,0
1652,88,0
792,176,0
446,164,0
937,93,0
1000,77,0
1152,144,0
1558,168,0
1224,277,0
782,69,0
542,58,0
887,194,0
1996,236,0
50,244,0
683,25,0
1380,57,0
965,43,1
1478,16,0
359,228,0
259,80,0
1235,206,1
90,164,0
1411,104,0
475,279,0
1424,181,0
1790,174,0
778,94,0
1091,47,1
490,194,0
1160,119,0
1317,247,0
1537,56,0
1478,193,0
2111,132,0
865,150,0
1811,84,0
2267,109,0
1277,80,0
1398,133,0
655,207,0
769,43,1
31,111,0
105,43,0
877,32,0
1975,175,0
1736,35,0
1664,245,0
1984,258,0
2209,58,0
312,129,0
1614,241,0
430,102,0
722,3,0
211,211,1
1506,210,0
128,88,0
951,164,0
599,275,0
1923,98,0
478,56,1
90,12,0
1697,87,0
524,143,0
871,80,0
1867,280,0
1797,169,0
780,19,0
1719,218,0
1394,225,0
510,87,0
906,1,0
1099,170,0
469,26,0
414,236,0
681,68,1
95,246,0
2065,90,0
569,200,0
251,140,0
1305,272,0
1138,235,0
1400,67,1
253,252,0
546,50,1
1761,47,1
749,257,1
1990,146,0
1769,32,0
28,275,0
1627,117,0
2073,21,0
804,264,0
2310,27,0
338,37,1
2230,276,0
1433,145,0
2203,138,0
845,110,0
1735,199,0
579,119,0
945,44,0
954,129,0
2209,289,0
2286,66,0
1730,96,0
758,140,0
1835,235,0
9,82,1
118,43,0
854,47,1
1992,28,0
528,75,0
1066,70,0
1448,220,1
2261,59,0
1272,63,0
1193,134,0
1478,18,0
2306,228,0
1560,140,0
1955,60,0
1416,199,0
850,8,0
660,20,0
1708,89,0
1853,108,0
1541,86,0
1778,190,0
1858,134,0
2108,181,0
901,278,0
1323,276,0
201,272,0
588,124,0
1317,249,1
424,69,0
40,43,1
724,139,0
2226,199,0
1310,70,0
1723,77,0
2024,235,0
1341,82,0
316,47,1
1815,178,0
454,1,0
931,229,0
660,144,0
1626,273,0
1378,44,0
1180,23,0
1562,66,0
1637,124,0
1983,73,0
526,190,0
1921,245,0
512,239,1
555,149,0
2034,17,0
1671,248,0
1684,28,0
1536,191,0
1141,50,0
554,271,1
72,43,1
585,107,0
1387,37,0
855,173,0
1779,202,0
658,186,0
1240,78,0
806,169,0
454,217,0
1130,183,0
672,257,0
1515,185,0
1033,250,0
11,165,0
1140,203,0
553,45,0
1352,40,0
1009,197,0
2023,223,1
2202,259,0
811,29,0
898,276,0
1482,37,1
1019,205,0
1705,272,0
1127,220,0
2147,247,0
1168,12,0
1360,233,0
978,271,0
885,119,0
573,141,0
1446,239,1
1739,94,1
2200,125,0
1848,234,0
345,133,0
1265,69,0
1761,23,0
511,12,0
856,22,0
669,239,1
1985,138,0
1804,131,0
858,73,0
844,289,0
672,212,0
1731,125,0
147,92,0
1920,160,0
411,267,0
1252,11,0
886,3,0
753,160,0
355,183,0
715,67,1
1515,146,0
333,164,0
635,73,0
888,287,0
1822,37,1
544,246,0
1104,225,0
704,242,0
1757,219,0
2167,262,0
1050,138,0
376,127,0
1450,161,1
1457,262,0
1429,285,0
1972,42,0
1222,271,0
940,21,0
1071,98,1
2153,58,0
601,152,0
1235,260,0
95,270,0
5,17,0
575,166,0
1425,73,0
907,272,0
106,263,0
456,26,0
122,92,0
2265,59,0
132,260,0
526,5,0
935,114,0
86,93,0
637,80,0
433,26,0
793,28,0
1958,47,1
2149,126,0
2160,31,0
1643,247,0
53,31,0
132,268,0
1092,277,0
1992,31,0
67,227,0
1574,45,0
349,182,0
516,215,0
1714,194,0
1553,78,0
29,207,0
1680,206,1
2005,48,0
277,237,0
1190,56,1
469,264,0
672,268,0
1944,82,1
1168,37,1
1002,175,0
1148,289,0
2270,13,1
348,190,0
122,218,0
698,90,0
1127,289,0
1839,161,1
1558,269,0
104,84,0
2265,130,0
253,229,1
256,43,1
2247,42,0
2171,65,0
645,37,1
879,275,0
851,223,1
21,150,0
976,265,0
1174,97,0
502,243,1
1250,206,1
495,26,0
998,128,1
1588,131,0
1771,90,0
51,1,0
1612,104,1
2145,262,0
561,229,1
1596,68,1
299,26,0
1422,164,0
1620,266,0
512,87,0
2200,212,0
1001,123,0
768,14,0
1214,181,0
1877,65,0
552,168,0
762,223,1
71,160,1
535,213,0
1282,130,0
497,160,1
658,120,0
1464,148,0
1789,268,0
97,143,0
1222,57,0
1673,176,0
1399,249,0
1711,170,0
2178,42,0
1913,91,1
1991,270,1
1660,197,0
427,103,0
2086,145,0
967,224,1
1951,259,0
1622,157,0
350,208,0
2143,97,0
961,85,0
661,260,0
1568,175,0
1106,243,0
176,124,0
1232,75,0
1414,55,0
62,39,0
1248,42,0
424,100,0
317,59,0
1039,223,1
1193,58,0
1771,86,0
600,211,0
1011,209,0
372,64,0
2008,19,0
1233,202,0
1350,166,0
1248,217,0
98,184,0
604,208,0
858,37,1
224,239,1
2167,19,0
1607,91,1
1599,261,0
785,151,0
1158,280,1
1409,105,0
1927,100,0
964,288,1
1703,184,0
1541,38,0
1192,28,0
1491,96,0
12,56,1
1386,37,1
629,106,1
1837,245,0
2199,220,0
607,37,0
454,257,0
484,145,0
58,228,0
1443,226,0
249,208,0
1381,60,0
1928,130,0
2022,179,1
2236,185,0
663,243,0
1787,201,0
41,186,0
92,133,0
971,57,0
1416,33,0
1651,160,0
1114,100,0
27,206,1
808,57,1
953,17,0
697,159,0
453,261,0
1096,14,1
1280,70,0
1259,145,1
1130,261,0
378,280,0
1221,67,1
554,199,1
929,117,0
665,124,0
121,25,0
760,264,0
757,167,0
1083,278,0
1551,58,0
1855,45,0
544,71,0
1810,69,0
1016,59,0
646,204,0
1322,282,0
1847,58,1
1619,50,1
458,178,0
1321,184,0
1731,251,0
33,155,0
1739,88,0
2109,70,0
2061,242,0
451,36,0
2253,270,0
1818,289,0
2232,243,1
2085,270,0
535,96,1
873,68,1
154,271,0
389,148,1
140,86,0
1226,89,0
1792,52,1
1152,208,0
353,1,0
1622,204,0
2100,69,0
1034,220,1
2249,103,0
655,13,1
515,282,1
1641,201,0
452,196,0
181,216,0
2124,149,0
2295,237,0
2102,155,0
546,185,0
635,60,0
662,213,0
2297,39,0
42,243,0
411,282,0
1017,109,0
1353,118,0
1938,268,0
231,60,0
169,181,0
983,264,0
1144,99,0
110,258,0
1452,0,0
2299,108,1
1458,35,0
390,241,0
392,5,1
173,82,1
2103,193,0
1496,81,0
2296,280,0
1641,88,0
2248,110,0
1670,195,0
1765,267,1
850,172,0
1447,205,0
1974,242,0
1044,107,0
1572,2,0
1743,206,1
1025,205,0
1576,252,0
650,279,0
2307,103,0
30,56,1
1542,184,0
38,125,0
1146,229,0
1222,25,0
1505,252,0
1972,175,0
215,245,0
598,249,0
1337,16,0
1326,0,0
2256,197,0
2198,71,0
215,184,0
611,169,0
334,43,0
547,50,1
2320,287,0
473,266,0
1537,33,0
2184,170,0
652,221,0
2248,32,0
2298,287,0
373,22,1
44,119,0
424,24,0
384,286,0
1669,261,0
1854,28,0
1531,249,0
943,6,0
1735,37,1
2106,168,0
2025,197,0
1936,217,0
1889,252,0
1620,257,0
1016,141,0
2038,223,1
1491,137,0
465,196,0
582,271,1
1558,237,0
642,50,1
2275,279,0
1739,115,0
2132,243,1
320,37,1
891,178,0
1721,149,0
1819,174,0
143,202,0
1887,156,0
1088,74,0
386,191,0
1025,82,1
2240,19,0
52,259,0
1528,129,0
928,37,1
2312,35,0
1392,80,0
1393,54,1
1069,77,0
1035,88,0
1146,245,0
648,267,0
1775,58,0
487,239,0
1720,19,0
942,69,0
1845,137,0
1195,229,1
2261,26,0
1750,245,0
1829,258,0
13,17,1
1848,268,1
1880,36,0
1364,23,0
588,110,0
1566,86,0
2080,82,1
2001,50,1
792,132,0
677,154,0
1514,208,0
15,224,0
107,262,0
1283,264,0
148,115,0
1579,118,0
1111,192,0
659,54,0
818,193,0
575,155,1
785,93,0
849,38,0
2092,145,0
900,109,1
560,285,0
407,139,0
2209,240,0
2180,127,0
1341,58,0
436,161,1
1562,193,0
1620,20,0
849,124,0
597,201,0
992,190,0
1688,217,0
1381,144,0
1161,248,0
1726,80,0
942,82,0
128,203,0
2163,263,0
1225,106,0
1077,240,0
197,272,0
1041,77,0
556,68,0
1675,117,0
704,196,0
2075,64,0
882,90,0
810,44,0
372,275,0
253,186,0
2247,13,0
1016,235,0
730,240,0
1898,186,0
2188,18,0
1340,67,1
1590,73,0
759,37,0
1,280,0
1756,57,0
1505,134,0
729,73,0
2229,181,0
426,105,0
29,18,0
5,184,0
2063,194,0
796,19,0
1858,248,0
765,93,0
2177,129,0
900,37,1
657,189,0
2084,272,0
1930,125,0
2294,204,0
819,164,0
2290,220,1
774,193,0
1042,246,0
1742,288,0
1263,66,0
554,229,1
1991,96,0
1757,43,1
1238,115,0
849,267,1
639,71,0
964,229,1
275,12,0
709,172,0
1502,184,0
2207,47,0
1303,59,0
2160,174,0
587,69,0
1173,227,0
1793,130,0
1721,140,0
2009,43,1
278,246,0
763,163,0
877,184,0
1547,117,0
1189,159,0
1562,207,0
82,200,0
346,75,0
1468,128,0
895,94,0
985,64,0
2224,196,0
2125,130,0
362,37,1
964,278,1
957,11,0
608,157,0
1865,197,0
26,164,0
8,65,0
2050,221,0
1753,195,0
1589,259,0
2234,43,1
881,57,0
114,243,0
1514,187,0
646,206,1
954,128,0
1735,129,0
427,12,0
1786,200,0
635,257,1
987,17,0
1695,239,1
1991,284,0
2225,21,0
327,267,0
2215,138,0
1558,170,0
2128,212,0
570,146,0
2075,135,0
1496,132,0
1024,99,0
188,243,0
1280,88,0
1744,87,0
1665,256,0
1790,207,0
488,143,0
1035,179,0
359,47,0
1941,286,0
1900,193,0
216,65,0
1134,77,1
2293,68,1
145,268,0
1742,243,0
1295,247,0
152,3,0
953,125,0
731,151,1
1733,268,0
1448,185,0
2318,89,0
1670,129,0
523,119,0
1400,160,1
1503,18,0
1084,52,0
656,100,0
2065,33,0
1798,37,1
2223,273,0
209,242,0
2043,82,0
2124,269,0
2276,223,1
1982,270,0
1563,33,0
1086,141,0
1312,49,0
1753,108,1
9,177,0
229,68,1
2233,38,0
26,245,0
692,184,0
384,226,0
2251,270,0
802,233,0
50,184,0
2275,171,0
914,56,0
698,272,0
701,10,0
1882,237,0
188,40,0
1839,104,0
1126,52,0
269,104,0
827,187,0
703,225,0
1704,253,0
2048,267,1
581,257,1
1613,274,0
1425,245,0
878,239,1
1353,144,0
199,138,1
910,98,0
92,247,1
1814,40,0
1649,89,0
2192,155,0
1765,2,0
717,87,0
2024,191,0
618,83,0
1329,112,0
51,54,0
1028,81,1
2036,59,0
2167,84,0
2148,165,0
769,104,0
1806,89,0
1411,251,0
1409,152,0
2166,191,0
1387,217,0
1897,268,0
837,76,0
217,264,0
620,13,1
969,111,0
222,110,0
1539,270,0
279,52,1
1601,197,0
505,35,0
1922,235,0
2091,56,0
333,42,0
650,168,0
2,57,1
843,192,0
162,257,0
1002,178,0
2045,110,0
150,148,0
581,82,1
1080,75,0
20,76,0
741,289,0
278,288,0
1779,37,1
878,268,0
1645,203,0
1541,98,0
118,248,0
3,37,0
335,257,0
2265,190,0
1952,239,1
1793,194,0
624,45,0
102,274,0
292,65,0
1121,220,0
2220,97,0
391,52,1
2226,178,0
1189,38,0
570,44,0
539,14,0
1595,50,1
1037,76,0
2210,122,0
1892,134,0
1414,269,1
237,115,0
1782,164,0
1243,129,0
1567,76,0
2105,128,0
1043,88,0
1543,239,1
410,13,1
453,110,1
305,7,0
2159,130,0
878,138,0
409,111,0
201,181,0
211,92,0
469,187,0
2237,187,0
1224,76,0
310,61,0
321,202,0
1489,30,1
611,159,0
2100,13,1
155,239,1
1589,242,0
1174,75,0
2207,56,0
904,80,0
445,183,0
1042,40,0
961,58,1
1968,18,0
276,203,0
1309,107,0
1577,290,0
1629,135,0
1125,123,1
1915,62,0
797,275,0
2163,179,0
394,244,0
233,4,0
2051,103,0
1332,18,0
1339,31,0
1012,186,0
898,229,1
2079,180,0
2306,55,0
1351,49,0
159,73,0
1327,150,0
1719,37,1
126,264,0
1743,37,1
38,121,0
676,13,1
343,80,0
1655,257,0
368,272,0
810,105,0
1215,157,0
213,239,1
1811,181,0
853,268,0
1780,43,1
1661,51,1
416,260,0
1812,60,0
49,243,0
420,267,0
1648,251,0
1249,95,1
1794,212,0
1648,220,1
554,283,1
1990,57,1
271,178,0
1817,252,0
1714,190,0
726,267,1
902,199,1
1043,3,0
896,97,0
2011,123,0
655,154,0
137,255,0
2208,43,0
2259,117,0
1692,269,1
2232,117,0
1113,42,0
433,239,0
734,60,0
50,138,0
177,58,1
758,156,0
2294,190,0
651,5,1
1278,33,0
2170,109,1
1322,64,0
1497,131,0
1241,13,1
383,81,1
626,78,1
1412,16,0
255,200,0
1398,159,0
423,94,1
2255,129,0
2179,190,0
2151,128,0
2066,204,0
227,110,0
1965,264,0
1574,126,0
407,25,0
1128,61,0
1949,208,0
1234,258,0
2307,174,0
432,81,0
2285,19,0
1511,127,0
1049,104,1
1516,25,0
492,114,0
260,138,0
236,27,0
648,123,1
476,14,0
1509,68,1
524,136,0
489,204,0
1508,161,1
7,184,0
1366,43,0
336,130,1
1644,31,0
360,223,1
1693,107,0
581,229,1
672,282,1
99,18,0
459,70,0
257,209,0
537,83,0
160,215,0
1708,78,0
1747,199,0
1335,125,0
635,218,0
1706,270,0
641,69,0
373,271,0
1240,231,0
665,222,0
450,37,0
364,224,1
1521,114,0
1744,143,0
1987,135,0
2250,195,0
173,163,0
1310,245,0
1568,259,0
1197,48,0
2206,46,0
1116,177,0
1254,234,0
10,235,0
1021,240,0
803,117,0
726,271,0
92,87,0
1640,13,1
1783,285,0
1408,65,0
651,129,0
2136,83,0
269,131,0
1303,247,0
537,229,0
1497,246,0
192,229,0
119,272,0
107,229,1
1327,210,0
1061,93,0
707,139,0
861,72,0
1980,60,0
1691,110,0
987,71,0
928,140,0
1212,12,0
947,183,0
1576,120,0
1038,129,0
572,275,0
1730,56,1
74,115,0
2122,173,1
2222,270,0
1685,108,1
28,13,1
1115,90,0
1610,143,0
1336,133,0
636,280,0
1889,87,0
270,98,0
369,183,0
2053,190,0
2104,81,0
1843,101,0
1134,202,0
1773,129,0
977,92,0
161,31,0
1142,77,0
2025,2,0
1625,34,0
2021,55,0
1166,84,0
309,156,0
1233,234,0
1670,127,0
427,18,0
1281,208,0
2078,71,0
1,118,0
824,70,0
1636,196,0
578,5,0
1241,206,1
1001,47,1
1817,87,0
657,199,0
76,162,1
1435,60,0
1018,274,0
305,279,0
1956,4,0
720,96,0
1559,272,0
891,192,0
935,53,1
783,233,0
1059,253,0
1109,75,0
370,96,0
1881,178,0
1879,61,0
2245,261,0
276,81,1
642,65,0
1140,144,0
1015,149,0
1401,56,1
2134,239,0
209,40,0
1484,4,0
2124,111,0
1819,128,0
142,4,0
1646,267,1
1793,241,1
1164,165,1
1739,161,1
1865,272,0
2212,155,0
2265,162,0
639,270,0
1460,223,1
237,186,0
2285,185,0
596,236,0
1599,181,0
976,159,0
604,68,0
2321,64,0
1343,18,0
252,123,0
326,100,0
103,110,0
873,264,0
944,139,0
2188,88,0
761,21,0
412,153,0
2158,32,0
1923,292,0
1177,215,0
932,264,0
1173,28,0
259,207,0
839,93,0
2036,90,0
268,229,0
1999,93,0
792,225,0
702,4,0
1299,215,0
2188,69,0
16,184,0
1423,201,0
1554,124,0
958,229,0
335,34,0
1807,43,1
328,223,0
927,77,0
1228,126,0
2078,261,0
986,220,1
2128,235,0
466,111,0
2255,18,0
2084,108,1
150,109,0
1366,120,0
1633,52,1
1544,196,0
1563,107,0
11,256,0
254,23,0
144,94,0
726,197,0
1311,47,1
887,21,0
1774,193,0
1229,25,0
1019,229,1
184,133,0
1677,37,1
584,82,1
162,176,0
1274,71,0
905,2,0
2234,206,1
854,129,0
2223,123,1
2157,99,0
1499,17,0
1748,117,0
2138,243,0
1317,10,0
756,1,0
709,5,0
1699,117,0
918,100,0
346,192,0
714,199,0
208,129,0
2008,37,1
1952,123,0
1826,176,0
195,107,0
1847,238,0
1669,186,0
1970,119,0
869,243,0
1547,223,0
466,206,1
2097,184,0
1223,84,1
367,285,1
330,42,0
817,285,0
630,241,0
1581,69,0
1103,175,1
2141,164,0
2002,125,0
2186,77,0
2145,202,0
207,26,0
741,276,0
1627,251,0
796,161,1
2147,197,0
663,185,0
2267,135,0
29,100,0
1681,73,0
2152,244,0
385,267,1
262,200,0
1314,99,0
2193,277,0
10,185,0
112,206,1
873,33,0
709,58,0
244,31,1
2307,102,0
547,257,0
1490,108,1
1410,245,0
1177,52,1
1431,284,0
418,13,1
1195,220,0
492,201,0
2182,194,0
1539,130,0
2219,181,0
1972,58,0
494,220,0
683,159,0
975,88,0
812,175,0
15,226,0
23,75,0
913,28,0
1887,56,1
1657,233,0
2208,208,1
654,13,1
1383,87,0
348,274,0
1561,69,0
1346,43,1
924,278,0
2285,64,0
1420,202,0
2089,228,0
2188,225,0
890,208,0
200,284,0
1677,70,0
1370,88,0
1442,123,0
904,15,0
1205,61,0
1270,251,1
1692,191,0
83,13,0
1862,251,0
1800,45,0
1527,227,0
839,58,1
857,208,0
521,270,0
703,35,0
960,209,0
296,88,0
828,202,0
2316,111,0
2222,114,0
1448,165,0
699,191,0
601,68,0
2320,259,0
1852,169,0
511,21,0
1070,282,1
2187,197,0
566,236,0
2233,79,0
2036,135,0
1738,64,0
218,259,0
1546,159,0
653,224,0
1387,259,0
213,83,0
2153,31,0
2041,218,0
2130,245,0
855,92,0
1785,253,0
2088,100,0
2029,235,0
2194,13,1
2259,212,0
1489,257,1
1379,283,0
1518,177,0
1076,5,0
1301,187,0
1293,68,1
835,211,1
2124,226,0
2181,242,0
596,233,0
591,60,0
1992,115,0
1876,222,1
2195,121,0
612,112,0
598,154,0
1059,98,0
941,135,0
1438,73,0
1751,157,0
150,82,1
1794,289,0
585,163,0
180,148,0
1173,195,0
1655,129,0
831,101,0
895,152,0
199,204,0
7,205,0
1545,147,0
975,195,0
1524,279,1
1774,115,0
1590,23,1
985,135,0
174,101,0
1756,78,0
103,82,0
1923,179,0
1403,68,1
367,179,1
813,32,0
627,56,1
1851,97,0
1091,239,1
1578,94,0
870,75,0
1853,91,0
1920,120,0
1441,72,0
1943,47,0
559,267,0
1596,194,0
1285,158,0
1457,270,0
2155,88,0
1624,55,0
200,149,0
1851,77,0
1290,86,0
477,75,0
592,183,0
182,110,0
736,235,0
2182,32,0
1147,18,0
27,249,0
987,184,0
789,21,0
1118,206,1
1653,268,0
2027,4,0
1702,79,0
176,243,0
409,13,1
1286,289,0
2291,231,0
1903,158,0
2086,13,1
1783,3,0
1193,67,0
1353,162,0
877,104,0
903,280,0
1797,129,0
721,32,0
445,80,0
487,197,0
49,233,0
812,177,0
675,76,0
1051,201,0
2082,276,0
589,225,0
1088,225,0
1942,15,0
1715,47,1
1850,230,0
1363,262,0
1929,0,0
1533,193,0
2230,175,0
2020,243,0
848,80,0
1436,198,0
1005,215,0
2182,201,0
1013,24,0
1167,78,0
944,288,0
1659,139,0
1198,159,0
2209,274,0
1547,115,1
1017,268,1
1835,257,0
39,11,0
230,59,0
291,43,1
1530,218,0
2207,153,0
1136,250,0
1593,103,0
1806,219,0
2096,262,0
1984,102,0
1490,123,0
2318,43,0
127,58,0
983,203,0
1872,223,1
2215,61,0
216,88,0
1352,99,0
495,131,0
1805,187,0
1123,240,0
768,100,0
419,236,0
2290,101,0
988,213,0
1236,247,0
2321,43,0
151,56,0
1140,19,0
467,150,1
890,247,0
1546,148,0
1195,21,0
1675,87,0
2194,43,1
547,104,0
1994,39,0
1226,81,0
1982,32,0
2113,159,0
831,209,0
1350,158,0
781,165,0
723,236,0
72,104,0
572,43,0
760,195,0
1789,90,0
34,191,0
12,199,1
2145,12,0
18,195,1
931,183,0
2193,39,0
845,190,0
1834,37,1
687,123,0
1594,33,0
2103,130,0
1373,211,1
1382,249,0
1785,175,0
625,134,0
1596,262,0
2166,100,0
2114,66,0
692,266,0
1479,102,0
919,221,0
1221,181,0
1248,18,0
1686,249,0
508,125,0
2178,73,0
747,43,1
1279,157,0
911,215,0
1088,0,0
1223,157,0
590,84,0
2138,53,0
1679,251,0
521,143,0
148,93,0
1116,242,0
450,291,0
935,14,0
1351,226,0
1665,206,0
395,119,0
943,17,0
1449,221,0
537,125,0
1245,43,1
1695,108,1
1703,6,0
401,52,0
228,164,0
57,223,1
1259,193,0
702,56,0
994,158,0
1603,220,0
716,37,1
374,211,1
1385,186,0
1814,203,0
1528,43,1
1707,192,0
1414,4,0
448,8,0
2286,248,0
231,43,1
1122,5,0
2066,183,0
2228,81,0
766,101,0
1534,275,0
1009,286,1
2246,145,0
1503,259,0
411,97,0
831,106,0
602,218,0
651,135,0
1585,180,0
1188,133,0
1742,82,0
1612,174,0
840,121,0
539,50,1
1457,235,0
663,240,0
2103,99,0
2190,98,0
836,220,0
332,161,0
811,163,0
1969,146,0
1816,225,0
2055,99,0
799,34,0
1558,262,0
1961,83,0
1951,66,0
1517,138,0
1607,0,0
1392,273,1
762,18,0
54,130,0
210,123,0
1914,179,1
820,11,0
250,113,0
909,181,0
465,110,0
1057,13,1
262,204,0
662,260,0
763,2,0
2093,218,1
304,130,0
81,144,0
1286,132,0
365,179,1
57,70,0
1547,123,0
922,38,0
2026,75,0
964,220,1
1505,20,0
582,29,0
1386,38,0
2101,73,0
2220,202,0
361,289,0
1017,106,0
1269,50,1
561,162,0
268,139,0
22,119,0
697,191,0
1318,270,1
1732,1,0
1695,187,0
1095,68,1
214,239,1
2106,175,0
1755,0,0
1544,202,0
175,161,0
62,234,0
494,272,0
263,54,1
2183,77,0
1067,143,0
2224,192,0
1225,131,0
432,83,0
1463,114,0
2316,13,1
1019,78,0
315,0,0
1747,243,0
2221,99,0
1153,141,0
938,0,0
1929,207,0
572,281,0
1650,47,1
382,175,0
34,234,0
918,185,0
956,71,0
691,213,0
2182,125,0
1593,37,1
2209,70,0
307,35,0
1306,281,0
656,245,0
1129,123,1
846,246,0
282,223,0
1907,131,0
1303,206,0
1214,127,0
607,107,0
1073,215,0
997,93,0
1620,223,1
1087,104,0
1220,47,1
1583,30,0
1000,47,1
1502,31,0
1095,206,1
1683,190,0
1749,108,1
1062,127,0
1686,2,0
870,44,0
606,164,0
1202,19,0
593,212,1
1146,56,0
334,266,1
525,120,0
1786,212,0
695,88,0
712,109,1
413,201,0
685,240,0
62,192,0
1477,126,0
1336,289,0
146,209,0
1515,206,0
1322,6,0
2178,174,0
904,72,0
103,196,0
1700,31,0
1849,41,0
702,119,0
1971,202,0
2218,209,0
1021,102,0
1281,30,0
1468,119,0
972,37,1
412,147,0
1607,248,0
416,218,0
479,190,0
1821,196,0
1438,275,0
1585,174,0
1047,196,0
727,26,0
1816,187,0
2117,202,0
1822,248,0
502,7,0
384,14,0
2245,155,0
2130,3,0
1872,47,1
901,244,0
904,175,0
867,28,0
1983,211,1
2033,178,0
434,43,1
1026,143,0
1682,16,0
934,203,0
2303,73,0
688,107,0
82,140,0
1184,158,0
314,267,1
1509,155,0
1427,62,0
1702,40,0
1547,97,0
200,185,0
330,225,0
1117,72,0
1700,237,0
1015,254,0
852,235,0
496,252,0
1218,224,1
428,19,0
1486,98,0
1140,39,1
746,148,1
2297,136,0
1206,190,0
1548,122,0
1995,58,0
645,192,0
931,266,0
648,91,0
1984,21,0
2062,77,0
1993,133,0
411,289,0
572,175,0
661,226,0
1126,282,0
1312,140,0
796,50,1
773,151,1
1172,225,0
2309,87,0
1292,98,0
2081,43,1
1782,130,0
1126,123,1
1164,128,0
2017,165,0
214,219,0
1392,210,0
1817,153,0
1443,197,0
728,87,0
612,101,0
587,255,0
1889,236,0
901,218,0
125,100,0
519,190,0
2307,40,0
845,52,1
1712,176,0
2226,123,0
697,185,0
404,60,0
2079,250,0
1620,248,0
799,108,1
1030,144,0
2183,262,0
470,132,0
1171,15,0
227,121,0
2208,236,0
1287,37,1
872,181,0
821,40,0
1609,37,1
584,254,0
687,179,0
1456,186,0
479,198,0
186,127,0
454,132,0
1491,188,0
621,153,0
672,5,1
1441,218,0
2292,198,0
1365,161,0
111,117,0
1169,224,0
77,196,0
2059,197,0
805,218,0
855,97,0
2080,43,0
2104,36,0
1152,192,0
109,172,0
19,179,0
329,67,0
1515,225,0
1156,155,0
1975,38,0
1641,198,0
61,78,0
1958,13,1
2077,249,0
895,183,1
1076,60,0
1351,107,1
593,92,0
881,289,0
899,82,1
2222,52,1
619,224,0
430,138,0
472,225,0
67,110,0
220,2,0
1617,262,0
1409,218,0
2319,61,0
2022,268,0
931,221,0
672,68,1
876,118,0
212,131,0
1503,0,0
2139,109,1
1454,144,0
459,52,1
369,201,0
1680,35,0
101,126,0
1273,14,0
1414,14,0
768,31,0
773,141,0
710,44,0
245,198,0
1327,123,1
964,51,1
1664,190,1
839,262,0
455,207,0
2291,152,0
1241,78,1
1407,133,0
753,48,0
634,122,0
1424,202,0
1316,35,0
1024,11,0
371,13,0
1055,76,0
1088,140,0
1399,242,0
1915,120,0
1190,81,1
1889,162,0
397,271,0
156,96,0
1448,286,0
2245,193,0
2019,277,0
1825,245,0
1917,227,0
714,230,0
1194,4,0
2147,289,0
298,40,0
2054,268,0
1775,273,0
147,80,0
511,176,0
2089,70,0
2058,73,0
2061,175,0
2032,194,0
9,66,0
1623,137,0
1226,155,0
521,221,0
785,272,0
1525,199,0
667,157,0
565,254,0
1278,129,0
1138,146,0
1189,215,0
2017,105,0
1150,102,0
688,151,0
307,165,1
1100,267,1
732,80,0
105,206,0
1778,143,0
376,81,0
1546,37,0
494,35,0
1331,198,0
685,37,0
1549,107,0
379,108,0
965,220,1
1427,167,0
1295,33,0
792,19,0
2022,289,0
1032,289,0
1758,57,0
429,118,0
1877,135,0
368,155,0
899,283,1
1390,219,0
150,110,0
1379,27,0
1599,159,0
360,244,0
664,172,0
988,81,1
1204,176,0
1080,37,1
1039,197,0
126,59,0
805,138,0
1853,201,0
1183,160,1
1504,47,1
911,204,0
176,94,0
1519,31,0
1080,86,0
1380,120,0
1501,132,0
786,282,1
2295,228,0
539,37,1
2292,260,0
535,6,0
716,43,1
446,80,0
1785,68,1
570,229,1
198,29,1
360,139,0
1488,96,0
1690,70,0
752,161,1
334,234,0
293,186,0
603,144,0
1758,16,0
915,35,0
1960,251,0
1195,225,0
1824,50,0
2061,131,0
351,207,0
1428,137,0
2294,42,0
589,130,0
1672,96,0
263,235,0
2319,158,0
331,132,0
1923,270,1
339,246,0
226,223,1
1062,59,0
1002,220,0
711,37,0
673,68,1
602,107,0
618,168,0
1233,78,0
1980,40,0
122,289,0
662,114,0
1002,195,0
2047,50,1
1106,244,0
231,37,1
1556,138,0
638,285,1
2026,68,1
1519,99,0
675,13,1
810,167,0
1904,210,0
2299,76,0
404,213,0
2240,127,0
1227,20,0
826,194,1
1189,108,1
1997,90,0
1283,207,0
850,91,0
881,110,0
929,235,0
2298,62,0
171,52,1
581,182,0
706,25,0
232,72,0
54,31,0
2263,230,1
1437,104,1
2031,61,1
340,179,1
1882,174,0
953,194,0
2106,61,0
1913,251,0
456,71,0
32,291,0
1962,227,0
245,206,1
16,158,0
1904,21,0
544,69,0
2320,57,1
459,247,0
811,147,0
2023,70,0
2302,201,0
1913,198,0
789,64,0
1278,64,0
1062,151,1
542,37,1
1663,77,0
1039,133,0
1250,37,1
2079,197,0
1453,129,0
894,69,0
1184,104,0
2252,242,0
1989,222,0
2216,23,0
1279,158,0
1063,40,0
1945,262,0
281,102,0
2245,4,0
409,146,0
2187,133,0
1783,248,1
89,242,0
166,34,0
1200,138,0
147,179,1
368,57,0
2209,79,0
565,98,0
632,222,1
485,120,0
566,37,0
847,31,0
1163,128,0
2239,90,0
56,245,0
2104,64,0
898,7,0
30,243,1
271,223,1
109,52,0
2112,73,0
888,40,0
1580,181,0
73,235,0
1499,75,0
2127,264,0
363,157,0
672,239,1
1914,212,0
2211,186,0
556,139,0
367,5,1
972,155,0
1725,20,0
765,160,0
2306,129,0
137,132,1
1975,242,0
362,264,0
2231,18,0
1850,198,0
1511,206,0
1702,235,0
293,124,0
1560,43,1
1173,178,0
1722,200,0
757,139,0
806,57,1
1431,289,0
1190,113,0
1470,281,0
1844,104,0
1732,173,0
1591,268,0
2085,244,0
2082,11,0
560,233,0
776,79,0
324,271,0
1981,239,0
1836,68,1
1023,76,0
685,69,0
1207,178,0
2110,211,1
170,135,0
2295,47,0
1097,80,1
1201,96,0
2120,272,0
1022,246,0
65,68,1
1988,80,0
393,162,0
36,43,0
581,247,1
30,123,1
2127,28,0
1532,161,0
718,78,0
1669,258,0
1476,270,0
1041,37,1
965,211,1
2106,32,0
596,96,0
733,125,0
1629,186,0
1686,33,0
1570,135,0
2244,107,0
2178,159,0
2317,163,0
1397,176,0
1962,138,0
404,120,0
2031,11,0
1974,100,0
198,253,0
1697,70,0
2212,161,0
2253,211,1
503,215,0
816,171,0
428,200,0
970,193,0
764,53,0
403,76,0
1095,282,1
81,121,1
1906,283,0
811,254,0
1930,111,0
811,190,0
1213,104,0
1626,219,0
1947,176,0
753,183,0
1155,105,1
627,283,0
103,223,0
249,64,0
1393,40,0
861,50,1
877,284,0
548,13,1
768,67,1
1452,269,1
481,212,0
1012,84,0
1031,143,0
482,190,0
739,272,0
1970,126,0
854,245,0
2148,171,0
1096,148,0
1117,37,1
1744,187,0
1885,65,0
2010,90,0
1578,231,0
225,26,0
1131,235,0
162,198,0
1676,268,0
1229,95,1
1354,234,0
1943,50,0
637,134,0
462,26,0
830,283,0
1879,81,0
705,204,0
2005,15,0
872,128,0
1178,83,0
976,187,0
13,255,0
395,212,0
864,241,0
1002,77,0
1301,194,0
2298,50,0
978,272,0
921,148,0
371,150,1
1332,74,0
1106,18,0
2110,248,0
1707,26,0
1435,15,0
2004,183,0
1594,119,0
1847,115,1
1148,79,0
571,124,0
679,86,0
1158,202,0
1798,155,1
1320,97,0
157,219,0
552,41,0
589,243,0
39,99,0
707,99,0
1330,93,0
692,257,0
1523,70,0
293,154,0
127,34,0
1866,176,0
751,158,0
1881,153,0
767,202,0
319,206,1
1726,209,0
101,67,0
1228,88,0
1320,224,0
1766,52,1
1839,132,0
2027,132,0
1128,220,0
2151,228,0
567,269,0
1732,39,0
50,277,0
23,32,0
1606,260,0
1998,32,0
1461,100,0
645,55,0
984,13,0
1602,55,0
199,239,0
1234,13,1
1428,160,0
1525,123,0
581,199,1
237,69,0
1872,78,0
2147,140,0
916,43,1
913,188,0
135,130,0
322,57,1
396,83,0
11,72,0
1027,80,0
1297,225,0
236,37,0
713,271,0
1000,232,1
321,133,0
2278,113,0
1531,220,1
2265,78,0
73,56,1
689,232,1
644,93,0
1989,212,0
1873,43,1
1353,193,0
2240,162,0
1610,24,1
151,203,0
1930,242,0
1308,233,0
663,71,0
1805,54,0
246,190,0
43,59,0
169,6,0
809,182,0
1101,77,0
465,123,0
224,266,0
953,178,0
800,43,1
86,70,0
255,249,0
240,270,0
696,37,1
1378,55,0
2185,164,0
934,233,0
510,83,0
525,171,0
1959,280,0
162,243,0
820,76,0
104,30,0
1467,42,0
103,42,0
356,251,0
1539,77,0
1325,57,0
87,0,0
1162,4,0
1614,3,0
1062,257,0
1541,26,0
684,72,0
984,15,0
1207,123,0
549,249,0
879,26,0
1826,32,0
1642,88,0
454,206,1
1303,243,0
1961,187,0
962,52,1
968,43,1
1218,202,0
2008,103,0
20,43,0
1319,43,0
2194,97,0
1058,52,0
654,98,0
410,259,0
58,289,0
1580,275,0
334,144,0
527,276,0
785,36,0
1766,289,0
1147,69,0
1882,26,0
1060,69,0
1124,10,0
96,5,1
1915,246,1
1164,157,0
2034,79,0
182,18,0
498,219,0
1789,28,0
887,39,0
2064,238,1
289,55,0
2153,155,0
363,286,1
1845,249,0
1335,64,0
1642,191,0
1671,190,0
1816,157,0
181,85,0
1479,233,0
773,259,0
325,150,0
1430,35,0
1943,207,0
1195,279,0
710,66,0
1442,19,0
2138,185,0
2012,110,0
1273,67,0
580,235,0
192,52,1
140,106,0
1194,108,0
901,63,0
1251,121,0
392,239,1
1867,161,0
1446,64,0
393,47,1
2242,273,0
1272,136,0
618,38,0
564,186,0
1944,142,0
1683,125,0
1350,227,0
924,101,0
2071,162,0
65,26,0
2201,76,0
1931,132,0
1459,68,1
1048,243,0
335,192,0
1511,244,0
546,248,0
177,120,0
2145,247,0
1142,128,0
1039,100,0
1973,220,0
2042,24,0
2040,211,1
500,160,0
733,37,1
532,193,0
1645,43,1
2088,99,0
1997,37,1
1096,30,0
154,218,0
146,58,0
363,209,0
469,103,0
94,44,0
154,204,0
231,260,0
1852,21,0
320,108,1
2314,55,0
1020,84,1
826,159,0
505,69,0
2163,84,0
1588,26,0
2289,165,0
208,175,0
1607,221,0
618,138,0
1448,137,0
1156,178,0
40,98,0
378,58,0
350,241,0
634,107,0
1235,37,1
1510,273,0
1885,186,0
2002,266,0
1013,79,0
928,195,0
2249,232,0
1838,64,0
1852,61,0
1175,161,1
1510,30,0
789,81,0
2268,109,0
721,229,1
2078,137,0
2064,66,0
439,45,0
1782,86,0
138,168,0
1974,271,0
275,165,1
134,277,0
338,206,1
977,17,0
321,5,1
1458,53,1
1463,194,0
1784,264,0
267,183,0
814,199,0
2121,157,0
1158,70,0
1664,62,0
1038,26,0
193,246,0
1117,286,1
920,215,0
1665,226,0
1561,119,0
681,12,0
1888,16,0
111,134,0
1094,89,0
1768,164,0
957,13,0
416,166,0
1329,136,0
1856,189,1
571,230,0
2301,79,0
1497,201,0
634,119,0
2291,55,0
1713,34,0
1174,38,0
1663,252,1
1345,21,0
585,13,1
1959,49,0
372,246,0
1426,26,0
1035,69,0
461,81,1
1967,219,0
74,277,0
1439,261,0
1057,16,0
1345,104,0
2163,258,0
200,85,0
1529,52,1
1603,164,0
1963,161,1
1828,263,0
2056,0,0
1567,156,0
50,34,0
2258,146,0
872,75,0
2020,215,0
294,220,0
1678,73,0
1695,215,0
2044,196,0
1581,64,0
639,233,0
13,76,1
801,169,0
1091,179,1
604,28,0
1620,117,0
1728,224,1
144,169,0
1579,222,1
1953,161,1
146,17,0
108,229,1
353,254,0
1799,0,0
1422,273,0
766,60,0
1072,51,0
1003,131,0
2075,143,0
1997,185,0
1648,103,0
1418,0,0
1060,212,0
204,60,0
432,143,0
1374,268,1
1709,225,0
1614,133,0
405,241,0
1625,35,0
758,66,0
903,73,0
2144,39,0
1891,229,1
70,224,1
2247,242,0
1079,227,0
1520,186,0
1811,221,0
1393,206,1
1490,87,0
710,187,0
341,260,0
1930,40,0
2071,66,1
965,81,1
866,230,0
369,100,0
2248,140,0
1839,33,0
1661,50,1
2221,139,0
1563,75,0
2314,162,0
721,155,1
1546,81,0
2220,219,0
1788,248,0
920,258,0
576,277,0
1853,239,0
1799,43,0
1269,12,0
944,149,0
1495,270,0
915,100,0
2165,225,0
908,218,0
502,237,0
1182,121,0
979,115,0
433,39,1
1603,70,0
1628,32,0
2199,89,0
339,20,0
125,56,0
2289,8,0
1252,56,1
606,258,0
2248,71,0
811,101,0
1074,204,0
1181,192,0
2200,79,0
633,13,1
1508,88,0
1373,158,0
2317,259,0
52,6,0
1294,55,0
844,78,0
403,159,0
1377,208,0
1593,33,0
341,50,1
2081,198,0
1800,170,0
929,125,0
986,40,0
1700,54,0
86,191,0
421,262,0
1298,233,0
1280,10,0
557,265,0
549,172,0
839,144,0
290,33,0
1869,282,1
1475,161,1
324,184,0
1076,74,0
1375,162,1
1665,75,0
103,85,0
409,29,0
28,6,0
140,208,0
1282,13,0
29,170,0
1421,38,0
556,137,0
1628,42,0
1514,22,0
1015,30,0
2020,282,1
604,279,0
484,180,0
1449,258,0
1991,187,0
426,147,0
2151,267,1
575,43,0
981,117,0
978,15,0
135,148,0
1527,57,0
217,42,0
587,13,1
1248,70,0
2250,212,0
1046,133,0
72,212,0
1532,29,0
450,286,0
1504,184,0
1974,187,0
810,101,0
268,193,0
1244,143,0
2219,275,0
1141,277,1
1877,215,0
127,253,0
740,135,0
1908,224,1
1282,207,0
985,292,0
935,77,0
2184,94,0
116,225,0
1275,119,0
47,183,0
1960,119,0
1786,79,0
1692,47,1
1438,14,0
617,92,0
417,140,0
1888,7,0
1837,251,0
954,199,0
1923,82,0
1404,263,0
636,61,0
644,209,0
1997,31,0
841,146,0
1954,289,0
1195,142,0
820,262,0
1269,268,0
835,110,0
2106,37,0
377,14,0
927,20,1
1951,74,0
1906,179,0
1037,233,1
1247,272,0
2245,57,1
2290,291,0
1020,229,1
382,106,0
120,0,0
1363,191,0
1992,119,0
1371,145,0
1712,74,0
966,92,0
358,219,0
973,196,0
2298,155,1
1436,125,0
229,1,0
140,213,0
458,177,1
1907,53,0
1574,41,0
1157,265,1
690,137,0
2017,137,0
983,20,0
2224,242,0
2111,207,0
1557,162,0
1103,43,1
743,67,1
503,262,0
1099,189,0
289,185,0
382,82,1
1864,235,0
731,189,1
1602,11,0
1318,249,0
368,96,0
1420,263,0
1916,82,0
1943,243,0
2305,249,0
1868,276,0
839,202,0
148,260,0
1285,97,0
1767,131,0
2145,35,0
213,245,0
1710,159,0
1583,289,0
1175,47,1
1991,285,0
964,211,1
305,61,0
266,81,0
593,13,1
1594,87,0
2161,270,1
2300,56,0
254,195,0
128,76,0
646,13,0
1663,192,0
1952,79,0
2143,193,0
220,212,0
1808,206,1
2171,32,0
1531,222,0
32,280,0
2007,66,0
1363,78,0
2248,55,0
855,13,1
695,6,1
650,183,1
1050,18,0
2310,149,0
1277,33,0
1990,58,1
1140,238,0
2283,272,0
2128,266,0
1335,264,0
824,217,0
314,96,0
1464,252,0
1581,124,0
2170,100,0
618,254,0
2319,87,0
276,138,0
2162,100,0
240,233,0
2173,17,0
1224,83,0
1991,145,0
2298,286,0
1967,132,0
215,239,1
1113,103,0
160,43,1
1726,1,0
869,24,0
393,187,0
365,184,0
1673,40,0
1120,145,1
673,27,1
2021,57,0
1964,251,0
124,264,0
840,76,0
737,21,0
638,164,0
247,38,0
45,90,0
1070,268,0
271,21,0
1030,206,0
223,228,0
1245,87,0
1084,23,1
2079,155,0
87,78,0
1064,111,0
1353,276,0
1156,280,1
1801,253,0
2256,119,0
1889,149,0
325,29,0
1542,1,0
1997,39,0
1967,102,0
1645,4,0
712,76,0
874,93,0
1942,210,0
2237,37,1
2001,197,0
2177,183,0
921,13,1
2278,4,1
366,58,0
699,34,0
1112,124,0
682,223,0
636,10,0
906,76,0
1312,170,0
1532,88,0
201,243,0
757,256,0
1837,47,1
1171,287,0
907,243,0
857,174,0
1827,23,0
143,240,0
757,117,0
638,199,0
549,166,0
1098,146,0
1646,253,0
587,278,0
755,271,0
259,100,0
1313,243,0
1796,220,0
1019,77,0
2293,58,0
899,151,1
973,219,0
1870,18,0
1078,229,1
2124,182,0
759,101,0
1648,206,1
1689,110,0
1877,37,1
1380,171,0
2006,13,1
1597,129,0
888,80,0
77,245,0
1259,158,0
2228,198,0
807,48,0
1035,46,0
475,199,0
1326,21,1
1682,104,0
1967,13,1
2123,234,0
805,252,0
49,228,0
1639,220,0
2001,86,0
1761,28,0
879,98,0
624,233,0
548,177,0
1224,62,0
1775,78,0
1563,268,0
316,160,1
1831,231,0
744,26,0
2083,201,0
456,204,0
1488,157,0
852,147,0
1002,5,1
543,81,0
1281,38,0
1552,108,0
815,58,0
1179,139,0
1496,186,0
2081,26,0
1035,285,0
776,80,0
864,111,0
652,20,0
662,208,0
381,201,0
2124,231,0
2051,69,0
1392,175,0
779,119,0
2039,64,0
2041,207,0
240,200,0
110,127,1
626,288,0
771,253,0
1459,37,1
1479,203,0
803,127,0
40,76,0
2204,230,0
1335,278,0
909,286,0
2309,152,0
1518,48,0
1120,212,0
2139,175,0
1062,271,0
1420,120,0
994,266,0
1835,175,0
1979,38,0
2309,148,0
2167,161,0
1320,188,0
1073,34,0
2119,206,1
1122,265,0
1449,161,1
1143,190,0
1783,171,0
2057,249,0
660,157,0
754,2,0
612,110,0
404,254,0
801,57,1
1023,248,0
1909,130,0
834,12,0
938,47,1
1164,14,0
2106,10,0
1317,22,0
848,35,0
187,199,0
2169,220,0
147,164,0
1789,213,0
1587,4,0
932,57,0
1180,108,1
997,128,1
2312,37,1
325,234,0
178,244,0
149,247,0
589,4,0
333,98,0
6,117,0
45,175,0
1522,43,1
74,138,0
1528,38,0
647,105,0
600,206,0
1398,34,0
1953,267,1
2108,28,0
2017,169,0
1484,133,0
1567,198,1
12,195,1
1502,251,0
1319,1,0
329,146,0
2151,83,0
479,164,0
989,89,0
1048,195,0
663,201,0
736,268,1
2230,67,1
1400,114,0
1455,261,0
1789,2,0
1183,17,0
702,46,0
1719,96,0
2008,100,0
1050,23,0
447,90,0
1494,260,0
719,82,0
320,160,1
1863,83,0
1912,122,0
661,221,0
830,187,0
1971,80,0
1801,242,0
921,144,0
1799,67,0
1702,80,0
1566,199,0
100,157,0
478,197,0
1407,56,0
1580,217,0
694,17,0
565,43,0
774,242,0
1405,37,1
51,137,0
2051,54,0
143,225,0
1638,183,0
1428,81,1
2129,16,0
1709,45,0
430,223,1
1150,187,0
403,105,0
1082,78,0
2243,42,0
1110,108,1
1070,174,0
1332,77,0
408,62,0
1921,43,1
2198,271,0
2000,208,0
670,33,0
2029,275,0
611,230,0
282,254,0
537,59,0
557,271,1
1466,43,1
1445,126,0
1863,115,0
964,206,1
1613,55,0
1949,32,0
2297,206,0
729,267,0
1118,114,0
1155,193,0
192,97,0
225,38,0
496,183,0
1083,124,0
1722,120,0
268,98,0
734,196,0
764,198,0
119,114,0
1388,58,0
113,71,0
2278,79,0
1034,130,0
180,224,0
200,200,0
469,102,0
930,137,0
1420,250,0
573,280,0
184,203,0
1029,177,0
513,81,0
1095,67,1
251,102,0
957,235,0
1863,139,0
1611,286,0
701,181,0
330,141,0
1451,161,1
423,138,0
516,42,0
1197,24,0
222,272,0
73,222,0
195,13,1
2027,181,0
355,157,0
218,195,0
624,200,0
81,26,0
1053,127,0
1422,13,1
518,98,0
1679,71,0
718,28,0
73,32,0
1642,59,0
928,206,1
779,161,1
2153,178,0
953,83,0
183,140,0
2208,31,0
819,64,0
362,158,0
1426,235,0
844,98,0
333,239,0
1099,247,1
1128,205,0
711,198,0
1645,192,0
1572,202,0
1396,51,0
386,111,0
442,65,0
1947,147,0
504,37,1
1990,226,0
602,38,0
1836,266,0
1384,20,0
693,282,1
756,96,0
194,186,0
696,235,0
1911,139,0
1184,244,0
210,139,0
1307,276,0
1747,260,0
954,271,0
763,160,0
183,77,0
616,244,0
1380,121,0
1574,179,0
2255,88,0
1203,220,1
1412,209,0
1156,257,0
577,199,0
1675,81,0
1205,281,0
1750,183,0
772,32,0
1580,72,0
1681,71,0
386,5,1
1320,243,0
2227,40,0
972,38,0
891,272,0
2237,78,0
1075,191,1
1933,134,0
536,229,0
69,233,0
19,270,1
1990,30,0
406,227,1
1032,248,0
1742,271,0
16,266,0
1634,89,0
850,233,0
502,91,0
1218,37,1
988,163,0
1871,239,1
328,247,0
174,155,0
1592,199,0
2011,25,1
1605,140,0
1241,269,1
2264,175,0
972,187,0
2021,43,1
742,97,0
99,33,0
478,57,1
2301,190,0
2193,2,0
1330,143,0
914,251,0
2155,200,0
476,100,0
611,2,0
1018,206,0
0,56,1
700,209,0
1034,122,0
1064,81,0
378,181,0
1754,103,0
1810,18,0
475,162,1
1332,188,0
1487,151,1
182,251,0
889,28,0
1601,234,0
1897,266,0
1854,229,1
980,187,0
458,35,0
180,200,1
433,34,0
1130,42,0
2183,52,1
1008,174,0
1088,58,0
789,43,1
2189,219,0
535,199,0
1167,176,0
1067,80,0
242,267,1
426,20,0
701,56,0
2012,258,0
115,185,0
286,29,0
1529,249,0
1782,140,1
1409,189,0
248,186,0
1816,73,0
587,276,0
13,243,0
1578,151,0
2051,220,0
1245,110,0
1760,271,0
1609,51,1
1157,5,1
50,69,0
796,209,0
571,262,0
766,252,0
2221,102,0
104,21,1
2250,229,0
1238,201,0
2085,204,0
1415,193,0
418,175,0
1153,52,0
2199,37,1
2303,34,0
4,37,0
14,183,0
2175,42,0
59,249,0
2072,123,0
479,241,0
1438,0,0
222,80,0
109,125,1
2242,88,0
1566,42,0
108,250,0
2294,267,1
297,77,0
1942,251,0
2139,251,0
27,133,1
1853,113,0
2284,43,1
2207,208,1
2282,19,0
640,82,1
492,240,0
1969,103,1
1498,40,0
2172,127,0
336,291,0
1220,241,0
2127,190,0
1875,100,0
220,261,0
1959,162,0
784,217,0
1658,146,0
307,248,0
1997,215,0
100,43,1
1018,97,0
1803,253,0
577,3,0
1142,212,0
1947,16,0
1725,40,0
1482,234,0
145,234,0
381,284,0
30,229,1
859,132,0
2156,228,0
316,86,1
215,164,0
1704,202,0
1618,65,0
1153,229,0
1221,77,0
1431,86,0
125,151,0
537,119,0
765,126,0
1366,127,0
75,93,0
2,4,0
322,224,1
1581,117,1
137,98,1
1641,185,0
523,282,1
935,68,1
158,155,0
343,127,0
2113,98,0
1154,201,0
1144,192,0
266,56,0
1009,158,0
968,219,1
546,16,0
2087,219,0
1843,210,0
1908,90,0
2224,289,0
2263,17,0
786,127,0
216,183,0
718,200,0
458,66,0
1857,52,1
1467,64,0
1962,83,0
498,148,1
2043,70,0
1135,249,0
1072,238,0
1721,63,0
400,157,0
1755,220,0
1871,223,1
1073,259,0
1480,286,1
1304,105,0
619,261,0
2130,66,0
1006,194,0
1524,52,1
852,120,0
965,91,1
2099,282,1
1175,108,1
147,212,0
397,3,0
1242,43,1
1568,21,0
1478,56,0
1298,128,0
1612,7,0
2229,143,0
1542,11,0
1682,239,1
1965,32,0
1584,239,1
1630,100,0
86,197,0
1379,257,0
1594,130,0
2191,234,0
661,113,0
1233,53,1
2159,201,0
669,13,0
383,82,1
759,233,0
948,227,0
348,28,0
665,39,0
2249,77,1
2291,234,0
1708,164,0
1196,39,0
608,219,0
1277,289,0
1433,1,0
1504,115,0
1212,192,0
1098,155,0
376,246,0
1364,76,0
662,13,1
1324,204,0
1939,82,1
739,55,0
771,26,0
2117,286,1
2025,111,0
2107,206,1
1585,251,0
2155,267,1
366,286,1
2,118,0
1759,103,0
1020,135,0
288,269,1
538,228,0
1853,208,0
1122,135,0
850,235,0
2074,13,0
835,107,0
601,13,1
2242,233,0
555,135,0
2181,12,0
1102,42,1
602,157,0
580,262,0
369,220,0
1882,231,0
150,176,0
647,123,1
258,282,1
949,81,0
850,256,0
1651,42,0
1199,221,0
1992,276,0
345,86,0
250,208,0
1358,4,0
178,228,0
1270,95,0
1893,92,0
905,123,0
1823,141,0
1350,285,0
1318,19,0
459,187,0
883,158,0
1193,203,0
958,190,0
1178,154,1
391,244,0
1489,51,0
1311,196,0
1651,269,0
915,23,0
1401,179,0
871,13,0
1109,272,0
1764,269,1
2085,84,0
297,218,0
101,135,1
1984,67,1
136,230,0
460,150,1
1903,161,1
1395,15,0
812,126,0
56,223,1
2163,27,0
486,241,0
1621,138,0
1248,264,0
121,287,0
1284,68,1
298,201,0
940,135,0
208,14,0
610,148,0
1167,58,0
1137,285,1
2192,44,0
1015,144,0
1589,253,1
1661,43,1
1058,276,0
63,3,0
616,157,0
2107,190,0
359,235,0
685,1,0
1860,200,0
749,131,0
2135,175,0
1224,245,0
2290,143,0
1040,110,0
1971,121,0
1321,5,0
204,102,0
89,130,0
1248,111,0
1125,141,0
2088,235,0
1444,206,0
879,32,0
1014,182,1
1111,99,0
2255,200,0
1648,1,0
1009,70,0
1448,21,0
379,186,0
733,93,0
727,28,0
1664,220,0
1358,13,0
134,217,0
1790,101,0
1838,17,0
1906,206,0
949,227,0
809,160,0
1726,185,0
1570,277,0
1894,241,0
714,270,0
2183,208,0
1708,57,1
346,179,1
1013,43,1
698,164,0
2299,59,0
1157,167,1
1235,202,0
1806,198,0
1789,271,0
1769,203,0
1193,33,0
148,234,0
723,243,0
1505,66,1
741,60,0
40,159,0
1908,178,0
561,168,0
371,118,0
2047,52,1
2039,286,1
2248,84,1
1000,161,1
1577,239,0
1549,28,0
816,14,0
1095,37,1
1993,235,0
90,56,0
1556,73,0
914,264,0
463,220,0
812,231,0
1083,29,0
2211,105,0
1932,115,0
8,56,1
1205,240,0
2076,84,0
355,277,0
729,224,0
1555,195,0
1217,50,1
1435,230,0
1441,100,0
1955,64,0
422,195,0
1144,249,0
492,35,0
2085,197,0
390,267,1
2025,74,0
118,214,0
1649,40,0
1231,83,0
1252,50,0
20,3,0
562,168,0
1885,55,0
1713,201,0
1314,201,0
1911,88,0
1321,15,0
1259,89,0
922,63,1
1349,221,0
178,179,1
526,233,0
997,227,0
491,123,0
2014,69,0
156,21,0
2134,160,0
470,260,0
1932,96,0
2153,101,1
2167,58,1
2277,266,0
1045,31,0
346,195,0
2189,243,0
420,49,0
812,254,0
12,179,0
1891,290,0
2115,275,0
1081,133,0
782,80,0
98,56,0
1377,202,0
1395,129,0
677,67,0
438,259,0
639,100,0
480,77,0
2156,69,0
423,43,1
1753,125,0
1700,139,0
753,110,0
1034,66,0
984,88,0
2256,183,0
1498,235,0
661,47,0
2072,95,1
1741,257,0
1179,56,0
1556,248,0
1126,63,0
256,268,0
1132,136,0
371,0,0
2256,131,0
671,270,0
1189,164,0
615,147,0
804,93,0
1431,6,0
2194,229,1
453,211,1
484,169,0
1610,157,0
461,188,0
1572,161,1
53,223,1
701,100,0
316,37,1
1196,118,0
1675,141,0
277,108,0
1701,84,0
1029,82,1
707,211,1
656,0,0
552,13,1
901,22,0
2184,21,0
1463,225,0
2217,83,0
1324,208,0
55,223,1
2258,45,0
500,200,0
15,167,0
1404,26,0
1343,197,0
502,131,1
381,246,0
535,156,0
408,220,0
1073,18,0
2193,108,1
339,47,1
1549,165,1
390,198,0
1426,44,0
24,102,0
1805,252,0
1720,89,0
1392,120,0
887,37,1
2214,201,0
1257,161,1
556,97,0
1184,271,0
2157,76,0
1523,17,0
1832,157,0
1114,68,1
1271,153,1
1308,20,0
1525,110,0
726,217,0
1566,247,0
449,267,0
619,18,0
777,170,0
911,130,0
273,24,0
1327,201,0
2153,243,0
1345,157,0
498,77,0
1727,224,1
329,110,0
1292,227,0
728,14,1
1908,64,0
2013,69,0
1560,0,0
673,92,0
153,276,0
1096,206,0
945,185,0
618,129,0
1751,219,0
1246,0,0
2157,132,0
2275,206,0
750,17,0
2290,171,0
2210,145,0
859,37,1
163,202,0
1136,123,1
1856,86,0
125,25,0
49,155,0
2185,263,0
1541,109,1
1061,228,0
474,262,0
547,134,0
276,88,0
1572,141,0
202,167,0
1633,17,0
1870,36,1
1268,86,0
28,170,0
1291,235,0
2217,30,0
1646,196,0
1418,104,0
392,43,1
1630,97,0
6,3,0
1434,277,0
1689,202,0
435,43,1
2233,1,0
868,83,0
2279,130,0
1308,210,1
727,282,0
1938,207,0
787,96,0
1093,53,1
1750,194,0
525,199,1
1227,212,0
2214,60,0
1242,54,1
1279,135,0
140,82,0
298,3,0
871,42,0
513,221,0
934,13,0
1649,33,0
1293,129,0
818,249,0
534,154,0
1752,69,0
1762,195,0
2280,264,0
732,212,0
1778,275,0
1835,202,0
1223,201,0
1983,275,0
288,212,0
581,130,1
158,121,0
1835,37,1
673,124,0
894,202,0
915,161,1
860,83,0
851,81,1
355,35,0
1386,239,1
1612,141,0
1653,75,0
286,80,0
534,190,0
735,103,0
491,81,1
1699,147,0
1840,87,0
820,55,0
1790,246,0
53,76,0
1296,144,0
2241,16,0
2249,278,0
1947,292,0
1480,175,0
1618,124,0
734,11,0
2160,196,0
592,13,1
721,287,0
2093,214,0
467,93,0
1588,93,1
1584,37,1
1459,161,1
926,187,0
686,199,0
2149,245,0
208,39,0
2195,248,0
43,92,0
2199,14,0
1161,224,1
1909,198,0
2127,126,0
964,252,1
2033,193,0
1202,68,1
1859,4,1
1026,161,1
740,219,0
805,95,0
1166,55,0
1518,185,0
2291,230,0
407,113,0
1916,12,0
458,266,0
2192,166,0
1102,11,0
1904,229,1
1685,3,0
1275,115,0
629,242,0
2297,114,0
2190,127,0
1505,172,0
1272,9,0
2176,277,0
2038,26,0
408,183,0
657,46,0
1671,62,0
936,58,0
783,43,1
1787,206,1
225,272,0
685,65,0
1490,139,0
50,97,0
2036,175,0
917,195,0
2165,13,0
1525,186,0
990,253,0
1902,97,0
613,211,0
857,187,0
109,142,0
1371,177,0
494,264,0
435,281,1
466,59,0
439,228,0
1788,271,0
1907,123,0
486,83,0
2129,143,0
2082,110,0
616,185,0
386,42,0
2032,133,0
961,156,0
798,50,1
2010,165,0
71,268,0
368,69,0
697,235,0
202,117,0
890,194,0
1708,226,0
336,95,0
157,25,0
1176,175,0
2090,152,0
2015,16,0
606,102,0
1498,37,1
50,262,0
532,64,0
197,59,0
265,17,0
512,217,0
1057,94,0
604,274,0
2230,239,1
1348,235,0
1938,99,0
312,186,0
846,40,0
732,183,0
530,71,0
1626,109,1
642,67,1
691,16,0
1287,244,0
1197,55,0
1378,179,0
1630,55,0
1260,13,0
177,136,0
2147,103,0
1963,249,0
406,240,0
1420,84,1
2270,230,0
2319,54,0
1194,220,0
406,117,0
2220,159,0
222,192,0
316,239,1
284,263,0
1128,150,0
1677,104,0
17,18,0
964,279,1
773,194,0
2080,230,0
1116,105,0
405,245,0
700,190,0
1651,206,0
1097,258,0
1040,133,0
2044,272,0
985,67,0
283,7,0
1995,243,0
694,96,0
1394,213,0
1941,51,0
2225,212,0
277,80,0
1668,100,0
984,166,0
2168,35,0
764,137,0
2151,71,0
1579,219,0
458,234,0
906,186,0
1412,37,1
2303,93,0
1996,47,0
422,174,0
2147,83,0
1841,151,0
1859,126,0
884,197,0
724,289,0
1910,246,0
1846,190,0
1939,56,1
1291,56,0
1117,111,1
1971,191,0
650,95,0
1722,73,1
2198,208,0
1828,49,0
722,260,0
1895,38,0
900,13,1
1109,204,0
151,226,0
1230,126,0
1555,263,1
937,96,0
1135,187,0
2207,224,0
1914,138,0
1090,209,0
1442,17,0
894,95,0
1206,87,0
1528,28,0
1309,211,1
52,265,0
1676,289,0
529,159,0
2039,115,0
1531,85,0
1880,179,0
184,43,1
304,117,0
431,161,1
2177,176,0
1616,208,0
1811,121,0
65,80,0
534,24,0
1328,167,1
662,197,0
393,204,0
788,98,0
247,77,0
1370,270,0
2252,97,0
1699,163,0
2007,158,0
262,12,0
590,49,0
2184,153,0
1888,193,0
2107,64,0
2010,162,0
54,60,0
549,87,0
915,275,0
1776,189,1
469,285,1
246,89,0
1740,192,0
101,95,0
645,96,0
672,267,1
634,245,0
1473,272,0
450,261,0
802,101,0
2292,204,0
2006,282,0
888,1,0
2274,228,0
1186,135,0
1091,206,1
1732,115,1
305,222,0
1906,169,0
1242,203,1
202,114,0
815,138,0
1552,0,0
983,108,1
658,56,0
828,93,0
2285,204,0
1531,94,0
8,281,0
2250,21,0
545,68,1
1666,88,0
822,132,0
2050,246,0
949,30,0
2083,14,0
1677,80,0
627,108,0
1377,10,1
2184,184,1
61,75,0
1135,195,0
1351,133,0
1690,104,0
2299,181,0
1674,70,0
313,78,0
1314,223,0
748,187,0
1597,264,0
67,6,1
1198,17,0
2141,30,0
1652,277,0
10,228,0
360,123,0
449,109,0
2037,25,0
1795,6,0
1483,162,0
1036,69,0
910,190,0
227,18,0
1578,106,0
1001,30,0
1781,161,1
288,21,0
947,129,0
1431,30,0
1072,244,0
211,140,0
992,160,1
1257,174,0
505,134,0
677,188,0
2290,46,0
246,127,0
1316,273,0
1730,143,0
1056,1,0
103,134,0
286,133,0
829,195,0
863,117,0
1105,242,0
400,102,0
1871,79,0
1267,176,0
50,139,0
2314,50,1
2097,33,0
1028,127,0
1698,80,0
1470,221,0
1627,109,1
2166,80,0
465,140,0
1810,99,0
453,249,0
2120,206,1
768,97,0
1821,100,0
1497,84,0
2204,50,0
851,82,1
439,155,0
1302,257,0
1929,269,1
1389,202,0
1179,92,0
1950,186,0
1142,203,0
1177,138,0
1645,110,0
723,145,0
685,151,0
1940,200,0
710,257,0
1760,16,0
228,248,0
102,7,0
1261,23,0
1629,228,0
1955,202,0
926,59,0
2228,56,1
1370,61,1
2026,273,0
833,50,1
464,84,0
1231,247,0
1769,110,0
1015,72,0
418,218,0
1939,108,1
511,243,0
2168,33,0
619,79,0
427,4,0
1307,87,0
1663,62,1
1252,289,1
1386,202,0
999,229,0
2133,141,0
400,21,0
909,240,0
1242,31,0
1861,244,0
1987,77,0
566,219,0
276,175,0
1881,13,0
229,204,0
1699,285,0
230,70,0
1799,179,0
1173,65,0
1207,65,0
1950,134,0
275,13,0
1852,261,0
51,211,0
119,53,0
1049,139,0
1344,1,0
802,236,0
608,7,0
1618,18,0
738,132,0
82,110,0
958,24,0
1703,142,0
1292,161,1
1224,114,0
1507,34,0
1652,66,0
537,96,1
665,198,0
1546,133,0
521,12,0
1008,261,0
265,3,0
2310,112,0
544,59,0
335,157,0
2073,12,0
1270,10,0
2124,239,0
1511,216,0
1578,189,0
2270,124,0
1417,133,0
2168,233,0
2137,88,0
738,127,0
688,271,0
1832,55,0
1288,157,0
968,68,1
255,89,0
1882,218,1
786,268,0
1236,220,0
18,157,0
1780,129,0
1241,30,1
1671,166,0
1026,43,1
1511,188,0
781,54,0
1914,39,0
714,108,0
1804,140,0
934,150,1
1484,94,1
974,249,0
1471,150,0
84,267,1
809,57,1
1524,265,1
2127,89,0
905,147,0
87,186,0
1179,140,0
2264,186,0
1305,88,0
766,43,0
624,268,1
1367,69,0
420,39,0
775,90,0
412,25,0
192,21,0
1642,83,0
142,128,0
2286,272,0
2261,102,0
770,140,0
995,176,0
662,98,0
1036,220,1
1957,58,1
1605,282,1
964,162,1
718,193,0
2007,59,0
288,199,0
1241,37,1
766,171,0
1754,198,0
1154,80,0
280,196,0
1752,209,0
1817,15,0
252,30,0
1357,207,0
1459,223,1
989,229,0
2078,96,0
1341,125,0
1227,187,0
1086,223,0
36,22,0
563,61,0
1908,26,0
2138,124,0
1564,37,1
815,114,0
748,37,1
210,175,0
1761,243,0
1547,72,0
530,117,0
941,8,0
1444,215,0
0,64,0
246,108,1
624,126,0
10,49,0
1511,90,0
514,39,0
19,169,0
230,201,0
2146,244,0
462,267,1
2269,211,0
433,231,0
1532,159,0
1855,284,0
2174,160,1
2049,208,0
1577,263,0
1836,140,0
1449,164,0
1888,288,0
1559,204,0
120,37,1
723,18,1
2248,209,0
142,48,0
1808,115,0
206,143,0
238,68,1
197,76,0
1644,186,0
1499,246,0
1294,17,0
353,255,0
790,151,0
653,292,0
1192,206,0
426,85,0
1906,167,0
1272,206,0
470,161,1
1129,225,0
1007,167,1
449,230,0
1057,226,0
1882,82,1
1171,290,0
2191,132,0
609,112,0
1413,110,0
508,50,1
2103,143,0
357,181,0
11,156,0
1917,228,0
422,70,0
979,40,0
930,152,0
1986,131,0
1965,132,0
2149,78,0
1859,157,0
2318,219,0
581,48,0
2018,82,1
105,258,0
373,140,0
1282,217,0
712,132,0
2097,269,1
1742,171,0
384,162,1
1876,55,0
1154,289,0
2141,109,1
1713,87,0
1486,34,0
1651,211,0
2109,58,1
27,266,0
138,67,0
806,163,0
386,141,0
1839,186,0
1280,188,0
1539,131,0
1211,127,0
750,40,0
1666,250,0
2062,132,0
1963,248,0
1240,55,1
468,33,0
2042,192,0
604,275,0
1467,200,0
25,57,0
1495,108,1
2030,202,0
1173,110,0
513,104,0
1145,110,0
674,136,0
349,118,1
1796,50,1
2082,245,0
1715,99,0
1586,1,0
551,231,0
326,76,0
2121,3,0
1238,242,0
2187,206,1
1987,85,0
2275,51,0
1637,202,0
2196,11,0
2094,142,0
686,8,0
1383,37,1
626,37,0
2122,139,0
1018,114,0
1418,260,0
1549,235,0
858,11,0
166,69,0
444,147,0
1475,72,0
217,207,0
1952,19,0
749,13,1
19,21,0
1152,54,0
1684,208,0
207,147,0
447,209,0
1031,81,1
148,211,0
102,200,0
37,161,1
614,229,1
656,128,0
54,79,0
1903,162,0
1768,54,1
1400,202,0
1138,10,0
1443,43,0
1795,267,0
1788,97,0
408,58,0
1570,138,0
385,43,1
1367,251,0
917,253,0
1693,96,0
1960,135,0
1476,161,1
184,5,1
2228,50,0
1592,266,0
2196,57,0
1227,123,0
2216,92,0
403,146,0
2104,287,0
604,46,0
1514,66,0
1473,235,0
1408,277,0
1320,9,0
1231,47,1
1951,149,0
501,13,0
2271,209,0
1648,75,0
758,249,0
1317,132,0
1726,71,0
1822,164,0
325,73,0
882,110,0
808,141,0
1292,272,0
888,109,0
862,108,1
768,241,0
378,233,1
1208,23,0
2291,160,0
806,64,0
1742,30,0
1105,260,0
1184,71,0
2223,274,0
1632,206,1
772,140,0
265,104,0
923,118,0
1975,130,0
2099,208,0
610,56,0
1982,159,0
889,161,1
999,198,0
310,72,1
1802,174,0
1557,23,0
950,266,0
1504,66,1
1797,163,0
2320,257,0
16,238,0
1438,140,0
1884,12,0
1118,270,0
1679,0,0
2188,81,0
553,208,0
1875,249,0
200,231,0
337,115,0
1285,18,0
1460,151,1
1901,132,0
1416,82,0
1887,93,0
354,268,0
603,1,0
291,35,0
803,57,1
1915,213,0
1995,51,0
1614,269,0
114,175,0
1312,137,0
1332,271,0
644,37,1
2257,183,0
1202,199,0
562,235,0
1615,234,0
1163,165,1
1843,225,0
770,203,0
2054,220,0
484,133,0
1358,190,0
535,41,0
2009,133,0
1702,266,0
513,43,1
1307,257,0
1959,277,0
1953,270,0
1029,77,0
1880,54,0
1958,221,1
447,183,0
1099,101,0
909,39,1
170,146,0
1767,197,0
421,268,0
1988,47,0
956,81,0
800,13,1
2011,56,1
1175,37,1
828,37,1
529,195,0
666,17,0
140,283,0
2,240,0
961,167,0
2120,11,0
1732,192,0
2143,174,0
1656,25,0
1664,73,0
400,156,0
2265,110,0
1547,37,0
2120,234,0
401,109,0
1799,190,1
868,58,0
1020,122,0
3,151,0
2083,23,0
380,55,0
1254,199,0
738,20,0
676,19,0
1251,245,0
1943,102,0
1988,245,0
2073,30,0
1193,115,0
156,277,0
1095,95,1
1708,56,1
1171,174,0
962,232,1
758,242,0
590,126,0
942,50,0
1813,187,0
381,99,0
174,58,1
1503,34,0
1317,198,0
1880,163,0
1301,190,0
1853,176,0
2051,13,0
1173,206,1
1588,235,0
1338,63,0
2166,217,0
1468,194,0
1409,208,0
390,21,0
1370,235,0
1292,192,0
716,128,0
272,270,0
1501,43,1
719,187,0
1747,186,0
1254,220,0
2001,37,1
663,221,0
2116,72,0
2085,115,0
763,39,0
2036,234,0
1759,261,0
1287,221,0
1831,254,0
311,65,0
467,178,0
1553,108,0
1016,67,1
1380,21,0
332,146,0
1468,185,0
2196,86,0
1782,114,0
1489,150,0
191,164,0
1697,242,0
521,72,0
1497,219,0
1567,47,0
863,236,0
517,212,0
682,125,0
2179,258,0
2313,149,0
1034,123,0
299,76,0
248,14,0
370,246,0
1730,226,0
514,246,0
988,113,0
17,200,0
2274,100,0
779,38,0
2278,6,0
693,185,0
192,141,0
1222,84,1
1345,129,0
646,192,0
1052,161,1
485,226,0
196,79,0
953,151,1
2239,123,0
790,18,0
423,92,0
250,71,0
332,189,0
1062,218,0
1617,88,0
1418,138,0
234,87,0
569,98,0
1254,125,0
299,212,0
1550,103,0
833,53,1
1214,271,0
757,153,0
1471,48,0
2243,83,0
1855,83,0
174,274,0
1556,217,0
2136,63,0
1943,46,0
2221,97,0
2192,92,0
1083,235,0
2254,19,0
2038,225,0
250,149,0
501,245,0
2062,26,0
1973,124,0
512,200,0
1651,75,0
1160,30,0
371,244,0
1162,35,0
200,3,0
1242,16,0
2138,159,0
1989,57,1
1380,210,0
1558,265,0
1438,212,0
1873,207,0
1795,112,0
337,101,1
1751,30,0
605,102,0
218,155,0
2023,267,1
1796,221,0
2173,192,0
764,243,1
414,100,0
326,224,0
2087,98,0
105,268,1
954,100,0
114,269,1
93,47,1
1389,68,0
2133,273,0
38,95,1
58,158,0
1129,182,0
1077,259,0
252,196,0
1875,273,0
154,243,0
828,140,0
800,123,1
830,65,0
1484,183,0
1733,171,0
52,208,0
1240,95,0
1419,219,0
94,59,0
369,243,0
1774,125,0
1586,149,0
804,280,0
1884,289,0
458,157,0
1153,22,0
2137,269,1
449,154,0
1334,146,0
839,10,0
836,246,0
1887,42,0
1789,8,0
17,86,0
813,183,0
6,82,1
371,77,0
1612,92,0
939,267,0
1856,209,0
1603,234,0
725,121,0
783,56,0
1395,189,0
938,207,0
1920,52,0
1464,47,0
289,251,0
2077,175,0
1005,108,1
195,98,0
2144,178,0
757,62,0
1800,107,0
1261,234,0
2301,83,0
2154,60,0
1715,64,0
1563,96,0
2022,71,0
2003,143,0
1646,56,0
1302,102,0
2025,239,1
1158,242,0
902,275,1
299,43,1
1736,84,0
194,195,0
952,208,0
1193,140,0
693,289,0
164,32,0
1930,80,0
415,47,0
1547,261,0
1396,206,0
1389,48,0
2219,79,0
2083,73,0
1106,2,0
615,28,0
619,83,0
1949,204,0
1133,235,0
1651,13,1
456,193,0
112,193,0
2189,191,0
1488,13,0
294,190,0
1479,212,0
1344,178,0
446,21,0
2000,211,1
1689,55,0
1625,175,0
2077,208,0
2259,206,1
2037,135,0
1263,91,1
1927,77,1
1305,98,1
1356,269,1
1126,274,0
914,204,0
2092,198,0
875,11,0
328,225,0
765,70,0
1187,248,0
1865,211,1
99,43,1
1527,30,0
1280,2,0
15,285,0
1219,245,0
228,30,0
2125,268,0
937,141,0
526,199,1
1452,135,0
811,57,1
701,21,0
401,249,0
243,32,0
628,232,1
2023,40,0
1854,73,0
2193,204,0
405,179,0
200,232,0
1175,239,1
1810,261,0
52,187,0
1972,191,0
2087,273,0
1414,32,0
98,133,0
676,54,0
900,283,1
1381,63,0
1855,159,0
1185,134,0
1793,147,0
870,253,0
74,185,0
1198,90,0
1229,115,0
1321,108,0
1413,272,0
86,76,0
831,179,0
1155,150,1
1254,175,0
94,45,0
232,55,0
1249,25,0
1089,215,0
2019,114,0
1935,104,0
1581,108,1
1051,82,0
517,234,0
194,261,0
625,13,1
172,52,1
193,220,0
1545,72,0
936,90,0
2236,174,0
881,133,0
1100,103,0
2102,239,1
2094,109,0
1042,197,1
1376,10,1
14,15,0
1019,259,0
208,20,0
2085,258,0
799,119,0
696,50,1
1907,247,0
466,58,0
23,1,0
561,56,1
1673,224,1
938,127,0
1618,222,1
370,40,0
1263,196,0
1339,67,1
1988,231,0
1340,75,0
1025,92,0
1608,241,0
1511,233,0
333,7,0
99,17,0
2303,162,0
1645,37,1
1586,189,0
985,101,0
692,237,1
527,54,0
1978,218,0
670,176,0
905,196,0
546,68,1
1064,58,0
2077,96,0
311,39,0
1701,130,1
1261,121,0
1677,257,0
1821,164,0
1440,124,0
141,2,0
867,75,0
662,87,0
927,75,0
605,186,0
452,176,0
925,246,1
1683,18,0
1617,213,0
1698,187,0
309,281,0
2077,209,0
575,287,0
1820,221,0
242,57,0
484,99,1
1081,123,0
373,104,0
441,271,0
1068,68,1
812,67,0
1733,94,0
882,37,1
1167,133,0
1800,260,0
614,213,0
1471,58,0
217,135,0
1883,60,0
230,108,1
1559,72,0
1643,187,0
1000,186,0
108,219,0
2078,65,0
984,5,0
2241,39,0
2179,47,1
947,151,1
2037,155,0
1197,187,0
597,146,0
223,26,0
2249,275,0
1754,164,0
1652,93,0
997,223,1
1443,205,0
1715,248,0
1117,289,0
871,227,0
1075,133,0
612,48,0
790,176,0
1790,113,0
1808,175,0
15,284,0
1878,195,1
2118,174,0
889,118,0
359,21,1
1235,43,1
2269,44,0
1412,276,0
21,165,0
2209,132,1
714,249,0
702,26,0
2117,191,0
1125,149,0
1252,199,1
1711,278,0
889,64,0
1157,43,1
1222,192,0
1790,188,0
419,239,0
358,192,0
1946,160,0
1995,186,0
232,183,0
2223,240,0
2213,44,0
1986,3,0
1854,279,0
14,289,0
2271,142,0
635,131,0
1028,17,0
652,13,1
2123,122,0
1993,20,0
237,1,0
860,208,0
1182,95,1
1564,199,0
92,68,1
483,99,1
194,18,0
1620,43,1
1059,220,0
303,31,0
1515,81,1
1616,13,1
1296,0,1
576,3,0
303,52,1
1041,69,0
2041,266,0
2072,114,0
340,108,1
1486,259,0
2200,130,0
385,239,1
2218,59,0
1312,175,0
605,113,0
2115,25,0
1272,115,1
1278,93,0
257,125,0
549,115,0
353,115,0
527,185,0
433,137,0
1131,222,0
2198,247,0
939,46,0
814,255,0
663,244,0
1797,172,0
779,16,0
1500,75,0
735,52,1
1581,115,0
1881,251,0
1703,259,0
912,32,0
2106,15,0
864,117,0
1331,70,0
1351,37,0
179,191,0
1554,26,1
1330,141,0
518,228,0
289,178,0
308,167,0
893,218,0
136,55,0
2199,268,0
1306,249,0
940,39,0
2169,249,0
1529,135,0
0,208,0
1767,4,0
836,126,0
683,248,0
1086,25,0
2321,259,0
778,118,0
208,89,0
576,218,0
277,166,0
419,139,0
1979,261,0
1779,200,0
2061,277,0
857,67,0
2208,109,0
1807,271,0
713,17,0
1095,43,1
591,237,0
2227,225,0
964,62,1
332,171,0
782,270,0
918,68,1
834,74,0
1469,85,1
1221,264,0
682,212,0
950,259,0
1413,121,0
452,192,0
2015,143,0
1452,68,1
892,35,0
339,21,0
1478,93,0
1,56,1
993,134,0
1073,107,0
1525,90,0
1184,83,0
1626,60,0
1282,18,0
1218,260,0
125,226,0
334,276,0
1187,262,0
571,59,0
1670,28,0
1460,2,0
1917,242,0
365,141,0
975,266,0
202,176,0
1388,31,0
1629,185,0
449,143,0
846,34,0
1043,186,0
699,286,1
624,100,0
1944,44,0
1404,267,0
832,245,0
1599,155,0
1412,192,0
336,39,0
1889,114,0
1956,84,0
1305,12,0
1620,123,0
1230,124,0
903,68,0
272,87,0
1567,40,0
94,267,0
830,249,0
2290,71,0
395,114,0
1699,232,0
1992,208,0
1841,22,0
335,2,0
759,59,0
2162,105,0
1427,154,0
665,221,0
1710,122,0
885,1,0
1355,32,0
1180,42,0
468,165,1
1723,248,0
19,284,0
443,269,1
1525,251,0
2284,72,0
1243,181,0
1336,56,1
25,191,0
2114,197,0
328,279,0
1330,104,0
1499,178,0
942,58,0
586,271,1
1710,67,0
1490,215,0
548,107,0
108,241,0
525,284,0
1348,13,0
288,40,0
710,102,0
1011,190,0
2048,50,1
253,247,0
945,231,0
809,221,0
977,26,0
1538,192,0
1404,45,0
1112,145,1
2200,160,1
1978,272,0
1916,235,0
1898,218,0
697,65,0
2133,22,0
818,57,0
721,120,0
1763,11,0
1456,35,0
2269,95,0
1027,267,1
1102,269,0
526,62,0
1696,2,0
1179,61,1
417,243,0
2252,56,0
667,88,0
301,17,0
850,277,0
1712,197,0
1072,90,0
358,97,0
1575,268,0
1875,81,1
967,123,0
972,17,0
681,140,0
1547,36,0
813,109,0
461,102,0
2060,192,0
2213,41,0
635,128,0
139,154,0
1436,227,0
310,128,0
71,88,0
170,12,0
501,208,0
322,43,1
1745,2,0
2249,214,0
1722,219,0
438,25,0
2176,138,0
1130,239,0
2265,38,0
353,89,0
1195,261,0
1170,250,0
1739,277,0
550,261,0
1665,190,1
1365,171,0
852,200,0
2085,157,0
696,161,1
604,101,0
895,6,0
347,179,1
1562,268,0
2148,278,0
1790,254,0
542,202,0
244,115,0
838,41,0
1812,17,0
1475,126,0
1367,58,0
1900,227,0
769,31,0
927,50,0
118,275,0
420,5,0
2124,229,1
1846,192,0
1840,68,0
1332,283,0
2298,150,0
82,114,0
2309,259,0
830,78,1
575,104,1
2188,33,0
300,16,0
61,12,0
220,24,0
558,5,0
236,134,1
93,81,0
1075,15,0
868,55,0
1262,223,1
1327,239,0
561,13,1
648,260,0
84,227,0
883,33,0
583,155,1
740,114,0
208,260,0
2198,119,0
2220,30,0
2231,184,0
846,200,0
778,35,1
1491,232,0
1008,266,0
248,31,0
1426,243,0
615,247,0
1859,117,0
1777,25,0
929,270,0
1780,114,0
1417,239,1
1470,15,0
1616,199,0
2292,3,0
510,258,0
2203,37,1
2262,0,0
485,20,0
2010,14,0
1647,289,0
1060,268,0
1567,82,0
1103,117,0
1865,196,0
1930,217,0
949,26,0
2239,80,0
419,13,1
1545,75,0
2096,202,0
2058,178,0
130,282,1
492,205,0
409,275,0
813,267,0
367,174,0
2300,245,0
1560,114,0
1771,267,1
1207,70,0
1156,142,1
979,19,0
954,40,0
1996,3,0
697,262,0
462,273,0
730,246,0
9,210,0
372,17,0
1404,149,0
660,147,0
653,101,0
1511,215,0
1579,58,0
1400,215,0
801,168,0
803,128,0
1071,34,0
2285,12,0
768,164,0
1841,197,0
1852,27,0
6,59,0
1658,129,1
1876,271,0
1423,52,1
124,43,1
1971,110,0
444,26,0
1021,115,0
1057,42,0
313,183,0
1024,77,0
1491,245,0
39,59,0
260,206,1
571,169,0
920,275,0
1386,198,0
709,134,0
422,102,0
499,148,1
314,87,0
941,149,0
63,32,0
417,221,0
1090,2,0
114,276,0
1698,43,1
278,190,1
675,172,0
1681,37,1
1281,11,0
831,269,0
1946,131,0
108,111,0
1552,37,0
1354,268,0
1040,100,0
1281,42,0
610,250,0
2207,237,0
959,10,0
1483,266,0
357,220,0
652,49,0
2091,72,0
1845,156,0
1397,133,0
1629,190,0
2120,66,0
501,97,0
1981,285,0
2037,14,0
1443,14,1
1121,26,0
653,206,0
1389,112,0
1725,68,1
1472,56,1
1119,124,0
1004,267,1
1181,26,0
1951,7,0
1381,279,0
2124,186,0
1609,242,0
1526,47,1
263,56,0
1514,95,0
2102,217,0
1431,227,0
383,236,0
708,267,1
1650,75,0
122,243,0
1490,99,0
927,22,0
2101,239,1
1996,177,0
1724,286,1
685,20,0
898,158,0
1651,213,0
1132,165,0
1041,223,1
160,161,1
2011,263,0
1159,35,0
2103,127,0
144,289,0
1457,2,0
536,151,0
122,158,0
1573,114,0
1110,262,1
1418,131,0
220,277,0
1995,204,0
643,87,0
2045,13,1
2115,36,1
1615,44,0
572,69,0
417,19,0
1888,287,0
48,138,0
2301,47,1
368,234,0
1048,42,0
474,117,0
950,33,0
856,66,0
1662,206,1
627,74,0
269,52,1
1510,33,0
386,31,0
213,192,0
531,161,1
42,161,0
489,50,1
638,215,0
1159,43,1
2276,43,1
1155,243,0
1943,240,0
1436,191,0
2069,19,0
2285,211,1
1257,100,0
601,187,0
2314,183,0
1645,16,0
870,81,1
1863,77,0
273,260,0
1624,2,0
1903,19,0
1186,55,0
1486,30,0
758,246,0
853,203,0
32,229,1
1038,277,0
26,10,1
1765,272,0
2289,220,1
1670,8,0
1078,202,0
1400,43,1
1743,268,0
1946,81,1
766,205,0
1219,138,0
2165,55,0
1615,14,1
2157,30,0
1277,135,0
1884,129,0
857,194,0
1957,57,1
964,267,1
1038,219,0
931,208,1
610,13,1
1620,276,0
273,158,0
650,38,0
723,276,0
1330,168,0
7,247,0
2012,190,0
1320,270,1
464,99,0
1167,34,0
300,155,0
2275,170,0
1233,266,0
1806,35,0
2268,170,0
765,154,0
1948,79,1
175,67,0
606,243,0
1793,238,0
1112,99,0
1491,57,0
253,142,0
2206,20,0
2200,99,0
1749,71,0
21,231,0
1371,13,1
1567,190,0
2304,64,0
559,99,0
2287,260,0
117,229,0
2053,242,0
1509,91,1
765,208,0
903,13,0
877,280,0
1285,251,0
1207,17,0
1080,143,0
1118,271,0
1780,110,0
813,57,1
1852,263,0
2017,164,0
472,72,0
797,64,0
2244,244,0
2281,193,0
14,234,0
2079,19,0
2080,127,0
1491,4,0
1595,261,0
597,88,0
992,207,0
11,25,1
1944,29,0
930,159,0
1617,14,1
1761,251,0
584,13,1
903,243,0
2049,203,0
1117,50,1
606,31,0
253,258,0
460,92,0
384,97,0
1697,239,1
444,18,0
1212,130,0
1212,104,0
2305,89,0
1833,125,0
412,13,1
408,145,0
1354,126,0
685,91,0
2197,40,0
1789,191,0
2275,254,0
259,206,1
1824,67,0
317,19,0
1743,17,0
1293,221,0
1602,83,0
1615,63,0
565,9,0
1170,126,0
719,56,0
1010,184,0
1480,74,0
1156,43,1
431,277,0
43,74,0
1431,48,0
944,255,0
100,223,1
1843,235,0
872,89,0
1738,50,1
1891,175,0
979,69,0
1502,19,0
1294,223,1
1962,97,0
1314,284,0
208,79,0
922,266,0
2232,139,0
380,224,0
2071,291,0
105,265,0
1541,20,0
696,266,0
2061,80,0
948,200,0
1868,132,0
2257,69,0
2126,209,0
109,144,0
696,228,0
94,145,0
2285,209,0
903,63,0
2092,126,0
18,273,0
1685,262,0
998,275,0
144,18,0
673,162,0
1509,56,0
1128,223,0
2079,192,0
2192,175,0
168,273,0
2210,225,0
2187,16,0
942,13,1
1916,104,0
866,178,0
2240,56,0
959,268,1
1973,191,0
542,235,0
700,55,0
1617,278,0
712,138,0
654,267,0
2037,60,0
2185,100,0
6,148,0
512,275,0
619,218,0
2240,43,1
1134,116,0
80,37,1
686,26,0
143,94,0
146,37,1
337,286,1
746,73,0
907,264,0
39,110,0
280,134,0
305,18,0
1524,267,1
454,215,0
788,82,0
645,261,0
2266,102,0
1127,261,0
47,208,0
1980,72,0
1311,200,0
743,129,0
20,122,0
1306,65,0
1824,234,0
1362,227,0
573,278,0
2215,13,1
348,158,1
1074,52,1
100,196,0
2300,266,0
351,158,1
1805,18,0
576,226,0
977,229,1
1841,90,1
458,126,0
2210,290,0
882,55,0
195,197,0
745,56,0
2069,25,0
2019,254,0
785,137,0
1272,161,0
285,282,0
30,142,1
1521,187,0
310,182,0
1853,280,0
596,13,1
379,13,1
1120,31,0
1824,285,0
933,204,0
1326,267,0
1128,280,0
1506,246,0
2114,275,0
256,1,0
1280,60,0
1095,108,1
850,46,0
342,158,0
374,38,0
2011,269,0
1393,59,0
1883,71,0
1100,40,0
1724,130,0
2280,233,0
1032,46,0
1201,87,0
1531,233,0
415,37,0
1066,192,0
2106,97,0
1684,141,0
1751,56,0
1727,100,0
2297,72,0
190,55,0
1437,5,0
557,94,0
1810,32,0
1651,53,0
346,92,0
1664,24,0
1999,160,1
1024,175,0
399,219,0
1906,108,0
817,212,0
580,117,0
1037,213,0
1518,200,0
316,5,1
1533,5,0
1734,45,1
872,132,0
2075,102,0
871,204,0
1959,85,0
813,21,0
1535,183,0
233,46,1
248,199,0
837,246,0
2079,191,0
807,2,0
1914,243,0
1385,66,0
1097,242,0
739,31,0
1742,81,0
224,227,0
1365,154,0
153,79,0
672,109,1
2248,222,0
1700,185,0
424,256,0
1324,225,0
1422,50,0
1498,272,0
1782,255,1
1886,249,0
1571,167,0
1741,248,0
1566,211,1
1442,77,0
1597,270,0
964,282,1
1604,69,0
724,23,0
1114,80,0
1197,147,0
1473,78,0
936,185,0
1581,22,1
1631,244,0
665,131,0
985,217,0
1132,284,0
1188,215,0
426,203,0
1345,229,0
448,58,1
663,292,0
147,69,0
1637,64,0
1488,228,0
1217,289,0
323,234,0
2024,98,0
1405,206,1
1897,198,0
857,265,0
200,57,0
2254,32,0
1148,199,0
1817,30,0
420,22,0
1225,19,0
189,111,1
257,193,0
532,191,0
495,164,0
2118,37,1
809,177,0
1228,272,0
209,80,0
1447,220,1
790,256,0
565,175,0
1214,77,0
1722,153,0
375,35,0
857,244,0
1212,108,1
1654,164,0
610,39,0
856,259,0
763,56,1
1347,139,0
743,83,0
1486,78,0
1031,40,0
2011,95,0
1963,200,0
1524,108,1
378,62,0
1057,285,0
862,2,0
469,272,0
425,127,0
707,212,0
769,195,0
43,45,0
1477,3,0
801,81,0
1426,58,0
1131,262,0
686,82,1
1541,217,0
312,37,1
10,144,0
1739,253,0
1917,92,0
1284,133,0
2039,13,0
1367,44,0
1372,140,0
444,151,0
2014,13,0
1925,28,0
1099,19,0
2018,135,0
227,270,0
1590,48,0
1597,104,0
1241,81,1
1012,69,0
1551,103,0
1609,43,1
0,271,0
45,160,1
2215,21,0
156,93,0
141,70,0
1052,19,0
1133,137,0
2312,201,0
670,207,0
97,96,0
1861,24,1
2315,246,0
305,130,0
945,101,0
1366,58,1
1749,272,0
1583,80,0
27,66,0
1846,47,0
2015,200,0
1657,13,1
337,43,1
2013,83,0
1709,238,0
349,264,0
1337,284,0
85,141,0
919,185,0
1729,159,0
1173,0,0
429,90,0
134,18,0
764,120,0
1397,62,0
1036,103,0
1982,194,0
2295,118,0
1284,249,0
1404,128,0
59,183,0
532,12,0
1599,239,1
201,106,0
472,264,0
1013,186,0
1121,47,1
1888,230,0
288,76,0
1257,37,1
1690,5,1
1950,204,0
1334,238,0
1555,26,0
1754,56,0
1219,11,0
1299,224,1
1216,191,0
1140,277,1
471,140,0
623,175,0
160,130,0
999,135,0
1151,212,0
116,76,0
664,46,0
608,187,0
2254,229,0
76,164,0
167,82,0
1137,194,0
1783,138,1
74,78,0
1937,174,0
1328,114,0
2118,90,0
275,30,0
836,1,0
584,271,1
1146,199,0
1628,110,0
1396,257,0
1797,188,0
1491,6,0
1740,111,0
347,155,0
676,284,0
2271,125,0
1140,71,0
1773,93,0
1499,121,0
2248,69,0
359,88,0
1458,37,1
1641,194,0
1633,143,0
272,64,0
1911,191,0
976,145,0
576,32,0
1073,59,0
1885,39,0
28,62,0
1539,110,0
1416,239,1
1305,16,0
104,252,0
2159,239,1
573,263,0
894,254,0
110,125,1
1474,96,0
227,57,0
1211,130,0
373,1,0
2197,235,0
239,115,0
1581,23,0
2250,56,0
2302,235,0
566,260,0
706,68,1
1042,190,0
304,3,0
1504,52,1
149,170,0
859,246,0
354,24,0
756,244,0
1891,233,0
758,100,0
2175,64,0
846,124,0
1056,157,0
544,86,0
432,39,0
912,129,0
1880,213,0
463,192,0
601,24,0
2274,78,0
786,140,0
597,56,0
1846,166,0
2159,198,0
802,110,0
393,5,1
1405,102,0
1307,210,1
1389,50,0
2253,131,0
458,115,0
1196,229,1
1380,46,0
2303,155,0
1137,191,0
1405,286,1
1213,203,0
756,32,0
1400,33,0
1542,228,0
1626,217,0
265,110,0
1595,234,0
1659,199,0
583,205,0
1756,233,0
118,81,0
1455,43,1
1125,133,0
2113,37,1
958,35,0
142,150,0
2177,199,0
755,176,0
1594,165,1
2239,209,0
1454,159,1
367,213,1
571,7,0
2284,5,1
2289,10,0
805,188,0
931,28,0
860,206,1
1745,102,0
936,115,0
1789,254,0
1482,89,0
1510,68,1
1113,135,0
2315,104,0
1913,57,0
608,47,0
2080,203,0
984,175,0
788,273,0
550,177,0
951,193,0
100,118,0
368,200,0
2203,11,0
1783,140,0
1333,80,0
330,229,0
1624,264,0
438,146,0
2307,84,0
878,58,0
620,3,0
1548,144,0
196,95,1
2124,53,0
669,81,0
1408,121,0
1381,292,0
1362,68,1
252,35,0
163,204,0
853,276,0
1073,279,0
1374,218,0
936,37,1
781,91,0
361,206,1
852,279,0
941,210,0
1414,92,0
1600,127,0
1878,171,0
1000,61,1
1475,110,0
1363,87,0
449,172,0
1838,161,1
1336,57,1
1402,236,0
1392,166,0
239,269,1
1656,276,0
1936,33,0
196,204,0
1925,261,1
179,97,0
183,21,0
1402,76,0
391,93,0
774,66,0
1040,135,0
1530,111,0
190,86,0
2094,151,0
484,280,0
1275,99,0
1394,78,1
1990,125,0
361,54,1
1184,26,0
304,109,0
1755,34,0
987,190,0
1975,187,0
176,252,0
43,135,0
790,59,0
855,210,0
291,88,0
2280,68,1
652,48,0
703,56,0
2192,118,0
2065,141,0
1954,56,0
1042,280,0
69,234,0
140,225,0
2268,197,0
343,77,0
439,15,0
1196,19,0
1207,95,1
983,259,0
1577,200,0
283,67,0
1460,105,1
1285,33,0
2156,175,0
775,42,0
1189,118,0
1035,82,1
20,108,0
1962,69,0
1084,231,0
582,199,1
1071,255,0
969,81,1
856,188,0
1556,55,0
33,164,0
1701,241,0
694,12,0
634,37,0
48,259,0
266,266,0
378,216,0
1737,68,1
2123,211,0
1685,162,0
1069,37,1
2020,126,0
2272,199,0
1301,4,0
859,206,1
125,33,0
1717,37,1
1261,135,0
160,79,0
1829,4,0
1778,37,1
1867,268,0
143,199,0
42,282,0
1905,58,0
982,151,1
1773,230,1
2138,128,0
1051,3,0
432,23,0
52,285,0
88,199,0
480,179,1
1009,271,0
986,211,0
625,81,0
2072,20,0
1144,58,0
366,276,0
1194,278,0
618,130,0
151,158,0
1382,255,0
1554,202,0
1198,23,0
1165,165,1
416,161,0
1502,138,0
335,185,0
1886,183,0
2067,258,0
1106,191,0
1926,33,0
2072,174,0
1174,140,0
191,155,0
413,13,1
793,5,0
874,194,0
1972,285,1
1534,258,0
1616,148,0
391,229,0
1968,51,0
54,223,1
1596,234,0
1521,215,0
1824,154,0
2036,73,0
2188,2,0
301,271,0
1473,37,1
1587,234,0
293,211,0
1243,47,1
1326,155,0
2034,70,0
1252,147,0
2316,200,0
1771,38,0
1964,69,0
276,241,0
1742,68,0
2019,161,0
1925,206,0
1502,67,1
2153,39,0
1159,4,0
899,47,1
1265,244,0
718,99,0
289,129,0
2287,135,0
216,162,0
1169,225,0
1668,26,0
764,222,0
148,210,0
1734,76,0
1232,229,0
926,37,1
714,139,0
620,177,0
1417,181,0
1331,52,1
2063,19,0
1819,16,0
1878,94,0
1580,114,0
1906,22,0
790,199,0
2032,60,0
585,271,1
2234,71,0
1082,23,1
221,38,0
412,5,0
1058,118,0
2146,159,0
100,71,0
770,277,0
2141,258,0
1350,29,0
1006,128,0
1837,215,0
968,56,1
1852,269,0
158,259,0
2296,179,0
70,183,0
111,206,1
1348,276,0
636,246,0
1718,72,0
451,130,1
394,5,1
975,71,0
1905,208,1
2093,187,0
417,120,0
1024,209,0
274,171,1
394,251,0
2261,57,0
528,47,0
612,234,0
2088,211,1
1671,97,0
1278,140,0
1992,56,0
198,96,0
825,115,0
1436,68,1
370,92,0
1539,68,1
1270,8,0
180,205,0
200,206,0
781,135,0
1665,9,0
1558,13,1
1065,215,0
2051,76,0
621,172,0
1380,45,0
342,89,0
426,186,0
1879,98,1
2072,197,0
789,266,0
2003,239,1
801,48,0
787,257,0
277,175,0
1734,58,0
599,239,0
2208,232,0
1395,226,0
899,37,1
1904,69,0
1703,228,0
1713,77,0
299,206,1
1185,186,0
1575,218,0
528,128,0
282,208,0
2193,140,0
1977,91,0
1845,101,0
1476,183,0
247,185,0
937,267,1
523,268,0
1346,269,1
1193,283,0
128,209,0
1914,192,0
1881,281,0
259,108,1
1805,22,0
38,14,0
1861,98,0
1498,206,1
1880,129,0
616,229,1
1307,76,0
115,71,0
1200,190,0
813,155,0
1747,289,0
1882,262,0
1771,176,0
745,148,1
586,163,0
573,182,0
475,250,0
491,131,0
1039,21,0
1049,106,0
154,43,1
1628,118,0
1732,182,0
517,104,0
768,43,1
591,229,1
1507,78,0
1461,212,0
2176,208,0
1250,43,1
1507,91,1
1994,124,0
1057,158,0
783,276,0
2018,179,0
1867,14,0
769,248,0
1367,284,0
840,195,0
1532,195,0
74,200,0
2173,233,0
942,163,0
176,140,0
745,193,0
1593,125,0
152,125,0
2152,139,0
362,245,0
1468,88,0
914,97,0
2314,141,0
717,206,1
1877,143,0
1397,15,0
247,92,0
1304,254,0
158,129,0
1208,218,0
1575,79,0
2113,119,0
319,37,1
575,174,0
704,19,0
384,150,0
998,135,0
674,120,0
1588,156,0
756,65,0
113,175,0
28,4,0
545,50,1
2289,290,0
1617,104,1
856,102,0
1911,111,0
758,223,0
1644,32,0
1671,35,0
1283,34,0
272,241,0
2278,56,0
1006,17,0
1214,20,0
1465,13,0
477,103,0
1025,227,0
487,69,0
1350,132,0
1742,255,0
1628,178,0
2161,247,0
619,139,0
276,94,0
2107,119,0
2117,220,0
941,139,0
1993,38,0
1233,194,0
1893,138,1
125,102,0
852,224,0
591,9,0
2311,180,0
347,264,0
1270,47,0
1494,13,0
72,42,0
1114,193,0
326,10,0
2295,4,1
1921,194,0
261,217,0
74,266,0
277,86,1
1986,206,1
1606,24,0
1230,33,0
264,121,0
1640,68,1
1283,75,0
1131,158,0
841,34,0
822,181,0
359,284,0
55,157,0
616,129,0
143,197,0
844,43,1
1975,275,0
195,16,0
1301,124,0
781,41,0
90,227,0
1194,49,0
2204,148,0
1576,170,0
677,13,1
1465,281,1
823,138,0
2136,219,0
225,239,1
1669,36,0
1799,19,0
2233,73,0
2212,282,0
1385,120,0
594,158,0
104,242,0
1027,64,0
1609,198,0
1475,220,0
1653,277,0
432,75,0
623,8,0
399,159,0
1189,234,0
2123,200,0
1305,245,0
11,35,0
1194,153,0
1522,23,0
585,95,0
1019,53,0
1169,32,0
1548,280,0
69,133,0
338,0,0
1575,139,0
574,4,0
1452,217,0
51,57,1
2278,150,0
1702,35,0
627,121,0
1578,202,0
860,37,1
148,242,0
2158,191,0
1208,100,0
1677,32,0
1067,263,0
2090,278,0
118,250,0
99,220,0
121,176,0
775,114,0
952,201,0
1937,33,0
488,37,1
765,121,0
326,245,0
945,0,0
2120,37,1
580,0,0
1841,254,0
1314,241,0
383,209,0
2158,228,0
553,13,1
1884,221,0
965,50,1
967,206,1
2095,117,1
208,59,0
415,130,0
2066,184,0
1765,176,1
1146,57,0
476,115,0
230,187,0
1622,13,0
39,95,1
1157,47,1
2148,176,0
1799,199,0
1030,30,0
903,171,0
2137,273,0
2246,151,0
1588,249,0
1739,37,1
1657,153,0
171,19,0
1195,0,0
1670,60,0
1025,267,0
507,161,1
158,31,0
134,239,1
703,109,0
573,169,0
857,6,0
1263,71,0
1188,164,0
2275,139,0
1369,204,0
733,33,0
2282,42,0
1750,221,0
1638,83,0
306,76,0
730,235,0
2321,27,0
41,203,0
392,34,0
829,282,1
2277,220,0
1402,115,0
1809,24,0
138,234,0
1041,68,1
1417,127,0
1000,198,0
1013,75,0
1760,176,0
828,133,0
1563,257,0
1839,110,0
1430,77,0
1848,275,0
1706,68,1
213,155,0
1152,222,0
1555,100,0
1519,90,0
1698,50,1
803,59,1
1654,111,0
1592,65,0
1359,75,0
1831,123,1
105,44,0
1991,243,0
2134,110,0
1323,75,0
385,192,0
348,209,0
590,147,0
2127,193,0
462,37,1
1972,259,0
2209,257,0
1661,229,1
1034,186,0
1501,185,0
1444,190,0
595,165,0
577,263,0
22,220,0
1800,109,0
643,221,0
170,128,0
41,134,0
52,161,0
236,212,0
292,206,1
1883,40,0
638,140,0
1389,268,1
1259,221,0
2007,82,0
929,234,0
1825,87,0
1043,47,1
1981,218,1
479,4,0
2287,12,0
2254,88,0
1384,98,0
2211,177,0
1838,83,0
94,176,0
1419,19,0
58,97,0
485,167,0
1282,275,0
1228,199,0
2303,251,0
821,184,0
327,255,0
1203,171,0
1236,135,0
766,289,0
1599,220,0
1859,289,0
575,14,1
2121,206,1
608,76,0
401,229,1
2272,253,0
1329,129,0
2181,38,0
2032,18,0
137,216,0
1360,138,0
83,72,0
519,23,0
2118,193,0
1368,38,0
15,122,0
788,206,1
1552,16,0
1320,225,0
1811,211,1
1476,123,0
709,66,0
2011,74,0
423,107,0
1740,271,0
640,138,1
780,253,0
1180,107,0
112,78,0
1679,4,0
1371,153,0
1822,260,0
523,92,0
36,150,0
655,50,0
711,44,0
1153,236,0
297,21,0
1544,57,0
637,16,0
1719,92,0
222,234,0
1575,38,0
918,23,0
1172,119,0
1899,251,0
917,268,0
1044,208,0
1192,78,1
1565,221,0
507,56,0
1475,202,0
1359,149,1
604,13,1
1745,0,0
2,272,0
511,90,0
216,270,0
851,286,1
1331,125,0
350,247,0
218,203,0
814,138,0
2080,291,0
570,286,0
12,276,0
530,227,0
1268,68,1
98,73,0
507,14,0
1978,56,0
758,239,0
1976,23,1
1098,131,0
1163,242,0
209,17,0
1801,268,0
610,62,0
1229,138,0
1761,82,0
1028,90,0
1663,61,1
1080,129,0
751,13,0
13,73,0
399,234,0
231,78,0
570,265,0
37,134,0
1854,59,0
1565,13,0
725,143,0
810,144,0
762,55,0
2192,90,0
1470,96,0
56,138,0
527,239,0
1891,159,0
1843,153,0
2013,70,0
1829,39,0
1568,280,0
1647,268,0
883,141,0
1154,246,0
753,234,0
2190,204,0
1370,39,0
285,254,0
1750,88,0
223,58,0
563,163,0
213,18,0
1730,1,0
325,63,0
845,127,0
103,69,0
517,73,0
444,43,0
1906,123,0
655,263,0
2256,132,0
295,227,0
1857,208,1
1843,62,0
2170,217,0
995,133,0
2195,114,0
522,119,0
641,248,0
1565,134,0
197,259,0
892,38,0
1890,65,0
410,131,0
2210,158,0
927,13,0
1636,148,1
1711,203,1
1005,190,0
913,177,0
1905,152,0
1300,43,1
2280,86,0
1029,149,0
426,261,0
2208,166,0
1223,41,0
195,118,0
638,227,0
2167,205,0
243,83,0
382,20,0
1662,51,1
471,241,0
1223,35,0
1586,29,0
198,76,0
607,197,0
1628,199,0
232,209,0
2301,143,0
570,1,0
449,144,0
1104,250,0
1247,73,0
479,155,0
1178,178,0
160,81,0
1388,201,0
322,37,1
347,119,0
107,157,0
1370,272,0
1064,174,0
92,35,0
2313,270,1
59,88,0
1130,120,0
484,154,0
809,35,0
1161,28,0
1224,100,0
1148,275,0
203,98,0
1519,228,0
877,24,1
2080,233,0
1875,236,0
1030,174,0
1829,7,0
1590,63,0
1589,48,0
1277,272,0
865,73,0
1444,120,0
651,43,1
997,195,0
903,198,0
902,81,1
61,58,0
241,32,0
2177,13,0
1662,47,1
1079,211,1
855,131,0
1525,4,0
1831,142,0
1366,49,0
1923,119,0
646,279,1
2198,13,0
2027,141,0
426,267,0
2243,11,0
1037,165,0
2217,79,0
1634,174,0
1456,40,0
1180,86,0
1102,153,0
516,199,0
436,70,0
1805,147,0
1888,208,0
1842,114,0
717,121,0
390,222,1
157,83,0
2047,32,0
474,247,0
276,127,0
1485,241,0
434,279,1
1854,61,0
871,145,1
792,140,0
2081,2,0
571,229,1
1637,93,0
345,234,0
99,206,1
2266,68,1
1709,206,0
1332,81,0
1311,25,0
329,281,0
1002,264,0
834,104,0
683,273,0
1533,130,0
1443,77,0
126,146,1
2271,191,0
1304,132,0
581,155,1
358,111,0
1862,118,0
1942,164,0
388,266,0
445,268,0
804,167,0
2107,124,0
519,89,0
1212,88,0
585,155,1
1866,100,0
1363,24,0
349,74,1
1757,67,1
373,129,0
1977,285,0
534,148,0
497,121,0
1471,44,0
2100,158,0
1972,118,0
51,29,0
2042,78,0
33,31,0
156,216,0
2019,278,0
976,13,1
300,43,1
1622,46,1
500,203,0
723,261,0
567,119,0
204,267,1
1001,84,0
2047,26,0
1430,106,0
470,77,0
1032,71,0
264,3,0
385,237,1
940,28,0
1952,132,0
1782,26,0
131,253,0
120,206,1
1981,122,0
944,66,0
1185,20,0
1602,12,0
714,125,0
2105,229,0
1444,21,0
328,32,0
986,290,0
1368,202,0
60,276,0
1027,50,1
622,28,0
2110,264,0
1550,186,0
86,193,0
1398,2,0
1169,213,0
713,248,0
1632,201,0
761,246,0
1560,239,1
1980,83,0
1085,55,0
1096,170,0
1025,288,0
1234,21,0
1948,19,0
1868,220,0
1580,58,0
664,87,0
43,124,0
2070,221,0
1433,189,0
1836,178,0
2046,143,0
1336,244,0
1579,96,0
992,31,0
1231,11,0
1346,65,0
395,135,0
1012,130,0
174,140,0
700,111,0
1303,139,0
1038,110,0
1034,92,0
2301,50,1
1255,270,0
1075,123,1
920,268,0
809,46,0
1077,59,0
348,126,0
461,195,0
1962,184,0
2204,53,0
2061,138,0
868,25,0
581,236,0
44,239,0
384,32,0
272,30,0
403,67,0
1955,282,1
501,92,0
2229,70,0
131,73,0
200,205,0
1007,235,0
1126,166,0
1813,95,1
751,150,1
1512,50,1
1891,115,0
765,65,0
809,78,0
511,111,0
1961,89,0
1259,243,0
162,139,0
1071,214,0
1264,91,1
958,2,0
1618,128,0
424,47,0
250,156,0
1178,159,0
2181,203,0
2266,187,0
2010,67,0
435,231,1
417,138,0
1445,85,0
607,141,0
52,40,0
2076,4,0
1015,145,0
747,97,1
1307,79,0
1992,133,0
818,47,1
625,229,1
151,81,1
500,288,0
458,19,0
1034,90,0
1903,128,0
1182,176,0
1087,204,0
2247,272,0
1237,218,0
820,270,0
2094,69,0
499,155,0
1664,287,0
1061,115,0
522,97,0
1875,151,0
399,280,0
782,23,0
2125,121,0
856,207,0
1233,68,1
1158,179,1
2077,127,0
457,31,0
605,197,0
631,223,1
1604,102,0
1988,267,0
1821,217,0
1811,72,0
636,16,1
1490,272,0
976,198,0
1796,108,1
2100,256,0
210,59,0
493,108,1
1655,217,0
1465,43,1
2093,249,0
180,271,0
619,285,0
1192,182,0
2107,132,0
2182,37,1
529,55,0
608,106,0
1374,98,0
1448,233,0
570,290,0
620,71,0
78,223,1
220,159,0
4,261,0
2138,88,0
1301,68,1
1596,181,0
1857,81,1
1636,269,1
1335,173,0
228,59,0
2293,268,0
853,192,0
951,223,1
848,104,0
1553,267,0
1881,205,0
982,233,0
1564,104,0
1180,66,0
1433,222,0
1753,124,0
1941,220,1
312,55,0
348,36,0
1567,29,0
1743,18,0
1977,151,0
2255,37,1
769,155,0
1103,257,0
1599,31,0
1879,193,0
625,199,0
2092,54,0
2307,86,0
874,181,0
82,231,0
541,77,0
797,50,1
441,79,0
1370,277,0
4,165,0
1001,70,0
2201,151,1
1236,159,0
1432,215,0
1769,50,1
741,201,0
1468,80,0
368,209,0
1674,17,0
171,126,0
733,185,0
1445,95,0
1138,168,0
1083,94,0
1628,31,0
898,99,0
1366,145,0
449,133,0
705,194,0
1680,197,0
816,18,0
899,267,1
176,250,0
1001,71,0
919,68,1
1380,37,0
1435,286,0
763,158,0
1135,114,0
530,143,0
2244,68,1
397,114,0
1467,43,1
1971,123,0
1030,220,1
1647,133,0
2252,272,0
1126,242,0
2106,229,1
211,203,0
1823,199,0
1495,225,0
2005,27,0
978,139,0
2177,161,1
333,234,0
870,204,0
2321,44,0
1334,15,0
709,128,0
1040,91,1
2132,216,0
106,118,0
2154,184,0
695,35,0
1716,23,1
1119,42,0
576,161,0
2041,73,0
612,222,0
47,19,0
1904,77,0
1466,170,1
452,110,1
756,52,1
1192,210,0
655,39,0
830,212,0
24,207,0
1308,212,0
434,225,0
1661,241,1
896,76,0
1448,194,0
563,285,0
1925,209,0
2022,221,0
97,178,0
1452,253,0
1157,37,1
1951,139,0
548,164,0
557,50,0
1190,202,0
1752,212,0
2194,242,1
391,196,0
674,51,0
2081,206,1
667,132,0
624,236,0
1966,52,1
1137,79,0
2206,281,0
1994,52,0
1143,150,1
1141,141,0
924,273,1
1896,68,1
941,290,0
282,2,0
1072,4,0
1524,127,0
1924,18,0
2207,38,0
839,81,0
976,59,0
1196,29,0
1315,2,0
259,249,0
757,179,0
594,277,0
118,192,0
419,39,0
1842,234,0
39,94,1
947,87,0
1887,50,0
358,83,0
611,35,1
754,52,1
2204,163,0
490,43,1
1053,225,0
1795,19,0
1282,211,1
711,111,0
637,184,0
785,212,0
865,127,0
796,157,0
1706,56,0
6,135,0
1174,260,0
466,32,0
2271,28,0
2320,22,0
850,117,0
426,252,0
1984,71,0
2087,97,0
1835,100,0
1035,207,0
618,2,0
990,117,1
1344,43,1
979,80,0
593,229,1
1806,86,0
943,249,0
1080,159,0
162,76,0
100,155,0
1888,69,1
411,276,0
271,130,0
767,282,1
463,205,1
82,161,0
1398,241,0
953,108,1
1032,283,0
1847,209,0
2240,211,1
201,111,0
1522,131,0
1723,37,1
1293,30,0
1305,160,1
1621,223,1
380,130,0
207,119,0
843,283,0
566,248,0
1935,209,0
2009,206,1
1322,277,0
1825,221,0
1615,226,0
149,65,0
255,138,0
269,237,1
2060,128,0
965,149,1
102,1,0
1381,97,0
1515,257,0
973,3,0
378,88,0
1611,16,0
1710,96,0
440,247,0
1947,40,0
1366,269,0
1475,100,0
967,5,1
185,229,1
1060,194,0
1044,2,0
2292,215,0
1442,127,0
2270,79,0
2297,4,1
1868,284,0
141,73,0
1477,107,0
1027,33,0
1980,140,0
1950,72,0
1095,167,1
2052,24,1
268,175,0
971,93,0
1325,28,0
1429,164,0
1407,94,1
1445,149,0
1742,155,0
773,131,0
1909,207,0
494,174,0
1515,29,0
1956,243,0
1432,262,0
1106,131,0
1121,276,0
1797,290,0
794,163,0
406,133,0
1974,19,0
2064,55,0
1599,198,0
1125,199,0
284,117,0
67,212,0
2230,204,0
1311,96,0
602,202,0
1620,262,0
1153,26,0
2106,163,0
300,37,1
1796,201,0
1935,82,0
416,59,0
2135,71,0
767,257,0
919,257,0
725,233,0
1892,243,0
113,247,0
398,106,0
352,272,0
1688,187,0
1762,47,1
1463,14,0
1816,104,0
1558,285,0
1050,25,0
842,58,1
787,210,0
2042,1,0
236,215,0
356,276,0
305,179,0
205,1,0
946,161,0
1571,268,0
2145,87,0
1436,83,0
1705,204,0
1951,262,0
2,206,0
836,12,0
708,192,1
1111,145,1
550,171,0
13,257,0
594,5,0
1689,229,0
1351,154,0
874,68,1
753,231,0
956,97,0
1329,37,0
340,68,1
1981,150,0
1529,68,1
1509,229,0
320,68,1
210,76,0
1658,231,0
1141,41,0
2274,86,0
49,35,0
701,37,0
589,97,0
610,221,0
1262,2,0
2073,203,0
82,209,0
2272,47,1
1137,31,0
964,22,1
305,13,1
1940,82,1
348,203,0
139,140,0
2087,92,0
2041,76,0
244,269,1
1488,150,0
825,43,1
415,261,0
2234,261,0
2175,139,0
659,13,1
795,171,0
2123,186,0
691,20,1
1067,25,0
1104,61,0
1081,40,0
331,148,1
409,92,0
1840,46,0
825,97,0
2080,39,0
781,56,1
1213,268,0
1368,229,1
2083,253,0
154,186,0
1877,13,0
248,123,0
1481,18,0
1132,218,0
1712,4,0
1863,26,0
2022,244,0
2247,253,0
12,240,0
2073,140,0
538,35,0
720,272,0
1193,38,0
121,229,1
2005,13,1
167,253,1
337,0,0
1938,185,0
341,83,0
1134,235,0
2022,223,1
1436,93,0
1883,39,0
588,24,0
602,105,0
3,202,0
137,18,0
1254,261,0
1063,16,0
755,155,0
304,164,0
1130,106,0
2071,170,0
1171,252,0
181,123,0
2313,165,0
1693,88,0
675,47,0
536,140,0
1143,71,0
2186,206,1
326,235,0
2269,56,1
2022,30,0
725,78,0
784,119,0
1817,199,0
1542,2,0
724,183,0
1279,70,0
870,210,0
959,1,0
315,60,0
1470,137,0
1044,42,0
648,162,0
1483,12,0
1094,257,0
2095,272,0
153,134,0
965,186,0
2307,124,0
567,271,1
1710,143,0
1241,54,1
2270,110,0
1166,245,0
586,149,0
101,26,0
2289,196,0
590,171,0
896,4,0
1434,138,0
2144,143,0
780,129,0
201,262,0
1327,220,0
1828,57,0
2266,249,0
975,124,0
1627,253,0
2278,93,0
1355,149,1
696,2,0
2008,43,1
1846,98,0
1617,13,1
959,44,0
1649,74,0
236,127,0
232,175,0
1110,67,1
1985,12,0
1859,173,0
2250,129,0
1326,48,0
2210,291,0
383,103,0
1987,78,0
972,18,0
267,70,0
52,25,1
4,197,0
889,99,0
1950,57,0
1293,53,1
2242,81,0
421,235,0
1491,162,1
1372,14,0
420,163,0
789,37,1
2007,194,0
582,19,0
1982,178,0
685,123,0
2075,79,0
1271,38,0
2220,258,0
1564,194,0
964,223,1
1117,5,1
1434,112,0
561,73,0
355,211,1
1487,114,0
2126,108,1
765,78,0
88,34,0
1350,109,0
214,272,0
1103,164,1
1050,114,0
2289,197,0
1528,209,0
1464,292,0
180,16,0
13,81,1
1587,262,0
551,142,0
2146,126,0
455,12,0
1544,16,0
1400,68,1
1245,241,0
2315,75,0
1372,82,0
969,212,0
1645,251,0
737,239,1
1859,72,0
187,196,0
808,258,0
1266,128,0
1383,117,0
424,20,1
725,176,0
2011,44,0
1273,101,0
95,20,0
1592,141,0
1966,196,0
1422,150,0
635,46,0
156,183,0
1881,88,0
796,118,0
1060,151,1
803,3,0
1481,234,0
570,82,1
1980,37,1
180,151,0
1744,209,0
2054,59,0
1239,193,0
1548,66,0
143,9,0
916,30,0
488,260,0
1316,132,0
116,249,0
256,249,0
888,282,0
500,164,0
2179,84,0
2013,28,0
1460,43,1
322,220,0
1245,125,0
1975,155,0
271,181,0
1884,206,1
904,154,0
323,43,1
1897,75,0
1921,143,0
2309,117,0
386,125,0
551,80,0
1064,124,0
1690,93,0
2249,159,0
2202,262,0
1165,243,0
1684,56,0
1563,258,0
2044,12,0
1559,100,0
1646,249,0
98,165,1
1683,52,1
1222,50,0
830,136,0
2199,103,0
1895,272,0
1644,207,0
119,68,0
1806,255,0
2074,160,1
103,286,0
853,266,0
197,16,0
1070,134,0
134,246,0
491,103,0
1235,25,0
562,242,0
401,292,0
2148,24,0
2029,130,0
1654,239,1
924,3,0
1370,74,0
592,133,0
1562,237,1
564,242,0
2133,28,0
477,134,0
1671,272,0
1731,43,0
3,26,0
646,281,1
1017,29,0
2163,265,0
949,108,1
2138,231,0
78,179,1
2298,176,0
1225,59,0
690,150,0
84,25,0
1893,6,0
1261,71,0
697,90,0
1095,101,1
2240,190,0
1609,50,1
1023,123,0
150,172,0
1042,89,0
1655,92,0
1794,167,1
2126,241,0
984,255,0
1942,76,0
1882,257,0
974,4,0
140,53,0
1314,0,0
1470,142,0
1523,123,0
329,53,0
1440,115,0
55,73,0
198,75,0
411,107,0
1961,37,1
219,114,0
806,235,0
702,178,0
1489,12,0
1434,90,1
222,251,0
833,273,0
718,180,0
1372,12,0
888,213,0
503,242,0
608,179,0
193,195,0
993,211,1
734,217,0
1621,43,1
1954,24,0
461,124,0
614,221,0
2083,266,0
1952,119,0
414,145,0
1159,245,0
1273,57,1
218,20,0
1640,253,1
2208,42,0
267,52,1
2045,168,0
1299,201,0
1125,236,0
561,186,0
1026,258,0
1018,89,0
435,79,0
634,13,1
1456,246,0
2178,161,1
142,148,0
1918,261,0
1053,192,0
495,11,0
554,217,1
1488,158,0
2271,192,0
2185,220,0
1638,190,0
168,271,0
1782,107,0
2180,183,0
2022,34,0
1258,91,1
1261,81,0
808,29,0
684,60,0
2177,32,0
1253,100,0
1067,82,1
2046,267,1
964,179,1
703,204,0
709,129,0
1795,71,0
831,93,0
1449,251,0
2175,117,0
2198,248,0
563,99,0
1280,81,0
99,98,0
2258,287,0
301,229,0
1428,130,0
320,123,1
1637,261,0
1563,111,0
176,264,0
2213,106,0
1355,289,0
902,85,0
77,184,0
1209,157,0
277,111,0
1578,228,1
1416,276,0
502,225,0
208,277,0
900,237,1
1964,121,0
43,197,0
406,210,0
728,76,0
1767,58,0
1998,118,0
855,135,0
426,256,0
1106,48,1
2058,32,0
829,1,0
540,104,0
1922,174,0
1284,260,0
1241,211,1
1471,27,0
1768,206,1
199,254,0
1810,206,1
1666,44,0
997,68,1
705,159,0
303,89,0
2249,96,0
821,115,0
1762,59,0
1644,220,0
193,99,0
1409,82,1
2104,257,0
756,217,0
968,123,1
375,290,1
690,166,0
1946,226,0
1744,266,0
702,18,0
1307,115,0
1709,119,0
1128,135,0
1972,123,0
1180,228,0
321,57,1
2159,249,0
1743,187,0
210,206,1
2311,87,0
1109,60,0
803,142,0
1418,179,1
362,206,1
325,100,0
1215,177,1
626,284,0
6,179,0
1195,164,0
1202,11,0
129,264,0
1338,278,0
1733,56,1
703,279,0
844,35,0
913,94,0
1647,246,0
2128,108,1
1285,6,1
1311,140,0
479,187,0
1334,179,0
615,5,0
1299,236,1
675,17,0
362,16,0
1348,76,0
1944,192,0
326,60,0
326,13,1
1609,203,0
476,81,0
553,151,0
2112,114,0
925,282,1
1199,215,0
635,31,0
839,124,0
2088,219,0
885,254,0
1888,238,0
870,58,0
390,87,0
2109,260,0
31,125,0
1489,50,0
1214,259,0
24,58,0
1794,169,1
672,151,1
1453,83,0
830,194,0
1796,43,1
101,129,0
2300,38,0
1427,163,0
90,32,0
267,35,0
1433,50,0
378,16,0
1700,229,0
1228,221,0
291,83,0
1359,72,0
888,128,0
2274,124,0
1445,207,0
1069,92,0
791,81,1
1483,178,0
170,201,0
0,121,0
1164,118,0
738,220,0
762,43,1
565,74,0
1045,30,0
2302,162,0
1961,35,0
1000,221,1
88,217,0
357,223,1
876,33,0
1259,130,0
150,124,0
184,239,1
1760,207,0
2209,162,0
996,38,0
368,87,0
1781,217,0
1504,13,0
345,131,0
332,7,0
107,8,0
1922,258,0
873,220,0
1871,65,0
1609,30,0
2117,245,0
263,207,0
121,2,0
1344,140,0
1502,34,0
1501,47,1
573,157,0
1869,12,0
1330,196,0
2034,107,0
1969,201,0
2083,79,0
771,31,0
2109,89,0
213,270,0
215,204,0
1632,76,0
1065,35,0
2067,108,1
1255,157,0
1993,241,0
746,58,0
903,275,1
2046,37,1
2010,50,0
2178,187,0
2223,135,0
133,239,1
668,5,1
1235,104,0
1763,47,1
2172,192,0
1525,243,0
678,13,1
864,142,0
335,58,0
1033,166,0
784,26,0
2162,259,0
173,225,0
1842,135,0
1531,136,0
1081,131,0
1615,92,0
1046,257,0
2216,104,0
1200,262,0
181,6,0
1282,273,0
1967,28,0
2040,88,0
702,133,0
2314,114,0
1637,196,0
304,13,1
734,162,0
657,91,0
590,79,0
836,247,0
1352,50,1
1025,18,0
1695,5,1
113,190,0
2160,83,0
321,224,1
1956,8,0
2198,233,0
483,44,0
1907,236,0
2000,11,0
1705,65,0
119,260,0
1124,167,0
36,29,0
1095,205,1
1935,68,1
1754,71,0
319,54,1
1201,164,0
970,174,0
1440,234,0
1710,25,1
571,45,0
26,79,0
651,201,0
406,110,0
575,172,0
1517,164,0
814,109,0
1057,79,0
52,146,0
1607,266,0
738,201,0
536,125,0
1863,14,0
757,75,0
1915,12,0
1702,159,0
1965,55,0
2125,260,0
912,126,0
614,37,0
1993,237,0
519,239,1
62,133,0
123,86,0
2148,14,1
809,30,0
1213,108,1
1124,160,0
973,114,0
2266,130,0
836,76,0
2230,68,1
977,81,0
807,41,0
1468,37,1
2234,37,1
831,59,0
1575,172,0
1178,87,0
2081,107,0
1182,235,0
1944,102,0
1118,102,0
1690,196,0
1228,40,0
612,120,0
2164,167,0
699,26,0
1101,271,0
356,186,0
793,286,0
829,215,0
264,269,1
2235,12,0
2131,207,0
1647,157,0
1156,206,1
2136,13,1
882,208,0
1353,151,0
134,219,0
1861,179,0
426,202,0
32,101,0
470,239,1
29,231,0
91,88,0
76,284,0
506,68,1
2052,235,0
2313,236,0
204,123,0
792,59,0
2078,249,0
342,161,1
1321,220,1
827,58,0
1416,234,0
1956,92,0
1655,251,0
1131,287,0
1324,128,0
1012,197,0
2042,86,0
1568,115,1
433,273,0
413,244,0
1225,289,0
250,17,0
1225,174,0
1418,38,0
1684,19,0
243,262,0
316,206,1
1217,117,0
141,66,0
594,108,0
165,68,1
819,273,0
1616,53,0
1969,197,0
615,224,0
132,197,0
550,74,0
359,259,0
1634,257,0
509,25,0
625,224,0
1127,165,0
1972,121,0
1466,14,0
477,11,0
1938,243,0
1206,140,0
1581,55,0
1937,241,0
1805,182,0
1176,225,0
1199,42,0
1148,88,0
1540,76,0
853,89,0
180,246,0
1845,64,0
1048,121,0
2013,100,0
242,244,0
260,141,0
314,31,0
1458,161,1
529,70,0
795,185,0
2082,234,0
1611,140,0
1835,221,0
372,31,0
1528,68,1
1220,59,0
283,289,0
139,124,0
947,32,0
2056,139,0
107,57,0
314,229,1
355,202,0
1804,124,0
339,54,1
1860,123,1
859,249,0
1766,130,0
835,126,0
71,56,0
2247,54,0
1748,233,0
1854,159,0
179,17,0
1984,271,0
430,269,1
584,168,0
1517,193,0
748,47,1
308,190,0
1925,286,0
2094,230,0
894,42,0
1855,78,0
2236,127,0
715,275,0
450,21,0
142,260,0
2258,206,0
245,37,1
1485,270,0
2084,209,0
1940,270,0
439,57,0
1760,91,1
701,134,0
653,88,0
99,25,0
843,212,0
1840,176,0
189,241,1
820,103,0
821,192,0
1058,13,1
1705,75,0
879,174,0
423,164,0
1322,276,0
1527,39,1
2144,212,0
355,270,0
1335,282,0
1497,68,1
1387,203,0
2208,2,0
731,274,1
34,81,0
314,19,0
282,119,0
2000,77,0
1425,215,0
2072,198,0
1846,81,1
2133,291,0
909,202,0
1187,234,0
1363,68,1
1851,6,0
576,189,0
88,127,0
833,26,0
1035,43,0
2186,88,0
1721,32,0
27,37,1
1544,276,0
1418,83,0
2127,268,0
250,229,1
2004,13,1
1309,200,0
1608,224,1
982,162,0
622,265,0
566,186,0
272,200,0
727,79,0
402,192,0
1748,86,0
1056,87,0
1889,147,0
697,248,0
1120,121,0
1739,269,1
45,24,0
326,118,0
423,269,1
1431,82,0
359,264,0
1304,68,0
1979,282,1
1505,64,0
40,87,0
152,39,0
1658,171,0
1486,26,0
528,168,0
834,285,1
1396,147,0
1982,276,1
338,175,0
58,209,0
1588,225,0
2131,70,0
1201,289,0
320,206,1
396,77,0
220,251,0
661,129,0
696,4,0
905,166,0
555,159,0
1588,118,0
2093,117,1
2292,261,0
2004,53,1
1657,273,0
908,43,1
1167,100,0
1691,247,0
1210,130,0
1850,21,0
1265,71,0
2035,99,0
807,287,0
1214,228,0
1455,81,0
89,76,0
2075,239,1
786,65,0
236,162,0
2145,102,0
1606,126,0
15,272,0
174,256,0
2060,40,0
1095,53,1
1768,243,0
219,127,0
234,65,0
1219,285,1
2003,11,0
1970,229,0
2147,259,0
1660,79,0
1748,135,0
918,201,0
133,185,0
506,88,0
1797,123,1
673,65,0
1880,77,0
981,268,0
1214,110,0
292,91,1
771,201,0
330,219,0
931,276,0
65,184,0
1344,107,0
2075,126,0
555,16,0
937,277,0
984,124,0
22,25,0
1297,197,0
619,19,0
1344,16,0
1399,63,0
2092,291,0
553,39,0
564,290,0
1914,56,0
433,180,0
107,60,0
116,77,0
1032,82,1
592,117,0
236,170,0
1688,84,0
1345,43,1
2303,207,0
262,54,1
1011,90,0
1428,102,0
969,47,1
407,13,1
965,95,1
275,86,0
289,82,0
1422,252,0
2250,77,1
808,144,0
652,67,0
550,169,0
865,57,0
1772,262,0
317,257,0
57,132,0
1741,24,0
883,148,1
1091,5,1
260,134,0
727,218,0
1057,252,0
2292,211,1
2321,210,0
1797,175,0
1047,162,0
760,50,1
2317,274,0
911,17,0
490,67,1
2272,160,1
813,78,0
2212,64,0
1906,141,1
2264,111,0
445,127,0
817,81,1
718,56,0
1440,211,0
522,57,0
179,164,0
2020,234,0
258,50,1
1042,262,0
755,52,1
1284,65,0
2105,175,0
111,115,0
606,130,0
372,37,1
1695,266,0
721,223,0
1999,221,0
1405,78,0
170,246,0
1679,28,0
262,50,1
632,242,0
1321,149,0
2168,189,1
586,186,0
1850,132,0
445,43,1
1719,196,0
343,37,1
1752,133,0
2054,121,0
1846,251,0
2086,16,0
169,17,0
1558,9,0
1626,31,0
1046,84,0
1516,37,1
2116,191,0
2017,82,1
114,103,0
1045,275,0
941,205,0
1799,151,0
2187,87,0
2133,82,1
1992,223,0
1797,98,0
120,195,0
1334,42,0
1204,71,0
727,14,1
893,179,1
1072,220,1
347,227,0
2086,32,0
2018,250,0
170,44,0
288,89,0
508,43,1
744,2,0
41,229,0
778,64,1
836,61,1
1647,198,0
1746,141,0
1737,264,0
1050,50,1
446,144,0
493,28,0
1408,81,0
1658,6,0
804,262,0
53,35,0
647,250,0
1508,68,1
1661,197,0
691,49,0
1059,37,1
1610,183,0
1182,89,0
224,125,0
250,255,0
403,227,1
179,211,1
1887,11,0
1067,62,0
161,37,1
1952,71,0
988,266,0
1293,196,0
1635,38,0
493,221,0
1781,68,1
128,69,0
1030,195,0
1271,103,0
725,25,0
1726,181,0
305,197,0
1992,91,0
462,212,0
2026,123,0
1983,261,0
783,50,1
693,23,0
1678,178,0
1576,226,0
1639,258,0
375,203,0
1787,79,0
1384,131,0
900,242,0
574,92,0
1336,168,0
672,223,1
261,215,0
68,135,0
1060,77,0
1983,289,0
676,277,0
1818,64,0
1572,233,0
2183,58,0
2224,81,0
109,146,0
318,139,0
552,152,0
1346,223,1
945,84,0
2252,178,0
620,132,0
1898,105,0
1019,60,0
2044,58,0
2075,87,0
778,111,0
1617,149,0
1266,65,0
464,37,1
1179,96,0
1845,45,0
941,7,0
1565,68,1
896,200,0
453,83,0
612,161,0
2100,122,0
1130,59,0
1624,67,1
878,187,0
1524,68,1
476,6,1
1800,18,0
457,71,0
1221,107,0
99,58,0
1950,30,0
2074,141,0
193,276,0
1683,196,0
1766,87,0
1095,267,1
1790,81,1
1866,228,0
2303,201,0
2035,31,0
317,37,1
2172,206,1
856,227,0
2291,71,0
257,139,0
1579,178,0
126,181,0
1508,223,1
1797,210,0
531,103,0
738,245,0
1722,20,0
1895,191,0
924,49,0
562,84,0
790,172,0
534,192,0
2125,52,1
142,229,1
1102,52,0
1185,217,0
928,217,0
1109,196,0
829,270,0
1152,43,0
835,228,0
1815,21,0
1095,135,1
582,51,0
1121,275,0
1179,72,0
832,64,0
372,247,0
2181,83,0
430,111,0
503,4,0
46,86,0
861,143,0
1243,175,0
809,254,0
682,231,0
1138,50,0
1608,104,0
567,108,0
1907,189,0
1449,4,0
1829,183,0
1792,132,0
1789,114,0
1577,203,0
814,182,0
762,13,0
812,49,0
403,245,0
557,104,1
150,100,0
1543,155,0
492,54,0
486,229,1
2133,151,0
1420,174,0
1270,198,0
1429,290,0
68,87,0
1608,141,0
1669,192,0
1795,221,0
2121,14,0
658,19,0
1454,11,1
142,52,0
658,49,0
2133,202,0
268,253,0
2196,285,1
1360,248,0
1508,28,0
1247,56,0
164,270,0
1501,266,0
2108,32,0
1055,186,0
1554,167,0
1189,248,0
1413,253,0
995,141,0
2074,246,0
2236,31,0
1746,72,0
360,227,0
1297,76,0
1446,131,0
360,56,0
888,119,0
2247,211,0
877,140,0
650,143,0
1551,207,0
888,278,0
1322,77,0
487,92,0
1371,32,0
610,291,0
684,128,0
1597,64,0
1425,124,0
25,275,0
1422,239,0
370,37,1
1464,102,0
2233,246,0
1312,92,0
2071,197,0
1877,242,0
908,57,0
429,93,0
137,80,0
1477,161,1
1542,12,0
712,95,1
980,250,0
648,80,0
1172,26,0
859,225,0
2068,19,0
2218,115,0
2068,155,0
968,82,1
1253,135,0
2053,215,0
162,1,0
858,17,0
1067,74,0
638,18,0
271,115,0
913,168,0
1675,37,1
1109,237,1
168,30,0
707,219,0
416,108,0
41,276,0
180,258,0
775,211,1
1942,117,0
1242,256,1
1435,13,1
757,73,0
432,3,0
381,44,0
782,123,0
1984,43,1
217,234,0
904,58,1
1913,176,0
76,212,0
1658,162,0
2150,108,1
1310,37,1
758,188,0
77,243,0
1528,239,1
748,257,1
915,128,0
258,87,0
288,43,1
195,177,0
2187,79,0
874,86,0
1011,174,0
1186,37,1
1207,100,0
68,47,1
155,174,0
879,56,0
2298,274,0
256,241,0
1303,152,0
174,227,0
1919,132,0
1825,93,0
1534,267,1
861,58,0
1464,198,0
339,248,0
179,192,0
2238,141,0
1048,76,0
1937,140,0
1814,75,0
1388,5,1
1948,284,0
1219,76,0
909,43,0
1980,43,1
1419,271,0
986,62,0
588,75,0
84,97,0
1823,264,0
690,104,1
776,11,0
1698,79,0
647,278,0
1206,184,0
1042,208,0
411,169,0
1458,91,1
1556,81,0
1248,82,0
1893,19,0
1398,239,1
692,155,0
1987,160,0
294,143,0
1533,216,0
1095,190,1
1165,187,0
1199,186,0
1565,183,0
665,284,0
1800,151,0
901,258,0
4,284,0
1678,98,0
960,143,0
2127,60,0
190,96,0
609,74,0
1996,48,0
2011,257,0
1391,54,1
1489,141,0
959,153,0
536,228,0
2204,6,0
605,18,0
505,60,0
1873,195,0
1396,26,0
238,35,0
1243,124,0
1064,229,0
2174,253,0
1744,197,0
220,248,0
1142,262,0
2028,234,0
1737,141,0
565,280,0
1845,66,0
1509,17,0
1574,78,0
975,43,1
1952,25,0
8,147,0
1197,233,0
2009,199,0
1150,124,0
1811,197,0
1778,87,0
1078,258,0
1817,271,0
2084,19,0
1939,246,0
1796,123,1
2202,55,0
1095,189,1
2059,38,0
1241,50,1
1382,61,0
606,261,0
1431,142,0
735,200,0
568,13,1
273,92,0
1352,89,0
985,181,0
595,95,0
1228,243,0
525,267,0
1659,79,0
1025,122,0
939,218,0
545,176,0
1449,260,0
450,273,1
1389,219,0
2013,87,0
2285,79,0
1618,20,0
1855,62,0
1432,64,0
477,34,0
369,43,1
121,276,0
2272,204,0
1375,268,1
2247,40,0
1927,267,0
1763,247,0
370,121,0
298,186,0
2232,7,0
1109,150,1
957,186,0
901,238,0
1932,24,0
2042,128,0
739,58,0
673,140,0
2305,47,1
2191,221,0
1709,177,0
843,144,0
152,192,0
2023,37,1
2224,31,0
995,47,1
1196,18,0
1278,245,0
2142,103,0
48,160,1
2066,81,0
1639,253,0
2249,87,0
635,279,0
2297,86,0
1646,197,0
894,13,1
1143,82,1
768,84,0
577,13,1
1832,19,0
931,86,0
484,137,0
1386,68,1
14,48,0
375,212,0
272,167,1
866,117,0
2087,74,0
1950,271,0
451,273,1
2080,28,0
0,153,0
1897,1,0
654,275,0
412,111,0
1096,46,0
627,42,0
148,239,0
381,13,1
471,64,0
2228,224,0
455,130,0
1198,241,0
932,74,0
2257,172,0
822,47,1
93,103,0
570,104,1
1018,247,0
1964,58,0
83,37,1
2281,82,0
1158,279,1
135,99,0
1674,138,0
1381,64,0
264,94,1
2246,94,0
1190,239,0
476,134,0
994,275,0
1630,58,0
1871,192,0
816,138,1
563,68,0
1078,42,0
1641,83,0
764,174,0
401,46,0
1644,39,0
394,47,1
2213,284,0
79,192,0
1344,218,0
14,261,0
568,179,0
676,57,0
524,237,0
2001,223,1
1438,56,0
1340,43,1
2134,153,0
1982,101,0
1444,180,0
1001,204,0
547,76,0
1030,126,0
1485,246,0
2307,212,0
157,139,0
103,208,0
2078,103,0
865,246,0
561,14,1
553,269,0
1236,17,0
1524,249,0
1803,111,0
2027,269,1
2147,206,1
1396,16,0
1887,257,0
1036,65,0
1365,227,0
2232,266,0
1076,114,0
2260,28,0
1061,82,0
878,59,0
1531,279,0
715,175,0
791,38,0
94,46,0
743,260,0
1385,263,0
583,82,1
1925,235,0
2185,47,0
2193,92,0
1154,261,0
784,212,0
1034,20,0
1343,185,0
240,269,1
1444,241,0
522,244,0
2041,14,0
266,259,0
1619,178,0
1389,213,0
727,43,0
1626,260,0
371,31,0
48,56,0
1943,99,0
245,217,0
275,82,0
999,267,1
236,252,0
527,214,0
1961,220,0
1107,66,1
2008,141,0
639,128,0
508,107,0
592,54,0
1324,247,0
2120,198,0
820,201,0
1536,79,0
2095,19,0
26,199,0
1990,240,0
1330,181,0
2149,112,0
446,58,1
1676,93,0
1638,37,1
247,175,0
1277,143,0
1767,52,1
1981,247,0
2251,129,0
1616,212,1
2053,47,1
301,206,1
1655,209,0
2019,204,1
445,207,0
1674,104,0
2015,239,1
1728,247,0
1900,190,0
940,53,1
2030,223,1
1414,37,1
2308,1,0
1656,206,1
331,131,0
914,195,0
2320,67,0
2103,3,0
1700,182,0
1033,227,0
62,14,0
1542,59,0
2284,242,0
1224,254,0
821,58,0
1892,206,1
1563,84,0
111,139,0
802,232,0
1122,81,0
815,245,0
357,174,1
1047,0,0
943,13,1
1563,243,0
259,289,0
1196,110,0
2166,155,0
1392,115,1
952,0,0
618,246,0
2153,115,0
406,5,0
341,175,0
1524,287,1
1936,97,0
1491,279,0
21,248,0
1683,31,0
278,210,0
2225,34,0
823,248,0
2120,227,0
1673,197,0
617,207,0
1095,202,0
1076,113,0
789,32,0
2,177,0
93,18,0
93,93,0
2284,264,0
146,33,0
587,281,0
447,280,0
1994,165,0
658,13,1
5,181,0
1740,55,0
2132,80,0
822,38,0
844,198,0
1740,43,1
149,35,0
378,267,0
1529,13,0
1489,268,0
1523,134,0
1944,126,0
931,11,0
1135,44,0
413,55,0
2109,237,0
1731,113,0
271,132,0
1072,28,0
1909,178,0
1871,227,0
1286,271,0
324,37,1
153,47,1
783,206,1
2066,86,0
524,199,1
1969,234,0
837,267,1
1920,144,0
245,155,0
1582,209,0
723,109,0
1724,192,0
2010,123,0
2269,57,1
540,97,0
276,137,0
1123,123,1
2180,0,0
200,90,0
368,227,0
398,153,0
839,223,0
816,7,0
226,26,0
2191,143,0
1786,64,0
60,37,1
395,140,0
987,266,0
2050,223,1
1801,262,0
2246,163,0
2072,89,0
1213,139,0
193,141,0
1608,92,0
2133,119,0
1735,220,0
1057,59,0
1357,93,0
216,239,1
958,183,0
732,257,0
636,227,0
1381,137,0
364,180,1
1524,269,1
2076,126,0
2186,55,0
477,35,0
1338,42,0
90,39,0
566,137,0
1758,223,1
1488,60,0
195,287,0
1155,37,1
1145,68,1
63,160,1
890,11,0
892,220,0
2084,246,0
1005,140,0
1156,8,1
1534,199,0
837,115,0
1514,162,1
789,100,0
376,290,1
1237,262,0
1264,69,0
423,76,0
169,272,0
1805,264,1
1315,33,0
162,249,0
1627,198,0
1666,1,0
1241,47,1
769,190,0
740,52,1
1820,126,0
1024,84,0
491,263,0
682,166,0
658,67,0
327,18,0
1921,104,0
1888,24,1
2163,206,0
1708,206,0
1118,43,1
594,13,1
2169,18,0
1119,103,0
465,37,1
1181,37,1
436,225,0
388,258,0
626,139,0
1348,160,1
2288,130,0
281,123,0
507,79,0
1399,178,0
447,190,0
831,45,0
1477,224,1
1267,4,0
1533,1,0
657,285,0
1580,277,0
1086,48,0
269,47,1
1763,234,0
2093,4,0
955,213,1
1352,75,0
326,20,0
999,289,0
712,54,1
240,271,0
624,8,0
190,160,1
606,275,0
1184,37,1
971,77,0
255,94,1
788,186,0
1622,69,0
255,192,0
921,114,0
312,253,0
1313,74,0
1756,165,1
1069,221,0
1169,159,0
1445,69,0
1740,183,0
2281,185,0
242,2,0
419,55,0
1662,241,1
177,271,0
1600,135,0
1746,21,0
2210,82,1
2059,43,1
147,244,0
376,125,0
1564,92,0
2134,107,0
1554,166,0
337,14,1
147,37,1
1382,257,0
1661,57,0
2067,194,0
1119,80,0
1474,31,0
1644,206,1
390,138,0
53,264,0
991,117,1
2201,13,0
1255,141,0
2097,121,0
1567,109,0
200,216,0
1766,37,1
680,2,0
1942,82,1
1658,191,0
1145,39,0
2173,261,0
1178,158,0
258,128,0
4,57,1
306,17,0
205,100,0
64,151,1
469,37,1
972,43,1
1002,140,0
2167,232,0
1913,68,1
1358,26,0
2100,106,0
1654,21,0
1031,131,0
962,130,0
1873,253,0
281,219,0
349,81,0
1751,275,0
1612,210,0
696,215,0
2290,270,0
670,194,0
1109,134,0
533,190,0
1247,195,0
665,166,0
181,52,0
1210,32,0
1361,268,0
668,132,0
655,202,0
441,80,0
2264,193,0
1095,239,1
1323,133,0
1951,140,0
2250,251,0
422,47,1
1638,198,0
1496,68,1
868,159,0
574,82,0
1964,70,0
1555,261,0
2315,190,0
564,287,0
747,83,0
489,47,1
1636,69,0
1783,288,0
412,130,0
565,45,0
2004,282,1
1340,143,0
1657,61,0
536,10,0
239,239,1
618,25,0
1215,19,0
941,92,0
2248,139,0
680,228,0
323,102,0
1384,186,0
1820,187,0
455,271,0
1862,271,0
1104,245,0
983,176,0
2278,65,0
1800,38,0
1539,128,0
1989,235,0
1634,127,0
2093,57,0
1724,42,0
1065,219,0
637,24,0
2294,202,0
2261,178,0
1389,111,0
913,259,0
384,155,0
61,194,0
1060,35,0
30,131,1
134,39,0
1138,16,0
699,183,0
1747,71,0
786,82,0
925,77,0
1341,249,0
1847,154,0
507,270,0
1548,244,0
1733,217,0
240,40,0
1972,276,0
1127,60,0
1546,225,0
1080,133,0
2247,258,0
2165,235,0
86,42,0
326,130,0
1713,247,0
2026,176,0
435,289,0
2205,73,0
1371,182,0
1421,126,0
2129,249,0
1232,47,1
819,119,0
1142,199,1
857,234,0
564,15,0
1451,11,0
1556,195,0
323,229,0
21,105,0
630,215,0
2225,70,0
2130,69,0
944,110,0
22,239,0
1050,4,0
1794,89,0
549,241,0
1253,123,1
857,205,0
257,40,0
818,31,0
1987,216,0
2313,154,0
1805,236,0
1597,75,0
40,81,0
1394,178,0
1265,268,0
1840,52,0
1523,33,0
803,290,0
2264,135,0
2318,240,0
1880,134,0
2265,272,0
263,43,1
2209,98,1
276,92,0
1077,279,0
2256,100,0
179,20,0
282,237,0
93,242,0
674,185,0
2104,73,1
688,275,0
1681,225,0
972,227,0
1378,109,0
1661,206,1
321,13,0
596,63,0
888,112,0
333,266,1
1340,132,0
1504,289,0
1769,107,0
1809,114,0
1176,268,0
2083,235,0
1199,223,1
1466,167,1
1909,68,1
1283,181,0
2187,276,0
1710,137,0
262,275,0
1709,224,0
1219,221,0
696,38,0
2209,145,0
1981,69,0
1620,196,0
2319,168,0
1212,235,0
1347,181,0
1862,24,0
956,215,0
1492,128,0
444,246,0
48,40,0
2134,81,1
1898,55,0
40,0,0
2208,151,0
1240,13,0
1871,14,0
1852,142,0
1382,220,0
276,269,0
812,241,0
847,249,0
1528,206,1
291,37,1
660,249,0
413,152,0
1621,289,0
1404,214,0
200,272,0
1519,19,0
1329,185,0
260,124,0
447,192,0
1938,86,0
1289,242,0
1648,89,0
2221,57,0
731,13,0
749,97,1
721,135,0
1498,134,0
980,126,0
454,246,0
576,41,0
2043,108,1
1648,235,0
542,88,0
1241,43,1
1658,63,0
353,199,0
609,88,0
2309,17,0
737,89,0
1247,81,0
859,75,0
2061,219,0
984,270,0
459,97,0
922,57,0
1511,242,0
2114,285,1
1821,227,0
1288,203,0
2301,127,0
1748,191,0
1790,184,0
558,128,0
1091,282,1
1673,253,0
2044,193,0
318,153,1
606,81,0
1252,78,0
216,257,0
235,37,1
1673,93,0
555,172,0
273,32,0
1792,272,0
1488,134,0
1733,235,0
2119,43,1
2201,251,0
2053,217,0
1201,78,0
683,215,0
550,117,0
329,288,0
795,62,0
1133,261,0
433,264,0
1799,58,0
1957,81,1
2109,239,0
1195,120,0
1575,16,0
2259,83,0
2084,21,0
1918,37,1
1141,65,0
138,211,0
577,102,0
227,91,1
1473,12,0
208,227,0
898,13,1
1638,71,0
718,63,0
1234,50,0
2062,82,0
1586,221,0
72,95,1
1132,233,0
1479,164,0
1069,125,0
170,200,0
118,235,0
2302,259,0
774,1,0
945,115,0
494,234,0
379,280,0
524,144,0
466,60,0
1191,159,0
427,195,0
64,202,0
1754,212,0
1444,105,0
1764,244,0
742,46,1
1861,165,0
1841,67,0
1838,123,0
2182,0,0
1461,91,1
1276,249,0
730,122,0
1713,133,0
2166,194,0
693,88,0
2227,43,1
440,61,0
1699,216,0
1866,211,1
85,260,1
714,193,0
259,258,0
1338,13,1
1749,220,0
1769,260,0
1753,37,1
302,94,0
642,223,1
1305,219,0
1167,192,0
1408,140,0
325,206,0
980,162,1
1554,165,0
1634,109,1
998,199,0
1385,27,0
1456,71,0
136,273,0
823,76,0
1379,33,0
143,274,0
2155,289,0
1517,183,0
2318,190,0
43,6,0
2239,96,0
721,118,0
1059,217,0
2084,200,0
587,230,0
1606,20,0
1509,223,1
1453,212,0
1037,56,0
1174,65,0
1385,139,0
1523,59,0
1072,0,0
1018,68,0
1688,99,0
1126,118,0
2290,9,0
1993,110,0
1631,187,0
581,13,1
163,140,0
887,13,0
1178,30,0
288,206,1
1665,98,0
1040,212,0
1201,30,0
1956,213,0
1117,62,1
1221,200,0
1701,49,0
2011,232,0
1094,243,0
1246,69,0
20,234,0
1197,129,0
1402,100,0
2249,221,0
445,1,0
1327,137,0
2213,157,0
830,23,0
2288,179,1
748,197,0
533,211,0
904,224,0
281,227,0
116,247,0
1422,87,0
2088,28,0
833,215,0
2296,190,1
1135,237,0
1721,165,0
153,204,0
886,194,0
557,179,0
1395,34,0
1357,219,0
1442,117,0
657,113,0
404,227,1
1835,246,0
1358,175,0
704,14,0
524,212,0
214,207,0
1132,123,1
151,156,0
996,260,0
1888,102,0
1258,273,0
520,83,0
650,188,0
603,29,0
1465,139,0
1250,242,0
2307,35,0
595,158,0
188,203,0
1742,105,0
1056,273,0
1624,186,0
2259,56,0
1306,133,1
661,258,0
1185,30,0
928,31,0
1957,72,1
848,39,0
66,253,1
775,39,0
965,255,1
1680,37,1
1787,132,0
1089,14,0
1711,200,0
1068,187,0
886,92,0
388,19,0
722,270,0
306,187,0
1899,207,0
1307,2,0
1303,26,0
1969,252,0
439,81,1
1274,33,0
138,229,1
1905,249,0
282,128,0
1000,102,0
750,37,1
1694,241,0
152,264,0
566,150,0
463,202,0
596,278,0
1456,275,0
2192,194,0
1540,40,0
1258,223,1
215,234,0
622,81,1
109,168,0
532,57,0
329,243,0
2102,259,0
1530,138,0
138,134,0
2164,268,1
129,14,0
1304,66,0
1657,173,0
900,151,1
1141,138,0
1585,88,0
516,135,0
58,19,0
1929,183,0
622,126,0
1022,150,0
1097,116,0
1009,219,0
1482,70,0
1301,174,0
376,206,1
279,20,0
118,149,0
1291,24,0
1206,68,1
659,284,0
1124,134,0
1614,145,0
772,129,0
2152,93,0
2167,115,1
784,55,0
242,66,0
1521,73,0
963,43,1
805,35,0
997,250,1
644,117,0
1611,25,0
1461,17,0
1056,235,0
1986,43,1
668,43,1
105,190,1
1232,77,0
2180,2,0
2185,15,0
170,233,0
1823,47,1
606,159,0
1182,198,0
522,5,1
594,262,0
776,180,0
1189,128,0
751,20,0
1991,234,0
1129,48,0
1884,54,1
1902,234,0
723,15,0
419,275,0
896,121,0
1893,172,0
487,284,0
2119,155,0
476,196,0
623,225,0
451,213,0
674,197,0
1020,256,0
769,241,0
670,72,0
592,53,0
740,104,0
564,13,1
198,61,1
2286,104,0
2003,131,0
1500,68,1
1592,97,0
2246,144,0
456,79,0
939,172,0
1306,67,0
791,171,0
466,248,0
939,22,0
46,194,0
211,70,0
1097,263,0
1107,54,1
1527,268,0
1095,47,1
757,15,0
931,24,0
1457,133,0
1094,155,0
1410,71,0
1055,275,0
1367,154,0
659,79,0
1571,266,0
2071,200,0
536,96,1
229,126,0
1683,258,0
1602,31,0
1511,269,0
978,8,0
1158,12,0
364,200,0
743,272,0
915,138,0
1406,79,0
1946,289,0
413,52,0
649,30,0
1615,53,0
1421,13,1
540,244,0
1670,108,0
372,93,0
1988,58,1
2105,46,0
1795,242,0
2099,21,0
1488,190,0
1564,110,0
17,247,0
1608,5,1
1817,39,0
1250,227,0
792,147,0
533,29,0
1875,30,0
2265,14,0
81,288,0
974,206,1
1503,174,0
692,212,0
985,263,0
1563,56,0
323,258,0
1156,223,1
1672,17,0
1644,24,0
1049,4,0
843,108,0
706,233,0
2139,13,0
1342,131,0
1306,78,0
146,5,1
2204,115,0
2017,222,0
252,145,1
558,53,0
853,42,0
1563,221,0
1442,134,0
791,82,1
290,202,0
1633,56,0
1717,178,0
1645,25,0
1774,228,0
403,262,0
1181,221,0
1894,171,0
521,128,0
259,262,0
2212,47,0
20,154,0
1160,208,0
761,202,0
1233,212,0
1464,209,0
1526,227,0
293,118,0
92,70,0
2233,247,0
2165,23,0
1284,126,0
1838,183,0
1395,233,1
1158,33,0
308,37,0
378,123,0
2223,13,1
2298,18,0
287,75,0
2231,127,0
497,266,0
2158,257,0
1438,215,0
2023,34,0
365,123,0
1744,190,0
1,164,0
1421,207,0
112,17,0
2204,13,1
691,136,0
888,279,0
2308,174,0
1268,50,1
2220,88,0
1740,223,1
1452,37,1
1537,35,0
1042,252,0
1293,37,1
1189,102,0
1820,74,0
1704,124,0
657,250,0
883,259,0
1568,127,0
1712,282,0
1015,55,0
1922,200,0
810,259,0
458,118,0
1049,141,0
1812,225,0
16,182,0
1625,89,0
2316,249,0
1056,267,1
1762,52,1
1657,186,0
1336,127,0
354,111,0
1176,234,0
1604,88,0
510,24,0
1791,87,0
1356,143,0
774,139,0
1857,56,1
143,167,0
733,69,0
1010,215,0
1669,207,0
603,49,0
1556,83,0
1803,114,0
1417,60,0
2079,3,0
94,188,0
2183,241,0
97,90,0
905,79,0
93,184,0
746,141,0
2131,204,0
527,165,0
102,56,0
266,0,0
1746,151,1
338,186,0
639,80,0
1807,5,1
348,145,0
234,73,0
1131,220,0
1380,5,0
935,272,0
599,235,0
1296,8,0
1594,202,0
1832,96,0
802,228,0
1985,1,0
649,11,0
614,235,0
1966,234,0
1330,252,0
2144,130,0
1392,109,0
1148,19,0
985,8,0
457,115,0
1806,21,0
2138,27,0
1360,87,0
1340,234,0
151,99,0
1363,18,0
2100,3,0
2315,125,0
28,205,0
2246,93,0
2039,262,1
829,124,0
1962,259,0
2319,292,0
984,48,0
83,229,0
1825,142,1
258,212,0
1852,31,0
1887,190,0
106,95,0
651,277,0
304,189,0
1358,55,0
1191,34,0
1936,184,0
1936,83,0
806,95,0
1988,205,0
1608,24,0
1219,225,0
2199,249,0
991,83,0
1662,273,0
1336,62,0
1985,80,0
2193,130,0
84,111,0
1567,290,0
2164,10,0
871,114,0
15,54,0
467,235,0
1333,199,0
2173,59,0
669,157,0
1415,37,1
1497,181,0
1279,19,0
110,67,0
1236,158,0
223,34,0
1701,13,0
2066,65,0
169,213,0
448,49,0
1522,218,0
563,129,0
1649,5,1
1042,33,0
366,127,0
1642,211,1
622,124,0
1823,197,0
744,155,0
1975,23,0
1792,21,0
52,21,0
350,164,0
884,49,0
264,76,0
904,274,0
600,19,0
2095,113,0
415,44,0
291,234,0
1834,211,1
2167,209,0
2190,81,0
117,218,0
1617,137,0
1455,206,1
1071,80,0
1972,33,0
2217,194,0
1697,38,0
672,202,0
1538,175,0
1074,127,0
2227,132,0
835,98,0
612,98,0
785,51,0
1656,186,0
2197,52,1
1408,186,0
115,155,0
162,193,0
831,281,0
328,173,0
964,68,1
1305,193,0
582,108,0
1268,102,0
1852,57,0
881,260,0
2221,73,0
1476,257,0
624,205,0
2142,37,1
101,280,0
1244,237,1
685,88,0
124,5,1
1485,262,0
1261,37,1
2258,42,0
1818,211,1
1372,269,1
1864,211,1
2305,191,0
177,258,0
2142,178,0
2321,63,0
870,94,0
397,0,0
1278,269,0
1593,249,0
490,229,0
1132,211,0
279,209,0
548,201,0
244,43,1
2095,128,0
1900,185,0
1598,162,0
1855,202,0
366,5,1
1638,249,0
642,220,0
1113,110,0
836,260,0
2312,75,0
1980,97,0
1573,26,0
1871,35,0
1373,1,0
1478,258,1
905,28,0
298,217,0
379,46,0
633,52,0
1409,81,1
1680,138,0
1534,77,0
1755,98,0
107,276,0
128,239,1
2141,123,0
751,262,0
1870,187,0
1662,229,1
501,93,0
1314,66,1
536,202,0
1491,249,0
458,88,0
1447,46,0
1744,71,0
199,184,0
2255,131,0
1521,74,0
1577,7,0
240,174,0
1311,276,0
596,218,0
1316,175,0
482,77,0
1945,184,0
2123,231,0
863,210,0
1585,242,0
2006,148,0
6,81,1
371,131,0
2188,247,0
1187,215,0
2317,251,1
169,12,0
281,244,0
122,4,0
420,275,0
599,7,0
1582,251,0
151,161,0
2031,207,0
1961,164,0
200,82,0
714,40,0
476,82,0
548,87,0
1265,130,0
233,44,1
1300,181,0
234,174,0
1947,5,0
1713,190,0
288,37,1
1686,79,0
312,83,0
655,235,0
1820,42,0
2265,104,0
2,250,0
2028,84,0
200,35,0
382,72,0
1678,37,1
1613,223,0
292,242,0
877,151,0
1263,79,0
122,205,1
1510,223,1
1396,174,0
828,276,1
9,114,0
1739,32,0
1376,160,1
617,126,0
437,86,0
82,222,0
1052,270,0
2217,47,1
2054,37,1
2043,58,0
323,244,0
1035,192,0
419,98,0
517,139,0
2279,110,0
898,131,0
1238,62,1
515,98,0
79,198,0
1931,70,0
1497,111,0
2130,211,1
550,91,0
1669,235,1
2215,117,0
150,207,0
207,135,0
387,148,1
1822,218,0
2103,28,0
82,101,0
869,118,0
1612,186,0
1990,145,0
2318,198,0
366,39,0
1444,266,0
2262,78,0
677,39,0
747,68,1
1641,270,0
1822,25,0
815,7,0
903,199,1
869,220,1
2141,32,0
2054,186,0
340,122,1
741,273,0
1603,65,0
2195,40,0
1218,235,0
1850,157,0
1419,215,0
1513,84,0
255,95,1
253,260,0
200,164,0
16,66,0
714,221,0
1146,43,1
2284,239,1
181,200,1
166,178,0
1829,123,1
1548,115,1
2041,191,0
433,241,0
106,158,0
1359,251,0
1844,56,1
793,197,0
1879,264,0
1724,123,0
816,235,0
899,279,1
1962,211,1
1950,273,0
240,134,0
970,215,0
1171,171,0
2170,42,0
987,209,0
1190,118,0
412,236,0
2224,25,0
2085,199,0
42,13,1
1030,98,0
13,114,1
872,273,0
400,46,0
810,118,0
856,194,0
1407,162,0
865,289,0
1421,20,0
2296,158,0
1912,75,0
622,154,0
2184,220,0
71,66,1
429,268,0
356,207,0
1345,83,0
1324,157,0
971,90,0
135,115,0
1873,175,0
1811,272,0
415,13,1
326,258,0
715,33,0
1902,98,0
1521,118,0
1651,17,0
1411,131,0
503,65,0
207,131,0
222,118,0
1696,5,1
96,239,1
1034,142,0
1954,98,0
942,61,0
200,26,1
860,80,0
673,273,0
44,12,0
1827,253,0
1327,20,0
1467,104,0
1375,4,0
2189,204,0
479,181,0
2194,87,0
323,89,0
291,243,0
201,274,0
2316,237,0
239,91,1
1394,281,0
197,20,0
962,111,0
611,146,0
2231,199,0
202,26,0
2083,151,1
63,276,0
321,241,0
223,59,0
1052,253,0
1292,26,0
2082,175,0
2034,221,0
1058,21,0
2180,205,1
795,219,0
1868,48,0
830,182,0
137,257,0
1369,202,0
143,229,1
1566,82,0
1291,179,1
1844,266,0
1008,75,0
723,218,0
5,275,0
761,64,0
608,17,0
164,225,0
156,196,0
282,196,1
2251,228,0
1934,241,0
661,168,0
792,287,0
332,266,1
2145,115,0
43,138,0
95,131,0
1474,161,1
1212,117,0
1293,102,0
1518,26,1
2061,78,0
1886,93,0
2141,220,0
1026,56,0
565,151,0
1033,60,0
883,191,0
378,244,0
1601,38,0
2036,118,0
449,151,0
2110,99,0
1828,175,0
110,256,0
210,3,0
1526,195,0
473,71,0
106,148,0
1467,118,0
416,76,0
1843,227,0
1032,81,1
42,109,0
851,151,1
1112,229,0
1255,229,0
1366,82,1
733,77,0
624,165,0
59,68,1
811,15,0
1033,170,0
2247,203,0
1016,65,0
695,245,0
2217,276,0
383,244,0
42,91,0
1580,239,1
407,167,0
1616,145,0
23,276,0
1523,196,0
1018,248,0
346,21,0
403,175,0
997,13,0
967,215,0
953,58,0
2212,4,0
1670,148,0
1533,254,0
1281,16,0
2111,92,0
777,81,1
667,187,0
150,3,0
482,137,0
1627,219,0
1444,32,0
721,280,0
1194,185,0
296,206,1
1021,148,0
7,8,0
2070,239,1
505,75,0
1241,162,1
1608,199,0
950,66,0
2295,128,0
1930,224,1
336,65,0
2321,58,1
1083,157,0
1492,74,0
2027,87,0
34,139,0
99,127,0
1084,254,0
1535,98,0
2195,162,0
1084,92,0
787,275,0
1730,63,0
381,94,0
1819,55,0
1081,200,0
1379,124,0
1026,20,0
1419,71,0
970,187,0
1893,137,0
1551,117,0
500,81,1
1593,235,0
1714,39,0
1611,107,0
1372,127,0
1016,25,0
2268,57,1
986,101,0
1914,69,0
1846,63,0
1535,11,0
1063,140,0
278,160,0
2304,271,0
1459,143,0
1685,131,0
1426,175,0
2213,113,0
2147,57,0
1055,1,0
1264,68,1
1160,140,0
229,178,0
804,56,1
1129,273,0
970,43,1
721,82,0
1667,229,0
686,66,0
1568,191,0
462,276,0
386,227,0
718,231,0
1450,114,0
1777,204,0
319,47,1
806,284,0
1104,289,0
113,111,0
1860,246,0
492,44,0
796,40,0
412,177,0
1985,123,0
656,21,0
384,16,0
695,39,0
553,221,0
1381,249,0
1057,97,0
1703,56,1
2154,92,0
988,59,0
1080,227,0
619,13,1
1137,20,0
1908,126,0
855,78,1
1112,90,0
454,254,1
2146,84,0
2161,62,0
1674,187,0
656,13,1
385,72,0
619,164,0
1241,161,1
342,110,0
264,47,1
770,37,1
628,259,0
940,119,0
1381,220,0
2153,248,0
1889,219,0
888,156,0
206,82,0
1200,77,0
1970,33,0
227,242,0
1294,91,1
1167,221,0
864,226,0
1799,13,1
1921,68,1
1880,66,1
2232,136,0
1953,123,0
973,150,1
1411,37,1
943,87,0
1251,20,0
749,43,1
1426,284,0
907,33,0
2232,113,0
2261,206,1
574,265,0
401,285,0
1511,62,0
1533,236,0
1791,52,1
838,73,0
1031,39,0
31,138,0
663,288,0
1589,243,0
296,60,0
198,28,0
553,56,1
37,16,0
537,21,0
2044,155,0
672,115,0
284,63,0
703,289,0
405,205,0
1595,209,0
567,156,0
1041,30,0
1896,104,0
1190,288,0
675,284,0
437,61,1
1436,87,0
499,158,0
1701,52,0
193,34,0
145,40,0
1259,262,0
102,117,1
101,262,0
1863,241,0
1031,134,0
0,61,0
1341,80,0
1489,55,0
297,37,1
1310,195,0
394,43,1
2247,21,0
1626,162,0
1268,126,0
358,129,0
1432,218,0
772,99,0
1242,234,0
369,59,0
2234,13,0
609,291,0
1884,126,0
1818,72,0
151,62,0
551,252,0
60,249,0
1068,258,0
1408,78,0
1696,201,0
1014,86,0
1966,204,0
1838,125,0
814,222,0
663,79,0
1989,56,1
1721,215,0
640,265,0
1780,80,0
69,33,0
1037,39,0
1493,267,1
982,193,0
311,228,0
277,138,0
584,213,0
1969,281,0
142,221,0
308,96,0
203,220,0
1452,93,0
1484,1,0
2088,86,0
1122,222,0
1174,175,0
2183,114,0
2035,245,0
686,46,0
170,99,0
2095,77,0
1265,245,0
1490,83,0
1525,208,0
2298,29,0
802,133,0
2126,235,0
328,234,0
423,124,0
1947,190,0
738,102,0
588,275,0
1077,87,0
1741,47,1
885,229,0
1703,4,0
1950,248,0
253,164,0
2135,23,0
2076,67,1
1125,255,0
898,282,0
660,13,1
1125,244,0
789,209,0
1234,280,0
2035,233,0
1157,228,0
1749,212,0
2314,70,0
1108,196,0
852,84,0
634,101,0
1684,235,0
892,23,0
608,241,0
765,243,1
2274,90,0
154,199,0
15,71,0
1311,192,0
2076,57,0
1117,77,0
183,67,1
781,60,0
535,85,0
142,112,0
2051,6,0
682,61,0
840,72,0
1700,118,0
2047,59,0
1783,269,0
988,236,0
2082,20,0
134,261,0
1499,18,0
1985,178,0
644,31,0
1959,81,0
1577,163,0
908,5,1
585,221,0
658,54,0
1274,76,0
1980,200,0
1169,292,0
1633,242,0
1815,23,0
2265,121,0
1075,279,0
1720,179,1
11,230,0
2279,134,0
1082,44,0
1804,155,0
1460,253,0
1060,119,0
2133,85,0
1228,162,0
1578,237,0
68,70,0
230,194,0
1851,167,0
785,172,0
2292,140,0
1501,67,1
88,107,0
1527,103,0
974,60,0
1182,59,0
393,234,0
419,166,0
1940,180,0
1175,69,1
322,5,1
1272,57,1
453,37,1
558,51,0
535,50,0
517,176,0
1751,240,1
1992,188,0
854,183,0
496,91,0
2098,26,0
2231,94,1
1701,81,0
1853,3,0
764,70,0
207,127,0
1481,224,1
1361,257,0
648,32,0
1493,117,0
1608,16,0
112,131,0
624,249,0
709,277,0
1212,221,0
1280,161,0
175,173,0
1557,266,0
1218,206,1
792,269,0
1384,157,0
22,247,0
2080,241,0
1293,220,0
1109,143,0
970,71,0
1095,173,1
1992,268,1
864,184,0
357,18,0
1399,172,0
183,43,1
1230,42,0
2215,8,0
2007,11,0
1189,244,0
627,80,0
314,3,0
1157,50,1
97,150,1
522,249,0
1996,249,0
213,60,0
568,212,1
1003,55,0
255,178,0
363,130,0
138,228,1
1326,130,0
674,15,0
2291,53,0
1709,191,0
366,69,0
1922,98,0
384,134,0
1524,43,1
273,207,0
939,81,1
645,249,0
866,82,1
534,96,1
1021,137,0
241,24,0
2005,69,0
262,87,0
2006,221,0
568,259,0
1097,143,0
2110,258,0
1512,123,0
1652,43,1
1818,235,0
896,100,0
270,37,1
869,267,0
1016,68,1
1190,145,0
1837,253,0
95,124,0
378,264,0
1470,206,0
1577,111,0
2090,250,0
49,110,0
1336,35,0
1741,102,0
239,38,0
1721,134,0
1500,79,0
62,37,1
1353,204,0
1489,211,0
178,83,0
266,99,0
1995,218,1
687,86,0
433,62,0
1558,279,0
509,5,1
1722,175,0
2073,2,0
1588,254,0
2081,54,1
1275,98,0
1852,186,0
341,159,0
1360,139,0
1537,84,0
869,5,0
1573,143,0
1478,88,0
1690,143,0
1293,12,0
292,261,0
2026,199,0
405,111,0
1075,272,1
2206,108,0
1049,73,0
723,140,0
2027,82,0
37,114,0
429,176,0
118,73,1
930,86,0
624,118,0
1478,27,0
80,212,0
1903,176,0
1302,65,0
1554,150,0
1422,256,0
1620,178,0
1968,50,0
2245,58,1
869,235,0
75,18,0
2101,14,0
938,141,0
507,121,0
2016,239,1
841,56,1
152,75,0
740,203,0
647,6,0
2177,200,0
65,204,0
1987,125,0
1418,26,0
1792,37,1
905,264,0
246,110,0
1896,217,0
930,226,0
1400,206,1
1409,222,0
1557,40,0
1045,87,0
583,267,0
1233,91,1
2061,134,0
2153,69,0
1027,56,0
181,160,0
707,84,0
479,90,0
111,155,0
252,133,0
335,277,0
1350,58,1
675,1,0
502,125,0
429,26,0
304,244,0
813,26,0
1720,187,0
1298,37,1
42,163,0
521,243,0
259,43,1
284,42,0
1560,240,1
491,199,0
2278,143,0
704,130,0
1685,186,0
921,154,0
1218,47,1
783,65,1
1540,78,0
412,117,0
562,80,0
207,4,1
191,59,0
863,63,0
340,43,1
341,59,0
2175,143,0
89,1,0
2143,248,0
976,54,0
1011,221,0
1542,47,1
626,13,1
278,86,1
1820,91,1
118,164,0
2200,97,0
1571,225,0
1902,192,0
1695,43,1
1863,107,0
2021,20,0
1399,39,0
243,132,0
1687,183,0
293,40,0
301,208,0
697,164,0
1605,132,0
950,192,0
1356,172,1
4,21,0
118,37,0
1484,124,0
924,193,0
560,135,0
457,184,0
1348,33,0
1577,155,0
583,61,0
550,231,0
1217,0,0
1466,103,0
1853,21,0
67,242,0
1850,30,0
831,20,0
1980,80,0
680,167,1
278,290,0
579,263,0
1957,82,1
1601,11,0
264,17,0
1193,137,0
1174,241,0
1436,262,0
76,26,0
293,85,0
863,159,0
130,99,0
1998,37,1
1725,161,1
964,81,1
1531,162,0
1609,67,1
733,0,0
526,240,0
1175,285,1
1039,201,0
1334,108,0
170,220,0
1490,266,0
999,67,1
1388,285,1
584,169,0
1995,249,0
90,282,1
1641,195,0
1907,212,0
1068,42,0
964,117,1
1028,72,0
2136,281,0
641,21,0
841,88,0
1943,24,1
1388,89,0
1944,191,0
379,9,0
1685,34,0
1008,37,1
612,107,0
495,17,0
303,201,0
723,9,0
1530,34,0
1256,68,1
2094,130,0
242,229,0
1295,266,0
1395,38,0
1708,254,0
641,239,1
1178,258,0
1668,37,1
1927,35,0
767,1,0
2078,144,0
2262,106,1
259,234,0
123,84,0
2305,78,0
750,247,0
928,100,0
866,55,0
1559,150,1
1036,204,0
1287,200,0
197,61,0
262,26,0
953,80,0
896,199,0
848,203,0
2180,73,0
1380,79,0
671,37,1
1123,159,0
175,51,0
2018,164,0
1267,42,0
2247,284,0
2252,37,1
502,61,0
944,198,0
806,134,0
899,109,1
542,50,1
1654,97,0
654,119,0
888,93,0
1529,270,0
505,241,0
1300,26,0
1838,11,0
1257,91,1
1075,13,1
134,77,0
710,127,0
631,266,0
903,177,0
354,211,1
2068,108,1
1506,91,0
1669,41,0
1162,181,0
913,192,1
8,149,0
2173,162,0
828,87,1
2043,228,0
1322,179,0
2062,194,0
384,132,0
1060,184,0
2036,266,0
1464,288,0
2267,157,0
2133,38,0
892,143,0
719,12,0
810,50,0
1874,191,0
9,113,0
955,129,0
191,89,0
486,29,0
2234,234,0
1463,244,0
1542,215,0
121,256,0
2048,220,0
30,205,1
1241,229,1
1268,143,0
1991,163,0
1851,113,0
470,43,1
200,151,0
1494,50,1
748,83,0
1775,52,1
1827,175,0
1303,144,0
1968,190,1
1733,271,0
171,194,0
1538,123,0
1615,18,0
1715,55,0
1738,59,0
2028,128,0
1476,264,0
1647,193,0
1300,70,0
1508,14,0
2035,184,0
738,271,0
757,58,1
1196,32,0
941,17,0
1594,227,0
84,86,0
578,141,0
1471,281,0
1489,143,0
1882,211,0
1157,202,0
2181,37,1
401,284,0
1325,108,1
1134,1,0
1127,202,0
2277,246,0
1868,181,0
79,80,0
1970,78,0
1576,78,0
480,70,0
1384,208,0
349,64,0
1116,289,0
839,250,0
433,144,0
1912,167,0
2080,244,0
843,141,0
400,224,0
852,291,0
257,50,1
1665,257,0
981,111,0
559,13,1
1708,106,0
479,211,1
1561,107,0
1042,139,0
1149,38,0
1254,202,0
1986,16,0
1217,164,0
379,233,0
1182,102,0
454,92,0
1581,37,1
1376,283,1
558,16,0
613,168,0
1670,121,0
99,155,0
306,126,0
1474,218,0
2310,126,0
500,285,0
863,251,0
1105,207,0
2110,118,0
798,176,0
206,50,1
417,177,0
397,117,0
2154,140,0
1560,35,0
547,110,0
2306,175,0
601,179,0
703,38,0
1427,228,0
1053,86,0
1935,93,0
329,185,0
1211,208,0
904,51,0
721,199,0
1063,14,0
2236,194,0
930,162,1
1518,90,0
470,47,1
913,87,0
827,200,0
1589,225,0
554,104,1
906,141,0
127,225,0
1903,181,0
872,92,0
527,117,0
1777,100,0
2024,16,0
44,103,0
488,204,0
219,87,0
1923,257,0
599,166,0
1242,224,1
1525,88,0
518,196,0
961,280,0
1494,190,0
2257,159,0
1275,244,0
1992,282,0
967,121,0
2257,265,0
1068,134,0
161,98,0
64,206,1
102,145,0
2136,29,0
2072,209,0
841,65,0
1030,52,0
539,97,0
2256,37,1
2293,253,0
1919,91,1
2108,24,0
1649,273,0
964,47,1
2310,210,0
1529,43,1
1230,257,0
1550,165,1
2095,44,0
861,262,0
2227,206,1
697,114,0
679,167,1
1281,98,0
386,12,0
2056,82,0
2161,285,0
1754,34,0
1340,90,0
935,65,0
1865,195,0
1001,61,1
1602,76,0
916,34,0
837,223,1
1253,198,0
1214,50,1
236,97,0
1019,256,0
439,107,0
1862,17,0
2167,172,0
964,67,1
1845,99,0
1860,281,0
554,56,1
2052,102,0
1350,57,1
1181,39,0
1083,23,1
1480,0,0
1507,161,1
1739,47,1
574,13,1
296,192,0
2310,24,0
361,37,1
1335,276,0
402,276,0
1256,37,1
1407,227,0
935,260,0
1393,133,0
939,185,0
570,271,1
187,102,0
894,280,0
1544,21,0
1820,119,0
1607,158,0
439,182,0
1780,282,1
1390,131,0
2153,14,0
323,24,1
1474,23,0
1192,82,1
466,103,0
1156,191,0
807,265,0
1071,18,0
1672,20,0
440,164,0
139,105,0
1365,191,0
468,161,1
1503,271,0
111,55,0
1855,19,0
1179,68,1
1524,61,1
818,115,0
573,32,0
575,225,0
783,37,1
430,40,0
1678,18,0
1774,93,0
2235,266,0
2182,212,0
921,166,0
751,72,0
607,96,0
964,148,1
610,233,0
376,140,0
1920,61,0
623,231,0
426,93,0
1819,201,0
1803,178,0
1263,74,0
1397,111,0
459,90,0
691,278,0
272,100,0
710,215,0
1487,77,0
901,157,0
413,63,0
197,66,1
626,156,0
2265,251,0
1922,177,1
1570,278,0
1565,241,0
2208,257,0
1018,71,0
1097,269,0
1804,99,0
1048,56,0
1960,234,0
615,48,0
1297,43,1
457,72,0
102,109,0
969,198,0
943,2,0
619,229,1
359,34,0
2152,164,0
2242,155,0
2199,47,1
236,273,0
913,99,0
1723,43,1
1988,22,0
844,270,0
714,76,0
726,233,0
1262,266,0
1128,95,0
469,217,0
2221,161,1
964,160,1
15,99,0
290,125,0
2294,68,1
94,153,0
1413,57,0
1876,262,0
1445,187,1
2204,95,0
2041,233,0
58,223,1
479,92,0
952,132,0
2081,57,0
50,61,1
489,253,0
1994,268,1
1280,241,1
1753,209,0
1197,4,0
1744,261,0
614,182,0
2154,43,1
1689,40,0
2162,47,0
1260,55,0
425,37,1
590,151,0
2080,116,0
1104,162,1
250,290,0
187,131,0
2125,70,0
489,32,0
962,249,0
1095,171,1
1141,113,0
110,131,0
568,226,0
2001,68,1
1669,280,0
1052,23,0
182,55,0
24,39,0
1442,72,0
898,92,0
12,198,0
2152,78,0
0,103,0
779,102,0
1367,113,0
1011,12,0
1545,58,1
814,86,0
176,75,0
155,43,1
2019,225,0
606,149,0
1958,220,1
140,277,0
1348,227,0
958,53,1
664,44,0
222,128,0
1055,140,0
1368,17,0
2268,81,0
309,5,0
746,266,0
2106,279,0
696,76,0
1826,110,0
775,78,0
43,13,1
282,63,0
1867,66,1
68,244,0
2101,204,0
895,117,0
1885,251,0
465,84,0
1062,202,0
1647,46,1
810,175,0
74,233,0
942,84,0
1392,106,0
788,57,0
1010,192,0
1091,267,1
2279,247,0
2011,186,0
673,81,0
1382,221,1
568,198,0
840,110,0
576,88,0
221,93,0
1750,240,1
386,126,0
1658,8,0
2218,19,0
329,229,1
923,119,0
1983,99,0
472,155,0
1403,13,1
349,238,0
1777,223,1
81,77,0
441,19,0
372,43,1
1335,123,0
1620,50,1
182,58,0
555,128,0
1899,128,0
896,209,0
545,268,0
1726,259,0
372,248,0
514,178,0
1881,227,0
616,240,0
592,223,0
1483,143,0
1812,140,0
2149,79,0
152,234,0
2270,229,1
2240,225,0
417,13,1
678,100,0
921,2,0
1996,51,0
222,108,1
1344,273,0
1121,249,0
40,186,0
215,83,0
590,155,1
1446,74,0
392,240,1
691,209,0
1671,202,0
1547,71,0
2154,42,0
1838,175,0
654,63,0
2198,183,0
1252,221,0
1021,97,0
928,254,1
402,11,0
1086,247,0
151,148,0
360,199,0
1920,177,0
1982,225,0
1378,145,0
2160,247,0
109,47,0
540,37,1
1457,130,0
1809,13,0
394,102,0
309,164,0
2014,183,0
701,191,0
1443,243,0
1320,129,0
1694,33,0
2109,115,1
496,291,0
2073,271,0
259,50,1
793,206,0
580,64,1
2002,59,0
1479,108,1
1245,73,0
448,115,1
438,278,0
182,253,0
92,267,1
1234,92,0
146,127,0
607,159,0
865,214,0
1196,259,0
1315,169,0
1973,12,0
1720,141,0
2163,229,1
1060,183,0
2196,121,0
1024,266,0
594,138,0
1879,55,0
355,204,0
1674,78,0
848,1,0
1720,183,0
1702,96,0
307,195,0
2243,203,0
998,176,0
166,184,0
2250,89,0
838,130,0
1769,208,0
1603,37,1
2174,92,0
258,135,0
1865,114,0
627,103,0
218,25,0
1099,69,0
1706,107,0
524,49,0
1882,220,1
404,6,0
1021,239,0
1183,244,0
1432,130,1
2070,87,0
1186,220,0
953,215,0
1144,21,0
863,264,0
246,98,0
1194,205,0
561,254,0
2039,65,0
964,54,1
997,244,0
1360,73,0
525,196,0
1167,186,0
492,125,0
812,236,0
2107,218,0
1143,224,1
1432,68,0
1003,84,0
1977,211,0
69,26,0
1108,102,0
451,133,0
1182,175,0
1314,292,0
255,43,1
1758,192,0
1498,67,1
994,248,0
1352,135,0
562,211,0
573,102,0
143,133,0
836,138,0
1379,186,0
1225,221,0
1403,221,0
1875,186,0
1432,254,0
875,93,0
369,40,0
372,174,0
1696,43,1
387,178,0
782,94,1
1466,42,0
2243,26,0
622,6,0
2133,78,0
97,32,0
1904,106,0
1499,174,0
119,249,1
633,218,0
543,195,0
2257,208,0
1504,20,0
1657,129,1
1003,89,0
154,5,1
276,230,0
255,50,1
1543,261,0
1688,86,0
465,72,0
1431,168,0
1124,157,0
991,160,1
1278,241,1
1008,192,0
1764,267,1
2062,239,1
382,151,0
377,37,1
24,244,0
1168,69,0
77,49,0
386,164,0
238,132,0
1237,207,0
646,47,1
1965,100,0
1954,162,0
163,207,0
487,2,0
1388,187,0
347,263,1
793,25,0
1651,88,0
1648,43,1
818,13,0
1264,270,0
2,140,0
1586,170,0
298,13,0
814,210,0
693,12,0
126,143,0
529,9,1
1046,179,1
1155,206,1
103,65,0
1514,70,0
603,149,0
1847,75,0
1371,235,0
782,114,0
2047,37,1
2308,271,0
1017,174,0
128,114,0
1173,117,0
2048,178,0
1237,82,0
325,83,0
1601,245,0
1221,129,0
1891,141,0
334,22,0
744,47,1
1654,262,0
1494,184,0
17,82,1
1191,273,0
2313,138,1
1957,47,1
1613,15,0
1456,79,0
467,141,0
51,141,0
1327,46,0
2212,81,1
2306,104,0
2209,264,0
2067,0,0
350,132,0
1853,56,0
1748,125,0
782,99,0
1522,55,0
1643,19,0
1917,58,1
2303,33,0
150,37,0
821,289,0
2090,223,0
589,256,0
201,26,1
2112,264,0
1326,231,0
894,276,0
1545,140,0
1226,233,0
540,204,0
1228,99,0
619,221,0
220,239,1
364,37,1
1973,262,0
1449,235,0
776,186,0
2170,57,0
902,63,0
1279,199,0
2215,250,0
1088,107,0
266,139,0
1035,107,0
2316,282,0
1507,68,1
810,149,0
56,76,0
1935,176,0
1008,128,0
227,17,0
1720,83,0
2022,206,1
2213,182,0
1289,179,1
2291,172,0
328,135,0
1917,221,0
1216,68,1
442,34,0
593,267,0
535,61,0
660,39,0
2258,56,1
1265,53,1
705,223,1
6,140,0
713,75,0
531,206,1
2022,37,1
2028,251,0
467,176,0
933,203,0
464,253,0
732,18,0
10,172,0
535,13,0
831,78,1
275,249,0
1205,75,0
1436,185,0
1581,271,0
1461,275,0
1172,253,0
5,215,0
1617,144,0
1812,211,1
351,181,0
2271,168,0
1855,244,0
2285,195,0
628,19,0
759,134,0
207,104,0
782,129,0
1187,183,0
1030,213,0
987,37,1
1329,105,0
1103,14,0
1609,68,1
2025,203,0
478,244,0
2198,4,0
2112,38,0
202,213,0
2095,34,0
218,26,0
698,161,1
1667,202,0
1658,199,0
1217,196,0
189,97,0
609,248,0
1066,72,0
1410,18,0
595,153,0
2033,82,0
53,185,0
2013,71,0
2318,101,0
2319,224,0
2286,37,1
1310,97,0
1323,52,1
1058,152,0
1441,282,1
1284,72,0
1851,60,0
371,183,0
2302,204,0
1304,286,0
1954,183,0
1579,13,0
1134,247,0
2008,40,0
962,134,0
2123,187,0
175,246,0
721,179,0
994,127,0
658,248,0
297,227,0
2195,219,0
1966,104,0
562,207,0
1761,190,0
2195,71,0
1118,264,0
2036,110,0
1921,67,1
705,89,0
2085,260,0
1149,26,0
1951,50,0
46,175,0
2143,93,0
1943,118,0
1322,237,0
1807,191,0
2010,97,0
587,136,0
0,120,0
807,258,0
1764,176,1
1636,143,0
964,239,1
1881,220,1
1563,233,0
2140,2,0
1553,29,0
568,229,1
45,77,0
1183,126,0
1096,67,0
2173,251,0
471,142,1
1200,69,0
613,278,0
1254,39,0
1383,30,0
153,17,0
2220,276,0
838,123,0
839,224,0
1454,213,0
2275,3,0
959,183,0
1734,174,0
91,72,0
1434,142,0
1122,94,0
1925,89,0
108,124,0
1211,115,0
1019,9,0
1838,164,0
1374,123,1
1432,11,0
725,129,0
744,23,0
15,3,0
796,104,0
2105,211,0
766,69,0
1276,208,0
1436,4,0
2084,208,0
558,107,0
749,37,1
893,135,0
2159,117,0
285,140,0
235,249,0
709,22,0
396,32,0
2106,108,0
1330,244,0
601,87,0
1750,264,0
530,285,1
1560,26,0
37,47,1
618,39,0
1632,43,1
1397,4,0
294,3,0
555,75,0
849,134,0
1618,268,0
893,220,0
1073,166,0
764,162,0
160,97,0
2102,43,1
2125,141,0
465,90,0
1149,276,0
1704,50,1
1175,84,1
1888,286,0
1141,218,0
1396,27,0
1063,37,1
1014,56,0
1592,272,0
1146,86,0
1705,50,1
1377,283,1
1791,121,0
1237,4,0
734,79,0
814,96,0
2265,18,0
106,183,0
1247,103,0
1242,211,1
163,249,0
1930,207,0
154,227,0
606,24,0
929,205,1
1247,139,0
159,245,0
1303,234,0
1101,215,0
838,228,0
1513,164,0
1802,253,0
157,92,0
1876,128,0
1959,70,0
641,26,0
236,199,0
231,59,0
313,37,1
2269,82,1
1604,34,0
260,241,0
775,141,0
140,238,0
1524,282,1
1374,162,1
1864,261,0
128,143,0
715,81,0
2066,40,0
89,40,0
1503,84,0
761,6,1
393,12,0
377,218,0
860,126,0
695,89,0
1505,210,0
2023,206,1
1664,157,0
1030,108,0
1280,253,0
1718,37,1
1206,67,1
486,166,0
8,42,0
144,1,0
365,263,1
663,186,0
1039,234,0
179,215,0
388,244,0
1288,103,0
493,192,0
1077,155,1
1482,66,0
1194,115,0
2108,12,0
460,96,0
31,134,0
157,211,1
2032,195,0
1792,206,1
964,61,1
290,84,0
1048,289,0
814,265,0
483,222,0
2043,32,0
1611,104,1
864,160,0
1100,209,0
1813,208,0
646,131,0
1254,161,1
909,187,0
364,5,1
1332,252,0
973,225,0
509,43,1
1404,156,0
355,186,0
370,251,0
2283,193,0
1762,133,0
720,271,0
277,260,0
308,227,0
711,99,0
316,43,1
494,78,0
1923,149,0
1431,11,0
1799,38,0
877,290,0
1849,255,0
1932,52,1
939,130,1
73,16,0
2109,67,0
1368,254,0
754,176,0
1601,37,1
928,161,1
77,203,0
1510,161,1
637,5,1
700,290,1
1136,132,0
1090,53,1
552,69,0
542,16,0
1784,143,0
491,57,0
269,150,1
1008,157,0
272,143,0
334,19,0
733,209,0
667,218,0
1635,185,0
1702,108,1
673,206,1
269,68,1
1323,14,0
1240,269,0
2264,68,1
1106,11,0
1974,135,0
1815,78,0
273,25,0
507,141,0
1033,219,1
474,13,1
1488,250,0
3,57,1
1840,209,0
1332,150,0
219,119,0
1025,133,0
623,267,0
1667,118,0
1365,183,0
1784,227,0
1401,250,0
653,102,0
1601,261,0
491,126,0
1135,147,0
1742,94,0
996,25,0
1721,281,0
640,69,0
2041,268,0
729,146,0
1729,31,0
1538,204,0
17,106,0
1547,16,0
961,22,0
871,209,0
1774,230,1
1330,13,0
1725,108,1
856,5,0
2310,48,0
2320,172,0
43,221,0
1435,10,0
531,79,0
1635,103,0
986,160,0
564,161,0
41,35,0
636,222,0
1922,92,0
1898,1,0
2076,78,0
867,82,1
902,137,0
1378,157,0
88,19,0
1460,275,0
1016,96,0
1008,88,0
717,37,1
1217,198,0
912,234,0
1956,220,1
414,13,1
1647,270,0
843,62,0
880,18,0
574,100,0
1155,43,1
1551,151,1
1747,100,0
233,55,0
860,43,1
1423,111,0
1734,4,0
309,220,0
712,242,0
209,178,0
1837,221,0
766,193,1
1572,16,0
1018,66,0
1572,13,0
236,123,0
2028,97,0
1737,133,0
707,35,0
1647,19,0
193,13,0
1283,173,1
1851,144,0
631,178,0
1224,99,0
226,78,0
555,285,0
1536,56,0
1424,234,0
517,193,0
572,44,0
664,292,0
1399,93,0
1816,131,0
1661,77,0
930,244,0
2184,183,0
340,212,0
1792,86,0
900,81,1
145,114,0
1260,139,0
2159,196,0
2309,77,0
106,240,0
316,23,1
2212,184,0
1953,1,0
1208,90,0
260,92,0
1214,132,0
1405,83,1
1288,99,0
2317,170,0
36,73,0
1245,162,0
1620,40,0
1153,132,0
1734,2,0
76,121,0
840,151,1
889,201,0
1478,75,0
874,262,0
641,66,0
1947,17,0
1091,281,1
2249,196,0
470,25,0
657,96,0
124,37,1
294,37,1
1631,24,0
1648,243,0
1488,281,0
1521,69,0
1886,47,1
870,195,0
1768,140,0
291,12,0
1259,111,0
1486,11,0
1729,128,0
151,18,0
2205,237,0
1789,24,0
1024,204,0
2221,275,0
1859,246,0
138,105,0
1571,287,0
683,277,0
2198,185,0
1497,3,0
594,162,0
1548,137,0
1262,258,0
4,58,1
2138,241,0
726,143,0
954,133,0
2041,16,0
2104,50,0
1415,192,0
699,6,1
1058,141,0
2303,239,1
995,266,0
1910,68,1
379,79,0
924,162,0
2008,187,0
1703,252,0
1176,80,0
398,159,0
1478,194,0
1014,190,0
1656,196,0
1577,219,0
1540,193,0
1482,244,0
2012,262,0
600,126,0
28,162,0
719,211,1
495,130,0
416,278,0
1781,273,0
649,193,0
221,34,0
805,57,1
59,197,0
1345,37,1
1155,21,0
1586,280,0
877,203,0
654,176,0
380,77,1
1201,68,1
643,20,0
546,174,0
566,102,0
1249,164,0
1095,109,1
1590,61,0
742,243,0
974,134,0
1569,108,1
374,30,0
601,145,0
1471,75,0
606,240,0
383,265,0
1380,154,0
1730,261,0
179,196,0
439,40,0
599,292,0
1899,197,0
1055,199,0
1709,239,0
377,87,0
679,80,0
1681,80,0
573,211,0
975,14,0
1908,17,0
447,212,0
1392,225,0
1804,224,1
1176,176,0
604,37,0
1510,19,0
1248,206,1
1438,207,0
1258,18,0
2250,158,0
61,37,1
824,50,1
1649,43,1
1930,16,0
1901,141,0
771,56,0
730,256,0
555,13,1
1044,198,0
773,220,0
459,139,0
943,248,0
1880,78,0
1171,256,0
614,13,1
1193,185,0
923,233,0
459,125,0
1547,246,0
1535,186,0
2036,159,0
2235,201,0
714,81,1
816,12,0
439,154,0
1055,267,1
1522,123,0
713,234,0
334,161,0
380,100,0
4,46,0
665,129,0
520,185,0
1802,190,0
1366,101,0
1908,97,0
1249,55,0
1099,62,0
1042,178,0
2026,191,0
986,242,0
45,217,0
1773,270,0
1855,259,0
699,16,0
315,118,0
1446,271,0
609,128,0
352,141,0
408,28,0
1242,229,1
1785,229,0
701,23,0
2170,187,0
1417,102,0
770,260,0
518,187,0
1709,278,0
1241,160,1
1310,142,1
1994,200,0
1105,199,0
785,29,0
183,72,0
572,111,0
1360,50,1
545,103,0
307,119,0
999,50,1
1594,270,0
1005,261,0
24,18,0
2274,47,1
486,136,0
1587,280,0
523,292,1
2027,190,0
986,218,0
254,31,0
1401,290,0
1505,69,0
1417,74,0
1032,231,0
1564,209,0
1076,241,0
1601,164,0
2295,276,0
1130,138,0
602,17,0
259,2,0
775,131,0
416,92,0
1274,13,0
2211,36,0
899,81,1
2153,11,0
252,266,0
199,286,0
1145,215,0
547,212,0
1769,3,0
2199,130,0
781,196,1
617,200,0
1354,38,0
1453,68,1
1162,204,0
1772,102,0
941,285,0
507,260,0
191,275,0
582,104,1
841,166,0
1918,233,0
2022,196,0
1532,238,0
1656,37,1
2019,265,0
123,0,0
1586,15,0
1279,206,1
1751,57,0
1931,193,0
794,117,0
1470,13,1
2092,200,0
1574,72,0
1729,123,0
115,102,0
1295,183,0
1628,130,0
2146,141,0
2138,234,0
687,177,0
587,139,0
1612,159,0
1405,77,0
478,89,0
1019,175,0
1135,88,0
1935,21,0
2295,209,0
568,54,0
973,93,0
540,175,0
292,220,0
1162,55,0
668,253,0
598,83,0
1789,216,0
642,43,1
117,173,1
1893,20,0
366,263,1
554,13,1
657,76,0
576,265,0
217,129,0
688,94,0
576,259,0
581,147,0
1821,104,0
2200,124,0
1993,141,0
1609,271,0
493,228,0
2318,81,1
2304,86,0
1193,95,0
1150,119,0
1015,74,0
1847,166,0
1755,187,0
15,205,0
1327,221,0
875,194,0
1379,191,0
1778,127,0
2040,207,0
1928,165,1
1262,185,0
1784,34,0
527,199,1
1077,140,0
125,289,0
192,96,0
195,240,0
1847,272,0
2309,258,0
2210,15,0
16,56,1
129,198,0
133,32,0
1489,0,0
1084,84,0
1965,206,1
1168,204,0
92,242,1
1569,78,0
1697,5,1
986,128,0
439,98,0
766,208,0
1101,39,0
2016,19,0
1905,30,0
494,249,0
180,154,0
1090,135,0
679,204,0
12,222,0
1887,139,0
34,130,0
93,196,0
1849,229,1
2028,277,0
161,11,0
249,191,0
1759,273,0
1397,229,1
853,21,0
387,242,0
2264,1,0
1235,23,0
2106,38,0
1342,174,0
1198,200,0
621,273,0
556,201,0
1196,210,0
1348,178,0
2009,86,0
1907,81,1
1821,2,0
297,228,0
69,268,0
932,242,0
619,287,0
1628,121,0
1041,38,0
583,3,0
396,158,0
1047,1,0
1166,237,1
679,184,0
1862,72,0
1170,278,0
325,19,0
1482,2,0
1020,242,0
2285,225,0
817,248,0
1574,281,0
1752,4,0
946,252,0
187,84,0
2032,148,1
759,13,1
1059,31,0
1694,206,1
308,193,0
1107,248,0
2160,107,0
28,8,0
1494,203,0
1980,234,0
89,276,0
1320,134,0
44,56,1
954,43,1
1906,208,1
1929,141,0
408,13,1
477,248,0
2232,142,0
103,2,0
1940,160,0
518,21,0
368,16,0
1330,208,0
2134,144,0
2316,269,0
2208,189,0
2059,21,0
936,35,0
1954,133,0
1898,129,0
190,228,0
797,174,0
1516,260,0
778,80,0
146,92,0
478,162,0
635,29,0
2247,75,0
2255,69,0
1129,15,0
1403,150,1
1820,14,0
219,239,1
326,102,0
2292,59,0
1165,157,0
576,271,1
802,169,0
1060,26,0
1108,37,1
277,29,0
598,0,0
870,222,0
237,111,0
627,254,0
1517,277,0
1434,248,0
1164,237,1
529,184,0
894,274,0
1178,165,1
1874,161,1
1279,220,0
975,100,0
961,33,0
1546,64,0
40,132,0
1882,166,0
179,57,0
1269,23,0
998,68,1
890,260,0
519,65,0
336,60,0
1504,108,1
1269,68,1
1673,260,0
589,281,0
1003,259,0
965,82,1
456,110,0
2203,57,0
1036,114,0
694,132,0
2148,52,0
1516,126,0
774,157,0
2110,221,0
370,200,0
487,199,0
1943,250,0
41,68,1
2176,264,0
1240,182,0
1265,133,0
2164,73,0
918,260,0
2233,151,1
1961,64,0
2241,38,0
197,275,0
1098,258,0
1914,200,0
615,187,0
1944,254,0
1780,37,1
1723,206,1
366,179,1
6,230,0
1047,219,0
938,199,0
2273,160,1
2104,139,0
2253,139,0
1846,256,0
2006,210,0
1566,74,0
2064,54,1
1187,108,1
1076,247,0
692,260,0
1625,0,0
1386,11,0
2157,69,0
1929,107,0
694,266,0
1836,135,0
793,134,0
81,17,0
315,218,0
2316,236,0
2212,62,0
1322,218,0
2157,134,0
242,86,0
1977,90,0
1219,70,0
1092,158,0
2074,47,1
2231,139,0
1701,149,0
1558,88,0
1829,51,0
1899,132,0
2110,64,0
1540,42,0
990,160,1
84,138,0
650,173,0
910,223,1
928,97,0
1534,155,0
2080,106,0
1601,138,0
675,158,0
963,195,0
1094,26,0
1247,199,0
9,229,0
909,255,0
915,135,0
84,21,0
2050,40,0
1149,17,0
1467,5,1
495,97,0
1248,276,0
336,63,0
562,285,0
1194,286,0
1707,191,0
1550,119,0
1978,124,0
1076,87,0
1256,91,1
1225,87,0
2320,272,0
1913,65,0
18,60,0
1708,152,0
753,18,1
2294,69,0
469,161,1
1688,127,0
1943,78,0
714,8,0
101,265,0
1381,250,0
1447,168,0
245,50,1
17,186,0
309,249,0
1677,215,0
1378,123,1
758,38,0
125,75,0
580,144,0
572,213,0
1574,58,1
2174,186,0
2279,127,0
2305,69,0
823,232,1
2273,47,1
1280,122,0
2155,34,0
2311,110,0
64,43,1
1431,130,1
2320,252,0
1806,220,1
1471,61,0
2011,119,0
328,183,0
1972,131,0
596,247,0
701,130,0
187,109,1
59,174,0
277,139,0
1920,142,0
810,124,0
173,54,0
576,166,0
736,282,0
48,14,0
1703,109,0
2271,93,0
1818,251,0
1577,241,0
830,157,0
615,91,0
414,176,0
291,87,0
2072,16,0
1023,42,0
169,120,0
1206,64,0
79,203,0
999,128,0
2108,14,0
1838,262,0
2132,184,0
1184,99,0
1290,179,1
1894,147,0
1522,37,1
705,100,0
815,292,0
1177,114,0
148,135,0
1095,224,1
901,91,0
208,243,1
1438,12,0
1081,37,1
1394,251,0
1233,162,0
765,140,0
814,228,0
1653,247,0
1688,69,0
2238,37,1
897,107,0
571,82,0
2008,257,0
113,194,0
637,138,0
1940,50,0
1921,23,0
1480,192,0
97,242,0
2253,275,0
196,248,0
351,161,1
736,290,0
407,5,0
268,72,0
166,123,0
1074,268,0
2144,176,0
1979,242,0
1581,268,0
152,108,1
603,98,0
2107,220,0
1477,24,0
548,0,0
2307,271,0
2124,284,0
1701,232,0
513,201,0
21,159,0
1825,89,0
1401,256,0
1612,28,0
1039,217,0
303,111,0
2049,26,0
1494,119,0
426,166,0
2094,59,0
2239,47,1
2167,261,0
616,46,0
232,118,0
243,207,0
643,192,0
2321,57,1
1976,47,0
1586,107,0
788,43,1
1733,10,0
541,221,0
1601,74,0
825,89,0
207,0,0
2027,207,0
1797,255,0
439,35,0
1963,143,0
2279,233,0
1992,179,0
113,275,0
2154,50,1
241,84,0
1953,264,0
2217,215,0
168,200,0
1432,158,0
269,251,0
1870,26,0
1095,87,0
736,26,0
1922,82,0
2238,74,0
808,247,0
435,18,0
2179,245,0
1065,47,1
2027,64,0
1905,28,0
622,147,0
69,195,0
745,71,0
2246,134,0
2172,198,0
1898,147,0
398,244,0
2268,62,0
1807,155,0
1461,68,1
2293,267,1
88,183,0
328,188,0
1625,67,1
1959,121,0
894,61,0
989,161,1
111,35,0
1390,112,0
2247,106,0
559,256,0
934,96,0
705,70,0
1860,3,0
1960,271,0
1426,291,0
1714,246,0
390,185,0
816,51,0
385,50,1
258,164,0
1796,30,1
536,268,0
815,13,1
2119,37,1
1759,23,0
587,111,0
1505,5,0
1197,21,0
1628,248,0
964,269,1
1242,5,1
53,268,0
1100,258,0
2079,157,1
93,273,0
1669,164,0
1666,137,0
1015,165,0
1369,0,0
1491,229,0
262,82,0
2089,37,1
1030,164,0
16,128,0
325,200,0
818,272,0
1657,134,0
673,67,1
2094,292,0
2035,272,0
1765,245,0
2293,289,0
2175,222,1
847,200,0
235,35,0
2185,2,0
75,184,0
1204,59,0
1704,229,0
766,133,0
166,68,1
2017,255,0
2234,64,0
2305,234,0
1830,212,0
552,129,0
920,38,0
196,203,0
1305,183,0
454,84,0
1889,56,0
720,211,1
485,232,0
1505,262,0
1102,163,0
79,71,0
806,80,0
928,286,1
2096,276,0
1026,202,0
678,128,0
1940,115,0
2246,58,1
1032,194,0
644,24,0
420,138,0
2080,269,0
1959,252,0
398,19,0
106,159,0
2020,131,0
1314,12,0
1454,69,0
853,227,0
1042,100,0
1842,132,0
39,246,0
1009,28,0
1415,3,0
331,183,0
1647,225,0
681,88,0
1599,223,1
1135,145,0
521,130,0
1139,194,0
868,37,1
180,119,0
2012,50,0
1887,167,0
73,29,0
488,1,0
1518,5,0
197,122,0
1687,140,0
199,181,0
30,188,1
765,110,0
1704,89,0
917,125,0
286,22,0
988,7,0
2252,203,0
1927,250,0
2021,258,0
1308,71,0
450,66,0
831,145,0
1879,213,0
890,21,0
1652,239,1
588,263,0
1845,19,0
34,174,0
1798,140,0
1994,281,0
1491,12,0
20,186,1
927,244,0
1494,164,0
327,117,0
1844,95,0
765,81,0
1351,182,0
1167,31,0
1583,155,0
1104,156,0
1425,162,0
1441,174,0
626,187,0
1544,224,1
1141,133,0
1225,13,1
1101,291,1
2073,273,0
769,229,0
734,21,0
1811,159,0
2304,34,0
571,241,0
1989,250,0
1338,126,0
2190,28,0
1857,26,0
1595,225,0
702,135,0
1698,23,0
803,154,0
2031,13,0
2211,249,0
1488,185,0
606,18,0
570,221,0
1669,93,0
1670,155,0
294,140,0
316,36,1
1882,81,1
1617,199,0
141,196,0
1069,123,0
2258,136,0
2185,115,0
1985,2,0
1158,43,1
949,207,0
1276,143,0
454,209,0
911,37,1
1546,155,0
739,270,0
1115,164,0
1988,57,1
648,129,0
712,16,0
783,82,0
1197,37,0
1024,65,0
31,205,1
735,229,0
980,206,0
424,157,0
671,192,0
775,271,0
496,114,0
1054,136,0
1615,170,0
861,219,0
772,11,0
1230,217,0
439,109,0
1408,34,0
286,88,1
2246,57,1
935,202,0
1778,241,1
70,174,0
492,138,0
2233,191,0
337,175,0
1780,206,1
94,41,0
415,273,0
1029,71,0
1652,191,0
970,35,0
1946,172,0
9,200,0
1765,104,0
1481,25,0
2245,14,0
1130,61,0
400,229,1
1497,198,0
939,208,0
188,20,0
1861,75,0
1560,40,0
326,153,0
503,110,0
2219,102,0
976,49,0
736,190,1
463,119,0
1956,235,0
148,150,0
2257,276,0
2235,35,0
938,198,0
2169,217,0
1329,11,0
1275,157,0
1698,42,0
2052,68,1
1129,156,0
1699,130,1
1501,162,0
585,229,1
535,250,0
1379,3,0
2174,224,1
1273,115,1
648,142,0
567,13,1
1126,126,0
1543,164,0
613,141,0
2130,71,0
2171,134,0
1465,115,0
2186,83,0
1169,106,0
957,0,0
861,176,0
2044,198,0
1201,135,0
1415,107,0
1026,219,0
1612,278,0
1881,143,0
1062,114,0
2217,257,0
509,155,0
604,130,0
1328,266,0
1178,273,0
1713,262,0
1660,192,0
797,107,0
445,98,0
38,186,0
1951,46,0
2220,176,0
1960,215,0
945,168,0
1617,155,1
1831,68,0
1381,6,0
1487,110,0
2164,286,0
665,49,0
1303,260,0
342,266,0
2153,97,0
923,75,0
1883,30,0
341,93,0
1214,43,1
1350,171,0
763,147,0
4,279,0
2015,126,0
1169,128,0
2133,266,0
1390,206,0
954,275,0
1788,206,1
1091,43,1
1035,157,0
352,26,0
964,95,1
496,139,0
1850,292,0
1740,104,0
539,91,1
648,165,0
542,55,0
2076,143,0
137,176,0
2210,265,0
845,199,0
1369,170,1
699,17,0
182,82,0
79,242,0
859,43,1
1425,115,1
1746,241,1
1826,261,0
276,190,0
487,11,1
18,225,0
1622,2,0
827,37,1
1483,83,0
351,42,0
1491,209,0
1652,76,0
1368,13,1
815,137,0
1438,220,0
2212,113,0
1160,77,0
2283,80,0
1339,200,0
1284,2,0
638,71,0
1815,125,0
1978,133,0
2063,14,0
303,175,0
634,54,0
2036,64,0
1739,80,0
1879,23,0
2176,182,1
651,257,0
1699,280,0
1506,197,0
866,91,0
280,132,0
1186,19,0
1983,42,0
214,77,0
18,29,0
788,193,0
1767,272,0
479,73,0
11,164,0
1377,160,1
1933,160,0
775,77,0
560,57,0
1557,50,1
4,258,0
540,228,0
2194,239,1
1846,65,0
2067,131,0
234,40,0
851,51,1
603,239,0
2147,4,0
1464,235,0
779,208,0
1859,81,1
423,234,0
1443,262,0
1763,203,0
1150,92,0
220,272,0
2217,70,0
2021,275,0
1189,178,0
785,63,0
320,221,0
1170,128,0
1747,82,0
1906,264,0
2238,227,0
685,3,0
359,92,0
275,0,0
1280,112,0
2199,199,0
1219,115,0
1107,258,0
573,162,0
370,104,0
2221,24,0
1248,140,0
1272,21,0
587,189,0
2269,80,0
1154,11,0
517,239,1
156,128,0
1068,197,0
2221,98,0
899,237,1
1157,239,1
1018,82,0
1045,179,1
2018,134,0
119,37,0
2210,44,0
125,9,0
1242,37,1
1414,164,0
2141,34,0
802,271,0
2305,13,0
367,224,1
1529,251,0
222,183,0
287,232,1
1126,235,0
1652,132,0
969,66,1
1110,64,0
583,114,0
2183,2,0
43,63,0
173,13,1
246,215,0
1048,127,0
677,139,0
839,289,0
517,93,0
467,128,0
773,159,0
1703,149,0
1048,193,0
300,206,1
1087,178,0
2019,81,1
1195,149,0
1998,209,0
870,20,0
1582,239,1
1894,220,1
1398,33,0
1025,81,1
328,244,0
888,56,1
1677,57,0
1425,232,0
509,198,0
898,63,0
67,123,0
553,29,0
580,106,0
2156,25,0
164,187,0
1033,128,0
404,185,0
268,89,0
1326,59,0
1380,81,1
606,167,0
1153,150,0
2121,233,0
146,130,0
2011,54,0
179,75,0
1557,98,0
1932,190,0
697,253,0
358,187,0
2023,159,0
2162,22,0
1584,87,0
647,95,0
670,98,0
1427,135,0
1247,21,0
2204,153,0
766,187,0
1890,24,0
1914,223,1
597,13,1
1550,70,0
1329,116,0
857,39,0
1241,257,1
727,259,0
376,200,0
507,32,0
1975,77,0
76,268,0
1457,134,0
1005,276,0
29,87,0
1162,138,0
1332,124,1
1493,13,1
2292,83,0
1222,257,0
1397,185,0
1545,287,0
965,155,0
865,193,0
1303,210,0
1970,37,1
2312,25,0
1476,103,0
2125,1,0
354,79,0
97,233,0
294,227,0
633,55,0
1271,12,0
311,47,1
313,155,0
1819,282,1
1322,121,0
1836,195,0
588,188,0
170,5,0
1961,127,0
1136,281,0
532,43,1
2006,225,0
2125,266,0
1396,68,0
2237,73,0
2311,185,0
589,199,0
1280,71,0
267,100,0
588,248,0
1153,58,1
1029,61,0
1205,184,0
1384,129,0
773,191,0
414,75,0
1831,282,0
2039,76,0
41,264,0
350,184,0
312,64,0
1074,162,0
235,174,0
1034,176,0
2293,77,0
1711,205,0
782,90,0
1317,205,0
1457,249,0
148,285,0
232,86,0
1049,112,0
191,123,0
1313,125,0
2142,197,0
818,102,1
1319,118,0
368,37,1
1795,168,0
314,50,1
833,223,1
657,7,0
2255,212,0
902,41,0
2059,286,1
687,102,0
1883,81,0
1477,25,0
161,227,0
2202,12,0
1769,103,0
984,64,0
2184,53,0
1273,179,0
1700,155,0
1597,174,0
1668,87,0
329,155,1
1420,111,0
913,61,0
1073,36,0
2218,161,1
2081,68,1
625,21,0
1658,233,0
1920,174,0
2084,66,0
1083,120,0
1545,144,0
581,74,0
1745,241,1
1710,145,0
444,229,0
1643,203,0
675,118,0
87,217,0
1345,98,0
1779,12,0
47,187,0
712,102,0
724,119,0
635,132,0
454,25,0
1135,77,1
39,249,0
290,37,1
1998,275,0
1268,223,1
941,148,0
634,68,0
200,172,0
1265,186,0
685,198,0
574,189,0
117,246,0
1572,83,0
774,151,1
608,243,0
1192,221,1
1152,259,0
1576,58,1
916,35,0
261,185,0
1429,234,0
1327,279,0
1268,192,0
1930,235,0
2166,184,0
168,129,0
1422,211,0
1421,44,0
665,5,0
1690,248,0
1434,66,0
179,271,0
1694,269,1
1391,98,0
719,3,0
1925,9,0
569,18,0
96,59,0
1470,91,0
1241,226,1
124,102,0
2245,267,0
1144,219,0
1681,87,0
2014,18,0
1270,2,0
558,271,1
596,73,0
687,178,0
2159,57,0
1570,71,0
2151,190,0
965,179,1
2247,200,1
912,196,0
2074,200,0
236,262,0
1798,132,0
1988,109,0
1942,266,0
459,127,0
2285,30,0
1570,172,0
394,240,1
1233,259,0
500,168,0
370,206,1
369,87,0
1130,122,0
2220,186,0
1109,11,0
1606,123,0
2235,124,0
1235,72,0
1381,29,0
1169,73,0
1553,188,0
762,57,0
2291,243,0
1138,236,0
773,3,0
1533,133,0
990,219,0
2196,277,0
1709,38,1
93,84,0
521,70,0
2036,97,0
269,37,1
1951,282,0
1190,36,0
1067,13,0
962,56,0
1800,219,0
2209,205,0
1808,95,1
1446,183,0
839,236,0
2094,61,0
1942,53,0
770,84,0
1337,88,0
1906,28,0
903,58,1
2213,119,0
1096,136,0
1545,197,0
102,247,0
135,100,0
2299,28,0
851,267,1
439,286,0
330,97,0
1364,251,0
1122,1,0
1030,92,0
232,261,0
949,215,0
1688,110,0
235,209,0
1049,252,0
1678,114,0
179,110,0
629,65,0
374,86,0
1165,218,0
1101,68,1
69,56,0
1854,6,0
1991,236,0
1803,234,0
154,11,0
2145,212,0
1156,267,1
1742,125,0
1524,37,1
1698,87,0
119,263,0
1650,242,0
2197,3,0
2206,13,1
101,284,0
1344,130,0
795,13,1
1785,217,0
1152,115,1
1581,164,0
650,198,0
1,221,0
2123,229,1
672,67,1
2048,30,0
1018,263,0
736,105,0
1796,175,0
1884,262,0
1582,64,0
358,25,0
2105,57,0
1070,135,0
1975,262,0
1391,206,1
118,182,0
1184,130,0
483,192,0
1209,37,1
1750,212,0
2263,203,0
1929,264,0
843,25,1
302,239,0
1947,252,0
306,52,1
478,72,0
1960,75,0
685,215,0
1687,138,0
854,13,0
1734,54,1
1293,161,1
0,264,0
2115,284,1
1568,206,0
1414,38,0
77,132,0
713,206,1
652,133,0
901,141,0
869,43,0
351,277,0
1,65,0
231,114,0
1120,239,1
1887,105,0
1671,93,0
2006,174,0
1358,25,0
2123,71,0
1571,204,0
1584,221,0
14,103,0
1142,115,1
881,13,0
1368,179,0
2312,24,0
968,81,1
1006,133,1
1404,144,0
1001,161,1
96,43,1
1489,174,0
120,74,0
1107,214,1
398,8,0
2121,114,0
759,74,0
12,146,0
94,156,0
2289,233,0
2261,32,0
381,225,0
676,137,0
443,235,0
831,177,0
243,92,0
268,140,0
2207,276,0
1658,241,0
172,124,0
904,52,0
1042,80,0
964,105,1
358,134,0
1296,247,0
607,176,0
262,127,0
1468,164,0
1379,30,0
1061,151,1
1784,33,0
1712,13,1
2214,50,1
1792,102,0
695,219,0
6,239,0
611,278,0
516,239,1
657,112,0
234,158,0
399,165,0
740,78,0
2194,5,1
742,25,0
1127,171,0
1911,31,0
1180,13,0
2205,13,1
948,273,0
2279,47,1
1098,58,0
176,58,1
435,201,0
898,290,0
2162,88,0
862,270,0
1860,20,0
242,83,0
1105,43,1
1469,98,0
1627,276,0
1515,7,0
1351,189,0
2046,50,1
669,5,1
1003,162,0
148,267,0
1839,207,0
1177,228,0
1141,208,0
938,138,0
602,120,0
577,109,0
1523,125,0
294,164,0
707,198,0
1673,264,0
1363,203,0
982,84,0
1429,21,0
1845,81,1
1868,2,0
1706,42,0
2148,28,0
1686,271,0
1095,94,1
1013,242,0
2231,71,0
1511,183,0
885,191,0
450,274,0
1512,53,1
1752,82,0
649,16,0
2243,115,0
1672,102,0
1193,220,1
1395,255,0
663,135,0
1094,235,0
184,271,0
1426,81,1
1192,288,0
363,192,0
837,266,0
447,211,0
432,211,1
2167,289,0
175,98,0
2204,106,0
1306,206,0
1436,90,0
983,24,0
733,225,0
1071,189,0
2234,133,0
1779,117,0
197,235,0
825,121,0
457,143,0
564,82,0
288,135,0
830,143,0
176,285,0
1341,248,0
1830,55,0
649,187,0
1006,18,0
535,131,0
233,190,0
655,21,0
550,186,0
1102,198,0
1390,82,0
1445,80,0
1548,92,0
2054,2,0
2010,199,1
420,44,0
627,126,0
1394,259,0
2285,23,0
1261,80,0
581,104,1
1437,185,0
1326,285,0
2315,54,1
732,82,0
694,108,1
103,245,0
1715,200,0
1352,178,0
439,99,0
436,159,0
471,178,0
2271,44,0
493,21,0
586,120,0
702,14,0
1490,55,0
1517,269,1
835,193,0
1101,24,0
308,48,0
855,148,0
358,206,1
884,95,0
1270,92,0
109,226,0
1067,271,0
761,251,0
244,265,1
1846,122,0
946,290,0
1793,82,0
1414,128,0
28,287,0
1337,133,0
1397,44,0
1942,271,0
1346,185,0
877,159,0
2109,5,0
991,258,0
814,66,1
1072,278,0
1210,102,0
464,161,1
944,233,0
1805,278,0
544,99,0
921,39,0
958,143,0
24,114,0
831,211,0
1498,129,0
2012,274,0
1561,108,1
2273,277,0
667,35,0
567,73,0
734,78,0
806,67,0
1478,9,0
182,77,0
111,18,0
1647,81,0
1984,215,0
300,83,0
787,268,1
52,196,0
1567,216,0
2004,130,0
1365,273,1
1531,45,0
257,108,1
1091,33,0
323,5,1
1049,9,0
1238,283,1
674,59,0
1217,103,0
1536,121,0
791,268,1
1995,25,0
826,26,0
169,2,0
1341,18,0
2,58,1
798,241,0
1534,89,0
1224,18,0
651,206,1
2011,16,0
436,50,1
1570,57,0
1215,273,0
850,6,0
1208,162,0
128,277,0
559,248,0
90,11,0
1399,49,0
1475,143,0
445,58,0
43,42,0
1427,198,0
1104,58,1
2064,187,0
1580,229,0
571,13,1
149,273,0
221,201,0
348,135,0
385,12,0
2296,117,0
917,68,1
503,124,0
1300,286,1
932,89,0
339,68,1
1725,64,0
1526,223,1
544,92,0
168,43,1
1964,140,0
1571,230,0
2265,202,0
48,127,0
2102,190,0
969,121,0
1686,219,0
354,100,0
1604,195,0
812,207,0
2036,225,0
2178,197,0
2157,68,1
1380,180,0
584,155,1
925,81,1
2306,269,1
1296,171,0
994,20,0
1159,37,1
1688,185,0
1896,14,0
1208,253,0
1506,77,0
1017,161,0
1923,135,0
752,98,0
1534,104,0
1039,192,0
199,26,0
1755,192,0
6,61,0
451,92,0
2082,33,0
458,186,0
1784,16,0
1047,176,0
888,35,0
254,39,0
103,28,0
1758,181,0
1181,227,0
789,206,1
372,75,0
966,61,1
360,42,0
1158,8,1
2307,269,1
14,66,0
999,68,1
1433,211,0
1236,201,0
1941,10,0
1835,186,0
254,261,0
1399,119,0
197,123,0
1345,131,0
1357,84,0
900,82,1
1911,18,0
447,141,0
905,65,0
71,199,0
1523,260,0
1807,175,0
148,219,0
932,218,0
1408,98,0
699,267,1
1649,239,1
1237,21,0
1920,166,0
2312,69,0
397,110,0
2000,83,0
1016,82,0
495,88,0
1395,2,0
679,215,0
1501,220,0
1910,81,0
491,244,0
1075,198,0
2298,250,0
136,185,0
1767,115,0
407,60,0
1982,43,0
2258,142,0
1102,283,0
439,248,0
769,185,0
704,223,1
1421,46,0
2023,132,0
1879,109,0
290,117,0
1135,261,0
650,79,0
57,220,0
1908,88,0
650,89,0
435,110,0
111,289,0
726,132,0
2172,25,0
885,155,0
927,138,0
1013,258,0
2267,237,0
450,239,0
947,18,0
605,174,0
1524,47,1
276,53,0
906,110,0
1331,78,0
1824,280,0
450,68,0
2124,26,0
1205,47,0
619,78,1
773,83,0
547,14,0
822,228,0
205,220,0
151,86,0
1690,239,1
2149,258,0
1663,74,0
1162,198,0
1444,128,0
1255,87,0
741,37,1
393,31,0
2283,133,0
851,227,0
751,277,0
1466,5,1
596,186,0
805,280,0
473,2,0
2010,115,1
364,47,1
985,259,0
1256,244,0
512,66,0
674,52,0
1253,119,0
447,68,0
2202,275,0
1145,204,0
948,151,1
832,117,0
156,84,0
968,50,1
1907,18,0
1786,217,0
569,13,1
396,58,0
617,78,1
352,271,0
1217,43,1
376,211,1
1568,50,0
1212,126,0
1595,196,0
1335,250,0
800,260,0
414,102,0
965,189,1
1128,250,0
6,252,0
341,186,0
1823,4,0
1348,251,0
1739,201,0
1144,82,1
1759,50,1
762,242,0
158,192,0
26,203,0
1813,28,0
1440,166,0
862,20,0
477,47,1
330,76,0
2092,111,0
1238,77,0
575,94,0
1472,123,0
669,43,1
2138,120,0
1798,13,1
656,38,0
1782,174,0
582,13,1
101,38,0
2045,21,0
924,58,1
2208,207,0
295,37,1
618,131,0
1965,193,0
1853,105,0
1190,243,1
1192,268,1
891,4,0
605,261,0
703,192,0
1850,229,1
462,76,0
164,268,0
1971,185,0
20,170,0
11,262,0
1196,99,0
838,165,0
1270,172,0
444,219,0
160,102,0
559,160,0
1916,268,0
1962,157,0
844,130,0
2285,97,0
989,77,0
1465,170,1
182,135,0
2089,134,0
1077,29,0
2074,30,0
747,206,1
177,9,0
928,281,1
1866,253,0
1074,277,0
137,43,0
2225,244,0
772,23,0
609,235,0
1428,154,0
1818,111,0
964,149,1
386,212,0
1028,196,0
1601,102,0
437,162,1
1334,106,0
1716,244,0
986,172,0
2217,217,0
215,270,0
1631,242,0
974,192,0
584,270,1
697,108,1
1207,179,1
1719,35,0
757,215,0
1958,4,0
1920,14,1
182,37,1
1214,124,0
1075,66,0
1897,68,1
1312,146,0
1911,217,0
1231,233,0
1002,43,1
2059,28,0
2200,70,0
2291,10,0
74,272,0
710,47,0
928,18,0
948,100,0
213,218,0
1508,135,0
976,213,0
1969,267,0
221,199,0
316,13,1
377,126,0
1549,131,0
1753,69,0
2115,43,1
1407,215,0
637,224,1
1671,156,0
1734,0,0
1373,111,0
1606,50,1
1587,47,0
253,32,0
162,79,0
2309,2,0
1136,233,0
1634,86,0
867,287,0
1194,229,1
558,229,1
260,175,0
2158,204,0
597,48,0
645,71,0
1696,65,0
587,157,0
148,94,0
960,190,0
1443,174,0
1627,245,0
1645,193,0
1185,259,0
2207,106,0
100,162,0
1667,198,0
510,271,0
201,208,0
1795,235,0
435,12,0
1038,184,0
1110,147,1
363,33,0
2274,185,0
1858,267,1
1671,167,0
124,110,0
833,37,1
964,5,1
774,208,0
88,11,0
1185,269,1
909,68,0
1629,248,0
1722,167,0
1968,13,1
498,104,0
612,91,0
1125,9,0
431,257,0
2298,151,0
127,164,0
2150,126,0
1445,172,0
633,233,0
1286,130,0
1128,91,0
407,19,0
1654,127,0
984,74,0
13,82,1
561,151,0
1612,14,1
2051,83,0
1098,202,0
1858,58,0
717,174,0
592,132,0
620,229,1
2006,240,0
1075,144,0
713,124,0
1826,142,1
2318,41,0
2296,150,0
1521,128,0
1448,19,0
1742,151,0
439,134,0
346,19,0
2250,241,0
244,277,0
1831,8,0
833,68,1
404,163,0
2226,37,1
273,220,0
50,77,0
413,126,0
432,247,0
2066,32,0
1277,189,1
1490,64,0
568,155,1
2023,43,1
897,218,0
1193,179,0
560,277,0
67,19,0
1241,224,1
955,1,0
51,67,0
814,170,0
848,65,0
1264,155,0
1874,275,0
810,62,0
430,103,0
4,290,0
1977,73,0
336,61,0
475,198,0
1335,228,0
1336,146,0
533,59,0
944,173,0
1797,75,0
282,170,0
80,59,0
326,206,0
435,268,0
2038,204,0
2317,240,0
217,84,0
393,81,0
1244,157,0
1118,37,1
816,192,0
654,101,0
528,22,0
1142,75,0
614,222,0
780,99,0
343,268,0
723,119,0
1423,114,0
2121,25,0
1859,151,0
789,267,1
589,286,0
1570,280,0
79,248,0
464,119,0
1402,157,0
2265,88,0
364,43,1
2079,140,0
283,290,0
1680,19,0
1566,174,0
1935,271,0
841,37,0
995,273,0
832,53,1
1635,184,0
77,209,0
223,225,0
834,25,0
1207,115,0
1278,186,0
1620,289,0
2290,239,0
314,37,1
1367,163,0
63,52,1
96,73,0
557,82,1
403,114,0
217,138,0
2185,233,0
2126,64,0
2014,251,0
1553,257,0
2234,245,0
944,252,0
1524,263,1
1829,19,1
1697,199,0
2028,197,0
1867,1,0
2200,266,0
1420,177,0
1995,3,0
573,229,1
2031,129,0
833,34,0
2248,269,0
851,58,1
987,86,0
1145,194,0
1057,6,0
1624,43,1
2024,125,0
1540,164,0
1618,50,1
662,32,0
161,84,0
370,26,0
532,67,1
447,265,0
400,99,0
330,130,0
2063,34,0
1422,31,0
686,210,0
710,82,1
1679,229,0
553,82,1
948,140,0
1430,85,0
1009,184,0
1899,229,0
1275,111,0
622,69,0
942,142,0
2024,123,0
2085,262,0
698,206,1
1603,217,0
1329,113,0
1615,13,1
1456,191,0
270,211,1
949,158,0
1800,226,0
201,53,0
619,120,0
132,133,0
1498,184,0
2194,130,0
232,223,1
854,55,0
2250,149,0
984,22,0
1042,52,0
1959,55,0
13,15,0
854,102,0
2312,74,0
2293,260,0
216,215,0
2198,37,1
2049,52,1
1100,200,0
2161,120,0
380,102,0
1194,79,0
772,196,0
105,244,0
2051,41,0
1375,50,1
665,240,0
1415,271,0
925,283,1
1502,100,0
1444,75,1
1489,75,0
959,54,0
1349,234,0
740,126,1
1907,176,0
876,53,1
2050,261,0
1451,221,0
1827,282,1
1325,178,0
1140,40,0
2060,25,0
1753,43,1
355,243,0
1945,170,0
1517,81,0
1423,2,0
614,189,0
1421,262,0
1836,69,0
1566,140,0
2134,4,0
1905,52,0
2168,107,0
233,224,1
350,72,0
408,269,0
1918,24,0
1794,168,1
1073,142,0
2045,210,0
230,117,0
651,282,1
1767,202,0
966,17,0
1761,11,0
1795,98,0
324,239,1
1926,171,0
1281,75,0
912,69,0
1158,281,1
2212,175,0
2093,40,0
273,215,0
1812,123,0
1388,239,1
1871,248,0
2132,268,0
978,136,0
1345,31,0
1950,66,0
1636,183,0
1446,215,0
796,266,0
743,43,1
968,179,1
1067,246,0
1844,251,0
795,56,0
269,160,1
1084,287,0
181,288,0
2097,268,0
2236,206,1
277,274,0
433,37,0
1049,245,0
369,54,1
940,212,0
966,19,0
223,65,0
169,138,0
1728,204,0
1782,139,0
1118,0,0
842,252,0
500,201,0
1963,242,0
1606,43,1
264,161,1
334,21,0
1408,125,0
801,141,0
1778,69,0
1614,102,0
1435,122,0
378,73,0
350,252,1
2258,79,0
252,103,0
1362,164,0
2130,77,0
998,123,0
2117,37,1
608,173,0
185,179,1
2263,92,0
632,190,0
1957,92,0
542,194,0
1364,211,1
62,245,0
449,52,0
822,21,0
367,266,0
1575,251,0
153,42,0
1536,202,0
592,220,0
2202,247,0
1481,96,0
2002,131,0
1728,184,0
1881,156,0
467,204,0
1315,92,0
1002,239,1
429,223,1
1087,215,0
1376,134,0
1926,98,1
1471,101,0
1045,130,0
1136,210,0
2189,51,1
463,260,0
1648,18,0
942,159,0
890,179,1
419,159,0
887,26,0
171,13,0
747,84,0
2224,64,0
1577,205,0
1195,102,0
1524,54,1
1292,202,0
1324,221,0
932,265,0
1506,189,0
453,134,0
1290,107,0
1272,227,0
838,237,0
1177,99,0
1027,218,0
1713,134,0
2162,141,0
2295,135,0
1587,99,0
144,164,0
618,28,0
2033,160,1
1279,159,0
550,47,0
1324,268,0
1137,139,0
1922,38,0
914,37,1
253,73,0
1710,43,0
699,164,0
1622,34,0
133,253,0
1566,40,0
1212,123,0
954,123,0
894,168,0
2218,86,0
2160,37,1
1783,110,0
348,166,0
1035,147,0
421,102,0
1944,3,0
184,40,0
949,99,0
2258,138,0
1956,40,0
6,170,0
367,40,0
2293,200,0
1585,203,0
290,107,0
1583,271,0
1064,24,0
975,11,0
616,29,0
1304,5,0
1018,16,0
402,2,0
688,255,0
1335,56,1
1234,174,0
1932,100,0
331,78,0
148,17,0
904,137,0
175,114,0
1461,260,0
619,16,0
1098,193,0
17,190,0
1028,245,0
1583,193,0
1569,242,0
494,68,1
1286,37,1
1703,247,0
1610,259,0
2036,240,1
2165,26,0
1329,138,1
1777,117,0
1852,224,0
158,104,0
431,37,1
1777,246,0
382,62,0
1766,202,0
787,133,0
2201,237,1
1160,267,1
1381,221,1
1433,29,0
1035,100,0
759,290,0
1190,260,0
643,212,0
798,98,0
2146,132,0
2181,235,0
803,265,0
1433,131,0
449,165,0
1208,188,1
224,243,0
2021,223,1
603,236,0
2213,13,1
2167,93,0
293,269,0
1721,272,0
1460,89,0
1992,256,0
1597,68,1
1674,257,0
1743,43,1
1610,257,0
22,201,0
850,237,0
51,238,0
1801,223,1
246,72,0
2132,118,0
1524,53,1
247,12,0
1081,257,0
731,229,0
241,28,0
1704,134,0
641,200,0
928,108,1
2269,81,1
1820,89,0
1963,138,0
274,42,0
1218,58,0
920,248,0
1845,222,0
1362,235,0
530,37,1
1513,50,1
551,115,0
1925,192,0
1408,168,1
1790,57,0
939,110,0
1029,262,0
1391,37,1
1084,44,0
780,198,0
616,243,0
803,287,0
250,118,0
965,61,1
709,114,0
2061,40,0
832,270,0
516,25,0
1131,261,0
625,213,0
2127,2,0
357,59,0
1345,257,0
603,81,0
1171,243,0
1194,256,0
869,62,0
251,207,0
1692,35,0
1313,277,0
532,68,1
1901,241,0
174,281,0
1943,234,0
1971,211,1
249,21,0
504,200,0
1407,140,0
142,84,0
1426,82,1
1572,1,0
979,64,0
153,181,0
2079,4,0
750,18,0
811,62,0
6,22,0
1159,200,0
317,272,0
1349,9,0
11,151,0
957,289,0
1617,212,1
729,177,0
1940,44,0
180,232,0
865,105,0
1498,43,1
772,289,0
1211,99,0
2299,73,0
1833,131,0
1387,272,0
725,110,0
882,104,0
2112,18,0
11,226,0
974,37,1
529,38,0
359,285,0
2119,73,0
1890,72,0
59,1,0
1222,204,0
854,289,0
1573,12,0
724,125,0
527,278,0
2216,155,0
363,259,0
405,68,0
142,189,0
2282,217,0
248,192,0
570,14,1
1733,73,0
258,71,0
2254,70,0
1840,118,0
1441,26,0
568,14,1
93,50,1
2311,197,0
66,68,1
2194,115,0
49,37,1
1513,108,1
311,38,0
683,285,1
556,69,0
1139,47,1
1595,114,0
690,13,1
201,215,0
2167,179,0
112,102,0
933,150,1
1471,45,0
1332,64,0
1317,211,0
1467,239,1
2223,259,0
2213,150,0
1409,198,0
1607,2,0
1668,277,0
1985,242,0
2187,195,0
1622,38,0
1978,143,0
711,82,1
1951,285,0
2208,162,0
2129,108,1
1515,216,0
1388,43,1
1680,289,0
1421,175,0
1734,126,0
2026,194,0
721,246,0
359,58,0
253,221,0
1651,186,0
1385,229,1
1103,93,0
2101,76,0
1312,205,0
1173,225,0
1816,158,0
568,82,1
1417,260,0
343,38,0
94,262,0
1781,12,0
1976,205,0
2031,20,0
1621,78,0
50,204,0
1209,34,0
2012,95,0
244,50,1
46,160,1
1524,50,1
366,288,1
626,291,0
1730,20,0
857,65,0
20,174,0
1267,50,1
1689,276,0
2044,195,0
194,128,0
228,139,0
1131,123,1
1338,133,0
941,233,0
1139,253,0
1207,16,0
915,196,0
42,4,0
1125,19,0
77,50,0
777,244,0
1641,138,0
148,26,0
1039,64,0
527,87,0
127,73,0
1621,50,1
1036,84,0
139,256,0
2192,27,0
274,64,0
367,270,0
1273,46,0
1903,248,0
625,149,0
1588,268,1
1399,9,0
1050,258,0
477,162,0
859,93,0
1425,127,0
1325,42,0
161,119,0
2218,99,0
176,125,0
1908,253,0
1213,103,0
564,75,0
568,86,1
1121,125,0
574,56,0
470,69,0
935,162,0
202,2,1
987,161,1
729,233,0
1632,184,0
2093,89,0
522,155,0
1384,108,1
1604,282,1
264,37,1
1612,49,0
626,50,0
1880,264,0
1546,10,0
2088,199,0
1826,140,0
466,129,0
186,138,0
1770,58,0
577,39,0
714,116,0
135,286,0
1755,219,0
1069,135,0
878,218,0
709,254,0
470,266,0
1141,125,0
2203,155,0
591,179,0
538,91,1
1479,82,0
1258,221,0
817,124,0
1642,81,0
243,38,0
1175,286,1
892,187,0
640,4,0
1127,62,0
2067,65,0
1218,178,0
2257,143,1
757,106,0
1503,220,0
1927,122,0
2043,99,0
1022,204,0
336,91,0
2095,11,0
385,241,1
999,76,0
638,81,0
1112,11,0
1488,58,0
327,13,1
844,69,0
9,47,0
1505,174,0
1412,186,0
1201,257,0
418,205,0
593,86,1
2165,81,0
2030,140,0
1425,58,1
444,81,1
1405,47,1
872,164,0
644,55,0
224,20,0
1321,103,0
28,117,0
1317,210,0
2212,18,0
1505,196,0
672,108,1
1892,96,0
579,271,1
101,7,0
119,76,0
1106,165,1
1830,285,1
636,94,0
1484,206,1
853,190,0
83,178,0
657,265,0
1474,186,0
549,13,1
2051,165,0
1760,161,1
1579,200,0
1334,154,0
1556,1,0
1670,278,0
864,245,0
501,248,0
2174,220,0
185,185,0
2233,192,0
1398,273,0
231,93,0
672,43,1
514,23,0
10,158,0
1039,68,1
564,47,0
106,57,1
1628,50,1
1654,65,0
151,137,0
1854,131,0
1347,66,0
864,127,0
1037,222,0
252,100,0
1152,199,1
2045,164,0
2230,115,0
226,125,0
465,161,1
1072,172,0
616,164,0
1176,110,0
999,220,0
603,154,0
1301,55,0
2032,218,0
924,151,0
701,11,0
1317,160,0
351,4,0
399,206,0
1004,68,1
1617,154,0
1092,261,0
718,39,1
2018,231,0
73,265,0
459,58,0
173,166,0
2267,221,1
2107,60,0
1726,212,0
2203,276,0
1616,3,0
1574,6,0
1427,147,0
1222,21,0
1061,200,0
1663,99,0
655,20,0
889,42,0
1901,248,0
611,290,0
320,241,1
621,75,0
1567,177,0
1542,121,0
1103,81,0
549,133,0
293,82,1
1982,132,0
392,271,0
105,6,0
1717,14,0
1416,138,0
1314,53,0
2127,83,0
2302,196,0
1521,43,1
320,80,0
2078,220,0
2089,118,0
1215,88,0
776,209,0
701,7,0
1822,57,0
2170,50,1
1896,186,0
1396,8,0
1533,170,0
610,280,0
1717,243,0
903,159,0
489,259,0
169,268,0
782,21,0
1254,53,1
292,119,0
1994,120,0
583,200,0
176,145,0
901,263,0
758,13,1
1911,187,0
70,175,0
158,212,0
823,225,0
170,11,0
2262,58,0
2089,217,0
1117,267,1
950,69,0
1638,124,0
1662,135,0
1845,185,0
1973,107,0
256,50,1
1987,171,0
1408,167,1
226,69,0
1071,59,0
1832,37,1
802,280,0
2040,71,0
109,131,0
1686,185,0
1516,21,0
991,219,0
805,282,0
1585,82,0
1899,161,1
1906,275,0
1225,129,0
1790,277,0
1460,130,0
568,258,0
758,94,0
2279,162,0
2245,192,0
1988,213,0
82,282,0
358,42,0
1261,164,0
1789,146,0
1570,240,0
8,63,0
230,30,0
1809,228,0
420,53,0
2068,192,0
526,196,0
1671,125,0
1335,34,0
1564,245,0
1472,4,0
2179,99,0
290,76,0
2212,131,0
393,43,1
1014,132,0
267,192,0
1709,138,0
226,68,1
1741,217,0
2222,131,0
583,271,1
750,184,0
1452,192,0
426,199,1
1195,277,0
855,260,0
1035,42,0
1589,105,0
716,68,1
1188,47,1
386,224,1
2102,262,0
1810,209,0
1494,53,1
2116,206,1
469,203,0
1579,80,0
1641,25,0
2018,198,0
667,66,0
2185,184,1
1684,72,0
831,249,0
963,130,0
2155,268,0
673,43,1
2214,37,1
303,127,0
230,50,1
2,132,0
1962,220,0
1012,272,0
1241,165,1
109,87,0
2254,37,1
103,198,0
1395,186,0
575,13,1
1883,25,0
932,245,0
785,77,0
1990,37,0
1660,143,0
1063,26,0
791,13,1
2191,268,0
1881,169,0
1425,45,0
1539,86,0
1874,18,0
1495,271,0
219,133,0
1049,185,0
1486,80,0
1657,269,0
1098,281,0
118,38,0
527,225,0
852,38,0
1521,5,1
1706,258,0
1941,288,0
1403,249,0
609,60,0
1481,28,0
64,14,0
1320,138,1
2300,96,0
508,16,0
966,104,0
1301,181,0
975,37,1
1741,223,1
1892,74,0
1874,266,0
293,57,0
2193,11,0
2148,6,0
177,262,0
201,180,0
386,43,1
1464,6,0
731,31,1
1673,115,0
2304,197,0
1783,278,0
1127,237,0
2250,47,0
1058,223,0
1074,79,0
892,32,0
1891,179,0
448,52,0
669,77,0
147,217,0
1613,50,0
2242,269,1
2103,266,0
1766,16,0
415,149,0
1001,19,0
1175,67,1
733,84,0
600,260,0
1622,175,0
424,127,0
2072,87,0
1820,32,0
1139,57,0
441,268,0
328,13,1
981,215,0
1986,225,0
1223,220,0
2021,140,0
2260,131,0
1382,208,0
1071,206,0
992,176,0
757,250,0
116,229,0
64,18,0
1977,268,0
775,134,0
59,18,0
318,289,0
891,179,1
54,270,0
225,71,0
23,206,1
415,230,0
441,248,0
2128,92,0
2133,113,0
2140,109,1
1434,115,0
675,286,0
73,119,0
1909,266,0
1073,26,0
1319,60,0
2130,123,0
276,291,0
1234,247,0
420,112,0
341,26,0
1224,140,0
545,234,0
526,15,0
107,61,0
1356,255,1
1894,155,0
551,169,0
70,108,1
156,99,0
1270,289,0
23,233,0
1946,197,0
170,18,0
2230,43,1
462,92,0
1310,203,0
1359,50,1
1244,193,0
999,291,1
1781,91,1
374,31,0
528,170,0
1872,239,1
244,285,1
2022,43,1
1094,150,1
164,71,0
2175,14,0
1090,14,0
36,109,0
1811,220,0
1867,80,0
925,279,1
1945,82,1
1966,138,0
1753,206,1
1918,198,0
1241,179,1
2246,53,0
1006,80,0
99,218,0
1978,273,0
1730,183,0
1964,97,0
142,3,0
564,94,0
181,80,0
1321,20,0
1061,124,0
1569,162,0
1365,137,0
2154,234,0
2196,69,0
41,93,0
1348,196,0
1785,30,0
279,14,0
789,235,0
445,31,0
1381,100,0
1600,158,0
5,155,0
2023,264,0
1756,264,0
98,244,0
446,260,0
1600,20,0
1606,98,0
657,248,0
1125,250,0
1201,70,0
366,23,0
2264,233,0
1297,4,0
1022,235,0
568,271,1
2309,81,1
144,210,0
1854,284,0
653,95,0
336,42,0
109,257,0
113,269,1
26,13,0
488,104,0
378,209,0
1066,184,0
349,240,0
1071,38,0
2037,223,1
2105,131,0
1200,176,0
398,41,0
279,272,0
1725,233,0
1399,231,0
782,269,1
298,16,0
1021,255,0
1501,217,0
1577,136,0
2104,272,0
1872,43,1
977,275,0
1060,84,0
1479,195,0
1657,256,0
450,81,0
404,54,0
707,13,0
1869,225,0
1466,121,0
656,126,0
283,16,1
2229,189,1
1396,268,1
812,57,1
1930,93,0
941,13,1
423,206,1
650,172,0
63,93,0
42,80,0
559,152,0
823,3,0
469,47,1
185,59,0
276,87,0
2107,123,0
411,152,0
2029,269,1
970,138,0
1831,174,0
1886,203,0
2219,219,0
1619,89,0
789,138,0
1367,68,0
555,274,0
8,95,0
1904,78,0
810,90,0
612,42,0
1069,186,0
1802,223,1
2125,97,0
912,271,0
1987,255,0
2297,257,0
1069,192,0
1527,47,1
1288,273,0
850,53,0
1437,111,0
1107,206,1
1635,227,0
503,26,0
724,268,0
380,273,0
21,141,0
1051,50,1
891,245,0
50,143,0
1475,16,0
621,220,0
2254,227,0
1476,140,0
1372,2,0
737,183,0
732,200,0
400,284,0
197,289,0
1247,129,0
252,20,0
234,74,0
231,98,0
1388,258,0
1751,126,0
1752,126,0
2204,260,0
1349,267,0
381,221,0
802,90,0
94,177,0
199,262,0
2300,103,0
1188,39,0
380,21,1
1714,207,0
515,26,0
1960,88,0
1241,259,1
1380,234,0
950,74,0
266,200,0
1616,155,1
531,43,1
1057,20,0
1894,89,0
285,76,0
357,206,1
105,92,0
1861,10,0
1848,292,0
2048,32,0
338,269,1
1704,262,0
1426,185,0
2173,39,0
572,252,0
201,150,0
386,181,0
109,164,0
347,204,0
1285,245,0
1670,39,0
719,103,0
1059,60,0
200,276,0
1201,160,1
93,190,0
1535,253,0
449,61,0
1009,89,0
2021,187,0
1868,66,1
897,37,1
1670,43,0
995,55,0
1447,287,0
560,6,0
1882,18,0
1834,60,1
926,271,0
917,246,0
393,239,1
774,262,0
1194,128,0
1719,244,0
161,14,0
816,263,0
1902,71,0
1252,137,0
1122,267,0
2258,32,0
351,67,1
1792,285,1
1744,129,0
1003,134,0
93,71,0
757,160,0
2247,97,0
1894,115,0
1278,39,0
1056,98,0
201,136,0
84,78,0
1098,182,0
1441,13,0
86,32,0
812,106,0
711,72,0
1685,270,0
722,68,1
2131,261,0
1403,43,1
52,240,0
814,239,0
1975,136,1
2057,103,0
1643,104,0
1896,4,0
280,57,0
607,13,1
537,78,0
1818,193,0
2282,78,0
1852,229,1
1789,263,0
704,34,0
1299,127,0
2029,260,0
606,160,0
2267,223,0
1883,54,1
1476,100,0
1063,64,0
1423,115,0
2200,104,0
451,58,1
1245,24,0
5,14,0
1327,13,1
703,234,1
2087,272,0
388,11,0
1019,130,0
1600,90,0
1710,16,0
174,151,0
1806,162,0
1034,240,0
312,201,0
620,166,0
1440,7,0
2202,38,0
1040,57,0
2250,209,0
1741,186,0
1227,143,0
1165,229,0
1175,2,0
305,231,0
607,271,1
1194,210,0
905,257,0
2287,37,1
951,68,1
100,13,0
1935,132,0
833,91,1
789,228,0
1539,268,0
98,117,0
657,13,1
595,13,1
1926,12,0
1499,67,1
2030,191,0
663,211,0
2245,110,0
824,129,0
1339,23,0
829,60,0
1394,88,0
2036,35,0
1484,54,1
1511,209,0
2041,270,0
1015,103,0
2065,135,0
2162,243,0
157,78,0
750,243,0
1069,185,0
1479,234,0
1847,290,0
2204,185,0
553,239,0
1471,5,0
1086,13,1
2079,80,0
1554,48,0
1819,245,0
80,121,0
2191,269,1
1108,164,0
881,248,0
285,44,0
502,126,0
1757,100,0
1567,238,0
545,155,0
23,138,0
1587,50,0
1731,230,0
1630,228,0
1152,87,0
1168,132,0
752,199,0
930,19,0
995,194,0
205,50,1
2073,72,0
1977,15,0
656,98,0
2184,237,0
449,147,0
2247,173,0
17,41,0
2209,195,0
800,235,0
24,269,1
1103,206,1
363,242,0
1710,197,0
2321,45,0
1902,81,0
80,17,0
2112,248,0
447,136,0
1319,138,1
1780,60,0
1522,14,0
368,206,1
2221,124,0
1550,84,0
975,206,1
485,288,0
1445,55,0
1030,211,0
1735,134,0
720,104,0
697,201,0
376,104,0
1381,136,0
485,99,1
475,269,0
116,259,0
100,132,0
2134,40,0
627,236,0
223,201,0
2247,30,0
2293,233,0
1835,206,1
588,259,0
947,83,0
113,270,0
2082,187,0
1361,196,0
1404,25,0
279,56,1
1245,206,1
1793,90,0
1477,220,0
322,267,1
1860,205,0
1703,74,0
1959,192,0
1589,198,0
2078,47,0
1460,37,1
1306,235,0
1840,40,0
1994,133,0
13,29,0
901,243,0
1859,180,0
1040,38,0
1421,219,0
1979,99,0
1432,163,0
596,0,0
1613,163,0
1142,257,0
1029,13,0
2094,144,0
1144,187,0
162,117,0
2225,77,0
1808,89,0
1855,156,0
1099,163,0
1286,34,0
1191,161,1
2303,268,0
1657,146,0
2093,130,0
573,163,0
815,18,0
1253,221,0
154,175,0
1324,103,0
1364,209,0
1808,100,0
851,281,1
500,241,0
1803,164,0
2090,256,0
1652,242,0
1486,108,1
785,54,0
40,234,0
537,150,0
53,121,0
1115,219,0
2123,148,0
617,120,0
1976,263,0
1213,141,0
1216,18,0
147,56,0
2148,107,0
1095,142,1
875,111,0
866,98,0
102,148,0
822,31,0
787,254,0
1231,246,0
1082,279,0
1301,126,0
730,74,0
2060,32,0
2187,121,0
954,242,0
380,248,0
944,145,0
593,64,1
342,197,0
1343,270,0
706,277,0
612,13,1
654,199,0
710,211,0
1631,221,0
1582,262,1
165,83,0
2096,269,1
1670,11,0
1511,225,0
112,2,0
1060,200,0
22,150,0
1536,78,0
1099,258,0
1721,58,1
2119,96,0
1977,215,0
2126,69,0
483,182,0
1462,277,0
1501,201,0
1429,280,0
1733,144,0
638,73,0
1037,136,0
2120,114,0
717,233,0
550,13,1
616,50,0
1928,124,0
1993,243,0
1117,160,1
371,121,0
305,242,0
1061,193,0
1771,206,1
2250,186,0
794,135,0
1563,74,0
1298,130,0
589,13,1
976,67,0
1721,30,0
460,86,0
1371,162,0
1113,47,1
1698,228,0
1900,43,1
1105,197,0
2094,13,1
778,177,0
1714,110,0
317,158,0
1423,215,0
940,245,0
1341,271,0
1976,242,0
1680,43,1
363,289,0
572,142,0
372,289,0
1461,193,0
200,209,0
1060,130,0
1171,13,1
753,118,0
1772,60,0
703,213,0
2049,50,1
918,176,0
1065,253,0
1486,198,0
327,225,0
323,224,1
2036,158,0
840,258,0
1082,101,0
447,288,0
2064,206,1
896,37,1
1961,277,0
999,228,0
1910,64,0
2045,201,0
1337,206,0
454,247,0
2071,10,0
629,70,0
2082,121,0
962,30,0
408,113,0
1048,156,1
1157,153,1
1401,108,0
1387,214,0
1527,131,0
667,118,0
1233,50,1
1978,93,0
1024,129,0
616,255,0
520,78,0
434,281,1
2056,53,1
1619,98,0
1494,275,0
370,43,1
1462,228,0
512,272,0
900,279,1
462,2,0
1426,53,0
1192,107,0
1211,17,0
1686,251,0
1118,131,0
1026,207,0
713,86,0
47,89,0
1995,107,0
1354,209,0
849,129,0
1084,4,0
290,71,0
73,146,0
2035,185,0
2303,127,0
686,89,0
247,130,0
1562,73,0
1560,155,0
1450,260,0
603,44,0
2216,47,1
1623,236,0
1341,103,0
1452,215,0
1019,128,0
1995,128,0
1539,38,0
1907,213,0
698,157,0
952,129,0
1230,243,0
161,217,0
800,111,0
2114,118,0
619,101,0
1042,219,0
1499,110,0
66,189,1
849,4,0
365,38,0
180,12,0
105,119,0
644,257,0
1886,181,0
1237,247,0
879,245,0
1346,175,0
1030,244,0
1798,43,1
2281,32,0
1284,246,0
1030,78,0
708,257,0
1000,68,1
588,108,0
421,47,1
567,104,1
2051,218,1
844,125,0
1869,199,0
728,41,0
561,199,1
667,32,0
1865,119,0
1042,135,0
274,96,0
1894,108,0
2135,127,0
149,81,1
999,30,0
1686,195,0
1732,204,0
1859,229,0
2085,108,1
1476,42,0
149,124,0
1585,129,0
248,90,0
846,75,0
441,163,0
599,78,0
2046,186,0
1706,217,0
2242,217,0
512,242,0
2227,37,1
2104,209,0
1107,77,0
1167,79,0
1569,262,0
2082,239,1
1821,259,0
1607,201,0
843,143,0
273,173,1
1215,258,0
1759,6,1
1601,107,0
2319,126,0
1001,121,0
691,131,0
1862,127,0
1247,257,0
932,202,0
675,29,0
491,47,0
2262,17,0
2088,118,0
1662,50,1
1702,217,0
236,193,0
370,277,0
85,68,1
441,160,0
1642,110,0
746,13,0
1362,139,0
1622,92,0
1375,19,0
1969,42,0
2308,164,0
360,181,0
1234,49,0
1185,69,0
321,43,1
830,233,1
928,47,1
1951,229,1
2161,233,0
841,178,0
582,229,1
1862,58,0
2316,168,0
250,258,1
1124,285,0
1219,131,0
1988,250,0
1272,75,0
1286,261,0
1651,74,0
2218,138,0
2092,150,0
5,57,0
1520,129,0
1603,261,0
1655,115,0
2225,37,1
734,54,1
1081,35,0
1320,47,0
412,136,0
1524,95,1
1227,203,0
902,172,0
2298,129,0
1343,225,0
1925,124,0
481,47,1
2141,11,0
1044,245,0
1572,118,0
1961,16,0
282,281,0
2178,124,0
1036,109,0
11,211,0
188,31,0
1355,140,0
407,57,0
46,32,0
18,246,0
1321,187,0
951,2,0
859,31,0
2293,131,0
2049,184,0
1926,243,0
1266,64,0
1034,198,0
869,244,0
1363,16,0
1428,127,0
1350,141,0
1399,238,0
523,3,0
889,260,0
1469,261,0
1370,99,0
2145,276,0
1114,64,0
1828,206,0
1987,60,0
1122,123,1
595,82,0
2249,131,0
488,198,0
1153,152,0
1611,113,0
465,114,0
1670,143,0
701,142,0
615,110,0
1220,193,0
747,37,1
855,235,0
2164,141,0
325,198,0
1845,290,0
1571,38,0
68,234,0
2063,157,0
496,53,0
2153,219,0
874,235,0
1325,87,0
1097,102,0
329,87,0
2224,67,1
2018,5,0
697,200,0
2255,257,0
860,81,0
1987,252,0
2075,60,0
635,168,0
1003,68,1
2266,259,0
2133,109,0
1070,16,0
1829,108,0
27,126,0
272,173,1
394,86,0
944,160,0
24,198,0
1436,107,0
565,53,0
2098,282,1
1845,135,0
1074,190,0
1825,203,0
564,219,0
1553,118,0
33,89,0
653,169,0
549,97,0
402,229,0
1666,46,0
1574,56,1
1116,153,0
566,13,1
1240,57,1
1631,269,1
533,155,0
569,43,0
569,271,1
292,43,1
2216,132,0
1817,12,0
606,182,0
293,58,0
2236,264,0
1872,161,1
677,63,0
1836,87,0
601,261,0
13,58,1
365,39,0
137,134,0
1241,6,1
678,4,0
1944,288,0
2211,54,0
980,124,0
411,13,1
159,276,0
1880,63,0
696,34,0
1951,59,0
77,79,0
1592,251,0
758,141,0
1689,103,0
1342,37,1
2088,234,0
839,2,0
886,234,0
507,58,0
721,220,0
683,20,0
1304,250,0
13,7,0
602,175,0
1204,233,0
874,243,0
1730,105,0
1637,123,0
2147,186,0
1432,151,0
2238,102,0
1824,79,0
1176,25,0
1921,175,0
761,155,0
1565,133,0
72,128,0
1166,12,0
450,145,0
333,258,0
1800,160,0
161,132,0
113,38,0
760,174,0
1350,104,0
1067,265,0
2227,56,1
2305,245,0
519,59,0
1402,57,0
915,84,0
1147,223,1
247,251,0
2070,115,0
2109,257,0
205,39,0
2308,65,0
1341,183,0
1889,122,0
1234,189,0
816,234,0
1928,75,0
809,94,0
1973,95,1
2190,271,0
2046,121,0
206,215,0
1919,89,0
1761,125,0
1797,4,0
1988,56,1
2240,50,1
1148,223,1
944,13,1
1338,130,0
1086,83,0
1861,173,0
2079,262,0
403,142,0
383,258,0
169,104,0
2259,43,1
1837,69,0
1686,199,0
2209,59,0
405,138,0
2021,191,0
1047,277,0
496,90,1
2222,235,0
1381,94,0
274,272,0
637,21,0
1747,209,0
615,13,1
686,229,0
2303,103,0
1422,111,0
227,133,0
523,260,0
709,268,1
1567,57,0
627,164,0
1906,100,0
503,123,0
1660,20,0
1171,149,0
1928,26,0
317,223,1
2137,272,0
295,93,0
413,213,0
1066,58,0
409,235,0
451,81,1
1241,263,1
398,271,1
1800,153,0
1483,24,0
1408,149,1
1868,226,0
598,239,0
1241,57,1
1524,161,1
570,155,1
1130,69,0
3,234,0
2098,70,0
1795,225,0
71,224,1
388,114,0
6,251,0
2125,99,0
165,138,0
2013,289,0
1961,71,0
103,174,0
650,174,0
681,31,0
992,19,0
473,43,1
884,81,1
1632,92,0
752,129,0
1676,206,1
2242,241,0
2170,16,0
1294,37,1
1775,260,0
802,162,0
1712,108,0
2090,168,0
775,75,0
1584,16,0
1134,128,0
689,234,0
1917,44,0
1547,88,0
590,13,1
353,106,0
217,20,0
610,149,0
1950,31,0
390,26,0
1588,252,0
40,50,1
1694,80,0
245,11,0
940,132,0
402,206,1
624,35,1
1353,227,0
1744,259,0
406,76,0
674,13,1
496,242,0
409,168,0
1244,57,0
1405,205,1
165,121,0
1154,242,0
2045,10,0
862,181,0
1189,12,0
1853,142,0
1426,7,0
362,131,0
535,130,0
1366,213,0
524,259,0
417,248,0
2094,250,0
378,158,0
884,189,0
598,183,0
165,244,0
850,263,0
17,195,0
494,39,0
1438,266,0
1630,126,0
1875,185,0
867,179,0
621,222,0
1726,107,0
695,110,0
722,67,1
1404,162,0
1296,95,0
72,186,0
810,57,1
1271,124,0
502,205,0
893,97,0
1869,23,0
642,68,1
613,13,1
2001,91,1
1167,26,0
977,220,0
1736,245,0
585,68,0
60,143,0
1348,277,0
355,266,0
2012,58,1
1519,186,0
764,226,0
277,231,0
1951,13,1
64,131,0
1835,133,0
1879,77,0
486,263,0
2053,181,0
274,200,0
225,12,0
1782,89,0
1993,268,1
2213,24,1
515,253,0
2061,70,0
1560,82,0
484,136,0
369,267,1
916,50,1
1369,25,0
962,132,0
1506,225,0
634,220,0
1996,77,0
428,175,0
292,187,0
1900,20,0
1039,37,1
1513,89,0
1946,253,0
1923,27,0
404,189,0
1134,199,0
1980,194,0
903,288,0
882,164,0
1319,119,0
2248,25,0
2028,264,0
1960,42,0
1106,82,0
2226,266,0
1402,252,0
2058,257,0
1255,7,1
1053,114,0
534,55,0
224,275,0
1201,16,0
1154,141,0
1519,114,0
1102,103,0
1318,218,0
610,8,0
2247,94,0
1233,260,0
1633,273,0
849,203,0
618,135,0
2055,58,0
1627,1,0
571,200,0
304,21,0
1588,30,0
1892,259,0
794,220,0
688,82,1
2169,82,0
2242,270,0
1599,192,0
1750,176,0
685,82,1
49,271,0
356,258,0
1119,206,1
136,67,0
468,139,0
457,94,1
781,139,0
842,205,0
1680,33,0
1288,153,1
1527,228,0
1147,72,0
1933,45,0
916,117,0
1235,161,1
575,82,1
407,176,0
1344,187,0
1465,47,1
630,264,0
85,82,0
1895,68,1
648,1,0
2165,50,1
1548,267,0
1532,65,0
638,234,0
1332,108,0
1816,118,0
2132,131,1
506,277,0
1704,31,0
1083,37,0
2304,32,0
723,138,0
1501,76,0
1664,200,0
396,243,0
961,268,0
742,233,0
356,223,1
1543,115,0
1710,56,1
769,257,0
1845,162,0
2088,259,0
1196,290,0
1390,250,0
2005,97,0
913,107,0
2040,260,0
149,114,0
377,69,0
332,4,0
9,122,0
299,32,0
1201,131,0
1439,243,0
1431,226,0
1343,206,1
1068,121,0
352,267,1
632,262,0
1105,161,1
1144,196,0
865,221,0
1737,25,0
964,286,1
1842,151,0
1025,113,0
655,9,0
33,275,0
1829,81,0
1565,176,0
62,123,0
857,92,0
1496,198,0
1314,271,0
679,129,0
369,135,0
2126,273,0
919,65,0
1653,194,0
1646,164,0
1734,206,1
1132,258,0
583,115,0
2253,75,0
1632,37,1
59,71,0
1726,224,1
1744,249,0
667,71,0
132,207,0
1857,194,0
704,58,0
1087,199,0
2130,187,0
293,27,0
1799,248,0
2169,157,0
1492,267,1
677,150,0
1575,168,0
308,78,1
2093,10,0
1281,87,0
10,225,0
1965,222,1
1877,178,0
827,89,0
2300,60,0
1232,130,0
1781,37,1
617,258,0
1898,118,0
1558,183,0
2233,193,0
1301,102,0
2013,192,0
575,229,1
805,47,0
1754,133,0
403,210,0
217,23,0
583,120,0
1543,5,1
486,273,0
1732,141,0
593,59,0
1790,200,0
1304,40,1
1979,65,0
1378,3,0
887,89,0
528,54,0
2194,206,1
2096,31,0
580,14,1
1166,78,0
1634,115,0
1503,202,0
162,244,0
1956,187,0
1929,245,0
2285,104,0
846,187,0
796,25,0
397,185,0
1248,177,1
5,69,0
677,129,0
1953,203,0
1382,185,0
1406,212,0
1078,172,0
816,65,0
521,103,0
1994,69,0
1488,166,0
1577,216,0
1913,161,1
2076,202,0
1386,257,0
658,58,0
35,47,1
398,285,0
1570,82,1
1599,234,0
569,71,0
1442,199,0
1361,234,0
1081,24,0
2291,13,1
2145,108,1
2125,104,0
1323,37,1
930,34,0
440,241,0
1251,11,0
2002,203,0
2261,198,0
854,2,0
1086,189,0
351,43,1
358,277,0
407,22,0
1578,122,0
2067,266,0
370,229,0
850,13,1
845,123,0
90,90,0
1486,241,0
1623,153,0
1536,64,0
1620,110,0
2010,56,1
706,217,0
432,71,0
1651,158,0
641,260,0
148,165,0
1593,12,0
2067,234,0
787,28,0
395,215,0
382,48,0
365,71,0
1047,268,0
26,24,0
1252,20,0
1120,34,0
1613,154,0
787,27,0
379,249,0
1067,275,0
2169,276,0
144,249,0
1916,46,1
1449,140,0
284,35,0
753,90,0
1720,0,0
84,207,0
597,247,0
1805,92,0
1745,227,0
1628,60,0
2316,5,0
2202,35,0
1463,276,0
1174,54,1
2258,51,0
2229,26,0
2148,135,0
2050,289,0
1110,151,1
1750,39,0
1723,38,0
1075,229,1
1319,144,0
1222,283,0
2156,34,0
470,285,1
514,34,0
1440,230,0
1447,214,0
783,199,0
1614,210,0
1968,38,0
1927,286,0
2128,208,0
2311,218,1
807,267,0
65,189,1
1798,50,1
1260,145,1
162,271,0
1840,152,0
1723,133,0
1977,70,0
2110,66,0
1822,183,0
1640,179,1
1162,224,1
935,91,1
1380,40,0
62,208,0
901,146,0
73,161,0
1280,276,0
1919,37,1
1907,222,0
77,67,0
1097,28,0
1272,94,0
703,219,0
2188,206,1
965,223,1
1205,179,0
1855,130,0
1582,179,1
2290,90,0
1771,70,0
990,228,0
2287,221,0
970,178,0
2014,155,0
647,131,0
1648,37,1
1354,196,0
2124,285,0
278,30,0
1108,229,0
2224,193,0
2105,203,0
1066,82,1
633,82,0
1639,251,0
2171,4,0
1205,79,0
2098,183,0
389,82,0
1628,175,0
1261,218,0
1374,255,1
857,186,0
563,221,0
1687,127,0
1712,75,0
1947,206,0
884,195,0
2158,108,1
475,48,0
867,50,0
716,239,1
1687,18,0
780,242,0
1359,204,0
650,57,0
616,288,0
1013,34,0
1733,156,0
127,37,1
1623,207,1
2268,29,0
1551,221,0
1030,100,0
1653,100,0
1387,26,0
917,245,0
649,123,0
883,229,0
412,226,0
1102,70,0
503,265,1
209,70,0
1023,55,0
987,208,0
969,239,1
1298,260,0
915,158,0
1570,245,0
1140,283,0
520,239,1
1576,92,0
325,13,1
119,208,0
1103,37,1
207,196,0
302,144,0
1938,58,0
993,90,0
253,152,0
2206,197,0
1755,21,0
2134,15,0
1489,281,0
1680,81,0
1879,21,0
572,13,1
1077,177,0
1769,183,0
591,88,0
368,253,0
1186,118,0
1134,86,0
1062,38,0
1146,249,0
2114,34,0
248,229,0
1745,267,1
1211,201,0
622,229,1
335,130,0
1865,204,0
559,6,0
1334,79,0
609,76,0
1909,135,0
872,125,0
1671,40,0
1996,244,0
1279,204,0
898,60,0
2249,121,0
59,221,0
103,117,1
1945,285,0
1536,134,0
1571,131,0
1726,124,0
1746,199,0
986,136,0
1497,229,0
1753,119,0
1531,119,0
1789,45,0
632,59,0
247,59,0
1470,145,0
86,228,0
1981,241,0
110,63,0
256,140,0
1793,95,0
1273,256,0
2017,94,0
2040,32,0
1406,40,0
2033,161,1
1987,57,1
445,89,0
803,247,0
27,203,0
2224,141,0
931,64,0
2277,55,0
217,83,0
965,5,1
2041,31,0
2067,2,0
1664,92,0
2129,39,0
2319,122,0
1540,109,1
894,179,0
654,94,0
1665,118,0
2012,122,0
1692,43,1
447,233,0
587,164,0
538,86,0
2143,86,0
501,212,0
2214,18,0
1276,130,0
1553,268,1
210,30,0
1491,5,0
1197,229,1
263,47,1
2184,158,0
964,109,1
1795,13,1
949,134,0
717,19,0
383,100,0
1681,272,0
319,6,1
1954,171,0
944,73,0
2071,145,0
473,161,1
1352,269,1
1829,274,0
1047,192,0
1173,24,0
1713,68,1
718,113,0
409,291,0
1578,252,0
578,217,1
1208,121,0
1507,223,1
1949,123,0
1051,129,0
21,148,0
1911,110,0
398,58,0
120,2,0
88,276,0
408,10,0
1166,289,0
174,10,0
592,62,0
286,211,0
1732,291,0
831,135,0
2068,56,0
1069,35,0
1947,20,0
1517,196,0
51,240,0
319,30,0
1905,210,0
46,42,0
559,73,0
1919,25,0
1395,259,0
7,108,0
1337,7,0
1718,193,0
2179,194,0
1065,92,0
907,69,0
1279,184,0
1535,37,1
1684,233,0
1916,2,0
2289,238,0
228,43,1
2173,206,1
1246,101,1
666,289,0
766,282,0
421,143,0
1976,77,0
2005,49,0
182,70,0
1253,154,0
1462,84,0
639,150,1
1745,197,0
428,68,1
1448,211,0
2035,68,1
453,157,0
1560,212,0
1088,251,0
2074,31,0
1806,107,0
657,49,0
648,83,0
2103,235,0
788,242,0
864,192,0
860,209,0
2175,59,0
1339,43,1
2092,272,0
2140,0,0
829,57,0
1237,283,1
1365,112,0
1776,37,1
1946,82,1
814,31,0
2066,41,1
1323,201,1
87,37,1
1002,221,0
1811,203,0
1725,196,0
2034,18,0
802,288,0
704,127,0
2289,270,0
276,283,0
2128,69,0
994,107,0
1730,209,0
713,246,0
2022,110,0
880,158,0
2293,108,1
2065,80,0
1706,31,0
678,76,0
1273,225,0
928,91,1
513,5,1
602,176,0
286,94,0
341,289,0
863,59,0
853,185,0
1715,0,0
2309,101,0
148,81,1
628,56,1
264,19,0
933,208,1
978,104,0
1774,200,0
1927,278,0
1844,144,0
1768,84,0
1661,160,1
199,238,0
164,244,0
742,125,0
866,256,0
964,284,1
2131,275,0
1502,272,0
2068,138,0
1796,257,1
1362,72,0
2255,2,0
1780,26,0
724,11,0
2136,74,0
1642,1,0
567,229,1
1912,230,0
380,126,0
2208,141,1
411,68,0
352,68,1
1315,82,1
8,97,0
819,69,0
1756,82,0
440,262,0
754,23,0
911,271,0
438,242,0
821,20,0
350,194,0
108,73,0
489,228,0
828,100,1
1504,207,0
120,73,0
1202,131,0
792,13,1
1315,242,0
9,186,0
1656,38,0
1383,227,0
1079,264,0
1778,21,0
1306,64,0
409,187,0
1425,271,0
2224,215,0
531,239,1
200,119,0
882,157,0
865,262,0
920,14,0
156,66,0
2297,192,0
1571,236,0
72,184,0
1271,89,0
241,25,0
1243,12,0
1786,206,1
1616,284,0
847,78,0
1759,192,0
1923,81,0
1349,47,0
546,209,0
716,67,1
809,216,0
1507,139,0
482,136,0
1241,5,1
790,255,0
1339,275,0
451,145,0
1387,180,0
1388,23,0
120,4,0
386,97,0
516,271,0
1800,158,0
159,98,0
1916,78,0
786,131,0
478,30,0
1809,201,0
2066,59,0
1750,35,0
1264,201,0
1022,185,0
292,201,0
1188,239,1
279,138,0
1719,23,0
1647,221,0
1012,161,1
1657,247,0
2301,247,0
554,155,1
294,124,0
2294,260,0
317,43,1
606,13,1
1141,14,0
754,234,0
761,92,0
1004,197,0
1143,133,0
1127,37,0
27,114,0
1539,59,0
354,183,0
1154,74,0
252,12,0
1111,128,0
2206,96,0
1949,164,0
556,265,0
53,258,0
1765,268,0
1015,82,1
2223,250,0
2035,253,0
543,91,1
1879,51,0
1980,32,0
1286,251,0
1353,7,0
974,43,1
475,187,0
1514,121,0
1370,208,0
1906,259,0
381,153,0
2287,90,0
621,149,0
11,241,0
2049,267,1
2149,14,1
2243,212,0
2254,126,0
1674,224,1
316,68,1
992,117,1
1295,26,0
167,150,1
889,141,0
452,0,0
826,242,0
1494,37,1
1683,121,0
403,263,0
515,239,1
1954,247,0
366,285,1
1611,14,1
758,37,0
1847,112,0
1233,203,0
1310,91,1
1008,248,0
1922,132,0
2084,16,0
600,199,0
503,43,1
878,19,0
269,145,1
795,94,0
1145,86,0
1620,31,0
2274,260,0
2142,76,0
690,12,1
607,252,0
499,170,1
623,206,0
2,53,0
618,229,1
2214,229,0
1291,242,0
362,21,0
2156,176,0
2244,187,0
526,19,0
1891,172,0
783,235,0
70,92,0
348,216,0
1169,131,0
1794,119,0
613,25,0
1829,273,0
2193,34,0
595,198,0
1712,122,0
771,52,1
1099,190,0
125,45,0
1556,185,0
1210,161,1
1747,18,0
1868,59,0
2039,132,0
52,35,0
611,259,0
1414,276,0
1006,200,0
1278,236,0
48,34,0
12,21,0
105,159,0
1099,236,0
446,267,0
1849,182,0
2122,196,0
1705,150,1
626,281,0
331,19,0
851,20,1
29,145,0
1568,212,0
1656,71,0
1721,188,0
1564,114,0
206,158,0
245,242,0
923,200,0
1457,267,1
1522,17,0
2181,225,0
2127,219,0
585,218,0
349,128,0
1317,234,0
467,195,0
545,195,0
1562,208,0
16,230,0
1227,0,0
502,194,0
483,22,0
1201,115,0
2267,123,1
294,245,0
2183,76,0
34,12,0
543,125,0
139,20,0
1136,147,0
2245,63,0
1407,192,0
2149,117,0
2195,50,1
763,180,0
29,277,0
872,261,0
726,75,0
1631,28,0
794,206,0
1183,264,0
2280,78,0
139,77,0
297,260,0
1190,120,0
2301,139,0
1632,266,0
1221,43,1
1571,92,0
765,88,0
1760,228,0
324,193,0
193,179,1
934,65,0
89,229,0
1828,81,1
1605,26,0
1822,91,1
563,235,0
2249,91,0
1941,160,0
1650,190,0
1936,181,0
1243,64,0
396,257,0
2161,166,0
262,289,0
1016,183,0
27,43,1
68,247,0
1285,178,0
1636,82,0
971,128,0
1073,3,0
2028,110,0
1896,176,0
1218,200,0
500,101,0
663,21,0
223,239,1
1531,254,0
205,234,0
1341,37,1
1124,123,1
1443,277,0
594,27,0
1849,80,0
1408,2,0
35,140,0
1693,108,1
444,125,0
1219,185,0
1356,149,1
1632,0,0
1934,43,1
957,87,0
1534,140,0
1917,98,0
344,20,0
1316,38,0
143,73,0
1070,233,0
550,284,0
1853,19,0
577,156,0
594,254,0
1212,42,0
1702,38,0
881,233,0
814,173,0
1241,282,1
2129,175,0
361,229,1
1229,131,0
67,21,0
1389,280,0
1752,115,0
1232,78,0
94,193,0
1247,239,1
653,112,0
1428,25,0
1986,157,0
699,224,1
669,19,0
2309,212,0
676,120,0
2242,140,0
2220,140,0
1633,276,0
494,77,0
1890,179,1
1663,33,0
835,61,1
514,239,1
191,31,0
1128,112,0
2215,4,0
10,52,0
889,93,0
2118,159,0
1712,124,0
108,187,0
484,276,0
562,69,0
1357,257,0
1599,55,0
1089,28,0
1036,192,0
1817,32,0
809,45,0
1300,126,0
1434,133,0
1264,187,0
291,129,0
716,285,1
356,14,0
1888,127,0
471,43,1
80,200,0
2155,121,0
885,81,1
381,210,0
1005,34,0
2226,25,0
1058,67,0
108,221,0
2186,262,0
2124,101,0
511,239,1
853,96,0
712,203,0
285,33,0
97,31,0
2246,26,0
802,57,1
2092,117,1
1970,196,0
1821,157,0
626,48,0
1093,221,0
1014,273,0
289,175,0
2260,223,1
2296,277,0
2246,61,0
223,258,0
786,13,0
1347,18,0
1492,13,1
1965,43,1
1261,75,0
2237,18,0
17,71,0
1099,241,0
1072,109,0
680,35,0
812,226,0
2298,260,0
1848,29,0
799,131,0
1274,151,1
688,231,0
524,211,0
565,124,0
2099,124,0
1385,280,0
1119,186,0
1935,138,0
2269,46,0
214,185,0
607,113,0
765,3,0
2193,174,0
1777,37,1
1974,228,0
1647,88,0
2,260,0
1568,101,0
1436,199,0
453,43,1
1017,243,0
405,227,1
2235,76,0
2071,290,0
94,6,0
1302,272,0
813,81,0
197,189,0
281,203,0
400,62,0
475,224,0
2109,141,0
1056,218,0
345,40,0
1777,88,0
1521,102,0
130,75,0
2039,37,1
89,186,0
1483,4,0
1711,44,0
2297,166,0
1579,132,0
159,283,1
2291,48,0
449,280,0
1484,86,0
1360,218,0
880,184,0
1657,54,0
1607,28,0
1368,278,0
458,130,0
964,262,1
1606,161,1
2179,40,0
1584,110,0
1478,40,0
1971,104,0
276,154,0
1218,21,0
1429,34,1
783,198,0
461,155,0
1140,246,0
1491,124,0
931,53,1
1173,100,0
156,275,0
725,267,1
779,276,0
611,1,0
131,108,1
1790,88,0
781,222,0
1703,67,0
1033,290,0
1297,25,0
1692,72,0
520,40,1
1703,174,0
2202,96,0
256,75,0
26,268,0
994,108,1
393,240,1
340,64,0
1089,53,1
1630,253,0
226,197,0
81,269,0
1333,134,0
2127,25,0
576,53,0
121,137,0
1489,45,0
152,88,0
457,20,0
1439,209,0
2230,190,0
1098,282,0
2208,221,0
550,82,0
612,43,0
1853,45,0
945,128,0
329,219,0
765,35,0
1616,104,1
1489,284,0
608,233,0
2200,241,0
2274,93,0
1781,40,0
1274,99,0
1110,267,1
670,23,0
2096,135,0
1361,277,0
1822,140,0
481,208,0
177,104,0
1895,275,0
20,126,0
351,68,1
324,246,0
731,150,1
461,61,0
1854,109,0
399,41,0
2092,140,0
1233,38,0
8,14,0
1968,69,0
1,134,0
1825,66,0
246,71,0
336,119,0
947,104,0
1649,245,0
168,37,1
1462,251,0
1071,28,0
586,13,1
1607,87,0
608,145,0
444,218,0
1845,204,0
352,97,0
999,94,1
2249,106,0
265,248,0
1864,134,0
1344,65,0
426,106,0
168,4,0
237,267,1
1599,121,0
1945,174,0
0,192,0
1995,211,0
717,185,0
572,151,0
1134,219,0
1642,84,0
1146,183,0
1728,75,0
1022,237,0
13,75,0
1760,17,0
1194,9,0
127,267,1
1802,201,0
1464,169,0
844,50,1
132,253,0
1612,148,0
2052,185,0
73,170,0
1030,72,0
1768,264,0
427,56,0
2192,136,0
961,91,0
1664,107,0
1256,88,0
1383,194,0
545,251,0
443,13,0
1148,77,0
1831,158,0
908,133,0
996,66,0
1240,56,1
1099,16,0
245,33,0
2190,289,0
1168,34,0
1275,266,0
70,93,0
1558,119,0
856,90,0
729,282,0
1262,259,0
585,14,1
712,68,1
1853,51,0
1604,3,0
930,113,0
431,233,0
2229,125,0
1634,264,0
1132,260,0
820,68,1
309,78,1
776,24,1
734,228,0
8,72,0
1559,143,0
280,161,1
521,239,1
363,56,0
46,186,0
1556,80,0
2095,251,0
1666,190,1
1353,134,1
977,95,0
2204,255,0
1707,32,0
845,202,0
430,88,0
615,234,0
881,16,0
1003,69,0
536,95,0
2219,20,0
2051,44,0
2120,200,0
1309,31,0
461,101,0
463,89,0
952,108,1
153,140,0
1892,140,0
361,13,1
1997,155,0
2213,95,0
626,218,0
1121,65,0
1707,150,1
1793,117,0
757,285,0
1673,208,0
742,164,0
2144,65,0
2215,249,0
1007,93,0
566,56,0
982,24,0
2011,134,0
2171,209,0
568,280,0
309,232,0
1639,207,0
961,209,0
2296,43,0
1153,30,0
1060,92,0
486,20,0
2271,35,0
1109,151,1
164,223,1
366,43,1
1611,153,0
170,278,0
1168,217,0
2318,76,0
2208,86,0
1400,57,0
1723,83,0
934,244,0
824,135,0
191,87,0
528,234,0
932,288,0
82,52,0
1302,132,0
2203,217,0
665,13,1
1218,13,0
444,119,0
1887,119,0
462,54,1
254,209,0
1210,272,0
564,83,0
2165,197,0
713,43,1
323,220,0
879,31,0
327,80,0
1464,130,1
1488,101,0
484,115,0
1945,268,0
2207,10,0
104,268,1
16,156,0
1348,47,1
455,131,0
1049,145,0
182,71,0
652,86,1
704,261,0
671,261,0
1205,39,0
617,13,1
2233,115,0
310,166,0
378,278,0
906,72,0
70,178,0
463,131,1
1948,77,0
144,229,1
965,252,1
1721,109,0
306,199,0
614,256,0
1723,18,0
253,122,0
531,130,0
1917,245,0
939,79,0
1272,43,0
849,246,0
618,237,0
1124,281,0
204,289,0
1672,42,0
1212,2,0
1524,206,1
1928,289,0
1203,265,0
2002,37,1
1695,95,1
145,86,0
2314,43,1
1101,198,0
1003,81,0
1281,119,0
409,19,0
1814,55,0
1322,235,1
173,57,1
245,43,1
792,92,0
102,221,0
2266,87,0
387,59,0
290,277,0
2271,158,1
1103,70,0
754,286,1
246,12,0
201,225,0
611,24,0
1443,24,0
502,101,0
2298,55,0
696,155,0
999,260,0
1417,108,1
1442,114,0
48,204,0
177,52,0
915,123,0
423,72,0
698,234,0
1757,68,1
811,85,0
1694,155,0
201,94,0
968,13,1
1538,109,1
1794,270,0
934,193,0
1134,31,0
1939,13,1
1904,258,0
1987,3,0
2148,144,0
961,192,0
663,115,0
2276,155,0
1838,217,0
1864,209,0
113,245,0
816,204,0
1227,95,1
1591,47,1
1209,134,0
1204,220,1
1475,138,0
2258,123,0
1762,115,0
2232,131,1
38,94,1
1875,93,0
1468,200,0
1003,59,0
181,206,0
224,207,0
357,245,0
2121,37,1
2181,138,0
1353,182,0
438,206,0
1568,1,0
31,108,1
1618,261,0
282,94,0
149,264,0
1396,106,0
378,168,0
838,220,0
576,101,0
1401,292,0
1981,255,0
2049,183,0
756,88,0
2,67,0
918,257,0
2311,24,1
2072,126,0
1884,209,0
1135,238,0
987,187,0
677,252,0
1761,208,0
1480,219,0
506,253,0
1157,33,0
1189,125,0
1964,14,0
1147,176,0
1172,206,1
2312,243,0
395,25,0
1650,246,0
1723,235,0
1732,98,0
500,77,0
598,265,0
642,249,0
1016,193,0
14,193,0
623,104,1
977,107,0
1518,87,0
89,234,0
192,76,0
131,34,0
1468,202,0
359,78,0
1306,72,0
1261,72,0
765,128,0
496,188,0
1859,158,0
1524,103,0
2240,223,1
2120,76,0
1428,244,0
980,201,0
1285,138,0
2120,43,1
1794,84,0
1940,159,0
5,190,0
884,24,0
1014,12,0
540,202,0
1598,50,1
835,242,0
1921,198,0
2092,65,0
384,114,0
503,3,0
767,107,0
1183,81,1
758,282,0
1433,32,1
737,32,0
923,283,1
2307,184,0
86,52,1
349,158,1
2215,244,0
737,174,0
792,74,0
382,81,1
229,257,0
2090,73,0
2222,191,0
2046,234,0
285,29,0
2259,21,0
1944,221,0
1592,30,0
471,289,0
712,84,0
1655,4,0
1836,89,0
333,95,0
553,155,1
30,115,1
1526,100,0
2123,97,0
758,159,0
234,33,0
1243,212,0
600,13,1
800,68,1
88,271,0
1124,254,0
2288,97,0
2190,87,0
1871,272,0
113,272,0
1517,121,0
1145,33,0
688,177,0
36,47,0
945,17,0
141,169,1
543,82,0
1349,49,0
2171,76,0
965,262,1
744,38,0
2102,266,0
1847,174,0
512,93,0
813,260,0
2302,233,0
1054,131,1
1480,202,0
262,206,1
1496,127,0
2211,81,1
1600,13,0
2014,239,1
2028,80,0
1387,134,0
2070,185,0
239,128,0
1842,90,1
1466,239,1
1905,259,0
1688,211,1
955,13,0
1015,94,0
1541,262,0
959,97,0
2065,56,0
404,207,0
1010,223,1
613,114,0
1200,223,1
2268,206,0
1201,128,0
838,184,0
1667,208,0
2048,184,0
442,35,0
115,129,0
225,0,0
1209,289,0
407,220,0
709,173,0
21,133,0
1573,35,0
1302,68,1
13,165,0
2215,25,0
234,200,0
1822,50,1
1044,196,0
1319,145,0
29,177,0
1736,179,1
923,46,1
596,189,0
2153,197,0
1351,282,0
1126,61,0
174,203,0
1256,175,0
2198,58,0
195,254,0
1871,127,0
2125,20,1
2216,202,0
450,126,0
2036,103,0
796,82,0
227,164,0
163,198,0
1866,32,0
1875,141,0
169,258,0
2163,102,0
1757,102,0
807,60,0
2092,161,0
1036,156,0
1843,287,0
1480,184,0
1157,165,1
328,56,0
1503,277,0
79,133,0
504,103,0
1332,116,0
1127,131,0
776,260,0
37,69,0
418,224,0
104,100,0
12,288,0
803,114,1
295,2,0
2144,84,0
1401,79,0
1204,47,0
597,206,0
620,187,0
584,255,0
1614,104,1
1552,13,1
1224,96,0
1424,200,0
10,84,0
133,140,0
609,16,0
454,37,1
1129,47,0
1924,259,0
77,187,0
1749,268,0
2308,126,0
145,30,0
133,42,0
195,158,0
2309,194,0
806,155,0
517,35,0
316,126,0
2127,207,0
1391,138,0
1427,9,0
2081,67,1
175,13,1
1918,276,0
867,78,0
1139,212,0
918,89,0
860,194,0
1337,165,0
1503,162,0
1501,257,0
495,269,1
666,114,0
374,212,0
1030,118,0
1793,76,0
693,191,0
1388,264,0
29,5,0
1909,84,0
1963,68,1
651,37,1
1341,209,0
1409,131,0
215,244,0
877,209,0
1152,58,1
195,172,0
840,23,0
698,191,0
1831,207,0
1953,93,0
2320,233,0
713,264,0
513,90,0
2205,211,0
1962,208,0
1483,151,1
1203,177,0
121,119,0
2161,84,0
1985,55,0
721,165,0
1921,251,0
187,289,0
309,91,0
1327,1,0
2048,201,0
820,0,0
1403,67,1
777,167,0
1253,286,0
1960,66,0
412,170,0
721,234,0
1052,26,0
453,72,0
1022,58,0
1933,220,0
1278,283,0
537,135,0
789,110,0
407,279,0
2124,10,0
1450,83,0
703,212,0
563,249,0
1079,84,0
1980,206,1
2081,102,0
1027,38,0
274,124,0
1856,159,0
1093,174,0
2246,243,0
1061,66,0
1391,277,0
506,194,0
1397,256,0
1531,20,0
1330,57,0
115,271,0
1143,258,0
2020,123,0
1381,199,0
1050,59,0
352,158,1
1175,154,1
1905,141,1
1222,35,0
1847,179,0
479,209,0
1677,159,0
128,19,0
468,186,0
1772,72,0
1916,234,0
295,0,0
1279,209,0
2143,221,0
1399,284,0
804,108,0
1632,75,0
1790,8,0
1195,187,0
1670,281,0
754,14,0
1810,125,0
1894,279,0
919,198,0
981,58,0
2053,24,1
726,178,0
616,135,0
932,20,1
2252,201,0
217,111,0
68,174,0
1859,231,0
2073,95,1
581,14,1
2278,87,0
2118,69,0
946,95,0
1741,43,1
2245,173,0
1224,183,0
507,86,0
734,56,0
1550,128,0
927,61,0
794,95,0
1083,255,0
1234,158,0
2302,2,0
2014,271,0
365,217,0
146,43,1
315,270,0
2160,66,0
814,205,0
1773,56,0
1888,256,0
194,3,0
1233,86,0
1354,223,1
1522,206,1
1943,94,0
2082,26,0
1833,37,1
787,233,0
1229,84,0
2297,120,0
1435,133,0
2089,264,0
1852,284,0
1975,253,0
1330,31,0
1450,178,0
710,93,0
2251,37,1
528,104,0
1969,282,0
382,40,0
255,2,0
1650,124,0
580,13,1
284,16,1
1333,55,0
582,9,0
2222,104,0
2164,160,0
452,84,0
291,60,0
1937,68,1
1607,121,0
2315,206,1
289,198,0
1268,196,0
299,73,0
1087,87,0
346,227,0
1658,123,0
1810,187,0
1634,241,0
1874,123,0
1746,266,0
1465,142,1
1586,241,0
626,21,0
1832,25,0
345,47,1
1143,58,0
1504,78,0
1826,276,0
2009,37,1
1977,279,0
2279,208,0
336,218,0
439,171,0
1241,82,1
968,91,1
887,135,0
578,13,1
663,13,1
1203,216,0
2086,76,0
1671,161,0
2158,4,0
727,84,0
2273,86,0
913,119,0
683,42,0
1137,14,0
134,42,0
1057,61,0
1387,115,1
1023,115,0
552,66,0
601,288,0
1620,221,0
2109,223,0
1913,93,0
2058,217,0
1583,146,1
1054,159,0
2227,66,0
1655,184,0
905,133,1
1552,75,0
295,90,0
784,25,0
195,25,0
636,128,0
499,96,0
719,229,0
147,233,0
2086,237,0
12,274,0
985,150,0
1462,117,0
867,199,0
451,7,0
1358,178,0
772,30,0
1302,33,0
2049,192,0
1915,155,0
469,184,0
557,276,0
713,37,1
110,88,0
629,88,0
661,130,0
159,102,0
2226,164,0
401,224,0
2196,227,0
2289,74,0
1637,201,0
1125,69,0
1463,57,0
578,83,0
768,195,0
1120,33,0
593,155,1
589,87,0
849,19,0
2188,138,0
1530,271,0
880,12,0
1438,239,1
487,21,0
1676,121,0
1016,197,0
155,5,1
1707,50,1
84,235,0
877,158,0
891,197,0
544,155,0
921,223,0
738,239,1
199,180,0
1113,220,0
1204,200,0
190,68,1
215,194,0
550,156,0
54,69,0
1599,58,0
37,187,0
38,42,0
103,164,0
1560,37,1
1421,157,0
431,19,0
2247,181,0
788,37,1
1956,101,0
1306,196,0
1125,24,0
2250,67,0
911,118,0
1574,163,0
1998,69,0
2210,247,0
923,81,1
2014,158,0
2196,185,0
572,6,0
298,4,0
2163,6,0
1365,143,0
1518,285,0
1649,246,0
986,251,0
1511,15,0
1726,271,0
518,78,0
1611,274,0
1690,43,1
1428,134,0
220,86,0
1765,92,0
2175,57,0
138,151,0
287,275,0
1453,257,0
1074,59,0
2257,177,0
2086,239,0
909,144,0
1154,39,0
1662,160,1
661,185,0
1769,69,0
906,234,0
2050,121,0
748,13,1
777,173,0
1666,59,0
583,104,1
2134,94,0
2245,29,0
1861,127,0
1273,161,0
453,254,1
1614,14,1
334,250,0
67,86,0
383,105,0
688,6,0
2139,19,0
1298,67,1
2278,29,0
1191,90,0
94,102,0
1146,111,0
1422,144,0
1742,240,0
1079,77,0
1290,90,0
235,244,0
1720,35,0
866,187,0
822,140,0
601,6,0
1054,243,1
435,279,1
823,118,0
343,192,0
1506,149,0
2057,32,0
745,191,0
1354,71,0
1722,62,0
1011,108,1
1555,187,0
789,195,0
1789,221,0
2095,205,0
103,44,0
1938,201,0
1757,130,0
97,229,0
2071,101,0
247,161,1
963,56,0
984,138,0
236,205,0
2222,258,0
1317,237,0
1211,108,1
791,255,0
1029,92,0
7,142,0
848,52,1
1698,207,0
180,68,0
362,70,0
211,135,0
1307,14,0
1242,155,1
777,39,0
1367,55,0
1520,240,1
1015,256,0
947,191,0
2083,228,0
2320,244,0
715,43,1
121,49,0
1329,119,0
1410,228,0
782,275,0
564,120,0
1659,68,1
1641,282,1
1629,43,1
537,238,0
601,62,0
1919,30,0
1315,110,0
2108,204,0
929,221,0
794,25,0
142,210,0
977,276,0
2164,183,0
483,205,0
964,37,1
64,1,0
1427,246,0
942,258,0
2164,134,0
63,224,1
464,235,0
729,109,0
310,144,0
2077,75,0
447,149,0
1404,79,0
1089,128,0
1371,110,0
116,173,1
2134,166,0
58,135,0
2005,282,0
1395,149,0
1954,229,1
2266,89,0
1655,61,1
1949,246,0
484,241,0
2223,133,0
1871,43,1
1005,266,0
418,249,0
126,219,0
340,105,1
838,193,0
1774,208,0
1631,4,0
142,95,0
618,263,0
254,43,1
835,132,0
1265,21,0
2113,203,0
1950,246,0
1841,179,0
427,108,1
1391,115,0
319,260,0
596,138,0
433,127,0
1092,251,0
1379,81,1
20,24,0
1727,162,0
1323,132,0
391,191,0
664,239,0
2000,100,0
524,50,0
1308,204,0
1991,173,0
2092,33,0
988,106,0
2036,133,0
870,17,0
1668,266,0
526,232,0
2044,108,1
1325,76,0
846,262,0
2289,191,0
2259,2,0
614,35,1
800,67,1
346,263,1
1568,58,1
1490,35,0
122,0,0
1681,185,0
415,137,0
875,69,0
117,289,0
2041,69,0
736,280,0
1209,225,0
335,239,1
595,179,0
1041,276,0
1322,266,0
541,56,0
1574,64,0
1483,248,0
1298,93,0
278,138,0
1215,158,0
1439,130,0
1096,24,0
285,51,0
732,150,1
1075,155,1
1117,239,1
1768,186,0
414,140,0
485,258,0
231,206,1
1966,139,0
658,205,0
272,57,0
1024,135,0
1003,72,0
1125,118,0
908,162,0
307,193,0
1573,57,0
127,190,0
1558,31,0
2158,227,0
360,245,0
142,19,0
449,182,0
462,227,0
1544,4,0
1433,246,0
1944,248,0
1951,136,0
1620,35,0
1341,186,0
322,268,0
1232,125,0
983,208,0
369,209,0
1258,37,1
1293,57,0
1852,41,0
1819,129,0
1128,123,1
106,139,0
1345,270,0
859,128,0
1755,88,0
1688,186,0
40,77,0
1169,69,0
50,253,0
1250,98,0
1669,198,0
2018,191,0
159,60,0
1511,228,0
228,281,1
309,132,0
180,123,0
1694,207,0
1339,37,1
671,121,0
2248,234,0
1170,2,0
89,31,0
1241,111,1
584,186,0
1169,285,0
996,58,0
2169,264,0
841,214,0
258,11,0
1216,192,0
407,149,0
745,259,0
2042,47,1
28,218,0
942,27,0
2218,143,0
204,93,0
418,22,0
236,33,0
832,82,0
46,176,0
588,22,0
1207,249,0
628,258,0
299,125,0
530,200,0
552,10,0
614,164,0
841,230,0
992,100,0
1573,191,0
1812,72,0
1402,108,0
96,159,0
1335,126,0
215,132,0
1758,76,0
1927,17,0
1028,52,1
1456,58,0
2065,39,0
1852,206,0
2155,201,0
745,275,0
2107,192,0
2300,227,0
310,159,0
1813,270,0
1604,197,0
1464,78,0
765,254,0
1698,204,0
766,222,0
2187,23,0
648,269,0
1679,82,0
1670,235,1
476,193,0
2232,216,0
603,13,1
1653,50,1
1274,237,1
530,190,0
1637,0,0
154,125,0
1426,277,0
465,11,0
681,87,0
1899,92,0
2162,82,0
1400,37,1
956,228,0
843,280,0
1025,79,0
2270,91,0
870,175,0
1879,200,0
140,259,0
252,38,0
718,188,0
1263,128,0
972,277,0
938,88,0
1616,14,1
1978,37,1
1503,1,0
1135,96,0
1819,59,0
9,197,0
1026,192,0
764,90,0
217,268,0
902,282,0
1392,14,0
1624,65,0
948,124,0
1864,130,0
2146,203,0
1957,133,0
919,123,0
394,239,1
1701,230,0
1367,168,0
723,221,0
1967,68,1
2076,260,0
1575,291,0
1556,37,1
2220,162,0
2181,55,0
1991,5,0
207,276,0
404,256,0
1522,128,0
2019,133,0
1205,258,0
2288,223,1
141,227,0
1000,53,1
1912,245,1
1846,267,0
2023,212,0
1714,68,1
1314,133,0
435,251,0
864,61,0
1324,227,0
1973,184,0
1205,227,0
852,74,0
2120,276,0
1650,162,0
1127,24,0
1752,207,0
853,210,1
1877,125,0
632,253,0
1024,81,0
916,262,0
1769,14,0
1532,133,0
1674,126,0
117,98,0
451,108,0
867,55,0
1928,266,0
1533,251,0
1734,264,0
584,130,1
1844,40,0
1966,181,0
1116,142,0
1411,46,1
616,76,0
874,221,0
1066,13,0
1735,197,0
1735,34,0
982,124,0
886,4,0
475,5,0
2171,185,0
2120,220,0
136,202,1
816,213,0
1972,71,0
374,118,0
528,11,0
2185,242,0
1761,207,0
447,58,1
1747,125,0
1242,114,0
1941,238,0
847,1,0
2074,130,0
1394,250,0
1389,153,0
1750,23,0
257,88,0
1893,94,0
2166,104,0
1192,151,0
292,271,0
2083,155,0
1132,235,0
122,81,0
1457,246,0
1362,77,0
1338,199,0
320,201,0
1447,238,0
1515,242,0
1889,257,0
1619,268,0
762,204,0
508,83,0
1824,81,1
2,190,0
2147,34,0
298,37,1
1342,206,1
20,252,0
184,72,0
2166,201,0
1705,82,0
1718,57,0
480,202,0
1898,50,0
545,132,0
2284,272,0
642,187,0
280,125,0
164,104,0
1395,78,1
2153,25,0
1402,53,0
799,204,0
2083,244,0
156,76,0
1084,267,0
16,242,0
249,207,0
427,35,0
658,170,0
1745,56,0
413,281,0
1273,9,0
446,70,0
888,34,0
1552,17,0
2226,73,0
270,166,1
1073,150,0
2206,151,0
563,59,0
2011,179,0
1013,11,0
499,86,0
1215,215,0
556,13,1
614,137,0
1009,202,0
1198,259,0
1783,158,0
1320,159,0
668,215,0
2206,164,0
263,50,1
2259,37,1
1069,13,0
747,6,1
2268,66,0
1469,198,0
94,51,0
1690,121,0
2035,83,0
1279,64,0
778,147,0
1987,164,0
922,207,0
152,276,0
95,257,0
636,252,0
293,146,0
1858,21,0
672,245,0
465,264,0
916,12,0
852,262,0
2022,186,0
2061,104,0
1789,174,0
1860,77,1
1694,64,0
1936,76,0
1708,36,0
138,123,1
2124,235,0
2039,164,0
513,239,1
347,248,0
94,72,0
1404,165,0
1179,125,0
879,127,0
1366,239,0
1802,251,0
620,168,0
752,121,0
296,138,0
20,239,0
780,110,0
1961,248,0
1663,241,0
2164,258,0
2134,113,0
186,158,0
925,43,1
2278,185,0
961,133,0
1862,215,0
1700,8,0
186,18,0
1255,97,0
235,125,0
6,265,0
74,273,0
875,80,0
669,212,0
479,32,0
1159,110,0
1297,102,0
854,191,0
1656,43,1
893,77,0
997,179,1
1157,69,0
669,32,0
1058,142,0
1794,118,0
1025,69,0
338,123,0
409,242,0
2195,32,0
419,161,0
2131,211,1
174,228,0
778,144,0
665,185,0
1458,223,1
2304,233,0
510,239,1
176,208,0
1689,235,0
163,143,0
103,210,0
1530,286,1
1205,220,1
740,187,0
1888,135,0
409,42,0
1320,171,0
348,232,0
334,122,0
703,60,0
1368,94,0
2238,115,0
917,124,0
2111,116,1
1265,126,0
2095,173,0
508,127,0
609,267,0
793,55,0
1435,287,0
1189,260,0
953,229,0
903,81,1
1182,1,0
944,262,0
86,123,0
1732,272,0
1996,211,0
1207,78,0
1479,162,0
130,251,0
970,239,1
142,66,0
1677,89,0
301,26,0
1673,23,0
2277,240,1
637,193,0
2268,120,0
1001,108,1
2142,73,0
1641,289,0
1225,164,0
2147,114,0
1326,65,0
1855,66,0
300,12,0
841,242,0
1956,18,0
385,139,1
378,225,0
285,37,0
1990,147,0
155,258,0
2149,50,0
1790,95,0
822,186,0
587,133,0
1790,22,0
1255,217,0
554,82,1
1785,220,0
1366,212,0
1968,160,0
2268,49,0
1181,16,0
964,280,1
889,219,0
2104,72,0
2167,30,0
1135,275,0
2124,94,0
2213,97,0
465,174,0
1024,13,0
1339,90,0
1470,41,0
1221,32,0
240,132,0
1165,237,1
1014,184,0
1175,43,1
2310,177,0
1776,179,1
780,115,0
1990,161,0
1651,52,0
168,76,0
1098,80,1
1003,86,0
877,120,0
738,261,0
666,258,0
1760,175,0
25,218,0
1514,202,0
2158,157,0
180,107,0
1637,179,1
942,91,0
2102,89,0
186,109,1
2206,147,0
784,239,1
3,216,0
1584,159,0
1636,204,0
1438,126,0
1729,150,1
668,239,1
726,257,0
2260,158,0
2188,35,0
319,43,1
456,111,0
1403,229,1
302,219,1
814,73,1
1297,50,1
1086,258,0
1579,64,0
468,285,1
1324,135,0
2007,272,0
1517,276,0
2010,108,0
207,180,0
939,65,0
2289,158,0
1810,66,0
903,4,0
617,57,0
1751,128,0
1135,105,0
1890,223,1
1254,40,0
1396,97,0
555,43,0
1030,0,0
505,143,0
2050,227,0
492,74,0
2131,18,0
352,57,0
1063,268,0
1912,200,0
392,268,0
425,32,0
2085,90,0
1707,59,0
423,17,0
1592,207,0
352,264,0
2280,57,0
378,178,0
68,86,0
1142,35,0
1556,98,0
1148,98,0
437,157,0
2045,277,0
1340,58,0
1790,64,0
998,233,0
812,7,0
738,38,0
2256,13,0
1661,273,0
1555,134,0
950,257,0
1911,235,0
455,254,1
257,289,0
1646,104,0
2045,131,0
1974,13,0
1870,28,0
465,86,0
697,127,0
267,65,0
1504,267,1
1658,55,0
1432,49,0
938,28,0
1753,193,0
349,252,0
800,155,1
1084,156,0
1623,232,0
1732,56,1
1073,117,1
2230,23,0
1321,281,0
205,273,0
1241,56,1
1953,34,0
2265,26,0
475,231,0
1941,58,0
59,217,0
1391,43,1
268,127,0
1730,8,0
579,13,1
1292,83,0
1027,43,1
780,135,0
2310,55,0
2283,94,1
1149,225,0
198,275,0
1965,37,1
599,231,0
1571,81,1
1679,121,0
931,217,0
1490,102,0
2224,190,0
945,229,1
1672,123,0
876,17,0
2266,80,0
637,30,0
2024,50,1
2297,151,0
1838,118,0
1728,33,0
1945,74,0
1515,71,0
1657,133,0
208,92,0
403,179,0
1119,219,0
121,242,0
1521,76,0
2131,202,0
838,261,0
85,251,0
2194,88,0
1709,75,0
1905,246,0
1819,199,0
1156,37,1
1079,257,0
1196,281,0
1259,270,0
1628,227,0
1524,51,1
1077,28,0
148,98,0
1240,53,0
1031,191,0
2113,143,0
83,100,0
1281,108,1
1996,220,1
181,203,0
129,53,1
1121,141,0
1299,50,1
879,130,0
2011,115,1
1670,220,0
1163,237,1
539,68,1
2119,70,0
2013,47,1
183,187,0
1626,270,0
598,13,1
1919,195,0
130,40,0
178,37,1
2086,173,0
1845,105,0
865,94,0
2129,218,0
408,218,0
330,31,0
1254,65,0
1463,37,1
2013,81,0
1083,267,0
763,182,0
1383,21,0
21,267,0
1112,32,0
1891,81,0
616,239,0
1558,179,0
202,284,0
1159,183,0
2034,203,0
2089,26,0
1167,242,0
548,254,0
1587,170,0
658,282,0
1984,38,0
1172,54,1
1485,212,0
1746,52,1
1,135,0
1787,92,0
2206,218,0
1691,269,1
1173,54,1
1942,283,0
23,12,0
2161,286,0
30,13,1
1019,233,0
2251,4,0
2196,89,0
2272,121,0
1491,194,0
2148,159,0
1170,112,0
553,48,0
528,199,1
1633,93,0
1100,90,0
1619,37,1
2104,126,0
2291,112,0
249,42,0
2316,172,0
1780,192,0
1427,98,0
1503,47,1
261,276,0
761,212,0
954,11,0
1633,259,0
95,264,0
1220,248,0
661,69,0
649,68,1
1688,13,0
1891,111,0
1574,153,0
1037,200,0
304,157,0
1040,140,0
1344,206,1
1590,239,0
1640,31,1
2171,206,1
262,162,0
782,17,0
904,157,0
2146,206,1
558,13,1
803,135,0
270,167,1
75,223,1
1552,82,0
351,224,1
1692,53,1
1519,57,0
2112,37,1
442,39,0
1485,289,0
1197,60,0
1817,92,1
1464,29,0
1866,276,0
1806,112,0
2244,79,0
1510,58,0
1528,5,1
1950,211,1
1306,34,0
1297,33,0
1732,181,0
1652,5,1
2294,209,0
443,110,0
11,85,0
702,267,0
2108,107,0
2250,34,0
995,75,0
2150,249,0
626,173,0
422,121,0
658,233,0
1431,166,0
1266,162,0
1702,89,0
2021,40,0
820,161,1
1765,212,0
346,246,0
253,144,0
278,10,0
579,115,0
1708,133,0
1092,97,0
736,87,0
2043,212,0
631,131,0
132,239,1
302,13,1
1071,2,0
907,66,0
1668,133,0
1889,221,0
716,87,0
1823,71,0
1910,21,0
1539,103,0
568,244,0
461,82,1
2287,40,0
2089,225,0
261,76,0
1603,102,0
48,247,0
1434,22,0
222,270,0
1982,216,0
502,84,0
2099,31,0
1348,192,0
865,81,1
156,285,0
1689,69,0
1737,82,0
1632,55,0
1029,220,1
1154,37,1
368,83,0
1891,187,0
2174,57,0
1925,17,0
944,189,0
1993,175,0
155,65,0
2217,65,0
495,19,0
2245,282,0
841,266,0
1419,88,0
2139,56,0
2121,26,0
463,243,1
1807,239,1
1340,84,0
1884,32,0
614,160,0
440,126,0
1684,68,1
2178,192,0
1038,253,0
1075,109,0
1686,70,0
330,241,0
1223,64,0
1280,3,0
148,35,0
876,76,0
275,98,1
763,66,0
268,64,0
73,254,0
874,207,0
663,42,0
1434,291,0
1643,178,0
682,74,1
1702,174,0
992,197,0
969,58,0
1508,12,0
2016,56,0
1580,43,1
467,0,0
1674,30,0
407,173,0
1418,16,0
2033,58,0
1192,153,0
261,50,1
42,267,0
1945,107,0
1462,73,0
1861,229,0
579,244,0
1470,87,0
677,147,0
923,279,1
1087,78,0
1524,223,1
581,252,0
1177,247,0
1024,121,0
1803,223,1
2290,233,0
571,176,0
1577,134,0
862,73,0
482,241,0
761,13,0
1240,226,0
89,37,1
1916,192,0
1075,146,0
1872,289,0
2052,276,0
206,127,0
1753,76,0
63,47,1
1362,110,0
1817,114,0
25,258,0
1476,78,0
1057,58,0
1268,253,0
910,162,0
1597,272,0
110,161,0
299,35,0
2228,89,0
1965,93,0
1233,102,0
1037,130,0
161,16,0
2056,42,0
2188,96,0
922,119,0
507,47,1
967,37,1
352,67,1
1710,93,0
444,92,0
1470,279,0
906,88,0
1785,201,0
2162,24,0
722,102,0
296,43,1
1346,69,0
171,259,0
579,274,0
2103,269,1
1012,43,1
574,162,0
1217,90,0
1563,129,0
2310,13,1
2062,201,0
1113,107,0
91,282,1
1517,212,0
1696,239,1
185,273,0
1125,235,0
819,161,1
1911,276,0
1077,82,0
961,2,0
1264,248,0
609,240,0
1166,165,1
1762,184,0
599,51,0
1048,264,0
229,82,0
1971,275,0
1933,123,1
651,239,1
546,192,0
960,78,0
1479,74,0
899,13,1
545,4,0
1382,127,0
440,1,0
1563,108,1
1631,197,0
832,181,0
1031,117,0
1176,123,0
1245,286,1
1061,107,0
2130,155,0
744,273,0
920,68,1
583,208,0
1428,243,0
1725,47,1
795,242,0
895,7,0
391,178,0
866,265,0
212,273,0
2090,3,0
1849,286,0
487,200,0
397,211,1
1337,282,0
2034,19,0
695,17,0
1533,143,0
1501,32,0
1271,173,1
1470,84,0
619,37,0
687,82,1
928,43,1
2211,67,0
293,135,0
306,20,0
473,235,0
46,16,0
301,155,0
607,292,0
1988,87,0
161,13,0
708,42,0
496,117,0
706,20,0
343,225,0
1479,70,0
1452,94,1
915,221,0
785,279,0
2108,206,1
2265,2,0
2016,212,0
694,138,0
1545,61,0
2258,26,0
285,1,0
540,190,0
2035,13,0
911,39,0
2132,254,0
1865,115,0
856,196,0
1219,37,1
1894,84,0
1785,247,0
1999,65,0
2213,128,0
641,72,0
1777,34,0
380,181,0
1843,230,0
1836,3,0
348,25,0
180,93,0
2087,183,0
725,34,0
1919,53,1
1851,229,1
812,19,0
1507,64,0
978,66,0
1139,103,0
610,82,0
905,86,0
2060,66,0
2200,89,0
1420,195,1
266,123,0
1986,37,1
677,231,0
706,88,0
1245,79,0
1107,202,0
928,289,0
994,26,0
2002,196,0
580,225,0
1204,67,0
47,160,1
2200,227,0
1380,74,0
338,115,0
15,227,0
1110,3,1
1912,30,0
351,269,1
2224,43,1
285,160,0
1413,269,1
2138,211,0
2129,193,0
515,123,0
332,145,0
366,224,1
177,10,0
1251,31,0
753,159,0
1034,188,0
578,62,0
138,233,0
624,13,1
661,118,0
490,87,0
1059,24,0
708,1,0
1959,179,0
2119,31,0
1266,262,0
245,53,1
2008,69,0
2261,192,0
1466,245,0
1520,78,0
1695,37,1
1961,190,0
2071,285,0
1833,203,0
1312,247,0
1849,165,0
741,121,0
891,77,0
2236,253,0
2194,117,0
1428,286,0
462,33,0
125,51,0
861,261,0
780,208,0
602,140,0
729,118,0
433,64,0
1752,205,1
792,234,0
1989,63,0
1781,6,1
1930,200,0
1044,258,0
1153,205,0
1821,92,0
958,37,1
944,242,0
1162,71,0
2045,290,0
596,263,0
1151,13,0
280,123,0
340,223,1
1865,235,0
1310,68,1
1592,184,0
838,148,0
1338,160,0
1866,191,0
1959,268,0
1888,226,0
2151,4,0
776,2,0
58,38,0
1825,57,0
2131,75,0
1692,275,0
781,250,0
1807,13,0
1946,16,0
1808,34,0
789,16,0
659,107,0
2207,83,0
1021,278,0
949,123,0
157,272,0
1042,117,0
2212,237,0
1783,104,0
667,37,1
1634,162,0
353,81,1
120,186,0
688,180,0
81,106,0
68,79,0
794,13,1
1744,262,0
965,148,1
1387,74,0
509,239,1
1625,233,0
135,137,0
872,211,1
517,277,0
2008,206,1
1485,203,0
1712,76,0
1518,246,0
784,204,0
45,185,0
2319,280,0
479,76,0
1223,152,0
367,243,0
2214,192,0
1335,206,0
109,96,0
1201,203,0
1960,28,0
1210,203,0
1416,185,0
1639,151,1
1731,56,1
1673,251,0
1897,190,0
1044,47,1
244,248,0
1686,108,1
1984,68,1
110,50,0
582,12,1
905,22,0
498,167,1
558,29,0
1020,37,0
182,228,0
2051,275,0
1552,5,0
864,81,1
2037,118,0
1508,79,0
1518,176,0
2097,249,0
230,86,0
200,277,0
2069,233,0
1058,42,0
1900,161,1
2071,213,0
1586,210,0
569,146,0
638,220,0
1838,155,0
144,49,0
274,259,0
2100,41,0
1049,118,0
2116,1,0
75,207,0
469,127,0
657,175,0
191,235,0
1370,76,0
956,213,1
2036,229,0
1671,235,1
1107,244,0
2041,211,1
1305,218,1
1404,90,0
919,259,0
2293,235,0
145,185,0
144,27,0
1443,71,0
2263,273,0
1338,137,0
655,169,0
691,8,0
1993,54,0
2079,134,0
1164,93,0
696,68,1
1947,182,0
1201,133,0
952,88,0
532,249,0
1787,18,0
1711,144,0
241,12,0
347,197,0
383,44,0
2199,90,0
398,108,0
852,109,0
593,45,0
942,199,0
151,194,0
1552,15,0
2118,286,1
578,137,0
1411,206,1
2207,141,1
1187,176,0
1318,138,1
1934,50,1
946,235,0
211,260,0
1850,61,0
1321,66,0
696,108,1
294,107,0
251,91,0
2104,37,0
593,198,0
1220,24,0
1852,282,0
1849,179,0
575,115,0
305,254,0
1334,56,1
1661,115,0
1796,37,1
2291,145,0
720,87,0
418,87,0
474,249,0
2010,281,0
1891,38,0
1970,58,0
1786,155,0
347,124,0
141,118,0
704,76,0
2204,48,0
1275,118,0
1766,72,0
693,276,0
87,58,0
1647,201,0
249,52,1
1239,26,0
1288,102,0
1356,111,1
500,41,0
835,197,0
1489,109,0
2310,134,0
2173,204,0
187,37,1
428,181,0
2184,175,0
281,121,0
1829,173,0
600,45,0
1881,72,0
1986,86,0
710,168,0
1123,3,0
489,18,0
1735,17,0
1395,191,0
1858,75,0
17,218,0
1689,211,1
583,239,0
305,249,0
2019,67,0
1241,223,1
895,165,0
1575,145,0
887,140,0
1711,57,0
507,277,0
1521,104,0
1907,226,0
811,138,0
894,286,0
2261,221,0
1700,180,0
744,93,0
1545,247,0
2319,159,0
963,40,0
1765,183,0
363,79,0
2089,65,0
2253,35,0
968,66,1
518,259,0
1461,133,0
1795,279,0
1859,76,0
68,190,0
217,266,0
1334,48,0
616,150,0
760,60,0
1364,133,0
986,221,0
252,247,0
2305,17,0
1177,42,0
557,100,0
2055,37,1
336,155,0
1323,192,0
13,179,0
1020,42,0
1782,246,0
158,161,1
1023,269,1
1808,54,1
1440,125,1
663,75,0
617,81,1
1697,271,0
889,207,0
672,133,0
561,156,0
532,31,0
1703,172,0
1795,51,0
1528,97,0
495,83,0
2034,212,0
1781,143,0
307,92,0
944,230,0
701,204,0
1565,245,0
350,155,0
639,84,0
1613,218,0
1858,118,0
1461,277,0
1505,8,0
1589,46,0
701,182,0
736,57,0
1242,101,1
531,128,0
1670,114,0
2049,40,0
1523,40,0
1915,89,0
813,64,0
894,284,0
1801,133,0
1076,229,1
1530,164,0
203,73,0
1357,204,0
2308,3,0
441,240,0
2218,119,0
1414,68,1
464,104,0
1532,71,0
1003,198,0
319,216,1
1734,260,0
1909,80,0
1266,14,0
967,2,0
572,235,0
230,161,1
560,249,0
1776,66,0
274,114,0
1770,225,0
560,155,1
2268,215,1
226,13,0
2091,245,0
1824,247,0
542,68,1
1885,224,1
1424,52,1
327,154,0
1558,10,0
1367,81,1
1585,29,0
1234,245,0
899,246,1
1117,51,1
1749,26,0
1533,30,0
598,224,0
124,248,0
1635,219,0
2084,220,0
1248,246,0
850,198,0
898,155,1
366,272,0
1850,183,0
850,151,0
420,98,0
259,59,0
2182,135,0
802,47,0
684,37,1
1260,181,0
2163,202,0
1789,63,0
944,96,0
2247,198,0
616,51,0
1313,122,1
2083,25,0
725,175,0
1091,37,1
1611,19,0
701,137,0
1615,49,0
1819,100,0
2244,121,0
861,185,0
2267,6,0
1786,34,0
1275,108,1
1985,37,1
1035,221,0
2109,136,0
1226,6,1
2085,86,0
1923,148,0
1134,27,0
954,239,1
1462,179,1
136,3,0
166,270,0
2105,77,0
1577,220,1
500,17,0
1941,251,0
2139,225,0
263,264,0
1234,288,0
395,228,0
2146,127,0
1514,35,0
2279,183,0
608,108,0
1171,248,0
1592,267,1
560,161,0
731,47,1
402,12,0
1719,257,0
301,43,1
132,143,0
645,138,0
309,21,1
1883,206,1
1309,28,0
665,106,0
1447,175,0
660,15,0
2214,73,0
653,97,0
1544,201,0
408,151,0
1442,183,0
1659,217,0
929,254,1
325,199,0
1236,283,1
212,239,1
1142,8,0
2099,100,0
611,208,0
1815,276,0
803,56,1
188,109,1
1322,172,0
1986,84,0
1649,77,0
2237,124,0
564,145,0
728,211,0
101,214,0
276,153,0
605,128,0
1627,56,0
1003,83,0
777,198,0
1891,274,0
103,49,0
1789,41,0
702,251,0
937,275,0
137,214,0
233,5,1
1060,175,0
1174,14,0
2138,247,0
365,13,0
1788,104,0
2067,164,0
238,140,0
2103,184,0
1270,288,0
1947,72,0
500,36,0
1352,224,1
1942,198,0
114,270,0
1266,139,0
808,155,0
1338,156,0
1021,229,1
335,248,0
541,91,1
1100,55,0
588,13,1
1331,58,0
1974,107,0
617,243,0
1602,264,0
2048,52,1
175,49,0
1701,242,0
954,23,0
1922,69,0
1126,165,0
1537,148,1
640,177,0
828,68,1
1728,38,0
1195,105,0
1615,231,0
1660,267,1
1665,255,0
1938,40,0
1918,26,0
2297,213,0
1860,133,0
1048,84,0
1203,59,0
322,14,0
2297,67,0
1544,130,0
1266,91,1
1035,81,1
447,46,0
670,257,0
988,41,0
1132,117,0
2274,199,0
401,289,0
1585,273,1
974,194,0
1353,69,0
2117,140,0
1754,23,0
1125,205,0
2035,259,0
1393,259,0
1568,203,0
1847,162,0
1723,46,1
408,45,0
1577,8,0
327,241,0
519,234,0
748,102,0
1828,153,0
954,5,1
653,79,0
485,133,0
749,138,0
2080,206,0
381,235,0
745,28,0
1390,37,0
133,78,0
2217,92,0
1395,154,0
2128,56,0
1158,142,1
566,97,0
603,99,0
1275,21,0
2057,31,0
1383,25,0
1848,39,0
635,248,0
855,218,0
1211,98,0
2061,68,1
2209,241,0
837,227,0
2063,53,1
1904,6,0
801,284,0
1605,203,0
1991,198,0
863,81,1
2,26,0
78,242,0
937,185,0
1798,123,1
1799,197,0
1977,31,0
1367,115,0
1929,243,0
2071,154,0
2151,59,0
687,43,0
128,18,0
2275,247,0
1401,184,0
1895,221,0
864,90,0
365,60,0
1879,184,0
1147,249,0
502,263,0
2090,229,1
873,93,0
944,168,0
1163,176,0
189,266,0
1946,47,0
2174,111,0
688,85,0
602,7,0
2300,57,0
214,118,0
1057,179,0
1148,244,0
684,243,0
2309,241,0
1024,50,1
1117,91,1
687,141,0
2320,42,0
564,139,0
962,220,0
355,87,0
1306,36,0
642,110,0
988,137,0
1286,77,0
994,103,0
328,61,0
707,203,0
735,111,0
177,15,0
591,82,0
516,13,0
233,93,0
685,78,0
861,4,0
505,132,0
1960,108,1
50,196,0
782,82,0
1585,197,0
965,151,1
367,32,0
21,13,1
536,120,0
449,263,0
1370,128,0
1325,268,0
1988,154,0
840,89,0
1203,101,0
490,138,0
1946,239,0
1448,161,0
1040,12,0
1664,57,0
2173,103,0
1367,57,0
1966,192,0
1717,65,0
1007,125,0
1954,257,0
2031,12,0
433,81,0
1332,205,0
1670,267,0
2283,275,0
2312,196,0
60,212,0
1362,155,0
945,277,0
1312,266,1
1426,262,0
498,212,0
1175,140,0
1363,79,0
1626,268,0
2201,176,0
1654,33,0
336,247,0
2082,248,0
2020,187,0
856,82,1
234,37,1
25,222,1
1392,243,0
1849,246,0
2079,130,0
541,220,0
765,234,0
1380,142,0
633,263,0
94,217,0
1250,65,0
582,185,0
884,263,0
1838,276,0
1892,87,0
665,43,0
228,143,0
1441,34,0
1816,20,0
1004,250,1
595,59,0
1793,276,0
1700,247,0
566,41,0
2248,157,0
817,82,1
2089,103,0
1701,183,0
2313,183,0
567,114,0
536,72,0
658,75,0
1094,186,0
2158,74,0
736,53,0
987,264,0
2270,27,0
481,243,0
392,162,0
155,72,0
1208,114,0
1898,124,0
970,17,0
1071,71,0
17,194,0
1191,127,0
817,158,0
2164,46,0
1125,262,0
473,126,0
691,216,0
1722,268,0
387,124,0
1435,29,0
2232,183,0
154,117,0
2320,215,0
618,17,0
1573,215,0
918,266,0
1987,56,1
1154,273,0
124,244,0
2200,185,0
1650,174,0
1341,56,0
1918,39,0
1945,1,0
870,149,0
1425,15,0
725,117,0
1235,102,0
1088,20,0
1695,276,0
157,14,0
846,86,0
1477,203,0
789,114,0
563,114,0
444,264,0
101,123,0
1931,224,1
2165,102,0
65,103,0
1030,212,0
1471,37,0
279,289,0
734,175,0
1789,148,0
1465,191,0
1093,191,0
2243,269,1
394,187,0
635,275,0
1026,212,0
55,12,0
1442,139,0
1289,124,0
444,4,0
1566,19,0
599,271,1
404,156,0
1911,16,0
79,97,0
1683,194,0
769,127,0
819,209,0
2162,173,0
511,190,0
414,112,0
1023,19,0
1724,15,1
605,13,1
1087,59,0
1968,94,0
1127,164,0
547,38,0
1568,146,0
1591,34,0
2032,186,0
432,229,0
1322,245,0
1159,276,0
148,82,1
1965,175,0
716,19,0
1947,173,0
19,161,0
1666,110,1
233,43,1
2018,275,0
617,167,0
437,155,0
1842,279,0
320,237,1
1306,47,0
1862,70,0
546,178,0
1544,234,0
577,122,0
1572,247,0
1741,275,0
1853,242,0
1619,247,0
264,68,1
70,96,0
1523,161,1
1133,165,0
1180,202,0
780,66,0
83,195,0
1348,260,0
301,132,0
1609,277,0
1558,55,0
1933,106,0
191,220,0
2075,289,0
296,37,1
2289,84,0
199,267,0
1087,239,1
1555,92,0
622,106,0
828,266,0
799,212,0
341,37,1
1979,197,0
1896,212,0
1221,28,0
258,201,0
1091,148,1
231,268,0
605,106,0
1641,218,0
4,41,0
1642,19,0
361,223,1
412,161,0
1620,17,0
2320,20,0
1280,173,0
870,284,0
838,174,0
1350,66,0
171,21,0
2264,215,0
1518,222,0
1709,117,0
1728,28,0
1185,247,0
1635,264,0
625,28,0
2126,56,0
557,155,1
2173,275,0
1441,77,0
615,80,0
2300,108,1
511,221,0
146,25,0
1773,191,0
470,248,0
190,37,1
1591,217,0
743,68,1
1342,43,1
964,285,1
1705,1,0
2129,185,0
51,263,0
1922,276,0
194,234,0
1938,78,0
1,243,0
2166,32,0
364,239,1
1810,102,0
2277,139,0
1622,78,0
1353,81,0
1525,32,0
884,75,0
203,219,0
2313,54,0
371,111,0
220,207,0
2122,78,0
440,81,1
1915,10,0
1340,57,0
1149,50,1
1755,286,1
1940,172,0
1249,174,0
382,190,0
1842,288,0
17,237,0
443,219,0
1152,265,0
1343,228,0
1413,90,0
76,234,0
2045,80,0
2192,6,0
1470,50,0
2286,57,0
1097,243,0
2143,68,1
639,259,0
2067,218,0
962,57,0
10,58,1
1390,189,0
961,238,0
1545,239,0
18,3,0
1595,132,0
38,34,0
940,271,0
1118,32,0
170,215,0
1009,72,0
2199,40,0
909,104,0
2310,159,0
503,88,0
1540,130,0
1669,206,0
1723,19,0
1664,84,0
1490,84,0
1791,43,1
1608,43,1
695,64,0
33,16,0
1473,264,0
385,140,0
431,117,0
1145,247,0
936,16,0
2047,233,0
162,123,0
1770,18,0
1330,188,0
1439,198,0
734,121,0
1989,58,1
1146,215,0
1575,82,1
379,41,0
2100,284,0
1708,48,0
349,115,0
493,103,0
269,275,0
538,37,1
1986,202,0
1306,90,0
1306,41,0
2305,143,0
1951,152,0
608,210,0
1213,17,0
1830,266,0
1896,3,0
1488,183,0
584,199,1
770,129,0
145,76,0
1159,1,0
593,27,0
2166,224,1
17,5,0
1695,243,0
747,25,0
339,108,1
1312,117,0
2208,138,0
2247,218,0
2315,128,0
2119,245,0
812,159,0
1576,134,0
956,247,0
1192,218,1
863,291,0
34,178,0
1242,133,0
1532,240,0
1539,37,1
1179,124,0
2170,249,0
1959,26,1
1154,89,0
916,18,0
944,71,0
177,170,0
1524,222,1
963,123,0
2256,14,0
2219,220,0
140,21,1
1215,127,0
1140,12,0
866,248,0
1425,54,0
1489,37,0
630,106,1
329,92,0
1772,51,1
792,211,0
400,158,0
263,55,0
264,81,0
1890,183,0
2229,98,0
1390,268,1
2029,176,0
696,200,0
1327,269,0
219,245,0
850,2,0
63,161,1
1966,266,0
1643,282,1
88,37,1
568,221,0
412,124,0
2033,65,0
515,46,1
304,220,0
1794,219,0
1485,111,0
1852,99,0
1001,208,0
1921,32,0
2100,165,0
2093,41,0
1031,249,0
1700,130,1
236,203,0
1587,241,0
571,129,0
1198,177,1
397,23,0
2309,245,0
1448,256,0
1230,185,0
369,181,0
1813,234,0
2275,123,1
288,193,0
247,132,0
1015,291,0
2144,276,0
78,103,0
535,163,0
1925,51,0
434,178,0
1382,288,0
1813,133,0
848,76,0
594,117,0
170,225,1
568,64,1
1899,174,0
133,262,0
1653,138,0
2276,195,0
1374,183,0
1464,22,0
1941,284,0
1303,7,0
1506,250,0
1269,223,1
2206,235,0
950,162,0
1904,122,0
1301,96,0
669,289,0
960,127,0
807,94,0
20,70,0
656,133,0
832,209,0
1835,43,1
1153,238,0
2029,129,0
971,95,1
1971,40,0
2121,43,1
205,249,0
2132,104,0
193,204,0
109,167,0
171,275,0
29,206,0
826,5,0
1768,57,0
152,198,0
1346,127,0
1420,30,0
1371,222,0
101,211,0
276,122,0
1739,96,0
1149,80,0
1923,44,0
1467,31,0
923,82,1
1756,32,0
2235,206,1
1127,67,0
307,135,0
268,100,0
759,221,0
1433,187,0
1539,211,1
617,152,0
1186,97,0
762,90,0
670,245,0
2078,130,1
232,184,0
1529,191,0
1408,187,0
217,164,0
933,184,0
2145,26,0
124,204,0
1187,259,0
2238,118,0
115,124,0
1871,220,0
925,46,1
616,87,0
1134,21,0
2108,155,0
1432,35,0
82,191,0
1400,234,0
1587,60,0
1305,103,0
2000,181,0
1733,227,0
1481,78,0
666,47,1
809,174,0
562,41,0
1317,200,0
709,126,0
1296,54,0
942,7,0
881,183,0
1536,135,0
1151,26,0
1802,140,0
278,200,0
619,113,0
1463,11,0
404,110,0
1019,97,0
424,291,0
1540,56,0
753,263,0
1232,207,0
1455,37,1
1136,280,0
34,53,1
1500,207,0
478,102,0
371,218,0
162,211,1
1774,246,0
470,207,0
696,282,1
1087,242,0
1861,62,0
285,16,1
856,106,0
1293,91,1
898,226,0
299,37,1
170,45,0
150,195,0
686,81,1
1794,200,0
1887,136,0
208,110,0
552,16,0
382,282,0
712,205,1
865,249,0
2168,155,0
621,13,1
303,228,0
1512,37,1
1017,198,0
283,274,0
2059,275,0
22,13,1
1144,224,1
1852,136,0
2039,43,1
1312,255,0
2200,123,0
1512,52,1
559,174,0
56,26,0
126,128,0
1844,125,0
25,134,0
1795,118,0
1371,117,0
516,159,0
1460,40,0
1576,62,0
773,31,0
570,256,0
1714,204,0
1327,124,0
664,153,0
1903,275,0
1151,289,0
2245,32,0
1443,274,0
1165,268,0
1786,227,0
1868,196,0
261,224,1
1776,192,0
735,164,0
421,78,0
994,83,0
1684,16,0
484,108,0
1786,89,0
2321,241,0
784,82,0
2057,155,0
2306,2,0
1910,33,0
1513,16,0
1405,43,1
1368,159,0
42,247,0
925,281,1
1649,127,0
1437,29,0
82,182,0
1269,258,0
1976,234,0
468,248,0
415,246,0
1095,179,1
1341,60,0
2078,154,0
358,21,0
381,8,0
156,198,1
659,91,0
593,14,1
712,199,0
837,157,0
1404,134,1
1181,197,0
1720,77,0
1743,186,0
625,185,0
1344,14,0
1368,43,0
1857,251,0
1296,229,0
1178,117,0
1865,141,0
1804,208,0
367,43,1
581,29,0
885,67,0
305,182,0
975,12,0
2028,221,0
1235,275,0
175,159,0
2288,23,0
1644,124,0
2122,118,0
342,190,0
2039,269,1
181,89,0
327,84,0
1235,97,0
1547,153,0
450,163,0
2038,72,0
1330,185,0
2316,81,0
698,260,0
2105,141,0
1855,131,0
2086,201,0
763,13,0
201,87,0
1958,81,1
2239,72,0
1837,164,0
1047,47,1
471,229,0
2180,1,0
1133,284,0
1161,199,0
1240,30,0
610,91,0
1018,77,1
2229,185,1
2104,25,0
1394,222,0
482,99,1
1842,136,0
2292,190,0
1627,33,0
1175,165,1
1807,221,0
798,96,0
1931,114,0
271,103,0
2168,34,0
433,30,0
1073,92,0
447,128,0
994,221,0
1228,95,1
1576,46,0
565,13,1
140,159,0
1861,255,0
1977,37,0
95,160,1
776,129,0
1394,103,0
133,73,0
1730,118,0
852,13,1
1703,263,0
1615,19,0
1547,42,0
850,135,0
1100,202,0
723,213,0
1633,131,0
557,27,0
312,249,0
1723,25,0
1235,11,0
1280,149,0
900,46,1
1467,103,0
2071,189,0
356,12,0
1279,130,0
598,10,0
2281,68,1
615,225,0
1239,228,0
2109,211,0
1497,38,0
1456,124,0
722,185,0
758,122,0
1,153,0
15,268,0
639,155,0
319,223,1
1350,137,0
1606,158,0
964,8,1
423,37,1
1365,15,0
2190,239,1
751,60,0
648,285,0
207,226,0
1136,242,0
1923,172,0
236,10,0
1172,57,0
755,286,1
1850,75,0
1291,127,0
1044,102,0
1019,153,0
1966,78,0
1126,152,0
242,199,0
847,82,0
1361,100,0
1470,209,1
409,282,0
1324,161,1
978,124,0
2065,87,0
2228,144,0
488,178,0
278,281,0
42,156,0
971,235,0
770,83,0
368,35,0
2270,137,0
1595,43,1
1930,131,0
91,77,0
585,64,1
1411,227,0
2022,155,0
497,178,0
902,173,0
328,245,0
1402,87,0
710,115,0
1099,151,0
1389,75,0
2196,30,0
261,23,0
495,20,0
855,48,0
1719,17,0
1702,58,0
1694,260,0
524,31,0
1655,82,0
1221,271,0
583,13,1
776,145,0
1698,192,0
1818,25,0
2149,58,0
1791,285,1
151,85,0
1243,268,0
473,228,0
1169,258,0
1406,78,0
2235,13,0
182,78,0
537,89,0
558,267,0
190,243,0
262,3,0
237,248,0
1082,75,0
1133,123,1
1431,44,0
616,247,0
349,271,0
16,31,0
1868,273,0
2158,159,0
1031,159,0
2083,59,0
583,229,1
1537,13,0
345,194,0
1211,235,0
609,13,1
807,154,0
948,249,0
816,170,0
781,53,0
1519,161,1
2033,269,1
1503,123,0
1330,138,1
1623,89,0
1340,33,0
567,171,0
799,276,0
396,181,0
2123,243,0
1320,3,0
435,115,0
374,89,0
1518,38,0
941,113,0
2206,221,0
933,272,0
2223,111,0
2106,164,0
1062,190,0
35,71,0
869,98,0
472,247,0
1773,3,0
239,43,1
1850,102,0
236,18,0
338,43,1
169,18,0
1613,14,1
20,8,0
743,23,0
2254,74,0
1725,127,0
510,73,0
1966,201,0
2173,143,0
1614,100,0
311,87,0
637,43,1
959,59,0
2292,186,0
1319,270,1
244,68,1
1374,50,1
1995,219,0
2136,31,0
1650,129,0
609,27,0
1977,20,0
2083,248,0
1927,8,0
1342,76,0
1033,43,0
268,145,1
1446,184,0
919,197,0
1285,76,0
157,155,0
2257,22,0
302,240,0
1228,185,0
85,13,0
1043,102,0
1876,80,0
2280,121,0
1933,162,1
560,229,1
816,285,0
873,186,0
1843,56,1
1145,2,0
821,91,1
2236,103,0
1456,211,1
420,234,0
573,13,1
254,161,1
649,23,0
1855,224,0
651,65,0
1803,162,0
833,69,0
662,163,0
1904,25,0
1597,20,0
616,60,0
1920,224,0
1451,289,0
950,223,1
1505,175,0
1151,37,1
807,57,1
1328,59,0
121,261,0
1129,280,0
1171,186,0
910,272,0
1025,140,0
1396,122,0
988,240,0
540,187,0
558,134,0
355,117,0
1624,241,0
760,220,0
270,41,1
2278,81,0
13,259,0
